frame_idx,timestamp,image_name,split,view_angle,subject_id,participant_id,somatotype,bmi_category,cervical_thoracic_angle_deg,thoracic_lumbar_angle_deg,spine_vertical_deviation_deg,cervical_forward_offset,spine_length_norm,label,h2s_ratio,shoulder_tilt_deg,head_roll_deg,forward_head_z,neck_flexion_deg,shoulder_width_norm,ear_shoulder_offset_x,nose_shoulder_angle_deg,craniovertebral_angle_deg,detected_view_angle,is_valid
0,0.0,Pariticipant 2-Slouch_frame00000,train,90deg,lateral_Participant2,Participant2,Mesomorph,Normal,,,,,,slouch,1.0,0.0,0.0,0.2226219177246093,35.98933953050081,0.058775042719362,0.0385375022888183,35.98933953050081,55.403486105856224,lateral,1
3,0.1,Pariticipant 2-Slouch_frame00003,train,90deg,lateral_Participant2,Participant2,Mesomorph,Normal,,,,,,slouch,1.0,0.0,0.0,0.2550487220287323,31.746731725793868,0.077925047969157,0.0233234763145446,31.746731725793868,54.44215643093164,lateral,1
6,0.1999,Pariticipant 2-Slouch_frame00006,train,90deg,lateral_Participant2,Participant2,Mesomorph,Normal,,,,,,slouch,1.0,0.0,0.0,0.2079837322235107,35.88437412357484,0.0822395534825053,0.0300682783126831,35.88437412357484,54.76871381304098,lateral,1
9,0.2999,Pariticipant 2-Slouch_frame00009,train,90deg,lateral_Participant2,Participant2,Mesomorph,Normal,,,,,,slouch,1.0,0.0,0.0,0.2121634781360626,36.56399008328344,0.0537314180590871,0.022285521030426,36.56399008328344,58.45097528380344,lateral,1
12,0.3999,Pariticipant 2-Slouch_frame00012,train,90deg,lateral_Participant2,Participant2,Mesomorph,Normal,,,,,,slouch,1.0,0.0,0.0,0.287736028432846,36.859688105203816,0.0510713008741885,0.0595134496688842,36.859688105203816,51.79543145096658,lateral,1
15,0.4999,Pariticipant 2-Slouch_frame00015,train,90deg,lateral_Participant2,Participant2,Mesomorph,Normal,,,,,,slouch,1.0,0.0,0.0,0.2657488286495209,39.66303096576932,0.069974941859884,0.0639446079730987,39.66303096576932,50.54318841885576,lateral,1
18,0.5998,Pariticipant 2-Slouch_frame00018,train,90deg,lateral_Participant2,Participant2,Mesomorph,Normal,,,,,,slouch,1.0,0.0,0.0,0.2537629604339599,35.95118542973872,0.079592942508887,0.0369071960449218,35.95118542973872,51.57296328905305,lateral,1
21,0.6998,Pariticipant 2-Slouch_frame00021,train,90deg,lateral_Participant2,Participant2,Mesomorph,Normal,,,,,,slouch,1.0,0.0,0.0,0.2040645480155944,35.747346539574025,0.0675380601932068,0.0640668272972107,35.747346539574025,50.45272043495029,lateral,1
24,0.7998,Pariticipant 2-Slouch_frame00024,train,90deg,lateral_Participant2,Participant2,Mesomorph,Normal,,,,,,slouch,1.0,0.0,0.0,0.3151346445083618,32.52130649064182,0.0485780157227121,0.0323019623756408,32.52130649064182,51.46935214839841,lateral,1
27,0.8998,Pariticipant 2-Slouch_frame00027,train,90deg,lateral_Participant2,Participant2,Mesomorph,Normal,,,,,,slouch,1.0,0.0,0.0,0.1968360245227813,35.94224697405746,0.0521221110451402,0.0597861111164093,35.94224697405746,50.07484062025439,lateral,1
30,0.9997,Pariticipant 2-Slouch_frame00030,train,90deg,lateral_Participant2,Participant2,Mesomorph,Normal,,,,,,slouch,1.0,0.0,0.0,0.2976999282836914,33.31946855180321,0.0671711367292427,0.0430051684379577,33.31946855180321,51.22198501757677,lateral,1
33,1.0997,Pariticipant 2-Slouch_frame00033,train,90deg,lateral_Participant2,Participant2,Mesomorph,Normal,,,,,,slouch,1.0,0.0,0.0,0.2704768776893616,34.060458621576515,0.0573948209215822,0.0466788709163665,34.060458621576515,51.16566779648544,lateral,1
36,1.1997,Pariticipant 2-Slouch_frame00036,train,90deg,lateral_Participant2,Participant2,Mesomorph,Normal,,,,,,slouch,1.0,0.0,0.0,0.3475959599018097,34.18850757891402,0.0546723680979838,0.0498859882354736,34.18850757891402,53.434813623964175,lateral,1
39,1.2997,Pariticipant 2-Slouch_frame00039,train,90deg,lateral_Participant2,Participant2,Mesomorph,Normal,,,,,,slouch,1.0,0.0,0.0,0.3616620302200317,37.33944701173064,0.0378525151674295,0.0705659091472625,37.33944701173064,49.17696440126245,lateral,1
42,1.3996,Pariticipant 2-Slouch_frame00042,train,90deg,lateral_Participant2,Participant2,Mesomorph,Normal,,,,,,slouch,1.0,0.0,0.0,0.2980420887470245,37.01286475470943,0.0469986535138467,0.0626321136951446,37.01286475470943,50.56823713476093,lateral,1
45,1.4996,Pariticipant 2-Slouch_frame00045,train,90deg,lateral_Participant2,Participant2,Mesomorph,Normal,,,,,,slouch,1.0,0.0,0.0,0.2277307510375976,37.39383599314794,0.0798490145380583,0.0637872815132141,37.39383599314794,53.29723192146544,lateral,1
48,1.5996,Pariticipant 2-Slouch_frame00048,train,90deg,lateral_Participant2,Participant2,Mesomorph,Normal,,,,,,slouch,1.0,0.0,0.0,0.2438167333602905,37.05180961357527,0.0808955303784895,0.0768370032310485,37.05180961357527,49.26289289084547,lateral,1
51,1.6996,Pariticipant 2-Slouch_frame00051,train,90deg,lateral_Participant2,Participant2,Mesomorph,Normal,,,,,,slouch,1.0,0.0,0.0,0.3073215782642364,38.886987727588405,0.059587898063352,0.0712817311286926,38.886987727588405,49.15294299868221,lateral,1
54,1.7995,Pariticipant 2-Slouch_frame00054,train,90deg,lateral_Participant2,Participant2,Mesomorph,Normal,,,,,,slouch,1.0,0.0,0.0,0.2738320529460907,36.44897702937019,0.0499976317896514,0.0596013069152832,36.44897702937019,50.92884536862832,lateral,1
57,1.8995,Pariticipant 2-Slouch_frame00057,train,90deg,lateral_Participant2,Participant2,Mesomorph,Normal,,,,,,slouch,1.0,0.0,0.0,0.2927301526069641,35.50563459576642,0.059539767436053,0.0567674934864044,35.50563459576642,50.84666562421322,lateral,1
60,1.9995,Pariticipant 2-Slouch_frame00060,train,90deg,lateral_Participant2,Participant2,Mesomorph,Normal,,,,,,slouch,1.0,0.0,0.0,0.30538210272789,35.26140752141528,0.0553834975222328,0.0574942231178283,35.26140752141528,53.25522046970298,lateral,1
63,2.0995,Pariticipant 2-Slouch_frame00063,train,90deg,lateral_Participant2,Participant2,Mesomorph,Normal,,,,,,slouch,1.0,0.0,0.0,0.307249903678894,35.81343890169516,0.0576467053085765,0.0669337511062622,35.81343890169516,51.33604782606128,lateral,1
66,2.1994,Pariticipant 2-Slouch_frame00066,train,90deg,lateral_Participant2,Participant2,Mesomorph,Normal,,,,,,slouch,1.0,0.0,0.0,0.3098973333835602,38.09332153634309,0.0669539910529093,0.0627143085002899,38.09332153634309,52.33758439457092,lateral,1
69,2.2994,Pariticipant 2-Slouch_frame00069,train,90deg,lateral_Participant2,Participant2,Mesomorph,Normal,,,,,,slouch,1.0,0.0,0.0,0.3580855131149292,39.968926929177385,0.0850251316845185,0.084409475326538,39.968926929177385,51.3830741728779,lateral,1
72,2.3994,Pariticipant 2-Slouch_frame00072,train,90deg,lateral_Participant2,Participant2,Mesomorph,Normal,,,,,,slouch,1.0,0.0,0.0,0.3116714656352997,37.796115589493766,0.0585269704310893,0.0642868876457214,37.796115589493766,50.00505084171565,lateral,1
75,2.4994,Pariticipant 2-Slouch_frame00075,train,90deg,lateral_Participant2,Participant2,Mesomorph,Normal,,,,,,slouch,1.0,0.0,0.0,0.3463588356971741,39.98975631861702,0.0981788284653114,0.0887231230735778,39.98975631861702,49.60493013950322,lateral,1
78,2.5993,Pariticipant 2-Slouch_frame00078,train,90deg,lateral_Participant2,Participant2,Mesomorph,Normal,,,,,,slouch,1.0,0.0,0.0,0.3278721570968628,40.01407514318903,0.1014644493117408,0.0870268046855926,40.01407514318903,50.34165204173214,lateral,1
81,2.6993,Pariticipant 2-Slouch_frame00081,train,90deg,lateral_Participant2,Participant2,Mesomorph,Normal,,,,,,slouch,1.0,0.0,0.0,0.2495505809783935,40.04080836630779,0.0578260502981347,0.073817104101181,40.04080836630779,50.65654446910021,lateral,1
84,2.7993,Pariticipant 2-Slouch_frame00084,train,90deg,lateral_Participant2,Participant2,Mesomorph,Normal,,,,,,slouch,1.0,0.0,0.0,0.366277277469635,37.89145437483804,0.0538407236223753,0.0757854580879211,37.89145437483804,49.41556553820567,lateral,1
87,2.8993,Pariticipant 2-Slouch_frame00087,train,90deg,lateral_Participant2,Participant2,Mesomorph,Normal,,,,,,slouch,1.0,0.0,0.0,0.3390704989433288,39.554955560562846,0.0837994362273926,0.0891918241977691,39.554955560562846,50.14349453061168,lateral,1
90,2.9992,Pariticipant 2-Slouch_frame00090,train,90deg,lateral_Participant2,Participant2,Mesomorph,Normal,,,,,,slouch,1.0,0.0,0.0,0.3350123465061188,40.34547663286027,0.0776418084666886,0.0837820470333099,40.34547663286027,47.50595292272487,lateral,1
93,3.0992,Pariticipant 2-Slouch_frame00093,train,90deg,lateral_Participant2,Participant2,Mesomorph,Normal,,,,,,slouch,1.0,0.0,0.0,0.3391146957874298,39.97153193515163,0.0851958889282894,0.0796136856079101,39.97153193515163,49.21262708702188,lateral,1
96,3.1992,Pariticipant 2-Slouch_frame00096,train,90deg,lateral_Participant2,Participant2,Mesomorph,Normal,,,,,,slouch,1.0,0.0,0.0,0.3506020307540893,38.56842843486597,0.0878311715665985,0.0876341760158538,38.56842843486597,49.40426467331565,lateral,1
99,3.2992,Pariticipant 2-Slouch_frame00099,train,90deg,lateral_Participant2,Participant2,Mesomorph,Normal,,,,,,slouch,1.0,0.0,0.0,0.352243423461914,38.54425909769627,0.063710344676412,0.0744251906871795,38.54425909769627,49.73435924998689,lateral,1
102,3.3991,Pariticipant 2-Slouch_frame00102,train,90deg,lateral_Participant2,Participant2,Mesomorph,Normal,,,,,,slouch,1.0,0.0,0.0,0.321801096200943,37.47324103117057,0.0689986921826708,0.0710887014865875,37.47324103117057,49.64712013269233,lateral,1
105,3.4991,Pariticipant 2-Slouch_frame00105,train,90deg,lateral_Participant2,Participant2,Mesomorph,Normal,,,,,,slouch,1.0,0.0,0.0,0.2508561611175537,39.26697292463423,0.0824972079862127,0.0680637657642364,39.26697292463423,50.853733167422114,lateral,1
108,3.5991,Pariticipant 2-Slouch_frame00108,train,90deg,lateral_Participant2,Participant2,Mesomorph,Normal,,,,,,slouch,1.0,0.0,0.0,0.3663656413555145,40.81279881988207,0.0839255466111992,0.0913788080215454,40.81279881988207,49.38871531661569,lateral,1
111,3.6991,Pariticipant 2-Slouch_frame00111,train,90deg,lateral_Participant2,Participant2,Mesomorph,Normal,,,,,,slouch,1.0,0.0,0.0,0.2874970138072967,36.328861280989,0.0466850098398781,0.0573319196701049,36.328861280989,52.08540717837408,lateral,1
114,3.799,Pariticipant 2-Slouch_frame00114,train,90deg,lateral_Participant2,Participant2,Mesomorph,Normal,,,,,,slouch,1.0,0.0,0.0,0.3319271504878998,37.25464020679673,0.0705355465510858,0.0685774683952331,37.25464020679673,49.66816096099847,lateral,1
117,3.899,Pariticipant 2-Slouch_frame00117,train,90deg,lateral_Participant2,Participant2,Mesomorph,Normal,,,,,,slouch,1.0,0.0,0.0,0.2610483765602112,40.49969493767707,0.0635444485066667,0.0769219994544982,40.49969493767707,49.32432304101485,lateral,1
120,3.999,Pariticipant 2-Slouch_frame00120,train,90deg,lateral_Participant2,Participant2,Mesomorph,Normal,,,,,,slouch,1.0,0.0,0.0,0.3134490847587585,38.38143723368616,0.0516282299427165,0.0647547543048858,38.38143723368616,48.29735946155679,lateral,1
123,4.099,Pariticipant 2-Slouch_frame00123,train,90deg,lateral_Participant2,Participant2,Mesomorph,Normal,,,,,,slouch,1.0,0.0,0.0,0.3803723752498626,38.40127067052291,0.0532627221457013,0.0734946131706237,38.40127067052291,48.98707773137273,lateral,1
126,4.1989,Pariticipant 2-Slouch_frame00126,train,90deg,lateral_Participant2,Participant2,Mesomorph,Normal,,,,,,slouch,1.0,0.0,0.0,0.3640178143978119,36.851020985214326,0.0517683127202231,0.0630297660827636,36.851020985214326,48.90501638887228,lateral,1
129,4.2989,Pariticipant 2-Slouch_frame00129,train,90deg,lateral_Participant2,Participant2,Mesomorph,Normal,,,,,,slouch,1.0,0.0,0.0,0.2835509181022644,38.25652899209896,0.0843885221153509,0.0697028040885925,38.25652899209896,48.29198773721114,lateral,1
132,4.3989,Pariticipant 2-Slouch_frame00132,train,90deg,lateral_Participant2,Participant2,Mesomorph,Normal,,,,,,slouch,1.0,0.0,0.0,0.3387889266014099,36.84115548803472,0.0611096444473215,0.0647566318511962,36.84115548803472,46.0461060816547,lateral,1
135,4.4989,Pariticipant 2-Slouch_frame00135,train,90deg,lateral_Participant2,Participant2,Mesomorph,Normal,,,,,,slouch,1.0,0.0,0.0,0.3067080974578857,34.447995666693224,0.0481543943329081,0.0617029070854187,34.447995666693224,48.4833345546666,lateral,1
138,4.5988,Pariticipant 2-Slouch_frame00138,train,90deg,lateral_Participant2,Participant2,Mesomorph,Normal,,,,,,slouch,1.0,0.0,0.0,0.2783870697021484,35.582035276119335,0.0590236058960796,0.0487630665302276,35.582035276119335,50.1020342543429,lateral,1
141,4.6988,Pariticipant 2-Slouch_frame00141,train,90deg,lateral_Participant2,Participant2,Mesomorph,Normal,,,,,,slouch,1.0,0.0,0.0,0.245923101902008,36.66528958104921,0.072891394554331,0.0601527690887451,36.66528958104921,48.525982843059126,lateral,1
144,4.7988,Pariticipant 2-Slouch_frame00144,train,90deg,lateral_Participant2,Participant2,Mesomorph,Normal,,,,,,slouch,1.0,0.0,0.0,0.2784022092819214,37.656742220248425,0.0719707830616157,0.0777885317802429,37.656742220248425,49.58628804967815,lateral,1
147,4.8988,Pariticipant 2-Slouch_frame00147,train,90deg,lateral_Participant2,Participant2,Mesomorph,Normal,,,,,,slouch,1.0,0.0,0.0,0.2808653712272644,40.65824787333312,0.1003534736658644,0.0918737053871154,40.65824787333312,49.25252201664758,lateral,1
150,4.9987,Pariticipant 2-Slouch_frame00150,train,90deg,lateral_Participant2,Participant2,Mesomorph,Normal,,,,,,slouch,1.0,0.0,0.0,0.2544193863868713,41.90134321084693,0.0877126143726327,0.0942893922328949,41.90134321084693,47.867699370463626,lateral,1
153,5.0987,Pariticipant 2-Slouch_frame00153,train,90deg,lateral_Participant2,Participant2,Mesomorph,Normal,,,,,,slouch,1.0,0.0,0.0,0.3231267035007477,39.73210255530371,0.0982835199610882,0.08519047498703,39.73210255530371,49.102242574599536,lateral,1
156,5.1987,Pariticipant 2-Slouch_frame00156,train,90deg,lateral_Participant2,Participant2,Mesomorph,Normal,,,,,,slouch,1.0,0.0,0.0,0.3014281094074249,41.20665613025336,0.0405149875690964,0.0789653956890106,41.20665613025336,48.30926536435821,lateral,1
159,5.2987,Pariticipant 2-Slouch_frame00159,train,90deg,lateral_Participant2,Participant2,Mesomorph,Normal,,,,,,slouch,1.0,0.0,0.0,0.0900760889053344,40.68377279439967,0.0556725231393274,0.0583879947662353,40.68377279439967,49.97359853531358,lateral,1
162,5.3986,Pariticipant 2-Slouch_frame00162,train,90deg,lateral_Participant2,Participant2,Mesomorph,Normal,,,,,,slouch,1.0,0.0,0.0,0.2083269357681274,39.44935043383782,0.0640448228085546,0.0767030715942382,39.44935043383782,48.218626270292354,lateral,1
165,5.4986,Pariticipant 2-Slouch_frame00165,train,90deg,lateral_Participant2,Participant2,Mesomorph,Normal,,,,,,slouch,1.0,0.0,0.0,0.2793832123279571,38.23241012074906,0.0641552090007064,0.062818169593811,38.23241012074906,47.09159211917165,lateral,1
168,5.5986,Pariticipant 2-Slouch_frame00168,train,90deg,lateral_Participant2,Participant2,Mesomorph,Normal,,,,,,slouch,1.0,0.0,0.0,0.3036991357803345,37.182734474612246,0.0838554668283474,0.0665937662124633,37.182734474612246,49.07484682332466,lateral,1
0,0.0,Participant 1-FHP_frame00000,train,90deg,lateral_Participant1,Participant1,Mesomorph,Normal,,,,,,forward_head,1.0,0.0,0.0,0.1370639204978943,47.97043673783581,0.1737272121676724,0.111255407333374,47.97043673783581,36.121309678629366,lateral,1
3,0.1,Participant 1-FHP_frame00003,train,90deg,lateral_Participant1,Participant1,Mesomorph,Normal,,,,,,forward_head,1.0,0.0,0.0,0.2009725272655487,51.10356481080865,0.1206839061848966,0.1268215775489807,51.10356481080865,29.92227823050606,lateral,1
6,0.1999,Participant 1-FHP_frame00006,train,90deg,lateral_Participant1,Participant1,Mesomorph,Normal,,,,,,forward_head,1.0,0.0,0.0,0.1574452221393585,50.17642804549164,0.1665936873949852,0.1122881174087524,50.17642804549164,33.772150757889904,lateral,1
9,0.2999,Participant 1-FHP_frame00009,train,90deg,lateral_Participant1,Participant1,Mesomorph,Normal,,,,,,forward_head,1.0,0.0,0.0,0.2470272481441497,50.03037799938082,0.132159257803476,0.1231774985790252,50.03037799938082,35.888241620786324,lateral,1
12,0.3999,Participant 1-FHP_frame00012,train,90deg,lateral_Participant1,Participant1,Mesomorph,Normal,,,,,,forward_head,1.0,0.0,0.0,0.2149344682693481,44.88526405582336,0.1349624929491389,0.0936222970485687,44.88526405582336,36.362908861302365,lateral,1
15,0.4999,Participant 1-FHP_frame00015,train,90deg,lateral_Participant1,Participant1,Mesomorph,Normal,,,,,,forward_head,1.0,0.0,0.0,0.2266165912151336,39.14751895140566,0.0859209270640486,0.0736998915672302,39.14751895140566,39.08920937409056,lateral,1
18,0.5998,Participant 1-FHP_frame00018,train,90deg,lateral_Participant1,Participant1,Mesomorph,Normal,,,,,,forward_head,1.0,0.0,0.0,0.1348624527454376,42.275105524012005,0.167235885606541,0.0851228833198547,42.275105524012005,39.97312447214481,lateral,1
21,0.6998,Participant 1-FHP_frame00021,train,90deg,lateral_Participant1,Participant1,Mesomorph,Normal,,,,,,forward_head,1.0,0.0,0.0,0.2097093164920807,45.51822808707237,0.1660218844371807,0.1078068315982818,45.51822808707237,38.19453567420874,lateral,1
24,0.7998,Participant 1-FHP_frame00024,train,90deg,lateral_Participant1,Participant1,Mesomorph,Normal,,,,,,forward_head,1.0,0.0,0.0,0.2772324085235595,49.415254332633054,0.146246409630806,0.1281054615974426,49.415254332633054,37.56425410097555,lateral,1
27,0.8998,Participant 1-FHP_frame00027,train,90deg,lateral_Participant1,Participant1,Mesomorph,Normal,,,,,,forward_head,1.0,0.0,0.0,0.2524383068084717,56.30707725343496,0.1604196863420634,0.1564816534519195,56.30707725343496,34.41099084973455,lateral,1
30,0.9997,Participant 1-FHP_frame00030,train,90deg,lateral_Participant1,Participant1,Mesomorph,Normal,,,,,,forward_head,1.0,0.0,0.0,0.302865207195282,54.01429708525988,0.144374582274554,0.1458723545074463,54.01429708525988,30.256295200640764,lateral,1
33,1.0997,Participant 1-FHP_frame00033,train,90deg,lateral_Participant1,Participant1,Mesomorph,Normal,,,,,,forward_head,1.0,0.0,0.0,0.1999745965003967,47.945800230850416,0.1341290126117076,0.1170369684696197,47.945800230850416,35.173542878999015,lateral,1
36,1.1997,Participant 1-FHP_frame00036,train,90deg,lateral_Participant1,Participant1,Mesomorph,Normal,,,,,,forward_head,1.0,0.0,0.0,0.2194141745567321,45.122616845503686,0.1482849855948486,0.1145938336849212,45.122616845503686,36.06156556796547,lateral,1
39,1.2997,Participant 1-FHP_frame00039,train,90deg,lateral_Participant1,Participant1,Mesomorph,Normal,,,,,,forward_head,1.0,0.0,0.0,0.2286487221717834,46.28406101344581,0.1650731684969965,0.1135115325450897,46.28406101344581,34.121192046170194,lateral,1
42,1.3996,Participant 1-FHP_frame00042,train,90deg,lateral_Participant1,Participant1,Mesomorph,Normal,,,,,,forward_head,1.0,0.0,0.0,0.1413964331150055,45.19189557422363,0.1739877475768001,0.1014816164970398,45.19189557422363,37.20456293960142,lateral,1
45,1.4996,Participant 1-FHP_frame00045,train,90deg,lateral_Participant1,Participant1,Mesomorph,Normal,,,,,,forward_head,1.0,0.0,0.0,0.3080794811248779,58.4487165007688,0.144106311830775,0.1585479080677032,58.4487165007688,34.235901986557494,lateral,1
48,1.5996,Participant 1-FHP_frame00048,train,90deg,lateral_Participant1,Participant1,Mesomorph,Normal,,,,,,forward_head,1.0,0.0,0.0,0.2241357266902923,49.9688297514512,0.165756252042622,0.133269190788269,49.9688297514512,39.7739425031002,lateral,1
51,1.6996,Participant 1-FHP_frame00051,train,90deg,lateral_Participant1,Participant1,Mesomorph,Normal,,,,,,forward_head,1.0,0.0,0.0,0.2714144885540008,45.700206081565966,0.1351792934952718,0.1145113408565521,45.700206081565966,36.9950897135169,lateral,1
54,1.7995,Participant 1-FHP_frame00054,train,90deg,lateral_Participant1,Participant1,Mesomorph,Normal,,,,,,forward_head,1.0,0.0,0.0,0.1174242198467254,43.533600623729605,0.1358665978786611,0.1058111190795898,43.533600623729605,41.765245432302144,lateral,1
57,1.8995,Participant 1-FHP_frame00057,train,90deg,lateral_Participant1,Participant1,Mesomorph,Normal,,,,,,forward_head,1.0,0.0,0.0,0.2914338111877441,56.39446713295871,0.1649189668194681,0.1546933054924011,56.39446713295871,36.041569990459294,lateral,1
60,1.9995,Participant 1-FHP_frame00060,train,90deg,lateral_Participant1,Participant1,Mesomorph,Normal,,,,,,forward_head,1.0,0.0,0.0,0.300200879573822,52.27931305023947,0.1345837506600491,0.1262931823730468,52.27931305023947,29.03313158191108,lateral,1
63,2.0995,Participant 1-FHP_frame00063,train,90deg,lateral_Participant1,Participant1,Mesomorph,Normal,,,,,,forward_head,1.0,0.0,0.0,0.2881717681884765,52.13699834995362,0.1397536623043402,0.1376048922538757,52.13699834995362,33.891605724782146,lateral,1
66,2.1994,Participant 1-FHP_frame00066,train,90deg,lateral_Participant1,Participant1,Mesomorph,Normal,,,,,,forward_head,1.0,0.0,0.0,0.344116061925888,56.235569713993286,0.1603151638171303,0.1628091037273407,56.235569713993286,30.8965529062588,lateral,1
69,2.2994,Participant 1-FHP_frame00069,train,90deg,lateral_Participant1,Participant1,Mesomorph,Normal,,,,,,forward_head,1.0,0.0,0.0,0.3315923810005188,51.75400661817171,0.1111820752242356,0.1282956302165985,51.75400661817171,35.58664011128257,lateral,1
72,2.3994,Participant 1-FHP_frame00072,train,90deg,lateral_Participant1,Participant1,Mesomorph,Normal,,,,,,forward_head,1.0,0.0,0.0,0.2834814488887787,53.37168183487943,0.1327296712000338,0.1334133744239807,53.37168183487943,33.606683551931624,lateral,1
75,2.4994,Participant 1-FHP_frame00075,train,90deg,lateral_Participant1,Participant1,Mesomorph,Normal,,,,,,forward_head,1.0,0.0,0.0,0.3016506135463714,53.42944603214199,0.1181563044502427,0.1299893856048584,53.42944603214199,33.82935885509634,lateral,1
78,2.5993,Participant 1-FHP_frame00078,train,90deg,lateral_Participant1,Participant1,Mesomorph,Normal,,,,,,forward_head,1.0,0.0,0.0,0.223438560962677,49.75237386958821,0.1352769986116732,0.1184469163417816,49.75237386958821,37.66452723153854,lateral,1
81,2.6993,Participant 1-FHP_frame00081,train,90deg,lateral_Participant1,Participant1,Mesomorph,Normal,,,,,,forward_head,1.0,0.0,0.0,0.2937425374984741,50.70174520785663,0.1391885493089782,0.1355462968349456,50.70174520785663,36.95535053191163,lateral,1
84,2.7993,Participant 1-FHP_frame00084,train,90deg,lateral_Participant1,Participant1,Mesomorph,Normal,,,,,,forward_head,1.0,0.0,0.0,0.3025287985801697,52.38649964254914,0.153226966420458,0.1349486410617828,52.38649964254914,35.733717408468,lateral,1
87,2.8993,Participant 1-FHP_frame00087,train,90deg,lateral_Participant1,Participant1,Mesomorph,Normal,,,,,,forward_head,1.0,0.0,0.0,0.2486351728439331,49.729185600074224,0.1422468391676312,0.1100935935974121,49.729185600074224,40.4725038013413,lateral,1
90,2.9992,Participant 1-FHP_frame00090,train,90deg,lateral_Participant1,Participant1,Mesomorph,Normal,,,,,,forward_head,1.0,0.0,0.0,0.2818526923656463,50.09844697772351,0.1269406288376493,0.1186800003051757,50.09844697772351,33.50865521839374,lateral,1
93,3.0992,Participant 1-FHP_frame00093,train,90deg,lateral_Participant1,Participant1,Mesomorph,Normal,,,,,,forward_head,1.0,0.0,0.0,0.29588383436203,51.4593182145242,0.1388758553213398,0.1314341723918914,51.4593182145242,38.41028676660798,lateral,1
96,3.1992,Participant 1-FHP_frame00096,train,90deg,lateral_Participant1,Participant1,Mesomorph,Normal,,,,,,forward_head,1.0,0.0,0.0,0.1710658073425293,50.81887498332165,0.126903509424102,0.1183508932590484,50.81887498332165,36.00486030926684,lateral,1
99,3.2992,Participant 1-FHP_frame00099,train,90deg,lateral_Participant1,Participant1,Mesomorph,Normal,,,,,,forward_head,1.0,0.0,0.0,0.1817036867141723,48.51695059064394,0.1655050356251019,0.1299241781234741,48.51695059064394,40.34462636237859,lateral,1
102,3.3991,Participant 1-FHP_frame00102,train,90deg,lateral_Participant1,Participant1,Mesomorph,Normal,,,,,,forward_head,1.0,0.0,0.0,0.1997684240341186,46.43674858046392,0.1575769029437702,0.1205260753631591,46.43674858046392,41.135717774122135,lateral,1
105,3.4991,Participant 1-FHP_frame00105,train,90deg,lateral_Participant1,Participant1,Mesomorph,Normal,,,,,,forward_head,1.0,0.0,0.0,0.2845068871974945,54.47742743262846,0.1358946535189469,0.15273517370224,54.47742743262846,33.87165390684014,lateral,1
108,3.5991,Participant 1-FHP_frame00108,train,90deg,lateral_Participant1,Participant1,Mesomorph,Normal,,,,,,forward_head,1.0,0.0,0.0,0.2829907834529876,52.73114988859636,0.1370531345237874,0.1470958888530731,52.73114988859636,34.85428801598114,lateral,1
111,3.6991,Participant 1-FHP_frame00111,train,90deg,lateral_Participant1,Participant1,Mesomorph,Normal,,,,,,forward_head,1.0,0.0,0.0,0.2788532078266144,49.83066780944901,0.126998944985489,0.1177791655063629,49.83066780944901,35.52994998728331,lateral,1
114,3.799,Participant 1-FHP_frame00114,train,90deg,lateral_Participant1,Participant1,Mesomorph,Normal,,,,,,forward_head,1.0,0.0,0.0,0.2426782548427581,51.461423832667045,0.1310781093795775,0.1332038938999176,51.461423832667045,35.713190859147595,lateral,1
117,3.899,Participant 1-FHP_frame00117,train,90deg,lateral_Participant1,Participant1,Mesomorph,Normal,,,,,,forward_head,1.0,0.0,0.0,0.2412338852882385,52.788535042685446,0.1786107053973223,0.1423470377922058,52.788535042685446,38.39825236681698,lateral,1
120,3.999,Participant 1-FHP_frame00120,train,90deg,lateral_Participant1,Participant1,Mesomorph,Normal,,,,,,forward_head,1.0,0.0,0.0,0.2619472444057464,56.56353593816165,0.1677618965385353,0.156540185213089,56.56353593816165,37.88056377130553,lateral,1
123,4.099,Participant 1-FHP_frame00123,train,90deg,lateral_Participant1,Participant1,Mesomorph,Normal,,,,,,forward_head,1.0,0.0,0.0,0.215624451637268,47.73496586689936,0.1659179299985695,0.1266206800937652,47.73496586689936,39.154821376728215,lateral,1
126,4.1989,Participant 1-FHP_frame00126,train,90deg,lateral_Participant1,Participant1,Mesomorph,Normal,,,,,,forward_head,1.0,0.0,0.0,0.2691315710544586,56.16243182401454,0.1675594801140915,0.1601245999336242,56.16243182401454,35.94759828758001,lateral,1
129,4.2989,Participant 1-FHP_frame00129,train,90deg,lateral_Participant1,Participant1,Mesomorph,Normal,,,,,,forward_head,1.0,0.0,0.0,0.2412695288658142,53.00706444282631,0.1413040546812145,0.1399726867675781,53.00706444282631,37.40127307964511,lateral,1
132,4.3989,Participant 1-FHP_frame00132,train,90deg,lateral_Participant1,Participant1,Mesomorph,Normal,,,,,,forward_head,1.0,0.0,0.0,0.2233182191848755,47.27826027333796,0.1448056331290866,0.1401569843292236,47.27826027333796,37.98556567785992,lateral,1
135,4.4989,Participant 1-FHP_frame00135,train,90deg,lateral_Participant1,Participant1,Mesomorph,Normal,,,,,,forward_head,1.0,0.0,0.0,0.2817831933498382,46.33664666561972,0.1224420668840552,0.131954163312912,46.33664666561972,39.09893586460996,lateral,1
138,4.5988,Participant 1-FHP_frame00138,train,90deg,lateral_Participant1,Participant1,Mesomorph,Normal,,,,,,forward_head,1.0,0.0,0.0,0.2520599067211151,47.873445864464266,0.1563989524692887,0.1236777007579803,47.873445864464266,37.20122529474322,lateral,1
141,4.6988,Participant 1-FHP_frame00141,train,90deg,lateral_Participant1,Participant1,Mesomorph,Normal,,,,,,forward_head,1.0,0.0,0.0,0.3039780259132385,51.16063239050072,0.1338049156879201,0.1278187334537506,51.16063239050072,37.37275406049087,lateral,1
144,4.7988,Participant 1-FHP_frame00144,train,90deg,lateral_Participant1,Participant1,Mesomorph,Normal,,,,,,forward_head,1.0,0.0,0.0,0.2936134040355682,49.58803561943332,0.1520102534414985,0.1325516402721405,49.58803561943332,37.64634073490716,lateral,1
147,4.8988,Participant 1-FHP_frame00147,train,90deg,lateral_Participant1,Participant1,Mesomorph,Normal,,,,,,forward_head,1.0,0.0,0.0,0.2228809595108032,53.74178944928565,0.1530459640038562,0.1382331848144531,53.74178944928565,31.429450623733,lateral,1
150,4.9987,Participant 1-FHP_frame00150,train,90deg,lateral_Participant1,Participant1,Mesomorph,Normal,,,,,,forward_head,1.0,0.0,0.0,0.3122283518314361,55.23008406826138,0.136818680352088,0.1486094295978546,55.23008406826138,33.85288591687778,lateral,1
153,5.0987,Participant 1-FHP_frame00153,train,90deg,lateral_Participant1,Participant1,Mesomorph,Normal,,,,,,forward_head,1.0,0.0,0.0,0.2213886380195617,54.32275194291244,0.2136648881879708,0.1610324680805206,54.32275194291244,35.77505551673717,lateral,1
156,5.1987,Participant 1-FHP_frame00156,train,90deg,lateral_Participant1,Participant1,Mesomorph,Normal,,,,,,forward_head,1.0,0.0,0.0,0.2566809058189392,54.174844319299865,0.1751851099852797,0.1443348824977874,54.174844319299865,37.11235549017553,lateral,1
0,0.0,Participant 1-Slouch_frame00000,train,90deg,lateral_Participant1,Participant1,Mesomorph,Normal,,,,,,slouch,1.0,0.0,0.0,0.1849080920219421,51.61961352196766,0.1381417009968288,0.1385955214500427,51.61961352196766,35.942068491183974,lateral,1
3,0.1,Participant 1-Slouch_frame00003,train,90deg,lateral_Participant1,Participant1,Mesomorph,Normal,,,,,,slouch,1.0,0.0,0.0,0.1291567683219909,49.179510771214346,0.1467960071136346,0.1249579489231109,49.179510771214346,44.97707793070201,lateral,1
6,0.1999,Participant 1-Slouch_frame00006,train,90deg,lateral_Participant1,Participant1,Mesomorph,Normal,,,,,,slouch,1.0,0.0,0.0,0.1626084446907043,47.3004636495327,0.1414125531185592,0.1161557734012603,47.3004636495327,47.336737829264536,lateral,1
9,0.2999,Participant 1-Slouch_frame00009,train,90deg,lateral_Participant1,Participant1,Mesomorph,Normal,,,,,,slouch,1.0,0.0,0.0,0.1929470300674438,45.41343685904225,0.136286560729065,0.1156166791915893,45.41343685904225,45.43842686915748,lateral,1
12,0.3999,Participant 1-Slouch_frame00012,train,90deg,lateral_Participant1,Participant1,Mesomorph,Normal,,,,,,slouch,1.0,0.0,0.0,0.2258313298225402,50.92383661596732,0.1131059866281335,0.1160590648651123,50.92383661596732,44.4010909544223,lateral,1
15,0.4999,Participant 1-Slouch_frame00015,train,90deg,lateral_Participant1,Participant1,Mesomorph,Normal,,,,,,slouch,1.0,0.0,0.0,0.2170764505863189,52.57026383486795,0.1395634282816475,0.1544493734836578,52.57026383486795,40.14173271268178,lateral,1
18,0.5998,Participant 1-Slouch_frame00018,train,90deg,lateral_Participant1,Participant1,Mesomorph,Normal,,,,,,slouch,1.0,0.0,0.0,0.2390268743038177,47.4824992987845,0.1294447596822492,0.1277193427085876,47.4824992987845,45.00598876047411,lateral,1
21,0.6998,Participant 1-Slouch_frame00021,train,90deg,lateral_Participant1,Participant1,Mesomorph,Normal,,,,,,slouch,1.0,0.0,0.0,0.1959676146507263,46.92950366838573,0.1327572794236183,0.1219484210014343,46.92950366838573,46.80272878723835,lateral,1
24,0.7998,Participant 1-Slouch_frame00024,train,90deg,lateral_Participant1,Participant1,Mesomorph,Normal,,,,,,slouch,1.0,0.0,0.0,0.265276700258255,46.76732902714006,0.1155645943187793,0.1196450591087341,46.76732902714006,44.32128900109562,lateral,1
27,0.8998,Participant 1-Slouch_frame00027,train,90deg,lateral_Participant1,Participant1,Mesomorph,Normal,,,,,,slouch,1.0,0.0,0.0,0.2003519237041473,46.38462058006776,0.1216003050348437,0.1083195805549621,46.38462058006776,47.20373827599469,lateral,1
30,0.9997,Participant 1-Slouch_frame00030,train,90deg,lateral_Participant1,Participant1,Mesomorph,Normal,,,,,,slouch,1.0,0.0,0.0,0.1803880333900451,48.92024543046657,0.1132695280712231,0.1090035438537597,48.92024543046657,44.48956263016793,lateral,1
33,1.0997,Participant 1-Slouch_frame00033,train,90deg,lateral_Participant1,Participant1,Mesomorph,Normal,,,,,,slouch,1.0,0.0,0.0,0.1752295792102813,46.02121133988964,0.122728047872925,0.112469345331192,46.02121133988964,45.85108718238668,lateral,1
36,1.1997,Participant 1-Slouch_frame00036,train,90deg,lateral_Participant1,Participant1,Mesomorph,Normal,,,,,,slouch,1.0,0.0,0.0,0.1583190560340881,51.28711137380552,0.1452138439982217,0.129642367362976,51.28711137380552,41.870608744538174,lateral,1
39,1.2997,Participant 1-Slouch_frame00039,train,90deg,lateral_Participant1,Participant1,Mesomorph,Normal,,,,,,slouch,1.0,0.0,0.0,0.2516937255859375,51.558940168927485,0.116992404957586,0.1277852952480316,51.558940168927485,41.78867928583072,lateral,1
42,1.3996,Participant 1-Slouch_frame00042,train,90deg,lateral_Participant1,Participant1,Mesomorph,Normal,,,,,,slouch,1.0,0.0,0.0,0.1347267627716064,49.06466206995082,0.1313190852869914,0.1117332279682159,49.06466206995082,44.87210128965632,lateral,1
45,1.4996,Participant 1-Slouch_frame00045,train,90deg,lateral_Participant1,Participant1,Mesomorph,Normal,,,,,,slouch,1.0,0.0,0.0,0.2640367150306701,49.61535746479279,0.1057731502491741,0.1157106757164001,49.61535746479279,42.02879927989261,lateral,1
48,1.5996,Participant 1-Slouch_frame00048,train,90deg,lateral_Participant1,Participant1,Mesomorph,Normal,,,,,,slouch,1.0,0.0,0.0,0.2216219902038574,53.06879982251271,0.1243816221195327,0.1304004192352295,53.06879982251271,42.560541651145066,lateral,1
51,1.6996,Participant 1-Slouch_frame00051,train,90deg,lateral_Participant1,Participant1,Mesomorph,Normal,,,,,,slouch,1.0,0.0,0.0,0.1624466180801391,51.32447040392098,0.144909114771232,0.1352199018001556,51.32447040392098,31.435066508876204,lateral,1
54,1.7995,Participant 1-Slouch_frame00054,train,90deg,lateral_Participant1,Participant1,Mesomorph,Normal,,,,,,slouch,1.0,0.0,0.0,0.2718800902366638,52.05686234853361,0.10437729319042,0.1225661635398864,52.05686234853361,43.74899316826547,lateral,1
57,1.8995,Participant 1-Slouch_frame00057,train,90deg,lateral_Participant1,Participant1,Mesomorph,Normal,,,,,,slouch,1.0,0.0,0.0,0.3067234754562378,49.57837653002126,0.1071211045544562,0.1388311684131622,49.57837653002126,40.490882706588806,lateral,1
60,1.9995,Participant 1-Slouch_frame00060,train,90deg,lateral_Participant1,Participant1,Mesomorph,Normal,,,,,,slouch,1.0,0.0,0.0,0.2484656870365142,50.30359617148091,0.1050043475837909,0.1286126971244812,50.30359617148091,41.27542805732576,lateral,1
63,2.0995,Participant 1-Slouch_frame00063,train,90deg,lateral_Participant1,Participant1,Mesomorph,Normal,,,,,,slouch,1.0,0.0,0.0,0.2078579366207122,52.89107953619314,0.1348208096713154,0.1495087444782257,52.89107953619314,41.39061625307928,lateral,1
66,2.1994,Participant 1-Slouch_frame00066,train,90deg,lateral_Participant1,Participant1,Mesomorph,Normal,,,,,,slouch,1.0,0.0,0.0,0.1918272376060485,51.10010854784682,0.137444271441652,0.1306973397731781,51.10010854784682,42.82763026658655,lateral,1
69,2.2994,Participant 1-Slouch_frame00069,train,90deg,lateral_Participant1,Participant1,Mesomorph,Normal,,,,,,slouch,1.0,0.0,0.0,0.1926914155483245,51.35989533991543,0.1393959503403144,0.134066641330719,51.35989533991543,30.430282943886706,lateral,1
72,2.3994,Participant 1-Slouch_frame00072,train,90deg,lateral_Participant1,Participant1,Mesomorph,Normal,,,,,,slouch,1.0,0.0,0.0,0.2360406219959259,50.4694871475236,0.1303916281837285,0.1326843202114105,50.4694871475236,42.86794185737767,lateral,1
75,2.4994,Participant 1-Slouch_frame00075,train,90deg,lateral_Participant1,Participant1,Mesomorph,Normal,,,,,,slouch,1.0,0.0,0.0,0.1928149163722992,48.90065955322595,0.1388628800564403,0.1342398822307586,48.90065955322595,43.8043010509963,lateral,1
78,2.5993,Participant 1-Slouch_frame00078,train,90deg,lateral_Participant1,Participant1,Mesomorph,Normal,,,,,,slouch,1.0,0.0,0.0,0.2212562561035156,53.38593023951654,0.1379001407672578,0.1455639898777008,53.38593023951654,41.70446003662259,lateral,1
81,2.6993,Participant 1-Slouch_frame00081,train,90deg,lateral_Participant1,Participant1,Mesomorph,Normal,,,,,,slouch,1.0,0.0,0.0,0.1988301277160644,51.852572565755466,0.1355306050654831,0.158435970544815,51.852572565755466,38.829767901574805,lateral,1
84,2.7993,Participant 1-Slouch_frame00084,train,90deg,lateral_Participant1,Participant1,Mesomorph,Normal,,,,,,slouch,1.0,0.0,0.0,0.1593957543373108,51.07992929953835,0.1504082894003407,0.1404105424880981,51.07992929953835,41.56891256925144,lateral,1
87,2.8993,Participant 1-Slouch_frame00087,train,90deg,lateral_Participant1,Participant1,Mesomorph,Normal,,,,,,slouch,1.0,0.0,0.0,0.1621324717998504,52.41821894287312,0.1352421852556196,0.139841616153717,52.41821894287312,28.784551471029737,lateral,1
90,2.9992,Participant 1-Slouch_frame00090,train,90deg,lateral_Participant1,Participant1,Mesomorph,Normal,,,,,,slouch,1.0,0.0,0.0,0.2683605849742889,50.78129554749625,0.134078923197574,0.1649493277072906,50.78129554749625,39.14664210047683,lateral,1
93,3.0992,Participant 1-Slouch_frame00093,train,90deg,lateral_Participant1,Participant1,Mesomorph,Normal,,,,,,slouch,1.0,0.0,0.0,0.2984355539083481,49.85048256195118,0.1133910589274979,0.1361512541770935,49.85048256195118,43.34180408240514,lateral,1
96,3.1992,Participant 1-Slouch_frame00096,train,90deg,lateral_Participant1,Participant1,Mesomorph,Normal,,,,,,slouch,1.0,0.0,0.0,0.3050143718719482,49.97406440803729,0.1074345138611072,0.133910983800888,49.97406440803729,42.79408286294443,lateral,1
99,3.2992,Participant 1-Slouch_frame00099,train,90deg,lateral_Participant1,Participant1,Mesomorph,Normal,,,,,,slouch,1.0,0.0,0.0,0.2956277430057525,51.65844769426179,0.1158876366924982,0.1482297480106353,51.65844769426179,35.15418993957432,lateral,1
102,3.3991,Participant 1-Slouch_frame00102,train,90deg,lateral_Participant1,Participant1,Mesomorph,Normal,,,,,,slouch,1.0,0.0,0.0,0.2264570295810699,51.40774352904489,0.1252334158112442,0.1420862078666687,51.40774352904489,37.9331397076681,lateral,1
105,3.4991,Participant 1-Slouch_frame00105,train,90deg,lateral_Participant1,Participant1,Mesomorph,Normal,,,,,,slouch,1.0,0.0,0.0,0.2546093165874481,50.89639626023631,0.1193105004888137,0.1407382488250732,50.89639626023631,32.391987688432025,lateral,1
108,3.5991,Participant 1-Slouch_frame00108,train,90deg,lateral_Participant1,Participant1,Mesomorph,Normal,,,,,,slouch,1.0,0.0,0.0,0.2854452133178711,49.04974871718195,0.0809783129315474,0.1243306100368499,49.04974871718195,41.59758537279031,lateral,1
111,3.6991,Participant 1-Slouch_frame00111,train,90deg,lateral_Participant1,Participant1,Mesomorph,Normal,,,,,,slouch,1.0,0.0,0.0,0.2570944726467132,50.0880891350951,0.1170534306676451,0.1297454833984375,50.0880891350951,37.65448387855369,lateral,1
114,3.799,Participant 1-Slouch_frame00114,train,90deg,lateral_Participant1,Participant1,Mesomorph,Normal,,,,,,slouch,1.0,0.0,0.0,0.2957589626312256,51.81929178545351,0.1202802286418655,0.1584362685680389,51.81929178545351,39.8527005118053,lateral,1
117,3.899,Participant 1-Slouch_frame00117,train,90deg,lateral_Participant1,Participant1,Mesomorph,Normal,,,,,,slouch,1.0,0.0,0.0,0.2503511011600494,52.1783386166095,0.1142436398158684,0.1391504406929016,52.1783386166095,41.89756562207271,lateral,1
120,3.999,Participant 1-Slouch_frame00120,train,90deg,lateral_Participant1,Participant1,Mesomorph,Normal,,,,,,slouch,1.0,0.0,0.0,0.2857745289802551,51.3291331716577,0.1130027880215337,0.1377977728843689,51.3291331716577,40.53382714782617,lateral,1
123,4.099,Participant 1-Slouch_frame00123,train,90deg,lateral_Participant1,Participant1,Mesomorph,Normal,,,,,,slouch,1.0,0.0,0.0,0.2365133464336395,50.731741891548566,0.1229976221431937,0.143891841173172,50.731741891548566,39.65245056538587,lateral,1
126,4.1989,Participant 1-Slouch_frame00126,train,90deg,lateral_Participant1,Participant1,Mesomorph,Normal,,,,,,slouch,1.0,0.0,0.0,0.2793936729431152,49.524166066713946,0.1143885316057827,0.1415762305259704,49.524166066713946,43.80053300785951,lateral,1
129,4.2989,Participant 1-Slouch_frame00129,train,90deg,lateral_Participant1,Participant1,Mesomorph,Normal,,,,,,slouch,1.0,0.0,0.0,0.2684238851070404,50.44699535930594,0.1187746196963184,0.1446629762649536,50.44699535930594,42.79787580537377,lateral,1
132,4.3989,Participant 1-Slouch_frame00132,train,90deg,lateral_Participant1,Participant1,Mesomorph,Normal,,,,,,slouch,1.0,0.0,0.0,0.3160285055637359,49.567482133741336,0.1146285636930876,0.1452978551387787,49.567482133741336,41.80443148299639,lateral,1
135,4.4989,Participant 1-Slouch_frame00135,train,90deg,lateral_Participant1,Participant1,Mesomorph,Normal,,,,,,slouch,1.0,0.0,0.0,0.235325276851654,51.19824661298949,0.1151963271981513,0.1253610253334045,51.19824661298949,41.55760065783565,lateral,1
138,4.5988,Participant 1-Slouch_frame00138,train,90deg,lateral_Participant1,Participant1,Mesomorph,Normal,,,,,,slouch,1.0,0.0,0.0,0.2555546164512634,51.0315454800431,0.1195188719580751,0.1345543563365936,51.0315454800431,42.72674598550501,lateral,1
141,4.6988,Participant 1-Slouch_frame00141,train,90deg,lateral_Participant1,Participant1,Mesomorph,Normal,,,,,,slouch,1.0,0.0,0.0,0.305476501584053,49.72515940939157,0.1008527606411716,0.1237236559391021,49.72515940939157,41.83424694470294,lateral,1
144,4.7988,Participant 1-Slouch_frame00144,train,90deg,lateral_Participant1,Participant1,Mesomorph,Normal,,,,,,slouch,1.0,0.0,0.0,0.2645362317562103,50.21867796999414,0.1005910856044514,0.1195752322673797,50.21867796999414,42.60752919159266,lateral,1
147,4.8988,Participant 1-Slouch_frame00147,train,90deg,lateral_Participant1,Participant1,Mesomorph,Normal,,,,,,slouch,1.0,0.0,0.0,0.2715128809213638,50.45100375528557,0.1139314565235073,0.1395198702812194,50.45100375528557,38.65430057350441,lateral,1
150,4.9987,Participant 1-Slouch_frame00150,train,90deg,lateral_Participant1,Participant1,Mesomorph,Normal,,,,,,slouch,1.0,0.0,0.0,0.2495519816875457,51.17680730597269,0.1236123148964031,0.1338701248168945,51.17680730597269,35.94258619057662,lateral,1
153,5.0987,Participant 1-Slouch_frame00153,train,90deg,lateral_Participant1,Participant1,Mesomorph,Normal,,,,,,slouch,1.0,0.0,0.0,0.2583706974983215,50.11412338090828,0.112787615673089,0.1291894614696502,50.11412338090828,41.90444560964075,lateral,1
156,5.1987,Participant 1-Slouch_frame00156,train,90deg,lateral_Participant1,Participant1,Mesomorph,Normal,,,,,,slouch,1.0,0.0,0.0,0.238164871931076,46.46250070432193,0.132445657520162,0.1379514038562774,46.46250070432193,44.3233216623508,lateral,1
0,0.0,Participant 1-Upright 2_frame00000,train,90deg,lateral_Participant1,Participant1,Mesomorph,Normal,,,,,,upright,1.0,0.0,0.0,0.0819970369338989,37.14260483788637,0.1096863685673985,0.0869795978069305,37.14260483788637,41.358295164206254,lateral,1
3,0.1,Participant 1-Upright 2_frame00003,train,90deg,lateral_Participant1,Participant1,Mesomorph,Normal,,,,,,upright,1.0,0.0,0.0,0.1332640647888183,36.823178445571294,0.0986509855359935,0.0700015127658844,36.823178445571294,40.13091906066498,lateral,1
6,0.1999,Participant 1-Upright 2_frame00006,train,90deg,lateral_Participant1,Participant1,Mesomorph,Normal,,,,,,upright,1.0,0.0,0.0,0.1491605639457702,36.4051648212025,0.1230377732566405,0.0886581242084503,36.4051648212025,44.40929115879171,lateral,1
9,0.2999,Participant 1-Upright 2_frame00009,train,90deg,lateral_Participant1,Participant1,Mesomorph,Normal,,,,,,upright,1.0,0.0,0.0,0.1203070878982544,34.77927311031835,0.1015850760500954,0.0834474861621856,34.77927311031835,41.06363763655536,lateral,1
12,0.3999,Participant 1-Upright 2_frame00012,train,90deg,lateral_Participant1,Participant1,Mesomorph,Normal,,,,,,upright,1.0,0.0,0.0,0.0460768342018127,47.30978736524296,0.1538149397843667,0.1152431368827819,47.30978736524296,38.69253452881223,lateral,1
15,0.4999,Participant 1-Upright 2_frame00015,train,90deg,lateral_Participant1,Participant1,Mesomorph,Normal,,,,,,upright,1.0,0.0,0.0,0.0976028442382812,34.4677106542084,0.1096378446546781,0.080371618270874,34.4677106542084,38.92958760891358,lateral,1
18,0.5998,Participant 1-Upright 2_frame00018,train,90deg,lateral_Participant1,Participant1,Mesomorph,Normal,,,,,,upright,1.0,0.0,0.0,0.0826314687728881,38.53338791985538,0.1209233078773651,0.0647183656692504,38.53338791985538,39.64060377860408,lateral,1
21,0.6998,Participant 1-Upright 2_frame00021,train,90deg,lateral_Participant1,Participant1,Mesomorph,Normal,,,,,,upright,1.0,0.0,0.0,0.1065589189529419,40.56490709694352,0.131256688294661,0.0808039307594299,40.56490709694352,41.94397951239456,lateral,1
24,0.7998,Participant 1-Upright 2_frame00024,train,90deg,lateral_Participant1,Participant1,Mesomorph,Normal,,,,,,upright,1.0,0.0,0.0,0.0997630953788757,38.81428266025792,0.1251155703923009,0.0805351734161377,38.81428266025792,45.13367646790428,lateral,1
27,0.8998,Participant 1-Upright 2_frame00027,train,90deg,lateral_Participant1,Participant1,Mesomorph,Normal,,,,,,upright,1.0,0.0,0.0,0.1369711756706237,37.880941381681886,0.1003857035617333,0.0687138140201568,37.880941381681886,41.26777066887121,lateral,1
30,0.9997,Participant 1-Upright 2_frame00030,train,90deg,lateral_Participant1,Participant1,Mesomorph,Normal,,,,,,upright,1.0,0.0,0.0,0.0567108392715454,39.15173436748557,0.1400592932170172,0.0722414553165435,39.15173436748557,40.06424657203109,lateral,1
33,1.0997,Participant 1-Upright 2_frame00033,train,90deg,lateral_Participant1,Participant1,Mesomorph,Normal,,,,,,upright,1.0,0.0,0.0,0.139520525932312,37.92772003426825,0.1265822862182535,0.0603417754173278,37.92772003426825,53.06154456544205,lateral,1
36,1.1997,Participant 1-Upright 2_frame00036,train,90deg,lateral_Participant1,Participant1,Mesomorph,Normal,,,,,,upright,1.0,0.0,0.0,0.0483672022819519,41.22621110809876,0.134883574075657,0.0867265462875366,41.22621110809876,43.80580138879154,lateral,1
39,1.2997,Participant 1-Upright 2_frame00039,train,90deg,lateral_Participant1,Participant1,Mesomorph,Normal,,,,,,upright,1.0,0.0,0.0,0.0596724152565002,37.85721802062629,0.1433555307845482,0.0708305239677429,37.85721802062629,44.102024539682574,lateral,1
42,1.3996,Participant 1-Upright 2_frame00042,train,90deg,lateral_Participant1,Participant1,Mesomorph,Normal,,,,,,upright,1.0,0.0,0.0,0.1751230955123901,40.57674985688233,0.1097140819694412,0.1127387881278991,40.57674985688233,40.31195383852637,lateral,1
45,1.4996,Participant 1-Upright 2_frame00045,train,90deg,lateral_Participant1,Participant1,Mesomorph,Normal,,,,,,upright,1.0,0.0,0.0,0.084646999835968,39.951993897336415,0.1141904298018158,0.0759351253509521,39.951993897336415,40.26342290903622,lateral,1
48,1.5996,Participant 1-Upright 2_frame00048,train,90deg,lateral_Participant1,Participant1,Mesomorph,Normal,,,,,,upright,1.0,0.0,0.0,0.0423334240913391,49.021335671661255,0.1540284780549529,0.1139455139636993,49.021335671661255,37.367618315535495,lateral,1
51,1.6996,Participant 1-Upright 2_frame00051,train,90deg,lateral_Participant1,Participant1,Mesomorph,Normal,,,,,,upright,1.0,0.0,0.0,0.0673514604568481,37.05795750228932,0.1439186345327287,0.0681761801242828,37.05795750228932,45.33752116490721,lateral,1
54,1.7995,Participant 1-Upright 2_frame00054,train,90deg,lateral_Participant1,Participant1,Mesomorph,Normal,,,,,,upright,1.0,0.0,0.0,0.0333234071731567,35.39659501865852,0.1235556847461864,0.068682461977005,35.39659501865852,45.765437849374806,lateral,1
57,1.8995,Participant 1-Upright 2_frame00057,train,90deg,lateral_Participant1,Participant1,Mesomorph,Normal,,,,,,upright,1.0,0.0,0.0,0.0196377038955688,38.10409289707204,0.1525654342576095,0.0730902552604675,38.10409289707204,42.10368642234132,lateral,1
60,1.9995,Participant 1-Upright 2_frame00060,train,90deg,lateral_Participant1,Participant1,Mesomorph,Normal,,,,,,upright,1.0,0.0,0.0,0.0491852164268493,38.340875916191344,0.1435684486360088,0.0969813466072082,38.340875916191344,42.88875276551375,lateral,1
63,2.0995,Participant 1-Upright 2_frame00063,train,90deg,lateral_Participant1,Participant1,Mesomorph,Normal,,,,,,upright,1.0,0.0,0.0,0.0205232501029968,40.06437430684451,0.1612617008255257,0.0781039297580719,40.06437430684451,41.28716934989809,lateral,1
66,2.1994,Participant 1-Upright 2_frame00066,train,90deg,lateral_Participant1,Participant1,Mesomorph,Normal,,,,,,upright,1.0,0.0,0.0,0.0677934288978576,32.78180757908336,0.1382875331961375,0.0523871183395385,32.78180757908336,44.17291954869937,lateral,1
69,2.2994,Participant 1-Upright 2_frame00069,train,90deg,lateral_Participant1,Participant1,Mesomorph,Normal,,,,,,upright,1.0,0.0,0.0,0.2007003426551818,34.110427823525285,0.0967886294681125,0.0745865404605865,34.110427823525285,43.43956600668612,lateral,1
72,2.3994,Participant 1-Upright 2_frame00072,train,90deg,lateral_Participant1,Participant1,Mesomorph,Normal,,,,,,upright,1.0,0.0,0.0,0.1096678376197815,39.54565333356116,0.1226266385382318,0.0819373130798339,39.54565333356116,41.71833598496796,lateral,1
75,2.4994,Participant 1-Upright 2_frame00075,train,90deg,lateral_Participant1,Participant1,Mesomorph,Normal,,,,,,upright,1.0,0.0,0.0,0.0766962766647338,39.28521075560735,0.1440149902815007,0.0809700191020965,39.28521075560735,44.50671242215898,lateral,1
78,2.5993,Participant 1-Upright 2_frame00078,train,90deg,lateral_Participant1,Participant1,Mesomorph,Normal,,,,,,upright,1.0,0.0,0.0,0.2131276428699493,39.30062221050903,0.0904369181190362,0.0774792432785034,39.30062221050903,40.88652953510338,lateral,1
81,2.6993,Participant 1-Upright 2_frame00081,train,90deg,lateral_Participant1,Participant1,Mesomorph,Normal,,,,,,upright,1.0,0.0,0.0,0.2035185992717743,36.817912153764965,0.0906280807244795,0.0777703523635864,36.817912153764965,43.89567843345189,lateral,1
84,2.7993,Participant 1-Upright 2_frame00084,train,90deg,lateral_Participant1,Participant1,Mesomorph,Normal,,,,,,upright,1.0,0.0,0.0,0.0570733547210693,38.7638073785412,0.1407208001845111,0.0827847123146057,38.7638073785412,45.33928274034589,lateral,1
87,2.8993,Participant 1-Upright 2_frame00087,train,90deg,lateral_Participant1,Participant1,Mesomorph,Normal,,,,,,upright,1.0,0.0,0.0,0.1157425045967102,38.44877375533299,0.1188064035019886,0.0737684667110443,38.44877375533299,44.24906937278282,lateral,1
90,2.9992,Participant 1-Upright 2_frame00090,train,90deg,lateral_Participant1,Participant1,Mesomorph,Normal,,,,,,upright,1.0,0.0,0.0,0.0974153280258178,37.60038995110112,0.1327798965786924,0.0677747428417205,37.60038995110112,52.819652714287685,lateral,1
93,3.0992,Participant 1-Upright 2_frame00093,train,90deg,lateral_Participant1,Participant1,Mesomorph,Normal,,,,,,upright,1.0,0.0,0.0,0.1681082248687744,38.25890490087028,0.1208125326438709,0.0816944539546966,38.25890490087028,43.575663697689606,lateral,1
96,3.1992,Participant 1-Upright 2_frame00096,train,90deg,lateral_Participant1,Participant1,Mesomorph,Normal,,,,,,upright,1.0,0.0,0.0,0.1542320251464843,39.6740909599294,0.1076782651640606,0.053194910287857,39.6740909599294,53.33928538776867,lateral,1
99,3.2992,Participant 1-Upright 2_frame00099,train,90deg,lateral_Participant1,Participant1,Mesomorph,Normal,,,,,,upright,1.0,0.0,0.0,0.0685713291168212,41.60432259549363,0.1310684733923921,0.0824409425258636,41.60432259549363,39.35058017143827,lateral,1
102,3.3991,Participant 1-Upright 2_frame00102,train,90deg,lateral_Participant1,Participant1,Mesomorph,Normal,,,,,,upright,1.0,0.0,0.0,0.1598914861679077,36.375799224019154,0.0978371709836949,0.0701611936092376,36.375799224019154,45.88368512447104,lateral,1
105,3.4991,Participant 1-Upright 2_frame00105,train,90deg,lateral_Participant1,Participant1,Mesomorph,Normal,,,,,,upright,1.0,0.0,0.0,0.1471101641654968,35.80508417733802,0.1183848900819215,0.0611950755119323,35.80508417733802,45.26027687817801,lateral,1
108,3.5991,Participant 1-Upright 2_frame00108,train,90deg,lateral_Participant1,Participant1,Mesomorph,Normal,,,,,,upright,1.0,0.0,0.0,0.1587520837783813,38.959883098056125,0.1086441909913156,0.0801214277744293,38.959883098056125,44.36833816008113,lateral,1
111,3.6991,Participant 1-Upright 2_frame00111,train,90deg,lateral_Participant1,Participant1,Mesomorph,Normal,,,,,,upright,1.0,0.0,0.0,0.0959256887435913,35.79383755001342,0.105710602025833,0.0603418052196502,35.79383755001342,41.25859343652796,lateral,1
114,3.799,Participant 1-Upright 2_frame00114,train,90deg,lateral_Participant1,Participant1,Mesomorph,Normal,,,,,,upright,1.0,0.0,0.0,0.1730604767799377,40.21227907916297,0.1103845260836536,0.081128716468811,40.21227907916297,43.1451561655343,lateral,1
117,3.899,Participant 1-Upright 2_frame00117,train,90deg,lateral_Participant1,Participant1,Mesomorph,Normal,,,,,,upright,1.0,0.0,0.0,0.0948602557182312,38.177024189287984,0.1334526944739313,0.0783754289150238,38.177024189287984,42.850987284041466,lateral,1
120,3.999,Participant 1-Upright 2_frame00120,train,90deg,lateral_Participant1,Participant1,Mesomorph,Normal,,,,,,upright,1.0,0.0,0.0,0.1407508850097656,35.82387765038517,0.1053973620001962,0.0671271085739135,35.82387765038517,45.19552605565539,lateral,1
123,4.099,Participant 1-Upright 2_frame00123,train,90deg,lateral_Participant1,Participant1,Mesomorph,Normal,,,,,,upright,1.0,0.0,0.0,0.1245392560958862,37.5526725097943,0.1297054794277659,0.0811297297477722,37.5526725097943,46.4330335671596,lateral,1
126,4.1989,Participant 1-Upright 2_frame00126,train,90deg,lateral_Participant1,Participant1,Mesomorph,Normal,,,,,,upright,1.0,0.0,0.0,0.0673442482948303,33.79219310717914,0.1463506488526595,0.0582510828971862,33.79219310717914,47.32061169785168,lateral,1
129,4.2989,Participant 1-Upright 2_frame00129,train,90deg,lateral_Participant1,Participant1,Mesomorph,Normal,,,,,,upright,1.0,0.0,0.0,0.0780391097068786,38.51370683824262,0.1278956779775585,0.0718827843666076,38.51370683824262,43.75425322219577,lateral,1
132,4.3989,Participant 1-Upright 2_frame00132,train,90deg,lateral_Participant1,Participant1,Mesomorph,Normal,,,,,,upright,1.0,0.0,0.0,0.1210063099861145,36.63985025735342,0.1123257832457342,0.0728389024734497,36.63985025735342,46.2492777954506,lateral,1
135,4.4989,Participant 1-Upright 2_frame00135,train,90deg,lateral_Participant1,Participant1,Mesomorph,Normal,,,,,,upright,1.0,0.0,0.0,0.1009362339973449,35.06140203739113,0.1172504852840676,0.061937928199768,35.06140203739113,47.88772112832865,lateral,1
138,4.5988,Participant 1-Upright 2_frame00138,train,90deg,lateral_Participant1,Participant1,Mesomorph,Normal,,,,,,upright,1.0,0.0,0.0,0.1214460730552673,42.232970548042935,0.1096734354286984,0.0823026299476623,42.232970548042935,39.8935615371805,lateral,1
141,4.6988,Participant 1-Upright 2_frame00141,train,90deg,lateral_Participant1,Participant1,Mesomorph,Normal,,,,,,upright,1.0,0.0,0.0,0.16121506690979,36.009959329269364,0.1055243060082958,0.0802747309207916,36.009959329269364,42.111250385591134,lateral,1
144,4.7988,Participant 1-Upright 2_frame00144,train,90deg,lateral_Participant1,Participant1,Mesomorph,Normal,,,,,,upright,1.0,0.0,0.0,0.1053419113159179,37.68750211986873,0.110547568216758,0.074748009443283,37.68750211986873,42.34809492777777,lateral,1
147,4.8988,Participant 1-Upright 2_frame00147,train,90deg,lateral_Participant1,Participant1,Mesomorph,Normal,,,,,,upright,1.0,0.0,0.0,0.0974290370941162,41.54269425942405,0.1378981738810559,0.0863766074180603,41.54269425942405,42.22757343183207,lateral,1
150,4.9987,Participant 1-Upright 2_frame00150,train,90deg,lateral_Participant1,Participant1,Mesomorph,Normal,,,,,,upright,1.0,0.0,0.0,0.127556025981903,43.96970255930299,0.1199564166568972,0.0979930758476257,43.96970255930299,41.15927376032051,lateral,1
153,5.0987,Participant 1-Upright 2_frame00153,train,90deg,lateral_Participant1,Participant1,Mesomorph,Normal,,,,,,upright,1.0,0.0,0.0,0.080487847328186,41.06420431388068,0.1356040015088955,0.0749302208423614,41.06420431388068,37.8882895351592,lateral,1
156,5.1987,Participant 1-Upright 2_frame00156,train,90deg,lateral_Participant1,Participant1,Mesomorph,Normal,,,,,,upright,1.0,0.0,0.0,0.137650579214096,40.07334639007329,0.1118217684728968,0.0728988647460937,40.07334639007329,47.42222408508871,lateral,1
0,0.0,Participant 1-Upright_frame00000,train,90deg,lateral_Participant1,Participant1,Mesomorph,Normal,,,,,,upright,1.0,0.0,0.0,0.1699617505073547,31.971914069802743,0.1004123015729046,0.048939824104309,31.971914069802743,49.30796321863514,lateral,1
3,0.1,Participant 1-Upright_frame00003,train,90deg,lateral_Participant1,Participant1,Mesomorph,Normal,,,,,,upright,1.0,0.0,0.0,0.1273738741874694,39.50417415017519,0.1447854898913599,0.0720783770084381,39.50417415017519,51.87083562812889,lateral,1
6,0.1999,Participant 1-Upright_frame00006,train,90deg,lateral_Participant1,Participant1,Mesomorph,Normal,,,,,,upright,1.0,0.0,0.0,0.2557255029678345,35.38337845058171,0.1010832659579346,0.064610481262207,35.38337845058171,54.4098135992789,lateral,1
9,0.2999,Participant 1-Upright_frame00009,train,90deg,lateral_Participant1,Participant1,Mesomorph,Normal,,,,,,upright,1.0,0.0,0.0,0.2653874158859253,35.17067724892884,0.1056515005300986,0.0573424398899078,35.17067724892884,50.01519290745014,lateral,1
12,0.3999,Participant 1-Upright_frame00012,train,90deg,lateral_Participant1,Participant1,Mesomorph,Normal,,,,,,upright,1.0,0.0,0.0,0.2857460379600525,36.91266249994399,0.1150083761087845,0.0681395828723907,36.91266249994399,47.63039258746306,lateral,1
15,0.4998,Participant 1-Upright_frame00015,train,90deg,lateral_Participant1,Participant1,Mesomorph,Normal,,,,,,upright,1.0,0.0,0.0,0.2947681248188019,31.182200541862404,0.0739750200831831,0.0477642714977264,31.182200541862404,53.13350872038051,lateral,1
18,0.5998,Participant 1-Upright_frame00018,train,90deg,lateral_Participant1,Participant1,Mesomorph,Normal,,,,,,upright,1.0,0.0,0.0,0.1757320761680603,40.539305206940746,0.1542303468107013,0.0900655388832092,40.539305206940746,55.62043120148613,lateral,1
21,0.6998,Participant 1-Upright_frame00021,train,90deg,lateral_Participant1,Participant1,Mesomorph,Normal,,,,,,upright,1.0,0.0,0.0,0.1797444820404052,38.03246042962371,0.1445360916655999,0.0713662207126617,38.03246042962371,54.18712262902946,lateral,1
24,0.7997,Participant 1-Upright_frame00024,train,90deg,lateral_Participant1,Participant1,Mesomorph,Normal,,,,,,upright,1.0,0.0,0.0,0.0365373492240905,36.74677047333359,0.1628161471206863,0.0592189729213714,36.74677047333359,47.73182058490166,lateral,1
27,0.8997,Participant 1-Upright_frame00027,train,90deg,lateral_Participant1,Participant1,Mesomorph,Normal,,,,,,upright,1.0,0.0,0.0,0.2735000252723694,36.464875875321454,0.1108078790056514,0.06129652261734,36.464875875321454,49.73915815459992,lateral,1
30,0.9997,Participant 1-Upright_frame00030,train,90deg,lateral_Participant1,Participant1,Mesomorph,Normal,,,,,,upright,1.0,0.0,0.0,0.1034032702445983,37.19629220494874,0.1667311804831872,0.0648865401744842,37.19629220494874,48.57044906648479,lateral,1
33,1.0996,Participant 1-Upright_frame00033,train,90deg,lateral_Participant1,Participant1,Mesomorph,Normal,,,,,,upright,1.0,0.0,0.0,-0.0514296889305114,42.93290938704852,0.1916317456637478,0.0404284000396728,42.93290938704852,47.913524713243824,lateral,1
36,1.1996,Participant 1-Upright_frame00036,train,90deg,lateral_Participant1,Participant1,Mesomorph,Normal,,,,,,upright,1.0,0.0,0.0,0.2040511071681976,40.71875137774765,0.1123765262218455,0.0776818692684173,40.71875137774765,52.65990047498898,lateral,1
39,1.2996,Participant 1-Upright_frame00039,train,90deg,lateral_Participant1,Participant1,Mesomorph,Normal,,,,,,upright,1.0,0.0,0.0,0.1968293190002441,33.39931640565811,0.0939356289784548,0.0562170445919036,33.39931640565811,54.79705457214256,lateral,1
42,1.3995,Participant 1-Upright_frame00042,train,90deg,lateral_Participant1,Participant1,Mesomorph,Normal,,,,,,upright,1.0,0.0,0.0,0.2702866792678833,30.377722886945147,0.0724790457822317,0.0447778701782226,30.377722886945147,55.210358155102846,lateral,1
45,1.4995,Participant 1-Upright_frame00045,train,90deg,lateral_Participant1,Participant1,Mesomorph,Normal,,,,,,upright,1.0,0.0,0.0,0.1885782480239868,35.78701257235751,0.1290726718617406,0.0650243759155273,35.78701257235751,51.70662098175424,lateral,1
48,1.5995,Participant 1-Upright_frame00048,train,90deg,lateral_Participant1,Participant1,Mesomorph,Normal,,,,,,upright,1.0,0.0,0.0,0.2016318440437317,34.7887921731875,0.1131137152618433,0.0549506247043609,34.7887921731875,54.01932794094146,lateral,1
51,1.6994,Participant 1-Upright_frame00051,train,90deg,lateral_Participant1,Participant1,Mesomorph,Normal,,,,,,upright,1.0,0.0,0.0,0.1330466270446777,35.04200043866399,0.1416821340129938,0.0483334958553314,35.04200043866399,54.9586445546627,lateral,1
54,1.7994,Participant 1-Upright_frame00054,train,90deg,lateral_Participant1,Participant1,Mesomorph,Normal,,,,,,upright,1.0,0.0,0.0,0.1218603253364563,37.22431631408336,0.1387099209420296,0.0731019377708435,37.22431631408336,43.62027656861324,lateral,1
57,1.8994,Participant 1-Upright_frame00057,train,90deg,lateral_Participant1,Participant1,Mesomorph,Normal,,,,,,upright,1.0,0.0,0.0,0.1975174844264984,39.76067158744762,0.1154606450000672,0.0647781789302825,39.76067158744762,48.85521144397627,lateral,1
60,1.9993,Participant 1-Upright_frame00060,train,90deg,lateral_Participant1,Participant1,Mesomorph,Normal,,,,,,upright,1.0,0.0,0.0,0.1362443566322326,42.95524291547824,0.1370280115193419,0.0681731104850769,42.95524291547824,44.29129314832883,lateral,1
63,2.0993,Participant 1-Upright_frame00063,train,90deg,lateral_Participant1,Participant1,Mesomorph,Normal,,,,,,upright,1.0,0.0,0.0,0.1972391903400421,37.85393156035675,0.1348013001592258,0.0729255080223083,37.85393156035675,53.09508896335344,lateral,1
66,2.1993,Participant 1-Upright_frame00066,train,90deg,lateral_Participant1,Participant1,Mesomorph,Normal,,,,,,upright,1.0,0.0,0.0,0.245642602443695,42.20108702587668,0.130874884489038,0.0888475179672241,42.20108702587668,49.43531966208982,lateral,1
69,2.2992,Participant 1-Upright_frame00069,train,90deg,lateral_Participant1,Participant1,Mesomorph,Normal,,,,,,upright,1.0,0.0,0.0,0.2450916767120361,42.82927345823202,0.1118773579825578,0.0853181779384613,42.82927345823202,41.40999183114312,lateral,1
72,2.3992,Participant 1-Upright_frame00072,train,90deg,lateral_Participant1,Participant1,Mesomorph,Normal,,,,,,upright,1.0,0.0,0.0,0.0353347659111022,39.28562530206027,0.1630261087546768,0.0698784589767456,39.28562530206027,42.29841787160352,lateral,1
75,2.4992,Participant 1-Upright_frame00075,train,90deg,lateral_Participant1,Participant1,Mesomorph,Normal,,,,,,upright,1.0,0.0,0.0,0.1967385411262512,37.67105685506135,0.1279691870390625,0.0711802840232849,37.67105685506135,55.19261867561777,lateral,1
78,2.5991,Participant 1-Upright_frame00078,train,90deg,lateral_Participant1,Participant1,Mesomorph,Normal,,,,,,upright,1.0,0.0,0.0,0.1086501479148864,35.79517418242662,0.1685197781375264,0.0703907310962677,35.79517418242662,53.01258999004497,lateral,1
81,2.6991,Participant 1-Upright_frame00081,train,90deg,lateral_Participant1,Participant1,Mesomorph,Normal,,,,,,upright,1.0,0.0,0.0,0.1782487034797668,37.36597946676393,0.1084594803791321,0.0573219358921051,37.36597946676393,50.46380583931851,lateral,1
84,2.7991,Participant 1-Upright_frame00084,train,90deg,lateral_Participant1,Participant1,Mesomorph,Normal,,,,,,upright,1.0,0.0,0.0,0.2023241519927978,36.79789323852213,0.1221109653601482,0.0661648511886596,36.79789323852213,51.997628463573335,lateral,1
87,2.899,Participant 1-Upright_frame00087,train,90deg,lateral_Participant1,Participant1,Mesomorph,Normal,,,,,,upright,1.0,0.0,0.0,0.1206622123718261,38.93649834371516,0.1434864328166567,0.0711833834648132,38.93649834371516,50.53565364117347,lateral,1
90,2.999,Participant 1-Upright_frame00090,train,90deg,lateral_Participant1,Participant1,Mesomorph,Normal,,,,,,upright,1.0,0.0,0.0,0.2028456926345825,37.8830090345482,0.1419454681777361,0.0721580684185028,37.8830090345482,50.35626290919838,lateral,1
93,3.099,Participant 1-Upright_frame00093,train,90deg,lateral_Participant1,Participant1,Mesomorph,Normal,,,,,,upright,1.0,0.0,0.0,0.1765046119689941,37.59474622696747,0.1160430563607024,0.0566465556621551,37.59474622696747,59.92119538045348,lateral,1
96,3.1989,Participant 1-Upright_frame00096,train,90deg,lateral_Participant1,Participant1,Mesomorph,Normal,,,,,,upright,1.0,0.0,0.0,0.21142578125,40.1482836561121,0.1228890964826765,0.072895735502243,40.1482836561121,50.94016652167548,lateral,1
99,3.2989,Participant 1-Upright_frame00099,train,90deg,lateral_Participant1,Participant1,Mesomorph,Normal,,,,,,upright,1.0,0.0,0.0,0.1374253034591674,37.73344709072788,0.1496390111431972,0.0854869782924652,37.73344709072788,41.30789370597573,lateral,1
102,3.3989,Participant 1-Upright_frame00102,train,90deg,lateral_Participant1,Participant1,Mesomorph,Normal,,,,,,upright,1.0,0.0,0.0,0.1035431623458862,40.275251554635936,0.1488547629761107,0.0657344460487365,40.275251554635936,43.52966094475976,lateral,1
105,3.4988,Participant 1-Upright_frame00105,train,90deg,lateral_Participant1,Participant1,Mesomorph,Normal,,,,,,upright,1.0,0.0,0.0,0.2446189522743225,33.41667132109541,0.124089694356994,0.0653571188449859,33.41667132109541,52.79245299726648,lateral,1
108,3.5988,Participant 1-Upright_frame00108,train,90deg,lateral_Participant1,Participant1,Mesomorph,Normal,,,,,,upright,1.0,0.0,0.0,0.1687586903572082,38.325527850572016,0.1306586637384145,0.066444307565689,38.325527850572016,53.22169342677961,lateral,1
111,3.6988,Participant 1-Upright_frame00111,train,90deg,lateral_Participant1,Participant1,Mesomorph,Normal,,,,,,upright,1.0,0.0,0.0,0.0335655808448791,38.86313903792354,0.1717260742137538,0.0804195404052734,38.86313903792354,45.49963028567608,lateral,1
114,3.7987,Participant 1-Upright_frame00114,train,90deg,lateral_Participant1,Participant1,Mesomorph,Normal,,,,,,upright,1.0,0.0,0.0,0.1816883087158203,39.49077834202576,0.1084643808445568,0.074438601732254,39.49077834202576,45.07056915391662,lateral,1
117,3.8987,Participant 1-Upright_frame00117,train,90deg,lateral_Participant1,Participant1,Mesomorph,Normal,,,,,,upright,1.0,0.0,0.0,0.1454441547393798,36.5177435945023,0.1479186332739769,0.0791693925857544,36.5177435945023,44.97540039971015,lateral,1
120,3.9987,Participant 1-Upright_frame00120,train,90deg,lateral_Participant1,Participant1,Mesomorph,Normal,,,,,,upright,1.0,0.0,0.0,0.1772458553314209,35.682607474570226,0.1081675986904678,0.0624290704727172,35.682607474570226,38.25233285891121,lateral,1
123,4.0986,Participant 1-Upright_frame00123,train,90deg,lateral_Participant1,Participant1,Mesomorph,Normal,,,,,,upright,1.0,0.0,0.0,0.1540006399154663,38.61282482419445,0.1167811674846983,0.0760549306869506,38.61282482419445,50.41608919925277,lateral,1
126,4.1986,Participant 1-Upright_frame00126,train,90deg,lateral_Participant1,Participant1,Mesomorph,Normal,,,,,,upright,1.0,0.0,0.0,0.1838704943656921,39.76197044405246,0.115637407933535,0.0743143558502197,39.76197044405246,48.2646113205992,lateral,1
129,4.2986,Participant 1-Upright_frame00129,train,90deg,lateral_Participant1,Participant1,Mesomorph,Normal,,,,,,upright,1.0,0.0,0.0,0.2264169454574585,35.7323922778801,0.1103897443507181,0.0740000903606414,35.7323922778801,50.78753513269389,lateral,1
132,4.3985,Participant 1-Upright_frame00132,train,90deg,lateral_Participant1,Participant1,Mesomorph,Normal,,,,,,upright,1.0,0.0,0.0,0.2475848793983459,32.80694209556808,0.0784102919565,0.0612513124942779,32.80694209556808,49.36672523296402,lateral,1
135,4.4985,Participant 1-Upright_frame00135,train,90deg,lateral_Participant1,Participant1,Mesomorph,Normal,,,,,,upright,1.0,0.0,0.0,0.1223756670951843,39.01668684819637,0.153662600130127,0.0808659791946411,39.01668684819637,42.4133707981273,lateral,1
138,4.5985,Participant 1-Upright_frame00138,train,90deg,lateral_Participant1,Participant1,Mesomorph,Normal,,,,,,upright,1.0,0.0,0.0,0.2130582928657531,31.49508266315115,0.0860641329423935,0.0529291033744812,31.49508266315115,54.23399962362,lateral,1
141,4.6984,Participant 1-Upright_frame00141,train,90deg,lateral_Participant1,Participant1,Mesomorph,Normal,,,,,,upright,1.0,0.0,0.0,0.1297027468681335,34.741435012703974,0.1195420758688415,0.0545964241027832,34.741435012703974,52.99915311042247,lateral,1
144,4.7984,Participant 1-Upright_frame00144,train,90deg,lateral_Participant1,Participant1,Mesomorph,Normal,,,,,,upright,1.0,0.0,0.0,0.0744319558143615,35.19115725841116,0.1202074318623953,0.0174274444580078,35.19115725841116,58.236938866206415,lateral,1
147,4.8984,Participant 1-Upright_frame00147,train,90deg,lateral_Participant1,Participant1,Mesomorph,Normal,,,,,,upright,1.0,0.0,0.0,0.1609346270561218,34.167740649726454,0.1081655624054992,0.0573930740356445,34.167740649726454,56.15855040685178,lateral,1
150,4.9983,Participant 1-Upright_frame00150,train,90deg,lateral_Participant1,Participant1,Mesomorph,Normal,,,,,,upright,1.0,0.0,0.0,0.1721788644790649,30.8456452794562,0.1059726684103303,0.0516481101512908,30.8456452794562,49.47666026082168,lateral,1
153,5.0983,Participant 1-Upright_frame00153,train,90deg,lateral_Participant1,Participant1,Mesomorph,Normal,,,,,,upright,1.0,0.0,0.0,0.146408200263977,35.35487142083583,0.1212285475190364,0.0606948137283325,35.35487142083583,50.55009518638191,lateral,1
156,5.1983,Participant 1-Upright_frame00156,train,90deg,lateral_Participant1,Participant1,Mesomorph,Normal,,,,,,upright,1.0,0.0,0.0,0.1314209699630737,33.38779069602409,0.1122787058512296,0.0508609414100647,33.38779069602409,51.583310573802365,lateral,1
159,5.2982,Participant 1-Upright_frame00159,train,90deg,lateral_Participant1,Participant1,Mesomorph,Normal,,,,,,upright,1.0,0.0,0.0,0.1628714203834533,38.53308113264696,0.1142383398417849,0.0703715682029724,38.53308113264696,48.35694727614331,lateral,1
162,5.3982,Participant 1-Upright_frame00162,train,90deg,lateral_Participant1,Participant1,Mesomorph,Normal,,,,,,upright,1.0,0.0,0.0,0.1741412878036499,33.766804306136386,0.1201134143660805,0.0548020005226135,33.766804306136386,56.07277480057715,lateral,1
0,0.0,Participant 2-FHP_frame00000,train,90deg,lateral_Participant2,Participant2,Mesomorph,Normal,,,,,,forward_head,1.0,0.0,0.0,0.2809793353080749,59.28975549210074,0.1774192932976276,0.1426531374454498,59.28975549210074,30.247120541617743,lateral,1
3,0.1,Participant 2-FHP_frame00003,train,90deg,lateral_Participant2,Participant2,Mesomorph,Normal,,,,,,forward_head,1.0,0.0,0.0,0.2338095307350158,58.03892001745974,0.1694615752352878,0.1229617893695831,58.03892001745974,32.10018877097578,lateral,1
6,0.1999,Participant 2-FHP_frame00006,train,90deg,lateral_Participant2,Participant2,Mesomorph,Normal,,,,,,forward_head,1.0,0.0,0.0,0.261568009853363,63.24606700776062,0.1608838367462479,0.1432491838932037,63.24606700776062,28.217121081441483,lateral,1
9,0.2999,Participant 2-FHP_frame00009,train,90deg,lateral_Participant2,Participant2,Mesomorph,Normal,,,,,,forward_head,1.0,0.0,0.0,0.2724685668945312,61.43813852262568,0.1666891870985071,0.143556147813797,61.43813852262568,27.73727267609858,lateral,1
12,0.3999,Participant 2-FHP_frame00012,train,90deg,lateral_Participant2,Participant2,Mesomorph,Normal,,,,,,forward_head,1.0,0.0,0.0,0.205722689628601,59.27489844703316,0.1519366969493567,0.1200065910816192,59.27489844703316,30.461705015806757,lateral,1
15,0.4999,Participant 2-FHP_frame00015,train,90deg,lateral_Participant2,Participant2,Mesomorph,Normal,,,,,,forward_head,1.0,0.0,0.0,0.2394017577171325,57.45973642137997,0.1682961081884668,0.1247234940528869,57.45973642137997,33.115865348514085,lateral,1
18,0.5998,Participant 2-FHP_frame00018,train,90deg,lateral_Participant2,Participant2,Mesomorph,Normal,,,,,,forward_head,1.0,0.0,0.0,0.2470910549163818,57.06952321164461,0.1744281353344192,0.1327325701713562,57.06952321164461,31.45709930721635,lateral,1
21,0.6998,Participant 2-FHP_frame00021,train,90deg,lateral_Participant2,Participant2,Mesomorph,Normal,,,,,,forward_head,1.0,0.0,0.0,0.1969555616378784,53.271983214125726,0.1549837704328222,0.1076127886772155,53.271983214125726,36.74905544632902,lateral,1
24,0.7998,Participant 2-FHP_frame00024,train,90deg,lateral_Participant2,Participant2,Mesomorph,Normal,,,,,,forward_head,1.0,0.0,0.0,0.1558906435966491,53.64283447292036,0.1516908345752905,0.1030910313129425,53.64283447292036,35.00581242716431,lateral,1
27,0.8998,Participant 2-FHP_frame00027,train,90deg,lateral_Participant2,Participant2,Mesomorph,Normal,,,,,,forward_head,1.0,0.0,0.0,0.2445952296257019,57.49914690022184,0.1693851487739143,0.1346015036106109,57.49914690022184,31.1891010185732,lateral,1
30,0.9997,Participant 2-FHP_frame00030,train,90deg,lateral_Participant2,Participant2,Mesomorph,Normal,,,,,,forward_head,1.0,0.0,0.0,0.3202963471412658,54.88975347477324,0.1645717307046718,0.1414468586444854,54.88975347477324,30.12552996215743,lateral,1
33,1.0997,Participant 2-FHP_frame00033,train,90deg,lateral_Participant2,Participant2,Mesomorph,Normal,,,,,,forward_head,1.0,0.0,0.0,0.2823426127433777,57.55221472073211,0.1636168173165939,0.130240261554718,57.55221472073211,31.846613899750004,lateral,1
36,1.1997,Participant 2-FHP_frame00036,train,90deg,lateral_Participant2,Participant2,Mesomorph,Normal,,,,,,forward_head,1.0,0.0,0.0,0.2515711188316345,55.70514245803172,0.1478390199300581,0.1261720359325409,55.70514245803172,32.94360341226521,lateral,1
39,1.2997,Participant 2-FHP_frame00039,train,90deg,lateral_Participant2,Participant2,Mesomorph,Normal,,,,,,forward_head,1.0,0.0,0.0,0.2460004687309265,55.89016784912966,0.1372167407205822,0.1164763271808624,55.89016784912966,31.58367252392533,lateral,1
42,1.3996,Participant 2-FHP_frame00042,train,90deg,lateral_Participant2,Participant2,Mesomorph,Normal,,,,,,forward_head,1.0,0.0,0.0,0.1843000650405883,51.892148955924974,0.1253281565210532,0.1029433012008667,51.892148955924974,35.79096111653141,lateral,1
45,1.4996,Participant 2-FHP_frame00045,train,90deg,lateral_Participant2,Participant2,Mesomorph,Normal,,,,,,forward_head,1.0,0.0,0.0,0.2236322164535522,56.62179418508816,0.1330741580161825,0.1181611120700836,56.62179418508816,32.82901289957631,lateral,1
48,1.5996,Participant 2-FHP_frame00048,train,90deg,lateral_Participant2,Participant2,Mesomorph,Normal,,,,,,forward_head,1.0,0.0,0.0,0.2622942328453064,54.284498226720494,0.1148930723861924,0.1190451979637146,54.284498226720494,33.55910023355885,lateral,1
51,1.6996,Participant 2-FHP_frame00051,train,90deg,lateral_Participant2,Participant2,Mesomorph,Normal,,,,,,forward_head,1.0,0.0,0.0,0.2653321027755737,52.43267119246094,0.1418031923853571,0.1127324104309082,52.43267119246094,33.794670921254784,lateral,1
54,1.7995,Participant 2-FHP_frame00054,train,90deg,lateral_Participant2,Participant2,Mesomorph,Normal,,,,,,forward_head,1.0,0.0,0.0,0.3262341022491455,55.03291326366032,0.1321922429959338,0.1377724111080169,55.03291326366032,33.41845865479929,lateral,1
57,1.8995,Participant 2-FHP_frame00057,train,90deg,lateral_Participant2,Participant2,Mesomorph,Normal,,,,,,forward_head,1.0,0.0,0.0,0.303503155708313,54.96832231035363,0.1154323510068945,0.1226525008678436,54.96832231035363,33.54520446602727,lateral,1
60,1.9995,Participant 2-FHP_frame00060,train,90deg,lateral_Participant2,Participant2,Mesomorph,Normal,,,,,,forward_head,1.0,0.0,0.0,0.2109189629554748,51.15565888277629,0.1264597085396314,0.1031127572059631,51.15565888277629,37.30062253067357,lateral,1
63,2.0995,Participant 2-FHP_frame00063,train,90deg,lateral_Participant2,Participant2,Mesomorph,Normal,,,,,,forward_head,1.0,0.0,0.0,0.3246521353721618,54.82277024724991,0.1427597355545825,0.1304914653301239,54.82277024724991,32.83652705601719,lateral,1
66,2.1994,Participant 2-FHP_frame00066,train,90deg,lateral_Participant2,Participant2,Mesomorph,Normal,,,,,,forward_head,1.0,0.0,0.0,0.1502032279968261,54.41569767594001,0.1277661631803298,0.1134133338928222,54.41569767594001,36.03672328087094,lateral,1
69,2.2994,Participant 2-FHP_frame00069,train,90deg,lateral_Participant2,Participant2,Mesomorph,Normal,,,,,,forward_head,1.0,0.0,0.0,0.2702104449272156,54.180009068417085,0.119718667902474,0.1174721717834472,54.180009068417085,32.99662942750769,lateral,1
72,2.3994,Participant 2-FHP_frame00072,train,90deg,lateral_Participant2,Participant2,Mesomorph,Normal,,,,,,forward_head,1.0,0.0,0.0,0.2012478709220886,52.33447044405926,0.125365362877875,0.1112492084503173,52.33447044405926,34.138319745702205,lateral,1
75,2.4994,Participant 2-FHP_frame00075,train,90deg,lateral_Participant2,Participant2,Mesomorph,Normal,,,,,,forward_head,1.0,0.0,0.0,0.3233396410942077,49.429760765126126,0.1493953313428795,0.1146122813224792,49.429760765126126,32.50818748093207,lateral,1
78,2.5993,Participant 2-FHP_frame00078,train,90deg,lateral_Participant2,Participant2,Mesomorph,Normal,,,,,,forward_head,1.0,0.0,0.0,0.2853397727012634,52.286200319913,0.1612620028401977,0.1182928383350372,52.286200319913,34.3567739730322,lateral,1
81,2.6993,Participant 2-FHP_frame00081,train,90deg,lateral_Participant2,Participant2,Mesomorph,Normal,,,,,,forward_head,1.0,0.0,0.0,0.3044980764389038,48.56398268766887,0.1201953453330202,0.1072244942188263,48.56398268766887,33.254081538144604,lateral,1
84,2.7993,Participant 2-FHP_frame00084,train,90deg,lateral_Participant2,Participant2,Mesomorph,Normal,,,,,,forward_head,1.0,0.0,0.0,0.262584924697876,48.012846957699786,0.0910368034324924,0.0843635499477386,48.012846957699786,38.33457791665146,lateral,1
87,2.8993,Participant 2-FHP_frame00087,train,90deg,lateral_Participant2,Participant2,Mesomorph,Normal,,,,,,forward_head,1.0,0.0,0.0,0.3819867968559265,49.85727718375021,0.0992738235488773,0.1132336258888244,49.85727718375021,35.51018669927658,lateral,1
90,2.9992,Participant 2-FHP_frame00090,train,90deg,lateral_Participant2,Participant2,Mesomorph,Normal,,,,,,forward_head,1.0,0.0,0.0,0.3592914342880249,48.75269179652491,0.1164230129492158,0.1096185445785522,48.75269179652491,45.20205224093351,lateral,1
93,3.0992,Participant 2-FHP_frame00093,train,90deg,lateral_Participant2,Participant2,Mesomorph,Normal,,,,,,forward_head,1.0,0.0,0.0,0.3911276459693908,50.432194639327655,0.0920615408697159,0.106469064950943,50.432194639327655,34.27865379439248,lateral,1
96,3.1992,Participant 2-FHP_frame00096,train,90deg,lateral_Participant2,Participant2,Mesomorph,Normal,,,,,,forward_head,1.0,0.0,0.0,0.2205709815025329,51.44072052735255,0.0880864220597436,0.0936231613159179,51.44072052735255,36.87949415820107,lateral,1
99,3.2992,Participant 2-FHP_frame00099,train,90deg,lateral_Participant2,Participant2,Mesomorph,Normal,,,,,,forward_head,1.0,0.0,0.0,0.319244772195816,49.36229680707516,0.0829488039282324,0.1011169254779815,49.36229680707516,34.28099102742992,lateral,1
102,3.3991,Participant 2-FHP_frame00102,train,90deg,lateral_Participant2,Participant2,Mesomorph,Normal,,,,,,forward_head,1.0,0.0,0.0,0.3503109216690063,47.6804307193398,0.0730199748347258,0.1010050475597381,47.6804307193398,34.306748380941336,lateral,1
105,3.4991,Participant 2-FHP_frame00105,train,90deg,lateral_Participant2,Participant2,Mesomorph,Normal,,,,,,forward_head,1.0,0.0,0.0,0.3565362393856048,49.14849357932837,0.0835890727896954,0.1038243174552917,49.14849357932837,37.73360257468859,lateral,1
108,3.5991,Participant 2-FHP_frame00108,train,90deg,lateral_Participant2,Participant2,Mesomorph,Normal,,,,,,forward_head,1.0,0.0,0.0,0.3339104950428009,48.119962572508776,0.06415791932695,0.0999521911144256,48.119962572508776,34.990780585026656,lateral,1
111,3.6991,Participant 2-FHP_frame00111,train,90deg,lateral_Participant2,Participant2,Mesomorph,Normal,,,,,,forward_head,1.0,0.0,0.0,0.3235320448875427,52.03457446562487,0.0987115993226815,0.1113411784172058,52.03457446562487,35.07005259068558,lateral,1
114,3.799,Participant 2-FHP_frame00114,train,90deg,lateral_Participant2,Participant2,Mesomorph,Normal,,,,,,forward_head,1.0,0.0,0.0,0.284187376499176,50.04152939540141,0.088678868106796,0.1025529503822326,50.04152939540141,34.13863873816128,lateral,1
117,3.899,Participant 2-FHP_frame00117,train,90deg,lateral_Participant2,Participant2,Mesomorph,Normal,,,,,,forward_head,1.0,0.0,0.0,0.3564383089542389,47.69916875389909,0.0537101249233239,0.0909317433834075,47.69916875389909,35.409247116784314,lateral,1
120,3.999,Participant 2-FHP_frame00120,train,90deg,lateral_Participant2,Participant2,Mesomorph,Normal,,,,,,forward_head,1.0,0.0,0.0,0.3532401025295257,50.290254003392015,0.0830809917014334,0.1067495346069336,50.290254003392015,36.76995913282139,lateral,1
123,4.099,Participant 2-FHP_frame00123,train,90deg,lateral_Participant2,Participant2,Mesomorph,Normal,,,,,,forward_head,1.0,0.0,0.0,0.3353414535522461,44.67244562069941,0.0801163314673101,0.0848076343536377,44.67244562069941,38.00412143173467,lateral,1
126,4.1989,Participant 2-FHP_frame00126,train,90deg,lateral_Participant2,Participant2,Mesomorph,Normal,,,,,,forward_head,1.0,0.0,0.0,0.3474916815757751,48.84196298010355,0.076100760290485,0.095680296421051,48.84196298010355,37.92385668000063,lateral,1
129,4.2989,Participant 2-FHP_frame00129,train,90deg,lateral_Participant2,Participant2,Mesomorph,Normal,,,,,,forward_head,1.0,0.0,0.0,0.3469803929328918,50.615592717948175,0.0948451511830338,0.1135057508945465,50.615592717948175,36.0817286812043,lateral,1
132,4.3989,Participant 2-FHP_frame00132,train,90deg,lateral_Participant2,Participant2,Mesomorph,Normal,,,,,,forward_head,1.0,0.0,0.0,0.2738761603832245,47.2673596557383,0.0670181815764436,0.0877301692962646,47.2673596557383,37.08208305434104,lateral,1
135,4.4989,Participant 2-FHP_frame00135,train,90deg,lateral_Participant2,Participant2,Mesomorph,Normal,,,,,,forward_head,1.0,0.0,0.0,0.3206183612346649,47.172105714265896,0.074300419951938,0.0885650813579559,47.172105714265896,38.48957901343312,lateral,1
138,4.5988,Participant 2-FHP_frame00138,train,90deg,lateral_Participant2,Participant2,Mesomorph,Normal,,,,,,forward_head,1.0,0.0,0.0,0.2846133112907409,47.73761579176018,0.0881789471296608,0.0816175639629364,47.73761579176018,40.35977611716898,lateral,1
141,4.6988,Participant 2-FHP_frame00141,train,90deg,lateral_Participant2,Participant2,Mesomorph,Normal,,,,,,forward_head,1.0,0.0,0.0,0.2335744500160217,47.36117536961397,0.0844436040079994,0.0760987997055053,47.36117536961397,39.06577325829427,lateral,1
144,4.7988,Participant 2-FHP_frame00144,train,90deg,lateral_Participant2,Participant2,Mesomorph,Normal,,,,,,forward_head,1.0,0.0,0.0,0.265856385231018,49.688450287034016,0.1038258197511824,0.1028888225555419,49.688450287034016,37.6041788719848,lateral,1
147,4.8988,Participant 2-FHP_frame00147,train,90deg,lateral_Participant2,Participant2,Mesomorph,Normal,,,,,,forward_head,1.0,0.0,0.0,0.2977367043495178,50.59384266473167,0.1210473780300196,0.1148083508014679,50.59384266473167,35.81560956923384,lateral,1
150,4.9987,Participant 2-FHP_frame00150,train,90deg,lateral_Participant2,Participant2,Mesomorph,Normal,,,,,,forward_head,1.0,0.0,0.0,0.2425227165222168,50.61180717830143,0.1209985435584866,0.1038839519023895,50.61180717830143,38.39169880759086,lateral,1
153,5.0987,Participant 2-FHP_frame00153,train,90deg,lateral_Participant2,Participant2,Mesomorph,Normal,,,,,,forward_head,1.0,0.0,0.0,0.3298996686935425,51.34607417001833,0.1130822136524395,0.1220597624778747,51.34607417001833,37.05729796600243,lateral,1
156,5.1987,Participant 2-FHP_frame00156,train,90deg,lateral_Participant2,Participant2,Mesomorph,Normal,,,,,,forward_head,1.0,0.0,0.0,0.2412378191947937,47.281845331469256,0.1157209073299148,0.0951067209243774,47.281845331469256,39.33198067915252,lateral,1
159,5.2987,Participant 2-FHP_frame00159,train,90deg,lateral_Participant2,Participant2,Mesomorph,Normal,,,,,,forward_head,1.0,0.0,0.0,0.2659214735031128,46.40860859875516,0.1052135434078166,0.0948041975498199,46.40860859875516,39.59766441797039,lateral,1
162,5.3986,Participant 2-FHP_frame00162,train,90deg,lateral_Participant2,Participant2,Mesomorph,Normal,,,,,,forward_head,1.0,0.0,0.0,0.2321501970291137,46.82167008634538,0.1226053147155872,0.0928464531898498,46.82167008634538,40.28425608308065,lateral,1
165,5.4986,Participant 2-FHP_frame00165,train,90deg,lateral_Participant2,Participant2,Mesomorph,Normal,,,,,,forward_head,1.0,0.0,0.0,0.2377266883850097,49.30633619391104,0.1404597624789728,0.1138167977333068,49.30633619391104,40.503899895534005,lateral,1
168,5.5986,Participant 2-FHP_frame00168,train,90deg,lateral_Participant2,Participant2,Mesomorph,Normal,,,,,,forward_head,1.0,0.0,0.0,0.3074623942375183,47.19764243990636,0.1240902391667631,0.1107736229896545,47.19764243990636,35.73962284787976,lateral,1
171,5.6986,Participant 2-FHP_frame00171,train,90deg,lateral_Participant2,Participant2,Mesomorph,Normal,,,,,,forward_head,1.0,0.0,0.0,0.2898653745651245,46.22974888072212,0.1032141238741184,0.1142030954360961,46.22974888072212,39.868321781647296,lateral,1
174,5.7985,Participant 2-FHP_frame00174,train,90deg,lateral_Participant2,Participant2,Mesomorph,Normal,,,,,,forward_head,1.0,0.0,0.0,0.3258271813392639,46.97993643573802,0.1134843809411419,0.11137056350708,46.97993643573802,39.83938877737288,lateral,1
177,5.8985,Participant 2-FHP_frame00177,train,90deg,lateral_Participant2,Participant2,Mesomorph,Normal,,,,,,forward_head,1.0,0.0,0.0,0.2862178683280945,47.3958934808721,0.1518656319108245,0.1202191710472107,47.3958934808721,38.92890281967531,lateral,1
0,0.0,Participant 2-Upright 2_frame00000,train,90deg,lateral_Participant2,Participant2,Mesomorph,Normal,,,,,,upright,1.0,0.0,0.0,0.398516297340393,33.42236208440483,0.1504097562652734,0.0661092102527618,33.42236208440483,57.398578573660494,lateral,1
3,0.1,Participant 2-Upright 2_frame00003,train,90deg,lateral_Participant2,Participant2,Mesomorph,Normal,,,,,,upright,1.0,0.0,0.0,0.1969214081764221,33.62857679332553,0.151970053057411,0.0497323274612426,33.62857679332553,63.302136635580986,lateral,1
6,0.1999,Participant 2-Upright 2_frame00006,train,90deg,lateral_Participant2,Participant2,Mesomorph,Normal,,,,,,upright,1.0,0.0,0.0,0.1875186562538147,31.95837176184348,0.1306560221518646,0.0230976343154907,31.95837176184348,65.9775639631554,lateral,1
9,0.2999,Participant 2-Upright 2_frame00009,train,90deg,lateral_Participant2,Participant2,Mesomorph,Normal,,,,,,upright,1.0,0.0,0.0,0.2093127965927124,31.885705761653647,0.1742562869760049,0.0484003722667694,31.885705761653647,59.2462397024925,lateral,1
12,0.3999,Participant 2-Upright 2_frame00012,train,90deg,lateral_Participant2,Participant2,Mesomorph,Normal,,,,,,upright,1.0,0.0,0.0,0.3070085644721985,32.92112785343001,0.0655816653657863,0.0501851439476013,32.92112785343001,57.417759505282746,lateral,1
15,0.4999,Participant 2-Upright 2_frame00015,train,90deg,lateral_Participant2,Participant2,Mesomorph,Normal,,,,,,upright,1.0,0.0,0.0,0.2316431999206543,32.04050265001355,0.0788412018081291,0.0289313197135925,32.04050265001355,60.82924602313429,lateral,1
18,0.5998,Participant 2-Upright 2_frame00018,train,90deg,lateral_Participant2,Participant2,Mesomorph,Normal,,,,,,upright,1.0,0.0,0.0,0.2768235802650451,31.53247728573223,0.1131745759400936,0.0447799563407897,31.53247728573223,58.64810792254992,lateral,1
21,0.6998,Participant 2-Upright 2_frame00021,train,90deg,lateral_Participant2,Participant2,Mesomorph,Normal,,,,,,upright,1.0,0.0,0.0,0.2151517868041992,30.430850436967564,0.0844018794901038,0.0223931074142456,30.430850436967564,61.87398754662754,lateral,1
24,0.7998,Participant 2-Upright 2_frame00024,train,90deg,lateral_Participant2,Participant2,Mesomorph,Normal,,,,,,upright,1.0,0.0,0.0,0.2205909490585327,32.36392330447673,0.1053670339435887,0.034841239452362,32.36392330447673,61.542554875404136,lateral,1
27,0.8998,Participant 2-Upright 2_frame00027,train,90deg,lateral_Participant2,Participant2,Mesomorph,Normal,,,,,,upright,1.0,0.0,0.0,0.2836616635322571,32.183853115900334,0.0978774451781182,0.0413157939910888,32.183853115900334,58.257633719468686,lateral,1
30,0.9997,Participant 2-Upright 2_frame00030,train,90deg,lateral_Participant2,Participant2,Mesomorph,Normal,,,,,,upright,1.0,0.0,0.0,0.0949787497520446,33.41449145708091,0.0594716519139439,0.0121535062789917,33.41449145708091,62.97694263203607,lateral,1
33,1.0997,Participant 2-Upright 2_frame00033,train,90deg,lateral_Participant2,Participant2,Mesomorph,Normal,,,,,,upright,1.0,0.0,0.0,0.2284510135650634,30.99007651918177,0.0807750247797462,0.0166277885437011,30.99007651918177,61.44954194680828,lateral,1
36,1.1997,Participant 2-Upright 2_frame00036,train,90deg,lateral_Participant2,Participant2,Mesomorph,Normal,,,,,,upright,1.0,0.0,0.0,0.3016467690467834,33.455140475383054,0.0830286200969127,0.0440534055233001,33.455140475383054,57.70125451128281,lateral,1
39,1.2997,Participant 2-Upright 2_frame00039,train,90deg,lateral_Participant2,Participant2,Mesomorph,Normal,,,,,,upright,1.0,0.0,0.0,0.223714530467987,33.02287920087915,0.0560590605118577,0.0176852941513061,33.02287920087915,61.59099140910841,lateral,1
42,1.3996,Participant 2-Upright 2_frame00042,train,90deg,lateral_Participant2,Participant2,Mesomorph,Normal,,,,,,upright,1.0,0.0,0.0,0.2401589155197143,32.628870946598845,0.0752225391034674,0.0285127460956573,32.628870946598845,60.86287962039132,lateral,1
45,1.4996,Participant 2-Upright 2_frame00045,train,90deg,lateral_Participant2,Participant2,Mesomorph,Normal,,,,,,upright,1.0,0.0,0.0,0.2212703824043274,33.96053923434815,0.1249270967741214,0.0343270301818847,33.96053923434815,63.92666745455043,lateral,1
48,1.5996,Participant 2-Upright 2_frame00048,train,90deg,lateral_Participant2,Participant2,Mesomorph,Normal,,,,,,upright,1.0,0.0,0.0,0.1683876514434814,32.5647599680885,0.1078413178574951,0.0250687301158905,32.5647599680885,63.59476509954555,lateral,1
51,1.6996,Participant 2-Upright 2_frame00051,train,90deg,lateral_Participant2,Participant2,Mesomorph,Normal,,,,,,upright,1.0,0.0,0.0,0.2377655506134033,32.23854602745175,0.0699960530685362,0.0203238427639007,32.23854602745175,64.83120610284227,lateral,1
54,1.7995,Participant 2-Upright 2_frame00054,train,90deg,lateral_Participant2,Participant2,Mesomorph,Normal,,,,,,upright,1.0,0.0,0.0,0.2910140752792358,32.89556645749716,0.1011534391625448,0.0364480912685394,32.89556645749716,61.40431433775793,lateral,1
57,1.8995,Participant 2-Upright 2_frame00057,train,90deg,lateral_Participant2,Participant2,Mesomorph,Normal,,,,,,upright,1.0,0.0,0.0,0.2430383563041687,33.74675726128259,0.098086955779556,0.0497138500213623,33.74675726128259,56.49991442258421,lateral,1
60,1.9995,Participant 2-Upright 2_frame00060,train,90deg,lateral_Participant2,Participant2,Mesomorph,Normal,,,,,,upright,1.0,0.0,0.0,0.2756317257881164,34.80633108948854,0.0850272395176797,0.0489898920059204,34.80633108948854,58.08528938819849,lateral,1
63,2.0995,Participant 2-Upright 2_frame00063,train,90deg,lateral_Participant2,Participant2,Mesomorph,Normal,,,,,,upright,1.0,0.0,0.0,0.2101314663887024,36.64050086911024,0.1047916719895412,0.067432701587677,36.64050086911024,50.86295842990291,lateral,1
66,2.1994,Participant 2-Upright 2_frame00066,train,90deg,lateral_Participant2,Participant2,Mesomorph,Normal,,,,,,upright,1.0,0.0,0.0,0.1759478449821472,33.804733876744585,0.0979817609994148,0.0256407260894775,33.804733876744585,61.87145529140585,lateral,1
69,2.2994,Participant 2-Upright 2_frame00069,train,90deg,lateral_Participant2,Participant2,Mesomorph,Normal,,,,,,upright,1.0,0.0,0.0,0.2172797322273254,36.0014351577314,0.1509818348527394,0.053012728691101,36.0014351577314,61.91371057969194,lateral,1
72,2.3994,Participant 2-Upright 2_frame00072,train,90deg,lateral_Participant2,Participant2,Mesomorph,Normal,,,,,,upright,1.0,0.0,0.0,0.23367440700531,35.391923688206404,0.1184529868743578,0.0435275733470916,35.391923688206404,59.11107598404495,lateral,1
75,2.4994,Participant 2-Upright 2_frame00075,train,90deg,lateral_Participant2,Participant2,Mesomorph,Normal,,,,,,upright,1.0,0.0,0.0,0.2287682294845581,31.988340055006663,0.0790354050837715,0.0257011950016021,31.988340055006663,62.26404496940262,lateral,1
78,2.5993,Participant 2-Upright 2_frame00078,train,90deg,lateral_Participant2,Participant2,Mesomorph,Normal,,,,,,upright,1.0,0.0,0.0,0.2038241624832153,36.89074824012378,0.1183100154886101,0.0555774569511413,36.89074824012378,59.88136151464702,lateral,1
81,2.6993,Participant 2-Upright 2_frame00081,train,90deg,lateral_Participant2,Participant2,Mesomorph,Normal,,,,,,upright,1.0,0.0,0.0,0.0500364303588867,35.50238251340879,0.1156850950638214,0.0306356251239776,35.50238251340879,55.87904801284752,lateral,1
84,2.7993,Participant 2-Upright 2_frame00084,train,90deg,lateral_Participant2,Participant2,Mesomorph,Normal,,,,,,upright,1.0,0.0,0.0,0.2266098260879516,34.09583880000549,0.0755362070824223,0.0274779796600341,34.09583880000549,60.43920011286969,lateral,1
87,2.8993,Participant 2-Upright 2_frame00087,train,90deg,lateral_Participant2,Participant2,Mesomorph,Normal,,,,,,upright,1.0,0.0,0.0,0.2257996797561645,34.17144416499156,0.1003620336844585,0.0403817892074584,34.17144416499156,54.24939450496056,lateral,1
90,2.9992,Participant 2-Upright 2_frame00090,train,90deg,lateral_Participant2,Participant2,Mesomorph,Normal,,,,,,upright,1.0,0.0,0.0,0.2055712342262268,35.62825529475536,0.1039696881945074,0.0368765294551849,35.62825529475536,57.44807540176347,lateral,1
93,3.0992,Participant 2-Upright 2_frame00093,train,90deg,lateral_Participant2,Participant2,Mesomorph,Normal,,,,,,upright,1.0,0.0,0.0,0.1314824819564819,32.3071402867032,0.0898369392123387,0.0113444626331329,32.3071402867032,62.06483111891232,lateral,1
96,3.1992,Participant 2-Upright 2_frame00096,train,90deg,lateral_Participant2,Participant2,Mesomorph,Normal,,,,,,upright,1.0,0.0,0.0,0.1117207407951355,35.82689244003193,0.1197576463007016,0.0357780456542968,35.82689244003193,57.45254508936251,lateral,1
99,3.2992,Participant 2-Upright 2_frame00099,train,90deg,lateral_Participant2,Participant2,Mesomorph,Normal,,,,,,upright,1.0,0.0,0.0,0.089799165725708,34.785970879640615,0.1368302828891241,0.0301592051982879,34.785970879640615,58.36567570284163,lateral,1
102,3.3991,Participant 2-Upright 2_frame00102,train,90deg,lateral_Participant2,Participant2,Mesomorph,Normal,,,,,,upright,1.0,0.0,0.0,0.0181831717491149,34.33077089450717,0.1592490276098117,0.0242606103420257,34.33077089450717,67.66086635911252,lateral,1
105,3.4991,Participant 2-Upright 2_frame00105,train,90deg,lateral_Participant2,Participant2,Mesomorph,Normal,,,,,,upright,1.0,0.0,0.0,0.1227040886878967,30.809830823171747,0.1049214419774585,0.0113787353038787,30.809830823171747,61.35221215548548,lateral,1
108,3.5991,Participant 2-Upright 2_frame00108,train,90deg,lateral_Participant2,Participant2,Mesomorph,Normal,,,,,,upright,1.0,0.0,0.0,0.0191869735717773,36.35394705022832,0.1408361072852682,0.0424194037914276,36.35394705022832,61.24044394717848,lateral,1
111,3.6991,Participant 2-Upright 2_frame00111,train,90deg,lateral_Participant2,Participant2,Mesomorph,Normal,,,,,,upright,1.0,0.0,0.0,-0.0252887606620788,30.353450629921717,0.1409002655062237,0.0052869319915771,30.353450629921717,63.41987597286453,lateral,1
114,3.799,Participant 2-Upright 2_frame00114,train,90deg,lateral_Participant2,Participant2,Mesomorph,Normal,,,,,,upright,1.0,0.0,0.0,0.0342696905136108,32.023685183437735,0.0841000741680318,0.0078310370445251,32.023685183437735,60.49705992492651,lateral,1
117,3.899,Participant 2-Upright 2_frame00117,train,90deg,lateral_Participant2,Participant2,Mesomorph,Normal,,,,,,upright,1.0,0.0,0.0,0.0636650919914245,36.043863062390855,0.1718372939980749,0.0355526208877563,36.043863062390855,62.68282078201663,lateral,1
120,3.999,Participant 2-Upright 2_frame00120,train,90deg,lateral_Participant2,Participant2,Mesomorph,Normal,,,,,,upright,1.0,0.0,0.0,0.150154709815979,34.84093449281162,0.1249433161249845,0.0363991260528564,34.84093449281162,63.66447262254904,lateral,1
123,4.099,Participant 2-Upright 2_frame00123,train,90deg,lateral_Participant2,Participant2,Mesomorph,Normal,,,,,,upright,1.0,0.0,0.0,0.1428465247154235,35.070260950182934,0.1032278223973631,0.0396035313606262,35.070260950182934,54.19819710253751,lateral,1
126,4.1989,Participant 2-Upright 2_frame00126,train,90deg,lateral_Participant2,Participant2,Mesomorph,Normal,,,,,,upright,1.0,0.0,0.0,0.0465084910392761,35.10601621753706,0.1584728297229843,0.0351986587047576,35.10601621753706,54.920396450618185,lateral,1
129,4.2989,Participant 2-Upright 2_frame00129,train,90deg,lateral_Participant2,Participant2,Mesomorph,Normal,,,,,,upright,1.0,0.0,0.0,0.1256898045539856,30.904390434123524,0.0649135130446931,0.0241360366344451,30.904390434123524,58.08069757502347,lateral,1
132,4.3989,Participant 2-Upright 2_frame00132,train,90deg,lateral_Participant2,Participant2,Mesomorph,Normal,,,,,,upright,1.0,0.0,0.0,0.0411208868026733,33.2548969078227,0.09616043665126,0.0354858934879303,33.2548969078227,59.68279713621698,lateral,1
135,4.4989,Participant 2-Upright 2_frame00135,train,90deg,lateral_Participant2,Participant2,Mesomorph,Normal,,,,,,upright,1.0,0.0,0.0,0.0208364725112915,32.70386282285784,0.1078755758406209,0.0367666184902191,32.70386282285784,56.93585033758725,lateral,1
138,4.5988,Participant 2-Upright 2_frame00138,train,90deg,lateral_Participant2,Participant2,Mesomorph,Normal,,,,,,upright,1.0,0.0,0.0,0.0558695793151855,33.65093860378419,0.1134624732086955,0.0458727180957794,33.65093860378419,50.5127620238503,lateral,1
141,4.6988,Participant 2-Upright 2_frame00141,train,90deg,lateral_Participant2,Participant2,Mesomorph,Normal,,,,,,upright,1.0,0.0,0.0,0.036970317363739,30.957931624810783,0.076539563833665,0.02117720246315,30.957931624810783,58.89760260616928,lateral,1
144,4.7988,Participant 2-Upright 2_frame00144,train,90deg,lateral_Participant2,Participant2,Mesomorph,Normal,,,,,,upright,1.0,0.0,0.0,0.1303646564483642,36.20227950025866,0.1212183573508248,0.0452832281589508,36.20227950025866,58.18789125106913,lateral,1
147,4.8988,Participant 2-Upright 2_frame00147,train,90deg,lateral_Participant2,Participant2,Mesomorph,Normal,,,,,,upright,1.0,0.0,0.0,0.1032140851020813,33.284520225521405,0.0868151329846289,0.0236670970916748,33.284520225521405,59.36172303076514,lateral,1
150,4.9987,Participant 2-Upright 2_frame00150,train,90deg,lateral_Participant2,Participant2,Mesomorph,Normal,,,,,,upright,1.0,0.0,0.0,0.0980733633041381,35.26572990100219,0.097147814907552,0.0437337160110473,35.26572990100219,58.1048106080292,lateral,1
153,5.0987,Participant 2-Upright 2_frame00153,train,90deg,lateral_Participant2,Participant2,Mesomorph,Normal,,,,,,upright,1.0,0.0,0.0,0.1924371123313903,33.71398418024673,0.1008279022407473,0.0426089763641357,33.71398418024673,57.73534561951836,lateral,1
156,5.1987,Participant 2-Upright 2_frame00156,train,90deg,lateral_Participant2,Participant2,Mesomorph,Normal,,,,,,upright,1.0,0.0,0.0,0.2940020561218261,34.80951790069508,0.1223133400758683,0.067385047674179,34.80951790069508,57.22284388948886,lateral,1
159,5.2987,Participant 2-Upright 2_frame00159,train,90deg,lateral_Participant2,Participant2,Mesomorph,Normal,,,,,,upright,1.0,0.0,0.0,0.1486203074455261,39.62955274495306,0.1648351436725433,0.071376085281372,39.62955274495306,59.81466704043383,lateral,1
162,5.3986,Participant 2-Upright 2_frame00162,train,90deg,lateral_Participant2,Participant2,Mesomorph,Normal,,,,,,upright,1.0,0.0,0.0,0.1783559322357177,35.648593754332644,0.1405520717933941,0.0498166680335998,35.648593754332644,63.29234416748893,lateral,1
165,5.4986,Participant 2-Upright 2_frame00165,train,90deg,lateral_Participant2,Participant2,Mesomorph,Normal,,,,,,upright,1.0,0.0,0.0,0.1704583168029785,30.904060675717336,0.1001882560710826,0.0320294201374053,30.904060675717336,60.13739780875164,lateral,1
168,5.5986,Participant 2-Upright 2_frame00168,train,90deg,lateral_Participant2,Participant2,Mesomorph,Normal,,,,,,upright,1.0,0.0,0.0,0.0920470356941223,35.537943627959656,0.102609410965992,0.0330812931060791,35.537943627959656,60.042283742225486,lateral,1
171,5.6986,Participant 2-Upright 2_frame00171,train,90deg,lateral_Participant2,Participant2,Mesomorph,Normal,,,,,,upright,1.0,0.0,0.0,0.05426687002182,36.690706132209904,0.0971685967337883,0.0374809503555297,36.690706132209904,59.396403509824616,lateral,1
174,5.7985,Participant 2-Upright 2_frame00174,train,90deg,lateral_Participant2,Participant2,Mesomorph,Normal,,,,,,upright,1.0,0.0,0.0,0.1000885367393493,37.55817500030023,0.090715549993815,0.0274444818496704,37.55817500030023,60.14399189167198,lateral,1
177,5.8985,Participant 2-Upright 2_frame00177,train,90deg,lateral_Participant2,Participant2,Mesomorph,Normal,,,,,,upright,1.0,0.0,0.0,0.0953433513641357,34.73403214918115,0.0726795304792081,0.0131326615810394,34.73403214918115,65.40127758118504,lateral,1
180,5.9985,Participant 2-Upright 2_frame00180,train,90deg,lateral_Participant2,Participant2,Mesomorph,Normal,,,,,,upright,1.0,0.0,0.0,0.1072432398796081,36.90062282311783,0.1202425870438268,0.0363582372665405,36.90062282311783,60.22346508316881,lateral,1
183,6.0985,Participant 2-Upright 2_frame00183,train,90deg,lateral_Participant2,Participant2,Mesomorph,Normal,,,,,,upright,1.0,0.0,0.0,0.1985139846801757,30.687172967105507,0.0642618733396474,0.0267394483089447,30.687172967105507,55.40445075729942,lateral,1
186,6.1984,Participant 2-Upright 2_frame00186,train,90deg,lateral_Participant2,Participant2,Mesomorph,Normal,,,,,,upright,1.0,0.0,0.0,0.045040488243103,33.0501777103229,0.0916769090879328,0.0169468522071838,33.0501777103229,62.37205681094664,lateral,1
0,0.0,Participant 2-Upright_frame00000,train,90deg,lateral_Participant2,Participant2,Mesomorph,Normal,,,,,,upright,1.0,0.0,0.0,0.2867058217525482,27.57360126618736,0.0341709355451812,0.0224863290786743,27.57360126618736,59.92874879567764,lateral,1
3,0.1,Participant 2-Upright_frame00003,train,90deg,lateral_Participant2,Participant2,Mesomorph,Normal,,,,,,upright,1.0,0.0,0.0,0.3084058463573456,29.868479694772294,0.0356898722672796,0.0261690914630889,29.868479694772294,60.073607329019694,lateral,1
6,0.1999,Participant 2-Upright_frame00006,train,90deg,lateral_Participant2,Participant2,Mesomorph,Normal,,,,,,upright,1.0,0.0,0.0,0.2336543798446655,29.535027724355032,0.0594672614782406,0.0350288450717926,29.535027724355032,60.809926714151175,lateral,1
9,0.2999,Participant 2-Upright_frame00009,train,90deg,lateral_Participant2,Participant2,Mesomorph,Normal,,,,,,upright,1.0,0.0,0.0,0.2206589579582214,31.106297233763502,0.017396658525831,0.0330682396888732,31.106297233763502,60.911487174906405,lateral,1
12,0.3999,Participant 2-Upright_frame00012,train,90deg,lateral_Participant2,Participant2,Mesomorph,Normal,,,,,,upright,1.0,0.0,0.0,0.256969153881073,27.45651510241229,0.0215437782430237,0.0191957652568817,27.45651510241229,61.55622200477218,lateral,1
15,0.4999,Participant 2-Upright_frame00015,train,90deg,lateral_Participant2,Participant2,Mesomorph,Normal,,,,,,upright,1.0,0.0,0.0,0.2645953595638275,29.326726264884837,0.0239903807317248,0.0230367481708526,29.326726264884837,62.2793442484439,lateral,1
18,0.5998,Participant 2-Upright_frame00018,train,90deg,lateral_Participant2,Participant2,Mesomorph,Normal,,,,,,upright,1.0,0.0,0.0,0.2926191389560699,27.04487006960069,0.0214903425222229,0.0262388885021209,27.04487006960069,59.477255745316086,lateral,1
21,0.6998,Participant 2-Upright_frame00021,train,90deg,lateral_Participant2,Participant2,Mesomorph,Normal,,,,,,upright,1.0,0.0,0.0,0.2830959260463714,28.403578794443668,0.0214709648933036,0.0170221328735351,28.403578794443668,60.79147042491005,lateral,1
24,0.7998,Participant 2-Upright_frame00024,train,90deg,lateral_Participant2,Participant2,Mesomorph,Normal,,,,,,upright,1.0,0.0,0.0,0.3185298144817352,29.64250088796873,0.0317802109682248,0.0246859490871429,29.64250088796873,60.73736597888973,lateral,1
27,0.8998,Participant 2-Upright_frame00027,train,90deg,lateral_Participant2,Participant2,Mesomorph,Normal,,,,,,upright,1.0,0.0,0.0,0.2916833460330963,27.73386435015709,0.0270897218828642,0.0268535912036895,27.73386435015709,60.20992556102476,lateral,1
30,0.9997,Participant 2-Upright_frame00030,train,90deg,lateral_Participant2,Participant2,Mesomorph,Normal,,,,,,upright,1.0,0.0,0.0,0.3077092468738556,29.046055518672013,0.032214692874569,0.0323329865932464,29.046055518672013,60.38410204635689,lateral,1
33,1.0997,Participant 2-Upright_frame00033,train,90deg,lateral_Participant2,Participant2,Mesomorph,Normal,,,,,,upright,1.0,0.0,0.0,0.3284916877746582,28.360055495272466,0.0321069338299626,0.0126176476478576,28.360055495272466,63.70994385531307,lateral,1
36,1.1997,Participant 2-Upright_frame00036,train,90deg,lateral_Participant2,Participant2,Mesomorph,Normal,,,,,,upright,1.0,0.0,0.0,0.3378689587116241,26.67173690436639,0.0283800149491877,0.0163189470767974,26.67173690436639,61.12413155317889,lateral,1
39,1.2997,Participant 2-Upright_frame00039,train,90deg,lateral_Participant2,Participant2,Mesomorph,Normal,,,,,,upright,1.0,0.0,0.0,0.2585857510566711,27.67608973973239,0.0174531635004058,0.0088948607444763,27.67608973973239,64.24248820339123,lateral,1
42,1.3996,Participant 2-Upright_frame00042,train,90deg,lateral_Participant2,Participant2,Mesomorph,Normal,,,,,,upright,1.0,0.0,0.0,0.1944084167480468,28.316606071885523,0.0507206185383725,0.0184546709060668,28.316606071885523,62.59061300485844,lateral,1
45,1.4996,Participant 2-Upright_frame00045,train,90deg,lateral_Participant2,Participant2,Mesomorph,Normal,,,,,,upright,1.0,0.0,0.0,0.3527843654155731,25.725683984935905,0.0340794336730484,-0.0017361044883728,25.725683984935905,63.780309410358434,lateral,1
48,1.5996,Participant 2-Upright_frame00048,train,90deg,lateral_Participant2,Participant2,Mesomorph,Normal,,,,,,upright,1.0,0.0,0.0,0.3171795010566711,27.543616981901145,0.0203935789103504,0.0159412324428558,27.543616981901145,60.19766285984914,lateral,1
51,1.6996,Participant 2-Upright_frame00051,train,90deg,lateral_Participant2,Participant2,Mesomorph,Normal,,,,,,upright,1.0,0.0,0.0,0.2984629869461059,27.64537368602268,0.0292727696741169,0.0204850137233734,27.64537368602268,61.523821673119386,lateral,1
54,1.7995,Participant 2-Upright_frame00054,train,90deg,lateral_Participant2,Participant2,Mesomorph,Normal,,,,,,upright,1.0,0.0,0.0,0.2719282507896423,26.273704731981223,0.0225079728346564,0.0139482915401458,26.273704731981223,60.26440153000734,lateral,1
57,1.8995,Participant 2-Upright_frame00057,train,90deg,lateral_Participant2,Participant2,Mesomorph,Normal,,,,,,upright,1.0,0.0,0.0,0.3218272626399994,29.64597153278143,0.0244622275011095,0.0104265809059143,29.64597153278143,63.07142182579727,lateral,1
60,1.9995,Participant 2-Upright_frame00060,train,90deg,lateral_Participant2,Participant2,Mesomorph,Normal,,,,,,upright,1.0,0.0,0.0,0.2548026144504547,26.686264349319792,0.0325657944401588,0.0094525814056396,26.686264349319792,60.3291155137207,lateral,1
63,2.0995,Participant 2-Upright_frame00063,train,90deg,lateral_Participant2,Participant2,Mesomorph,Normal,,,,,,upright,1.0,0.0,0.0,0.2764351367950439,25.165811838018247,0.0304202786383619,0.0019154846668243,25.165811838018247,62.30782217911703,lateral,1
66,2.1994,Participant 2-Upright_frame00066,train,90deg,lateral_Participant2,Participant2,Mesomorph,Normal,,,,,,upright,1.0,0.0,0.0,0.3346993327140808,26.288331058787275,0.0196642099388922,0.0101203024387359,26.288331058787275,63.03310892750736,lateral,1
69,2.2994,Participant 2-Upright_frame00069,train,90deg,lateral_Participant2,Participant2,Mesomorph,Normal,,,,,,upright,1.0,0.0,0.0,0.2956637442111969,27.451258962292,0.0384124339299975,0.0116631686687469,27.451258962292,64.49704911614461,lateral,1
72,2.3994,Participant 2-Upright_frame00072,train,90deg,lateral_Participant2,Participant2,Mesomorph,Normal,,,,,,upright,1.0,0.0,0.0,0.1110782623291015,25.652630109792923,0.0430958235414522,-0.0124910473823547,25.652630109792923,65.74373747776008,lateral,1
75,2.4994,Participant 2-Upright_frame00075,train,90deg,lateral_Participant2,Participant2,Mesomorph,Normal,,,,,,upright,1.0,0.0,0.0,0.2403565347194671,28.120938620800946,0.0201410948965827,0.0098618268966674,28.120938620800946,62.839704302121525,lateral,1
78,2.5993,Participant 2-Upright_frame00078,train,90deg,lateral_Participant2,Participant2,Mesomorph,Normal,,,,,,upright,1.0,0.0,0.0,0.23172527551651,29.2114361940772,0.06664519986668,0.0190560221672058,29.2114361940772,61.823213482001016,lateral,1
90,2.9992,Participant 2-Upright_frame00090,train,90deg,lateral_Participant2,Participant2,Mesomorph,Normal,,,,,,upright,1.0,0.0,0.0,0.0316371098160743,34.23014168400663,0.1120102715237831,0.0345902889966964,34.23014168400663,47.92396918416076,lateral,1
96,3.1992,Participant 2-Upright_frame00096,train,90deg,lateral_Participant2,Participant2,Mesomorph,Normal,,,,,,upright,1.0,0.0,0.0,0.157363686710596,39.269822108904,0.0893601337076974,0.0375046133995056,39.269822108904,57.03689348346475,lateral,1
99,3.2992,Participant 2-Upright_frame00099,train,90deg,lateral_Participant2,Participant2,Mesomorph,Normal,,,,,,upright,1.0,0.0,0.0,0.0605953875929117,19.42405117190961,0.0971672126426609,0.0159458369016647,19.42405117190961,50.0128474980557,lateral,1
102,3.3991,Participant 2-Upright_frame00102,train,90deg,lateral_Participant2,Participant2,Mesomorph,Normal,,,,,,upright,1.0,0.0,0.0,0.2985881268978119,26.422482804324552,0.0996547829349625,0.0584252476692199,26.422482804324552,45.8953928058738,lateral,1
105,3.4991,Participant 2-Upright_frame00105,train,90deg,lateral_Participant2,Participant2,Mesomorph,Normal,,,,,,upright,1.0,0.0,0.0,0.3330607712268829,39.3175196918862,0.1004687458360913,0.0661751627922058,39.3175196918862,61.107334422814816,lateral,1
108,3.5991,Participant 2-Upright_frame00108,train,90deg,lateral_Participant2,Participant2,Mesomorph,Normal,,,,,,upright,1.0,0.0,0.0,0.3564064353704452,33.896726826122126,0.0500975938368396,0.0280097424983978,33.896726826122126,67.74449661276472,lateral,1
111,3.6991,Participant 2-Upright_frame00111,train,90deg,lateral_Participant2,Participant2,Mesomorph,Normal,,,,,,upright,1.0,0.0,0.0,0.2526600658893585,31.014121851383603,0.0989959884754344,0.0664850324392318,31.014121851383603,39.322540397255175,lateral,1
114,3.799,Participant 2-Upright_frame00114,train,90deg,lateral_Participant2,Participant2,Mesomorph,Normal,,,,,,upright,1.0,0.0,0.0,0.2285113483667373,43.93011510747397,0.094485011742976,0.0526959300041198,43.93011510747397,42.5327347659366,lateral,1
117,3.899,Participant 2-Upright_frame00117,train,90deg,lateral_Participant2,Participant2,Mesomorph,Normal,,,,,,upright,1.0,0.0,0.0,0.2307424992322921,35.72401712777734,0.0772451426471348,0.0473124980926513,35.72401712777734,59.37435624725171,lateral,1
120,3.999,Participant 2-Upright_frame00120,train,90deg,lateral_Participant2,Participant2,Mesomorph,Normal,,,,,,upright,1.0,0.0,0.0,0.3067751079797745,39.24412620130807,0.1190656468764651,0.0680968463420867,39.24412620130807,52.40589096333971,lateral,1
123,4.099,Participant 2-Upright_frame00123,train,90deg,lateral_Participant2,Participant2,Mesomorph,Normal,,,,,,upright,1.0,0.0,0.0,0.3713651159778237,33.75717407958945,0.0931698090882957,0.0457469820976257,33.75717407958945,51.44159043964561,lateral,1
126,4.1989,Participant 2-Upright_frame00126,train,90deg,lateral_Participant2,Participant2,Mesomorph,Normal,,,,,,upright,1.0,0.0,0.0,0.380041804164648,31.687473054033536,0.0682610799943341,0.0395165383815765,31.687473054033536,50.94750137088173,lateral,1
129,4.2989,Participant 2-Upright_frame00129,train,90deg,lateral_Participant2,Participant2,Mesomorph,Normal,,,,,,upright,1.0,0.0,0.0,0.3776089400053024,28.410999076415408,0.0626099613997344,0.041047602891922,28.410999076415408,55.48788895212938,lateral,1
132,4.3989,Participant 2-Upright_frame00132,train,90deg,lateral_Participant2,Participant2,Mesomorph,Normal,,,,,,upright,1.0,0.0,0.0,0.3428334556519985,26.738688314771576,0.0785278998771149,0.0310489237308502,26.738688314771576,51.92298253224834,lateral,1
135,4.4989,Participant 2-Upright_frame00135,train,90deg,lateral_Participant2,Participant2,Mesomorph,Normal,,,,,,upright,1.0,0.0,0.0,0.3259635865688324,32.343308728613735,0.0763590404784222,0.0330474376678466,32.343308728613735,62.17658009189222,lateral,1
138,4.5988,Participant 2-Upright_frame00138,train,90deg,lateral_Participant2,Participant2,Mesomorph,Normal,,,,,,upright,1.0,0.0,0.0,0.3369872868061065,21.573037782572225,0.030615618602649,-0.019007384777069,21.573037782572225,58.9238318600834,lateral,1
141,4.6988,Participant 2-Upright_frame00141,train,90deg,lateral_Participant2,Participant2,Mesomorph,Normal,,,,,,upright,1.0,0.0,0.0,0.3341618403792381,29.457222442263177,0.0844428108179044,0.0202398598194122,29.457222442263177,53.44644417587628,lateral,1
144,4.7988,Participant 2-Upright_frame00144,train,90deg,lateral_Participant2,Participant2,Mesomorph,Normal,,,,,,upright,1.0,0.0,0.0,0.3167641758918762,29.145159912688197,0.0969232506057083,0.0282501280307769,29.145159912688197,54.95786962313695,lateral,1
147,4.8988,Participant 2-Upright_frame00147,train,90deg,lateral_Participant2,Participant2,Mesomorph,Normal,,,,,,upright,1.0,0.0,0.0,0.2984079420566559,23.006854938940748,0.0722263846293583,0.0044158399105072,23.006854938940748,55.394067061629,lateral,1
150,4.9987,Participant 2-Upright_frame00150,train,90deg,lateral_Participant2,Participant2,Mesomorph,Normal,,,,,,upright,1.0,0.0,0.0,0.2868210673332214,28.549917286485496,0.0247351633602494,0.0125850141048431,28.549917286485496,59.32595884687049,lateral,1
153,5.0987,Participant 2-Upright_frame00153,train,90deg,lateral_Participant2,Participant2,Mesomorph,Normal,,,,,,upright,1.0,0.0,0.0,0.2390688061714172,28.455116204487943,0.0207108853279093,0.0028286576271057,28.455116204487943,60.11961892229383,lateral,1
156,5.1987,Participant 2-Upright_frame00156,train,90deg,lateral_Participant2,Participant2,Mesomorph,Normal,,,,,,upright,1.0,0.0,0.0,0.3441192209720611,28.39520388325328,0.0226072080184168,0.0162127315998077,28.39520388325328,58.04403160850422,lateral,1
159,5.2987,Participant 2-Upright_frame00159,train,90deg,lateral_Participant2,Participant2,Mesomorph,Normal,,,,,,upright,1.0,0.0,0.0,0.258960098028183,29.296077447202787,0.0164211267119988,0.0153875350952148,29.296077447202787,60.51179823618486,lateral,1
162,5.3986,Participant 2-Upright_frame00162,train,90deg,lateral_Participant2,Participant2,Mesomorph,Normal,,,,,,upright,1.0,0.0,0.0,0.302344799041748,29.781222402870625,0.0397102511283481,0.0151898860931396,29.781222402870625,62.45080817936463,lateral,1
165,5.4986,Participant 2-Upright_frame00165,train,90deg,lateral_Participant2,Participant2,Mesomorph,Normal,,,,,,upright,1.0,0.0,0.0,0.3111629784107208,26.01496881786972,0.0387734812506089,-0.0065887570381164,26.01496881786972,61.48657323330048,lateral,1
168,5.5986,Participant 2-Upright_frame00168,train,90deg,lateral_Participant2,Participant2,Mesomorph,Normal,,,,,,upright,1.0,0.0,0.0,0.2450707852840423,25.79347938081721,0.0215297187155893,0.0092950761318206,25.79347938081721,58.92496211801923,lateral,1
171,5.6986,Participant 2-Upright_frame00171,train,90deg,lateral_Participant2,Participant2,Mesomorph,Normal,,,,,,upright,1.0,0.0,0.0,0.2582144737243652,26.467198935531428,0.0161892132213855,0.0007567107677459,26.467198935531428,63.19903652760392,lateral,1
0,0.0,Participant 3-Slouch_frame00000,train,90deg,lateral_Participant3,Participant3,Endomorph,Normal,,,,,,slouch,1.0,0.0,0.0,0.2949417233467102,40.19292917982696,0.1077018467551991,0.1252557039260864,40.19292917982696,32.14079201277793,lateral,1
3,0.1,Participant 3-Slouch_frame00003,train,90deg,lateral_Participant3,Participant3,Endomorph,Normal,,,,,,slouch,1.0,0.0,0.0,0.2983002662658691,36.66199616947232,0.1089659778106654,0.1253350973129272,36.66199616947232,32.86614308693402,lateral,1
6,0.2001,Participant 3-Slouch_frame00006,train,90deg,lateral_Participant3,Participant3,Endomorph,Normal,,,,,,slouch,1.0,0.0,0.0,0.2898675799369812,38.2032989818633,0.1109591508998346,0.1288069188594818,38.2032989818633,30.066904123728204,lateral,1
9,0.3001,Participant 3-Slouch_frame00009,train,90deg,lateral_Participant3,Participant3,Endomorph,Normal,,,,,,slouch,1.0,0.0,0.0,0.2301408648490905,40.54176605323515,0.127232003446188,0.1682169139385223,40.54176605323515,30.36012855536921,lateral,1
12,0.4002,Participant 3-Slouch_frame00012,train,90deg,lateral_Participant3,Participant3,Endomorph,Normal,,,,,,slouch,1.0,0.0,0.0,0.2109936475753784,38.37339910147118,0.1382007831884955,0.1375440955162048,38.37339910147118,33.86033354880242,lateral,1
15,0.5002,Participant 3-Slouch_frame00015,train,90deg,lateral_Participant3,Participant3,Endomorph,Normal,,,,,,slouch,1.0,0.0,0.0,0.1898713707923889,42.21407062526041,0.1410771857042344,0.1362465023994445,42.21407062526041,34.097470831314844,lateral,1
18,0.6003,Participant 3-Slouch_frame00018,train,90deg,lateral_Participant3,Participant3,Endomorph,Normal,,,,,,slouch,1.0,0.0,0.0,0.2513729929924011,38.49750950066546,0.1269331706816222,0.1262833178043365,38.49750950066546,32.52043049795763,lateral,1
21,0.7003,Participant 3-Slouch_frame00021,train,90deg,lateral_Participant3,Participant3,Endomorph,Normal,,,,,,slouch,1.0,0.0,0.0,0.1656668782234192,40.50526135954238,0.1249718857883504,0.1408969163894653,40.50526135954238,32.21120611048267,lateral,1
24,0.8004,Participant 3-Slouch_frame00024,train,90deg,lateral_Participant3,Participant3,Endomorph,Normal,,,,,,slouch,1.0,0.0,0.0,0.2273874878883361,36.59396516146086,0.1091413863509563,0.1171527802944183,36.59396516146086,32.616366700921326,lateral,1
27,0.9004,Participant 3-Slouch_frame00027,train,90deg,lateral_Participant3,Participant3,Endomorph,Normal,,,,,,slouch,1.0,0.0,0.0,0.160892903804779,44.88634000076632,0.1278823675449777,0.1115189492702484,44.88634000076632,37.37484093320626,lateral,1
30,1.0004,Participant 3-Slouch_frame00030,train,90deg,lateral_Participant3,Participant3,Endomorph,Normal,,,,,,slouch,1.0,0.0,0.0,0.3164460062980652,41.025082596844165,0.1080708106649543,0.1602255403995514,41.025082596844165,31.30697515197163,lateral,1
33,1.1005,Participant 3-Slouch_frame00033,train,90deg,lateral_Participant3,Participant3,Endomorph,Normal,,,,,,slouch,1.0,0.0,0.0,0.2491037249565124,37.74536843157532,0.1261057827068968,0.1305071413516998,37.74536843157532,32.23076640497192,lateral,1
36,1.2005,Participant 3-Slouch_frame00036,train,90deg,lateral_Participant3,Participant3,Endomorph,Normal,,,,,,slouch,1.0,0.0,0.0,0.2798217535018921,38.20949504262771,0.1148005755087652,0.1381414830684662,38.20949504262771,33.65864913031341,lateral,1
39,1.3006,Participant 3-Slouch_frame00039,train,90deg,lateral_Participant3,Participant3,Endomorph,Normal,,,,,,slouch,1.0,0.0,0.0,0.2837469577789306,40.611492344301325,0.1151023223479034,0.1444573700428009,40.611492344301325,32.11102588934735,lateral,1
42,1.4006,Participant 3-Slouch_frame00042,train,90deg,lateral_Participant3,Participant3,Endomorph,Normal,,,,,,slouch,1.0,0.0,0.0,0.2961891293525696,36.84049823124767,0.1091796482463734,0.1183830797672271,36.84049823124767,33.727167066300844,lateral,1
45,1.5007,Participant 3-Slouch_frame00045,train,90deg,lateral_Participant3,Participant3,Endomorph,Normal,,,,,,slouch,1.0,0.0,0.0,0.2742893695831299,39.51906040038648,0.1171521512489621,0.1357817649841308,39.51906040038648,32.53799321330791,lateral,1
48,1.6007,Participant 3-Slouch_frame00048,train,90deg,lateral_Participant3,Participant3,Endomorph,Normal,,,,,,slouch,1.0,0.0,0.0,0.2839133143424988,38.658282828225296,0.1190747096296867,0.1666488945484161,38.658282828225296,29.9945296128136,lateral,1
51,1.7008,Participant 3-Slouch_frame00051,train,90deg,lateral_Participant3,Participant3,Endomorph,Normal,,,,,,slouch,1.0,0.0,0.0,0.313215970993042,41.692550757665934,0.1190977375067056,0.1842071712017059,41.692550757665934,28.72567874906744,lateral,1
54,1.8008,Participant 3-Slouch_frame00054,train,90deg,lateral_Participant3,Participant3,Endomorph,Normal,,,,,,slouch,1.0,0.0,0.0,0.262144386768341,35.13358373278746,0.1063398312365359,0.1142576932907104,35.13358373278746,32.52506919808972,lateral,1
57,1.9008,Participant 3-Slouch_frame00057,train,90deg,lateral_Participant3,Participant3,Endomorph,Normal,,,,,,slouch,1.0,0.0,0.0,0.1759180426597595,38.39394545779543,0.0996556271777398,0.0999118089675903,38.39394545779543,37.9418202128628,lateral,1
60,2.0009,Participant 3-Slouch_frame00060,train,90deg,lateral_Participant3,Participant3,Endomorph,Normal,,,,,,slouch,1.0,0.0,0.0,0.2670199871063232,44.4085533767479,0.1286880280777262,0.1322076916694641,44.4085533767479,37.391155519797735,lateral,1
63,2.1009,Participant 3-Slouch_frame00063,train,90deg,lateral_Participant3,Participant3,Endomorph,Normal,,,,,,slouch,1.0,0.0,0.0,0.121241271495819,42.99827281722117,0.106470325510737,0.0910326838493347,42.99827281722117,38.71355138021338,lateral,1
66,2.201,Participant 3-Slouch_frame00066,train,90deg,lateral_Participant3,Participant3,Endomorph,Normal,,,,,,slouch,1.0,0.0,0.0,0.1868515014648437,49.36741163491072,0.1366233892103547,0.1385485529899597,49.36741163491072,36.65935707960764,lateral,1
69,2.301,Participant 3-Slouch_frame00069,train,90deg,lateral_Participant3,Participant3,Endomorph,Normal,,,,,,slouch,1.0,0.0,0.0,0.1802806854248047,41.118710554304265,0.0979567691857264,0.0922915935516357,41.118710554304265,37.32065142911543,lateral,1
72,2.4011,Participant 3-Slouch_frame00072,train,90deg,lateral_Participant3,Participant3,Endomorph,Normal,,,,,,slouch,1.0,0.0,0.0,0.2463132739067077,42.97578442199678,0.0995385016282619,0.112155020236969,42.97578442199678,39.00140646425594,lateral,1
75,2.5011,Participant 3-Slouch_frame00075,train,90deg,lateral_Participant3,Participant3,Endomorph,Normal,,,,,,slouch,1.0,0.0,0.0,0.2166018486022949,47.56722479452761,0.1320171107274629,0.138540506362915,47.56722479452761,39.00776412723414,lateral,1
78,2.6012,Participant 3-Slouch_frame00078,train,90deg,lateral_Participant3,Participant3,Endomorph,Normal,,,,,,slouch,1.0,0.0,0.0,0.1590709090232849,37.86350386048592,0.0982988982745743,0.0847629904747009,37.86350386048592,39.48099721914328,lateral,1
81,2.7012,Participant 3-Slouch_frame00081,train,90deg,lateral_Participant3,Participant3,Endomorph,Normal,,,,,,slouch,1.0,0.0,0.0,0.2178425192832946,44.65011867049581,0.1119380227201453,0.1264787912368774,44.65011867049581,39.112359341853406,lateral,1
84,2.8013,Participant 3-Slouch_frame00084,train,90deg,lateral_Participant3,Participant3,Endomorph,Normal,,,,,,slouch,1.0,0.0,0.0,0.0836480259895324,39.008716516536346,0.0925119842951961,0.079602837562561,39.008716516536346,37.96934317163272,lateral,1
87,2.9013,Participant 3-Slouch_frame00087,train,90deg,lateral_Participant3,Participant3,Endomorph,Normal,,,,,,slouch,1.0,0.0,0.0,0.1606963872909546,42.542631998177214,0.132398909944239,0.1175072193145752,42.542631998177214,38.28251777447745,lateral,1
90,3.0013,Participant 3-Slouch_frame00090,train,90deg,lateral_Participant3,Participant3,Endomorph,Normal,,,,,,slouch,1.0,0.0,0.0,0.168397843837738,39.51211316882665,0.1093490982122075,0.1028001904487609,39.51211316882665,38.18817351102022,lateral,1
93,3.1014,Participant 3-Slouch_frame00093,train,90deg,lateral_Participant3,Participant3,Endomorph,Normal,,,,,,slouch,1.0,0.0,0.0,0.1322536468505859,37.64982823432263,0.1169389036198115,0.0853179693222045,37.64982823432263,39.35437943583336,lateral,1
96,3.2014,Participant 3-Slouch_frame00096,train,90deg,lateral_Participant3,Participant3,Endomorph,Normal,,,,,,slouch,1.0,0.0,0.0,0.2367962002754211,42.13777945788069,0.1061654992691893,0.1214383244514465,42.13777945788069,33.946392291003804,lateral,1
99,3.3015,Participant 3-Slouch_frame00099,train,90deg,lateral_Participant3,Participant3,Endomorph,Normal,,,,,,slouch,1.0,0.0,0.0,0.0883483290672302,37.82067848945108,0.1051339998326557,0.0864683389663696,37.82067848945108,36.489458547518645,lateral,1
102,3.4015,Participant 3-Slouch_frame00102,train,90deg,lateral_Participant3,Participant3,Endomorph,Normal,,,,,,slouch,1.0,0.0,0.0,0.2336513996124267,41.62091023946563,0.1031918706412533,0.1192272305488586,41.62091023946563,29.481819910707205,lateral,1
105,3.5016,Participant 3-Slouch_frame00105,train,90deg,lateral_Participant3,Participant3,Endomorph,Normal,,,,,,slouch,1.0,0.0,0.0,0.1949473619461059,42.87241474545626,0.1166899813361214,0.1279991865158081,42.87241474545626,33.30531836363679,lateral,1
108,3.6016,Participant 3-Slouch_frame00108,train,90deg,lateral_Participant3,Participant3,Endomorph,Normal,,,,,,slouch,1.0,0.0,0.0,0.1522465348243713,44.4727511941652,0.1106019737564862,0.1085093319416046,44.4727511941652,35.036436606314645,lateral,1
111,3.7017,Participant 3-Slouch_frame00111,train,90deg,lateral_Participant3,Participant3,Endomorph,Normal,,,,,,slouch,1.0,0.0,0.0,0.2074776291847229,44.90921581958244,0.1285455307962892,0.1447987854480743,44.90921581958244,34.667642386864784,lateral,1
114,3.8017,Participant 3-Slouch_frame00114,train,90deg,lateral_Participant3,Participant3,Endomorph,Normal,,,,,,slouch,1.0,0.0,0.0,0.2743721008300781,40.44685372921032,0.1293467633252223,0.1356180906295776,40.44685372921032,31.315573358298582,lateral,1
117,3.9017,Participant 3-Slouch_frame00117,train,90deg,lateral_Participant3,Participant3,Endomorph,Normal,,,,,,slouch,1.0,0.0,0.0,0.2388499975204467,38.63274858198909,0.118318578639842,0.1213100552558898,38.63274858198909,33.441746094644415,lateral,1
120,4.0018,Participant 3-Slouch_frame00120,train,90deg,lateral_Participant3,Participant3,Endomorph,Normal,,,,,,slouch,1.0,0.0,0.0,0.2216427326202392,40.28835224054882,0.0979150574873896,0.1229194104671478,40.28835224054882,30.83640790498176,lateral,1
123,4.1018,Participant 3-Slouch_frame00123,train,90deg,lateral_Participant3,Participant3,Endomorph,Normal,,,,,,slouch,1.0,0.0,0.0,0.2261858582496643,36.66330972208556,0.1119265127639008,0.1230788826942443,36.66330972208556,33.91100149022998,lateral,1
126,4.2019,Participant 3-Slouch_frame00126,train,90deg,lateral_Participant3,Participant3,Endomorph,Normal,,,,,,slouch,1.0,0.0,0.0,0.171125054359436,40.63538713413039,0.113381364764824,0.1065211296081543,40.63538713413039,37.40972433665377,lateral,1
129,4.3019,Participant 3-Slouch_frame00129,train,90deg,lateral_Participant3,Participant3,Endomorph,Normal,,,,,,slouch,1.0,0.0,0.0,0.2021102905273437,40.18310536545525,0.1125429623383197,0.1022167205810546,40.18310536545525,36.454306705798736,lateral,1
132,4.402,Participant 3-Slouch_frame00132,train,90deg,lateral_Participant3,Participant3,Endomorph,Normal,,,,,,slouch,1.0,0.0,0.0,0.1021147966384887,38.54828557030182,0.1187510219139902,0.1092599034309387,38.54828557030182,35.9294999088306,lateral,1
135,4.502,Participant 3-Slouch_frame00135,train,90deg,lateral_Participant3,Participant3,Endomorph,Normal,,,,,,slouch,1.0,0.0,0.0,0.1922812461853027,42.83805186372936,0.1105423180872032,0.1132469177246093,42.83805186372936,34.06398141782657,lateral,1
138,4.6021,Participant 3-Slouch_frame00138,train,90deg,lateral_Participant3,Participant3,Endomorph,Normal,,,,,,slouch,1.0,0.0,0.0,0.2312720417976379,41.75034305267835,0.1247636923507428,0.1270869970321655,41.75034305267835,31.268949982645903,lateral,1
141,4.7021,Participant 3-Slouch_frame00141,train,90deg,lateral_Participant3,Participant3,Endomorph,Normal,,,,,,slouch,1.0,0.0,0.0,0.1769170761108398,41.23454229700728,0.1083030696309295,0.1084749102592468,41.23454229700728,33.53132006240896,lateral,1
144,4.8021,Participant 3-Slouch_frame00144,train,90deg,lateral_Participant3,Participant3,Endomorph,Normal,,,,,,slouch,1.0,0.0,0.0,0.256589412689209,37.62526283527512,0.1038474781478301,0.1160390675067901,37.62526283527512,33.25245978775372,lateral,1
147,4.9022,Participant 3-Slouch_frame00147,train,90deg,lateral_Participant3,Participant3,Endomorph,Normal,,,,,,slouch,1.0,0.0,0.0,0.195823848247528,40.0734904089771,0.1074367037805247,0.1148168444633483,40.0734904089771,34.01925944045602,lateral,1
150,5.0022,Participant 3-Slouch_frame00150,train,90deg,lateral_Participant3,Participant3,Endomorph,Normal,,,,,,slouch,1.0,0.0,0.0,0.2132904529571533,38.41377549005456,0.1106290444443268,0.119157075881958,38.41377549005456,35.34406972638984,lateral,1
153,5.1023,Participant 3-Slouch_frame00153,train,90deg,lateral_Participant3,Participant3,Endomorph,Normal,,,,,,slouch,1.0,0.0,0.0,0.2044132947921753,39.03323035470177,0.1107018078014585,0.1030330955982208,39.03323035470177,34.55051923777699,lateral,1
156,5.2023,Participant 3-Slouch_frame00156,train,90deg,lateral_Participant3,Participant3,Endomorph,Normal,,,,,,slouch,1.0,0.0,0.0,-0.0378167629241943,35.47483278923955,0.1255427816035986,0.0623298287391662,35.47483278923955,42.398617169899055,lateral,1
159,5.3024,Participant 3-Slouch_frame00159,train,90deg,lateral_Participant3,Participant3,Endomorph,Normal,,,,,,slouch,1.0,0.0,0.0,0.1162444949150085,36.608823347982266,0.1214047616607113,0.0978362560272216,36.608823347982266,38.02673087408745,lateral,1
0,0.0,Participant 3-Upright 2_frame00000,train,90deg,lateral_Participant3,Participant3,Endomorph,Normal,,,,,,upright,1.0,0.0,0.0,0.3422257900238037,33.166590418943656,0.1058054043069473,0.081454336643219,33.166590418943656,49.63364416736621,lateral,1
3,0.1001,Participant 3-Upright 2_frame00003,train,90deg,lateral_Participant3,Participant3,Endomorph,Normal,,,,,,upright,1.0,0.0,0.0,0.172751784324646,37.653305452568425,0.1423448474601041,0.0902884602546691,37.653305452568425,46.84114627209215,lateral,1
6,0.2003,Participant 3-Upright 2_frame00006,train,90deg,lateral_Participant3,Participant3,Endomorph,Normal,,,,,,upright,1.0,0.0,0.0,0.3434731364250183,45.95763995191304,0.1596528164550637,0.1534398794174194,45.95763995191304,45.92992658346501,lateral,1
9,0.3004,Participant 3-Upright 2_frame00009,train,90deg,lateral_Participant3,Participant3,Endomorph,Normal,,,,,,upright,1.0,0.0,0.0,0.0795062184333801,47.66049514384552,0.1963131306929608,0.1004758477210998,47.66049514384552,47.85417440648152,lateral,1
12,0.4005,Participant 3-Upright 2_frame00012,train,90deg,lateral_Participant3,Participant3,Endomorph,Normal,,,,,,upright,1.0,0.0,0.0,0.1621029376983642,34.66459900411299,0.1552879174462916,0.0658500790596008,34.66459900411299,52.02203757959494,lateral,1
15,0.5007,Participant 3-Upright 2_frame00015,train,90deg,lateral_Participant3,Participant3,Endomorph,Normal,,,,,,upright,1.0,0.0,0.0,0.1768783330917358,41.76284035339758,0.1998642581344136,0.1136578917503357,41.76284035339758,49.73238664774172,lateral,1
18,0.6008,Participant 3-Upright 2_frame00018,train,90deg,lateral_Participant3,Participant3,Endomorph,Normal,,,,,,upright,1.0,0.0,0.0,0.1195401549339294,37.08150143019497,0.1399338666405916,0.0896286368370056,37.08150143019497,44.010777741068,lateral,1
21,0.7009,Participant 3-Upright 2_frame00021,train,90deg,lateral_Participant3,Participant3,Endomorph,Normal,,,,,,upright,1.0,0.0,0.0,0.2901818752288818,35.58642611343191,0.1420215841791847,0.0866230726242065,35.58642611343191,50.230175376147535,lateral,1
24,0.8011,Participant 3-Upright 2_frame00024,train,90deg,lateral_Participant3,Participant3,Endomorph,Normal,,,,,,upright,1.0,0.0,0.0,0.2094112038612365,37.433911812122254,0.1365923264345683,0.0989286005496978,37.433911812122254,42.653173421375165,lateral,1
27,0.9012,Participant 3-Upright 2_frame00027,train,90deg,lateral_Participant3,Participant3,Endomorph,Normal,,,,,,upright,1.0,0.0,0.0,0.1695203781127929,38.52500501801023,0.1851618976438818,0.1090433001518249,38.52500501801023,49.69064068505753,lateral,1
30,1.0013,Participant 3-Upright 2_frame00030,train,90deg,lateral_Participant3,Participant3,Endomorph,Normal,,,,,,upright,1.0,0.0,0.0,0.0639877319335937,38.96745332224778,0.1724894217939857,0.082982063293457,38.96745332224778,49.989112331644975,lateral,1
33,1.1015,Participant 3-Upright 2_frame00033,train,90deg,lateral_Participant3,Participant3,Endomorph,Normal,,,,,,upright,1.0,0.0,0.0,-0.0954241752624511,43.61157322883136,0.20605841239335,0.0912386775016784,43.61157322883136,51.03780456766968,lateral,1
36,1.2016,Participant 3-Upright 2_frame00036,train,90deg,lateral_Participant3,Participant3,Endomorph,Normal,,,,,,upright,1.0,0.0,0.0,-0.014871597290039,44.77454344337019,0.2153450106904747,0.107582688331604,44.77454344337019,48.52637115356769,lateral,1
39,1.3017,Participant 3-Upright 2_frame00039,train,90deg,lateral_Participant3,Participant3,Endomorph,Normal,,,,,,upright,1.0,0.0,0.0,0.0494080781936645,44.64499858810092,0.1938973529674406,0.0909838676452636,44.64499858810092,49.554112096463655,lateral,1
42,1.4019,Participant 3-Upright 2_frame00042,train,90deg,lateral_Participant3,Participant3,Endomorph,Normal,,,,,,upright,1.0,0.0,0.0,-0.0224683284759521,37.143149475907535,0.1683005033588576,0.0455207228660583,37.143149475907535,52.35896471359009,lateral,1
45,1.502,Participant 3-Upright 2_frame00045,train,90deg,lateral_Participant3,Participant3,Endomorph,Normal,,,,,,upright,1.0,0.0,0.0,0.1607586145401001,39.73203167235636,0.1672376796547023,0.1221454143524169,39.73203167235636,39.30701219600631,lateral,1
48,1.6021,Participant 3-Upright 2_frame00048,train,90deg,lateral_Participant3,Participant3,Endomorph,Normal,,,,,,upright,1.0,0.0,0.0,0.1201009750366211,38.6078956533868,0.1787196735416472,0.1179252862930297,38.6078956533868,43.252432237991975,lateral,1
51,1.7023,Participant 3-Upright 2_frame00051,train,90deg,lateral_Participant3,Participant3,Endomorph,Normal,,,,,,upright,1.0,0.0,0.0,0.0219428539276123,43.58835921603673,0.1882665165730585,0.0839136838912963,43.58835921603673,50.12869529760589,lateral,1
54,1.8024,Participant 3-Upright 2_frame00054,train,90deg,lateral_Participant3,Participant3,Endomorph,Normal,,,,,,upright,1.0,0.0,0.0,0.0393234491348266,41.27910614073699,0.148186704260196,0.084139347076416,41.27910614073699,37.4984182729946,lateral,1
57,1.9026,Participant 3-Upright 2_frame00057,train,90deg,lateral_Participant3,Participant3,Endomorph,Normal,,,,,,upright,1.0,0.0,0.0,-0.0646750926971435,34.84680408549474,0.1498670147286519,0.0158745050430297,34.84680408549474,51.182209925011946,lateral,1
60,2.0027,Participant 3-Upright 2_frame00060,train,90deg,lateral_Participant3,Participant3,Endomorph,Normal,,,,,,upright,1.0,0.0,0.0,-0.0272109508514404,43.851377410277095,0.1572722440873146,0.0607597231864929,43.851377410277095,47.756071008587554,lateral,1
63,2.1028,Participant 3-Upright 2_frame00063,train,90deg,lateral_Participant3,Participant3,Endomorph,Normal,,,,,,upright,1.0,0.0,0.0,0.1555384993553161,35.77573667930875,0.1263968940857943,0.060338020324707,35.77573667930875,47.88887082568801,lateral,1
66,2.203,Participant 3-Upright 2_frame00066,train,90deg,lateral_Participant3,Participant3,Endomorph,Normal,,,,,,upright,1.0,0.0,0.0,0.0671688318252563,34.66255166688874,0.165934707810416,0.0632964968681335,34.66255166688874,50.50682776647723,lateral,1
69,2.3031,Participant 3-Upright 2_frame00069,train,90deg,lateral_Participant3,Participant3,Endomorph,Normal,,,,,,upright,1.0,0.0,0.0,0.1711934804916381,36.92640408025285,0.1629090905035359,0.0622527003288269,36.92640408025285,50.73936248532217,lateral,1
72,2.4032,Participant 3-Upright 2_frame00072,train,90deg,lateral_Participant3,Participant3,Endomorph,Normal,,,,,,upright,1.0,0.0,0.0,0.1937235593795776,29.341960028194094,0.1786611394981385,0.0549247860908508,29.341960028194094,54.44727982847757,lateral,1
75,2.5034,Participant 3-Upright 2_frame00075,train,90deg,lateral_Participant3,Participant3,Endomorph,Normal,,,,,,upright,1.0,0.0,0.0,0.0572719573974609,33.689584407795714,0.1386045771511849,0.0209667086601257,33.689584407795714,53.396584198145725,lateral,1
78,2.6035,Participant 3-Upright 2_frame00078,train,90deg,lateral_Participant3,Participant3,Endomorph,Normal,,,,,,upright,1.0,0.0,0.0,0.1083126068115234,35.38386564383273,0.172153661148981,0.0773980617523193,35.38386564383273,51.60461491553673,lateral,1
81,2.7036,Participant 3-Upright 2_frame00081,train,90deg,lateral_Participant3,Participant3,Endomorph,Normal,,,,,,upright,1.0,0.0,0.0,-0.0351736545562744,37.12755701107218,0.1919676609833014,0.040795624256134,37.12755701107218,58.648497333113625,lateral,1
84,2.8038,Participant 3-Upright 2_frame00084,train,90deg,lateral_Participant3,Participant3,Endomorph,Normal,,,,,,upright,1.0,0.0,0.0,0.0608066320419311,32.304533706701,0.1777929833636456,0.0307318568229675,32.304533706701,60.83112669758907,lateral,1
87,2.9039,Participant 3-Upright 2_frame00087,train,90deg,lateral_Participant3,Participant3,Endomorph,Normal,,,,,,upright,1.0,0.0,0.0,-0.0061802864074707,30.16285667744545,0.1827185945545011,0.0070399045944213,30.16285667744545,61.302520435808525,lateral,1
90,3.004,Participant 3-Upright 2_frame00090,train,90deg,lateral_Participant3,Participant3,Endomorph,Normal,,,,,,upright,1.0,0.0,0.0,0.1289241313934326,34.49315541301567,0.1612774567624227,0.0550416707992553,34.49315541301567,54.10974090756794,lateral,1
93,3.1042,Participant 3-Upright 2_frame00093,train,90deg,lateral_Participant3,Participant3,Endomorph,Normal,,,,,,upright,1.0,0.0,0.0,-0.0798670649528503,43.0890214297814,0.1750864806625478,0.0596979856491088,43.0890214297814,48.15755059518264,lateral,1
96,3.2043,Participant 3-Upright 2_frame00096,train,90deg,lateral_Participant3,Participant3,Endomorph,Normal,,,,,,upright,1.0,0.0,0.0,0.0431400537490844,43.73235843920535,0.2029094049401133,0.07279634475708,43.73235843920535,49.49019193911273,lateral,1
99,3.3044,Participant 3-Upright 2_frame00099,train,90deg,lateral_Participant3,Participant3,Endomorph,Normal,,,,,,upright,1.0,0.0,0.0,0.0892512798309326,34.82573806026066,0.1627740714188517,0.0709150433540344,34.82573806026066,50.15203976144593,lateral,1
102,3.4046,Participant 3-Upright 2_frame00102,train,90deg,lateral_Participant3,Participant3,Endomorph,Normal,,,,,,upright,1.0,0.0,0.0,-0.0165929794311523,39.43725022807252,0.1495131691546545,0.046829342842102,39.43725022807252,51.52986019288659,lateral,1
105,3.5047,Participant 3-Upright 2_frame00105,train,90deg,lateral_Participant3,Participant3,Endomorph,Normal,,,,,,upright,1.0,0.0,0.0,0.2680261135101318,38.36629877772172,0.1603285645394286,0.1106175780296325,38.36629877772172,43.91429205547625,lateral,1
108,3.6048,Participant 3-Upright 2_frame00108,train,90deg,lateral_Participant3,Participant3,Endomorph,Normal,,,,,,upright,1.0,0.0,0.0,0.1142441034317016,43.19264827084794,0.2250087764051875,0.1511454582214355,43.19264827084794,46.280963821119904,lateral,1
111,3.705,Participant 3-Upright 2_frame00111,train,90deg,lateral_Participant3,Participant3,Endomorph,Normal,,,,,,upright,1.0,0.0,0.0,0.2278299927711486,41.8092348253104,0.1697468686881998,0.101567268371582,41.8092348253104,46.12855273742719,lateral,1
114,3.8051,Participant 3-Upright 2_frame00114,train,90deg,lateral_Participant3,Participant3,Endomorph,Normal,,,,,,upright,1.0,0.0,0.0,0.2459069490432739,40.46428247872818,0.1844867861293352,0.0851986408233642,40.46428247872818,47.547041622802894,lateral,1
117,3.9052,Participant 3-Upright 2_frame00117,train,90deg,lateral_Participant3,Participant3,Endomorph,Normal,,,,,,upright,1.0,0.0,0.0,-0.0023881196975708,41.54292142779969,0.2117827148353861,0.072914183139801,41.54292142779969,49.87989852899376,lateral,1
120,4.0054,Participant 3-Upright 2_frame00120,train,90deg,lateral_Participant3,Participant3,Endomorph,Normal,,,,,,upright,1.0,0.0,0.0,0.1519041061401367,37.39832883874937,0.1698095189333167,0.1003320515155792,37.39832883874937,45.50645206268894,lateral,1
123,4.1055,Participant 3-Upright 2_frame00123,train,90deg,lateral_Participant3,Participant3,Endomorph,Normal,,,,,,upright,1.0,0.0,0.0,0.2106974124908447,45.10272684772941,0.1652901627390977,0.0846167802810669,45.10272684772941,40.63341743559548,lateral,1
126,4.2056,Participant 3-Upright 2_frame00126,train,90deg,lateral_Participant3,Participant3,Endomorph,Normal,,,,,,upright,1.0,0.0,0.0,0.4188253283500671,36.42799366976437,0.1448881502512347,0.1379464268684387,36.42799366976437,45.751211166505,lateral,1
132,4.4059,Participant 3-Upright 2_frame00132,train,90deg,lateral_Participant3,Participant3,Endomorph,Normal,,,,,,upright,1.0,0.0,0.0,0.3512262105941772,34.24405155567329,0.1333751355020386,0.1122051775455474,34.24405155567329,41.84710039905299,lateral,1
135,4.506,Participant 3-Upright 2_frame00135,train,90deg,lateral_Participant3,Participant3,Endomorph,Normal,,,,,,upright,1.0,0.0,0.0,0.3866282701492309,31.05052336605564,0.1081940438209226,0.0775549411773681,31.05052336605564,44.9849814823841,lateral,1
138,4.6062,Participant 3-Upright 2_frame00138,train,90deg,lateral_Participant3,Participant3,Endomorph,Normal,,,,,,upright,1.0,0.0,0.0,0.4141899943351745,32.16188153364124,0.139393149191889,0.101791501045227,32.16188153364124,48.32638676329137,lateral,1
141,4.7063,Participant 3-Upright 2_frame00141,train,90deg,lateral_Participant3,Participant3,Endomorph,Normal,,,,,,upright,1.0,0.0,0.0,0.403498888015747,31.53912030293422,0.1423277319252016,0.0994995236396789,31.53912030293422,47.3255810647935,lateral,1
144,4.8064,Participant 3-Upright 2_frame00144,train,90deg,lateral_Participant3,Participant3,Endomorph,Normal,,,,,,upright,1.0,0.0,0.0,0.3159525394439697,33.90330346155845,0.142697507585168,0.0912027359008789,33.90330346155845,44.06140353588691,lateral,1
147,4.9066,Participant 3-Upright 2_frame00147,train,90deg,lateral_Participant3,Participant3,Endomorph,Normal,,,,,,upright,1.0,0.0,0.0,0.3629493713378906,29.87077402001595,0.131817305688829,0.0976127982139587,29.87077402001595,47.6812646934017,lateral,1
150,5.0067,Participant 3-Upright 2_frame00150,train,90deg,lateral_Participant3,Participant3,Endomorph,Normal,,,,,,upright,1.0,0.0,0.0,0.3155803084373474,31.26432903528709,0.1394133704776723,0.094776451587677,31.26432903528709,47.31539231672194,lateral,1
153,5.1069,Participant 3-Upright 2_frame00153,train,90deg,lateral_Participant3,Participant3,Endomorph,Normal,,,,,,upright,1.0,0.0,0.0,0.2566280961036682,32.94906278054981,0.1439087011430771,0.1057496666908264,32.94906278054981,46.071455888020566,lateral,1
156,5.207,Participant 3-Upright 2_frame00156,train,90deg,lateral_Participant3,Participant3,Endomorph,Normal,,,,,,upright,1.0,0.0,0.0,0.2590045928955078,32.42624392368138,0.1542138578796998,0.0982934236526489,32.42624392368138,49.374681752769646,lateral,1
159,5.3071,Participant 3-Upright 2_frame00159,train,90deg,lateral_Participant3,Participant3,Endomorph,Normal,,,,,,upright,1.0,0.0,0.0,0.1331554651260376,40.09792549625014,0.1928450994775238,0.1008755564689636,40.09792549625014,50.29602144968453,lateral,1
162,5.4073,Participant 3-Upright 2_frame00162,train,90deg,lateral_Participant3,Participant3,Endomorph,Normal,,,,,,upright,1.0,0.0,0.0,0.0719781517982482,44.00935192159219,0.2134915899290209,0.1365968585014343,44.00935192159219,43.42926609324447,lateral,1
165,5.5074,Participant 3-Upright 2_frame00165,train,90deg,lateral_Participant3,Participant3,Endomorph,Normal,,,,,,upright,1.0,0.0,0.0,0.2965779304504394,47.06537449804252,0.2214631594952041,0.1597110033035278,47.06537449804252,43.31540607398424,lateral,1
168,5.6075,Participant 3-Upright 2_frame00168,train,90deg,lateral_Participant3,Participant3,Endomorph,Normal,,,,,,upright,1.0,0.0,0.0,0.3495022058486938,46.80404902614763,0.2155155447798241,0.1488400101661682,46.80404902614763,42.60296291230048,lateral,1
171,5.7077,Participant 3-Upright 2_frame00171,train,90deg,lateral_Participant3,Participant3,Endomorph,Normal,,,,,,upright,1.0,0.0,0.0,0.2878414988517761,34.27265536743096,0.1694124821823031,0.0971471071243286,34.27265536743096,47.75557418581146,lateral,1
174,5.8078,Participant 3-Upright 2_frame00174,train,90deg,lateral_Participant3,Participant3,Endomorph,Normal,,,,,,upright,1.0,0.0,0.0,0.3379566669464111,47.72741169890805,0.188144157216972,0.1485878825187683,47.72741169890805,39.5387689231244,lateral,1
177,5.9079,Participant 3-Upright 2_frame00177,train,90deg,lateral_Participant3,Participant3,Endomorph,Normal,,,,,,upright,1.0,0.0,0.0,0.4087185859680176,36.26163708748551,0.1870684565581931,0.0904846787452697,36.26163708748551,52.58882845541888,lateral,1
180,6.0081,Participant 3-Upright 2_frame00180,train,90deg,lateral_Participant3,Participant3,Endomorph,Normal,,,,,,upright,1.0,0.0,0.0,0.1965982913970947,42.35606369474728,0.1595388440525892,0.1173651218414306,42.35606369474728,42.259053496007816,lateral,1
183,6.1082,Participant 3-Upright 2_frame00183,train,90deg,lateral_Participant3,Participant3,Endomorph,Normal,,,,,,upright,1.0,0.0,0.0,0.4470963478088379,33.38597749775656,0.1468021875869713,0.0851472914218902,33.38597749775656,50.30928370324484,lateral,1
186,6.2083,Participant 3-Upright 2_frame00186,train,90deg,lateral_Participant3,Participant3,Endomorph,Normal,,,,,,upright,1.0,0.0,0.0,0.381887674331665,34.69393035106306,0.1407532344139839,0.0616659522056579,34.69393035106306,52.29337715104197,lateral,1
189,6.3085,Participant 3-Upright 2_frame00189,train,90deg,lateral_Participant3,Participant3,Endomorph,Normal,,,,,,upright,1.0,0.0,0.0,0.5131054520606995,39.18547778082738,0.1449710745875025,0.1344838142395019,39.18547778082738,46.32727010330323,lateral,1
192,6.4086,Participant 3-Upright 2_frame00192,train,90deg,lateral_Participant3,Participant3,Endomorph,Normal,,,,,,upright,1.0,0.0,0.0,0.1642165184020996,45.34787185106521,0.1975420180109545,0.1136877536773681,45.34787185106521,27.12010954030969,lateral,1
195,6.5087,Participant 3-Upright 2_frame00195,train,90deg,lateral_Participant3,Participant3,Endomorph,Normal,,,,,,upright,1.0,0.0,0.0,0.4438036680221557,33.95340306703387,0.1252462507159222,0.1086257696151733,33.95340306703387,45.56058022501622,lateral,1
198,6.6089,Participant 3-Upright 2_frame00198,train,90deg,lateral_Participant3,Participant3,Endomorph,Normal,,,,,,upright,1.0,0.0,0.0,0.3449549674987793,32.12377557645236,0.1281678935720647,0.0925694108009338,32.12377557645236,46.12059322949143,lateral,1
201,6.709,Participant 3-Upright 2_frame00201,train,90deg,lateral_Participant3,Participant3,Endomorph,Normal,,,,,,upright,1.0,0.0,0.0,0.3947072029113769,32.87978935142881,0.1552960113634652,0.0956208109855651,32.87978935142881,48.28640266725713,lateral,1
204,6.8091,Participant 3-Upright 2_frame00204,train,90deg,lateral_Participant3,Participant3,Endomorph,Normal,,,,,,upright,1.0,0.0,0.0,0.4027469158172607,33.73137955282491,0.125758131372113,0.0961636900901794,33.73137955282491,49.53463383135265,lateral,1
207,6.9093,Participant 3-Upright 2_frame00207,train,90deg,lateral_Participant3,Participant3,Endomorph,Normal,,,,,,upright,1.0,0.0,0.0,0.3040468692779541,41.47166051322653,0.1718066551146965,0.1198230385780334,41.47166051322653,41.84895716770716,lateral,1
216,7.2097,Participant 3-Upright 2_frame00216,train,90deg,lateral_Participant3,Participant3,Endomorph,Normal,,,,,,upright,1.0,0.0,0.0,0.2871846556663513,41.5003121081325,0.1751765589128585,0.1208540797233581,41.5003121081325,42.62401429973666,lateral,1
222,7.4099,Participant 3-Upright 2_frame00222,train,90deg,lateral_Participant3,Participant3,Endomorph,Normal,,,,,,upright,1.0,0.0,0.0,0.0731996893882751,13.175833692295862,0.0867101162585248,-0.007816195487976,13.175833692295862,65.88648210326014,lateral,1
12,0.3997,Participant 3-Upright_frame00012,train,90deg,lateral_Participant3,Participant3,Endomorph,Normal,,,,,,upright,1.0,0.0,0.0,0.1228436827659607,37.43432644384544,0.1659458941221883,0.0977653264999389,37.43432644384544,49.351067725754746,lateral,1
15,0.4996,Participant 3-Upright_frame00015,train,90deg,lateral_Participant3,Participant3,Endomorph,Normal,,,,,,upright,1.0,0.0,0.0,0.2180199027061462,36.01294678978936,0.1716216032243779,0.1231818199157714,36.01294678978936,46.87611768115483,lateral,1
18,0.5995,Participant 3-Upright_frame00018,train,90deg,lateral_Participant3,Participant3,Endomorph,Normal,,,,,,upright,1.0,0.0,0.0,0.1664525270462036,36.18720775175677,0.1486141248555798,0.097456157207489,36.18720775175677,49.90374863312743,lateral,1
21,0.6995,Participant 3-Upright_frame00021,train,90deg,lateral_Participant3,Participant3,Endomorph,Normal,,,,,,upright,1.0,0.0,0.0,0.2002924680709839,36.17901290518749,0.1563642314957272,0.09232759475708,36.17901290518749,53.05011947390829,lateral,1
30,0.9992,Participant 3-Upright_frame00030,train,90deg,lateral_Participant3,Participant3,Endomorph,Normal,,,,,,upright,1.0,0.0,0.0,0.0364565253257751,42.15632667241801,0.1726005844644954,0.0948050022125244,42.15632667241801,49.34959113882983,lateral,1
33,1.0992,Participant 3-Upright_frame00033,train,90deg,lateral_Participant3,Participant3,Endomorph,Normal,,,,,,upright,1.0,0.0,0.0,-0.0010448098182678,40.05072970875674,0.1270057550357586,0.0690552592277526,40.05072970875674,44.620250479318216,lateral,1
36,1.1991,Participant 3-Upright_frame00036,train,90deg,lateral_Participant3,Participant3,Endomorph,Normal,,,,,,upright,1.0,0.0,0.0,-0.0247454047203063,39.75385941045846,0.1129052733012461,0.0594720244407653,39.75385941045846,42.88685804409632,lateral,1
39,1.299,Participant 3-Upright_frame00039,train,90deg,lateral_Participant3,Participant3,Endomorph,Normal,,,,,,upright,1.0,0.0,0.0,0.0449858903884887,50.72021521597012,0.1641687906137542,0.0964592099189758,50.72021521597012,39.66184541669698,lateral,1
42,1.3989,Participant 3-Upright_frame00042,train,90deg,lateral_Participant3,Participant3,Endomorph,Normal,,,,,,upright,1.0,0.0,0.0,0.0221177339553833,42.12033124049767,0.189152124815246,0.0779556035995483,42.12033124049767,52.8276633366168,lateral,1
45,1.4988,Participant 3-Upright_frame00045,train,90deg,lateral_Participant3,Participant3,Endomorph,Normal,,,,,,upright,1.0,0.0,0.0,0.1783113479614257,35.52101407463292,0.1655574243822112,0.1024904251098632,35.52101407463292,45.9036574051573,lateral,1
48,1.5988,Participant 3-Upright_frame00048,train,90deg,lateral_Participant3,Participant3,Endomorph,Normal,,,,,,upright,1.0,0.0,0.0,0.0868561267852783,19.43412010513873,0.0913312417302019,0.0264652371406555,19.43412010513873,41.28715816393618,lateral,1
51,1.6987,Participant 3-Upright_frame00051,train,90deg,lateral_Participant3,Participant3,Endomorph,Normal,,,,,,upright,1.0,0.0,0.0,0.3554251194000244,42.465279727747216,0.1559679721228711,0.0995182991027832,42.465279727747216,53.825750792545925,lateral,1
54,1.7986,Participant 3-Upright_frame00054,train,90deg,lateral_Participant3,Participant3,Endomorph,Normal,,,,,,upright,1.0,0.0,0.0,0.169452965259552,39.86109155890876,0.1910690622871598,0.1181176900863647,39.86109155890876,51.39846833249429,lateral,1
57,1.8985,Participant 3-Upright_frame00057,train,90deg,lateral_Participant3,Participant3,Endomorph,Normal,,,,,,upright,1.0,0.0,0.0,0.1993358731269836,40.44821868518467,0.1538066395126627,0.073281705379486,40.44821868518467,54.6856904520287,lateral,1
60,1.9985,Participant 3-Upright_frame00060,train,90deg,lateral_Participant3,Participant3,Endomorph,Normal,,,,,,upright,1.0,0.0,0.0,0.1416382789611816,39.13809361704112,0.1736908685500307,0.0734252333641052,39.13809361704112,49.45991583545591,lateral,1
63,2.0984,Participant 3-Upright_frame00063,train,90deg,lateral_Participant3,Participant3,Endomorph,Normal,,,,,,upright,1.0,0.0,0.0,0.0636196732521057,57.09226684215116,0.2238692862608793,0.1305918097496032,57.09226684215116,29.39222534498577,lateral,1
66,2.1983,Participant 3-Upright_frame00066,train,90deg,lateral_Participant3,Participant3,Endomorph,Normal,,,,,,upright,1.0,0.0,0.0,0.0842697620391845,37.27954662535858,0.1051909259298491,0.0653153657913208,37.27954662535858,44.54973157821756,lateral,1
69,2.2982,Participant 3-Upright_frame00069,train,90deg,lateral_Participant3,Participant3,Endomorph,Normal,,,,,,upright,1.0,0.0,0.0,0.1813967227935791,41.21251717173925,0.1876794355607058,0.0867360234260559,41.21251717173925,53.85587945835282,lateral,1
72,2.3981,Participant 3-Upright_frame00072,train,90deg,lateral_Participant3,Participant3,Endomorph,Normal,,,,,,upright,1.0,0.0,0.0,0.0405619144439697,45.68361238563232,0.2095555436009404,0.1001863479614257,45.68361238563232,48.76597391069116,lateral,1
75,2.4981,Participant 3-Upright_frame00075,train,90deg,lateral_Participant3,Participant3,Endomorph,Normal,,,,,,upright,1.0,0.0,0.0,0.156724750995636,45.248075669231824,0.1778777301622807,0.0982903242111206,45.248075669231824,46.64290174248953,lateral,1
78,2.598,Participant 3-Upright_frame00078,train,90deg,lateral_Participant3,Participant3,Endomorph,Normal,,,,,,upright,1.0,0.0,0.0,0.0508409738540649,39.40852948443501,0.1843624234228502,0.0737468600273132,39.40852948443501,53.01967560049594,lateral,1
81,2.6979,Participant 3-Upright_frame00081,train,90deg,lateral_Participant3,Participant3,Endomorph,Normal,,,,,,upright,1.0,0.0,0.0,0.074746549129486,37.10240926421432,0.1897316099510554,0.0520216226577758,37.10240926421432,55.41396067605093,lateral,1
84,2.7978,Participant 3-Upright_frame00084,train,90deg,lateral_Participant3,Participant3,Endomorph,Normal,,,,,,upright,1.0,0.0,0.0,0.1023184061050415,41.43289544647941,0.2088239460670879,0.0868853330612182,41.43289544647941,54.27779390279887,lateral,1
87,2.8978,Participant 3-Upright_frame00087,train,90deg,lateral_Participant3,Participant3,Endomorph,Normal,,,,,,upright,1.0,0.0,0.0,0.0967230796813964,42.17449577380384,0.2012131799535375,0.0763092637062072,42.17449577380384,54.35846643489326,lateral,1
90,2.9977,Participant 3-Upright_frame00090,train,90deg,lateral_Participant3,Participant3,Endomorph,Normal,,,,,,upright,1.0,0.0,0.0,0.1258267164230346,36.210764109859134,0.1899813256948441,0.0870992541313171,36.210764109859134,53.33508236073251,lateral,1
93,3.0976,Participant 3-Upright_frame00093,train,90deg,lateral_Participant3,Participant3,Endomorph,Normal,,,,,,upright,1.0,0.0,0.0,0.0353829860687255,33.33046610195302,0.1599500082909844,0.0301883220672607,33.33046610195302,55.56823771526672,lateral,1
96,3.1975,Participant 3-Upright_frame00096,train,90deg,lateral_Participant3,Participant3,Endomorph,Normal,,,,,,upright,1.0,0.0,0.0,0.2119288444519043,37.59742474707671,0.1750789430606313,0.06756192445755,37.59742474707671,55.88439610481456,lateral,1
99,3.2975,Participant 3-Upright_frame00099,train,90deg,lateral_Participant3,Participant3,Endomorph,Normal,,,,,,upright,1.0,0.0,0.0,0.1629972457885742,46.428436782870776,0.2103861672910116,0.097699761390686,46.428436782870776,55.40598882059421,lateral,1
102,3.3974,Participant 3-Upright_frame00102,train,90deg,lateral_Participant3,Participant3,Endomorph,Normal,,,,,,upright,1.0,0.0,0.0,0.1223765611648559,34.241482148331166,0.1462427038053855,0.056084394454956,34.241482148331166,53.46958192475838,lateral,1
105,3.4973,Participant 3-Upright_frame00105,train,90deg,lateral_Participant3,Participant3,Endomorph,Normal,,,,,,upright,1.0,0.0,0.0,0.0604705810546875,43.78217154589542,0.1962458582084897,0.0950635969638824,43.78217154589542,51.03419310081402,lateral,1
108,3.5972,Participant 3-Upright_frame00108,train,90deg,lateral_Participant3,Participant3,Endomorph,Normal,,,,,,upright,1.0,0.0,0.0,0.0412003397941589,36.40609736813793,0.1722439920002325,0.0580581426620483,36.40609736813793,54.251329396623326,lateral,1
111,3.6971,Participant 3-Upright_frame00111,train,90deg,lateral_Participant3,Participant3,Endomorph,Normal,,,,,,upright,1.0,0.0,0.0,-0.0128761529922485,36.42873596356883,0.1658895341478926,0.0446188747882843,36.42873596356883,55.39574905921121,lateral,1
114,3.7971,Participant 3-Upright_frame00114,train,90deg,lateral_Participant3,Participant3,Endomorph,Normal,,,,,,upright,1.0,0.0,0.0,0.1565941572189331,45.882331999519465,0.2086713816273591,0.1274487972259521,45.882331999519465,45.68840540829171,lateral,1
117,3.897,Participant 3-Upright_frame00117,train,90deg,lateral_Participant3,Participant3,Endomorph,Normal,,,,,,upright,1.0,0.0,0.0,0.1770049333572387,47.45418856692415,0.2212495020869651,0.1140697002410888,47.45418856692415,50.904105966719314,lateral,1
120,3.9969,Participant 3-Upright_frame00120,train,90deg,lateral_Participant3,Participant3,Endomorph,Normal,,,,,,upright,1.0,0.0,0.0,0.1689457297325134,48.34782784974024,0.2226660912496598,0.1398185193538665,48.34782784974024,48.74522973485862,lateral,1
123,4.0968,Participant 3-Upright_frame00123,train,90deg,lateral_Participant3,Participant3,Endomorph,Normal,,,,,,upright,1.0,0.0,0.0,0.1749149560928344,43.7848558193574,0.2178046570462656,0.0973895788192749,43.7848558193574,54.86352765475871,lateral,1
126,4.1968,Participant 3-Upright_frame00126,train,90deg,lateral_Participant3,Participant3,Endomorph,Normal,,,,,,upright,1.0,0.0,0.0,0.1627107858657837,44.17704419027259,0.2034729250676092,0.0896721482276916,44.17704419027259,55.17123559196386,lateral,1
129,4.2967,Participant 3-Upright_frame00129,train,90deg,lateral_Participant3,Participant3,Endomorph,Normal,,,,,,upright,1.0,0.0,0.0,0.0701910257339477,48.19194226286025,0.1983976423086152,0.117320567369461,48.19194226286025,40.524512377481706,lateral,1
132,4.3966,Participant 3-Upright_frame00132,train,90deg,lateral_Participant3,Participant3,Endomorph,Normal,,,,,,upright,1.0,0.0,0.0,0.0715280175209045,47.96694645120709,0.2164707801061637,0.097328245639801,47.96694645120709,49.32901129618228,lateral,1
135,4.4965,Participant 3-Upright_frame00135,train,90deg,lateral_Participant3,Participant3,Endomorph,Normal,,,,,,upright,1.0,0.0,0.0,0.0730956196784973,43.505977518751,0.213932510634367,0.0834625363349914,43.505977518751,54.54020312756522,lateral,1
138,4.5964,Participant 3-Upright_frame00138,train,90deg,lateral_Participant3,Participant3,Endomorph,Normal,,,,,,upright,1.0,0.0,0.0,0.148006796836853,43.961435138638336,0.2182573635161723,0.0907593369483947,43.961435138638336,56.812870532132514,lateral,1
141,4.6964,Participant 3-Upright_frame00141,train,90deg,lateral_Participant3,Participant3,Endomorph,Normal,,,,,,upright,1.0,0.0,0.0,0.1238969564437866,44.79632417254622,0.2153169606656001,0.1007476449012756,44.79632417254622,54.26631944665037,lateral,1
144,4.7963,Participant 3-Upright_frame00144,train,90deg,lateral_Participant3,Participant3,Endomorph,Normal,,,,,,upright,1.0,0.0,0.0,0.1547750234603881,45.644580396747365,0.2003199337372516,0.1072540283203125,45.644580396747365,48.346038856736165,lateral,1
147,4.8962,Participant 3-Upright_frame00147,train,90deg,lateral_Participant3,Participant3,Endomorph,Normal,,,,,,upright,1.0,0.0,0.0,0.0869264006614685,46.77202403634158,0.213049915858359,0.1241786777973175,46.77202403634158,45.43719268082283,lateral,1
150,4.9961,Participant 3-Upright_frame00150,train,90deg,lateral_Participant3,Participant3,Endomorph,Normal,,,,,,upright,1.0,0.0,0.0,0.0289396047592163,49.53295182283417,0.2204696528360889,0.1341835260391235,49.53295182283417,42.02021542278357,lateral,1
153,5.0961,Participant 3-Upright_frame00153,train,90deg,lateral_Participant3,Participant3,Endomorph,Normal,,,,,,upright,1.0,0.0,0.0,0.0311168432235717,46.376046821969474,0.2281721956975362,0.103311002254486,46.376046821969474,51.04687013022525,lateral,1
156,5.196,Participant 3-Upright_frame00156,train,90deg,lateral_Participant3,Participant3,Endomorph,Normal,,,,,,upright,1.0,0.0,0.0,-0.0707544088363647,33.865650952136164,0.2024563818860665,0.0414658784866333,33.865650952136164,49.860060443073365,lateral,1
159,5.2959,Participant 3-Upright_frame00159,train,90deg,lateral_Participant3,Participant3,Endomorph,Normal,,,,,,upright,1.0,0.0,0.0,0.0225002765655517,31.72240500110098,0.1829313153243753,0.0468740463256835,31.72240500110098,39.24159058232138,lateral,1
162,5.3958,Participant 3-Upright_frame00162,train,90deg,lateral_Participant3,Participant3,Endomorph,Normal,,,,,,upright,1.0,0.0,0.0,0.0908387303352356,44.53360119332898,0.2351272246704822,0.1056922674179077,44.53360119332898,39.3968754594304,lateral,1
165,5.4958,Participant 3-Upright_frame00165,train,90deg,lateral_Participant3,Participant3,Endomorph,Normal,,,,,,upright,1.0,0.0,0.0,-0.0393629074096679,36.73661063695106,0.1701048549361135,0.0570769309997558,36.73661063695106,47.44846643159615,lateral,1
0,0.0,Participant 4-Slouch_frame00000,train,90deg,lateral_Participant4,Participant4,Endomorph,Normal,,,,,,slouch,1.0,0.0,0.0,0.4303941428661346,37.22088597051243,0.0565729462643282,0.0740762650966644,37.22088597051243,47.99464383811474,lateral,1
3,0.1,Participant 4-Slouch_frame00003,train,90deg,lateral_Participant4,Participant4,Endomorph,Normal,,,,,,slouch,1.0,0.0,0.0,0.4524562060832977,41.622951067002944,0.0345112246003741,0.1059463918209075,41.622951067002944,41.7411904616717,lateral,1
6,0.1999,Participant 4-Slouch_frame00006,train,90deg,lateral_Participant4,Participant4,Endomorph,Normal,,,,,,slouch,1.0,0.0,0.0,0.4410640597343445,35.60371801609224,0.0705872507974167,0.0876126289367675,35.60371801609224,46.117401929048754,lateral,1
9,0.2999,Participant 4-Slouch_frame00009,train,90deg,lateral_Participant4,Participant4,Endomorph,Normal,,,,,,slouch,1.0,0.0,0.0,0.436715304851532,37.600345378902034,0.0738787897403659,0.0779187977313995,37.600345378902034,47.0940025042643,lateral,1
12,0.3999,Participant 4-Slouch_frame00012,train,90deg,lateral_Participant4,Participant4,Endomorph,Normal,,,,,,slouch,1.0,0.0,0.0,0.4402640461921692,39.96484400332167,0.0438272445001134,0.1016894280910492,39.96484400332167,43.0047293013648,lateral,1
15,0.4999,Participant 4-Slouch_frame00015,train,90deg,lateral_Participant4,Participant4,Endomorph,Normal,,,,,,slouch,1.0,0.0,0.0,0.4039523601531982,42.54658116830216,0.0483996128033702,0.1183225512504577,42.54658116830216,40.29514739040094,lateral,1
18,0.5998,Participant 4-Slouch_frame00018,train,90deg,lateral_Participant4,Participant4,Endomorph,Normal,,,,,,slouch,1.0,0.0,0.0,0.4870893061161041,39.05238412264837,0.0516129089842694,0.0883569121360778,39.05238412264837,45.534993614862486,lateral,1
21,0.6998,Participant 4-Slouch_frame00021,train,90deg,lateral_Participant4,Participant4,Endomorph,Normal,,,,,,slouch,1.0,0.0,0.0,0.4244545996189117,40.66170261065364,0.0353307803961103,0.1047300100326538,40.66170261065364,42.55506068977856,lateral,1
24,0.7998,Participant 4-Slouch_frame00024,train,90deg,lateral_Participant4,Participant4,Endomorph,Normal,,,,,,slouch,1.0,0.0,0.0,0.5004601180553436,36.09677744866973,0.0442432834182769,0.0776800513267517,36.09677744866973,47.991395715070965,lateral,1
27,0.8998,Participant 4-Slouch_frame00027,train,90deg,lateral_Participant4,Participant4,Endomorph,Normal,,,,,,slouch,1.0,0.0,0.0,0.4651878476142883,41.34159097887974,0.0376123198343132,0.0916127860546112,41.34159097887974,45.35816979412183,lateral,1
30,0.9997,Participant 4-Slouch_frame00030,train,90deg,lateral_Participant4,Participant4,Endomorph,Normal,,,,,,slouch,1.0,0.0,0.0,0.5048452317714691,38.10410066850802,0.0718464286624342,0.0785676836967468,38.10410066850802,47.520782523428565,lateral,1
33,1.0997,Participant 4-Slouch_frame00033,train,90deg,lateral_Participant4,Participant4,Endomorph,Normal,,,,,,slouch,1.0,0.0,0.0,0.4633291065692901,46.35599025555168,0.0354471882017462,0.1135367155075073,46.35599025555168,40.29462606890919,lateral,1
36,1.1997,Participant 4-Slouch_frame00036,train,90deg,lateral_Participant4,Participant4,Endomorph,Normal,,,,,,slouch,1.0,0.0,0.0,0.4844362437725067,37.92749818150001,0.0508130252884293,0.0745039880275726,37.92749818150001,48.30731476490723,lateral,1
39,1.2997,Participant 4-Slouch_frame00039,train,90deg,lateral_Participant4,Participant4,Endomorph,Normal,,,,,,slouch,1.0,0.0,0.0,0.4590592682361603,39.72125572890692,0.0447493156677686,0.0981005728244781,39.72125572890692,43.688034425253846,lateral,1
42,1.3996,Participant 4-Slouch_frame00042,train,90deg,lateral_Participant4,Participant4,Endomorph,Normal,,,,,,slouch,1.0,0.0,0.0,0.4209222495555877,35.0577885808449,0.0603449005964366,0.0688538551330566,35.0577885808449,49.110094027580935,lateral,1
45,1.4996,Participant 4-Slouch_frame00045,train,90deg,lateral_Participant4,Participant4,Endomorph,Normal,,,,,,slouch,1.0,0.0,0.0,0.4017740786075592,37.76694697128712,0.0456071394095731,0.0881558060646057,37.76694697128712,44.64528221672951,lateral,1
48,1.5996,Participant 4-Slouch_frame00048,train,90deg,lateral_Participant4,Participant4,Endomorph,Normal,,,,,,slouch,1.0,0.0,0.0,0.3884309828281402,35.18466169938456,0.0664023068811214,0.0673267841339111,35.18466169938456,50.29840476066783,lateral,1
51,1.6996,Participant 4-Slouch_frame00051,train,90deg,lateral_Participant4,Participant4,Endomorph,Normal,,,,,,slouch,1.0,0.0,0.0,0.3613514304161072,30.61841089344365,0.0840786463385152,0.0632424354553222,30.61841089344365,51.12802476589236,lateral,1
54,1.7995,Participant 4-Slouch_frame00054,train,90deg,lateral_Participant4,Participant4,Endomorph,Normal,,,,,,slouch,1.0,0.0,0.0,0.4472249448299408,30.64065939579403,0.085052146908033,0.0673901140689849,30.64065939579403,50.328069048336005,lateral,1
57,1.8995,Participant 4-Slouch_frame00057,train,90deg,lateral_Participant4,Participant4,Endomorph,Normal,,,,,,slouch,1.0,0.0,0.0,0.4549348056316376,28.390627504863648,0.0879434391939078,0.0659014582633972,28.390627504863648,50.85553340755936,lateral,1
60,1.9995,Participant 4-Slouch_frame00060,train,90deg,lateral_Participant4,Participant4,Endomorph,Normal,,,,,,slouch,1.0,0.0,0.0,0.4450723826885223,31.30192741774195,0.0828162883356652,0.0647068619728088,31.30192741774195,49.99789237081897,lateral,1
63,2.0995,Participant 4-Slouch_frame00063,train,90deg,lateral_Participant4,Participant4,Endomorph,Normal,,,,,,slouch,1.0,0.0,0.0,0.4042316377162933,36.82183442191288,0.0658961626734943,0.0919490456581115,36.82183442191288,45.63903975844809,lateral,1
66,2.1994,Participant 4-Slouch_frame00066,train,90deg,lateral_Participant4,Participant4,Endomorph,Normal,,,,,,slouch,1.0,0.0,0.0,0.5470272451639175,32.752111526614925,0.0797070264926154,0.0669030547142028,32.752111526614925,49.88312331449978,lateral,1
69,2.2994,Participant 4-Slouch_frame00069,train,90deg,lateral_Participant4,Participant4,Endomorph,Normal,,,,,,slouch,1.0,0.0,0.0,0.4327412843704223,37.00224520958459,0.0659810855749951,0.0819165408611297,37.00224520958459,46.85119991075057,lateral,1
72,2.3994,Participant 4-Slouch_frame00072,train,90deg,lateral_Participant4,Participant4,Endomorph,Normal,,,,,,slouch,1.0,0.0,0.0,0.4422780275344848,30.38552494419356,0.08911075851657,0.0579371154308319,30.38552494419356,51.73650479414708,lateral,1
75,2.4994,Participant 4-Slouch_frame00075,train,90deg,lateral_Participant4,Participant4,Endomorph,Normal,,,,,,slouch,1.0,0.0,0.0,0.3471821844577789,30.904596210105176,0.0588479052692575,0.0672844648361206,30.904596210105176,50.341454523383256,lateral,1
78,2.5993,Participant 4-Slouch_frame00078,train,90deg,lateral_Participant4,Participant4,Endomorph,Normal,,,,,,slouch,1.0,0.0,0.0,0.500063568353653,20.89029767295761,0.1244720911923386,0.0212884545326232,20.89029767295761,59.20114458206122,lateral,1
81,2.6993,Participant 4-Slouch_frame00081,train,90deg,lateral_Participant4,Participant4,Endomorph,Normal,,,,,,slouch,1.0,0.0,0.0,0.459322065114975,29.78049013578928,0.0980042067833269,0.0577138364315032,29.78049013578928,51.90220557651565,lateral,1
84,2.7993,Participant 4-Slouch_frame00084,train,90deg,lateral_Participant4,Participant4,Endomorph,Normal,,,,,,slouch,1.0,0.0,0.0,0.4716102480888366,31.73599196959872,0.0795576438728007,0.0638870000839233,31.73599196959872,50.82486752579008,lateral,1
87,2.8993,Participant 4-Slouch_frame00087,train,90deg,lateral_Participant4,Participant4,Endomorph,Normal,,,,,,slouch,1.0,0.0,0.0,0.4628318846225738,30.89051469304935,0.1086647578217451,0.0704930126667022,30.89051469304935,49.5805735743447,lateral,1
90,2.9992,Participant 4-Slouch_frame00090,train,90deg,lateral_Participant4,Participant4,Endomorph,Normal,,,,,,slouch,1.0,0.0,0.0,0.387048602104187,33.9046834863905,0.0706600810473496,0.0728048682212829,33.9046834863905,49.00240513002733,lateral,1
93,3.0992,Participant 4-Slouch_frame00093,train,90deg,lateral_Participant4,Participant4,Endomorph,Normal,,,,,,slouch,1.0,0.0,0.0,0.4056359231472015,27.448091324798146,0.0869232681674638,0.0439854860305786,27.448091324798146,54.766107436157,lateral,1
96,3.1992,Participant 4-Slouch_frame00096,train,90deg,lateral_Participant4,Participant4,Endomorph,Normal,,,,,,slouch,1.0,0.0,0.0,0.4425622522830963,13.58644923055349,0.2197070760616545,-0.015632688999176,13.58644923055349,67.05939855735208,lateral,1
99,3.2992,Participant 4-Slouch_frame00099,train,90deg,lateral_Participant4,Participant4,Endomorph,Normal,,,,,,slouch,1.0,0.0,0.0,0.3315463662147522,16.68664072646918,0.1348445989003024,-0.0084255039691925,16.68664072646918,65.58227059959954,lateral,1
102,3.3991,Participant 4-Slouch_frame00102,train,90deg,lateral_Participant4,Participant4,Endomorph,Normal,,,,,,slouch,1.0,0.0,0.0,0.3856052458286285,21.803811253245712,0.1557111747147091,0.0139105319976806,21.803811253245712,60.36060152292234,lateral,1
105,3.4991,Participant 4-Slouch_frame00105,train,90deg,lateral_Participant4,Participant4,Endomorph,Normal,,,,,,slouch,1.0,0.0,0.0,0.4152039587497711,28.267036005228125,0.1128985976186134,0.0404543578624725,28.267036005228125,54.95432702962916,lateral,1
108,3.5991,Participant 4-Slouch_frame00108,train,90deg,lateral_Participant4,Participant4,Endomorph,Normal,,,,,,slouch,1.0,0.0,0.0,0.4074937403202057,20.211416672002887,0.1513982130222577,-0.0066154599189758,20.211416672002887,64.82613652620105,lateral,1
111,3.6991,Participant 4-Slouch_frame00111,train,90deg,lateral_Participant4,Participant4,Endomorph,Normal,,,,,,slouch,1.0,0.0,0.0,0.4324124753475189,20.888200320924103,0.1420470640357378,0.0116261541843414,20.888200320924103,60.96449835743049,lateral,1
114,3.799,Participant 4-Slouch_frame00114,train,90deg,lateral_Participant4,Participant4,Endomorph,Normal,,,,,,slouch,1.0,0.0,0.0,0.433785617351532,23.57083748877903,0.1726270220619181,0.0195265710353851,23.57083748877903,59.32214099752456,lateral,1
117,3.899,Participant 4-Slouch_frame00117,train,90deg,lateral_Participant4,Participant4,Endomorph,Normal,,,,,,slouch,1.0,0.0,0.0,0.4585378170013428,25.628083995706582,0.134142810156543,0.0321993231773376,25.628083995706582,56.92635484182695,lateral,1
120,3.999,Participant 4-Slouch_frame00120,train,90deg,lateral_Participant4,Participant4,Endomorph,Normal,,,,,,slouch,1.0,0.0,0.0,0.4427500367164612,27.39328266684816,0.1089690997242474,0.0432054102420806,27.39328266684816,54.84821306995309,lateral,1
123,4.099,Participant 4-Slouch_frame00123,train,90deg,lateral_Participant4,Participant4,Endomorph,Normal,,,,,,slouch,1.0,0.0,0.0,0.4318262934684753,20.77641101927247,0.157649046971117,0.0184817612171173,20.77641101927247,59.56008565515457,lateral,1
126,4.1989,Participant 4-Slouch_frame00126,train,90deg,lateral_Participant4,Participant4,Endomorph,Normal,,,,,,slouch,1.0,0.0,0.0,0.4446108937263489,13.069709775398444,0.2028929087082242,-0.0258145034313201,13.069709775398444,69.00009912483713,lateral,1
129,4.2989,Participant 4-Slouch_frame00129,train,90deg,lateral_Participant4,Participant4,Endomorph,Normal,,,,,,slouch,1.0,0.0,0.0,0.3881239593029022,12.078305230145268,0.2049930879762502,-0.0089270174503326,12.078305230145268,65.46007648315116,lateral,1
132,4.3989,Participant 4-Slouch_frame00132,train,90deg,lateral_Participant4,Participant4,Endomorph,Normal,,,,,,slouch,1.0,0.0,0.0,0.3949843347072601,10.52226653805926,0.2123192627435648,-0.0175915956497192,10.52226653805926,67.3732279367194,lateral,1
135,4.4989,Participant 4-Slouch_frame00135,train,90deg,lateral_Participant4,Participant4,Endomorph,Normal,,,,,,slouch,1.0,0.0,0.0,0.444816529750824,21.844247813954183,0.1417737601878853,0.0156466364860534,21.844247813954183,60.182484642787976,lateral,1
138,4.5988,Participant 4-Slouch_frame00138,train,90deg,lateral_Participant4,Participant4,Endomorph,Normal,,,,,,slouch,1.0,0.0,0.0,0.5203891098499298,26.29065030506396,0.1019345170066162,0.0422593355178833,26.29065030506396,55.08727009682186,lateral,1
141,4.6988,Participant 4-Slouch_frame00141,train,90deg,lateral_Participant4,Participant4,Endomorph,Normal,,,,,,slouch,1.0,0.0,0.0,0.5066488981246948,15.523489841298012,0.1934974869324787,-0.0155779421329498,15.523489841298012,66.91595984653459,lateral,1
144,4.7988,Participant 4-Slouch_frame00144,train,90deg,lateral_Participant4,Participant4,Endomorph,Normal,,,,,,slouch,1.0,0.0,0.0,0.534513920545578,31.245342921084923,0.0766192879877426,0.0631465017795562,31.245342921084923,51.03499067434991,lateral,1
147,4.8988,Participant 4-Slouch_frame00147,train,90deg,lateral_Participant4,Participant4,Endomorph,Normal,,,,,,slouch,1.0,0.0,0.0,0.4707241058349609,29.757288185355407,0.1100403692154894,0.0557456016540527,29.757288185355407,52.45876984788521,lateral,1
150,4.9987,Participant 4-Slouch_frame00150,train,90deg,lateral_Participant4,Participant4,Endomorph,Normal,,,,,,slouch,1.0,0.0,0.0,0.4303592443466186,33.768143280203404,0.0769399612002821,0.0653378069400787,33.768143280203404,50.65656932977059,lateral,1
153,5.0987,Participant 4-Slouch_frame00153,train,90deg,lateral_Participant4,Participant4,Endomorph,Normal,,,,,,slouch,1.0,0.0,0.0,0.3838925063610077,24.49604967729092,0.1461955298042961,0.0289774537086486,24.49604967729092,57.417175417778274,lateral,1
156,5.1987,Participant 4-Slouch_frame00156,train,90deg,lateral_Participant4,Participant4,Endomorph,Normal,,,,,,slouch,1.0,0.0,0.0,0.4216202199459076,20.02442121191929,0.1729822135911521,0.012445330619812,20.02442121191929,60.83654461383937,lateral,1
159,5.2987,Participant 4-Slouch_frame00159,train,90deg,lateral_Participant4,Participant4,Endomorph,Normal,,,,,,slouch,1.0,0.0,0.0,0.5070644319057465,30.011849737559743,0.1293938625485664,0.0570662319660186,30.011849737559743,52.17449118305117,lateral,1
162,5.3986,Participant 4-Slouch_frame00162,train,90deg,lateral_Participant4,Participant4,Endomorph,Normal,,,,,,slouch,1.0,0.0,0.0,0.4045080840587616,32.17791145557525,0.1008648976642629,0.0688587427139282,32.17791145557525,50.12851880696637,lateral,1
165,5.4986,Participant 4-Slouch_frame00165,train,90deg,lateral_Participant4,Participant4,Endomorph,Normal,,,,,,slouch,1.0,0.0,0.0,0.4578424394130707,32.1310418477616,0.1338116874453894,0.0597112774848938,32.1310418477616,52.02405209766791,lateral,1
168,5.5986,Participant 4-Slouch_frame00168,train,90deg,lateral_Participant4,Participant4,Endomorph,Normal,,,,,,slouch,1.0,0.0,0.0,0.4511860609054565,35.25611559416804,0.101403409625329,0.0664549469947815,35.25611559416804,49.9245477427166,lateral,1
0,0.0,Participant 4-Upright_frame00000,train,90deg,lateral_Participant4,Participant4,Endomorph,Normal,,,,,,upright,1.0,0.0,0.0,0.4394189417362213,23.840634100667483,0.0976415886230874,0.0051790475845336,23.840634100667483,62.245422761758135,lateral,1
3,0.1,Participant 4-Upright_frame00003,train,90deg,lateral_Participant4,Participant4,Endomorph,Normal,,,,,,upright,1.0,0.0,0.0,0.4470559656620025,25.49863943112957,0.061689660919211,0.02439546585083,25.49863943112957,57.92905596846348,lateral,1
6,0.1999,Participant 4-Upright_frame00006,train,90deg,lateral_Participant4,Participant4,Endomorph,Normal,,,,,,upright,1.0,0.0,0.0,0.3779321014881134,26.205262734262117,0.0463393135047345,0.0320640206336975,26.205262734262117,56.32810149995586,lateral,1
9,0.2999,Participant 4-Upright_frame00009,train,90deg,lateral_Participant4,Participant4,Endomorph,Normal,,,,,,upright,1.0,0.0,0.0,0.3750907480716705,24.80907962267317,0.0504864232739005,0.0305975675582885,24.80907962267317,56.81858711825302,lateral,1
12,0.3999,Participant 4-Upright_frame00012,train,90deg,lateral_Participant4,Participant4,Endomorph,Normal,,,,,,upright,1.0,0.0,0.0,0.3885305225849151,26.748254585128706,0.0344412635887633,0.0341964364051818,26.748254585128706,55.85973375629898,lateral,1
15,0.4999,Participant 4-Upright_frame00015,train,90deg,lateral_Participant4,Participant4,Endomorph,Normal,,,,,,upright,1.0,0.0,0.0,0.368436187505722,23.70150216337066,0.0641700190509219,0.0212214589118957,23.70150216337066,58.75438961809559,lateral,1
18,0.5998,Participant 4-Upright_frame00018,train,90deg,lateral_Participant4,Participant4,Endomorph,Normal,,,,,,upright,1.0,0.0,0.0,0.3794024288654327,25.20073031180698,0.0461642160631483,0.0252645611763,25.20073031180698,57.94001900979974,lateral,1
21,0.6998,Participant 4-Upright_frame00021,train,90deg,lateral_Participant4,Participant4,Endomorph,Normal,,,,,,upright,1.0,0.0,0.0,0.3656322360038757,27.33915714698525,0.0461907800233118,0.0311631262302398,27.33915714698525,56.70835534434011,lateral,1
24,0.7998,Participant 4-Upright_frame00024,train,90deg,lateral_Participant4,Participant4,Endomorph,Normal,,,,,,upright,1.0,0.0,0.0,0.379924327135086,25.061438793324783,0.0628645353427814,0.0197544693946838,25.061438793324783,59.16565909680692,lateral,1
27,0.8998,Participant 4-Upright_frame00027,train,90deg,lateral_Participant4,Participant4,Endomorph,Normal,,,,,,upright,1.0,0.0,0.0,0.427289068698883,21.31678363252555,0.0616317826584291,0.0014800131320953,21.31678363252555,63.098513698019545,lateral,1
30,0.9997,Participant 4-Upright_frame00030,train,90deg,lateral_Participant4,Participant4,Endomorph,Normal,,,,,,upright,1.0,0.0,0.0,0.4482655525207519,21.266107756380716,0.0709169424657539,0.0109857022762298,21.266107756380716,61.0052090889738,lateral,1
33,1.0997,Participant 4-Upright_frame00033,train,90deg,lateral_Participant4,Participant4,Endomorph,Normal,,,,,,upright,1.0,0.0,0.0,0.4310068190097809,23.553840217143712,0.0582470095687591,0.0415417253971099,23.553840217143712,54.93028185529671,lateral,1
36,1.1997,Participant 4-Upright_frame00036,train,90deg,lateral_Participant4,Participant4,Endomorph,Normal,,,,,,upright,1.0,0.0,0.0,0.4352080523967743,21.20589289322386,0.0744504594124009,0.013162612915039,21.20589289322386,60.63854441041151,lateral,1
39,1.2997,Participant 4-Upright_frame00039,train,90deg,lateral_Participant4,Participant4,Endomorph,Normal,,,,,,upright,1.0,0.0,0.0,0.4223229885101318,19.9585315560964,0.1115581911384204,0.0124579668045043,19.9585315560964,60.77590997373807,lateral,1
42,1.3996,Participant 4-Upright_frame00042,train,90deg,lateral_Participant4,Participant4,Endomorph,Normal,,,,,,upright,1.0,0.0,0.0,0.4379854500293731,20.76213848195141,0.0743923182667538,0.019890159368515,20.76213848195141,59.23072190394687,lateral,1
45,1.4996,Participant 4-Upright_frame00045,train,90deg,lateral_Participant4,Participant4,Endomorph,Normal,,,,,,upright,1.0,0.0,0.0,0.4603035748004913,18.645370461585728,0.0854371974752992,0.0190171003341674,18.645370461585728,59.25955268491937,lateral,1
48,1.5996,Participant 4-Upright_frame00048,train,90deg,lateral_Participant4,Participant4,Endomorph,Normal,,,,,,upright,1.0,0.0,0.0,0.4527937322854996,20.56637575306034,0.1047459928835223,0.0193875730037689,20.56637575306034,59.117404944507925,lateral,1
51,1.6996,Participant 4-Upright_frame00051,train,90deg,lateral_Participant4,Participant4,Endomorph,Normal,,,,,,upright,1.0,0.0,0.0,0.4558493047952652,23.42406302584661,0.0579333473625651,0.0375376343727111,23.42406302584661,55.29895084701818,lateral,1
54,1.7995,Participant 4-Upright_frame00054,train,90deg,lateral_Participant4,Participant4,Endomorph,Normal,,,,,,upright,1.0,0.0,0.0,0.4167085886001587,19.419677534278414,0.0749147055381712,0.0205453932285308,19.419677534278414,58.95277020526049,lateral,1
57,1.8995,Participant 4-Upright_frame00057,train,90deg,lateral_Participant4,Participant4,Endomorph,Normal,,,,,,upright,1.0,0.0,0.0,0.4439984858036041,20.41417675850675,0.075148762644077,0.0204500257968902,20.41417675850675,58.86093765209936,lateral,1
60,1.9995,Participant 4-Upright_frame00060,train,90deg,lateral_Participant4,Participant4,Endomorph,Normal,,,,,,upright,1.0,0.0,0.0,0.4516403675079345,20.82166806906007,0.0675607035071622,0.0183707475662231,20.82166806906007,59.3936964044667,lateral,1
63,2.0995,Participant 4-Upright_frame00063,train,90deg,lateral_Participant4,Participant4,Endomorph,Normal,,,,,,upright,1.0,0.0,0.0,0.4591295570135116,20.54051233789239,0.0794135569714526,0.0180924236774444,20.54051233789239,59.40216025306076,lateral,1
66,2.1994,Participant 4-Upright_frame00066,train,90deg,lateral_Participant4,Participant4,Endomorph,Normal,,,,,,upright,1.0,0.0,0.0,0.4302772283554077,23.505477768936988,0.0458788757329423,0.0284300744533538,23.505477768936988,57.157862918160056,lateral,1
69,2.2994,Participant 4-Upright_frame00069,train,90deg,lateral_Participant4,Participant4,Endomorph,Normal,,,,,,upright,1.0,0.0,0.0,0.4471661746501922,27.00255517375049,0.0346827005214112,0.04881352186203,27.00255517375049,52.861211284290576,lateral,1
72,2.3994,Participant 4-Upright_frame00072,train,90deg,lateral_Participant4,Participant4,Endomorph,Normal,,,,,,upright,1.0,0.0,0.0,0.423003613948822,24.8422012299485,0.0295637732518417,0.0401756167411804,24.8422012299485,54.92065101012373,lateral,1
75,2.4994,Participant 4-Upright_frame00075,train,90deg,lateral_Participant4,Participant4,Endomorph,Normal,,,,,,upright,1.0,0.0,0.0,0.4060311019420624,22.37693314890869,0.0616681563384636,0.0196987986564636,22.37693314890869,59.30354706308825,lateral,1
78,2.5993,Participant 4-Upright_frame00078,train,90deg,lateral_Participant4,Participant4,Endomorph,Normal,,,,,,upright,1.0,0.0,0.0,0.4353299587965011,20.583342366305224,0.0894742935569392,0.0230858623981475,20.583342366305224,58.48382877047221,lateral,1
81,2.6993,Participant 4-Upright_frame00081,train,90deg,lateral_Participant4,Participant4,Endomorph,Normal,,,,,,upright,1.0,0.0,0.0,0.4788294285535812,20.13881094780097,0.0715819653675733,0.0234556794166564,20.13881094780097,58.246581852402095,lateral,1
84,2.7993,Participant 4-Upright_frame00084,train,90deg,lateral_Participant4,Participant4,Endomorph,Normal,,,,,,upright,1.0,0.0,0.0,0.3785171210765838,22.403980584125517,0.0628899560253558,0.0196935832500457,22.403980584125517,59.49792813046137,lateral,1
87,2.8993,Participant 4-Upright_frame00087,train,90deg,lateral_Participant4,Participant4,Endomorph,Normal,,,,,,upright,1.0,0.0,0.0,0.4611199498176574,20.917828568821594,0.0771406339374098,0.0112048685550689,20.917828568821594,61.12793570125693,lateral,1
90,2.9992,Participant 4-Upright_frame00090,train,90deg,lateral_Participant4,Participant4,Endomorph,Normal,,,,,,upright,1.0,0.0,0.0,0.4488513767719269,21.3688690433044,0.0700029259566456,0.0095975697040557,21.3688690433044,61.43872829138189,lateral,1
93,3.0992,Participant 4-Upright_frame00093,train,90deg,lateral_Participant4,Participant4,Endomorph,Normal,,,,,,upright,1.0,0.0,0.0,0.3870289325714111,24.20893086857437,0.0487616545805729,0.0373154282569885,24.20893086857437,56.02038662135486,lateral,1
96,3.1992,Participant 4-Upright_frame00096,train,90deg,lateral_Participant4,Participant4,Endomorph,Normal,,,,,,upright,1.0,0.0,0.0,0.4328067600727081,20.64062103711713,0.056265569528198,0.0204255580902099,20.64062103711713,59.22492971340857,lateral,1
99,3.2992,Participant 4-Upright_frame00099,train,90deg,lateral_Participant4,Participant4,Endomorph,Normal,,,,,,upright,1.0,0.0,0.0,0.3860754072666168,24.72663563152317,0.0493863231394618,0.0328646898269653,24.72663563152317,56.56853052035392,lateral,1
102,3.3991,Participant 4-Upright_frame00102,train,90deg,lateral_Participant4,Participant4,Endomorph,Normal,,,,,,upright,1.0,0.0,0.0,0.3986922204494476,28.551326255402284,0.0339752000593337,0.0377469658851623,28.551326255402284,55.27465083396499,lateral,1
105,3.4991,Participant 4-Upright_frame00105,train,90deg,lateral_Participant4,Participant4,Endomorph,Normal,,,,,,upright,1.0,0.0,0.0,0.3677164018154144,21.311700810801117,0.0566987424724689,0.016502022743225,21.311700810801117,60.00307956900936,lateral,1
108,3.5991,Participant 4-Upright_frame00108,train,90deg,lateral_Participant4,Participant4,Endomorph,Normal,,,,,,upright,1.0,0.0,0.0,0.385148823261261,20.93986300747197,0.0649603974457927,0.0080825686454772,20.93986300747197,61.69488656968678,lateral,1
111,3.6991,Participant 4-Upright_frame00111,train,90deg,lateral_Participant4,Participant4,Endomorph,Normal,,,,,,upright,1.0,0.0,0.0,0.3838399946689605,23.731007898890635,0.0435223705825701,0.0233688652515411,23.731007898890635,58.35917029915432,lateral,1
114,3.799,Participant 4-Upright_frame00114,train,90deg,lateral_Participant4,Participant4,Endomorph,Normal,,,,,,upright,1.0,0.0,0.0,0.3506351411342621,25.897933333241472,0.0403222634277836,0.0280829071998596,25.897933333241472,57.18944941302546,lateral,1
117,3.899,Participant 4-Upright_frame00117,train,90deg,lateral_Participant4,Participant4,Endomorph,Normal,,,,,,upright,1.0,0.0,0.0,0.3693853318691253,27.91506183700092,0.0265228030171022,0.0487043261528015,27.91506183700092,53.16150666416585,lateral,1
120,3.999,Participant 4-Upright_frame00120,train,90deg,lateral_Participant4,Participant4,Endomorph,Normal,,,,,,upright,1.0,0.0,0.0,0.337681233882904,26.211870825578,0.0309171544534505,0.0341461598873138,26.211870825578,56.0650433748391,lateral,1
123,4.099,Participant 4-Upright_frame00123,train,90deg,lateral_Participant4,Participant4,Endomorph,Normal,,,,,,upright,1.0,0.0,0.0,0.3593089282512665,26.890223294012756,0.029988694511022,0.0377967655658721,26.890223294012756,55.31070917039421,lateral,1
126,4.1989,Participant 4-Upright_frame00126,train,90deg,lateral_Participant4,Participant4,Endomorph,Normal,,,,,,upright,1.0,0.0,0.0,0.3368522822856903,27.08923828940053,0.0371711755560401,0.0363513827323913,27.08923828940053,55.70239763589743,lateral,1
129,4.2989,Participant 4-Upright_frame00129,train,90deg,lateral_Participant4,Participant4,Endomorph,Normal,,,,,,upright,1.0,0.0,0.0,0.354235976934433,26.441587888784262,0.0304577007629671,0.0295929908752441,26.441587888784262,57.02682187358618,lateral,1
132,4.3989,Participant 4-Upright_frame00132,train,90deg,lateral_Participant4,Participant4,Endomorph,Normal,,,,,,upright,1.0,0.0,0.0,0.3881980776786804,28.16464561461959,0.0284769295396071,0.038483589887619,28.16464561461959,54.97194147243188,lateral,1
135,4.4989,Participant 4-Upright_frame00135,train,90deg,lateral_Participant4,Participant4,Endomorph,Normal,,,,,,upright,1.0,0.0,0.0,0.372495949268341,25.432826340313824,0.0346218693631118,0.031505674123764,25.432826340313824,56.73206467398059,lateral,1
138,4.5988,Participant 4-Upright_frame00138,train,90deg,lateral_Participant4,Participant4,Endomorph,Normal,,,,,,upright,1.0,0.0,0.0,0.4638797640800476,23.896960185164467,0.0610909155200997,0.0168770253658294,23.896960185164467,59.72454614216124,lateral,1
141,4.6988,Participant 4-Upright_frame00141,train,90deg,lateral_Participant4,Participant4,Endomorph,Normal,,,,,,upright,1.0,0.0,0.0,0.4544809460639953,25.31436161039057,0.0706096731545942,0.0179356932640075,25.31436161039057,59.36594994233648,lateral,1
144,4.7988,Participant 4-Upright_frame00144,train,90deg,lateral_Participant4,Participant4,Endomorph,Normal,,,,,,upright,1.0,0.0,0.0,0.4500039517879486,21.09162398693556,0.0542018265263644,0.0117209255695343,21.09162398693556,60.8617831034991,lateral,1
147,4.8988,Participant 4-Upright_frame00147,train,90deg,lateral_Participant4,Participant4,Endomorph,Normal,,,,,,upright,1.0,0.0,0.0,0.4266745448112488,20.37025113886623,0.0610619946246235,0.0115588307380676,20.37025113886623,60.93262805943255,lateral,1
150,4.9987,Participant 4-Upright_frame00150,train,90deg,lateral_Participant4,Participant4,Endomorph,Normal,,,,,,upright,1.0,0.0,0.0,0.4586741030216217,21.97948961834304,0.0839318559388385,0.0096231698989868,21.97948961834304,61.19722222837829,lateral,1
153,5.0987,Participant 4-Upright_frame00153,train,90deg,lateral_Participant4,Participant4,Endomorph,Normal,,,,,,upright,1.0,0.0,0.0,0.4302976429462433,20.753108153297184,0.0674016964292378,0.0160431861877441,20.753108153297184,60.01014810381737,lateral,1
156,5.1987,Participant 4-Upright_frame00156,train,90deg,lateral_Participant4,Participant4,Endomorph,Normal,,,,,,upright,1.0,0.0,0.0,0.4204041659832001,21.9899582764091,0.0533663403144996,0.0161363780498504,21.9899582764091,59.93247742632572,lateral,1
159,5.2987,Participant 4-Upright_frame00159,train,90deg,lateral_Participant4,Participant4,Endomorph,Normal,,,,,,upright,1.0,0.0,0.0,0.4886702299118042,21.71259856081787,0.0631460014491512,0.0179373621940612,21.71259856081787,59.51743855976543,lateral,1
162,5.3986,Participant 4-Upright_frame00162,train,90deg,lateral_Participant4,Participant4,Endomorph,Normal,,,,,,upright,1.0,0.0,0.0,0.4454019367694855,22.387186057541584,0.0761314364203467,0.0182980895042419,22.387186057541584,59.5529339345068,lateral,1
165,5.4986,Participant 4-Upright_frame00165,train,90deg,lateral_Participant4,Participant4,Endomorph,Normal,,,,,,upright,1.0,0.0,0.0,0.4019080996513366,18.911378933754257,0.0657885780963213,0.0172399282455444,18.911378933754257,59.90056176393622,lateral,1
168,5.5986,Participant 4-Upright_frame00168,train,90deg,lateral_Participant4,Participant4,Endomorph,Normal,,,,,,upright,1.0,0.0,0.0,0.452053815126419,19.723344765096325,0.0740474650551443,0.00995534658432,19.723344765096325,61.36957871068016,lateral,1
171,5.6986,Participant 4-Upright_frame00171,train,90deg,lateral_Participant4,Participant4,Endomorph,Normal,,,,,,upright,1.0,0.0,0.0,0.5098928213119507,20.762181068953726,0.0983464450060748,0.0116844177246093,20.762181068953726,60.86476809527444,lateral,1
174,5.7985,Participant 4-Upright_frame00174,train,90deg,lateral_Participant4,Participant4,Endomorph,Normal,,,,,,upright,1.0,0.0,0.0,0.5381569117307663,20.856247800804063,0.0679702127493659,0.0112537145614624,20.856247800804063,61.01727622535622,lateral,1
0,0.0,Participant 5-Slouch 2_frame00000,train,90deg,lateral_Participant5,Participant5,Endomorph,Normal,,,,,,slouch,1.0,0.0,0.0,0.32684750854969025,57.49928137442418,0.06505738765347097,0.14857560396194458,57.49928137442418,24.149659956053448,lateral,1
1,0.0358,Participant 5-Slouch 2_frame00001,train,90deg,lateral_Participant5,Participant5,Endomorph,Normal,,,,,,slouch,1.0,0.0,0.0,0.35472793132066727,60.20763331893124,0.04968556843363381,0.1524328589439392,60.20763331893124,23.257285220293124,lateral,1
2,0.0717,Participant 5-Slouch 2_frame00002,train,90deg,lateral_Participant5,Participant5,Endomorph,Normal,,,,,,slouch,1.0,0.0,0.0,0.34992218762636185,58.704677585755014,0.0587389424249289,0.1538761854171753,58.704677585755014,22.298938489907098,lateral,1
3,0.1075,Participant 5-Slouch 2_frame00003,train,90deg,lateral_Participant5,Participant5,Endomorph,Normal,,,,,,slouch,1.0,0.0,0.0,0.3646531254053116,56.50203648991909,0.05901752790228268,0.15513843297958374,56.50203648991909,22.79735102086336,lateral,1
4,0.1434,Participant 5-Slouch 2_frame00004,train,90deg,lateral_Participant5,Participant5,Endomorph,Normal,,,,,,slouch,1.0,0.0,0.0,0.36757098883390427,57.46577552288216,0.06535378270690044,0.15260308980941772,57.46577552288216,25.172046001272925,lateral,1
5,0.1792,Participant 5-Slouch 2_frame00005,train,90deg,lateral_Participant5,Participant5,Endomorph,Normal,,,,,,slouch,1.0,0.0,0.0,0.3314771354198456,57.27657100169927,0.0512996293427732,0.140120267868042,57.27657100169927,23.049416645067694,lateral,1
6,0.2151,Participant 5-Slouch 2_frame00006,train,90deg,lateral_Participant5,Participant5,Endomorph,Normal,,,,,,slouch,1.0,0.0,0.0,0.35213568806648254,59.90993053652464,0.06219969636398535,0.16684526205062866,59.90993053652464,22.674875481505808,lateral,1
7,0.2509,Participant 5-Slouch 2_frame00007,train,90deg,lateral_Participant5,Participant5,Endomorph,Normal,,,,,,slouch,1.0,0.0,0.0,0.2924318313598633,55.62060985679193,0.056345648782106184,0.1526685655117035,55.62060985679193,23.788966264644696,lateral,1
8,0.2867,Participant 5-Slouch 2_frame00008,train,90deg,lateral_Participant5,Participant5,Endomorph,Normal,,,,,,slouch,1.0,0.0,0.0,0.3691987693309784,57.07313539665974,0.048111596644239835,0.1531684398651123,57.07313539665974,23.90919083678689,lateral,1
9,0.3226,Participant 5-Slouch 2_frame00009,train,90deg,lateral_Participant5,Participant5,Endomorph,Normal,,,,,,slouch,1.0,0.0,0.0,0.3588261753320694,55.431976177385266,0.04777995664713861,0.14406120777130127,55.431976177385266,23.512932363659328,lateral,1
10,0.3584,Participant 5-Slouch 2_frame00010,train,90deg,lateral_Participant5,Participant5,Endomorph,Normal,,,,,,slouch,1.0,0.0,0.0,0.36049139499664307,54.769951592834225,0.05376069338260601,0.15264618396759033,54.769951592834225,25.148886396700536,lateral,1
11,0.3943,Participant 5-Slouch 2_frame00011,train,90deg,lateral_Participant5,Participant5,Endomorph,Normal,,,,,,slouch,1.0,0.0,0.0,0.319330170750618,57.89341456435538,0.06107259051476458,0.15770688652992249,57.89341456435538,25.102432103268246,lateral,1
12,0.4301,Participant 5-Slouch 2_frame00012,train,90deg,lateral_Participant5,Participant5,Endomorph,Normal,,,,,,slouch,1.0,0.0,0.0,0.3496730476617813,53.77688516356655,0.04669718334550639,0.143370121717453,53.77688516356655,24.138334377613422,lateral,1
13,0.466,Participant 5-Slouch 2_frame00013,train,90deg,lateral_Participant5,Participant5,Endomorph,Normal,,,,,,slouch,1.0,0.0,0.0,0.3468810021877289,55.878120240483284,0.05040005144735308,0.13583731651306152,55.878120240483284,25.37398398335404,lateral,1
14,0.5018,Participant 5-Slouch 2_frame00014,train,90deg,lateral_Participant5,Participant5,Endomorph,Normal,,,,,,slouch,1.0,0.0,0.0,0.3528446704149246,59.584147171309425,0.07086166278539995,0.16230034828186035,59.584147171309425,24.404609326152997,lateral,1
15,0.5376,Participant 5-Slouch 2_frame00015,train,90deg,lateral_Participant5,Participant5,Endomorph,Normal,,,,,,slouch,1.0,0.0,0.0,0.36217737197875977,57.83727558093993,0.04062938542720125,0.14462900161743164,57.83727558093993,22.33769949120135,lateral,1
16,0.5735,Participant 5-Slouch 2_frame00016,train,90deg,lateral_Participant5,Participant5,Endomorph,Normal,,,,,,slouch,1.0,0.0,0.0,0.31367944180965424,56.0844555534731,0.050429260451146804,0.139140784740448,56.0844555534731,24.88060704971197,lateral,1
17,0.6093,Participant 5-Slouch 2_frame00017,train,90deg,lateral_Participant5,Participant5,Endomorph,Normal,,,,,,slouch,1.0,0.0,0.0,0.35411934554576874,57.83986705585942,0.04956712768271889,0.15539997816085815,57.83986705585942,23.531278392653828,lateral,1
18,0.6452,Participant 5-Slouch 2_frame00018,train,90deg,lateral_Participant5,Participant5,Endomorph,Normal,,,,,,slouch,1.0,0.0,0.0,0.284140408039093,53.130762041392124,0.05145899461722929,0.13918524980545044,53.130762041392124,24.401044630240282,lateral,1
19,0.681,Participant 5-Slouch 2_frame00019,train,90deg,lateral_Participant5,Participant5,Endomorph,Normal,,,,,,slouch,1.0,0.0,0.0,0.36038317531347275,57.10894170281589,0.05013964341262862,0.15148136019706726,57.10894170281589,22.874346339108893,lateral,1
20,0.7169,Participant 5-Slouch 2_frame00020,train,90deg,lateral_Participant5,Participant5,Endomorph,Normal,,,,,,slouch,1.0,0.0,0.0,0.3759217858314514,63.89011590947692,0.05155447509287615,0.16283786296844482,63.89011590947692,22.16711086199944,lateral,1
21,0.7527,Participant 5-Slouch 2_frame00021,train,90deg,lateral_Participant5,Participant5,Endomorph,Normal,,,,,,slouch,1.0,0.0,0.0,0.31334657967090607,57.03267978137285,0.0475542046046851,0.1440010666847229,57.03267978137285,22.29421359201824,lateral,1
22,0.7885,Participant 5-Slouch 2_frame00022,train,90deg,lateral_Participant5,Participant5,Endomorph,Normal,,,,,,slouch,1.0,0.0,0.0,0.297821968793869,56.863464101655936,0.054845330465671825,0.1528686285018921,56.863464101655936,24.6303248756906,lateral,1
23,0.8244,Participant 5-Slouch 2_frame00023,train,90deg,lateral_Participant5,Participant5,Endomorph,Normal,,,,,,slouch,1.0,0.0,0.0,0.3274926096200943,56.54613533488825,0.05371165272945326,0.15200573205947876,56.54613533488825,24.030323784671374,lateral,1
24,0.8602,Participant 5-Slouch 2_frame00024,train,90deg,lateral_Participant5,Participant5,Endomorph,Normal,,,,,,slouch,1.0,0.0,0.0,0.3126687705516815,56.530906067415444,0.049895414491884546,0.14504307508468628,56.530906067415444,23.950208311539377,lateral,1
25,0.8961,Participant 5-Slouch 2_frame00025,train,90deg,lateral_Participant5,Participant5,Endomorph,Normal,,,,,,slouch,1.0,0.0,0.0,0.2794821113348007,56.50808350669108,0.051698843354802654,0.13989490270614624,56.50808350669108,24.14675021848352,lateral,1
26,0.9319,Participant 5-Slouch 2_frame00026,train,90deg,lateral_Participant5,Participant5,Endomorph,Normal,,,,,,slouch,1.0,0.0,0.0,0.3424708694219589,54.70211770494017,0.0653120747419068,0.15286317467689514,54.70211770494017,24.778585694273332,lateral,1
27,0.9678,Participant 5-Slouch 2_frame00027,train,90deg,lateral_Participant5,Participant5,Endomorph,Normal,,,,,,slouch,1.0,0.0,0.0,0.2675761282444,53.23784326184235,0.06563030654423031,0.146602600812912,53.23784326184235,24.79443482772176,lateral,1
28,1.0036,Participant 5-Slouch 2_frame00028,train,90deg,lateral_Participant5,Participant5,Endomorph,Normal,,,,,,slouch,1.0,0.0,0.0,0.3446040749549866,54.28498651877054,0.047854759411166306,0.1478370726108551,54.28498651877054,23.924914414174932,lateral,1
29,1.0394,Participant 5-Slouch 2_frame00029,train,90deg,lateral_Participant5,Participant5,Endomorph,Normal,,,,,,slouch,1.0,0.0,0.0,0.37042030692100525,59.831334488457706,0.05972325043609101,0.16038191318511963,59.831334488457706,22.98379641561296,lateral,1
30,1.0753,Participant 5-Slouch 2_frame00030,train,90deg,lateral_Participant5,Participant5,Endomorph,Normal,,,,,,slouch,1.0,0.0,0.0,0.3130732327699661,56.95137135874946,0.05400979625897292,0.1430031657218933,56.95137135874946,24.711554840212422,lateral,1
31,1.1111,Participant 5-Slouch 2_frame00031,train,90deg,lateral_Participant5,Participant5,Endomorph,Normal,,,,,,slouch,1.0,0.0,0.0,0.3528653681278229,61.86650382450712,0.0588719609184748,0.15410208702087402,61.86650382450712,23.203411758278026,lateral,1
32,1.147,Participant 5-Slouch 2_frame00032,train,90deg,lateral_Participant5,Participant5,Endomorph,Normal,,,,,,slouch,1.0,0.0,0.0,0.33218543231487274,60.537235862903,0.033292201000143636,0.14062488079071045,60.537235862903,19.965934446974504,lateral,1
33,1.1828,Participant 5-Slouch 2_frame00033,train,90deg,lateral_Participant5,Participant5,Endomorph,Normal,,,,,,slouch,1.0,0.0,0.0,0.349090576171875,57.47495958727897,0.05927638152342316,0.16048195958137512,57.47495958727897,24.355249366675885,lateral,1
34,1.2186,Participant 5-Slouch 2_frame00034,train,90deg,lateral_Participant5,Participant5,Endomorph,Normal,,,,,,slouch,1.0,0.0,0.0,0.33192406594753265,54.09894727552236,0.06225500240341851,0.1460263729095459,54.09894727552236,23.305929516191014,lateral,1
35,1.2545,Participant 5-Slouch 2_frame00035,train,90deg,lateral_Participant5,Participant5,Endomorph,Normal,,,,,,slouch,1.0,0.0,0.0,0.3532706946134567,58.552838889520174,0.05766103454185928,0.16082274913787842,58.552838889520174,23.851056982472098,lateral,1
36,1.2903,Participant 5-Slouch 2_frame00036,train,90deg,lateral_Participant5,Participant5,Endomorph,Normal,,,,,,slouch,1.0,0.0,0.0,0.36595018208026886,58.98000612151104,0.048311143621496674,0.1522042453289032,58.98000612151104,22.572216528935737,lateral,1
37,1.3262,Participant 5-Slouch 2_frame00037,train,90deg,lateral_Participant5,Participant5,Endomorph,Normal,,,,,,slouch,1.0,0.0,0.0,0.3127708435058594,54.52995329261541,0.04992988671331703,0.15088889002799988,54.52995329261541,24.335669725896846,lateral,1
38,1.362,Participant 5-Slouch 2_frame00038,train,90deg,lateral_Participant5,Participant5,Endomorph,Normal,,,,,,slouch,1.0,0.0,0.0,0.3586932271718979,58.866369936721874,0.03969865769538139,0.15241748094558716,58.866369936721874,22.15636947156085,lateral,1
39,1.3979,Participant 5-Slouch 2_frame00039,train,90deg,lateral_Participant5,Participant5,Endomorph,Normal,,,,,,slouch,1.0,0.0,0.0,0.3454638421535492,58.70751826119307,0.05355444057414591,0.1510801911354065,58.70751826119307,24.539756867567412,lateral,1
40,1.4337,Participant 5-Slouch 2_frame00040,train,90deg,lateral_Participant5,Participant5,Endomorph,Normal,,,,,,slouch,1.0,0.0,0.0,0.3371206969022751,56.12625104059105,0.051875071289520854,0.15345990657806396,56.12625104059105,23.58496211918122,lateral,1
41,1.4695,Participant 5-Slouch 2_frame00041,train,90deg,lateral_Participant5,Participant5,Endomorph,Normal,,,,,,slouch,1.0,0.0,0.0,0.3234516382217407,55.2542631525759,0.0562777322798278,0.14884459972381592,55.2542631525759,24.713128867129797,lateral,1
42,1.5054,Participant 5-Slouch 2_frame00042,train,90deg,lateral_Participant5,Participant5,Endomorph,Normal,,,,,,slouch,1.0,0.0,0.0,0.3148393779993057,54.696388003601335,0.05063385556841895,0.14341366291046143,54.696388003601335,23.369642715906924,lateral,1
43,1.5412,Participant 5-Slouch 2_frame00043,train,90deg,lateral_Participant5,Participant5,Endomorph,Normal,,,,,,slouch,1.0,0.0,0.0,0.3506062626838684,54.98860131490508,0.048866830648000716,0.15258222818374634,54.98860131490508,23.38373372759015,lateral,1
44,1.5771,Participant 5-Slouch 2_frame00044,train,90deg,lateral_Participant5,Participant5,Endomorph,Normal,,,,,,slouch,1.0,0.0,0.0,0.3643288314342499,57.60810024981192,0.046946837532109154,0.148293137550354,57.60810024981192,23.404968857829708,lateral,1
45,1.6129,Participant 5-Slouch 2_frame00045,train,90deg,lateral_Participant5,Participant5,Endomorph,Normal,,,,,,slouch,1.0,0.0,0.0,0.3386550098657608,55.05353864802674,0.05468360998935133,0.14608031511306763,55.05353864802674,24.149078509159164,lateral,1
46,1.6488,Participant 5-Slouch 2_frame00046,train,90deg,lateral_Participant5,Participant5,Endomorph,Normal,,,,,,slouch,1.0,0.0,0.0,0.30698640644550323,54.6167240190808,0.052928157775134384,0.14213749766349792,54.6167240190808,24.193648702953087,lateral,1
47,1.6846,Participant 5-Slouch 2_frame00047,train,90deg,lateral_Participant5,Participant5,Endomorph,Normal,,,,,,slouch,1.0,0.0,0.0,0.3228708803653717,53.83478509681639,0.04350869426558829,0.13594812154769897,53.83478509681639,25.40199069856662,lateral,1
48,1.7204,Participant 5-Slouch 2_frame00048,train,90deg,lateral_Participant5,Participant5,Endomorph,Normal,,,,,,slouch,1.0,0.0,0.0,0.31347137689590454,52.110326844225625,0.05778398546828246,0.13983923196792603,52.110326844225625,24.53470665758221,lateral,1
49,1.7563,Participant 5-Slouch 2_frame00049,train,90deg,lateral_Participant5,Participant5,Endomorph,Normal,,,,,,slouch,1.0,0.0,0.0,0.3150535225868225,54.15118704492142,0.05010339824526889,0.14740526676177979,54.15118704492142,23.01656562141251,lateral,1
50,1.7921,Participant 5-Slouch 2_frame00050,train,90deg,lateral_Participant5,Participant5,Endomorph,Normal,,,,,,slouch,1.0,0.0,0.0,0.3386508971452713,57.33329337438486,0.048237706993893126,0.15147623419761658,57.33329337438486,22.1139578789562,lateral,1
51,1.828,Participant 5-Slouch 2_frame00051,train,90deg,lateral_Participant5,Participant5,Endomorph,Normal,,,,,,slouch,1.0,0.0,0.0,0.3451547771692276,51.28244941333314,0.04602733026274528,0.13343873620033264,51.28244941333314,22.895257962111895,lateral,1
52,1.8638,Participant 5-Slouch 2_frame00052,train,90deg,lateral_Participant5,Participant5,Endomorph,Normal,,,,,,slouch,1.0,0.0,0.0,0.31904514133930206,53.881143297090496,0.049273161793872436,0.1452583372592926,53.881143297090496,22.752235842732826,lateral,1
53,1.8997,Participant 5-Slouch 2_frame00053,train,90deg,lateral_Participant5,Participant5,Endomorph,Normal,,,,,,slouch,1.0,0.0,0.0,0.2650153189897537,50.83770772951771,0.06402576225846986,0.14532077312469482,50.83770772951771,23.750534797265075,lateral,1
54,1.9355,Participant 5-Slouch 2_frame00054,train,90deg,lateral_Participant5,Participant5,Endomorph,Normal,,,,,,slouch,1.0,0.0,0.0,0.32367488741874695,55.10596869186055,0.04513176143587415,0.13970810174942017,55.10596869186055,23.54061235149476,lateral,1
55,1.9713,Participant 5-Slouch 2_frame00055,train,90deg,lateral_Participant5,Participant5,Endomorph,Normal,,,,,,slouch,1.0,0.0,0.0,0.31623706221580505,56.089808977486804,0.05388222888592459,0.1543368399143219,56.089808977486804,22.801939582839015,lateral,1
56,2.0072,Participant 5-Slouch 2_frame00056,train,90deg,lateral_Participant5,Participant5,Endomorph,Normal,,,,,,slouch,1.0,0.0,0.0,0.32895365357398987,58.414921694413096,0.03412056503661943,0.14287865161895752,58.414921694413096,20.252553042504672,lateral,1
57,2.043,Participant 5-Slouch 2_frame00057,train,90deg,lateral_Participant5,Participant5,Endomorph,Normal,,,,,,slouch,1.0,0.0,0.0,0.3005681186914444,54.44389007854256,0.04484850784794043,0.1420905590057373,54.44389007854256,23.628677412379144,lateral,1
58,2.0789,Participant 5-Slouch 2_frame00058,train,90deg,lateral_Participant5,Participant5,Endomorph,Normal,,,,,,slouch,1.0,0.0,0.0,0.3190508037805557,56.48222180487741,0.05661661187101005,0.14594194293022156,56.48222180487741,25.686975199167055,lateral,1
59,2.1147,Participant 5-Slouch 2_frame00059,train,90deg,lateral_Participant5,Participant5,Endomorph,Normal,,,,,,slouch,1.0,0.0,0.0,0.3055478185415268,55.35815829070987,0.0579713127629357,0.14439654350280762,55.35815829070987,24.5913484834658,lateral,1
60,2.1506,Participant 5-Slouch 2_frame00060,train,90deg,lateral_Participant5,Participant5,Endomorph,Normal,,,,,,slouch,1.0,0.0,0.0,0.3224615454673767,56.42410250526855,0.05282589320283701,0.15135836601257324,56.42410250526855,23.560115485908465,lateral,1
61,2.1864,Participant 5-Slouch 2_frame00061,train,90deg,lateral_Participant5,Participant5,Endomorph,Normal,,,,,,slouch,1.0,0.0,0.0,0.32134294509887695,55.99821449097479,0.04678527503766136,0.1437947154045105,55.99821449097479,24.284060429183324,lateral,1
62,2.2222,Participant 5-Slouch 2_frame00062,train,90deg,lateral_Participant5,Participant5,Endomorph,Normal,,,,,,slouch,1.0,0.0,0.0,0.3180866837501526,56.16020614359256,0.05690347128052837,0.15317469835281372,56.16020614359256,23.6408954989939,lateral,1
63,2.2581,Participant 5-Slouch 2_frame00063,train,90deg,lateral_Participant5,Participant5,Endomorph,Normal,,,,,,slouch,1.0,0.0,0.0,0.3194887638092041,53.23939522811712,0.06090228327962834,0.14354613423347473,53.23939522811712,25.920060484047433,lateral,1
64,2.2939,Participant 5-Slouch 2_frame00064,train,90deg,lateral_Participant5,Participant5,Endomorph,Normal,,,,,,slouch,1.0,0.0,0.0,0.31929926574230194,55.234259501962136,0.05089632440244946,0.1480792760848999,55.234259501962136,22.26254279127392,lateral,1
65,2.3298,Participant 5-Slouch 2_frame00065,train,90deg,lateral_Participant5,Participant5,Endomorph,Normal,,,,,,slouch,1.0,0.0,0.0,0.29104752838611603,54.96976337077704,0.051699145750836034,0.14345121383666992,54.96976337077704,23.37809720535262,lateral,1
66,2.3656,Participant 5-Slouch 2_frame00066,train,90deg,lateral_Participant5,Participant5,Endomorph,Normal,,,,,,slouch,1.0,0.0,0.0,0.3444965034723282,55.43236931974591,0.051122086094375345,0.15293943881988525,55.43236931974591,23.461674834873467,lateral,1
67,2.4015,Participant 5-Slouch 2_frame00067,train,90deg,lateral_Participant5,Participant5,Endomorph,Normal,,,,,,slouch,1.0,0.0,0.0,0.3463073819875717,61.289877685763365,0.050549417046682824,0.15320920944213867,61.289877685763365,21.355366525035983,lateral,1
68,2.4373,Participant 5-Slouch 2_frame00068,train,90deg,lateral_Participant5,Participant5,Endomorph,Normal,,,,,,slouch,1.0,0.0,0.0,0.3351101875305176,56.73785959271578,0.0517164313847484,0.1532447636127472,56.73785959271578,23.762915497718417,lateral,1
69,2.4731,Participant 5-Slouch 2_frame00069,train,90deg,lateral_Participant5,Participant5,Endomorph,Normal,,,,,,slouch,1.0,0.0,0.0,0.27261775732040405,65.46788733626194,0.08500039460521504,0.17212334275245667,65.46788733626194,21.26237951953742,lateral,1
70,2.509,Participant 5-Slouch 2_frame00070,train,90deg,lateral_Participant5,Participant5,Endomorph,Normal,,,,,,slouch,1.0,0.0,0.0,0.3536505326628685,60.01983258243309,0.057283599273078765,0.1617611050605774,60.01983258243309,22.334947239922563,lateral,1
71,2.5448,Participant 5-Slouch 2_frame00071,train,90deg,lateral_Participant5,Participant5,Endomorph,Normal,,,,,,slouch,1.0,0.0,0.0,0.2928849160671234,54.78203891743036,0.06162857303344888,0.15650469064712524,54.78203891743036,24.234739247510245,lateral,1
72,2.5807,Participant 5-Slouch 2_frame00072,train,90deg,lateral_Participant5,Participant5,Endomorph,Normal,,,,,,slouch,1.0,0.0,0.0,0.3050824701786041,53.977242245634834,0.05494863329057207,0.14441215991973877,53.977242245634834,22.95434305352307,lateral,1
73,2.6165,Participant 5-Slouch 2_frame00073,train,90deg,lateral_Participant5,Participant5,Endomorph,Normal,,,,,,slouch,1.0,0.0,0.0,0.3076339364051819,55.72206168162584,0.05054116029410345,0.14863130450248718,55.72206168162584,22.000680260919818,lateral,1
74,2.6524,Participant 5-Slouch 2_frame00074,train,90deg,lateral_Participant5,Participant5,Endomorph,Normal,,,,,,slouch,1.0,0.0,0.0,0.287114217877388,53.22347067320057,0.0576564514858199,0.14022523164749146,53.22347067320057,24.198894019984863,lateral,1
75,2.6882,Participant 5-Slouch 2_frame00075,train,90deg,lateral_Participant5,Participant5,Endomorph,Normal,,,,,,slouch,1.0,0.0,0.0,0.26881885528564453,55.81057106875905,0.06378120580707736,0.1550554633140564,55.81057106875905,23.848002678124875,lateral,1
76,2.724,Participant 5-Slouch 2_frame00076,train,90deg,lateral_Participant5,Participant5,Endomorph,Normal,,,,,,slouch,1.0,0.0,0.0,0.306051105260849,56.989571545883294,0.04450261332414487,0.15022975206375122,56.989571545883294,22.015951463707705,lateral,1
77,2.7599,Participant 5-Slouch 2_frame00077,train,90deg,lateral_Participant5,Participant5,Endomorph,Normal,,,,,,slouch,1.0,0.0,0.0,0.3060983717441559,57.151173569900806,0.05997384141630333,0.15076309442520142,57.151173569900806,22.546961363808926,lateral,1
78,2.7957,Participant 5-Slouch 2_frame00078,train,90deg,lateral_Participant5,Participant5,Endomorph,Normal,,,,,,slouch,1.0,0.0,0.0,0.3273240923881531,57.986299526342265,0.06231793670603283,0.15420174598693848,57.986299526342265,23.302612758364422,lateral,1
79,2.8316,Participant 5-Slouch 2_frame00079,train,90deg,lateral_Participant5,Participant5,Endomorph,Normal,,,,,,slouch,1.0,0.0,0.0,0.28166215121746063,54.16386685800197,0.053850194006044926,0.14522355794906616,54.16386685800197,22.402439965905156,lateral,1
80,2.8674,Participant 5-Slouch 2_frame00080,train,90deg,lateral_Participant5,Participant5,Endomorph,Normal,,,,,,slouch,1.0,0.0,0.0,0.2816690653562546,55.51476589695301,0.058969698246010414,0.14864295721054077,55.51476589695301,22.790909051717023,lateral,1
81,2.9033,Participant 5-Slouch 2_frame00081,train,90deg,lateral_Participant5,Participant5,Endomorph,Normal,,,,,,slouch,1.0,0.0,0.0,0.30210570991039276,56.24884714287232,0.05680519915381191,0.147352397441864,56.24884714287232,23.193600059349897,lateral,1
82,2.9391,Participant 5-Slouch 2_frame00082,train,90deg,lateral_Participant5,Participant5,Endomorph,Normal,,,,,,slouch,1.0,0.0,0.0,0.3453150689601898,60.70375987207775,0.060504057683618474,0.1578393578529358,60.70375987207775,22.301949658512946,lateral,1
83,2.9749,Participant 5-Slouch 2_frame00083,train,90deg,lateral_Participant5,Participant5,Endomorph,Normal,,,,,,slouch,1.0,0.0,0.0,0.2814866304397583,53.9374306659399,0.05681550545880297,0.14237350225448608,53.9374306659399,23.075740813271366,lateral,1
84,3.0108,Participant 5-Slouch 2_frame00084,train,90deg,lateral_Participant5,Participant5,Endomorph,Normal,,,,,,slouch,1.0,0.0,0.0,0.26871803402900696,53.94178903483303,0.060817813482381786,0.15017282962799072,53.94178903483303,23.467159814216533,lateral,1
85,3.0466,Participant 5-Slouch 2_frame00085,train,90deg,lateral_Participant5,Participant5,Endomorph,Normal,,,,,,slouch,1.0,0.0,0.0,0.3091979920864105,57.026547596325486,0.06514193402268811,0.1580195128917694,57.026547596325486,22.81438950961045,lateral,1
86,3.0825,Participant 5-Slouch 2_frame00086,train,90deg,lateral_Participant5,Participant5,Endomorph,Normal,,,,,,slouch,1.0,0.0,0.0,0.30208656191825867,57.441896087438884,0.062255638305684854,0.1581512987613678,57.441896087438884,24.413163887725783,lateral,1
87,3.1183,Participant 5-Slouch 2_frame00087,train,90deg,lateral_Participant5,Participant5,Endomorph,Normal,,,,,,slouch,1.0,0.0,0.0,0.32349449396133423,56.923868092158514,0.05270891831522891,0.15077835321426392,56.923868092158514,22.911420945222137,lateral,1
88,3.1542,Participant 5-Slouch 2_frame00088,train,90deg,lateral_Participant5,Participant5,Endomorph,Normal,,,,,,slouch,1.0,0.0,0.0,0.2733285129070282,55.29112111312209,0.05825559476247185,0.13718557357788086,55.29112111312209,23.39950830117954,lateral,1
89,3.19,Participant 5-Slouch 2_frame00089,train,90deg,lateral_Participant5,Participant5,Endomorph,Normal,,,,,,slouch,1.0,0.0,0.0,0.3068312555551529,56.63853745899667,0.05858324466025238,0.1537071168422699,56.63853745899667,23.63060166379937,lateral,1
90,3.2258,Participant 5-Slouch 2_frame00090,train,90deg,lateral_Participant5,Participant5,Endomorph,Normal,,,,,,slouch,1.0,0.0,0.0,0.3105762153863907,55.76038612080566,0.05523074728287319,0.14571022987365723,55.76038612080566,21.78974975508676,lateral,1
91,3.2617,Participant 5-Slouch 2_frame00091,train,90deg,lateral_Participant5,Participant5,Endomorph,Normal,,,,,,slouch,1.0,0.0,0.0,0.29508940875530243,55.99357438767674,0.0661970676806148,0.1582692265510559,55.99357438767674,23.19279540223061,lateral,1
92,3.2975,Participant 5-Slouch 2_frame00092,train,90deg,lateral_Participant5,Participant5,Endomorph,Normal,,,,,,slouch,1.0,0.0,0.0,0.2711680978536606,52.67083266985217,0.060604555128953894,0.1462850570678711,52.67083266985217,24.96860184212261,lateral,1
93,3.3334,Participant 5-Slouch 2_frame00093,train,90deg,lateral_Participant5,Participant5,Endomorph,Normal,,,,,,slouch,1.0,0.0,0.0,0.2837880700826645,51.655432886464574,0.06808567527606067,0.14723321795463562,51.655432886464574,23.313392805090842,lateral,1
94,3.3692,Participant 5-Slouch 2_frame00094,train,90deg,lateral_Participant5,Participant5,Endomorph,Normal,,,,,,slouch,1.0,0.0,0.0,0.30037499964237213,55.65141473557502,0.05712496425482862,0.153242826461792,55.65141473557502,22.615824470231548,lateral,1
95,3.405,Participant 5-Slouch 2_frame00095,train,90deg,lateral_Participant5,Participant5,Endomorph,Normal,,,,,,slouch,1.0,0.0,0.0,0.2771858274936676,52.939329657042855,0.05691087334401814,0.14022457599639893,52.939329657042855,23.645316753856555,lateral,1
96,3.4409,Participant 5-Slouch 2_frame00096,train,90deg,lateral_Participant5,Participant5,Endomorph,Normal,,,,,,slouch,1.0,0.0,0.0,0.31688834726810455,56.26138533924397,0.06276656134750298,0.16160300374031067,56.26138533924397,23.862113181331654,lateral,1
97,3.4767,Participant 5-Slouch 2_frame00097,train,90deg,lateral_Participant5,Participant5,Endomorph,Normal,,,,,,slouch,1.0,0.0,0.0,0.33544208109378815,58.39724801061679,0.05719267312851513,0.1566174030303955,58.39724801061679,22.140011173547457,lateral,1
98,3.5126,Participant 5-Slouch 2_frame00098,train,90deg,lateral_Participant5,Participant5,Endomorph,Normal,,,,,,slouch,1.0,0.0,0.0,0.34390147030353546,59.69082767679765,0.05412370969290546,0.15526345372200012,59.69082767679765,21.607143137449146,lateral,1
99,3.5484,Participant 5-Slouch 2_frame00099,train,90deg,lateral_Participant5,Participant5,Endomorph,Normal,,,,,,slouch,1.0,0.0,0.0,0.27022236585617065,52.86521329111844,0.05892426816881001,0.1439323127269745,52.86521329111844,23.29929940435815,lateral,1
100,3.5843,Participant 5-Slouch 2_frame00100,train,90deg,lateral_Participant5,Participant5,Endomorph,Normal,,,,,,slouch,1.0,0.0,0.0,0.28418251872062683,56.35768855825111,0.06326156876176364,0.16035574674606323,56.35768855825111,23.447170702388014,lateral,1
101,3.6201,Participant 5-Slouch 2_frame00101,train,90deg,lateral_Participant5,Participant5,Endomorph,Normal,,,,,,slouch,1.0,0.0,0.0,0.28172367811203003,51.944648336851586,0.060236189810611206,0.14267674088478088,51.944648336851586,23.266471882810873,lateral,1
102,3.6559,Participant 5-Slouch 2_frame00102,train,90deg,lateral_Participant5,Participant5,Endomorph,Normal,,,,,,slouch,1.0,0.0,0.0,0.29191525280475616,56.20271098891669,0.057282115849811854,0.15453514456748962,56.20271098891669,22.786652317283995,lateral,1
103,3.6918,Participant 5-Slouch 2_frame00103,train,90deg,lateral_Participant5,Participant5,Endomorph,Normal,,,,,,slouch,1.0,0.0,0.0,0.2532448321580887,52.62414741569949,0.06291931511139212,0.14173519611358643,52.62414741569949,23.95480473187037,lateral,1
104,3.7276,Participant 5-Slouch 2_frame00104,train,90deg,lateral_Participant5,Participant5,Endomorph,Normal,,,,,,slouch,1.0,0.0,0.0,0.2898561954498291,52.27258291173417,0.057495910964102,0.13974887132644653,52.27258291173417,21.747057079131736,lateral,1
105,3.7635,Participant 5-Slouch 2_frame00105,train,90deg,lateral_Participant5,Participant5,Endomorph,Normal,,,,,,slouch,1.0,0.0,0.0,0.30783338844776154,54.74123016835743,0.05846754528109961,0.14477157592773438,54.74123016835743,23.979541911247274,lateral,1
106,3.7993,Participant 5-Slouch 2_frame00106,train,90deg,lateral_Participant5,Participant5,Endomorph,Normal,,,,,,slouch,1.0,0.0,0.0,0.28097862005233765,55.63675941523368,0.05800861568881952,0.15244433283805847,55.63675941523368,24.092037079177818,lateral,1
107,3.8352,Participant 5-Slouch 2_frame00107,train,90deg,lateral_Participant5,Participant5,Endomorph,Normal,,,,,,slouch,1.0,0.0,0.0,0.301505982875824,56.71526915551124,0.060308435798781646,0.15490928292274475,56.71526915551124,22.542185036815848,lateral,1
108,3.871,Participant 5-Slouch 2_frame00108,train,90deg,lateral_Participant5,Participant5,Endomorph,Normal,,,,,,slouch,1.0,0.0,0.0,0.23674827814102173,54.009203604994454,0.06694270633796169,0.15045234560966492,54.009203604994454,23.15916590675047,lateral,1
109,3.9068,Participant 5-Slouch 2_frame00109,train,90deg,lateral_Participant5,Participant5,Endomorph,Normal,,,,,,slouch,1.0,0.0,0.0,0.2987937033176422,55.33106419387287,0.05669016311908315,0.15412095189094543,55.33106419387287,23.69612605179813,lateral,1
110,3.9427,Participant 5-Slouch 2_frame00110,train,90deg,lateral_Participant5,Participant5,Endomorph,Normal,,,,,,slouch,1.0,0.0,0.0,0.31789857149124146,58.34718429727685,0.054886319360257674,0.15920588374137878,58.34718429727685,22.68464998242583,lateral,1
111,3.9785,Participant 5-Slouch 2_frame00111,train,90deg,lateral_Participant5,Participant5,Endomorph,Normal,,,,,,slouch,1.0,0.0,0.0,0.2595399171113968,53.36497510729009,0.06255289088912716,0.1466740369796753,53.36497510729009,22.6326475285181,lateral,1
112,4.0144,Participant 5-Slouch 2_frame00112,train,90deg,lateral_Participant5,Participant5,Endomorph,Normal,,,,,,slouch,1.0,0.0,0.0,0.3064187467098236,59.330904780375384,0.05059709325413709,0.15360629558563232,59.330904780375384,22.35230908405732,lateral,1
113,4.0502,Participant 5-Slouch 2_frame00113,train,90deg,lateral_Participant5,Participant5,Endomorph,Normal,,,,,,slouch,1.0,0.0,0.0,0.3038531690835953,56.80959419891668,0.06504393686113023,0.15118733048439026,56.80959419891668,24.463677002999255,lateral,1
114,4.0861,Participant 5-Slouch 2_frame00114,train,90deg,lateral_Participant5,Participant5,Endomorph,Normal,,,,,,slouch,1.0,0.0,0.0,0.2594711184501648,54.51818342695717,0.05756857545550882,0.14151650667190552,54.51818342695717,23.65172271181873,lateral,1
115,4.1219,Participant 5-Slouch 2_frame00115,train,90deg,lateral_Participant5,Participant5,Endomorph,Normal,,,,,,slouch,1.0,0.0,0.0,0.2737116515636444,55.291576816286536,0.058947212842633635,0.15208420157432556,55.291576816286536,24.20458316371734,lateral,1
116,4.1577,Participant 5-Slouch 2_frame00116,train,90deg,lateral_Participant5,Participant5,Endomorph,Normal,,,,,,slouch,1.0,0.0,0.0,0.31127865612506866,56.09697801524877,0.04863480628160528,0.14810818433761597,56.09697801524877,22.249241522111088,lateral,1
117,4.1936,Participant 5-Slouch 2_frame00117,train,90deg,lateral_Participant5,Participant5,Endomorph,Normal,,,,,,slouch,1.0,0.0,0.0,0.3152475357055664,56.07234576352072,0.04497393217030722,0.14342188835144043,56.07234576352072,22.140410527822123,lateral,1
118,4.2294,Participant 5-Slouch 2_frame00118,train,90deg,lateral_Participant5,Participant5,Endomorph,Normal,,,,,,slouch,1.0,0.0,0.0,0.3177800327539444,56.361927916820484,0.047404767845039726,0.1450480818748474,56.361927916820484,23.25957466872665,lateral,1
119,4.2653,Participant 5-Slouch 2_frame00119,train,90deg,lateral_Participant5,Participant5,Endomorph,Normal,,,,,,slouch,1.0,0.0,0.0,0.2372453510761261,51.44062078207793,0.06904165934682986,0.14248064160346985,51.44062078207793,25.82031638644719,lateral,1
120,4.3011,Participant 5-Slouch 2_frame00120,train,90deg,lateral_Participant5,Participant5,Endomorph,Normal,,,,,,slouch,1.0,0.0,0.0,0.24059109389781952,52.53679406494265,0.05740575856274921,0.14308395981788635,52.53679406494265,22.947250620921846,lateral,1
121,4.337,Participant 5-Slouch 2_frame00121,train,90deg,lateral_Participant5,Participant5,Endomorph,Normal,,,,,,slouch,1.0,0.0,0.0,0.25409504771232605,51.81517138302663,0.06445191840618186,0.14260905981063843,51.81517138302663,24.339368507548304,lateral,1
122,4.3728,Participant 5-Slouch 2_frame00122,train,90deg,lateral_Participant5,Participant5,Endomorph,Normal,,,,,,slouch,1.0,0.0,0.0,0.2663961201906204,51.780958587832345,0.07272468232952851,0.14877566695213318,51.780958587832345,26.069774959648065,lateral,1
123,4.4086,Participant 5-Slouch 2_frame00123,train,90deg,lateral_Participant5,Participant5,Endomorph,Normal,,,,,,slouch,1.0,0.0,0.0,0.2729681134223938,53.71602155390853,0.057022346175229555,0.14386391639709473,53.71602155390853,24.345622175979674,lateral,1
124,4.4445,Participant 5-Slouch 2_frame00124,train,90deg,lateral_Participant5,Participant5,Endomorph,Normal,,,,,,slouch,1.0,0.0,0.0,0.26057977974414825,53.61836467767501,0.05866312901277983,0.1457993984222412,53.61836467767501,24.100833035739008,lateral,1
125,4.4803,Participant 5-Slouch 2_frame00125,train,90deg,lateral_Participant5,Participant5,Endomorph,Normal,,,,,,slouch,1.0,0.0,0.0,0.27573245763778687,56.02856275035114,0.057291566515579664,0.15221688151359558,56.02856275035114,22.68429621949854,lateral,1
126,4.5162,Participant 5-Slouch 2_frame00126,train,90deg,lateral_Participant5,Participant5,Endomorph,Normal,,,,,,slouch,1.0,0.0,0.0,0.3128051906824112,58.15831718055451,0.06255750881842594,0.15713199973106384,58.15831718055451,22.439936520903156,lateral,1
127,4.552,Participant 5-Slouch 2_frame00127,train,90deg,lateral_Participant5,Participant5,Endomorph,Normal,,,,,,slouch,1.0,0.0,0.0,0.2778310179710388,58.486831813001686,0.07127390195393683,0.163251131772995,58.486831813001686,23.703441407438,lateral,1
128,4.5879,Participant 5-Slouch 2_frame00128,train,90deg,lateral_Participant5,Participant5,Endomorph,Normal,,,,,,slouch,1.0,0.0,0.0,0.2676609605550766,56.71973845332337,0.07071462300550933,0.16612812876701355,56.71973845332337,23.514540440174972,lateral,1
129,4.6237,Participant 5-Slouch 2_frame00129,train,90deg,lateral_Participant5,Participant5,Endomorph,Normal,,,,,,slouch,1.0,0.0,0.0,0.27253714203834534,54.62007177523751,0.05685056746893205,0.1476835012435913,54.62007177523751,23.464658984740247,lateral,1
130,4.6595,Participant 5-Slouch 2_frame00130,train,90deg,lateral_Participant5,Participant5,Endomorph,Normal,,,,,,slouch,1.0,0.0,0.0,0.29980382323265076,56.58928851193213,0.05950581507965907,0.15803232789039612,56.58928851193213,24.597459142635124,lateral,1
131,4.6954,Participant 5-Slouch 2_frame00131,train,90deg,lateral_Participant5,Participant5,Endomorph,Normal,,,,,,slouch,1.0,0.0,0.0,0.326567605137825,57.23788348676596,0.060079884794326306,0.1471325159072876,57.23788348676596,23.85444743924401,lateral,1
132,4.7312,Participant 5-Slouch 2_frame00132,train,90deg,lateral_Participant5,Participant5,Endomorph,Normal,,,,,,slouch,1.0,0.0,0.0,0.31799475848674774,60.24912959263761,0.05675016278415379,0.15850579738616943,60.24912959263761,22.340859787614267,lateral,1
133,4.7671,Participant 5-Slouch 2_frame00133,train,90deg,lateral_Participant5,Participant5,Endomorph,Normal,,,,,,slouch,1.0,0.0,0.0,0.33281300961971283,57.39491770302461,0.05744562685318078,0.1574987769126892,57.39491770302461,23.64726700569141,lateral,1
134,4.8029,Participant 5-Slouch 2_frame00134,train,90deg,lateral_Participant5,Participant5,Endomorph,Normal,,,,,,slouch,1.0,0.0,0.0,0.32217058539390564,54.69408931050992,0.04690052322566714,0.14630019664764404,54.69408931050992,21.454097261541044,lateral,1
135,4.8388,Participant 5-Slouch 2_frame00135,train,90deg,lateral_Participant5,Participant5,Endomorph,Normal,,,,,,slouch,1.0,0.0,0.0,0.3109121769666672,54.551655378657436,0.05164833977611444,0.1491193175315857,54.551655378657436,22.987815607232204,lateral,1
136,4.8746,Participant 5-Slouch 2_frame00136,train,90deg,lateral_Participant5,Participant5,Endomorph,Normal,,,,,,slouch,1.0,0.0,0.0,0.3118879944086075,54.730445026948345,0.05833733427014194,0.1498929262161255,54.730445026948345,22.619991404416172,lateral,1
137,4.9104,Participant 5-Slouch 2_frame00137,train,90deg,lateral_Participant5,Participant5,Endomorph,Normal,,,,,,slouch,1.0,0.0,0.0,0.34652455151081085,57.32118231294147,0.05851097000183362,0.16029661893844604,57.32118231294147,23.206658473648353,lateral,1
138,4.9463,Participant 5-Slouch 2_frame00138,train,90deg,lateral_Participant5,Participant5,Endomorph,Normal,,,,,,slouch,1.0,0.0,0.0,0.28946442902088165,51.89354609394998,0.047126174188276464,0.12858766317367554,51.89354609394998,23.836515756083653,lateral,1
139,4.9821,Participant 5-Slouch 2_frame00139,train,90deg,lateral_Participant5,Participant5,Endomorph,Normal,,,,,,slouch,1.0,0.0,0.0,0.31914593279361725,54.46038512579303,0.04770046193318724,0.1416725218296051,54.46038512579303,20.513447520704265,lateral,1
140,5.018,Participant 5-Slouch 2_frame00140,train,90deg,lateral_Participant5,Participant5,Endomorph,Normal,,,,,,slouch,1.0,0.0,0.0,0.28752321004867554,55.87812048836668,0.05717141392342819,0.1492040455341339,55.87812048836668,24.60582340470635,lateral,1
141,5.0538,Participant 5-Slouch 2_frame00141,train,90deg,lateral_Participant5,Participant5,Endomorph,Normal,,,,,,slouch,1.0,0.0,0.0,0.28121674060821533,55.508646381741386,0.05104449203405874,0.1395782232284546,55.508646381741386,24.317535387278827,lateral,1
142,5.0897,Participant 5-Slouch 2_frame00142,train,90deg,lateral_Participant5,Participant5,Endomorph,Normal,,,,,,slouch,1.0,0.0,0.0,0.3191870003938675,59.37708180674349,0.05869045839806457,0.15538188815116882,59.37708180674349,24.34908948134289,lateral,1
143,5.1255,Participant 5-Slouch 2_frame00143,train,90deg,lateral_Participant5,Participant5,Endomorph,Normal,,,,,,slouch,1.0,0.0,0.0,0.3166341781616211,54.38576720603228,0.055232547792949116,0.14735957980155945,54.38576720603228,22.895098022298054,lateral,1
144,5.1613,Participant 5-Slouch 2_frame00144,train,90deg,lateral_Participant5,Participant5,Endomorph,Normal,,,,,,slouch,1.0,0.0,0.0,0.29955531656742096,53.87239209393938,0.0575681119188723,0.14441558718681335,53.87239209393938,23.709611079883537,lateral,1
145,5.1972,Participant 5-Slouch 2_frame00145,train,90deg,lateral_Participant5,Participant5,Endomorph,Normal,,,,,,slouch,1.0,0.0,0.0,0.27475985884666443,52.93330008940454,0.053812793170172936,0.13939636945724487,52.93330008940454,22.85912498099117,lateral,1
146,5.233,Participant 5-Slouch 2_frame00146,train,90deg,lateral_Participant5,Participant5,Endomorph,Normal,,,,,,slouch,1.0,0.0,0.0,0.2835708409547806,53.56014343363265,0.06094383230027562,0.1498110294342041,53.56014343363265,23.650851745865854,lateral,1
147,5.2689,Participant 5-Slouch 2_frame00147,train,90deg,lateral_Participant5,Participant5,Endomorph,Normal,,,,,,slouch,1.0,0.0,0.0,0.28879760205745697,58.1028606170411,0.07370893253834031,0.1597389578819275,58.1028606170411,25.05140778384781,lateral,1
148,5.3047,Participant 5-Slouch 2_frame00148,train,90deg,lateral_Participant5,Participant5,Endomorph,Normal,,,,,,slouch,1.0,0.0,0.0,0.3358883410692215,58.57312909218515,0.059817058797479276,0.1585191786289215,58.57312909218515,23.84803451765524,lateral,1
149,5.3405,Participant 5-Slouch 2_frame00149,train,90deg,lateral_Participant5,Participant5,Endomorph,Normal,,,,,,slouch,1.0,0.0,0.0,0.3199116438627243,55.35692183671475,0.04153827141645325,0.1441950798034668,55.35692183671475,22.192373896316404,lateral,1
150,5.3764,Participant 5-Slouch 2_frame00150,train,90deg,lateral_Participant5,Participant5,Endomorph,Normal,,,,,,slouch,1.0,0.0,0.0,0.2680066376924515,56.22247517671566,0.06329008080574063,0.15363049507141113,56.22247517671566,24.47515226690005,lateral,1
151,5.4122,Participant 5-Slouch 2_frame00151,train,90deg,lateral_Participant5,Participant5,Endomorph,Normal,,,,,,slouch,1.0,0.0,0.0,0.30696001648902893,56.265778700338004,0.05165444714694649,0.15482819080352783,56.265778700338004,22.20657122552244,lateral,1
152,5.4481,Participant 5-Slouch 2_frame00152,train,90deg,lateral_Participant5,Participant5,Endomorph,Normal,,,,,,slouch,1.0,0.0,0.0,0.3046172857284546,54.63422639662457,0.04901769500204279,0.14695262908935547,54.63422639662457,21.08250600576923,lateral,1
153,5.4839,Participant 5-Slouch 2_frame00153,train,90deg,lateral_Participant5,Participant5,Endomorph,Normal,,,,,,slouch,1.0,0.0,0.0,0.26431359350681305,53.96304073940417,0.052965750391050385,0.14228367805480957,53.96304073940417,24.807017098161644,lateral,1
154,5.5198,Participant 5-Slouch 2_frame00154,train,90deg,lateral_Participant5,Participant5,Endomorph,Normal,,,,,,slouch,1.0,0.0,0.0,0.2926854193210602,54.24643027587035,0.055652925589965034,0.1495872437953949,54.24643027587035,22.21712752976233,lateral,1
155,5.5556,Participant 5-Slouch 2_frame00155,train,90deg,lateral_Participant5,Participant5,Endomorph,Normal,,,,,,slouch,1.0,0.0,0.0,0.2644871771335602,52.10113736022979,0.06788842967468846,0.14828360080718994,52.10113736022979,24.108448206754534,lateral,1
156,5.5914,Participant 5-Slouch 2_frame00156,train,90deg,lateral_Participant5,Participant5,Endomorph,Normal,,,,,,slouch,1.0,0.0,0.0,0.3066696673631668,54.0735435320065,0.04690025994542048,0.14533311128616333,54.0735435320065,21.606560077438495,lateral,1
157,5.6273,Participant 5-Slouch 2_frame00157,train,90deg,lateral_Participant5,Participant5,Endomorph,Normal,,,,,,slouch,1.0,0.0,0.0,0.291322723031044,54.43609743005892,0.051103785358549945,0.13874870538711548,54.43609743005892,22.15720490202928,lateral,1
158,5.6631,Participant 5-Slouch 2_frame00158,train,90deg,lateral_Participant5,Participant5,Endomorph,Normal,,,,,,slouch,1.0,0.0,0.0,0.31305569410324097,58.03148195751353,0.05667154554829747,0.16136032342910767,58.03148195751353,21.435702181703604,lateral,1
159,5.699,Participant 5-Slouch 2_frame00159,train,90deg,lateral_Participant5,Participant5,Endomorph,Normal,,,,,,slouch,1.0,0.0,0.0,0.3134675621986389,56.1972894844751,0.05084259264693198,0.1533072590827942,56.1972894844751,22.220900205900442,lateral,1
160,5.7348,Participant 5-Slouch 2_frame00160,train,90deg,lateral_Participant5,Participant5,Endomorph,Normal,,,,,,slouch,1.0,0.0,0.0,0.3143965154886246,59.38824795941415,0.06205630257010751,0.16529548168182373,59.38824795941415,22.030525241826858,lateral,1
161,5.7707,Participant 5-Slouch 2_frame00161,train,90deg,lateral_Participant5,Participant5,Endomorph,Normal,,,,,,slouch,1.0,0.0,0.0,0.30453820526599884,55.739878825628104,0.0524216330397166,0.1455020308494568,55.739878825628104,21.70211652548898,lateral,1
162,5.8065,Participant 5-Slouch 2_frame00162,train,90deg,lateral_Participant5,Participant5,Endomorph,Normal,,,,,,slouch,1.0,0.0,0.0,0.28108246624469757,52.89885044293215,0.05644949030337913,0.1404954195022583,52.89885044293215,23.22077647354214,lateral,1
163,5.8423,Participant 5-Slouch 2_frame00163,train,90deg,lateral_Participant5,Participant5,Endomorph,Normal,,,,,,slouch,1.0,0.0,0.0,0.2764619439840317,53.07919094986297,0.05269974956613226,0.14193344116210938,53.07919094986297,22.83811095403765,lateral,1
0,0.0,Participant 5-Slouch_frame00000,train,90deg,lateral_Participant5,Participant5,Endomorph,Normal,,,,,,slouch,1.0,0.0,0.0,0.36103391647338867,42.06488855936742,0.058244858233765684,0.10085934400558472,42.06488855936742,41.16692961136167,lateral,1
1,0.0358,Participant 5-Slouch_frame00001,train,90deg,lateral_Participant5,Participant5,Endomorph,Normal,,,,,,slouch,1.0,0.0,0.0,0.3800739496946335,44.06212633187931,0.05937245621548128,0.11309748888015747,44.06212633187931,41.71497965827956,lateral,1
2,0.0717,Participant 5-Slouch_frame00002,train,90deg,lateral_Participant5,Participant5,Endomorph,Normal,,,,,,slouch,1.0,0.0,0.0,0.3720197379589081,40.4772190891293,0.06204871918300564,0.1022791862487793,40.4772190891293,42.05927478675484,lateral,1
3,0.1075,Participant 5-Slouch_frame00003,train,90deg,lateral_Participant5,Participant5,Endomorph,Normal,,,,,,slouch,1.0,0.0,0.0,0.3808843493461609,42.81554922468651,0.0614360180658764,0.10518574714660645,42.81554922468651,41.302200008831676,lateral,1
4,0.1434,Participant 5-Slouch_frame00004,train,90deg,lateral_Participant5,Participant5,Endomorph,Normal,,,,,,slouch,1.0,0.0,0.0,0.351006418466568,42.019615525798265,0.06832010249735374,0.1031603217124939,42.019615525798265,42.18308620404195,lateral,1
5,0.1792,Participant 5-Slouch_frame00005,train,90deg,lateral_Participant5,Participant5,Endomorph,Normal,,,,,,slouch,1.0,0.0,0.0,0.34572775661945343,44.143751146555246,0.06528281305318498,0.10889017581939697,44.143751146555246,40.84904371797894,lateral,1
6,0.2151,Participant 5-Slouch_frame00006,train,90deg,lateral_Participant5,Participant5,Endomorph,Normal,,,,,,slouch,1.0,0.0,0.0,0.3539000153541565,42.07661101023565,0.07186611818235465,0.1064072847366333,42.07661101023565,42.261567312045344,lateral,1
7,0.2509,Participant 5-Slouch_frame00007,train,90deg,lateral_Participant5,Participant5,Endomorph,Normal,,,,,,slouch,1.0,0.0,0.0,0.3555641174316406,40.879087773891044,0.05727527117960079,0.09048545360565186,40.879087773891044,41.207308335491476,lateral,1
8,0.2867,Participant 5-Slouch_frame00008,train,90deg,lateral_Participant5,Participant5,Endomorph,Normal,,,,,,slouch,1.0,0.0,0.0,0.3700234740972519,41.97178983188641,0.07005466281558106,0.10864299535751343,41.97178983188641,42.03411085930789,lateral,1
9,0.3226,Participant 5-Slouch_frame00009,train,90deg,lateral_Participant5,Participant5,Endomorph,Normal,,,,,,slouch,1.0,0.0,0.0,0.3449450880289078,41.63540200376082,0.058677883191474385,0.096732497215271,41.63540200376082,41.427497327942824,lateral,1
10,0.3584,Participant 5-Slouch_frame00010,train,90deg,lateral_Participant5,Participant5,Endomorph,Normal,,,,,,slouch,1.0,0.0,0.0,0.3748585432767868,42.55594001980452,0.07509998438682425,0.10955178737640381,42.55594001980452,41.78744384672921,lateral,1
11,0.3943,Participant 5-Slouch_frame00011,train,90deg,lateral_Participant5,Participant5,Endomorph,Normal,,,,,,slouch,1.0,0.0,0.0,0.3413611799478531,44.01436278593508,0.07324473771612001,0.11235648393630981,44.01436278593508,40.92447304563052,lateral,1
12,0.4301,Participant 5-Slouch_frame00012,train,90deg,lateral_Participant5,Participant5,Endomorph,Normal,,,,,,slouch,1.0,0.0,0.0,0.37442846596241,45.017064551583694,0.06554521411383134,0.11115431785583496,45.017064551583694,40.63474080915198,lateral,1
13,0.466,Participant 5-Slouch_frame00013,train,90deg,lateral_Participant5,Participant5,Endomorph,Normal,,,,,,slouch,1.0,0.0,0.0,0.37296614050865173,43.831289310319775,0.06561734201620631,0.10539072751998901,43.831289310319775,41.710028772848645,lateral,1
14,0.5018,Participant 5-Slouch_frame00014,train,90deg,lateral_Participant5,Participant5,Endomorph,Normal,,,,,,slouch,1.0,0.0,0.0,0.3661387711763382,41.47747452178331,0.06722294698181784,0.10074323415756226,41.47747452178331,42.351949739037934,lateral,1
15,0.5376,Participant 5-Slouch_frame00015,train,90deg,lateral_Participant5,Participant5,Endomorph,Normal,,,,,,slouch,1.0,0.0,0.0,0.3350057154893875,40.49310991855052,0.06608624165830483,0.09639078378677368,40.49310991855052,42.130383498284786,lateral,1
16,0.5735,Participant 5-Slouch_frame00016,train,90deg,lateral_Participant5,Participant5,Endomorph,Normal,,,,,,slouch,1.0,0.0,0.0,0.3647417575120926,44.684033918577825,0.06901058638546816,0.11230987310409546,44.684033918577825,40.851012406135034,lateral,1
17,0.6093,Participant 5-Slouch_frame00017,train,90deg,lateral_Participant5,Participant5,Endomorph,Normal,,,,,,slouch,1.0,0.0,0.0,0.3872438818216324,44.03711595490502,0.06557876445605372,0.11375486850738525,44.03711595490502,40.06730154535374,lateral,1
18,0.6452,Participant 5-Slouch_frame00018,train,90deg,lateral_Participant5,Participant5,Endomorph,Normal,,,,,,slouch,1.0,0.0,0.0,0.3515772372484207,40.390085527369784,0.06085280864717224,0.09217262268066406,40.390085527369784,41.551540443466315,lateral,1
19,0.681,Participant 5-Slouch_frame00019,train,90deg,lateral_Participant5,Participant5,Endomorph,Normal,,,,,,slouch,1.0,0.0,0.0,0.3434218317270279,41.790199632916504,0.05994802414957128,0.09975296258926392,41.790199632916504,40.8523688605751,lateral,1
20,0.7169,Participant 5-Slouch_frame00020,train,90deg,lateral_Participant5,Participant5,Endomorph,Normal,,,,,,slouch,1.0,0.0,0.0,0.3419429808855057,43.450007427170334,0.0689688958162471,0.10688602924346924,43.450007427170334,40.2085025027663,lateral,1
21,0.7527,Participant 5-Slouch_frame00021,train,90deg,lateral_Participant5,Participant5,Endomorph,Normal,,,,,,slouch,1.0,0.0,0.0,0.36170440912246704,42.152280153046426,0.0668232155839715,0.10123181343078613,42.152280153046426,41.208870334834224,lateral,1
22,0.7885,Participant 5-Slouch_frame00022,train,90deg,lateral_Participant5,Participant5,Endomorph,Normal,,,,,,slouch,1.0,0.0,0.0,0.35992009937763214,41.73428666194621,0.06414346400261343,0.1034538745880127,41.73428666194621,41.63341536556603,lateral,1
23,0.8244,Participant 5-Slouch_frame00023,train,90deg,lateral_Participant5,Participant5,Endomorph,Normal,,,,,,slouch,1.0,0.0,0.0,0.3609681725502014,42.52800930314058,0.059805244467515464,0.10404813289642334,42.52800930314058,39.593580059259544,lateral,1
24,0.8602,Participant 5-Slouch_frame00024,train,90deg,lateral_Participant5,Participant5,Endomorph,Normal,,,,,,slouch,1.0,0.0,0.0,0.3822164535522461,43.4436283683848,0.060075507310010184,0.1024092435836792,43.4436283683848,40.56152660727206,lateral,1
25,0.8961,Participant 5-Slouch_frame00025,train,90deg,lateral_Participant5,Participant5,Endomorph,Normal,,,,,,slouch,1.0,0.0,0.0,0.34440095722675323,43.88047328878042,0.06312389842365128,0.11326438188552856,43.88047328878042,40.66530829994749,lateral,1
26,0.9319,Participant 5-Slouch_frame00026,train,90deg,lateral_Participant5,Participant5,Endomorph,Normal,,,,,,slouch,1.0,0.0,0.0,0.36750295758247375,42.5340013237079,0.06765480192738496,0.10659044981002808,42.5340013237079,41.047263713499596,lateral,1
27,0.9678,Participant 5-Slouch_frame00027,train,90deg,lateral_Participant5,Participant5,Endomorph,Normal,,,,,,slouch,1.0,0.0,0.0,0.34172356128692627,41.18682596318264,0.07390764699243825,0.10493868589401245,41.18682596318264,41.778963462813834,lateral,1
28,1.0036,Participant 5-Slouch_frame00028,train,90deg,lateral_Participant5,Participant5,Endomorph,Normal,,,,,,slouch,1.0,0.0,0.0,0.3661477416753769,43.446074966737065,0.06855934967936657,0.1085507869720459,43.446074966737065,41.1967507695824,lateral,1
29,1.0394,Participant 5-Slouch_frame00029,train,90deg,lateral_Participant5,Participant5,Endomorph,Normal,,,,,,slouch,1.0,0.0,0.0,0.3706798702478409,43.7590167872215,0.06159184782094676,0.10945284366607666,43.7590167872215,40.6138662879904,lateral,1
30,1.0753,Participant 5-Slouch_frame00030,train,90deg,lateral_Participant5,Participant5,Endomorph,Normal,,,,,,slouch,1.0,0.0,0.0,0.35072988271713257,40.56638462916441,0.06707041803144934,0.10251665115356445,40.56638462916441,42.56259540396915,lateral,1
31,1.1111,Participant 5-Slouch_frame00031,train,90deg,lateral_Participant5,Participant5,Endomorph,Normal,,,,,,slouch,1.0,0.0,0.0,0.35643085837364197,40.971737573397945,0.06769989504538527,0.10212051868438721,40.971737573397945,40.948040238354004,lateral,1
32,1.147,Participant 5-Slouch_frame00032,train,90deg,lateral_Participant5,Participant5,Endomorph,Normal,,,,,,slouch,1.0,0.0,0.0,0.37202873826026917,42.902027219493085,0.07304427466989333,0.1091887354850769,42.902027219493085,40.191438901011004,lateral,1
33,1.1828,Participant 5-Slouch_frame00033,train,90deg,lateral_Participant5,Participant5,Endomorph,Normal,,,,,,slouch,1.0,0.0,0.0,0.3800390362739563,41.84007958695325,0.06645172934337559,0.105613112449646,41.84007958695325,40.76006696310139,lateral,1
34,1.2187,Participant 5-Slouch_frame00034,train,90deg,lateral_Participant5,Participant5,Endomorph,Normal,,,,,,slouch,1.0,0.0,0.0,0.3745705485343933,41.67081313578021,0.06486398461386678,0.10425597429275513,41.67081313578021,41.10964950042393,lateral,1
35,1.2545,Participant 5-Slouch_frame00035,train,90deg,lateral_Participant5,Participant5,Endomorph,Normal,,,,,,slouch,1.0,0.0,0.0,0.3556927740573883,42.262244617327674,0.06222163994348144,0.1027863621711731,42.262244617327674,40.26763157730376,lateral,1
36,1.2903,Participant 5-Slouch_frame00036,train,90deg,lateral_Participant5,Participant5,Endomorph,Normal,,,,,,slouch,1.0,0.0,0.0,0.34846147894859314,41.477435292949146,0.07206975246187895,0.10325503349304199,41.477435292949146,41.10154101682031,lateral,1
37,1.3262,Participant 5-Slouch_frame00037,train,90deg,lateral_Participant5,Participant5,Endomorph,Normal,,,,,,slouch,1.0,0.0,0.0,0.3648296743631363,42.467093678289864,0.07086586114713761,0.11085891723632812,42.467093678289864,40.28988476398742,lateral,1
38,1.362,Participant 5-Slouch_frame00038,train,90deg,lateral_Participant5,Participant5,Endomorph,Normal,,,,,,slouch,1.0,0.0,0.0,0.35509060323238373,42.205759492073774,0.06080469478597303,0.10192722082138062,42.205759492073774,41.06131662520864,lateral,1
39,1.3979,Participant 5-Slouch_frame00039,train,90deg,lateral_Participant5,Participant5,Endomorph,Normal,,,,,,slouch,1.0,0.0,0.0,0.3691296726465225,41.27960921761775,0.07236150075415743,0.11203020811080933,41.27960921761775,42.03352639306661,lateral,1
40,1.4337,Participant 5-Slouch_frame00040,train,90deg,lateral_Participant5,Participant5,Endomorph,Normal,,,,,,slouch,1.0,0.0,0.0,0.3681934326887131,41.443827200990434,0.07255488339773765,0.10580825805664062,41.443827200990434,40.47082125373277,lateral,1
41,1.4695,Participant 5-Slouch_frame00041,train,90deg,lateral_Participant5,Participant5,Endomorph,Normal,,,,,,slouch,1.0,0.0,0.0,0.3404369652271271,41.71997297700122,0.0631220133206728,0.0970718264579773,41.71997297700122,42.068576519971636,lateral,1
42,1.5054,Participant 5-Slouch_frame00042,train,90deg,lateral_Participant5,Participant5,Endomorph,Normal,,,,,,slouch,1.0,0.0,0.0,0.39289672672748566,44.23729822868297,0.06684069822227433,0.11641299724578857,44.23729822868297,40.150360370985396,lateral,1
43,1.5412,Participant 5-Slouch_frame00043,train,90deg,lateral_Participant5,Participant5,Endomorph,Normal,,,,,,slouch,1.0,0.0,0.0,0.3738957494497299,46.3260188058853,0.06362866162585884,0.11007273197174072,46.3260188058853,40.609482959861246,lateral,1
44,1.5771,Participant 5-Slouch_frame00044,train,90deg,lateral_Participant5,Participant5,Endomorph,Normal,,,,,,slouch,1.0,0.0,0.0,0.35360102355480194,41.75383845237725,0.059604499812165944,0.10038954019546509,41.75383845237725,41.51856900630234,lateral,1
45,1.6129,Participant 5-Slouch_frame00045,train,90deg,lateral_Participant5,Participant5,Endomorph,Normal,,,,,,slouch,1.0,0.0,0.0,0.37565018236637115,42.07580240686464,0.05829940795536314,0.10440224409103394,42.07580240686464,42.24223637024508,lateral,1
46,1.6488,Participant 5-Slouch_frame00046,train,90deg,lateral_Participant5,Participant5,Endomorph,Normal,,,,,,slouch,1.0,0.0,0.0,0.3745787441730499,44.34383318128848,0.06266713745565473,0.10988330841064453,44.34383318128848,40.32693803024275,lateral,1
47,1.6846,Participant 5-Slouch_frame00047,train,90deg,lateral_Participant5,Participant5,Endomorph,Normal,,,,,,slouch,1.0,0.0,0.0,0.3659190386533737,42.3600235357924,0.06092124307741593,0.10351437330245972,42.3600235357924,40.02116870415262,lateral,1
48,1.7204,Participant 5-Slouch_frame00048,train,90deg,lateral_Participant5,Participant5,Endomorph,Normal,,,,,,slouch,1.0,0.0,0.0,0.3731785863637924,42.65676739671202,0.06808916061557364,0.11045843362808228,42.65676739671202,40.1180029167152,lateral,1
49,1.7563,Participant 5-Slouch_frame00049,train,90deg,lateral_Participant5,Participant5,Endomorph,Normal,,,,,,slouch,1.0,0.0,0.0,0.3560682386159897,40.7569549855043,0.06236728385022131,0.0933300256729126,40.7569549855043,42.642858061017435,lateral,1
50,1.7921,Participant 5-Slouch_frame00050,train,90deg,lateral_Participant5,Participant5,Endomorph,Normal,,,,,,slouch,1.0,0.0,0.0,0.3668268024921417,42.271424473474966,0.056905619690226145,0.10653650760650635,42.271424473474966,40.10297014114163,lateral,1
51,1.828,Participant 5-Slouch_frame00051,train,90deg,lateral_Participant5,Participant5,Endomorph,Normal,,,,,,slouch,1.0,0.0,0.0,0.3600784242153168,44.25421365146581,0.06838721360333996,0.11007887125015259,44.25421365146581,41.095164126241194,lateral,1
52,1.8638,Participant 5-Slouch_frame00052,train,90deg,lateral_Participant5,Participant5,Endomorph,Normal,,,,,,slouch,1.0,0.0,0.0,0.365379735827446,42.4405438328457,0.07300532467689383,0.10775434970855713,42.4405438328457,40.69287553189121,lateral,1
53,1.8997,Participant 5-Slouch_frame00053,train,90deg,lateral_Participant5,Participant5,Endomorph,Normal,,,,,,slouch,1.0,0.0,0.0,0.3567643314599991,43.344386812647244,0.0735623715673192,0.11250710487365723,43.344386812647244,39.107571044646235,lateral,1
54,1.9355,Participant 5-Slouch_frame00054,train,90deg,lateral_Participant5,Participant5,Endomorph,Normal,,,,,,slouch,1.0,0.0,0.0,0.3416569083929062,41.965491573649366,0.06264090179798816,0.10233759880065918,41.965491573649366,40.34690775784233,lateral,1
55,1.9713,Participant 5-Slouch_frame00055,train,90deg,lateral_Participant5,Participant5,Endomorph,Normal,,,,,,slouch,1.0,0.0,0.0,0.34887753427028656,43.22279161448305,0.06513058779262468,0.10598540306091309,43.22279161448305,41.39658441580337,lateral,1
56,2.0072,Participant 5-Slouch_frame00056,train,90deg,lateral_Participant5,Participant5,Endomorph,Normal,,,,,,slouch,1.0,0.0,0.0,0.3599035292863846,42.585750632139444,0.06353370287651598,0.10530918836593628,42.585750632139444,41.33806950202856,lateral,1
57,2.043,Participant 5-Slouch_frame00057,train,90deg,lateral_Participant5,Participant5,Endomorph,Normal,,,,,,slouch,1.0,0.0,0.0,0.3405763506889343,43.28013019682044,0.08004652535208108,0.11670118570327759,43.28013019682044,39.99889837335217,lateral,1
58,2.0789,Participant 5-Slouch_frame00058,train,90deg,lateral_Participant5,Participant5,Endomorph,Normal,,,,,,slouch,1.0,0.0,0.0,0.3629264831542969,42.96805455098477,0.0692324872139011,0.11173588037490845,42.96805455098477,41.70448227728611,lateral,1
59,2.1147,Participant 5-Slouch_frame00059,train,90deg,lateral_Participant5,Participant5,Endomorph,Normal,,,,,,slouch,1.0,0.0,0.0,0.3377147316932678,40.784361640788305,0.07251931521920073,0.10243356227874756,40.784361640788305,40.950156558692726,lateral,1
60,2.1506,Participant 5-Slouch_frame00060,train,90deg,lateral_Participant5,Participant5,Endomorph,Normal,,,,,,slouch,1.0,0.0,0.0,0.3435059189796448,43.01339879512815,0.06669249722550757,0.10652238130569458,43.01339879512815,40.00837227241339,lateral,1
61,2.1864,Participant 5-Slouch_frame00061,train,90deg,lateral_Participant5,Participant5,Endomorph,Normal,,,,,,slouch,1.0,0.0,0.0,0.4015396535396576,43.28544402510871,0.0678474632447715,0.11374574899673462,43.28544402510871,41.041410497040005,lateral,1
62,2.2222,Participant 5-Slouch_frame00062,train,90deg,lateral_Participant5,Participant5,Endomorph,Normal,,,,,,slouch,1.0,0.0,0.0,0.36905209720134735,43.03001080287823,0.06815512025581939,0.1095770001411438,43.03001080287823,40.530166103337905,lateral,1
63,2.2581,Participant 5-Slouch_frame00063,train,90deg,lateral_Participant5,Participant5,Endomorph,Normal,,,,,,slouch,1.0,0.0,0.0,0.3507607579231262,42.76714560511159,0.07109981855919627,0.10592073202133179,42.76714560511159,41.13829356298514,lateral,1
64,2.2939,Participant 5-Slouch_frame00064,train,90deg,lateral_Participant5,Participant5,Endomorph,Normal,,,,,,slouch,1.0,0.0,0.0,0.36186473071575165,39.72706366404268,0.06618053538767214,0.10176962614059448,39.72706366404268,41.72150997608491,lateral,1
65,2.3298,Participant 5-Slouch_frame00065,train,90deg,lateral_Participant5,Participant5,Endomorph,Normal,,,,,,slouch,1.0,0.0,0.0,0.33698779344558716,40.94302018944509,0.06405724973616915,0.09714210033416748,40.94302018944509,41.12883284805602,lateral,1
66,2.3656,Participant 5-Slouch_frame00066,train,90deg,lateral_Participant5,Participant5,Endomorph,Normal,,,,,,slouch,1.0,0.0,0.0,0.3410622626543045,40.21615943315977,0.06502138338303164,0.09861969947814941,40.21615943315977,40.297048608904774,lateral,1
67,2.4015,Participant 5-Slouch_frame00067,train,90deg,lateral_Participant5,Participant5,Endomorph,Normal,,,,,,slouch,1.0,0.0,0.0,0.3557661771774292,42.13037585732312,0.07050527604018297,0.10206550359725952,42.13037585732312,38.96602748404662,lateral,1
68,2.4373,Participant 5-Slouch_frame00068,train,90deg,lateral_Participant5,Participant5,Endomorph,Normal,,,,,,slouch,1.0,0.0,0.0,0.3534851372241974,43.29710590634504,0.056081674119507506,0.10807538032531738,43.29710590634504,39.52799470599785,lateral,1
69,2.4731,Participant 5-Slouch_frame00069,train,90deg,lateral_Participant5,Participant5,Endomorph,Normal,,,,,,slouch,1.0,0.0,0.0,0.3448701649904251,41.16796955228357,0.06862770063523246,0.10699975490570068,41.16796955228357,40.07909156935722,lateral,1
70,2.509,Participant 5-Slouch_frame00070,train,90deg,lateral_Participant5,Participant5,Endomorph,Normal,,,,,,slouch,1.0,0.0,0.0,0.3607785850763321,41.407081878611166,0.06586677289318488,0.10938435792922974,41.407081878611166,40.24668764660699,lateral,1
71,2.5448,Participant 5-Slouch_frame00071,train,90deg,lateral_Participant5,Participant5,Endomorph,Normal,,,,,,slouch,1.0,0.0,0.0,0.3639279305934906,39.2982975887271,0.061883714439106126,0.09795999526977539,39.2982975887271,40.551392563785505,lateral,1
72,2.5807,Participant 5-Slouch_frame00072,train,90deg,lateral_Participant5,Participant5,Endomorph,Normal,,,,,,slouch,1.0,0.0,0.0,0.3643447756767273,42.69137583899287,0.07233253397736836,0.10952180624008179,42.69137583899287,39.77464570557814,lateral,1
73,2.6165,Participant 5-Slouch_frame00073,train,90deg,lateral_Participant5,Participant5,Endomorph,Normal,,,,,,slouch,1.0,0.0,0.0,0.3586668521165848,40.47888595440927,0.06453839742837805,0.09733688831329346,40.47888595440927,42.04786749005926,lateral,1
74,2.6524,Participant 5-Slouch_frame00074,train,90deg,lateral_Participant5,Participant5,Endomorph,Normal,,,,,,slouch,1.0,0.0,0.0,0.33901840448379517,42.6118539103877,0.06587723887962926,0.10473233461380005,42.6118539103877,40.53138396946514,lateral,1
75,2.6882,Participant 5-Slouch_frame00075,train,90deg,lateral_Participant5,Participant5,Endomorph,Normal,,,,,,slouch,1.0,0.0,0.0,0.35563135147094727,42.93277379368134,0.06910729324183361,0.11253255605697632,42.93277379368134,39.58158236117186,lateral,1
76,2.724,Participant 5-Slouch_frame00076,train,90deg,lateral_Participant5,Participant5,Endomorph,Normal,,,,,,slouch,1.0,0.0,0.0,0.3583669513463974,40.693584395530834,0.0626337096295165,0.09685975313186646,40.693584395530834,41.549249601249926,lateral,1
77,2.7599,Participant 5-Slouch_frame00077,train,90deg,lateral_Participant5,Participant5,Endomorph,Normal,,,,,,slouch,1.0,0.0,0.0,0.3577705919742584,41.0127531564408,0.06610587397015964,0.10207396745681763,41.0127531564408,40.84622637512244,lateral,1
78,2.7957,Participant 5-Slouch_frame00078,train,90deg,lateral_Participant5,Participant5,Endomorph,Normal,,,,,,slouch,1.0,0.0,0.0,0.3741758316755295,43.33250747258691,0.06665301279019141,0.11592984199523926,43.33250747258691,39.92617039255817,lateral,1
79,2.8316,Participant 5-Slouch_frame00079,train,90deg,lateral_Participant5,Participant5,Endomorph,Normal,,,,,,slouch,1.0,0.0,0.0,0.35916538536548615,41.95241721706466,0.07139620753835507,0.11165940761566162,41.95241721706466,40.38003121454121,lateral,1
80,2.8674,Participant 5-Slouch_frame00080,train,90deg,lateral_Participant5,Participant5,Endomorph,Normal,,,,,,slouch,1.0,0.0,0.0,0.36894044280052185,44.62432091736933,0.07040952235258235,0.11642104387283325,44.62432091736933,40.561375174574906,lateral,1
81,2.9033,Participant 5-Slouch_frame00081,train,90deg,lateral_Participant5,Participant5,Endomorph,Normal,,,,,,slouch,1.0,0.0,0.0,0.39285027980804443,41.76845309685409,0.05460792696762181,0.10657691955566406,41.76845309685409,39.366166352137355,lateral,1
82,2.9391,Participant 5-Slouch_frame00082,train,90deg,lateral_Participant5,Participant5,Endomorph,Normal,,,,,,slouch,1.0,0.0,0.0,0.36319370567798615,43.04905318640087,0.061721088525314875,0.1056373119354248,43.04905318640087,40.94059878462687,lateral,1
83,2.9749,Participant 5-Slouch_frame00083,train,90deg,lateral_Participant5,Participant5,Endomorph,Normal,,,,,,slouch,1.0,0.0,0.0,0.34613822400569916,42.041641725305546,0.07238090766307176,0.10577529668807983,42.041641725305546,40.86574538898779,lateral,1
84,3.0108,Participant 5-Slouch_frame00084,train,90deg,lateral_Participant5,Participant5,Endomorph,Normal,,,,,,slouch,1.0,0.0,0.0,0.3714437186717987,43.953894211499914,0.06599312331704703,0.11342644691467285,43.953894211499914,40.95111484672159,lateral,1
85,3.0466,Participant 5-Slouch_frame00085,train,90deg,lateral_Participant5,Participant5,Endomorph,Normal,,,,,,slouch,1.0,0.0,0.0,0.36644046008586884,44.62725613105614,0.06881440042864892,0.11771571636199951,44.62725613105614,39.48201658819092,lateral,1
86,3.0825,Participant 5-Slouch_frame00086,train,90deg,lateral_Participant5,Participant5,Endomorph,Normal,,,,,,slouch,1.0,0.0,0.0,0.3547884076833725,43.301611614904935,0.06946342858099762,0.10687947273254395,43.301611614904935,40.656862727737675,lateral,1
87,3.1183,Participant 5-Slouch_frame00087,train,90deg,lateral_Participant5,Participant5,Endomorph,Normal,,,,,,slouch,1.0,0.0,0.0,0.368397518992424,43.50931587112428,0.07006474788227593,0.10927015542984009,43.50931587112428,40.45692126291157,lateral,1
88,3.1542,Participant 5-Slouch_frame00088,train,90deg,lateral_Participant5,Participant5,Endomorph,Normal,,,,,,slouch,1.0,0.0,0.0,0.36267855763435364,40.41783494982043,0.07008134082582647,0.10425978899002075,40.41783494982043,40.05979170167069,lateral,1
89,3.19,Participant 5-Slouch_frame00089,train,90deg,lateral_Participant5,Participant5,Endomorph,Normal,,,,,,slouch,1.0,0.0,0.0,0.3616197556257248,41.673602237029215,0.07715539322777361,0.11479192972183228,41.673602237029215,40.46864744088087,lateral,1
90,3.2258,Participant 5-Slouch_frame00090,train,90deg,lateral_Participant5,Participant5,Endomorph,Normal,,,,,,slouch,1.0,0.0,0.0,0.35796940326690674,41.80268855395326,0.07471372913900076,0.11251574754714966,41.80268855395326,40.72239262617814,lateral,1
91,3.2617,Participant 5-Slouch_frame00091,train,90deg,lateral_Participant5,Participant5,Endomorph,Normal,,,,,,slouch,1.0,0.0,0.0,0.37173691391944885,43.05874015778354,0.06570066101367526,0.11154192686080933,43.05874015778354,40.974855009096245,lateral,1
92,3.2975,Participant 5-Slouch_frame00092,train,90deg,lateral_Participant5,Participant5,Endomorph,Normal,,,,,,slouch,1.0,0.0,0.0,0.37556420266628265,42.6101974841323,0.06418517888542465,0.11012136936187744,42.6101974841323,40.420227877938125,lateral,1
93,3.3334,Participant 5-Slouch_frame00093,train,90deg,lateral_Participant5,Participant5,Endomorph,Normal,,,,,,slouch,1.0,0.0,0.0,0.3724546432495117,42.76880241071332,0.06606171067229974,0.1082010269165039,42.76880241071332,41.88584636554644,lateral,1
94,3.3692,Participant 5-Slouch_frame00094,train,90deg,lateral_Participant5,Participant5,Endomorph,Normal,,,,,,slouch,1.0,0.0,0.0,0.33461564779281616,43.344791075360504,0.0685375199537072,0.10538142919540405,43.344791075360504,39.88974575664527,lateral,1
95,3.4051,Participant 5-Slouch_frame00095,train,90deg,lateral_Participant5,Participant5,Endomorph,Normal,,,,,,slouch,1.0,0.0,0.0,0.3699529767036438,43.07685584873063,0.06729328802450611,0.11471718549728394,43.07685584873063,40.236458933376184,lateral,1
96,3.4409,Participant 5-Slouch_frame00096,train,90deg,lateral_Participant5,Participant5,Endomorph,Normal,,,,,,slouch,1.0,0.0,0.0,0.34045249223709106,43.39171728629197,0.07634204112704046,0.12112301588058472,43.39171728629197,40.26617836450906,lateral,1
97,3.4767,Participant 5-Slouch_frame00097,train,90deg,lateral_Participant5,Participant5,Endomorph,Normal,,,,,,slouch,1.0,0.0,0.0,0.37116043269634247,44.5003130798301,0.06814003847776601,0.11704957485198975,44.5003130798301,40.35623104630937,lateral,1
98,3.5126,Participant 5-Slouch_frame00098,train,90deg,lateral_Participant5,Participant5,Endomorph,Normal,,,,,,slouch,1.0,0.0,0.0,0.3479175865650177,44.00189430402823,0.07490719770670796,0.11440843343734741,44.00189430402823,40.76610787721119,lateral,1
99,3.5484,Participant 5-Slouch_frame00099,train,90deg,lateral_Participant5,Participant5,Endomorph,Normal,,,,,,slouch,1.0,0.0,0.0,0.34691646695137024,43.363165365297,0.07547388875524297,0.11246377229690552,43.363165365297,40.715611155638655,lateral,1
100,3.5843,Participant 5-Slouch_frame00100,train,90deg,lateral_Participant5,Participant5,Endomorph,Normal,,,,,,slouch,1.0,0.0,0.0,0.3716459423303604,41.97160827273836,0.06315402823057797,0.10211628675460815,41.97160827273836,39.822660199362986,lateral,1
101,3.6201,Participant 5-Slouch_frame00101,train,90deg,lateral_Participant5,Participant5,Endomorph,Normal,,,,,,slouch,1.0,0.0,0.0,0.38225917518138885,43.58049463696519,0.0680723251113797,0.11064577102661133,43.58049463696519,40.84980569104777,lateral,1
102,3.656,Participant 5-Slouch_frame00102,train,90deg,lateral_Participant5,Participant5,Endomorph,Normal,,,,,,slouch,1.0,0.0,0.0,0.3674406409263611,43.688435910555484,0.06136561826571947,0.11256915330886841,43.688435910555484,39.70031819919429,lateral,1
103,3.6918,Participant 5-Slouch_frame00103,train,90deg,lateral_Participant5,Participant5,Endomorph,Normal,,,,,,slouch,1.0,0.0,0.0,0.3698292374610901,41.12359310920327,0.05587476912648249,0.09999996423721313,41.12359310920327,41.01951641107206,lateral,1
104,3.7276,Participant 5-Slouch_frame00104,train,90deg,lateral_Participant5,Participant5,Endomorph,Normal,,,,,,slouch,1.0,0.0,0.0,0.36258363723754883,42.17454523826023,0.06008477488115267,0.10593396425247192,42.17454523826023,40.602790105160324,lateral,1
105,3.7635,Participant 5-Slouch_frame00105,train,90deg,lateral_Participant5,Participant5,Endomorph,Normal,,,,,,slouch,1.0,0.0,0.0,0.3166639059782028,40.38023282265248,0.056853236756851576,0.0845760703086853,40.38023282265248,41.124941325975236,lateral,1
106,3.7993,Participant 5-Slouch_frame00106,train,90deg,lateral_Participant5,Participant5,Endomorph,Normal,,,,,,slouch,1.0,0.0,0.0,0.3444051295518875,40.55426508086782,0.06480233100396927,0.1039198637008667,40.55426508086782,39.92890457659435,lateral,1
107,3.8352,Participant 5-Slouch_frame00107,train,90deg,lateral_Participant5,Participant5,Endomorph,Normal,,,,,,slouch,1.0,0.0,0.0,0.3616352379322052,42.66373662203141,0.05972301360974221,0.10676980018615723,42.66373662203141,39.969055325901635,lateral,1
108,3.871,Participant 5-Slouch_frame00108,train,90deg,lateral_Participant5,Participant5,Endomorph,Normal,,,,,,slouch,1.0,0.0,0.0,0.38051727414131165,43.02022603584934,0.061286482873783965,0.1101793646812439,43.02022603584934,40.87222624087474,lateral,1
109,3.9068,Participant 5-Slouch_frame00109,train,90deg,lateral_Participant5,Participant5,Endomorph,Normal,,,,,,slouch,1.0,0.0,0.0,0.35792045295238495,43.67281899193503,0.06648831012871018,0.10542243719100952,43.67281899193503,39.58492177577897,lateral,1
110,3.9427,Participant 5-Slouch_frame00110,train,90deg,lateral_Participant5,Participant5,Endomorph,Normal,,,,,,slouch,1.0,0.0,0.0,0.3831791877746582,41.40280028859973,0.0607468993194315,0.09963333606719971,41.40280028859973,40.32535721640852,lateral,1
111,3.9785,Participant 5-Slouch_frame00111,train,90deg,lateral_Participant5,Participant5,Endomorph,Normal,,,,,,slouch,1.0,0.0,0.0,0.3421062082052231,42.21028646445319,0.06357178499938049,0.10039448738098145,42.21028646445319,40.4369381036129,lateral,1
112,4.0144,Participant 5-Slouch_frame00112,train,90deg,lateral_Participant5,Participant5,Endomorph,Normal,,,,,,slouch,1.0,0.0,0.0,0.3711506277322769,41.194348466099676,0.06968493965850503,0.10340476036071777,41.194348466099676,40.74700318123697,lateral,1
113,4.0502,Participant 5-Slouch_frame00113,train,90deg,lateral_Participant5,Participant5,Endomorph,Normal,,,,,,slouch,1.0,0.0,0.0,0.3617226928472519,42.622635285269695,0.06450199717274999,0.10755503177642822,42.622635285269695,40.83489239625106,lateral,1
114,4.0861,Participant 5-Slouch_frame00114,train,90deg,lateral_Participant5,Participant5,Endomorph,Normal,,,,,,slouch,1.0,0.0,0.0,0.34618328511714935,40.96985957395258,0.061724977274260795,0.09664452075958252,40.96985957395258,40.82197159298389,lateral,1
115,4.1219,Participant 5-Slouch_frame00115,train,90deg,lateral_Participant5,Participant5,Endomorph,Normal,,,,,,slouch,1.0,0.0,0.0,0.3653959780931473,41.202269509207845,0.06255929572231213,0.09756702184677124,41.202269509207845,40.8826964756917,lateral,1
116,4.1577,Participant 5-Slouch_frame00116,train,90deg,lateral_Participant5,Participant5,Endomorph,Normal,,,,,,slouch,1.0,0.0,0.0,0.33330804109573364,42.05890584258728,0.07411355409986857,0.1016426682472229,42.05890584258728,39.34550848088568,lateral,1
117,4.1936,Participant 5-Slouch_frame00117,train,90deg,lateral_Participant5,Participant5,Endomorph,Normal,,,,,,slouch,1.0,0.0,0.0,0.3885620981454849,43.64258315999601,0.06447473171194351,0.10771846771240234,43.64258315999601,40.940629853422124,lateral,1
118,4.2294,Participant 5-Slouch_frame00118,train,90deg,lateral_Participant5,Participant5,Endomorph,Normal,,,,,,slouch,1.0,0.0,0.0,0.3655410706996918,43.18725299518933,0.0661445162607945,0.11009019613265991,43.18725299518933,40.66604924510506,lateral,1
119,4.2653,Participant 5-Slouch_frame00119,train,90deg,lateral_Participant5,Participant5,Endomorph,Normal,,,,,,slouch,1.0,0.0,0.0,0.3557083159685135,42.72411787601163,0.05569003774394221,0.09549576044082642,42.72411787601163,39.38499662632793,lateral,1
120,4.3011,Participant 5-Slouch_frame00120,train,90deg,lateral_Participant5,Participant5,Endomorph,Normal,,,,,,slouch,1.0,0.0,0.0,0.33968590199947357,41.9359146016016,0.06792244663111331,0.10592985153198242,41.9359146016016,41.16166468110689,lateral,1
121,4.337,Participant 5-Slouch_frame00121,train,90deg,lateral_Participant5,Participant5,Endomorph,Normal,,,,,,slouch,1.0,0.0,0.0,0.3666651099920273,43.958268610476175,0.059607849995062814,0.10317790508270264,43.958268610476175,39.69507549824163,lateral,1
122,4.3728,Participant 5-Slouch_frame00122,train,90deg,lateral_Participant5,Participant5,Endomorph,Normal,,,,,,slouch,1.0,0.0,0.0,0.37664221227169037,43.190941232769944,0.05624283778074609,0.10205078125,43.190941232769944,39.16263312508112,lateral,1
123,4.4086,Participant 5-Slouch_frame00123,train,90deg,lateral_Participant5,Participant5,Endomorph,Normal,,,,,,slouch,1.0,0.0,0.0,0.3547203540802002,43.188603240072624,0.06566401953631715,0.10429471731185913,43.188603240072624,40.85465609190335,lateral,1
124,4.4445,Participant 5-Slouch_frame00124,train,90deg,lateral_Participant5,Participant5,Endomorph,Normal,,,,,,slouch,1.0,0.0,0.0,0.3546401262283325,41.32288938775054,0.06894031530521562,0.10151880979537964,41.32288938775054,40.99186230664977,lateral,1
125,4.4803,Participant 5-Slouch_frame00125,train,90deg,lateral_Participant5,Participant5,Endomorph,Normal,,,,,,slouch,1.0,0.0,0.0,0.36004452407360077,44.224326381615846,0.06753531123319097,0.10892653465270996,44.224326381615846,41.218155393949424,lateral,1
126,4.5162,Participant 5-Slouch_frame00126,train,90deg,lateral_Participant5,Participant5,Endomorph,Normal,,,,,,slouch,1.0,0.0,0.0,0.36006730794906616,42.88955458923835,0.06376215199015774,0.1021685004234314,42.88955458923835,40.473872909154736,lateral,1
127,4.552,Participant 5-Slouch_frame00127,train,90deg,lateral_Participant5,Participant5,Endomorph,Normal,,,,,,slouch,1.0,0.0,0.0,0.3641333431005478,43.552858835927665,0.06379400948872392,0.11043590307235718,43.552858835927665,39.75141023125219,lateral,1
128,4.5879,Participant 5-Slouch_frame00128,train,90deg,lateral_Participant5,Participant5,Endomorph,Normal,,,,,,slouch,1.0,0.0,0.0,0.35987770557403564,42.542423475776474,0.06210121620308143,0.10460734367370605,42.542423475776474,41.51014975056645,lateral,1
129,4.6237,Participant 5-Slouch_frame00129,train,90deg,lateral_Participant5,Participant5,Endomorph,Normal,,,,,,slouch,1.0,0.0,0.0,0.346344918012619,42.83717731051533,0.06540698676025904,0.10633856058120728,42.83717731051533,39.5312058087572,lateral,1
130,4.6595,Participant 5-Slouch_frame00130,train,90deg,lateral_Participant5,Participant5,Endomorph,Normal,,,,,,slouch,1.0,0.0,0.0,0.33949412405490875,40.77862631914689,0.06310074955711135,0.10341149568557739,40.77862631914689,40.277607731689955,lateral,1
131,4.6954,Participant 5-Slouch_frame00131,train,90deg,lateral_Participant5,Participant5,Endomorph,Normal,,,,,,slouch,1.0,0.0,0.0,0.3615027815103531,43.383902483171944,0.06028342077386847,0.10798823833465576,43.383902483171944,40.659420336922594,lateral,1
132,4.7312,Participant 5-Slouch_frame00132,train,90deg,lateral_Participant5,Participant5,Endomorph,Normal,,,,,,slouch,1.0,0.0,0.0,0.35337162017822266,42.702219366346675,0.06301818410603494,0.11057543754577637,42.702219366346675,39.86799572987597,lateral,1
133,4.7671,Participant 5-Slouch_frame00133,train,90deg,lateral_Participant5,Participant5,Endomorph,Normal,,,,,,slouch,1.0,0.0,0.0,0.37087661027908325,43.83859734828841,0.06862179826201323,0.1114240288734436,43.83859734828841,39.716666361188445,lateral,1
134,4.8029,Participant 5-Slouch_frame00134,train,90deg,lateral_Participant5,Participant5,Endomorph,Normal,,,,,,slouch,1.0,0.0,0.0,0.36486175656318665,43.75543706231543,0.06834072039677747,0.1120573878288269,43.75543706231543,40.80158391461399,lateral,1
135,4.8388,Participant 5-Slouch_frame00135,train,90deg,lateral_Participant5,Participant5,Endomorph,Normal,,,,,,slouch,1.0,0.0,0.0,0.3654138743877411,41.65014941499073,0.06637685349827935,0.10859405994415283,41.65014941499073,40.47679211717574,lateral,1
136,4.8746,Participant 5-Slouch_frame00136,train,90deg,lateral_Participant5,Participant5,Endomorph,Normal,,,,,,slouch,1.0,0.0,0.0,0.3521120697259903,40.11952027892129,0.06484025319409635,0.09627211093902588,40.11952027892129,41.32075778388407,lateral,1
137,4.9104,Participant 5-Slouch_frame00137,train,90deg,lateral_Participant5,Participant5,Endomorph,Normal,,,,,,slouch,1.0,0.0,0.0,0.35614126920700073,41.281980211237304,0.06430959876001809,0.10760045051574707,41.281980211237304,39.868017966347296,lateral,1
138,4.9463,Participant 5-Slouch_frame00138,train,90deg,lateral_Participant5,Participant5,Endomorph,Normal,,,,,,slouch,1.0,0.0,0.0,0.29675349593162537,41.919319800072394,0.07923454123247343,0.10542124509811401,41.919319800072394,41.074584343936564,lateral,1
139,4.9821,Participant 5-Slouch_frame00139,train,90deg,lateral_Participant5,Participant5,Endomorph,Normal,,,,,,slouch,1.0,0.0,0.0,0.3608699291944504,43.23376977456419,0.06707723357740304,0.10574114322662354,43.23376977456419,40.25104383616067,lateral,1
140,5.018,Participant 5-Slouch_frame00140,train,90deg,lateral_Participant5,Participant5,Endomorph,Normal,,,,,,slouch,1.0,0.0,0.0,0.344430536031723,42.378284774218876,0.06502637694560304,0.10358631610870361,42.378284774218876,40.69262852003433,lateral,1
141,5.0538,Participant 5-Slouch_frame00141,train,90deg,lateral_Participant5,Participant5,Endomorph,Normal,,,,,,slouch,1.0,0.0,0.0,0.37679655849933624,43.23168124787741,0.06731390949106252,0.10867428779602051,43.23168124787741,40.286615774975566,lateral,1
142,5.0897,Participant 5-Slouch_frame00142,train,90deg,lateral_Participant5,Participant5,Endomorph,Normal,,,,,,slouch,1.0,0.0,0.0,0.36176156997680664,40.9806971614289,0.0719016035294512,0.1063230037689209,40.9806971614289,40.16019065405344,lateral,1
143,5.1255,Participant 5-Slouch_frame00143,train,90deg,lateral_Participant5,Participant5,Endomorph,Normal,,,,,,slouch,1.0,0.0,0.0,0.3599703907966614,42.71244619848529,0.06252760553351455,0.09892404079437256,42.71244619848529,41.393955610662225,lateral,1
144,5.1613,Participant 5-Slouch_frame00144,train,90deg,lateral_Participant5,Participant5,Endomorph,Normal,,,,,,slouch,1.0,0.0,0.0,0.3576865941286087,43.109004719242805,0.06160152061878857,0.1077086329460144,43.109004719242805,40.24624081810022,lateral,1
145,5.1972,Participant 5-Slouch_frame00145,train,90deg,lateral_Participant5,Participant5,Endomorph,Normal,,,,,,slouch,1.0,0.0,0.0,0.3588796705007553,42.492119264312315,0.057045407154356235,0.09818559885025024,42.492119264312315,41.114454325609884,lateral,1
146,5.233,Participant 5-Slouch_frame00146,train,90deg,lateral_Participant5,Participant5,Endomorph,Normal,,,,,,slouch,1.0,0.0,0.0,0.3589889854192734,41.11551228916318,0.06784715771687765,0.1109665036201477,41.11551228916318,41.2128135394756,lateral,1
147,5.2689,Participant 5-Slouch_frame00147,train,90deg,lateral_Participant5,Participant5,Endomorph,Normal,,,,,,slouch,1.0,0.0,0.0,0.3600931465625763,41.85881679777993,0.07232486681439455,0.10991036891937256,41.85881679777993,39.998554644429916,lateral,1
148,5.3047,Participant 5-Slouch_frame00148,train,90deg,lateral_Participant5,Participant5,Endomorph,Normal,,,,,,slouch,1.0,0.0,0.0,0.38008758425712585,44.63852326777337,0.06521201169309229,0.11268705129623413,44.63852326777337,40.16424450199694,lateral,1
149,5.3406,Participant 5-Slouch_frame00149,train,90deg,lateral_Participant5,Participant5,Endomorph,Normal,,,,,,slouch,1.0,0.0,0.0,0.37903837859630585,42.16039263661912,0.07074601528418442,0.11562579870223999,42.16039263661912,39.29455648491567,lateral,1
150,5.3764,Participant 5-Slouch_frame00150,train,90deg,lateral_Participant5,Participant5,Endomorph,Normal,,,,,,slouch,1.0,0.0,0.0,0.35036198794841766,40.448444684866196,0.05883832815983127,0.09426248073577881,40.448444684866196,39.36820561371649,lateral,1
151,5.4122,Participant 5-Slouch_frame00151,train,90deg,lateral_Participant5,Participant5,Endomorph,Normal,,,,,,slouch,1.0,0.0,0.0,0.37100982666015625,42.23898001759442,0.07116823567358589,0.11207246780395508,42.23898001759442,39.50455549365702,lateral,1
152,5.4481,Participant 5-Slouch_frame00152,train,90deg,lateral_Participant5,Participant5,Endomorph,Normal,,,,,,slouch,1.0,0.0,0.0,0.36040592193603516,40.339325060283,0.06947269966218679,0.09993869066238403,40.339325060283,41.51974394244192,lateral,1
153,5.4839,Participant 5-Slouch_frame00153,train,90deg,lateral_Participant5,Participant5,Endomorph,Normal,,,,,,slouch,1.0,0.0,0.0,0.3746701776981354,43.42895913388088,0.06945358313990205,0.11312192678451538,43.42895913388088,40.688304810456614,lateral,1
154,5.5198,Participant 5-Slouch_frame00154,train,90deg,lateral_Participant5,Participant5,Endomorph,Normal,,,,,,slouch,1.0,0.0,0.0,0.3700110912322998,40.65396271656544,0.06620196079867903,0.10603654384613037,40.65396271656544,40.43225051028044,lateral,1
155,5.5556,Participant 5-Slouch_frame00155,train,90deg,lateral_Participant5,Participant5,Endomorph,Normal,,,,,,slouch,1.0,0.0,0.0,0.37247301638126373,43.02572778629468,0.06160463070407494,0.10923755168914795,43.02572778629468,40.65522037811617,lateral,1
156,5.5915,Participant 5-Slouch_frame00156,train,90deg,lateral_Participant5,Participant5,Endomorph,Normal,,,,,,slouch,1.0,0.0,0.0,0.3796076625585556,43.418667994495586,0.06689063393643072,0.10805141925811768,43.418667994495586,40.41364278349039,lateral,1
157,5.6273,Participant 5-Slouch_frame00157,train,90deg,lateral_Participant5,Participant5,Endomorph,Normal,,,,,,slouch,1.0,0.0,0.0,0.35861949622631073,43.555181229077796,0.07662383759749036,0.11207491159439087,43.555181229077796,40.45516871192343,lateral,1
158,5.6631,Participant 5-Slouch_frame00158,train,90deg,lateral_Participant5,Participant5,Endomorph,Normal,,,,,,slouch,1.0,0.0,0.0,0.34897100925445557,42.59354781985828,0.06643026987630432,0.10820639133453369,42.59354781985828,39.69895271922647,lateral,1
159,5.699,Participant 5-Slouch_frame00159,train,90deg,lateral_Participant5,Participant5,Endomorph,Normal,,,,,,slouch,1.0,0.0,0.0,0.347692534327507,42.722140164813425,0.06496478696022792,0.10700684785842896,42.722140164813425,39.53504857461493,lateral,1
160,5.7348,Participant 5-Slouch_frame00160,train,90deg,lateral_Participant5,Participant5,Endomorph,Normal,,,,,,slouch,1.0,0.0,0.0,0.37644027173519135,42.1227942980683,0.06961506614939766,0.11214464902877808,42.1227942980683,39.5298834328922,lateral,1
161,5.7707,Participant 5-Slouch_frame00161,train,90deg,lateral_Participant5,Participant5,Endomorph,Normal,,,,,,slouch,1.0,0.0,0.0,0.38112393021583557,44.31899845912547,0.06685915697452996,0.11767566204071045,44.31899845912547,39.41618909817192,lateral,1
162,5.8065,Participant 5-Slouch_frame00162,train,90deg,lateral_Participant5,Participant5,Endomorph,Normal,,,,,,slouch,1.0,0.0,0.0,0.35885781049728394,40.5012153693751,0.057976051374522934,0.1032111644744873,40.5012153693751,40.44109402926022,lateral,1
163,5.8424,Participant 5-Slouch_frame00163,train,90deg,lateral_Participant5,Participant5,Endomorph,Normal,,,,,,slouch,1.0,0.0,0.0,0.3745999336242676,41.57984402977016,0.06375157962309755,0.10549294948577881,41.57984402977016,40.782046048303904,lateral,1
164,5.8782,Participant 5-Slouch_frame00164,train,90deg,lateral_Participant5,Participant5,Endomorph,Normal,,,,,,slouch,1.0,0.0,0.0,0.3860413432121277,43.69688191568089,0.06692867790058075,0.11730903387069702,43.69688191568089,40.14118540713869,lateral,1
165,5.914,Participant 5-Slouch_frame00165,train,90deg,lateral_Participant5,Participant5,Endomorph,Normal,,,,,,slouch,1.0,0.0,0.0,0.36466579139232635,43.07704291568276,0.0689650708921327,0.11243516206741333,43.07704291568276,40.424989174523816,lateral,1
166,5.9499,Participant 5-Slouch_frame00166,train,90deg,lateral_Participant5,Participant5,Endomorph,Normal,,,,,,slouch,1.0,0.0,0.0,0.3848041146993637,41.355307566751264,0.06712908994525739,0.10303306579589844,41.355307566751264,39.86052033748974,lateral,1
0,0.0,Participant 5-Upright 2_frame00000,train,90deg,lateral_Participant5,Participant5,Endomorph,Normal,,,,,,upright,1.0,0.0,0.0,0.29275915026664734,33.13349163297761,0.10193085305282004,0.05920374393463135,33.13349163297761,55.10433816068314,lateral,1
1,0.0358,Participant 5-Upright 2_frame00001,train,90deg,lateral_Participant5,Participant5,Endomorph,Normal,,,,,,upright,1.0,0.0,0.0,0.18378931283950806,32.3334383694967,0.09180822762126731,0.04152405261993408,32.3334383694967,56.31128713220501,lateral,1
2,0.0717,Participant 5-Upright 2_frame00002,train,90deg,lateral_Participant5,Participant5,Endomorph,Normal,,,,,,upright,1.0,0.0,0.0,0.23513442277908325,33.50245058451997,0.0785460538608043,0.03845936059951782,33.50245058451997,56.20067501791326,lateral,1
3,0.1075,Participant 5-Upright 2_frame00003,train,90deg,lateral_Participant5,Participant5,Endomorph,Normal,,,,,,upright,1.0,0.0,0.0,0.3059016764163971,31.7786718667106,0.06440964469416563,0.0434989333152771,31.7786718667106,55.222909616703454,lateral,1
4,0.1434,Participant 5-Upright 2_frame00004,train,90deg,lateral_Participant5,Participant5,Endomorph,Normal,,,,,,upright,1.0,0.0,0.0,0.23395413160324097,31.89552409901942,0.09125982679972376,0.04270029067993164,31.89552409901942,56.99632250763858,lateral,1
5,0.1792,Participant 5-Upright 2_frame00005,train,90deg,lateral_Participant5,Participant5,Endomorph,Normal,,,,,,upright,1.0,0.0,0.0,0.2795068025588989,32.35810616005721,0.10532964339273791,0.054337263107299805,32.35810616005721,56.44700379961726,lateral,1
6,0.2151,Participant 5-Upright 2_frame00006,train,90deg,lateral_Participant5,Participant5,Endomorph,Normal,,,,,,upright,1.0,0.0,0.0,0.24295929074287415,33.28157572285765,0.09240194838038052,0.0483514666557312,33.28157572285765,55.783297751407694,lateral,1
7,0.2509,Participant 5-Upright 2_frame00007,train,90deg,lateral_Participant5,Participant5,Endomorph,Normal,,,,,,upright,1.0,0.0,0.0,0.3456322252750397,33.247767878050574,0.09329636654685512,0.059976398944854736,33.247767878050574,55.94192297062208,lateral,1
8,0.2867,Participant 5-Upright 2_frame00008,train,90deg,lateral_Participant5,Participant5,Endomorph,Normal,,,,,,upright,1.0,0.0,0.0,0.32670310139656067,34.091892537079694,0.09896631032698562,0.06422466039657593,34.091892537079694,54.76417455509892,lateral,1
9,0.3226,Participant 5-Upright 2_frame00009,train,90deg,lateral_Participant5,Participant5,Endomorph,Normal,,,,,,upright,1.0,0.0,0.0,0.33951637148857117,32.33091750025243,0.08629568588987264,0.056119441986083984,32.33091750025243,55.36962617061372,lateral,1
10,0.3584,Participant 5-Upright 2_frame00010,train,90deg,lateral_Participant5,Participant5,Endomorph,Normal,,,,,,upright,1.0,0.0,0.0,0.2348991334438324,32.96539523284553,0.09252264723010485,0.04667019844055176,32.96539523284553,56.927801192209614,lateral,1
11,0.3943,Participant 5-Upright 2_frame00011,train,90deg,lateral_Participant5,Participant5,Endomorph,Normal,,,,,,upright,1.0,0.0,0.0,0.2570275068283081,33.54719981139877,0.09859119588892498,0.05533754825592041,33.54719981139877,54.90690858476798,lateral,1
12,0.4301,Participant 5-Upright 2_frame00012,train,90deg,lateral_Participant5,Participant5,Endomorph,Normal,,,,,,upright,1.0,0.0,0.0,0.31485262513160706,33.38818585091204,0.07797949188902731,0.057559847831726074,33.38818585091204,54.24677515678064,lateral,1
13,0.466,Participant 5-Upright 2_frame00013,train,90deg,lateral_Participant5,Participant5,Endomorph,Normal,,,,,,upright,1.0,0.0,0.0,0.2754478454589844,33.34999776111726,0.08992971424879295,0.04756969213485718,33.34999776111726,56.50964908618007,lateral,1
14,0.5018,Participant 5-Upright 2_frame00014,train,90deg,lateral_Participant5,Participant5,Endomorph,Normal,,,,,,upright,1.0,0.0,0.0,0.2854446470737457,33.0619216404768,0.07962375755390894,0.05015099048614502,33.0619216404768,55.523598674738565,lateral,1
15,0.5376,Participant 5-Upright 2_frame00015,train,90deg,lateral_Participant5,Participant5,Endomorph,Normal,,,,,,upright,1.0,0.0,0.0,0.28389984369277954,33.16665676425575,0.08115818762628538,0.0511937141418457,33.16665676425575,56.219798180405256,lateral,1
16,0.5735,Participant 5-Upright 2_frame00016,train,90deg,lateral_Participant5,Participant5,Endomorph,Normal,,,,,,upright,1.0,0.0,0.0,0.3213258683681488,33.77832553084221,0.08848246054314965,0.06271159648895264,33.77832553084221,54.20623049204272,lateral,1
17,0.6093,Participant 5-Upright 2_frame00017,train,90deg,lateral_Participant5,Participant5,Endomorph,Normal,,,,,,upright,1.0,0.0,0.0,0.27133670449256897,32.78161522861224,0.0877884835668079,0.051467299461364746,32.78161522861224,57.285609925511686,lateral,1
18,0.6452,Participant 5-Upright 2_frame00018,train,90deg,lateral_Participant5,Participant5,Endomorph,Normal,,,,,,upright,1.0,0.0,0.0,0.21130558848381042,34.59781818369934,0.11665170948443146,0.06404531002044678,34.59781818369934,54.73168180728221,lateral,1
19,0.681,Participant 5-Upright 2_frame00019,train,90deg,lateral_Participant5,Participant5,Endomorph,Normal,,,,,,upright,1.0,0.0,0.0,0.2749234437942505,29.91031056104555,0.10878463007191334,0.048553526401519775,29.91031056104555,56.80038212065758,lateral,1
20,0.7169,Participant 5-Upright 2_frame00020,train,90deg,lateral_Participant5,Participant5,Endomorph,Normal,,,,,,upright,1.0,0.0,0.0,0.3064875602722168,31.155634814090803,0.089700255256657,0.048648178577423096,31.155634814090803,55.3300328494972,lateral,1
21,0.7527,Participant 5-Upright 2_frame00021,train,90deg,lateral_Participant5,Participant5,Endomorph,Normal,,,,,,upright,1.0,0.0,0.0,0.3087776303291321,32.77626763620241,0.10254337427728526,0.058702290058135986,32.77626763620241,55.69245271553743,lateral,1
22,0.7885,Participant 5-Upright 2_frame00022,train,90deg,lateral_Participant5,Participant5,Endomorph,Normal,,,,,,upright,1.0,0.0,0.0,0.2655317485332489,30.443884316745528,0.10698173237215342,0.05013132095336914,30.443884316745528,55.80414329623465,lateral,1
23,0.8244,Participant 5-Upright 2_frame00023,train,90deg,lateral_Participant5,Participant5,Endomorph,Normal,,,,,,upright,1.0,0.0,0.0,0.30635225772857666,32.02890034078342,0.08989504349827736,0.054326772689819336,32.02890034078342,55.58344884311334,lateral,1
24,0.8602,Participant 5-Upright 2_frame00024,train,90deg,lateral_Participant5,Participant5,Endomorph,Normal,,,,,,upright,1.0,0.0,0.0,0.27173587679862976,29.82647448300753,0.10740152966526062,0.04999375343322754,29.82647448300753,56.36907625997593,lateral,1
25,0.8961,Participant 5-Upright 2_frame00025,train,90deg,lateral_Participant5,Participant5,Endomorph,Normal,,,,,,upright,1.0,0.0,0.0,0.27152737975120544,31.13530300551559,0.09812134216305526,0.049057185649871826,31.13530300551559,55.7523745273778,lateral,1
26,0.9319,Participant 5-Upright 2_frame00026,train,90deg,lateral_Participant5,Participant5,Endomorph,Normal,,,,,,upright,1.0,0.0,0.0,0.23813241720199585,31.60212715962063,0.09626444917705053,0.049668192863464355,31.60212715962063,56.41405375514435,lateral,1
27,0.9678,Participant 5-Upright 2_frame00027,train,90deg,lateral_Participant5,Participant5,Endomorph,Normal,,,,,,upright,1.0,0.0,0.0,0.22045594453811646,30.73332565782858,0.0971604064525247,0.04237163066864014,30.73332565782858,57.11392249704418,lateral,1
28,1.0036,Participant 5-Upright 2_frame00028,train,90deg,lateral_Participant5,Participant5,Endomorph,Normal,,,,,,upright,1.0,0.0,0.0,0.25344449281692505,28.99030773301775,0.0926329630307152,0.03569626808166504,28.99030773301775,57.027212715185385,lateral,1
29,1.0394,Participant 5-Upright 2_frame00029,train,90deg,lateral_Participant5,Participant5,Endomorph,Normal,,,,,,upright,1.0,0.0,0.0,0.22950893640518188,30.898127157888457,0.10502106802758124,0.05001348257064819,30.898127157888457,57.89428020583176,lateral,1
30,1.0753,Participant 5-Upright 2_frame00030,train,90deg,lateral_Participant5,Participant5,Endomorph,Normal,,,,,,upright,1.0,0.0,0.0,0.32750457525253296,31.85160770434079,0.10627826660413454,0.06117069721221924,31.85160770434079,55.240266871405595,lateral,1
31,1.1111,Participant 5-Upright 2_frame00031,train,90deg,lateral_Participant5,Participant5,Endomorph,Normal,,,,,,upright,1.0,0.0,0.0,0.306662380695343,30.34463992368301,0.09814689916535185,0.04502815008163452,30.34463992368301,58.33831840149629,lateral,1
32,1.147,Participant 5-Upright 2_frame00032,train,90deg,lateral_Participant5,Participant5,Endomorph,Normal,,,,,,upright,1.0,0.0,0.0,0.3225230574607849,30.701773167296356,0.09404308992781059,0.04748910665512085,30.701773167296356,57.6815652342298,lateral,1
33,1.1828,Participant 5-Upright 2_frame00033,train,90deg,lateral_Participant5,Participant5,Endomorph,Normal,,,,,,upright,1.0,0.0,0.0,0.2919743061065674,29.41926124400694,0.10029349807482088,0.04059380292892456,29.41926124400694,57.20578465400104,lateral,1
34,1.2186,Participant 5-Upright 2_frame00034,train,90deg,lateral_Participant5,Participant5,Endomorph,Normal,,,,,,upright,1.0,0.0,0.0,0.3402842879295349,30.125855033101896,0.08939318833232397,0.047276318073272705,30.125855033101896,56.91625720727207,lateral,1
35,1.2545,Participant 5-Upright 2_frame00035,train,90deg,lateral_Participant5,Participant5,Endomorph,Normal,,,,,,upright,1.0,0.0,0.0,0.3029600977897644,31.150674601253076,0.10907799105060255,0.056107163429260254,31.150674601253076,56.22745618420739,lateral,1
36,1.2903,Participant 5-Upright 2_frame00036,train,90deg,lateral_Participant5,Participant5,Endomorph,Normal,,,,,,upright,1.0,0.0,0.0,0.26549068093299866,30.981277721265783,0.10765078687003439,0.049868106842041016,30.981277721265783,56.668875130560416,lateral,1
37,1.3262,Participant 5-Upright 2_frame00037,train,90deg,lateral_Participant5,Participant5,Endomorph,Normal,,,,,,upright,1.0,0.0,0.0,0.24855035543441772,31.44062449729956,0.11281824278706769,0.05270230770111084,31.44062449729956,55.861240224456964,lateral,1
38,1.362,Participant 5-Upright 2_frame00038,train,90deg,lateral_Participant5,Participant5,Endomorph,Normal,,,,,,upright,1.0,0.0,0.0,0.3122718036174774,31.093570929543098,0.10372137763323559,0.05019444227218628,31.093570929543098,56.797819795207396,lateral,1
39,1.3979,Participant 5-Upright 2_frame00039,train,90deg,lateral_Participant5,Participant5,Endomorph,Normal,,,,,,upright,1.0,0.0,0.0,0.28834691643714905,30.785907248591823,0.11371111269440222,0.0521354079246521,30.785907248591823,57.71121333801716,lateral,1
40,1.4337,Participant 5-Upright 2_frame00040,train,90deg,lateral_Participant5,Participant5,Endomorph,Normal,,,,,,upright,1.0,0.0,0.0,0.24106627702713013,32.98998616660881,0.10844558313264265,0.05729544162750244,32.98998616660881,55.018387930767034,lateral,1
41,1.4695,Participant 5-Upright 2_frame00041,train,90deg,lateral_Participant5,Participant5,Endomorph,Normal,,,,,,upright,1.0,0.0,0.0,0.2747204303741455,31.57120090166945,0.11106308924809317,0.05509507656097412,31.57120090166945,56.980364441203385,lateral,1
42,1.5054,Participant 5-Upright 2_frame00042,train,90deg,lateral_Participant5,Participant5,Endomorph,Normal,,,,,,upright,1.0,0.0,0.0,0.2913595139980316,29.84071947413825,0.09944601387870504,0.04555392265319824,29.84071947413825,56.032492175863105,lateral,1
43,1.5412,Participant 5-Upright 2_frame00043,train,90deg,lateral_Participant5,Participant5,Endomorph,Normal,,,,,,upright,1.0,0.0,0.0,0.28850048780441284,30.858947810615337,0.0928220968638966,0.04107588529586792,30.858947810615337,56.688445021295685,lateral,1
44,1.5771,Participant 5-Upright 2_frame00044,train,90deg,lateral_Participant5,Participant5,Endomorph,Normal,,,,,,upright,1.0,0.0,0.0,0.33328160643577576,31.782503299789663,0.08699247184230571,0.05088323354721069,31.782503299789663,55.89226101406068,lateral,1
45,1.6129,Participant 5-Upright 2_frame00045,train,90deg,lateral_Participant5,Participant5,Endomorph,Normal,,,,,,upright,1.0,0.0,0.0,0.28047922253608704,32.24788800980955,0.09108848547257323,0.054796576499938965,32.24788800980955,56.2803763133262,lateral,1
46,1.6488,Participant 5-Upright 2_frame00046,train,90deg,lateral_Participant5,Participant5,Endomorph,Normal,,,,,,upright,1.0,0.0,0.0,0.30380091071128845,31.23173181472041,0.08885104697602031,0.05359286069869995,31.23173181472041,55.90321951538429,lateral,1
47,1.6846,Participant 5-Upright 2_frame00047,train,90deg,lateral_Participant5,Participant5,Endomorph,Normal,,,,,,upright,1.0,0.0,0.0,0.3572976887226105,30.608213109014937,0.06974015421602582,0.04305434226989746,30.608213109014937,56.01453606498926,lateral,1
48,1.7204,Participant 5-Upright 2_frame00048,train,90deg,lateral_Participant5,Participant5,Endomorph,Normal,,,,,,upright,1.0,0.0,0.0,0.28237029910087585,32.53123683988793,0.08612763824255931,0.047367215156555176,32.53123683988793,55.00648779660471,lateral,1
49,1.7563,Participant 5-Upright 2_frame00049,train,90deg,lateral_Participant5,Participant5,Endomorph,Normal,,,,,,upright,1.0,0.0,0.0,0.25537845492362976,30.421247482861702,0.08912129250677017,0.034563660621643066,30.421247482861702,57.78489399144055,lateral,1
50,1.7921,Participant 5-Upright 2_frame00050,train,90deg,lateral_Participant5,Participant5,Endomorph,Normal,,,,,,upright,1.0,0.0,0.0,0.2991374433040619,32.26019573976404,0.09527235889840543,0.04690349102020264,32.26019573976404,57.307961641385134,lateral,1
51,1.828,Participant 5-Upright 2_frame00051,train,90deg,lateral_Participant5,Participant5,Endomorph,Normal,,,,,,upright,1.0,0.0,0.0,0.22147691249847412,30.017741464181526,0.10386802481738507,0.04004758596420288,30.017741464181526,58.796890244190124,lateral,1
52,1.8638,Participant 5-Upright 2_frame00052,train,90deg,lateral_Participant5,Participant5,Endomorph,Normal,,,,,,upright,1.0,0.0,0.0,0.2839253842830658,31.295066250656294,0.0948074877371632,0.04386436939239502,31.295066250656294,57.74173458677606,lateral,1
53,1.8997,Participant 5-Upright 2_frame00053,train,90deg,lateral_Participant5,Participant5,Endomorph,Normal,,,,,,upright,1.0,0.0,0.0,0.3354033827781677,32.47626374979928,0.08527384562706787,0.053083181381225586,32.47626374979928,55.84123057003773,lateral,1
54,1.9355,Participant 5-Upright 2_frame00054,train,90deg,lateral_Participant5,Participant5,Endomorph,Normal,,,,,,upright,1.0,0.0,0.0,0.29741063714027405,31.38112621280609,0.10344361968501381,0.05784207582473755,31.38112621280609,57.074326362249415,lateral,1
55,1.9713,Participant 5-Upright 2_frame00055,train,90deg,lateral_Participant5,Participant5,Endomorph,Normal,,,,,,upright,1.0,0.0,0.0,0.33880239725112915,31.74563373263969,0.10340172163699789,0.05691713094711304,31.74563373263969,56.44863770097579,lateral,1
56,2.0072,Participant 5-Upright 2_frame00056,train,90deg,lateral_Participant5,Participant5,Endomorph,Normal,,,,,,upright,1.0,0.0,0.0,0.3096891939640045,31.263412602020576,0.09874447327934595,0.05100858211517334,31.263412602020576,58.90029238703635,lateral,1
57,2.043,Participant 5-Upright 2_frame00057,train,90deg,lateral_Participant5,Participant5,Endomorph,Normal,,,,,,upright,1.0,0.0,0.0,0.23098713159561157,32.01605963379706,0.08564766182369202,0.0379752516746521,32.01605963379706,57.877285877225326,lateral,1
58,2.0789,Participant 5-Upright 2_frame00058,train,90deg,lateral_Participant5,Participant5,Endomorph,Normal,,,,,,upright,1.0,0.0,0.0,0.38219575583934784,32.92568168548071,0.09236292243655264,0.05785107612609863,32.92568168548071,56.86677665963965,lateral,1
59,2.1147,Participant 5-Upright 2_frame00059,train,90deg,lateral_Participant5,Participant5,Endomorph,Normal,,,,,,upright,1.0,0.0,0.0,0.2720737159252167,32.061385948108246,0.09070603647968048,0.04887425899505615,32.061385948108246,57.769789010737526,lateral,1
60,2.1506,Participant 5-Upright 2_frame00060,train,90deg,lateral_Participant5,Participant5,Endomorph,Normal,,,,,,upright,1.0,0.0,0.0,0.2718052864074707,32.4130347284576,0.0894046171180903,0.04999399185180664,32.4130347284576,57.689423325216126,lateral,1
61,2.1864,Participant 5-Upright 2_frame00061,train,90deg,lateral_Participant5,Participant5,Endomorph,Normal,,,,,,upright,1.0,0.0,0.0,0.31567153334617615,29.488143184802187,0.09188967877132243,0.044120848178863525,29.488143184802187,56.06193535870274,lateral,1
62,2.2222,Participant 5-Upright 2_frame00062,train,90deg,lateral_Participant5,Participant5,Endomorph,Normal,,,,,,upright,1.0,0.0,0.0,0.25394588708877563,31.161906347705933,0.102273421175055,0.05344516038894653,31.161906347705933,57.793398056146145,lateral,1
63,2.2581,Participant 5-Upright 2_frame00063,train,90deg,lateral_Participant5,Participant5,Endomorph,Normal,,,,,,upright,1.0,0.0,0.0,0.32078105211257935,32.58659103414465,0.10348525222585661,0.057183265686035156,32.58659103414465,56.98880740493032,lateral,1
64,2.2939,Participant 5-Upright 2_frame00064,train,90deg,lateral_Participant5,Participant5,Endomorph,Normal,,,,,,upright,1.0,0.0,0.0,0.25228336453437805,30.837556150931448,0.09627810935166985,0.0447310209274292,30.837556150931448,56.66363069070839,lateral,1
65,2.3298,Participant 5-Upright 2_frame00065,train,90deg,lateral_Participant5,Participant5,Endomorph,Normal,,,,,,upright,1.0,0.0,0.0,0.26842859387397766,29.72971010694245,0.09892629752811663,0.043253421783447266,29.72971010694245,56.22462271105212,lateral,1
66,2.3656,Participant 5-Upright 2_frame00066,train,90deg,lateral_Participant5,Participant5,Endomorph,Normal,,,,,,upright,1.0,0.0,0.0,0.2778528928756714,31.979912494947516,0.11307196236364636,0.056590139865875244,31.979912494947516,55.917643097167556,lateral,1
67,2.4015,Participant 5-Upright 2_frame00067,train,90deg,lateral_Participant5,Participant5,Endomorph,Normal,,,,,,upright,1.0,0.0,0.0,0.19817787408828735,30.89671848137119,0.10949961847214894,0.0492207407951355,30.89671848137119,58.003366720778565,lateral,1
68,2.4373,Participant 5-Upright 2_frame00068,train,90deg,lateral_Participant5,Participant5,Endomorph,Normal,,,,,,upright,1.0,0.0,0.0,0.3441108167171478,32.810907821795986,0.09707057525405158,0.058458149433135986,32.810907821795986,57.939631213752946,lateral,1
69,2.4731,Participant 5-Upright 2_frame00069,train,90deg,lateral_Participant5,Participant5,Endomorph,Normal,,,,,,upright,1.0,0.0,0.0,0.3363109827041626,33.17022815006977,0.09761502443554948,0.055056989192962646,33.17022815006977,56.85910447502997,lateral,1
70,2.509,Participant 5-Upright 2_frame00070,train,90deg,lateral_Participant5,Participant5,Endomorph,Normal,,,,,,upright,1.0,0.0,0.0,0.29048699140548706,32.24155355263828,0.09936382972754605,0.05280327796936035,32.24155355263828,56.351409438908206,lateral,1
71,2.5448,Participant 5-Upright 2_frame00071,train,90deg,lateral_Participant5,Participant5,Endomorph,Normal,,,,,,upright,1.0,0.0,0.0,0.3350348174571991,32.52104193374274,0.10845559698919917,0.05856585502624512,32.52104193374274,57.09398864735902,lateral,1
72,2.5807,Participant 5-Upright 2_frame00072,train,90deg,lateral_Participant5,Participant5,Endomorph,Normal,,,,,,upright,1.0,0.0,0.0,0.3460811972618103,31.013681717524275,0.10205506302448479,0.053512752056121826,31.013681717524275,56.77912744477802,lateral,1
73,2.6165,Participant 5-Upright 2_frame00073,train,90deg,lateral_Participant5,Participant5,Endomorph,Normal,,,,,,upright,1.0,0.0,0.0,0.3585066944360733,31.69511822061028,0.08499847910401409,0.051588475704193115,31.69511822061028,57.55231849969256,lateral,1
74,2.6524,Participant 5-Upright 2_frame00074,train,90deg,lateral_Participant5,Participant5,Endomorph,Normal,,,,,,upright,1.0,0.0,0.0,0.3156237304210663,33.883605240167434,0.10080882212281596,0.05877119302749634,33.883605240167434,56.99580793864733,lateral,1
75,2.6882,Participant 5-Upright 2_frame00075,train,90deg,lateral_Participant5,Participant5,Endomorph,Normal,,,,,,upright,1.0,0.0,0.0,0.3117522597312927,29.554674444598483,0.09560263719772367,0.040534019470214844,29.554674444598483,58.423844220262026,lateral,1
76,2.724,Participant 5-Upright 2_frame00076,train,90deg,lateral_Participant5,Participant5,Endomorph,Normal,,,,,,upright,1.0,0.0,0.0,0.25479817390441895,31.148710501948813,0.09846730148611166,0.04668372869491577,31.148710501948813,56.95445788006957,lateral,1
77,2.7599,Participant 5-Upright 2_frame00077,train,90deg,lateral_Participant5,Participant5,Endomorph,Normal,,,,,,upright,1.0,0.0,0.0,0.25888094305992126,31.356077630647405,0.11094854291994662,0.05825841426849365,31.356077630647405,56.608243611617354,lateral,1
78,2.7957,Participant 5-Upright 2_frame00078,train,90deg,lateral_Participant5,Participant5,Endomorph,Normal,,,,,,upright,1.0,0.0,0.0,0.3236999809741974,31.06684874445358,0.10773636631474172,0.05883514881134033,31.06684874445358,56.40306201066395,lateral,1
79,2.8316,Participant 5-Upright 2_frame00079,train,90deg,lateral_Participant5,Participant5,Endomorph,Normal,,,,,,upright,1.0,0.0,0.0,0.3412109315395355,32.63322873873214,0.10034117515283435,0.058441758155822754,32.63322873873214,56.24465707987141,lateral,1
80,2.8674,Participant 5-Upright 2_frame00080,train,90deg,lateral_Participant5,Participant5,Endomorph,Normal,,,,,,upright,1.0,0.0,0.0,0.35665327310562134,31.975633473188203,0.07494884385592225,0.05053257942199707,31.975633473188203,55.552255371017466,lateral,1
81,2.9033,Participant 5-Upright 2_frame00081,train,90deg,lateral_Participant5,Participant5,Endomorph,Normal,,,,,,upright,1.0,0.0,0.0,0.2669185400009155,31.44553605884501,0.07360195694415986,0.03822505474090576,31.44553605884501,57.176790350588966,lateral,1
82,2.9391,Participant 5-Upright 2_frame00082,train,90deg,lateral_Participant5,Participant5,Endomorph,Normal,,,,,,upright,1.0,0.0,0.0,0.359234556555748,32.00390163147288,0.07955851814141462,0.05437445640563965,32.00390163147288,56.18179604007138,lateral,1
83,2.9749,Participant 5-Upright 2_frame00083,train,90deg,lateral_Participant5,Participant5,Endomorph,Normal,,,,,,upright,1.0,0.0,0.0,0.31344425678253174,32.78025537011786,0.07193928877315922,0.04849410057067871,32.78025537011786,55.73873804051404,lateral,1
84,3.0108,Participant 5-Upright 2_frame00084,train,90deg,lateral_Participant5,Participant5,Endomorph,Normal,,,,,,upright,1.0,0.0,0.0,0.3281635046005249,31.923053074301837,0.09208753808028297,0.05383706092834473,31.923053074301837,56.11795055846453,lateral,1
85,3.0466,Participant 5-Upright 2_frame00085,train,90deg,lateral_Participant5,Participant5,Endomorph,Normal,,,,,,upright,1.0,0.0,0.0,0.3166919946670532,31.163275597913742,0.10184080327739126,0.05389201641082764,31.163275597913742,56.08804971600233,lateral,1
86,3.0825,Participant 5-Upright 2_frame00086,train,90deg,lateral_Participant5,Participant5,Endomorph,Normal,,,,,,upright,1.0,0.0,0.0,0.24417123198509216,32.569001839441064,0.09001318679554804,0.045403897762298584,32.569001839441064,56.55640365519301,lateral,1
87,3.1183,Participant 5-Upright 2_frame00087,train,90deg,lateral_Participant5,Participant5,Endomorph,Normal,,,,,,upright,1.0,0.0,0.0,0.28000032901763916,31.361761402395597,0.10031760891068982,0.05008089542388916,31.361761402395597,56.477130116482385,lateral,1
88,3.1542,Participant 5-Upright 2_frame00088,train,90deg,lateral_Participant5,Participant5,Endomorph,Normal,,,,,,upright,1.0,0.0,0.0,0.34102779626846313,32.389698488228014,0.09589000443606635,0.05239582061767578,32.389698488228014,56.245373346856944,lateral,1
89,3.19,Participant 5-Upright 2_frame00089,train,90deg,lateral_Participant5,Participant5,Endomorph,Normal,,,,,,upright,1.0,0.0,0.0,0.26882871985435486,32.321237011509304,0.09252133048056635,0.04718220233917236,32.321237011509304,56.87075690860709,lateral,1
90,3.2258,Participant 5-Upright 2_frame00090,train,90deg,lateral_Participant5,Participant5,Endomorph,Normal,,,,,,upright,1.0,0.0,0.0,0.32873183488845825,31.52711573680132,0.08097277758222667,0.04945492744445801,31.52711573680132,55.66436686334937,lateral,1
91,3.2617,Participant 5-Upright 2_frame00091,train,90deg,lateral_Participant5,Participant5,Endomorph,Normal,,,,,,upright,1.0,0.0,0.0,0.35009264945983887,31.832689261029127,0.08130249829740104,0.04937744140625,31.832689261029127,56.60135451900829,lateral,1
92,3.2975,Participant 5-Upright 2_frame00092,train,90deg,lateral_Participant5,Participant5,Endomorph,Normal,,,,,,upright,1.0,0.0,0.0,0.2820360064506531,32.948602315696036,0.10149191831104819,0.052619338035583496,32.948602315696036,57.26792348876358,lateral,1
93,3.3334,Participant 5-Upright 2_frame00093,train,90deg,lateral_Participant5,Participant5,Endomorph,Normal,,,,,,upright,1.0,0.0,0.0,0.25865602493286133,33.76589501313769,0.10199095747835638,0.055699706077575684,33.76589501313769,56.7262854956582,lateral,1
94,3.3692,Participant 5-Upright 2_frame00094,train,90deg,lateral_Participant5,Participant5,Endomorph,Normal,,,,,,upright,1.0,0.0,0.0,0.3696511387825012,32.248283937655295,0.09308848045004042,0.054026126861572266,32.248283937655295,57.29918180233856,lateral,1
95,3.405,Participant 5-Upright 2_frame00095,train,90deg,lateral_Participant5,Participant5,Endomorph,Normal,,,,,,upright,1.0,0.0,0.0,0.3478839099407196,31.86866712095856,0.09354089734711205,0.05305546522140503,31.86866712095856,55.11210493524146,lateral,1
96,3.4409,Participant 5-Upright 2_frame00096,train,90deg,lateral_Participant5,Participant5,Endomorph,Normal,,,,,,upright,1.0,0.0,0.0,0.2846237123012543,32.34542273825167,0.09723373192360563,0.05154293775558472,32.34542273825167,57.19172029171925,lateral,1
97,3.4767,Participant 5-Upright 2_frame00097,train,90deg,lateral_Participant5,Participant5,Endomorph,Normal,,,,,,upright,1.0,0.0,0.0,0.27625572681427,32.27078418911412,0.09055424230137514,0.049814045429229736,32.27078418911412,55.31042092675923,lateral,1
98,3.5126,Participant 5-Upright 2_frame00098,train,90deg,lateral_Participant5,Participant5,Endomorph,Normal,,,,,,upright,1.0,0.0,0.0,0.34509772062301636,32.46831484564233,0.0882378279526504,0.0563620924949646,32.46831484564233,55.90695421382035,lateral,1
99,3.5484,Participant 5-Upright 2_frame00099,train,90deg,lateral_Participant5,Participant5,Endomorph,Normal,,,,,,upright,1.0,0.0,0.0,0.3014436662197113,31.2726646606715,0.09638208923890214,0.04597818851470947,31.2726646606715,57.10871770139547,lateral,1
100,3.5843,Participant 5-Upright 2_frame00100,train,90deg,lateral_Participant5,Participant5,Endomorph,Normal,,,,,,upright,1.0,0.0,0.0,0.3249172866344452,32.489895366254856,0.08912446533186064,0.05685091018676758,32.489895366254856,55.41383682717591,lateral,1
101,3.6201,Participant 5-Upright 2_frame00101,train,90deg,lateral_Participant5,Participant5,Endomorph,Normal,,,,,,upright,1.0,0.0,0.0,0.2752284109592438,30.820261339968496,0.07674397677496611,0.035818397998809814,30.820261339968496,58.40135412086684,lateral,1
102,3.6559,Participant 5-Upright 2_frame00102,train,90deg,lateral_Participant5,Participant5,Endomorph,Normal,,,,,,upright,1.0,0.0,0.0,0.2671065628528595,32.502342030654965,0.08731963867950712,0.044598937034606934,32.502342030654965,56.15592092110547,lateral,1
103,3.6918,Participant 5-Upright 2_frame00103,train,90deg,lateral_Participant5,Participant5,Endomorph,Normal,,,,,,upright,1.0,0.0,0.0,0.33753034472465515,32.370802231232396,0.07819995924974853,0.04806530475616455,32.370802231232396,56.81854946615695,lateral,1
104,3.7276,Participant 5-Upright 2_frame00104,train,90deg,lateral_Participant5,Participant5,Endomorph,Normal,,,,,,upright,1.0,0.0,0.0,0.24955865740776062,31.691488792425748,0.09663003405546734,0.04694867134094238,31.691488792425748,56.606059814040336,lateral,1
105,3.7635,Participant 5-Upright 2_frame00105,train,90deg,lateral_Participant5,Participant5,Endomorph,Normal,,,,,,upright,1.0,0.0,0.0,0.34661465883255005,34.474983074971774,0.08160860492968779,0.055991291999816895,34.474983074971774,57.2403999074863,lateral,1
106,3.7993,Participant 5-Upright 2_frame00106,train,90deg,lateral_Participant5,Participant5,Endomorph,Normal,,,,,,upright,1.0,0.0,0.0,0.3170055150985718,33.881866043031,0.07777624644003198,0.05272698402404785,33.881866043031,56.32079343403256,lateral,1
107,3.8352,Participant 5-Upright 2_frame00107,train,90deg,lateral_Participant5,Participant5,Endomorph,Normal,,,,,,upright,1.0,0.0,0.0,0.32571080327033997,33.29311647310662,0.0787142617773685,0.0470123291015625,33.29311647310662,55.48914235400361,lateral,1
108,3.871,Participant 5-Upright 2_frame00108,train,90deg,lateral_Participant5,Participant5,Endomorph,Normal,,,,,,upright,1.0,0.0,0.0,0.31743088364601135,33.365924450172336,0.08300152964572075,0.05711483955383301,33.365924450172336,57.17085994803364,lateral,1
109,3.9068,Participant 5-Upright 2_frame00109,train,90deg,lateral_Participant5,Participant5,Endomorph,Normal,,,,,,upright,1.0,0.0,0.0,0.28361016511917114,32.47946735213504,0.10131043750550446,0.05151301622390747,32.47946735213504,57.606202757998375,lateral,1
110,3.9427,Participant 5-Upright 2_frame00110,train,90deg,lateral_Participant5,Participant5,Endomorph,Normal,,,,,,upright,1.0,0.0,0.0,0.32255086302757263,33.88482015600867,0.09820802204660535,0.05741947889328003,33.88482015600867,56.25444626482789,lateral,1
111,3.9785,Participant 5-Upright 2_frame00111,train,90deg,lateral_Participant5,Participant5,Endomorph,Normal,,,,,,upright,1.0,0.0,0.0,0.2219986617565155,30.528510059830776,0.10553010925676576,0.04515635967254639,30.528510059830776,58.07706855850082,lateral,1
112,4.0144,Participant 5-Upright 2_frame00112,train,90deg,lateral_Participant5,Participant5,Endomorph,Normal,,,,,,upright,1.0,0.0,0.0,0.294939786195755,32.41918536123812,0.10417925808655297,0.05484408140182495,32.41918536123812,55.98034177333077,lateral,1
113,4.0502,Participant 5-Upright 2_frame00113,train,90deg,lateral_Participant5,Participant5,Endomorph,Normal,,,,,,upright,1.0,0.0,0.0,0.29703959822654724,32.12746492619236,0.09492246869544133,0.05333685874938965,32.12746492619236,56.69429934481555,lateral,1
114,4.0861,Participant 5-Upright 2_frame00114,train,90deg,lateral_Participant5,Participant5,Endomorph,Normal,,,,,,upright,1.0,0.0,0.0,0.3331601619720459,32.622580357633574,0.11022315433962959,0.05827289819717407,32.622580357633574,58.359216373065884,lateral,1
115,4.1219,Participant 5-Upright 2_frame00115,train,90deg,lateral_Participant5,Participant5,Endomorph,Normal,,,,,,upright,1.0,0.0,0.0,0.3568308353424072,31.555428489787715,0.09786155836472223,0.05223429203033447,31.555428489787715,55.648554088516114,lateral,1
116,4.1577,Participant 5-Upright 2_frame00116,train,90deg,lateral_Participant5,Participant5,Endomorph,Normal,,,,,,upright,1.0,0.0,0.0,0.341255858540535,33.78518450732817,0.1088094500285357,0.06544077396392822,33.78518450732817,55.2237148517302,lateral,1
117,4.1936,Participant 5-Upright 2_frame00117,train,90deg,lateral_Participant5,Participant5,Endomorph,Normal,,,,,,upright,1.0,0.0,0.0,0.28535062074661255,31.73553828810002,0.09758202189545381,0.05364418029785156,31.73553828810002,55.206570519632386,lateral,1
118,4.2294,Participant 5-Upright 2_frame00118,train,90deg,lateral_Participant5,Participant5,Endomorph,Normal,,,,,,upright,1.0,0.0,0.0,0.292973130941391,32.49530873610915,0.10078490432119264,0.0553363561630249,32.49530873610915,56.47490768427621,lateral,1
119,4.2653,Participant 5-Upright 2_frame00119,train,90deg,lateral_Participant5,Participant5,Endomorph,Normal,,,,,,upright,1.0,0.0,0.0,0.27784857153892517,32.30764674919033,0.10061987014898192,0.049147188663482666,32.30764674919033,57.00839063013176,lateral,1
120,4.3011,Participant 5-Upright 2_frame00120,train,90deg,lateral_Participant5,Participant5,Endomorph,Normal,,,,,,upright,1.0,0.0,0.0,0.3373450040817261,32.073919760606685,0.09722063332909107,0.05198270082473755,32.073919760606685,56.46364858887654,lateral,1
121,4.337,Participant 5-Upright 2_frame00121,train,90deg,lateral_Participant5,Participant5,Endomorph,Normal,,,,,,upright,1.0,0.0,0.0,0.3224918842315674,32.01833597270461,0.09193651062453385,0.046736955642700195,32.01833597270461,56.52554309182622,lateral,1
122,4.3728,Participant 5-Upright 2_frame00122,train,90deg,lateral_Participant5,Participant5,Endomorph,Normal,,,,,,upright,1.0,0.0,0.0,0.19648957252502441,30.46619243796507,0.09825566548759897,0.03537631034851074,30.46619243796507,55.44701824376374,lateral,1
123,4.4086,Participant 5-Upright 2_frame00123,train,90deg,lateral_Participant5,Participant5,Endomorph,Normal,,,,,,upright,1.0,0.0,0.0,0.3664553016424179,31.343489649727772,0.10187310649652914,0.05601012706756592,31.343489649727772,56.97263720615204,lateral,1
124,4.4445,Participant 5-Upright 2_frame00124,train,90deg,lateral_Participant5,Participant5,Endomorph,Normal,,,,,,upright,1.0,0.0,0.0,0.254672646522522,33.21614783369489,0.09890620606557961,0.055502474308013916,33.21614783369489,56.77792890241435,lateral,1
125,4.4803,Participant 5-Upright 2_frame00125,train,90deg,lateral_Participant5,Participant5,Endomorph,Normal,,,,,,upright,1.0,0.0,0.0,0.30149951577186584,32.82960822052203,0.09573614403359312,0.05381733179092407,32.82960822052203,56.536065142680215,lateral,1
126,4.5162,Participant 5-Upright 2_frame00126,train,90deg,lateral_Participant5,Participant5,Endomorph,Normal,,,,,,upright,1.0,0.0,0.0,0.2689987123012543,31.040038599488817,0.10069808781159449,0.048547983169555664,31.040038599488817,55.36705024695434,lateral,1
127,4.552,Participant 5-Upright 2_frame00127,train,90deg,lateral_Participant5,Participant5,Endomorph,Normal,,,,,,upright,1.0,0.0,0.0,0.27807873487472534,33.07006130097552,0.11425355904987937,0.05943018198013306,33.07006130097552,54.830696572096585,lateral,1
128,4.5879,Participant 5-Upright 2_frame00128,train,90deg,lateral_Participant5,Participant5,Endomorph,Normal,,,,,,upright,1.0,0.0,0.0,0.34746313095092773,31.23531606243011,0.06953479167051489,0.043210387229919434,31.23531606243011,55.52687860874166,lateral,1
129,4.6237,Participant 5-Upright 2_frame00129,train,90deg,lateral_Participant5,Participant5,Endomorph,Normal,,,,,,upright,1.0,0.0,0.0,0.38602598011493683,31.188599488034317,0.08738762600533526,0.04930824041366577,31.188599488034317,56.93696300013354,lateral,1
130,4.6595,Participant 5-Upright 2_frame00130,train,90deg,lateral_Participant5,Participant5,Endomorph,Normal,,,,,,upright,1.0,0.0,0.0,0.2723196744918823,30.17872553695847,0.0980933328820311,0.0451396107673645,30.17872553695847,54.69197595386119,lateral,1
131,4.6954,Participant 5-Upright 2_frame00131,train,90deg,lateral_Participant5,Participant5,Endomorph,Normal,,,,,,upright,1.0,0.0,0.0,0.30309414863586426,33.91696653739333,0.09771170877055531,0.05638629198074341,33.91696653739333,55.8987644519385,lateral,1
132,4.7312,Participant 5-Upright 2_frame00132,train,90deg,lateral_Participant5,Participant5,Endomorph,Normal,,,,,,upright,1.0,0.0,0.0,0.3206356465816498,32.259425856564135,0.0923612858645443,0.05042421817779541,32.259425856564135,55.376422962358866,lateral,1
133,4.7671,Participant 5-Upright 2_frame00133,train,90deg,lateral_Participant5,Participant5,Endomorph,Normal,,,,,,upright,1.0,0.0,0.0,0.34527796506881714,34.47607364740368,0.09115150063923298,0.06035131216049194,34.47607364740368,55.794044286078396,lateral,1
134,4.8029,Participant 5-Upright 2_frame00134,train,90deg,lateral_Participant5,Participant5,Endomorph,Normal,,,,,,upright,1.0,0.0,0.0,0.30283188819885254,31.34568539837684,0.07511546918587018,0.03827565908432007,31.34568539837684,57.6882823272125,lateral,1
135,4.8388,Participant 5-Upright 2_frame00135,train,90deg,lateral_Participant5,Participant5,Endomorph,Normal,,,,,,upright,1.0,0.0,0.0,0.3634457290172577,33.029019369482626,0.09313896466086712,0.06348896026611328,33.029019369482626,55.4679201886345,lateral,1
136,4.8746,Participant 5-Upright 2_frame00136,train,90deg,lateral_Participant5,Participant5,Endomorph,Normal,,,,,,upright,1.0,0.0,0.0,0.2144812047481537,31.22265761781736,0.0822383357282787,0.03605300188064575,31.22265761781736,57.51409276497291,lateral,1
137,4.9104,Participant 5-Upright 2_frame00137,train,90deg,lateral_Participant5,Participant5,Endomorph,Normal,,,,,,upright,1.0,0.0,0.0,0.252204567193985,30.368851531807252,0.08991081117164425,0.0411607027053833,30.368851531807252,55.48894661261996,lateral,1
138,4.9463,Participant 5-Upright 2_frame00138,train,90deg,lateral_Participant5,Participant5,Endomorph,Normal,,,,,,upright,1.0,0.0,0.0,0.2859528064727783,32.27144069224034,0.10123307953589701,0.05240273475646973,32.27144069224034,56.75548736365474,lateral,1
139,4.9821,Participant 5-Upright 2_frame00139,train,90deg,lateral_Participant5,Participant5,Endomorph,Normal,,,,,,upright,1.0,0.0,0.0,0.2893613576889038,31.263767423129774,0.09112753513477102,0.049128949642181396,31.263767423129774,56.265374131608844,lateral,1
140,5.018,Participant 5-Upright 2_frame00140,train,90deg,lateral_Participant5,Participant5,Endomorph,Normal,,,,,,upright,1.0,0.0,0.0,0.30230608582496643,30.795957691977026,0.07980730715431927,0.04412877559661865,30.795957691977026,56.416190295383196,lateral,1
141,5.0538,Participant 5-Upright 2_frame00141,train,90deg,lateral_Participant5,Participant5,Endomorph,Normal,,,,,,upright,1.0,0.0,0.0,0.2630573809146881,32.47751520443435,0.09359867061017418,0.04569065570831299,32.47751520443435,57.652017199343696,lateral,1
142,5.0897,Participant 5-Upright 2_frame00142,train,90deg,lateral_Participant5,Participant5,Endomorph,Normal,,,,,,upright,1.0,0.0,0.0,0.30933839082717896,31.55644759850899,0.07985028285394591,0.047357916831970215,31.55644759850899,55.97572624556079,lateral,1
143,5.1255,Participant 5-Upright 2_frame00143,train,90deg,lateral_Participant5,Participant5,Endomorph,Normal,,,,,,upright,1.0,0.0,0.0,0.27999308705329895,33.39682682218479,0.10206938078363542,0.058120906352996826,33.39682682218479,57.420788080183385,lateral,1
144,5.1613,Participant 5-Upright 2_frame00144,train,90deg,lateral_Participant5,Participant5,Endomorph,Normal,,,,,,upright,1.0,0.0,0.0,0.28911736607551575,31.653111744507086,0.09757329373842401,0.05308753252029419,31.653111744507086,57.46756475491562,lateral,1
145,5.1972,Participant 5-Upright 2_frame00145,train,90deg,lateral_Participant5,Participant5,Endomorph,Normal,,,,,,upright,1.0,0.0,0.0,0.3174605071544647,31.268826212983527,0.09714872303414282,0.055021047592163086,31.268826212983527,55.94575604054988,lateral,1
146,5.233,Participant 5-Upright 2_frame00146,train,90deg,lateral_Participant5,Participant5,Endomorph,Normal,,,,,,upright,1.0,0.0,0.0,0.2623594105243683,29.94243470687396,0.10032221807466116,0.04462248086929321,29.94243470687396,57.1351805651795,lateral,1
147,5.2689,Participant 5-Upright 2_frame00147,train,90deg,lateral_Participant5,Participant5,Endomorph,Normal,,,,,,upright,1.0,0.0,0.0,0.23508542776107788,31.554495274700066,0.09373499937193376,0.0455474853515625,31.554495274700066,55.034905024405695,lateral,1
148,5.3047,Participant 5-Upright 2_frame00148,train,90deg,lateral_Participant5,Participant5,Endomorph,Normal,,,,,,upright,1.0,0.0,0.0,0.2598589062690735,30.79372008315126,0.1035301886206427,0.04890960454940796,30.79372008315126,56.66049374497404,lateral,1
149,5.3405,Participant 5-Upright 2_frame00149,train,90deg,lateral_Participant5,Participant5,Endomorph,Normal,,,,,,upright,1.0,0.0,0.0,0.2926262617111206,33.3537172707983,0.11054935941172891,0.06033259630203247,33.3537172707983,57.692447840292004,lateral,1
150,5.3764,Participant 5-Upright 2_frame00150,train,90deg,lateral_Participant5,Participant5,Endomorph,Normal,,,,,,upright,1.0,0.0,0.0,0.3539249002933502,31.840605000531692,0.08724158584163824,0.05330461263656616,31.840605000531692,55.023265112821825,lateral,1
151,5.4122,Participant 5-Upright 2_frame00151,train,90deg,lateral_Participant5,Participant5,Endomorph,Normal,,,,,,upright,1.0,0.0,0.0,0.22424718737602234,31.35420798370555,0.10638395526628208,0.05126845836639404,31.35420798370555,55.90533598027526,lateral,1
152,5.4481,Participant 5-Upright 2_frame00152,train,90deg,lateral_Participant5,Participant5,Endomorph,Normal,,,,,,upright,1.0,0.0,0.0,0.34740009903907776,32.86587067514014,0.1017329073960616,0.05801188945770264,32.86587067514014,56.278216099294326,lateral,1
153,5.4839,Participant 5-Upright 2_frame00153,train,90deg,lateral_Participant5,Participant5,Endomorph,Normal,,,,,,upright,1.0,0.0,0.0,0.37245309352874756,32.08585186712006,0.07911072981122096,0.051085829734802246,32.08585186712006,57.417005420377926,lateral,1
154,5.5198,Participant 5-Upright 2_frame00154,train,90deg,lateral_Participant5,Participant5,Endomorph,Normal,,,,,,upright,1.0,0.0,0.0,0.32487016916275024,29.765266932901078,0.08882066914561011,0.04818856716156006,29.765266932901078,56.66056655515127,lateral,1
155,5.5556,Participant 5-Upright 2_frame00155,train,90deg,lateral_Participant5,Participant5,Endomorph,Normal,,,,,,upright,1.0,0.0,0.0,0.28252899646759033,33.64132807139091,0.09048010780034357,0.05830031633377075,33.64132807139091,54.3099565455305,lateral,1
156,5.5914,Participant 5-Upright 2_frame00156,train,90deg,lateral_Participant5,Participant5,Endomorph,Normal,,,,,,upright,1.0,0.0,0.0,0.30283811688423157,29.955737120529054,0.09049795879420071,0.04442697763442993,29.955737120529054,56.50510932436813,lateral,1
157,5.6273,Participant 5-Upright 2_frame00157,train,90deg,lateral_Participant5,Participant5,Endomorph,Normal,,,,,,upright,1.0,0.0,0.0,0.3310858905315399,32.28431334040338,0.09688870351858792,0.059673845767974854,32.28431334040338,57.19564191723922,lateral,1
158,5.6631,Participant 5-Upright 2_frame00158,train,90deg,lateral_Participant5,Participant5,Endomorph,Normal,,,,,,upright,1.0,0.0,0.0,0.2868431508541107,32.24268163742557,0.10050683930343697,0.05432450771331787,32.24268163742557,55.112016028316305,lateral,1
159,5.699,Participant 5-Upright 2_frame00159,train,90deg,lateral_Participant5,Participant5,Endomorph,Normal,,,,,,upright,1.0,0.0,0.0,0.25044259428977966,30.757857366025906,0.09859856237211219,0.04424196481704712,30.757857366025906,57.221673000261106,lateral,1
160,5.7348,Participant 5-Upright 2_frame00160,train,90deg,lateral_Participant5,Participant5,Endomorph,Normal,,,,,,upright,1.0,0.0,0.0,0.2621183395385742,32.106707519147506,0.09611142188584258,0.04754304885864258,32.106707519147506,56.2026140627562,lateral,1
161,5.7707,Participant 5-Upright 2_frame00161,train,90deg,lateral_Participant5,Participant5,Endomorph,Normal,,,,,,upright,1.0,0.0,0.0,0.2877369821071625,31.87455802265112,0.08863614752806866,0.04961085319519043,31.87455802265112,57.796772518360406,lateral,1
162,5.8065,Participant 5-Upright 2_frame00162,train,90deg,lateral_Participant5,Participant5,Endomorph,Normal,,,,,,upright,1.0,0.0,0.0,0.3177254796028137,31.980066267350672,0.08806601524858196,0.04697138071060181,31.980066267350672,56.10727542721238,lateral,1
163,5.8423,Participant 5-Upright 2_frame00163,train,90deg,lateral_Participant5,Participant5,Endomorph,Normal,,,,,,upright,1.0,0.0,0.0,0.22259080410003662,32.26532709017069,0.09935888574825091,0.044793128967285156,32.26532709017069,57.66316879798926,lateral,1
0,0.0,Participant 5-Upright_frame00000,train,90deg,lateral_Participant5,Participant5,Endomorph,Normal,,,,,,upright,1.0,0.0,0.0,0.24983268976211548,30.126426321901096,0.07432621016436247,0.037973880767822266,30.126426321901096,61.6095197963465,lateral,1
1,0.0368,Participant 5-Upright_frame00001,train,90deg,lateral_Participant5,Participant5,Endomorph,Normal,,,,,,upright,1.0,0.0,0.0,0.3753022849559784,31.828317463975207,0.08484269049088863,0.04848283529281616,31.828317463975207,60.61143025523212,lateral,1
2,0.0735,Participant 5-Upright_frame00002,train,90deg,lateral_Participant5,Participant5,Endomorph,Normal,,,,,,upright,1.0,0.0,0.0,0.3144921064376831,32.09075801470617,0.0827960333986222,0.046296119689941406,32.09075801470617,61.99592552004562,lateral,1
3,0.1103,Participant 5-Upright_frame00003,train,90deg,lateral_Participant5,Participant5,Endomorph,Normal,,,,,,upright,1.0,0.0,0.0,0.3447655141353607,30.773770488107328,0.08277514493785976,0.03992193937301636,30.773770488107328,62.78104508373895,lateral,1
4,0.1471,Participant 5-Upright_frame00004,train,90deg,lateral_Participant5,Participant5,Endomorph,Normal,,,,,,upright,1.0,0.0,0.0,0.2586095929145813,29.735240754854665,0.07418774754185524,0.026735246181488037,29.735240754854665,62.92355391702779,lateral,1
5,0.1839,Participant 5-Upright_frame00005,train,90deg,lateral_Participant5,Participant5,Endomorph,Normal,,,,,,upright,1.0,0.0,0.0,0.2833397090435028,30.41333863800199,0.0851585747863727,0.04064381122589111,30.41333863800199,61.66695641562255,lateral,1
6,0.2206,Participant 5-Upright_frame00006,train,90deg,lateral_Participant5,Participant5,Endomorph,Normal,,,,,,upright,1.0,0.0,0.0,0.35943812131881714,31.473599566417086,0.07976222838336136,0.045272111892700195,31.473599566417086,61.76274893943872,lateral,1
7,0.2574,Participant 5-Upright_frame00007,train,90deg,lateral_Participant5,Participant5,Endomorph,Normal,,,,,,upright,1.0,0.0,0.0,0.3369455635547638,31.727162073164205,0.08315792349857976,0.04233729839324951,31.727162073164205,62.45564662669909,lateral,1
8,0.2942,Participant 5-Upright_frame00008,train,90deg,lateral_Participant5,Participant5,Endomorph,Normal,,,,,,upright,1.0,0.0,0.0,0.3480359613895416,33.047338214384745,0.08308532691333052,0.046548545360565186,33.047338214384745,61.28391715974935,lateral,1
9,0.331,Participant 5-Upright_frame00009,train,90deg,lateral_Participant5,Participant5,Endomorph,Normal,,,,,,upright,1.0,0.0,0.0,0.3181913197040558,30.418006905305287,0.08753684593794969,0.042758047580718994,30.418006905305287,61.632039314210694,lateral,1
10,0.3677,Participant 5-Upright_frame00010,train,90deg,lateral_Participant5,Participant5,Endomorph,Normal,,,,,,upright,1.0,0.0,0.0,0.2987833023071289,32.72981796223482,0.08683881758858134,0.04856860637664795,32.72981796223482,61.420018009811045,lateral,1
11,0.4045,Participant 5-Upright_frame00011,train,90deg,lateral_Participant5,Participant5,Endomorph,Normal,,,,,,upright,1.0,0.0,0.0,0.3918696641921997,32.00137209574225,0.08088731855747705,0.05087113380432129,32.00137209574225,60.273478966606895,lateral,1
12,0.4413,Participant 5-Upright_frame00012,train,90deg,lateral_Participant5,Participant5,Endomorph,Normal,,,,,,upright,1.0,0.0,0.0,0.3031593859195709,31.934450908358382,0.08725430449358132,0.04406940937042236,31.934450908358382,61.188910435137345,lateral,1
13,0.4781,Participant 5-Upright_frame00013,train,90deg,lateral_Participant5,Participant5,Endomorph,Normal,,,,,,upright,1.0,0.0,0.0,0.3355224132537842,31.771664262442684,0.0834710621438034,0.04142355918884277,31.771664262442684,61.88628264786352,lateral,1
14,0.5148,Participant 5-Upright_frame00014,train,90deg,lateral_Participant5,Participant5,Endomorph,Normal,,,,,,upright,1.0,0.0,0.0,0.22840332984924316,32.48754545003129,0.07695721107994095,0.0405656099319458,32.48754545003129,60.46718259099027,lateral,1
15,0.5516,Participant 5-Upright_frame00015,train,90deg,lateral_Participant5,Participant5,Endomorph,Normal,,,,,,upright,1.0,0.0,0.0,0.35099008679389954,32.79499653093987,0.08987769173921785,0.057608723640441895,32.79499653093987,61.133289183166774,lateral,1
16,0.5884,Participant 5-Upright_frame00016,train,90deg,lateral_Participant5,Participant5,Endomorph,Normal,,,,,,upright,1.0,0.0,0.0,0.34189021587371826,32.7897823809409,0.09812788848506887,0.052740275859832764,32.7897823809409,61.659780791868016,lateral,1
17,0.6251,Participant 5-Upright_frame00017,train,90deg,lateral_Participant5,Participant5,Endomorph,Normal,,,,,,upright,1.0,0.0,0.0,0.32972535490989685,31.465661645651604,0.08315680380481821,0.04585176706314087,31.465661645651604,62.360528663693614,lateral,1
18,0.6619,Participant 5-Upright_frame00018,train,90deg,lateral_Participant5,Participant5,Endomorph,Normal,,,,,,upright,1.0,0.0,0.0,0.3758021593093872,31.58668568659394,0.08044605693866347,0.048190534114837646,31.58668568659394,62.600484404391565,lateral,1
19,0.6987,Participant 5-Upright_frame00019,train,90deg,lateral_Participant5,Participant5,Endomorph,Normal,,,,,,upright,1.0,0.0,0.0,0.3476848900318146,32.672662765929886,0.08571110911067778,0.04776334762573242,32.672662765929886,61.41776807182667,lateral,1
20,0.7355,Participant 5-Upright_frame00020,train,90deg,lateral_Participant5,Participant5,Endomorph,Normal,,,,,,upright,1.0,0.0,0.0,0.22147881984710693,32.01223878866297,0.08546595297234891,0.03981906175613403,32.01223878866297,61.44514833279533,lateral,1
21,0.7722,Participant 5-Upright_frame00021,train,90deg,lateral_Participant5,Participant5,Endomorph,Normal,,,,,,upright,1.0,0.0,0.0,0.2858375310897827,31.46078031989365,0.07978207925049002,0.03773307800292969,31.46078031989365,63.30223508250878,lateral,1
22,0.809,Participant 5-Upright_frame00022,train,90deg,lateral_Participant5,Participant5,Endomorph,Normal,,,,,,upright,1.0,0.0,0.0,0.32783961296081543,30.58472053338402,0.0779717166717827,0.03475409746170044,30.58472053338402,63.4701880332037,lateral,1
23,0.8458,Participant 5-Upright_frame00023,train,90deg,lateral_Participant5,Participant5,Endomorph,Normal,,,,,,upright,1.0,0.0,0.0,0.2515840530395508,32.58573150579157,0.07497973902941296,0.04345250129699707,32.58573150579157,60.818425051408425,lateral,1
24,0.8826,Participant 5-Upright_frame00024,train,90deg,lateral_Participant5,Participant5,Endomorph,Normal,,,,,,upright,1.0,0.0,0.0,0.38688838481903076,30.517407994092938,0.08207056431586617,0.04356294870376587,30.517407994092938,60.30652582341281,lateral,1
25,0.9193,Participant 5-Upright_frame00025,train,90deg,lateral_Participant5,Participant5,Endomorph,Normal,,,,,,upright,1.0,0.0,0.0,0.39356255531311035,30.691630763754013,0.05558646067458796,0.03598511219024658,30.691630763754013,60.97680191228474,lateral,1
26,0.9561,Participant 5-Upright_frame00026,train,90deg,lateral_Participant5,Participant5,Endomorph,Normal,,,,,,upright,1.0,0.0,0.0,0.3417509198188782,30.67696964970424,0.0707414775513219,0.039810895919799805,30.67696964970424,61.058157391311155,lateral,1
27,0.9929,Participant 5-Upright_frame00027,train,90deg,lateral_Participant5,Participant5,Endomorph,Normal,,,,,,upright,1.0,0.0,0.0,0.3632035553455353,31.157751407592627,0.08045036060027279,0.03974270820617676,31.157751407592627,61.4126728572769,lateral,1
28,1.0296,Participant 5-Upright_frame00028,train,90deg,lateral_Participant5,Participant5,Endomorph,Normal,,,,,,upright,1.0,0.0,0.0,0.38025614619255066,31.110708320545086,0.07914674809729198,0.043991684913635254,31.110708320545086,60.98218040353204,lateral,1
29,1.0664,Participant 5-Upright_frame00029,train,90deg,lateral_Participant5,Participant5,Endomorph,Normal,,,,,,upright,1.0,0.0,0.0,0.25214165449142456,30.098180071100824,0.0691103219600879,0.03385227918624878,30.098180071100824,60.68495480512929,lateral,1
30,1.1032,Participant 5-Upright_frame00030,train,90deg,lateral_Participant5,Participant5,Endomorph,Normal,,,,,,upright,1.0,0.0,0.0,0.3338448107242584,30.787233002615846,0.08109500772183222,0.03872036933898926,30.787233002615846,61.13801059361003,lateral,1
31,1.14,Participant 5-Upright_frame00031,train,90deg,lateral_Participant5,Participant5,Endomorph,Normal,,,,,,upright,1.0,0.0,0.0,0.3021338880062103,31.028953705134736,0.08793015494269223,0.04232800006866455,31.028953705134736,62.19382937509724,lateral,1
32,1.1767,Participant 5-Upright_frame00032,train,90deg,lateral_Participant5,Participant5,Endomorph,Normal,,,,,,upright,1.0,0.0,0.0,0.32253485918045044,31.554650320578347,0.07940544807270801,0.04187977313995361,31.554650320578347,60.79518260975635,lateral,1
33,1.2135,Participant 5-Upright_frame00033,train,90deg,lateral_Participant5,Participant5,Endomorph,Normal,,,,,,upright,1.0,0.0,0.0,0.23849356174468994,29.40587305576914,0.0815024457276118,0.030185461044311523,29.40587305576914,61.37121012719739,lateral,1
34,1.2503,Participant 5-Upright_frame00034,train,90deg,lateral_Participant5,Participant5,Endomorph,Normal,,,,,,upright,1.0,0.0,0.0,0.21180206537246704,32.8676612301885,0.09679900729966781,0.04330277442932129,32.8676612301885,59.74923329003897,lateral,1
35,1.2871,Participant 5-Upright_frame00035,train,90deg,lateral_Participant5,Participant5,Endomorph,Normal,,,,,,upright,1.0,0.0,0.0,0.16435390710830688,28.891752538006017,0.08760435978092587,0.027126550674438477,28.891752538006017,62.94894797712511,lateral,1
36,1.3238,Participant 5-Upright_frame00036,train,90deg,lateral_Participant5,Participant5,Endomorph,Normal,,,,,,upright,1.0,0.0,0.0,0.33614712953567505,32.80236027850434,0.0898830719454619,0.04834789037704468,32.80236027850434,60.80266473223559,lateral,1
37,1.3606,Participant 5-Upright_frame00037,train,90deg,lateral_Participant5,Participant5,Endomorph,Normal,,,,,,upright,1.0,0.0,0.0,0.4038693606853485,32.62781714482977,0.08287170874428662,0.05297529697418213,32.62781714482977,59.353839642541075,lateral,1
38,1.3974,Participant 5-Upright_frame00038,train,90deg,lateral_Participant5,Participant5,Endomorph,Normal,,,,,,upright,1.0,0.0,0.0,0.2124556303024292,28.444110658871516,0.06501417170992622,0.02223825454711914,28.444110658871516,62.32614235258694,lateral,1
39,1.4342,Participant 5-Upright_frame00039,train,90deg,lateral_Participant5,Participant5,Endomorph,Normal,,,,,,upright,1.0,0.0,0.0,0.34360551834106445,30.994073528651754,0.08533220298393987,0.04051244258880615,30.994073528651754,62.04351200820193,lateral,1
40,1.4709,Participant 5-Upright_frame00040,train,90deg,lateral_Participant5,Participant5,Endomorph,Normal,,,,,,upright,1.0,0.0,0.0,0.25732409954071045,31.639555743409417,0.07110900460345693,0.03072798252105713,31.639555743409417,62.35945106669653,lateral,1
41,1.5077,Participant 5-Upright_frame00041,train,90deg,lateral_Participant5,Participant5,Endomorph,Normal,,,,,,upright,1.0,0.0,0.0,0.25737953186035156,31.363240092034435,0.08470415736887742,0.03849589824676514,31.363240092034435,61.63714643060413,lateral,1
42,1.5445,Participant 5-Upright_frame00042,train,90deg,lateral_Participant5,Participant5,Endomorph,Normal,,,,,,upright,1.0,0.0,0.0,0.26508456468582153,31.31001851443007,0.07256450504100323,0.03407055139541626,31.31001851443007,61.54433886653176,lateral,1
43,1.5812,Participant 5-Upright_frame00043,train,90deg,lateral_Participant5,Participant5,Endomorph,Normal,,,,,,upright,1.0,0.0,0.0,0.350820392370224,31.381361617371343,0.08310654582234216,0.03952944278717041,31.381361617371343,60.87412912570709,lateral,1
44,1.618,Participant 5-Upright_frame00044,train,90deg,lateral_Participant5,Participant5,Endomorph,Normal,,,,,,upright,1.0,0.0,0.0,0.3879048228263855,32.760399724933684,0.08347336365071432,0.055323004722595215,32.760399724933684,60.49969074742932,lateral,1
45,1.6548,Participant 5-Upright_frame00045,train,90deg,lateral_Participant5,Participant5,Endomorph,Normal,,,,,,upright,1.0,0.0,0.0,0.36549341678619385,32.45587522047471,0.08418265214699068,0.04951733350753784,32.45587522047471,60.44914967642867,lateral,1
46,1.6916,Participant 5-Upright_frame00046,train,90deg,lateral_Participant5,Participant5,Endomorph,Normal,,,,,,upright,1.0,0.0,0.0,0.3399055302143097,31.562175838299144,0.07228318240341833,0.036905109882354736,31.562175838299144,61.580319337639075,lateral,1
47,1.7283,Participant 5-Upright_frame00047,train,90deg,lateral_Participant5,Participant5,Endomorph,Normal,,,,,,upright,1.0,0.0,0.0,0.3837513327598572,31.442850292435885,0.08345062048781082,0.04876208305358887,31.442850292435885,60.851672511066006,lateral,1
48,1.7651,Participant 5-Upright_frame00048,train,90deg,lateral_Participant5,Participant5,Endomorph,Normal,,,,,,upright,1.0,0.0,0.0,0.40938353538513184,31.45615811439219,0.08396003611599986,0.052114129066467285,31.45615811439219,59.18525239752107,lateral,1
49,1.8019,Participant 5-Upright_frame00049,train,90deg,lateral_Participant5,Participant5,Endomorph,Normal,,,,,,upright,1.0,0.0,0.0,0.2934189438819885,31.928765376845263,0.08081974245930615,0.03966546058654785,31.928765376845263,60.843573014900514,lateral,1
50,1.8387,Participant 5-Upright_frame00050,train,90deg,lateral_Participant5,Participant5,Endomorph,Normal,,,,,,upright,1.0,0.0,0.0,0.3489528298377991,32.74716042822324,0.08749539853767756,0.05035156011581421,32.74716042822324,61.168005422067495,lateral,1
51,1.8754,Participant 5-Upright_frame00051,train,90deg,lateral_Participant5,Participant5,Endomorph,Normal,,,,,,upright,1.0,0.0,0.0,0.23798620700836182,32.09747222850607,0.07765462693511256,0.0361403226852417,32.09747222850607,60.80127709274902,lateral,1
52,1.9122,Participant 5-Upright_frame00052,train,90deg,lateral_Participant5,Participant5,Endomorph,Normal,,,,,,upright,1.0,0.0,0.0,0.22782963514328003,31.72961577824104,0.10002231603157678,0.04469805955886841,31.72961577824104,60.80124245199784,lateral,1
53,1.949,Participant 5-Upright_frame00053,train,90deg,lateral_Participant5,Participant5,Endomorph,Normal,,,,,,upright,1.0,0.0,0.0,0.2673531770706177,31.7433663052466,0.09979298772444099,0.04409444332122803,31.7433663052466,60.99205983597409,lateral,1
54,1.9857,Participant 5-Upright_frame00054,train,90deg,lateral_Participant5,Participant5,Endomorph,Normal,,,,,,upright,1.0,0.0,0.0,0.33655697107315063,32.83270442574672,0.08754341018890269,0.04870188236236572,32.83270442574672,60.41255368788782,lateral,1
55,2.0225,Participant 5-Upright_frame00055,train,90deg,lateral_Participant5,Participant5,Endomorph,Normal,,,,,,upright,1.0,0.0,0.0,0.3883700668811798,34.44237921195792,0.08547194746347561,0.0584753155708313,34.44237921195792,59.11990184168964,lateral,1
56,2.0593,Participant 5-Upright_frame00056,train,90deg,lateral_Participant5,Participant5,Endomorph,Normal,,,,,,upright,1.0,0.0,0.0,0.33839595317840576,33.45139491990915,0.09126486136597886,0.04870784282684326,33.45139491990915,61.96339840884261,lateral,1
57,2.0961,Participant 5-Upright_frame00057,train,90deg,lateral_Participant5,Participant5,Endomorph,Normal,,,,,,upright,1.0,0.0,0.0,0.3634822964668274,30.255563014554625,0.08024403559303177,0.04186755418777466,30.255563014554625,61.672607128275814,lateral,1
58,2.1328,Participant 5-Upright_frame00058,train,90deg,lateral_Participant5,Participant5,Endomorph,Normal,,,,,,upright,1.0,0.0,0.0,0.37636643648147583,32.98171291634083,0.08735073866123705,0.048857927322387695,32.98171291634083,61.322854293939336,lateral,1
59,2.1696,Participant 5-Upright_frame00059,train,90deg,lateral_Participant5,Participant5,Endomorph,Normal,,,,,,upright,1.0,0.0,0.0,0.3497619926929474,32.3443199438804,0.10209847982949108,0.05490708351135254,32.3443199438804,62.03942348921878,lateral,1
60,2.2064,Participant 5-Upright_frame00060,train,90deg,lateral_Participant5,Participant5,Endomorph,Normal,,,,,,upright,1.0,0.0,0.0,0.38515350222587585,31.89206539777523,0.08986484377665434,0.04861724376678467,31.89206539777523,61.174031072687924,lateral,1
61,2.2432,Participant 5-Upright_frame00061,train,90deg,lateral_Participant5,Participant5,Endomorph,Normal,,,,,,upright,1.0,0.0,0.0,0.32611656188964844,31.19586442447062,0.08564152240166716,0.0381510853767395,31.19586442447062,61.997870239935814,lateral,1
62,2.2799,Participant 5-Upright_frame00062,train,90deg,lateral_Participant5,Participant5,Endomorph,Normal,,,,,,upright,1.0,0.0,0.0,0.3789592981338501,30.73370123332607,0.06428393860770594,0.03468453884124756,30.73370123332607,60.47765463371018,lateral,1
63,2.3167,Participant 5-Upright_frame00063,train,90deg,lateral_Participant5,Participant5,Endomorph,Normal,,,,,,upright,1.0,0.0,0.0,0.25536686182022095,31.380145866867508,0.0897124268256798,0.0436549186706543,31.380145866867508,61.24522241928941,lateral,1
64,2.3535,Participant 5-Upright_frame00064,train,90deg,lateral_Participant5,Participant5,Endomorph,Normal,,,,,,upright,1.0,0.0,0.0,0.2987058460712433,30.34538993055882,0.07850797732910597,0.03515779972076416,30.34538993055882,61.06049977184297,lateral,1
65,2.3903,Participant 5-Upright_frame00065,train,90deg,lateral_Participant5,Participant5,Endomorph,Normal,,,,,,upright,1.0,0.0,0.0,0.30727049708366394,31.119832610263373,0.1030473776714189,0.0437237024307251,31.119832610263373,61.18582922728433,lateral,1
66,2.427,Participant 5-Upright_frame00066,train,90deg,lateral_Participant5,Participant5,Endomorph,Normal,,,,,,upright,1.0,0.0,0.0,0.3590623736381531,32.17714959692458,0.08350955681389007,0.04820042848587036,32.17714959692458,60.929901499521,lateral,1
67,2.4638,Participant 5-Upright_frame00067,train,90deg,lateral_Participant5,Participant5,Endomorph,Normal,,,,,,upright,1.0,0.0,0.0,0.18443715572357178,31.214363300597448,0.0894976415805016,0.03799670934677124,31.214363300597448,62.0355816773188,lateral,1
68,2.5006,Participant 5-Upright_frame00068,train,90deg,lateral_Participant5,Participant5,Endomorph,Normal,,,,,,upright,1.0,0.0,0.0,0.3456539511680603,30.656599688183526,0.08120422632337972,0.0420495867729187,30.656599688183526,61.194812119183986,lateral,1
69,2.5373,Participant 5-Upright_frame00069,train,90deg,lateral_Participant5,Participant5,Endomorph,Normal,,,,,,upright,1.0,0.0,0.0,0.33215200901031494,29.27187447673792,0.08578464240281201,0.03580409288406372,29.27187447673792,62.32796020545437,lateral,1
70,2.5741,Participant 5-Upright_frame00070,train,90deg,lateral_Participant5,Participant5,Endomorph,Normal,,,,,,upright,1.0,0.0,0.0,0.3690970838069916,31.12278325995754,0.08446470420382586,0.042829930782318115,31.12278325995754,60.56069068449041,lateral,1
71,2.6109,Participant 5-Upright_frame00071,train,90deg,lateral_Participant5,Participant5,Endomorph,Normal,,,,,,upright,1.0,0.0,0.0,0.3625727593898773,32.63881760047958,0.10751225018736334,0.052719950675964355,32.63881760047958,62.50157562708954,lateral,1
72,2.6477,Participant 5-Upright_frame00072,train,90deg,lateral_Participant5,Participant5,Endomorph,Normal,,,,,,upright,1.0,0.0,0.0,0.3568010628223419,31.07934913340403,0.07945766129484082,0.045793771743774414,31.07934913340403,60.53852641920918,lateral,1
73,2.6844,Participant 5-Upright_frame00073,train,90deg,lateral_Participant5,Participant5,Endomorph,Normal,,,,,,upright,1.0,0.0,0.0,0.35324177145957947,31.708384950593004,0.07916453327009718,0.03693413734436035,31.708384950593004,62.51491173601022,lateral,1
74,2.7212,Participant 5-Upright_frame00074,train,90deg,lateral_Participant5,Participant5,Endomorph,Normal,,,,,,upright,1.0,0.0,0.0,0.3826402723789215,31.4002878648182,0.09069703769895579,0.05100280046463013,31.4002878648182,61.03900354189659,lateral,1
75,2.758,Participant 5-Upright_frame00075,train,90deg,lateral_Participant5,Participant5,Endomorph,Normal,,,,,,upright,1.0,0.0,0.0,0.3900897204875946,30.868278854544027,0.07720706917328488,0.04234272241592407,30.868278854544027,61.21814382698986,lateral,1
76,2.7948,Participant 5-Upright_frame00076,train,90deg,lateral_Participant5,Participant5,Endomorph,Normal,,,,,,upright,1.0,0.0,0.0,0.38599342107772827,31.24557572174261,0.08655920942768605,0.04609960317611694,31.24557572174261,62.462642771507134,lateral,1
77,2.8315,Participant 5-Upright_frame00077,train,90deg,lateral_Participant5,Participant5,Endomorph,Normal,,,,,,upright,1.0,0.0,0.0,0.3538466989994049,30.610460499447065,0.07936556192820454,0.0362587571144104,30.610460499447065,62.069943485639186,lateral,1
78,2.8683,Participant 5-Upright_frame00078,train,90deg,lateral_Participant5,Participant5,Endomorph,Normal,,,,,,upright,1.0,0.0,0.0,0.41144198179244995,30.73548633646481,0.08890485453164387,0.05224776268005371,30.73548633646481,61.081555482754126,lateral,1
79,2.9051,Participant 5-Upright_frame00079,train,90deg,lateral_Participant5,Participant5,Endomorph,Normal,,,,,,upright,1.0,0.0,0.0,0.22184574604034424,30.397484372174105,0.09435430139154055,0.04019796848297119,30.397484372174105,62.749768149508526,lateral,1
80,2.9418,Participant 5-Upright_frame00080,train,90deg,lateral_Participant5,Participant5,Endomorph,Normal,,,,,,upright,1.0,0.0,0.0,0.32245567440986633,31.4424663659164,0.09147659136462498,0.0444791316986084,31.4424663659164,63.373602726671,lateral,1
81,2.9786,Participant 5-Upright_frame00081,train,90deg,lateral_Participant5,Participant5,Endomorph,Normal,,,,,,upright,1.0,0.0,0.0,0.3611997663974762,29.255606501730668,0.07421686750305885,0.03400784730911255,29.255606501730668,62.266977925473526,lateral,1
82,3.0154,Participant 5-Upright_frame00082,train,90deg,lateral_Participant5,Participant5,Endomorph,Normal,,,,,,upright,1.0,0.0,0.0,0.3095048666000366,29.47656032844471,0.07714543574503561,0.03139936923980713,29.47656032844471,63.035511069964436,lateral,1
83,3.0522,Participant 5-Upright_frame00083,train,90deg,lateral_Participant5,Participant5,Endomorph,Normal,,,,,,upright,1.0,0.0,0.0,0.2722393274307251,30.74670267438402,0.08363677371218317,0.035725414752960205,30.74670267438402,63.41543009280447,lateral,1
84,3.0889,Participant 5-Upright_frame00084,train,90deg,lateral_Participant5,Participant5,Endomorph,Normal,,,,,,upright,1.0,0.0,0.0,0.23569494485855103,31.72992058212329,0.08091851377347316,0.04253631830215454,31.72992058212329,60.52621877057775,lateral,1
85,3.1257,Participant 5-Upright_frame00085,train,90deg,lateral_Participant5,Participant5,Endomorph,Normal,,,,,,upright,1.0,0.0,0.0,0.20603233575820923,32.0460261921886,0.0930214160502345,0.03665405511856079,32.0460261921886,61.83932324226423,lateral,1
86,3.1625,Participant 5-Upright_frame00086,train,90deg,lateral_Participant5,Participant5,Endomorph,Normal,,,,,,upright,1.0,0.0,0.0,0.3221823275089264,30.49551873898132,0.0770423882360455,0.04007619619369507,30.49551873898132,61.42421979439599,lateral,1
87,3.1993,Participant 5-Upright_frame00087,train,90deg,lateral_Participant5,Participant5,Endomorph,Normal,,,,,,upright,1.0,0.0,0.0,0.3978853225708008,33.048628005471485,0.08138505613732618,0.05261200666427612,33.048628005471485,60.42979221437536,lateral,1
88,3.236,Participant 5-Upright_frame00088,train,90deg,lateral_Participant5,Participant5,Endomorph,Normal,,,,,,upright,1.0,0.0,0.0,0.33340197801589966,30.425496284366076,0.08153999261227075,0.039729177951812744,30.425496284366076,60.72351873730015,lateral,1
89,3.2728,Participant 5-Upright_frame00089,train,90deg,lateral_Participant5,Participant5,Endomorph,Normal,,,,,,upright,1.0,0.0,0.0,0.24591410160064697,32.52668776705623,0.08709824599784251,0.039998650550842285,32.52668776705623,58.60016636632243,lateral,1
90,3.3096,Participant 5-Upright_frame00090,train,90deg,lateral_Participant5,Participant5,Endomorph,Normal,,,,,,upright,1.0,0.0,0.0,0.33881521224975586,31.687907049492,0.07771366662485339,0.03768950700759888,31.687907049492,62.41158385500737,lateral,1
91,3.3464,Participant 5-Upright_frame00091,train,90deg,lateral_Participant5,Participant5,Endomorph,Normal,,,,,,upright,1.0,0.0,0.0,0.34528622031211853,31.739482649143866,0.08270222157089752,0.04360854625701904,31.739482649143866,61.91756776581654,lateral,1
92,3.3831,Participant 5-Upright_frame00092,train,90deg,lateral_Participant5,Participant5,Endomorph,Normal,,,,,,upright,1.0,0.0,0.0,0.36231541633605957,31.71842055046578,0.08751389172969583,0.04429692029953003,31.71842055046578,62.641332842492766,lateral,1
93,3.4199,Participant 5-Upright_frame00093,train,90deg,lateral_Participant5,Participant5,Endomorph,Normal,,,,,,upright,1.0,0.0,0.0,0.31075701117515564,30.638645469704926,0.08472656837498951,0.036101579666137695,30.638645469704926,63.14367125926765,lateral,1
94,3.4567,Participant 5-Upright_frame00094,train,90deg,lateral_Participant5,Participant5,Endomorph,Normal,,,,,,upright,1.0,0.0,0.0,0.3380869925022125,31.024027483571693,0.09074734672586068,0.03845393657684326,31.024027483571693,61.59536342230496,lateral,1
95,3.4934,Participant 5-Upright_frame00095,train,90deg,lateral_Participant5,Participant5,Endomorph,Normal,,,,,,upright,1.0,0.0,0.0,0.2502160668373108,29.86750766804793,0.08961520488865296,0.029718101024627686,29.86750766804793,63.10584247082288,lateral,1
96,3.5302,Participant 5-Upright_frame00096,train,90deg,lateral_Participant5,Participant5,Endomorph,Normal,,,,,,upright,1.0,0.0,0.0,0.3490302562713623,32.72264572130207,0.08482398202248564,0.05075901746749878,32.72264572130207,61.052153399613054,lateral,1
97,3.567,Participant 5-Upright_frame00097,train,90deg,lateral_Participant5,Participant5,Endomorph,Normal,,,,,,upright,1.0,0.0,0.0,0.2968498170375824,31.752050943211422,0.08238489065596502,0.04022747278213501,31.752050943211422,61.68305623491375,lateral,1
98,3.6038,Participant 5-Upright_frame00098,train,90deg,lateral_Participant5,Participant5,Endomorph,Normal,,,,,,upright,1.0,0.0,0.0,0.1930904984474182,30.04248385006434,0.08777099834761984,0.025551795959472656,30.04248385006434,63.818592485848995,lateral,1
99,3.6405,Participant 5-Upright_frame00099,train,90deg,lateral_Participant5,Participant5,Endomorph,Normal,,,,,,upright,1.0,0.0,0.0,0.3266330063343048,30.61984535716286,0.08476469498651319,0.042313456535339355,30.61984535716286,61.09650467658607,lateral,1
100,3.6773,Participant 5-Upright_frame00100,train,90deg,lateral_Participant5,Participant5,Endomorph,Normal,,,,,,upright,1.0,0.0,0.0,0.28435003757476807,30.75532551318648,0.08878683598217207,0.036570727825164795,30.75532551318648,61.35088736591663,lateral,1
101,3.7141,Participant 5-Upright_frame00101,train,90deg,lateral_Participant5,Participant5,Endomorph,Normal,,,,,,upright,1.0,0.0,0.0,0.23663926124572754,30.225011179823703,0.09221543607436658,0.02805352210998535,30.225011179823703,62.690738928191614,lateral,1
102,3.7509,Participant 5-Upright_frame00102,train,90deg,lateral_Participant5,Participant5,Endomorph,Normal,,,,,,upright,1.0,0.0,0.0,0.37271684408187866,30.774604151644095,0.08849295765276603,0.04810655117034912,30.774604151644095,61.34335827514805,lateral,1
103,3.7876,Participant 5-Upright_frame00103,train,90deg,lateral_Participant5,Participant5,Endomorph,Normal,,,,,,upright,1.0,0.0,0.0,0.334819495677948,31.915113299337992,0.08116032509530129,0.0413743257522583,31.915113299337992,61.93888452009683,lateral,1
104,3.8244,Participant 5-Upright_frame00104,train,90deg,lateral_Participant5,Participant5,Endomorph,Normal,,,,,,upright,1.0,0.0,0.0,0.3458872139453888,30.88145903758553,0.07707485049997563,0.0364607572555542,30.88145903758553,62.89557471293142,lateral,1
105,3.8612,Participant 5-Upright_frame00105,train,90deg,lateral_Participant5,Participant5,Endomorph,Normal,,,,,,upright,1.0,0.0,0.0,0.34675610065460205,31.59174553156149,0.0847289876843067,0.04282110929489136,31.59174553156149,62.64324748847069,lateral,1
106,3.8979,Participant 5-Upright_frame00106,train,90deg,lateral_Participant5,Participant5,Endomorph,Normal,,,,,,upright,1.0,0.0,0.0,0.3460698425769806,32.095476436495886,0.08289020052738152,0.04721921682357788,32.095476436495886,60.83239870489476,lateral,1
107,3.9347,Participant 5-Upright_frame00107,train,90deg,lateral_Participant5,Participant5,Endomorph,Normal,,,,,,upright,1.0,0.0,0.0,0.3523009419441223,32.51539759645605,0.08214138998394059,0.04566985368728638,32.51539759645605,61.236216034342526,lateral,1
108,3.9715,Participant 5-Upright_frame00108,train,90deg,lateral_Participant5,Participant5,Endomorph,Normal,,,,,,upright,1.0,0.0,0.0,0.364322692155838,30.37469711271031,0.07583500903394375,0.04071497917175293,30.37469711271031,59.6279376958158,lateral,1
109,4.0083,Participant 5-Upright_frame00109,train,90deg,lateral_Participant5,Participant5,Endomorph,Normal,,,,,,upright,1.0,0.0,0.0,0.29765939712524414,33.45637459761461,0.0941026298563798,0.05101233720779419,33.45637459761461,61.331484993224215,lateral,1
110,4.045,Participant 5-Upright_frame00110,train,90deg,lateral_Participant5,Participant5,Endomorph,Normal,,,,,,upright,1.0,0.0,0.0,0.33441323041915894,30.607921921015663,0.08274497237882925,0.04188936948776245,30.607921921015663,59.97192474901135,lateral,1
111,4.0818,Participant 5-Upright_frame00111,train,90deg,lateral_Participant5,Participant5,Endomorph,Normal,,,,,,upright,1.0,0.0,0.0,0.3394612967967987,31.69877024766593,0.0860226042055217,0.04306524991989136,31.69877024766593,61.489933871061275,lateral,1
112,4.1186,Participant 5-Upright_frame00112,train,90deg,lateral_Participant5,Participant5,Endomorph,Normal,,,,,,upright,1.0,0.0,0.0,0.28086718916893005,30.344925809959097,0.08191631548504962,0.03604435920715332,30.344925809959097,61.31035042330126,lateral,1
113,4.1554,Participant 5-Upright_frame00113,train,90deg,lateral_Participant5,Participant5,Endomorph,Normal,,,,,,upright,1.0,0.0,0.0,0.3097139000892639,33.03798548416697,0.09145362753334312,0.053146421909332275,33.03798548416697,60.76285622624435,lateral,1
114,4.1921,Participant 5-Upright_frame00114,train,90deg,lateral_Participant5,Participant5,Endomorph,Normal,,,,,,upright,1.0,0.0,0.0,0.35691264271736145,32.79364233466149,0.08726310689497829,0.055878639221191406,32.79364233466149,60.520855126014695,lateral,1
115,4.2289,Participant 5-Upright_frame00115,train,90deg,lateral_Participant5,Participant5,Endomorph,Normal,,,,,,upright,1.0,0.0,0.0,0.31981930136680603,33.0828164268776,0.1028224437478239,0.06147044897079468,33.0828164268776,60.7570341551813,lateral,1
116,4.2657,Participant 5-Upright_frame00116,train,90deg,lateral_Participant5,Participant5,Endomorph,Normal,,,,,,upright,1.0,0.0,0.0,0.2827135920524597,33.49694105622691,0.09251549173910882,0.050675392150878906,33.49694105622691,62.13735675653273,lateral,1
117,4.3025,Participant 5-Upright_frame00117,train,90deg,lateral_Participant5,Participant5,Endomorph,Normal,,,,,,upright,1.0,0.0,0.0,0.2420375943183899,31.97787084251605,0.08960387909161889,0.042633891105651855,31.97787084251605,60.91852726937136,lateral,1
118,4.3392,Participant 5-Upright_frame00118,train,90deg,lateral_Participant5,Participant5,Endomorph,Normal,,,,,,upright,1.0,0.0,0.0,0.29400891065597534,30.13311628863574,0.07074982039058116,0.027812480926513672,30.13311628863574,62.493611859802996,lateral,1
119,4.376,Participant 5-Upright_frame00119,train,90deg,lateral_Participant5,Participant5,Endomorph,Normal,,,,,,upright,1.0,0.0,0.0,0.34838947653770447,33.02941599126876,0.08698924484276777,0.04787105321884155,33.02941599126876,61.85436616825311,lateral,1
120,4.4128,Participant 5-Upright_frame00120,train,90deg,lateral_Participant5,Participant5,Endomorph,Normal,,,,,,upright,1.0,0.0,0.0,0.3014086186885834,32.018697052603784,0.08325463546203349,0.038187503814697266,32.018697052603784,61.99970108064081,lateral,1
121,4.4495,Participant 5-Upright_frame00121,train,90deg,lateral_Participant5,Participant5,Endomorph,Normal,,,,,,upright,1.0,0.0,0.0,0.2800823748111725,34.12255967133737,0.086062133275568,0.048558592796325684,34.12255967133737,61.605720964138314,lateral,1
122,4.4863,Participant 5-Upright_frame00122,train,90deg,lateral_Participant5,Participant5,Endomorph,Normal,,,,,,upright,1.0,0.0,0.0,0.32137158513069153,31.17715329563179,0.07560413644009485,0.036617159843444824,31.17715329563179,61.00619916945502,lateral,1
123,4.5231,Participant 5-Upright_frame00123,train,90deg,lateral_Participant5,Participant5,Endomorph,Normal,,,,,,upright,1.0,0.0,0.0,0.37354207038879395,32.67818226108819,0.09128917350822675,0.05728888511657715,32.67818226108819,60.659671706593215,lateral,1
124,4.5599,Participant 5-Upright_frame00124,train,90deg,lateral_Participant5,Participant5,Endomorph,Normal,,,,,,upright,1.0,0.0,0.0,0.3355346918106079,32.9533050468366,0.08820693585111748,0.05155867338180542,32.9533050468366,61.26496623384038,lateral,1
125,4.5966,Participant 5-Upright_frame00125,train,90deg,lateral_Participant5,Participant5,Endomorph,Normal,,,,,,upright,1.0,0.0,0.0,0.37082406878471375,31.4588888106499,0.08817431737467707,0.04515731334686279,31.4588888106499,61.778817132159304,lateral,1
126,4.6334,Participant 5-Upright_frame00126,train,90deg,lateral_Participant5,Participant5,Endomorph,Normal,,,,,,upright,1.0,0.0,0.0,0.3750137984752655,31.2784452797755,0.09131195600919932,0.05384629964828491,31.2784452797755,60.78713707721133,lateral,1
127,4.6702,Participant 5-Upright_frame00127,train,90deg,lateral_Participant5,Participant5,Endomorph,Normal,,,,,,upright,1.0,0.0,0.0,0.32606634497642517,31.289619789651407,0.08179203064561832,0.04270172119140625,31.289619789651407,60.78880063078932,lateral,1
128,4.707,Participant 5-Upright_frame00128,train,90deg,lateral_Participant5,Participant5,Endomorph,Normal,,,,,,upright,1.0,0.0,0.0,0.31012335419654846,33.11568184923179,0.08949182377530572,0.05254960060119629,33.11568184923179,61.63821753443552,lateral,1
129,4.7437,Participant 5-Upright_frame00129,train,90deg,lateral_Participant5,Participant5,Endomorph,Normal,,,,,,upright,1.0,0.0,0.0,0.37439367175102234,31.96111360263925,0.07708834595782789,0.043770015239715576,31.96111360263925,60.52005854125298,lateral,1
130,4.7805,Participant 5-Upright_frame00130,train,90deg,lateral_Participant5,Participant5,Endomorph,Normal,,,,,,upright,1.0,0.0,0.0,0.3201933801174164,32.34084561830056,0.0830093597395591,0.04200488328933716,32.34084561830056,60.512635312239034,lateral,1
131,4.8173,Participant 5-Upright_frame00131,train,90deg,lateral_Participant5,Participant5,Endomorph,Normal,,,,,,upright,1.0,0.0,0.0,0.27794769406318665,34.830460230425594,0.0984413300984697,0.059886813163757324,34.830460230425594,61.48336203588736,lateral,1
132,4.854,Participant 5-Upright_frame00132,train,90deg,lateral_Participant5,Participant5,Endomorph,Normal,,,,,,upright,1.0,0.0,0.0,0.29997119307518005,31.773174292474085,0.10126225517828205,0.042761266231536865,31.773174292474085,63.59893081185402,lateral,1
133,4.8908,Participant 5-Upright_frame00133,train,90deg,lateral_Participant5,Participant5,Endomorph,Normal,,,,,,upright,1.0,0.0,0.0,0.34627291560173035,31.787386637709773,0.08278453737771506,0.042297184467315674,31.787386637709773,60.28051210091043,lateral,1
134,4.9276,Participant 5-Upright_frame00134,train,90deg,lateral_Participant5,Participant5,Endomorph,Normal,,,,,,upright,1.0,0.0,0.0,0.25864747166633606,33.72798934009275,0.10250807406597584,0.05356311798095703,33.72798934009275,59.8238070811317,lateral,1
135,4.9644,Participant 5-Upright_frame00135,train,90deg,lateral_Participant5,Participant5,Endomorph,Normal,,,,,,upright,1.0,0.0,0.0,0.3520395755767822,32.780633533760266,0.08356329345505085,0.04733693599700928,32.780633533760266,61.239561896442915,lateral,1
136,5.0011,Participant 5-Upright_frame00136,train,90deg,lateral_Participant5,Participant5,Endomorph,Normal,,,,,,upright,1.0,0.0,0.0,0.3579522371292114,34.20520124319013,0.08371952445748766,0.05435711145401001,34.20520124319013,60.03260716733254,lateral,1
137,5.0379,Participant 5-Upright_frame00137,train,90deg,lateral_Participant5,Participant5,Endomorph,Normal,,,,,,upright,1.0,0.0,0.0,0.21335864067077637,33.203869017653446,0.08844298169028578,0.03840351104736328,33.203869017653446,61.006213571988226,lateral,1
138,5.0747,Participant 5-Upright_frame00138,train,90deg,lateral_Participant5,Participant5,Endomorph,Normal,,,,,,upright,1.0,0.0,0.0,0.3184642791748047,34.43541070819136,0.09729643207528489,0.05972820520401001,34.43541070819136,60.1705044602123,lateral,1
139,5.1115,Participant 5-Upright_frame00139,train,90deg,lateral_Participant5,Participant5,Endomorph,Normal,,,,,,upright,1.0,0.0,0.0,0.3240090310573578,31.944381092222606,0.08264467825544154,0.04512465000152588,31.944381092222606,61.37708621704164,lateral,1
140,5.1482,Participant 5-Upright_frame00140,train,90deg,lateral_Participant5,Participant5,Endomorph,Normal,,,,,,upright,1.0,0.0,0.0,0.3001444339752197,31.59417662555856,0.07943870336782718,0.037998199462890625,31.59417662555856,60.583548846545014,lateral,1
141,5.185,Participant 5-Upright_frame00141,train,90deg,lateral_Participant5,Participant5,Endomorph,Normal,,,,,,upright,1.0,0.0,0.0,0.33178675174713135,31.183278912272957,0.08061503750983022,0.03826779127120972,31.183278912272957,61.36324752173014,lateral,1
142,5.2218,Participant 5-Upright_frame00142,train,90deg,lateral_Participant5,Participant5,Endomorph,Normal,,,,,,upright,1.0,0.0,0.0,0.3494575619697571,32.09504477771354,0.08811392076561049,0.05197268724441528,32.09504477771354,60.082821648911,lateral,1
143,5.2586,Participant 5-Upright_frame00143,train,90deg,lateral_Participant5,Participant5,Endomorph,Normal,,,,,,upright,1.0,0.0,0.0,0.3140046000480652,31.848572787110378,0.10302673662062217,0.0539250373840332,31.848572787110378,61.63988555781535,lateral,1
144,5.2953,Participant 5-Upright_frame00144,train,90deg,lateral_Participant5,Participant5,Endomorph,Normal,,,,,,upright,1.0,0.0,0.0,0.3058324456214905,33.378327268972384,0.09204956231700075,0.053343355655670166,33.378327268972384,60.78488048874985,lateral,1
145,5.3321,Participant 5-Upright_frame00145,train,90deg,lateral_Participant5,Participant5,Endomorph,Normal,,,,,,upright,1.0,0.0,0.0,0.3344912827014923,32.37262352268674,0.0868717972241597,0.04599100351333618,32.37262352268674,62.26800059884801,lateral,1
146,5.3689,Participant 5-Upright_frame00146,train,90deg,lateral_Participant5,Participant5,Endomorph,Normal,,,,,,upright,1.0,0.0,0.0,0.32980093359947205,32.6853798835989,0.09607981260740311,0.04934960603713989,32.6853798835989,62.29760592958456,lateral,1
147,5.4056,Participant 5-Upright_frame00147,train,90deg,lateral_Participant5,Participant5,Endomorph,Normal,,,,,,upright,1.0,0.0,0.0,0.2881985902786255,33.69086674703834,0.10697522904890114,0.059004008769989014,33.69086674703834,61.59812820760704,lateral,1
148,5.4424,Participant 5-Upright_frame00148,train,90deg,lateral_Participant5,Participant5,Endomorph,Normal,,,,,,upright,1.0,0.0,0.0,0.30384233593940735,33.78942784908042,0.11074700497406857,0.061335742473602295,33.78942784908042,61.62535991644569,lateral,1
149,5.4792,Participant 5-Upright_frame00149,train,90deg,lateral_Participant5,Participant5,Endomorph,Normal,,,,,,upright,1.0,0.0,0.0,0.3152692914009094,34.28252503302745,0.09003581355510643,0.05533719062805176,34.28252503302745,61.45839409247034,lateral,1
150,5.516,Participant 5-Upright_frame00150,train,90deg,lateral_Participant5,Participant5,Endomorph,Normal,,,,,,upright,1.0,0.0,0.0,0.3225330114364624,32.167573804713435,0.09324409218424325,0.04082536697387695,32.167573804713435,61.14398645756545,lateral,1
151,5.5527,Participant 5-Upright_frame00151,train,90deg,lateral_Participant5,Participant5,Endomorph,Normal,,,,,,upright,1.0,0.0,0.0,0.34611356258392334,32.39258605671025,0.09141333532056159,0.055326104164123535,32.39258605671025,61.25173853126235,lateral,1
152,5.5895,Participant 5-Upright_frame00152,train,90deg,lateral_Participant5,Participant5,Endomorph,Normal,,,,,,upright,1.0,0.0,0.0,0.31348952651023865,36.3895784271293,0.12409943571271193,0.07640624046325684,36.3895784271293,60.819104114631834,lateral,1
153,5.6263,Participant 5-Upright_frame00153,train,90deg,lateral_Participant5,Participant5,Endomorph,Normal,,,,,,upright,1.0,0.0,0.0,0.2939940392971039,33.257777239540864,0.10385328520077215,0.05186504125595093,33.257777239540864,61.04117436163738,lateral,1
0,0.0,Participant 6-Slouch 2_frame00000,train,90deg,lateral_Participant6,Participant6,Mesomorph,Normal,,,,,,slouch,1.0,0.0,0.0,0.39460688829421997,53.33557372704373,0.04132096644741176,0.12315165996551514,53.33557372704373,32.54314609239432,lateral,1
1,0.0358,Participant 6-Slouch 2_frame00001,train,90deg,lateral_Participant6,Participant6,Mesomorph,Normal,,,,,,slouch,1.0,0.0,0.0,0.36440643668174744,53.16577347800241,0.04017257288673549,0.11898931860923767,53.16577347800241,33.41645641302316,lateral,1
2,0.0717,Participant 6-Slouch 2_frame00002,train,90deg,lateral_Participant6,Participant6,Mesomorph,Normal,,,,,,slouch,1.0,0.0,0.0,0.36782215535640717,52.342256447810115,0.0662784768970059,0.12242954969406128,52.342256447810115,32.82408514918353,lateral,1
3,0.1075,Participant 6-Slouch 2_frame00003,train,90deg,lateral_Participant6,Participant6,Mesomorph,Normal,,,,,,slouch,1.0,0.0,0.0,0.3965274393558502,51.633992484863406,0.07104533051516375,0.12138095498085022,51.633992484863406,33.422190006820585,lateral,1
4,0.1434,Participant 6-Slouch 2_frame00004,train,90deg,lateral_Participant6,Participant6,Mesomorph,Normal,,,,,,slouch,1.0,0.0,0.0,0.38437508046627045,53.572701613674425,0.047774087488485655,0.12785175442695618,53.572701613674425,31.77502446787375,lateral,1
5,0.1792,Participant 6-Slouch 2_frame00005,train,90deg,lateral_Participant6,Participant6,Mesomorph,Normal,,,,,,slouch,1.0,0.0,0.0,0.39809149503707886,51.52554255993935,0.03783531421776982,0.12481391429901123,51.52554255993935,33.05194700328742,lateral,1
6,0.2151,Participant 6-Slouch 2_frame00006,train,90deg,lateral_Participant6,Participant6,Mesomorph,Normal,,,,,,slouch,1.0,0.0,0.0,0.3813919723033905,52.30433994021496,0.05004169287924623,0.1188470721244812,52.30433994021496,33.40146530421585,lateral,1
7,0.2509,Participant 6-Slouch 2_frame00007,train,90deg,lateral_Participant6,Participant6,Mesomorph,Normal,,,,,,slouch,1.0,0.0,0.0,0.32824231684207916,52.335875733920815,0.050356954732519686,0.11944049596786499,52.335875733920815,33.52239691209431,lateral,1
8,0.2867,Participant 6-Slouch 2_frame00008,train,90deg,lateral_Participant6,Participant6,Mesomorph,Normal,,,,,,slouch,1.0,0.0,0.0,0.3557945489883423,52.58466297755452,0.046545540006838186,0.12013348937034607,52.58466297755452,33.25356351333234,lateral,1
9,0.3226,Participant 6-Slouch 2_frame00009,train,90deg,lateral_Participant6,Participant6,Mesomorph,Normal,,,,,,slouch,1.0,0.0,0.0,0.32873760163784027,56.94422255607437,0.06442293299799334,0.11433932185173035,56.94422255607437,31.913189295572618,lateral,1
10,0.3584,Participant 6-Slouch 2_frame00010,train,90deg,lateral_Participant6,Participant6,Mesomorph,Normal,,,,,,slouch,1.0,0.0,0.0,0.32016289234161377,53.362163648173315,0.06676672645080828,0.11252573132514954,53.362163648173315,33.420679763774594,lateral,1
11,0.3943,Participant 6-Slouch 2_frame00011,train,90deg,lateral_Participant6,Participant6,Mesomorph,Normal,,,,,,slouch,1.0,0.0,0.0,0.41356270015239716,54.82226717851942,0.04327920683900422,0.12617525458335876,54.82226717851942,31.029871116583426,lateral,1
12,0.4301,Participant 6-Slouch 2_frame00012,train,90deg,lateral_Participant6,Participant6,Mesomorph,Normal,,,,,,slouch,1.0,0.0,0.0,0.4222569391131401,55.4622080754128,0.026617052171056244,0.12195798754692078,55.4622080754128,31.086272823040556,lateral,1
13,0.466,Participant 6-Slouch 2_frame00013,train,90deg,lateral_Participant6,Participant6,Mesomorph,Normal,,,,,,slouch,1.0,0.0,0.0,0.4018246829509735,58.76011978237569,0.03515867453109681,0.13015428185462952,58.76011978237569,28.611438614825364,lateral,1
14,0.5018,Participant 6-Slouch 2_frame00014,train,90deg,lateral_Participant6,Participant6,Mesomorph,Normal,,,,,,slouch,1.0,0.0,0.0,0.42936304211616516,55.995511233397124,0.04560540723479099,0.11904293298721313,55.995511233397124,31.109694159829854,lateral,1
15,0.5376,Participant 6-Slouch 2_frame00015,train,90deg,lateral_Participant6,Participant6,Mesomorph,Normal,,,,,,slouch,1.0,0.0,0.0,0.34439796209335327,56.28362719081387,0.04304601605246444,0.1256105601787567,56.28362719081387,29.833211599131047,lateral,1
16,0.5735,Participant 6-Slouch 2_frame00016,train,90deg,lateral_Participant6,Participant6,Mesomorph,Normal,,,,,,slouch,1.0,0.0,0.0,0.41271109133958817,54.15069419803936,0.045564196199441825,0.12538939714431763,54.15069419803936,31.107739762606332,lateral,1
17,0.6093,Participant 6-Slouch 2_frame00017,train,90deg,lateral_Participant6,Participant6,Mesomorph,Normal,,,,,,slouch,1.0,0.0,0.0,0.3036072254180908,54.46179077205911,0.08413510084651299,0.11769026517868042,54.46179077205911,32.233912641419046,lateral,1
18,0.6452,Participant 6-Slouch 2_frame00018,train,90deg,lateral_Participant6,Participant6,Mesomorph,Normal,,,,,,slouch,1.0,0.0,0.0,0.3626866936683655,52.877235515031636,0.051569382453173565,0.12134405970573425,52.877235515031636,33.06620415149386,lateral,1
19,0.681,Participant 6-Slouch 2_frame00019,train,90deg,lateral_Participant6,Participant6,Mesomorph,Normal,,,,,,slouch,1.0,0.0,0.0,0.2653004825115204,56.799283638609054,0.024378787783505943,0.11892139911651611,56.799283638609054,31.766702980461762,lateral,1
20,0.7169,Participant 6-Slouch 2_frame00020,train,90deg,lateral_Participant6,Participant6,Mesomorph,Normal,,,,,,slouch,1.0,0.0,0.0,0.36855870485305786,55.594044065811225,0.0341874875695148,0.11609795689582825,55.594044065811225,32.66989670037226,lateral,1
21,0.7527,Participant 6-Slouch 2_frame00021,train,90deg,lateral_Participant6,Participant6,Mesomorph,Normal,,,,,,slouch,1.0,0.0,0.0,0.3405868709087372,52.05511809205236,0.05598315776753315,0.12390470504760742,52.05511809205236,32.78795883062155,lateral,1
22,0.7885,Participant 6-Slouch 2_frame00022,train,90deg,lateral_Participant6,Participant6,Mesomorph,Normal,,,,,,slouch,1.0,0.0,0.0,0.3571937084197998,54.59221310256988,0.038768538630535115,0.11631235480308533,54.59221310256988,33.01366589663925,lateral,1
23,0.8244,Participant 6-Slouch 2_frame00023,train,90deg,lateral_Participant6,Participant6,Mesomorph,Normal,,,,,,slouch,1.0,0.0,0.0,0.33115363121032715,57.510148118893355,0.03914171134802277,0.11737754940986633,57.510148118893355,31.63894885799464,lateral,1
24,0.8602,Participant 6-Slouch 2_frame00024,train,90deg,lateral_Participant6,Participant6,Mesomorph,Normal,,,,,,slouch,1.0,0.0,0.0,0.3617730736732483,53.520936219215955,0.048676371282501824,0.11355352401733398,53.520936219215955,33.760338167634075,lateral,1
25,0.8961,Participant 6-Slouch 2_frame00025,train,90deg,lateral_Participant6,Participant6,Mesomorph,Normal,,,,,,slouch,1.0,0.0,0.0,0.36265113949775696,54.62451227081464,0.03894461863296896,0.12193083763122559,54.62451227081464,32.02943425391628,lateral,1
26,0.9319,Participant 6-Slouch 2_frame00026,train,90deg,lateral_Participant6,Participant6,Mesomorph,Normal,,,,,,slouch,1.0,0.0,0.0,0.362384170293808,51.24895668844119,0.026242338498133105,0.11399301886558533,51.24895668844119,34.534899540490734,lateral,1
27,0.9677,Participant 6-Slouch 2_frame00027,train,90deg,lateral_Participant6,Participant6,Mesomorph,Normal,,,,,,slouch,1.0,0.0,0.0,0.283736914396286,53.10968148733396,0.04684673208110499,0.11839404702186584,53.10968148733396,33.65945715179087,lateral,1
28,1.0036,Participant 6-Slouch 2_frame00028,train,90deg,lateral_Participant6,Participant6,Mesomorph,Normal,,,,,,slouch,1.0,0.0,0.0,0.3209911584854126,55.30345397947432,0.051022267450165866,0.12167733907699585,55.30345397947432,31.768806952853396,lateral,1
29,1.0394,Participant 6-Slouch 2_frame00029,train,90deg,lateral_Participant6,Participant6,Mesomorph,Normal,,,,,,slouch,1.0,0.0,0.0,0.3851439356803894,50.66387773837912,0.09314502325341331,0.10897764563560486,50.66387773837912,34.84446011904163,lateral,1
30,1.0753,Participant 6-Slouch 2_frame00030,train,90deg,lateral_Participant6,Participant6,Mesomorph,Normal,,,,,,slouch,1.0,0.0,0.0,0.37286336719989777,54.54044954216955,0.07935128923332453,0.12441632151603699,54.54044954216955,31.961915003183798,lateral,1
31,1.1111,Participant 6-Slouch 2_frame00031,train,90deg,lateral_Participant6,Participant6,Mesomorph,Normal,,,,,,slouch,1.0,0.0,0.0,0.3423469513654709,52.90451596984743,0.055828534191622224,0.11775767803192139,52.90451596984743,32.795087687548715,lateral,1
32,1.147,Participant 6-Slouch 2_frame00032,train,90deg,lateral_Participant6,Participant6,Mesomorph,Normal,,,,,,slouch,1.0,0.0,0.0,0.37339481711387634,56.14442095289584,0.03278472128172599,0.1262473464012146,56.14442095289584,30.49566175281219,lateral,1
33,1.1828,Participant 6-Slouch 2_frame00033,train,90deg,lateral_Participant6,Participant6,Mesomorph,Normal,,,,,,slouch,1.0,0.0,0.0,0.30836281180381775,55.898450047757535,0.019611977367821627,0.11637842655181885,55.898450047757535,32.29414324722097,lateral,1
34,1.2186,Participant 6-Slouch 2_frame00034,train,90deg,lateral_Participant6,Participant6,Mesomorph,Normal,,,,,,slouch,1.0,0.0,0.0,0.38604576885700226,53.486907437577706,0.06559624239811115,0.12305557727813721,53.486907437577706,32.41545691082,lateral,1
35,1.2545,Participant 6-Slouch 2_frame00035,train,90deg,lateral_Participant6,Participant6,Mesomorph,Normal,,,,,,slouch,1.0,0.0,0.0,0.4190314710140228,55.46139825557592,0.05713934040436199,0.11718407273292542,55.46139825557592,31.468257588352103,lateral,1
36,1.2903,Participant 6-Slouch 2_frame00036,train,90deg,lateral_Participant6,Participant6,Mesomorph,Normal,,,,,,slouch,1.0,0.0,0.0,0.3556370139122009,56.259271817314364,0.06163865011000328,0.12644118070602417,56.259271817314364,30.48596485030818,lateral,1
37,1.3262,Participant 6-Slouch 2_frame00037,train,90deg,lateral_Participant6,Participant6,Mesomorph,Normal,,,,,,slouch,1.0,0.0,0.0,0.40530137717723846,55.673109384449525,0.03541811194597915,0.1250615417957306,55.673109384449525,31.241485088436256,lateral,1
38,1.362,Participant 6-Slouch 2_frame00038,train,90deg,lateral_Participant6,Participant6,Mesomorph,Normal,,,,,,slouch,1.0,0.0,0.0,0.3680439591407776,54.04251076743897,0.06050525196574147,0.1209266185760498,54.04251076743897,32.47787751394806,lateral,1
39,1.3979,Participant 6-Slouch 2_frame00039,train,90deg,lateral_Participant6,Participant6,Mesomorph,Normal,,,,,,slouch,1.0,0.0,0.0,0.36902396380901337,54.65707220791505,0.06055437064830088,0.12295055389404297,54.65707220791505,31.733971905941704,lateral,1
40,1.4337,Participant 6-Slouch 2_frame00040,train,90deg,lateral_Participant6,Participant6,Mesomorph,Normal,,,,,,slouch,1.0,0.0,0.0,0.39751625061035156,55.55389499676536,0.04865961145746718,0.12544739246368408,55.55389499676536,31.263252508172847,lateral,1
41,1.4695,Participant 6-Slouch 2_frame00041,train,90deg,lateral_Participant6,Participant6,Mesomorph,Normal,,,,,,slouch,1.0,0.0,0.0,0.3700979948043823,54.38591740561085,0.05982244708830051,0.11593037843704224,54.38591740561085,32.78430872698482,lateral,1
42,1.5054,Participant 6-Slouch 2_frame00042,train,90deg,lateral_Participant6,Participant6,Mesomorph,Normal,,,,,,slouch,1.0,0.0,0.0,0.3777066171169281,53.77177915641937,0.031860390451270995,0.126226544380188,53.77177915641937,32.09923654904646,lateral,1
43,1.5412,Participant 6-Slouch 2_frame00043,train,90deg,lateral_Participant6,Participant6,Mesomorph,Normal,,,,,,slouch,1.0,0.0,0.0,0.40371880680322647,52.622983133935286,0.05575389006388562,0.11966562271118164,52.622983133935286,32.852782166026735,lateral,1
44,1.5771,Participant 6-Slouch 2_frame00044,train,90deg,lateral_Participant6,Participant6,Mesomorph,Normal,,,,,,slouch,1.0,0.0,0.0,0.38859014958143234,53.87718278729012,0.061243527338715985,0.11950570344924927,53.87718278729012,32.740890479496265,lateral,1
45,1.6129,Participant 6-Slouch 2_frame00045,train,90deg,lateral_Participant6,Participant6,Mesomorph,Normal,,,,,,slouch,1.0,0.0,0.0,0.35512515902519226,57.02344816592506,0.043144790430289376,0.12302049994468689,57.02344816592506,30.823346075002757,lateral,1
46,1.6488,Participant 6-Slouch 2_frame00046,train,90deg,lateral_Participant6,Participant6,Mesomorph,Normal,,,,,,slouch,1.0,0.0,0.0,0.3310182988643646,54.58472892759894,0.06649906994758267,0.12006446719169617,54.58472892759894,32.023548939907506,lateral,1
47,1.6846,Participant 6-Slouch 2_frame00047,train,90deg,lateral_Participant6,Participant6,Mesomorph,Normal,,,,,,slouch,1.0,0.0,0.0,0.3970201015472412,57.33499111938287,0.056628586612826465,0.11928063631057739,57.33499111938287,30.762946421014885,lateral,1
48,1.7204,Participant 6-Slouch 2_frame00048,train,90deg,lateral_Participant6,Participant6,Mesomorph,Normal,,,,,,slouch,1.0,0.0,0.0,0.4148465692996979,59.32658102162795,0.03126284926990362,0.13518550992012024,59.32658102162795,27.33285417047257,lateral,1
49,1.7563,Participant 6-Slouch 2_frame00049,train,90deg,lateral_Participant6,Participant6,Mesomorph,Normal,,,,,,slouch,1.0,0.0,0.0,0.45611779391765594,54.154400768245125,0.04873776227108698,0.1250169575214386,54.154400768245125,31.33474794068628,lateral,1
50,1.7921,Participant 6-Slouch 2_frame00050,train,90deg,lateral_Participant6,Participant6,Mesomorph,Normal,,,,,,slouch,1.0,0.0,0.0,0.3839010000228882,54.71830705998166,0.06333746444244362,0.12217596173286438,54.71830705998166,31.402906784085296,lateral,1
51,1.828,Participant 6-Slouch 2_frame00051,train,90deg,lateral_Participant6,Participant6,Mesomorph,Normal,,,,,,slouch,1.0,0.0,0.0,0.23461923003196716,56.95652243858653,0.019917048007178834,0.1207571029663086,56.95652243858653,31.09634962025674,lateral,1
52,1.8638,Participant 6-Slouch 2_frame00052,train,90deg,lateral_Participant6,Participant6,Mesomorph,Normal,,,,,,slouch,1.0,0.0,0.0,0.4564046934247017,55.178532775439834,0.045650104649903656,0.11844328045845032,55.178532775439834,32.06890215598119,lateral,1
53,1.8997,Participant 6-Slouch 2_frame00053,train,90deg,lateral_Participant6,Participant6,Mesomorph,Normal,,,,,,slouch,1.0,0.0,0.0,0.36040350794792175,56.74617924247334,0.043010643059973236,0.12277349829673767,56.74617924247334,30.676475142768826,lateral,1
54,1.9355,Participant 6-Slouch 2_frame00054,train,90deg,lateral_Participant6,Participant6,Mesomorph,Normal,,,,,,slouch,1.0,0.0,0.0,0.3054271936416626,55.55625727198308,0.040795679157387126,0.11831468343734741,55.55625727198308,32.370123111204066,lateral,1
55,1.9713,Participant 6-Slouch 2_frame00055,train,90deg,lateral_Participant6,Participant6,Mesomorph,Normal,,,,,,slouch,1.0,0.0,0.0,0.20856386423110962,56.376754684634896,0.029695511220076392,0.12092390656471252,56.376754684634896,31.566234585089607,lateral,1
56,2.0072,Participant 6-Slouch 2_frame00056,train,90deg,lateral_Participant6,Participant6,Mesomorph,Normal,,,,,,slouch,1.0,0.0,0.0,0.3737926036119461,56.83378090914929,0.04328911451150898,0.1271405816078186,56.83378090914929,30.174116160576354,lateral,1
57,2.043,Participant 6-Slouch 2_frame00057,train,90deg,lateral_Participant6,Participant6,Mesomorph,Normal,,,,,,slouch,1.0,0.0,0.0,0.367830291390419,53.69845876527258,0.0658946565750756,0.12214845418930054,53.69845876527258,32.51958678443608,lateral,1
58,2.0789,Participant 6-Slouch 2_frame00058,train,90deg,lateral_Participant6,Participant6,Mesomorph,Normal,,,,,,slouch,1.0,0.0,0.0,0.3443053066730499,54.177838146853155,0.06502319716978774,0.13304704427719116,54.177838146853155,31.62420291718797,lateral,1
59,2.1147,Participant 6-Slouch 2_frame00059,train,90deg,lateral_Participant6,Participant6,Mesomorph,Normal,,,,,,slouch,1.0,0.0,0.0,0.3430590331554413,56.01736560198436,0.05307794354981464,0.12108954787254333,56.01736560198436,31.604349669988405,lateral,1
60,2.1506,Participant 6-Slouch 2_frame00060,train,90deg,lateral_Participant6,Participant6,Mesomorph,Normal,,,,,,slouch,1.0,0.0,0.0,0.2943992018699646,57.56978766609778,0.03657780151579747,0.12449932098388672,57.56978766609778,30.4598533255687,lateral,1
61,2.1864,Participant 6-Slouch 2_frame00061,train,90deg,lateral_Participant6,Participant6,Mesomorph,Normal,,,,,,slouch,1.0,0.0,0.0,0.3644389808177948,57.31622155182316,0.03601765928332885,0.12368780374526978,57.31622155182316,30.815043941745763,lateral,1
62,2.2222,Participant 6-Slouch 2_frame00062,train,90deg,lateral_Participant6,Participant6,Mesomorph,Normal,,,,,,slouch,1.0,0.0,0.0,0.3167559504508972,59.3965729694384,0.029377080764692663,0.1333601176738739,59.3965729694384,12.796632594414357,lateral,1
63,2.2581,Participant 6-Slouch 2_frame00063,train,90deg,lateral_Participant6,Participant6,Mesomorph,Normal,,,,,,slouch,1.0,0.0,0.0,0.3152894675731659,58.22829341574985,0.026326063486969694,0.13054662942886353,58.22829341574985,29.11929538407445,lateral,1
64,2.2939,Participant 6-Slouch 2_frame00064,train,90deg,lateral_Participant6,Participant6,Mesomorph,Normal,,,,,,slouch,1.0,0.0,0.0,0.3850994408130646,56.12293932590912,0.06302473962872626,0.12473264336585999,56.12293932590912,30.964307227480944,lateral,1
65,2.3298,Participant 6-Slouch 2_frame00065,train,90deg,lateral_Participant6,Participant6,Mesomorph,Normal,,,,,,slouch,1.0,0.0,0.0,0.3700147271156311,58.637997432311614,0.0326460613504753,0.1323220133781433,58.637997432311614,29.250812139893466,lateral,1
66,2.3656,Participant 6-Slouch 2_frame00066,train,90deg,lateral_Participant6,Participant6,Mesomorph,Normal,,,,,,slouch,1.0,0.0,0.0,0.3319110572338104,53.44366939982496,0.05676613142930316,0.12298008799552917,53.44366939982496,32.67311761728372,lateral,1
67,2.4015,Participant 6-Slouch 2_frame00067,train,90deg,lateral_Participant6,Participant6,Mesomorph,Normal,,,,,,slouch,1.0,0.0,0.0,0.38297325372695923,55.273348846824334,0.046356388816286606,0.1286543905735016,55.273348846824334,31.356000687139762,lateral,1
68,2.4373,Participant 6-Slouch 2_frame00068,train,90deg,lateral_Participant6,Participant6,Mesomorph,Normal,,,,,,slouch,1.0,0.0,0.0,0.39150890707969666,55.01385935336449,0.0541276407943664,0.12717166543006897,55.01385935336449,30.767574660347954,lateral,1
69,2.4731,Participant 6-Slouch 2_frame00069,train,90deg,lateral_Participant6,Participant6,Mesomorph,Normal,,,,,,slouch,1.0,0.0,0.0,0.35487884283065796,56.09935830507363,0.05080270604301048,0.12168604135513306,56.09935830507363,31.586407958061717,lateral,1
70,2.509,Participant 6-Slouch 2_frame00070,train,90deg,lateral_Participant6,Participant6,Mesomorph,Normal,,,,,,slouch,1.0,0.0,0.0,0.3628629446029663,59.46833812026871,0.03152107363000354,0.1251322329044342,59.46833812026871,29.320498064335375,lateral,1
71,2.5448,Participant 6-Slouch 2_frame00071,train,90deg,lateral_Participant6,Participant6,Mesomorph,Normal,,,,,,slouch,1.0,0.0,0.0,0.33368033170700073,56.218989320126624,0.03328185612886263,0.1228514313697815,56.218989320126624,31.471827665218246,lateral,1
72,2.5807,Participant 6-Slouch 2_frame00072,train,90deg,lateral_Participant6,Participant6,Mesomorph,Normal,,,,,,slouch,1.0,0.0,0.0,0.18198612332344055,58.574923343016394,0.03154154326099997,0.12475532293319702,58.574923343016394,30.1981855773661,lateral,1
73,2.6165,Participant 6-Slouch 2_frame00073,train,90deg,lateral_Participant6,Participant6,Mesomorph,Normal,,,,,,slouch,1.0,0.0,0.0,0.36423154175281525,55.59903608992038,0.04640436833603081,0.12396207451820374,55.59903608992038,31.08602928536953,lateral,1
74,2.6523,Participant 6-Slouch 2_frame00074,train,90deg,lateral_Participant6,Participant6,Mesomorph,Normal,,,,,,slouch,1.0,0.0,0.0,0.34329649806022644,54.3096790558406,0.0413132397113521,0.12629163265228271,54.3096790558406,31.529674428854467,lateral,1
75,2.6882,Participant 6-Slouch 2_frame00075,train,90deg,lateral_Participant6,Participant6,Mesomorph,Normal,,,,,,slouch,1.0,0.0,0.0,0.32627952098846436,56.01451573076586,0.03323750444946967,0.12470629811286926,56.01451573076586,31.60820682811379,lateral,1
76,2.724,Participant 6-Slouch 2_frame00076,train,90deg,lateral_Participant6,Participant6,Mesomorph,Normal,,,,,,slouch,1.0,0.0,0.0,0.20915856957435608,59.58125625533837,0.029210308124619805,0.1265276074409485,59.58125625533837,29.09481117878038,lateral,1
77,2.7599,Participant 6-Slouch 2_frame00077,train,90deg,lateral_Participant6,Participant6,Mesomorph,Normal,,,,,,slouch,1.0,0.0,0.0,0.3362789452075958,51.57731821851305,0.0968403594431424,0.11074396967887878,51.57731821851305,34.56815165278955,lateral,1
78,2.7957,Participant 6-Slouch 2_frame00078,train,90deg,lateral_Participant6,Participant6,Mesomorph,Normal,,,,,,slouch,1.0,0.0,0.0,0.35370802879333496,55.698442390521045,0.06042619258229618,0.12706971168518066,55.698442390521045,30.884567676719577,lateral,1
79,2.8316,Participant 6-Slouch 2_frame00079,train,90deg,lateral_Participant6,Participant6,Mesomorph,Normal,,,,,,slouch,1.0,0.0,0.0,0.37386554479599,58.02354180737196,0.03563431688044641,0.13552537560462952,58.02354180737196,29.199344990750085,lateral,1
80,2.8674,Participant 6-Slouch 2_frame00080,train,90deg,lateral_Participant6,Participant6,Mesomorph,Normal,,,,,,slouch,1.0,0.0,0.0,0.3547523319721222,57.92567439562808,0.038161654714423086,0.12418961524963379,57.92567439562808,30.380688123772593,lateral,1
81,2.9032,Participant 6-Slouch 2_frame00081,train,90deg,lateral_Participant6,Participant6,Mesomorph,Normal,,,,,,slouch,1.0,0.0,0.0,0.4035167098045349,56.17905477994459,0.059604880612294214,0.12929955124855042,56.17905477994459,30.649242478405977,lateral,1
82,2.9391,Participant 6-Slouch 2_frame00082,train,90deg,lateral_Participant6,Participant6,Mesomorph,Normal,,,,,,slouch,1.0,0.0,0.0,0.3385334610939026,55.77318250059811,0.06024468501491891,0.1329532265663147,55.77318250059811,30.27376527997215,lateral,1
83,2.9749,Participant 6-Slouch 2_frame00083,train,90deg,lateral_Participant6,Participant6,Mesomorph,Normal,,,,,,slouch,1.0,0.0,0.0,0.3667275905609131,56.672429348363124,0.0387531719972175,0.1302066147327423,56.672429348363124,30.360261456513246,lateral,1
84,3.0108,Participant 6-Slouch 2_frame00084,train,90deg,lateral_Participant6,Participant6,Mesomorph,Normal,,,,,,slouch,1.0,0.0,0.0,0.34107930958271027,56.07979753770715,0.05033882887927399,0.12739726901054382,56.07979753770715,30.773850600141746,lateral,1
85,3.0466,Participant 6-Slouch 2_frame00085,train,90deg,lateral_Participant6,Participant6,Mesomorph,Normal,,,,,,slouch,1.0,0.0,0.0,0.3439522087574005,56.76491615635651,0.044891775157171715,0.13121727108955383,56.76491615635651,29.603778607788612,lateral,1
86,3.0825,Participant 6-Slouch 2_frame00086,train,90deg,lateral_Participant6,Participant6,Mesomorph,Normal,,,,,,slouch,1.0,0.0,0.0,0.3298039734363556,58.30080273023925,0.03259962460662678,0.1290282905101776,58.30080273023925,29.698640695541986,lateral,1
87,3.1183,Participant 6-Slouch 2_frame00087,train,90deg,lateral_Participant6,Participant6,Mesomorph,Normal,,,,,,slouch,1.0,0.0,0.0,0.36516326665878296,58.92894479135181,0.05288378346683801,0.13290458917617798,58.92894479135181,28.793483023233833,lateral,1
88,3.1541,Participant 6-Slouch 2_frame00088,train,90deg,lateral_Participant6,Participant6,Mesomorph,Normal,,,,,,slouch,1.0,0.0,0.0,0.22084057331085205,62.286184447912866,0.04355135503225666,0.13238176703453064,62.286184447912866,27.177150501650726,lateral,1
89,3.19,Participant 6-Slouch 2_frame00089,train,90deg,lateral_Participant6,Participant6,Mesomorph,Normal,,,,,,slouch,1.0,0.0,0.0,0.2817983627319336,59.45701876288673,0.040498118398570856,0.1237955391407013,59.45701876288673,29.740412063283344,lateral,1
90,3.2258,Participant 6-Slouch 2_frame00090,train,90deg,lateral_Participant6,Participant6,Mesomorph,Normal,,,,,,slouch,1.0,0.0,0.0,0.2748699486255646,61.773839465206734,0.020212191743846152,0.12771567702293396,61.773839465206734,28.239162183482595,lateral,1
91,3.2617,Participant 6-Slouch 2_frame00091,train,90deg,lateral_Participant6,Participant6,Mesomorph,Normal,,,,,,slouch,1.0,0.0,0.0,0.27069124579429626,58.43039370787208,0.041259294128305375,0.12296178936958313,58.43039370787208,30.437834462198456,lateral,1
92,3.2975,Participant 6-Slouch 2_frame00092,train,90deg,lateral_Participant6,Participant6,Mesomorph,Normal,,,,,,slouch,1.0,0.0,0.0,0.3079393208026886,59.645283951044796,0.0393113429481083,0.1278896927833557,59.645283951044796,29.04973537390851,lateral,1
93,3.3334,Participant 6-Slouch 2_frame00093,train,90deg,lateral_Participant6,Participant6,Mesomorph,Normal,,,,,,slouch,1.0,0.0,0.0,0.28419166803359985,57.16738843985433,0.040719267495993236,0.1202816367149353,57.16738843985433,31.399935456589716,lateral,1
94,3.3692,Participant 6-Slouch 2_frame00094,train,90deg,lateral_Participant6,Participant6,Mesomorph,Normal,,,,,,slouch,1.0,0.0,0.0,0.3438161313533783,59.08649689895633,0.03306009151762753,0.1251218616962433,59.08649689895633,28.988788120762877,lateral,1
95,3.405,Participant 6-Slouch 2_frame00095,train,90deg,lateral_Participant6,Participant6,Mesomorph,Normal,,,,,,slouch,1.0,0.0,0.0,0.30522432923316956,59.82858565503919,0.04994260865441289,0.13375595211982727,59.82858565503919,28.02790816973783,lateral,1
96,3.4409,Participant 6-Slouch 2_frame00096,train,90deg,lateral_Participant6,Participant6,Mesomorph,Normal,,,,,,slouch,1.0,0.0,0.0,0.3894408047199249,57.089079486404124,0.07360827088575601,0.12255582213401794,57.089079486404124,30.724966204935622,lateral,1
97,3.4767,Participant 6-Slouch 2_frame00097,train,90deg,lateral_Participant6,Participant6,Mesomorph,Normal,,,,,,slouch,1.0,0.0,0.0,0.3069870173931122,58.63050621163306,0.05664771114507951,0.13339385390281677,58.63050621163306,29.332182711553944,lateral,1
98,3.5126,Participant 6-Slouch 2_frame00098,train,90deg,lateral_Participant6,Participant6,Mesomorph,Normal,,,,,,slouch,1.0,0.0,0.0,0.3091898560523987,58.44356231647728,0.04000579542645249,0.12297436594963074,58.44356231647728,30.74871387573567,lateral,1
99,3.5484,Participant 6-Slouch 2_frame00099,train,90deg,lateral_Participant6,Participant6,Mesomorph,Normal,,,,,,slouch,1.0,0.0,0.0,0.3110984265804291,59.38112458289477,0.032221843060165914,0.12680411338806152,59.38112458289477,29.510418861656817,lateral,1
100,3.5843,Participant 6-Slouch 2_frame00100,train,90deg,lateral_Participant6,Participant6,Mesomorph,Normal,,,,,,slouch,1.0,0.0,0.0,0.3828108608722687,58.591738595634936,0.036685513760197436,0.1361531913280487,58.591738595634936,28.145515451905702,lateral,1
101,3.6201,Participant 6-Slouch 2_frame00101,train,90deg,lateral_Participant6,Participant6,Mesomorph,Normal,,,,,,slouch,1.0,0.0,0.0,0.3123771846294403,60.57896134388245,0.03360845104917156,0.12816521525382996,60.57896134388245,28.906787849003045,lateral,1
102,3.6559,Participant 6-Slouch 2_frame00102,train,90deg,lateral_Participant6,Participant6,Mesomorph,Normal,,,,,,slouch,1.0,0.0,0.0,0.3118458092212677,58.66086304541245,0.04970602906976299,0.1272435188293457,58.66086304541245,29.614343556742433,lateral,1
103,3.6918,Participant 6-Slouch 2_frame00103,train,90deg,lateral_Participant6,Participant6,Mesomorph,Normal,,,,,,slouch,1.0,0.0,0.0,0.29978781938552856,57.55286921641033,0.04482495110996496,0.1298978328704834,57.55286921641033,29.405291756283752,lateral,1
104,3.7276,Participant 6-Slouch 2_frame00104,train,90deg,lateral_Participant6,Participant6,Mesomorph,Normal,,,,,,slouch,1.0,0.0,0.0,0.3350047320127487,53.81119805648028,0.07081165017023827,0.12129515409469604,53.81119805648028,32.132478386927005,lateral,1
105,3.7635,Participant 6-Slouch 2_frame00105,train,90deg,lateral_Participant6,Participant6,Mesomorph,Normal,,,,,,slouch,1.0,0.0,0.0,0.3375796675682068,60.611658895861176,0.035011662243887645,0.13634654879570007,60.611658895861176,27.42512038168127,lateral,1
106,3.7993,Participant 6-Slouch 2_frame00106,train,90deg,lateral_Participant6,Participant6,Mesomorph,Normal,,,,,,slouch,1.0,0.0,0.0,0.25463855266571045,59.625383804910115,0.0358528824287452,0.1309140920639038,59.625383804910115,29.156698706301473,lateral,1
107,3.8352,Participant 6-Slouch 2_frame00107,train,90deg,lateral_Participant6,Participant6,Mesomorph,Normal,,,,,,slouch,1.0,0.0,0.0,0.31529080867767334,57.523653690671715,0.03131418691477546,0.12244242429733276,57.523653690671715,30.59894107640664,lateral,1
108,3.871,Participant 6-Slouch 2_frame00108,train,90deg,lateral_Participant6,Participant6,Mesomorph,Normal,,,,,,slouch,1.0,0.0,0.0,0.29055920243263245,60.330794888464894,0.03157962188372332,0.13883733749389648,60.330794888464894,27.52966607946337,lateral,1
109,3.9068,Participant 6-Slouch 2_frame00109,train,90deg,lateral_Participant6,Participant6,Mesomorph,Normal,,,,,,slouch,1.0,0.0,0.0,0.35866981744766235,58.3904883043153,0.038162189654574644,0.1412600874900818,58.3904883043153,27.970010490046885,lateral,1
110,3.9427,Participant 6-Slouch 2_frame00110,train,90deg,lateral_Participant6,Participant6,Mesomorph,Normal,,,,,,slouch,1.0,0.0,0.0,0.3517170250415802,56.98083430982686,0.039123466137522184,0.14240655303001404,56.98083430982686,28.948345327942235,lateral,1
111,3.9785,Participant 6-Slouch 2_frame00111,train,90deg,lateral_Participant6,Participant6,Mesomorph,Normal,,,,,,slouch,1.0,0.0,0.0,0.30016905069351196,58.31253869947683,0.055468290497773305,0.13117054104804993,58.31253869947683,30.235842275359808,lateral,1
112,4.0144,Participant 6-Slouch 2_frame00112,train,90deg,lateral_Participant6,Participant6,Mesomorph,Normal,,,,,,slouch,1.0,0.0,0.0,0.32506445050239563,57.102737263650425,0.05758966015723878,0.13919547200202942,57.102737263650425,29.225729331060194,lateral,1
113,4.0502,Participant 6-Slouch 2_frame00113,train,90deg,lateral_Participant6,Participant6,Mesomorph,Normal,,,,,,slouch,1.0,0.0,0.0,0.28164413571357727,56.09485077977221,0.04716151040887987,0.1389491856098175,56.09485077977221,29.92965799848103,lateral,1
114,4.0861,Participant 6-Slouch 2_frame00114,train,90deg,lateral_Participant6,Participant6,Mesomorph,Normal,,,,,,slouch,1.0,0.0,0.0,0.34796375036239624,54.35877211295902,0.0429798885118461,0.13182500004768372,54.35877211295902,30.715854164208732,lateral,1
115,4.1219,Participant 6-Slouch 2_frame00115,train,90deg,lateral_Participant6,Participant6,Mesomorph,Normal,,,,,,slouch,1.0,0.0,0.0,0.3871035873889923,55.392328238853025,0.05645807055749483,0.14597299695014954,55.392328238853025,13.123684221471127,lateral,1
116,4.1577,Participant 6-Slouch 2_frame00116,train,90deg,lateral_Participant6,Participant6,Mesomorph,Normal,,,,,,slouch,1.0,0.0,0.0,0.38358262181282043,54.140920360789366,0.08433386915902204,0.13357239961624146,54.140920360789366,31.32009812468636,lateral,1
117,4.1936,Participant 6-Slouch 2_frame00117,train,90deg,lateral_Participant6,Participant6,Mesomorph,Normal,,,,,,slouch,1.0,0.0,0.0,0.29697713255882263,59.3056649666823,0.04039312071089199,0.1473429799079895,59.3056649666823,13.196130753059844,lateral,1
118,4.2294,Participant 6-Slouch 2_frame00118,train,90deg,lateral_Participant6,Participant6,Mesomorph,Normal,,,,,,slouch,1.0,0.0,0.0,0.35254186391830444,56.76412261876218,0.05696645961879965,0.14587989449501038,56.76412261876218,28.86622218679518,lateral,1
119,4.2653,Participant 6-Slouch 2_frame00119,train,90deg,lateral_Participant6,Participant6,Mesomorph,Normal,,,,,,slouch,1.0,0.0,0.0,0.37137454748153687,58.2632323283592,0.042537317572498075,0.15165016055107117,58.2632323283592,11.777146627926646,lateral,1
120,4.3011,Participant 6-Slouch 2_frame00120,train,90deg,lateral_Participant6,Participant6,Mesomorph,Normal,,,,,,slouch,1.0,0.0,0.0,0.34138624370098114,54.73410464571343,0.058040690577649996,0.14222308993339539,54.73410464571343,29.52837615848274,lateral,1
121,4.3369,Participant 6-Slouch 2_frame00121,train,90deg,lateral_Participant6,Participant6,Mesomorph,Normal,,,,,,slouch,1.0,0.0,0.0,0.29006731510162354,57.529038674919136,0.05688833099456471,0.1366318166255951,57.529038674919136,29.60006380495986,lateral,1
122,4.3728,Participant 6-Slouch 2_frame00122,train,90deg,lateral_Participant6,Participant6,Mesomorph,Normal,,,,,,slouch,1.0,0.0,0.0,0.3294113278388977,57.93474862171188,0.05206559234638712,0.1338592767715454,57.93474862171188,29.768083492326838,lateral,1
123,4.4086,Participant 6-Slouch 2_frame00123,train,90deg,lateral_Participant6,Participant6,Mesomorph,Normal,,,,,,slouch,1.0,0.0,0.0,0.31882473826408386,57.46471177696651,0.04995366892777187,0.13549289107322693,57.46471177696651,29.627762027748336,lateral,1
124,4.4445,Participant 6-Slouch 2_frame00124,train,90deg,lateral_Participant6,Participant6,Mesomorph,Normal,,,,,,slouch,1.0,0.0,0.0,0.25604453682899475,58.154983263467535,0.04122370686568175,0.13458311557769775,58.154983263467535,13.979349459544004,lateral,1
125,4.4803,Participant 6-Slouch 2_frame00125,train,90deg,lateral_Participant6,Participant6,Mesomorph,Normal,,,,,,slouch,1.0,0.0,0.0,0.3678569197654724,57.62780773552017,0.05865833070507268,0.13289794325828552,57.62780773552017,29.378649319276526,lateral,1
126,4.5162,Participant 6-Slouch 2_frame00126,train,90deg,lateral_Participant6,Participant6,Mesomorph,Normal,,,,,,slouch,1.0,0.0,0.0,0.3118973970413208,58.06228090308393,0.0572853282892387,0.13725566864013672,58.06228090308393,29.07357978752274,lateral,1
127,4.552,Participant 6-Slouch 2_frame00127,train,90deg,lateral_Participant6,Participant6,Mesomorph,Normal,,,,,,slouch,1.0,0.0,0.0,0.32059013843536377,58.12048745204686,0.043790758657882047,0.1335381269454956,58.12048745204686,29.1451139151964,lateral,1
128,4.5878,Participant 6-Slouch 2_frame00128,train,90deg,lateral_Participant6,Participant6,Mesomorph,Normal,,,,,,slouch,1.0,0.0,0.0,0.34747517108917236,55.67367925271084,0.03959712333594857,0.13945165276527405,55.67367925271084,29.183380627021773,lateral,1
129,4.6237,Participant 6-Slouch 2_frame00129,train,90deg,lateral_Participant6,Participant6,Mesomorph,Normal,,,,,,slouch,1.0,0.0,0.0,0.3373374342918396,56.362507490317206,0.050455184303188925,0.1322198510169983,56.362507490317206,29.872691928911138,lateral,1
130,4.6595,Participant 6-Slouch 2_frame00130,train,90deg,lateral_Participant6,Participant6,Mesomorph,Normal,,,,,,slouch,1.0,0.0,0.0,0.32736292481422424,56.12377254018287,0.04882133204824874,0.12458169460296631,56.12377254018287,31.591137595334526,lateral,1
131,4.6954,Participant 6-Slouch 2_frame00131,train,90deg,lateral_Participant6,Participant6,Mesomorph,Normal,,,,,,slouch,1.0,0.0,0.0,0.36408481001853943,56.43589763495604,0.050182033895488996,0.13776344060897827,56.43589763495604,29.188838508409404,lateral,1
132,4.7312,Participant 6-Slouch 2_frame00132,train,90deg,lateral_Participant6,Participant6,Mesomorph,Normal,,,,,,slouch,1.0,0.0,0.0,0.33969616889953613,54.40140793126167,0.0776534133187765,0.12223151326179504,54.40140793126167,31.738594982061223,lateral,1
133,4.7671,Participant 6-Slouch 2_frame00133,train,90deg,lateral_Participant6,Participant6,Mesomorph,Normal,,,,,,slouch,1.0,0.0,0.0,0.39415721595287323,56.15857191346531,0.060476134805637925,0.13529354333877563,56.15857191346531,29.275398308080348,lateral,1
134,4.8029,Participant 6-Slouch 2_frame00134,train,90deg,lateral_Participant6,Participant6,Mesomorph,Normal,,,,,,slouch,1.0,0.0,0.0,0.33730581402778625,56.17877797518991,0.0536855035801227,0.13577383756637573,56.17877797518991,14.26692309706902,lateral,1
135,4.8387,Participant 6-Slouch 2_frame00135,train,90deg,lateral_Participant6,Participant6,Mesomorph,Normal,,,,,,slouch,1.0,0.0,0.0,0.36562468111515045,56.282583606216456,0.05687491755923321,0.12557163834571838,56.282583606216456,31.09495805360931,lateral,1
136,4.8746,Participant 6-Slouch 2_frame00136,train,90deg,lateral_Participant6,Participant6,Mesomorph,Normal,,,,,,slouch,1.0,0.0,0.0,0.4014224410057068,57.31436273394385,0.05290512313281579,0.13955169916152954,57.31436273394385,28.492291875028823,lateral,1
137,4.9104,Participant 6-Slouch 2_frame00137,train,90deg,lateral_Participant6,Participant6,Mesomorph,Normal,,,,,,slouch,1.0,0.0,0.0,0.31695958971977234,54.73513034810139,0.048664706744160686,0.12363678216934204,54.73513034810139,31.90954482734036,lateral,1
138,4.9463,Participant 6-Slouch 2_frame00138,train,90deg,lateral_Participant6,Participant6,Mesomorph,Normal,,,,,,slouch,1.0,0.0,0.0,0.35790571570396423,54.70573154031029,0.06557198948089826,0.13135048747062683,54.70573154031029,30.895150102139006,lateral,1
139,4.9821,Participant 6-Slouch 2_frame00139,train,90deg,lateral_Participant6,Participant6,Mesomorph,Normal,,,,,,slouch,1.0,0.0,0.0,0.3156317472457886,58.129528339723265,0.03156825285509928,0.13119861483573914,58.129528339723265,29.338085982370423,lateral,1
140,5.018,Participant 6-Slouch 2_frame00140,train,90deg,lateral_Participant6,Participant6,Mesomorph,Normal,,,,,,slouch,1.0,0.0,0.0,0.30104926228523254,55.493474640109326,0.06884958808861691,0.12639129161834717,55.493474640109326,31.01715476200192,lateral,1
141,5.0538,Participant 6-Slouch 2_frame00141,train,90deg,lateral_Participant6,Participant6,Mesomorph,Normal,,,,,,slouch,1.0,0.0,0.0,0.40912291407585144,58.30332308407847,0.044991914299979244,0.13648873567581177,58.30332308407847,28.625799859826714,lateral,1
142,5.0896,Participant 6-Slouch 2_frame00142,train,90deg,lateral_Participant6,Participant6,Mesomorph,Normal,,,,,,slouch,1.0,0.0,0.0,0.40837299823760986,56.3623409173551,0.04514082671933378,0.12799745798110962,56.3623409173551,30.150545369901156,lateral,1
143,5.1255,Participant 6-Slouch 2_frame00143,train,90deg,lateral_Participant6,Participant6,Mesomorph,Normal,,,,,,slouch,1.0,0.0,0.0,0.38810159265995026,57.41807113308556,0.059268029810622826,0.1324281394481659,57.41807113308556,29.061809575061133,lateral,1
144,5.1613,Participant 6-Slouch 2_frame00144,train,90deg,lateral_Participant6,Participant6,Mesomorph,Normal,,,,,,slouch,1.0,0.0,0.0,0.33092358708381653,58.6165001157816,0.031100020226239904,0.13532623648643494,58.6165001157816,28.774314800167453,lateral,1
145,5.1972,Participant 6-Slouch 2_frame00145,train,90deg,lateral_Participant6,Participant6,Mesomorph,Normal,,,,,,slouch,1.0,0.0,0.0,0.3766483962535858,53.19530184443879,0.0965213984125348,0.11634030938148499,53.19530184443879,33.51831414650386,lateral,1
146,5.233,Participant 6-Slouch 2_frame00146,train,90deg,lateral_Participant6,Participant6,Mesomorph,Normal,,,,,,slouch,1.0,0.0,0.0,0.27016669511795044,58.122897966514195,0.03260345760834738,0.13286146521568298,58.122897966514195,29.219039970335594,lateral,1
147,5.2689,Participant 6-Slouch 2_frame00147,train,90deg,lateral_Participant6,Participant6,Mesomorph,Normal,,,,,,slouch,1.0,0.0,0.0,0.2833530604839325,57.431227401377384,0.036296192320756426,0.13528919219970703,57.431227401377384,29.431337823042014,lateral,1
148,5.3047,Participant 6-Slouch 2_frame00148,train,90deg,lateral_Participant6,Participant6,Mesomorph,Normal,,,,,,slouch,1.0,0.0,0.0,0.3604806214570999,55.97110798561159,0.05323383688800774,0.13272401690483093,55.97110798561159,29.97169308172697,lateral,1
149,5.3405,Participant 6-Slouch 2_frame00149,train,90deg,lateral_Participant6,Participant6,Mesomorph,Normal,,,,,,slouch,1.0,0.0,0.0,0.349604070186615,58.433351679876026,0.05562899065240055,0.12858325242996216,58.433351679876026,29.794981621222586,lateral,1
150,5.3764,Participant 6-Slouch 2_frame00150,train,90deg,lateral_Participant6,Participant6,Mesomorph,Normal,,,,,,slouch,1.0,0.0,0.0,0.28501495718955994,59.0728294611977,0.03221330912440986,0.1284242570400238,59.0728294611977,29.619377770009706,lateral,1
151,5.4122,Participant 6-Slouch 2_frame00151,train,90deg,lateral_Participant6,Participant6,Mesomorph,Normal,,,,,,slouch,1.0,0.0,0.0,0.3904305696487427,58.563404743081065,0.05681436876957812,0.13960272073745728,58.563404743081065,28.777840861230302,lateral,1
152,5.4481,Participant 6-Slouch 2_frame00152,train,90deg,lateral_Participant6,Participant6,Mesomorph,Normal,,,,,,slouch,1.0,0.0,0.0,0.32856327295303345,56.26521251091012,0.03873435999764716,0.1334274411201477,56.26521251091012,29.870910719984884,lateral,1
153,5.4839,Participant 6-Slouch 2_frame00153,train,90deg,lateral_Participant6,Participant6,Mesomorph,Normal,,,,,,slouch,1.0,0.0,0.0,0.3920261412858963,55.8862408601566,0.05256042329152622,0.13180211186408997,55.8862408601566,30.779655459540304,lateral,1
154,5.5198,Participant 6-Slouch 2_frame00154,train,90deg,lateral_Participant6,Participant6,Mesomorph,Normal,,,,,,slouch,1.0,0.0,0.0,0.38403289020061493,55.889872694004765,0.06061960744846215,0.13609999418258667,55.889872694004765,29.091892571114943,lateral,1
155,5.5556,Participant 6-Slouch 2_frame00155,train,90deg,lateral_Participant6,Participant6,Mesomorph,Normal,,,,,,slouch,1.0,0.0,0.0,0.3699890971183777,55.41250585413719,0.05311856593256779,0.1263428032398224,55.41250585413719,31.288025348103105,lateral,1
156,5.5914,Participant 6-Slouch 2_frame00156,train,90deg,lateral_Participant6,Participant6,Mesomorph,Normal,,,,,,slouch,1.0,0.0,0.0,0.32388806343078613,59.031314718194395,0.02121474748205476,0.1255548894405365,59.031314718194395,29.77510333393989,lateral,1
157,5.6273,Participant 6-Slouch 2_frame00157,train,90deg,lateral_Participant6,Participant6,Mesomorph,Normal,,,,,,slouch,1.0,0.0,0.0,0.3223581910133362,58.21738623294941,0.04522126938523092,0.1262277364730835,58.21738623294941,29.907477599824396,lateral,1
158,5.6631,Participant 6-Slouch 2_frame00158,train,90deg,lateral_Participant6,Participant6,Mesomorph,Normal,,,,,,slouch,1.0,0.0,0.0,0.38749220967292786,53.85371626818239,0.0642251954599468,0.12742438912391663,53.85371626818239,31.52828311754784,lateral,1
0,0.0,Participant 6-Slouch_frame00000,train,90deg,lateral_Participant6,Participant6,Mesomorph,Normal,,,,,,slouch,1.0,0.0,0.0,0.3265349566936493,52.56548217983906,0.04484830130252391,0.13174277544021606,52.56548217983906,20.131936754160904,lateral,1
1,0.0358,Participant 6-Slouch_frame00001,train,90deg,lateral_Participant6,Participant6,Mesomorph,Normal,,,,,,slouch,1.0,0.0,0.0,0.4285172075033188,55.673413622779314,0.031232280006612635,0.14759474992752075,55.673413622779314,19.200439846521412,lateral,1
2,0.0717,Participant 6-Slouch_frame00002,train,90deg,lateral_Participant6,Participant6,Mesomorph,Normal,,,,,,slouch,1.0,0.0,0.0,0.38296468555927277,54.54433287884699,0.04097902495580628,0.1319596767425537,54.54433287884699,17.959622079789778,lateral,1
3,0.1075,Participant 6-Slouch_frame00003,train,90deg,lateral_Participant6,Participant6,Mesomorph,Normal,,,,,,slouch,1.0,0.0,0.0,0.2877693176269531,51.22572098411894,0.05448497278205532,0.1297646164894104,51.22572098411894,18.42193306589067,lateral,1
4,0.1434,Participant 6-Slouch_frame00004,train,90deg,lateral_Participant6,Participant6,Mesomorph,Normal,,,,,,slouch,1.0,0.0,0.0,0.4042038023471832,53.19944887352393,0.04075155583857458,0.13175487518310547,53.19944887352393,19.72748915548402,lateral,1
5,0.1792,Participant 6-Slouch_frame00005,train,90deg,lateral_Participant6,Participant6,Mesomorph,Normal,,,,,,slouch,1.0,0.0,0.0,0.36268100142478943,51.10546602771095,0.050503102250680616,0.13072249293327332,51.10546602771095,20.855384690669663,lateral,1
6,0.2151,Participant 6-Slouch_frame00006,train,90deg,lateral_Participant6,Participant6,Mesomorph,Normal,,,,,,slouch,1.0,0.0,0.0,0.33486178517341614,51.97050411338889,0.037842104561146346,0.13097870349884033,51.97050411338889,18.4519888918589,lateral,1
7,0.2509,Participant 6-Slouch_frame00007,train,90deg,lateral_Participant6,Participant6,Mesomorph,Normal,,,,,,slouch,1.0,0.0,0.0,0.3267485201358795,53.54038378600919,0.04583149205337119,0.13266533613204956,53.54038378600919,18.74372384173073,lateral,1
8,0.2867,Participant 6-Slouch_frame00008,train,90deg,lateral_Participant6,Participant6,Mesomorph,Normal,,,,,,slouch,1.0,0.0,0.0,0.4231724441051483,55.974053177166844,0.036696288894468757,0.15042909979820251,55.974053177166844,20.293873405228283,lateral,1
9,0.3226,Participant 6-Slouch_frame00009,train,90deg,lateral_Participant6,Participant6,Mesomorph,Normal,,,,,,slouch,1.0,0.0,0.0,0.42415550351142883,55.60417782753406,0.03911520900815458,0.14300256967544556,55.60417782753406,19.57857092521192,lateral,1
10,0.3584,Participant 6-Slouch_frame00010,train,90deg,lateral_Participant6,Participant6,Mesomorph,Normal,,,,,,slouch,1.0,0.0,0.0,0.3662542700767517,54.677899022050184,0.044312111252534356,0.14109420776367188,54.677899022050184,18.76524588906441,lateral,1
11,0.3943,Participant 6-Slouch_frame00011,train,90deg,lateral_Participant6,Participant6,Mesomorph,Normal,,,,,,slouch,1.0,0.0,0.0,0.4015902578830719,56.93948387593063,0.0402727041330611,0.15434050559997559,56.93948387593063,18.94961833018783,lateral,1
12,0.4301,Participant 6-Slouch_frame00012,train,90deg,lateral_Participant6,Participant6,Mesomorph,Normal,,,,,,slouch,1.0,0.0,0.0,0.4191106855869293,54.55725626194245,0.03847655497728189,0.1458008587360382,54.55725626194245,19.625459004845908,lateral,1
13,0.466,Participant 6-Slouch_frame00013,train,90deg,lateral_Participant6,Participant6,Mesomorph,Normal,,,,,,slouch,1.0,0.0,0.0,0.40460601449012756,53.53647766929583,0.037847805148817935,0.14163738489151,53.53647766929583,20.392343503177393,lateral,1
14,0.5018,Participant 6-Slouch_frame00014,train,90deg,lateral_Participant6,Participant6,Mesomorph,Normal,,,,,,slouch,1.0,0.0,0.0,0.40887823700904846,54.14632298172656,0.04265798588187241,0.1381116509437561,54.14632298172656,18.688237491171506,lateral,1
15,0.5376,Participant 6-Slouch_frame00015,train,90deg,lateral_Participant6,Participant6,Mesomorph,Normal,,,,,,slouch,1.0,0.0,0.0,0.43553127348423004,54.661701336752884,0.034858697284060665,0.1390237808227539,54.661701336752884,20.318147971902118,lateral,1
16,0.5735,Participant 6-Slouch_frame00016,train,90deg,lateral_Participant6,Participant6,Mesomorph,Normal,,,,,,slouch,1.0,0.0,0.0,0.4520798921585083,54.51414165750865,0.02777898666189539,0.14225953817367554,54.51414165750865,21.17949025809434,lateral,1
17,0.6093,Participant 6-Slouch_frame00017,train,90deg,lateral_Participant6,Participant6,Mesomorph,Normal,,,,,,slouch,1.0,0.0,0.0,0.42703329026699066,53.86319475774299,0.03593714632288494,0.1452939510345459,53.86319475774299,20.57492487661992,lateral,1
18,0.6452,Participant 6-Slouch_frame00018,train,90deg,lateral_Participant6,Participant6,Mesomorph,Normal,,,,,,slouch,1.0,0.0,0.0,0.4570032060146332,55.53650405608029,0.03418343089265724,0.14546066522598267,55.53650405608029,21.089649549261477,lateral,1
19,0.681,Participant 6-Slouch_frame00019,train,90deg,lateral_Participant6,Participant6,Mesomorph,Normal,,,,,,slouch,1.0,0.0,0.0,0.4346945881843567,54.1314846499455,0.02743753823990284,0.14108937978744507,54.1314846499455,20.60220348173002,lateral,1
20,0.7169,Participant 6-Slouch_frame00020,train,90deg,lateral_Participant6,Participant6,Mesomorph,Normal,,,,,,slouch,1.0,0.0,0.0,0.44123674929142,53.691576528308524,0.0277292039177567,0.14477524161338806,53.691576528308524,20.68948037637566,lateral,1
21,0.7527,Participant 6-Slouch_frame00021,train,90deg,lateral_Participant6,Participant6,Mesomorph,Normal,,,,,,slouch,1.0,0.0,0.0,0.420602023601532,53.85310191742274,0.027063946984446613,0.14125603437423706,53.85310191742274,18.584786335139896,lateral,1
22,0.7885,Participant 6-Slouch_frame00022,train,90deg,lateral_Participant6,Participant6,Mesomorph,Normal,,,,,,slouch,1.0,0.0,0.0,0.4486802816390991,55.161419556751945,0.03189811122601801,0.14738509058952332,55.161419556751945,20.992811975885413,lateral,1
23,0.8244,Participant 6-Slouch_frame00023,train,90deg,lateral_Participant6,Participant6,Mesomorph,Normal,,,,,,slouch,1.0,0.0,0.0,0.43172410130500793,53.98934677405538,0.04285630569467316,0.1377374529838562,53.98934677405538,17.439414337307433,lateral,1
24,0.8602,Participant 6-Slouch_frame00024,train,90deg,lateral_Participant6,Participant6,Mesomorph,Normal,,,,,,slouch,1.0,0.0,0.0,0.43141211569309235,53.75634920128312,0.028483199939831446,0.1387004852294922,53.75634920128312,21.553180883116994,lateral,1
25,0.8961,Participant 6-Slouch_frame00025,train,90deg,lateral_Participant6,Participant6,Mesomorph,Normal,,,,,,slouch,1.0,0.0,0.0,0.4271095246076584,56.3121936494441,0.02550951556315078,0.1284104585647583,56.3121936494441,19.29133715527047,lateral,1
26,0.9319,Participant 6-Slouch_frame00026,train,90deg,lateral_Participant6,Participant6,Mesomorph,Normal,,,,,,slouch,1.0,0.0,0.0,0.4256703108549118,55.74052206965631,0.031202678836589476,0.13587984442710876,55.74052206965631,19.50804314363917,lateral,1
27,0.9677,Participant 6-Slouch_frame00027,train,90deg,lateral_Participant6,Participant6,Mesomorph,Normal,,,,,,slouch,1.0,0.0,0.0,0.44926618039608,58.47253246430676,0.02950829758392484,0.14931663870811462,58.47253246430676,18.812372722727677,lateral,1
28,1.0036,Participant 6-Slouch_frame00028,train,90deg,lateral_Participant6,Participant6,Mesomorph,Normal,,,,,,slouch,1.0,0.0,0.0,0.4402884542942047,58.730997025328826,0.025366169243769904,0.14546296000480652,58.730997025328826,18.04871849881331,lateral,1
29,1.0394,Participant 6-Slouch_frame00029,train,90deg,lateral_Participant6,Participant6,Mesomorph,Normal,,,,,,slouch,1.0,0.0,0.0,0.41379377245903015,55.85342055955171,0.03258270817907189,0.14492815732955933,55.85342055955171,20.239726726116782,lateral,1
30,1.0753,Participant 6-Slouch_frame00030,train,90deg,lateral_Participant6,Participant6,Mesomorph,Normal,,,,,,slouch,1.0,0.0,0.0,0.4310947209596634,55.67794556888382,0.02418292843437461,0.1516820788383484,55.67794556888382,19.517279946478823,lateral,1
31,1.1111,Participant 6-Slouch_frame00031,train,90deg,lateral_Participant6,Participant6,Mesomorph,Normal,,,,,,slouch,1.0,0.0,0.0,0.439460888504982,58.99261966845408,0.0259541548737138,0.1411346197128296,58.99261966845408,19.213957981354085,lateral,1
32,1.147,Participant 6-Slouch_frame00032,train,90deg,lateral_Participant6,Participant6,Mesomorph,Normal,,,,,,slouch,1.0,0.0,0.0,0.431101992726326,55.86490247195859,0.03310273671281831,0.13383126258850098,55.86490247195859,17.95045241567393,lateral,1
33,1.1828,Participant 6-Slouch_frame00033,train,90deg,lateral_Participant6,Participant6,Mesomorph,Normal,,,,,,slouch,1.0,0.0,0.0,0.41456325352191925,56.65238689551082,0.029413637765699836,0.13929146528244019,56.65238689551082,19.280649686243642,lateral,1
34,1.2186,Participant 6-Slouch_frame00034,train,90deg,lateral_Participant6,Participant6,Mesomorph,Normal,,,,,,slouch,1.0,0.0,0.0,0.39788253605365753,55.28758418220349,0.032723273935958024,0.1320432424545288,55.28758418220349,19.273634057570234,lateral,1
35,1.2545,Participant 6-Slouch_frame00035,train,90deg,lateral_Participant6,Participant6,Mesomorph,Normal,,,,,,slouch,1.0,0.0,0.0,0.41190266609191895,55.80644056078702,0.031620938384861956,0.13913360238075256,55.80644056078702,16.60618555340295,lateral,1
36,1.2903,Participant 6-Slouch_frame00036,train,90deg,lateral_Participant6,Participant6,Mesomorph,Normal,,,,,,slouch,1.0,0.0,0.0,0.42157676815986633,55.9340926675285,0.0332441658684922,0.1472489833831787,55.9340926675285,20.70204529932216,lateral,1
37,1.3262,Participant 6-Slouch_frame00037,train,90deg,lateral_Participant6,Participant6,Mesomorph,Normal,,,,,,slouch,1.0,0.0,0.0,0.41884997487068176,59.12972980450746,0.034155049962457544,0.14434105157852173,59.12972980450746,18.608972287253213,lateral,1
38,1.362,Participant 6-Slouch_frame00038,train,90deg,lateral_Participant6,Participant6,Mesomorph,Normal,,,,,,slouch,1.0,0.0,0.0,0.43583354353904724,56.98150899962877,0.03222084794240446,0.14377766847610474,56.98150899962877,18.96450642572189,lateral,1
39,1.3979,Participant 6-Slouch_frame00039,train,90deg,lateral_Participant6,Participant6,Mesomorph,Normal,,,,,,slouch,1.0,0.0,0.0,0.44716304540634155,56.52656197629165,0.03142071729836435,0.14698809385299683,56.52656197629165,18.18169513248268,lateral,1
40,1.4337,Participant 6-Slouch_frame00040,train,90deg,lateral_Participant6,Participant6,Mesomorph,Normal,,,,,,slouch,1.0,0.0,0.0,0.4358050376176834,56.185251540111324,0.02618642457452421,0.1405867040157318,56.185251540111324,18.83457034885734,lateral,1
41,1.4695,Participant 6-Slouch_frame00041,train,90deg,lateral_Participant6,Participant6,Mesomorph,Normal,,,,,,slouch,1.0,0.0,0.0,0.4277970790863037,58.14547900755307,0.037971199269093765,0.14570394158363342,58.14547900755307,18.813327915988424,lateral,1
42,1.5054,Participant 6-Slouch_frame00042,train,90deg,lateral_Participant6,Participant6,Mesomorph,Normal,,,,,,slouch,1.0,0.0,0.0,0.44796349108219147,59.53957971383054,0.032911941205548405,0.14912652969360352,59.53957971383054,17.993327121582553,lateral,1
43,1.5412,Participant 6-Slouch_frame00043,train,90deg,lateral_Participant6,Participant6,Mesomorph,Normal,,,,,,slouch,1.0,0.0,0.0,0.43404844403266907,57.57680592815643,0.0302695289533979,0.13776671886444092,57.57680592815643,18.245210217785605,lateral,1
44,1.5771,Participant 6-Slouch_frame00044,train,90deg,lateral_Participant6,Participant6,Mesomorph,Normal,,,,,,slouch,1.0,0.0,0.0,0.4256775379180908,57.87343376584748,0.024694923855565796,0.1394609808921814,57.87343376584748,17.49931498086566,lateral,1
45,1.6129,Participant 6-Slouch_frame00045,train,90deg,lateral_Participant6,Participant6,Mesomorph,Normal,,,,,,slouch,1.0,0.0,0.0,0.4131788909435272,54.50946006690352,0.04008761933657978,0.14308741688728333,54.50946006690352,18.170219698665896,lateral,1
46,1.6488,Participant 6-Slouch_frame00046,train,90deg,lateral_Participant6,Participant6,Mesomorph,Normal,,,,,,slouch,1.0,0.0,0.0,0.36859130859375,55.05030252397064,0.03635813689157288,0.13571703433990479,55.05030252397064,19.44698217332322,lateral,1
47,1.6846,Participant 6-Slouch_frame00047,train,90deg,lateral_Participant6,Participant6,Mesomorph,Normal,,,,,,slouch,1.0,0.0,0.0,0.41896094381809235,55.08967187919983,0.03300997808482757,0.13724756240844727,55.08967187919983,18.613516912299783,lateral,1
48,1.7204,Participant 6-Slouch_frame00048,train,90deg,lateral_Participant6,Participant6,Mesomorph,Normal,,,,,,slouch,1.0,0.0,0.0,0.2880001366138458,53.56792475827295,0.04293557884727518,0.12998825311660767,53.56792475827295,17.836212205412426,lateral,1
49,1.7563,Participant 6-Slouch_frame00049,train,90deg,lateral_Participant6,Participant6,Mesomorph,Normal,,,,,,slouch,1.0,0.0,0.0,0.37477874755859375,57.366895921813985,0.027531933353337913,0.13417410850524902,57.366895921813985,19.3223015245013,lateral,1
50,1.7921,Participant 6-Slouch_frame00050,train,90deg,lateral_Participant6,Participant6,Mesomorph,Normal,,,,,,slouch,1.0,0.0,0.0,0.35727691650390625,54.62785242998554,0.03761864249918495,0.1360824704170227,54.62785242998554,19.166968742383276,lateral,1
51,1.828,Participant 6-Slouch_frame00051,train,90deg,lateral_Participant6,Participant6,Mesomorph,Normal,,,,,,slouch,1.0,0.0,0.0,0.36949682235717773,53.91549649884972,0.03792307307200911,0.13474389910697937,53.91549649884972,19.348364233857993,lateral,1
52,1.8638,Participant 6-Slouch_frame00052,train,90deg,lateral_Participant6,Participant6,Mesomorph,Normal,,,,,,slouch,1.0,0.0,0.0,0.4345286637544632,58.04588268731797,0.028798388820765713,0.15023216605186462,58.04588268731797,19.00160808254618,lateral,1
53,1.8997,Participant 6-Slouch_frame00053,train,90deg,lateral_Participant6,Participant6,Mesomorph,Normal,,,,,,slouch,1.0,0.0,0.0,0.43672899901866913,56.869808118969026,0.026146002337934814,0.138546884059906,56.869808118969026,18.5473796904405,lateral,1
54,1.9355,Participant 6-Slouch_frame00054,train,90deg,lateral_Participant6,Participant6,Mesomorph,Normal,,,,,,slouch,1.0,0.0,0.0,0.299482524394989,54.147447964573466,0.046897845439483464,0.13399136066436768,54.147447964573466,16.62701669193813,lateral,1
55,1.9713,Participant 6-Slouch_frame00055,train,90deg,lateral_Participant6,Participant6,Mesomorph,Normal,,,,,,slouch,1.0,0.0,0.0,0.3021653890609741,54.511580959662446,0.03584333768037417,0.12732607126235962,54.511580959662446,17.65663039488818,lateral,1
56,2.0072,Participant 6-Slouch_frame00056,train,90deg,lateral_Participant6,Participant6,Mesomorph,Normal,,,,,,slouch,1.0,0.0,0.0,0.29487165808677673,53.725100656020395,0.04367396643616797,0.13705721497535706,53.725100656020395,18.65080803656549,lateral,1
57,2.043,Participant 6-Slouch_frame00057,train,90deg,lateral_Participant6,Participant6,Mesomorph,Normal,,,,,,slouch,1.0,0.0,0.0,0.3609974980354309,53.30730977939267,0.033767661046140096,0.1359792947769165,53.30730977939267,20.55150107946878,lateral,1
58,2.0789,Participant 6-Slouch_frame00058,train,90deg,lateral_Participant6,Participant6,Mesomorph,Normal,,,,,,slouch,1.0,0.0,0.0,0.4273265600204468,57.048633871653486,0.027242793029329648,0.13964533805847168,57.048633871653486,17.67019954189043,lateral,1
59,2.1147,Participant 6-Slouch_frame00059,train,90deg,lateral_Participant6,Participant6,Mesomorph,Normal,,,,,,slouch,1.0,0.0,0.0,0.3291722238063812,53.25432901393163,0.04117857966494256,0.1311635673046112,53.25432901393163,19.204761025939725,lateral,1
60,2.1506,Participant 6-Slouch_frame00060,train,90deg,lateral_Participant6,Participant6,Mesomorph,Normal,,,,,,slouch,1.0,0.0,0.0,0.4136400371789932,54.56447804361681,0.035011847438756294,0.1399630308151245,54.56447804361681,19.677693295043294,lateral,1
61,2.1864,Participant 6-Slouch_frame00061,train,90deg,lateral_Participant6,Participant6,Mesomorph,Normal,,,,,,slouch,1.0,0.0,0.0,0.41258610785007477,57.87448177183951,0.0311623792218141,0.14523756504058838,57.87448177183951,19.01828426964476,lateral,1
62,2.2222,Participant 6-Slouch_frame00062,train,90deg,lateral_Participant6,Participant6,Mesomorph,Normal,,,,,,slouch,1.0,0.0,0.0,0.39790859818458557,57.726210028084324,0.024455465939752924,0.1380864381790161,57.726210028084324,20.40000438581371,lateral,1
63,2.2581,Participant 6-Slouch_frame00063,train,90deg,lateral_Participant6,Participant6,Mesomorph,Normal,,,,,,slouch,1.0,0.0,0.0,0.4320812225341797,58.301017676603635,0.033772851060090765,0.15327423810958862,58.301017676603635,17.64582317524007,lateral,1
64,2.2939,Participant 6-Slouch_frame00064,train,90deg,lateral_Participant6,Participant6,Mesomorph,Normal,,,,,,slouch,1.0,0.0,0.0,0.4307872802019119,58.2921195963774,0.026243980817036577,0.14143922924995422,58.2921195963774,20.058230633600445,lateral,1
65,2.3298,Participant 6-Slouch_frame00065,train,90deg,lateral_Participant6,Participant6,Mesomorph,Normal,,,,,,slouch,1.0,0.0,0.0,0.4287882000207901,56.597771429903595,0.025318798127434296,0.14020341634750366,56.597771429903595,17.984264371089772,lateral,1
66,2.3656,Participant 6-Slouch_frame00066,train,90deg,lateral_Participant6,Participant6,Mesomorph,Normal,,,,,,slouch,1.0,0.0,0.0,0.4299750030040741,57.18888024599561,0.03321981168621119,0.1482873558998108,57.18888024599561,17.438448373018808,lateral,1
67,2.4015,Participant 6-Slouch_frame00067,train,90deg,lateral_Participant6,Participant6,Mesomorph,Normal,,,,,,slouch,1.0,0.0,0.0,0.4443068504333496,56.267032605287184,0.022150927379102424,0.13953936100006104,56.267032605287184,19.471320276085393,lateral,1
68,2.4373,Participant 6-Slouch_frame00068,train,90deg,lateral_Participant6,Participant6,Mesomorph,Normal,,,,,,slouch,1.0,0.0,0.0,0.435163751244545,58.347066691162325,0.031126297139520396,0.14675354957580566,58.347066691162325,20.654913448302096,lateral,1
69,2.4731,Participant 6-Slouch_frame00069,train,90deg,lateral_Participant6,Participant6,Mesomorph,Normal,,,,,,slouch,1.0,0.0,0.0,0.4412637799978256,56.95800045988733,0.029312130925281805,0.1470177173614502,56.95800045988733,18.073998028009598,lateral,1
70,2.509,Participant 6-Slouch_frame00070,train,90deg,lateral_Participant6,Participant6,Mesomorph,Normal,,,,,,slouch,1.0,0.0,0.0,0.44270995259284973,56.395095820300945,0.031488098205495994,0.14707648754119873,56.395095820300945,20.150222905100847,lateral,1
71,2.5448,Participant 6-Slouch_frame00071,train,90deg,lateral_Participant6,Participant6,Mesomorph,Normal,,,,,,slouch,1.0,0.0,0.0,0.4465111345052719,59.095302676061465,0.03500151616758015,0.1601981520652771,59.095302676061465,18.768914268390912,lateral,1
72,2.5807,Participant 6-Slouch_frame00072,train,90deg,lateral_Participant6,Participant6,Mesomorph,Normal,,,,,,slouch,1.0,0.0,0.0,0.4310414493083954,58.15586094959947,0.03718067139801332,0.15179157257080078,58.15586094959947,19.221357329716344,lateral,1
73,2.6165,Participant 6-Slouch_frame00073,train,90deg,lateral_Participant6,Participant6,Mesomorph,Normal,,,,,,slouch,1.0,0.0,0.0,0.4255039691925049,57.63407270240517,0.02562769008283688,0.14362317323684692,57.63407270240517,17.338490752312715,lateral,1
74,2.6524,Participant 6-Slouch_frame00074,train,90deg,lateral_Participant6,Participant6,Mesomorph,Normal,,,,,,slouch,1.0,0.0,0.0,0.42792803049087524,56.98912161043032,0.03616717288009632,0.1466517448425293,56.98912161043032,18.685309819902074,lateral,1
75,2.6882,Participant 6-Slouch_frame00075,train,90deg,lateral_Participant6,Participant6,Mesomorph,Normal,,,,,,slouch,1.0,0.0,0.0,0.4085390120744705,55.02625209978731,0.03483434417212206,0.14076930284500122,55.02625209978731,18.210472548096842,lateral,1
76,2.724,Participant 6-Slouch_frame00076,train,90deg,lateral_Participant6,Participant6,Mesomorph,Normal,,,,,,slouch,1.0,0.0,0.0,0.28355908393859863,54.68568043491691,0.05664700001021486,0.14283305406570435,54.68568043491691,16.124917205924767,lateral,1
77,2.7599,Participant 6-Slouch_frame00077,train,90deg,lateral_Participant6,Participant6,Mesomorph,Normal,,,,,,slouch,1.0,0.0,0.0,0.39077766239643097,56.596757780608264,0.041345947586832,0.14463382959365845,56.596757780608264,19.06687317554727,lateral,1
78,2.7957,Participant 6-Slouch_frame00078,train,90deg,lateral_Participant6,Participant6,Mesomorph,Normal,,,,,,slouch,1.0,0.0,0.0,0.4263455420732498,57.804428357568156,0.028628805963842412,0.1379273533821106,57.804428357568156,16.287206097872335,lateral,1
79,2.8316,Participant 6-Slouch_frame00079,train,90deg,lateral_Participant6,Participant6,Mesomorph,Normal,,,,,,slouch,1.0,0.0,0.0,0.3511987328529358,54.497108420447006,0.03726898396835915,0.13341686129570007,54.497108420447006,18.80970916974502,lateral,1
80,2.8674,Participant 6-Slouch_frame00080,train,90deg,lateral_Participant6,Participant6,Mesomorph,Normal,,,,,,slouch,1.0,0.0,0.0,0.3666333258152008,54.76563205110578,0.03886671058153289,0.1391698122024536,54.76563205110578,18.995452725763474,lateral,1
81,2.9032,Participant 6-Slouch_frame00081,train,90deg,lateral_Participant6,Participant6,Mesomorph,Normal,,,,,,slouch,1.0,0.0,0.0,0.4309372752904892,56.03965600461632,0.033987116664211954,0.14931973814964294,56.03965600461632,18.42934739460266,lateral,1
82,2.9391,Participant 6-Slouch_frame00082,train,90deg,lateral_Participant6,Participant6,Mesomorph,Normal,,,,,,slouch,1.0,0.0,0.0,0.4275577962398529,55.45255984473828,0.03735653235322317,0.14375841617584229,55.45255984473828,19.64736452799035,lateral,1
83,2.9749,Participant 6-Slouch_frame00083,train,90deg,lateral_Participant6,Participant6,Mesomorph,Normal,,,,,,slouch,1.0,0.0,0.0,0.4362902492284775,58.243275622128955,0.03011579772185947,0.14983806014060974,58.243275622128955,19.008493852148817,lateral,1
84,3.0108,Participant 6-Slouch_frame00084,train,90deg,lateral_Participant6,Participant6,Mesomorph,Normal,,,,,,slouch,1.0,0.0,0.0,0.27996620535850525,53.85884510394937,0.050888839331901,0.12858259677886963,53.85884510394937,18.54610899512588,lateral,1
85,3.0466,Participant 6-Slouch_frame00085,train,90deg,lateral_Participant6,Participant6,Mesomorph,Normal,,,,,,slouch,1.0,0.0,0.0,0.2730696201324463,54.19217994353184,0.04610554052589545,0.1301451325416565,54.19217994353184,18.51794203662407,lateral,1
86,3.0825,Participant 6-Slouch_frame00086,train,90deg,lateral_Participant6,Participant6,Mesomorph,Normal,,,,,,slouch,1.0,0.0,0.0,0.28027257323265076,53.34463395825877,0.05300070492636119,0.13112950325012207,53.34463395825877,17.217602762473394,lateral,1
87,3.1183,Participant 6-Slouch_frame00087,train,90deg,lateral_Participant6,Participant6,Mesomorph,Normal,,,,,,slouch,1.0,0.0,0.0,0.3850402235984802,54.0953071359509,0.04286515147767219,0.14245116710662842,54.0953071359509,18.77960440581023,lateral,1
88,3.1541,Participant 6-Slouch_frame00088,train,90deg,lateral_Participant6,Participant6,Mesomorph,Normal,,,,,,slouch,1.0,0.0,0.0,0.33327844738960266,56.64797822587973,0.03508413291234008,0.13617092370986938,56.64797822587973,19.73419439428461,lateral,1
89,3.19,Participant 6-Slouch_frame00089,train,90deg,lateral_Participant6,Participant6,Mesomorph,Normal,,,,,,slouch,1.0,0.0,0.0,0.45049142837524414,57.07930912299303,0.02839094221557594,0.14863276481628418,57.07930912299303,19.801265138559046,lateral,1
90,3.2258,Participant 6-Slouch_frame00090,train,90deg,lateral_Participant6,Participant6,Mesomorph,Normal,,,,,,slouch,1.0,0.0,0.0,0.43646347522735596,57.08725270226321,0.029675047129289648,0.14207801222801208,57.08725270226321,19.321365407052433,lateral,1
91,3.2617,Participant 6-Slouch_frame00091,train,90deg,lateral_Participant6,Participant6,Mesomorph,Normal,,,,,,slouch,1.0,0.0,0.0,0.4143328368663788,53.732228080005555,0.03878302063006267,0.14963757991790771,53.732228080005555,18.65183953016683,lateral,1
92,3.2975,Participant 6-Slouch_frame00092,train,90deg,lateral_Participant6,Participant6,Mesomorph,Normal,,,,,,slouch,1.0,0.0,0.0,0.42867398262023926,56.18827615031075,0.03351866192337181,0.15278899669647217,56.18827615031075,20.50760006280801,lateral,1
93,3.3334,Participant 6-Slouch_frame00093,train,90deg,lateral_Participant6,Participant6,Mesomorph,Normal,,,,,,slouch,1.0,0.0,0.0,0.37737080454826355,55.14966919736152,0.03438986290193187,0.13474613428115845,55.14966919736152,19.69464536642627,lateral,1
94,3.3692,Participant 6-Slouch_frame00094,train,90deg,lateral_Participant6,Participant6,Mesomorph,Normal,,,,,,slouch,1.0,0.0,0.0,0.4490845501422882,55.09704276344213,0.028575497359460363,0.14802247285842896,55.09704276344213,21.98710128351124,lateral,1
95,3.405,Participant 6-Slouch_frame00095,train,90deg,lateral_Participant6,Participant6,Mesomorph,Normal,,,,,,slouch,1.0,0.0,0.0,0.41515040397644043,55.054209735097324,0.029651120110100064,0.14437907934188843,55.054209735097324,18.212233124290393,lateral,1
96,3.4409,Participant 6-Slouch_frame00096,train,90deg,lateral_Participant6,Participant6,Mesomorph,Normal,,,,,,slouch,1.0,0.0,0.0,0.3696577250957489,54.26700349435096,0.044906370459943536,0.1432456374168396,54.26700349435096,20.13463378069127,lateral,1
97,3.4767,Participant 6-Slouch_frame00097,train,90deg,lateral_Participant6,Participant6,Mesomorph,Normal,,,,,,slouch,1.0,0.0,0.0,0.4083874225616455,53.27253694092477,0.04327069165680579,0.1470145583152771,53.27253694092477,19.20671823924446,lateral,1
98,3.5126,Participant 6-Slouch_frame00098,train,90deg,lateral_Participant6,Participant6,Mesomorph,Normal,,,,,,slouch,1.0,0.0,0.0,0.3805977702140808,53.5500916415486,0.04182416772485365,0.1475021243095398,53.5500916415486,20.05027795693187,lateral,1
99,3.5484,Participant 6-Slouch_frame00099,train,90deg,lateral_Participant6,Participant6,Mesomorph,Normal,,,,,,slouch,1.0,0.0,0.0,0.43224337697029114,55.792873224100994,0.03542607115328725,0.14766186475753784,55.792873224100994,20.01371232651827,lateral,1
100,3.5843,Participant 6-Slouch_frame00100,train,90deg,lateral_Participant6,Participant6,Mesomorph,Normal,,,,,,slouch,1.0,0.0,0.0,0.40707041323184967,55.81866029545103,0.03305394543071335,0.13540613651275635,55.81866029545103,19.309185208776526,lateral,1
101,3.6201,Participant 6-Slouch_frame00101,train,90deg,lateral_Participant6,Participant6,Mesomorph,Normal,,,,,,slouch,1.0,0.0,0.0,0.3489651381969452,55.72629446612524,0.04418841085369836,0.13779908418655396,55.72629446612524,16.540432290665976,lateral,1
102,3.6559,Participant 6-Slouch_frame00102,train,90deg,lateral_Participant6,Participant6,Mesomorph,Normal,,,,,,slouch,1.0,0.0,0.0,0.3856535255908966,52.29319772494445,0.0420009182888121,0.13141873478889465,52.29319772494445,19.821016238142324,lateral,1
103,3.6918,Participant 6-Slouch_frame00103,train,90deg,lateral_Participant6,Participant6,Mesomorph,Normal,,,,,,slouch,1.0,0.0,0.0,0.34681546688079834,52.3298988255051,0.0479828370268546,0.14116042852401733,52.3298988255051,20.618507784374344,lateral,1
104,3.7276,Participant 6-Slouch_frame00104,train,90deg,lateral_Participant6,Participant6,Mesomorph,Normal,,,,,,slouch,1.0,0.0,0.0,0.42528340220451355,54.66635709743321,0.03886859786101497,0.1520511507987976,54.66635709743321,21.59582542136965,lateral,1
105,3.7635,Participant 6-Slouch_frame00105,train,90deg,lateral_Participant6,Participant6,Mesomorph,Normal,,,,,,slouch,1.0,0.0,0.0,0.42074646055698395,53.980679804261904,0.03386565340601015,0.14597350358963013,53.980679804261904,19.979611967707527,lateral,1
106,3.7993,Participant 6-Slouch_frame00106,train,90deg,lateral_Participant6,Participant6,Mesomorph,Normal,,,,,,slouch,1.0,0.0,0.0,0.3439106047153473,54.09035958261313,0.03506060469392935,0.13366246223449707,54.09035958261313,19.947678586187035,lateral,1
107,3.8352,Participant 6-Slouch_frame00107,train,90deg,lateral_Participant6,Participant6,Mesomorph,Normal,,,,,,slouch,1.0,0.0,0.0,0.3145328462123871,52.27136389753648,0.05598363408062446,0.13300278782844543,52.27136389753648,18.679342308013297,lateral,1
108,3.871,Participant 6-Slouch_frame00108,train,90deg,lateral_Participant6,Participant6,Mesomorph,Normal,,,,,,slouch,1.0,0.0,0.0,0.29617443680763245,51.83730418152756,0.04867478704629195,0.1296336054801941,51.83730418152756,18.14482896221208,lateral,1
109,3.9068,Participant 6-Slouch_frame00109,train,90deg,lateral_Participant6,Participant6,Mesomorph,Normal,,,,,,slouch,1.0,0.0,0.0,0.3737456053495407,53.60941801723442,0.037675306265831786,0.1319722831249237,53.60941801723442,19.265032090176575,lateral,1
110,3.9427,Participant 6-Slouch_frame00110,train,90deg,lateral_Participant6,Participant6,Mesomorph,Normal,,,,,,slouch,1.0,0.0,0.0,0.3142014741897583,51.58987425815525,0.04527590287824881,0.12640494108200073,51.58987425815525,33.92197752296667,lateral,1
111,3.9785,Participant 6-Slouch_frame00111,train,90deg,lateral_Participant6,Participant6,Mesomorph,Normal,,,,,,slouch,1.0,0.0,0.0,0.3020753860473633,52.838771666267704,0.04730509078837907,0.13541775941848755,52.838771666267704,18.380197547586732,lateral,1
112,4.0144,Participant 6-Slouch_frame00112,train,90deg,lateral_Participant6,Participant6,Mesomorph,Normal,,,,,,slouch,1.0,0.0,0.0,0.3702135384082794,53.187680094543424,0.03961043265422891,0.1402651071548462,53.187680094543424,19.23101026581765,lateral,1
113,4.0502,Participant 6-Slouch_frame00113,train,90deg,lateral_Participant6,Participant6,Mesomorph,Normal,,,,,,slouch,1.0,0.0,0.0,0.305215060710907,52.253547406049584,0.04772887290406464,0.12701305747032166,52.253547406049584,33.69025303688407,lateral,1
114,4.0861,Participant 6-Slouch_frame00114,train,90deg,lateral_Participant6,Participant6,Mesomorph,Normal,,,,,,slouch,1.0,0.0,0.0,0.36128899455070496,52.285780819015876,0.04647223510487367,0.13400927186012268,52.285780819015876,19.632169812238036,lateral,1
115,4.1219,Participant 6-Slouch_frame00115,train,90deg,lateral_Participant6,Participant6,Mesomorph,Normal,,,,,,slouch,1.0,0.0,0.0,0.3035590350627899,52.661414996227755,0.048807414290893976,0.12844258546829224,52.661414996227755,18.015811317350558,lateral,1
116,4.1577,Participant 6-Slouch_frame00116,train,90deg,lateral_Participant6,Participant6,Mesomorph,Normal,,,,,,slouch,1.0,0.0,0.0,0.3328112065792084,53.77751192518151,0.04012431993226079,0.13133525848388672,53.77751192518151,17.452106299946266,lateral,1
117,4.1936,Participant 6-Slouch_frame00117,train,90deg,lateral_Participant6,Participant6,Mesomorph,Normal,,,,,,slouch,1.0,0.0,0.0,0.27115321159362793,51.26309378024706,0.05623769586498004,0.1348501443862915,51.26309378024706,19.73844968604802,lateral,1
118,4.2294,Participant 6-Slouch_frame00118,train,90deg,lateral_Participant6,Participant6,Mesomorph,Normal,,,,,,slouch,1.0,0.0,0.0,0.3199932873249054,53.41249645597439,0.046743489045396464,0.12942641973495483,53.41249645597439,17.427325855751747,lateral,1
119,4.2653,Participant 6-Slouch_frame00119,train,90deg,lateral_Participant6,Participant6,Mesomorph,Normal,,,,,,slouch,1.0,0.0,0.0,0.3565900921821594,53.53364051313059,0.04678654680283081,0.13283532857894897,53.53364051313059,18.260545151652853,lateral,1
120,4.3011,Participant 6-Slouch_frame00120,train,90deg,lateral_Participant6,Participant6,Mesomorph,Normal,,,,,,slouch,1.0,0.0,0.0,0.34970197081565857,52.69461239267822,0.042242653222582256,0.13551384210586548,52.69461239267822,19.126042663477712,lateral,1
121,4.337,Participant 6-Slouch_frame00121,train,90deg,lateral_Participant6,Participant6,Mesomorph,Normal,,,,,,slouch,1.0,0.0,0.0,0.3295277953147888,52.543055334093204,0.041703639913560166,0.13004225492477417,52.543055334093204,20.272041878505508,lateral,1
122,4.3728,Participant 6-Slouch_frame00122,train,90deg,lateral_Participant6,Participant6,Mesomorph,Normal,,,,,,slouch,1.0,0.0,0.0,0.3724055886268616,53.06264463995924,0.04547921504443243,0.13845518231391907,53.06264463995924,19.393817523154826,lateral,1
123,4.4086,Participant 6-Slouch_frame00123,train,90deg,lateral_Participant6,Participant6,Mesomorph,Normal,,,,,,slouch,1.0,0.0,0.0,0.42022809386253357,53.52113163564836,0.04020050231238695,0.13499820232391357,53.52113163564836,19.307484483865238,lateral,1
124,4.4445,Participant 6-Slouch_frame00124,train,90deg,lateral_Participant6,Participant6,Mesomorph,Normal,,,,,,slouch,1.0,0.0,0.0,0.34755852818489075,53.39694778235755,0.04167388630935306,0.14276257157325745,53.39694778235755,20.117900630227837,lateral,1
125,4.4803,Participant 6-Slouch_frame00125,train,90deg,lateral_Participant6,Participant6,Mesomorph,Normal,,,,,,slouch,1.0,0.0,0.0,0.39284583926200867,53.65874519898642,0.03667168970176325,0.13578322529792786,53.65874519898642,19.314414423647086,lateral,1
126,4.5162,Participant 6-Slouch_frame00126,train,90deg,lateral_Participant6,Participant6,Mesomorph,Normal,,,,,,slouch,1.0,0.0,0.0,0.2510375380516052,52.16234711127918,0.049179293713003544,0.12661150097846985,52.16234711127918,20.540231275490186,lateral,1
127,4.552,Participant 6-Slouch_frame00127,train,90deg,lateral_Participant6,Participant6,Mesomorph,Normal,,,,,,slouch,1.0,0.0,0.0,0.3395199775695801,54.039943664734636,0.046690036046009964,0.13524267077445984,54.039943664734636,16.490359938877475,lateral,1
128,4.5878,Participant 6-Slouch_frame00128,train,90deg,lateral_Participant6,Participant6,Mesomorph,Normal,,,,,,slouch,1.0,0.0,0.0,0.37281864881515503,53.482652747112766,0.03349772611044331,0.13307452201843262,53.482652747112766,20.5219529935494,lateral,1
129,4.6237,Participant 6-Slouch_frame00129,train,90deg,lateral_Participant6,Participant6,Mesomorph,Normal,,,,,,slouch,1.0,0.0,0.0,0.37313249707221985,54.9313053650191,0.036237392380842955,0.13717278838157654,54.9313053650191,19.745624397746397,lateral,1
130,4.6595,Participant 6-Slouch_frame00130,train,90deg,lateral_Participant6,Participant6,Mesomorph,Normal,,,,,,slouch,1.0,0.0,0.0,0.27822837233543396,53.59721676963641,0.04699675767331311,0.12785258889198303,53.59721676963641,18.2788792741724,lateral,1
131,4.6954,Participant 6-Slouch_frame00131,train,90deg,lateral_Participant6,Participant6,Mesomorph,Normal,,,,,,slouch,1.0,0.0,0.0,0.31067049503326416,53.81528719542003,0.05223740991101743,0.13283783197402954,53.81528719542003,18.663307437340972,lateral,1
132,4.7312,Participant 6-Slouch_frame00132,train,90deg,lateral_Participant6,Participant6,Mesomorph,Normal,,,,,,slouch,1.0,0.0,0.0,0.33642080426216125,53.73435839344952,0.04456030661342049,0.1385759711265564,53.73435839344952,19.61971327927454,lateral,1
133,4.7671,Participant 6-Slouch_frame00133,train,90deg,lateral_Participant6,Participant6,Mesomorph,Normal,,,,,,slouch,1.0,0.0,0.0,0.43301597237586975,54.94213270772989,0.03334681223967998,0.14691418409347534,54.94213270772989,19.590190019464302,lateral,1
134,4.8029,Participant 6-Slouch_frame00134,train,90deg,lateral_Participant6,Participant6,Mesomorph,Normal,,,,,,slouch,1.0,0.0,0.0,0.3576963543891907,52.48902073545799,0.03734479378234999,0.12611618638038635,52.48902073545799,18.513663560433887,lateral,1
135,4.8387,Participant 6-Slouch_frame00135,train,90deg,lateral_Participant6,Participant6,Mesomorph,Normal,,,,,,slouch,1.0,0.0,0.0,0.4260212928056717,54.48213712199331,0.03526726761609854,0.1481267809867859,54.48213712199331,20.50867637206138,lateral,1
136,4.8746,Participant 6-Slouch_frame00136,train,90deg,lateral_Participant6,Participant6,Mesomorph,Normal,,,,,,slouch,1.0,0.0,0.0,0.43238018453121185,57.16810876838051,0.03554469589981288,0.1519397497177124,57.16810876838051,17.631361999359207,lateral,1
137,4.9104,Participant 6-Slouch_frame00137,train,90deg,lateral_Participant6,Participant6,Mesomorph,Normal,,,,,,slouch,1.0,0.0,0.0,0.423763632774353,53.838841776673696,0.03526595278641448,0.1411980390548706,53.838841776673696,20.047725038382527,lateral,1
138,4.9463,Participant 6-Slouch_frame00138,train,90deg,lateral_Participant6,Participant6,Mesomorph,Normal,,,,,,slouch,1.0,0.0,0.0,0.38549181818962097,55.449054999900454,0.038542489744780445,0.1468370258808136,55.449054999900454,20.4377584378491,lateral,1
139,4.9821,Participant 6-Slouch_frame00139,train,90deg,lateral_Participant6,Participant6,Mesomorph,Normal,,,,,,slouch,1.0,0.0,0.0,0.36529719829559326,52.355534631597365,0.03567582591047023,0.12862694263458252,52.355534631597365,20.08794721991645,lateral,1
140,5.018,Participant 6-Slouch_frame00140,train,90deg,lateral_Participant6,Participant6,Mesomorph,Normal,,,,,,slouch,1.0,0.0,0.0,0.3696015775203705,54.42458558643597,0.03831912526817613,0.13919228315353394,54.42458558643597,20.155136733194766,lateral,1
141,5.0538,Participant 6-Slouch_frame00141,train,90deg,lateral_Participant6,Participant6,Mesomorph,Normal,,,,,,slouch,1.0,0.0,0.0,0.4004468619823456,55.92002246242881,0.030366173280647436,0.13974428176879883,55.92002246242881,20.68843551034011,lateral,1
142,5.0896,Participant 6-Slouch_frame00142,train,90deg,lateral_Participant6,Participant6,Mesomorph,Normal,,,,,,slouch,1.0,0.0,0.0,0.34197941422462463,53.45974470087488,0.03712466716140387,0.13467416167259216,53.45974470087488,20.95697597935806,lateral,1
143,5.1255,Participant 6-Slouch_frame00143,train,90deg,lateral_Participant6,Participant6,Mesomorph,Normal,,,,,,slouch,1.0,0.0,0.0,0.3293285071849823,52.68315151595225,0.04085017309640814,0.13550934195518494,52.68315151595225,20.93298168723492,lateral,1
144,5.1613,Participant 6-Slouch_frame00144,train,90deg,lateral_Participant6,Participant6,Mesomorph,Normal,,,,,,slouch,1.0,0.0,0.0,0.3558473587036133,54.31272585471084,0.041688545298873156,0.13589704036712646,54.31272585471084,18.990536491983438,lateral,1
145,5.1972,Participant 6-Slouch_frame00145,train,90deg,lateral_Participant6,Participant6,Mesomorph,Normal,,,,,,slouch,1.0,0.0,0.0,0.2972385883331299,54.146952336492284,0.04687138503984832,0.13099229335784912,54.146952336492284,19.06837453105542,lateral,1
146,5.233,Participant 6-Slouch_frame00146,train,90deg,lateral_Participant6,Participant6,Mesomorph,Normal,,,,,,slouch,1.0,0.0,0.0,0.2935454547405243,52.63017980343738,0.049231573427313415,0.1286925971508026,52.63017980343738,18.36784283493927,lateral,1
147,5.2689,Participant 6-Slouch_frame00147,train,90deg,lateral_Participant6,Participant6,Mesomorph,Normal,,,,,,slouch,1.0,0.0,0.0,0.2984408140182495,52.73203737041587,0.04937102184030267,0.1289338767528534,52.73203737041587,18.47620078863968,lateral,1
148,5.3047,Participant 6-Slouch_frame00148,train,90deg,lateral_Participant6,Participant6,Mesomorph,Normal,,,,,,slouch,1.0,0.0,0.0,0.3788526952266693,54.783091468845015,0.03591335073244706,0.14217859506607056,54.783091468845015,19.642245189198544,lateral,1
149,5.3405,Participant 6-Slouch_frame00149,train,90deg,lateral_Participant6,Participant6,Mesomorph,Normal,,,,,,slouch,1.0,0.0,0.0,0.3117336332798004,55.087229854918206,0.04582883083668294,0.13393297791481018,55.087229854918206,16.956160887481712,lateral,1
150,5.3764,Participant 6-Slouch_frame00150,train,90deg,lateral_Participant6,Participant6,Mesomorph,Normal,,,,,,slouch,1.0,0.0,0.0,0.37954840064048767,54.258524451738275,0.03965030920394073,0.14228200912475586,54.258524451738275,20.034540603041364,lateral,1
151,5.4122,Participant 6-Slouch_frame00151,train,90deg,lateral_Participant6,Participant6,Mesomorph,Normal,,,,,,slouch,1.0,0.0,0.0,0.3023417294025421,53.92078033970168,0.05079357044046263,0.13311097025871277,53.92078033970168,32.164550952081925,lateral,1
152,5.4481,Participant 6-Slouch_frame00152,train,90deg,lateral_Participant6,Participant6,Mesomorph,Normal,,,,,,slouch,1.0,0.0,0.0,0.29946431517601013,52.33393692350285,0.05648966796975084,0.13326072692871094,52.33393692350285,32.87337893018656,lateral,1
153,5.4839,Participant 6-Slouch_frame00153,train,90deg,lateral_Participant6,Participant6,Mesomorph,Normal,,,,,,slouch,1.0,0.0,0.0,0.2924536168575287,53.48120050999498,0.046819364480347576,0.13419166207313538,53.48120050999498,19.143828764886607,lateral,1
154,5.5198,Participant 6-Slouch_frame00154,train,90deg,lateral_Participant6,Participant6,Mesomorph,Normal,,,,,,slouch,1.0,0.0,0.0,0.3273221254348755,54.24158474274274,0.041066185370488575,0.1391967535018921,54.24158474274274,18.184109932248095,lateral,1
155,5.5556,Participant 6-Slouch_frame00155,train,90deg,lateral_Participant6,Participant6,Mesomorph,Normal,,,,,,slouch,1.0,0.0,0.0,0.29807642102241516,54.431151809122476,0.05045372578990186,0.1400660276412964,54.431151809122476,18.08768048150763,lateral,1
156,5.5914,Participant 6-Slouch_frame00156,train,90deg,lateral_Participant6,Participant6,Mesomorph,Normal,,,,,,slouch,1.0,0.0,0.0,0.3028320074081421,52.68637464844946,0.04925824084247207,0.13417503237724304,52.68637464844946,18.749138224282486,lateral,1
157,5.6273,Participant 6-Slouch_frame00157,train,90deg,lateral_Participant6,Participant6,Mesomorph,Normal,,,,,,slouch,1.0,0.0,0.0,0.3376946449279785,53.346804049551224,0.04910607370065956,0.13466393947601318,53.346804049551224,19.597150684848902,lateral,1
158,5.6631,Participant 6-Slouch_frame00158,train,90deg,lateral_Participant6,Participant6,Mesomorph,Normal,,,,,,slouch,1.0,0.0,0.0,0.39229343831539154,53.5165468428909,0.046773211537647436,0.13947278261184692,53.5165468428909,18.6807229618698,lateral,1
159,5.699,Participant 6-Slouch_frame00159,train,90deg,lateral_Participant6,Participant6,Mesomorph,Normal,,,,,,slouch,1.0,0.0,0.0,0.41345541179180145,56.247785583328714,0.031645532706237815,0.14549720287322998,56.247785583328714,21.3518103569156,lateral,1
0,0.0,Participant 6-Upright 2_frame00000,train,90deg,lateral_Participant6,Participant6,Mesomorph,Normal,,,,,,upright,1.0,0.0,0.0,0.3637506663799286,33.68853193813332,0.0795746572969433,0.0700642466545105,33.68853193813332,46.80252680707091,lateral,1
1,0.0358,Participant 6-Upright 2_frame00001,train,90deg,lateral_Participant6,Participant6,Mesomorph,Normal,,,,,,upright,1.0,0.0,0.0,0.40922972559928894,32.612992970962395,0.0713714490049166,0.0674939751625061,32.612992970962395,45.76598520598353,lateral,1
2,0.0717,Participant 6-Upright 2_frame00002,train,90deg,lateral_Participant6,Participant6,Mesomorph,Normal,,,,,,upright,1.0,0.0,0.0,0.4004834294319153,33.323803528976526,0.07535301392870701,0.06733155250549316,33.323803528976526,46.74382657986859,lateral,1
3,0.1075,Participant 6-Upright 2_frame00003,train,90deg,lateral_Participant6,Participant6,Mesomorph,Normal,,,,,,upright,1.0,0.0,0.0,0.3670938014984131,34.20966311048454,0.07664660273326203,0.06800508499145508,34.20966311048454,47.10050223158096,lateral,1
4,0.1434,Participant 6-Upright 2_frame00004,train,90deg,lateral_Participant6,Participant6,Mesomorph,Normal,,,,,,upright,1.0,0.0,0.0,0.4218025803565979,33.544736677432596,0.070518309487655,0.06821995973587036,33.544736677432596,47.82786896021113,lateral,1
5,0.1792,Participant 6-Upright 2_frame00005,train,90deg,lateral_Participant6,Participant6,Mesomorph,Normal,,,,,,upright,1.0,0.0,0.0,0.3985423147678375,33.489186168186926,0.06564398453295148,0.06383270025253296,33.489186168186926,46.71755885546605,lateral,1
6,0.2151,Participant 6-Upright 2_frame00006,train,90deg,lateral_Participant6,Participant6,Mesomorph,Normal,,,,,,upright,1.0,0.0,0.0,0.3769833743572235,32.19880675535424,0.07117640748365217,0.06416034698486328,32.19880675535424,48.12488343175366,lateral,1
7,0.2509,Participant 6-Upright 2_frame00007,train,90deg,lateral_Participant6,Participant6,Mesomorph,Normal,,,,,,upright,1.0,0.0,0.0,0.4080721437931061,32.53155748174696,0.0683952464848788,0.06423497200012207,32.53155748174696,46.76850583150029,lateral,1
8,0.2867,Participant 6-Upright 2_frame00008,train,90deg,lateral_Participant6,Participant6,Mesomorph,Normal,,,,,,upright,1.0,0.0,0.0,0.35534191131591797,30.746852084873428,0.06075770690356533,0.0510554313659668,30.746852084873428,47.20059636901869,lateral,1
9,0.3226,Participant 6-Upright 2_frame00009,train,90deg,lateral_Participant6,Participant6,Mesomorph,Normal,,,,,,upright,1.0,0.0,0.0,0.42302173376083374,33.36717026551568,0.07268888096757739,0.07182252407073975,33.36717026551568,46.177680111856176,lateral,1
10,0.3584,Participant 6-Upright 2_frame00010,train,90deg,lateral_Participant6,Participant6,Mesomorph,Normal,,,,,,upright,1.0,0.0,0.0,0.32790669798851013,32.05896008635422,0.08118821906780148,0.05970412492752075,32.05896008635422,47.39377952827464,lateral,1
11,0.3943,Participant 6-Upright 2_frame00011,train,90deg,lateral_Participant6,Participant6,Mesomorph,Normal,,,,,,upright,1.0,0.0,0.0,0.3872116208076477,33.37725345562077,0.0750444739603041,0.06437140703201294,33.37725345562077,49.63356149500577,lateral,1
12,0.4301,Participant 6-Upright 2_frame00012,train,90deg,lateral_Participant6,Participant6,Mesomorph,Normal,,,,,,upright,1.0,0.0,0.0,0.38125815987586975,33.22270075459778,0.08666920764000086,0.06870162487030029,33.22270075459778,48.66541657370256,lateral,1
13,0.466,Participant 6-Upright 2_frame00013,train,90deg,lateral_Participant6,Participant6,Mesomorph,Normal,,,,,,upright,1.0,0.0,0.0,0.3645144999027252,33.385016360678826,0.0728653366828601,0.06619894504547119,33.385016360678826,48.738271231041004,lateral,1
14,0.5018,Participant 6-Upright 2_frame00014,train,90deg,lateral_Participant6,Participant6,Mesomorph,Normal,,,,,,upright,1.0,0.0,0.0,0.3740489184856415,32.886387687042294,0.07022077305620396,0.06473225355148315,32.886387687042294,48.168128837228544,lateral,1
15,0.5376,Participant 6-Upright 2_frame00015,train,90deg,lateral_Participant6,Participant6,Mesomorph,Normal,,,,,,upright,1.0,0.0,0.0,0.39146268367767334,33.43584712168052,0.063950836362487,0.06299155950546265,33.43584712168052,48.48724070897268,lateral,1
16,0.5735,Participant 6-Upright 2_frame00016,train,90deg,lateral_Participant6,Participant6,Mesomorph,Normal,,,,,,upright,1.0,0.0,0.0,0.4132644534111023,32.00740994691485,0.06901478385599373,0.06350797414779663,32.00740994691485,48.66403812004163,lateral,1
17,0.6093,Participant 6-Upright 2_frame00017,train,90deg,lateral_Participant6,Participant6,Mesomorph,Normal,,,,,,upright,1.0,0.0,0.0,0.3848349153995514,31.838149258540618,0.06585815375700517,0.06324881315231323,31.838149258540618,48.05927547878751,lateral,1
18,0.6452,Participant 6-Upright 2_frame00018,train,90deg,lateral_Participant6,Participant6,Mesomorph,Normal,,,,,,upright,1.0,0.0,0.0,0.35043105483055115,34.14262892353375,0.09012784345927502,0.0703275203704834,34.14262892353375,48.6453764538748,lateral,1
19,0.681,Participant 6-Upright 2_frame00019,train,90deg,lateral_Participant6,Participant6,Mesomorph,Normal,,,,,,upright,1.0,0.0,0.0,0.3733255863189697,34.224255144785964,0.09489513402596035,0.07041573524475098,34.224255144785964,48.7555206563094,lateral,1
20,0.7169,Participant 6-Upright 2_frame00020,train,90deg,lateral_Participant6,Participant6,Mesomorph,Normal,,,,,,upright,1.0,0.0,0.0,0.3897908627986908,33.473111356976474,0.08835606339120892,0.06895488500595093,33.473111356976474,48.50675690096409,lateral,1
21,0.7527,Participant 6-Upright 2_frame00021,train,90deg,lateral_Participant6,Participant6,Mesomorph,Normal,,,,,,upright,1.0,0.0,0.0,0.3710534870624542,33.914112723580146,0.08514558519546604,0.06750231981277466,33.914112723580146,49.09939949102906,lateral,1
22,0.7885,Participant 6-Upright 2_frame00022,train,90deg,lateral_Participant6,Participant6,Mesomorph,Normal,,,,,,upright,1.0,0.0,0.0,0.35386890172958374,32.5414740805833,0.07910011439537205,0.06736063957214355,32.5414740805833,49.34666140322342,lateral,1
23,0.8244,Participant 6-Upright 2_frame00023,train,90deg,lateral_Participant6,Participant6,Mesomorph,Normal,,,,,,upright,1.0,0.0,0.0,0.3987036943435669,34.575634503294395,0.08262068917579617,0.07559937238693237,34.575634503294395,48.691407207885625,lateral,1
24,0.8602,Participant 6-Upright 2_frame00024,train,90deg,lateral_Participant6,Participant6,Mesomorph,Normal,,,,,,upright,1.0,0.0,0.0,0.3939005434513092,33.40735211551236,0.07567656952085264,0.06632143259048462,33.40735211551236,49.60569401633838,lateral,1
25,0.8961,Participant 6-Upright 2_frame00025,train,90deg,lateral_Participant6,Participant6,Mesomorph,Normal,,,,,,upright,1.0,0.0,0.0,0.38425490260124207,32.359702518880944,0.07228874073879078,0.06292921304702759,32.359702518880944,50.11692920755957,lateral,1
26,0.9319,Participant 6-Upright 2_frame00026,train,90deg,lateral_Participant6,Participant6,Mesomorph,Normal,,,,,,upright,1.0,0.0,0.0,0.4073415696620941,33.08169046263809,0.07385885815420667,0.06524068117141724,33.08169046263809,49.83346822575113,lateral,1
27,0.9677,Participant 6-Upright 2_frame00027,train,90deg,lateral_Participant6,Participant6,Mesomorph,Normal,,,,,,upright,1.0,0.0,0.0,0.36990198493003845,33.014517486900914,0.08968111600649004,0.06899696588516235,33.014517486900914,49.00430203331579,lateral,1
28,1.0036,Participant 6-Upright 2_frame00028,train,90deg,lateral_Participant6,Participant6,Mesomorph,Normal,,,,,,upright,1.0,0.0,0.0,0.4373636841773987,32.8118206779972,0.06963561401779986,0.06253194808959961,32.8118206779972,48.50112641310064,lateral,1
29,1.0394,Participant 6-Upright 2_frame00029,train,90deg,lateral_Participant6,Participant6,Mesomorph,Normal,,,,,,upright,1.0,0.0,0.0,0.3860298693180084,32.7110242673991,0.06863917252798243,0.06251394748687744,32.7110242673991,48.45504812003008,lateral,1
30,1.0753,Participant 6-Upright 2_frame00030,train,90deg,lateral_Participant6,Participant6,Mesomorph,Normal,,,,,,upright,1.0,0.0,0.0,0.39260026812553406,33.10241298589931,0.071737071575536,0.06429404020309448,33.10241298589931,48.795970512422755,lateral,1
31,1.1111,Participant 6-Upright 2_frame00031,train,90deg,lateral_Participant6,Participant6,Mesomorph,Normal,,,,,,upright,1.0,0.0,0.0,0.41864442825317383,33.03298532842722,0.08827062852474918,0.07207393646240234,33.03298532842722,48.31976681375675,lateral,1
32,1.147,Participant 6-Upright 2_frame00032,train,90deg,lateral_Participant6,Participant6,Mesomorph,Normal,,,,,,upright,1.0,0.0,0.0,0.41111746430397034,35.19733706903916,0.08565940672491255,0.07372802495956421,35.19733706903916,49.004912305217594,lateral,1
33,1.1828,Participant 6-Upright 2_frame00033,train,90deg,lateral_Participant6,Participant6,Mesomorph,Normal,,,,,,upright,1.0,0.0,0.0,0.4018692374229431,32.23806994919388,0.07435639847115394,0.06803900003433228,32.23806994919388,47.79616737031029,lateral,1
34,1.2186,Participant 6-Upright 2_frame00034,train,90deg,lateral_Participant6,Participant6,Mesomorph,Normal,,,,,,upright,1.0,0.0,0.0,0.4198564291000366,32.485054007052696,0.08470380049338024,0.06711292266845703,32.485054007052696,48.62323526916538,lateral,1
35,1.2545,Participant 6-Upright 2_frame00035,train,90deg,lateral_Participant6,Participant6,Mesomorph,Normal,,,,,,upright,1.0,0.0,0.0,0.4519912004470825,34.39388808075455,0.07353958423552778,0.07473945617675781,34.39388808075455,48.108325754057944,lateral,1
36,1.2903,Participant 6-Upright 2_frame00036,train,90deg,lateral_Participant6,Participant6,Mesomorph,Normal,,,,,,upright,1.0,0.0,0.0,0.44147609174251556,32.98627618330423,0.07537648856363624,0.0678783655166626,32.98627618330423,48.451081800398946,lateral,1
37,1.3262,Participant 6-Upright 2_frame00037,train,90deg,lateral_Participant6,Participant6,Mesomorph,Normal,,,,,,upright,1.0,0.0,0.0,0.4063033163547516,32.761754334540385,0.07929675746856961,0.06536531448364258,32.761754334540385,48.72423404076845,lateral,1
38,1.362,Participant 6-Upright 2_frame00038,train,90deg,lateral_Participant6,Participant6,Mesomorph,Normal,,,,,,upright,1.0,0.0,0.0,0.4702211320400238,32.75093655158716,0.07352839799981875,0.07194751501083374,32.75093655158716,49.004660045838975,lateral,1
39,1.3979,Participant 6-Upright 2_frame00039,train,90deg,lateral_Participant6,Participant6,Mesomorph,Normal,,,,,,upright,1.0,0.0,0.0,0.4584924876689911,32.234028771884034,0.07437000471374582,0.06480979919433594,32.234028771884034,48.96026217619914,lateral,1
40,1.4337,Participant 6-Upright 2_frame00040,train,90deg,lateral_Participant6,Participant6,Mesomorph,Normal,,,,,,upright,1.0,0.0,0.0,0.4764366149902344,33.986176627762845,0.07249692418094429,0.08053529262542725,33.986176627762845,46.92014293009916,lateral,1
41,1.4695,Participant 6-Upright 2_frame00041,train,90deg,lateral_Participant6,Participant6,Mesomorph,Normal,,,,,,upright,1.0,0.0,0.0,0.4530169367790222,33.536070762092095,0.07589342224990228,0.0697932243347168,33.536070762092095,47.5885739509542,lateral,1
42,1.5054,Participant 6-Upright 2_frame00042,train,90deg,lateral_Participant6,Participant6,Mesomorph,Normal,,,,,,upright,1.0,0.0,0.0,0.38018742203712463,33.38002402714127,0.06747542776397995,0.06317514181137085,33.38002402714127,48.70651279489407,lateral,1
43,1.5412,Participant 6-Upright 2_frame00043,train,90deg,lateral_Participant6,Participant6,Mesomorph,Normal,,,,,,upright,1.0,0.0,0.0,0.38813039660453796,32.69206581850358,0.07590032604701695,0.07117760181427002,32.69206581850358,49.24525435674045,lateral,1
44,1.5771,Participant 6-Upright 2_frame00044,train,90deg,lateral_Participant6,Participant6,Mesomorph,Normal,,,,,,upright,1.0,0.0,0.0,0.4494449198246002,33.139157559083614,0.07258566638049933,0.07219862937927246,33.139157559083614,47.549583243920345,lateral,1
45,1.6129,Participant 6-Upright 2_frame00045,train,90deg,lateral_Participant6,Participant6,Mesomorph,Normal,,,,,,upright,1.0,0.0,0.0,0.4001368582248688,33.16782597098027,0.06193235481005162,0.07298225164413452,33.16782597098027,47.5615479645529,lateral,1
46,1.6488,Participant 6-Upright 2_frame00046,train,90deg,lateral_Participant6,Participant6,Mesomorph,Normal,,,,,,upright,1.0,0.0,0.0,0.4654354900121689,32.77745839015688,0.07334928048392882,0.0723198652267456,32.77745839015688,47.68874666314053,lateral,1
47,1.6846,Participant 6-Upright 2_frame00047,train,90deg,lateral_Participant6,Participant6,Mesomorph,Normal,,,,,,upright,1.0,0.0,0.0,0.39314234256744385,33.27022028905487,0.08380941882632706,0.07969176769256592,33.27022028905487,48.31391801458384,lateral,1
48,1.7204,Participant 6-Upright 2_frame00048,train,90deg,lateral_Participant6,Participant6,Mesomorph,Normal,,,,,,upright,1.0,0.0,0.0,0.41684767603874207,32.14979997813467,0.0839598517462485,0.06894409656524658,32.14979997813467,48.72024383729738,lateral,1
49,1.7563,Participant 6-Upright 2_frame00049,train,90deg,lateral_Participant6,Participant6,Mesomorph,Normal,,,,,,upright,1.0,0.0,0.0,0.49501821398735046,33.247774720380534,0.06797115855398099,0.06977337598800659,33.247774720380534,48.124876538816466,lateral,1
50,1.7921,Participant 6-Upright 2_frame00050,train,90deg,lateral_Participant6,Participant6,Mesomorph,Normal,,,,,,upright,1.0,0.0,0.0,0.460067480802536,33.78111003193592,0.07614095426276667,0.07989352941513062,33.78111003193592,47.63754910093406,lateral,1
51,1.828,Participant 6-Upright 2_frame00051,train,90deg,lateral_Participant6,Participant6,Mesomorph,Normal,,,,,,upright,1.0,0.0,0.0,0.4129317104816437,33.35201758412568,0.06572940697108773,0.07447820901870728,33.35201758412568,47.63531358778432,lateral,1
52,1.8638,Participant 6-Upright 2_frame00052,train,90deg,lateral_Participant6,Participant6,Mesomorph,Normal,,,,,,upright,1.0,0.0,0.0,0.4617149233818054,32.94592389300065,0.07494761694866242,0.07507443428039551,32.94592389300065,48.06945624655159,lateral,1
53,1.8997,Participant 6-Upright 2_frame00053,train,90deg,lateral_Participant6,Participant6,Mesomorph,Normal,,,,,,upright,1.0,0.0,0.0,0.4521588683128357,33.17893733892857,0.06049731332843019,0.06971991062164307,33.17893733892857,47.36469848601182,lateral,1
54,1.9355,Participant 6-Upright 2_frame00054,train,90deg,lateral_Participant6,Participant6,Mesomorph,Normal,,,,,,upright,1.0,0.0,0.0,0.423526793718338,34.47022874832124,0.08173789349168323,0.07354682683944702,34.47022874832124,47.89926135102325,lateral,1
55,1.9713,Participant 6-Upright 2_frame00055,train,90deg,lateral_Participant6,Participant6,Mesomorph,Normal,,,,,,upright,1.0,0.0,0.0,0.44491666555404663,34.39733448639205,0.06861943662675996,0.07437586784362793,34.39733448639205,48.39649192843319,lateral,1
56,2.0072,Participant 6-Upright 2_frame00056,train,90deg,lateral_Participant6,Participant6,Mesomorph,Normal,,,,,,upright,1.0,0.0,0.0,0.45523571968078613,34.24798617646608,0.07406512421627286,0.07597529888153076,34.24798617646608,48.49025355865368,lateral,1
57,2.043,Participant 6-Upright 2_frame00057,train,90deg,lateral_Participant6,Participant6,Mesomorph,Normal,,,,,,upright,1.0,0.0,0.0,0.44813159108161926,34.239111399923665,0.08693339848742807,0.08278840780258179,34.239111399923665,48.21833022856558,lateral,1
58,2.0789,Participant 6-Upright 2_frame00058,train,90deg,lateral_Participant6,Participant6,Mesomorph,Normal,,,,,,upright,1.0,0.0,0.0,0.43977829813957214,32.05165119429511,0.05870692584180487,0.06496036052703857,32.05165119429511,48.74502060588472,lateral,1
59,2.1147,Participant 6-Upright 2_frame00059,train,90deg,lateral_Participant6,Participant6,Mesomorph,Normal,,,,,,upright,1.0,0.0,0.0,0.4338640570640564,34.14108206420669,0.07515385512302074,0.0757671594619751,34.14108206420669,47.42309137030624,lateral,1
60,2.1506,Participant 6-Upright 2_frame00060,train,90deg,lateral_Participant6,Participant6,Mesomorph,Normal,,,,,,upright,1.0,0.0,0.0,0.4621448814868927,32.81428788446311,0.07040094855443466,0.07009422779083252,32.81428788446311,47.80379230323468,lateral,1
61,2.1864,Participant 6-Upright 2_frame00061,train,90deg,lateral_Participant6,Participant6,Mesomorph,Normal,,,,,,upright,1.0,0.0,0.0,0.4517393112182617,32.485268755656115,0.0668612447280501,0.06792575120925903,32.485268755656115,48.41380407615769,lateral,1
62,2.2222,Participant 6-Upright 2_frame00062,train,90deg,lateral_Participant6,Participant6,Mesomorph,Normal,,,,,,upright,1.0,0.0,0.0,0.45086824893951416,33.42678991109351,0.0580537099142491,0.07069039344787598,33.42678991109351,48.15944192363422,lateral,1
63,2.2581,Participant 6-Upright 2_frame00063,train,90deg,lateral_Participant6,Participant6,Mesomorph,Normal,,,,,,upright,1.0,0.0,0.0,0.4562201201915741,32.60407511820599,0.07984073503450301,0.07174712419509888,32.60407511820599,49.209918038115795,lateral,1
64,2.2939,Participant 6-Upright 2_frame00064,train,90deg,lateral_Participant6,Participant6,Mesomorph,Normal,,,,,,upright,1.0,0.0,0.0,0.42303547263145447,32.42369516324653,0.07720959608961456,0.07201820611953735,32.42369516324653,48.76772893540817,lateral,1
65,2.3298,Participant 6-Upright 2_frame00065,train,90deg,lateral_Participant6,Participant6,Mesomorph,Normal,,,,,,upright,1.0,0.0,0.0,0.43603265285491943,32.32308527884969,0.07328599965743914,0.07491797208786011,32.32308527884969,48.97331544921624,lateral,1
66,2.3656,Participant 6-Upright 2_frame00066,train,90deg,lateral_Participant6,Participant6,Mesomorph,Normal,,,,,,upright,1.0,0.0,0.0,0.46999703347682953,33.76140147620983,0.07556833399353757,0.07627689838409424,33.76140147620983,48.8815822940774,lateral,1
67,2.4014,Participant 6-Upright 2_frame00067,train,90deg,lateral_Participant6,Participant6,Mesomorph,Normal,,,,,,upright,1.0,0.0,0.0,0.494877427816391,33.69260825206839,0.07999589709450684,0.08185768127441406,33.69260825206839,48.30354593133554,lateral,1
68,2.4373,Participant 6-Upright 2_frame00068,train,90deg,lateral_Participant6,Participant6,Mesomorph,Normal,,,,,,upright,1.0,0.0,0.0,0.4718164801597595,32.35291024853505,0.07353127012876853,0.07374423742294312,32.35291024853505,47.781753018754344,lateral,1
69,2.4731,Participant 6-Upright 2_frame00069,train,90deg,lateral_Participant6,Participant6,Mesomorph,Normal,,,,,,upright,1.0,0.0,0.0,0.43048083782196045,32.8961166466073,0.07160266922724207,0.07641357183456421,32.8961166466073,49.1170864022777,lateral,1
70,2.509,Participant 6-Upright 2_frame00070,train,90deg,lateral_Participant6,Participant6,Mesomorph,Normal,,,,,,upright,1.0,0.0,0.0,0.4395289421081543,32.450310278798824,0.08165974183514126,0.07206487655639648,32.450310278798824,49.537644368834926,lateral,1
71,2.5448,Participant 6-Upright 2_frame00071,train,90deg,lateral_Participant6,Participant6,Mesomorph,Normal,,,,,,upright,1.0,0.0,0.0,0.4271620512008667,32.27269059758118,0.06530339990823812,0.0671088695526123,32.27269059758118,48.84310394616283,lateral,1
72,2.5807,Participant 6-Upright 2_frame00072,train,90deg,lateral_Participant6,Participant6,Mesomorph,Normal,,,,,,upright,1.0,0.0,0.0,0.39804476499557495,32.48480380678453,0.08437130296627081,0.07376199960708618,32.48480380678453,48.87929147039365,lateral,1
73,2.6165,Participant 6-Upright 2_frame00073,train,90deg,lateral_Participant6,Participant6,Mesomorph,Normal,,,,,,upright,1.0,0.0,0.0,0.4592234492301941,33.61648500652039,0.07368406127813745,0.07448482513427734,33.61648500652039,48.15601349801562,lateral,1
74,2.6523,Participant 6-Upright 2_frame00074,train,90deg,lateral_Participant6,Participant6,Mesomorph,Normal,,,,,,upright,1.0,0.0,0.0,0.4639991819858551,33.218597070082254,0.062202391000547565,0.07085675001144409,33.218597070082254,48.26701964652835,lateral,1
75,2.6882,Participant 6-Upright 2_frame00075,train,90deg,lateral_Participant6,Participant6,Mesomorph,Normal,,,,,,upright,1.0,0.0,0.0,0.4904497265815735,33.65984672882482,0.07237724273155233,0.07500696182250977,33.65984672882482,48.46402593214872,lateral,1
76,2.724,Participant 6-Upright 2_frame00076,train,90deg,lateral_Participant6,Participant6,Mesomorph,Normal,,,,,,upright,1.0,0.0,0.0,0.4764452576637268,33.228253684678336,0.05822764951824254,0.069987952709198,33.228253684678336,48.071617797520496,lateral,1
77,2.7599,Participant 6-Upright 2_frame00077,train,90deg,lateral_Participant6,Participant6,Mesomorph,Normal,,,,,,upright,1.0,0.0,0.0,0.46986153721809387,32.78607664275989,0.0728822613271877,0.07206356525421143,32.78607664275989,48.62273904449092,lateral,1
78,2.7957,Participant 6-Upright 2_frame00078,train,90deg,lateral_Participant6,Participant6,Mesomorph,Normal,,,,,,upright,1.0,0.0,0.0,0.4609491229057312,32.28021050866233,0.06557620295863364,0.07022029161453247,32.28021050866233,49.13828437175185,lateral,1
79,2.8316,Participant 6-Upright 2_frame00079,train,90deg,lateral_Participant6,Participant6,Mesomorph,Normal,,,,,,upright,1.0,0.0,0.0,0.4611232280731201,31.77545386221302,0.06793449449722615,0.06996530294418335,31.77545386221302,48.528001758430676,lateral,1
80,2.8674,Participant 6-Upright 2_frame00080,train,90deg,lateral_Participant6,Participant6,Mesomorph,Normal,,,,,,upright,1.0,0.0,0.0,0.4555985629558563,31.50914379433796,0.06854749505223966,0.07016104459762573,31.50914379433796,48.440420752551155,lateral,1
81,2.9032,Participant 6-Upright 2_frame00081,train,90deg,lateral_Participant6,Participant6,Mesomorph,Normal,,,,,,upright,1.0,0.0,0.0,0.4471209645271301,32.66716305872473,0.07269862403441431,0.07128322124481201,32.66716305872473,49.007316704560324,lateral,1
82,2.9391,Participant 6-Upright 2_frame00082,train,90deg,lateral_Participant6,Participant6,Mesomorph,Normal,,,,,,upright,1.0,0.0,0.0,0.4369378685951233,34.47073575203284,0.08070536344321154,0.07719099521636963,34.47073575203284,48.58129870645832,lateral,1
83,2.9749,Participant 6-Upright 2_frame00083,train,90deg,lateral_Participant6,Participant6,Mesomorph,Normal,,,,,,upright,1.0,0.0,0.0,0.46858395636081696,33.4354221151651,0.07046929532973685,0.07234823703765869,33.4354221151651,48.04026906968046,lateral,1
84,3.0108,Participant 6-Upright 2_frame00084,train,90deg,lateral_Participant6,Participant6,Mesomorph,Normal,,,,,,upright,1.0,0.0,0.0,0.437221884727478,33.80587168465391,0.07706370015921064,0.07552212476730347,33.80587168465391,48.427315991162764,lateral,1
85,3.0466,Participant 6-Upright 2_frame00085,train,90deg,lateral_Participant6,Participant6,Mesomorph,Normal,,,,,,upright,1.0,0.0,0.0,0.45879194140434265,32.99624495004949,0.0760520327186443,0.07863402366638184,32.99624495004949,48.04576097142634,lateral,1
86,3.0825,Participant 6-Upright 2_frame00086,train,90deg,lateral_Participant6,Participant6,Mesomorph,Normal,,,,,,upright,1.0,0.0,0.0,0.4655659347772598,31.52464643652433,0.05747603048328339,0.06391358375549316,31.52464643652433,47.937198044962315,lateral,1
87,3.1183,Participant 6-Upright 2_frame00087,train,90deg,lateral_Participant6,Participant6,Mesomorph,Normal,,,,,,upright,1.0,0.0,0.0,0.45921027660369873,34.70758634387107,0.07710805040153998,0.08081841468811035,34.70758634387107,47.74274102341657,lateral,1
88,3.1541,Participant 6-Upright 2_frame00088,train,90deg,lateral_Participant6,Participant6,Mesomorph,Normal,,,,,,upright,1.0,0.0,0.0,0.44407784938812256,31.882086231499578,0.07371076486493551,0.0688127875328064,31.882086231499578,48.51862780592105,lateral,1
89,3.19,Participant 6-Upright 2_frame00089,train,90deg,lateral_Participant6,Participant6,Mesomorph,Normal,,,,,,upright,1.0,0.0,0.0,0.49244263768196106,33.30895674013076,0.07317576990881676,0.07542484998703003,33.30895674013076,48.16801175772781,lateral,1
90,3.2258,Participant 6-Upright 2_frame00090,train,90deg,lateral_Participant6,Participant6,Mesomorph,Normal,,,,,,upright,1.0,0.0,0.0,0.44678282737731934,32.128358282410574,0.07606193001663968,0.06917738914489746,32.128358282410574,50.2178707507046,lateral,1
91,3.2617,Participant 6-Upright 2_frame00091,train,90deg,lateral_Participant6,Participant6,Mesomorph,Normal,,,,,,upright,1.0,0.0,0.0,0.4466482102870941,32.74425663692548,0.07709971981204616,0.07362920045852661,32.74425663692548,49.00508227637634,lateral,1
92,3.2975,Participant 6-Upright 2_frame00092,train,90deg,lateral_Participant6,Participant6,Mesomorph,Normal,,,,,,upright,1.0,0.0,0.0,0.46792007982730865,33.46269325998441,0.0761763825471811,0.07553613185882568,33.46269325998441,48.750754541330664,lateral,1
93,3.3334,Participant 6-Upright 2_frame00093,train,90deg,lateral_Participant6,Participant6,Mesomorph,Normal,,,,,,upright,1.0,0.0,0.0,0.4661191254854202,32.84000767179388,0.06571680109939419,0.07363510131835938,32.84000767179388,49.151086030080506,lateral,1
94,3.3692,Participant 6-Upright 2_frame00094,train,90deg,lateral_Participant6,Participant6,Mesomorph,Normal,,,,,,upright,1.0,0.0,0.0,0.46108898520469666,34.31439276266973,0.07330506344086576,0.0742638111114502,34.31439276266973,48.76970488349834,lateral,1
95,3.405,Participant 6-Upright 2_frame00095,train,90deg,lateral_Participant6,Participant6,Mesomorph,Normal,,,,,,upright,1.0,0.0,0.0,0.4276333451271057,33.34979362720065,0.0823185380829336,0.0689961314201355,33.34979362720065,49.89832167055153,lateral,1
96,3.4409,Participant 6-Upright 2_frame00096,train,90deg,lateral_Participant6,Participant6,Mesomorph,Normal,,,,,,upright,1.0,0.0,0.0,0.4433233141899109,31.688576069946325,0.06452373951061506,0.06364631652832031,31.688576069946325,48.609527387918746,lateral,1
97,3.4767,Participant 6-Upright 2_frame00097,train,90deg,lateral_Participant6,Participant6,Mesomorph,Normal,,,,,,upright,1.0,0.0,0.0,0.4465714693069458,32.8124546117113,0.07480503242304343,0.07145243883132935,32.8124546117113,48.8698450468866,lateral,1
98,3.5126,Participant 6-Upright 2_frame00098,train,90deg,lateral_Participant6,Participant6,Mesomorph,Normal,,,,,,upright,1.0,0.0,0.0,0.45577993988990784,33.7402469139293,0.07931969551825833,0.0761764645576477,33.7402469139293,48.41210025802337,lateral,1
99,3.5484,Participant 6-Upright 2_frame00099,train,90deg,lateral_Participant6,Participant6,Mesomorph,Normal,,,,,,upright,1.0,0.0,0.0,0.43970388174057007,32.1908510515007,0.0778788716965547,0.07121819257736206,32.1908510515007,49.83184994185318,lateral,1
100,3.5843,Participant 6-Upright 2_frame00100,train,90deg,lateral_Participant6,Participant6,Mesomorph,Normal,,,,,,upright,1.0,0.0,0.0,0.41752681136131287,31.94221304009959,0.07762349750546563,0.06785529851913452,31.94221304009959,49.747391850238486,lateral,1
101,3.6201,Participant 6-Upright 2_frame00101,train,90deg,lateral_Participant6,Participant6,Mesomorph,Normal,,,,,,upright,1.0,0.0,0.0,0.4449285715818405,32.00252114337243,0.0704085899677426,0.06813466548919678,32.00252114337243,49.3833096318045,lateral,1
102,3.6559,Participant 6-Upright 2_frame00102,train,90deg,lateral_Participant6,Participant6,Mesomorph,Normal,,,,,,upright,1.0,0.0,0.0,0.4298616051673889,32.94997872999877,0.08315535623312215,0.07040119171142578,32.94997872999877,50.015243752866304,lateral,1
103,3.6918,Participant 6-Upright 2_frame00103,train,90deg,lateral_Participant6,Participant6,Mesomorph,Normal,,,,,,upright,1.0,0.0,0.0,0.44255393743515015,33.53510534091297,0.07345143353941498,0.07550519704818726,33.53510534091297,48.3133975080346,lateral,1
104,3.7276,Participant 6-Upright 2_frame00104,train,90deg,lateral_Participant6,Participant6,Mesomorph,Normal,,,,,,upright,1.0,0.0,0.0,0.43025413155555725,31.857695837169775,0.07835515448468461,0.07502323389053345,31.857695837169775,50.231218650687445,lateral,1
105,3.7635,Participant 6-Upright 2_frame00105,train,90deg,lateral_Participant6,Participant6,Mesomorph,Normal,,,,,,upright,1.0,0.0,0.0,0.3912735879421234,32.91410779357519,0.08564135709333204,0.07698702812194824,32.91410779357519,49.71346280942922,lateral,1
106,3.7993,Participant 6-Upright 2_frame00106,train,90deg,lateral_Participant6,Participant6,Mesomorph,Normal,,,,,,upright,1.0,0.0,0.0,0.44202080368995667,31.26141170356522,0.07263086640038324,0.06700658798217773,31.26141170356522,49.368749351931385,lateral,1
107,3.8351,Participant 6-Upright 2_frame00107,train,90deg,lateral_Participant6,Participant6,Mesomorph,Normal,,,,,,upright,1.0,0.0,0.0,0.4290303885936737,31.948217256858126,0.077358319234248,0.07117462158203125,31.948217256858126,48.877884007616565,lateral,1
108,3.871,Participant 6-Upright 2_frame00108,train,90deg,lateral_Participant6,Participant6,Mesomorph,Normal,,,,,,upright,1.0,0.0,0.0,0.4282483458518982,32.013062329616325,0.06622650779302876,0.07026636600494385,32.013062329616325,48.74736832073809,lateral,1
109,3.9068,Participant 6-Upright 2_frame00109,train,90deg,lateral_Participant6,Participant6,Mesomorph,Normal,,,,,,upright,1.0,0.0,0.0,0.4111660122871399,32.08949950051047,0.08090971265059262,0.06883007287979126,32.08949950051047,49.28565613975143,lateral,1
110,3.9427,Participant 6-Upright 2_frame00110,train,90deg,lateral_Participant6,Participant6,Mesomorph,Normal,,,,,,upright,1.0,0.0,0.0,0.4528109133243561,32.56602684864473,0.07477359760609086,0.07150250673294067,32.56602684864473,48.43117004485613,lateral,1
111,3.9785,Participant 6-Upright 2_frame00111,train,90deg,lateral_Participant6,Participant6,Mesomorph,Normal,,,,,,upright,1.0,0.0,0.0,0.4361207187175751,32.26576214362408,0.07452161576301332,0.06732696294784546,32.26576214362408,48.58805947260108,lateral,1
112,4.0144,Participant 6-Upright 2_frame00112,train,90deg,lateral_Participant6,Participant6,Mesomorph,Normal,,,,,,upright,1.0,0.0,0.0,0.3984430730342865,33.776111578025294,0.07903342061717769,0.07041478157043457,33.776111578025294,47.51231231240687,lateral,1
113,4.0502,Participant 6-Upright 2_frame00113,train,90deg,lateral_Participant6,Participant6,Mesomorph,Normal,,,,,,upright,1.0,0.0,0.0,0.46140143275260925,33.86350192439119,0.06776218921989505,0.07177609205245972,33.86350192439119,48.2047617954874,lateral,1
114,4.086,Participant 6-Upright 2_frame00114,train,90deg,lateral_Participant6,Participant6,Mesomorph,Normal,,,,,,upright,1.0,0.0,0.0,0.42045003175735474,32.7578342477916,0.07473088908424264,0.067210853099823,32.7578342477916,49.46646356358631,lateral,1
115,4.1219,Participant 6-Upright 2_frame00115,train,90deg,lateral_Participant6,Participant6,Mesomorph,Normal,,,,,,upright,1.0,0.0,0.0,0.43726441264152527,33.17772505284548,0.07468247605346637,0.07590913772583008,33.17772505284548,48.45133807804916,lateral,1
116,4.1577,Participant 6-Upright 2_frame00116,train,90deg,lateral_Participant6,Participant6,Mesomorph,Normal,,,,,,upright,1.0,0.0,0.0,0.4466320276260376,31.949403982560707,0.06566580209990246,0.06959253549575806,31.949403982560707,48.67211123429813,lateral,1
117,4.1936,Participant 6-Upright 2_frame00117,train,90deg,lateral_Participant6,Participant6,Mesomorph,Normal,,,,,,upright,1.0,0.0,0.0,0.45633184909820557,32.53286078854832,0.06025195703884927,0.07056039571762085,32.53286078854832,47.67238084463301,lateral,1
118,4.2294,Participant 6-Upright 2_frame00118,train,90deg,lateral_Participant6,Participant6,Mesomorph,Normal,,,,,,upright,1.0,0.0,0.0,0.43572157621383667,33.643251912726605,0.05958690458607808,0.06992006301879883,33.643251912726605,48.60720547976472,lateral,1
119,4.2653,Participant 6-Upright 2_frame00119,train,90deg,lateral_Participant6,Participant6,Mesomorph,Normal,,,,,,upright,1.0,0.0,0.0,0.4560230076313019,32.87739590112893,0.06255379482968672,0.06818044185638428,32.87739590112893,47.70943183641393,lateral,1
120,4.3011,Participant 6-Upright 2_frame00120,train,90deg,lateral_Participant6,Participant6,Mesomorph,Normal,,,,,,upright,1.0,0.0,0.0,0.4471227824687958,33.946112956798714,0.08060736502211874,0.07224708795547485,33.946112956798714,49.337271804377565,lateral,1
121,4.3369,Participant 6-Upright 2_frame00121,train,90deg,lateral_Participant6,Participant6,Mesomorph,Normal,,,,,,upright,1.0,0.0,0.0,0.4227648973464966,33.179900184553084,0.08163799075075148,0.06731200218200684,33.179900184553084,48.367005735045204,lateral,1
122,4.3728,Participant 6-Upright 2_frame00122,train,90deg,lateral_Participant6,Participant6,Mesomorph,Normal,,,,,,upright,1.0,0.0,0.0,0.43029317259788513,33.12738260561489,0.07720117896572815,0.06880348920822144,33.12738260561489,49.286394032460876,lateral,1
123,4.4086,Participant 6-Upright 2_frame00123,train,90deg,lateral_Participant6,Participant6,Mesomorph,Normal,,,,,,upright,1.0,0.0,0.0,0.4751109480857849,33.6578864119096,0.07363697585844117,0.07361751794815063,33.6578864119096,48.254722330815284,lateral,1
124,4.4445,Participant 6-Upright 2_frame00124,train,90deg,lateral_Participant6,Participant6,Mesomorph,Normal,,,,,,upright,1.0,0.0,0.0,0.43410253524780273,32.97530897849703,0.07414437621967195,0.07571005821228027,32.97530897849703,48.44503396347475,lateral,1
125,4.4803,Participant 6-Upright 2_frame00125,train,90deg,lateral_Participant6,Participant6,Mesomorph,Normal,,,,,,upright,1.0,0.0,0.0,0.4376344084739685,32.16932015354468,0.0778009354987299,0.06714397668838501,32.16932015354468,50.53186748527212,lateral,1
126,4.5162,Participant 6-Upright 2_frame00126,train,90deg,lateral_Participant6,Participant6,Mesomorph,Normal,,,,,,upright,1.0,0.0,0.0,0.4334806203842163,34.044551435923715,0.07206521263447244,0.0716712474822998,34.044551435923715,48.73543148769235,lateral,1
127,4.552,Participant 6-Upright 2_frame00127,train,90deg,lateral_Participant6,Participant6,Mesomorph,Normal,,,,,,upright,1.0,0.0,0.0,0.4513544738292694,33.2813836186271,0.06372005904615033,0.07234948873519897,33.2813836186271,47.754365303017224,lateral,1
128,4.5878,Participant 6-Upright 2_frame00128,train,90deg,lateral_Participant6,Participant6,Mesomorph,Normal,,,,,,upright,1.0,0.0,0.0,0.4208393692970276,31.461185660084965,0.0742805005557653,0.06243032217025757,31.461185660084965,49.24859925568027,lateral,1
129,4.6237,Participant 6-Upright 2_frame00129,train,90deg,lateral_Participant6,Participant6,Mesomorph,Normal,,,,,,upright,1.0,0.0,0.0,0.4105994701385498,32.06017833481623,0.0812733591373485,0.06667476892471313,32.06017833481623,48.962659853732646,lateral,1
130,4.6595,Participant 6-Upright 2_frame00130,train,90deg,lateral_Participant6,Participant6,Mesomorph,Normal,,,,,,upright,1.0,0.0,0.0,0.446195513010025,32.879954611820565,0.08306558172797471,0.07743310928344727,32.879954611820565,49.30722507876294,lateral,1
131,4.6954,Participant 6-Upright 2_frame00131,train,90deg,lateral_Participant6,Participant6,Mesomorph,Normal,,,,,,upright,1.0,0.0,0.0,0.4399729073047638,32.10998381991157,0.0773596398020991,0.06802541017532349,32.10998381991157,50.17883242069653,lateral,1
132,4.7312,Participant 6-Upright 2_frame00132,train,90deg,lateral_Participant6,Participant6,Mesomorph,Normal,,,,,,upright,1.0,0.0,0.0,0.43343585729599,32.6314017426744,0.07596686461910064,0.07224535942077637,32.6314017426744,49.545246576567905,lateral,1
133,4.7671,Participant 6-Upright 2_frame00133,train,90deg,lateral_Participant6,Participant6,Mesomorph,Normal,,,,,,upright,1.0,0.0,0.0,0.41104254126548767,33.83491847043243,0.08144639876401585,0.07148122787475586,33.83491847043243,49.207406032623226,lateral,1
134,4.8029,Participant 6-Upright 2_frame00134,train,90deg,lateral_Participant6,Participant6,Mesomorph,Normal,,,,,,upright,1.0,0.0,0.0,0.448046937584877,32.320866101785526,0.07259025432707686,0.0656505823135376,32.320866101785526,49.870096500222424,lateral,1
135,4.8387,Participant 6-Upright 2_frame00135,train,90deg,lateral_Participant6,Participant6,Mesomorph,Normal,,,,,,upright,1.0,0.0,0.0,0.42213448882102966,32.80911145610798,0.0857377701835917,0.06982117891311646,32.80911145610798,49.28141106031871,lateral,1
136,4.8746,Participant 6-Upright 2_frame00136,train,90deg,lateral_Participant6,Participant6,Mesomorph,Normal,,,,,,upright,1.0,0.0,0.0,0.45239728689193726,32.11551381306779,0.06544108955627025,0.06899619102478027,32.11551381306779,49.36535432277506,lateral,1
137,4.9104,Participant 6-Upright 2_frame00137,train,90deg,lateral_Participant6,Participant6,Mesomorph,Normal,,,,,,upright,1.0,0.0,0.0,0.46795183420181274,34.65471221520265,0.07493126069079167,0.07921582460403442,34.65471221520265,47.998357998632876,lateral,1
138,4.9463,Participant 6-Upright 2_frame00138,train,90deg,lateral_Participant6,Participant6,Mesomorph,Normal,,,,,,upright,1.0,0.0,0.0,0.4183928370475769,32.495917368708135,0.0762855015964041,0.07140040397644043,32.495917368708135,48.7223531646172,lateral,1
139,4.9821,Participant 6-Upright 2_frame00139,train,90deg,lateral_Participant6,Participant6,Mesomorph,Normal,,,,,,upright,1.0,0.0,0.0,0.48501238226890564,31.88260825915016,0.06611409543159619,0.07191145420074463,31.88260825915016,49.00305219725409,lateral,1
140,5.018,Participant 6-Upright 2_frame00140,train,90deg,lateral_Participant6,Participant6,Mesomorph,Normal,,,,,,upright,1.0,0.0,0.0,0.4652491807937622,32.268894933673806,0.08015014130490136,0.07680779695510864,32.268894933673806,49.15251257829599,lateral,1
141,5.0538,Participant 6-Upright 2_frame00141,train,90deg,lateral_Participant6,Participant6,Mesomorph,Normal,,,,,,upright,1.0,0.0,0.0,0.4767899513244629,33.3057468542616,0.07356832271010699,0.07525634765625,33.3057468542616,48.87450382943078,lateral,1
142,5.0896,Participant 6-Upright 2_frame00142,train,90deg,lateral_Participant6,Participant6,Mesomorph,Normal,,,,,,upright,1.0,0.0,0.0,0.46830013394355774,32.08700334041248,0.0773897894122675,0.07299935817718506,32.08700334041248,49.14840614929466,lateral,1
143,5.1255,Participant 6-Upright 2_frame00143,train,90deg,lateral_Participant6,Participant6,Mesomorph,Normal,,,,,,upright,1.0,0.0,0.0,0.4534118175506592,32.118739513455914,0.06943557078682094,0.06801307201385498,32.118739513455914,49.52970432400135,lateral,1
144,5.1613,Participant 6-Upright 2_frame00144,train,90deg,lateral_Participant6,Participant6,Mesomorph,Normal,,,,,,upright,1.0,0.0,0.0,0.4695872664451599,32.381756385894825,0.07525147789665215,0.07880967855453491,32.381756385894825,48.6858250088615,lateral,1
145,5.1972,Participant 6-Upright 2_frame00145,train,90deg,lateral_Participant6,Participant6,Mesomorph,Normal,,,,,,upright,1.0,0.0,0.0,0.4979743957519531,33.2345164373778,0.07514069485574103,0.08262187242507935,33.2345164373778,48.27265919485198,lateral,1
146,5.233,Participant 6-Upright 2_frame00146,train,90deg,lateral_Participant6,Participant6,Mesomorph,Normal,,,,,,upright,1.0,0.0,0.0,0.42049726843833923,33.06108756836667,0.08187699753709302,0.07621312141418457,33.06108756836667,49.33586061170431,lateral,1
147,5.2688,Participant 6-Upright 2_frame00147,train,90deg,lateral_Participant6,Participant6,Mesomorph,Normal,,,,,,upright,1.0,0.0,0.0,0.4600989520549774,32.50967154912948,0.06466817124827834,0.07680797576904297,32.50967154912948,48.38477627517862,lateral,1
148,5.3047,Participant 6-Upright 2_frame00148,train,90deg,lateral_Participant6,Participant6,Mesomorph,Normal,,,,,,upright,1.0,0.0,0.0,0.42076289653778076,32.29713643215197,0.07927037413201349,0.07082843780517578,32.29713643215197,48.43757151800033,lateral,1
149,5.3405,Participant 6-Upright 2_frame00149,train,90deg,lateral_Participant6,Participant6,Mesomorph,Normal,,,,,,upright,1.0,0.0,0.0,0.42347151041030884,32.97197414001464,0.08189480059402013,0.07666295766830444,32.97197414001464,48.56886416231259,lateral,1
150,5.3764,Participant 6-Upright 2_frame00150,train,90deg,lateral_Participant6,Participant6,Mesomorph,Normal,,,,,,upright,1.0,0.0,0.0,0.459537148475647,33.58735456387377,0.06828415756191371,0.08017510175704956,33.58735456387377,46.709493072641244,lateral,1
151,5.4122,Participant 6-Upright 2_frame00151,train,90deg,lateral_Participant6,Participant6,Mesomorph,Normal,,,,,,upright,1.0,0.0,0.0,0.47349852323532104,32.01925716180416,0.06995541083305663,0.07537209987640381,32.01925716180416,47.569723967876556,lateral,1
152,5.4481,Participant 6-Upright 2_frame00152,train,90deg,lateral_Participant6,Participant6,Mesomorph,Normal,,,,,,upright,1.0,0.0,0.0,0.40105560421943665,31.78245180418157,0.07797247910586842,0.0667373538017273,31.78245180418157,48.66231334301619,lateral,1
153,5.4839,Participant 6-Upright 2_frame00153,train,90deg,lateral_Participant6,Participant6,Mesomorph,Normal,,,,,,upright,1.0,0.0,0.0,0.4245205223560333,32.22870993385087,0.07811276715628175,0.07394373416900635,32.22870993385087,48.61368175193218,lateral,1
154,5.5197,Participant 6-Upright 2_frame00154,train,90deg,lateral_Participant6,Participant6,Mesomorph,Normal,,,,,,upright,1.0,0.0,0.0,0.439760684967041,33.44085927637006,0.07684562879012802,0.0734713077545166,33.44085927637006,47.402630644313156,lateral,1
0,0.0,Participant 6-Upright_frame00000,train,90deg,lateral_Participant6,Participant6,Mesomorph,Normal,,,,,,upright,1.0,0.0,0.0,0.42369192838668823,28.42843576260692,0.07371386873365074,0.051260530948638916,28.42843576260692,54.50160167420335,lateral,1
1,0.0358,Participant 6-Upright_frame00001,train,90deg,lateral_Participant6,Participant6,Mesomorph,Normal,,,,,,upright,1.0,0.0,0.0,0.4209059476852417,30.806021027578574,0.08363623132020201,0.05651158094406128,30.806021027578574,54.421624472769146,lateral,1
2,0.0717,Participant 6-Upright_frame00002,train,90deg,lateral_Participant6,Participant6,Mesomorph,Normal,,,,,,upright,1.0,0.0,0.0,0.4183063358068466,29.548455071347007,0.07444810711647126,0.06034386157989502,29.548455071347007,53.40799455102469,lateral,1
3,0.1075,Participant 6-Upright_frame00003,train,90deg,lateral_Participant6,Participant6,Mesomorph,Normal,,,,,,upright,1.0,0.0,0.0,0.44865651428699493,30.17532998140782,0.0640420803020436,0.051498234272003174,30.17532998140782,53.37488003589951,lateral,1
4,0.1434,Participant 6-Upright_frame00004,train,90deg,lateral_Participant6,Participant6,Mesomorph,Normal,,,,,,upright,1.0,0.0,0.0,0.4552071690559387,30.788373399021836,0.07415871188659291,0.05476289987564087,30.788373399021836,53.238563142204576,lateral,1
5,0.1792,Participant 6-Upright_frame00005,train,90deg,lateral_Participant6,Participant6,Mesomorph,Normal,,,,,,upright,1.0,0.0,0.0,0.41750848293304443,29.290855112591064,0.07041425587485975,0.05492645502090454,29.290855112591064,53.0635334388818,lateral,1
6,0.2151,Participant 6-Upright_frame00006,train,90deg,lateral_Participant6,Participant6,Mesomorph,Normal,,,,,,upright,1.0,0.0,0.0,0.4543496370315552,30.20013229453529,0.06355915600958872,0.04910653829574585,30.20013229453529,52.94468189153496,lateral,1
7,0.2509,Participant 6-Upright_frame00007,train,90deg,lateral_Participant6,Participant6,Mesomorph,Normal,,,,,,upright,1.0,0.0,0.0,0.4005793333053589,30.16567267823518,0.070605177307193,0.054148733615875244,30.16567267823518,53.45422230398065,lateral,1
8,0.2867,Participant 6-Upright_frame00008,train,90deg,lateral_Participant6,Participant6,Mesomorph,Normal,,,,,,upright,1.0,0.0,0.0,0.44794130325317383,30.258717838388844,0.06907744435422394,0.053340911865234375,30.258717838388844,53.29963068629363,lateral,1
9,0.3226,Participant 6-Upright_frame00009,train,90deg,lateral_Participant6,Participant6,Mesomorph,Normal,,,,,,upright,1.0,0.0,0.0,0.41206665337085724,29.28639749042334,0.07335003154671882,0.05093109607696533,29.28639749042334,53.886940164977226,lateral,1
10,0.3584,Participant 6-Upright_frame00010,train,90deg,lateral_Participant6,Participant6,Mesomorph,Normal,,,,,,upright,1.0,0.0,0.0,0.45895373821258545,30.22070103720881,0.07137633201558546,0.05114692449569702,30.22070103720881,52.89095332045224,lateral,1
11,0.3943,Participant 6-Upright_frame00011,train,90deg,lateral_Participant6,Participant6,Mesomorph,Normal,,,,,,upright,1.0,0.0,0.0,0.4441135823726654,29.868623763840784,0.06112213524191415,0.04961150884628296,29.868623763840784,53.19641764819974,lateral,1
12,0.4301,Participant 6-Upright_frame00012,train,90deg,lateral_Participant6,Participant6,Mesomorph,Normal,,,,,,upright,1.0,0.0,0.0,0.42007824778556824,29.26927703277936,0.06785287289749008,0.04863321781158447,29.26927703277936,53.22607682722665,lateral,1
13,0.466,Participant 6-Upright_frame00013,train,90deg,lateral_Participant6,Participant6,Mesomorph,Normal,,,,,,upright,1.0,0.0,0.0,0.4470985531806946,31.626272754980373,0.06888254615109382,0.057784855365753174,31.626272754980373,52.14374296813205,lateral,1
14,0.5018,Participant 6-Upright_frame00014,train,90deg,lateral_Participant6,Participant6,Mesomorph,Normal,,,,,,upright,1.0,0.0,0.0,0.43632954359054565,30.806007844832322,0.07486767224943268,0.055494606494903564,30.806007844832322,53.576873326092034,lateral,1
15,0.5376,Participant 6-Upright_frame00015,train,90deg,lateral_Participant6,Participant6,Mesomorph,Normal,,,,,,upright,1.0,0.0,0.0,0.42011964321136475,30.097147120180853,0.08163298067506233,0.0584600567817688,30.097147120180853,51.74728448638526,lateral,1
16,0.5735,Participant 6-Upright_frame00016,train,90deg,lateral_Participant6,Participant6,Mesomorph,Normal,,,,,,upright,1.0,0.0,0.0,0.3864711821079254,31.036274255733826,0.08985847596097946,0.05809897184371948,31.036274255733826,52.724862977153705,lateral,1
17,0.6093,Participant 6-Upright_frame00017,train,90deg,lateral_Participant6,Participant6,Mesomorph,Normal,,,,,,upright,1.0,0.0,0.0,0.4210469573736191,29.974830414078045,0.07449217573432085,0.058616578578948975,29.974830414078045,52.24231615538018,lateral,1
18,0.6452,Participant 6-Upright_frame00018,train,90deg,lateral_Participant6,Participant6,Mesomorph,Normal,,,,,,upright,1.0,0.0,0.0,0.4171656370162964,28.771499108268653,0.07212070105499999,0.049793362617492676,28.771499108268653,53.977874413352836,lateral,1
19,0.681,Participant 6-Upright_frame00019,train,90deg,lateral_Participant6,Participant6,Mesomorph,Normal,,,,,,upright,1.0,0.0,0.0,0.4449903517961502,30.495055645070252,0.07286344845533359,0.05658304691314697,30.495055645070252,53.28895123939918,lateral,1
20,0.7169,Participant 6-Upright_frame00020,train,90deg,lateral_Participant6,Participant6,Mesomorph,Normal,,,,,,upright,1.0,0.0,0.0,0.3982599377632141,31.97953562592337,0.08024659000043034,0.06199568510055542,31.97953562592337,52.213477037571664,lateral,1
21,0.7527,Participant 6-Upright_frame00021,train,90deg,lateral_Participant6,Participant6,Mesomorph,Normal,,,,,,upright,1.0,0.0,0.0,0.436407208442688,32.256897361490196,0.0653855330087667,0.056506454944610596,32.256897361490196,52.441012559978596,lateral,1
22,0.7885,Participant 6-Upright_frame00022,train,90deg,lateral_Participant6,Participant6,Mesomorph,Normal,,,,,,upright,1.0,0.0,0.0,0.37706607580184937,32.25675975903197,0.08448874658343812,0.06134253740310669,32.25675975903197,52.81278990476347,lateral,1
23,0.8244,Participant 6-Upright_frame00023,train,90deg,lateral_Participant6,Participant6,Mesomorph,Normal,,,,,,upright,1.0,0.0,0.0,0.40503883361816406,30.451467296182827,0.07242953186423084,0.05282872915267944,30.451467296182827,53.323173982975284,lateral,1
24,0.8602,Participant 6-Upright_frame00024,train,90deg,lateral_Participant6,Participant6,Mesomorph,Normal,,,,,,upright,1.0,0.0,0.0,0.44380515813827515,30.85600510424433,0.07059462716928455,0.05719280242919922,30.85600510424433,53.06172103533371,lateral,1
25,0.8961,Participant 6-Upright_frame00025,train,90deg,lateral_Participant6,Participant6,Mesomorph,Normal,,,,,,upright,1.0,0.0,0.0,0.4185501039028168,31.599195863650003,0.08054943793513977,0.05789142847061157,31.599195863650003,53.222990817912745,lateral,1
26,0.9319,Participant 6-Upright_frame00026,train,90deg,lateral_Participant6,Participant6,Mesomorph,Normal,,,,,,upright,1.0,0.0,0.0,0.4362783133983612,30.05846275516813,0.06305922111814756,0.049561381340026855,30.05846275516813,52.937033953582244,lateral,1
27,0.9677,Participant 6-Upright_frame00027,train,90deg,lateral_Participant6,Participant6,Mesomorph,Normal,,,,,,upright,1.0,0.0,0.0,0.4207032024860382,32.748776820553005,0.07188589914364941,0.05399817228317261,32.748776820553005,53.008350898306574,lateral,1
28,1.0036,Participant 6-Upright_frame00028,train,90deg,lateral_Participant6,Participant6,Mesomorph,Normal,,,,,,upright,1.0,0.0,0.0,0.4795534312725067,31.106539959734153,0.06495549852368193,0.057081401348114014,31.106539959734153,52.24567824319626,lateral,1
29,1.0394,Participant 6-Upright_frame00029,train,90deg,lateral_Participant6,Participant6,Mesomorph,Normal,,,,,,upright,1.0,0.0,0.0,0.4921412169933319,32.230217039192844,0.06786536191808776,0.05604630708694458,32.230217039192844,52.53115120190006,lateral,1
30,1.0753,Participant 6-Upright_frame00030,train,90deg,lateral_Participant6,Participant6,Mesomorph,Normal,,,,,,upright,1.0,0.0,0.0,0.44486868381500244,32.28907213868573,0.07280164600243545,0.06271791458129883,32.28907213868573,52.03839377781728,lateral,1
31,1.1111,Participant 6-Upright_frame00031,train,90deg,lateral_Participant6,Participant6,Mesomorph,Normal,,,,,,upright,1.0,0.0,0.0,0.47618794441223145,32.40864567509946,0.06002686092335527,0.054200589656829834,32.40864567509946,51.87600821255789,lateral,1
32,1.147,Participant 6-Upright_frame00032,train,90deg,lateral_Participant6,Participant6,Mesomorph,Normal,,,,,,upright,1.0,0.0,0.0,0.4467795789241791,33.06104606623105,0.07096181263871522,0.0651598572731018,33.06104606623105,52.735626449492464,lateral,1
33,1.1828,Participant 6-Upright_frame00033,train,90deg,lateral_Participant6,Participant6,Mesomorph,Normal,,,,,,upright,1.0,0.0,0.0,0.4666258990764618,33.94111597733496,0.07561364197551532,0.0717320442199707,33.94111597733496,51.72657127027761,lateral,1
34,1.2186,Participant 6-Upright_frame00034,train,90deg,lateral_Participant6,Participant6,Mesomorph,Normal,,,,,,upright,1.0,0.0,0.0,0.4755864441394806,31.02754189937317,0.06389133679658235,0.0574951171875,31.02754189937317,52.18794617476481,lateral,1
35,1.2545,Participant 6-Upright_frame00035,train,90deg,lateral_Participant6,Participant6,Mesomorph,Normal,,,,,,upright,1.0,0.0,0.0,0.42073336243629456,33.35679228285541,0.07226975491660949,0.06851178407669067,33.35679228285541,52.24405476948975,lateral,1
36,1.2903,Participant 6-Upright_frame00036,train,90deg,lateral_Participant6,Participant6,Mesomorph,Normal,,,,,,upright,1.0,0.0,0.0,0.43179985880851746,32.977798620444645,0.0639934969147781,0.06254792213439941,32.977798620444645,52.16175685148054,lateral,1
37,1.3262,Participant 6-Upright_frame00037,train,90deg,lateral_Participant6,Participant6,Mesomorph,Normal,,,,,,upright,1.0,0.0,0.0,0.40357980132102966,31.81957518500351,0.07352037296801324,0.062207579612731934,31.81957518500351,52.66622329359416,lateral,1
38,1.362,Participant 6-Upright_frame00038,train,90deg,lateral_Participant6,Participant6,Mesomorph,Normal,,,,,,upright,1.0,0.0,0.0,0.4414127320051193,31.20584185800954,0.06329485949456379,0.05474984645843506,31.20584185800954,51.96698956650297,lateral,1
39,1.3979,Participant 6-Upright_frame00039,train,90deg,lateral_Participant6,Participant6,Mesomorph,Normal,,,,,,upright,1.0,0.0,0.0,0.3941406309604645,32.03316450314956,0.0758254765289102,0.05847746133804321,32.03316450314956,52.507774195810114,lateral,1
40,1.4337,Participant 6-Upright_frame00040,train,90deg,lateral_Participant6,Participant6,Mesomorph,Normal,,,,,,upright,1.0,0.0,0.0,0.41655707359313965,31.9525067329743,0.06894521232176123,0.057598769664764404,31.9525067329743,52.086627252476326,lateral,1
41,1.4695,Participant 6-Upright_frame00041,train,90deg,lateral_Participant6,Participant6,Mesomorph,Normal,,,,,,upright,1.0,0.0,0.0,0.40669313073158264,31.83735850943487,0.0784092821575404,0.05892091989517212,31.83735850943487,52.093758388908896,lateral,1
42,1.5054,Participant 6-Upright_frame00042,train,90deg,lateral_Participant6,Participant6,Mesomorph,Normal,,,,,,upright,1.0,0.0,0.0,0.4581763446331024,30.80043891377631,0.06753847413108165,0.062350332736968994,30.80043891377631,51.649183012894774,lateral,1
43,1.5412,Participant 6-Upright_frame00043,train,90deg,lateral_Participant6,Participant6,Mesomorph,Normal,,,,,,upright,1.0,0.0,0.0,0.41635259985923767,32.52388005670235,0.06810033987931749,0.05937492847442627,32.52388005670235,51.340109049289815,lateral,1
44,1.5771,Participant 6-Upright_frame00044,train,90deg,lateral_Participant6,Participant6,Mesomorph,Normal,,,,,,upright,1.0,0.0,0.0,0.41744986176490784,32.87604512878196,0.06865328187267739,0.06001526117324829,32.87604512878196,51.868787285753285,lateral,1
45,1.6129,Participant 6-Upright_frame00045,train,90deg,lateral_Participant6,Participant6,Mesomorph,Normal,,,,,,upright,1.0,0.0,0.0,0.44053903222084045,31.64660431915263,0.07579917575770047,0.059880852699279785,31.64660431915263,52.56527706010894,lateral,1
46,1.6488,Participant 6-Upright_frame00046,train,90deg,lateral_Participant6,Participant6,Mesomorph,Normal,,,,,,upright,1.0,0.0,0.0,0.42396143078804016,34.23229231003595,0.0786619287553676,0.06585609912872314,34.23229231003595,52.53171302652469,lateral,1
47,1.6846,Participant 6-Upright_frame00047,train,90deg,lateral_Participant6,Participant6,Mesomorph,Normal,,,,,,upright,1.0,0.0,0.0,0.40764087438583374,33.0219669594635,0.08016421165670064,0.061796605587005615,33.0219669594635,51.90132337273075,lateral,1
48,1.7204,Participant 6-Upright_frame00048,train,90deg,lateral_Participant6,Participant6,Mesomorph,Normal,,,,,,upright,1.0,0.0,0.0,0.4088571071624756,31.443302751923635,0.08009841228227982,0.05827885866165161,31.443302751923635,52.670706881739854,lateral,1
49,1.7563,Participant 6-Upright_frame00049,train,90deg,lateral_Participant6,Participant6,Mesomorph,Normal,,,,,,upright,1.0,0.0,0.0,0.40024319291114807,31.534607205987836,0.08555242640380557,0.06295150518417358,31.534607205987836,52.518792629038245,lateral,1
50,1.7921,Participant 6-Upright_frame00050,train,90deg,lateral_Participant6,Participant6,Mesomorph,Normal,,,,,,upright,1.0,0.0,0.0,0.4089709520339966,31.51342720489121,0.06604110946622145,0.05362570285797119,31.51342720489121,52.22536777553752,lateral,1
51,1.828,Participant 6-Upright_frame00051,train,90deg,lateral_Participant6,Participant6,Mesomorph,Normal,,,,,,upright,1.0,0.0,0.0,0.4201193153858185,33.382277839161205,0.07755976143499081,0.06273561716079712,33.382277839161205,52.094853580402194,lateral,1
52,1.8638,Participant 6-Upright_frame00052,train,90deg,lateral_Participant6,Participant6,Mesomorph,Normal,,,,,,upright,1.0,0.0,0.0,0.45394638180732727,32.011683842137145,0.0768965754706649,0.0637851357460022,32.011683842137145,52.094106326713245,lateral,1
53,1.8997,Participant 6-Upright_frame00053,train,90deg,lateral_Participant6,Participant6,Mesomorph,Normal,,,,,,upright,1.0,0.0,0.0,0.40467628836631775,32.5410379351796,0.08040623524811157,0.06143498420715332,32.5410379351796,52.37396833448273,lateral,1
54,1.9355,Participant 6-Upright_frame00054,train,90deg,lateral_Participant6,Participant6,Mesomorph,Normal,,,,,,upright,1.0,0.0,0.0,0.4244662821292877,30.396067670191368,0.0726766809052152,0.04901134967803955,30.396067670191368,52.480046609502345,lateral,1
55,1.9713,Participant 6-Upright_frame00055,train,90deg,lateral_Participant6,Participant6,Mesomorph,Normal,,,,,,upright,1.0,0.0,0.0,0.41263437271118164,32.58055148005471,0.07901215965759978,0.059803307056427,32.58055148005471,52.60136696535726,lateral,1
56,2.0072,Participant 6-Upright_frame00056,train,90deg,lateral_Participant6,Participant6,Mesomorph,Normal,,,,,,upright,1.0,0.0,0.0,0.4190661311149597,30.585794156647943,0.05674980193734696,0.056866228580474854,30.585794156647943,50.94588787575014,lateral,1
57,2.043,Participant 6-Upright_frame00057,train,90deg,lateral_Participant6,Participant6,Mesomorph,Normal,,,,,,upright,1.0,0.0,0.0,0.3936864733695984,33.49706546452294,0.07652543239498814,0.06559377908706665,33.49706546452294,51.332189347379185,lateral,1
58,2.0789,Participant 6-Upright_frame00058,train,90deg,lateral_Participant6,Participant6,Mesomorph,Normal,,,,,,upright,1.0,0.0,0.0,0.45441289246082306,33.96030458637571,0.07361154235402734,0.06468188762664795,33.96030458637571,50.67726119407299,lateral,1
59,2.1147,Participant 6-Upright_frame00059,train,90deg,lateral_Participant6,Participant6,Mesomorph,Normal,,,,,,upright,1.0,0.0,0.0,0.43837176263332367,32.34816733757493,0.07282785103299452,0.06280529499053955,32.34816733757493,51.51998529360561,lateral,1
60,2.1506,Participant 6-Upright_frame00060,train,90deg,lateral_Participant6,Participant6,Mesomorph,Normal,,,,,,upright,1.0,0.0,0.0,0.4216316044330597,32.16185049534033,0.07210240065250788,0.061577558517456055,32.16185049534033,51.43970059449674,lateral,1
61,2.1864,Participant 6-Upright_frame00061,train,90deg,lateral_Participant6,Participant6,Mesomorph,Normal,,,,,,upright,1.0,0.0,0.0,0.3815692067146301,31.88806011416438,0.06825592481899033,0.05617457628250122,31.88806011416438,51.92754710794204,lateral,1
62,2.2222,Participant 6-Upright_frame00062,train,90deg,lateral_Participant6,Participant6,Mesomorph,Normal,,,,,,upright,1.0,0.0,0.0,0.4362095594406128,32.08671770526918,0.06612955956813833,0.05947446823120117,32.08671770526918,51.686648613720365,lateral,1
63,2.2581,Participant 6-Upright_frame00063,train,90deg,lateral_Participant6,Participant6,Mesomorph,Normal,,,,,,upright,1.0,0.0,0.0,0.4213601052761078,32.04906473073866,0.06410711991083576,0.05465644598007202,32.04906473073866,52.39874418273098,lateral,1
64,2.2939,Participant 6-Upright_frame00064,train,90deg,lateral_Participant6,Participant6,Mesomorph,Normal,,,,,,upright,1.0,0.0,0.0,0.4037471115589142,32.7053315864143,0.07477848722297525,0.05823606252670288,32.7053315864143,51.64593368636346,lateral,1
65,2.3298,Participant 6-Upright_frame00065,train,90deg,lateral_Participant6,Participant6,Mesomorph,Normal,,,,,,upright,1.0,0.0,0.0,0.35492271184921265,32.563703960801085,0.0787958123985294,0.057154715061187744,32.563703960801085,51.33693026927559,lateral,1
66,2.3656,Participant 6-Upright_frame00066,train,90deg,lateral_Participant6,Participant6,Mesomorph,Normal,,,,,,upright,1.0,0.0,0.0,0.4020214080810547,32.06929920999017,0.07258831290773031,0.05660367012023926,32.06929920999017,52.81506803105245,lateral,1
67,2.4015,Participant 6-Upright_frame00067,train,90deg,lateral_Participant6,Participant6,Mesomorph,Normal,,,,,,upright,1.0,0.0,0.0,0.331292986869812,32.57852094682946,0.0645356601455127,0.054243385791778564,32.57852094682946,52.30564859624234,lateral,1
68,2.4373,Participant 6-Upright_frame00068,train,90deg,lateral_Participant6,Participant6,Mesomorph,Normal,,,,,,upright,1.0,0.0,0.0,0.3630863130092621,30.76797943316707,0.0744433563926941,0.05028533935546875,30.76797943316707,52.13961955830463,lateral,1
69,2.4731,Participant 6-Upright_frame00069,train,90deg,lateral_Participant6,Participant6,Mesomorph,Normal,,,,,,upright,1.0,0.0,0.0,0.4268057942390442,31.40604656060811,0.06535807248690519,0.05123889446258545,31.40604656060811,53.86006777240278,lateral,1
70,2.509,Participant 6-Upright_frame00070,train,90deg,lateral_Participant6,Participant6,Mesomorph,Normal,,,,,,upright,1.0,0.0,0.0,0.45080122351646423,31.967004939197473,0.07006296463063079,0.05695527791976929,31.967004939197473,52.11031285526317,lateral,1
71,2.5448,Participant 6-Upright_frame00071,train,90deg,lateral_Participant6,Participant6,Mesomorph,Normal,,,,,,upright,1.0,0.0,0.0,0.3568092882633209,31.260597369498857,0.06688586924359996,0.05254405736923218,31.260597369498857,52.719508904810105,lateral,1
72,2.5807,Participant 6-Upright_frame00072,train,90deg,lateral_Participant6,Participant6,Mesomorph,Normal,,,,,,upright,1.0,0.0,0.0,0.4374264180660248,31.925576508127584,0.06717277859703488,0.05779731273651123,31.925576508127584,52.74140383952343,lateral,1
73,2.6165,Participant 6-Upright_frame00073,train,90deg,lateral_Participant6,Participant6,Mesomorph,Normal,,,,,,upright,1.0,0.0,0.0,0.38182416558265686,31.416517830847855,0.0747870115726597,0.05742919445037842,31.416517830847855,51.91510069235972,lateral,1
74,2.6524,Participant 6-Upright_frame00074,train,90deg,lateral_Participant6,Participant6,Mesomorph,Normal,,,,,,upright,1.0,0.0,0.0,0.40661969780921936,31.326702478621723,0.06420235667477235,0.05504477024078369,31.326702478621723,52.44605829036021,lateral,1
75,2.6882,Participant 6-Upright_frame00075,train,90deg,lateral_Participant6,Participant6,Mesomorph,Normal,,,,,,upright,1.0,0.0,0.0,0.43756967782974243,33.4561193333358,0.06821779048538626,0.061454832553863525,33.4561193333358,50.95327316885962,lateral,1
76,2.724,Participant 6-Upright_frame00076,train,90deg,lateral_Participant6,Participant6,Mesomorph,Normal,,,,,,upright,1.0,0.0,0.0,0.37982916831970215,31.9285737626792,0.06442357780554561,0.05757862329483032,31.9285737626792,52.16362936089563,lateral,1
77,2.7599,Participant 6-Upright_frame00077,train,90deg,lateral_Participant6,Participant6,Mesomorph,Normal,,,,,,upright,1.0,0.0,0.0,0.38883689045906067,32.210191807072576,0.06878933325354454,0.06026071310043335,32.210191807072576,52.27930442540528,lateral,1
78,2.7957,Participant 6-Upright_frame00078,train,90deg,lateral_Participant6,Participant6,Mesomorph,Normal,,,,,,upright,1.0,0.0,0.0,0.35978856682777405,30.6431939229079,0.07090303491730462,0.05436861515045166,30.6431939229079,51.94139161930426,lateral,1
79,2.8316,Participant 6-Upright_frame00079,train,90deg,lateral_Participant6,Participant6,Mesomorph,Normal,,,,,,upright,1.0,0.0,0.0,0.39798277616500854,31.790033064854054,0.08405370123936683,0.05852848291397095,31.790033064854054,51.386982907230696,lateral,1
80,2.8674,Participant 6-Upright_frame00080,train,90deg,lateral_Participant6,Participant6,Mesomorph,Normal,,,,,,upright,1.0,0.0,0.0,0.3775651156902313,32.88600541480556,0.08493041552995209,0.06481719017028809,32.88600541480556,52.06888939017336,lateral,1
81,2.9032,Participant 6-Upright_frame00081,train,90deg,lateral_Participant6,Participant6,Mesomorph,Normal,,,,,,upright,1.0,0.0,0.0,0.400788277387619,30.977510370498834,0.0784804282326226,0.0528143048286438,30.977510370498834,52.31205015243445,lateral,1
82,2.9391,Participant 6-Upright_frame00082,train,90deg,lateral_Participant6,Participant6,Mesomorph,Normal,,,,,,upright,1.0,0.0,0.0,0.39410868287086487,29.302797262518418,0.06648899268831397,0.051347196102142334,29.302797262518418,52.25397207632608,lateral,1
83,2.9749,Participant 6-Upright_frame00083,train,90deg,lateral_Participant6,Participant6,Mesomorph,Normal,,,,,,upright,1.0,0.0,0.0,0.38420599699020386,31.646701689394533,0.07242500019005482,0.0634993314743042,31.646701689394533,51.465249519055,lateral,1
84,3.0108,Participant 6-Upright_frame00084,train,90deg,lateral_Participant6,Participant6,Mesomorph,Normal,,,,,,upright,1.0,0.0,0.0,0.40056130290031433,32.578238584463065,0.08280190992406,0.06062018871307373,32.578238584463065,52.1233557147937,lateral,1
85,3.0466,Participant 6-Upright_frame00085,train,90deg,lateral_Participant6,Participant6,Mesomorph,Normal,,,,,,upright,1.0,0.0,0.0,0.37788695096969604,33.18785186511094,0.08588168573932455,0.06185668706893921,33.18785186511094,52.31429670296987,lateral,1
86,3.0825,Participant 6-Upright_frame00086,train,90deg,lateral_Participant6,Participant6,Mesomorph,Normal,,,,,,upright,1.0,0.0,0.0,0.3765871524810791,30.685511502952636,0.06280794922523394,0.05581772327423096,30.685511502952636,51.32372884426876,lateral,1
87,3.1183,Participant 6-Upright_frame00087,train,90deg,lateral_Participant6,Participant6,Mesomorph,Normal,,,,,,upright,1.0,0.0,0.0,0.4448298066854477,32.154252265874774,0.07155311154871999,0.06588292121887207,32.154252265874774,51.18261245651406,lateral,1
88,3.1541,Participant 6-Upright_frame00088,train,90deg,lateral_Participant6,Participant6,Mesomorph,Normal,,,,,,upright,1.0,0.0,0.0,0.3811348080635071,31.96101780447509,0.07273802440642771,0.06005430221557617,31.96101780447509,50.91332800740605,lateral,1
89,3.19,Participant 6-Upright_frame00089,train,90deg,lateral_Participant6,Participant6,Mesomorph,Normal,,,,,,upright,1.0,0.0,0.0,0.4178450405597687,31.948760807494118,0.0644541111786167,0.05959367752075195,31.948760807494118,51.222676360228164,lateral,1
90,3.2258,Participant 6-Upright_frame00090,train,90deg,lateral_Participant6,Participant6,Mesomorph,Normal,,,,,,upright,1.0,0.0,0.0,0.4164366126060486,33.46033139823488,0.08170394477033043,0.06403076648712158,33.46033139823488,51.83788135068316,lateral,1
91,3.2617,Participant 6-Upright_frame00091,train,90deg,lateral_Participant6,Participant6,Mesomorph,Normal,,,,,,upright,1.0,0.0,0.0,0.3831411302089691,33.083236476164736,0.08820212809402062,0.06588774919509888,33.083236476164736,51.98932114209008,lateral,1
92,3.2975,Participant 6-Upright_frame00092,train,90deg,lateral_Participant6,Participant6,Mesomorph,Normal,,,,,,upright,1.0,0.0,0.0,0.4183535575866699,33.44506795139156,0.08265446022782809,0.06920278072357178,33.44506795139156,52.230998250458015,lateral,1
93,3.3334,Participant 6-Upright_frame00093,train,90deg,lateral_Participant6,Participant6,Mesomorph,Normal,,,,,,upright,1.0,0.0,0.0,0.39871424436569214,32.13402823238357,0.07657387680869399,0.060123443603515625,32.13402823238357,52.039763197558216,lateral,1
94,3.3692,Participant 6-Upright_frame00094,train,90deg,lateral_Participant6,Participant6,Mesomorph,Normal,,,,,,upright,1.0,0.0,0.0,0.3942458927631378,31.718550568771224,0.07463901667505746,0.0597306489944458,31.718550568771224,52.019187905216775,lateral,1
95,3.405,Participant 6-Upright_frame00095,train,90deg,lateral_Participant6,Participant6,Mesomorph,Normal,,,,,,upright,1.0,0.0,0.0,0.3764666020870209,31.00771434855773,0.06725653595349895,0.06179779767990112,31.00771434855773,51.82132316579979,lateral,1
96,3.4409,Participant 6-Upright_frame00096,train,90deg,lateral_Participant6,Participant6,Mesomorph,Normal,,,,,,upright,1.0,0.0,0.0,0.4103471636772156,31.548581846923366,0.0797057308481481,0.062039315700531006,31.548581846923366,52.477503921346056,lateral,1
97,3.4767,Participant 6-Upright_frame00097,train,90deg,lateral_Participant6,Participant6,Mesomorph,Normal,,,,,,upright,1.0,0.0,0.0,0.4260740578174591,33.4391138222863,0.09539406499017236,0.06954556703567505,33.4391138222863,51.97370174419477,lateral,1
98,3.5126,Participant 6-Upright_frame00098,train,90deg,lateral_Participant6,Participant6,Mesomorph,Normal,,,,,,upright,1.0,0.0,0.0,0.44028183817863464,32.574046587907745,0.08019379318051999,0.06701517105102539,32.574046587907745,51.16215208759456,lateral,1
99,3.5484,Participant 6-Upright_frame00099,train,90deg,lateral_Participant6,Participant6,Mesomorph,Normal,,,,,,upright,1.0,0.0,0.0,0.4045714735984802,31.13882886466664,0.08295416280220692,0.06191611289978027,31.13882886466664,51.40107040050921,lateral,1
100,3.5843,Participant 6-Upright_frame00100,train,90deg,lateral_Participant6,Participant6,Mesomorph,Normal,,,,,,upright,1.0,0.0,0.0,0.383649617433548,31.510219064390004,0.07804211090578358,0.0604286789894104,31.510219064390004,53.02112192143591,lateral,1
101,3.6201,Participant 6-Upright_frame00101,train,90deg,lateral_Participant6,Participant6,Mesomorph,Normal,,,,,,upright,1.0,0.0,0.0,0.37868615984916687,31.381623606860074,0.07485295073318873,0.054972052574157715,31.381623606860074,52.51046385523075,lateral,1
102,3.6559,Participant 6-Upright_frame00102,train,90deg,lateral_Participant6,Participant6,Mesomorph,Normal,,,,,,upright,1.0,0.0,0.0,0.4049052894115448,31.5520536776437,0.0812334392526845,0.06466883420944214,31.5520536776437,52.12568553557802,lateral,1
103,3.6918,Participant 6-Upright_frame00103,train,90deg,lateral_Participant6,Participant6,Mesomorph,Normal,,,,,,upright,1.0,0.0,0.0,0.4108850359916687,31.15250632783014,0.07645286918103664,0.0626220703125,31.15250632783014,52.32094480206388,lateral,1
104,3.7276,Participant 6-Upright_frame00104,train,90deg,lateral_Participant6,Participant6,Mesomorph,Normal,,,,,,upright,1.0,0.0,0.0,0.4117197096347809,31.08143269137267,0.057693809989236663,0.05732154846191406,31.08143269137267,52.08943512689869,lateral,1
105,3.7635,Participant 6-Upright_frame00105,train,90deg,lateral_Participant6,Participant6,Mesomorph,Normal,,,,,,upright,1.0,0.0,0.0,0.42625564336776733,30.257408920499902,0.0594535111077592,0.05542820692062378,30.257408920499902,52.34380824232446,lateral,1
106,3.7993,Participant 6-Upright_frame00106,train,90deg,lateral_Participant6,Participant6,Mesomorph,Normal,,,,,,upright,1.0,0.0,0.0,0.4222226142883301,31.87668981533961,0.07452335144569729,0.05842757225036621,31.87668981533961,51.94659180866846,lateral,1
107,3.8352,Participant 6-Upright_frame00107,train,90deg,lateral_Participant6,Participant6,Mesomorph,Normal,,,,,,upright,1.0,0.0,0.0,0.4046204686164856,32.33528489165894,0.06595306227544552,0.06396633386611938,32.33528489165894,51.229370216179326,lateral,1
108,3.871,Participant 6-Upright_frame00108,train,90deg,lateral_Participant6,Participant6,Mesomorph,Normal,,,,,,upright,1.0,0.0,0.0,0.42083871364593506,31.386826547277593,0.0631437579633451,0.05549746751785278,31.386826547277593,51.82304003242463,lateral,1
109,3.9068,Participant 6-Upright_frame00109,train,90deg,lateral_Participant6,Participant6,Mesomorph,Normal,,,,,,upright,1.0,0.0,0.0,0.42487385869026184,31.281618231704655,0.08066287831426308,0.061225712299346924,31.281618231704655,52.16271628188489,lateral,1
110,3.9427,Participant 6-Upright_frame00110,train,90deg,lateral_Participant6,Participant6,Mesomorph,Normal,,,,,,upright,1.0,0.0,0.0,0.36827632784843445,31.52032680080742,0.07429945301127679,0.05642414093017578,31.52032680080742,51.75321600765741,lateral,1
111,3.9785,Participant 6-Upright_frame00111,train,90deg,lateral_Participant6,Participant6,Mesomorph,Normal,,,,,,upright,1.0,0.0,0.0,0.39133626222610474,31.81380849933369,0.07725697612329117,0.06259822845458984,31.81380849933369,51.65586535449599,lateral,1
112,4.0144,Participant 6-Upright_frame00112,train,90deg,lateral_Participant6,Participant6,Mesomorph,Normal,,,,,,upright,1.0,0.0,0.0,0.39384984970092773,31.64754338518923,0.08101199464065378,0.06174170970916748,31.64754338518923,53.58629631300548,lateral,1
113,4.0502,Participant 6-Upright_frame00113,train,90deg,lateral_Participant6,Participant6,Mesomorph,Normal,,,,,,upright,1.0,0.0,0.0,0.36867374181747437,31.00211151714044,0.07094324555169058,0.05297154188156128,31.00211151714044,52.41651758629501,lateral,1
114,4.0861,Participant 6-Upright_frame00114,train,90deg,lateral_Participant6,Participant6,Mesomorph,Normal,,,,,,upright,1.0,0.0,0.0,0.3412718176841736,31.253695399153095,0.0759696494740147,0.05383586883544922,31.253695399153095,53.364090867495115,lateral,1
115,4.1219,Participant 6-Upright_frame00115,train,90deg,lateral_Participant6,Participant6,Mesomorph,Normal,,,,,,upright,1.0,0.0,0.0,0.37981098890304565,31.212719778371714,0.07281072193061419,0.05972492694854736,31.212719778371714,51.78124484261392,lateral,1
116,4.1577,Participant 6-Upright_frame00116,train,90deg,lateral_Participant6,Participant6,Mesomorph,Normal,,,,,,upright,1.0,0.0,0.0,0.35956406593322754,30.99016967274891,0.06731542441466631,0.05199301242828369,30.99016967274891,53.01660860488929,lateral,1
117,4.1936,Participant 6-Upright_frame00117,train,90deg,lateral_Participant6,Participant6,Mesomorph,Normal,,,,,,upright,1.0,0.0,0.0,0.39173659682273865,30.75696619447787,0.07029913576815415,0.0524059534072876,30.75696619447787,52.29120051720253,lateral,1
118,4.2294,Participant 6-Upright_frame00118,train,90deg,lateral_Participant6,Participant6,Mesomorph,Normal,,,,,,upright,1.0,0.0,0.0,0.37222710251808167,30.305939319359766,0.06434634692758691,0.05209428071975708,30.305939319359766,52.8983932830335,lateral,1
119,4.2653,Participant 6-Upright_frame00119,train,90deg,lateral_Participant6,Participant6,Mesomorph,Normal,,,,,,upright,1.0,0.0,0.0,0.3517407774925232,30.001189128607635,0.07496494138286584,0.05002164840698242,30.001189128607635,53.25304239505671,lateral,1
120,4.3011,Participant 6-Upright_frame00120,train,90deg,lateral_Participant6,Participant6,Mesomorph,Normal,,,,,,upright,1.0,0.0,0.0,0.41280829906463623,31.1789542585311,0.06148106932627963,0.054556310176849365,31.1789542585311,52.835023437557865,lateral,1
121,4.337,Participant 6-Upright_frame00121,train,90deg,lateral_Participant6,Participant6,Mesomorph,Normal,,,,,,upright,1.0,0.0,0.0,0.36675602197647095,32.02455892212101,0.07467331632776038,0.05706357955932617,32.02455892212101,52.30009870650692,lateral,1
122,4.3728,Participant 6-Upright_frame00122,train,90deg,lateral_Participant6,Participant6,Mesomorph,Normal,,,,,,upright,1.0,0.0,0.0,0.4170955717563629,32.09282248184976,0.07066405983908976,0.06026184558868408,32.09282248184976,52.31621832778888,lateral,1
123,4.4086,Participant 6-Upright_frame00123,train,90deg,lateral_Participant6,Participant6,Mesomorph,Normal,,,,,,upright,1.0,0.0,0.0,0.41092321276664734,31.64762973564727,0.06995660624805386,0.05996811389923096,31.64762973564727,52.97597205758341,lateral,1
124,4.4445,Participant 6-Upright_frame00124,train,90deg,lateral_Participant6,Participant6,Mesomorph,Normal,,,,,,upright,1.0,0.0,0.0,0.3996245861053467,31.484701000934944,0.07331751137088453,0.06445378065109253,31.484701000934944,51.847683598365826,lateral,1
125,4.4803,Participant 6-Upright_frame00125,train,90deg,lateral_Participant6,Participant6,Mesomorph,Normal,,,,,,upright,1.0,0.0,0.0,0.4042655825614929,31.47410960476046,0.0710071128179628,0.05346512794494629,31.47410960476046,51.93685885110839,lateral,1
126,4.5162,Participant 6-Upright_frame00126,train,90deg,lateral_Participant6,Participant6,Mesomorph,Normal,,,,,,upright,1.0,0.0,0.0,0.3949330151081085,32.35703806659987,0.07982048217522587,0.06041157245635986,32.35703806659987,51.733465374953376,lateral,1
127,4.552,Participant 6-Upright_frame00127,train,90deg,lateral_Participant6,Participant6,Mesomorph,Normal,,,,,,upright,1.0,0.0,0.0,0.41614046692848206,32.44422651145335,0.07013442346612554,0.06665873527526855,32.44422651145335,51.90430503622367,lateral,1
128,4.5878,Participant 6-Upright_frame00128,train,90deg,lateral_Participant6,Participant6,Mesomorph,Normal,,,,,,upright,1.0,0.0,0.0,0.4181593060493469,31.70491391696591,0.06623631099371365,0.05814176797866821,31.70491391696591,52.10604968084492,lateral,1
129,4.6237,Participant 6-Upright_frame00129,train,90deg,lateral_Participant6,Participant6,Mesomorph,Normal,,,,,,upright,1.0,0.0,0.0,0.3968369662761688,31.527728139998096,0.0768080065684036,0.06101226806640625,31.527728139998096,52.426167910479016,lateral,1
130,4.6595,Participant 6-Upright_frame00130,train,90deg,lateral_Participant6,Participant6,Mesomorph,Normal,,,,,,upright,1.0,0.0,0.0,0.42720457911491394,31.35456995403374,0.05795378430212014,0.058553457260131836,31.35456995403374,52.27866996207211,lateral,1
131,4.6954,Participant 6-Upright_frame00131,train,90deg,lateral_Participant6,Participant6,Mesomorph,Normal,,,,,,upright,1.0,0.0,0.0,0.37852540612220764,31.2245947693774,0.08458945880294272,0.060751259326934814,31.2245947693774,52.973799768008305,lateral,1
132,4.7312,Participant 6-Upright_frame00132,train,90deg,lateral_Participant6,Participant6,Mesomorph,Normal,,,,,,upright,1.0,0.0,0.0,0.43164345622062683,32.06344509806841,0.06597770108534762,0.06591671705245972,32.06344509806841,51.08852531507529,lateral,1
133,4.7671,Participant 6-Upright_frame00133,train,90deg,lateral_Participant6,Participant6,Mesomorph,Normal,,,,,,upright,1.0,0.0,0.0,0.43932926654815674,35.44441820839604,0.0811671900283081,0.07714027166366577,35.44441820839604,50.79232602615544,lateral,1
134,4.8029,Participant 6-Upright_frame00134,train,90deg,lateral_Participant6,Participant6,Mesomorph,Normal,,,,,,upright,1.0,0.0,0.0,0.4179651439189911,31.86100712543713,0.0860457260601616,0.06483268737792969,31.86100712543713,51.76890620129356,lateral,1
135,4.8387,Participant 6-Upright_frame00135,train,90deg,lateral_Participant6,Participant6,Mesomorph,Normal,,,,,,upright,1.0,0.0,0.0,0.4091194272041321,32.63829793018533,0.06858754835284514,0.0636410117149353,32.63829793018533,51.515765546539605,lateral,1
136,4.8746,Participant 6-Upright_frame00136,train,90deg,lateral_Participant6,Participant6,Mesomorph,Normal,,,,,,upright,1.0,0.0,0.0,0.42262113094329834,34.41641330835516,0.0829281793590166,0.07174515724182129,34.41641330835516,50.25373938029773,lateral,1
137,4.9104,Participant 6-Upright_frame00137,train,90deg,lateral_Participant6,Participant6,Mesomorph,Normal,,,,,,upright,1.0,0.0,0.0,0.4397263526916504,31.652288275415334,0.06340754953548292,0.05898672342300415,31.652288275415334,50.495140766360194,lateral,1
138,4.9463,Participant 6-Upright_frame00138,train,90deg,lateral_Participant6,Participant6,Mesomorph,Normal,,,,,,upright,1.0,0.0,0.0,0.3969395160675049,31.473216734262234,0.06328015779438781,0.06091034412384033,31.473216734262234,51.06334169817167,lateral,1
139,4.9821,Participant 6-Upright_frame00139,train,90deg,lateral_Participant6,Participant6,Mesomorph,Normal,,,,,,upright,1.0,0.0,0.0,0.3940582871437073,34.438067904356274,0.091263972501234,0.07623809576034546,34.438067904356274,52.04931211956176,lateral,1
140,5.018,Participant 6-Upright_frame00140,train,90deg,lateral_Participant6,Participant6,Mesomorph,Normal,,,,,,upright,1.0,0.0,0.0,0.371768057346344,32.734026739337075,0.08536146043101574,0.06814682483673096,32.734026739337075,51.023440841129855,lateral,1
141,5.0538,Participant 6-Upright_frame00141,train,90deg,lateral_Participant6,Participant6,Mesomorph,Normal,,,,,,upright,1.0,0.0,0.0,0.3755978047847748,32.12915462576265,0.06599776212042748,0.059149742126464844,32.12915462576265,51.43947840734351,lateral,1
142,5.0896,Participant 6-Upright_frame00142,train,90deg,lateral_Participant6,Participant6,Mesomorph,Normal,,,,,,upright,1.0,0.0,0.0,0.3584286868572235,32.58584062735098,0.0680023571573712,0.05874544382095337,32.58584062735098,51.58262875044706,lateral,1
143,5.1255,Participant 6-Upright_frame00143,train,90deg,lateral_Participant6,Participant6,Mesomorph,Normal,,,,,,upright,1.0,0.0,0.0,0.36383259296417236,31.938838724425313,0.08398918695259007,0.061655640602111816,31.938838724425313,51.33184568220564,lateral,1
144,5.1613,Participant 6-Upright_frame00144,train,90deg,lateral_Participant6,Participant6,Mesomorph,Normal,,,,,,upright,1.0,0.0,0.0,0.37830111384391785,30.428575934715187,0.07076674589311918,0.057695984840393066,30.428575934715187,51.97452982463758,lateral,1
145,5.1972,Participant 6-Upright_frame00145,train,90deg,lateral_Participant6,Participant6,Mesomorph,Normal,,,,,,upright,1.0,0.0,0.0,0.4003947377204895,32.92489468040967,0.09048845554902409,0.06740498542785645,32.92489468040967,51.71872827711828,lateral,1
146,5.233,Participant 6-Upright_frame00146,train,90deg,lateral_Participant6,Participant6,Mesomorph,Normal,,,,,,upright,1.0,0.0,0.0,0.4235750734806061,31.315985213242477,0.06271412991572166,0.05498182773590088,31.315985213242477,51.87619318503525,lateral,1
147,5.2689,Participant 6-Upright_frame00147,train,90deg,lateral_Participant6,Participant6,Mesomorph,Normal,,,,,,upright,1.0,0.0,0.0,0.3455725312232971,32.109737531036835,0.07893380423865634,0.058132052421569824,32.109737531036835,52.30711789459735,lateral,1
148,5.3047,Participant 6-Upright_frame00148,train,90deg,lateral_Participant6,Participant6,Mesomorph,Normal,,,,,,upright,1.0,0.0,0.0,0.3676068186759949,31.31222691375918,0.07625446616957392,0.05630391836166382,31.31222691375918,51.85264640708383,lateral,1
149,5.3405,Participant 6-Upright_frame00149,train,90deg,lateral_Participant6,Participant6,Mesomorph,Normal,,,,,,upright,1.0,0.0,0.0,0.3630429804325104,32.08519504710078,0.08965958105315222,0.06806075572967529,32.08519504710078,51.286741864544844,lateral,1
150,5.3764,Participant 6-Upright_frame00150,train,90deg,lateral_Participant6,Participant6,Mesomorph,Normal,,,,,,upright,1.0,0.0,0.0,0.41387099027633667,30.39755197831534,0.08117248720405155,0.05907869338989258,30.39755197831534,51.92210431137787,lateral,1
151,5.4122,Participant 6-Upright_frame00151,train,90deg,lateral_Participant6,Participant6,Mesomorph,Normal,,,,,,upright,1.0,0.0,0.0,0.3926910161972046,31.98238074956469,0.074647009037397,0.06171232461929321,31.98238074956469,51.41078174793736,lateral,1
152,5.4481,Participant 6-Upright_frame00152,train,90deg,lateral_Participant6,Participant6,Mesomorph,Normal,,,,,,upright,1.0,0.0,0.0,0.35772621631622314,30.639497903414348,0.08112091853728727,0.05802047252655029,30.639497903414348,52.21824992474417,lateral,1
153,5.4839,Participant 6-Upright_frame00153,train,90deg,lateral_Participant6,Participant6,Mesomorph,Normal,,,,,,upright,1.0,0.0,0.0,0.3389400243759155,32.30513710967931,0.08033705363284184,0.06525164842605591,32.30513710967931,51.77210665399578,lateral,1
154,5.5198,Participant 6-Upright_frame00154,train,90deg,lateral_Participant6,Participant6,Mesomorph,Normal,,,,,,upright,1.0,0.0,0.0,0.428928941488266,33.490713827684566,0.07146031422201295,0.06946295499801636,33.490713827684566,50.664484179998404,lateral,1
155,5.5556,Participant 6-Upright_frame00155,train,90deg,lateral_Participant6,Participant6,Mesomorph,Normal,,,,,,upright,1.0,0.0,0.0,0.4551226794719696,33.00151825941046,0.07375080743836929,0.06575840711593628,33.00151825941046,52.34000582643172,lateral,1
156,5.5914,Participant 6-Upright_frame00156,train,90deg,lateral_Participant6,Participant6,Mesomorph,Normal,,,,,,upright,1.0,0.0,0.0,0.38647907972335815,32.51584097634499,0.08285651303271181,0.06523638963699341,32.51584097634499,51.58493879683694,lateral,1
157,5.6273,Participant 6-Upright_frame00157,train,90deg,lateral_Participant6,Participant6,Mesomorph,Normal,,,,,,upright,1.0,0.0,0.0,0.390584260225296,32.220686606227595,0.0799328646060888,0.060165464878082275,32.220686606227595,51.90489077058185,lateral,1
158,5.6631,Participant 6-Upright_frame00158,train,90deg,lateral_Participant6,Participant6,Mesomorph,Normal,,,,,,upright,1.0,0.0,0.0,0.3721446990966797,31.242196835475017,0.07500097464987014,0.05612426996231079,31.242196835475017,52.37084951566749,lateral,1
159,5.699,Participant 6-Upright_frame00159,train,90deg,lateral_Participant6,Participant6,Mesomorph,Normal,,,,,,upright,1.0,0.0,0.0,0.4645582139492035,33.543639891880645,0.07456566357515505,0.07140421867370605,33.543639891880645,51.259430134163416,lateral,1
0,0.0,Participant 7-Slouch 2_frame00000,train,90deg,lateral_Participant7,Participant7,Ectomorph,Normal,,,,,,slouch,1.0,0.0,0.0,0.3617634177207947,72.83307508915506,0.13704685699232685,0.21840637922286987,72.83307508915506,17.38046504914623,lateral,1
1,0.0361,Participant 7-Slouch 2_frame00001,train,90deg,lateral_Participant7,Participant7,Ectomorph,Normal,,,,,,slouch,1.0,0.0,0.0,0.3263842314481735,73.39686654352019,0.13984802267249233,0.2284817099571228,73.39686654352019,16.496196740478126,lateral,1
2,0.0721,Participant 7-Slouch 2_frame00002,train,90deg,lateral_Participant7,Participant7,Ectomorph,Normal,,,,,,slouch,1.0,0.0,0.0,0.3348266929388046,72.5910132776073,0.1018097490641926,0.19629085063934326,72.5910132776073,14.638808652888896,lateral,1
3,0.1082,Participant 7-Slouch 2_frame00003,train,90deg,lateral_Participant7,Participant7,Ectomorph,Normal,,,,,,slouch,1.0,0.0,0.0,0.3996996283531189,76.01202937642464,0.14198905988668015,0.21255820989608765,76.01202937642464,15.887499042329367,lateral,1
4,0.1442,Participant 7-Slouch 2_frame00004,train,90deg,lateral_Participant7,Participant7,Ectomorph,Normal,,,,,,slouch,1.0,0.0,0.0,0.3457978516817093,76.48569557366898,0.1471359653186311,0.22228625416755676,76.48569557366898,14.812598735612045,lateral,1
5,0.1803,Participant 7-Slouch 2_frame00005,train,90deg,lateral_Participant7,Participant7,Ectomorph,Normal,,,,,,slouch,1.0,0.0,0.0,0.37555477023124695,77.64419696572482,0.1365999831592377,0.21351343393325806,77.64419696572482,14.002038674279413,lateral,1
6,0.2163,Participant 7-Slouch 2_frame00006,train,90deg,lateral_Participant7,Participant7,Ectomorph,Normal,,,,,,slouch,1.0,0.0,0.0,0.26446639001369476,74.25272034403918,0.14297976413085797,0.20765557885169983,74.25272034403918,16.99562930890686,lateral,1
7,0.2524,Participant 7-Slouch 2_frame00007,train,90deg,lateral_Participant7,Participant7,Ectomorph,Normal,,,,,,slouch,1.0,0.0,0.0,0.2928605377674103,73.69372404833648,0.13787638986845976,0.2050924301147461,73.69372404833648,16.379330844666526,lateral,1
8,0.2885,Participant 7-Slouch 2_frame00008,train,90deg,lateral_Participant7,Participant7,Ectomorph,Normal,,,,,,slouch,1.0,0.0,0.0,0.33054935932159424,74.15519531280938,0.12468772425333746,0.20139747858047485,74.15519531280938,15.556651440116033,lateral,1
9,0.3245,Participant 7-Slouch 2_frame00009,train,90deg,lateral_Participant7,Participant7,Ectomorph,Normal,,,,,,slouch,1.0,0.0,0.0,0.2815106511116028,75.14715965629125,0.1346335025889402,0.2090095579624176,75.14715965629125,15.351140844807905,lateral,1
10,0.3606,Participant 7-Slouch 2_frame00010,train,90deg,lateral_Participant7,Participant7,Ectomorph,Normal,,,,,,slouch,1.0,0.0,0.0,0.3731739968061447,74.35963655661229,0.14169185463133468,0.2270680069923401,74.35963655661229,15.780492775082292,lateral,1
11,0.3966,Participant 7-Slouch 2_frame00011,train,90deg,lateral_Participant7,Participant7,Ectomorph,Normal,,,,,,slouch,1.0,0.0,0.0,0.24809801578521729,75.90807887959994,0.12328308905453779,0.20419001579284668,75.90807887959994,14.99670480582408,lateral,1
12,0.4327,Participant 7-Slouch 2_frame00012,train,90deg,lateral_Participant7,Participant7,Ectomorph,Normal,,,,,,slouch,1.0,0.0,0.0,0.3819560259580612,77.33192146352623,0.12092901933908883,0.2051425576210022,77.33192146352623,12.750185609591268,lateral,1
13,0.4687,Participant 7-Slouch 2_frame00013,train,90deg,lateral_Participant7,Participant7,Ectomorph,Normal,,,,,,slouch,1.0,0.0,0.0,0.3124452531337738,73.61329705156835,0.10774686660523516,0.18509554862976074,73.61329705156835,15.945405222345096,lateral,1
14,0.5048,Participant 7-Slouch 2_frame00014,train,90deg,lateral_Participant7,Participant7,Ectomorph,Normal,,,,,,slouch,1.0,0.0,0.0,0.3001161217689514,75.2198980022972,0.14620665631997296,0.21753555536270142,75.2198980022972,14.996079264916778,lateral,1
15,0.5409,Participant 7-Slouch 2_frame00015,train,90deg,lateral_Participant7,Participant7,Ectomorph,Normal,,,,,,slouch,1.0,0.0,0.0,0.3217426538467407,75.02185753286423,0.11664370823060413,0.21244019269943237,75.02185753286423,15.056661454400166,lateral,1
16,0.5769,Participant 7-Slouch 2_frame00016,train,90deg,lateral_Participant7,Participant7,Ectomorph,Normal,,,,,,slouch,1.0,0.0,0.0,0.2578410506248474,74.45036713975247,0.14656022784149472,0.20659798383712769,74.45036713975247,15.945830673102584,lateral,1
17,0.613,Participant 7-Slouch 2_frame00017,train,90deg,lateral_Participant7,Participant7,Ectomorph,Normal,,,,,,slouch,1.0,0.0,0.0,0.3989318162202835,76.18891283076891,0.1327061400578182,0.2148769497871399,76.18891283076891,14.198372239812542,lateral,1
18,0.649,Participant 7-Slouch 2_frame00018,train,90deg,lateral_Participant7,Participant7,Ectomorph,Normal,,,,,,slouch,1.0,0.0,0.0,0.32033097743988037,75.58683567830901,0.13734638896849632,0.2135636806488037,75.58683567830901,15.413960559989794,lateral,1
19,0.6851,Participant 7-Slouch 2_frame00019,train,90deg,lateral_Participant7,Participant7,Ectomorph,Normal,,,,,,slouch,1.0,0.0,0.0,0.32289256155490875,75.83115171609747,0.13673720508928972,0.21906012296676636,75.83115171609747,14.391284451176086,lateral,1
20,0.7211,Participant 7-Slouch 2_frame00020,train,90deg,lateral_Participant7,Participant7,Ectomorph,Normal,,,,,,slouch,1.0,0.0,0.0,0.20780792832374573,75.20033114995195,0.14663298073948294,0.21340477466583252,75.20033114995195,16.14196447320143,lateral,1
21,0.7572,Participant 7-Slouch 2_frame00021,train,90deg,lateral_Participant7,Participant7,Ectomorph,Normal,,,,,,slouch,1.0,0.0,0.0,0.15232697129249573,68.46326532589138,0.08420811680348776,0.17482680082321167,68.46326532589138,14.494570484761443,lateral,1
22,0.7933,Participant 7-Slouch 2_frame00022,train,90deg,lateral_Participant7,Participant7,Ectomorph,Normal,,,,,,slouch,1.0,0.0,0.0,0.23296460509300232,74.0733110511386,0.11654214488901371,0.1824168562889099,74.0733110511386,14.616315700139465,lateral,1
23,0.8293,Participant 7-Slouch 2_frame00023,train,90deg,lateral_Participant7,Participant7,Ectomorph,Normal,,,,,,slouch,1.0,0.0,0.0,0.20707464218139648,72.17003822903347,0.07937565152691041,0.17237603664398193,72.17003822903347,13.430610637787968,lateral,1
24,0.8654,Participant 7-Slouch 2_frame00024,train,90deg,lateral_Participant7,Participant7,Ectomorph,Normal,,,,,,slouch,1.0,0.0,0.0,0.242441326379776,75.26180942630481,0.13968244239769326,0.2114318609237671,75.26180942630481,15.713501746517064,lateral,1
25,0.9014,Participant 7-Slouch 2_frame00025,train,90deg,lateral_Participant7,Participant7,Ectomorph,Normal,,,,,,slouch,1.0,0.0,0.0,0.2731565833091736,72.27442364693395,0.11033094343669603,0.19687935709953308,72.27442364693395,16.20277752397796,lateral,1
26,0.9375,Participant 7-Slouch 2_frame00026,train,90deg,lateral_Participant7,Participant7,Ectomorph,Normal,,,,,,slouch,1.0,0.0,0.0,0.2182985544204712,75.00313408592001,0.12852935952146505,0.20249411463737488,75.00313408592001,17.6578852728868,lateral,1
27,0.9735,Participant 7-Slouch 2_frame00027,train,90deg,lateral_Participant7,Participant7,Ectomorph,Normal,,,,,,slouch,1.0,0.0,0.0,0.2874642610549927,74.3708616848129,0.11153242722210806,0.20059627294540405,74.3708616848129,15.73215279360194,lateral,1
28,1.0096,Participant 7-Slouch 2_frame00028,train,90deg,lateral_Participant7,Participant7,Ectomorph,Normal,,,,,,slouch,1.0,0.0,0.0,0.3257288187742233,74.05641949958722,0.13439389093420995,0.21130800247192383,74.05641949958722,15.681311036879604,lateral,1
29,1.0457,Participant 7-Slouch 2_frame00029,train,90deg,lateral_Participant7,Participant7,Ectomorph,Normal,,,,,,slouch,1.0,0.0,0.0,0.2754583954811096,74.82237385713421,0.14150153159446383,0.20612025260925293,74.82237385713421,15.559406080060423,lateral,1
30,1.0817,Participant 7-Slouch 2_frame00030,train,90deg,lateral_Participant7,Participant7,Ectomorph,Normal,,,,,,slouch,1.0,0.0,0.0,0.3152478039264679,75.5536424050227,0.12834335913797149,0.2153862714767456,75.5536424050227,15.095096614281228,lateral,1
31,1.1178,Participant 7-Slouch 2_frame00031,train,90deg,lateral_Participant7,Participant7,Ectomorph,Normal,,,,,,slouch,1.0,0.0,0.0,0.37802761793136597,74.20051405510226,0.13441976781032663,0.21101436018943787,74.20051405510226,16.07871486017274,lateral,1
32,1.1538,Participant 7-Slouch 2_frame00032,train,90deg,lateral_Participant7,Participant7,Ectomorph,Normal,,,,,,slouch,1.0,0.0,0.0,0.34115374088287354,73.60287728997778,0.12084250384537457,0.2092134952545166,73.60287728997778,15.267916586725244,lateral,1
33,1.1899,Participant 7-Slouch 2_frame00033,train,90deg,lateral_Participant7,Participant7,Ectomorph,Normal,,,,,,slouch,1.0,0.0,0.0,0.2718140184879303,74.22923392769226,0.11903465777862587,0.20280611515045166,74.22923392769226,16.08004342052198,lateral,1
34,1.2259,Participant 7-Slouch 2_frame00034,train,90deg,lateral_Participant7,Participant7,Ectomorph,Normal,,,,,,slouch,1.0,0.0,0.0,0.30022531747817993,75.95414442546699,0.13741017166707314,0.20119959115982056,75.95414442546699,16.686732008822297,lateral,1
35,1.262,Participant 7-Slouch 2_frame00035,train,90deg,lateral_Participant7,Participant7,Ectomorph,Normal,,,,,,slouch,1.0,0.0,0.0,0.3475166857242584,74.3102048305465,0.12750881158839183,0.21554169058799744,74.3102048305465,14.753719844280063,lateral,1
36,1.2981,Participant 7-Slouch 2_frame00036,train,90deg,lateral_Participant7,Participant7,Ectomorph,Normal,,,,,,slouch,1.0,0.0,0.0,0.40372417867183685,74.58283869967136,0.1425232424910998,0.22105199098587036,74.58283869967136,15.485221185214325,lateral,1
37,1.3341,Participant 7-Slouch 2_frame00037,train,90deg,lateral_Participant7,Participant7,Ectomorph,Normal,,,,,,slouch,1.0,0.0,0.0,0.3485914170742035,75.19792381217201,0.15890436663901322,0.22874855995178223,75.19792381217201,15.297363194610083,lateral,1
38,1.3702,Participant 7-Slouch 2_frame00038,train,90deg,lateral_Participant7,Participant7,Ectomorph,Normal,,,,,,slouch,1.0,0.0,0.0,0.32855939865112305,74.88343910270869,0.1254924164065866,0.2116459608078003,74.88343910270869,15.508439633429758,lateral,1
39,1.4062,Participant 7-Slouch 2_frame00039,train,90deg,lateral_Participant7,Participant7,Ectomorph,Normal,,,,,,slouch,1.0,0.0,0.0,0.2992897778749466,75.29320523997922,0.14939472158038478,0.21521157026290894,75.29320523997922,16.40525213367038,lateral,1
40,1.4423,Participant 7-Slouch 2_frame00040,train,90deg,lateral_Participant7,Participant7,Ectomorph,Normal,,,,,,slouch,1.0,0.0,0.0,0.29027900099754333,75.5848989170931,0.13446697084597553,0.2068779468536377,75.5848989170931,15.769068183641776,lateral,1
41,1.4783,Participant 7-Slouch 2_frame00041,train,90deg,lateral_Participant7,Participant7,Ectomorph,Normal,,,,,,slouch,1.0,0.0,0.0,0.25334733724594116,76.04247022610316,0.1346952867142122,0.20721709728240967,76.04247022610316,16.974400541682595,lateral,1
42,1.5144,Participant 7-Slouch 2_frame00042,train,90deg,lateral_Participant7,Participant7,Ectomorph,Normal,,,,,,slouch,1.0,0.0,0.0,0.3179190754890442,72.52236783509268,0.12051559828528073,0.214265376329422,72.52236783509268,16.70838543126066,lateral,1
43,1.5505,Participant 7-Slouch 2_frame00043,train,90deg,lateral_Participant7,Participant7,Ectomorph,Normal,,,,,,slouch,1.0,0.0,0.0,0.297969788312912,70.56600687799123,0.10963312171153453,0.19279232621192932,70.56600687799123,16.168278246126878,lateral,1
44,1.5865,Participant 7-Slouch 2_frame00044,train,90deg,lateral_Participant7,Participant7,Ectomorph,Normal,,,,,,slouch,1.0,0.0,0.0,0.25785496830940247,74.81350441447026,0.1394261079898932,0.20874455571174622,74.81350441447026,15.883280437192342,lateral,1
45,1.6226,Participant 7-Slouch 2_frame00045,train,90deg,lateral_Participant7,Participant7,Ectomorph,Normal,,,,,,slouch,1.0,0.0,0.0,0.22653290629386902,73.99324928207088,0.15076273664048456,0.21957778930664062,73.99324928207088,17.561985133003706,lateral,1
46,1.6586,Participant 7-Slouch 2_frame00046,train,90deg,lateral_Participant7,Participant7,Ectomorph,Normal,,,,,,slouch,1.0,0.0,0.0,0.2663632929325104,76.2499180651539,0.12304602444541447,0.2100541591644287,76.2499180651539,15.046154430124009,lateral,1
47,1.6947,Participant 7-Slouch 2_frame00047,train,90deg,lateral_Participant7,Participant7,Ectomorph,Normal,,,,,,slouch,1.0,0.0,0.0,0.21950799226760864,72.7637010282548,0.12211758070433941,0.18821394443511963,72.7637010282548,16.64904321580708,lateral,1
48,1.7307,Participant 7-Slouch 2_frame00048,train,90deg,lateral_Participant7,Participant7,Ectomorph,Normal,,,,,,slouch,1.0,0.0,0.0,0.20644986629486084,70.17135182605726,0.11581181590928942,0.18122804164886475,70.17135182605726,15.910960175771068,lateral,1
49,1.7668,Participant 7-Slouch 2_frame00049,train,90deg,lateral_Participant7,Participant7,Ectomorph,Normal,,,,,,slouch,1.0,0.0,0.0,0.2609218955039978,71.56226270391012,0.1178664601114208,0.1978127360343933,71.56226270391012,16.652048083251252,lateral,1
50,1.8029,Participant 7-Slouch 2_frame00050,train,90deg,lateral_Participant7,Participant7,Ectomorph,Normal,,,,,,slouch,1.0,0.0,0.0,0.2801608145236969,74.09645624308226,0.11567678797973979,0.20410993695259094,74.09645624308226,15.9476851547794,lateral,1
51,1.8389,Participant 7-Slouch 2_frame00051,train,90deg,lateral_Participant7,Participant7,Ectomorph,Normal,,,,,,slouch,1.0,0.0,0.0,0.2877313792705536,73.03046115632672,0.13051476589402172,0.1929442286491394,73.03046115632672,16.26003027697169,lateral,1
52,1.875,Participant 7-Slouch 2_frame00052,train,90deg,lateral_Participant7,Participant7,Ectomorph,Normal,,,,,,slouch,1.0,0.0,0.0,0.3179264962673187,73.99066014505239,0.13854184948495946,0.21453392505645752,73.99066014505239,17.257037722046523,lateral,1
53,1.911,Participant 7-Slouch 2_frame00053,train,90deg,lateral_Participant7,Participant7,Ectomorph,Normal,,,,,,slouch,1.0,0.0,0.0,0.2625371813774109,72.40773743661471,0.14030256018097806,0.22012460231781006,72.40773743661471,16.20621922430562,lateral,1
54,1.9471,Participant 7-Slouch 2_frame00054,train,90deg,lateral_Participant7,Participant7,Ectomorph,Normal,,,,,,slouch,1.0,0.0,0.0,0.21702918410301208,71.61982688678819,0.14062024378637697,0.19906949996948242,71.61982688678819,19.02969793993819,lateral,1
55,1.9831,Participant 7-Slouch 2_frame00055,train,90deg,lateral_Participant7,Participant7,Ectomorph,Normal,,,,,,slouch,1.0,0.0,0.0,0.2282753586769104,74.76170043448754,0.14879023750904452,0.21361574530601501,74.76170043448754,17.36826877986661,lateral,1
56,2.0192,Participant 7-Slouch 2_frame00056,train,90deg,lateral_Participant7,Participant7,Ectomorph,Normal,,,,,,slouch,1.0,0.0,0.0,0.25591516494750977,76.03450090976045,0.15258879881638668,0.21822583675384521,76.03450090976045,16.855067095847758,lateral,1
57,2.0553,Participant 7-Slouch 2_frame00057,train,90deg,lateral_Participant7,Participant7,Ectomorph,Normal,,,,,,slouch,1.0,0.0,0.0,0.322572261095047,75.88317428759298,0.12978299303442414,0.21226945519447327,75.88317428759298,16.48681295972931,lateral,1
58,2.0913,Participant 7-Slouch 2_frame00058,train,90deg,lateral_Participant7,Participant7,Ectomorph,Normal,,,,,,slouch,1.0,0.0,0.0,0.24074861407279968,73.78054575876178,0.11589246403853981,0.18714255094528198,73.78054575876178,15.880730317438571,lateral,1
59,2.1274,Participant 7-Slouch 2_frame00059,train,90deg,lateral_Participant7,Participant7,Ectomorph,Normal,,,,,,slouch,1.0,0.0,0.0,0.23665237426757812,74.98912766470445,0.13018531641426812,0.19462016224861145,74.98912766470445,15.422997259722353,lateral,1
60,2.1634,Participant 7-Slouch 2_frame00060,train,90deg,lateral_Participant7,Participant7,Ectomorph,Normal,,,,,,slouch,1.0,0.0,0.0,0.33967719972133636,70.68039985494805,0.1094254342665767,0.19987183809280396,70.68039985494805,15.45689975861526,lateral,1
61,2.1995,Participant 7-Slouch 2_frame00061,train,90deg,lateral_Participant7,Participant7,Ectomorph,Normal,,,,,,slouch,1.0,0.0,0.0,0.2608645260334015,71.82614408541842,0.13450671073326115,0.20329445600509644,71.82614408541842,17.8538819765516,lateral,1
62,2.2355,Participant 7-Slouch 2_frame00062,train,90deg,lateral_Participant7,Participant7,Ectomorph,Normal,,,,,,slouch,1.0,0.0,0.0,0.23688998818397522,69.7554841160987,0.10098527744614208,0.17392364144325256,69.7554841160987,15.286746420518655,lateral,1
63,2.2716,Participant 7-Slouch 2_frame00063,train,90deg,lateral_Participant7,Participant7,Ectomorph,Normal,,,,,,slouch,1.0,0.0,0.0,0.2144908607006073,74.5477334893315,0.12572322820225068,0.198215514421463,74.5477334893315,14.690195195263428,lateral,1
64,2.3077,Participant 7-Slouch 2_frame00064,train,90deg,lateral_Participant7,Participant7,Ectomorph,Normal,,,,,,slouch,1.0,0.0,0.0,0.26569435000419617,70.29937781216859,0.1128324205592019,0.19444692134857178,70.29937781216859,17.442653052261203,lateral,1
65,2.3437,Participant 7-Slouch 2_frame00065,train,90deg,lateral_Participant7,Participant7,Ectomorph,Normal,,,,,,slouch,1.0,0.0,0.0,0.24400442838668823,73.86873663340755,0.105796471442591,0.18832653760910034,73.86873663340755,16.093532481705996,lateral,1
66,2.3798,Participant 7-Slouch 2_frame00066,train,90deg,lateral_Participant7,Participant7,Ectomorph,Normal,,,,,,slouch,1.0,0.0,0.0,0.31100913882255554,71.36954287458248,0.11054274691962865,0.19721558690071106,71.36954287458248,15.541616834794358,lateral,1
67,2.4158,Participant 7-Slouch 2_frame00067,train,90deg,lateral_Participant7,Participant7,Ectomorph,Normal,,,,,,slouch,1.0,0.0,0.0,0.24019601941108704,72.34068102194391,0.12588670211302067,0.1986491084098816,72.34068102194391,17.017279379075198,lateral,1
68,2.4519,Participant 7-Slouch 2_frame00068,train,90deg,lateral_Participant7,Participant7,Ectomorph,Normal,,,,,,slouch,1.0,0.0,0.0,0.30060529708862305,71.23563776925648,0.11966428354370003,0.19303059577941895,71.23563776925648,16.192588965511742,lateral,1
69,2.4879,Participant 7-Slouch 2_frame00069,train,90deg,lateral_Participant7,Participant7,Ectomorph,Normal,,,,,,slouch,1.0,0.0,0.0,0.3546144366264343,72.00084629507613,0.12560175061992018,0.2174408733844757,72.00084629507613,17.055078958299042,lateral,1
70,2.524,Participant 7-Slouch 2_frame00070,train,90deg,lateral_Participant7,Participant7,Ectomorph,Normal,,,,,,slouch,1.0,0.0,0.0,0.2549424469470978,72.26142947841362,0.13190628446890276,0.20019429922103882,72.26142947841362,17.070774607590714,lateral,1
71,2.56,Participant 7-Slouch 2_frame00071,train,90deg,lateral_Participant7,Participant7,Ectomorph,Normal,,,,,,slouch,1.0,0.0,0.0,0.33659128844738007,75.04689743935562,0.12406178617484868,0.21287047863006592,75.04689743935562,14.925417836994708,lateral,1
72,2.5961,Participant 7-Slouch 2_frame00072,train,90deg,lateral_Participant7,Participant7,Ectomorph,Normal,,,,,,slouch,1.0,0.0,0.0,0.338137224316597,71.94458809266756,0.1195680127231598,0.20464909076690674,71.94458809266756,15.516346172415314,lateral,1
73,2.6322,Participant 7-Slouch 2_frame00073,train,90deg,lateral_Participant7,Participant7,Ectomorph,Normal,,,,,,slouch,1.0,0.0,0.0,0.31255993247032166,74.17765164210233,0.10557598920678798,0.19727063179016113,74.17765164210233,14.475088024832717,lateral,1
74,2.6682,Participant 7-Slouch 2_frame00074,train,90deg,lateral_Participant7,Participant7,Ectomorph,Normal,,,,,,slouch,1.0,0.0,0.0,0.3079579770565033,72.96639431363526,0.11145247973719938,0.18836593627929688,72.96639431363526,14.419435428066954,lateral,1
75,2.7043,Participant 7-Slouch 2_frame00075,train,90deg,lateral_Participant7,Participant7,Ectomorph,Normal,,,,,,slouch,1.0,0.0,0.0,0.33899636566638947,73.63047407649813,0.1219266544335696,0.22175604104995728,73.63047407649813,16.6644996654827,lateral,1
76,2.7403,Participant 7-Slouch 2_frame00076,train,90deg,lateral_Participant7,Participant7,Ectomorph,Normal,,,,,,slouch,1.0,0.0,0.0,0.2677430510520935,76.28048806079177,0.14304532426397365,0.20610862970352173,76.28048806079177,16.463495938503645,lateral,1
77,2.7764,Participant 7-Slouch 2_frame00077,train,90deg,lateral_Participant7,Participant7,Ectomorph,Normal,,,,,,slouch,1.0,0.0,0.0,0.2720773220062256,76.60424158062277,0.1332597304598511,0.21162405610084534,76.60424158062277,14.845445704993478,lateral,1
78,2.8124,Participant 7-Slouch 2_frame00078,train,90deg,lateral_Participant7,Participant7,Ectomorph,Normal,,,,,,slouch,1.0,0.0,0.0,0.3923006057739258,75.34344174755769,0.12860037491101878,0.2096812129020691,75.34344174755769,13.963288116434978,lateral,1
79,2.8485,Participant 7-Slouch 2_frame00079,train,90deg,lateral_Participant7,Participant7,Ectomorph,Normal,,,,,,slouch,1.0,0.0,0.0,0.3065227270126343,70.08685846841523,0.11353436333215254,0.20072528719902039,70.08685846841523,16.506343103791153,lateral,1
80,2.8846,Participant 7-Slouch 2_frame00080,train,90deg,lateral_Participant7,Participant7,Ectomorph,Normal,,,,,,slouch,1.0,0.0,0.0,0.30695535242557526,71.88098651362048,0.13011751477329359,0.21375524997711182,71.88098651362048,17.757306688822084,lateral,1
81,2.9206,Participant 7-Slouch 2_frame00081,train,90deg,lateral_Participant7,Participant7,Ectomorph,Normal,,,,,,slouch,1.0,0.0,0.0,0.2764318287372589,70.59107236413631,0.11796227769117013,0.20093384385108948,70.59107236413631,17.77907018102696,lateral,1
82,2.9567,Participant 7-Slouch 2_frame00082,train,90deg,lateral_Participant7,Participant7,Ectomorph,Normal,,,,,,slouch,1.0,0.0,0.0,0.30763012170791626,70.75026493120507,0.10938818594678298,0.1888662576675415,70.75026493120507,16.35091219049427,lateral,1
83,2.9927,Participant 7-Slouch 2_frame00083,train,90deg,lateral_Participant7,Participant7,Ectomorph,Normal,,,,,,slouch,1.0,0.0,0.0,0.35279321670532227,73.0430741585654,0.1392072130874929,0.21864503622055054,73.0430741585654,17.534170589665,lateral,1
84,3.0288,Participant 7-Slouch 2_frame00084,train,90deg,lateral_Participant7,Participant7,Ectomorph,Normal,,,,,,slouch,1.0,0.0,0.0,0.33432504534721375,74.76048710801747,0.12130765079361815,0.19691693782806396,74.76048710801747,14.931433488586045,lateral,1
85,3.0648,Participant 7-Slouch 2_frame00085,train,90deg,lateral_Participant7,Participant7,Ectomorph,Normal,,,,,,slouch,1.0,0.0,0.0,0.2968407869338989,71.01473336242542,0.12197630675439802,0.21682828664779663,71.01473336242542,16.92307738905495,lateral,1
86,3.1009,Participant 7-Slouch 2_frame00086,train,90deg,lateral_Participant7,Participant7,Ectomorph,Normal,,,,,,slouch,1.0,0.0,0.0,0.32558342814445496,71.30635277658732,0.12216830767419092,0.21413737535476685,71.30635277658732,17.388154995596604,lateral,1
87,3.137,Participant 7-Slouch 2_frame00087,train,90deg,lateral_Participant7,Participant7,Ectomorph,Normal,,,,,,slouch,1.0,0.0,0.0,0.405236154794693,71.15038998162875,0.11767864105023312,0.2071368396282196,71.15038998162875,16.257280328695636,lateral,1
88,3.173,Participant 7-Slouch 2_frame00088,train,90deg,lateral_Participant7,Participant7,Ectomorph,Normal,,,,,,slouch,1.0,0.0,0.0,0.3054996430873871,72.0801155232895,0.12248755719498138,0.2059677243232727,72.0801155232895,16.54535057342928,lateral,1
89,3.2091,Participant 7-Slouch 2_frame00089,train,90deg,lateral_Participant7,Participant7,Ectomorph,Normal,,,,,,slouch,1.0,0.0,0.0,0.34039218723773956,73.14433144804799,0.11102936792435475,0.2040056586265564,73.14433144804799,15.154873977393864,lateral,1
90,3.2451,Participant 7-Slouch 2_frame00090,train,90deg,lateral_Participant7,Participant7,Ectomorph,Normal,,,,,,slouch,1.0,0.0,0.0,0.30091866850852966,70.16339608124127,0.10665454072905199,0.19737395644187927,70.16339608124127,17.008432189564896,lateral,1
91,3.2812,Participant 7-Slouch 2_frame00091,train,90deg,lateral_Participant7,Participant7,Ectomorph,Normal,,,,,,slouch,1.0,0.0,0.0,0.3494054824113846,72.97546285605384,0.11868092340179338,0.2127974033355713,72.97546285605384,15.901063495753762,lateral,1
92,3.3172,Participant 7-Slouch 2_frame00092,train,90deg,lateral_Participant7,Participant7,Ectomorph,Normal,,,,,,slouch,1.0,0.0,0.0,0.27478480339050293,73.81710170543785,0.14003971794800713,0.21148359775543213,73.81710170543785,16.731619677364066,lateral,1
93,3.3533,Participant 7-Slouch 2_frame00093,train,90deg,lateral_Participant7,Participant7,Ectomorph,Normal,,,,,,slouch,1.0,0.0,0.0,0.2800805866718292,69.85402285065085,0.11884677178139337,0.198988676071167,69.85402285065085,17.427827660575534,lateral,1
94,3.3894,Participant 7-Slouch 2_frame00094,train,90deg,lateral_Participant7,Participant7,Ectomorph,Normal,,,,,,slouch,1.0,0.0,0.0,0.2501555383205414,73.15910419204378,0.11900300626847454,0.20276981592178345,73.15910419204378,16.590038620881938,lateral,1
95,3.4254,Participant 7-Slouch 2_frame00095,train,90deg,lateral_Participant7,Participant7,Ectomorph,Normal,,,,,,slouch,1.0,0.0,0.0,0.29766690731048584,70.52463846094821,0.10883204732927719,0.19203346967697144,70.52463846094821,15.89873046152726,lateral,1
96,3.4615,Participant 7-Slouch 2_frame00096,train,90deg,lateral_Participant7,Participant7,Ectomorph,Normal,,,,,,slouch,1.0,0.0,0.0,0.2981185019016266,73.81940555888046,0.1490466818489023,0.223690927028656,73.81940555888046,16.724854911635916,lateral,1
97,3.4975,Participant 7-Slouch 2_frame00097,train,90deg,lateral_Participant7,Participant7,Ectomorph,Normal,,,,,,slouch,1.0,0.0,0.0,0.2475000023841858,73.34422737574506,0.1257279291016661,0.21522074937820435,73.34422737574506,17.317221616442865,lateral,1
98,3.5336,Participant 7-Slouch 2_frame00098,train,90deg,lateral_Participant7,Participant7,Ectomorph,Normal,,,,,,slouch,1.0,0.0,0.0,0.28521227836608887,71.25148493479294,0.12316437096829184,0.20373189449310303,71.25148493479294,18.228234561324594,lateral,1
99,3.5696,Participant 7-Slouch 2_frame00099,train,90deg,lateral_Participant7,Participant7,Ectomorph,Normal,,,,,,slouch,1.0,0.0,0.0,0.2813427746295929,71.18968739537885,0.10840641130840652,0.19837412238121033,71.18968739537885,17.019443411179832,lateral,1
100,3.6057,Participant 7-Slouch 2_frame00100,train,90deg,lateral_Participant7,Participant7,Ectomorph,Normal,,,,,,slouch,1.0,0.0,0.0,0.26849061250686646,72.06338595084252,0.12950300207359744,0.21134626865386963,72.06338595084252,16.718818412767877,lateral,1
101,3.6418,Participant 7-Slouch 2_frame00101,train,90deg,lateral_Participant7,Participant7,Ectomorph,Normal,,,,,,slouch,1.0,0.0,0.0,0.3385534733533859,71.70436151247051,0.1130267968973949,0.20451807975769043,71.70436151247051,16.30731884383642,lateral,1
102,3.6778,Participant 7-Slouch 2_frame00102,train,90deg,lateral_Participant7,Participant7,Ectomorph,Normal,,,,,,slouch,1.0,0.0,0.0,0.3155549168586731,71.42967202616215,0.12939639651301052,0.21454715728759766,71.42967202616215,17.711467738852118,lateral,1
103,3.7139,Participant 7-Slouch 2_frame00103,train,90deg,lateral_Participant7,Participant7,Ectomorph,Normal,,,,,,slouch,1.0,0.0,0.0,0.30731460452079773,69.41041684712476,0.10473913964978397,0.20955663919448853,69.41041684712476,15.925475928793828,lateral,1
104,3.7499,Participant 7-Slouch 2_frame00104,train,90deg,lateral_Participant7,Participant7,Ectomorph,Normal,,,,,,slouch,1.0,0.0,0.0,0.26770126819610596,70.35064133532799,0.1088945869197207,0.1864282488822937,70.35064133532799,16.44361318525058,lateral,1
105,3.786,Participant 7-Slouch 2_frame00105,train,90deg,lateral_Participant7,Participant7,Ectomorph,Normal,,,,,,slouch,1.0,0.0,0.0,0.3084861934185028,71.49076041794565,0.1069242082487122,0.2009105086326599,71.49076041794565,15.590013555076492,lateral,1
106,3.822,Participant 7-Slouch 2_frame00106,train,90deg,lateral_Participant7,Participant7,Ectomorph,Normal,,,,,,slouch,1.0,0.0,0.0,0.298793226480484,74.82196466886536,0.13052531046574292,0.21416980028152466,74.82196466886536,16.41710719899823,lateral,1
107,3.8581,Participant 7-Slouch 2_frame00107,train,90deg,lateral_Participant7,Participant7,Ectomorph,Normal,,,,,,slouch,1.0,0.0,0.0,0.3145626485347748,74.18493608447793,0.1421954899952516,0.21268528699874878,74.18493608447793,16.304662610521707,lateral,1
108,3.8942,Participant 7-Slouch 2_frame00108,train,90deg,lateral_Participant7,Participant7,Ectomorph,Normal,,,,,,slouch,1.0,0.0,0.0,0.2752377986907959,71.28116075620692,0.11790443653777097,0.19052654504776,71.28116075620692,16.77378948959689,lateral,1
109,3.9302,Participant 7-Slouch 2_frame00109,train,90deg,lateral_Participant7,Participant7,Ectomorph,Normal,,,,,,slouch,1.0,0.0,0.0,0.31737127900123596,71.9319781794214,0.12027326902729318,0.2062351107597351,71.9319781794214,16.247488000387367,lateral,1
110,3.9663,Participant 7-Slouch 2_frame00110,train,90deg,lateral_Participant7,Participant7,Ectomorph,Normal,,,,,,slouch,1.0,0.0,0.0,0.2858619689941406,73.42127292690212,0.1265813675906949,0.20699888467788696,73.42127292690212,16.9072913093702,lateral,1
111,4.0023,Participant 7-Slouch 2_frame00111,train,90deg,lateral_Participant7,Participant7,Ectomorph,Normal,,,,,,slouch,1.0,0.0,0.0,0.350556343793869,73.49140681439061,0.11907138644009754,0.20841270685195923,73.49140681439061,18.43535368758205,lateral,1
112,4.0384,Participant 7-Slouch 2_frame00112,train,90deg,lateral_Participant7,Participant7,Ectomorph,Normal,,,,,,slouch,1.0,0.0,0.0,0.2799378037452698,71.07052038660466,0.13011687145201883,0.2182723581790924,71.07052038660466,17.18401572164942,lateral,1
113,4.0744,Participant 7-Slouch 2_frame00113,train,90deg,lateral_Participant7,Participant7,Ectomorph,Normal,,,,,,slouch,1.0,0.0,0.0,0.3456466943025589,72.4017122568223,0.12516134855457337,0.21126970648765564,72.4017122568223,16.226628765291142,lateral,1
114,4.1105,Participant 7-Slouch 2_frame00114,train,90deg,lateral_Participant7,Participant7,Ectomorph,Normal,,,,,,slouch,1.0,0.0,0.0,0.3026997447013855,71.8571014260721,0.10522983170657477,0.19284659624099731,71.8571014260721,15.9369409314484,lateral,1
115,4.1466,Participant 7-Slouch 2_frame00115,train,90deg,lateral_Participant7,Participant7,Ectomorph,Normal,,,,,,slouch,1.0,0.0,0.0,0.3079521209001541,72.63614000970487,0.12522777753340425,0.21093279123306274,72.63614000970487,16.394933292541616,lateral,1
116,4.1826,Participant 7-Slouch 2_frame00116,train,90deg,lateral_Participant7,Participant7,Ectomorph,Normal,,,,,,slouch,1.0,0.0,0.0,0.3596101850271225,71.22230381527363,0.14221134201395777,0.22240334749221802,71.22230381527363,16.989033506519082,lateral,1
117,4.2187,Participant 7-Slouch 2_frame00117,train,90deg,lateral_Participant7,Participant7,Ectomorph,Normal,,,,,,slouch,1.0,0.0,0.0,0.2924669682979584,71.37923773923316,0.12730433815497733,0.20466744899749756,71.37923773923316,17.849072510622992,lateral,1
118,4.2547,Participant 7-Slouch 2_frame00118,train,90deg,lateral_Participant7,Participant7,Ectomorph,Normal,,,,,,slouch,1.0,0.0,0.0,0.3361980617046356,73.383754257384,0.1184901094670079,0.20878982543945312,73.383754257384,15.854312526191544,lateral,1
119,4.2908,Participant 7-Slouch 2_frame00119,train,90deg,lateral_Participant7,Participant7,Ectomorph,Normal,,,,,,slouch,1.0,0.0,0.0,0.30250728130340576,74.15182572687672,0.13013621030228242,0.21468877792358398,74.15182572687672,16.22427047217719,lateral,1
120,4.3268,Participant 7-Slouch 2_frame00120,train,90deg,lateral_Participant7,Participant7,Ectomorph,Normal,,,,,,slouch,1.0,0.0,0.0,0.3145155608654022,73.1385227747091,0.13824158858732769,0.20720112323760986,73.1385227747091,17.180763545009786,lateral,1
121,4.3629,Participant 7-Slouch 2_frame00121,train,90deg,lateral_Participant7,Participant7,Ectomorph,Normal,,,,,,slouch,1.0,0.0,0.0,0.3076561391353607,73.41485930918954,0.11207461078734902,0.20203369855880737,73.41485930918954,15.398498794152404,lateral,1
122,4.399,Participant 7-Slouch 2_frame00122,train,90deg,lateral_Participant7,Participant7,Ectomorph,Normal,,,,,,slouch,1.0,0.0,0.0,0.272779256105423,71.47823027396115,0.12163634184843558,0.2060677707195282,71.47823027396115,17.478656347655033,lateral,1
123,4.435,Participant 7-Slouch 2_frame00123,train,90deg,lateral_Participant7,Participant7,Ectomorph,Normal,,,,,,slouch,1.0,0.0,0.0,0.37295444309711456,73.4576995247188,0.1166991636760757,0.21334153413772583,73.4576995247188,14.636657357547632,lateral,1
124,4.4711,Participant 7-Slouch 2_frame00124,train,90deg,lateral_Participant7,Participant7,Ectomorph,Normal,,,,,,slouch,1.0,0.0,0.0,0.3023076057434082,70.37235712872415,0.12127366399035693,0.20041948556900024,70.37235712872415,16.412404056837563,lateral,1
125,4.5071,Participant 7-Slouch 2_frame00125,train,90deg,lateral_Participant7,Participant7,Ectomorph,Normal,,,,,,slouch,1.0,0.0,0.0,0.32943975925445557,72.75249105164264,0.11409829547522854,0.20904570817947388,72.75249105164264,16.93947461351838,lateral,1
126,4.5432,Participant 7-Slouch 2_frame00126,train,90deg,lateral_Participant7,Participant7,Ectomorph,Normal,,,,,,slouch,1.0,0.0,0.0,0.39011913537979126,70.47038247947843,0.10911499664256087,0.20997947454452515,70.47038247947843,16.01656767849552,lateral,1
127,4.5792,Participant 7-Slouch 2_frame00127,train,90deg,lateral_Participant7,Participant7,Ectomorph,Normal,,,,,,slouch,1.0,0.0,0.0,0.26769280433654785,73.6114945891233,0.1280001089542244,0.20722410082817078,73.6114945891233,16.76382480995438,lateral,1
128,4.6153,Participant 7-Slouch 2_frame00128,train,90deg,lateral_Participant7,Participant7,Ectomorph,Normal,,,,,,slouch,1.0,0.0,0.0,0.3340758681297302,71.10546670308146,0.11157479988226461,0.19598844647407532,71.10546670308146,15.40166052840778,lateral,1
129,4.6514,Participant 7-Slouch 2_frame00129,train,90deg,lateral_Participant7,Participant7,Ectomorph,Normal,,,,,,slouch,1.0,0.0,0.0,0.2642572522163391,74.50575354410607,0.1249213902624143,0.19795522093772888,74.50575354410607,17.299759033530496,lateral,1
130,4.6874,Participant 7-Slouch 2_frame00130,train,90deg,lateral_Participant7,Participant7,Ectomorph,Normal,,,,,,slouch,1.0,0.0,0.0,0.32220444083213806,72.99214250562113,0.12906590812956575,0.21296334266662598,72.99214250562113,16.839974447735994,lateral,1
131,4.7235,Participant 7-Slouch 2_frame00131,train,90deg,lateral_Participant7,Participant7,Ectomorph,Normal,,,,,,slouch,1.0,0.0,0.0,0.2839871942996979,74.01772646287374,0.10855118594707264,0.1865060031414032,74.01772646287374,15.687894930312874,lateral,1
132,4.7595,Participant 7-Slouch 2_frame00132,train,90deg,lateral_Participant7,Participant7,Ectomorph,Normal,,,,,,slouch,1.0,0.0,0.0,0.27975723147392273,72.54779728757393,0.12747797505039501,0.20476505160331726,72.54779728757393,16.829334577625033,lateral,1
133,4.7956,Participant 7-Slouch 2_frame00133,train,90deg,lateral_Participant7,Participant7,Ectomorph,Normal,,,,,,slouch,1.0,0.0,0.0,0.2354404330253601,74.27143242449625,0.1313950618040277,0.2002929449081421,74.27143242449625,17.20842623460763,lateral,1
134,4.8316,Participant 7-Slouch 2_frame00134,train,90deg,lateral_Participant7,Participant7,Ectomorph,Normal,,,,,,slouch,1.0,0.0,0.0,0.3119232654571533,71.06376473663462,0.10518512958925927,0.19077599048614502,71.06376473663462,16.14193021092603,lateral,1
135,4.8677,Participant 7-Slouch 2_frame00135,train,90deg,lateral_Participant7,Participant7,Ectomorph,Normal,,,,,,slouch,1.0,0.0,0.0,0.30316339433193207,73.19447845995863,0.1329801711296277,0.21142780780792236,73.19447845995863,16.64395288283506,lateral,1
136,4.9038,Participant 7-Slouch 2_frame00136,train,90deg,lateral_Participant7,Participant7,Ectomorph,Normal,,,,,,slouch,1.0,0.0,0.0,0.2882848381996155,72.6308680730928,0.12012090945707043,0.2123158574104309,72.6308680730928,16.491768653414958,lateral,1
137,4.9398,Participant 7-Slouch 2_frame00137,train,90deg,lateral_Participant7,Participant7,Ectomorph,Normal,,,,,,slouch,1.0,0.0,0.0,0.35103467106819153,73.03372069598004,0.14174539260551455,0.21630585193634033,73.03372069598004,17.017933617198572,lateral,1
138,4.9759,Participant 7-Slouch 2_frame00138,train,90deg,lateral_Participant7,Participant7,Ectomorph,Normal,,,,,,slouch,1.0,0.0,0.0,0.3171963393688202,71.81505239069071,0.11407550441164406,0.19769549369812012,71.81505239069071,16.97946293068136,lateral,1
139,5.0119,Participant 7-Slouch 2_frame00139,train,90deg,lateral_Participant7,Participant7,Ectomorph,Normal,,,,,,slouch,1.0,0.0,0.0,0.353907510638237,72.19774917376365,0.0967726443858428,0.20108145475387573,72.19774917376365,15.729564802330142,lateral,1
140,5.048,Participant 7-Slouch 2_frame00140,train,90deg,lateral_Participant7,Participant7,Ectomorph,Normal,,,,,,slouch,1.0,0.0,0.0,0.33709730207920074,73.96345812988652,0.13514401941230592,0.21480077505111694,73.96345812988652,15.330400271398402,lateral,1
141,5.084,Participant 7-Slouch 2_frame00141,train,90deg,lateral_Participant7,Participant7,Ectomorph,Normal,,,,,,slouch,1.0,0.0,0.0,0.31845735013484955,75.27978169812367,0.13676518248811484,0.21182185411453247,75.27978169812367,16.556147628725668,lateral,1
142,5.1201,Participant 7-Slouch 2_frame00142,train,90deg,lateral_Participant7,Participant7,Ectomorph,Normal,,,,,,slouch,1.0,0.0,0.0,0.34649060666561127,73.81543892585894,0.12506838812160168,0.21111083030700684,73.81543892585894,16.681754363421444,lateral,1
143,5.1562,Participant 7-Slouch 2_frame00143,train,90deg,lateral_Participant7,Participant7,Ectomorph,Normal,,,,,,slouch,1.0,0.0,0.0,0.3120329678058624,71.43076198197646,0.1299475640505216,0.21334946155548096,71.43076198197646,18.020468362035373,lateral,1
144,5.1922,Participant 7-Slouch 2_frame00144,train,90deg,lateral_Participant7,Participant7,Ectomorph,Normal,,,,,,slouch,1.0,0.0,0.0,0.3216142803430557,70.50410808610874,0.12194136030942122,0.19728833436965942,70.50410808610874,17.27305686380082,lateral,1
145,5.2283,Participant 7-Slouch 2_frame00145,train,90deg,lateral_Participant7,Participant7,Ectomorph,Normal,,,,,,slouch,1.0,0.0,0.0,0.3694089353084564,72.08583710764479,0.09651683507427433,0.19080322980880737,72.08583710764479,16.292989944582512,lateral,1
146,5.2643,Participant 7-Slouch 2_frame00146,train,90deg,lateral_Participant7,Participant7,Ectomorph,Normal,,,,,,slouch,1.0,0.0,0.0,0.26652488112449646,72.01646533002466,0.14238806044687913,0.20564091205596924,72.01646533002466,18.078811713905957,lateral,1
147,5.3004,Participant 7-Slouch 2_frame00147,train,90deg,lateral_Participant7,Participant7,Ectomorph,Normal,,,,,,slouch,1.0,0.0,0.0,0.307568684220314,69.76466018586477,0.12094465293002434,0.20736294984817505,69.76466018586477,17.373620746738638,lateral,1
148,5.3364,Participant 7-Slouch 2_frame00148,train,90deg,lateral_Participant7,Participant7,Ectomorph,Normal,,,,,,slouch,1.0,0.0,0.0,0.3068961948156357,70.93444648344004,0.09590366534459603,0.18581587076187134,70.93444648344004,16.777976700834298,lateral,1
149,5.3725,Participant 7-Slouch 2_frame00149,train,90deg,lateral_Participant7,Participant7,Ectomorph,Normal,,,,,,slouch,1.0,0.0,0.0,0.30824533104896545,76.35469093528253,0.13581613124446798,0.2090955376625061,76.35469093528253,16.727972742090273,lateral,1
150,5.4086,Participant 7-Slouch 2_frame00150,train,90deg,lateral_Participant7,Participant7,Ectomorph,Normal,,,,,,slouch,1.0,0.0,0.0,0.320976585149765,71.35548044941943,0.10497143430102421,0.19724160432815552,71.35548044941943,17.000080098980398,lateral,1
151,5.4446,Participant 7-Slouch 2_frame00151,train,90deg,lateral_Participant7,Participant7,Ectomorph,Normal,,,,,,slouch,1.0,0.0,0.0,0.31577517092227936,69.48596578527908,0.11216169257438459,0.19461452960968018,69.48596578527908,17.109862651186507,lateral,1
152,5.4807,Participant 7-Slouch 2_frame00152,train,90deg,lateral_Participant7,Participant7,Ectomorph,Normal,,,,,,slouch,1.0,0.0,0.0,0.2642274498939514,71.00585872072317,0.11975542166271946,0.1961061954498291,71.00585872072317,16.54092022227692,lateral,1
153,5.5167,Participant 7-Slouch 2_frame00153,train,90deg,lateral_Participant7,Participant7,Ectomorph,Normal,,,,,,slouch,1.0,0.0,0.0,0.2629525363445282,72.86095005649558,0.11890492664924159,0.19508671760559082,72.86095005649558,16.492013435246783,lateral,1
154,5.5528,Participant 7-Slouch 2_frame00154,train,90deg,lateral_Participant7,Participant7,Ectomorph,Normal,,,,,,slouch,1.0,0.0,0.0,0.27108126878738403,73.10844737634547,0.1274419992827553,0.1984935998916626,73.10844737634547,16.002676412538623,lateral,1
155,5.5888,Participant 7-Slouch 2_frame00155,train,90deg,lateral_Participant7,Participant7,Ectomorph,Normal,,,,,,slouch,1.0,0.0,0.0,0.2994544506072998,72.89358230327817,0.12081036845277918,0.19321399927139282,72.89358230327817,16.12813316284565,lateral,1
156,5.6249,Participant 7-Slouch 2_frame00156,train,90deg,lateral_Participant7,Participant7,Ectomorph,Normal,,,,,,slouch,1.0,0.0,0.0,0.2651914656162262,74.8347458574849,0.13256169332831588,0.20121708512306213,74.8347458574849,17.03823442961904,lateral,1
157,5.661,Participant 7-Slouch 2_frame00157,train,90deg,lateral_Participant7,Participant7,Ectomorph,Normal,,,,,,slouch,1.0,0.0,0.0,0.26228585839271545,77.12788687094458,0.1331292849010485,0.20290380716323853,77.12788687094458,15.364699224699379,lateral,1
158,5.697,Participant 7-Slouch 2_frame00158,train,90deg,lateral_Participant7,Participant7,Ectomorph,Normal,,,,,,slouch,1.0,0.0,0.0,0.2977185398340225,73.88918264330582,0.12678992588328045,0.20262658596038818,73.88918264330582,16.4674461736731,lateral,1
159,5.7331,Participant 7-Slouch 2_frame00159,train,90deg,lateral_Participant7,Participant7,Ectomorph,Normal,,,,,,slouch,1.0,0.0,0.0,0.26188987493515015,71.99143903855715,0.1422628577430454,0.2065545618534088,71.99143903855715,17.236149657724667,lateral,1
160,5.7691,Participant 7-Slouch 2_frame00160,train,90deg,lateral_Participant7,Participant7,Ectomorph,Normal,,,,,,slouch,1.0,0.0,0.0,0.28643956780433655,77.58130619751546,0.137387648352302,0.21400389075279236,77.58130619751546,14.316554497066232,lateral,1
161,5.8052,Participant 7-Slouch 2_frame00161,train,90deg,lateral_Participant7,Participant7,Ectomorph,Normal,,,,,,slouch,1.0,0.0,0.0,0.35017895698547363,74.41281002681077,0.11420933714505768,0.20457231998443604,74.41281002681077,14.595695673397866,lateral,1
162,5.8412,Participant 7-Slouch 2_frame00162,train,90deg,lateral_Participant7,Participant7,Ectomorph,Normal,,,,,,slouch,1.0,0.0,0.0,0.25477516651153564,72.13169402336143,0.14006740487113603,0.21236121654510498,72.13169402336143,17.543848560161823,lateral,1
163,5.8773,Participant 7-Slouch 2_frame00163,train,90deg,lateral_Participant7,Participant7,Ectomorph,Normal,,,,,,slouch,1.0,0.0,0.0,0.2658382058143616,74.19709879085985,0.12808182140665486,0.19890812039375305,74.19709879085985,17.189193956652957,lateral,1
164,5.9134,Participant 7-Slouch 2_frame00164,train,90deg,lateral_Participant7,Participant7,Ectomorph,Normal,,,,,,slouch,1.0,0.0,0.0,0.33991360664367676,71.52932383732922,0.11171881349805335,0.19906550645828247,71.52932383732922,17.1804543762382,lateral,1
165,5.9494,Participant 7-Slouch 2_frame00165,train,90deg,lateral_Participant7,Participant7,Ectomorph,Normal,,,,,,slouch,1.0,0.0,0.0,0.2689807116985321,72.35640906344965,0.132435910771317,0.20186680555343628,72.35640906344965,18.165324894086975,lateral,1
166,5.9855,Participant 7-Slouch 2_frame00166,train,90deg,lateral_Participant7,Participant7,Ectomorph,Normal,,,,,,slouch,1.0,0.0,0.0,0.3451351374387741,73.24151376324727,0.1437944404660647,0.22317546606063843,73.24151376324727,16.314805675600066,lateral,1
167,6.0215,Participant 7-Slouch 2_frame00167,train,90deg,lateral_Participant7,Participant7,Ectomorph,Normal,,,,,,slouch,1.0,0.0,0.0,0.32011477649211884,71.65534117640195,0.10309008755526504,0.19308733940124512,71.65534117640195,17.64470693329723,lateral,1
168,6.0576,Participant 7-Slouch 2_frame00168,train,90deg,lateral_Participant7,Participant7,Ectomorph,Normal,,,,,,slouch,1.0,0.0,0.0,0.28943905234336853,68.58626527139361,0.1176688821441149,0.19858145713806152,68.58626527139361,21.144294016553207,lateral,1
169,6.0936,Participant 7-Slouch 2_frame00169,train,90deg,lateral_Participant7,Participant7,Ectomorph,Normal,,,,,,slouch,1.0,0.0,0.0,0.2785266637802124,68.11924135593888,0.11969287858471761,0.17077234387397766,68.11924135593888,22.934795300666504,lateral,1
170,6.1297,Participant 7-Slouch 2_frame00170,train,90deg,lateral_Participant7,Participant7,Ectomorph,Normal,,,,,,slouch,1.0,0.0,0.0,0.1991320550441742,68.41823312127832,0.1493989120040963,0.17216366529464722,68.41823312127832,26.567980797718896,lateral,1
171,6.1658,Participant 7-Slouch 2_frame00171,train,90deg,lateral_Participant7,Participant7,Ectomorph,Normal,,,,,,slouch,1.0,0.0,0.0,0.24843430519104004,63.806168856701134,0.12117205265860687,0.15831086039543152,63.806168856701134,29.381719163914227,lateral,1
0,0.0,Participant 7-Slouch_frame00000,train,90deg,lateral_Participant7,Participant7,Ectomorph,Normal,,,,,,slouch,1.0,0.0,0.0,0.3332285135984421,58.27710635518935,0.161119836797897,0.1695154309272766,58.27710635518935,33.31732541485835,lateral,1
1,0.0358,Participant 7-Slouch_frame00001,train,90deg,lateral_Participant7,Participant7,Ectomorph,Normal,,,,,,slouch,1.0,0.0,0.0,0.26951804757118225,56.07926829406073,0.13597176144682235,0.14719635248184204,56.07926829406073,31.12368723628252,lateral,1
2,0.0717,Participant 7-Slouch_frame00002,train,90deg,lateral_Participant7,Participant7,Ectomorph,Normal,,,,,,slouch,1.0,0.0,0.0,0.32272785902023315,58.276219941203365,0.1813422303730288,0.1761074662208557,58.276219941203365,31.464482493191493,lateral,1
3,0.1075,Participant 7-Slouch_frame00003,train,90deg,lateral_Participant7,Participant7,Ectomorph,Normal,,,,,,slouch,1.0,0.0,0.0,0.2803594172000885,57.12985814458425,0.1449462912904873,0.1450369954109192,57.12985814458425,33.7157377913348,lateral,1
4,0.1434,Participant 7-Slouch_frame00004,train,90deg,lateral_Participant7,Participant7,Ectomorph,Normal,,,,,,slouch,1.0,0.0,0.0,0.2778443694114685,59.3213581003709,0.17257508994444934,0.176680326461792,59.3213581003709,33.56889255052109,lateral,1
5,0.1792,Participant 7-Slouch_frame00005,train,90deg,lateral_Participant7,Participant7,Ectomorph,Normal,,,,,,slouch,1.0,0.0,0.0,0.257747620344162,59.72685402049351,0.16980851799144817,0.16625964641571045,59.72685402049351,32.601017549512086,lateral,1
6,0.2151,Participant 7-Slouch_frame00006,train,90deg,lateral_Participant7,Participant7,Ectomorph,Normal,,,,,,slouch,1.0,0.0,0.0,0.2745390832424164,57.69879942356737,0.15619130838367434,0.15787243843078613,57.69879942356737,35.243426304617124,lateral,1
7,0.2509,Participant 7-Slouch_frame00007,train,90deg,lateral_Participant7,Participant7,Ectomorph,Normal,,,,,,slouch,1.0,0.0,0.0,0.2945987433195114,57.731622903906896,0.14943184851599287,0.1562865972518921,57.731622903906896,34.04173116244492,lateral,1
8,0.2867,Participant 7-Slouch_frame00008,train,90deg,lateral_Participant7,Participant7,Ectomorph,Normal,,,,,,slouch,1.0,0.0,0.0,0.2755383551120758,58.24150383944285,0.14694498934537686,0.14472496509552002,58.24150383944285,33.93131666584388,lateral,1
9,0.3226,Participant 7-Slouch_frame00009,train,90deg,lateral_Participant7,Participant7,Ectomorph,Normal,,,,,,slouch,1.0,0.0,0.0,0.29694509506225586,59.21118241757141,0.16336537191048195,0.16391342878341675,59.21118241757141,33.33473843266471,lateral,1
10,0.3584,Participant 7-Slouch_frame00010,train,90deg,lateral_Participant7,Participant7,Ectomorph,Normal,,,,,,slouch,1.0,0.0,0.0,0.26428288221359253,58.613110525829214,0.1439175659662188,0.1464516520500183,58.613110525829214,33.94179315532569,lateral,1
11,0.3943,Participant 7-Slouch_frame00011,train,90deg,lateral_Participant7,Participant7,Ectomorph,Normal,,,,,,slouch,1.0,0.0,0.0,0.29594898223876953,58.5625632263463,0.15902045961283745,0.16383856534957886,58.5625632263463,34.59991045529006,lateral,1
12,0.4301,Participant 7-Slouch_frame00012,train,90deg,lateral_Participant7,Participant7,Ectomorph,Normal,,,,,,slouch,1.0,0.0,0.0,0.3369262218475342,57.572586497248075,0.1547530288749946,0.15945982933044434,57.572586497248075,33.95372273876696,lateral,1
13,0.4659,Participant 7-Slouch_frame00013,train,90deg,lateral_Participant7,Participant7,Ectomorph,Normal,,,,,,slouch,1.0,0.0,0.0,0.30957335233688354,57.973847210369485,0.16031143095097405,0.17052006721496582,57.973847210369485,34.73725165494452,lateral,1
14,0.5018,Participant 7-Slouch_frame00014,train,90deg,lateral_Participant7,Participant7,Ectomorph,Normal,,,,,,slouch,1.0,0.0,0.0,0.26826658844947815,56.19677300405404,0.14080671454151802,0.1503273844718933,56.19677300405404,33.76852827467544,lateral,1
15,0.5376,Participant 7-Slouch_frame00015,train,90deg,lateral_Participant7,Participant7,Ectomorph,Normal,,,,,,slouch,1.0,0.0,0.0,0.2613115608692169,57.6610658083553,0.17836787390265493,0.16875296831130981,57.6610658083553,34.083615568118375,lateral,1
16,0.5735,Participant 7-Slouch_frame00016,train,90deg,lateral_Participant7,Participant7,Ectomorph,Normal,,,,,,slouch,1.0,0.0,0.0,0.25507286190986633,57.58541489221364,0.13041912362615438,0.13646936416625977,57.58541489221364,34.043624659595025,lateral,1
17,0.6093,Participant 7-Slouch_frame00017,train,90deg,lateral_Participant7,Participant7,Ectomorph,Normal,,,,,,slouch,1.0,0.0,0.0,0.2536255121231079,57.02139310865561,0.1649912331906968,0.15857553482055664,57.02139310865561,34.53165626973589,lateral,1
18,0.6452,Participant 7-Slouch_frame00018,train,90deg,lateral_Participant7,Participant7,Ectomorph,Normal,,,,,,slouch,1.0,0.0,0.0,0.284254252910614,55.94628449219624,0.16784475275948346,0.16611629724502563,55.94628449219624,34.65862158155997,lateral,1
19,0.681,Participant 7-Slouch_frame00019,train,90deg,lateral_Participant7,Participant7,Ectomorph,Normal,,,,,,slouch,1.0,0.0,0.0,0.3121381402015686,56.96208695399613,0.15705989924656114,0.1581825613975525,56.96208695399613,33.781349277166115,lateral,1
20,0.7168,Participant 7-Slouch_frame00020,train,90deg,lateral_Participant7,Participant7,Ectomorph,Normal,,,,,,slouch,1.0,0.0,0.0,0.27325379848480225,57.618482150018515,0.15209799839690344,0.15636277198791504,57.618482150018515,33.00215292825262,lateral,1
21,0.7527,Participant 7-Slouch_frame00021,train,90deg,lateral_Participant7,Participant7,Ectomorph,Normal,,,,,,slouch,1.0,0.0,0.0,0.2746831178665161,56.76681466674738,0.15072386510221214,0.15027981996536255,56.76681466674738,34.11617515720924,lateral,1
22,0.7885,Participant 7-Slouch_frame00022,train,90deg,lateral_Participant7,Participant7,Ectomorph,Normal,,,,,,slouch,1.0,0.0,0.0,0.2975768744945526,56.696335953313074,0.14689586477526906,0.15514403581619263,56.696335953313074,35.020340622711515,lateral,1
23,0.8244,Participant 7-Slouch_frame00023,train,90deg,lateral_Participant7,Participant7,Ectomorph,Normal,,,,,,slouch,1.0,0.0,0.0,0.3165820837020874,58.495904916038846,0.15773737851361214,0.1606343388557434,58.495904916038846,32.3929973329553,lateral,1
24,0.8602,Participant 7-Slouch_frame00024,train,90deg,lateral_Participant7,Participant7,Ectomorph,Normal,,,,,,slouch,1.0,0.0,0.0,0.2468109428882599,59.0386992047627,0.14804651992441528,0.1456567645072937,59.0386992047627,34.43938624039536,lateral,1
25,0.8961,Participant 7-Slouch_frame00025,train,90deg,lateral_Participant7,Participant7,Ectomorph,Normal,,,,,,slouch,1.0,0.0,0.0,0.2845689356327057,57.29201974856246,0.160565684844597,0.16554826498031616,57.29201974856246,33.240126184993066,lateral,1
26,0.9319,Participant 7-Slouch_frame00026,train,90deg,lateral_Participant7,Participant7,Ectomorph,Normal,,,,,,slouch,1.0,0.0,0.0,0.2802906930446625,58.9009988771844,0.1658357198098619,0.1644597053527832,58.9009988771844,35.300101086227414,lateral,1
27,0.9677,Participant 7-Slouch_frame00027,train,90deg,lateral_Participant7,Participant7,Ectomorph,Normal,,,,,,slouch,1.0,0.0,0.0,0.2952362298965454,58.7397192354345,0.14611110641118455,0.15775823593139648,58.7397192354345,32.85005786720886,lateral,1
28,1.0036,Participant 7-Slouch_frame00028,train,90deg,lateral_Participant7,Participant7,Ectomorph,Normal,,,,,,slouch,1.0,0.0,0.0,0.2589927613735199,57.47897483557483,0.15832171016735797,0.15199166536331177,57.47897483557483,34.22302012031931,lateral,1
29,1.0394,Participant 7-Slouch_frame00029,train,90deg,lateral_Participant7,Participant7,Ectomorph,Normal,,,,,,slouch,1.0,0.0,0.0,0.3381441831588745,58.63230647387728,0.15237328877175718,0.16207444667816162,58.63230647387728,33.486846289681836,lateral,1
30,1.0753,Participant 7-Slouch_frame00030,train,90deg,lateral_Participant7,Participant7,Ectomorph,Normal,,,,,,slouch,1.0,0.0,0.0,0.2688865065574646,57.825429644566995,0.15784578782113384,0.1544804573059082,57.825429644566995,36.050441645499454,lateral,1
31,1.1111,Participant 7-Slouch_frame00031,train,90deg,lateral_Participant7,Participant7,Ectomorph,Normal,,,,,,slouch,1.0,0.0,0.0,0.27529728412628174,56.08858125302669,0.14772839094126294,0.1515570878982544,56.08858125302669,34.62911436376094,lateral,1
32,1.1469,Participant 7-Slouch_frame00032,train,90deg,lateral_Participant7,Participant7,Ectomorph,Normal,,,,,,slouch,1.0,0.0,0.0,0.2787659168243408,57.34718736199775,0.1554791291385356,0.15955185890197754,57.34718736199775,34.98213475828935,lateral,1
33,1.1828,Participant 7-Slouch_frame00033,train,90deg,lateral_Participant7,Participant7,Ectomorph,Normal,,,,,,slouch,1.0,0.0,0.0,0.23999392986297607,58.16228011667752,0.16901795186563673,0.15489941835403442,58.16228011667752,36.43636310267171,lateral,1
34,1.2186,Participant 7-Slouch_frame00034,train,90deg,lateral_Participant7,Participant7,Ectomorph,Normal,,,,,,slouch,1.0,0.0,0.0,0.3089175224304199,58.07337400717502,0.1498017645888265,0.15390688180923462,58.07337400717502,33.60568923567237,lateral,1
35,1.2545,Participant 7-Slouch_frame00035,train,90deg,lateral_Participant7,Participant7,Ectomorph,Normal,,,,,,slouch,1.0,0.0,0.0,0.2931208312511444,57.39356551716173,0.16338781908409364,0.16700279712677002,57.39356551716173,34.56493346482675,lateral,1
36,1.2903,Participant 7-Slouch_frame00036,train,90deg,lateral_Participant7,Participant7,Ectomorph,Normal,,,,,,slouch,1.0,0.0,0.0,0.27701321244239807,57.021671695570184,0.15235582264377626,0.14391231536865234,57.021671695570184,35.62552014078973,lateral,1
37,1.3262,Participant 7-Slouch_frame00037,train,90deg,lateral_Participant7,Participant7,Ectomorph,Normal,,,,,,slouch,1.0,0.0,0.0,0.3129401206970215,55.30178794846565,0.15000165633667406,0.15446102619171143,55.30178794846565,35.93179893587821,lateral,1
38,1.362,Participant 7-Slouch_frame00038,train,90deg,lateral_Participant7,Participant7,Ectomorph,Normal,,,,,,slouch,1.0,0.0,0.0,0.29039740562438965,56.83573335366736,0.1785157577170019,0.1674937605857849,56.83573335366736,37.788666800571974,lateral,1
39,1.3978,Participant 7-Slouch_frame00039,train,90deg,lateral_Participant7,Participant7,Ectomorph,Normal,,,,,,slouch,1.0,0.0,0.0,0.2641613185405731,57.0125356347554,0.17828051553783628,0.1658538579940796,57.0125356347554,36.578184951587104,lateral,1
40,1.4337,Participant 7-Slouch_frame00040,train,90deg,lateral_Participant7,Participant7,Ectomorph,Normal,,,,,,slouch,1.0,0.0,0.0,0.2579987049102783,56.77574006542187,0.17461997879376787,0.16580462455749512,56.77574006542187,35.332111234324096,lateral,1
41,1.4695,Participant 7-Slouch_frame00041,train,90deg,lateral_Participant7,Participant7,Ectomorph,Normal,,,,,,slouch,1.0,0.0,0.0,0.3101101815700531,55.79415232195377,0.16236708736650796,0.16599929332733154,55.79415232195377,35.516362599143726,lateral,1
42,1.5054,Participant 7-Slouch_frame00042,train,90deg,lateral_Participant7,Participant7,Ectomorph,Normal,,,,,,slouch,1.0,0.0,0.0,0.2556493282318115,57.1851774451497,0.16270143065759865,0.15753912925720215,57.1851774451497,34.3699471836747,lateral,1
43,1.5412,Participant 7-Slouch_frame00043,train,90deg,lateral_Participant7,Participant7,Ectomorph,Normal,,,,,,slouch,1.0,0.0,0.0,0.23033642768859863,56.86430096240481,0.17525490870773594,0.16891002655029297,56.86430096240481,35.13108433899204,lateral,1
44,1.5771,Participant 7-Slouch_frame00044,train,90deg,lateral_Participant7,Participant7,Ectomorph,Normal,,,,,,slouch,1.0,0.0,0.0,0.290517121553421,57.539198019277066,0.1813105978387861,0.17341560125350952,57.539198019277066,35.00901430300864,lateral,1
45,1.6129,Participant 7-Slouch_frame00045,train,90deg,lateral_Participant7,Participant7,Ectomorph,Normal,,,,,,slouch,1.0,0.0,0.0,0.28050628304481506,54.74854141557384,0.14867813975916763,0.1428268551826477,54.74854141557384,34.91919655008089,lateral,1
46,1.6487,Participant 7-Slouch_frame00046,train,90deg,lateral_Participant7,Participant7,Ectomorph,Normal,,,,,,slouch,1.0,0.0,0.0,0.29666560888290405,56.7628658602962,0.16794160413150974,0.16296136379241943,56.7628658602962,36.02407792403723,lateral,1
47,1.6846,Participant 7-Slouch_frame00047,train,90deg,lateral_Participant7,Participant7,Ectomorph,Normal,,,,,,slouch,1.0,0.0,0.0,0.31904491782188416,57.6767449891468,0.16495916471159966,0.16206133365631104,57.6767449891468,34.36185697819207,lateral,1
48,1.7204,Participant 7-Slouch_frame00048,train,90deg,lateral_Participant7,Participant7,Ectomorph,Normal,,,,,,slouch,1.0,0.0,0.0,0.29271137714385986,55.98544741205944,0.17145246323515861,0.17363160848617554,55.98544741205944,34.33135261137172,lateral,1
49,1.7563,Participant 7-Slouch_frame00049,train,90deg,lateral_Participant7,Participant7,Ectomorph,Normal,,,,,,slouch,1.0,0.0,0.0,0.3125614821910858,57.6084941814842,0.18587747807870006,0.17286664247512817,57.6084941814842,34.38396121554383,lateral,1
50,1.7921,Participant 7-Slouch_frame00050,train,90deg,lateral_Participant7,Participant7,Ectomorph,Normal,,,,,,slouch,1.0,0.0,0.0,0.30049702525138855,55.195125414977525,0.1439397073604441,0.14497625827789307,55.195125414977525,35.59422966577452,lateral,1
51,1.8279,Participant 7-Slouch_frame00051,train,90deg,lateral_Participant7,Participant7,Ectomorph,Normal,,,,,,slouch,1.0,0.0,0.0,0.2975269854068756,55.62856075572257,0.14351322223973537,0.14474856853485107,55.62856075572257,36.30045099939226,lateral,1
52,1.8638,Participant 7-Slouch_frame00052,train,90deg,lateral_Participant7,Participant7,Ectomorph,Normal,,,,,,slouch,1.0,0.0,0.0,0.33443012833595276,57.62454910911234,0.19552224078245153,0.174643874168396,57.62454910911234,36.11026888279049,lateral,1
53,1.8996,Participant 7-Slouch_frame00053,train,90deg,lateral_Participant7,Participant7,Ectomorph,Normal,,,,,,slouch,1.0,0.0,0.0,0.31396639347076416,56.72468647847476,0.15053482557341005,0.1469389796257019,56.72468647847476,35.105943235097044,lateral,1
54,1.9355,Participant 7-Slouch_frame00054,train,90deg,lateral_Participant7,Participant7,Ectomorph,Normal,,,,,,slouch,1.0,0.0,0.0,0.26709407567977905,56.24624966578064,0.17685723458081484,0.16843384504318237,56.24624966578064,35.39880085936356,lateral,1
55,1.9713,Participant 7-Slouch_frame00055,train,90deg,lateral_Participant7,Participant7,Ectomorph,Normal,,,,,,slouch,1.0,0.0,0.0,0.2602366507053375,57.767755589725596,0.17566663185998263,0.17067664861679077,57.767755589725596,35.142110177829956,lateral,1
56,2.0072,Participant 7-Slouch_frame00056,train,90deg,lateral_Participant7,Participant7,Ectomorph,Normal,,,,,,slouch,1.0,0.0,0.0,0.30838827788829803,58.28671876987442,0.17338175081277737,0.1670987606048584,58.28671876987442,34.62857575038593,lateral,1
57,2.043,Participant 7-Slouch_frame00057,train,90deg,lateral_Participant7,Participant7,Ectomorph,Normal,,,,,,slouch,1.0,0.0,0.0,0.2920462191104889,55.58378475736339,0.14267408769625292,0.1517421007156372,55.58378475736339,34.41015255178629,lateral,1
58,2.0788,Participant 7-Slouch_frame00058,train,90deg,lateral_Participant7,Participant7,Ectomorph,Normal,,,,,,slouch,1.0,0.0,0.0,0.26583799719810486,56.69151883644546,0.16572363186547087,0.16526257991790771,56.69151883644546,36.111121679433005,lateral,1
59,2.1147,Participant 7-Slouch_frame00059,train,90deg,lateral_Participant7,Participant7,Ectomorph,Normal,,,,,,slouch,1.0,0.0,0.0,0.2570529878139496,57.187173233072336,0.16557156891147304,0.1613481640815735,57.187173233072336,36.48889533030401,lateral,1
60,2.1505,Participant 7-Slouch_frame00060,train,90deg,lateral_Participant7,Participant7,Ectomorph,Normal,,,,,,slouch,1.0,0.0,0.0,0.2609313726425171,57.28103006792248,0.1519595658728695,0.14642584323883057,57.28103006792248,34.84161972168076,lateral,1
61,2.1864,Participant 7-Slouch_frame00061,train,90deg,lateral_Participant7,Participant7,Ectomorph,Normal,,,,,,slouch,1.0,0.0,0.0,0.3091035485267639,56.69190669376606,0.16971637737720816,0.16106706857681274,56.69190669376606,37.01649010569983,lateral,1
62,2.2222,Participant 7-Slouch_frame00062,train,90deg,lateral_Participant7,Participant7,Ectomorph,Normal,,,,,,slouch,1.0,0.0,0.0,0.27074241638183594,55.69295240352531,0.15700901074776386,0.16088145971298218,55.69295240352531,34.75962245971782,lateral,1
63,2.258,Participant 7-Slouch_frame00063,train,90deg,lateral_Participant7,Participant7,Ectomorph,Normal,,,,,,slouch,1.0,0.0,0.0,0.2742146849632263,57.62327997105834,0.1692361201177036,0.17188572883605957,57.62327997105834,34.82102435478001,lateral,1
64,2.2939,Participant 7-Slouch_frame00064,train,90deg,lateral_Participant7,Participant7,Ectomorph,Normal,,,,,,slouch,1.0,0.0,0.0,0.275478720664978,55.611472101487756,0.14386927878345945,0.14454799890518188,55.611472101487756,35.23868192879189,lateral,1
65,2.3297,Participant 7-Slouch_frame00065,train,90deg,lateral_Participant7,Participant7,Ectomorph,Normal,,,,,,slouch,1.0,0.0,0.0,0.2655370235443115,55.623729849018964,0.18166138368812143,0.16458982229232788,55.623729849018964,35.324396456099365,lateral,1
66,2.3656,Participant 7-Slouch_frame00066,train,90deg,lateral_Participant7,Participant7,Ectomorph,Normal,,,,,,slouch,1.0,0.0,0.0,0.28804516792297363,55.82950572280715,0.1816377361509329,0.17197388410568237,55.82950572280715,35.89433119418815,lateral,1
67,2.4014,Participant 7-Slouch_frame00067,train,90deg,lateral_Participant7,Participant7,Ectomorph,Normal,,,,,,slouch,1.0,0.0,0.0,0.2778746783733368,57.59924786353831,0.15904069504706547,0.15741515159606934,57.59924786353831,34.041678146020374,lateral,1
68,2.4373,Participant 7-Slouch_frame00068,train,90deg,lateral_Participant7,Participant7,Ectomorph,Normal,,,,,,slouch,1.0,0.0,0.0,0.33148106932640076,55.73309221951565,0.1537780208935662,0.1580529808998108,55.73309221951565,33.32416950846851,lateral,1
69,2.4731,Participant 7-Slouch_frame00069,train,90deg,lateral_Participant7,Participant7,Ectomorph,Normal,,,,,,slouch,1.0,0.0,0.0,0.25194093585014343,54.91888686995636,0.15300106864710322,0.14692628383636475,54.91888686995636,36.57123857826195,lateral,1
70,2.5089,Participant 7-Slouch_frame00070,train,90deg,lateral_Participant7,Participant7,Ectomorph,Normal,,,,,,slouch,1.0,0.0,0.0,0.3132092356681824,56.751516405940514,0.156012211812673,0.1608002781867981,56.751516405940514,32.160217379431536,lateral,1
71,2.5448,Participant 7-Slouch_frame00071,train,90deg,lateral_Participant7,Participant7,Ectomorph,Normal,,,,,,slouch,1.0,0.0,0.0,0.30134421586990356,58.018650185513266,0.16029490661275217,0.16451412439346313,58.018650185513266,35.437166827387564,lateral,1
72,2.5806,Participant 7-Slouch_frame00072,train,90deg,lateral_Participant7,Participant7,Ectomorph,Normal,,,,,,slouch,1.0,0.0,0.0,0.3338437080383301,58.046720000481976,0.1717905302224996,0.1701844334602356,58.046720000481976,35.487171405705574,lateral,1
73,2.6165,Participant 7-Slouch_frame00073,train,90deg,lateral_Participant7,Participant7,Ectomorph,Normal,,,,,,slouch,1.0,0.0,0.0,0.2883066236972809,56.29765156026415,0.1713546420679741,0.16287553310394287,56.29765156026415,34.53619905036677,lateral,1
74,2.6523,Participant 7-Slouch_frame00074,train,90deg,lateral_Participant7,Participant7,Ectomorph,Normal,,,,,,slouch,1.0,0.0,0.0,0.30985307693481445,56.98241997661593,0.16743269470639008,0.16920125484466553,56.98241997661593,34.183278321584815,lateral,1
75,2.6882,Participant 7-Slouch_frame00075,train,90deg,lateral_Participant7,Participant7,Ectomorph,Normal,,,,,,slouch,1.0,0.0,0.0,0.2522345185279846,57.97824530279066,0.15326928483976396,0.1478864550590515,57.97824530279066,35.16905376481888,lateral,1
76,2.724,Participant 7-Slouch_frame00076,train,90deg,lateral_Participant7,Participant7,Ectomorph,Normal,,,,,,slouch,1.0,0.0,0.0,0.23282480239868164,57.09272812232596,0.18152190515988306,0.15702414512634277,57.09272812232596,36.76475175337625,lateral,1
77,2.7598,Participant 7-Slouch_frame00077,train,90deg,lateral_Participant7,Participant7,Ectomorph,Normal,,,,,,slouch,1.0,0.0,0.0,0.27208834886550903,57.913196069643284,0.19221936806709664,0.16812241077423096,57.913196069643284,34.92785218928448,lateral,1
78,2.7957,Participant 7-Slouch_frame00078,train,90deg,lateral_Participant7,Participant7,Ectomorph,Normal,,,,,,slouch,1.0,0.0,0.0,0.25564730167388916,57.36132394283619,0.17118042283016885,0.16319549083709717,57.36132394283619,35.27632039737272,lateral,1
79,2.8315,Participant 7-Slouch_frame00079,train,90deg,lateral_Participant7,Participant7,Ectomorph,Normal,,,,,,slouch,1.0,0.0,0.0,0.2804293930530548,54.32190071664679,0.1379769407914882,0.14578473567962646,54.32190071664679,33.24252114359478,lateral,1
80,2.8674,Participant 7-Slouch_frame00080,train,90deg,lateral_Participant7,Participant7,Ectomorph,Normal,,,,,,slouch,1.0,0.0,0.0,0.2581149935722351,56.47925522637828,0.14996846800578792,0.14754712581634521,56.47925522637828,35.875432311666735,lateral,1
81,2.9032,Participant 7-Slouch_frame00081,train,90deg,lateral_Participant7,Participant7,Ectomorph,Normal,,,,,,slouch,1.0,0.0,0.0,0.3283996880054474,55.812836624693894,0.15875403588600467,0.16318929195404053,55.812836624693894,34.25855122409686,lateral,1
82,2.939,Participant 7-Slouch_frame00082,train,90deg,lateral_Participant7,Participant7,Ectomorph,Normal,,,,,,slouch,1.0,0.0,0.0,0.23750346899032593,55.469508093619005,0.16346813547308614,0.16114145517349243,55.469508093619005,34.10645238392692,lateral,1
83,2.9749,Participant 7-Slouch_frame00083,train,90deg,lateral_Participant7,Participant7,Ectomorph,Normal,,,,,,slouch,1.0,0.0,0.0,0.26657834649086,57.06223461385284,0.14866670406079646,0.14792978763580322,57.06223461385284,33.74389115445926,lateral,1
84,3.0107,Participant 7-Slouch_frame00084,train,90deg,lateral_Participant7,Participant7,Ectomorph,Normal,,,,,,slouch,1.0,0.0,0.0,0.29043886065483093,57.293438420390046,0.15385556642764933,0.1501861810684204,57.293438420390046,33.38147115027257,lateral,1
85,3.0466,Participant 7-Slouch_frame00085,train,90deg,lateral_Participant7,Participant7,Ectomorph,Normal,,,,,,slouch,1.0,0.0,0.0,0.3015998303890228,57.88531356688983,0.1828914126527595,0.16832751035690308,57.88531356688983,33.78673237344719,lateral,1
86,3.0824,Participant 7-Slouch_frame00086,train,90deg,lateral_Participant7,Participant7,Ectomorph,Normal,,,,,,slouch,1.0,0.0,0.0,0.27513763308525085,56.794366919144665,0.16833352826406092,0.16359061002731323,56.794366919144665,35.225188754753695,lateral,1
87,3.1183,Participant 7-Slouch_frame00087,train,90deg,lateral_Participant7,Participant7,Ectomorph,Normal,,,,,,slouch,1.0,0.0,0.0,0.27899178862571716,56.287878582601444,0.15043381543157747,0.14291316270828247,56.287878582601444,35.60800466627224,lateral,1
88,3.1541,Participant 7-Slouch_frame00088,train,90deg,lateral_Participant7,Participant7,Ectomorph,Normal,,,,,,slouch,1.0,0.0,0.0,0.30248457193374634,57.02179555043542,0.16146732373884473,0.16488921642303467,57.02179555043542,35.60097665828435,lateral,1
89,3.1899,Participant 7-Slouch_frame00089,train,90deg,lateral_Participant7,Participant7,Ectomorph,Normal,,,,,,slouch,1.0,0.0,0.0,0.31185927987098694,57.11801859589562,0.1480082834253282,0.14264267683029175,57.11801859589562,35.47158024474927,lateral,1
90,3.2258,Participant 7-Slouch_frame00090,train,90deg,lateral_Participant7,Participant7,Ectomorph,Normal,,,,,,slouch,1.0,0.0,0.0,0.30070504546165466,58.09361977191662,0.1702705785749904,0.1722426414489746,58.09361977191662,35.47878538929479,lateral,1
91,3.2616,Participant 7-Slouch_frame00091,train,90deg,lateral_Participant7,Participant7,Ectomorph,Normal,,,,,,slouch,1.0,0.0,0.0,0.33567196130752563,58.11877147797125,0.1612258749982921,0.1615859866142273,58.11877147797125,34.490398615210935,lateral,1
92,3.2975,Participant 7-Slouch_frame00092,train,90deg,lateral_Participant7,Participant7,Ectomorph,Normal,,,,,,slouch,1.0,0.0,0.0,0.2828725576400757,57.499904005053025,0.16750361004187458,0.1660180687904358,57.499904005053025,35.57671867983405,lateral,1
93,3.3333,Participant 7-Slouch_frame00093,train,90deg,lateral_Participant7,Participant7,Ectomorph,Normal,,,,,,slouch,1.0,0.0,0.0,0.3043980896472931,57.233661921446,0.15114076546478605,0.15307354927062988,57.233661921446,34.39262956528757,lateral,1
94,3.3692,Participant 7-Slouch_frame00094,train,90deg,lateral_Participant7,Participant7,Ectomorph,Normal,,,,,,slouch,1.0,0.0,0.0,0.3239336609840393,56.372914358367204,0.15781530624565773,0.16388201713562012,56.372914358367204,35.0198337658543,lateral,1
95,3.405,Participant 7-Slouch_frame00095,train,90deg,lateral_Participant7,Participant7,Ectomorph,Normal,,,,,,slouch,1.0,0.0,0.0,0.29391345381736755,56.64306850351996,0.176932922040871,0.1750754714012146,56.64306850351996,35.97275277488807,lateral,1
96,3.4408,Participant 7-Slouch_frame00096,train,90deg,lateral_Participant7,Participant7,Ectomorph,Normal,,,,,,slouch,1.0,0.0,0.0,0.33896520733833313,54.92835874753296,0.15365160040605164,0.15457743406295776,54.92835874753296,36.45738416875957,lateral,1
97,3.4767,Participant 7-Slouch_frame00097,train,90deg,lateral_Participant7,Participant7,Ectomorph,Normal,,,,,,slouch,1.0,0.0,0.0,0.33652926981449127,56.80342539638429,0.15895543038357468,0.16391366720199585,56.80342539638429,35.90849702783588,lateral,1
98,3.5125,Participant 7-Slouch_frame00098,train,90deg,lateral_Participant7,Participant7,Ectomorph,Normal,,,,,,slouch,1.0,0.0,0.0,0.2593962252140045,57.64334506204272,0.1873505582496885,0.16426998376846313,57.64334506204272,36.05545340202534,lateral,1
99,3.5484,Participant 7-Slouch_frame00099,train,90deg,lateral_Participant7,Participant7,Ectomorph,Normal,,,,,,slouch,1.0,0.0,0.0,0.2582772970199585,57.711764252753085,0.17327360886563137,0.17177587747573853,57.711764252753085,35.16740483856369,lateral,1
100,3.5842,Participant 7-Slouch_frame00100,train,90deg,lateral_Participant7,Participant7,Ectomorph,Normal,,,,,,slouch,1.0,0.0,0.0,0.3318704664707184,57.646083257774656,0.15890407655214286,0.1647515892982483,57.646083257774656,34.741743411079504,lateral,1
101,3.62,Participant 7-Slouch_frame00101,train,90deg,lateral_Participant7,Participant7,Ectomorph,Normal,,,,,,slouch,1.0,0.0,0.0,0.2706151008605957,55.67381605106362,0.15235102737653408,0.15571749210357666,55.67381605106362,35.19499062749044,lateral,1
102,3.6559,Participant 7-Slouch_frame00102,train,90deg,lateral_Participant7,Participant7,Ectomorph,Normal,,,,,,slouch,1.0,0.0,0.0,0.25627875328063965,56.66456146280171,0.1806901395881134,0.16843539476394653,56.66456146280171,36.16523248585981,lateral,1
103,3.6917,Participant 7-Slouch_frame00103,train,90deg,lateral_Participant7,Participant7,Ectomorph,Normal,,,,,,slouch,1.0,0.0,0.0,0.2554263770580292,57.32913704065279,0.17053621290678636,0.16146546602249146,57.32913704065279,35.10059044428824,lateral,1
104,3.7276,Participant 7-Slouch_frame00104,train,90deg,lateral_Participant7,Participant7,Ectomorph,Normal,,,,,,slouch,1.0,0.0,0.0,0.25821274518966675,58.25021144885794,0.1749161253147118,0.16956579685211182,58.25021144885794,35.1298235853004,lateral,1
105,3.7634,Participant 7-Slouch_frame00105,train,90deg,lateral_Participant7,Participant7,Ectomorph,Normal,,,,,,slouch,1.0,0.0,0.0,0.29866066575050354,55.32084476674412,0.15139339147297523,0.15559512376785278,55.32084476674412,36.04223838228317,lateral,1
106,3.7993,Participant 7-Slouch_frame00106,train,90deg,lateral_Participant7,Participant7,Ectomorph,Normal,,,,,,slouch,1.0,0.0,0.0,0.264975368976593,56.87141422471234,0.14403187232508916,0.14211708307266235,56.87141422471234,35.600929327847155,lateral,1
107,3.8351,Participant 7-Slouch_frame00107,train,90deg,lateral_Participant7,Participant7,Ectomorph,Normal,,,,,,slouch,1.0,0.0,0.0,0.29559972882270813,56.8973861042597,0.19457998125377088,0.17447102069854736,56.8973861042597,36.97343419034669,lateral,1
108,3.8709,Participant 7-Slouch_frame00108,train,90deg,lateral_Participant7,Participant7,Ectomorph,Normal,,,,,,slouch,1.0,0.0,0.0,0.3033556044101715,56.97231611893981,0.15603073438150808,0.15754258632659912,56.97231611893981,35.805208651797386,lateral,1
109,3.9068,Participant 7-Slouch_frame00109,train,90deg,lateral_Participant7,Participant7,Ectomorph,Normal,,,,,,slouch,1.0,0.0,0.0,0.3313158303499222,56.82475047881662,0.1548218595124885,0.15344053506851196,56.82475047881662,35.209624769428714,lateral,1
110,3.9426,Participant 7-Slouch_frame00110,train,90deg,lateral_Participant7,Participant7,Ectomorph,Normal,,,,,,slouch,1.0,0.0,0.0,0.32360416650772095,58.08975674304923,0.16360000247965037,0.17015093564987183,58.08975674304923,35.09855332761775,lateral,1
111,3.9785,Participant 7-Slouch_frame00111,train,90deg,lateral_Participant7,Participant7,Ectomorph,Normal,,,,,,slouch,1.0,0.0,0.0,0.3082030117511749,57.155095831910465,0.1675238837178633,0.1639673113822937,57.155095831910465,34.043053593309665,lateral,1
112,4.0143,Participant 7-Slouch_frame00112,train,90deg,lateral_Participant7,Participant7,Ectomorph,Normal,,,,,,slouch,1.0,0.0,0.0,0.281324565410614,56.58204236373441,0.16338098648626825,0.15435737371444702,56.58204236373441,37.35775025734274,lateral,1
113,4.0502,Participant 7-Slouch_frame00113,train,90deg,lateral_Participant7,Participant7,Ectomorph,Normal,,,,,,slouch,1.0,0.0,0.0,0.3101317584514618,56.62307745449767,0.15367441465475515,0.16125494241714478,56.62307745449767,34.628538135018765,lateral,1
114,4.086,Participant 7-Slouch_frame00114,train,90deg,lateral_Participant7,Participant7,Ectomorph,Normal,,,,,,slouch,1.0,0.0,0.0,0.33032944798469543,55.6684781078301,0.14712574831351463,0.1622868776321411,55.6684781078301,34.839427025100676,lateral,1
115,4.1218,Participant 7-Slouch_frame00115,train,90deg,lateral_Participant7,Participant7,Ectomorph,Normal,,,,,,slouch,1.0,0.0,0.0,0.33083176612854004,56.837189554029635,0.1450760429812918,0.1571236252784729,56.837189554029635,34.660004279043115,lateral,1
116,4.1577,Participant 7-Slouch_frame00116,train,90deg,lateral_Participant7,Participant7,Ectomorph,Normal,,,,,,slouch,1.0,0.0,0.0,0.29649725556373596,55.9969526178541,0.16721699990629715,0.1735401749610901,55.9969526178541,34.58358352921662,lateral,1
117,4.1935,Participant 7-Slouch_frame00117,train,90deg,lateral_Participant7,Participant7,Ectomorph,Normal,,,,,,slouch,1.0,0.0,0.0,0.32354629039764404,57.51639136779796,0.1615447329593879,0.16463619470596313,57.51639136779796,35.454804010325645,lateral,1
118,4.2294,Participant 7-Slouch_frame00118,train,90deg,lateral_Participant7,Participant7,Ectomorph,Normal,,,,,,slouch,1.0,0.0,0.0,0.2907944917678833,55.77333983497317,0.1552074717148687,0.15434390306472778,55.77333983497317,35.52905323626811,lateral,1
119,4.2652,Participant 7-Slouch_frame00119,train,90deg,lateral_Participant7,Participant7,Ectomorph,Normal,,,,,,slouch,1.0,0.0,0.0,0.31638891994953156,56.646444062349985,0.14296233101934155,0.15661758184432983,56.646444062349985,34.40935789803073,lateral,1
120,4.301,Participant 7-Slouch_frame00120,train,90deg,lateral_Participant7,Participant7,Ectomorph,Normal,,,,,,slouch,1.0,0.0,0.0,0.2695169746875763,56.389411336686074,0.15248674450248395,0.15815943479537964,56.389411336686074,34.17968004960706,lateral,1
121,4.3369,Participant 7-Slouch_frame00121,train,90deg,lateral_Participant7,Participant7,Ectomorph,Normal,,,,,,slouch,1.0,0.0,0.0,0.31651943922042847,55.91358368132398,0.1400529707643238,0.14891642332077026,55.91358368132398,35.58409939491565,lateral,1
122,4.3727,Participant 7-Slouch_frame00122,train,90deg,lateral_Participant7,Participant7,Ectomorph,Normal,,,,,,slouch,1.0,0.0,0.0,0.2867256999015808,55.67739927192005,0.1557491717206609,0.15703606605529785,55.67739927192005,35.818424142212756,lateral,1
123,4.4086,Participant 7-Slouch_frame00123,train,90deg,lateral_Participant7,Participant7,Ectomorph,Normal,,,,,,slouch,1.0,0.0,0.0,0.30349308252334595,56.47943613397478,0.1485817428015687,0.15381258726119995,56.47943613397478,34.973112570659495,lateral,1
124,4.4444,Participant 7-Slouch_frame00124,train,90deg,lateral_Participant7,Participant7,Ectomorph,Normal,,,,,,slouch,1.0,0.0,0.0,0.31768815219402313,57.08205984475243,0.1421945878016676,0.1516912579536438,57.08205984475243,34.47584281676052,lateral,1
125,4.4803,Participant 7-Slouch_frame00125,train,90deg,lateral_Participant7,Participant7,Ectomorph,Normal,,,,,,slouch,1.0,0.0,0.0,0.29810863733291626,59.69474952629453,0.16216605466219436,0.17032527923583984,59.69474952629453,33.79489991941611,lateral,1
126,4.5161,Participant 7-Slouch_frame00126,train,90deg,lateral_Participant7,Participant7,Ectomorph,Normal,,,,,,slouch,1.0,0.0,0.0,0.34547843039035797,57.546031129563495,0.1525747057448181,0.16118204593658447,57.546031129563495,33.92661053493329,lateral,1
127,4.5519,Participant 7-Slouch_frame00127,train,90deg,lateral_Participant7,Participant7,Ectomorph,Normal,,,,,,slouch,1.0,0.0,0.0,0.26240354776382446,54.46436917189715,0.15007062407051228,0.148820161819458,54.46436917189715,36.44067731206387,lateral,1
128,4.5878,Participant 7-Slouch_frame00128,train,90deg,lateral_Participant7,Participant7,Ectomorph,Normal,,,,,,slouch,1.0,0.0,0.0,0.28849130868911743,57.40104187856285,0.17352779087986817,0.17296993732452393,57.40104187856285,35.124450784018485,lateral,1
129,4.6236,Participant 7-Slouch_frame00129,train,90deg,lateral_Participant7,Participant7,Ectomorph,Normal,,,,,,slouch,1.0,0.0,0.0,0.2873729467391968,56.38704084989156,0.1568255164836295,0.16718459129333496,56.38704084989156,33.0346600271595,lateral,1
130,4.6595,Participant 7-Slouch_frame00130,train,90deg,lateral_Participant7,Participant7,Ectomorph,Normal,,,,,,slouch,1.0,0.0,0.0,0.288368284702301,56.66391450940085,0.163568636388997,0.1581844687461853,56.66391450940085,35.73873863546029,lateral,1
131,4.6953,Participant 7-Slouch_frame00131,train,90deg,lateral_Participant7,Participant7,Ectomorph,Normal,,,,,,slouch,1.0,0.0,0.0,0.2804521322250366,56.80341780393606,0.15456608613285389,0.16366451978683472,56.80341780393606,34.12890415065762,lateral,1
132,4.7312,Participant 7-Slouch_frame00132,train,90deg,lateral_Participant7,Participant7,Ectomorph,Normal,,,,,,slouch,1.0,0.0,0.0,0.30860763788223267,55.63265052631379,0.1506850153679851,0.15492695569992065,55.63265052631379,34.23983872557577,lateral,1
133,4.767,Participant 7-Slouch_frame00133,train,90deg,lateral_Participant7,Participant7,Ectomorph,Normal,,,,,,slouch,1.0,0.0,0.0,0.3035534918308258,58.037769445704484,0.18192474951621038,0.17688679695129395,58.037769445704484,35.10198747507854,lateral,1
134,4.8028,Participant 7-Slouch_frame00134,train,90deg,lateral_Participant7,Participant7,Ectomorph,Normal,,,,,,slouch,1.0,0.0,0.0,0.2849440574645996,57.10319716405879,0.16712535319718066,0.1634858250617981,57.10319716405879,35.3250028745152,lateral,1
135,4.8387,Participant 7-Slouch_frame00135,train,90deg,lateral_Participant7,Participant7,Ectomorph,Normal,,,,,,slouch,1.0,0.0,0.0,0.31602469086647034,57.76495921045511,0.16940926014787952,0.16959744691848755,57.76495921045511,35.93402913241268,lateral,1
136,4.8745,Participant 7-Slouch_frame00136,train,90deg,lateral_Participant7,Participant7,Ectomorph,Normal,,,,,,slouch,1.0,0.0,0.0,0.3045346140861511,58.15794756383644,0.17017606649664735,0.16748332977294922,58.15794756383644,35.61697318229208,lateral,1
137,4.9104,Participant 7-Slouch_frame00137,train,90deg,lateral_Participant7,Participant7,Ectomorph,Normal,,,,,,slouch,1.0,0.0,0.0,0.3158070296049118,56.909765687669335,0.15218898567329633,0.15062105655670166,56.909765687669335,35.560384742855966,lateral,1
138,4.9462,Participant 7-Slouch_frame00138,train,90deg,lateral_Participant7,Participant7,Ectomorph,Normal,,,,,,slouch,1.0,0.0,0.0,0.2784471809864044,57.04348465821688,0.14551568710259102,0.15117740631103516,57.04348465821688,33.12774498533667,lateral,1
139,4.982,Participant 7-Slouch_frame00139,train,90deg,lateral_Participant7,Participant7,Ectomorph,Normal,,,,,,slouch,1.0,0.0,0.0,0.2791821360588074,56.107696447363395,0.1519203668016319,0.15855306386947632,56.107696447363395,34.142313173190814,lateral,1
140,5.0179,Participant 7-Slouch_frame00140,train,90deg,lateral_Participant7,Participant7,Ectomorph,Normal,,,,,,slouch,1.0,0.0,0.0,0.27575254440307617,56.38838089928818,0.14775108697783865,0.15344369411468506,56.38838089928818,33.504894031794514,lateral,1
141,5.0537,Participant 7-Slouch_frame00141,train,90deg,lateral_Participant7,Participant7,Ectomorph,Normal,,,,,,slouch,1.0,0.0,0.0,0.24091726541519165,55.13342726253466,0.1429162640446565,0.14694911241531372,55.13342726253466,34.767681090851454,lateral,1
142,5.0896,Participant 7-Slouch_frame00142,train,90deg,lateral_Participant7,Participant7,Ectomorph,Normal,,,,,,slouch,1.0,0.0,0.0,0.26922011375427246,56.709913399249054,0.1616556768866684,0.16808944940567017,56.709913399249054,33.37149630931249,lateral,1
143,5.1254,Participant 7-Slouch_frame00143,train,90deg,lateral_Participant7,Participant7,Ectomorph,Normal,,,,,,slouch,1.0,0.0,0.0,0.31102919578552246,55.59751577145671,0.1545864541604723,0.16337788105010986,55.59751577145671,33.754308829885716,lateral,1
144,5.1613,Participant 7-Slouch_frame00144,train,90deg,lateral_Participant7,Participant7,Ectomorph,Normal,,,,,,slouch,1.0,0.0,0.0,0.30576691031455994,55.20784336525857,0.15250447299514608,0.15614932775497437,55.20784336525857,35.13829474789499,lateral,1
145,5.1971,Participant 7-Slouch_frame00145,train,90deg,lateral_Participant7,Participant7,Ectomorph,Normal,,,,,,slouch,1.0,0.0,0.0,0.3251469135284424,56.753867163105944,0.15189649652063617,0.15346109867095947,56.753867163105944,34.49160450816428,lateral,1
146,5.2329,Participant 7-Slouch_frame00146,train,90deg,lateral_Participant7,Participant7,Ectomorph,Normal,,,,,,slouch,1.0,0.0,0.0,0.3015129864215851,56.59273295444413,0.16900255631814817,0.170892596244812,56.59273295444413,34.726464994683866,lateral,1
147,5.2688,Participant 7-Slouch_frame00147,train,90deg,lateral_Participant7,Participant7,Ectomorph,Normal,,,,,,slouch,1.0,0.0,0.0,0.30854034423828125,56.73182245836787,0.14803117609636482,0.15725195407867432,56.73182245836787,34.11064920904906,lateral,1
148,5.3046,Participant 7-Slouch_frame00148,train,90deg,lateral_Participant7,Participant7,Ectomorph,Normal,,,,,,slouch,1.0,0.0,0.0,0.27004295587539673,56.89866729133782,0.14594681674153595,0.14318394660949707,56.89866729133782,36.884478103555054,lateral,1
149,5.3405,Participant 7-Slouch_frame00149,train,90deg,lateral_Participant7,Participant7,Ectomorph,Normal,,,,,,slouch,1.0,0.0,0.0,0.261257529258728,55.42055396640835,0.144950148917531,0.146409273147583,55.42055396640835,35.87376687346332,lateral,1
150,5.3763,Participant 7-Slouch_frame00150,train,90deg,lateral_Participant7,Participant7,Ectomorph,Normal,,,,,,slouch,1.0,0.0,0.0,0.28712737560272217,54.883464525066266,0.1383254012948194,0.14393168687820435,54.883464525066266,34.10846154262537,lateral,1
151,5.4122,Participant 7-Slouch_frame00151,train,90deg,lateral_Participant7,Participant7,Ectomorph,Normal,,,,,,slouch,1.0,0.0,0.0,0.283189594745636,56.785208786746765,0.16122476169151057,0.16060811281204224,56.785208786746765,36.125929175192496,lateral,1
152,5.448,Participant 7-Slouch_frame00152,train,90deg,lateral_Participant7,Participant7,Ectomorph,Normal,,,,,,slouch,1.0,0.0,0.0,0.26961857080459595,57.51776980469008,0.1831613453411742,0.1678411364555359,57.51776980469008,34.604599069250895,lateral,1
153,5.4838,Participant 7-Slouch_frame00153,train,90deg,lateral_Participant7,Participant7,Ectomorph,Normal,,,,,,slouch,1.0,0.0,0.0,0.28648266196250916,57.2358944195484,0.16613144435372815,0.16321122646331787,57.2358944195484,34.777356012332326,lateral,1
154,5.5197,Participant 7-Slouch_frame00154,train,90deg,lateral_Participant7,Participant7,Ectomorph,Normal,,,,,,slouch,1.0,0.0,0.0,0.2755883038043976,55.44901833288018,0.15474543471781446,0.157523512840271,55.44901833288018,34.704984076722944,lateral,1
155,5.5555,Participant 7-Slouch_frame00155,train,90deg,lateral_Participant7,Participant7,Ectomorph,Normal,,,,,,slouch,1.0,0.0,0.0,0.26512664556503296,55.67095453456441,0.15074167008063089,0.15201467275619507,55.67095453456441,36.3113902264359,lateral,1
156,5.5914,Participant 7-Slouch_frame00156,train,90deg,lateral_Participant7,Participant7,Ectomorph,Normal,,,,,,slouch,1.0,0.0,0.0,0.26922860741615295,55.905544409425374,0.16129434604044499,0.1644248366355896,55.905544409425374,35.870622960395316,lateral,1
157,5.6272,Participant 7-Slouch_frame00157,train,90deg,lateral_Participant7,Participant7,Ectomorph,Normal,,,,,,slouch,1.0,0.0,0.0,0.25833725929260254,55.71385878729091,0.14678024964888117,0.138280987739563,55.71385878729091,36.61997709847728,lateral,1
158,5.663,Participant 7-Slouch_frame00158,train,90deg,lateral_Participant7,Participant7,Ectomorph,Normal,,,,,,slouch,1.0,0.0,0.0,0.2628784477710724,56.825738346752104,0.16432404865924885,0.15547454357147217,56.825738346752104,35.96100027461839,lateral,1
159,5.6989,Participant 7-Slouch_frame00159,train,90deg,lateral_Participant7,Participant7,Ectomorph,Normal,,,,,,slouch,1.0,0.0,0.0,0.27485203742980957,54.697391840802055,0.14477183908504337,0.13980311155319214,54.697391840802055,35.166745005378694,lateral,1
160,5.7347,Participant 7-Slouch_frame00160,train,90deg,lateral_Participant7,Participant7,Ectomorph,Normal,,,,,,slouch,1.0,0.0,0.0,0.2366507351398468,55.753083852698616,0.1539854055586338,0.15764188766479492,55.753083852698616,35.20341162727002,lateral,1
161,5.7706,Participant 7-Slouch_frame00161,train,90deg,lateral_Participant7,Participant7,Ectomorph,Normal,,,,,,slouch,1.0,0.0,0.0,0.29853007197380066,55.54044015751216,0.14313615750824094,0.15713083744049072,55.54044015751216,34.00752404750448,lateral,1
162,5.8064,Participant 7-Slouch_frame00162,train,90deg,lateral_Participant7,Participant7,Ectomorph,Normal,,,,,,slouch,1.0,0.0,0.0,0.29367515444755554,56.28311027000148,0.1661303616612848,0.1718037724494934,56.28311027000148,36.25814803405243,lateral,1
163,5.8423,Participant 7-Slouch_frame00163,train,90deg,lateral_Participant7,Participant7,Ectomorph,Normal,,,,,,slouch,1.0,0.0,0.0,0.26775410771369934,56.6757059462569,0.14513601875707752,0.1444399356842041,56.6757059462569,36.084938436360645,lateral,1
164,5.8781,Participant 7-Slouch_frame00164,train,90deg,lateral_Participant7,Participant7,Ectomorph,Normal,,,,,,slouch,1.0,0.0,0.0,0.24503588676452637,56.28098038754461,0.1619952240465996,0.16120731830596924,56.28098038754461,35.775082789456796,lateral,1
165,5.9139,Participant 7-Slouch_frame00165,train,90deg,lateral_Participant7,Participant7,Ectomorph,Normal,,,,,,slouch,1.0,0.0,0.0,0.29813864827156067,57.88126466326927,0.14355342284693443,0.15561407804489136,57.88126466326927,34.75025708558668,lateral,1
166,5.9498,Participant 7-Slouch_frame00166,train,90deg,lateral_Participant7,Participant7,Ectomorph,Normal,,,,,,slouch,1.0,0.0,0.0,0.2913205623626709,56.46575196831054,0.1362440795274403,0.14160174131393433,56.46575196831054,36.53211965629001,lateral,1
167,5.9856,Participant 7-Slouch_frame00167,train,90deg,lateral_Participant7,Participant7,Ectomorph,Normal,,,,,,slouch,1.0,0.0,0.0,0.292237251996994,56.28530250716762,0.14889286068510096,0.15130960941314697,56.28530250716762,35.57705443257285,lateral,1
0,0.0,Participant 7-Upright 2_frame00000,train,90deg,lateral_Participant7,Participant7,Ectomorph,Normal,,,,,,upright,1.0,0.0,0.0,0.30320025980472565,47.12519430426725,0.16450722769827858,0.1376780867576599,47.12519430426725,44.858354267934764,lateral,1
1,0.0358,Participant 7-Upright 2_frame00001,train,90deg,lateral_Participant7,Participant7,Ectomorph,Normal,,,,,,upright,1.0,0.0,0.0,0.3561147004365921,49.33520504453256,0.13926381291678036,0.12041747570037842,49.33520504453256,43.68078824060511,lateral,1
2,0.0717,Participant 7-Upright 2_frame00002,train,90deg,lateral_Participant7,Participant7,Ectomorph,Normal,,,,,,upright,1.0,0.0,0.0,0.262344092130661,46.76101193434044,0.14361275177738206,0.10566985607147217,46.76101193434044,44.55441481614465,lateral,1
3,0.1075,Participant 7-Upright 2_frame00003,train,90deg,lateral_Participant7,Participant7,Ectomorph,Normal,,,,,,upright,1.0,0.0,0.0,0.29367250204086304,48.65071953215525,0.16125415826281722,0.1275874376296997,48.65071953215525,43.22246741899109,lateral,1
4,0.1434,Participant 7-Upright 2_frame00004,train,90deg,lateral_Participant7,Participant7,Ectomorph,Normal,,,,,,upright,1.0,0.0,0.0,0.28934594988822937,46.25189247080861,0.1374434183469909,0.11187762022018433,46.25189247080861,43.52427064640797,lateral,1
5,0.1792,Participant 7-Upright 2_frame00005,train,90deg,lateral_Participant7,Participant7,Ectomorph,Normal,,,,,,upright,1.0,0.0,0.0,0.27772459387779236,49.19897188121631,0.16608130915113328,0.13314402103424072,49.19897188121631,43.61200823924515,lateral,1
6,0.2151,Participant 7-Upright 2_frame00006,train,90deg,lateral_Participant7,Participant7,Ectomorph,Normal,,,,,,upright,1.0,0.0,0.0,0.28634658455848694,45.645785993273584,0.14664742122552282,0.11663860082626343,45.645785993273584,46.24035175238071,lateral,1
7,0.2509,Participant 7-Upright 2_frame00007,train,90deg,lateral_Participant7,Participant7,Ectomorph,Normal,,,,,,upright,1.0,0.0,0.0,0.2785814106464386,46.747675570618405,0.17127158763499573,0.13002687692642212,46.747675570618405,45.85426900997468,lateral,1
8,0.2867,Participant 7-Upright 2_frame00008,train,90deg,lateral_Participant7,Participant7,Ectomorph,Normal,,,,,,upright,1.0,0.0,0.0,0.2684808075428009,46.35420820473957,0.13432577347285177,0.1085280179977417,46.35420820473957,46.32824300720204,lateral,1
9,0.3226,Participant 7-Upright 2_frame00009,train,90deg,lateral_Participant7,Participant7,Ectomorph,Normal,,,,,,upright,1.0,0.0,0.0,0.25129279494285583,46.16068915909332,0.14842040595964318,0.10675925016403198,46.16068915909332,45.95796054473864,lateral,1
10,0.3584,Participant 7-Upright 2_frame00010,train,90deg,lateral_Participant7,Participant7,Ectomorph,Normal,,,,,,upright,1.0,0.0,0.0,0.25379833579063416,47.16304432355283,0.14870945547364783,0.12219715118408203,47.16304432355283,46.14096428533326,lateral,1
11,0.3943,Participant 7-Upright 2_frame00011,train,90deg,lateral_Participant7,Participant7,Ectomorph,Normal,,,,,,upright,1.0,0.0,0.0,0.23797976970672607,46.1857156395631,0.13584613334879853,0.10491186380386353,46.1857156395631,46.13963963897948,lateral,1
12,0.4301,Participant 7-Upright 2_frame00012,train,90deg,lateral_Participant7,Participant7,Ectomorph,Normal,,,,,,upright,1.0,0.0,0.0,0.2567466199398041,47.29360336905327,0.14321186498552638,0.11875784397125244,47.29360336905327,45.11326088187015,lateral,1
13,0.466,Participant 7-Upright 2_frame00013,train,90deg,lateral_Participant7,Participant7,Ectomorph,Normal,,,,,,upright,1.0,0.0,0.0,0.2658909261226654,47.147664655974246,0.1603184595743371,0.11992162466049194,47.147664655974246,45.305895385584265,lateral,1
14,0.5018,Participant 7-Upright 2_frame00014,train,90deg,lateral_Participant7,Participant7,Ectomorph,Normal,,,,,,upright,1.0,0.0,0.0,0.2738303542137146,45.87488669106686,0.1514223231547105,0.11573302745819092,45.87488669106686,45.422429060275164,lateral,1
15,0.5376,Participant 7-Upright 2_frame00015,train,90deg,lateral_Participant7,Participant7,Ectomorph,Normal,,,,,,upright,1.0,0.0,0.0,0.203681081533432,46.5989067241442,0.16007715844901546,0.11852699518203735,46.5989067241442,45.39928742311147,lateral,1
16,0.5735,Participant 7-Upright 2_frame00016,train,90deg,lateral_Participant7,Participant7,Ectomorph,Normal,,,,,,upright,1.0,0.0,0.0,0.2405126392841339,47.25685385862102,0.16022545267510177,0.11796653270721436,47.25685385862102,45.99095731304959,lateral,1
17,0.6093,Participant 7-Upright 2_frame00017,train,90deg,lateral_Participant7,Participant7,Ectomorph,Normal,,,,,,upright,1.0,0.0,0.0,0.26849842071533203,46.629910728575304,0.15993583529396163,0.11547845602035522,46.629910728575304,45.33769520344805,lateral,1
18,0.6452,Participant 7-Upright 2_frame00018,train,90deg,lateral_Participant7,Participant7,Ectomorph,Normal,,,,,,upright,1.0,0.0,0.0,0.28237584233283997,45.34666882034799,0.14625773582227797,0.11053234338760376,45.34666882034799,45.358702213028515,lateral,1
19,0.681,Participant 7-Upright 2_frame00019,train,90deg,lateral_Participant7,Participant7,Ectomorph,Normal,,,,,,upright,1.0,0.0,0.0,0.25657719373703003,46.39839568536413,0.16109005965047615,0.11292839050292969,46.39839568536413,46.6522877925177,lateral,1
20,0.7169,Participant 7-Upright 2_frame00020,train,90deg,lateral_Participant7,Participant7,Ectomorph,Normal,,,,,,upright,1.0,0.0,0.0,0.3017002046108246,48.29728758036982,0.1499094283827561,0.1219637393951416,48.29728758036982,44.653971972858166,lateral,1
21,0.7527,Participant 7-Upright 2_frame00021,train,90deg,lateral_Participant7,Participant7,Ectomorph,Normal,,,,,,upright,1.0,0.0,0.0,0.28742825984954834,45.518951227463575,0.13434165088251265,0.10554414987564087,45.518951227463575,46.70830024365547,lateral,1
22,0.7885,Participant 7-Upright 2_frame00022,train,90deg,lateral_Participant7,Participant7,Ectomorph,Normal,,,,,,upright,1.0,0.0,0.0,0.25409233570098877,46.4743217111341,0.14271779305563068,0.11588871479034424,46.4743217111341,45.06596745062002,lateral,1
23,0.8244,Participant 7-Upright 2_frame00023,train,90deg,lateral_Participant7,Participant7,Ectomorph,Normal,,,,,,upright,1.0,0.0,0.0,0.29222914576530457,48.57794243478498,0.17745578186060698,0.1323930025100708,48.57794243478498,45.607205665185305,lateral,1
24,0.8602,Participant 7-Upright 2_frame00024,train,90deg,lateral_Participant7,Participant7,Ectomorph,Normal,,,,,,upright,1.0,0.0,0.0,0.29111286997795105,47.0153550447933,0.16336251487953996,0.12410992383956909,47.0153550447933,45.480118140444944,lateral,1
25,0.8961,Participant 7-Upright 2_frame00025,train,90deg,lateral_Participant7,Participant7,Ectomorph,Normal,,,,,,upright,1.0,0.0,0.0,0.3190152645111084,48.811945084246496,0.17700508384452682,0.13118714094161987,48.811945084246496,46.65687576137882,lateral,1
26,0.9319,Participant 7-Upright 2_frame00026,train,90deg,lateral_Participant7,Participant7,Ectomorph,Normal,,,,,,upright,1.0,0.0,0.0,0.2839638590812683,46.17329895263591,0.13669987232913836,0.10648399591445923,46.17329895263591,44.93600575877539,lateral,1
27,0.9677,Participant 7-Upright 2_frame00027,train,90deg,lateral_Participant7,Participant7,Ectomorph,Normal,,,,,,upright,1.0,0.0,0.0,0.2794337868690491,48.03421364267969,0.1577929532557291,0.13031315803527832,48.03421364267969,45.221539154852,lateral,1
28,1.0036,Participant 7-Upright 2_frame00028,train,90deg,lateral_Participant7,Participant7,Ectomorph,Normal,,,,,,upright,1.0,0.0,0.0,0.2948531210422516,47.96134191385319,0.16386941522223122,0.1261274218559265,47.96134191385319,45.736298855165145,lateral,1
29,1.0394,Participant 7-Upright 2_frame00029,train,90deg,lateral_Participant7,Participant7,Ectomorph,Normal,,,,,,upright,1.0,0.0,0.0,0.2877199649810791,46.228564125572674,0.15033581264157225,0.11642724275588989,46.228564125572674,46.346209158917326,lateral,1
30,1.0753,Participant 7-Upright 2_frame00030,train,90deg,lateral_Participant7,Participant7,Ectomorph,Normal,,,,,,upright,1.0,0.0,0.0,0.2910928428173065,45.453764185705296,0.13918011735940497,0.11155128479003906,45.453764185705296,46.2604105758181,lateral,1
31,1.1111,Participant 7-Upright 2_frame00031,train,90deg,lateral_Participant7,Participant7,Ectomorph,Normal,,,,,,upright,1.0,0.0,0.0,0.27345263957977295,46.351977996535766,0.15948665902644527,0.12274408340454102,46.351977996535766,45.60811552530698,lateral,1
32,1.147,Participant 7-Upright 2_frame00032,train,90deg,lateral_Participant7,Participant7,Ectomorph,Normal,,,,,,upright,1.0,0.0,0.0,0.22522258758544922,45.37132161414665,0.14033944679685098,0.10986584424972534,45.37132161414665,46.18087964738951,lateral,1
33,1.1828,Participant 7-Upright 2_frame00033,train,90deg,lateral_Participant7,Participant7,Ectomorph,Normal,,,,,,upright,1.0,0.0,0.0,0.2357010841369629,47.16024995472158,0.15600506855043778,0.11174535751342773,47.16024995472158,46.0304032077901,lateral,1
34,1.2186,Participant 7-Upright 2_frame00034,train,90deg,lateral_Participant7,Participant7,Ectomorph,Normal,,,,,,upright,1.0,0.0,0.0,0.23996129631996155,45.610184727734804,0.1471960096872334,0.10362368822097778,45.610184727734804,45.521547380625954,lateral,1
35,1.2545,Participant 7-Upright 2_frame00035,train,90deg,lateral_Participant7,Participant7,Ectomorph,Normal,,,,,,upright,1.0,0.0,0.0,0.27365145087242126,45.96890129020575,0.15059021785839635,0.12239241600036621,45.96890129020575,46.69479264033424,lateral,1
36,1.2903,Participant 7-Upright 2_frame00036,train,90deg,lateral_Participant7,Participant7,Ectomorph,Normal,,,,,,upright,1.0,0.0,0.0,0.29736730456352234,45.449740772340846,0.13846118918753808,0.11040538549423218,45.449740772340846,48.28754651453549,lateral,1
37,1.3262,Participant 7-Upright 2_frame00037,train,90deg,lateral_Participant7,Participant7,Ectomorph,Normal,,,,,,upright,1.0,0.0,0.0,0.31303343176841736,46.66847260326528,0.15882057452979165,0.12194627523422241,46.66847260326528,47.02403703833314,lateral,1
38,1.362,Participant 7-Upright 2_frame00038,train,90deg,lateral_Participant7,Participant7,Ectomorph,Normal,,,,,,upright,1.0,0.0,0.0,0.268344521522522,48.33692815467027,0.1643583987715593,0.12336146831512451,48.33692815467027,47.50078597448937,lateral,1
39,1.3979,Participant 7-Upright 2_frame00039,train,90deg,lateral_Participant7,Participant7,Ectomorph,Normal,,,,,,upright,1.0,0.0,0.0,0.27621033787727356,45.97230562660327,0.14566418354531963,0.1123208999633789,45.97230562660327,45.74055138769675,lateral,1
40,1.4337,Participant 7-Upright 2_frame00040,train,90deg,lateral_Participant7,Participant7,Ectomorph,Normal,,,,,,upright,1.0,0.0,0.0,0.2948458194732666,47.322687685699755,0.1658559673279478,0.12345695495605469,47.322687685699755,47.07512947166392,lateral,1
41,1.4695,Participant 7-Upright 2_frame00041,train,90deg,lateral_Participant7,Participant7,Ectomorph,Normal,,,,,,upright,1.0,0.0,0.0,0.26600444316864014,46.703611384048415,0.16956651072014198,0.13357234001159668,46.703611384048415,45.48067870300631,lateral,1
42,1.5054,Participant 7-Upright 2_frame00042,train,90deg,lateral_Participant7,Participant7,Ectomorph,Normal,,,,,,upright,1.0,0.0,0.0,0.21854084730148315,47.769756391660245,0.15255900768963424,0.10970038175582886,47.769756391660245,45.727879735847324,lateral,1
43,1.5412,Participant 7-Upright 2_frame00043,train,90deg,lateral_Participant7,Participant7,Ectomorph,Normal,,,,,,upright,1.0,0.0,0.0,0.24273574352264404,46.651308082401854,0.16530555225038995,0.12243503332138062,46.651308082401854,46.82381731596861,lateral,1
44,1.5771,Participant 7-Upright 2_frame00044,train,90deg,lateral_Participant7,Participant7,Ectomorph,Normal,,,,,,upright,1.0,0.0,0.0,0.25300225615501404,46.61368976365647,0.17393191314904383,0.13080334663391113,46.61368976365647,46.54623348908465,lateral,1
45,1.6129,Participant 7-Upright 2_frame00045,train,90deg,lateral_Participant7,Participant7,Ectomorph,Normal,,,,,,upright,1.0,0.0,0.0,0.2726663053035736,45.01604868580801,0.16107007051586875,0.10857832431793213,45.01604868580801,47.67814633277744,lateral,1
46,1.6488,Participant 7-Upright 2_frame00046,train,90deg,lateral_Participant7,Participant7,Ectomorph,Normal,,,,,,upright,1.0,0.0,0.0,0.2980791926383972,46.012656816241915,0.1666456730577839,0.11996316909790039,46.012656816241915,47.34280253909494,lateral,1
47,1.6846,Participant 7-Upright 2_frame00047,train,90deg,lateral_Participant7,Participant7,Ectomorph,Normal,,,,,,upright,1.0,0.0,0.0,0.25644785165786743,45.75875998814972,0.1488891061927335,0.11478030681610107,45.75875998814972,46.75111720899497,lateral,1
48,1.7204,Participant 7-Upright 2_frame00048,train,90deg,lateral_Participant7,Participant7,Ectomorph,Normal,,,,,,upright,1.0,0.0,0.0,0.28119632601737976,45.66142904209827,0.13585499841268764,0.10622543096542358,45.66142904209827,47.51215798521657,lateral,1
49,1.7563,Participant 7-Upright 2_frame00049,train,90deg,lateral_Participant7,Participant7,Ectomorph,Normal,,,,,,upright,1.0,0.0,0.0,0.2835862636566162,46.38008104152658,0.14318106866320085,0.1149144172668457,46.38008104152658,45.73568401365857,lateral,1
50,1.7921,Participant 7-Upright 2_frame00050,train,90deg,lateral_Participant7,Participant7,Ectomorph,Normal,,,,,,upright,1.0,0.0,0.0,0.24776768684387207,46.55665652390161,0.15680718036520508,0.11091065406799316,46.55665652390161,46.33724828611339,lateral,1
51,1.828,Participant 7-Upright 2_frame00051,train,90deg,lateral_Participant7,Participant7,Ectomorph,Normal,,,,,,upright,1.0,0.0,0.0,0.294803261756897,47.25813263361776,0.16308226321278088,0.13441359996795654,47.25813263361776,47.16904228437264,lateral,1
52,1.8638,Participant 7-Upright 2_frame00052,train,90deg,lateral_Participant7,Participant7,Ectomorph,Normal,,,,,,upright,1.0,0.0,0.0,0.2664770483970642,46.04326995459306,0.16866663594597156,0.12361502647399902,46.04326995459306,46.501918101641444,lateral,1
53,1.8997,Participant 7-Upright 2_frame00053,train,90deg,lateral_Participant7,Participant7,Ectomorph,Normal,,,,,,upright,1.0,0.0,0.0,0.24573445320129395,46.46495311616508,0.14392534546742647,0.1157752275466919,46.46495311616508,46.28656929871134,lateral,1
54,1.9355,Participant 7-Upright 2_frame00054,train,90deg,lateral_Participant7,Participant7,Ectomorph,Normal,,,,,,upright,1.0,0.0,0.0,0.27736896276474,46.452161351094674,0.1569601239291543,0.12333798408508301,46.452161351094674,46.02053397667347,lateral,1
55,1.9713,Participant 7-Upright 2_frame00055,train,90deg,lateral_Participant7,Participant7,Ectomorph,Normal,,,,,,upright,1.0,0.0,0.0,0.24727272987365723,45.59046423837725,0.15745899029129304,0.11620509624481201,45.59046423837725,45.98908015792581,lateral,1
56,2.0072,Participant 7-Upright 2_frame00056,train,90deg,lateral_Participant7,Participant7,Ectomorph,Normal,,,,,,upright,1.0,0.0,0.0,0.25440341234207153,47.27839908656552,0.15677904457124206,0.12117660045623779,47.27839908656552,45.2334164650613,lateral,1
57,2.043,Participant 7-Upright 2_frame00057,train,90deg,lateral_Participant7,Participant7,Ectomorph,Normal,,,,,,upright,1.0,0.0,0.0,0.2078862190246582,49.211814062000386,0.17670165943944008,0.13200420141220093,49.211814062000386,45.52105150643666,lateral,1
58,2.0789,Participant 7-Upright 2_frame00058,train,90deg,lateral_Participant7,Participant7,Ectomorph,Normal,,,,,,upright,1.0,0.0,0.0,0.2812916040420532,47.95235982867865,0.173524703779907,0.12904620170593262,47.95235982867865,46.78194669450422,lateral,1
59,2.1147,Participant 7-Upright 2_frame00059,train,90deg,lateral_Participant7,Participant7,Ectomorph,Normal,,,,,,upright,1.0,0.0,0.0,0.28907015919685364,46.04412694126288,0.14578159784355735,0.11422991752624512,46.04412694126288,46.835041751312154,lateral,1
60,2.1506,Participant 7-Upright 2_frame00060,train,90deg,lateral_Participant7,Participant7,Ectomorph,Normal,,,,,,upright,1.0,0.0,0.0,0.2149379551410675,48.27637343515398,0.16382195392672944,0.12240660190582275,48.27637343515398,45.55707481942289,lateral,1
61,2.1864,Participant 7-Upright 2_frame00061,train,90deg,lateral_Participant7,Participant7,Ectomorph,Normal,,,,,,upright,1.0,0.0,0.0,0.27350562810897827,47.3921982499621,0.16588050357059866,0.12320679426193237,47.3921982499621,46.67683095551615,lateral,1
62,2.2222,Participant 7-Upright 2_frame00062,train,90deg,lateral_Participant7,Participant7,Ectomorph,Normal,,,,,,upright,1.0,0.0,0.0,0.2518189251422882,48.28056532805596,0.16785258283357785,0.12789177894592285,48.28056532805596,46.04048111455066,lateral,1
63,2.2581,Participant 7-Upright 2_frame00063,train,90deg,lateral_Participant7,Participant7,Ectomorph,Normal,,,,,,upright,1.0,0.0,0.0,0.2215254008769989,46.30709723564991,0.14811794466662542,0.10546445846557617,46.30709723564991,46.357085413997304,lateral,1
64,2.2939,Participant 7-Upright 2_frame00064,train,90deg,lateral_Participant7,Participant7,Ectomorph,Normal,,,,,,upright,1.0,0.0,0.0,0.2301529347896576,46.612583323670336,0.1651370642805805,0.11840593814849854,46.612583323670336,46.65812796948584,lateral,1
65,2.3298,Participant 7-Upright 2_frame00065,train,90deg,lateral_Participant7,Participant7,Ectomorph,Normal,,,,,,upright,1.0,0.0,0.0,0.23920676112174988,47.99445343398512,0.18131665791744872,0.13250136375427246,47.99445343398512,47.16564810402783,lateral,1
66,2.3656,Participant 7-Upright 2_frame00066,train,90deg,lateral_Participant7,Participant7,Ectomorph,Normal,,,,,,upright,1.0,0.0,0.0,0.25180840492248535,47.83631753081904,0.17463986811342908,0.1270388960838318,47.83631753081904,48.26410671517661,lateral,1
67,2.4014,Participant 7-Upright 2_frame00067,train,90deg,lateral_Participant7,Participant7,Ectomorph,Normal,,,,,,upright,1.0,0.0,0.0,0.24717754125595093,47.22593244631927,0.15944158800651165,0.11624664068222046,47.22593244631927,47.94468755943259,lateral,1
68,2.4373,Participant 7-Upright 2_frame00068,train,90deg,lateral_Participant7,Participant7,Ectomorph,Normal,,,,,,upright,1.0,0.0,0.0,0.252099871635437,45.65489125868197,0.1633518237859477,0.11146730184555054,45.65489125868197,47.27912644703424,lateral,1
69,2.4731,Participant 7-Upright 2_frame00069,train,90deg,lateral_Participant7,Participant7,Ectomorph,Normal,,,,,,upright,1.0,0.0,0.0,0.25288254022598267,47.60339990959934,0.1580149467959448,0.12109386920928955,47.60339990959934,46.44675018560432,lateral,1
70,2.509,Participant 7-Upright 2_frame00070,train,90deg,lateral_Participant7,Participant7,Ectomorph,Normal,,,,,,upright,1.0,0.0,0.0,0.21637636423110962,47.727899649819165,0.16262398538633988,0.11509907245635986,47.727899649819165,48.33936856698884,lateral,1
71,2.5448,Participant 7-Upright 2_frame00071,train,90deg,lateral_Participant7,Participant7,Ectomorph,Normal,,,,,,upright,1.0,0.0,0.0,0.2870486080646515,46.95101233853297,0.16506095790172062,0.1289394497871399,46.95101233853297,47.09583047084197,lateral,1
72,2.5807,Participant 7-Upright 2_frame00072,train,90deg,lateral_Participant7,Participant7,Ectomorph,Normal,,,,,,upright,1.0,0.0,0.0,0.286925345659256,46.479976871713774,0.1571721199466736,0.11499416828155518,46.479976871713774,47.66974224878838,lateral,1
73,2.6165,Participant 7-Upright 2_frame00073,train,90deg,lateral_Participant7,Participant7,Ectomorph,Normal,,,,,,upright,1.0,0.0,0.0,0.3075524866580963,46.491798985330526,0.14885386929918848,0.11289745569229126,46.491798985330526,47.99519315823652,lateral,1
74,2.6523,Participant 7-Upright 2_frame00074,train,90deg,lateral_Participant7,Participant7,Ectomorph,Normal,,,,,,upright,1.0,0.0,0.0,0.23946082592010498,46.70784965789654,0.1710691837747935,0.12389832735061646,46.70784965789654,47.185011429159104,lateral,1
75,2.6882,Participant 7-Upright 2_frame00075,train,90deg,lateral_Participant7,Participant7,Ectomorph,Normal,,,,,,upright,1.0,0.0,0.0,0.29604601860046387,46.238613570962116,0.13804265894006193,0.11176621913909912,46.238613570962116,45.28158349243241,lateral,1
76,2.724,Participant 7-Upright 2_frame00076,train,90deg,lateral_Participant7,Participant7,Ectomorph,Normal,,,,,,upright,1.0,0.0,0.0,0.22789567708969116,48.47853186526798,0.15088725024706084,0.11291587352752686,48.47853186526798,45.7992481564529,lateral,1
77,2.7599,Participant 7-Upright 2_frame00077,train,90deg,lateral_Participant7,Participant7,Ectomorph,Normal,,,,,,upright,1.0,0.0,0.0,0.31360095739364624,45.84429451090595,0.14317009912481574,0.11999565362930298,45.84429451090595,46.81755643678147,lateral,1
78,2.7957,Participant 7-Upright 2_frame00078,train,90deg,lateral_Participant7,Participant7,Ectomorph,Normal,,,,,,upright,1.0,0.0,0.0,0.29580116271972656,48.00068621476736,0.16039603097652883,0.12559348344802856,48.00068621476736,45.59846945144688,lateral,1
79,2.8316,Participant 7-Upright 2_frame00079,train,90deg,lateral_Participant7,Participant7,Ectomorph,Normal,,,,,,upright,1.0,0.0,0.0,0.2727004587650299,47.063041460765724,0.15664500564074268,0.11952286958694458,47.063041460765724,45.840972995428615,lateral,1
80,2.8674,Participant 7-Upright 2_frame00080,train,90deg,lateral_Participant7,Participant7,Ectomorph,Normal,,,,,,upright,1.0,0.0,0.0,0.2512231171131134,47.82790971403401,0.16556673885174866,0.1175837516784668,47.82790971403401,46.27133818527203,lateral,1
81,2.9032,Participant 7-Upright 2_frame00081,train,90deg,lateral_Participant7,Participant7,Ectomorph,Normal,,,,,,upright,1.0,0.0,0.0,0.3007994592189789,47.552966734672665,0.16668957362561454,0.12630462646484375,47.552966734672665,45.756643907333206,lateral,1
82,2.9391,Participant 7-Upright 2_frame00082,train,90deg,lateral_Participant7,Participant7,Ectomorph,Normal,,,,,,upright,1.0,0.0,0.0,0.2227010726928711,46.885454636313455,0.15711662261256268,0.11350423097610474,46.885454636313455,46.39563828944476,lateral,1
83,2.9749,Participant 7-Upright 2_frame00083,train,90deg,lateral_Participant7,Participant7,Ectomorph,Normal,,,,,,upright,1.0,0.0,0.0,0.23831585049629211,46.44542542285731,0.1563511891228195,0.11508142948150635,46.44542542285731,46.60611493273737,lateral,1
84,3.0108,Participant 7-Upright 2_frame00084,train,90deg,lateral_Participant7,Participant7,Ectomorph,Normal,,,,,,upright,1.0,0.0,0.0,0.20766371488571167,46.299199396667255,0.1580846754747063,0.1176062822341919,46.299199396667255,45.87469879788826,lateral,1
85,3.0466,Participant 7-Upright 2_frame00085,train,90deg,lateral_Participant7,Participant7,Ectomorph,Normal,,,,,,upright,1.0,0.0,0.0,0.24844956398010254,46.05708855319367,0.13917539455060252,0.11196988821029663,46.05708855319367,45.980600314095135,lateral,1
86,3.0825,Participant 7-Upright 2_frame00086,train,90deg,lateral_Participant7,Participant7,Ectomorph,Normal,,,,,,upright,1.0,0.0,0.0,0.27541759610176086,47.60754009109997,0.13502237961545588,0.11344736814498901,47.60754009109997,45.55197297158663,lateral,1
87,3.1183,Participant 7-Upright 2_frame00087,train,90deg,lateral_Participant7,Participant7,Ectomorph,Normal,,,,,,upright,1.0,0.0,0.0,0.20383861660957336,46.58661927832928,0.15304693569441374,0.10749393701553345,46.58661927832928,47.79070179567915,lateral,1
88,3.1541,Participant 7-Upright 2_frame00088,train,90deg,lateral_Participant7,Participant7,Ectomorph,Normal,,,,,,upright,1.0,0.0,0.0,0.2820577323436737,46.435664852632804,0.15631775442636453,0.11553215980529785,46.435664852632804,46.768492661079584,lateral,1
89,3.19,Participant 7-Upright 2_frame00089,train,90deg,lateral_Participant7,Participant7,Ectomorph,Normal,,,,,,upright,1.0,0.0,0.0,0.35854803025722504,45.88296558890027,0.1474739987434706,0.12244915962219238,45.88296558890027,47.26015217185396,lateral,1
90,3.2258,Participant 7-Upright 2_frame00090,train,90deg,lateral_Participant7,Participant7,Ectomorph,Normal,,,,,,upright,1.0,0.0,0.0,0.27449101209640503,46.30696389696009,0.17204073558323554,0.1256188154220581,46.30696389696009,47.45109553928309,lateral,1
91,3.2617,Participant 7-Upright 2_frame00091,train,90deg,lateral_Participant7,Participant7,Ectomorph,Normal,,,,,,upright,1.0,0.0,0.0,0.2901645600795746,46.83026477299704,0.15164835917035016,0.12120234966278076,46.83026477299704,47.13345851085049,lateral,1
92,3.2975,Participant 7-Upright 2_frame00092,train,90deg,lateral_Participant7,Participant7,Ectomorph,Normal,,,,,,upright,1.0,0.0,0.0,0.283604234457016,45.928120218488985,0.15997756510006372,0.11769837141036987,45.928120218488985,47.62661409328855,lateral,1
93,3.3334,Participant 7-Upright 2_frame00093,train,90deg,lateral_Participant7,Participant7,Ectomorph,Normal,,,,,,upright,1.0,0.0,0.0,0.2625209093093872,46.14245215999589,0.1416819003928569,0.11131036281585693,46.14245215999589,47.39657256572225,lateral,1
94,3.3692,Participant 7-Upright 2_frame00094,train,90deg,lateral_Participant7,Participant7,Ectomorph,Normal,,,,,,upright,1.0,0.0,0.0,0.2710151970386505,46.78457617791708,0.1692450941151688,0.12394416332244873,46.78457617791708,46.619168606784484,lateral,1
95,3.405,Participant 7-Upright 2_frame00095,train,90deg,lateral_Participant7,Participant7,Ectomorph,Normal,,,,,,upright,1.0,0.0,0.0,0.22966021299362183,46.73006992916856,0.13540859104729192,0.10523951053619385,46.73006992916856,45.90776701575116,lateral,1
96,3.4409,Participant 7-Upright 2_frame00096,train,90deg,lateral_Participant7,Participant7,Ectomorph,Normal,,,,,,upright,1.0,0.0,0.0,0.2687768042087555,45.90522057328453,0.15591240811321225,0.11148124933242798,45.90522057328453,45.24597571227586,lateral,1
97,3.4767,Participant 7-Upright 2_frame00097,train,90deg,lateral_Participant7,Participant7,Ectomorph,Normal,,,,,,upright,1.0,0.0,0.0,0.2620241045951843,45.76594134668469,0.17152148821466526,0.12089687585830688,45.76594134668469,46.385627603201556,lateral,1
98,3.5126,Participant 7-Upright 2_frame00098,train,90deg,lateral_Participant7,Participant7,Ectomorph,Normal,,,,,,upright,1.0,0.0,0.0,0.25912994146347046,44.59205366810015,0.1399430544816081,0.1064789891242981,44.59205366810015,47.02966292703048,lateral,1
99,3.5484,Participant 7-Upright 2_frame00099,train,90deg,lateral_Participant7,Participant7,Ectomorph,Normal,,,,,,upright,1.0,0.0,0.0,0.243495374917984,46.91753737694372,0.15810566280573854,0.11437004804611206,46.91753737694372,46.25698771762838,lateral,1
100,3.5843,Participant 7-Upright 2_frame00100,train,90deg,lateral_Participant7,Participant7,Ectomorph,Normal,,,,,,upright,1.0,0.0,0.0,0.2127547264099121,46.3184775280647,0.1391937650384774,0.10697519779205322,46.3184775280647,46.64373054100497,lateral,1
101,3.6201,Participant 7-Upright 2_frame00101,train,90deg,lateral_Participant7,Participant7,Ectomorph,Normal,,,,,,upright,1.0,0.0,0.0,0.2567509114742279,48.785004304947904,0.16534332542043823,0.12470817565917969,48.785004304947904,45.03328214408251,lateral,1
102,3.6559,Participant 7-Upright 2_frame00102,train,90deg,lateral_Participant7,Participant7,Ectomorph,Normal,,,,,,upright,1.0,0.0,0.0,0.21932342648506165,47.92046234632585,0.15023846177314024,0.10388076305389404,47.92046234632585,46.6991129777281,lateral,1
103,3.6918,Participant 7-Upright 2_frame00103,train,90deg,lateral_Participant7,Participant7,Ectomorph,Normal,,,,,,upright,1.0,0.0,0.0,0.2865232229232788,48.406368413470425,0.15938943091149804,0.13191330432891846,48.406368413470425,45.92733035293268,lateral,1
104,3.7276,Participant 7-Upright 2_frame00104,train,90deg,lateral_Participant7,Participant7,Ectomorph,Normal,,,,,,upright,1.0,0.0,0.0,0.29477524757385254,47.29288464112753,0.1627195043420513,0.13289248943328857,47.29288464112753,44.666617061115836,lateral,1
105,3.7635,Participant 7-Upright 2_frame00105,train,90deg,lateral_Participant7,Participant7,Ectomorph,Normal,,,,,,upright,1.0,0.0,0.0,0.3346998691558838,47.791000011034036,0.14721238323217406,0.12201482057571411,47.791000011034036,44.490795884132545,lateral,1
106,3.7993,Participant 7-Upright 2_frame00106,train,90deg,lateral_Participant7,Participant7,Ectomorph,Normal,,,,,,upright,1.0,0.0,0.0,0.2776356041431427,46.418630015897,0.14025733816996905,0.11232399940490723,46.418630015897,46.92362944093656,lateral,1
107,3.8352,Participant 7-Upright 2_frame00107,train,90deg,lateral_Participant7,Participant7,Ectomorph,Normal,,,,,,upright,1.0,0.0,0.0,0.27833279967308044,46.048689875077216,0.15120908799510316,0.11595708131790161,46.048689875077216,46.131591667983386,lateral,1
108,3.871,Participant 7-Upright 2_frame00108,train,90deg,lateral_Participant7,Participant7,Ectomorph,Normal,,,,,,upright,1.0,0.0,0.0,0.28647106885910034,48.59014330788909,0.15010659727905393,0.12384605407714844,48.59014330788909,45.21810862703973,lateral,1
109,3.9068,Participant 7-Upright 2_frame00109,train,90deg,lateral_Participant7,Participant7,Ectomorph,Normal,,,,,,upright,1.0,0.0,0.0,0.2709355652332306,46.13095944389435,0.1617615188711433,0.11867409944534302,46.13095944389435,45.54334270608167,lateral,1
110,3.9427,Participant 7-Upright 2_frame00110,train,90deg,lateral_Participant7,Participant7,Ectomorph,Normal,,,,,,upright,1.0,0.0,0.0,0.2836940586566925,46.44021384200221,0.15076498483791495,0.10694682598114014,46.44021384200221,45.58818286423211,lateral,1
111,3.9785,Participant 7-Upright 2_frame00111,train,90deg,lateral_Participant7,Participant7,Ectomorph,Normal,,,,,,upright,1.0,0.0,0.0,0.29653576016426086,47.74169781823418,0.1434099619647326,0.11867374181747437,47.74169781823418,45.786230488009956,lateral,1
112,4.0144,Participant 7-Upright 2_frame00112,train,90deg,lateral_Participant7,Participant7,Ectomorph,Normal,,,,,,upright,1.0,0.0,0.0,0.26715293526649475,47.48259510762879,0.16922340949714795,0.12182605266571045,47.48259510762879,46.09227353000317,lateral,1
113,4.0502,Participant 7-Upright 2_frame00113,train,90deg,lateral_Participant7,Participant7,Ectomorph,Normal,,,,,,upright,1.0,0.0,0.0,0.2905842363834381,46.87988705856307,0.16950514925905025,0.12532567977905273,46.87988705856307,44.98706979955523,lateral,1
114,4.086,Participant 7-Upright 2_frame00114,train,90deg,lateral_Participant7,Participant7,Ectomorph,Normal,,,,,,upright,1.0,0.0,0.0,0.2642841339111328,47.08563174046541,0.15226403250037576,0.1182020902633667,47.08563174046541,45.67879466041783,lateral,1
115,4.1219,Participant 7-Upright 2_frame00115,train,90deg,lateral_Participant7,Participant7,Ectomorph,Normal,,,,,,upright,1.0,0.0,0.0,0.2853187620639801,46.386181126534,0.17299310821784059,0.1257486343383789,46.386181126534,46.37295765567144,lateral,1
116,4.1577,Participant 7-Upright 2_frame00116,train,90deg,lateral_Participant7,Participant7,Ectomorph,Normal,,,,,,upright,1.0,0.0,0.0,0.23630082607269287,47.67515906948636,0.1712682393790476,0.12689298391342163,47.67515906948636,45.81423888929823,lateral,1
117,4.1936,Participant 7-Upright 2_frame00117,train,90deg,lateral_Participant7,Participant7,Ectomorph,Normal,,,,,,upright,1.0,0.0,0.0,0.28170594573020935,46.8008840363748,0.16885584737197518,0.12292402982711792,46.8008840363748,46.08565982963428,lateral,1
118,4.2294,Participant 7-Upright 2_frame00118,train,90deg,lateral_Participant7,Participant7,Ectomorph,Normal,,,,,,upright,1.0,0.0,0.0,0.27775344252586365,47.22894067968724,0.17404929665931937,0.13377034664154053,47.22894067968724,45.86183604179234,lateral,1
119,4.2653,Participant 7-Upright 2_frame00119,train,90deg,lateral_Participant7,Participant7,Ectomorph,Normal,,,,,,upright,1.0,0.0,0.0,0.2502238154411316,46.285755279840814,0.15243019249053663,0.11349457502365112,46.285755279840814,46.11925743322737,lateral,1
120,4.3011,Participant 7-Upright 2_frame00120,train,90deg,lateral_Participant7,Participant7,Ectomorph,Normal,,,,,,upright,1.0,0.0,0.0,0.302205353975296,47.381018419622706,0.14143993981233166,0.11766666173934937,47.381018419622706,45.2407207051063,lateral,1
121,4.3369,Participant 7-Upright 2_frame00121,train,90deg,lateral_Participant7,Participant7,Ectomorph,Normal,,,,,,upright,1.0,0.0,0.0,0.269211083650589,46.29120935109708,0.1438115664719361,0.1163519024848938,46.29120935109708,45.3459905600703,lateral,1
122,4.3728,Participant 7-Upright 2_frame00122,train,90deg,lateral_Participant7,Participant7,Ectomorph,Normal,,,,,,upright,1.0,0.0,0.0,0.2811448872089386,46.959182540121596,0.14297051275800018,0.11928075551986694,46.959182540121596,46.82163241364543,lateral,1
123,4.4086,Participant 7-Upright 2_frame00123,train,90deg,lateral_Participant7,Participant7,Ectomorph,Normal,,,,,,upright,1.0,0.0,0.0,0.28921547532081604,47.769707488036204,0.17185573093034168,0.12831872701644897,47.769707488036204,46.40536248465391,lateral,1
124,4.4445,Participant 7-Upright 2_frame00124,train,90deg,lateral_Participant7,Participant7,Ectomorph,Normal,,,,,,upright,1.0,0.0,0.0,0.29185065627098083,47.569076684289925,0.15167937989155597,0.12351232767105103,47.569076684289925,45.54850002294048,lateral,1
125,4.4803,Participant 7-Upright 2_frame00125,train,90deg,lateral_Participant7,Participant7,Ectomorph,Normal,,,,,,upright,1.0,0.0,0.0,0.29901912808418274,45.43964502048816,0.13792613237505738,0.1100306510925293,45.43964502048816,45.0127665695193,lateral,1
126,4.5162,Participant 7-Upright 2_frame00126,train,90deg,lateral_Participant7,Participant7,Ectomorph,Normal,,,,,,upright,1.0,0.0,0.0,0.25843581557273865,47.48625287558783,0.137701862860415,0.10666877031326294,47.48625287558783,44.56304242243994,lateral,1
127,4.552,Participant 7-Upright 2_frame00127,train,90deg,lateral_Participant7,Participant7,Ectomorph,Normal,,,,,,upright,1.0,0.0,0.0,0.3225530982017517,47.36751044498595,0.15461149429241697,0.1272093653678894,47.36751044498595,45.055384500707476,lateral,1
128,4.5878,Participant 7-Upright 2_frame00128,train,90deg,lateral_Participant7,Participant7,Ectomorph,Normal,,,,,,upright,1.0,0.0,0.0,0.2958986759185791,46.71046702257866,0.14802953920065612,0.12325209379196167,46.71046702257866,43.39628722709554,lateral,1
129,4.6237,Participant 7-Upright 2_frame00129,train,90deg,lateral_Participant7,Participant7,Ectomorph,Normal,,,,,,upright,1.0,0.0,0.0,0.25412076711654663,47.68989153368947,0.13535673142604276,0.11099690198898315,47.68989153368947,45.144478005142595,lateral,1
130,4.6595,Participant 7-Upright 2_frame00130,train,90deg,lateral_Participant7,Participant7,Ectomorph,Normal,,,,,,upright,1.0,0.0,0.0,0.26792943477630615,45.461172038984195,0.16074772970011153,0.11449933052062988,45.461172038984195,45.758462571710346,lateral,1
131,4.6954,Participant 7-Upright 2_frame00131,train,90deg,lateral_Participant7,Participant7,Ectomorph,Normal,,,,,,upright,1.0,0.0,0.0,0.28584378957748413,48.05387180639915,0.15219716042652184,0.12213081121444702,48.05387180639915,45.38410259971638,lateral,1
132,4.7312,Participant 7-Upright 2_frame00132,train,90deg,lateral_Participant7,Participant7,Ectomorph,Normal,,,,,,upright,1.0,0.0,0.0,0.28102001547813416,45.37314942845445,0.14151352571216125,0.10808932781219482,45.37314942845445,46.23251989919219,lateral,1
133,4.7671,Participant 7-Upright 2_frame00133,train,90deg,lateral_Participant7,Participant7,Ectomorph,Normal,,,,,,upright,1.0,0.0,0.0,0.26063254475593567,44.9365899104661,0.15418769017464873,0.10764086246490479,44.9365899104661,46.48777939873701,lateral,1
134,4.8029,Participant 7-Upright 2_frame00134,train,90deg,lateral_Participant7,Participant7,Ectomorph,Normal,,,,,,upright,1.0,0.0,0.0,0.27638906240463257,48.00996970884551,0.17726972571563213,0.13199114799499512,48.00996970884551,46.633406962100565,lateral,1
135,4.8387,Participant 7-Upright 2_frame00135,train,90deg,lateral_Participant7,Participant7,Ectomorph,Normal,,,,,,upright,1.0,0.0,0.0,0.30853448808193207,48.10327444850289,0.15773723673229972,0.12458091974258423,48.10327444850289,44.8801854719283,lateral,1
136,4.8746,Participant 7-Upright 2_frame00136,train,90deg,lateral_Participant7,Participant7,Ectomorph,Normal,,,,,,upright,1.0,0.0,0.0,0.2059192657470703,45.97847948866457,0.14798965817989557,0.10232949256896973,45.97847948866457,45.63914259250476,lateral,1
137,4.9104,Participant 7-Upright 2_frame00137,train,90deg,lateral_Participant7,Participant7,Ectomorph,Normal,,,,,,upright,1.0,0.0,0.0,0.27931803464889526,46.397926324190955,0.15694308092592898,0.1134001612663269,46.397926324190955,45.80480405407613,lateral,1
138,4.9463,Participant 7-Upright 2_frame00138,train,90deg,lateral_Participant7,Participant7,Ectomorph,Normal,,,,,,upright,1.0,0.0,0.0,0.25506433844566345,46.20885413272792,0.1422480110539888,0.11134785413742065,46.20885413272792,45.97147995314285,lateral,1
139,4.9821,Participant 7-Upright 2_frame00139,train,90deg,lateral_Participant7,Participant7,Ectomorph,Normal,,,,,,upright,1.0,0.0,0.0,0.28571590781211853,47.66495293173712,0.18646387777073517,0.13878393173217773,47.66495293173712,46.42410886425858,lateral,1
140,5.018,Participant 7-Upright 2_frame00140,train,90deg,lateral_Participant7,Participant7,Ectomorph,Normal,,,,,,upright,1.0,0.0,0.0,0.27337536215782166,47.75444845225903,0.1441691074758365,0.11965274810791016,47.75444845225903,44.82454802539778,lateral,1
141,5.0538,Participant 7-Upright 2_frame00141,train,90deg,lateral_Participant7,Participant7,Ectomorph,Normal,,,,,,upright,1.0,0.0,0.0,0.30220404267311096,47.54906719862024,0.1543439349053746,0.12810134887695312,47.54906719862024,45.137445047095966,lateral,1
142,5.0896,Participant 7-Upright 2_frame00142,train,90deg,lateral_Participant7,Participant7,Ectomorph,Normal,,,,,,upright,1.0,0.0,0.0,0.32490941882133484,47.09527065699387,0.15866161942446372,0.1310364007949829,47.09527065699387,44.835105313919215,lateral,1
143,5.1255,Participant 7-Upright 2_frame00143,train,90deg,lateral_Participant7,Participant7,Ectomorph,Normal,,,,,,upright,1.0,0.0,0.0,0.2735251784324646,47.13607002419573,0.17517967027026196,0.12800592184066772,47.13607002419573,46.1548204016568,lateral,1
144,5.1613,Participant 7-Upright 2_frame00144,train,90deg,lateral_Participant7,Participant7,Ectomorph,Normal,,,,,,upright,1.0,0.0,0.0,0.2288023829460144,46.4575299725521,0.13982749960543847,0.10680651664733887,46.4575299725521,46.21835698015488,lateral,1
145,5.1972,Participant 7-Upright 2_frame00145,train,90deg,lateral_Participant7,Participant7,Ectomorph,Normal,,,,,,upright,1.0,0.0,0.0,0.24926546216011047,46.50458095346821,0.17173072621559216,0.11684441566467285,46.50458095346821,46.89940885872512,lateral,1
146,5.233,Participant 7-Upright 2_frame00146,train,90deg,lateral_Participant7,Participant7,Ectomorph,Normal,,,,,,upright,1.0,0.0,0.0,0.2668429911136627,46.54024207523648,0.16814464797222078,0.12139207124710083,46.54024207523648,46.169011181996076,lateral,1
147,5.2689,Participant 7-Upright 2_frame00147,train,90deg,lateral_Participant7,Participant7,Ectomorph,Normal,,,,,,upright,1.0,0.0,0.0,0.24834659695625305,47.717988357229075,0.1633727015056675,0.1174311637878418,47.717988357229075,47.22483011536114,lateral,1
148,5.3047,Participant 7-Upright 2_frame00148,train,90deg,lateral_Participant7,Participant7,Ectomorph,Normal,,,,,,upright,1.0,0.0,0.0,0.2938518822193146,45.230535674738725,0.156292815771426,0.11404609680175781,45.230535674738725,46.71266131230279,lateral,1
149,5.3405,Participant 7-Upright 2_frame00149,train,90deg,lateral_Participant7,Participant7,Ectomorph,Normal,,,,,,upright,1.0,0.0,0.0,0.3069207966327667,47.55861740599693,0.16652611475995097,0.12344658374786377,47.55861740599693,45.77217662348671,lateral,1
150,5.3764,Participant 7-Upright 2_frame00150,train,90deg,lateral_Participant7,Participant7,Ectomorph,Normal,,,,,,upright,1.0,0.0,0.0,0.2524096369743347,45.76175955038516,0.14683563143873182,0.11502319574356079,45.76175955038516,46.10583683365025,lateral,1
151,5.4122,Participant 7-Upright 2_frame00151,train,90deg,lateral_Participant7,Participant7,Ectomorph,Normal,,,,,,upright,1.0,0.0,0.0,0.29234033823013306,47.83463940903163,0.1469361982285005,0.12221360206604004,47.83463940903163,45.50556182748935,lateral,1
152,5.4481,Participant 7-Upright 2_frame00152,train,90deg,lateral_Participant7,Participant7,Ectomorph,Normal,,,,,,upright,1.0,0.0,0.0,0.30237673223018646,47.83324474315056,0.14531524045889518,0.12090003490447998,47.83324474315056,45.58272439813528,lateral,1
153,5.4839,Participant 7-Upright 2_frame00153,train,90deg,lateral_Participant7,Participant7,Ectomorph,Normal,,,,,,upright,1.0,0.0,0.0,0.2978166937828064,47.626410180859075,0.13898922478903147,0.11181384325027466,47.626410180859075,46.076547901847135,lateral,1
154,5.5198,Participant 7-Upright 2_frame00154,train,90deg,lateral_Participant7,Participant7,Ectomorph,Normal,,,,,,upright,1.0,0.0,0.0,0.28942835330963135,47.27995048112218,0.1705863154757966,0.12478429079055786,47.27995048112218,46.753976914151664,lateral,1
155,5.5556,Participant 7-Upright 2_frame00155,train,90deg,lateral_Participant7,Participant7,Ectomorph,Normal,,,,,,upright,1.0,0.0,0.0,0.26239851117134094,45.89790878779352,0.1463061204315429,0.10290557146072388,45.89790878779352,47.33133755974839,lateral,1
156,5.5914,Participant 7-Upright 2_frame00156,train,90deg,lateral_Participant7,Participant7,Ectomorph,Normal,,,,,,upright,1.0,0.0,0.0,0.32159629464149475,46.13411550960187,0.16193456117738175,0.12610077857971191,46.13411550960187,46.498086235830804,lateral,1
0,0.0,Participant 7-Upright_frame00000,train,90deg,lateral_Participant7,Participant7,Ectomorph,Normal,,,,,,upright,1.0,0.0,0.0,0.23279449343681335,34.68562519258682,0.1387992765087763,0.054713547229766846,34.68562519258682,56.06783212147395,lateral,1
1,0.0358,Participant 7-Upright_frame00001,train,90deg,lateral_Participant7,Participant7,Ectomorph,Normal,,,,,,upright,1.0,0.0,0.0,0.2090439796447754,33.606181812883534,0.13562985777825626,0.048727989196777344,33.606181812883534,59.41456547664265,lateral,1
2,0.0717,Participant 7-Upright_frame00002,train,90deg,lateral_Participant7,Participant7,Ectomorph,Normal,,,,,,upright,1.0,0.0,0.0,0.26078709959983826,33.25254539410716,0.11621365493444342,0.04516023397445679,33.25254539410716,59.33426934293688,lateral,1
3,0.1075,Participant 7-Upright_frame00003,train,90deg,lateral_Participant7,Participant7,Ectomorph,Normal,,,,,,upright,1.0,0.0,0.0,0.27296480536460876,33.578632005248515,0.14809830852937755,0.05218309164047241,33.578632005248515,58.53671565854369,lateral,1
4,0.1434,Participant 7-Upright_frame00004,train,90deg,lateral_Participant7,Participant7,Ectomorph,Normal,,,,,,upright,1.0,0.0,0.0,0.2297779619693756,37.227398578765,0.14485637413003458,0.05553793907165527,37.227398578765,56.453995110832494,lateral,1
5,0.1792,Participant 7-Upright_frame00005,train,90deg,lateral_Participant7,Participant7,Ectomorph,Normal,,,,,,upright,1.0,0.0,0.0,0.21752077341079712,34.42863279010455,0.12283637459315203,0.04037529230117798,34.42863279010455,57.672430239864156,lateral,1
6,0.2151,Participant 7-Upright_frame00006,train,90deg,lateral_Participant7,Participant7,Ectomorph,Normal,,,,,,upright,1.0,0.0,0.0,0.27696317434310913,35.701434420728525,0.1525294871381841,0.05971771478652954,35.701434420728525,57.001991679788915,lateral,1
7,0.2509,Participant 7-Upright_frame00007,train,90deg,lateral_Participant7,Participant7,Ectomorph,Normal,,,,,,upright,1.0,0.0,0.0,0.2644965350627899,36.68698190342788,0.15365571111177478,0.0649145245552063,36.68698190342788,56.21241333182617,lateral,1
8,0.2867,Participant 7-Upright_frame00008,train,90deg,lateral_Participant7,Participant7,Ectomorph,Normal,,,,,,upright,1.0,0.0,0.0,0.29060837626457214,36.82234773968081,0.15941605506650916,0.07520157098770142,36.82234773968081,55.938904640284996,lateral,1
9,0.3226,Participant 7-Upright_frame00009,train,90deg,lateral_Participant7,Participant7,Ectomorph,Normal,,,,,,upright,1.0,0.0,0.0,0.3032895028591156,33.87543345090994,0.14254851290764053,0.05772286653518677,33.87543345090994,56.262362837875806,lateral,1
10,0.3584,Participant 7-Upright_frame00010,train,90deg,lateral_Participant7,Participant7,Ectomorph,Normal,,,,,,upright,1.0,0.0,0.0,0.20141828060150146,33.946367529951495,0.15681548846206253,0.05495983362197876,33.946367529951495,57.847048735729885,lateral,1
11,0.3943,Participant 7-Upright_frame00011,train,90deg,lateral_Participant7,Participant7,Ectomorph,Normal,,,,,,upright,1.0,0.0,0.0,0.1697390377521515,34.05154706252788,0.11144584720760023,0.03513193130493164,34.05154706252788,59.32256910924988,lateral,1
12,0.4301,Participant 7-Upright_frame00012,train,90deg,lateral_Participant7,Participant7,Ectomorph,Normal,,,,,,upright,1.0,0.0,0.0,0.3008173704147339,35.777833256351606,0.15158934529319304,0.0650862455368042,35.777833256351606,57.022952482897274,lateral,1
13,0.466,Participant 7-Upright_frame00013,train,90deg,lateral_Participant7,Participant7,Ectomorph,Normal,,,,,,upright,1.0,0.0,0.0,0.28352901339530945,33.90716093516717,0.15018556333360022,0.05830758810043335,33.90716093516717,55.88746471808926,lateral,1
14,0.5018,Participant 7-Upright_frame00014,train,90deg,lateral_Participant7,Participant7,Ectomorph,Normal,,,,,,upright,1.0,0.0,0.0,0.2481638491153717,33.79082651782938,0.1510370161873203,0.05532956123352051,33.79082651782938,57.542922662644486,lateral,1
15,0.5376,Participant 7-Upright_frame00015,train,90deg,lateral_Participant7,Participant7,Ectomorph,Normal,,,,,,upright,1.0,0.0,0.0,0.2588748335838318,36.5278731589437,0.15819388936901893,0.06957387924194336,36.5278731589437,56.999140375713246,lateral,1
16,0.5735,Participant 7-Upright_frame00016,train,90deg,lateral_Participant7,Participant7,Ectomorph,Normal,,,,,,upright,1.0,0.0,0.0,0.29440876841545105,35.77496752802071,0.16092751149566234,0.06431597471237183,35.77496752802071,57.176126126039264,lateral,1
17,0.6093,Participant 7-Upright_frame00017,train,90deg,lateral_Participant7,Participant7,Ectomorph,Normal,,,,,,upright,1.0,0.0,0.0,0.34944766759872437,33.9337930342547,0.1383438306220119,0.05780959129333496,33.9337930342547,56.740789659222735,lateral,1
18,0.6452,Participant 7-Upright_frame00018,train,90deg,lateral_Participant7,Participant7,Ectomorph,Normal,,,,,,upright,1.0,0.0,0.0,0.276664137840271,33.69111826391683,0.1442583158032145,0.04826056957244873,33.69111826391683,58.243639659052775,lateral,1
19,0.681,Participant 7-Upright_frame00019,train,90deg,lateral_Participant7,Participant7,Ectomorph,Normal,,,,,,upright,1.0,0.0,0.0,0.23172837495803833,34.37553411824914,0.14802026859802636,0.05441856384277344,34.37553411824914,58.00254029906807,lateral,1
20,0.7168,Participant 7-Upright_frame00020,train,90deg,lateral_Participant7,Participant7,Ectomorph,Normal,,,,,,upright,1.0,0.0,0.0,0.30586808919906616,37.061340851823346,0.15597494057328695,0.0673680305480957,37.061340851823346,56.98553131078378,lateral,1
21,0.7527,Participant 7-Upright_frame00021,train,90deg,lateral_Participant7,Participant7,Ectomorph,Normal,,,,,,upright,1.0,0.0,0.0,0.2946054935455322,35.56882370213077,0.15365856174338724,0.06311261653900146,35.56882370213077,58.119087547459195,lateral,1
22,0.7885,Participant 7-Upright_frame00022,train,90deg,lateral_Participant7,Participant7,Ectomorph,Normal,,,,,,upright,1.0,0.0,0.0,0.3074151277542114,36.356718782555575,0.1441199920910218,0.06618833541870117,36.356718782555575,57.192668544177046,lateral,1
23,0.8244,Participant 7-Upright_frame00023,train,90deg,lateral_Participant7,Participant7,Ectomorph,Normal,,,,,,upright,1.0,0.0,0.0,0.2717404067516327,35.81959624967473,0.11913375940957553,0.052314698696136475,35.81959624967473,55.75553664078715,lateral,1
24,0.8602,Participant 7-Upright_frame00024,train,90deg,lateral_Participant7,Participant7,Ectomorph,Normal,,,,,,upright,1.0,0.0,0.0,0.2772024869918823,34.429209537324404,0.1345298775499687,0.05649745464324951,34.429209537324404,57.45073355766503,lateral,1
25,0.8961,Participant 7-Upright_frame00025,train,90deg,lateral_Participant7,Participant7,Ectomorph,Normal,,,,,,upright,1.0,0.0,0.0,0.18977385759353638,34.266989210768486,0.12515999573643724,0.045380353927612305,34.266989210768486,59.32543446724765,lateral,1
26,0.9319,Participant 7-Upright_frame00026,train,90deg,lateral_Participant7,Participant7,Ectomorph,Normal,,,,,,upright,1.0,0.0,0.0,0.24753937125205994,34.26762433591232,0.13753650643910711,0.04920077323913574,34.26762433591232,56.293695651746845,lateral,1
27,0.9677,Participant 7-Upright_frame00027,train,90deg,lateral_Participant7,Participant7,Ectomorph,Normal,,,,,,upright,1.0,0.0,0.0,0.2447333037853241,35.91822432970905,0.15661326168054623,0.059060096740722656,35.91822432970905,58.29355653952405,lateral,1
28,1.0036,Participant 7-Upright_frame00028,train,90deg,lateral_Participant7,Participant7,Ectomorph,Normal,,,,,,upright,1.0,0.0,0.0,0.24128928780555725,34.893083174287746,0.13155557033294368,0.04281646013259888,34.893083174287746,57.594302392711135,lateral,1
29,1.0394,Participant 7-Upright_frame00029,train,90deg,lateral_Participant7,Participant7,Ectomorph,Normal,,,,,,upright,1.0,0.0,0.0,0.294000506401062,33.76405829325257,0.12806372389445841,0.05487889051437378,33.76405829325257,56.189220023101974,lateral,1
30,1.0753,Participant 7-Upright_frame00030,train,90deg,lateral_Participant7,Participant7,Ectomorph,Normal,,,,,,upright,1.0,0.0,0.0,0.33288809657096863,35.100709429843036,0.1587777835591995,0.061224400997161865,35.100709429843036,57.726888972699264,lateral,1
31,1.1111,Participant 7-Upright_frame00031,train,90deg,lateral_Participant7,Participant7,Ectomorph,Normal,,,,,,upright,1.0,0.0,0.0,0.28918057680130005,36.34606601637631,0.15075248713444056,0.06306833028793335,36.34606601637631,57.139584078052,lateral,1
32,1.147,Participant 7-Upright_frame00032,train,90deg,lateral_Participant7,Participant7,Ectomorph,Normal,,,,,,upright,1.0,0.0,0.0,0.23878973722457886,34.119492713919286,0.12426321752176588,0.04542648792266846,34.119492713919286,57.35811784146532,lateral,1
33,1.1828,Participant 7-Upright_frame00033,train,90deg,lateral_Participant7,Participant7,Ectomorph,Normal,,,,,,upright,1.0,0.0,0.0,0.19465234875679016,36.11526063480059,0.15024314806551325,0.058733999729156494,36.11526063480059,58.122113522980776,lateral,1
34,1.2186,Participant 7-Upright_frame00034,train,90deg,lateral_Participant7,Participant7,Ectomorph,Normal,,,,,,upright,1.0,0.0,0.0,0.24271368980407715,35.046421254756254,0.14728487296486997,0.059349000453948975,35.046421254756254,57.33724995945769,lateral,1
35,1.2545,Participant 7-Upright_frame00035,train,90deg,lateral_Participant7,Participant7,Ectomorph,Normal,,,,,,upright,1.0,0.0,0.0,0.30497127771377563,35.89158445621509,0.14612178553241387,0.061476945877075195,35.89158445621509,56.83126047160004,lateral,1
36,1.2903,Participant 7-Upright_frame00036,train,90deg,lateral_Participant7,Participant7,Ectomorph,Normal,,,,,,upright,1.0,0.0,0.0,0.24396422505378723,36.3576079598968,0.14509962789676484,0.05737501382827759,36.3576079598968,56.50124852699247,lateral,1
37,1.3262,Participant 7-Upright_frame00037,train,90deg,lateral_Participant7,Participant7,Ectomorph,Normal,,,,,,upright,1.0,0.0,0.0,0.23744922876358032,36.55931427512461,0.14211395775383726,0.060923874378204346,36.55931427512461,56.49864377038864,lateral,1
38,1.362,Participant 7-Upright_frame00038,train,90deg,lateral_Participant7,Participant7,Ectomorph,Normal,,,,,,upright,1.0,0.0,0.0,0.17552274465560913,33.068033311046825,0.11151806299220023,0.03691864013671875,33.068033311046825,58.22231500678208,lateral,1
39,1.3979,Participant 7-Upright_frame00039,train,90deg,lateral_Participant7,Participant7,Ectomorph,Normal,,,,,,upright,1.0,0.0,0.0,0.2744443714618683,36.46469651819692,0.15297481071137042,0.06966304779052734,36.46469651819692,56.69049205788396,lateral,1
40,1.4337,Participant 7-Upright_frame00040,train,90deg,lateral_Participant7,Participant7,Ectomorph,Normal,,,,,,upright,1.0,0.0,0.0,0.2531740963459015,36.5150582618374,0.1479395949296355,0.06454026699066162,36.5150582618374,57.76888341176847,lateral,1
41,1.4695,Participant 7-Upright_frame00041,train,90deg,lateral_Participant7,Participant7,Ectomorph,Normal,,,,,,upright,1.0,0.0,0.0,0.2654980421066284,36.681927203201546,0.1559594154985829,0.06820344924926758,36.681927203201546,56.231377556131626,lateral,1
42,1.5054,Participant 7-Upright_frame00042,train,90deg,lateral_Participant7,Participant7,Ectomorph,Normal,,,,,,upright,1.0,0.0,0.0,0.29447394609451294,36.17866918048953,0.15502528933901266,0.07192206382751465,36.17866918048953,55.7762939981314,lateral,1
43,1.5412,Participant 7-Upright_frame00043,train,90deg,lateral_Participant7,Participant7,Ectomorph,Normal,,,,,,upright,1.0,0.0,0.0,0.28384244441986084,37.20044298924749,0.16607305801787153,0.07723701000213623,37.20044298924749,56.50985651494675,lateral,1
44,1.5771,Participant 7-Upright_frame00044,train,90deg,lateral_Participant7,Participant7,Ectomorph,Normal,,,,,,upright,1.0,0.0,0.0,0.2524811029434204,37.55521001479341,0.1631996529833589,0.07669752836227417,37.55521001479341,56.50887503714275,lateral,1
45,1.6129,Participant 7-Upright_frame00045,train,90deg,lateral_Participant7,Participant7,Ectomorph,Normal,,,,,,upright,1.0,0.0,0.0,0.2256430685520172,36.30242601571241,0.1606271618436783,0.06792819499969482,36.30242601571241,57.10979829294831,lateral,1
46,1.6487,Participant 7-Upright_frame00046,train,90deg,lateral_Participant7,Participant7,Ectomorph,Normal,,,,,,upright,1.0,0.0,0.0,0.278186559677124,38.34329511711225,0.16148577378333007,0.07158154249191284,38.34329511711225,56.86883027555812,lateral,1
47,1.6846,Participant 7-Upright_frame00047,train,90deg,lateral_Participant7,Participant7,Ectomorph,Normal,,,,,,upright,1.0,0.0,0.0,0.24774274230003357,38.09345137186453,0.16634391393217787,0.07569700479507446,38.09345137186453,56.95437901277228,lateral,1
48,1.7204,Participant 7-Upright_frame00048,train,90deg,lateral_Participant7,Participant7,Ectomorph,Normal,,,,,,upright,1.0,0.0,0.0,0.32041558623313904,34.69760203751178,0.12767903312470114,0.05799579620361328,34.69760203751178,57.124120541417874,lateral,1
49,1.7563,Participant 7-Upright_frame00049,train,90deg,lateral_Participant7,Participant7,Ectomorph,Normal,,,,,,upright,1.0,0.0,0.0,0.34996744990348816,35.56649282780657,0.14707083932254397,0.06117069721221924,35.56649282780657,56.219900102251366,lateral,1
50,1.7921,Participant 7-Upright_frame00050,train,90deg,lateral_Participant7,Participant7,Ectomorph,Normal,,,,,,upright,1.0,0.0,0.0,0.2236199676990509,34.501044292246114,0.15354536008643807,0.057810306549072266,34.501044292246114,58.696825597128544,lateral,1
51,1.828,Participant 7-Upright_frame00051,train,90deg,lateral_Participant7,Participant7,Ectomorph,Normal,,,,,,upright,1.0,0.0,0.0,0.2533220648765564,36.20339183596072,0.16187565541791843,0.07162994146347046,36.20339183596072,57.21945922965637,lateral,1
52,1.8638,Participant 7-Upright_frame00052,train,90deg,lateral_Participant7,Participant7,Ectomorph,Normal,,,,,,upright,1.0,0.0,0.0,0.3057357370853424,35.18491568540799,0.14410092753109252,0.05626469850540161,35.18491568540799,57.399312685848344,lateral,1
53,1.8996,Participant 7-Upright_frame00053,train,90deg,lateral_Participant7,Participant7,Ectomorph,Normal,,,,,,upright,1.0,0.0,0.0,0.2723679840564728,38.13125428169385,0.14132258603368716,0.07184332609176636,38.13125428169385,55.82054263153774,lateral,1
54,1.9355,Participant 7-Upright_frame00054,train,90deg,lateral_Participant7,Participant7,Ectomorph,Normal,,,,,,upright,1.0,0.0,0.0,0.2446599304676056,37.03596243162592,0.1519965122081312,0.06356889009475708,37.03596243162592,56.891003402306744,lateral,1
55,1.9713,Participant 7-Upright_frame00055,train,90deg,lateral_Participant7,Participant7,Ectomorph,Normal,,,,,,upright,1.0,0.0,0.0,0.277066707611084,37.80032200353741,0.15188913944133334,0.06920182704925537,37.80032200353741,55.67627836955402,lateral,1
56,2.0072,Participant 7-Upright_frame00056,train,90deg,lateral_Participant7,Participant7,Ectomorph,Normal,,,,,,upright,1.0,0.0,0.0,0.22085583209991455,35.597091089877416,0.13253388681041062,0.05460876226425171,35.597091089877416,57.33058314895789,lateral,1
57,2.043,Participant 7-Upright_frame00057,train,90deg,lateral_Participant7,Participant7,Ectomorph,Normal,,,,,,upright,1.0,0.0,0.0,0.2959456443786621,34.287938716323566,0.15728997914108384,0.06147265434265137,34.287938716323566,56.197234315289464,lateral,1
58,2.0789,Participant 7-Upright_frame00058,train,90deg,lateral_Participant7,Participant7,Ectomorph,Normal,,,,,,upright,1.0,0.0,0.0,0.31050851941108704,36.23536872677451,0.158457976026936,0.07555526494979858,36.23536872677451,55.34374366598845,lateral,1
59,2.1147,Participant 7-Upright_frame00059,train,90deg,lateral_Participant7,Participant7,Ectomorph,Normal,,,,,,upright,1.0,0.0,0.0,0.24893608689308167,36.39656156959056,0.15375571051907594,0.060896337032318115,36.39656156959056,57.93206228343636,lateral,1
60,2.1505,Participant 7-Upright_frame00060,train,90deg,lateral_Participant7,Participant7,Ectomorph,Normal,,,,,,upright,1.0,0.0,0.0,0.23458868265151978,36.744419768272195,0.16549739286583628,0.07284539937973022,36.744419768272195,57.21182824033495,lateral,1
61,2.1864,Participant 7-Upright_frame00061,train,90deg,lateral_Participant7,Participant7,Ectomorph,Normal,,,,,,upright,1.0,0.0,0.0,0.24241423606872559,37.38964502309111,0.1568454700349154,0.0734131932258606,37.38964502309111,55.87098322590503,lateral,1
62,2.2222,Participant 7-Upright_frame00062,train,90deg,lateral_Participant7,Participant7,Ectomorph,Normal,,,,,,upright,1.0,0.0,0.0,0.2694692313671112,36.81003757238359,0.1609105787406524,0.07384532690048218,36.81003757238359,57.29654805132634,lateral,1
63,2.2581,Participant 7-Upright_frame00063,train,90deg,lateral_Participant7,Participant7,Ectomorph,Normal,,,,,,upright,1.0,0.0,0.0,0.3002828061580658,37.39660235570297,0.16361863105121277,0.07674294710159302,37.39660235570297,55.99613397252812,lateral,1
64,2.2939,Participant 7-Upright_frame00064,train,90deg,lateral_Participant7,Participant7,Ectomorph,Normal,,,,,,upright,1.0,0.0,0.0,0.2955623269081116,36.929431368419365,0.14148054265731946,0.07532662153244019,36.929431368419365,55.719635235373666,lateral,1
65,2.3298,Participant 7-Upright_frame00065,train,90deg,lateral_Participant7,Participant7,Ectomorph,Normal,,,,,,upright,1.0,0.0,0.0,0.25714337825775146,37.418465656474424,0.1402411745552393,0.0692262053489685,37.418465656474424,56.97338864065672,lateral,1
66,2.3656,Participant 7-Upright_frame00066,train,90deg,lateral_Participant7,Participant7,Ectomorph,Normal,,,,,,upright,1.0,0.0,0.0,0.2893882393836975,37.80269855372025,0.14403126780530304,0.07575690746307373,37.80269855372025,55.58780412297328,lateral,1
67,2.4014,Participant 7-Upright_frame00067,train,90deg,lateral_Participant7,Participant7,Ectomorph,Normal,,,,,,upright,1.0,0.0,0.0,0.3262174725532532,34.904162774767485,0.12391517208170674,0.061354100704193115,34.904162774767485,56.22580159154556,lateral,1
68,2.4373,Participant 7-Upright_frame00068,train,90deg,lateral_Participant7,Participant7,Ectomorph,Normal,,,,,,upright,1.0,0.0,0.0,0.28443029522895813,36.076868808967866,0.141418911814912,0.061727285385131836,36.076868808967866,56.00540791876869,lateral,1
69,2.4731,Participant 7-Upright_frame00069,train,90deg,lateral_Participant7,Participant7,Ectomorph,Normal,,,,,,upright,1.0,0.0,0.0,0.2309972643852234,36.662614410418925,0.14345375728373358,0.05323392152786255,36.662614410418925,58.4917912220542,lateral,1
70,2.509,Participant 7-Upright_frame00070,train,90deg,lateral_Participant7,Participant7,Ectomorph,Normal,,,,,,upright,1.0,0.0,0.0,0.2539421319961548,36.98783681795841,0.14677214394394503,0.06624221801757812,36.98783681795841,55.690095807629746,lateral,1
71,2.5448,Participant 7-Upright_frame00071,train,90deg,lateral_Participant7,Participant7,Ectomorph,Normal,,,,,,upright,1.0,0.0,0.0,0.2906220257282257,34.76499072065852,0.13932583816983354,0.06306278705596924,34.76499072065852,56.124879100633734,lateral,1
72,2.5807,Participant 7-Upright_frame00072,train,90deg,lateral_Participant7,Participant7,Ectomorph,Normal,,,,,,upright,1.0,0.0,0.0,0.2991925776004791,36.32242315012342,0.16201396554189373,0.07409590482711792,36.32242315012342,56.251631928112715,lateral,1
73,2.6165,Participant 7-Upright_frame00073,train,90deg,lateral_Participant7,Participant7,Ectomorph,Normal,,,,,,upright,1.0,0.0,0.0,0.2694607675075531,37.07217793361229,0.15372988875871854,0.06653320789337158,37.07217793361229,57.55305799844741,lateral,1
74,2.6523,Participant 7-Upright_frame00074,train,90deg,lateral_Participant7,Participant7,Ectomorph,Normal,,,,,,upright,1.0,0.0,0.0,0.2724790871143341,36.788723005834875,0.15637668003995162,0.07541519403457642,36.788723005834875,56.411767160874156,lateral,1
75,2.6882,Participant 7-Upright_frame00075,train,90deg,lateral_Participant7,Participant7,Ectomorph,Normal,,,,,,upright,1.0,0.0,0.0,0.3167480528354645,38.54872917204978,0.16928582257056293,0.0806306004524231,38.54872917204978,54.77131435088951,lateral,1
76,2.724,Participant 7-Upright_frame00076,train,90deg,lateral_Participant7,Participant7,Ectomorph,Normal,,,,,,upright,1.0,0.0,0.0,0.28084856271743774,37.750649327890656,0.1350442949898049,0.06562185287475586,37.750649327890656,56.09382586267357,lateral,1
77,2.7599,Participant 7-Upright_frame00077,train,90deg,lateral_Participant7,Participant7,Ectomorph,Normal,,,,,,upright,1.0,0.0,0.0,0.3009175658226013,35.19722070409681,0.12493804259646053,0.056658387184143066,35.19722070409681,57.88096001712702,lateral,1
78,2.7957,Participant 7-Upright_frame00078,train,90deg,lateral_Participant7,Participant7,Ectomorph,Normal,,,,,,upright,1.0,0.0,0.0,0.2431463897228241,36.22812448134856,0.11951190838509591,0.0528261661529541,36.22812448134856,56.079360097193955,lateral,1
79,2.8315,Participant 7-Upright_frame00079,train,90deg,lateral_Participant7,Participant7,Ectomorph,Normal,,,,,,upright,1.0,0.0,0.0,0.21958225965499878,36.48937024422725,0.15130718946698096,0.056823551654815674,36.48937024422725,56.87572814428446,lateral,1
80,2.8674,Participant 7-Upright_frame00080,train,90deg,lateral_Participant7,Participant7,Ectomorph,Normal,,,,,,upright,1.0,0.0,0.0,0.23581382632255554,36.87165425515544,0.15429247448312125,0.06596726179122925,36.87165425515544,56.710775235282,lateral,1
81,2.9032,Participant 7-Upright_frame00081,train,90deg,lateral_Participant7,Participant7,Ectomorph,Normal,,,,,,upright,1.0,0.0,0.0,0.17822912335395813,35.01585458593571,0.12769495977650397,0.03468531370162964,35.01585458593571,57.267882339465764,lateral,1
82,2.9391,Participant 7-Upright_frame00082,train,90deg,lateral_Participant7,Participant7,Ectomorph,Normal,,,,,,upright,1.0,0.0,0.0,0.19663375616073608,36.856788797591484,0.1414647570292036,0.054165780544281006,36.856788797591484,55.937064334873114,lateral,1
83,2.9749,Participant 7-Upright_frame00083,train,90deg,lateral_Participant7,Participant7,Ectomorph,Normal,,,,,,upright,1.0,0.0,0.0,0.19171112775802612,32.46871080554304,0.10604404899513051,0.034969866275787354,32.46871080554304,58.25695188718316,lateral,1
84,3.0108,Participant 7-Upright_frame00084,train,90deg,lateral_Participant7,Participant7,Ectomorph,Normal,,,,,,upright,1.0,0.0,0.0,0.2466122806072235,36.91310649892127,0.1498685680411277,0.06748896837234497,36.91310649892127,56.30294848652254,lateral,1
85,3.0466,Participant 7-Upright_frame00085,train,90deg,lateral_Participant7,Participant7,Ectomorph,Normal,,,,,,upright,1.0,0.0,0.0,0.19309362769126892,34.77707011335277,0.11598539317756824,0.04673677682876587,34.77707011335277,57.75006704627176,lateral,1
86,3.0824,Participant 7-Upright_frame00086,train,90deg,lateral_Participant7,Participant7,Ectomorph,Normal,,,,,,upright,1.0,0.0,0.0,0.1901404857635498,34.77483116412545,0.1442053053017892,0.05360007286071777,34.77483116412545,55.92227637617985,lateral,1
87,3.1183,Participant 7-Upright_frame00087,train,90deg,lateral_Participant7,Participant7,Ectomorph,Normal,,,,,,upright,1.0,0.0,0.0,0.2534724473953247,37.21232052482917,0.15614119675658678,0.07014453411102295,37.21232052482917,56.10896416913015,lateral,1
88,3.1541,Participant 7-Upright_frame00088,train,90deg,lateral_Participant7,Participant7,Ectomorph,Normal,,,,,,upright,1.0,0.0,0.0,0.25612327456474304,36.1893438389165,0.1514431059423059,0.06710106134414673,36.1893438389165,56.93505302931326,lateral,1
89,3.19,Participant 7-Upright_frame00089,train,90deg,lateral_Participant7,Participant7,Ectomorph,Normal,,,,,,upright,1.0,0.0,0.0,0.2570255398750305,35.89929042484995,0.11004395952764692,0.053025782108306885,35.89929042484995,55.54782289641984,lateral,1
90,3.2258,Participant 7-Upright_frame00090,train,90deg,lateral_Participant7,Participant7,Ectomorph,Normal,,,,,,upright,1.0,0.0,0.0,0.1747879981994629,35.09932723143092,0.10996856651530053,0.03583836555480957,35.09932723143092,57.51031395786792,lateral,1
91,3.2617,Participant 7-Upright_frame00091,train,90deg,lateral_Participant7,Participant7,Ectomorph,Normal,,,,,,upright,1.0,0.0,0.0,0.21348565816879272,35.66835877483952,0.13585095106430137,0.05022430419921875,35.66835877483952,56.271405953803544,lateral,1
92,3.2975,Participant 7-Upright_frame00092,train,90deg,lateral_Participant7,Participant7,Ectomorph,Normal,,,,,,upright,1.0,0.0,0.0,0.24547335505485535,36.1757581264175,0.14610050334088256,0.06409180164337158,36.1757581264175,56.793446167525005,lateral,1
93,3.3333,Participant 7-Upright_frame00093,train,90deg,lateral_Participant7,Participant7,Ectomorph,Normal,,,,,,upright,1.0,0.0,0.0,0.24392756819725037,35.93380886708934,0.11720581561823076,0.050604820251464844,35.93380886708934,56.11409585877715,lateral,1
94,3.3692,Participant 7-Upright_frame00094,train,90deg,lateral_Participant7,Participant7,Ectomorph,Normal,,,,,,upright,1.0,0.0,0.0,0.23263326287269592,34.03995184672787,0.10912716976894757,0.040129125118255615,34.03995184672787,58.21052470051169,lateral,1
95,3.405,Participant 7-Upright_frame00095,train,90deg,lateral_Participant7,Participant7,Ectomorph,Normal,,,,,,upright,1.0,0.0,0.0,0.19855156540870667,34.28839606981189,0.13257723522412374,0.04800987243652344,34.28839606981189,57.51608764739423,lateral,1
96,3.4409,Participant 7-Upright_frame00096,train,90deg,lateral_Participant7,Participant7,Ectomorph,Normal,,,,,,upright,1.0,0.0,0.0,0.2238466739654541,38.433256568275965,0.15641310270230321,0.06673932075500488,38.433256568275965,57.05333454215573,lateral,1
97,3.4767,Participant 7-Upright_frame00097,train,90deg,lateral_Participant7,Participant7,Ectomorph,Normal,,,,,,upright,1.0,0.0,0.0,0.175333172082901,35.57828408589949,0.14828864230694766,0.0563088059425354,35.57828408589949,57.942644755988354,lateral,1
98,3.5126,Participant 7-Upright_frame00098,train,90deg,lateral_Participant7,Participant7,Ectomorph,Normal,,,,,,upright,1.0,0.0,0.0,0.21452444791793823,35.67026352777698,0.11746018135248855,0.04742628335952759,35.67026352777698,55.760427707649264,lateral,1
99,3.5484,Participant 7-Upright_frame00099,train,90deg,lateral_Participant7,Participant7,Ectomorph,Normal,,,,,,upright,1.0,0.0,0.0,0.2125171422958374,34.3954352779364,0.14111733357356857,0.05236786603927612,34.3954352779364,57.30409476440524,lateral,1
100,3.5842,Participant 7-Upright_frame00100,train,90deg,lateral_Participant7,Participant7,Ectomorph,Normal,,,,,,upright,1.0,0.0,0.0,0.20820903778076172,36.62908885689727,0.13493760413726982,0.0638960599899292,36.62908885689727,55.76902128119872,lateral,1
101,3.6201,Participant 7-Upright_frame00101,train,90deg,lateral_Participant7,Participant7,Ectomorph,Normal,,,,,,upright,1.0,0.0,0.0,0.21643531322479248,37.46305415216226,0.15735965094318752,0.0739668607711792,37.46305415216226,55.29511699346826,lateral,1
102,3.6559,Participant 7-Upright_frame00102,train,90deg,lateral_Participant7,Participant7,Ectomorph,Normal,,,,,,upright,1.0,0.0,0.0,0.22130289673805237,38.142228173920024,0.16168066138421547,0.0769573450088501,38.142228173920024,55.29452452575356,lateral,1
103,3.6918,Participant 7-Upright_frame00103,train,90deg,lateral_Participant7,Participant7,Ectomorph,Normal,,,,,,upright,1.0,0.0,0.0,0.28324201703071594,35.31826194546478,0.154630238827815,0.06223607063293457,35.31826194546478,57.02039019954125,lateral,1
104,3.7276,Participant 7-Upright_frame00104,train,90deg,lateral_Participant7,Participant7,Ectomorph,Normal,,,,,,upright,1.0,0.0,0.0,0.25613775849342346,36.300739167165986,0.15322909061761245,0.0650603175163269,36.300739167165986,57.47402179055653,lateral,1
105,3.7635,Participant 7-Upright_frame00105,train,90deg,lateral_Participant7,Participant7,Ectomorph,Normal,,,,,,upright,1.0,0.0,0.0,0.3016263246536255,35.10702431591042,0.13288541770548984,0.062256693840026855,35.10702431591042,55.44899580463335,lateral,1
106,3.7993,Participant 7-Upright_frame00106,train,90deg,lateral_Participant7,Participant7,Ectomorph,Normal,,,,,,upright,1.0,0.0,0.0,0.3061639368534088,34.600270533497465,0.12653558544985524,0.06133764982223511,34.600270533497465,55.51753627139108,lateral,1
107,3.8351,Participant 7-Upright_frame00107,train,90deg,lateral_Participant7,Participant7,Ectomorph,Normal,,,,,,upright,1.0,0.0,0.0,0.293355256319046,36.99893496706476,0.1557861553763734,0.07329267263412476,36.99893496706476,56.00204855112258,lateral,1
108,3.871,Participant 7-Upright_frame00108,train,90deg,lateral_Participant7,Participant7,Ectomorph,Normal,,,,,,upright,1.0,0.0,0.0,0.2597230076789856,36.65393465183616,0.15570319763242388,0.06694066524505615,36.65393465183616,56.844377815981524,lateral,1
109,3.9068,Participant 7-Upright_frame00109,train,90deg,lateral_Participant7,Participant7,Ectomorph,Normal,,,,,,upright,1.0,0.0,0.0,0.2416275441646576,35.91606266211592,0.1353702792601131,0.06604993343353271,35.91606266211592,56.80357658468683,lateral,1
110,3.9427,Participant 7-Upright_frame00110,train,90deg,lateral_Participant7,Participant7,Ectomorph,Normal,,,,,,upright,1.0,0.0,0.0,0.18813630938529968,35.843771734125276,0.13884369036555533,0.05663597583770752,35.843771734125276,56.41547344438383,lateral,1
111,3.9785,Participant 7-Upright_frame00111,train,90deg,lateral_Participant7,Participant7,Ectomorph,Normal,,,,,,upright,1.0,0.0,0.0,0.250871866941452,36.48307126251241,0.1371373434214964,0.07015448808670044,36.48307126251241,54.71274945115671,lateral,1
112,4.0143,Participant 7-Upright_frame00112,train,90deg,lateral_Participant7,Participant7,Ectomorph,Normal,,,,,,upright,1.0,0.0,0.0,0.2675376236438751,36.64076968834339,0.14328075223079034,0.06790602207183838,36.64076968834339,57.07828741643974,lateral,1
113,4.0502,Participant 7-Upright_frame00113,train,90deg,lateral_Participant7,Participant7,Ectomorph,Normal,,,,,,upright,1.0,0.0,0.0,0.27651000022888184,36.357482981865424,0.1666485695932804,0.07415300607681274,36.357482981865424,55.03000668135941,lateral,1
114,4.086,Participant 7-Upright_frame00114,train,90deg,lateral_Participant7,Participant7,Ectomorph,Normal,,,,,,upright,1.0,0.0,0.0,0.26619523763656616,37.34000089121782,0.13821219780490937,0.06540662050247192,37.34000089121782,55.307579292448,lateral,1
115,4.1219,Participant 7-Upright_frame00115,train,90deg,lateral_Participant7,Participant7,Ectomorph,Normal,,,,,,upright,1.0,0.0,0.0,0.2648807168006897,36.9875152205893,0.14135942802917886,0.06786799430847168,36.9875152205893,55.84712110777257,lateral,1
116,4.1577,Participant 7-Upright_frame00116,train,90deg,lateral_Participant7,Participant7,Ectomorph,Normal,,,,,,upright,1.0,0.0,0.0,0.24944600462913513,37.37408830007668,0.1340076296706568,0.0668480396270752,37.37408830007668,56.17918097880081,lateral,1
117,4.1936,Participant 7-Upright_frame00117,train,90deg,lateral_Participant7,Participant7,Ectomorph,Normal,,,,,,upright,1.0,0.0,0.0,0.27865609526634216,36.760996999639595,0.1391282379491985,0.06942993402481079,36.760996999639595,56.748044514830184,lateral,1
118,4.2294,Participant 7-Upright_frame00118,train,90deg,lateral_Participant7,Participant7,Ectomorph,Normal,,,,,,upright,1.0,0.0,0.0,0.30590876936912537,34.23408133776502,0.13890234306821658,0.062011122703552246,34.23408133776502,55.185230099141585,lateral,1
119,4.2652,Participant 7-Upright_frame00119,train,90deg,lateral_Participant7,Participant7,Ectomorph,Normal,,,,,,upright,1.0,0.0,0.0,0.24314677715301514,36.44933580009132,0.1439274485255098,0.06177729368209839,36.44933580009132,55.417360588694756,lateral,1
120,4.3011,Participant 7-Upright_frame00120,train,90deg,lateral_Participant7,Participant7,Ectomorph,Normal,,,,,,upright,1.0,0.0,0.0,0.27505841851234436,36.81474520291968,0.1338591690043824,0.0685686469078064,36.81474520291968,54.802437231347575,lateral,1
121,4.3369,Participant 7-Upright_frame00121,train,90deg,lateral_Participant7,Participant7,Ectomorph,Normal,,,,,,upright,1.0,0.0,0.0,0.19831767678260803,35.574850342196854,0.11337236363475112,0.04402494430541992,35.574850342196854,56.6630263819713,lateral,1
122,4.3728,Participant 7-Upright_frame00122,train,90deg,lateral_Participant7,Participant7,Ectomorph,Normal,,,,,,upright,1.0,0.0,0.0,0.2695462703704834,38.32000325355998,0.16252364176591177,0.07983285188674927,38.32000325355998,54.77582151368876,lateral,1
123,4.4086,Participant 7-Upright_frame00123,train,90deg,lateral_Participant7,Participant7,Ectomorph,Normal,,,,,,upright,1.0,0.0,0.0,0.22181105613708496,35.9376347168782,0.127501629808483,0.05745804309844971,35.9376347168782,55.87945078056844,lateral,1
124,4.4445,Participant 7-Upright_frame00124,train,90deg,lateral_Participant7,Participant7,Ectomorph,Normal,,,,,,upright,1.0,0.0,0.0,0.2393282949924469,34.584639950033775,0.11565291399296783,0.049015581607818604,34.584639950033775,57.62047112244883,lateral,1
125,4.4803,Participant 7-Upright_frame00125,train,90deg,lateral_Participant7,Participant7,Ectomorph,Normal,,,,,,upright,1.0,0.0,0.0,0.26352763175964355,35.51857066486039,0.1454681295006151,0.06165987253189087,35.51857066486039,56.6917985973617,lateral,1
126,4.5161,Participant 7-Upright_frame00126,train,90deg,lateral_Participant7,Participant7,Ectomorph,Normal,,,,,,upright,1.0,0.0,0.0,0.2773435413837433,34.97052609202561,0.12221251717325395,0.059707820415496826,34.97052609202561,56.19022873817241,lateral,1
127,4.552,Participant 7-Upright_frame00127,train,90deg,lateral_Participant7,Participant7,Ectomorph,Normal,,,,,,upright,1.0,0.0,0.0,0.23856142163276672,36.519750715744685,0.15786168894404104,0.06950628757476807,36.519750715744685,56.41439334152368,lateral,1
128,4.5878,Participant 7-Upright_frame00128,train,90deg,lateral_Participant7,Participant7,Ectomorph,Normal,,,,,,upright,1.0,0.0,0.0,0.2537620961666107,37.097974995605384,0.17355642587326836,0.07970178127288818,37.097974995605384,56.094543598391624,lateral,1
129,4.6237,Participant 7-Upright_frame00129,train,90deg,lateral_Participant7,Participant7,Ectomorph,Normal,,,,,,upright,1.0,0.0,0.0,0.2727879583835602,35.89421922061282,0.1647612252555168,0.07289177179336548,35.89421922061282,57.38303694911601,lateral,1
130,4.6595,Participant 7-Upright_frame00130,train,90deg,lateral_Participant7,Participant7,Ectomorph,Normal,,,,,,upright,1.0,0.0,0.0,0.25899240374565125,38.239994587352626,0.1615324417296736,0.08058816194534302,38.239994587352626,55.201712645041,lateral,1
131,4.6954,Participant 7-Upright_frame00131,train,90deg,lateral_Participant7,Participant7,Ectomorph,Normal,,,,,,upright,1.0,0.0,0.0,0.23059281706809998,36.40718882942482,0.1537026684480516,0.07186686992645264,36.40718882942482,56.26997071496482,lateral,1
132,4.7312,Participant 7-Upright_frame00132,train,90deg,lateral_Participant7,Participant7,Ectomorph,Normal,,,,,,upright,1.0,0.0,0.0,0.2374076247215271,35.2907432423911,0.14991690744023828,0.06541699171066284,35.2907432423911,54.718698011498994,lateral,1
133,4.767,Participant 7-Upright_frame00133,train,90deg,lateral_Participant7,Participant7,Ectomorph,Normal,,,,,,upright,1.0,0.0,0.0,0.29334473609924316,38.309510489440015,0.16456013429845157,0.08346360921859741,38.309510489440015,55.12670395056728,lateral,1
134,4.8029,Participant 7-Upright_frame00134,train,90deg,lateral_Participant7,Participant7,Ectomorph,Normal,,,,,,upright,1.0,0.0,0.0,0.2798689603805542,38.19623324200421,0.14363936709711078,0.07692205905914307,38.19623324200421,55.13107626244013,lateral,1
135,4.8387,Participant 7-Upright_frame00135,train,90deg,lateral_Participant7,Participant7,Ectomorph,Normal,,,,,,upright,1.0,0.0,0.0,0.3198332190513611,36.53257611825235,0.14228084334538457,0.07303398847579956,36.53257611825235,54.663262976457695,lateral,1
136,4.8746,Participant 7-Upright_frame00136,train,90deg,lateral_Participant7,Participant7,Ectomorph,Normal,,,,,,upright,1.0,0.0,0.0,0.32841241359710693,35.47164100437549,0.15061094365784639,0.075897216796875,35.47164100437549,55.04665475296809,lateral,1
137,4.9104,Participant 7-Upright_frame00137,train,90deg,lateral_Participant7,Participant7,Ectomorph,Normal,,,,,,upright,1.0,0.0,0.0,0.27826789021492004,34.464617251038405,0.1165086551838526,0.051877498626708984,34.464617251038405,54.67793908567216,lateral,1
138,4.9462,Participant 7-Upright_frame00138,train,90deg,lateral_Participant7,Participant7,Ectomorph,Normal,,,,,,upright,1.0,0.0,0.0,0.2272428572177887,36.563665043662475,0.17785442432592716,0.07912755012512207,36.563665043662475,56.741314230775885,lateral,1
139,4.9821,Participant 7-Upright_frame00139,train,90deg,lateral_Participant7,Participant7,Ectomorph,Normal,,,,,,upright,1.0,0.0,0.0,0.28338971734046936,37.612487303306054,0.16598496235219284,0.07827824354171753,37.612487303306054,55.59076363356605,lateral,1
140,5.0179,Participant 7-Upright_frame00140,train,90deg,lateral_Participant7,Participant7,Ectomorph,Normal,,,,,,upright,1.0,0.0,0.0,0.20116692781448364,33.49666068970922,0.10670641654859546,0.04055303335189819,33.49666068970922,56.95502186874895,lateral,1
141,5.0538,Participant 7-Upright_frame00141,train,90deg,lateral_Participant7,Participant7,Ectomorph,Normal,,,,,,upright,1.0,0.0,0.0,0.30141836404800415,36.033560517579986,0.15430469734769808,0.07181715965270996,36.033560517579986,56.230327744628276,lateral,1
142,5.0896,Participant 7-Upright_frame00142,train,90deg,lateral_Participant7,Participant7,Ectomorph,Normal,,,,,,upright,1.0,0.0,0.0,0.2100515365600586,36.32553733635298,0.15830683896448558,0.06689685583114624,36.32553733635298,56.47795978996727,lateral,1
143,5.1255,Participant 7-Upright_frame00143,train,90deg,lateral_Participant7,Participant7,Ectomorph,Normal,,,,,,upright,1.0,0.0,0.0,0.20912456512451172,37.29732977569783,0.1515698980091366,0.061474740505218506,37.29732977569783,56.78343660653808,lateral,1
144,5.1613,Participant 7-Upright_frame00144,train,90deg,lateral_Participant7,Participant7,Ectomorph,Normal,,,,,,upright,1.0,0.0,0.0,0.2749756872653961,37.12227094966483,0.1552586652944363,0.0705597996711731,37.12227094966483,55.04860078030701,lateral,1
145,5.1971,Participant 7-Upright_frame00145,train,90deg,lateral_Participant7,Participant7,Ectomorph,Normal,,,,,,upright,1.0,0.0,0.0,0.23284485936164856,36.87080058417034,0.1336331121623148,0.06023299694061279,36.87080058417034,55.67664084528194,lateral,1
0,0.0,Participant 8-Slouch 2_frame00000,train,90deg,lateral_Participant8,Participant8,Mesomorph,Normal,,,,,,slouch,1.0,0.0,0.0,0.34535418450832367,48.78355296446147,0.03467173776237424,0.11282116174697876,48.78355296446147,33.842617597881535,lateral,1
1,0.0383,Participant 8-Slouch 2_frame00001,train,90deg,lateral_Participant8,Participant8,Mesomorph,Normal,,,,,,slouch,1.0,0.0,0.0,0.34952443838119507,52.07553854241281,0.02869272500805509,0.12330889701843262,52.07553854241281,32.85202279307389,lateral,1
2,0.0766,Participant 8-Slouch 2_frame00002,train,90deg,lateral_Participant8,Participant8,Mesomorph,Normal,,,,,,slouch,1.0,0.0,0.0,0.3412424772977829,49.84187048295353,0.035753454229002925,0.11824989318847656,49.84187048295353,33.05267583436328,lateral,1
3,0.1149,Participant 8-Slouch 2_frame00003,train,90deg,lateral_Participant8,Participant8,Mesomorph,Normal,,,,,,slouch,1.0,0.0,0.0,0.3667824864387512,51.763696325886144,0.029394005076359645,0.12502214312553406,51.763696325886144,33.87192439799582,lateral,1
4,0.1532,Participant 8-Slouch 2_frame00004,train,90deg,lateral_Participant8,Participant8,Mesomorph,Normal,,,,,,slouch,1.0,0.0,0.0,0.3497017025947571,53.23179617037281,0.02115379176985567,0.12441134452819824,53.23179617037281,33.38132301862014,lateral,1
5,0.1915,Participant 8-Slouch 2_frame00005,train,90deg,lateral_Participant8,Participant8,Mesomorph,Normal,,,,,,slouch,1.0,0.0,0.0,0.34688062965869904,53.28792707719701,0.02951593061914579,0.12638646364212036,53.28792707719701,32.27457575780685,lateral,1
6,0.2298,Participant 8-Slouch 2_frame00006,train,90deg,lateral_Participant8,Participant8,Mesomorph,Normal,,,,,,slouch,1.0,0.0,0.0,0.386161632835865,51.795295977996396,0.026228749918994286,0.127940833568573,51.795295977996396,32.84676983892675,lateral,1
7,0.2682,Participant 8-Slouch 2_frame00007,train,90deg,lateral_Participant8,Participant8,Mesomorph,Normal,,,,,,slouch,1.0,0.0,0.0,0.3732082396745682,51.38535575186019,0.02524978152397124,0.1154932975769043,51.38535575186019,32.76323684195616,lateral,1
8,0.3065,Participant 8-Slouch 2_frame00008,train,90deg,lateral_Participant8,Participant8,Mesomorph,Normal,,,,,,slouch,1.0,0.0,0.0,0.34874676167964935,55.27845156634448,0.027967638332475134,0.13345298171043396,55.27845156634448,32.30408081721735,lateral,1
9,0.3448,Participant 8-Slouch 2_frame00009,train,90deg,lateral_Participant8,Participant8,Mesomorph,Normal,,,,,,slouch,1.0,0.0,0.0,0.3576009124517441,51.14069962229554,0.03262388299034677,0.12199214100837708,51.14069962229554,31.53183597291275,lateral,1
10,0.3831,Participant 8-Slouch 2_frame00010,train,90deg,lateral_Participant8,Participant8,Mesomorph,Normal,,,,,,slouch,1.0,0.0,0.0,0.33356117457151413,51.00623048907256,0.023841355169423498,0.11857214570045471,51.00623048907256,33.46631303929227,lateral,1
11,0.4214,Participant 8-Slouch 2_frame00011,train,90deg,lateral_Participant8,Participant8,Mesomorph,Normal,,,,,,slouch,1.0,0.0,0.0,0.3432839512825012,52.462912994179895,0.02756444641574469,0.1251956820487976,52.462912994179895,33.217069286253924,lateral,1
12,0.4597,Participant 8-Slouch 2_frame00012,train,90deg,lateral_Participant8,Participant8,Mesomorph,Normal,,,,,,slouch,1.0,0.0,0.0,0.3794860690832138,51.44791037883066,0.029891246772326383,0.12628409266471863,51.44791037883066,32.366206496092,lateral,1
13,0.498,Participant 8-Slouch 2_frame00013,train,90deg,lateral_Participant8,Participant8,Mesomorph,Normal,,,,,,slouch,1.0,0.0,0.0,0.3508783429861069,49.42038943625007,0.029186331229118647,0.11183124780654907,49.42038943625007,33.36574465541538,lateral,1
14,0.5363,Participant 8-Slouch 2_frame00014,train,90deg,lateral_Participant8,Participant8,Mesomorph,Normal,,,,,,slouch,1.0,0.0,0.0,0.3693973794579506,51.94807999474577,0.030752501222749955,0.12194216251373291,51.94807999474577,33.324854860287154,lateral,1
15,0.5746,Participant 8-Slouch 2_frame00015,train,90deg,lateral_Participant8,Participant8,Mesomorph,Normal,,,,,,slouch,1.0,0.0,0.0,0.3783205449581146,51.19608292361085,0.0359377068237672,0.12561997771263123,51.19608292361085,33.4038943961949,lateral,1
16,0.6129,Participant 8-Slouch 2_frame00016,train,90deg,lateral_Participant8,Participant8,Mesomorph,Normal,,,,,,slouch,1.0,0.0,0.0,0.37734054774045944,52.50384399479973,0.03025699697266054,0.12810558080673218,52.50384399479973,33.07956950034969,lateral,1
17,0.6512,Participant 8-Slouch 2_frame00017,train,90deg,lateral_Participant8,Participant8,Mesomorph,Normal,,,,,,slouch,1.0,0.0,0.0,0.36251726001501083,51.71962998158009,0.03089156713731108,0.12417438626289368,51.71962998158009,32.94749262129423,lateral,1
18,0.6895,Participant 8-Slouch 2_frame00018,train,90deg,lateral_Participant8,Participant8,Mesomorph,Normal,,,,,,slouch,1.0,0.0,0.0,0.3421955406665802,50.72711186294956,0.02928303295781882,0.11730670928955078,50.72711186294956,32.2958375643118,lateral,1
19,0.7278,Participant 8-Slouch 2_frame00019,train,90deg,lateral_Participant8,Participant8,Mesomorph,Normal,,,,,,slouch,1.0,0.0,0.0,0.3911013677716255,52.85124312221463,0.029150943112064145,0.1255418360233307,52.85124312221463,33.698654045845636,lateral,1
20,0.7661,Participant 8-Slouch 2_frame00020,train,90deg,lateral_Participant8,Participant8,Mesomorph,Normal,,,,,,slouch,1.0,0.0,0.0,0.3946920558810234,51.36176660763506,0.029098489827544746,0.12045484781265259,51.36176660763506,34.23539478509259,lateral,1
21,0.8045,Participant 8-Slouch 2_frame00021,train,90deg,lateral_Participant8,Participant8,Mesomorph,Normal,,,,,,slouch,1.0,0.0,0.0,0.3740706741809845,53.24555596160629,0.0302721138219433,0.12382686138153076,53.24555596160629,32.8917854976536,lateral,1
22,0.8428,Participant 8-Slouch 2_frame00022,train,90deg,lateral_Participant8,Participant8,Mesomorph,Normal,,,,,,slouch,1.0,0.0,0.0,0.3735794574022293,54.21321146593724,0.03624008885930003,0.1310967206954956,54.21321146593724,32.05967980949565,lateral,1
23,0.8811,Participant 8-Slouch 2_frame00023,train,90deg,lateral_Participant8,Participant8,Mesomorph,Normal,,,,,,slouch,1.0,0.0,0.0,0.3165028542280197,49.08050293472792,0.03128628113784302,0.11403974890708923,49.08050293472792,34.026617604167775,lateral,1
24,0.9194,Participant 8-Slouch 2_frame00024,train,90deg,lateral_Participant8,Participant8,Mesomorph,Normal,,,,,,slouch,1.0,0.0,0.0,0.3567584306001663,53.650924105304306,0.03429959439845473,0.12663710117340088,53.650924105304306,32.668219270407576,lateral,1
25,0.9577,Participant 8-Slouch 2_frame00025,train,90deg,lateral_Participant8,Participant8,Mesomorph,Normal,,,,,,slouch,1.0,0.0,0.0,0.3417331874370575,52.41831284640682,0.02776787621124015,0.12493348121643066,52.41831284640682,32.777400359601515,lateral,1
26,0.996,Participant 8-Slouch 2_frame00026,train,90deg,lateral_Participant8,Participant8,Mesomorph,Normal,,,,,,slouch,1.0,0.0,0.0,0.3510071933269501,52.625140715360025,0.025220749655353446,0.1199319064617157,52.625140715360025,33.392651191193195,lateral,1
27,1.0343,Participant 8-Slouch 2_frame00027,train,90deg,lateral_Participant8,Participant8,Mesomorph,Normal,,,,,,slouch,1.0,0.0,0.0,0.37893395125865936,51.26538349714022,0.030683944366038454,0.11453354358673096,51.26538349714022,32.553290001531174,lateral,1
28,1.0726,Participant 8-Slouch 2_frame00028,train,90deg,lateral_Participant8,Participant8,Mesomorph,Normal,,,,,,slouch,1.0,0.0,0.0,0.36159902065992355,51.63780939025529,0.026354295952125326,0.11772149801254272,51.63780939025529,32.732761715864505,lateral,1
29,1.1109,Participant 8-Slouch 2_frame00029,train,90deg,lateral_Participant8,Participant8,Mesomorph,Normal,,,,,,slouch,1.0,0.0,0.0,0.3942764699459076,54.29142242474771,0.03391276789734029,0.12874650955200195,54.29142242474771,31.382129085614505,lateral,1
30,1.1492,Participant 8-Slouch 2_frame00030,train,90deg,lateral_Participant8,Participant8,Mesomorph,Normal,,,,,,slouch,1.0,0.0,0.0,0.3439360111951828,52.1992236831298,0.027484739603757018,0.12240603566169739,52.1992236831298,32.10754921586777,lateral,1
31,1.1875,Participant 8-Slouch 2_frame00031,train,90deg,lateral_Participant8,Participant8,Mesomorph,Normal,,,,,,slouch,1.0,0.0,0.0,0.3579191565513611,54.583611944956225,0.03353249197631636,0.12923908233642578,54.583611944956225,32.588207614287676,lateral,1
32,1.2258,Participant 8-Slouch 2_frame00032,train,90deg,lateral_Participant8,Participant8,Mesomorph,Normal,,,,,,slouch,1.0,0.0,0.0,0.38336411863565445,54.39851316240008,0.028132348975819385,0.12966394424438477,54.39851316240008,32.32507704428194,lateral,1
33,1.2641,Participant 8-Slouch 2_frame00033,train,90deg,lateral_Participant8,Participant8,Mesomorph,Normal,,,,,,slouch,1.0,0.0,0.0,0.38169874250888824,55.08586746435541,0.03102620737747526,0.12884151935577393,55.08586746435541,31.806953555995335,lateral,1
34,1.3024,Participant 8-Slouch 2_frame00034,train,90deg,lateral_Participant8,Participant8,Mesomorph,Normal,,,,,,slouch,1.0,0.0,0.0,0.3454744517803192,56.096508410849026,0.03917914231629636,0.13319548964500427,56.096508410849026,32.69519377090942,lateral,1
35,1.3408,Participant 8-Slouch 2_frame00035,train,90deg,lateral_Participant8,Participant8,Mesomorph,Normal,,,,,,slouch,1.0,0.0,0.0,0.3606565073132515,55.76690837579509,0.025665938818781667,0.13086453080177307,55.76690837579509,32.07648035226363,lateral,1
36,1.3791,Participant 8-Slouch 2_frame00036,train,90deg,lateral_Participant8,Participant8,Mesomorph,Normal,,,,,,slouch,1.0,0.0,0.0,0.33404407650232315,54.240271801824804,0.028180627778480627,0.12925365567207336,54.240271801824804,31.905502938865222,lateral,1
37,1.4174,Participant 8-Slouch 2_frame00037,train,90deg,lateral_Participant8,Participant8,Mesomorph,Normal,,,,,,slouch,1.0,0.0,0.0,0.36105315387248993,54.60506454131422,0.028689146065104615,0.13045501708984375,54.60506454131422,31.551506498917185,lateral,1
38,1.4557,Participant 8-Slouch 2_frame00038,train,90deg,lateral_Participant8,Participant8,Mesomorph,Normal,,,,,,slouch,1.0,0.0,0.0,0.34671828150749207,50.7515754747656,0.03579957999267628,0.11803767085075378,50.7515754747656,32.23709165242525,lateral,1
39,1.494,Participant 8-Slouch 2_frame00039,train,90deg,lateral_Participant8,Participant8,Mesomorph,Normal,,,,,,slouch,1.0,0.0,0.0,0.32876159250736237,50.54857613673221,0.03902157916399939,0.11817705631256104,50.54857613673221,31.674134544614322,lateral,1
40,1.5323,Participant 8-Slouch 2_frame00040,train,90deg,lateral_Participant8,Participant8,Mesomorph,Normal,,,,,,slouch,1.0,0.0,0.0,0.36328597366809845,52.219759108078804,0.03042978597850588,0.12289667129516602,52.219759108078804,33.2679954733711,lateral,1
41,1.5706,Participant 8-Slouch 2_frame00041,train,90deg,lateral_Participant8,Participant8,Mesomorph,Normal,,,,,,slouch,1.0,0.0,0.0,0.3495611548423767,49.51811296903586,0.034739481039322985,0.11477810144424438,49.51811296903586,33.26410175068501,lateral,1
42,1.6089,Participant 8-Slouch 2_frame00042,train,90deg,lateral_Participant8,Participant8,Mesomorph,Normal,,,,,,slouch,1.0,0.0,0.0,0.33866965770721436,54.185099751490036,0.04606693645776241,0.1307361125946045,54.185099751490036,33.51609728053297,lateral,1
43,1.6472,Participant 8-Slouch 2_frame00043,train,90deg,lateral_Participant8,Participant8,Mesomorph,Normal,,,,,,slouch,1.0,0.0,0.0,0.313146710395813,51.39814607895412,0.03849839487945834,0.11741593480110168,51.39814607895412,34.39025450356594,lateral,1
44,1.6855,Participant 8-Slouch 2_frame00044,train,90deg,lateral_Participant8,Participant8,Mesomorph,Normal,,,,,,slouch,1.0,0.0,0.0,0.35942865908145905,49.49542846284438,0.028071786575642358,0.1065572202205658,49.49542846284438,34.20137221531381,lateral,1
45,1.7238,Participant 8-Slouch 2_frame00045,train,90deg,lateral_Participant8,Participant8,Mesomorph,Normal,,,,,,slouch,1.0,0.0,0.0,0.3311620205640793,50.467599093455746,0.03108173605716606,0.11397433280944824,50.467599093455746,32.95001884044892,lateral,1
46,1.7621,Participant 8-Slouch 2_frame00046,train,90deg,lateral_Participant8,Participant8,Mesomorph,Normal,,,,,,slouch,1.0,0.0,0.0,0.38474132120609283,52.24207403374676,0.030695326634141373,0.1214735209941864,52.24207403374676,32.30740901273203,lateral,1
47,1.8004,Participant 8-Slouch 2_frame00047,train,90deg,lateral_Participant8,Participant8,Mesomorph,Normal,,,,,,slouch,1.0,0.0,0.0,0.3431036025285721,51.74893950864336,0.02997459514468908,0.12260636687278748,51.74893950864336,32.08787177200028,lateral,1
48,1.8387,Participant 8-Slouch 2_frame00048,train,90deg,lateral_Participant8,Participant8,Mesomorph,Normal,,,,,,slouch,1.0,0.0,0.0,0.3496027737855911,50.0278108494729,0.028172499785701913,0.11242195963859558,50.0278108494729,32.963257958196095,lateral,1
49,1.8771,Participant 8-Slouch 2_frame00049,train,90deg,lateral_Participant8,Participant8,Mesomorph,Normal,,,,,,slouch,1.0,0.0,0.0,0.37825921922922134,51.264591693284835,0.034013052016880166,0.12030738592147827,51.264591693284835,31.9099664515034,lateral,1
50,1.9154,Participant 8-Slouch 2_frame00050,train,90deg,lateral_Participant8,Participant8,Mesomorph,Normal,,,,,,slouch,1.0,0.0,0.0,0.3806643933057785,53.45240009983359,0.024019376378635448,0.1229933500289917,53.45240009983359,32.19886590081804,lateral,1
51,1.9537,Participant 8-Slouch 2_frame00051,train,90deg,lateral_Participant8,Participant8,Mesomorph,Normal,,,,,,slouch,1.0,0.0,0.0,0.33110351860523224,50.22774028431514,0.03610245102549215,0.11492311954498291,50.22774028431514,32.765314070927545,lateral,1
52,1.992,Participant 8-Slouch 2_frame00052,train,90deg,lateral_Participant8,Participant8,Mesomorph,Normal,,,,,,slouch,1.0,0.0,0.0,0.3445756733417511,52.24139033430351,0.038691393772086656,0.1220099925994873,52.24139033430351,32.187082872576745,lateral,1
53,2.0303,Participant 8-Slouch 2_frame00053,train,90deg,lateral_Participant8,Participant8,Mesomorph,Normal,,,,,,slouch,1.0,0.0,0.0,0.36203641444444656,51.00314196246807,0.03603214613183672,0.12064558267593384,51.00314196246807,33.13371306882088,lateral,1
54,2.0686,Participant 8-Slouch 2_frame00054,train,90deg,lateral_Participant8,Participant8,Mesomorph,Normal,,,,,,slouch,1.0,0.0,0.0,0.32328321039676666,50.8916928355457,0.03883415859138825,0.11747759580612183,50.8916928355457,32.177155961205116,lateral,1
55,2.1069,Participant 8-Slouch 2_frame00055,train,90deg,lateral_Participant8,Participant8,Mesomorph,Normal,,,,,,slouch,1.0,0.0,0.0,0.32854677736759186,52.11850921406468,0.02800938230612312,0.116803377866745,52.11850921406468,32.69074069492577,lateral,1
56,2.1452,Participant 8-Slouch 2_frame00056,train,90deg,lateral_Participant8,Participant8,Mesomorph,Normal,,,,,,slouch,1.0,0.0,0.0,0.3392232209444046,51.708308570993346,0.027906040133207476,0.11875218152999878,51.708308570993346,31.516847836062613,lateral,1
57,2.1835,Participant 8-Slouch 2_frame00057,train,90deg,lateral_Participant8,Participant8,Mesomorph,Normal,,,,,,slouch,1.0,0.0,0.0,0.36729346960783005,53.41202246183482,0.03928668083988492,0.13105562329292297,53.41202246183482,31.65923260927976,lateral,1
58,2.2218,Participant 8-Slouch 2_frame00058,train,90deg,lateral_Participant8,Participant8,Mesomorph,Normal,,,,,,slouch,1.0,0.0,0.0,0.34866827726364136,51.795024826976366,0.03578533172189223,0.1250292956829071,51.795024826976366,31.774397975333773,lateral,1
59,2.2601,Participant 8-Slouch 2_frame00059,train,90deg,lateral_Participant8,Participant8,Mesomorph,Normal,,,,,,slouch,1.0,0.0,0.0,0.3709864690899849,51.8778829078438,0.0273497999695185,0.11448091268539429,51.8778829078438,33.34637059922321,lateral,1
60,2.2984,Participant 8-Slouch 2_frame00060,train,90deg,lateral_Participant8,Participant8,Mesomorph,Normal,,,,,,slouch,1.0,0.0,0.0,0.3676830530166626,56.04500057784315,0.032862304833558925,0.12911558151245117,56.04500057784315,32.457606728729715,lateral,1
61,2.3367,Participant 8-Slouch 2_frame00061,train,90deg,lateral_Participant8,Participant8,Mesomorph,Normal,,,,,,slouch,1.0,0.0,0.0,0.3545519784092903,53.94858946896154,0.03194621962253195,0.12347951531410217,53.94858946896154,32.541359276857634,lateral,1
62,2.375,Participant 8-Slouch 2_frame00062,train,90deg,lateral_Participant8,Participant8,Mesomorph,Normal,,,,,,slouch,1.0,0.0,0.0,0.3611368387937546,50.814497743206644,0.03483505763270969,0.1204463541507721,50.814497743206644,32.699187440121236,lateral,1
63,2.4134,Participant 8-Slouch 2_frame00063,train,90deg,lateral_Participant8,Participant8,Mesomorph,Normal,,,,,,slouch,1.0,0.0,0.0,0.36062905937433243,51.35697061617571,0.029694799420998907,0.11510410904884338,51.35697061617571,33.26307783581389,lateral,1
64,2.4517,Participant 8-Slouch 2_frame00064,train,90deg,lateral_Participant8,Participant8,Mesomorph,Normal,,,,,,slouch,1.0,0.0,0.0,0.35438448190689087,52.58260581845448,0.030281330879407074,0.1233716607093811,52.58260581845448,33.56938216735528,lateral,1
65,2.49,Participant 8-Slouch 2_frame00065,train,90deg,lateral_Participant8,Participant8,Mesomorph,Normal,,,,,,slouch,1.0,0.0,0.0,0.3608643412590027,53.39383294778347,0.03132692391356009,0.12719666957855225,53.39383294778347,33.477157203585925,lateral,1
66,2.5283,Participant 8-Slouch 2_frame00066,train,90deg,lateral_Participant8,Participant8,Mesomorph,Normal,,,,,,slouch,1.0,0.0,0.0,0.3819231912493706,51.51490989334944,0.02959470595867324,0.11888623237609863,51.51490989334944,33.93889249517291,lateral,1
67,2.5666,Participant 8-Slouch 2_frame00067,train,90deg,lateral_Participant8,Participant8,Mesomorph,Normal,,,,,,slouch,1.0,0.0,0.0,0.3413224220275879,52.00453251859183,0.03284601205007633,0.12438982725143433,52.00453251859183,32.51237935140481,lateral,1
68,2.6049,Participant 8-Slouch 2_frame00068,train,90deg,lateral_Participant8,Participant8,Mesomorph,Normal,,,,,,slouch,1.0,0.0,0.0,0.3485608249902725,48.666025048046286,0.035299837800024846,0.1121470034122467,48.666025048046286,32.551403395072896,lateral,1
69,2.6432,Participant 8-Slouch 2_frame00069,train,90deg,lateral_Participant8,Participant8,Mesomorph,Normal,,,,,,slouch,1.0,0.0,0.0,0.3491181284189224,49.48473387601404,0.03789046691836195,0.1119438111782074,49.48473387601404,31.51671346655066,lateral,1
70,2.6815,Participant 8-Slouch 2_frame00070,train,90deg,lateral_Participant8,Participant8,Mesomorph,Normal,,,,,,slouch,1.0,0.0,0.0,0.33814382553100586,53.593455966903996,0.034055885907722315,0.12874454259872437,53.593455966903996,32.29418678452926,lateral,1
71,2.7198,Participant 8-Slouch 2_frame00071,train,90deg,lateral_Participant8,Participant8,Mesomorph,Normal,,,,,,slouch,1.0,0.0,0.0,0.3528854250907898,50.652000043657075,0.03839997220471391,0.11989986896514893,50.652000043657075,31.673510271024593,lateral,1
72,2.7581,Participant 8-Slouch 2_frame00072,train,90deg,lateral_Participant8,Participant8,Mesomorph,Normal,,,,,,slouch,1.0,0.0,0.0,0.34601813554763794,51.48702355473453,0.03336938702136122,0.12492543458938599,51.48702355473453,32.95690843737867,lateral,1
73,2.7964,Participant 8-Slouch 2_frame00073,train,90deg,lateral_Participant8,Participant8,Mesomorph,Normal,,,,,,slouch,1.0,0.0,0.0,0.3639623448252678,52.21659845167691,0.02782745222356238,0.12119889259338379,52.21659845167691,32.43519957915119,lateral,1
74,2.8347,Participant 8-Slouch 2_frame00074,train,90deg,lateral_Participant8,Participant8,Mesomorph,Normal,,,,,,slouch,1.0,0.0,0.0,0.34079983830451965,53.79581308595817,0.04799163558006251,0.13861581683158875,53.79581308595817,33.48900278344741,lateral,1
75,2.873,Participant 8-Slouch 2_frame00075,train,90deg,lateral_Participant8,Participant8,Mesomorph,Normal,,,,,,slouch,1.0,0.0,0.0,0.3437695801258087,49.75879782350653,0.03621474102493307,0.12255439162254333,49.75879782350653,31.832827199066905,lateral,1
76,2.9113,Participant 8-Slouch 2_frame00076,train,90deg,lateral_Participant8,Participant8,Mesomorph,Normal,,,,,,slouch,1.0,0.0,0.0,0.32602350413799286,49.23613266792972,0.032604796455672914,0.1145608127117157,49.23613266792972,34.25739525670824,lateral,1
77,2.9497,Participant 8-Slouch 2_frame00077,train,90deg,lateral_Participant8,Participant8,Mesomorph,Normal,,,,,,slouch,1.0,0.0,0.0,0.32928280532360077,49.6910351596238,0.032773801210197046,0.11543074250221252,49.6910351596238,33.854650762450596,lateral,1
78,2.988,Participant 8-Slouch 2_frame00078,train,90deg,lateral_Participant8,Participant8,Mesomorph,Normal,,,,,,slouch,1.0,0.0,0.0,0.38161054253578186,51.915233394790064,0.025680557514243012,0.11684209108352661,51.915233394790064,32.95097109195097,lateral,1
79,3.0263,Participant 8-Slouch 2_frame00079,train,90deg,lateral_Participant8,Participant8,Mesomorph,Normal,,,,,,slouch,1.0,0.0,0.0,0.3635110408067703,51.26545689972659,0.035202557018639676,0.1198718249797821,51.26545689972659,33.409071182104995,lateral,1
80,3.0646,Participant 8-Slouch 2_frame00080,train,90deg,lateral_Participant8,Participant8,Mesomorph,Normal,,,,,,slouch,1.0,0.0,0.0,0.33312947303056717,53.31634674589248,0.02714432611284586,0.12350288033485413,53.31634674589248,32.87331639201314,lateral,1
81,3.1029,Participant 8-Slouch 2_frame00081,train,90deg,lateral_Participant8,Participant8,Mesomorph,Normal,,,,,,slouch,1.0,0.0,0.0,0.3444109484553337,55.22499429278412,0.04063919745976382,0.131526917219162,55.22499429278412,31.850875668758107,lateral,1
82,3.1412,Participant 8-Slouch 2_frame00082,train,90deg,lateral_Participant8,Participant8,Mesomorph,Normal,,,,,,slouch,1.0,0.0,0.0,0.3858768939971924,53.07813039004178,0.02919491583968764,0.12417149543762207,53.07813039004178,33.019848049964885,lateral,1
83,3.1795,Participant 8-Slouch 2_frame00083,train,90deg,lateral_Participant8,Participant8,Mesomorph,Normal,,,,,,slouch,1.0,0.0,0.0,0.3468049168586731,50.99629279294932,0.02822341843777701,0.11497315764427185,50.99629279294932,34.04528553027013,lateral,1
84,3.2178,Participant 8-Slouch 2_frame00084,train,90deg,lateral_Participant8,Participant8,Mesomorph,Normal,,,,,,slouch,1.0,0.0,0.0,0.34441347420215607,51.36459403783696,0.029923273448157525,0.12134188413619995,51.36459403783696,33.99585910193973,lateral,1
85,3.2561,Participant 8-Slouch 2_frame00085,train,90deg,lateral_Participant8,Participant8,Mesomorph,Normal,,,,,,slouch,1.0,0.0,0.0,0.3382764458656311,52.87628169480365,0.03716932817178211,0.1263265609741211,52.87628169480365,33.729720677414996,lateral,1
86,3.2944,Participant 8-Slouch 2_frame00086,train,90deg,lateral_Participant8,Participant8,Mesomorph,Normal,,,,,,slouch,1.0,0.0,0.0,0.3531466871500015,51.365351644942024,0.032483864559442834,0.12175711989402771,51.365351644942024,33.48964570825473,lateral,1
87,3.3327,Participant 8-Slouch 2_frame00087,train,90deg,lateral_Participant8,Participant8,Mesomorph,Normal,,,,,,slouch,1.0,0.0,0.0,0.3739916905760765,49.23467273150811,0.025007606567090793,0.11439085006713867,49.23467273150811,34.67166277557429,lateral,1
88,3.371,Participant 8-Slouch 2_frame00088,train,90deg,lateral_Participant8,Participant8,Mesomorph,Normal,,,,,,slouch,1.0,0.0,0.0,0.3449331894516945,50.32947869523612,0.03266117139253029,0.11798107624053955,50.32947869523612,32.83636619568957,lateral,1
89,3.4093,Participant 8-Slouch 2_frame00089,train,90deg,lateral_Participant8,Participant8,Mesomorph,Normal,,,,,,slouch,1.0,0.0,0.0,0.3566591590642929,51.18530853425249,0.030722352187093377,0.11251211166381836,51.18530853425249,31.919398270693904,lateral,1
90,3.4477,Participant 8-Slouch 2_frame00090,train,90deg,lateral_Participant8,Participant8,Mesomorph,Normal,,,,,,slouch,1.0,0.0,0.0,0.351552277803421,53.211877401398716,0.024473198902479683,0.12007713317871094,53.211877401398716,31.939744066164963,lateral,1
91,3.486,Participant 8-Slouch 2_frame00091,train,90deg,lateral_Participant8,Participant8,Mesomorph,Normal,,,,,,slouch,1.0,0.0,0.0,0.3510657101869583,54.52935692823233,0.034184269642687726,0.12620174884796143,54.52935692823233,32.47171372548156,lateral,1
92,3.5243,Participant 8-Slouch 2_frame00092,train,90deg,lateral_Participant8,Participant8,Mesomorph,Normal,,,,,,slouch,1.0,0.0,0.0,0.3660142868757248,55.18426703427226,0.031811661658703874,0.12651371955871582,55.18426703427226,32.053810996508176,lateral,1
93,3.5626,Participant 8-Slouch 2_frame00093,train,90deg,lateral_Participant8,Participant8,Mesomorph,Normal,,,,,,slouch,1.0,0.0,0.0,0.3404604643583298,52.786315902571076,0.027281153712071127,0.1218709945678711,52.786315902571076,32.69654225080158,lateral,1
94,3.6009,Participant 8-Slouch 2_frame00094,train,90deg,lateral_Participant8,Participant8,Mesomorph,Normal,,,,,,slouch,1.0,0.0,0.0,0.3818713501095772,50.73035600538712,0.02525202634076982,0.11612367630004883,50.73035600538712,32.45090318747866,lateral,1
95,3.6392,Participant 8-Slouch 2_frame00095,train,90deg,lateral_Participant8,Participant8,Mesomorph,Normal,,,,,,slouch,1.0,0.0,0.0,0.3543368726968765,51.64149762953343,0.025061589481594773,0.11693108081817627,51.64149762953343,32.50954601027998,lateral,1
96,3.6775,Participant 8-Slouch 2_frame00096,train,90deg,lateral_Participant8,Participant8,Mesomorph,Normal,,,,,,slouch,1.0,0.0,0.0,0.3323074281215668,49.52366625186605,0.029458469317977513,0.11787694692611694,49.52366625186605,34.261441699784186,lateral,1
97,3.7158,Participant 8-Slouch 2_frame00097,train,90deg,lateral_Participant8,Participant8,Mesomorph,Normal,,,,,,slouch,1.0,0.0,0.0,0.3341342657804489,48.430224304671356,0.03484396823422946,0.11840641498565674,48.430224304671356,33.709848458651805,lateral,1
98,3.7541,Participant 8-Slouch 2_frame00098,train,90deg,lateral_Participant8,Participant8,Mesomorph,Normal,,,,,,slouch,1.0,0.0,0.0,0.34304776787757874,51.95035721208333,0.032430961322481223,0.12108635902404785,51.95035721208333,34.27848328269798,lateral,1
99,3.7924,Participant 8-Slouch 2_frame00099,train,90deg,lateral_Participant8,Participant8,Mesomorph,Normal,,,,,,slouch,1.0,0.0,0.0,0.3315284252166748,53.35547785870493,0.03249539996433913,0.1273881196975708,53.35547785870493,32.97759270303084,lateral,1
100,3.8307,Participant 8-Slouch 2_frame00100,train,90deg,lateral_Participant8,Participant8,Mesomorph,Normal,,,,,,slouch,1.0,0.0,0.0,0.40742959827184677,56.23761784064187,0.02936002994670123,0.12826332449913025,56.23761784064187,32.4692836961686,lateral,1
101,3.869,Participant 8-Slouch 2_frame00101,train,90deg,lateral_Participant8,Participant8,Mesomorph,Normal,,,,,,slouch,1.0,0.0,0.0,0.3768928721547127,52.53792777306989,0.025054475944389924,0.11990994215011597,52.53792777306989,32.521616543446875,lateral,1
102,3.9073,Participant 8-Slouch 2_frame00102,train,90deg,lateral_Participant8,Participant8,Mesomorph,Normal,,,,,,slouch,1.0,0.0,0.0,0.34293558448553085,51.671370903713544,0.023407038227853172,0.11864727735519409,51.671370903713544,31.635619407719876,lateral,1
103,3.9456,Participant 8-Slouch 2_frame00103,train,90deg,lateral_Participant8,Participant8,Mesomorph,Normal,,,,,,slouch,1.0,0.0,0.0,0.3591168150305748,54.07218514396192,0.030581290011266336,0.12312865257263184,54.07218514396192,33.25108904147683,lateral,1
104,3.984,Participant 8-Slouch 2_frame00104,train,90deg,lateral_Participant8,Participant8,Mesomorph,Normal,,,,,,slouch,1.0,0.0,0.0,0.37184447050094604,53.34629935434591,0.021026487627970197,0.11987641453742981,53.34629935434591,31.132254561917104,lateral,1
105,4.0223,Participant 8-Slouch 2_frame00105,train,90deg,lateral_Participant8,Participant8,Mesomorph,Normal,,,,,,slouch,1.0,0.0,0.0,0.36888767778873444,52.35098255801777,0.027329283421661344,0.12223935127258301,52.35098255801777,31.60935315393597,lateral,1
106,4.0606,Participant 8-Slouch 2_frame00106,train,90deg,lateral_Participant8,Participant8,Mesomorph,Normal,,,,,,slouch,1.0,0.0,0.0,0.3574157580733299,52.67101130110623,0.02394401136162828,0.12102776765823364,52.67101130110623,32.09533585869349,lateral,1
107,4.0989,Participant 8-Slouch 2_frame00107,train,90deg,lateral_Participant8,Participant8,Mesomorph,Normal,,,,,,slouch,1.0,0.0,0.0,0.3566019907593727,52.816047165575014,0.024101497305084072,0.12188786268234253,52.816047165575014,32.32206305819497,lateral,1
108,4.1372,Participant 8-Slouch 2_frame00108,train,90deg,lateral_Participant8,Participant8,Mesomorph,Normal,,,,,,slouch,1.0,0.0,0.0,0.35507750511169434,56.19545339366266,0.034294761160199416,0.12676465511322021,56.19545339366266,32.96964318092496,lateral,1
109,4.1755,Participant 8-Slouch 2_frame00109,train,90deg,lateral_Participant8,Participant8,Mesomorph,Normal,,,,,,slouch,1.0,0.0,0.0,0.34985529631376266,53.79855660126553,0.02236149272286246,0.12120521068572998,53.79855660126553,32.33887218321782,lateral,1
110,4.2138,Participant 8-Slouch 2_frame00110,train,90deg,lateral_Participant8,Participant8,Mesomorph,Normal,,,,,,slouch,1.0,0.0,0.0,0.3631286174058914,53.724945314809766,0.02664514829238533,0.12362068891525269,53.724945314809766,30.568008382874403,lateral,1
111,4.2521,Participant 8-Slouch 2_frame00111,train,90deg,lateral_Participant8,Participant8,Mesomorph,Normal,,,,,,slouch,1.0,0.0,0.0,0.32925958931446075,51.923082008048524,0.028115249601985547,0.12009108066558838,51.923082008048524,32.34960867872538,lateral,1
112,4.2904,Participant 8-Slouch 2_frame00112,train,90deg,lateral_Participant8,Participant8,Mesomorph,Normal,,,,,,slouch,1.0,0.0,0.0,0.3324103206396103,51.756726795101066,0.03473664806428899,0.11933019757270813,51.756726795101066,32.16407899912998,lateral,1
113,4.3287,Participant 8-Slouch 2_frame00113,train,90deg,lateral_Participant8,Participant8,Mesomorph,Normal,,,,,,slouch,1.0,0.0,0.0,0.3684462159872055,51.405832814225654,0.028599909011441993,0.11707204580307007,51.405832814225654,29.635443641840638,lateral,1
114,4.367,Participant 8-Slouch 2_frame00114,train,90deg,lateral_Participant8,Participant8,Mesomorph,Normal,,,,,,slouch,1.0,0.0,0.0,0.3456203490495682,56.47740275483429,0.0435157986584236,0.13596901297569275,56.47740275483429,32.30530015493326,lateral,1
115,4.4053,Participant 8-Slouch 2_frame00115,train,90deg,lateral_Participant8,Participant8,Mesomorph,Normal,,,,,,slouch,1.0,0.0,0.0,0.33680668473243713,52.673282555687706,0.02954544678158967,0.12447839975357056,52.673282555687706,31.578339251092494,lateral,1
116,4.4436,Participant 8-Slouch 2_frame00116,train,90deg,lateral_Participant8,Participant8,Mesomorph,Normal,,,,,,slouch,1.0,0.0,0.0,0.34801141917705536,56.88409994987279,0.03363795206052867,0.1332358717918396,56.88409994987279,30.877751250568735,lateral,1
117,4.4819,Participant 8-Slouch 2_frame00117,train,90deg,lateral_Participant8,Participant8,Mesomorph,Normal,,,,,,slouch,1.0,0.0,0.0,0.32966676354408264,50.69081195299286,0.033359950232084205,0.12446892261505127,50.69081195299286,32.37002171362123,lateral,1
118,4.5203,Participant 8-Slouch 2_frame00118,train,90deg,lateral_Participant8,Participant8,Mesomorph,Normal,,,,,,slouch,1.0,0.0,0.0,0.33790241181850433,54.33060976109012,0.028927836039186403,0.12348759174346924,54.33060976109012,30.238353190363384,lateral,1
119,4.5586,Participant 8-Slouch 2_frame00119,train,90deg,lateral_Participant8,Participant8,Mesomorph,Normal,,,,,,slouch,1.0,0.0,0.0,0.3501557856798172,56.01931362924485,0.028997646057406515,0.12596607208251953,56.01931362924485,30.1554151504457,lateral,1
120,4.5969,Participant 8-Slouch 2_frame00120,train,90deg,lateral_Participant8,Participant8,Mesomorph,Normal,,,,,,slouch,1.0,0.0,0.0,0.3763120546936989,50.61758666041796,0.03248751741441532,0.12206149101257324,50.61758666041796,31.421501740867622,lateral,1
121,4.6352,Participant 8-Slouch 2_frame00121,train,90deg,lateral_Participant8,Participant8,Mesomorph,Normal,,,,,,slouch,1.0,0.0,0.0,0.35951362550258636,50.00636000842336,0.03029462600886324,0.12199327349662781,50.00636000842336,31.252355875509807,lateral,1
122,4.6735,Participant 8-Slouch 2_frame00122,train,90deg,lateral_Participant8,Participant8,Mesomorph,Normal,,,,,,slouch,1.0,0.0,0.0,0.37489429116249084,54.74548581973372,0.038634989860179214,0.13070148229599,54.74548581973372,32.596350392445075,lateral,1
123,4.7118,Participant 8-Slouch 2_frame00123,train,90deg,lateral_Participant8,Participant8,Mesomorph,Normal,,,,,,slouch,1.0,0.0,0.0,0.37496110051870346,54.504535135974635,0.03503875286452052,0.13219594955444336,54.504535135974635,31.745005596336807,lateral,1
124,4.7501,Participant 8-Slouch 2_frame00124,train,90deg,lateral_Participant8,Participant8,Mesomorph,Normal,,,,,,slouch,1.0,0.0,0.0,0.36451081186532974,56.16026660772154,0.03485219967016714,0.13650363683700562,56.16026660772154,31.3105456442769,lateral,1
125,4.7884,Participant 8-Slouch 2_frame00125,train,90deg,lateral_Participant8,Participant8,Mesomorph,Normal,,,,,,slouch,1.0,0.0,0.0,0.33595359325408936,54.75822811741181,0.03356298212970614,0.1267056167125702,54.75822811741181,31.71722101009044,lateral,1
126,4.8267,Participant 8-Slouch 2_frame00126,train,90deg,lateral_Participant8,Participant8,Mesomorph,Normal,,,,,,slouch,1.0,0.0,0.0,0.3448581099510193,52.94402918343766,0.032228802190347315,0.12560135126113892,52.94402918343766,32.53643304433711,lateral,1
127,4.865,Participant 8-Slouch 2_frame00127,train,90deg,lateral_Participant8,Participant8,Mesomorph,Normal,,,,,,slouch,1.0,0.0,0.0,0.3544495105743408,53.640234915279365,0.025445162605123615,0.1277686357498169,53.640234915279365,32.13784699504614,lateral,1
128,4.9033,Participant 8-Slouch 2_frame00128,train,90deg,lateral_Participant8,Participant8,Mesomorph,Normal,,,,,,slouch,1.0,0.0,0.0,0.34679947793483734,50.39459370299524,0.03245794059471192,0.11781036853790283,50.39459370299524,31.61679329151547,lateral,1
129,4.9416,Participant 8-Slouch 2_frame00129,train,90deg,lateral_Participant8,Participant8,Mesomorph,Normal,,,,,,slouch,1.0,0.0,0.0,0.3520539700984955,54.16132178181935,0.03439550375536082,0.12709534168243408,54.16132178181935,32.67497086086175,lateral,1
130,4.9799,Participant 8-Slouch 2_frame00130,train,90deg,lateral_Participant8,Participant8,Mesomorph,Normal,,,,,,slouch,1.0,0.0,0.0,0.36381639540195465,49.25247574309024,0.03217630973334222,0.11368536949157715,49.25247574309024,33.169705810693884,lateral,1
131,5.0182,Participant 8-Slouch 2_frame00131,train,90deg,lateral_Participant8,Participant8,Mesomorph,Normal,,,,,,slouch,1.0,0.0,0.0,0.3400229215621948,51.29503087261453,0.031199333939226873,0.11794489622116089,51.29503087261453,32.51282824020628,lateral,1
132,5.0566,Participant 8-Slouch 2_frame00132,train,90deg,lateral_Participant8,Participant8,Mesomorph,Normal,,,,,,slouch,1.0,0.0,0.0,0.34391332417726517,47.6578724152603,0.032560628517404086,0.10919368267059326,47.6578724152603,32.66036448114103,lateral,1
133,5.0949,Participant 8-Slouch 2_frame00133,train,90deg,lateral_Participant8,Participant8,Mesomorph,Normal,,,,,,slouch,1.0,0.0,0.0,0.3369155377149582,51.991181051495744,0.026475648599902087,0.12322604656219482,51.991181051495744,32.61149975796982,lateral,1
134,5.1332,Participant 8-Slouch 2_frame00134,train,90deg,lateral_Participant8,Participant8,Mesomorph,Normal,,,,,,slouch,1.0,0.0,0.0,0.34264302253723145,51.29805764732,0.03215414612776692,0.12245294451713562,51.29805764732,31.765136354068513,lateral,1
135,5.1715,Participant 8-Slouch 2_frame00135,train,90deg,lateral_Participant8,Participant8,Mesomorph,Normal,,,,,,slouch,1.0,0.0,0.0,0.36369049549102783,50.35676523908824,0.03546905717610142,0.11891448497772217,50.35676523908824,31.114604202951224,lateral,1
136,5.2098,Participant 8-Slouch 2_frame00136,train,90deg,lateral_Participant8,Participant8,Mesomorph,Normal,,,,,,slouch,1.0,0.0,0.0,0.3489951640367508,54.59811540487955,0.03087365577319955,0.12784737348556519,54.59811540487955,31.42482843805257,lateral,1
137,5.2481,Participant 8-Slouch 2_frame00137,train,90deg,lateral_Participant8,Participant8,Mesomorph,Normal,,,,,,slouch,1.0,0.0,0.0,0.35580867528915405,54.388889288717756,0.032182276755431,0.12483412027359009,54.388889288717756,33.309400095063495,lateral,1
138,5.2864,Participant 8-Slouch 2_frame00138,train,90deg,lateral_Participant8,Participant8,Mesomorph,Normal,,,,,,slouch,1.0,0.0,0.0,0.36964310705661774,55.25987492864705,0.03796809272615577,0.12691551446914673,55.25987492864705,32.12754423282443,lateral,1
139,5.3247,Participant 8-Slouch 2_frame00139,train,90deg,lateral_Participant8,Participant8,Mesomorph,Normal,,,,,,slouch,1.0,0.0,0.0,0.3572975695133209,53.627767567527485,0.03041735859427347,0.12270405888557434,53.627767567527485,32.92703426934061,lateral,1
140,5.363,Participant 8-Slouch 2_frame00140,train,90deg,lateral_Participant8,Participant8,Mesomorph,Normal,,,,,,slouch,1.0,0.0,0.0,0.33630403876304626,50.830298769431245,0.030686490192183627,0.1182904839515686,50.830298769431245,32.70245096271724,lateral,1
141,5.4013,Participant 8-Slouch 2_frame00141,train,90deg,lateral_Participant8,Participant8,Mesomorph,Normal,,,,,,slouch,1.0,0.0,0.0,0.3226454257965088,50.76787508151711,0.025594402858836914,0.11475452780723572,50.76787508151711,32.79183065832898,lateral,1
142,5.4396,Participant 8-Slouch 2_frame00142,train,90deg,lateral_Participant8,Participant8,Mesomorph,Normal,,,,,,slouch,1.0,0.0,0.0,0.35112473368644714,55.3990482058668,0.031680752922045224,0.12775447964668274,55.3990482058668,31.935281407051352,lateral,1
143,5.4779,Participant 8-Slouch 2_frame00143,train,90deg,lateral_Participant8,Participant8,Mesomorph,Normal,,,,,,slouch,1.0,0.0,0.0,0.3373675048351288,49.2197753612764,0.030461914223823036,0.10980921983718872,49.2197753612764,34.371477650777855,lateral,1
144,5.5162,Participant 8-Slouch 2_frame00144,train,90deg,lateral_Participant8,Participant8,Mesomorph,Normal,,,,,,slouch,1.0,0.0,0.0,0.3474853113293648,53.767772401305116,0.03145069817698166,0.1251922845840454,53.767772401305116,32.983884228719205,lateral,1
145,5.5545,Participant 8-Slouch 2_frame00145,train,90deg,lateral_Participant8,Participant8,Mesomorph,Normal,,,,,,slouch,1.0,0.0,0.0,0.35008933395147324,51.647371856448224,0.030412737859474962,0.11841553449630737,51.647371856448224,30.737556277944318,lateral,1
146,5.5929,Participant 8-Slouch 2_frame00146,train,90deg,lateral_Participant8,Participant8,Mesomorph,Normal,,,,,,slouch,1.0,0.0,0.0,0.35491567850112915,51.85734548245248,0.030761392077748594,0.12186893820762634,51.85734548245248,31.456225521983765,lateral,1
147,5.6312,Participant 8-Slouch 2_frame00147,train,90deg,lateral_Participant8,Participant8,Mesomorph,Normal,,,,,,slouch,1.0,0.0,0.0,0.3660624772310257,53.506036653612405,0.028137175817611267,0.1223905086517334,53.506036653612405,31.07725955413194,lateral,1
148,5.6695,Participant 8-Slouch 2_frame00148,train,90deg,lateral_Participant8,Participant8,Mesomorph,Normal,,,,,,slouch,1.0,0.0,0.0,0.3385181576013565,53.546917713382676,0.023199484672583807,0.12112432718276978,53.546917713382676,32.44523483700597,lateral,1
0,0.0,Participant 8-Slouch_frame00000,train,90deg,lateral_Participant8,Participant8,Mesomorph,Normal,,,,,,slouch,1.0,0.0,0.0,0.4428721219301224,43.3401251140782,0.04969397625945333,0.10026746988296509,43.3401251140782,43.134043467914246,lateral,1
1,0.0383,Participant 8-Slouch_frame00001,train,90deg,lateral_Participant8,Participant8,Mesomorph,Normal,,,,,,slouch,1.0,0.0,0.0,0.3900153487920761,42.8010806018688,0.05494334593183008,0.09898924827575684,42.8010806018688,44.96315888416572,lateral,1
2,0.0766,Participant 8-Slouch_frame00002,train,90deg,lateral_Participant8,Participant8,Mesomorph,Normal,,,,,,slouch,1.0,0.0,0.0,0.42861752212047577,45.307104368057786,0.04175234560043623,0.10302448272705078,45.307104368057786,42.46388129722915,lateral,1
3,0.1149,Participant 8-Slouch_frame00003,train,90deg,lateral_Participant8,Participant8,Mesomorph,Normal,,,,,,slouch,1.0,0.0,0.0,0.4239337593317032,44.46494742945376,0.03388791955665893,0.09337496757507324,44.46494742945376,43.36119140909834,lateral,1
4,0.1532,Participant 8-Slouch_frame00004,train,90deg,lateral_Participant8,Participant8,Mesomorph,Normal,,,,,,slouch,1.0,0.0,0.0,0.4163959473371506,45.7255229887865,0.04303532531045728,0.10363483428955078,45.7255229887865,42.67074184907301,lateral,1
5,0.1915,Participant 8-Slouch_frame00005,train,90deg,lateral_Participant8,Participant8,Mesomorph,Normal,,,,,,slouch,1.0,0.0,0.0,0.40455183386802673,43.706314891403785,0.04576242559362476,0.09736788272857666,43.706314891403785,44.858712057800254,lateral,1
6,0.2298,Participant 8-Slouch_frame00006,train,90deg,lateral_Participant8,Participant8,Mesomorph,Normal,,,,,,slouch,1.0,0.0,0.0,0.426855131983757,44.8425814930451,0.045718747161109324,0.10260277986526489,44.8425814930451,44.98199227003009,lateral,1
7,0.2682,Participant 8-Slouch_frame00007,train,90deg,lateral_Participant8,Participant8,Mesomorph,Normal,,,,,,slouch,1.0,0.0,0.0,0.41329286992549896,44.80526246180022,0.0364795036311736,0.09770649671554565,44.80526246180022,43.232653588126674,lateral,1
8,0.3065,Participant 8-Slouch_frame00008,train,90deg,lateral_Participant8,Participant8,Mesomorph,Normal,,,,,,slouch,1.0,0.0,0.0,0.4165109470486641,45.72571607158025,0.044377267394641456,0.10401773452758789,45.72571607158025,43.58292955349515,lateral,1
9,0.3448,Participant 8-Slouch_frame00009,train,90deg,lateral_Participant8,Participant8,Mesomorph,Normal,,,,,,slouch,1.0,0.0,0.0,0.4382358640432358,44.63966070693157,0.04230330008050215,0.10274988412857056,44.63966070693157,42.06206401444328,lateral,1
10,0.3831,Participant 8-Slouch_frame00010,train,90deg,lateral_Participant8,Participant8,Mesomorph,Normal,,,,,,slouch,1.0,0.0,0.0,0.43168630450963974,45.537811960668456,0.051266404873354675,0.10448330640792847,45.537811960668456,42.461052234043656,lateral,1
11,0.4214,Participant 8-Slouch_frame00011,train,90deg,lateral_Participant8,Participant8,Mesomorph,Normal,,,,,,slouch,1.0,0.0,0.0,0.4105411469936371,43.99817192906882,0.04298264257309917,0.09863263368606567,43.99817192906882,43.59384356284774,lateral,1
12,0.4597,Participant 8-Slouch_frame00012,train,90deg,lateral_Participant8,Participant8,Mesomorph,Normal,,,,,,slouch,1.0,0.0,0.0,0.4603777825832367,46.909655992256305,0.04078176030539609,0.10960918664932251,46.909655992256305,42.6650276247131,lateral,1
13,0.498,Participant 8-Slouch_frame00013,train,90deg,lateral_Participant8,Participant8,Mesomorph,Normal,,,,,,slouch,1.0,0.0,0.0,0.42712076753377914,45.09473795568571,0.04298823531331365,0.10580682754516602,45.09473795568571,42.551104343812064,lateral,1
14,0.5363,Participant 8-Slouch_frame00014,train,90deg,lateral_Participant8,Participant8,Mesomorph,Normal,,,,,,slouch,1.0,0.0,0.0,0.40581320226192474,44.679349994697496,0.051280673308139985,0.1014668345451355,44.679349994697496,43.457072462896924,lateral,1
15,0.5746,Participant 8-Slouch_frame00015,train,90deg,lateral_Participant8,Participant8,Mesomorph,Normal,,,,,,slouch,1.0,0.0,0.0,0.4299258887767792,44.19559743100112,0.054239350598892684,0.10235506296157837,44.19559743100112,43.78773564291889,lateral,1
16,0.6129,Participant 8-Slouch_frame00016,train,90deg,lateral_Participant8,Participant8,Mesomorph,Normal,,,,,,slouch,1.0,0.0,0.0,0.45077846199274063,47.46721789091982,0.0392023740064323,0.10485798120498657,47.46721789091982,42.44682578754308,lateral,1
17,0.6512,Participant 8-Slouch_frame00017,train,90deg,lateral_Participant8,Participant8,Mesomorph,Normal,,,,,,slouch,1.0,0.0,0.0,0.4204055741429329,42.49859064176008,0.030834142513443515,0.09218907356262207,42.49859064176008,42.96123459224862,lateral,1
18,0.6895,Participant 8-Slouch_frame00018,train,90deg,lateral_Participant8,Participant8,Mesomorph,Normal,,,,,,slouch,1.0,0.0,0.0,0.440495315939188,44.13768733689873,0.03588284782714242,0.09793877601623535,44.13768733689873,43.05514451615575,lateral,1
19,0.7278,Participant 8-Slouch_frame00019,train,90deg,lateral_Participant8,Participant8,Mesomorph,Normal,,,,,,slouch,1.0,0.0,0.0,0.4208482354879379,44.753023001787746,0.0498741964555628,0.10591137409210205,44.753023001787746,43.124154166472586,lateral,1
20,0.7661,Participant 8-Slouch_frame00020,train,90deg,lateral_Participant8,Participant8,Mesomorph,Normal,,,,,,slouch,1.0,0.0,0.0,0.42509210109710693,44.46002337210993,0.03382853332395677,0.10067707300186157,44.46002337210993,41.64959139602225,lateral,1
21,0.8045,Participant 8-Slouch_frame00021,train,90deg,lateral_Participant8,Participant8,Mesomorph,Normal,,,,,,slouch,1.0,0.0,0.0,0.4263855814933777,46.96091315495073,0.05040132497246036,0.11197125911712646,46.96091315495073,42.81043004111268,lateral,1
22,0.8428,Participant 8-Slouch_frame00022,train,90deg,lateral_Participant8,Participant8,Mesomorph,Normal,,,,,,slouch,1.0,0.0,0.0,0.40020299702882767,48.233361407363354,0.0628855062091726,0.11509513854980469,48.233361407363354,43.081679541382606,lateral,1
23,0.8811,Participant 8-Slouch_frame00023,train,90deg,lateral_Participant8,Participant8,Mesomorph,Normal,,,,,,slouch,1.0,0.0,0.0,0.45683111995458603,44.55491394353647,0.03316333668039418,0.10006862878799438,44.55491394353647,41.72588890604392,lateral,1
24,0.9194,Participant 8-Slouch_frame00024,train,90deg,lateral_Participant8,Participant8,Mesomorph,Normal,,,,,,slouch,1.0,0.0,0.0,0.4016967937350273,45.78820895049304,0.050147020457808444,0.10695773363113403,45.78820895049304,43.077287660336204,lateral,1
25,0.9577,Participant 8-Slouch_frame00025,train,90deg,lateral_Participant8,Participant8,Mesomorph,Normal,,,,,,slouch,1.0,0.0,0.0,0.427650585770607,44.71948388404175,0.04515133018052103,0.09673291444778442,44.71948388404175,43.9765585349331,lateral,1
26,0.996,Participant 8-Slouch_frame00026,train,90deg,lateral_Participant8,Participant8,Mesomorph,Normal,,,,,,slouch,1.0,0.0,0.0,0.43123847246170044,44.63547522107874,0.047828623176422363,0.09771883487701416,44.63547522107874,44.210142165378606,lateral,1
27,1.0343,Participant 8-Slouch_frame00027,train,90deg,lateral_Participant8,Participant8,Mesomorph,Normal,,,,,,slouch,1.0,0.0,0.0,0.40649843215942383,44.518877334356425,0.04721684765634282,0.09612876176834106,44.518877334356425,44.77934773536482,lateral,1
28,1.0726,Participant 8-Slouch_frame00028,train,90deg,lateral_Participant8,Participant8,Mesomorph,Normal,,,,,,slouch,1.0,0.0,0.0,0.4044572785496712,45.22079659284786,0.054529701288478415,0.09756869077682495,45.22079659284786,44.59764354254906,lateral,1
29,1.1109,Participant 8-Slouch_frame00029,train,90deg,lateral_Participant8,Participant8,Mesomorph,Normal,,,,,,slouch,1.0,0.0,0.0,0.43444450944662094,45.3659936049686,0.04504988312501329,0.10133868455886841,45.3659936049686,43.87870419685267,lateral,1
30,1.1492,Participant 8-Slouch_frame00030,train,90deg,lateral_Participant8,Participant8,Mesomorph,Normal,,,,,,slouch,1.0,0.0,0.0,0.4269024580717087,43.85328312476984,0.037966065356822024,0.10183751583099365,43.85328312476984,42.84229641546783,lateral,1
31,1.1875,Participant 8-Slouch_frame00031,train,90deg,lateral_Participant8,Participant8,Mesomorph,Normal,,,,,,slouch,1.0,0.0,0.0,0.411382220685482,45.79341996323705,0.04868760040387326,0.1058967113494873,45.79341996323705,42.797713529923044,lateral,1
32,1.2258,Participant 8-Slouch_frame00032,train,90deg,lateral_Participant8,Participant8,Mesomorph,Normal,,,,,,slouch,1.0,0.0,0.0,0.3801945000886917,46.32554562203947,0.05001490283872439,0.10782849788665771,46.32554562203947,43.24079965527048,lateral,1
33,1.2641,Participant 8-Slouch_frame00033,train,90deg,lateral_Participant8,Participant8,Mesomorph,Normal,,,,,,slouch,1.0,0.0,0.0,0.3937072157859802,44.17922722155103,0.04004147778585081,0.09741270542144775,44.17922722155103,44.68225248811914,lateral,1
34,1.3024,Participant 8-Slouch_frame00034,train,90deg,lateral_Participant8,Participant8,Mesomorph,Normal,,,,,,slouch,1.0,0.0,0.0,0.3790997117757797,44.40518239370398,0.04366402632023442,0.10197198390960693,44.40518239370398,44.62758302856105,lateral,1
35,1.3408,Participant 8-Slouch_frame00035,train,90deg,lateral_Participant8,Participant8,Mesomorph,Normal,,,,,,slouch,1.0,0.0,0.0,0.41359231621026993,49.00631319923734,0.05537297176081099,0.11363577842712402,49.00631319923734,44.40908403491419,lateral,1
36,1.3791,Participant 8-Slouch_frame00036,train,90deg,lateral_Participant8,Participant8,Mesomorph,Normal,,,,,,slouch,1.0,0.0,0.0,0.4185057729482651,47.09957377174847,0.05313228421208442,0.10740077495574951,47.09957377174847,44.4107747304948,lateral,1
37,1.4174,Participant 8-Slouch_frame00037,train,90deg,lateral_Participant8,Participant8,Mesomorph,Normal,,,,,,slouch,1.0,0.0,0.0,0.3989894688129425,45.89954330962651,0.05154987863136708,0.10266309976577759,45.89954330962651,45.24822110035044,lateral,1
38,1.4557,Participant 8-Slouch_frame00038,train,90deg,lateral_Participant8,Participant8,Mesomorph,Normal,,,,,,slouch,1.0,0.0,0.0,0.3979335129261017,47.315665338712606,0.05279402247632671,0.10237252712249756,47.315665338712606,44.8112622771576,lateral,1
39,1.494,Participant 8-Slouch_frame00039,train,90deg,lateral_Participant8,Participant8,Mesomorph,Normal,,,,,,slouch,1.0,0.0,0.0,0.4010293185710907,47.30558418117606,0.05392632625115724,0.10607528686523438,47.30558418117606,44.45967371914231,lateral,1
40,1.5323,Participant 8-Slouch_frame00040,train,90deg,lateral_Participant8,Participant8,Mesomorph,Normal,,,,,,slouch,1.0,0.0,0.0,0.4015778452157974,45.094193336145956,0.04886355597156884,0.10238265991210938,45.094193336145956,44.50445213428089,lateral,1
41,1.5706,Participant 8-Slouch_frame00041,train,90deg,lateral_Participant8,Participant8,Mesomorph,Normal,,,,,,slouch,1.0,0.0,0.0,0.39291922748088837,47.45176547743968,0.055245271583977754,0.11347448825836182,47.45176547743968,43.91977424520945,lateral,1
42,1.6089,Participant 8-Slouch_frame00042,train,90deg,lateral_Participant8,Participant8,Mesomorph,Normal,,,,,,slouch,1.0,0.0,0.0,0.4029622822999954,50.47196603071742,0.07415126406038383,0.1178436279296875,50.47196603071742,43.47429289310186,lateral,1
43,1.6472,Participant 8-Slouch_frame00043,train,90deg,lateral_Participant8,Participant8,Mesomorph,Normal,,,,,,slouch,1.0,0.0,0.0,0.3963152915239334,44.454208246373184,0.04783452575506524,0.10203391313552856,44.454208246373184,44.00014773539339,lateral,1
44,1.6855,Participant 8-Slouch_frame00044,train,90deg,lateral_Participant8,Participant8,Mesomorph,Normal,,,,,,slouch,1.0,0.0,0.0,0.41015294939279556,46.31762252547782,0.05386570372684064,0.1054234504699707,46.31762252547782,44.859267467391255,lateral,1
45,1.7238,Participant 8-Slouch_frame00045,train,90deg,lateral_Participant8,Participant8,Mesomorph,Normal,,,,,,slouch,1.0,0.0,0.0,0.419851578772068,47.007994930669604,0.056296148036722955,0.1103050708770752,47.007994930669604,44.66687952437622,lateral,1
46,1.7621,Participant 8-Slouch_frame00046,train,90deg,lateral_Participant8,Participant8,Mesomorph,Normal,,,,,,slouch,1.0,0.0,0.0,0.39547041058540344,45.769508769210915,0.05748483336798791,0.11059397459030151,45.769508769210915,45.09508515051383,lateral,1
47,1.8004,Participant 8-Slouch_frame00047,train,90deg,lateral_Participant8,Participant8,Mesomorph,Normal,,,,,,slouch,1.0,0.0,0.0,0.43364517390727997,45.106915636463,0.04321818745652873,0.10135090351104736,45.106915636463,44.68441090509878,lateral,1
48,1.8387,Participant 8-Slouch_frame00048,train,90deg,lateral_Participant8,Participant8,Mesomorph,Normal,,,,,,slouch,1.0,0.0,0.0,0.45190975815057755,46.69855062354099,0.05484627239023937,0.10698390007019043,46.69855062354099,45.344623736024765,lateral,1
49,1.8771,Participant 8-Slouch_frame00049,train,90deg,lateral_Participant8,Participant8,Mesomorph,Normal,,,,,,slouch,1.0,0.0,0.0,0.4208211600780487,45.89551909582012,0.048613708265028754,0.10619831085205078,45.89551909582012,44.17547716468679,lateral,1
50,1.9154,Participant 8-Slouch_frame00050,train,90deg,lateral_Participant8,Participant8,Mesomorph,Normal,,,,,,slouch,1.0,0.0,0.0,0.4093628525733948,47.831975324904526,0.05568057372993411,0.1099703311920166,47.831975324904526,44.96071700646942,lateral,1
51,1.9537,Participant 8-Slouch_frame00051,train,90deg,lateral_Participant8,Participant8,Mesomorph,Normal,,,,,,slouch,1.0,0.0,0.0,0.3923575282096863,46.35853169550305,0.050565660007997504,0.11316108703613281,46.35853169550305,43.57763005917358,lateral,1
52,1.992,Participant 8-Slouch_frame00052,train,90deg,lateral_Participant8,Participant8,Mesomorph,Normal,,,,,,slouch,1.0,0.0,0.0,0.4020055681467056,46.70626238126813,0.04902088853485605,0.10824167728424072,46.70626238126813,43.745413330818714,lateral,1
53,2.0303,Participant 8-Slouch_frame00053,train,90deg,lateral_Participant8,Participant8,Mesomorph,Normal,,,,,,slouch,1.0,0.0,0.0,0.3994123637676239,48.33519581455897,0.0628284926962933,0.11537665128707886,48.33519581455897,43.975280021031864,lateral,1
54,2.0686,Participant 8-Slouch_frame00054,train,90deg,lateral_Participant8,Participant8,Mesomorph,Normal,,,,,,slouch,1.0,0.0,0.0,0.3930358216166496,46.96228124046889,0.05375997038972948,0.11300474405288696,46.96228124046889,44.55092553947411,lateral,1
55,2.1069,Participant 8-Slouch_frame00055,train,90deg,lateral_Participant8,Participant8,Mesomorph,Normal,,,,,,slouch,1.0,0.0,0.0,0.41205623000860214,48.11980079911346,0.05394769718284756,0.1158301830291748,48.11980079911346,43.92664249478522,lateral,1
56,2.1452,Participant 8-Slouch_frame00056,train,90deg,lateral_Participant8,Participant8,Mesomorph,Normal,,,,,,slouch,1.0,0.0,0.0,0.4446756914258003,45.77182874032794,0.04061388983754221,0.10514050722122192,45.77182874032794,43.77588854229997,lateral,1
57,2.1835,Participant 8-Slouch_frame00057,train,90deg,lateral_Participant8,Participant8,Mesomorph,Normal,,,,,,slouch,1.0,0.0,0.0,0.42497871816158295,47.52144785147736,0.04752680148152601,0.11314386129379272,47.52144785147736,43.214782718799476,lateral,1
58,2.2218,Participant 8-Slouch_frame00058,train,90deg,lateral_Participant8,Participant8,Mesomorph,Normal,,,,,,slouch,1.0,0.0,0.0,0.4005397856235504,44.46101095193825,0.04985448928421157,0.09755706787109375,44.46101095193825,45.532363144211885,lateral,1
59,2.2601,Participant 8-Slouch_frame00059,train,90deg,lateral_Participant8,Participant8,Mesomorph,Normal,,,,,,slouch,1.0,0.0,0.0,0.3825463205575943,46.53304579006277,0.06225127584288831,0.11211729049682617,46.53304579006277,44.58586033558796,lateral,1
60,2.2984,Participant 8-Slouch_frame00060,train,90deg,lateral_Participant8,Participant8,Mesomorph,Normal,,,,,,slouch,1.0,0.0,0.0,0.4139690548181534,44.54045129461878,0.04303683867705553,0.09892386198043823,44.54045129461878,44.536434593314404,lateral,1
61,2.3367,Participant 8-Slouch_frame00061,train,90deg,lateral_Participant8,Participant8,Mesomorph,Normal,,,,,,slouch,1.0,0.0,0.0,0.43008188158273697,46.0242274680124,0.04805059496307462,0.10213637351989746,46.0242274680124,44.73439213095844,lateral,1
62,2.3751,Participant 8-Slouch_frame00062,train,90deg,lateral_Participant8,Participant8,Mesomorph,Normal,,,,,,slouch,1.0,0.0,0.0,0.4349539950489998,46.704717468716034,0.06029800606328917,0.11042088270187378,46.704717468716034,44.825511945261034,lateral,1
63,2.4134,Participant 8-Slouch_frame00063,train,90deg,lateral_Participant8,Participant8,Mesomorph,Normal,,,,,,slouch,1.0,0.0,0.0,0.41748006641864777,43.37470448484404,0.05152499472517738,0.10021710395812988,43.37470448484404,45.55573429511221,lateral,1
64,2.4517,Participant 8-Slouch_frame00064,train,90deg,lateral_Participant8,Participant8,Mesomorph,Normal,,,,,,slouch,1.0,0.0,0.0,0.41676582396030426,44.72067001601872,0.04956683345477245,0.09872883558273315,44.72067001601872,45.499943906898,lateral,1
65,2.49,Participant 8-Slouch_frame00065,train,90deg,lateral_Participant8,Participant8,Mesomorph,Normal,,,,,,slouch,1.0,0.0,0.0,0.42921577394008636,45.835248966762315,0.05503436205787464,0.11119699478149414,45.835248966762315,44.28492117084116,lateral,1
66,2.5283,Participant 8-Slouch_frame00066,train,90deg,lateral_Participant8,Participant8,Mesomorph,Normal,,,,,,slouch,1.0,0.0,0.0,0.4497329667210579,47.522288362908995,0.06062528748785578,0.11666172742843628,47.522288362908995,44.403688716504504,lateral,1
67,2.5666,Participant 8-Slouch_frame00067,train,90deg,lateral_Participant8,Participant8,Mesomorph,Normal,,,,,,slouch,1.0,0.0,0.0,0.40794696658849716,46.26487253837193,0.06145790867525145,0.11500835418701172,46.26487253837193,44.651304486541065,lateral,1
68,2.6049,Participant 8-Slouch_frame00068,train,90deg,lateral_Participant8,Participant8,Mesomorph,Normal,,,,,,slouch,1.0,0.0,0.0,0.4369024336338043,44.48726031950795,0.043881798555766134,0.10124391317367554,44.48726031950795,44.29474938789095,lateral,1
69,2.6432,Participant 8-Slouch_frame00069,train,90deg,lateral_Participant8,Participant8,Mesomorph,Normal,,,,,,slouch,1.0,0.0,0.0,0.41026975214481354,44.5716406481654,0.051453140243970054,0.1085096001625061,44.5716406481654,44.415763921908315,lateral,1
70,2.6815,Participant 8-Slouch_frame00070,train,90deg,lateral_Participant8,Participant8,Mesomorph,Normal,,,,,,slouch,1.0,0.0,0.0,0.4174322187900543,46.769671220948325,0.055365865848999496,0.11206227540969849,46.769671220948325,43.95609974923844,lateral,1
71,2.7198,Participant 8-Slouch_frame00071,train,90deg,lateral_Participant8,Participant8,Mesomorph,Normal,,,,,,slouch,1.0,0.0,0.0,0.42384491115808487,46.41501994723699,0.05583329089063644,0.10856592655181885,46.41501994723699,45.36764866124993,lateral,1
72,2.7581,Participant 8-Slouch_frame00072,train,90deg,lateral_Participant8,Participant8,Mesomorph,Normal,,,,,,slouch,1.0,0.0,0.0,0.43293140828609467,44.99248246719349,0.05579908153664406,0.10589945316314697,44.99248246719349,44.76252460369953,lateral,1
73,2.7964,Participant 8-Slouch_frame00073,train,90deg,lateral_Participant8,Participant8,Mesomorph,Normal,,,,,,slouch,1.0,0.0,0.0,0.40823598951101303,45.377412526290385,0.05152858150731091,0.10140085220336914,45.377412526290385,45.258369398551146,lateral,1
74,2.8347,Participant 8-Slouch_frame00074,train,90deg,lateral_Participant8,Participant8,Mesomorph,Normal,,,,,,slouch,1.0,0.0,0.0,0.42979423701763153,41.73643407030211,0.047396141333359176,0.08833968639373779,41.73643407030211,46.41007020486374,lateral,1
75,2.873,Participant 8-Slouch_frame00075,train,90deg,lateral_Participant8,Participant8,Mesomorph,Normal,,,,,,slouch,1.0,0.0,0.0,0.4000836908817291,42.68263539890775,0.05090898188922353,0.09197723865509033,42.68263539890775,46.06180160822789,lateral,1
76,2.9114,Participant 8-Slouch_frame00076,train,90deg,lateral_Participant8,Participant8,Mesomorph,Normal,,,,,,slouch,1.0,0.0,0.0,0.4440082237124443,47.292640741315765,0.061387905409169344,0.10694432258605957,47.292640741315765,44.80532238798669,lateral,1
77,2.9497,Participant 8-Slouch_frame00077,train,90deg,lateral_Participant8,Participant8,Mesomorph,Normal,,,,,,slouch,1.0,0.0,0.0,0.43596167862415314,44.5331620997328,0.058760967855168184,0.10256856679916382,44.5331620997328,45.53726417637838,lateral,1
78,2.988,Participant 8-Slouch_frame00078,train,90deg,lateral_Participant8,Participant8,Mesomorph,Normal,,,,,,slouch,1.0,0.0,0.0,0.431662380695343,43.6784507606718,0.050371287033251146,0.09664475917816162,43.6784507606718,44.48464302790973,lateral,1
79,3.0263,Participant 8-Slouch_frame00079,train,90deg,lateral_Participant8,Participant8,Mesomorph,Normal,,,,,,slouch,1.0,0.0,0.0,0.46292532980442047,47.18207898659564,0.057258684080772025,0.1075626015663147,47.18207898659564,44.57088073538612,lateral,1
80,3.0646,Participant 8-Slouch_frame00080,train,90deg,lateral_Participant8,Participant8,Mesomorph,Normal,,,,,,slouch,1.0,0.0,0.0,0.4336708262562752,43.96044795553431,0.05347414260595548,0.09645688533782959,43.96044795553431,44.329888632751675,lateral,1
81,3.1029,Participant 8-Slouch_frame00081,train,90deg,lateral_Participant8,Participant8,Mesomorph,Normal,,,,,,slouch,1.0,0.0,0.0,0.42726652324199677,46.90984234000222,0.05851919363546132,0.1114053726196289,46.90984234000222,44.4852456118093,lateral,1
82,3.1412,Participant 8-Slouch_frame00082,train,90deg,lateral_Participant8,Participant8,Mesomorph,Normal,,,,,,slouch,1.0,0.0,0.0,0.44945698231458664,46.12304110511147,0.05245738766510324,0.11015444993972778,46.12304110511147,44.78043065527342,lateral,1
83,3.1795,Participant 8-Slouch_frame00083,train,90deg,lateral_Participant8,Participant8,Mesomorph,Normal,,,,,,slouch,1.0,0.0,0.0,0.4278414323925972,46.43464677146897,0.05043953334645555,0.11001884937286377,46.43464677146897,44.13313239895401,lateral,1
84,3.2178,Participant 8-Slouch_frame00084,train,90deg,lateral_Participant8,Participant8,Mesomorph,Normal,,,,,,slouch,1.0,0.0,0.0,0.46637172624468803,46.40011696821641,0.05201939552461664,0.11182796955108643,46.40011696821641,44.056376291373006,lateral,1
85,3.2561,Participant 8-Slouch_frame00085,train,90deg,lateral_Participant8,Participant8,Mesomorph,Normal,,,,,,slouch,1.0,0.0,0.0,0.43054021149873734,46.93393686755886,0.05079558259724375,0.10989487171173096,46.93393686755886,43.017635634298244,lateral,1
86,3.2944,Participant 8-Slouch_frame00086,train,90deg,lateral_Participant8,Participant8,Mesomorph,Normal,,,,,,slouch,1.0,0.0,0.0,0.405239574611187,45.033974482224416,0.05132266291149229,0.10775679349899292,45.033974482224416,44.6457074372413,lateral,1
87,3.3327,Participant 8-Slouch_frame00087,train,90deg,lateral_Participant8,Participant8,Mesomorph,Normal,,,,,,slouch,1.0,0.0,0.0,0.4186796620488167,45.296576860711674,0.047401643166300085,0.1089862585067749,45.296576860711674,43.69940201953611,lateral,1
88,3.371,Participant 8-Slouch_frame00088,train,90deg,lateral_Participant8,Participant8,Mesomorph,Normal,,,,,,slouch,1.0,0.0,0.0,0.41654030978679657,46.66360633266863,0.05753694851907202,0.11482912302017212,46.66360633266863,43.641746772297765,lateral,1
89,3.4093,Participant 8-Slouch_frame00089,train,90deg,lateral_Participant8,Participant8,Mesomorph,Normal,,,,,,slouch,1.0,0.0,0.0,0.4150562062859535,45.94810506015099,0.04760518591729409,0.10923784971237183,45.94810506015099,43.61831384327649,lateral,1
90,3.4477,Participant 8-Slouch_frame00090,train,90deg,lateral_Participant8,Participant8,Mesomorph,Normal,,,,,,slouch,1.0,0.0,0.0,0.42766089737415314,44.66656214631342,0.04991862436892877,0.10524153709411621,44.66656214631342,43.82667465584762,lateral,1
91,3.486,Participant 8-Slouch_frame00091,train,90deg,lateral_Participant8,Participant8,Mesomorph,Normal,,,,,,slouch,1.0,0.0,0.0,0.4033612906932831,44.968681650657196,0.0494357769525794,0.10810023546218872,44.968681650657196,43.29956595429388,lateral,1
92,3.5243,Participant 8-Slouch_frame00092,train,90deg,lateral_Participant8,Participant8,Mesomorph,Normal,,,,,,slouch,1.0,0.0,0.0,0.4133496731519699,46.474931887911346,0.05895957437835075,0.11323243379592896,46.474931887911346,43.97479434623942,lateral,1
93,3.5626,Participant 8-Slouch_frame00093,train,90deg,lateral_Participant8,Participant8,Mesomorph,Normal,,,,,,slouch,1.0,0.0,0.0,0.42469312995672226,46.71736269637674,0.056374413820407324,0.11544162034988403,46.71736269637674,43.306480025508286,lateral,1
94,3.6009,Participant 8-Slouch_frame00094,train,90deg,lateral_Participant8,Participant8,Mesomorph,Normal,,,,,,slouch,1.0,0.0,0.0,0.4159817695617676,44.14135839612687,0.040058643163112785,0.1068914532661438,44.14135839612687,43.33825042297806,lateral,1
95,3.6392,Participant 8-Slouch_frame00095,train,90deg,lateral_Participant8,Participant8,Mesomorph,Normal,,,,,,slouch,1.0,0.0,0.0,0.41621890664100647,46.19806347811837,0.05886941842429779,0.11752259731292725,46.19806347811837,44.09990247694761,lateral,1
96,3.6775,Participant 8-Slouch_frame00096,train,90deg,lateral_Participant8,Participant8,Mesomorph,Normal,,,,,,slouch,1.0,0.0,0.0,0.40797537565231323,45.482996260761766,0.05096888744862838,0.10725480318069458,45.482996260761766,43.749764913451806,lateral,1
97,3.7158,Participant 8-Slouch_frame00097,train,90deg,lateral_Participant8,Participant8,Mesomorph,Normal,,,,,,slouch,1.0,0.0,0.0,0.42106593400239944,45.31052764895155,0.049450205993067244,0.10537046194076538,45.31052764895155,43.41767455136291,lateral,1
98,3.7541,Participant 8-Slouch_frame00098,train,90deg,lateral_Participant8,Participant8,Mesomorph,Normal,,,,,,slouch,1.0,0.0,0.0,0.44116881489753723,46.26268253945815,0.04803972627417225,0.10425370931625366,46.26268253945815,43.46700654964588,lateral,1
99,3.7924,Participant 8-Slouch_frame00099,train,90deg,lateral_Participant8,Participant8,Mesomorph,Normal,,,,,,slouch,1.0,0.0,0.0,0.4412827417254448,45.68632984214205,0.04616178457503932,0.10785061120986938,45.68632984214205,42.53594435492356,lateral,1
100,3.8307,Participant 8-Slouch_frame00100,train,90deg,lateral_Participant8,Participant8,Mesomorph,Normal,,,,,,slouch,1.0,0.0,0.0,0.40638476610183716,46.168746267566775,0.05357717144986266,0.10607296228408813,46.168746267566775,42.96079645029365,lateral,1
101,3.869,Participant 8-Slouch_frame00101,train,90deg,lateral_Participant8,Participant8,Mesomorph,Normal,,,,,,slouch,1.0,0.0,0.0,0.42351897060871124,43.77182669269693,0.04399692034841937,0.10711425542831421,43.77182669269693,42.88711993990934,lateral,1
102,3.9073,Participant 8-Slouch_frame00102,train,90deg,lateral_Participant8,Participant8,Mesomorph,Normal,,,,,,slouch,1.0,0.0,0.0,0.45639266818761826,49.43843096692314,0.06280586163405336,0.12403935194015503,49.43843096692314,42.84919786651745,lateral,1
103,3.9457,Participant 8-Slouch_frame00103,train,90deg,lateral_Participant8,Participant8,Mesomorph,Normal,,,,,,slouch,1.0,0.0,0.0,0.4000481888651848,47.59530873435219,0.05241258568576608,0.10808908939361572,47.59530873435219,44.17428796463734,lateral,1
104,3.984,Participant 8-Slouch_frame00104,train,90deg,lateral_Participant8,Participant8,Mesomorph,Normal,,,,,,slouch,1.0,0.0,0.0,0.41003578901290894,46.78271978162413,0.061337114070069816,0.11248749494552612,46.78271978162413,43.06026981278867,lateral,1
105,4.0223,Participant 8-Slouch_frame00105,train,90deg,lateral_Participant8,Participant8,Mesomorph,Normal,,,,,,slouch,1.0,0.0,0.0,0.4279567152261734,45.51293760814553,0.04757580426331162,0.10751837491989136,45.51293760814553,42.83437680570555,lateral,1
106,4.0606,Participant 8-Slouch_frame00106,train,90deg,lateral_Participant8,Participant8,Mesomorph,Normal,,,,,,slouch,1.0,0.0,0.0,0.4084860682487488,48.373337009386375,0.06428240510916756,0.12281918525695801,48.373337009386375,43.390883772071845,lateral,1
107,4.0989,Participant 8-Slouch_frame00107,train,90deg,lateral_Participant8,Participant8,Mesomorph,Normal,,,,,,slouch,1.0,0.0,0.0,0.38625214993953705,45.054966778078196,0.050346413833479,0.10867583751678467,45.054966778078196,43.28628665666604,lateral,1
108,4.1372,Participant 8-Slouch_frame00108,train,90deg,lateral_Participant8,Participant8,Mesomorph,Normal,,,,,,slouch,1.0,0.0,0.0,0.4021891802549362,44.316412851054295,0.04493529150373434,0.10337769985198975,44.316412851054295,43.764157859656116,lateral,1
109,4.1755,Participant 8-Slouch_frame00109,train,90deg,lateral_Participant8,Participant8,Mesomorph,Normal,,,,,,slouch,1.0,0.0,0.0,0.38395485281944275,44.6146844506136,0.039036143443459896,0.10464024543762207,44.6146844506136,42.616153546954116,lateral,1
110,4.2138,Participant 8-Slouch_frame00110,train,90deg,lateral_Participant8,Participant8,Mesomorph,Normal,,,,,,slouch,1.0,0.0,0.0,0.39909207820892334,46.84856155688433,0.0538973230632453,0.11485493183135986,46.84856155688433,42.78400622732993,lateral,1
111,4.2521,Participant 8-Slouch_frame00111,train,90deg,lateral_Participant8,Participant8,Mesomorph,Normal,,,,,,slouch,1.0,0.0,0.0,0.3835008442401886,45.10195450030897,0.055700962999237144,0.1127360463142395,45.10195450030897,42.76692765419087,lateral,1
112,4.2904,Participant 8-Slouch_frame00112,train,90deg,lateral_Participant8,Participant8,Mesomorph,Normal,,,,,,slouch,1.0,0.0,0.0,0.41613658517599106,46.56449796479924,0.051748333228960046,0.11070001125335693,46.56449796479924,43.0137489669496,lateral,1
113,4.3287,Participant 8-Slouch_frame00113,train,90deg,lateral_Participant8,Participant8,Mesomorph,Normal,,,,,,slouch,1.0,0.0,0.0,0.404404953122139,47.440966093360124,0.06146584682091987,0.11910301446914673,47.440966093360124,43.349172706213494,lateral,1
114,4.367,Participant 8-Slouch_frame00114,train,90deg,lateral_Participant8,Participant8,Mesomorph,Normal,,,,,,slouch,1.0,0.0,0.0,0.39782676100730896,43.332174567415244,0.04970542545544016,0.0983172059059143,43.332174567415244,44.291641154037414,lateral,1
115,4.4053,Participant 8-Slouch_frame00115,train,90deg,lateral_Participant8,Participant8,Mesomorph,Normal,,,,,,slouch,1.0,0.0,0.0,0.440331406891346,46.17717961841789,0.053258454178844394,0.10390537977218628,46.17717961841789,45.18473480552504,lateral,1
116,4.4436,Participant 8-Slouch_frame00116,train,90deg,lateral_Participant8,Participant8,Mesomorph,Normal,,,,,,slouch,1.0,0.0,0.0,0.43965330719947815,45.85852357461108,0.05560043094300225,0.10805916786193848,45.85852357461108,45.02865151074017,lateral,1
117,4.482,Participant 8-Slouch_frame00117,train,90deg,lateral_Participant8,Participant8,Mesomorph,Normal,,,,,,slouch,1.0,0.0,0.0,0.39196521043777466,45.607539696767404,0.05888024599056887,0.10958677530288696,45.607539696767404,44.136714749467224,lateral,1
118,4.5203,Participant 8-Slouch_frame00118,train,90deg,lateral_Participant8,Participant8,Mesomorph,Normal,,,,,,slouch,1.0,0.0,0.0,0.43258871138095856,45.306839043334115,0.05035959528029294,0.1017310619354248,45.306839043334115,44.72152630602763,lateral,1
119,4.5586,Participant 8-Slouch_frame00119,train,90deg,lateral_Participant8,Participant8,Mesomorph,Normal,,,,,,slouch,1.0,0.0,0.0,0.42941997200250626,45.69692923216106,0.047765163971192716,0.10851418972015381,45.69692923216106,44.18712046775836,lateral,1
120,4.5969,Participant 8-Slouch_frame00120,train,90deg,lateral_Participant8,Participant8,Mesomorph,Normal,,,,,,slouch,1.0,0.0,0.0,0.42679447680711746,46.010364334301734,0.05235308111836705,0.11126834154129028,46.010364334301734,42.96829976548557,lateral,1
121,4.6352,Participant 8-Slouch_frame00121,train,90deg,lateral_Participant8,Participant8,Mesomorph,Normal,,,,,,slouch,1.0,0.0,0.0,0.3970137909054756,46.44563604395434,0.05645357819603753,0.115855872631073,46.44563604395434,42.45679102580774,lateral,1
122,4.6735,Participant 8-Slouch_frame00122,train,90deg,lateral_Participant8,Participant8,Mesomorph,Normal,,,,,,slouch,1.0,0.0,0.0,0.4296410195529461,48.44467900245659,0.058513959627014674,0.1155691146850586,48.44467900245659,42.8373383331076,lateral,1
123,4.7118,Participant 8-Slouch_frame00123,train,90deg,lateral_Participant8,Participant8,Mesomorph,Normal,,,,,,slouch,1.0,0.0,0.0,0.39362168312072754,43.52934193049186,0.048105066129985906,0.10023456811904907,43.52934193049186,42.81056869395479,lateral,1
124,4.7501,Participant 8-Slouch_frame00124,train,90deg,lateral_Participant8,Participant8,Mesomorph,Normal,,,,,,slouch,1.0,0.0,0.0,0.4191075414419174,46.08868957466932,0.05380908794511369,0.11350685358047485,46.08868957466932,42.278999783485396,lateral,1
125,4.7884,Participant 8-Slouch_frame00125,train,90deg,lateral_Participant8,Participant8,Mesomorph,Normal,,,,,,slouch,1.0,0.0,0.0,0.4200003892183304,47.884253815970915,0.06379359992199517,0.11730426549911499,47.884253815970915,42.2071091947226,lateral,1
126,4.8267,Participant 8-Slouch_frame00126,train,90deg,lateral_Participant8,Participant8,Mesomorph,Normal,,,,,,slouch,1.0,0.0,0.0,0.4112247824668884,48.99103210723558,0.0613284693549646,0.12554049491882324,48.99103210723558,41.355873226416186,lateral,1
127,4.865,Participant 8-Slouch_frame00127,train,90deg,lateral_Participant8,Participant8,Mesomorph,Normal,,,,,,slouch,1.0,0.0,0.0,0.42244648933410645,48.465556277158775,0.052340807303789184,0.1110885739326477,48.465556277158775,42.1360301778513,lateral,1
128,4.9033,Participant 8-Slouch_frame00128,train,90deg,lateral_Participant8,Participant8,Mesomorph,Normal,,,,,,slouch,1.0,0.0,0.0,0.42232393473386765,48.48146152424032,0.045859079766536706,0.11124861240386963,48.48146152424032,42.854484790887405,lateral,1
129,4.9416,Participant 8-Slouch_frame00129,train,90deg,lateral_Participant8,Participant8,Mesomorph,Normal,,,,,,slouch,1.0,0.0,0.0,0.42723436281085014,49.1727284244367,0.049212298007185906,0.1159292459487915,49.1727284244367,42.457175847737204,lateral,1
130,4.9799,Participant 8-Slouch_frame00130,train,90deg,lateral_Participant8,Participant8,Mesomorph,Normal,,,,,,slouch,1.0,0.0,0.0,0.44517096132040024,49.278304203567664,0.06286030641033209,0.12197643518447876,49.278304203567664,43.04804200796455,lateral,1
131,5.0183,Participant 8-Slouch_frame00131,train,90deg,lateral_Participant8,Participant8,Mesomorph,Normal,,,,,,slouch,1.0,0.0,0.0,0.4113868698477745,48.27297534435752,0.06074185462022411,0.11420434713363647,48.27297534435752,42.58074095141995,lateral,1
132,5.0566,Participant 8-Slouch_frame00132,train,90deg,lateral_Participant8,Participant8,Mesomorph,Normal,,,,,,slouch,1.0,0.0,0.0,0.4403267242014408,48.928593701034124,0.05041065499967207,0.11664313077926636,48.928593701034124,42.96381151860445,lateral,1
133,5.0949,Participant 8-Slouch_frame00133,train,90deg,lateral_Participant8,Participant8,Mesomorph,Normal,,,,,,slouch,1.0,0.0,0.0,0.4223242849111557,48.217993102887725,0.05948938055480544,0.12340205907821655,48.217993102887725,42.094371232074636,lateral,1
134,5.1332,Participant 8-Slouch_frame00134,train,90deg,lateral_Participant8,Participant8,Mesomorph,Normal,,,,,,slouch,1.0,0.0,0.0,0.4326135739684105,46.34995162516825,0.04999776099518861,0.11008858680725098,46.34995162516825,42.48988780723069,lateral,1
135,5.1715,Participant 8-Slouch_frame00135,train,90deg,lateral_Participant8,Participant8,Mesomorph,Normal,,,,,,slouch,1.0,0.0,0.0,0.42989517003297806,45.31781904925255,0.038243527155284306,0.10173624753952026,45.31781904925255,43.61566133850863,lateral,1
136,5.2098,Participant 8-Slouch_frame00136,train,90deg,lateral_Participant8,Participant8,Mesomorph,Normal,,,,,,slouch,1.0,0.0,0.0,0.4190262705087662,46.36326883040459,0.053688718729780545,0.11095201969146729,46.36326883040459,43.63241490387127,lateral,1
137,5.2481,Participant 8-Slouch_frame00137,train,90deg,lateral_Participant8,Participant8,Mesomorph,Normal,,,,,,slouch,1.0,0.0,0.0,0.4178914204239845,47.014955286315995,0.05818486357893396,0.11481010913848877,47.014955286315995,43.59701775792936,lateral,1
138,5.2864,Participant 8-Slouch_frame00138,train,90deg,lateral_Participant8,Participant8,Mesomorph,Normal,,,,,,slouch,1.0,0.0,0.0,0.44447150081396103,46.56190621798298,0.051937140826207116,0.10558801889419556,46.56190621798298,43.83112265152279,lateral,1
139,5.3247,Participant 8-Slouch_frame00139,train,90deg,lateral_Participant8,Participant8,Mesomorph,Normal,,,,,,slouch,1.0,0.0,0.0,0.41250791400671005,47.81425606642563,0.06017075438161002,0.11153364181518555,47.81425606642563,43.37956748738492,lateral,1
140,5.363,Participant 8-Slouch_frame00140,train,90deg,lateral_Participant8,Participant8,Mesomorph,Normal,,,,,,slouch,1.0,0.0,0.0,0.3941962569952011,46.07953936131705,0.055890085049422944,0.10537594556808472,46.07953936131705,44.10660509273366,lateral,1
141,5.4013,Participant 8-Slouch_frame00141,train,90deg,lateral_Participant8,Participant8,Mesomorph,Normal,,,,,,slouch,1.0,0.0,0.0,0.39742157235741615,47.50563941139037,0.0578164622097201,0.11075973510742188,47.50563941139037,43.869249493640744,lateral,1
142,5.4396,Participant 8-Slouch_frame00142,train,90deg,lateral_Participant8,Participant8,Mesomorph,Normal,,,,,,slouch,1.0,0.0,0.0,0.3984876275062561,46.4127314117297,0.06103870937594072,0.10796266794204712,46.4127314117297,44.589671093409464,lateral,1
143,5.4779,Participant 8-Slouch_frame00143,train,90deg,lateral_Participant8,Participant8,Mesomorph,Normal,,,,,,slouch,1.0,0.0,0.0,0.3996294140815735,48.11778074057691,0.06477857035149655,0.1138685941696167,48.11778074057691,43.081565829907696,lateral,1
144,5.5162,Participant 8-Slouch_frame00144,train,90deg,lateral_Participant8,Participant8,Mesomorph,Normal,,,,,,slouch,1.0,0.0,0.0,0.39179377257823944,46.7225104536988,0.07090916083759763,0.10964906215667725,46.7225104536988,45.011204710784824,lateral,1
145,5.5546,Participant 8-Slouch_frame00145,train,90deg,lateral_Participant8,Participant8,Mesomorph,Normal,,,,,,slouch,1.0,0.0,0.0,0.3605629801750183,47.06192255415122,0.07109950900949609,0.10534340143203735,47.06192255415122,45.33406114781587,lateral,1
146,5.5929,Participant 8-Slouch_frame00146,train,90deg,lateral_Participant8,Participant8,Mesomorph,Normal,,,,,,slouch,1.0,0.0,0.0,0.2345511019229889,44.74502144152674,0.07780633766513018,0.09285002946853638,44.74502144152674,46.91769658748476,lateral,1
147,5.6312,Participant 8-Slouch_frame00147,train,90deg,lateral_Participant8,Participant8,Mesomorph,Normal,,,,,,slouch,1.0,0.0,0.0,0.2925296127796173,45.592356958244864,0.07708740967379592,0.09517598152160645,45.592356958244864,47.34312942751906,lateral,1
148,5.6695,Participant 8-Slouch_frame00148,train,90deg,lateral_Participant8,Participant8,Mesomorph,Normal,,,,,,slouch,1.0,0.0,0.0,0.21978095173835754,44.46516143296006,0.07208980177869394,0.08603614568710327,44.46516143296006,47.25493457720634,lateral,1
149,5.7078,Participant 8-Slouch_frame00149,train,90deg,lateral_Participant8,Participant8,Mesomorph,Normal,,,,,,slouch,1.0,0.0,0.0,0.2093023657798767,44.503868948717056,0.06899870136542487,0.08315283060073853,44.503868948717056,48.013988521860554,lateral,1
150,5.7461,Participant 8-Slouch_frame00150,train,90deg,lateral_Participant8,Participant8,Mesomorph,Normal,,,,,,slouch,1.0,0.0,0.0,0.22076427936553955,45.728577853290496,0.07568659879687918,0.09223020076751709,45.728577853290496,47.060970214517454,lateral,1
0,0.0,Participant 8-Upright 2_frame00000,train,90deg,lateral_Participant8,Participant8,Mesomorph,Normal,,,,,,upright,1.0,0.0,0.0,0.41444023698568344,39.4871785531074,0.11692678694244586,0.08629101514816284,39.4871785531074,52.27991431788319,lateral,1
1,0.0372,Participant 8-Upright 2_frame00001,train,90deg,lateral_Participant8,Participant8,Mesomorph,Normal,,,,,,upright,1.0,0.0,0.0,0.44423527270555496,40.03278292684495,0.11118974532814105,0.09027910232543945,40.03278292684495,52.30715168813174,lateral,1
2,0.0744,Participant 8-Upright 2_frame00002,train,90deg,lateral_Participant8,Participant8,Mesomorph,Normal,,,,,,upright,1.0,0.0,0.0,0.400067962706089,38.91793146492616,0.11405169562869215,0.08732765913009644,38.91793146492616,53.93684630138189,lateral,1
3,0.1116,Participant 8-Upright 2_frame00003,train,90deg,lateral_Participant8,Participant8,Mesomorph,Normal,,,,,,upright,1.0,0.0,0.0,0.3996485322713852,38.049479042596275,0.10683687306613589,0.08194887638092041,38.049479042596275,53.18934414583556,lateral,1
4,0.1488,Participant 8-Upright 2_frame00004,train,90deg,lateral_Participant8,Participant8,Mesomorph,Normal,,,,,,upright,1.0,0.0,0.0,0.40827858448028564,39.72183107190412,0.10962209100017803,0.08547103404998779,39.72183107190412,52.95815059662941,lateral,1
5,0.1861,Participant 8-Upright 2_frame00005,train,90deg,lateral_Participant8,Participant8,Mesomorph,Normal,,,,,,upright,1.0,0.0,0.0,0.4161640331149101,41.07298986773038,0.10707794542200676,0.09202605485916138,41.07298986773038,52.90210428912421,lateral,1
6,0.2233,Participant 8-Upright 2_frame00006,train,90deg,lateral_Participant8,Participant8,Mesomorph,Normal,,,,,,upright,1.0,0.0,0.0,0.4060034081339836,41.31094903401431,0.10439825946357024,0.08995354175567627,41.31094903401431,52.3223074013185,lateral,1
7,0.2605,Participant 8-Upright 2_frame00007,train,90deg,lateral_Participant8,Participant8,Mesomorph,Normal,,,,,,upright,1.0,0.0,0.0,0.41867006570100784,41.392607524747184,0.1094495329055885,0.08712345361709595,41.392607524747184,53.09732746557587,lateral,1
8,0.2977,Participant 8-Upright 2_frame00008,train,90deg,lateral_Participant8,Participant8,Mesomorph,Normal,,,,,,upright,1.0,0.0,0.0,0.4320816248655319,39.87235130665161,0.10389848348667755,0.084267258644104,39.87235130665161,52.811613373058364,lateral,1
9,0.3349,Participant 8-Upright 2_frame00009,train,90deg,lateral_Participant8,Participant8,Mesomorph,Normal,,,,,,upright,1.0,0.0,0.0,0.3973012939095497,39.191203673271296,0.11262950908181019,0.0904608964920044,39.191203673271296,52.608109292867724,lateral,1
10,0.3721,Participant 8-Upright 2_frame00010,train,90deg,lateral_Participant8,Participant8,Mesomorph,Normal,,,,,,upright,1.0,0.0,0.0,0.411868080496788,40.07366359439298,0.10744742385614012,0.08689391613006592,40.07366359439298,51.940951333507,lateral,1
11,0.4093,Participant 8-Upright 2_frame00011,train,90deg,lateral_Participant8,Participant8,Mesomorph,Normal,,,,,,upright,1.0,0.0,0.0,0.40985867381095886,40.35116896040926,0.11103464308518028,0.08870673179626465,40.35116896040926,52.2332384122189,lateral,1
12,0.4465,Participant 8-Upright 2_frame00012,train,90deg,lateral_Participant8,Participant8,Mesomorph,Normal,,,,,,upright,1.0,0.0,0.0,0.3836497738957405,41.174893374275726,0.11786248199879605,0.08782768249511719,41.174893374275726,53.35110073317335,lateral,1
13,0.4838,Participant 8-Upright 2_frame00013,train,90deg,lateral_Participant8,Participant8,Mesomorph,Normal,,,,,,upright,1.0,0.0,0.0,0.36415529251098633,40.379181209044404,0.11970918093237082,0.08620297908782959,40.379181209044404,52.8147793594352,lateral,1
14,0.521,Participant 8-Upright 2_frame00014,train,90deg,lateral_Participant8,Participant8,Mesomorph,Normal,,,,,,upright,1.0,0.0,0.0,0.41362808644771576,40.537857110835176,0.1115705549435676,0.08770018815994263,40.537857110835176,52.11683605411391,lateral,1
15,0.5582,Participant 8-Upright 2_frame00015,train,90deg,lateral_Participant8,Participant8,Mesomorph,Normal,,,,,,upright,1.0,0.0,0.0,0.4018942713737488,39.382170090632414,0.11038383126171589,0.08634960651397705,39.382170090632414,52.7364482564456,lateral,1
16,0.5954,Participant 8-Upright 2_frame00016,train,90deg,lateral_Participant8,Participant8,Mesomorph,Normal,,,,,,upright,1.0,0.0,0.0,0.41778477281332016,41.42307352042924,0.10928806253305912,0.0878676176071167,41.42307352042924,52.51544062050374,lateral,1
17,0.6326,Participant 8-Upright 2_frame00017,train,90deg,lateral_Participant8,Participant8,Mesomorph,Normal,,,,,,upright,1.0,0.0,0.0,0.3967027813196182,40.47381185450493,0.11246170133370041,0.09244799613952637,40.47381185450493,52.182701695302335,lateral,1
18,0.6698,Participant 8-Upright 2_frame00018,train,90deg,lateral_Participant8,Participant8,Mesomorph,Normal,,,,,,upright,1.0,0.0,0.0,0.44969212263822556,40.226283253244475,0.10755902034894879,0.08896017074584961,40.226283253244475,52.20268219089308,lateral,1
19,0.707,Participant 8-Upright 2_frame00019,train,90deg,lateral_Participant8,Participant8,Mesomorph,Normal,,,,,,upright,1.0,0.0,0.0,0.377317875623703,39.18384344222884,0.11213336980268479,0.08616286516189575,39.18384344222884,52.539680415701085,lateral,1
20,0.7442,Participant 8-Upright 2_frame00020,train,90deg,lateral_Participant8,Participant8,Mesomorph,Normal,,,,,,upright,1.0,0.0,0.0,0.38445575535297394,40.42355834963685,0.12149188289798402,0.09209132194519043,40.42355834963685,52.43988140762473,lateral,1
21,0.7815,Participant 8-Upright 2_frame00021,train,90deg,lateral_Participant8,Participant8,Mesomorph,Normal,,,,,,upright,1.0,0.0,0.0,0.4310603365302086,40.67042914108516,0.10568371992677632,0.0887112021446228,40.67042914108516,51.46489590430608,lateral,1
22,0.8187,Participant 8-Upright 2_frame00022,train,90deg,lateral_Participant8,Participant8,Mesomorph,Normal,,,,,,upright,1.0,0.0,0.0,0.4167010188102722,41.39874716912949,0.10511956576684017,0.08756399154663086,41.39874716912949,52.286813859760464,lateral,1
23,0.8559,Participant 8-Upright 2_frame00023,train,90deg,lateral_Participant8,Participant8,Mesomorph,Normal,,,,,,upright,1.0,0.0,0.0,0.4299807995557785,41.732085483344584,0.1065046431943973,0.0892876386642456,41.732085483344584,51.88186934181906,lateral,1
24,0.8931,Participant 8-Upright 2_frame00024,train,90deg,lateral_Participant8,Participant8,Mesomorph,Normal,,,,,,upright,1.0,0.0,0.0,0.42071035504341125,39.96487820897119,0.11112082728204545,0.08700686693191528,39.96487820897119,51.99784203519796,lateral,1
25,0.9303,Participant 8-Upright 2_frame00025,train,90deg,lateral_Participant8,Participant8,Mesomorph,Normal,,,,,,upright,1.0,0.0,0.0,0.4311010390520096,40.456223433102544,0.1060743444093784,0.09154796600341797,40.456223433102544,51.16323489461449,lateral,1
26,0.9675,Participant 8-Upright 2_frame00026,train,90deg,lateral_Participant8,Participant8,Mesomorph,Normal,,,,,,upright,1.0,0.0,0.0,0.4182342290878296,40.917809283042374,0.11759415646330292,0.09192419052124023,40.917809283042374,52.366122312526386,lateral,1
27,1.0047,Participant 8-Upright 2_frame00027,train,90deg,lateral_Participant8,Participant8,Mesomorph,Normal,,,,,,upright,1.0,0.0,0.0,0.4134563058614731,39.81160675618364,0.1179814010540653,0.09366440773010254,39.81160675618364,51.86617380360412,lateral,1
28,1.0419,Participant 8-Upright 2_frame00028,train,90deg,lateral_Participant8,Participant8,Mesomorph,Normal,,,,,,upright,1.0,0.0,0.0,0.39571114629507065,38.70820518579732,0.10944680415340804,0.09090381860733032,38.70820518579732,52.29326479533275,lateral,1
29,1.0792,Participant 8-Upright 2_frame00029,train,90deg,lateral_Participant8,Participant8,Mesomorph,Normal,,,,,,upright,1.0,0.0,0.0,0.42219261825084686,39.9976228103998,0.1145773701489565,0.09129250049591064,39.9976228103998,51.710479269207156,lateral,1
30,1.1164,Participant 8-Upright 2_frame00030,train,90deg,lateral_Participant8,Participant8,Mesomorph,Normal,,,,,,upright,1.0,0.0,0.0,0.3968338668346405,40.73413574173161,0.1197135509100514,0.09346264600753784,40.73413574173161,52.4598600634078,lateral,1
31,1.1536,Participant 8-Upright 2_frame00031,train,90deg,lateral_Participant8,Participant8,Mesomorph,Normal,,,,,,upright,1.0,0.0,0.0,0.41428668797016144,39.76971279205789,0.11325592921467656,0.08780276775360107,39.76971279205789,52.3227051146994,lateral,1
32,1.1908,Participant 8-Upright 2_frame00032,train,90deg,lateral_Participant8,Participant8,Mesomorph,Normal,,,,,,upright,1.0,0.0,0.0,0.45378611981868744,41.3754309783959,0.11165814407545473,0.09139299392700195,41.3754309783959,52.638761155496745,lateral,1
33,1.228,Participant 8-Upright 2_frame00033,train,90deg,lateral_Participant8,Participant8,Mesomorph,Normal,,,,,,upright,1.0,0.0,0.0,0.40846649557352066,40.07303143464727,0.12694593727472375,0.09128791093826294,40.07303143464727,53.135052620002064,lateral,1
34,1.2652,Participant 8-Upright 2_frame00034,train,90deg,lateral_Participant8,Participant8,Mesomorph,Normal,,,,,,upright,1.0,0.0,0.0,0.45797546207904816,38.717214156232295,0.10730495955706407,0.08947229385375977,38.717214156232295,52.97298662987777,lateral,1
35,1.3024,Participant 8-Upright 2_frame00035,train,90deg,lateral_Participant8,Participant8,Mesomorph,Normal,,,,,,upright,1.0,0.0,0.0,0.41044293344020844,39.60156600605612,0.11708081720974713,0.09025537967681885,39.60156600605612,52.71384981609832,lateral,1
36,1.3396,Participant 8-Upright 2_frame00036,train,90deg,lateral_Participant8,Participant8,Mesomorph,Normal,,,,,,upright,1.0,0.0,0.0,0.42574863880872726,41.32020006403487,0.11312774707430844,0.09231829643249512,41.32020006403487,51.25104392471488,lateral,1
37,1.3769,Participant 8-Upright 2_frame00037,train,90deg,lateral_Participant8,Participant8,Mesomorph,Normal,,,,,,upright,1.0,0.0,0.0,0.40730787068605423,41.19708145444219,0.11616000202548046,0.09510421752929688,41.19708145444219,51.3366256393533,lateral,1
38,1.4141,Participant 8-Upright 2_frame00038,train,90deg,lateral_Participant8,Participant8,Mesomorph,Normal,,,,,,upright,1.0,0.0,0.0,0.43175942450761795,40.40766411139803,0.11473206637707427,0.09341174364089966,40.40766411139803,51.915677654284536,lateral,1
39,1.4513,Participant 8-Upright 2_frame00039,train,90deg,lateral_Participant8,Participant8,Mesomorph,Normal,,,,,,upright,1.0,0.0,0.0,0.4389612749218941,41.664187392564656,0.11742158177025769,0.09806007146835327,41.664187392564656,51.52097496805782,lateral,1
40,1.4885,Participant 8-Upright 2_frame00040,train,90deg,lateral_Participant8,Participant8,Mesomorph,Normal,,,,,,upright,1.0,0.0,0.0,0.43605972081422806,41.4153327146931,0.11535899341251835,0.09465682506561279,41.4153327146931,51.91186073681251,lateral,1
41,1.5257,Participant 8-Upright 2_frame00041,train,90deg,lateral_Participant8,Participant8,Mesomorph,Normal,,,,,,upright,1.0,0.0,0.0,0.432599700987339,40.99006668662644,0.11637586317381053,0.09349590539932251,40.99006668662644,52.86247812086145,lateral,1
42,1.5629,Participant 8-Upright 2_frame00042,train,90deg,lateral_Participant8,Participant8,Mesomorph,Normal,,,,,,upright,1.0,0.0,0.0,0.47371266037225723,41.139399459920384,0.10605014850539635,0.09004753828048706,41.139399459920384,51.307567965726484,lateral,1
43,1.6001,Participant 8-Upright 2_frame00043,train,90deg,lateral_Participant8,Participant8,Mesomorph,Normal,,,,,,upright,1.0,0.0,0.0,0.45186829566955566,39.03736031731823,0.10902336869417444,0.08632612228393555,39.03736031731823,51.509852890166755,lateral,1
44,1.6373,Participant 8-Upright 2_frame00044,train,90deg,lateral_Participant8,Participant8,Mesomorph,Normal,,,,,,upright,1.0,0.0,0.0,0.43382513523101807,41.06277103032851,0.12014660188884066,0.09035885334014893,41.06277103032851,52.2556382733041,lateral,1
45,1.6746,Participant 8-Upright 2_frame00045,train,90deg,lateral_Participant8,Participant8,Mesomorph,Normal,,,,,,upright,1.0,0.0,0.0,0.4361490532755852,39.8366756160647,0.11398626474069179,0.08853834867477417,39.8366756160647,51.96930416775719,lateral,1
46,1.7118,Participant 8-Upright 2_frame00046,train,90deg,lateral_Participant8,Participant8,Mesomorph,Normal,,,,,,upright,1.0,0.0,0.0,0.41164810955524445,40.676383309562446,0.12980737438930648,0.09326034784317017,40.676383309562446,52.32318157264835,lateral,1
47,1.749,Participant 8-Upright 2_frame00047,train,90deg,lateral_Participant8,Participant8,Mesomorph,Normal,,,,,,upright,1.0,0.0,0.0,0.4474480450153351,40.02850741422284,0.10921566055963255,0.08709490299224854,40.02850741422284,51.451742305063924,lateral,1
48,1.7862,Participant 8-Upright 2_frame00048,train,90deg,lateral_Participant8,Participant8,Mesomorph,Normal,,,,,,upright,1.0,0.0,0.0,0.4825468622148037,39.49180419772513,0.10921769244869818,0.08753782510757446,39.49180419772513,51.624897438368976,lateral,1
49,1.8234,Participant 8-Upright 2_frame00049,train,90deg,lateral_Participant8,Participant8,Mesomorph,Normal,,,,,,upright,1.0,0.0,0.0,0.4272725358605385,39.41441846074314,0.11579463088498027,0.087299644947052,39.41441846074314,52.385616687151455,lateral,1
50,1.8606,Participant 8-Upright 2_frame00050,train,90deg,lateral_Participant8,Participant8,Mesomorph,Normal,,,,,,upright,1.0,0.0,0.0,0.45011426508426666,40.478793919607455,0.11469998061326579,0.08796811103820801,40.478793919607455,52.59338848887032,lateral,1
51,1.8978,Participant 8-Upright 2_frame00051,train,90deg,lateral_Participant8,Participant8,Mesomorph,Normal,,,,,,upright,1.0,0.0,0.0,0.4635939933359623,40.96632129867468,0.11191475415133462,0.0884237289428711,40.96632129867468,53.050487128055636,lateral,1
52,1.935,Participant 8-Upright 2_frame00052,train,90deg,lateral_Participant8,Participant8,Mesomorph,Normal,,,,,,upright,1.0,0.0,0.0,0.44623325020074844,41.1980604121183,0.10871561632730857,0.08654773235321045,41.1980604121183,52.44248652423929,lateral,1
53,1.9723,Participant 8-Upright 2_frame00053,train,90deg,lateral_Participant8,Participant8,Mesomorph,Normal,,,,,,upright,1.0,0.0,0.0,0.4224526807665825,39.14584651188519,0.10717784641900384,0.08241647481918335,39.14584651188519,53.74553351319743,lateral,1
54,2.0095,Participant 8-Upright 2_frame00054,train,90deg,lateral_Participant8,Participant8,Mesomorph,Normal,,,,,,upright,1.0,0.0,0.0,0.44448932260274887,39.73695457286436,0.11205198344191736,0.09326136112213135,39.73695457286436,51.12915542023973,lateral,1
55,2.0467,Participant 8-Upright 2_frame00055,train,90deg,lateral_Participant8,Participant8,Mesomorph,Normal,,,,,,upright,1.0,0.0,0.0,0.43740925937891006,41.36696448561431,0.11108224993652946,0.0931539535522461,41.36696448561431,51.9467095126451,lateral,1
56,2.0839,Participant 8-Upright 2_frame00056,train,90deg,lateral_Participant8,Participant8,Mesomorph,Normal,,,,,,upright,1.0,0.0,0.0,0.4263301081955433,42.510419276514114,0.11573554955446824,0.09698539972305298,42.510419276514114,51.54063829950316,lateral,1
57,2.1211,Participant 8-Upright 2_frame00057,train,90deg,lateral_Participant8,Participant8,Mesomorph,Normal,,,,,,upright,1.0,0.0,0.0,0.424498975276947,41.84523660959562,0.11367004349712231,0.09083741903305054,41.84523660959562,51.439917988539115,lateral,1
58,2.1583,Participant 8-Upright 2_frame00058,train,90deg,lateral_Participant8,Participant8,Mesomorph,Normal,,,,,,upright,1.0,0.0,0.0,0.44203291088342667,42.205018496957756,0.12062498702653712,0.09051162004470825,42.205018496957756,52.31199343486056,lateral,1
59,2.1955,Participant 8-Upright 2_frame00059,train,90deg,lateral_Participant8,Participant8,Mesomorph,Normal,,,,,,upright,1.0,0.0,0.0,0.44602788984775543,41.186564862127526,0.118710405236188,0.08936476707458496,41.186564862127526,53.098100657935404,lateral,1
60,2.2327,Participant 8-Upright 2_frame00060,train,90deg,lateral_Participant8,Participant8,Mesomorph,Normal,,,,,,upright,1.0,0.0,0.0,0.4434336870908737,40.4709272338742,0.11956821960335161,0.08996051549911499,40.4709272338742,52.25492482213168,lateral,1
61,2.27,Participant 8-Upright 2_frame00061,train,90deg,lateral_Participant8,Participant8,Mesomorph,Normal,,,,,,upright,1.0,0.0,0.0,0.4304625317454338,40.65495011616009,0.12562300793651487,0.08942121267318726,40.65495011616009,53.479037234478824,lateral,1
62,2.3072,Participant 8-Upright 2_frame00062,train,90deg,lateral_Participant8,Participant8,Mesomorph,Normal,,,,,,upright,1.0,0.0,0.0,0.4357971251010895,39.227950754552914,0.11298337219239422,0.08897185325622559,39.227950754552914,52.19627665150395,lateral,1
63,2.3444,Participant 8-Upright 2_frame00063,train,90deg,lateral_Participant8,Participant8,Mesomorph,Normal,,,,,,upright,1.0,0.0,0.0,0.4385339245200157,40.19946641723831,0.11093000997283411,0.08896541595458984,40.19946641723831,52.15285896152835,lateral,1
64,2.3816,Participant 8-Upright 2_frame00064,train,90deg,lateral_Participant8,Participant8,Mesomorph,Normal,,,,,,upright,1.0,0.0,0.0,0.44641897827386856,42.94660266377637,0.1197306886730926,0.09120333194732666,42.94660266377637,51.55121701397383,lateral,1
65,2.4188,Participant 8-Upright 2_frame00065,train,90deg,lateral_Participant8,Participant8,Mesomorph,Normal,,,,,,upright,1.0,0.0,0.0,0.43075088411569595,41.32627157885157,0.11488658510427177,0.08989721536636353,41.32627157885157,52.2463008956465,lateral,1
66,2.456,Participant 8-Upright 2_frame00066,train,90deg,lateral_Participant8,Participant8,Mesomorph,Normal,,,,,,upright,1.0,0.0,0.0,0.43688350915908813,40.785853358127625,0.11498147900814128,0.08995956182479858,40.785853358127625,53.08569692921615,lateral,1
67,2.4932,Participant 8-Upright 2_frame00067,train,90deg,lateral_Participant8,Participant8,Mesomorph,Normal,,,,,,upright,1.0,0.0,0.0,0.4573797360062599,42.03474622166209,0.11934863305097979,0.09262502193450928,42.03474622166209,51.96679775939408,lateral,1
68,2.5304,Participant 8-Upright 2_frame00068,train,90deg,lateral_Participant8,Participant8,Mesomorph,Normal,,,,,,upright,1.0,0.0,0.0,0.4173389673233032,39.837273635192396,0.11012176622462325,0.08949613571166992,39.837273635192396,51.774367488525186,lateral,1
69,2.5677,Participant 8-Upright 2_frame00069,train,90deg,lateral_Participant8,Participant8,Mesomorph,Normal,,,,,,upright,1.0,0.0,0.0,0.41856640577316284,41.69621393610852,0.12593163032589472,0.09268569946289062,41.69621393610852,52.3218392968339,lateral,1
70,2.6049,Participant 8-Upright 2_frame00070,train,90deg,lateral_Participant8,Participant8,Mesomorph,Normal,,,,,,upright,1.0,0.0,0.0,0.4521973505616188,42.102956916295724,0.1126314848774415,0.09404456615447998,42.102956916295724,52.510542410293056,lateral,1
71,2.6421,Participant 8-Upright 2_frame00071,train,90deg,lateral_Participant8,Participant8,Mesomorph,Normal,,,,,,upright,1.0,0.0,0.0,0.4290057420730591,40.461957388464164,0.10737812330928237,0.08909821510314941,40.461957388464164,51.88960894527637,lateral,1
72,2.6793,Participant 8-Upright 2_frame00072,train,90deg,lateral_Participant8,Participant8,Mesomorph,Normal,,,,,,upright,1.0,0.0,0.0,0.4281224459409714,40.61272477160914,0.11215987264138343,0.09072434902191162,40.61272477160914,52.04227178468992,lateral,1
73,2.7165,Participant 8-Upright 2_frame00073,train,90deg,lateral_Participant8,Participant8,Mesomorph,Normal,,,,,,upright,1.0,0.0,0.0,0.4215180575847626,41.447174116559864,0.11594434846030142,0.08991307020187378,41.447174116559864,52.501640956432134,lateral,1
74,2.7537,Participant 8-Upright 2_frame00074,train,90deg,lateral_Participant8,Participant8,Mesomorph,Normal,,,,,,upright,1.0,0.0,0.0,0.4573020972311497,41.64226227758125,0.11864183421576807,0.09098851680755615,41.64226227758125,53.07029077980412,lateral,1
75,2.7909,Participant 8-Upright 2_frame00075,train,90deg,lateral_Participant8,Participant8,Mesomorph,Normal,,,,,,upright,1.0,0.0,0.0,0.44238705933094025,40.00800001096011,0.11556373503692231,0.09075623750686646,40.00800001096011,51.78274513189572,lateral,1
76,2.8281,Participant 8-Upright 2_frame00076,train,90deg,lateral_Participant8,Participant8,Mesomorph,Normal,,,,,,upright,1.0,0.0,0.0,0.45866191387176514,40.55592419803902,0.11776551386989648,0.08902883529663086,40.55592419803902,51.551513796478616,lateral,1
77,2.8654,Participant 8-Upright 2_frame00077,train,90deg,lateral_Participant8,Participant8,Mesomorph,Normal,,,,,,upright,1.0,0.0,0.0,0.46067746728658676,40.06908085123026,0.11062520126819751,0.08364862203598022,40.06908085123026,51.73924465070545,lateral,1
78,2.9026,Participant 8-Upright 2_frame00078,train,90deg,lateral_Participant8,Participant8,Mesomorph,Normal,,,,,,upright,1.0,0.0,0.0,0.44457123428583145,41.46665382060073,0.11487477489606375,0.09266853332519531,41.46665382060073,50.54198390932636,lateral,1
79,2.9398,Participant 8-Upright 2_frame00079,train,90deg,lateral_Participant8,Participant8,Mesomorph,Normal,,,,,,upright,1.0,0.0,0.0,0.4835706390440464,41.99372743071447,0.11476013150275147,0.09129810333251953,41.99372743071447,52.07111704159336,lateral,1
80,2.977,Participant 8-Upright 2_frame00080,train,90deg,lateral_Participant8,Participant8,Mesomorph,Normal,,,,,,upright,1.0,0.0,0.0,0.42847876995801926,40.84114178125026,0.12308670485245699,0.09277081489562988,40.84114178125026,53.67178114548186,lateral,1
81,3.0142,Participant 8-Upright 2_frame00081,train,90deg,lateral_Participant8,Participant8,Mesomorph,Normal,,,,,,upright,1.0,0.0,0.0,0.43388306349515915,40.2965360281067,0.11557864536080112,0.09320706129074097,40.2965360281067,52.381057289620735,lateral,1
82,3.0514,Participant 8-Upright 2_frame00082,train,90deg,lateral_Participant8,Participant8,Mesomorph,Normal,,,,,,upright,1.0,0.0,0.0,0.39699771255254745,40.454643763139146,0.1274104264928122,0.09282159805297852,40.454643763139146,53.72762941597602,lateral,1
83,3.0886,Participant 8-Upright 2_frame00083,train,90deg,lateral_Participant8,Participant8,Mesomorph,Normal,,,,,,upright,1.0,0.0,0.0,0.4541250467300415,39.45230008551608,0.11246071712155357,0.09261012077331543,39.45230008551608,51.7657349976572,lateral,1
84,3.1258,Participant 8-Upright 2_frame00084,train,90deg,lateral_Participant8,Participant8,Mesomorph,Normal,,,,,,upright,1.0,0.0,0.0,0.4085368663072586,40.08839182399916,0.11141453776851172,0.08914226293563843,40.08839182399916,51.92606130709928,lateral,1
85,3.163,Participant 8-Upright 2_frame00085,train,90deg,lateral_Participant8,Participant8,Mesomorph,Normal,,,,,,upright,1.0,0.0,0.0,0.4107404202222824,41.224223671432604,0.12684074202531664,0.0953109860420227,41.224223671432604,52.48435715611158,lateral,1
86,3.2003,Participant 8-Upright 2_frame00086,train,90deg,lateral_Participant8,Participant8,Mesomorph,Normal,,,,,,upright,1.0,0.0,0.0,0.44874580204486847,41.45963789517293,0.12027179470915222,0.09107178449630737,41.45963789517293,53.34784097465989,lateral,1
87,3.2375,Participant 8-Upright 2_frame00087,train,90deg,lateral_Participant8,Participant8,Mesomorph,Normal,,,,,,upright,1.0,0.0,0.0,0.4241645485162735,39.91668903412588,0.12011410107830492,0.09112095832824707,39.91668903412588,52.27960861870766,lateral,1
88,3.2747,Participant 8-Upright 2_frame00088,train,90deg,lateral_Participant8,Participant8,Mesomorph,Normal,,,,,,upright,1.0,0.0,0.0,0.4197281450033188,39.50855658876546,0.11336623540545859,0.09046727418899536,39.50855658876546,52.03647838245677,lateral,1
89,3.3119,Participant 8-Upright 2_frame00089,train,90deg,lateral_Participant8,Participant8,Mesomorph,Normal,,,,,,upright,1.0,0.0,0.0,0.40574193000793457,41.25428867957426,0.11877301454908662,0.09540027379989624,41.25428867957426,52.093867479951,lateral,1
90,3.3491,Participant 8-Upright 2_frame00090,train,90deg,lateral_Participant8,Participant8,Mesomorph,Normal,,,,,,upright,1.0,0.0,0.0,0.40642159432172775,42.1408737214632,0.12559517042929275,0.09878385066986084,42.1408737214632,52.00503693907575,lateral,1
91,3.3863,Participant 8-Upright 2_frame00091,train,90deg,lateral_Participant8,Participant8,Mesomorph,Normal,,,,,,upright,1.0,0.0,0.0,0.43777260184288025,40.17046404269269,0.11074014575656863,0.08801025152206421,40.17046404269269,52.668001136298756,lateral,1
92,3.4235,Participant 8-Upright 2_frame00092,train,90deg,lateral_Participant8,Participant8,Mesomorph,Normal,,,,,,upright,1.0,0.0,0.0,0.4252442270517349,41.04655392078185,0.1218214290447796,0.0945398211479187,41.04655392078185,52.892054615952595,lateral,1
93,3.4607,Participant 8-Upright 2_frame00093,train,90deg,lateral_Participant8,Participant8,Mesomorph,Normal,,,,,,upright,1.0,0.0,0.0,0.4412197768688202,42.374021869131276,0.11021786509888887,0.09432125091552734,42.374021869131276,52.807869756625585,lateral,1
94,3.498,Participant 8-Upright 2_frame00094,train,90deg,lateral_Participant8,Participant8,Mesomorph,Normal,,,,,,upright,1.0,0.0,0.0,0.4086605980992317,41.28755349495301,0.12078626989024667,0.09897226095199585,41.28755349495301,51.07461298000128,lateral,1
95,3.5352,Participant 8-Upright 2_frame00095,train,90deg,lateral_Participant8,Participant8,Mesomorph,Normal,,,,,,upright,1.0,0.0,0.0,0.42187710851430893,41.19969828167083,0.11526359533387713,0.09427261352539062,41.19969828167083,51.73669886437783,lateral,1
96,3.5724,Participant 8-Upright 2_frame00096,train,90deg,lateral_Participant8,Participant8,Mesomorph,Normal,,,,,,upright,1.0,0.0,0.0,0.45090192556381226,42.53168553666313,0.11218773505713991,0.09558451175689697,42.53168553666313,51.69818754507452,lateral,1
97,3.6096,Participant 8-Upright 2_frame00097,train,90deg,lateral_Participant8,Participant8,Mesomorph,Normal,,,,,,upright,1.0,0.0,0.0,0.4344392940402031,40.56157496777888,0.10884076512434235,0.08863157033920288,40.56157496777888,52.3188311236776,lateral,1
98,3.6468,Participant 8-Upright 2_frame00098,train,90deg,lateral_Participant8,Participant8,Mesomorph,Normal,,,,,,upright,1.0,0.0,0.0,0.4116472825407982,40.834673387911515,0.1294135043495299,0.09165596961975098,40.834673387911515,52.10746940270421,lateral,1
99,3.684,Participant 8-Upright 2_frame00099,train,90deg,lateral_Participant8,Participant8,Mesomorph,Normal,,,,,,upright,1.0,0.0,0.0,0.4294420927762985,42.650709428839654,0.1148617799444677,0.09503358602523804,42.650709428839654,51.57450258791222,lateral,1
100,3.7212,Participant 8-Upright 2_frame00100,train,90deg,lateral_Participant8,Participant8,Mesomorph,Normal,,,,,,upright,1.0,0.0,0.0,0.4269694313406944,41.00479679454456,0.12405436389951266,0.09398585557937622,41.00479679454456,51.85147788662014,lateral,1
101,3.7584,Participant 8-Upright 2_frame00101,train,90deg,lateral_Participant8,Participant8,Mesomorph,Normal,,,,,,upright,1.0,0.0,0.0,0.4207741767168045,41.68286122892373,0.12646888301651657,0.09700798988342285,41.68286122892373,51.940350232208246,lateral,1
102,3.7957,Participant 8-Upright 2_frame00102,train,90deg,lateral_Participant8,Participant8,Mesomorph,Normal,,,,,,upright,1.0,0.0,0.0,0.43282101303339005,40.70549011428867,0.11536973034886194,0.0939134955406189,40.70549011428867,51.82497271794099,lateral,1
103,3.8329,Participant 8-Upright 2_frame00103,train,90deg,lateral_Participant8,Participant8,Mesomorph,Normal,,,,,,upright,1.0,0.0,0.0,0.41706670820713043,41.05349572184308,0.11641983408811994,0.09316915273666382,41.05349572184308,51.81100448784398,lateral,1
104,3.8701,Participant 8-Upright 2_frame00104,train,90deg,lateral_Participant8,Participant8,Mesomorph,Normal,,,,,,upright,1.0,0.0,0.0,0.42359401285648346,39.971523523582825,0.11567044906825581,0.09358322620391846,39.971523523582825,52.09044258866671,lateral,1
105,3.9073,Participant 8-Upright 2_frame00105,train,90deg,lateral_Participant8,Participant8,Mesomorph,Normal,,,,,,upright,1.0,0.0,0.0,0.4450457692146301,40.39247645590956,0.11242984424829588,0.09312385320663452,40.39247645590956,52.08353871618653,lateral,1
106,3.9445,Participant 8-Upright 2_frame00106,train,90deg,lateral_Participant8,Participant8,Mesomorph,Normal,,,,,,upright,1.0,0.0,0.0,0.4558105617761612,41.026940543930316,0.12720839203751383,0.09044915437698364,41.026940543930316,51.94953101643628,lateral,1
107,3.9817,Participant 8-Upright 2_frame00107,train,90deg,lateral_Participant8,Participant8,Mesomorph,Normal,,,,,,upright,1.0,0.0,0.0,0.42810411006212234,41.596643271393205,0.11894906124161522,0.09496575593948364,41.596643271393205,51.62308816436078,lateral,1
108,4.0189,Participant 8-Upright 2_frame00108,train,90deg,lateral_Participant8,Participant8,Mesomorph,Normal,,,,,,upright,1.0,0.0,0.0,0.4734306316822767,41.01096251053859,0.11732487209072456,0.0947110652923584,41.01096251053859,51.52255822718965,lateral,1
109,4.0561,Participant 8-Upright 2_frame00109,train,90deg,lateral_Participant8,Participant8,Mesomorph,Normal,,,,,,upright,1.0,0.0,0.0,0.4492367208003998,39.69439600699473,0.1158420228528909,0.09200870990753174,39.69439600699473,51.93903372135937,lateral,1
110,4.0934,Participant 8-Upright 2_frame00110,train,90deg,lateral_Participant8,Participant8,Mesomorph,Normal,,,,,,upright,1.0,0.0,0.0,0.41894152760505676,40.24571745500406,0.11468811783918552,0.09087133407592773,40.24571745500406,52.47196748846068,lateral,1
111,4.1306,Participant 8-Upright 2_frame00111,train,90deg,lateral_Participant8,Participant8,Mesomorph,Normal,,,,,,upright,1.0,0.0,0.0,0.43876198679208755,40.39400639929722,0.11990245280978605,0.0926859974861145,40.39400639929722,52.158360258459226,lateral,1
112,4.1678,Participant 8-Upright 2_frame00112,train,90deg,lateral_Participant8,Participant8,Mesomorph,Normal,,,,,,upright,1.0,0.0,0.0,0.4192509949207306,40.248304059927506,0.11460649266468302,0.09159159660339355,40.248304059927506,52.22163110346445,lateral,1
113,4.205,Participant 8-Upright 2_frame00113,train,90deg,lateral_Participant8,Participant8,Mesomorph,Normal,,,,,,upright,1.0,0.0,0.0,0.4147493988275528,39.515098444961936,0.1188264774721099,0.08799254894256592,39.515098444961936,52.293835200930225,lateral,1
114,4.2422,Participant 8-Upright 2_frame00114,train,90deg,lateral_Participant8,Participant8,Mesomorph,Normal,,,,,,upright,1.0,0.0,0.0,0.46106553822755814,40.056393064589365,0.11488534505077935,0.08863353729248047,40.056393064589365,51.3192121011395,lateral,1
115,4.2794,Participant 8-Upright 2_frame00115,train,90deg,lateral_Participant8,Participant8,Mesomorph,Normal,,,,,,upright,1.0,0.0,0.0,0.4658750146627426,38.92995078314184,0.10753268507411273,0.08243703842163086,38.92995078314184,52.658775955016296,lateral,1
116,4.3166,Participant 8-Upright 2_frame00116,train,90deg,lateral_Participant8,Participant8,Mesomorph,Normal,,,,,,upright,1.0,0.0,0.0,0.460859090089798,41.09892945198098,0.12072084311244669,0.09299415349960327,41.09892945198098,52.727693927220294,lateral,1
117,4.3538,Participant 8-Upright 2_frame00117,train,90deg,lateral_Participant8,Participant8,Mesomorph,Normal,,,,,,upright,1.0,0.0,0.0,0.44243162125349045,39.1183289605045,0.11095538305846007,0.08752715587615967,39.1183289605045,53.36419726998592,lateral,1
118,4.3911,Participant 8-Upright 2_frame00118,train,90deg,lateral_Participant8,Participant8,Mesomorph,Normal,,,,,,upright,1.0,0.0,0.0,0.4051183611154556,38.85136741674065,0.11459004636496284,0.08752447366714478,38.85136741674065,52.6296078442339,lateral,1
119,4.4283,Participant 8-Upright 2_frame00119,train,90deg,lateral_Participant8,Participant8,Mesomorph,Normal,,,,,,upright,1.0,0.0,0.0,0.4718928188085556,39.33331818467799,0.11125894598617034,0.08803915977478027,39.33331818467799,51.854684376572976,lateral,1
120,4.4655,Participant 8-Upright 2_frame00120,train,90deg,lateral_Participant8,Participant8,Mesomorph,Normal,,,,,,upright,1.0,0.0,0.0,0.43457408249378204,41.99912317255852,0.12257283875210792,0.09279066324234009,41.99912317255852,53.48011203227587,lateral,1
121,4.5027,Participant 8-Upright 2_frame00121,train,90deg,lateral_Participant8,Participant8,Mesomorph,Normal,,,,,,upright,1.0,0.0,0.0,0.42013198137283325,42.367237495289636,0.1298013330544353,0.09224915504455566,42.367237495289636,52.089223904758136,lateral,1
122,4.5399,Participant 8-Upright 2_frame00122,train,90deg,lateral_Participant8,Participant8,Mesomorph,Normal,,,,,,upright,1.0,0.0,0.0,0.4462807849049568,42.009678368755225,0.12030050580813714,0.09446251392364502,42.009678368755225,53.04918734110547,lateral,1
123,4.5771,Participant 8-Upright 2_frame00123,train,90deg,lateral_Participant8,Participant8,Mesomorph,Normal,,,,,,upright,1.0,0.0,0.0,0.4086119681596756,40.23853852992456,0.11385773664829782,0.08662796020507812,40.23853852992456,52.88039312715705,lateral,1
124,4.6143,Participant 8-Upright 2_frame00124,train,90deg,lateral_Participant8,Participant8,Mesomorph,Normal,,,,,,upright,1.0,0.0,0.0,0.4199648052453995,38.18928163334582,0.10405451001418575,0.08439815044403076,38.18928163334582,51.86362186775037,lateral,1
125,4.6515,Participant 8-Upright 2_frame00125,train,90deg,lateral_Participant8,Participant8,Mesomorph,Normal,,,,,,upright,1.0,0.0,0.0,0.40104372799396515,40.95554162560335,0.11876735723076398,0.09318310022354126,40.95554162560335,51.530040296224456,lateral,1
126,4.6888,Participant 8-Upright 2_frame00126,train,90deg,lateral_Participant8,Participant8,Mesomorph,Normal,,,,,,upright,1.0,0.0,0.0,0.4234476089477539,39.980411383863284,0.11111180289158502,0.09028023481369019,39.980411383863284,51.948845150471314,lateral,1
127,4.726,Participant 8-Upright 2_frame00127,train,90deg,lateral_Participant8,Participant8,Mesomorph,Normal,,,,,,upright,1.0,0.0,0.0,0.4394669905304909,42.87909926585364,0.12928853139546284,0.09504193067550659,42.87909926585364,51.70188984961016,lateral,1
128,4.7632,Participant 8-Upright 2_frame00128,train,90deg,lateral_Participant8,Participant8,Mesomorph,Normal,,,,,,upright,1.0,0.0,0.0,0.46225251257419586,41.390790003386414,0.11905493784770721,0.08857005834579468,41.390790003386414,51.09617366397986,lateral,1
129,4.8004,Participant 8-Upright 2_frame00129,train,90deg,lateral_Participant8,Participant8,Mesomorph,Normal,,,,,,upright,1.0,0.0,0.0,0.43960169702768326,41.401663986375006,0.11348676801112223,0.09283328056335449,41.401663986375006,51.789126012841415,lateral,1
130,4.8376,Participant 8-Upright 2_frame00130,train,90deg,lateral_Participant8,Participant8,Mesomorph,Normal,,,,,,upright,1.0,0.0,0.0,0.45163361355662346,41.62803864599965,0.11628375295009521,0.09376084804534912,41.62803864599965,52.4864511478206,lateral,1
131,4.8748,Participant 8-Upright 2_frame00131,train,90deg,lateral_Participant8,Participant8,Mesomorph,Normal,,,,,,upright,1.0,0.0,0.0,0.41250312328338623,39.551974144587525,0.11321058142653516,0.0878363847732544,39.551974144587525,52.18022003013276,lateral,1
132,4.912,Participant 8-Upright 2_frame00132,train,90deg,lateral_Participant8,Participant8,Mesomorph,Normal,,,,,,upright,1.0,0.0,0.0,0.45220062881708145,42.81479365922305,0.12322008599564027,0.09793925285339355,42.81479365922305,50.970082944401014,lateral,1
133,4.9492,Participant 8-Upright 2_frame00133,train,90deg,lateral_Participant8,Participant8,Mesomorph,Normal,,,,,,upright,1.0,0.0,0.0,0.4615248143672943,43.27612086468888,0.12026300634094389,0.09881150722503662,43.27612086468888,50.80725993522475,lateral,1
134,4.9865,Participant 8-Upright 2_frame00134,train,90deg,lateral_Participant8,Participant8,Mesomorph,Normal,,,,,,upright,1.0,0.0,0.0,0.4195791035890579,42.34196447881076,0.11811157110702081,0.09240472316741943,42.34196447881076,52.591566968335314,lateral,1
135,5.0237,Participant 8-Upright 2_frame00135,train,90deg,lateral_Participant8,Participant8,Mesomorph,Normal,,,,,,upright,1.0,0.0,0.0,0.45717597007751465,41.70564241728664,0.10889191694446229,0.09595656394958496,41.70564241728664,50.79576512319031,lateral,1
136,5.0609,Participant 8-Upright 2_frame00136,train,90deg,lateral_Participant8,Participant8,Mesomorph,Normal,,,,,,upright,1.0,0.0,0.0,0.43974436819553375,42.81732978613613,0.10908067572240822,0.09380573034286499,42.81732978613613,51.17479021306625,lateral,1
137,5.0981,Participant 8-Upright 2_frame00137,train,90deg,lateral_Participant8,Participant8,Mesomorph,Normal,,,,,,upright,1.0,0.0,0.0,0.4459144249558449,40.38245730009668,0.10932245857923341,0.09076333045959473,40.38245730009668,52.079591407720336,lateral,1
138,5.1353,Participant 8-Upright 2_frame00138,train,90deg,lateral_Participant8,Participant8,Mesomorph,Normal,,,,,,upright,1.0,0.0,0.0,0.41174226254224777,41.55717503992322,0.11590827732339705,0.09207844734191895,41.55717503992322,52.50820643822561,lateral,1
139,5.1725,Participant 8-Upright 2_frame00139,train,90deg,lateral_Participant8,Participant8,Mesomorph,Normal,,,,,,upright,1.0,0.0,0.0,0.4512840211391449,42.61942136142982,0.12140604108482182,0.09435075521469116,42.61942136142982,51.72959105870756,lateral,1
140,5.2097,Participant 8-Upright 2_frame00140,train,90deg,lateral_Participant8,Participant8,Mesomorph,Normal,,,,,,upright,1.0,0.0,0.0,0.4611193537712097,40.85117837192566,0.12466218518011218,0.09084564447402954,40.85117837192566,51.96167207270744,lateral,1
141,5.2469,Participant 8-Upright 2_frame00141,train,90deg,lateral_Participant8,Participant8,Mesomorph,Normal,,,,,,upright,1.0,0.0,0.0,0.4322863072156906,41.8402363021571,0.11984785788490773,0.09311741590499878,41.8402363021571,51.70108734203208,lateral,1
142,5.2842,Participant 8-Upright 2_frame00142,train,90deg,lateral_Participant8,Participant8,Mesomorph,Normal,,,,,,upright,1.0,0.0,0.0,0.43366172909736633,39.723843333207455,0.11029069167222955,0.09056323766708374,39.723843333207455,51.710176044961315,lateral,1
143,5.3214,Participant 8-Upright 2_frame00143,train,90deg,lateral_Participant8,Participant8,Mesomorph,Normal,,,,,,upright,1.0,0.0,0.0,0.45410359650850296,41.35927191532462,0.11592166557163681,0.09035378694534302,41.35927191532462,52.25945514583267,lateral,1
144,5.3586,Participant 8-Upright 2_frame00144,train,90deg,lateral_Participant8,Participant8,Mesomorph,Normal,,,,,,upright,1.0,0.0,0.0,0.43017247319221497,41.17653782127944,0.11917349275167163,0.08887380361557007,41.17653782127944,52.916440629724946,lateral,1
145,5.3958,Participant 8-Upright 2_frame00145,train,90deg,lateral_Participant8,Participant8,Mesomorph,Normal,,,,,,upright,1.0,0.0,0.0,0.4276673197746277,40.29299245465679,0.11357368689651708,0.09199291467666626,40.29299245465679,52.41311867118261,lateral,1
146,5.433,Participant 8-Upright 2_frame00146,train,90deg,lateral_Participant8,Participant8,Mesomorph,Normal,,,,,,upright,1.0,0.0,0.0,0.4160646051168442,40.91977914756141,0.11894850240754544,0.09132564067840576,40.91977914756141,52.25576020911448,lateral,1
147,5.4702,Participant 8-Upright 2_frame00147,train,90deg,lateral_Participant8,Participant8,Mesomorph,Normal,,,,,,upright,1.0,0.0,0.0,0.45263974368572235,40.86942349084209,0.11751002029164,0.0902976393699646,40.86942349084209,52.47949814196205,lateral,1
148,5.5074,Participant 8-Upright 2_frame00148,train,90deg,lateral_Participant8,Participant8,Mesomorph,Normal,,,,,,upright,1.0,0.0,0.0,0.42618831992149353,40.324433845808116,0.11691596608165603,0.08937782049179077,40.324433845808116,52.82962565415557,lateral,1
149,5.5446,Participant 8-Upright 2_frame00149,train,90deg,lateral_Participant8,Participant8,Mesomorph,Normal,,,,,,upright,1.0,0.0,0.0,0.4121132344007492,41.48772265644522,0.12177061126337313,0.08913862705230713,41.48772265644522,51.576032077047074,lateral,1
150,5.5819,Participant 8-Upright 2_frame00150,train,90deg,lateral_Participant8,Participant8,Mesomorph,Normal,,,,,,upright,1.0,0.0,0.0,0.42185040563344955,43.41841580885785,0.12746095472735242,0.09738069772720337,43.41841580885785,51.21368376387849,lateral,1
151,5.6191,Participant 8-Upright 2_frame00151,train,90deg,lateral_Participant8,Participant8,Mesomorph,Normal,,,,,,upright,1.0,0.0,0.0,0.4131432995200157,42.89232719173826,0.12045675936985732,0.0938064455986023,42.89232719173826,50.74574367942646,lateral,1
152,5.6563,Participant 8-Upright 2_frame00152,train,90deg,lateral_Participant8,Participant8,Mesomorph,Normal,,,,,,upright,1.0,0.0,0.0,0.40729159116744995,41.989272298087776,0.12045041324702731,0.09452122449874878,41.989272298087776,50.176902199556764,lateral,1
0,0.0,Participant 8-Upright_frame00000,train,90deg,lateral_Participant8,Participant8,Mesomorph,Normal,,,,,,upright,1.0,0.0,0.0,0.38737641274929047,38.89420852341025,0.10301837652846207,0.08481502532958984,38.89420852341025,52.64011804899695,lateral,1
1,0.0358,Participant 8-Upright_frame00001,train,90deg,lateral_Participant8,Participant8,Mesomorph,Normal,,,,,,upright,1.0,0.0,0.0,0.3788522481918335,40.41331044298568,0.08191250612883057,0.0867881178855896,40.41331044298568,50.47528507992678,lateral,1
2,0.0717,Participant 8-Upright_frame00002,train,90deg,lateral_Participant8,Participant8,Mesomorph,Normal,,,,,,upright,1.0,0.0,0.0,0.43322476744651794,40.69347597258581,0.08752483173341569,0.08579248189926147,40.69347597258581,51.48392941519261,lateral,1
3,0.1075,Participant 8-Upright_frame00003,train,90deg,lateral_Participant8,Participant8,Mesomorph,Normal,,,,,,upright,1.0,0.0,0.0,0.3738354593515396,38.569129378145895,0.08756299664152294,0.08451032638549805,38.569129378145895,51.94992322123649,lateral,1
4,0.1434,Participant 8-Upright_frame00004,train,90deg,lateral_Participant8,Participant8,Mesomorph,Normal,,,,,,upright,1.0,0.0,0.0,0.3875613361597061,38.66196053479625,0.09275519946162972,0.08363866806030273,38.66196053479625,51.403458408501834,lateral,1
5,0.1792,Participant 8-Upright_frame00005,train,90deg,lateral_Participant8,Participant8,Mesomorph,Normal,,,,,,upright,1.0,0.0,0.0,0.3903534710407257,38.64560403520774,0.08550466091209576,0.08398455381393433,38.64560403520774,51.8437173490111,lateral,1
6,0.2151,Participant 8-Upright_frame00006,train,90deg,lateral_Participant8,Participant8,Mesomorph,Normal,,,,,,upright,1.0,0.0,0.0,0.37075692415237427,39.54106420669217,0.09513140235121224,0.08406084775924683,39.54106420669217,51.53448917445771,lateral,1
7,0.2509,Participant 8-Upright_frame00007,train,90deg,lateral_Participant8,Participant8,Mesomorph,Normal,,,,,,upright,1.0,0.0,0.0,0.39573030173778534,39.83953306787676,0.08957382965621227,0.0899660587310791,39.83953306787676,51.65076147939764,lateral,1
8,0.2867,Participant 8-Upright_frame00008,train,90deg,lateral_Participant8,Participant8,Mesomorph,Normal,,,,,,upright,1.0,0.0,0.0,0.3855796903371811,38.84852667073818,0.08758865732017129,0.08810669183731079,38.84852667073818,52.09773635119735,lateral,1
9,0.3226,Participant 8-Upright_frame00009,train,90deg,lateral_Participant8,Participant8,Mesomorph,Normal,,,,,,upright,1.0,0.0,0.0,0.35737767815589905,39.0475638219893,0.09419213237100434,0.08610033988952637,39.0475638219893,52.067433180269234,lateral,1
10,0.3584,Participant 8-Upright_frame00010,train,90deg,lateral_Participant8,Participant8,Mesomorph,Normal,,,,,,upright,1.0,0.0,0.0,0.40823909640312195,40.020422270986224,0.08917737020505018,0.08876192569732666,40.020422270986224,52.13254747246237,lateral,1
11,0.3943,Participant 8-Upright_frame00011,train,90deg,lateral_Participant8,Participant8,Mesomorph,Normal,,,,,,upright,1.0,0.0,0.0,0.4035819172859192,39.318448146564776,0.09043909079978538,0.08774322271347046,39.318448146564776,51.91585015756301,lateral,1
12,0.4301,Participant 8-Upright_frame00012,train,90deg,lateral_Participant8,Participant8,Mesomorph,Normal,,,,,,upright,1.0,0.0,0.0,0.37596479058265686,40.39483216789963,0.09616551467896604,0.08739924430847168,40.39483216789963,52.338018195374666,lateral,1
13,0.466,Participant 8-Upright_frame00013,train,90deg,lateral_Participant8,Participant8,Mesomorph,Normal,,,,,,upright,1.0,0.0,0.0,0.3845018595457077,39.00162869255432,0.08973517123478723,0.08058202266693115,39.00162869255432,53.220765988732914,lateral,1
14,0.5018,Participant 8-Upright_frame00014,train,90deg,lateral_Participant8,Participant8,Mesomorph,Normal,,,,,,upright,1.0,0.0,0.0,0.387763187289238,39.20306222000104,0.0859516068370397,0.08315819501876831,39.20306222000104,52.03488509959768,lateral,1
15,0.5376,Participant 8-Upright_frame00015,train,90deg,lateral_Participant8,Participant8,Mesomorph,Normal,,,,,,upright,1.0,0.0,0.0,0.37587596476078033,39.339627479806644,0.09288955282716038,0.08823668956756592,39.339627479806644,51.46817470437555,lateral,1
16,0.5735,Participant 8-Upright_frame00016,train,90deg,lateral_Participant8,Participant8,Mesomorph,Normal,,,,,,upright,1.0,0.0,0.0,0.35788296163082123,37.99208701018965,0.08898157969958058,0.08136051893234253,37.99208701018965,52.59877893698233,lateral,1
17,0.6093,Participant 8-Upright_frame00017,train,90deg,lateral_Participant8,Participant8,Mesomorph,Normal,,,,,,upright,1.0,0.0,0.0,0.3697947710752487,39.28575869120759,0.09525176842226868,0.08835357427597046,39.28575869120759,51.74578075375594,lateral,1
18,0.6452,Participant 8-Upright_frame00018,train,90deg,lateral_Participant8,Participant8,Mesomorph,Normal,,,,,,upright,1.0,0.0,0.0,0.37230663001537323,41.008937073057616,0.10161936920857723,0.08674973249435425,41.008937073057616,52.3678423205116,lateral,1
19,0.681,Participant 8-Upright_frame00019,train,90deg,lateral_Participant8,Participant8,Mesomorph,Normal,,,,,,upright,1.0,0.0,0.0,0.4009004235267639,38.72830658053224,0.08173378050306036,0.08147400617599487,38.72830658053224,52.06243270118651,lateral,1
20,0.7169,Participant 8-Upright_frame00020,train,90deg,lateral_Participant8,Participant8,Mesomorph,Normal,,,,,,upright,1.0,0.0,0.0,0.3873755633831024,39.27971493648516,0.09740948533732337,0.08435851335525513,39.27971493648516,51.664746364993114,lateral,1
21,0.7527,Participant 8-Upright_frame00021,train,90deg,lateral_Participant8,Participant8,Mesomorph,Normal,,,,,,upright,1.0,0.0,0.0,0.38884977996349335,39.76220641023815,0.0998206765907263,0.08721405267715454,39.76220641023815,52.08805083626771,lateral,1
22,0.7885,Participant 8-Upright_frame00022,train,90deg,lateral_Participant8,Participant8,Mesomorph,Normal,,,,,,upright,1.0,0.0,0.0,0.36703863739967346,38.73937401597376,0.08582337734179064,0.08206355571746826,38.73937401597376,51.93220327896956,lateral,1
23,0.8244,Participant 8-Upright_frame00023,train,90deg,lateral_Participant8,Participant8,Mesomorph,Normal,,,,,,upright,1.0,0.0,0.0,0.34966079890727997,39.27506431949962,0.0872299553328883,0.08063220977783203,39.27506431949962,52.50494446855201,lateral,1
24,0.8602,Participant 8-Upright_frame00024,train,90deg,lateral_Participant8,Participant8,Mesomorph,Normal,,,,,,upright,1.0,0.0,0.0,0.3722020983695984,38.193703845255335,0.08392145757848643,0.0800330638885498,38.193703845255335,52.424761739149695,lateral,1
25,0.8961,Participant 8-Upright_frame00025,train,90deg,lateral_Participant8,Participant8,Mesomorph,Normal,,,,,,upright,1.0,0.0,0.0,0.4031558930873871,39.717166321312014,0.0953241041814877,0.08905553817749023,39.717166321312014,51.4026811548897,lateral,1
26,0.9319,Participant 8-Upright_frame00026,train,90deg,lateral_Participant8,Participant8,Mesomorph,Normal,,,,,,upright,1.0,0.0,0.0,0.44342681765556335,39.81532110637297,0.09371140020875315,0.088387131690979,39.81532110637297,51.9426623356865,lateral,1
27,0.9677,Participant 8-Upright_frame00027,train,90deg,lateral_Participant8,Participant8,Mesomorph,Normal,,,,,,upright,1.0,0.0,0.0,0.379021018743515,39.95471687522771,0.0887774299292896,0.08862632513046265,39.95471687522771,51.72412000141656,lateral,1
28,1.0036,Participant 8-Upright_frame00028,train,90deg,lateral_Participant8,Participant8,Mesomorph,Normal,,,,,,upright,1.0,0.0,0.0,0.3672824054956436,39.06201970024734,0.09078286424123738,0.08467084169387817,39.06201970024734,52.15715178135936,lateral,1
29,1.0394,Participant 8-Upright_frame00029,train,90deg,lateral_Participant8,Participant8,Mesomorph,Normal,,,,,,upright,1.0,0.0,0.0,0.3519314229488373,39.36200690170016,0.09025562797760502,0.08734375238418579,39.36200690170016,51.769997087855096,lateral,1
30,1.0753,Participant 8-Upright_frame00030,train,90deg,lateral_Participant8,Participant8,Mesomorph,Normal,,,,,,upright,1.0,0.0,0.0,0.36830249428749084,37.99167837705815,0.08287975346285911,0.08218973875045776,37.99167837705815,51.40235313172135,lateral,1
31,1.1111,Participant 8-Upright_frame00031,train,90deg,lateral_Participant8,Participant8,Mesomorph,Normal,,,,,,upright,1.0,0.0,0.0,0.3287806808948517,39.022166788628184,0.09485465322453975,0.0809069275856018,39.022166788628184,51.85696332150793,lateral,1
32,1.147,Participant 8-Upright_frame00032,train,90deg,lateral_Participant8,Participant8,Mesomorph,Normal,,,,,,upright,1.0,0.0,0.0,0.3739732950925827,39.19616179025277,0.09058570208881173,0.0868690013885498,39.19616179025277,51.89298730290995,lateral,1
33,1.1828,Participant 8-Upright_frame00033,train,90deg,lateral_Participant8,Participant8,Mesomorph,Normal,,,,,,upright,1.0,0.0,0.0,0.3185081034898758,37.64646029977986,0.08938405602749919,0.07792973518371582,37.64646029977986,51.26251178068276,lateral,1
34,1.2186,Participant 8-Upright_frame00034,train,90deg,lateral_Participant8,Participant8,Mesomorph,Normal,,,,,,upright,1.0,0.0,0.0,0.37881292402744293,39.11104990024899,0.09229421164016306,0.08914107084274292,39.11104990024899,51.5283155967132,lateral,1
35,1.2545,Participant 8-Upright_frame00035,train,90deg,lateral_Participant8,Participant8,Mesomorph,Normal,,,,,,upright,1.0,0.0,0.0,0.35308966040611267,39.08094954059497,0.09213160687161595,0.08390581607818604,39.08094954059497,51.05530707801068,lateral,1
36,1.2903,Participant 8-Upright_frame00036,train,90deg,lateral_Participant8,Participant8,Mesomorph,Normal,,,,,,upright,1.0,0.0,0.0,0.3488900363445282,38.90097470465691,0.10212903907381414,0.08558809757232666,38.90097470465691,52.19255046986758,lateral,1
37,1.3262,Participant 8-Upright_frame00037,train,90deg,lateral_Participant8,Participant8,Mesomorph,Normal,,,,,,upright,1.0,0.0,0.0,0.37477655708789825,39.457453165623185,0.08911557427290365,0.08702331781387329,39.457453165623185,51.51670450880438,lateral,1
38,1.362,Participant 8-Upright_frame00038,train,90deg,lateral_Participant8,Participant8,Mesomorph,Normal,,,,,,upright,1.0,0.0,0.0,0.38045358657836914,38.78689173693351,0.09057935042607793,0.08494061231613159,38.78689173693351,51.2895409607783,lateral,1
39,1.3979,Participant 8-Upright_frame00039,train,90deg,lateral_Participant8,Participant8,Mesomorph,Normal,,,,,,upright,1.0,0.0,0.0,0.38587385416030884,40.1039171823115,0.10023665531657708,0.09007525444030762,40.1039171823115,52.08752694305642,lateral,1
40,1.4337,Participant 8-Upright_frame00040,train,90deg,lateral_Participant8,Participant8,Mesomorph,Normal,,,,,,upright,1.0,0.0,0.0,0.3644166588783264,39.557831404513266,0.0937971326450502,0.08699655532836914,39.557831404513266,51.80844133038385,lateral,1
41,1.4695,Participant 8-Upright_frame00041,train,90deg,lateral_Participant8,Participant8,Mesomorph,Normal,,,,,,upright,1.0,0.0,0.0,0.37841908633708954,40.719399332139645,0.09534821607905994,0.08861833810806274,40.719399332139645,51.21828386187377,lateral,1
42,1.5054,Participant 8-Upright_frame00042,train,90deg,lateral_Participant8,Participant8,Mesomorph,Normal,,,,,,upright,1.0,0.0,0.0,0.3478284180164337,40.501696668970794,0.09516100448363218,0.08786696195602417,40.501696668970794,52.60311342769966,lateral,1
43,1.5412,Participant 8-Upright_frame00043,train,90deg,lateral_Participant8,Participant8,Mesomorph,Normal,,,,,,upright,1.0,0.0,0.0,0.40551744401454926,38.77571890811374,0.08527229750329583,0.08635318279266357,38.77571890811374,51.65494931620572,lateral,1
44,1.5771,Participant 8-Upright_frame00044,train,90deg,lateral_Participant8,Participant8,Mesomorph,Normal,,,,,,upright,1.0,0.0,0.0,0.36002783477306366,39.44187567717983,0.09336794374571486,0.08566409349441528,39.44187567717983,52.414376408961104,lateral,1
45,1.6129,Participant 8-Upright_frame00045,train,90deg,lateral_Participant8,Participant8,Mesomorph,Normal,,,,,,upright,1.0,0.0,0.0,0.36319468915462494,39.771776089948446,0.0904265916751097,0.08614039421081543,39.771776089948446,51.89705924858333,lateral,1
46,1.6488,Participant 8-Upright_frame00046,train,90deg,lateral_Participant8,Participant8,Mesomorph,Normal,,,,,,upright,1.0,0.0,0.0,0.38685643672943115,41.130403757952045,0.0989689639990393,0.09358781576156616,41.130403757952045,51.223403749981884,lateral,1
47,1.6846,Participant 8-Upright_frame00047,train,90deg,lateral_Participant8,Participant8,Mesomorph,Normal,,,,,,upright,1.0,0.0,0.0,0.3470223546028137,40.570268117080474,0.10035121329816485,0.087368905544281,40.570268117080474,50.967996977637064,lateral,1
48,1.7204,Participant 8-Upright_frame00048,train,90deg,lateral_Participant8,Participant8,Mesomorph,Normal,,,,,,upright,1.0,0.0,0.0,0.3823812007904053,42.09791428849419,0.10395047245005519,0.09339481592178345,42.09791428849419,51.54643484390536,lateral,1
49,1.7563,Participant 8-Upright_frame00049,train,90deg,lateral_Participant8,Participant8,Mesomorph,Normal,,,,,,upright,1.0,0.0,0.0,0.3700079321861267,40.58667821098647,0.09132829803516371,0.08670014142990112,40.58667821098647,52.01212013151843,lateral,1
50,1.7921,Participant 8-Upright_frame00050,train,90deg,lateral_Participant8,Participant8,Mesomorph,Normal,,,,,,upright,1.0,0.0,0.0,0.3529710918664932,39.68005678699343,0.09358107202987843,0.08984225988388062,39.68005678699343,51.09890679016238,lateral,1
51,1.828,Participant 8-Upright_frame00051,train,90deg,lateral_Participant8,Participant8,Mesomorph,Normal,,,,,,upright,1.0,0.0,0.0,0.3539540469646454,40.405782958299476,0.08594048807497849,0.08694738149642944,40.405782958299476,50.84677695525656,lateral,1
52,1.8638,Participant 8-Upright_frame00052,train,90deg,lateral_Participant8,Participant8,Mesomorph,Normal,,,,,,upright,1.0,0.0,0.0,0.38767109811306,39.12778063912545,0.08280259625080916,0.08697956800460815,39.12778063912545,50.777510021351794,lateral,1
53,1.8997,Participant 8-Upright_frame00053,train,90deg,lateral_Participant8,Participant8,Mesomorph,Normal,,,,,,upright,1.0,0.0,0.0,0.380535364151001,40.22902025561934,0.09668259658519104,0.08937287330627441,40.22902025561934,52.076936267378066,lateral,1
54,1.9355,Participant 8-Upright_frame00054,train,90deg,lateral_Participant8,Participant8,Mesomorph,Normal,,,,,,upright,1.0,0.0,0.0,0.40556344389915466,40.30979977288111,0.09130558020533497,0.09155768156051636,40.30979977288111,51.08911229635645,lateral,1
55,1.9713,Participant 8-Upright_frame00055,train,90deg,lateral_Participant8,Participant8,Mesomorph,Normal,,,,,,upright,1.0,0.0,0.0,0.36883680522441864,39.90418103265374,0.0961599976567069,0.08766317367553711,39.90418103265374,51.736033045507675,lateral,1
56,2.0072,Participant 8-Upright_frame00056,train,90deg,lateral_Participant8,Participant8,Mesomorph,Normal,,,,,,upright,1.0,0.0,0.0,0.3639303594827652,39.33683639773126,0.09652342666202117,0.08765518665313721,39.33683639773126,51.58129022737995,lateral,1
57,2.043,Participant 8-Upright_frame00057,train,90deg,lateral_Participant8,Participant8,Mesomorph,Normal,,,,,,upright,1.0,0.0,0.0,0.37485066056251526,40.059724506092,0.08069379037933966,0.08244520425796509,40.059724506092,51.17593116944422,lateral,1
58,2.0789,Participant 8-Upright_frame00058,train,90deg,lateral_Participant8,Participant8,Mesomorph,Normal,,,,,,upright,1.0,0.0,0.0,0.3926762044429779,37.36544056479387,0.0801133834074156,0.07768559455871582,37.36544056479387,51.034404986528926,lateral,1
59,2.1147,Participant 8-Upright_frame00059,train,90deg,lateral_Participant8,Participant8,Mesomorph,Normal,,,,,,upright,1.0,0.0,0.0,0.35786595940589905,39.70068850410423,0.08679126672597572,0.08387959003448486,39.70068850410423,50.98447175276434,lateral,1
60,2.1506,Participant 8-Upright_frame00060,train,90deg,lateral_Participant8,Participant8,Mesomorph,Normal,,,,,,upright,1.0,0.0,0.0,0.3672615587711334,39.80153459605192,0.08899156332666694,0.08699214458465576,39.80153459605192,50.923120971324906,lateral,1
61,2.1864,Participant 8-Upright_frame00061,train,90deg,lateral_Participant8,Participant8,Mesomorph,Normal,,,,,,upright,1.0,0.0,0.0,0.35585565865039825,40.74002439252153,0.08367052358884414,0.08728963136672974,40.74002439252153,50.739338237565036,lateral,1
62,2.2222,Participant 8-Upright_frame00062,train,90deg,lateral_Participant8,Participant8,Mesomorph,Normal,,,,,,upright,1.0,0.0,0.0,0.35572434961795807,40.388919381694556,0.09205035399859623,0.08607131242752075,40.388919381694556,51.69369953013616,lateral,1
63,2.2581,Participant 8-Upright_frame00063,train,90deg,lateral_Participant8,Participant8,Mesomorph,Normal,,,,,,upright,1.0,0.0,0.0,0.3734661042690277,38.41184563145071,0.07641992528424703,0.07168036699295044,38.41184563145071,51.56428327493773,lateral,1
64,2.2939,Participant 8-Upright_frame00064,train,90deg,lateral_Participant8,Participant8,Mesomorph,Normal,,,,,,upright,1.0,0.0,0.0,0.34769779443740845,40.29665696308439,0.08777741722717305,0.085987389087677,40.29665696308439,50.84822906633978,lateral,1
65,2.3298,Participant 8-Upright_frame00065,train,90deg,lateral_Participant8,Participant8,Mesomorph,Normal,,,,,,upright,1.0,0.0,0.0,0.32822296023368835,40.89662457184685,0.09844577582821125,0.0877421498298645,40.89662457184685,51.06205054000385,lateral,1
66,2.3656,Participant 8-Upright_frame00066,train,90deg,lateral_Participant8,Participant8,Mesomorph,Normal,,,,,,upright,1.0,0.0,0.0,0.374470055103302,40.18481894026916,0.08933338751024485,0.08568811416625977,40.18481894026916,51.83080610405561,lateral,1
67,2.4015,Participant 8-Upright_frame00067,train,90deg,lateral_Participant8,Participant8,Mesomorph,Normal,,,,,,upright,1.0,0.0,0.0,0.33890920877456665,39.27091626969232,0.08854034197698454,0.0823100209236145,39.27091626969232,51.674855240875345,lateral,1
68,2.4373,Participant 8-Upright_frame00068,train,90deg,lateral_Participant8,Participant8,Mesomorph,Normal,,,,,,upright,1.0,0.0,0.0,0.3294948637485504,39.87825085262476,0.09881777587169438,0.08440476655960083,39.87825085262476,51.77522678332999,lateral,1
69,2.4731,Participant 8-Upright_frame00069,train,90deg,lateral_Participant8,Participant8,Mesomorph,Normal,,,,,,upright,1.0,0.0,0.0,0.3546888530254364,39.205551886298814,0.08746764127872128,0.08298826217651367,39.205551886298814,50.60200963057039,lateral,1
70,2.509,Participant 8-Upright_frame00070,train,90deg,lateral_Participant8,Participant8,Mesomorph,Normal,,,,,,upright,1.0,0.0,0.0,0.35109053552150726,40.0388277451989,0.08406253077159323,0.08857393264770508,40.0388277451989,50.446172511513396,lateral,1
71,2.5448,Participant 8-Upright_frame00071,train,90deg,lateral_Participant8,Participant8,Mesomorph,Normal,,,,,,upright,1.0,0.0,0.0,0.3864973485469818,41.28927286979491,0.09130774050067474,0.09319549798965454,41.28927286979491,49.85060325796756,lateral,1
72,2.5807,Participant 8-Upright_frame00072,train,90deg,lateral_Participant8,Participant8,Mesomorph,Normal,,,,,,upright,1.0,0.0,0.0,0.3761381506919861,40.496653157062525,0.08794008527676392,0.08784610033035278,40.496653157062525,50.89457351253807,lateral,1
73,2.6165,Participant 8-Upright_frame00073,train,90deg,lateral_Participant8,Participant8,Mesomorph,Normal,,,,,,upright,1.0,0.0,0.0,0.38222450017929077,42.97997079765677,0.09289061359281371,0.09365862607955933,42.97997079765677,50.16732253767383,lateral,1
74,2.6524,Participant 8-Upright_frame00074,train,90deg,lateral_Participant8,Participant8,Mesomorph,Normal,,,,,,upright,1.0,0.0,0.0,0.39866459369659424,39.16829199044467,0.0823981936069247,0.08083450794219971,39.16829199044467,51.08379130132021,lateral,1
75,2.6882,Participant 8-Upright_frame00075,train,90deg,lateral_Participant8,Participant8,Mesomorph,Normal,,,,,,upright,1.0,0.0,0.0,0.3931546211242676,40.33048125995164,0.0847287078326617,0.09002244472503662,40.33048125995164,50.99446432396215,lateral,1
76,2.724,Participant 8-Upright_frame00076,train,90deg,lateral_Participant8,Participant8,Mesomorph,Normal,,,,,,upright,1.0,0.0,0.0,0.38127583265304565,39.51205415244519,0.09337335755527967,0.08676153421401978,39.51205415244519,51.18349783406976,lateral,1
77,2.7599,Participant 8-Upright_frame00077,train,90deg,lateral_Participant8,Participant8,Mesomorph,Normal,,,,,,upright,1.0,0.0,0.0,0.4056950509548187,40.93490180964093,0.07546713213454061,0.08827197551727295,40.93490180964093,50.31712983147402,lateral,1
78,2.7957,Participant 8-Upright_frame00078,train,90deg,lateral_Participant8,Participant8,Mesomorph,Normal,,,,,,upright,1.0,0.0,0.0,0.3671668618917465,41.297168344483005,0.08072365903012171,0.08844578266143799,41.297168344483005,50.72807365249855,lateral,1
79,2.8316,Participant 8-Upright_frame00079,train,90deg,lateral_Participant8,Participant8,Mesomorph,Normal,,,,,,upright,1.0,0.0,0.0,0.3661947250366211,40.07736007321925,0.09120323383174818,0.08509445190429688,40.07736007321925,50.375593511258195,lateral,1
80,2.8674,Participant 8-Upright_frame00080,train,90deg,lateral_Participant8,Participant8,Mesomorph,Normal,,,,,,upright,1.0,0.0,0.0,0.3416331559419632,41.53357617005383,0.09491875080623743,0.09066623449325562,41.53357617005383,50.33148518237108,lateral,1
81,2.9032,Participant 8-Upright_frame00081,train,90deg,lateral_Participant8,Participant8,Mesomorph,Normal,,,,,,upright,1.0,0.0,0.0,0.37522274255752563,41.035949251902316,0.08894444810911388,0.08932757377624512,41.035949251902316,50.27861700209281,lateral,1
82,2.9391,Participant 8-Upright_frame00082,train,90deg,lateral_Participant8,Participant8,Mesomorph,Normal,,,,,,upright,1.0,0.0,0.0,0.3756795674562454,40.51443879560993,0.08905500725375284,0.08754736185073853,40.51443879560993,50.297213303476816,lateral,1
83,2.9749,Participant 8-Upright_frame00083,train,90deg,lateral_Participant8,Participant8,Mesomorph,Normal,,,,,,upright,1.0,0.0,0.0,0.364393949508667,40.50630432733287,0.08825222221146876,0.08926451206207275,40.50630432733287,50.60922112949768,lateral,1
84,3.0108,Participant 8-Upright_frame00084,train,90deg,lateral_Participant8,Participant8,Mesomorph,Normal,,,,,,upright,1.0,0.0,0.0,0.35941413044929504,41.340212271355696,0.07878065657123011,0.08844411373138428,41.340212271355696,49.85427671891715,lateral,1
85,3.0466,Participant 8-Upright_frame00085,train,90deg,lateral_Participant8,Participant8,Mesomorph,Normal,,,,,,upright,1.0,0.0,0.0,0.36729831993579865,40.41703009335746,0.0802432231897327,0.08546382188796997,40.41703009335746,50.571568707075365,lateral,1
86,3.0825,Participant 8-Upright_frame00086,train,90deg,lateral_Participant8,Participant8,Mesomorph,Normal,,,,,,upright,1.0,0.0,0.0,0.3593346178531647,41.25228396850109,0.08893101926922282,0.08619457483291626,41.25228396850109,50.71566370210787,lateral,1
87,3.1183,Participant 8-Upright_frame00087,train,90deg,lateral_Participant8,Participant8,Mesomorph,Normal,,,,,,upright,1.0,0.0,0.0,0.3746803402900696,41.19003143277315,0.09666698074902613,0.09142118692398071,41.19003143277315,50.663735387057336,lateral,1
88,3.1541,Participant 8-Upright_frame00088,train,90deg,lateral_Participant8,Participant8,Mesomorph,Normal,,,,,,upright,1.0,0.0,0.0,0.33722975850105286,38.992100029439605,0.08640447147320077,0.08794474601745605,38.992100029439605,50.85597394943042,lateral,1
89,3.19,Participant 8-Upright_frame00089,train,90deg,lateral_Participant8,Participant8,Mesomorph,Normal,,,,,,upright,1.0,0.0,0.0,0.34981414675712585,39.716255328829995,0.10105771594089177,0.09082496166229248,39.716255328829995,51.00394990851501,lateral,1
90,3.2258,Participant 8-Upright_frame00090,train,90deg,lateral_Participant8,Participant8,Mesomorph,Normal,,,,,,upright,1.0,0.0,0.0,0.338116854429245,39.93372562190021,0.08764469648673306,0.0900833010673523,39.93372562190021,50.9005488508345,lateral,1
91,3.2617,Participant 8-Upright_frame00091,train,90deg,lateral_Participant8,Participant8,Mesomorph,Normal,,,,,,upright,1.0,0.0,0.0,0.3751610517501831,40.22891179088923,0.08059397158949526,0.08695578575134277,40.22891179088923,51.0856740849323,lateral,1
92,3.2975,Participant 8-Upright_frame00092,train,90deg,lateral_Participant8,Participant8,Mesomorph,Normal,,,,,,upright,1.0,0.0,0.0,0.3411567509174347,40.66338717654289,0.0980638738978523,0.08764338493347168,40.66338717654289,51.65921571438089,lateral,1
93,3.3334,Participant 8-Upright_frame00093,train,90deg,lateral_Participant8,Participant8,Mesomorph,Normal,,,,,,upright,1.0,0.0,0.0,0.36345256865024567,39.78869503189428,0.09437812736581944,0.08872777223587036,39.78869503189428,50.42053274718451,lateral,1
94,3.3692,Participant 8-Upright_frame00094,train,90deg,lateral_Participant8,Participant8,Mesomorph,Normal,,,,,,upright,1.0,0.0,0.0,0.3548050671815872,40.76507635129771,0.09688268822478735,0.09180951118469238,40.76507635129771,50.37750980580306,lateral,1
95,3.405,Participant 8-Upright_frame00095,train,90deg,lateral_Participant8,Participant8,Mesomorph,Normal,,,,,,upright,1.0,0.0,0.0,0.38116149604320526,42.15414853712256,0.09672766934357502,0.09268999099731445,42.15414853712256,50.95337464059858,lateral,1
96,3.4409,Participant 8-Upright_frame00096,train,90deg,lateral_Participant8,Participant8,Mesomorph,Normal,,,,,,upright,1.0,0.0,0.0,0.364283487200737,41.013625303442,0.09231989568701592,0.08707475662231445,41.013625303442,51.227735320988344,lateral,1
97,3.4767,Participant 8-Upright_frame00097,train,90deg,lateral_Participant8,Participant8,Mesomorph,Normal,,,,,,upright,1.0,0.0,0.0,0.35167935490608215,41.303981481005565,0.09936584930784602,0.09391617774963379,41.303981481005565,50.29674814333298,lateral,1
98,3.5126,Participant 8-Upright_frame00098,train,90deg,lateral_Participant8,Participant8,Mesomorph,Normal,,,,,,upright,1.0,0.0,0.0,0.35305047035217285,41.23116161685608,0.09912619465645124,0.0911058783531189,41.23116161685608,51.66668476566975,lateral,1
99,3.5484,Participant 8-Upright_frame00099,train,90deg,lateral_Participant8,Participant8,Mesomorph,Normal,,,,,,upright,1.0,0.0,0.0,0.35071253776550293,39.91116938406225,0.09602402493746366,0.08746743202209473,39.91116938406225,50.75132099351439,lateral,1
100,3.5843,Participant 8-Upright_frame00100,train,90deg,lateral_Participant8,Participant8,Mesomorph,Normal,,,,,,upright,1.0,0.0,0.0,0.35587552189826965,41.059594862776876,0.09389662525678122,0.0887688398361206,41.059594862776876,51.33550849454386,lateral,1
101,3.6201,Participant 8-Upright_frame00101,train,90deg,lateral_Participant8,Participant8,Mesomorph,Normal,,,,,,upright,1.0,0.0,0.0,0.3548717647790909,41.09428276915243,0.09319693570552251,0.08974474668502808,41.09428276915243,51.118544574882534,lateral,1
102,3.6559,Participant 8-Upright_frame00102,train,90deg,lateral_Participant8,Participant8,Mesomorph,Normal,,,,,,upright,1.0,0.0,0.0,0.42414209246635437,42.39862472257601,0.08136760553480143,0.08963239192962646,42.39862472257601,50.577156788528555,lateral,1
103,3.6918,Participant 8-Upright_frame00103,train,90deg,lateral_Participant8,Participant8,Mesomorph,Normal,,,,,,upright,1.0,0.0,0.0,0.4175076335668564,41.859507577150254,0.09104451524565318,0.08814132213592529,41.859507577150254,51.68485143583846,lateral,1
104,3.7276,Participant 8-Upright_frame00104,train,90deg,lateral_Participant8,Participant8,Mesomorph,Normal,,,,,,upright,1.0,0.0,0.0,0.46580318361520767,43.18472360865274,0.09454780364515356,0.09593290090560913,43.18472360865274,50.248372541353575,lateral,1
105,3.7635,Participant 8-Upright_frame00105,train,90deg,lateral_Participant8,Participant8,Mesomorph,Normal,,,,,,upright,1.0,0.0,0.0,0.423590712249279,40.48954399947976,0.08281789603837177,0.08951467275619507,40.48954399947976,50.842850110348756,lateral,1
106,3.7993,Participant 8-Upright_frame00106,train,90deg,lateral_Participant8,Participant8,Mesomorph,Normal,,,,,,upright,1.0,0.0,0.0,0.42021793872117996,39.48430366261083,0.08276731087720302,0.08481889963150024,39.48430366261083,50.506549038699966,lateral,1
107,3.8352,Participant 8-Upright_frame00107,train,90deg,lateral_Participant8,Participant8,Mesomorph,Normal,,,,,,upright,1.0,0.0,0.0,0.4034096822142601,42.45436853055769,0.09348291587862069,0.09422117471694946,42.45436853055769,50.85663617789536,lateral,1
108,3.871,Participant 8-Upright_frame00108,train,90deg,lateral_Participant8,Participant8,Mesomorph,Normal,,,,,,upright,1.0,0.0,0.0,0.4053146094083786,40.8582994209565,0.08529770716411655,0.08754736185073853,40.8582994209565,50.53097649045713,lateral,1
109,3.9068,Participant 8-Upright_frame00109,train,90deg,lateral_Participant8,Participant8,Mesomorph,Normal,,,,,,upright,1.0,0.0,0.0,0.42993760108947754,42.05739646473945,0.08865333844713669,0.08707356452941895,42.05739646473945,50.347544381959324,lateral,1
110,3.9427,Participant 8-Upright_frame00110,train,90deg,lateral_Participant8,Participant8,Mesomorph,Normal,,,,,,upright,1.0,0.0,0.0,0.39065808057785034,40.71821357186586,0.10119831141497228,0.09415507316589355,40.71821357186586,51.21497725704245,lateral,1
111,3.9785,Participant 8-Upright_frame00111,train,90deg,lateral_Participant8,Participant8,Mesomorph,Normal,,,,,,upright,1.0,0.0,0.0,0.3975115567445755,41.54823908628407,0.07963051509875836,0.0921279788017273,41.54823908628407,50.04938811633491,lateral,1
112,4.0144,Participant 8-Upright_frame00112,train,90deg,lateral_Participant8,Participant8,Mesomorph,Normal,,,,,,upright,1.0,0.0,0.0,0.4128132238984108,43.21645167130535,0.10120590366922821,0.10046601295471191,43.21645167130535,49.75439019094631,lateral,1
113,4.0502,Participant 8-Upright_frame00113,train,90deg,lateral_Participant8,Participant8,Mesomorph,Normal,,,,,,upright,1.0,0.0,0.0,0.3887166231870651,42.76576629445575,0.09409028367795683,0.09622859954833984,42.76576629445575,50.77759574280728,lateral,1
114,4.0861,Participant 8-Upright_frame00114,train,90deg,lateral_Participant8,Participant8,Mesomorph,Normal,,,,,,upright,1.0,0.0,0.0,0.41592739522457123,40.06554491518735,0.07874455483968225,0.08537799119949341,40.06554491518735,51.23628666962309,lateral,1
115,4.1219,Participant 8-Upright_frame00115,train,90deg,lateral_Participant8,Participant8,Mesomorph,Normal,,,,,,upright,1.0,0.0,0.0,0.405349001288414,42.2208080761625,0.09224836776602172,0.09105855226516724,42.2208080761625,50.86773104854947,lateral,1
116,4.1577,Participant 8-Upright_frame00116,train,90deg,lateral_Participant8,Participant8,Mesomorph,Normal,,,,,,upright,1.0,0.0,0.0,0.36697565019130707,40.940808384171675,0.08108381569216234,0.08711189031600952,40.940808384171675,51.36691687441043,lateral,1
117,4.1936,Participant 8-Upright_frame00117,train,90deg,lateral_Participant8,Participant8,Mesomorph,Normal,,,,,,upright,1.0,0.0,0.0,0.364611953496933,39.210799648051754,0.08391696597046736,0.0871623158454895,39.210799648051754,51.44932296916615,lateral,1
118,4.2294,Participant 8-Upright_frame00118,train,90deg,lateral_Participant8,Participant8,Mesomorph,Normal,,,,,,upright,1.0,0.0,0.0,0.3704521954059601,40.451609879757385,0.09098979580776057,0.0854598879814148,40.451609879757385,50.08329608632681,lateral,1
119,4.2653,Participant 8-Upright_frame00119,train,90deg,lateral_Participant8,Participant8,Mesomorph,Normal,,,,,,upright,1.0,0.0,0.0,0.4213883578777313,41.665640891290835,0.09056167417845619,0.09424000978469849,41.665640891290835,50.56858798832329,lateral,1
120,4.3011,Participant 8-Upright_frame00120,train,90deg,lateral_Participant8,Participant8,Mesomorph,Normal,,,,,,upright,1.0,0.0,0.0,0.3617834001779556,40.85238410017378,0.08456063113049124,0.0889710783958435,40.85238410017378,51.50294366538743,lateral,1
121,4.337,Participant 8-Upright_frame00121,train,90deg,lateral_Participant8,Participant8,Mesomorph,Normal,,,,,,upright,1.0,0.0,0.0,0.3823930472135544,40.976665415689226,0.08229765680685736,0.08894330263137817,40.976665415689226,51.29735906122897,lateral,1
122,4.3728,Participant 8-Upright_frame00122,train,90deg,lateral_Participant8,Participant8,Mesomorph,Normal,,,,,,upright,1.0,0.0,0.0,0.3520439565181732,41.533802555828444,0.09996171947136105,0.095955491065979,41.533802555828444,50.71529399099114,lateral,1
123,4.4086,Participant 8-Upright_frame00123,train,90deg,lateral_Participant8,Participant8,Mesomorph,Normal,,,,,,upright,1.0,0.0,0.0,0.3803987205028534,40.921024243642506,0.09677203537386354,0.09286677837371826,40.921024243642506,51.39087225956797,lateral,1
124,4.4445,Participant 8-Upright_frame00124,train,90deg,lateral_Participant8,Participant8,Mesomorph,Normal,,,,,,upright,1.0,0.0,0.0,0.3922087103128433,42.679425543164875,0.09241592772518993,0.09212833642959595,42.679425543164875,50.446660042985066,lateral,1
125,4.4803,Participant 8-Upright_frame00125,train,90deg,lateral_Participant8,Participant8,Mesomorph,Normal,,,,,,upright,1.0,0.0,0.0,0.3689669072628021,40.80936655028838,0.0909502127175879,0.09333837032318115,40.80936655028838,51.2361460819383,lateral,1
126,4.5162,Participant 8-Upright_frame00126,train,90deg,lateral_Participant8,Participant8,Mesomorph,Normal,,,,,,upright,1.0,0.0,0.0,0.37903861701488495,40.75668780062829,0.08602322122466544,0.08436620235443115,40.75668780062829,51.07903509692291,lateral,1
127,4.552,Participant 8-Upright_frame00127,train,90deg,lateral_Participant8,Participant8,Mesomorph,Normal,,,,,,upright,1.0,0.0,0.0,0.4059106409549713,38.03324443683123,0.07563613995007187,0.08565717935562134,38.03324443683123,51.14899803308363,lateral,1
128,4.5879,Participant 8-Upright_frame00128,train,90deg,lateral_Participant8,Participant8,Mesomorph,Normal,,,,,,upright,1.0,0.0,0.0,0.35846906900405884,42.16884016550739,0.08465045895186808,0.0887444019317627,42.16884016550739,50.91708490982036,lateral,1
129,4.6237,Participant 8-Upright_frame00129,train,90deg,lateral_Participant8,Participant8,Mesomorph,Normal,,,,,,upright,1.0,0.0,0.0,0.3868795335292816,41.55094003243089,0.07914689508786377,0.08504527807235718,41.55094003243089,50.139646416737556,lateral,1
130,4.6595,Participant 8-Upright_frame00130,train,90deg,lateral_Participant8,Participant8,Mesomorph,Normal,,,,,,upright,1.0,0.0,0.0,0.37905430793762207,39.88352255733764,0.07890043651826945,0.08514738082885742,39.88352255733764,50.49737339547515,lateral,1
131,4.6954,Participant 8-Upright_frame00131,train,90deg,lateral_Participant8,Participant8,Mesomorph,Normal,,,,,,upright,1.0,0.0,0.0,0.3573439419269562,40.44427190283485,0.08343729207846183,0.08376401662826538,40.44427190283485,52.07383429683355,lateral,1
132,4.7312,Participant 8-Upright_frame00132,train,90deg,lateral_Participant8,Participant8,Mesomorph,Normal,,,,,,upright,1.0,0.0,0.0,0.35429929196834564,40.86136277056967,0.08728285733898518,0.08468377590179443,40.86136277056967,50.70279640175675,lateral,1
133,4.7671,Participant 8-Upright_frame00133,train,90deg,lateral_Participant8,Participant8,Mesomorph,Normal,,,,,,upright,1.0,0.0,0.0,0.43166063725948334,42.59792280173324,0.0822198727544608,0.09147483110427856,42.59792280173324,50.79903068708813,lateral,1
134,4.8029,Participant 8-Upright_frame00134,train,90deg,lateral_Participant8,Participant8,Mesomorph,Normal,,,,,,upright,1.0,0.0,0.0,0.37716978788375854,40.84709325270985,0.08129851424135788,0.08742350339889526,40.84709325270985,50.6902738871202,lateral,1
135,4.8387,Participant 8-Upright_frame00135,train,90deg,lateral_Participant8,Participant8,Mesomorph,Normal,,,,,,upright,1.0,0.0,0.0,0.3762124925851822,39.53193551674036,0.08559369003590774,0.08941322565078735,39.53193551674036,51.43455182569375,lateral,1
136,4.8746,Participant 8-Upright_frame00136,train,90deg,lateral_Participant8,Participant8,Mesomorph,Normal,,,,,,upright,1.0,0.0,0.0,0.3918837010860443,40.65455336023035,0.08637637222603953,0.08811056613922119,40.65455336023035,51.6751636138469,lateral,1
137,4.9104,Participant 8-Upright_frame00137,train,90deg,lateral_Participant8,Participant8,Mesomorph,Normal,,,,,,upright,1.0,0.0,0.0,0.3508067727088928,38.56054072412055,0.08788153360399546,0.08192968368530273,38.56054072412055,52.416885635590575,lateral,1
138,4.9463,Participant 8-Upright_frame00138,train,90deg,lateral_Participant8,Participant8,Mesomorph,Normal,,,,,,upright,1.0,0.0,0.0,0.3405270427465439,39.76182427350361,0.09615065765520465,0.08543616533279419,39.76182427350361,53.08023611391824,lateral,1
139,4.9821,Participant 8-Upright_frame00139,train,90deg,lateral_Participant8,Participant8,Mesomorph,Normal,,,,,,upright,1.0,0.0,0.0,0.3672570437192917,39.061767734267406,0.08513450539404643,0.08289235830307007,39.061767734267406,51.683728610398774,lateral,1
140,5.018,Participant 8-Upright_frame00140,train,90deg,lateral_Participant8,Participant8,Mesomorph,Normal,,,,,,upright,1.0,0.0,0.0,0.4022376537322998,40.720793368089325,0.08825260024069245,0.0924944281578064,40.720793368089325,51.06029597657678,lateral,1
141,5.0538,Participant 8-Upright_frame00141,train,90deg,lateral_Participant8,Participant8,Mesomorph,Normal,,,,,,upright,1.0,0.0,0.0,0.3912740647792816,39.61935557668297,0.07978720035014174,0.08289170265197754,39.61935557668297,51.367131204817845,lateral,1
142,5.0896,Participant 8-Upright_frame00142,train,90deg,lateral_Participant8,Participant8,Mesomorph,Normal,,,,,,upright,1.0,0.0,0.0,0.392323836684227,41.71881354183044,0.09140400713373634,0.09000813961029053,41.71881354183044,50.54760115265191,lateral,1
143,5.1255,Participant 8-Upright_frame00143,train,90deg,lateral_Participant8,Participant8,Mesomorph,Normal,,,,,,upright,1.0,0.0,0.0,0.3906741142272949,39.15719609842991,0.07335235101960005,0.07927542924880981,39.15719609842991,50.880116498638415,lateral,1
144,5.1613,Participant 8-Upright_frame00144,train,90deg,lateral_Participant8,Participant8,Mesomorph,Normal,,,,,,upright,1.0,0.0,0.0,0.37523357570171356,39.824791071931585,0.09297635999480243,0.087735116481781,39.824791071931585,52.10760429427969,lateral,1
145,5.1972,Participant 8-Upright_frame00145,train,90deg,lateral_Participant8,Participant8,Mesomorph,Normal,,,,,,upright,1.0,0.0,0.0,0.4046825021505356,40.67690931504102,0.07883482667699086,0.08725100755691528,40.67690931504102,50.51258767466604,lateral,1
146,5.233,Participant 8-Upright_frame00146,train,90deg,lateral_Participant8,Participant8,Mesomorph,Normal,,,,,,upright,1.0,0.0,0.0,0.37196287512779236,38.51470894299201,0.08020879076005273,0.08278495073318481,38.51470894299201,51.432865991379664,lateral,1
147,5.2689,Participant 8-Upright_frame00147,train,90deg,lateral_Participant8,Participant8,Mesomorph,Normal,,,,,,upright,1.0,0.0,0.0,0.3832523971796036,41.453081298919585,0.08475033279121043,0.08991050720214844,41.453081298919585,50.97892729063958,lateral,1
148,5.3047,Participant 8-Upright_frame00148,train,90deg,lateral_Participant8,Participant8,Mesomorph,Normal,,,,,,upright,1.0,0.0,0.0,0.3842468410730362,41.69372988575169,0.09979675044467969,0.09482800960540771,41.69372988575169,51.51540798804792,lateral,1
149,5.3405,Participant 8-Upright_frame00149,train,90deg,lateral_Participant8,Participant8,Mesomorph,Normal,,,,,,upright,1.0,0.0,0.0,0.4069804251194,42.19998629590594,0.09253913804569987,0.09368860721588135,42.19998629590594,50.26232913940393,lateral,1
150,5.3764,Participant 8-Upright_frame00150,train,90deg,lateral_Participant8,Participant8,Mesomorph,Normal,,,,,,upright,1.0,0.0,0.0,0.3961430788040161,40.30810936553016,0.08993427138826254,0.08399772644042969,40.30810936553016,51.326414315986234,lateral,1
151,5.4122,Participant 8-Upright_frame00151,train,90deg,lateral_Participant8,Participant8,Mesomorph,Normal,,,,,,upright,1.0,0.0,0.0,0.3868986815214157,40.716199639679964,0.09214960500605279,0.08855211734771729,40.716199639679964,51.0881942920001,lateral,1
152,5.4481,Participant 8-Upright_frame00152,train,90deg,lateral_Participant8,Participant8,Mesomorph,Normal,,,,,,upright,1.0,0.0,0.0,0.38861875236034393,39.85643228683672,0.08453623864562956,0.08307212591171265,39.85643228683672,50.74872255723915,lateral,1
153,5.4839,Participant 8-Upright_frame00153,train,90deg,lateral_Participant8,Participant8,Mesomorph,Normal,,,,,,upright,1.0,0.0,0.0,0.41978906840085983,41.72672918965953,0.09860896715038897,0.09654998779296875,41.72672918965953,51.31708288001557,lateral,1
154,5.5198,Participant 8-Upright_frame00154,train,90deg,lateral_Participant8,Participant8,Mesomorph,Normal,,,,,,upright,1.0,0.0,0.0,0.43266967684030533,40.67166986790437,0.08460902808217124,0.0885881781578064,40.67166986790437,50.75519747195208,lateral,1
155,5.5556,Participant 8-Upright_frame00155,train,90deg,lateral_Participant8,Participant8,Mesomorph,Normal,,,,,,upright,1.0,0.0,0.0,0.41880668699741364,40.30166806950255,0.08832154497684479,0.08621257543563843,40.30166806950255,51.41861758199414,lateral,1
156,5.5914,Participant 8-Upright_frame00156,train,90deg,lateral_Participant8,Participant8,Mesomorph,Normal,,,,,,upright,1.0,0.0,0.0,0.44842199236154556,40.985109655594925,0.09367991287100644,0.08949065208435059,40.985109655594925,50.32127645982622,lateral,1
157,5.6273,Participant 8-Upright_frame00157,train,90deg,lateral_Participant8,Participant8,Mesomorph,Normal,,,,,,upright,1.0,0.0,0.0,0.4217418432235718,40.01960720933264,0.07870017946682482,0.08446985483169556,40.01960720933264,49.93170608859153,lateral,1
158,5.6631,Participant 8-Upright_frame00158,train,90deg,lateral_Participant8,Participant8,Mesomorph,Normal,,,,,,upright,1.0,0.0,0.0,0.4137817919254303,40.11900602161719,0.09329666888838091,0.09312528371810913,40.11900602161719,50.49927239114936,lateral,1
159,5.699,Participant 8-Upright_frame00159,train,90deg,lateral_Participant8,Participant8,Mesomorph,Normal,,,,,,upright,1.0,0.0,0.0,0.39411789178848267,41.010456340529615,0.08087085393608406,0.08641195297241211,41.010456340529615,50.57235344516725,lateral,1
160,5.7348,Participant 8-Upright_frame00160,train,90deg,lateral_Participant8,Participant8,Mesomorph,Normal,,,,,,upright,1.0,0.0,0.0,0.4126991182565689,41.86241808548367,0.08748805232801035,0.08802127838134766,41.86241808548367,49.70788185273758,lateral,1
