frame_idx,timestamp,subject_id,somatotype,bmi_category,label,h2s_ratio,shoulder_tilt_deg,head_roll_deg,forward_head_z,neck_flexion_deg,shoulder_width_norm,is_valid
0,0.0,Participant3_RS_SlSl,Endomorph,Normal,slouch,1.0,0.0,0.0,-0.4981273013964654,50.67994535464405,0.3758526538885122,1
1,0.0333333333333333,Participant3_RS_SlSl,Endomorph,Normal,slouch,1.0,0.0,0.0,-0.5851303631481597,50.67994535464405,0.3828078847822482,1
2,0.0666666666666666,Participant3_RS_SlSl,Endomorph,Normal,slouch,1.0,0.0,0.0,-0.6081177243818409,50.11283192888314,0.3749555037736471,1
3,0.1,Participant3_RS_SlSl,Endomorph,Normal,slouch,1.0,0.0,0.0,-0.6050141740882914,50.71302458312248,0.3788135166791207,1
4,0.1333333333333333,Participant3_RS_SlSl,Endomorph,Normal,slouch,1.0,0.0,0.0,-0.5287038245000925,50.33756784168158,0.3811926000163367,1
5,0.1666666666666666,Participant3_RS_SlSl,Endomorph,Normal,slouch,1.0,0.0,0.0,-0.5165198223153755,50.32050026558317,0.3789780856711986,1
6,0.2,Participant3_RS_SlSl,Endomorph,Normal,slouch,1.0,0.0,0.0,-0.588415776706781,50.30212616592878,0.379698062538827,1
7,0.2333333333333333,Participant3_RS_SlSl,Endomorph,Normal,slouch,1.0,0.0,0.0,-0.4972242443183788,50.28375206627439,0.374848914311035,1
8,0.2666666666666666,Participant3_RS_SlSl,Endomorph,Normal,slouch,1.0,0.0,0.0,-0.4960012597418424,50.67725786403476,0.3654184240705531,1
9,0.3,Participant3_RS_SlSl,Endomorph,Normal,slouch,1.0,0.0,0.0,-0.5919176562992019,50.530269623505376,0.3760723664287595,1
10,0.3333333333333333,Participant3_RS_SlSl,Endomorph,Normal,slouch,1.0,0.0,0.0,-0.5632895812771095,50.383281382976,0.3753755543523592,1
11,0.3666666666666666,Participant3_RS_SlSl,Endomorph,Normal,slouch,1.0,0.0,0.0,-0.534661506255017,50.23629314244662,0.3979894804130195,1
12,0.4,Participant3_RS_SlSl,Endomorph,Normal,slouch,1.0,0.0,0.0,-0.5046509224931021,50.09992048595613,0.404391122711894,1
13,0.4333333333333333,Participant3_RS_SlSl,Endomorph,Normal,slouch,1.0,0.0,0.0,-0.4383775942799287,50.89659450718948,0.3855719149533666,1
14,0.4666666666666667,Participant3_RS_SlSl,Endomorph,Normal,slouch,1.0,0.0,0.0,-0.523674980097143,50.50140168981908,0.399223524683477,1
15,0.5,Participant3_RS_SlSl,Endomorph,Normal,slouch,1.0,0.0,0.0,-0.4126773462833341,51.59454482532552,0.3979736669575702,1
16,0.5333333333333333,Participant3_RS_SlSl,Endomorph,Normal,slouch,1.0,0.0,0.0,-0.4546324574597911,52.09892273251822,0.3863923706768968,1
17,0.5666666666666667,Participant3_RS_SlSl,Endomorph,Normal,slouch,1.0,0.0,0.0,-0.5166643012311107,50.45982557546047,0.3844476256945328,1
18,0.6,Participant3_RS_SlSl,Endomorph,Normal,slouch,1.0,0.0,0.0,-0.4328182763142256,50.8549325238824,0.3795528694888453,1
19,0.6333333333333333,Participant3_RS_SlSl,Endomorph,Normal,slouch,1.0,0.0,0.0,-0.5015740933648563,51.47687524594513,0.3905951188408009,1
20,0.6666666666666666,Participant3_RS_SlSl,Endomorph,Normal,slouch,1.0,0.0,0.0,-0.4314946388096802,51.40157886875781,0.3970044052785546,1
21,0.7,Participant3_RS_SlSl,Endomorph,Normal,slouch,1.0,0.0,0.0,-0.5363623533902225,50.995199065742696,0.391505079818977,1
22,0.7333333333333333,Participant3_RS_SlSl,Endomorph,Normal,slouch,1.0,0.0,0.0,-0.4456768059067374,50.588819262727576,0.390772883560815,1
23,0.7666666666666667,Participant3_RS_SlSl,Endomorph,Normal,slouch,1.0,0.0,0.0,-0.4804315301705802,50.18243945971246,0.3908631520851723,1
24,0.8,Participant3_RS_SlSl,Endomorph,Normal,slouch,1.0,0.0,0.0,-0.442861044770738,50.43911372337868,0.3905329169567957,1
25,0.8333333333333334,Participant3_RS_SlSl,Endomorph,Normal,slouch,1.0,0.0,0.0,-0.4689520849463168,50.94579873668232,0.3858740646482402,1
26,0.8666666666666667,Participant3_RS_SlSl,Endomorph,Normal,slouch,1.0,0.0,0.0,-0.4792542575700591,51.45248374998595,0.3782704953716112,1
27,0.9,Participant3_RS_SlSl,Endomorph,Normal,slouch,1.0,0.0,0.0,-0.4062611284180895,51.96479561096011,0.3792730197637554,1
28,0.9333333333333332,Participant3_RS_SlSl,Endomorph,Normal,slouch,1.0,0.0,0.0,-0.4919956116665031,51.51133360395343,0.396483871589475,1
29,0.9666666666666668,Participant3_RS_SlSl,Endomorph,Normal,slouch,1.0,0.0,0.0,-0.5423765581588196,52.06899370635273,0.4025066868626981,1
30,1.0,Participant3_RS_SlSl,Endomorph,Normal,slouch,1.0,0.0,0.0,-0.4179350138065966,51.54639072617704,0.3979819927134783,1
31,1.0333333333333334,Participant3_RS_SlSl,Endomorph,Normal,slouch,1.0,0.0,0.0,-0.4375440124533959,51.17212761737238,0.3953057663907532,1
32,1.0666666666666669,Participant3_RS_SlSl,Endomorph,Normal,slouch,1.0,0.0,0.0,-0.3819324375543045,51.6635591833719,0.3843488452470519,1
33,1.1,Participant3_RS_SlSl,Endomorph,Normal,slouch,1.0,0.0,0.0,-0.3929865936941383,51.98640213422592,0.393601065754513,1
34,1.1333333333333333,Participant3_RS_SlSl,Endomorph,Normal,slouch,1.0,0.0,0.0,-0.4551703129529387,52.040923709736,0.3877657605201565,1
35,1.1666666666666667,Participant3_RS_SlSl,Endomorph,Normal,slouch,1.0,0.0,0.0,-0.3830019701117048,51.32093934212231,0.3876986366270765,1
36,1.2,Participant3_RS_SlSl,Endomorph,Normal,slouch,1.0,0.0,0.0,-0.3949813696183253,51.76661690461997,0.3880920459305724,1
37,1.2333333333333334,Participant3_RS_SlSl,Endomorph,Normal,slouch,1.0,0.0,0.0,-0.4352713694551785,52.04325251723575,0.3875329820500233,1
38,1.2666666666666666,Participant3_RS_SlSl,Endomorph,Normal,slouch,1.0,0.0,0.0,-0.4146389292192328,51.82080111366599,0.3914348397165355,1
39,1.3,Participant3_RS_SlSl,Endomorph,Normal,slouch,1.0,0.0,0.0,-0.4581697874068616,50.72688980375614,0.397491464484398,1
40,1.3333333333333333,Participant3_RS_SlSl,Endomorph,Normal,slouch,1.0,0.0,0.0,-0.4633927089745028,51.16576871857541,0.4057766095059845,1
41,1.3666666666666667,Participant3_RS_SlSl,Endomorph,Normal,slouch,1.0,0.0,0.0,-0.5015477678749667,51.48360143773949,0.3932990273290038,1
42,1.4,Participant3_RS_SlSl,Endomorph,Normal,slouch,1.0,0.0,0.0,-0.4802275222084418,52.33932130357429,0.3876053335213404,1
43,1.4333333333333331,Participant3_RS_SlSl,Endomorph,Normal,slouch,1.0,0.0,0.0,-0.5138493795935356,51.916671110475455,0.3993067622915897,1
44,1.4666666666666666,Participant3_RS_SlSl,Endomorph,Normal,slouch,1.0,0.0,0.0,-0.4910859769623505,51.92810269538485,0.3902637926155137,1
45,1.5,Participant3_RS_SlSl,Endomorph,Normal,slouch,1.0,0.0,0.0,-0.4553951857502142,51.91067575391041,0.4020216455612597,1
46,1.5333333333333334,Participant3_RS_SlSl,Endomorph,Normal,slouch,1.0,0.0,0.0,-0.4579413450633436,51.63093080925349,0.3944742364404239,1
47,1.5666666666666669,Participant3_RS_SlSl,Endomorph,Normal,slouch,1.0,0.0,0.0,-0.4950100840586448,51.58973854721227,0.3960509149083941,1
48,1.6,Participant3_RS_SlSl,Endomorph,Normal,slouch,1.0,0.0,0.0,-0.4938007290462598,52.1843284344777,0.3972441767726463,1
49,1.6333333333333333,Participant3_RS_SlSl,Endomorph,Normal,slouch,1.0,0.0,0.0,-0.4831142281021753,51.80782178682234,0.4012881837576057,1
50,1.6666666666666667,Participant3_RS_SlSl,Endomorph,Normal,slouch,1.0,0.0,0.0,-0.4900974894603787,51.24284965411334,0.3935469989509085,1
51,1.7,Participant3_RS_SlSl,Endomorph,Normal,slouch,1.0,0.0,0.0,-0.4862632094042382,51.94820342526904,0.4024330114167384,1
52,1.7333333333333334,Participant3_RS_SlSl,Endomorph,Normal,slouch,1.0,0.0,0.0,-0.5191044878607894,52.225310701114,0.4033459977348444,1
53,1.7666666666666666,Participant3_RS_SlSl,Endomorph,Normal,slouch,1.0,0.0,0.0,-0.5036235402435695,52.4256340565648,0.4038078448547629,1
54,1.8,Participant3_RS_SlSl,Endomorph,Normal,slouch,1.0,0.0,0.0,-0.4855757324057068,51.73746396346602,0.3899148239474574,1
55,1.8333333333333333,Participant3_RS_SlSl,Endomorph,Normal,slouch,1.0,0.0,0.0,-0.4758224745152521,52.32339115511213,0.4048786268322961,1
56,1.8666666666666667,Participant3_RS_SlSl,Endomorph,Normal,slouch,1.0,0.0,0.0,-0.4584805028773074,52.22634771586435,0.4040267843811796,1
57,1.9,Participant3_RS_SlSl,Endomorph,Normal,slouch,1.0,0.0,0.0,-0.4763585567929299,52.47837282933969,0.403374390453655,1
58,1.9333333333333331,Participant3_RS_SlSl,Endomorph,Normal,slouch,1.0,0.0,0.0,-0.5140523016078639,51.00239971888972,0.4042175688178857,1
59,1.9666666666666663,Participant3_RS_SlSl,Endomorph,Normal,slouch,1.0,0.0,0.0,-0.5210581756621423,50.84457689702224,0.4042160519510017,1
60,2.0,Participant3_RS_SlSl,Endomorph,Normal,slouch,1.0,0.0,0.0,-0.5336610288575907,51.88121971682804,0.4049233047341086,1
61,2.033333333333333,Participant3_RS_SlSl,Endomorph,Normal,slouch,1.0,0.0,0.0,-0.5200631533191302,51.93333780076225,0.4043980751134733,1
62,2.066666666666667,Participant3_RS_SlSl,Endomorph,Normal,slouch,1.0,0.0,0.0,-0.4927125917762174,51.337510729762144,0.4009948496739964,1
63,2.1,Participant3_RS_SlSl,Endomorph,Normal,slouch,1.0,0.0,0.0,-0.460840910924956,51.8806512031329,0.3977662121891608,1
64,2.1333333333333333,Participant3_RS_SlSl,Endomorph,Normal,slouch,1.0,0.0,0.0,-0.470524945094249,51.44199689576285,0.3859271197072427,1
65,2.1666666666666665,Participant3_RS_SlSl,Endomorph,Normal,slouch,1.0,0.0,0.0,-0.4216197587853172,52.62178707375463,0.3962855252557427,1
66,2.2,Participant3_RS_SlSl,Endomorph,Normal,slouch,1.0,0.0,0.0,-0.4123171867335992,52.542331514020375,0.3882955946525022,1
67,2.2333333333333334,Participant3_RS_SlSl,Endomorph,Normal,slouch,1.0,0.0,0.0,-0.4167482036624127,52.02374262931789,0.389400284756166,1
68,2.2666666666666666,Participant3_RS_SlSl,Endomorph,Normal,slouch,1.0,0.0,0.0,-0.4333902604731482,52.11825122783127,0.3940190266682576,1
69,2.3,Participant3_RS_SlSl,Endomorph,Normal,slouch,1.0,0.0,0.0,-0.441669355967608,52.23324965517615,0.3986321981522254,1
70,2.333333333333333,Participant3_RS_SlSl,Endomorph,Normal,slouch,1.0,0.0,0.0,-0.4443859204071372,52.06210970050328,0.3873984613233853,1
71,2.3666666666666667,Participant3_RS_SlSl,Endomorph,Normal,slouch,1.0,0.0,0.0,-0.4463784937376105,52.44814165854081,0.3960496699327077,1
72,2.4,Participant3_RS_SlSl,Endomorph,Normal,slouch,1.0,0.0,0.0,-0.4760972057693174,51.64061797131952,0.4055226778308567,1
73,2.433333333333333,Participant3_RS_SlSl,Endomorph,Normal,slouch,1.0,0.0,0.0,-0.4357881123401379,52.3488543618186,0.3860002254742704,1
74,2.466666666666667,Participant3_RS_SlSl,Endomorph,Normal,slouch,1.0,0.0,0.0,-0.4365533204462066,52.285039360532025,0.389305706996628,1
75,2.5,Participant3_RS_SlSl,Endomorph,Normal,slouch,1.0,0.0,0.0,-0.4827037528540681,52.6349766067591,0.3878946655088703,1
76,2.533333333333333,Participant3_RS_SlSl,Endomorph,Normal,slouch,1.0,0.0,0.0,-0.4736329414732596,52.07468092763464,0.4033426841534456,1
77,2.566666666666667,Participant3_RS_SlSl,Endomorph,Normal,slouch,1.0,0.0,0.0,-0.4352984292447853,52.00923510909044,0.3991955081463809,1
78,2.6,Participant3_RS_SlSl,Endomorph,Normal,slouch,1.0,0.0,0.0,-0.4777056168115956,51.979688388493614,0.4029733683178145,1
79,2.6333333333333333,Participant3_RS_SlSl,Endomorph,Normal,slouch,1.0,0.0,0.0,-0.4815678237097675,51.55659609803342,0.3958253122109759,1
80,2.6666666666666665,Participant3_RS_SlSl,Endomorph,Normal,slouch,1.0,0.0,0.0,-0.4936171822527826,51.95249288631818,0.4010262181268623,1
81,2.7,Participant3_RS_SlSl,Endomorph,Normal,slouch,1.0,0.0,0.0,-0.4676878497413571,52.44347548939834,0.3994943715860587,1
82,2.7333333333333334,Participant3_RS_SlSl,Endomorph,Normal,slouch,1.0,0.0,0.0,-0.4795179793511399,51.977716988681344,0.3975595505365121,1
83,2.7666666666666666,Participant3_RS_SlSl,Endomorph,Normal,slouch,1.0,0.0,0.0,-0.5180432644157704,51.87818004721216,0.3849400476099373,1
84,2.8,Participant3_RS_SlSl,Endomorph,Normal,slouch,1.0,0.0,0.0,-0.5592034628313867,51.17544629520766,0.4020832779665529,1
85,2.833333333333333,Participant3_RS_SlSl,Endomorph,Normal,slouch,1.0,0.0,0.0,-0.5217377703592038,51.06790919431571,0.3907133870098531,1
86,2.8666666666666667,Participant3_RS_SlSl,Endomorph,Normal,slouch,1.0,0.0,0.0,-0.526137279222678,50.93950105886394,0.390246378374731,1
87,2.9,Participant3_RS_SlSl,Endomorph,Normal,slouch,1.0,0.0,0.0,-0.4832679554092548,51.389924961447655,0.3985731780936077,1
88,2.933333333333333,Participant3_RS_SlSl,Endomorph,Normal,slouch,1.0,0.0,0.0,-0.5000077207903707,51.54970934298274,0.3928609144010216,1
89,2.966666666666667,Participant3_RS_SlSl,Endomorph,Normal,slouch,1.0,0.0,0.0,-0.5160482169378567,51.57955456962196,0.3946573001530451,1
90,3.0,Participant3_RS_SlSl,Endomorph,Normal,slouch,1.0,0.0,0.0,-0.5514165581111177,51.22222599568519,0.401742871506014,1
91,3.033333333333333,Participant3_RS_SlSl,Endomorph,Normal,slouch,1.0,0.0,0.0,-0.5417646633694656,51.43172788441123,0.3998427571849023,1
92,3.066666666666667,Participant3_RS_SlSl,Endomorph,Normal,slouch,1.0,0.0,0.0,-0.4625843219111113,52.23934629545871,0.4023341705965739,1
93,3.1,Participant3_RS_SlSl,Endomorph,Normal,slouch,1.0,0.0,0.0,-0.4554376715227936,52.2201335801433,0.39969102884498,1
94,3.1333333333333333,Participant3_RS_SlSl,Endomorph,Normal,slouch,1.0,0.0,0.0,-0.5605976132005265,50.83430835487607,0.3939197372168441,1
95,3.1666666666666665,Participant3_RS_SlSl,Endomorph,Normal,slouch,1.0,0.0,0.0,-0.4965001414006939,52.82255342201309,0.3834922719650362,1
96,3.2,Participant3_RS_SlSl,Endomorph,Normal,slouch,1.0,0.0,0.0,-0.5440540195845471,52.91216901751463,0.3925855321577807,1
97,3.2333333333333334,Participant3_RS_SlSl,Endomorph,Normal,slouch,1.0,0.0,0.0,-0.4964358461091641,52.86166445198936,0.4029098825617849,1
98,3.2666666666666666,Participant3_RS_SlSl,Endomorph,Normal,slouch,1.0,0.0,0.0,-0.4886310994600176,52.07794947055846,0.3909568240066414,1
99,3.3,Participant3_RS_SlSl,Endomorph,Normal,slouch,1.0,0.0,0.0,-0.4414732170580813,52.27462948474027,0.4006291573214811,1
100,3.333333333333333,Participant3_RS_SlSl,Endomorph,Normal,slouch,1.0,0.0,0.0,-0.4636202497568589,52.47791832997679,0.3861915619056751,1
101,3.3666666666666667,Participant3_RS_SlSl,Endomorph,Normal,slouch,1.0,0.0,0.0,-0.4200531540520155,52.89758944155973,0.3891583006885288,1
102,3.4,Participant3_RS_SlSl,Endomorph,Normal,slouch,1.0,0.0,0.0,-0.4710659830569143,52.612291209321626,0.3950548260143953,1
103,3.433333333333333,Participant3_RS_SlSl,Endomorph,Normal,slouch,1.0,0.0,0.0,-0.4348274344256809,52.78724224793809,0.3939968189075356,1
104,3.466666666666667,Participant3_RS_SlSl,Endomorph,Normal,slouch,1.0,0.0,0.0,-0.4837192084500865,52.810873972845606,0.3971144060857331,1
105,3.5,Participant3_RS_SlSl,Endomorph,Normal,slouch,1.0,0.0,0.0,-0.4402102908941397,52.6221917358648,0.3873418881697512,1
106,3.533333333333333,Participant3_RS_SlSl,Endomorph,Normal,slouch,1.0,0.0,0.0,-0.4807967441649493,53.08780934337053,0.391853450244701,1
107,3.566666666666667,Participant3_RS_SlSl,Endomorph,Normal,slouch,1.0,0.0,0.0,-0.4824650534515043,52.9647194680212,0.39240793541179,1
108,3.6,Participant3_RS_SlSl,Endomorph,Normal,slouch,1.0,0.0,0.0,-0.4639639672421507,52.95483671724392,0.3853402226601061,1
109,3.633333333333333,Participant3_RS_SlSl,Endomorph,Normal,slouch,1.0,0.0,0.0,-0.4580455981936767,52.86775134939021,0.3861704671889572,1
110,3.6666666666666665,Participant3_RS_SlSl,Endomorph,Normal,slouch,1.0,0.0,0.0,-0.4480320199064431,52.73811622469569,0.3891204645255567,1
111,3.7,Participant3_RS_SlSl,Endomorph,Normal,slouch,1.0,0.0,0.0,-0.4908801014425947,52.52486648038354,0.3976617837513249,1
112,3.733333333333333,Participant3_RS_SlSl,Endomorph,Normal,slouch,1.0,0.0,0.0,-0.4740758350287846,52.58799490891225,0.3870796667855145,1
113,3.7666666666666666,Participant3_RS_SlSl,Endomorph,Normal,slouch,1.0,0.0,0.0,-0.476363039909645,53.69980140411545,0.3861546466657558,1
114,3.8,Participant3_RS_SlSl,Endomorph,Normal,slouch,1.0,0.0,0.0,-0.5344471311069,52.8133247986487,0.3962722411842761,1
115,3.8333333333333335,Participant3_RS_SlSl,Endomorph,Normal,slouch,1.0,0.0,0.0,-0.5261939710755922,52.30219339636085,0.3888251495003652,1
116,3.8666666666666663,Participant3_RS_SlSl,Endomorph,Normal,slouch,1.0,0.0,0.0,-0.5114538638394188,53.15901897397307,0.3943682973047323,1
117,3.9,Participant3_RS_SlSl,Endomorph,Normal,slouch,1.0,0.0,0.0,-0.5004307346472657,52.583317653400734,0.3855958967115539,1
118,3.933333333333333,Participant3_RS_SlSl,Endomorph,Normal,slouch,1.0,0.0,0.0,-0.4665198945752884,53.037793744319984,0.3896521304848253,1
119,3.966666666666667,Participant3_RS_SlSl,Endomorph,Normal,slouch,1.0,0.0,0.0,-0.4698889660182841,53.531462776072345,0.3850763957240452,1
120,4.0,Participant3_RS_SlSl,Endomorph,Normal,slouch,1.0,0.0,0.0,-0.4159156197929737,53.46403990491589,0.3978154218187837,1
121,4.033333333333333,Participant3_RS_SlSl,Endomorph,Normal,slouch,1.0,0.0,0.0,-0.528343283545396,53.036864573750925,0.3955953816001398,1
122,4.066666666666666,Participant3_RS_SlSl,Endomorph,Normal,slouch,1.0,0.0,0.0,-0.5186131274077327,53.29952072246451,0.4000230187472502,1
123,4.1,Participant3_RS_SlSl,Endomorph,Normal,slouch,1.0,0.0,0.0,-0.5116126015634819,53.39486139444347,0.4011179403166512,1
124,4.133333333333334,Participant3_RS_SlSl,Endomorph,Normal,slouch,1.0,0.0,0.0,-0.4507249884496568,52.77356108290553,0.4029670108107289,1
125,4.166666666666667,Participant3_RS_SlSl,Endomorph,Normal,slouch,1.0,0.0,0.0,-0.5145551369276903,53.173879753906746,0.4009661188681954,1
126,4.2,Participant3_RS_SlSl,Endomorph,Normal,slouch,1.0,0.0,0.0,-0.5112756913680548,52.30465423135331,0.3978780653099564,1
127,4.233333333333333,Participant3_RS_SlSl,Endomorph,Normal,slouch,1.0,0.0,0.0,-0.4980531096836235,52.45396193882533,0.3891945342881145,1
128,4.266666666666667,Participant3_RS_SlSl,Endomorph,Normal,slouch,1.0,0.0,0.0,-0.5080422079568941,53.40419709678265,0.3797662673446818,1
129,4.3,Participant3_RS_SlSl,Endomorph,Normal,slouch,1.0,0.0,0.0,-0.4247785572334199,53.67459922442716,0.3867227217867004,1
130,4.333333333333333,Participant3_RS_SlSl,Endomorph,Normal,slouch,1.0,0.0,0.0,-0.3902823106675606,54.09083407933326,0.3797183870051589,1
131,4.366666666666666,Participant3_RS_SlSl,Endomorph,Normal,slouch,1.0,0.0,0.0,-0.4955515783077933,53.36917909818851,0.3844874093833247,1
132,4.4,Participant3_RS_SlSl,Endomorph,Normal,slouch,1.0,0.0,0.0,-0.5178199338635455,53.35643688035483,0.3773460106186399,1
133,4.433333333333334,Participant3_RS_SlSl,Endomorph,Normal,slouch,1.0,0.0,0.0,-0.4906791929978324,53.03639166445197,0.3913150068872815,1
134,4.466666666666667,Participant3_RS_SlSl,Endomorph,Normal,slouch,1.0,0.0,0.0,-0.529976532532843,52.83873760174976,0.3901823307517253,1
135,4.5,Participant3_RS_SlSl,Endomorph,Normal,slouch,1.0,0.0,0.0,-0.5291273289343317,52.548723603244106,0.3916202444491309,1
136,4.533333333333333,Participant3_RS_SlSl,Endomorph,Normal,slouch,1.0,0.0,0.0,-0.5139726309609826,52.90471072173995,0.4007104385814696,1
137,4.566666666666666,Participant3_RS_SlSl,Endomorph,Normal,slouch,1.0,0.0,0.0,-0.5096812146304172,52.514413501782734,0.3949405054623618,1
138,4.6,Participant3_RS_SlSl,Endomorph,Normal,slouch,1.0,0.0,0.0,-0.5461347911350171,52.5517228051497,0.393322007025656,1
139,4.633333333333334,Participant3_RS_SlSl,Endomorph,Normal,slouch,1.0,0.0,0.0,-0.532270496124061,53.08574991020005,0.3963736955276377,1
140,4.666666666666667,Participant3_RS_SlSl,Endomorph,Normal,slouch,1.0,0.0,0.0,-0.5435626971456919,52.52967584301907,0.3903390705712349,1
141,4.7,Participant3_RS_SlSl,Endomorph,Normal,slouch,1.0,0.0,0.0,-0.5405980138561816,52.61294522298233,0.3913517080645574,1
142,4.733333333333333,Participant3_RS_SlSl,Endomorph,Normal,slouch,1.0,0.0,0.0,-0.537644462988358,53.094774068641655,0.3931145238783321,1
143,4.766666666666667,Participant3_RS_SlSl,Endomorph,Normal,slouch,1.0,0.0,0.0,-0.4805689587037854,52.5879162837656,0.3933294648463301,1
144,4.8,Participant3_RS_SlSl,Endomorph,Normal,slouch,1.0,0.0,0.0,-0.5123811783044522,52.68697100020201,0.4062125722447207,1
145,4.833333333333333,Participant3_RS_SlSl,Endomorph,Normal,slouch,1.0,0.0,0.0,-0.5196656862844328,53.18242184870396,0.4135841117321269,1
146,4.866666666666666,Participant3_RS_SlSl,Endomorph,Normal,slouch,1.0,0.0,0.0,-0.5078443894037646,53.60566281126871,0.4073492064855301,1
147,4.9,Participant3_RS_SlSl,Endomorph,Normal,slouch,1.0,0.0,0.0,-0.5456788551997739,52.83162891877435,0.4137577830043239,1
148,4.933333333333334,Participant3_RS_SlSl,Endomorph,Normal,slouch,1.0,0.0,0.0,-0.5784549047938641,53.027910616423874,0.4013005562094506,1
149,4.966666666666667,Participant3_RS_SlSl,Endomorph,Normal,slouch,1.0,0.0,0.0,-0.5268321166381534,53.92370577056497,0.4093833389231555,1
150,5.0,Participant3_RS_SlSl,Endomorph,Normal,slouch,1.0,0.0,0.0,-0.5825352470275981,52.88683965190545,0.4043594356700688,1
151,5.033333333333333,Participant3_RS_SlSl,Endomorph,Normal,slouch,1.0,0.0,0.0,-0.5410726793936953,52.41744942799264,0.3931482027218225,1
152,5.066666666666666,Participant3_RS_SlSl,Endomorph,Normal,slouch,1.0,0.0,0.0,-0.5973074829230718,52.28466868321495,0.4016901104857518,1
153,5.1,Participant3_RS_SlSl,Endomorph,Normal,slouch,1.0,0.0,0.0,-0.5559962444829241,53.32808092739837,0.4106035680588375,1
154,5.133333333333334,Participant3_RS_SlSl,Endomorph,Normal,slouch,1.0,0.0,0.0,-0.5241479542598626,53.51495085119837,0.4109774111904951,1
155,5.166666666666667,Participant3_RS_SlSl,Endomorph,Normal,slouch,1.0,0.0,0.0,-0.5340234790642531,53.6055923532284,0.4128376131888313,1
156,5.2,Participant3_RS_SlSl,Endomorph,Normal,slouch,1.0,0.0,0.0,-0.5476233518796575,53.75742471042896,0.4064795477659806,1
157,5.233333333333333,Participant3_RS_SlSl,Endomorph,Normal,slouch,1.0,0.0,0.0,-0.5504780423948504,53.42139421495887,0.4004767732803178,1
158,5.266666666666667,Participant3_RS_SlSl,Endomorph,Normal,slouch,1.0,0.0,0.0,-0.5588162584054903,53.396634830345896,0.4011606088681305,1
159,5.3,Participant3_RS_SlSl,Endomorph,Normal,slouch,1.0,0.0,0.0,-0.5913783446759018,53.40736015921365,0.4097364323366079,1
160,5.333333333333333,Participant3_RS_SlSl,Endomorph,Normal,slouch,1.0,0.0,0.0,-0.5924739875466283,53.17897844284241,0.4077061470860254,1
161,5.366666666666666,Participant3_RS_SlSl,Endomorph,Normal,slouch,1.0,0.0,0.0,-0.5465378099919496,53.5496518668355,0.4011137975325369,1
162,5.4,Participant3_RS_SlSl,Endomorph,Normal,slouch,1.0,0.0,0.0,-0.5695188052145667,53.11365673817874,0.4096035181304177,1
163,5.433333333333334,Participant3_RS_SlSl,Endomorph,Normal,slouch,1.0,0.0,0.0,-0.5352398411291186,53.49909024491484,0.3954991186155022,1
164,5.466666666666667,Participant3_RS_SlSl,Endomorph,Normal,slouch,1.0,0.0,0.0,-0.5217111928784477,53.754710798694425,0.4039290883029023,1
165,5.5,Participant3_RS_SlSl,Endomorph,Normal,slouch,1.0,0.0,0.0,-0.5418087190390805,54.68964126750485,0.4063867246683177,1
166,5.533333333333333,Participant3_RS_SlSl,Endomorph,Normal,slouch,1.0,0.0,0.0,-0.5594621968116008,54.81980110632341,0.4056010474354973,1
167,5.566666666666666,Participant3_RS_SlSl,Endomorph,Normal,slouch,1.0,0.0,0.0,-0.5351908098998465,54.9093436012118,0.4028972761353606,1
168,5.6,Participant3_RS_SlSl,Endomorph,Normal,slouch,1.0,0.0,0.0,-0.5269047917790258,54.86537443962197,0.4039144379786499,1
169,5.633333333333334,Participant3_RS_SlSl,Endomorph,Normal,slouch,1.0,0.0,0.0,-0.4938906226968983,54.28377677649943,0.3968906253638264,1
170,5.666666666666667,Participant3_RS_SlSl,Endomorph,Normal,slouch,1.0,0.0,0.0,-0.5667402542713568,54.195835782702254,0.4039856891004102,1
171,5.7,Participant3_RS_SlSl,Endomorph,Normal,slouch,1.0,0.0,0.0,-0.5664758016914536,53.60621129358962,0.4058246663740951,1
172,5.733333333333333,Participant3_RS_SlSl,Endomorph,Normal,slouch,1.0,0.0,0.0,-0.5290141552826634,53.43255667626624,0.3990217690612875,1
173,5.766666666666667,Participant3_RS_SlSl,Endomorph,Normal,slouch,1.0,0.0,0.0,-0.5182921245245118,53.99451776612372,0.4083777394589476,1
174,5.8,Participant3_RS_SlSl,Endomorph,Normal,slouch,1.0,0.0,0.0,-0.5147506494095199,53.94651833994902,0.4148738348322892,1
175,5.833333333333333,Participant3_RS_SlSl,Endomorph,Normal,slouch,1.0,0.0,0.0,-0.5516972590941974,54.167160032315614,0.4109737245664053,1
176,5.866666666666666,Participant3_RS_SlSl,Endomorph,Normal,slouch,1.0,0.0,0.0,-0.5044598811538306,53.82471713480975,0.4078447360852508,1
177,5.9,Participant3_RS_SlSl,Endomorph,Normal,slouch,1.0,0.0,0.0,-0.4982172935554856,53.73670951729232,0.3999717053587474,1
178,5.933333333333334,Participant3_RS_SlSl,Endomorph,Normal,slouch,1.0,0.0,0.0,-0.5029603380124715,53.70706646699952,0.4048649407142743,1
179,5.966666666666667,Participant3_RS_SlSl,Endomorph,Normal,slouch,1.0,0.0,0.0,-0.4918582164774165,53.68046777296283,0.4086845475586579,1
180,6.0,Participant3_RS_SlSl,Endomorph,Normal,slouch,1.0,0.0,0.0,-0.4860037046165691,53.8409764664756,0.4019550320264798,1
181,6.033333333333333,Participant3_RS_SlSl,Endomorph,Normal,slouch,1.0,0.0,0.0,-0.4793841882548615,53.74471029084892,0.4077852540144215,1
182,6.066666666666666,Participant3_RS_SlSl,Endomorph,Normal,slouch,1.0,0.0,0.0,-0.5173753631925732,54.010014160579736,0.4100000663728129,1
183,6.1,Participant3_RS_SlSl,Endomorph,Normal,slouch,1.0,0.0,0.0,-0.5245843837813088,53.388436768349365,0.4085877370992267,1
184,6.133333333333334,Participant3_RS_SlSl,Endomorph,Normal,slouch,1.0,0.0,0.0,-0.5411629922802746,53.677849261638265,0.412184917009698,1
185,6.166666666666667,Participant3_RS_SlSl,Endomorph,Normal,slouch,1.0,0.0,0.0,-0.4885298248265065,53.652369951148565,0.4105544529060246,1
186,6.2,Participant3_RS_SlSl,Endomorph,Normal,slouch,1.0,0.0,0.0,-0.5278360559296671,53.65897654585341,0.4152997546097053,1
187,6.233333333333333,Participant3_RS_SlSl,Endomorph,Normal,slouch,1.0,0.0,0.0,-0.5258914313561429,53.47889412488269,0.4138834644887337,1
188,6.266666666666667,Participant3_RS_SlSl,Endomorph,Normal,slouch,1.0,0.0,0.0,-0.5046089473258208,54.95766919254322,0.4093344204744027,1
189,6.3,Participant3_RS_SlSl,Endomorph,Normal,slouch,1.0,0.0,0.0,-0.5266795947676293,54.42364086852788,0.4068407582611326,1
190,6.333333333333333,Participant3_RS_SlSl,Endomorph,Normal,slouch,1.0,0.0,0.0,-0.4860965108169736,54.21631035726458,0.4138001851906737,1
191,6.366666666666666,Participant3_RS_SlSl,Endomorph,Normal,slouch,1.0,0.0,0.0,-0.4894222980825906,53.903695575904,0.4131702222940381,1
192,6.4,Participant3_RS_SlSl,Endomorph,Normal,slouch,1.0,0.0,0.0,-0.4721920463739172,54.22981770457679,0.4128888503963795,1
193,6.433333333333334,Participant3_RS_SlSl,Endomorph,Normal,slouch,1.0,0.0,0.0,-0.4664263703761174,54.00515860944485,0.4205223644226437,1
194,6.466666666666667,Participant3_RS_SlSl,Endomorph,Normal,slouch,1.0,0.0,0.0,-0.4898934293594397,54.0237323342182,0.4157107014288574,1
195,6.5,Participant3_RS_SlSl,Endomorph,Normal,slouch,1.0,0.0,0.0,-0.492577308722364,54.89131088203784,0.4100984233257111,1
196,6.533333333333333,Participant3_RS_SlSl,Endomorph,Normal,slouch,1.0,0.0,0.0,-0.5205188803421523,54.40690056071114,0.4005862002119683,1
197,6.566666666666666,Participant3_RS_SlSl,Endomorph,Normal,slouch,1.0,0.0,0.0,-0.5372472670293977,54.66332365714928,0.3994305393979755,1
198,6.6,Participant3_RS_SlSl,Endomorph,Normal,slouch,1.0,0.0,0.0,-0.5279865291882463,54.70487567576188,0.3969257381783649,1
199,6.633333333333334,Participant3_RS_SlSl,Endomorph,Normal,slouch,1.0,0.0,0.0,-0.5267314745932594,54.7510670536896,0.4050257043588682,1
200,6.666666666666667,Participant3_RS_SlSl,Endomorph,Normal,slouch,1.0,0.0,0.0,-0.5286533426022443,54.894574791902606,0.404868610869174,1
201,6.7,Participant3_RS_SlSl,Endomorph,Normal,slouch,1.0,0.0,0.0,-0.5316318110101468,54.11872169084669,0.4056784114277099,1
202,6.733333333333333,Participant3_RS_SlSl,Endomorph,Normal,slouch,1.0,0.0,0.0,-0.5302298237377787,54.85372328992588,0.399934353575152,1
203,6.766666666666667,Participant3_RS_SlSl,Endomorph,Normal,slouch,1.0,0.0,0.0,-0.5222480458262725,55.27322461849239,0.4095645659681979,1
204,6.8,Participant3_RS_SlSl,Endomorph,Normal,slouch,1.0,0.0,0.0,-0.4652462843656235,54.8007377153484,0.4084420522824656,1
205,6.833333333333333,Participant3_RS_SlSl,Endomorph,Normal,slouch,1.0,0.0,0.0,-0.5190503304341447,54.46144402178102,0.4149863775962327,1
206,6.866666666666666,Participant3_RS_SlSl,Endomorph,Normal,slouch,1.0,0.0,0.0,-0.521255987193739,54.97483599953286,0.4007065362236799,1
207,6.9,Participant3_RS_SlSl,Endomorph,Normal,slouch,1.0,0.0,0.0,-0.553164738446963,54.39864750770517,0.4073690895452544,1
208,6.933333333333334,Participant3_RS_SlSl,Endomorph,Normal,slouch,1.0,0.0,0.0,-0.5608952074380773,54.18676641469006,0.4087776056193188,1
209,6.966666666666667,Participant3_RS_SlSl,Endomorph,Normal,slouch,1.0,0.0,0.0,-0.498512655481323,53.894960737341215,0.3951173441820887,1
210,7.0,Participant3_RS_SlSl,Endomorph,Normal,slouch,1.0,0.0,0.0,-0.460106484371212,54.60197211208106,0.4044614697569841,1
211,7.033333333333333,Participant3_RS_SlSl,Endomorph,Normal,slouch,1.0,0.0,0.0,-0.4635618708760785,54.52310082727055,0.4077113761636006,1
212,7.066666666666666,Participant3_RS_SlSl,Endomorph,Normal,slouch,1.0,0.0,0.0,-0.4581210679947805,54.29076440151753,0.4042645482429985,1
213,7.1,Participant3_RS_SlSl,Endomorph,Normal,slouch,1.0,0.0,0.0,-0.4876040319512299,54.62668292063357,0.4110252523195603,1
214,7.133333333333334,Participant3_RS_SlSl,Endomorph,Normal,slouch,1.0,0.0,0.0,-0.4843150072261684,54.64979589946742,0.4098427695949538,1
215,7.166666666666667,Participant3_RS_SlSl,Endomorph,Normal,slouch,1.0,0.0,0.0,-0.4827862467071871,54.078222051156914,0.4028849220704893,1
216,7.2,Participant3_RS_SlSl,Endomorph,Normal,slouch,1.0,0.0,0.0,-0.5075680557465454,54.80622813347326,0.4003870185455569,1
217,7.233333333333333,Participant3_RS_SlSl,Endomorph,Normal,slouch,1.0,0.0,0.0,-0.5151825299724868,53.81236965791506,0.4010892588845014,1
218,7.266666666666667,Participant3_RS_SlSl,Endomorph,Normal,slouch,1.0,0.0,0.0,-0.5208396876244245,53.49003092303696,0.4106509303065559,1
219,7.3,Participant3_RS_SlSl,Endomorph,Normal,slouch,1.0,0.0,0.0,-0.5014718075308813,53.5460579707123,0.4117686610662663,1
220,7.333333333333333,Participant3_RS_SlSl,Endomorph,Normal,slouch,1.0,0.0,0.0,-0.4852654843026086,54.30526464056423,0.4105571234852183,1
221,7.366666666666666,Participant3_RS_SlSl,Endomorph,Normal,slouch,1.0,0.0,0.0,-0.543953760071739,54.20199384949303,0.3982051478760562,1
222,7.4,Participant3_RS_SlSl,Endomorph,Normal,slouch,1.0,0.0,0.0,-0.5013198120417143,53.3631505411584,0.404460118904396,1
223,7.433333333333334,Participant3_RS_SlSl,Endomorph,Normal,slouch,1.0,0.0,0.0,-0.5214532045673299,52.73269894761236,0.4052053938066757,1
224,7.466666666666667,Participant3_RS_SlSl,Endomorph,Normal,slouch,1.0,0.0,0.0,-0.4886651696787542,53.27792031015958,0.4028015918765036,1
225,7.5,Participant3_RS_SlSl,Endomorph,Normal,slouch,1.0,0.0,0.0,-0.4918529732360112,52.91584976762479,0.4042240476383836,1
226,7.533333333333333,Participant3_RS_SlSl,Endomorph,Normal,slouch,1.0,0.0,0.0,-0.5391293696746453,52.93575286060506,0.4053353977492293,1
227,7.566666666666666,Participant3_RS_SlSl,Endomorph,Normal,slouch,1.0,0.0,0.0,-0.483890728861115,52.9418021047008,0.4021133942210917,1
228,7.6,Participant3_RS_SlSl,Endomorph,Normal,slouch,1.0,0.0,0.0,-0.454975984237936,53.66303739117748,0.4077171100349728,1
229,7.633333333333334,Participant3_RS_SlSl,Endomorph,Normal,slouch,1.0,0.0,0.0,-0.5019721656859536,53.692535312250726,0.3995496326284659,1
230,7.666666666666667,Participant3_RS_SlSl,Endomorph,Normal,slouch,1.0,0.0,0.0,-0.5012808837635438,53.75596830580092,0.401347340639284,1
231,7.7,Participant3_RS_SlSl,Endomorph,Normal,slouch,1.0,0.0,0.0,-0.5054794069041489,53.557497041164,0.4068818120826625,1
232,7.733333333333333,Participant3_RS_SlSl,Endomorph,Normal,slouch,1.0,0.0,0.0,-0.4973592390214356,53.61603449652569,0.4103006915185532,1
233,7.766666666666667,Participant3_RS_SlSl,Endomorph,Normal,slouch,1.0,0.0,0.0,-0.538518053541504,53.72984463066641,0.3980531175771868,1
234,7.8,Participant3_RS_SlSl,Endomorph,Normal,slouch,1.0,0.0,0.0,-0.5329547261492037,53.75963734607088,0.3988296819828837,1
235,7.833333333333333,Participant3_RS_SlSl,Endomorph,Normal,slouch,1.0,0.0,0.0,-0.4593315715266202,53.16136810477513,0.4004000268543813,1
236,7.866666666666666,Participant3_RS_SlSl,Endomorph,Normal,slouch,1.0,0.0,0.0,-0.4808534952448657,53.38734298110155,0.3943383340650216,1
237,7.9,Participant3_RS_SlSl,Endomorph,Normal,slouch,1.0,0.0,0.0,-0.4758501513067479,54.414848930378255,0.3960844115876448,1
238,7.933333333333334,Participant3_RS_SlSl,Endomorph,Normal,slouch,1.0,0.0,0.0,-0.468096079665393,54.57974111092817,0.3951865127930073,1
239,7.966666666666667,Participant3_RS_SlSl,Endomorph,Normal,slouch,1.0,0.0,0.0,-0.5120715847632468,53.88134384974425,0.390006272793479,1
240,8.0,Participant3_RS_SlSl,Endomorph,Normal,slouch,1.0,0.0,0.0,-0.4600877828151188,53.91131080404115,0.3982028242796254,1
241,8.033333333333333,Participant3_RS_SlSl,Endomorph,Normal,slouch,1.0,0.0,0.0,-0.4615641449729505,55.03392223961509,0.3914279990390974,1
242,8.066666666666666,Participant3_RS_SlSl,Endomorph,Normal,slouch,1.0,0.0,0.0,-0.4823769157340108,54.03316957858649,0.3991309018475023,1
243,8.1,Participant3_RS_SlSl,Endomorph,Normal,slouch,1.0,0.0,0.0,-0.5037197687176473,53.74986534237453,0.3839321968768706,1
244,8.133333333333333,Participant3_RS_SlSl,Endomorph,Normal,slouch,1.0,0.0,0.0,-0.4941163562716015,53.55605772922437,0.3932636486964669,1
245,8.166666666666666,Participant3_RS_SlSl,Endomorph,Normal,slouch,1.0,0.0,0.0,-0.5281078260122006,52.63034562394967,0.3935695369476638,1
246,8.2,Participant3_RS_SlSl,Endomorph,Normal,slouch,1.0,0.0,0.0,-0.5175340159874455,52.84014710567826,0.3935148028040934,1
247,8.233333333333333,Participant3_RS_SlSl,Endomorph,Normal,slouch,1.0,0.0,0.0,-0.5458807935097415,53.4571667404419,0.3958967753389738,1
248,8.266666666666667,Participant3_RS_SlSl,Endomorph,Normal,slouch,1.0,0.0,0.0,-0.5782683972454206,53.53152049168158,0.4012222359675476,1
249,8.3,Participant3_RS_SlSl,Endomorph,Normal,slouch,1.0,0.0,0.0,-0.5882634066006455,53.41104019208761,0.4031870281522992,1
250,8.333333333333334,Participant3_RS_SlSl,Endomorph,Normal,slouch,1.0,0.0,0.0,-0.5500990599301793,52.87327492786503,0.4072242917742048,1
251,8.366666666666667,Participant3_RS_SlSl,Endomorph,Normal,slouch,1.0,0.0,0.0,-0.5642326850144297,53.433499141555934,0.3994528172206661,1
252,8.4,Participant3_RS_SlSl,Endomorph,Normal,slouch,1.0,0.0,0.0,-0.5842352999593388,52.85403621138236,0.4030440125092142,1
253,8.433333333333334,Participant3_RS_SlSl,Endomorph,Normal,slouch,1.0,0.0,0.0,-0.5724831099737813,53.415024553517,0.396109870211837,1
254,8.466666666666667,Participant3_RS_SlSl,Endomorph,Normal,slouch,1.0,0.0,0.0,-0.5590216411228734,53.14106735239283,0.400388579812621,1
255,8.5,Participant3_RS_SlSl,Endomorph,Normal,slouch,1.0,0.0,0.0,-0.5272284128495033,54.48413199681463,0.4005744252046201,1
256,8.533333333333333,Participant3_RS_SlSl,Endomorph,Normal,slouch,1.0,0.0,0.0,-0.5190055687608972,53.37588036105303,0.404138856455118,1
257,8.566666666666666,Participant3_RS_SlSl,Endomorph,Normal,slouch,1.0,0.0,0.0,-0.5140360144892493,53.41734726350172,0.4050788600286526,1
258,8.6,Participant3_RS_SlSl,Endomorph,Normal,slouch,1.0,0.0,0.0,-0.5444848884168964,53.59784416928375,0.3927557265914315,1
259,8.633333333333333,Participant3_RS_SlSl,Endomorph,Normal,slouch,1.0,0.0,0.0,-0.5621113286060868,53.53526062478103,0.3925526453381709,1
260,8.666666666666666,Participant3_RS_SlSl,Endomorph,Normal,slouch,1.0,0.0,0.0,-0.5575425791055738,53.96934068073013,0.3946833127822735,1
261,8.7,Participant3_RS_SlSl,Endomorph,Normal,slouch,1.0,0.0,0.0,-0.5558965343535491,53.995369628280606,0.3940634656372675,1
262,8.733333333333333,Participant3_RS_SlSl,Endomorph,Normal,slouch,1.0,0.0,0.0,-0.5536097485923468,53.05459104291933,0.4020301711936372,1
263,8.766666666666667,Participant3_RS_SlSl,Endomorph,Normal,slouch,1.0,0.0,0.0,-0.5078854266485174,53.47997520944964,0.4004624380724713,1
264,8.8,Participant3_RS_SlSl,Endomorph,Normal,slouch,1.0,0.0,0.0,-0.5558990484627373,53.74416422707675,0.4051802595176062,1
265,8.833333333333334,Participant3_RS_SlSl,Endomorph,Normal,slouch,1.0,0.0,0.0,-0.5038365982873678,53.26802902526953,0.4127012979088905,1
266,8.866666666666667,Participant3_RS_SlSl,Endomorph,Normal,slouch,1.0,0.0,0.0,-0.5615261690750621,53.930676863471255,0.4061168653307033,1
267,8.9,Participant3_RS_SlSl,Endomorph,Normal,slouch,1.0,0.0,0.0,-0.500662952171868,53.491493248799536,0.4027300503023103,1
268,8.933333333333334,Participant3_RS_SlSl,Endomorph,Normal,slouch,1.0,0.0,0.0,-0.5010371865693605,53.47621441248448,0.3989527619138688,1
269,8.966666666666667,Participant3_RS_SlSl,Endomorph,Normal,slouch,1.0,0.0,0.0,-0.4891582394746039,53.28168303859744,0.4075846965980377,1
270,9.0,Participant3_RS_SlSl,Endomorph,Normal,slouch,1.0,0.0,0.0,-0.5071542574520206,53.23110165075267,0.403889420300808,1
271,9.033333333333331,Participant3_RS_SlSl,Endomorph,Normal,slouch,1.0,0.0,0.0,-0.5039427860638042,52.92268474420285,0.4019426722903863,1
272,9.066666666666666,Participant3_RS_SlSl,Endomorph,Normal,slouch,1.0,0.0,0.0,-0.5375573992277529,53.36092855616137,0.4035777353301286,1
273,9.1,Participant3_RS_SlSl,Endomorph,Normal,slouch,1.0,0.0,0.0,-0.5173323122654544,53.45023232741267,0.402771696696848,1
274,9.133333333333333,Participant3_RS_SlSl,Endomorph,Normal,slouch,1.0,0.0,0.0,-0.5100276152785704,53.36917589777733,0.4022880211304732,1
275,9.166666666666666,Participant3_RS_SlSl,Endomorph,Normal,slouch,1.0,0.0,0.0,-0.5361710919401441,52.85489494135799,0.4046138024600456,1
276,9.2,Participant3_RS_SlSl,Endomorph,Normal,slouch,1.0,0.0,0.0,-0.5429736497273914,53.162371280629,0.4071142002291083,1
277,9.233333333333333,Participant3_RS_SlSl,Endomorph,Normal,slouch,1.0,0.0,0.0,-0.572857723078597,53.993503957166,0.406448070081394,1
278,9.266666666666667,Participant3_RS_SlSl,Endomorph,Normal,slouch,1.0,0.0,0.0,-0.5853677062580867,53.837846070093256,0.4063354320237264,1
279,9.3,Participant3_RS_SlSl,Endomorph,Normal,slouch,1.0,0.0,0.0,-0.5088284665569065,54.06218475939226,0.4019905290766975,1
280,9.333333333333334,Participant3_RS_SlSl,Endomorph,Normal,slouch,1.0,0.0,0.0,-0.4924166208577835,54.04100198752551,0.4024003608918954,1
281,9.366666666666667,Participant3_RS_SlSl,Endomorph,Normal,slouch,1.0,0.0,0.0,-0.5242614089181934,53.697667096146624,0.4039337245747867,1
282,9.4,Participant3_RS_SlSl,Endomorph,Normal,slouch,1.0,0.0,0.0,-0.5045215506816303,53.903727504617095,0.3987078362771084,1
283,9.433333333333334,Participant3_RS_SlSl,Endomorph,Normal,slouch,1.0,0.0,0.0,-0.5868786955178831,53.55714484946721,0.3971832982989638,1
284,9.466666666666669,Participant3_RS_SlSl,Endomorph,Normal,slouch,1.0,0.0,0.0,-0.5716071766135824,53.66958309598928,0.3922451082561553,1
285,9.5,Participant3_RS_SlSl,Endomorph,Normal,slouch,1.0,0.0,0.0,-0.5712823171807888,54.10428675095838,0.3863431615570351,1
286,9.533333333333331,Participant3_RS_SlSl,Endomorph,Normal,slouch,1.0,0.0,0.0,-0.5433941360826905,54.03322642101493,0.396094139059994,1
287,9.566666666666666,Participant3_RS_SlSl,Endomorph,Normal,slouch,1.0,0.0,0.0,-0.5750789403757428,53.905683263826006,0.3988927788652796,1
288,9.6,Participant3_RS_SlSl,Endomorph,Normal,slouch,1.0,0.0,0.0,-0.5444064556274233,53.65761485324499,0.3939965746116254,1
289,9.633333333333333,Participant3_RS_SlSl,Endomorph,Normal,slouch,1.0,0.0,0.0,-0.532820394769183,53.82138395199744,0.3916305217846941,1
290,9.666666666666666,Participant3_RS_SlSl,Endomorph,Normal,slouch,1.0,0.0,0.0,-0.5187652993911068,53.54143342998451,0.3920544342588577,1
291,9.7,Participant3_RS_SlSl,Endomorph,Normal,slouch,1.0,0.0,0.0,-0.5200941580656125,53.52726625409724,0.3906144550602501,1
292,9.733333333333333,Participant3_RS_SlSl,Endomorph,Normal,slouch,1.0,0.0,0.0,-0.5077066673685284,54.00440944099967,0.3986376887636725,1
293,9.766666666666667,Participant3_RS_SlSl,Endomorph,Normal,slouch,1.0,0.0,0.0,-0.5438543464595642,53.912369681223375,0.394210170170348,1
294,9.8,Participant3_RS_SlSl,Endomorph,Normal,slouch,1.0,0.0,0.0,-0.5324513221773122,53.95669764495125,0.3942557666908253,1
295,9.833333333333334,Participant3_RS_SlSl,Endomorph,Normal,slouch,1.0,0.0,0.0,-0.5589921133530311,53.87549733637261,0.399168751986991,1
296,9.866666666666667,Participant3_RS_SlSl,Endomorph,Normal,slouch,1.0,0.0,0.0,-0.5672824479849266,53.9243543292834,0.4012749363824597,1
297,9.9,Participant3_RS_SlSl,Endomorph,Normal,slouch,1.0,0.0,0.0,-0.563921293368636,53.64621745427109,0.3980968147030546,1
298,9.933333333333334,Participant3_RS_SlSl,Endomorph,Normal,slouch,1.0,0.0,0.0,-0.5544126134812044,53.421096745635744,0.3929677762789683,1
299,9.966666666666669,Participant3_RS_SlSl,Endomorph,Normal,slouch,1.0,0.0,0.0,-0.5551643974872247,53.81896222808859,0.4034635493580821,1
300,10.0,Participant3_RS_SlSl,Endomorph,Normal,slouch,1.0,0.0,0.0,-0.5529933986606035,53.41315902465285,0.3955956986167154,1
301,10.033333333333331,Participant3_RS_SlSl,Endomorph,Normal,slouch,1.0,0.0,0.0,-0.5568369077107534,53.92753534823921,0.4032276008373865,1
302,10.066666666666666,Participant3_RS_SlSl,Endomorph,Normal,slouch,1.0,0.0,0.0,-0.5861984970179079,53.62043529079467,0.40106346036418,1
303,10.1,Participant3_RS_SlSl,Endomorph,Normal,slouch,1.0,0.0,0.0,-0.5313667064680132,54.01130852918514,0.4111721265526317,1
304,10.133333333333333,Participant3_RS_SlSl,Endomorph,Normal,slouch,1.0,0.0,0.0,-0.5192282980947229,53.59516508928842,0.4098248085723902,1
305,10.166666666666666,Participant3_RS_SlSl,Endomorph,Normal,slouch,1.0,0.0,0.0,-0.5369784580775514,53.79091362340655,0.407322977997183,1
306,10.2,Participant3_RS_SlSl,Endomorph,Normal,slouch,1.0,0.0,0.0,-0.5360909664798978,54.18142606353307,0.4014383668296192,1
307,10.233333333333333,Participant3_RS_SlSl,Endomorph,Normal,slouch,1.0,0.0,0.0,-0.5735617399552635,54.119117501492816,0.4144234813936348,1
308,10.266666666666667,Participant3_RS_SlSl,Endomorph,Normal,slouch,1.0,0.0,0.0,-0.5762978578906304,53.76330877373268,0.4129308972264507,1
309,10.3,Participant3_RS_SlSl,Endomorph,Normal,slouch,1.0,0.0,0.0,-0.5131392762731924,54.237808796750485,0.3956394176698693,1
310,10.333333333333334,Participant3_RS_SlSl,Endomorph,Normal,slouch,1.0,0.0,0.0,-0.5150316686202644,54.42380925256358,0.4024002146070234,1
311,10.366666666666667,Participant3_RS_SlSl,Endomorph,Normal,slouch,1.0,0.0,0.0,-0.5098966664398856,54.4426487203999,0.402847362729103,1
312,10.4,Participant3_RS_SlSl,Endomorph,Normal,slouch,1.0,0.0,0.0,-0.5345533304585043,53.93062095023261,0.4014128359601845,1
313,10.433333333333334,Participant3_RS_SlSl,Endomorph,Normal,slouch,1.0,0.0,0.0,-0.5154592525707199,53.68629710704659,0.4047639335771116,1
314,10.466666666666669,Participant3_RS_SlSl,Endomorph,Normal,slouch,1.0,0.0,0.0,-0.5539508490423012,54.039947942278566,0.3983187055467105,1
315,10.5,Participant3_RS_SlSl,Endomorph,Normal,slouch,1.0,0.0,0.0,-0.5543038764727628,53.88419436506629,0.4066995622820211,1
316,10.533333333333331,Participant3_RS_SlSl,Endomorph,Normal,slouch,1.0,0.0,0.0,-0.5472772056302078,53.87090109414673,0.4051847536114891,1
317,10.566666666666666,Participant3_RS_SlSl,Endomorph,Normal,slouch,1.0,0.0,0.0,-0.5304991781815631,54.37907585416977,0.3987136761423089,1
318,10.6,Participant3_RS_SlSl,Endomorph,Normal,slouch,1.0,0.0,0.0,-0.5456294593055998,53.800785178892994,0.4010270972805103,1
319,10.633333333333333,Participant3_RS_SlSl,Endomorph,Normal,slouch,1.0,0.0,0.0,-0.5266823205818446,54.3734698681573,0.3983199121359898,1
320,10.666666666666666,Participant3_RS_SlSl,Endomorph,Normal,slouch,1.0,0.0,0.0,-0.5354751035982885,53.64477634382839,0.3971960405919366,1
321,10.7,Participant3_RS_SlSl,Endomorph,Normal,slouch,1.0,0.0,0.0,-0.5676647435096465,52.94021945697962,0.3904343116601515,1
322,10.733333333333333,Participant3_RS_SlSl,Endomorph,Normal,slouch,1.0,0.0,0.0,-0.56445383895091,52.98358276165899,0.3911566919057415,1
323,10.766666666666667,Participant3_RS_SlSl,Endomorph,Normal,slouch,1.0,0.0,0.0,-0.5412211904738102,53.91025731273564,0.395825408849807,1
324,10.8,Participant3_RS_SlSl,Endomorph,Normal,slouch,1.0,0.0,0.0,-0.5331267184473228,54.00888473716937,0.3954706308341817,1
325,10.833333333333334,Participant3_RS_SlSl,Endomorph,Normal,slouch,1.0,0.0,0.0,-0.5057646430438927,53.6101415827985,0.4013102087078282,1
326,10.866666666666667,Participant3_RS_SlSl,Endomorph,Normal,slouch,1.0,0.0,0.0,-0.5062538572720322,53.63172762485312,0.4017997319022351,1
327,10.9,Participant3_RS_SlSl,Endomorph,Normal,slouch,1.0,0.0,0.0,-0.5293532424454077,53.72082810355177,0.4004761098863059,1
328,10.933333333333334,Participant3_RS_SlSl,Endomorph,Normal,slouch,1.0,0.0,0.0,-0.5750612152587549,53.30825212666725,0.4029509197872423,1
329,10.966666666666669,Participant3_RS_SlSl,Endomorph,Normal,slouch,1.0,0.0,0.0,-0.6057394561466383,53.21090212841828,0.4136947534719773,1
330,11.0,Participant3_RS_SlSl,Endomorph,Normal,slouch,1.0,0.0,0.0,-0.5776663208521924,52.59519169896645,0.400912339852829,1
331,11.033333333333331,Participant3_RS_SlSl,Endomorph,Normal,slouch,1.0,0.0,0.0,-0.5720904619418217,53.06488109175515,0.4132255839538623,1
332,11.066666666666666,Participant3_RS_SlSl,Endomorph,Normal,slouch,1.0,0.0,0.0,-0.5442898473944451,52.76818663893008,0.3928631006725226,1
333,11.1,Participant3_RS_SlSl,Endomorph,Normal,slouch,1.0,0.0,0.0,-0.5544572683607067,52.84041295137715,0.3982866826695034,1
334,11.133333333333333,Participant3_RS_SlSl,Endomorph,Normal,slouch,1.0,0.0,0.0,-0.5811396970417031,52.54373700444472,0.3986862656414959,1
335,11.166666666666666,Participant3_RS_SlSl,Endomorph,Normal,slouch,1.0,0.0,0.0,-0.5672721305435626,52.56475640989637,0.3904108850776192,1
336,11.2,Participant3_RS_SlSl,Endomorph,Normal,slouch,1.0,0.0,0.0,-0.513859328581015,52.81511562780116,0.3945517766741637,1
337,11.233333333333333,Participant3_RS_SlSl,Endomorph,Normal,slouch,1.0,0.0,0.0,-0.5217383979681545,52.96124384072499,0.3901962873485073,1
338,11.266666666666667,Participant3_RS_SlSl,Endomorph,Normal,slouch,1.0,0.0,0.0,-0.5045605495298713,52.85513537651191,0.3934810888670112,1
339,11.3,Participant3_RS_SlSl,Endomorph,Normal,slouch,1.0,0.0,0.0,-0.4824689620043531,53.30234934728395,0.3886826034288103,1
340,11.333333333333334,Participant3_RS_SlSl,Endomorph,Normal,slouch,1.0,0.0,0.0,-0.5078230733193762,53.20058632216693,0.3983040160853511,1
341,11.366666666666667,Participant3_RS_SlSl,Endomorph,Normal,slouch,1.0,0.0,0.0,-0.4552010310163497,53.17126535268205,0.3878713162016772,1
342,11.4,Participant3_RS_SlSl,Endomorph,Normal,slouch,1.0,0.0,0.0,-0.5015261712102925,53.05052532737607,0.3875919836327924,1
343,11.433333333333334,Participant3_RS_SlSl,Endomorph,Normal,slouch,1.0,0.0,0.0,-0.5290151429039075,52.82646282330794,0.388156905787019,1
344,11.466666666666669,Participant3_RS_SlSl,Endomorph,Normal,slouch,1.0,0.0,0.0,-0.4655271344221923,53.21974794725316,0.3942933541049532,1
345,11.5,Participant3_RS_SlSl,Endomorph,Normal,slouch,1.0,0.0,0.0,-0.4803772065480853,52.86514565704458,0.3917058766630147,1
346,11.533333333333331,Participant3_RS_SlSl,Endomorph,Normal,slouch,1.0,0.0,0.0,-0.4400459322133173,53.38409036270147,0.3881763524309474,1
347,11.566666666666666,Participant3_RS_SlSl,Endomorph,Normal,slouch,1.0,0.0,0.0,-0.4685280984888398,53.34688589900645,0.384894918879679,1
348,11.6,Participant3_RS_SlSl,Endomorph,Normal,slouch,1.0,0.0,0.0,-0.5443694926749456,53.041320472651165,0.3933682996575723,1
349,11.633333333333333,Participant3_RS_SlSl,Endomorph,Normal,slouch,1.0,0.0,0.0,-0.5297522121958497,53.29274602930096,0.3943453014738185,1
350,11.666666666666666,Participant3_RS_SlSl,Endomorph,Normal,slouch,1.0,0.0,0.0,-0.512411268625333,53.39546588093623,0.3940100082614033,1
351,11.7,Participant3_RS_SlSl,Endomorph,Normal,slouch,1.0,0.0,0.0,-0.5141762151038384,53.2085725480538,0.3991757061111408,1
352,11.733333333333333,Participant3_RS_SlSl,Endomorph,Normal,slouch,1.0,0.0,0.0,-0.4725255404979342,53.45889534232589,0.3953605287399996,1
353,11.766666666666667,Participant3_RS_SlSl,Endomorph,Normal,slouch,1.0,0.0,0.0,-0.4808405929223059,53.78526356287359,0.3980546317018596,1
354,11.8,Participant3_RS_SlSl,Endomorph,Normal,slouch,1.0,0.0,0.0,-0.5358735977462625,53.39735169360066,0.3928358511115039,1
355,11.833333333333334,Participant3_RS_SlSl,Endomorph,Normal,slouch,1.0,0.0,0.0,-0.4470888619685872,53.37775165748945,0.395557397285285,1
356,11.866666666666667,Participant3_RS_SlSl,Endomorph,Normal,slouch,1.0,0.0,0.0,-0.50590364665853,52.63939784717952,0.394313405235082,1
357,11.9,Participant3_RS_SlSl,Endomorph,Normal,slouch,1.0,0.0,0.0,-0.503681879106895,53.15135068887666,0.3983272943933686,1
358,11.933333333333334,Participant3_RS_SlSl,Endomorph,Normal,slouch,1.0,0.0,0.0,-0.539522295854576,52.63554888640201,0.3889032622585509,1
359,11.966666666666669,Participant3_RS_SlSl,Endomorph,Normal,slouch,1.0,0.0,0.0,-0.5119261086673292,52.766580613184246,0.3902266449277564,1
360,12.0,Participant3_RS_SlSl,Endomorph,Normal,slouch,1.0,0.0,0.0,-0.5274609567183617,53.13023379005089,0.4020022338508204,1
361,12.033333333333331,Participant3_RS_SlSl,Endomorph,Normal,slouch,1.0,0.0,0.0,-0.4974750254469366,53.582246018706265,0.3997523714055614,1
362,12.066666666666666,Participant3_RS_SlSl,Endomorph,Normal,slouch,1.0,0.0,0.0,-0.5332328064752894,53.65437154259301,0.4017006052232773,1
363,12.1,Participant3_RS_SlSl,Endomorph,Normal,slouch,1.0,0.0,0.0,-0.5485730284773594,53.28845452649487,0.403940504308451,1
364,12.133333333333333,Participant3_RS_SlSl,Endomorph,Normal,slouch,1.0,0.0,0.0,-0.5054432899882843,53.36778326617094,0.40227887261551,1
365,12.166666666666666,Participant3_RS_SlSl,Endomorph,Normal,slouch,1.0,0.0,0.0,-0.5249182198365587,53.60497372679689,0.4062177860647616,1
366,12.2,Participant3_RS_SlSl,Endomorph,Normal,slouch,1.0,0.0,0.0,-0.4778176971790902,53.29909474092855,0.4011392818784603,1
367,12.233333333333333,Participant3_RS_SlSl,Endomorph,Normal,slouch,1.0,0.0,0.0,-0.4770786675751886,53.62143616101056,0.3996994867651493,1
368,12.266666666666667,Participant3_RS_SlSl,Endomorph,Normal,slouch,1.0,0.0,0.0,-0.5295015275930894,53.6006907938494,0.4017678672500748,1
369,12.3,Participant3_RS_SlSl,Endomorph,Normal,slouch,1.0,0.0,0.0,-0.5245136753530517,53.46812912655498,0.3995149771794835,1
370,12.333333333333334,Participant3_RS_SlSl,Endomorph,Normal,slouch,1.0,0.0,0.0,-0.4843304248472134,53.73265721811385,0.4028902237122489,1
371,12.366666666666667,Participant3_RS_SlSl,Endomorph,Normal,slouch,1.0,0.0,0.0,-0.4934788269707215,53.2319475377773,0.401909260032663,1
372,12.4,Participant3_RS_SlSl,Endomorph,Normal,slouch,1.0,0.0,0.0,-0.5321905408805438,53.35689673047156,0.3885904162939069,1
373,12.433333333333334,Participant3_RS_SlSl,Endomorph,Normal,slouch,1.0,0.0,0.0,-0.5021828316899843,52.99386199977479,0.3927591258415435,1
374,12.466666666666669,Participant3_RS_SlSl,Endomorph,Normal,slouch,1.0,0.0,0.0,-0.5268362328275096,53.70680749690856,0.3935257893413988,1
375,12.5,Participant3_RS_SlSl,Endomorph,Normal,slouch,1.0,0.0,0.0,-0.4878359621254753,54.16798461224359,0.3864647307509546,1
376,12.533333333333331,Participant3_RS_SlSl,Endomorph,Normal,slouch,1.0,0.0,0.0,-0.5908208428865747,53.881147833151104,0.3948008080681562,1
377,12.566666666666666,Participant3_RS_SlSl,Endomorph,Normal,slouch,1.0,0.0,0.0,-0.5913854174261157,53.11288327033058,0.396801064259788,1
378,12.6,Participant3_RS_SlSl,Endomorph,Normal,slouch,1.0,0.0,0.0,-0.5297193541152063,53.52297990931562,0.4026801045432753,1
379,12.633333333333333,Participant3_RS_SlSl,Endomorph,Normal,slouch,1.0,0.0,0.0,-0.5980600313982978,53.41087847005528,0.3948435771512271,1
380,12.666666666666666,Participant3_RS_SlSl,Endomorph,Normal,slouch,1.0,0.0,0.0,-0.563595115297296,52.84678749956067,0.3985391153332009,1
381,12.7,Participant3_RS_SlSl,Endomorph,Normal,slouch,1.0,0.0,0.0,-0.5375027659238867,53.44751803673814,0.4028418055671749,1
382,12.733333333333333,Participant3_RS_SlSl,Endomorph,Normal,slouch,1.0,0.0,0.0,-0.5363087803374926,53.41704503447092,0.4036191911818208,1
383,12.766666666666667,Participant3_RS_SlSl,Endomorph,Normal,slouch,1.0,0.0,0.0,-0.5022939939684037,53.43162074847326,0.4020976315914704,1
384,12.8,Participant3_RS_SlSl,Endomorph,Normal,slouch,1.0,0.0,0.0,-0.504081497070644,53.372696316930686,0.4023097903531885,1
385,12.833333333333334,Participant3_RS_SlSl,Endomorph,Normal,slouch,1.0,0.0,0.0,-0.5006335940763951,52.84144411443521,0.4040639953194285,1
386,12.866666666666667,Participant3_RS_SlSl,Endomorph,Normal,slouch,1.0,0.0,0.0,-0.4948241312431822,53.67893488012526,0.4075364454785556,1
387,12.9,Participant3_RS_SlSl,Endomorph,Normal,slouch,1.0,0.0,0.0,-0.5025868612168034,53.11967951575307,0.3978093399423726,1
388,12.933333333333334,Participant3_RS_SlSl,Endomorph,Normal,slouch,1.0,0.0,0.0,-0.5259519849904937,53.29208731711218,0.4031776548743493,1
389,12.966666666666669,Participant3_RS_SlSl,Endomorph,Normal,slouch,1.0,0.0,0.0,-0.4716986120197441,53.51787304962362,0.3939526004851976,1
390,13.0,Participant3_RS_SlSl,Endomorph,Normal,slouch,1.0,0.0,0.0,-0.5231365927670978,53.49680772846968,0.4119241230208063,1
391,13.033333333333331,Participant3_RS_SlSl,Endomorph,Normal,slouch,1.0,0.0,0.0,-0.5120410783432086,53.26185277484026,0.4182318055591024,1
392,13.066666666666666,Participant3_RS_SlSl,Endomorph,Normal,slouch,1.0,0.0,0.0,-0.488799446051684,54.247691825350216,0.4030463866783402,1
393,13.1,Participant3_RS_SlSl,Endomorph,Normal,slouch,1.0,0.0,0.0,-0.5057903296073978,53.114786176020566,0.4027697192730375,1
394,13.133333333333333,Participant3_RS_SlSl,Endomorph,Normal,slouch,1.0,0.0,0.0,-0.4925029481471462,53.617606257922304,0.4070204465757322,1
395,13.166666666666666,Participant3_RS_SlSl,Endomorph,Normal,slouch,1.0,0.0,0.0,-0.4748181941627347,53.23328405554676,0.4073914896567585,1
396,13.2,Participant3_RS_SlSl,Endomorph,Normal,slouch,1.0,0.0,0.0,-0.4914330658571446,53.489638369068864,0.3996442297097852,1
397,13.233333333333333,Participant3_RS_SlSl,Endomorph,Normal,slouch,1.0,0.0,0.0,-0.5023930111945014,53.95358417515329,0.3907132895863523,1
398,13.266666666666667,Participant3_RS_SlSl,Endomorph,Normal,slouch,1.0,0.0,0.0,-0.5017470446184429,53.8498978109909,0.4007994285129659,1
399,13.3,Participant3_RS_SlSl,Endomorph,Normal,slouch,1.0,0.0,0.0,-0.5188177304182953,53.23040130445268,0.403903358332093,1
400,13.333333333333334,Participant3_RS_SlSl,Endomorph,Normal,slouch,1.0,0.0,0.0,-0.5058557508952285,53.45152695051738,0.4021671015883852,1
401,13.366666666666667,Participant3_RS_SlSl,Endomorph,Normal,slouch,1.0,0.0,0.0,-0.505595721023675,53.22103108536357,0.3998700664699722,1
402,13.4,Participant3_RS_SlSl,Endomorph,Normal,slouch,1.0,0.0,0.0,-0.5356509565301977,53.36870420884313,0.39659247755768,1
403,13.433333333333334,Participant3_RS_SlSl,Endomorph,Normal,slouch,1.0,0.0,0.0,-0.5016576618347541,53.55083625503055,0.4036273658253852,1
404,13.466666666666669,Participant3_RS_SlSl,Endomorph,Normal,slouch,1.0,0.0,0.0,-0.5216988815248431,53.369585018613215,0.403719245999773,1
405,13.5,Participant3_RS_SlSl,Endomorph,Normal,slouch,1.0,0.0,0.0,-0.5423807772981089,54.76581317552177,0.3997678846553067,1
406,13.533333333333331,Participant3_RS_SlSl,Endomorph,Normal,slouch,1.0,0.0,0.0,-0.5138273385975157,54.182978648924944,0.4054462676362487,1
407,13.566666666666666,Participant3_RS_SlSl,Endomorph,Normal,slouch,1.0,0.0,0.0,-0.5965721121715306,53.66184116680414,0.4072228846761543,1
408,13.6,Participant3_RS_SlSl,Endomorph,Normal,slouch,1.0,0.0,0.0,-0.4819772453143571,53.377464352584845,0.4069293070744085,1
409,13.633333333333333,Participant3_RS_SlSl,Endomorph,Normal,slouch,1.0,0.0,0.0,-0.4816032233081074,53.73265155757737,0.4052792567622481,1
410,13.666666666666666,Participant3_RS_SlSl,Endomorph,Normal,slouch,1.0,0.0,0.0,-0.455125275161347,53.19492183812658,0.3987529418451455,1
411,13.7,Participant3_RS_SlSl,Endomorph,Normal,slouch,1.0,0.0,0.0,-0.4697719088810249,54.228564940360464,0.4002787269866498,1
412,13.733333333333333,Participant3_RS_SlSl,Endomorph,Normal,slouch,1.0,0.0,0.0,-0.4324135030300589,53.64932645977811,0.394304541665914,1
413,13.766666666666667,Participant3_RS_SlSl,Endomorph,Normal,slouch,1.0,0.0,0.0,-0.4424229369244064,53.653665956234086,0.3976121956334988,1
414,13.8,Participant3_RS_SlSl,Endomorph,Normal,slouch,1.0,0.0,0.0,-0.4326474896034404,53.31151118755607,0.4000846295326122,1
415,13.833333333333334,Participant3_RS_SlSl,Endomorph,Normal,slouch,1.0,0.0,0.0,-0.4410957856513243,53.477268476854114,0.4003166433706864,1
416,13.866666666666667,Participant3_RS_SlSl,Endomorph,Normal,slouch,1.0,0.0,0.0,-0.4988550265320207,53.52004326862527,0.4281782364111409,1
417,13.9,Participant3_RS_SlSl,Endomorph,Normal,slouch,1.0,0.0,0.0,-0.5471301756410264,52.08601188727259,0.4087250456889284,1
418,13.933333333333334,Participant3_RS_SlSl,Endomorph,Normal,slouch,1.0,0.0,0.0,-0.5073007348302838,52.9087057381385,0.41140722818867,1
419,13.966666666666669,Participant3_RS_SlSl,Endomorph,Normal,slouch,1.0,0.0,0.0,-0.4357081714941357,52.70434797101846,0.4039858234263075,1
420,14.0,Participant3_RS_SlSl,Endomorph,Normal,slouch,1.0,0.0,0.0,-0.4551428689307403,54.41403388573665,0.414123574007404,1
421,14.033333333333331,Participant3_RS_SlSl,Endomorph,Normal,slouch,1.0,0.0,0.0,-0.4284328535266598,53.79771432155898,0.4155079329431763,1
422,14.066666666666666,Participant3_RS_SlSl,Endomorph,Normal,slouch,1.0,0.0,0.0,-0.4963508518220449,53.65045850179913,0.4214764031751306,1
423,14.1,Participant3_RS_SlSl,Endomorph,Normal,slouch,1.0,0.0,0.0,-0.4610078911123478,53.31167180023427,0.4223760099731667,1
424,14.133333333333333,Participant3_RS_SlSl,Endomorph,Normal,slouch,1.0,0.0,0.0,-0.5346605388526996,53.612632159203606,0.4171367233882254,1
425,14.166666666666666,Participant3_RS_SlSl,Endomorph,Normal,slouch,1.0,0.0,0.0,-0.5400632259873852,53.24339852829095,0.4173596561217468,1
426,14.2,Participant3_RS_SlSl,Endomorph,Normal,slouch,1.0,0.0,0.0,-0.5138875883260866,53.559288081140366,0.4113890732259603,1
427,14.233333333333333,Participant3_RS_SlSl,Endomorph,Normal,slouch,1.0,0.0,0.0,-0.51749827830869,53.50356053958156,0.419285872680651,1
428,14.266666666666667,Participant3_RS_SlSl,Endomorph,Normal,slouch,1.0,0.0,0.0,-0.4568077765774339,53.02707486390068,0.4219813016892691,1
429,14.3,Participant3_RS_SlSl,Endomorph,Normal,slouch,1.0,0.0,0.0,-0.4670130455448746,52.93648751145498,0.4216792958416569,1
430,14.333333333333334,Participant3_RS_SlSl,Endomorph,Normal,slouch,1.0,0.0,0.0,-0.5267514239157889,52.34594215660441,0.4114190063343244,1
431,14.366666666666667,Participant3_RS_SlSl,Endomorph,Normal,slouch,1.0,0.0,0.0,-0.4544157329903947,53.00791393591893,0.4159425404763686,1
432,14.4,Participant3_RS_SlSl,Endomorph,Normal,slouch,1.0,0.0,0.0,-0.4333803143795931,53.2179224346499,0.4102568981312957,1
433,14.433333333333334,Participant3_RS_SlSl,Endomorph,Normal,slouch,1.0,0.0,0.0,-0.4877956628961549,53.05796731561,0.4026916198046006,1
434,14.466666666666669,Participant3_RS_SlSl,Endomorph,Normal,slouch,1.0,0.0,0.0,-0.4779316633788919,53.28150150692824,0.3980312154997102,1
435,14.5,Participant3_RS_SlSl,Endomorph,Normal,slouch,1.0,0.0,0.0,-0.4874199638221945,53.22285022789936,0.4025920614698871,1
436,14.533333333333331,Participant3_RS_SlSl,Endomorph,Normal,slouch,1.0,0.0,0.0,-0.5194962357687074,53.16664626443969,0.4090820639056013,1
437,14.566666666666666,Participant3_RS_SlSl,Endomorph,Normal,slouch,1.0,0.0,0.0,-0.4580948596851117,52.4495058377371,0.4088044265907449,1
438,14.6,Participant3_RS_SlSl,Endomorph,Normal,slouch,1.0,0.0,0.0,-0.469251564599172,53.87919811294219,0.413682696403609,1
439,14.633333333333333,Participant3_RS_SlSl,Endomorph,Normal,slouch,1.0,0.0,0.0,-0.491391053837413,53.86884181104604,0.4038390627641725,1
440,14.666666666666666,Participant3_RS_SlSl,Endomorph,Normal,slouch,1.0,0.0,0.0,-0.4873136852739312,54.19923977035325,0.4053491864929487,1
441,14.7,Participant3_RS_SlSl,Endomorph,Normal,slouch,1.0,0.0,0.0,-0.5137313432721756,54.10573435074209,0.4063779064745264,1
442,14.733333333333333,Participant3_RS_SlSl,Endomorph,Normal,slouch,1.0,0.0,0.0,-0.5022758261959276,54.24335165637553,0.4055812993986185,1
443,14.766666666666667,Participant3_RS_SlSl,Endomorph,Normal,slouch,1.0,0.0,0.0,-0.4868437601161332,54.13822379688257,0.4111655389540917,1
444,14.8,Participant3_RS_SlSl,Endomorph,Normal,slouch,1.0,0.0,0.0,-0.4035197635390595,54.3275826014804,0.4076988589251938,1
445,14.833333333333334,Participant3_RS_SlSl,Endomorph,Normal,slouch,1.0,0.0,0.0,-0.4692786254160663,54.11332757605079,0.411134387286075,1
446,14.866666666666667,Participant3_RS_SlSl,Endomorph,Normal,slouch,1.0,0.0,0.0,-0.4660750496380562,54.355843122541074,0.4086239570244568,1
447,14.9,Participant3_RS_SlSl,Endomorph,Normal,slouch,1.0,0.0,0.0,-0.507431866502408,54.291694262333365,0.4115339301063977,1
448,14.933333333333334,Participant3_RS_SlSl,Endomorph,Normal,slouch,1.0,0.0,0.0,-0.5136215426190829,54.45198222205395,0.4060980943373934,1
449,14.966666666666669,Participant3_RS_SlSl,Endomorph,Normal,slouch,1.0,0.0,0.0,-0.4916575858492609,54.014225167918966,0.4102674489917703,1
450,15.0,Participant3_RS_SlSl,Endomorph,Normal,slouch,1.0,0.0,0.0,-0.4872908071099582,53.98622412269248,0.4066656160332602,1
451,15.033333333333331,Participant3_RS_SlSl,Endomorph,Normal,slouch,1.0,0.0,0.0,-0.502742993301681,53.21561208892238,0.411498154528938,1
452,15.066666666666666,Participant3_RS_SlSl,Endomorph,Normal,slouch,1.0,0.0,0.0,-0.4914274170682644,53.20262101907513,0.4122765201413267,1
453,15.1,Participant3_RS_SlSl,Endomorph,Normal,slouch,1.0,0.0,0.0,-0.5046208016040612,53.93143608520835,0.4025421744982039,1
454,15.133333333333333,Participant3_RS_SlSl,Endomorph,Normal,slouch,1.0,0.0,0.0,-0.4727361166911474,53.738869653713735,0.4092202315961071,1
455,15.166666666666666,Participant3_RS_SlSl,Endomorph,Normal,slouch,1.0,0.0,0.0,-0.4855739504369841,54.07022163816576,0.4138082811991421,1
456,15.2,Participant3_RS_SlSl,Endomorph,Normal,slouch,1.0,0.0,0.0,-0.491486149061584,54.30436134960032,0.4108586315843887,1
457,15.233333333333333,Participant3_RS_SlSl,Endomorph,Normal,slouch,1.0,0.0,0.0,-0.4824504039908114,53.68727280785641,0.4173079102534799,1
458,15.266666666666667,Participant3_RS_SlSl,Endomorph,Normal,slouch,1.0,0.0,0.0,-0.492684992486558,53.13539739100933,0.4158779220214444,1
459,15.3,Participant3_RS_SlSl,Endomorph,Normal,slouch,1.0,0.0,0.0,-0.4920591220378358,53.11649370365958,0.4176131030700489,1
460,15.333333333333334,Participant3_RS_SlSl,Endomorph,Normal,slouch,1.0,0.0,0.0,-0.496260509554407,54.74464800429734,0.412284218498433,1
461,15.366666666666667,Participant3_RS_SlSl,Endomorph,Normal,slouch,1.0,0.0,0.0,-0.4465209580772854,54.76519904632662,0.4000977984511916,1
462,15.4,Participant3_RS_SlSl,Endomorph,Normal,slouch,1.0,0.0,0.0,-0.4407743946652375,54.67105605072962,0.4012330772968988,1
463,15.433333333333334,Participant3_RS_SlSl,Endomorph,Normal,slouch,1.0,0.0,0.0,-0.4564290300620904,54.95845593406679,0.402191969628382,1
464,15.466666666666669,Participant3_RS_SlSl,Endomorph,Normal,slouch,1.0,0.0,0.0,-0.4746782327703008,55.38006028995922,0.4013621224668288,1
465,15.5,Participant3_RS_SlSl,Endomorph,Normal,slouch,1.0,0.0,0.0,-0.5233506280827631,54.82534510247673,0.404772192217427,1
466,15.533333333333331,Participant3_RS_SlSl,Endomorph,Normal,slouch,1.0,0.0,0.0,-0.4373519926724818,54.71080998562139,0.4032744452578674,1
467,15.566666666666666,Participant3_RS_SlSl,Endomorph,Normal,slouch,1.0,0.0,0.0,-0.4359418365303682,54.64986015239618,0.3997337528151665,1
468,15.6,Participant3_RS_SlSl,Endomorph,Normal,slouch,1.0,0.0,0.0,-0.4779157441599835,54.60276351846096,0.4023943727037806,1
469,15.633333333333333,Participant3_RS_SlSl,Endomorph,Normal,slouch,1.0,0.0,0.0,-0.4857439283685212,54.5987476880138,0.3989801559736196,1
470,15.666666666666666,Participant3_RS_SlSl,Endomorph,Normal,slouch,1.0,0.0,0.0,-0.4649867030400758,54.58544304302251,0.3988010071565972,1
471,15.7,Participant3_RS_SlSl,Endomorph,Normal,slouch,1.0,0.0,0.0,-0.5094307047005197,54.84860658644207,0.4039606312683693,1
472,15.733333333333333,Participant3_RS_SlSl,Endomorph,Normal,slouch,1.0,0.0,0.0,-0.4271827133320828,54.573443324214814,0.4038162701435333,1
473,15.766666666666667,Participant3_RS_SlSl,Endomorph,Normal,slouch,1.0,0.0,0.0,-0.4452613875565824,54.52567491509392,0.4095038851066391,1
474,15.8,Participant3_RS_SlSl,Endomorph,Normal,slouch,1.0,0.0,0.0,-0.4587650367968036,53.68647703069623,0.4159793176088097,1
475,15.833333333333334,Participant3_RS_SlSl,Endomorph,Normal,slouch,1.0,0.0,0.0,-0.4684579879471845,53.576231232286034,0.4154682534494925,1
476,15.866666666666667,Participant3_RS_SlSl,Endomorph,Normal,slouch,1.0,0.0,0.0,-0.4850329852099074,54.06215125924873,0.4108293351320446,1
477,15.9,Participant3_RS_SlSl,Endomorph,Normal,slouch,1.0,0.0,0.0,-0.4168838986478005,54.87502828644137,0.401983467823821,1
478,15.933333333333334,Participant3_RS_SlSl,Endomorph,Normal,slouch,1.0,0.0,0.0,-0.4216498184798303,54.96156544884734,0.4009287942300082,1
479,15.966666666666669,Participant3_RS_SlSl,Endomorph,Normal,slouch,1.0,0.0,0.0,-0.4639599265790881,54.32102483027703,0.4161025523972025,1
480,16.0,Participant3_RS_SlSl,Endomorph,Normal,slouch,1.0,0.0,0.0,-0.4299845466982961,55.00413310303354,0.4218787180904598,1
481,16.033333333333335,Participant3_RS_SlSl,Endomorph,Normal,slouch,1.0,0.0,0.0,-0.4276861012867325,54.54036581577039,0.4114507862385547,1
482,16.066666666666666,Participant3_RS_SlSl,Endomorph,Normal,slouch,1.0,0.0,0.0,-0.4157250476962886,55.72108877154032,0.4041614320465022,1
483,16.1,Participant3_RS_SlSl,Endomorph,Normal,slouch,1.0,0.0,0.0,-0.4261643909490681,55.055278822160815,0.4087115837964221,1
484,16.133333333333333,Participant3_RS_SlSl,Endomorph,Normal,slouch,1.0,0.0,0.0,-0.3989936258162428,54.27929086392872,0.413664454831431,1
485,16.166666666666668,Participant3_RS_SlSl,Endomorph,Normal,slouch,1.0,0.0,0.0,-0.4399853118826592,55.03760447830836,0.3989415648218809,1
486,16.2,Participant3_RS_SlSl,Endomorph,Normal,slouch,1.0,0.0,0.0,-0.4007921296696838,55.54740284149467,0.4058428046591356,1
487,16.233333333333334,Participant3_RS_SlSl,Endomorph,Normal,slouch,1.0,0.0,0.0,-0.492180178306689,54.74868291076864,0.4123781029257843,1
488,16.266666666666666,Participant3_RS_SlSl,Endomorph,Normal,slouch,1.0,0.0,0.0,-0.4573261612664712,54.721616221128926,0.4047562139771103,1
489,16.3,Participant3_RS_SlSl,Endomorph,Normal,slouch,1.0,0.0,0.0,-0.4279987161635962,54.81478820617331,0.4178509877080592,1
490,16.333333333333332,Participant3_RS_SlSl,Endomorph,Normal,slouch,1.0,0.0,0.0,-0.448159669596215,55.03177118227409,0.4133743331704473,1
491,16.366666666666667,Participant3_RS_SlSl,Endomorph,Normal,slouch,1.0,0.0,0.0,-0.4551478544109081,54.863295326021934,0.4141807718819387,1
492,16.4,Participant3_RS_SlSl,Endomorph,Normal,slouch,1.0,0.0,0.0,-0.4306866277576422,54.53642471186338,0.4171082013913282,1
493,16.433333333333334,Participant3_RS_SlSl,Endomorph,Normal,slouch,1.0,0.0,0.0,-0.3823252635306854,54.6145534201734,0.4135545651457827,1
494,16.466666666666665,Participant3_RS_SlSl,Endomorph,Normal,slouch,1.0,0.0,0.0,-0.4488923805062855,53.39410220888532,0.4064971258170817,1
495,16.5,Participant3_RS_SlSl,Endomorph,Normal,slouch,1.0,0.0,0.0,-0.4522028184037382,55.00718530393965,0.4062518952937086,1
496,16.533333333333335,Participant3_RS_SlSl,Endomorph,Normal,slouch,1.0,0.0,0.0,-0.4358116765117265,53.53659590022385,0.4109937820891932,1
497,16.566666666666666,Participant3_RS_SlSl,Endomorph,Normal,slouch,1.0,0.0,0.0,-0.442322474134031,54.123459445249104,0.3954889275631778,1
498,16.6,Participant3_RS_SlSl,Endomorph,Normal,slouch,1.0,0.0,0.0,-0.4342359567833722,54.85482246214468,0.3940861553056577,1
499,16.633333333333333,Participant3_RS_SlSl,Endomorph,Normal,slouch,1.0,0.0,0.0,-0.4383506228298508,53.64563799657709,0.397811308065071,1
500,16.666666666666668,Participant3_RS_SlSl,Endomorph,Normal,slouch,1.0,0.0,0.0,-0.395071579510496,53.2820203245441,0.3996422205578463,1
501,16.7,Participant3_RS_SlSl,Endomorph,Normal,slouch,1.0,0.0,0.0,-0.3989487597771981,53.25787216430948,0.3985918606991389,1
502,16.733333333333334,Participant3_RS_SlSl,Endomorph,Normal,slouch,1.0,0.0,0.0,-0.4065553563807971,53.31863499176704,0.3980903261517412,1
503,16.766666666666666,Participant3_RS_SlSl,Endomorph,Normal,slouch,1.0,0.0,0.0,-0.4394347542448495,52.5188105773358,0.3908468708330391,1
504,16.8,Participant3_RS_SlSl,Endomorph,Normal,slouch,1.0,0.0,0.0,-0.4391387643244784,52.83821148573892,0.3982735416632653,1
505,16.833333333333332,Participant3_RS_SlSl,Endomorph,Normal,slouch,1.0,0.0,0.0,-0.3883155113311306,53.32516332304519,0.3939341663157508,1
506,16.866666666666667,Participant3_RS_SlSl,Endomorph,Normal,slouch,1.0,0.0,0.0,-0.3785837852121111,52.77045428863868,0.3947229138584138,1
507,16.9,Participant3_RS_SlSl,Endomorph,Normal,slouch,1.0,0.0,0.0,-0.3985139129216278,54.22342694988821,0.3917568341342811,1
508,16.933333333333334,Participant3_RS_SlSl,Endomorph,Normal,slouch,1.0,0.0,0.0,-0.401147022673379,54.22003552671893,0.393929188541588,1
509,16.966666666666665,Participant3_RS_SlSl,Endomorph,Normal,slouch,1.0,0.0,0.0,-0.4187994231601188,53.94105025643519,0.3950747979706486,1
510,17.0,Participant3_RS_SlSl,Endomorph,Normal,slouch,1.0,0.0,0.0,-0.4218353935692069,54.15974935303359,0.390675308545842,1
511,17.033333333333335,Participant3_RS_SlSl,Endomorph,Normal,slouch,1.0,0.0,0.0,-0.4435917265803203,53.62333253462834,0.3974296974139553,1
512,17.066666666666666,Participant3_RS_SlSl,Endomorph,Normal,slouch,1.0,0.0,0.0,-0.4163438283073041,53.99367243601965,0.3971335894363451,1
513,17.1,Participant3_RS_SlSl,Endomorph,Normal,slouch,1.0,0.0,0.0,-0.4342767326254624,53.14910665165642,0.4021341836658075,1
514,17.133333333333333,Participant3_RS_SlSl,Endomorph,Normal,slouch,1.0,0.0,0.0,-0.5109243088748842,53.46060210368297,0.4057361598483671,1
515,17.166666666666668,Participant3_RS_SlSl,Endomorph,Normal,slouch,1.0,0.0,0.0,-0.4969298627049856,53.204637271209165,0.4096338444602584,1
516,17.2,Participant3_RS_SlSl,Endomorph,Normal,slouch,1.0,0.0,0.0,-0.4845775027825135,53.28707328241372,0.3968395360736049,1
517,17.233333333333334,Participant3_RS_SlSl,Endomorph,Normal,slouch,1.0,0.0,0.0,-0.4901980637657649,52.92040865521406,0.4006562447663352,1
518,17.266666666666666,Participant3_RS_SlSl,Endomorph,Normal,slouch,1.0,0.0,0.0,-0.4694925161705794,53.0000552068576,0.3979887474350579,1
519,17.3,Participant3_RS_SlSl,Endomorph,Normal,slouch,1.0,0.0,0.0,-0.485793917700477,53.1645045615061,0.4046629537772433,1
520,17.333333333333332,Participant3_RS_SlSl,Endomorph,Normal,slouch,1.0,0.0,0.0,-0.4349336907583722,53.03513796340916,0.4003395318390639,1
521,17.366666666666667,Participant3_RS_SlSl,Endomorph,Normal,slouch,1.0,0.0,0.0,-0.4624926456232796,53.0540895085402,0.3963086510824174,1
522,17.4,Participant3_RS_SlSl,Endomorph,Normal,slouch,1.0,0.0,0.0,-0.4667060566994322,53.16036281642471,0.3980227791383475,1
523,17.433333333333334,Participant3_RS_SlSl,Endomorph,Normal,slouch,1.0,0.0,0.0,-0.465641968408987,52.95927908497215,0.3957445794435317,1
524,17.466666666666665,Participant3_RS_SlSl,Endomorph,Normal,slouch,1.0,0.0,0.0,-0.5339598090796147,53.32750068625685,0.4036439851565466,1
525,17.5,Participant3_RS_SlSl,Endomorph,Normal,slouch,1.0,0.0,0.0,-0.5615434808866309,53.19781940489382,0.3997805540934588,1
526,17.533333333333335,Participant3_RS_SlSl,Endomorph,Normal,slouch,1.0,0.0,0.0,-0.5537769865226594,51.95780386063884,0.3955357377822898,1
527,17.566666666666666,Participant3_RS_SlSl,Endomorph,Normal,slouch,1.0,0.0,0.0,-0.502231478179964,53.765916736491896,0.3872809533462776,1
528,17.6,Participant3_RS_SlSl,Endomorph,Normal,slouch,1.0,0.0,0.0,-0.544188929629958,52.3365301377889,0.3950617582814438,1
529,17.633333333333333,Participant3_RS_SlSl,Endomorph,Normal,slouch,1.0,0.0,0.0,-0.4446859752722093,53.13901230960751,0.395528602624132,1
530,17.666666666666668,Participant3_RS_SlSl,Endomorph,Normal,slouch,1.0,0.0,0.0,-0.5030413022251334,53.917701044135846,0.3982506862984933,1
531,17.7,Participant3_RS_SlSl,Endomorph,Normal,slouch,1.0,0.0,0.0,-0.4380399026548197,54.33590833364141,0.3967607543451916,1
532,17.733333333333334,Participant3_RS_SlSl,Endomorph,Normal,slouch,1.0,0.0,0.0,-0.4361976771119069,54.56969007060132,0.3978609602713694,1
533,17.766666666666666,Participant3_RS_SlSl,Endomorph,Normal,slouch,1.0,0.0,0.0,-0.4320400611019522,53.64562215770671,0.3884205868413279,1
534,17.8,Participant3_RS_SlSl,Endomorph,Normal,slouch,1.0,0.0,0.0,-0.4802900332466489,54.00267440399479,0.3983685595221717,1
535,17.833333333333332,Participant3_RS_SlSl,Endomorph,Normal,slouch,1.0,0.0,0.0,-0.4553395219523144,53.9937656307095,0.3793509856577571,1
536,17.866666666666667,Participant3_RS_SlSl,Endomorph,Normal,slouch,1.0,0.0,0.0,-0.4540518722730885,54.17054933928215,0.3766409919215481,1
537,17.9,Participant3_RS_SlSl,Endomorph,Normal,slouch,1.0,0.0,0.0,-0.4804136909105315,54.41736287859437,0.3978837993868589,1
538,17.933333333333334,Participant3_RS_SlSl,Endomorph,Normal,slouch,1.0,0.0,0.0,-0.465247853241384,53.186924866245214,0.3808223560019166,1
539,17.966666666666665,Participant3_RS_SlSl,Endomorph,Normal,slouch,1.0,0.0,0.0,-0.4501588505828735,53.4131504305211,0.3829754862916376,1
540,18.0,Participant3_RS_SlSl,Endomorph,Normal,slouch,1.0,0.0,0.0,-0.5547872593643182,52.79205735697979,0.3902031975317783,1
541,18.03333333333333,Participant3_RS_SlSl,Endomorph,Normal,slouch,1.0,0.0,0.0,-0.5033698017568895,53.70543003097644,0.3914489321683778,1
542,18.066666666666663,Participant3_RS_SlSl,Endomorph,Normal,slouch,1.0,0.0,0.0,-0.4833237990844944,53.590282996844735,0.389350370797576,1
543,18.1,Participant3_RS_SlSl,Endomorph,Normal,slouch,1.0,0.0,0.0,-0.5724136893867282,53.4322012499632,0.3908247855092008,1
544,18.133333333333333,Participant3_RS_SlSl,Endomorph,Normal,slouch,1.0,0.0,0.0,-0.4755396447622713,53.56635853689245,0.3799854348508812,1
545,18.166666666666668,Participant3_RS_SlSl,Endomorph,Normal,slouch,1.0,0.0,0.0,-0.4758173768755034,53.678921271444935,0.3680228977827298,1
546,18.2,Participant3_RS_SlSl,Endomorph,Normal,slouch,1.0,0.0,0.0,-0.4043121521048907,54.26123903240636,0.3757142970641229,1
547,18.23333333333333,Participant3_RS_SlSl,Endomorph,Normal,slouch,1.0,0.0,0.0,-0.3969826502153192,54.07761714850148,0.3731218136438343,1
548,18.266666666666666,Participant3_RS_SlSl,Endomorph,Normal,slouch,1.0,0.0,0.0,-0.4157243912253511,53.943482629064434,0.3743548105418452,1
549,18.3,Participant3_RS_SlSl,Endomorph,Normal,slouch,1.0,0.0,0.0,-0.4064804999592428,54.06984622574294,0.3773501230905244,1
550,18.33333333333333,Participant3_RS_SlSl,Endomorph,Normal,slouch,1.0,0.0,0.0,-0.4274582893776355,54.49285762213173,0.3913428242888972,1
551,18.366666666666667,Participant3_RS_SlSl,Endomorph,Normal,slouch,1.0,0.0,0.0,-0.4236311828113027,53.8380056117162,0.3790170573522581,1
552,18.4,Participant3_RS_SlSl,Endomorph,Normal,slouch,1.0,0.0,0.0,-0.4178850449532119,54.30426025159113,0.3809449264610655,1
553,18.433333333333334,Participant3_RS_SlSl,Endomorph,Normal,slouch,1.0,0.0,0.0,-0.3802248342327475,54.22767505940512,0.3784626140738806,1
554,18.466666666666665,Participant3_RS_SlSl,Endomorph,Normal,slouch,1.0,0.0,0.0,-0.3737943903345754,54.666922170436045,0.3845328894290995,1
555,18.5,Participant3_RS_SlSl,Endomorph,Normal,slouch,1.0,0.0,0.0,-0.3540161298847954,54.66171118134869,0.375656983647979,1
556,18.53333333333333,Participant3_RS_SlSl,Endomorph,Normal,slouch,1.0,0.0,0.0,-0.3687394906413057,54.64010148529435,0.374008460892952,1
557,18.566666666666663,Participant3_RS_SlSl,Endomorph,Normal,slouch,1.0,0.0,0.0,-0.3991148364350575,54.99411950311463,0.3806314925396654,1
558,18.6,Participant3_RS_SlSl,Endomorph,Normal,slouch,1.0,0.0,0.0,-0.4132590786761247,55.47109437173821,0.3688351053359597,1
559,18.633333333333333,Participant3_RS_SlSl,Endomorph,Normal,slouch,1.0,0.0,0.0,-0.4310879852312037,54.08576250505343,0.3857966915766426,1
560,18.666666666666668,Participant3_RS_SlSl,Endomorph,Normal,slouch,1.0,0.0,0.0,-0.3935645714334267,54.21859698259954,0.377436699087902,1
561,18.7,Participant3_RS_SlSl,Endomorph,Normal,slouch,1.0,0.0,0.0,-0.3975372020692627,54.4674909955247,0.3792810086599876,1
562,18.73333333333333,Participant3_RS_SlSl,Endomorph,Normal,slouch,1.0,0.0,0.0,-0.4122660542974203,53.89665931529769,0.383085608884712,1
563,18.766666666666666,Participant3_RS_SlSl,Endomorph,Normal,slouch,1.0,0.0,0.0,-0.413075193291142,54.52351490948762,0.375744725789607,1
564,18.8,Participant3_RS_SlSl,Endomorph,Normal,slouch,1.0,0.0,0.0,-0.4542656863001544,54.075081061895865,0.3813474692729776,1
565,18.83333333333333,Participant3_RS_SlSl,Endomorph,Normal,slouch,1.0,0.0,0.0,-0.4033966187201458,54.92144014954554,0.3864553829444769,1
566,18.866666666666667,Participant3_RS_SlSl,Endomorph,Normal,slouch,1.0,0.0,0.0,-0.4462587239237354,54.93318708678766,0.3867856959310557,1
567,18.9,Participant3_RS_SlSl,Endomorph,Normal,slouch,1.0,0.0,0.0,-0.4409996561639117,54.13669166655505,0.3852026749916249,1
568,18.933333333333334,Participant3_RS_SlSl,Endomorph,Normal,slouch,1.0,0.0,0.0,-0.4317783632010796,54.09599415201021,0.3850482545029728,1
569,18.966666666666665,Participant3_RS_SlSl,Endomorph,Normal,slouch,1.0,0.0,0.0,-0.4659359329074117,55.08701227795958,0.3854602233654125,1
570,19.0,Participant3_RS_SlSl,Endomorph,Normal,slouch,1.0,0.0,0.0,-0.3921146665069178,55.01901254960065,0.3751261934414499,1
571,19.03333333333333,Participant3_RS_SlSl,Endomorph,Normal,slouch,1.0,0.0,0.0,-0.4124469727460036,54.99687134256463,0.383871782090618,1
572,19.066666666666663,Participant3_RS_SlSl,Endomorph,Normal,slouch,1.0,0.0,0.0,-0.3906287975584708,55.39000969413401,0.3746976989561118,1
573,19.1,Participant3_RS_SlSl,Endomorph,Normal,slouch,1.0,0.0,0.0,-0.4120218228016058,53.98928966246793,0.3781527122438542,1
574,19.133333333333333,Participant3_RS_SlSl,Endomorph,Normal,slouch,1.0,0.0,0.0,-0.3947875179546959,54.99384061245551,0.3674747788025109,1
575,19.166666666666668,Participant3_RS_SlSl,Endomorph,Normal,slouch,1.0,0.0,0.0,-0.4303509770363682,53.96840712382239,0.3876551830167578,1
576,19.2,Participant3_RS_SlSl,Endomorph,Normal,slouch,1.0,0.0,0.0,-0.425818179057715,53.40656778941667,0.3847448522696831,1
577,19.23333333333333,Participant3_RS_SlSl,Endomorph,Normal,slouch,1.0,0.0,0.0,-0.4543002113187274,53.83353563447343,0.382665534966772,1
578,19.266666666666666,Participant3_RS_SlSl,Endomorph,Normal,slouch,1.0,0.0,0.0,-0.4765221051522761,54.09390196216715,0.3840677541426807,1
579,19.3,Participant3_RS_SlSl,Endomorph,Normal,slouch,1.0,0.0,0.0,-0.4896091318140632,53.801349870403655,0.3770379295758747,1
580,19.33333333333333,Participant3_RS_SlSl,Endomorph,Normal,slouch,1.0,0.0,0.0,-0.4997374795679159,52.91354665162201,0.384327628455761,1
581,19.366666666666667,Participant3_RS_SlSl,Endomorph,Normal,slouch,1.0,0.0,0.0,-0.4851186885141295,53.218353808003215,0.3771979784990124,1
582,19.4,Participant3_RS_SlSl,Endomorph,Normal,slouch,1.0,0.0,0.0,-0.5049429471668749,54.6795872963183,0.3732703237519855,1
583,19.433333333333334,Participant3_RS_SlSl,Endomorph,Normal,slouch,1.0,0.0,0.0,-0.4935344342762546,54.6283753681352,0.3741290124363098,1
584,19.466666666666665,Participant3_RS_SlSl,Endomorph,Normal,slouch,1.0,0.0,0.0,-0.4614722507285032,53.10443877271088,0.3752933467258137,1
585,19.5,Participant3_RS_SlSl,Endomorph,Normal,slouch,1.0,0.0,0.0,-0.4073852613165311,54.29528612748529,0.3763010630475359,1
586,19.53333333333333,Participant3_RS_SlSl,Endomorph,Normal,slouch,1.0,0.0,0.0,-0.376437517394811,52.81141231279686,0.3763182756167519,1
587,19.566666666666663,Participant3_RS_SlSl,Endomorph,Normal,slouch,1.0,0.0,0.0,-0.5186472110941526,53.095408302486334,0.3822185873509657,1
588,19.6,Participant3_RS_SlSl,Endomorph,Normal,slouch,1.0,0.0,0.0,-0.4578996126340826,52.43494173946319,0.3739225979242009,1
589,19.633333333333333,Participant3_RS_SlSl,Endomorph,Normal,slouch,1.0,0.0,0.0,-0.5737826578313043,52.24131709296387,0.3737900481366464,1
590,19.666666666666668,Participant3_RS_SlSl,Endomorph,Normal,slouch,1.0,0.0,0.0,-0.5588959026417264,52.43478483073616,0.3749447238211343,1
591,19.7,Participant3_RS_SlSl,Endomorph,Normal,slouch,1.0,0.0,0.0,-0.4870175383867856,52.82853516080132,0.3781798368833822,1
592,19.73333333333333,Participant3_RS_SlSl,Endomorph,Normal,slouch,1.0,0.0,0.0,-0.4313789526278255,53.5108270298486,0.3741407608828086,1
593,19.766666666666666,Participant3_RS_SlSl,Endomorph,Normal,slouch,1.0,0.0,0.0,-0.5591161568402502,52.708458747531225,0.3878665114276181,1
594,19.8,Participant3_RS_SlSl,Endomorph,Normal,slouch,1.0,0.0,0.0,-0.4344406350347528,52.763371033068665,0.3798612741538288,1
595,19.83333333333333,Participant3_RS_SlSl,Endomorph,Normal,slouch,1.0,0.0,0.0,-0.482718340388484,54.35124175443753,0.3842096324093279,1
596,19.866666666666667,Participant3_RS_SlSl,Endomorph,Normal,slouch,1.0,0.0,0.0,-0.492512826961459,52.36131068696484,0.3774884693278628,1
597,19.9,Participant3_RS_SlSl,Endomorph,Normal,slouch,1.0,0.0,0.0,-0.4600357592582502,52.57956590023005,0.3744125401202857,1
598,19.933333333333334,Participant3_RS_SlSl,Endomorph,Normal,slouch,1.0,0.0,0.0,-0.4835994750157397,52.27709001060162,0.3751718049432623,1
599,19.966666666666665,Participant3_RS_SlSl,Endomorph,Normal,slouch,1.0,0.0,0.0,-0.4333491085478486,52.49462410824588,0.3711771710110596,1
600,20.0,Participant3_RS_SlSl,Endomorph,Normal,slouch,1.0,0.0,0.0,-0.4540512203998494,52.41049812230048,0.3792868897216345,1
601,20.03333333333333,Participant3_RS_SlSl,Endomorph,Normal,slouch,1.0,0.0,0.0,-0.4235115080033801,52.44700600951949,0.3728390833515821,1
602,20.066666666666663,Participant3_RS_SlSl,Endomorph,Normal,slouch,1.0,0.0,0.0,-0.4273366983004163,52.61805688462458,0.3539329606277434,1
603,20.1,Participant3_RS_SlSl,Endomorph,Normal,slouch,1.0,0.0,0.0,-0.4567737685379572,54.14641151827089,0.3624838710988198,1
604,20.133333333333333,Participant3_RS_SlSl,Endomorph,Normal,slouch,1.0,0.0,0.0,-0.3761248097716021,54.42914153562448,0.3571444689416596,1
605,20.166666666666668,Participant3_RS_SlSl,Endomorph,Normal,slouch,1.0,0.0,0.0,-0.4772868037115797,54.16002193841368,0.3615681798817876,1
606,20.2,Participant3_RS_SlSl,Endomorph,Normal,slouch,1.0,0.0,0.0,-0.5637250266388727,53.01022091158987,0.372909259321195,1
607,20.23333333333333,Participant3_RS_SlSl,Endomorph,Normal,slouch,1.0,0.0,0.0,-0.5166892401848614,52.58729189994978,0.3695886283515995,1
608,20.266666666666666,Participant3_RS_SlSl,Endomorph,Normal,slouch,1.0,0.0,0.0,-0.4817887265708688,52.56377551567039,0.3668265906861319,1
609,20.3,Participant3_RS_SlSl,Endomorph,Normal,slouch,1.0,0.0,0.0,-0.5056150932079501,52.0015832838737,0.3663310550930064,1
610,20.33333333333333,Participant3_RS_SlSl,Endomorph,Normal,slouch,1.0,0.0,0.0,-0.4635356897125512,52.6684955855372,0.3692251396555047,1
611,20.366666666666667,Participant3_RS_SlSl,Endomorph,Normal,slouch,1.0,0.0,0.0,-0.5051256071349408,52.3443966628265,0.3795521002657622,1
612,20.4,Participant3_RS_SlSl,Endomorph,Normal,slouch,1.0,0.0,0.0,-0.4985889402186546,52.51315309313009,0.3708370255500383,1
613,20.433333333333334,Participant3_RS_SlSl,Endomorph,Normal,slouch,1.0,0.0,0.0,-0.4480036540424491,53.123034742252585,0.3552668479645728,1
614,20.466666666666665,Participant3_RS_SlSl,Endomorph,Normal,slouch,1.0,0.0,0.0,-0.457395541166087,53.61621815902793,0.3658126351033174,1
615,20.5,Participant3_RS_SlSl,Endomorph,Normal,slouch,1.0,0.0,0.0,-0.4426981391991238,52.71963945327307,0.3667903051447996,1
616,20.53333333333333,Participant3_RS_SlSl,Endomorph,Normal,slouch,1.0,0.0,0.0,-0.4548569120188266,52.41757782673869,0.3750113348625743,1
617,20.566666666666663,Participant3_RS_SlSl,Endomorph,Normal,slouch,1.0,0.0,0.0,-0.489346942138516,53.49189815759823,0.3586335280778387,1
618,20.6,Participant3_RS_SlSl,Endomorph,Normal,slouch,1.0,0.0,0.0,-0.5287761095055201,52.8479547194619,0.3570769521820213,1
619,20.633333333333333,Participant3_RS_SlSl,Endomorph,Normal,slouch,1.0,0.0,0.0,-0.459882764180911,52.97109056641367,0.3680881700632415,1
620,20.666666666666668,Participant3_RS_SlSl,Endomorph,Normal,slouch,1.0,0.0,0.0,-0.4102395240705189,52.88931212977212,0.3690130608494762,1
621,20.7,Participant3_RS_SlSl,Endomorph,Normal,slouch,1.0,0.0,0.0,-0.4062670766559371,53.33034701100147,0.3677925330402836,1
622,20.73333333333333,Participant3_RS_SlSl,Endomorph,Normal,slouch,1.0,0.0,0.0,-0.4331290020817486,52.49273536338964,0.3681339131352955,1
623,20.766666666666666,Participant3_RS_SlSl,Endomorph,Normal,slouch,1.0,0.0,0.0,-0.426958401887054,53.7197368152727,0.367410671801988,1
624,20.8,Participant3_RS_SlSl,Endomorph,Normal,slouch,1.0,0.0,0.0,-0.4580901042075994,54.33814492081106,0.3596265138828821,1
625,20.83333333333333,Participant3_RS_SlSl,Endomorph,Normal,slouch,1.0,0.0,0.0,-0.4128954400648352,53.94204209554087,0.3621354084984861,1
626,20.866666666666667,Participant3_RS_SlSl,Endomorph,Normal,slouch,1.0,0.0,0.0,-0.4043306700261697,53.086692827004434,0.3595965947572405,1
627,20.9,Participant3_RS_SlSl,Endomorph,Normal,slouch,1.0,0.0,0.0,-0.3891814634383471,53.10824102244317,0.3617915815083497,1
628,20.933333333333334,Participant3_RS_SlSl,Endomorph,Normal,slouch,1.0,0.0,0.0,-0.5166080762018445,53.51790166068268,0.3565313166324551,1
629,20.966666666666665,Participant3_RS_SlSl,Endomorph,Normal,slouch,1.0,0.0,0.0,-0.5257150385784319,52.93340132360044,0.3637338215624361,1
630,21.0,Participant3_RS_SlSl,Endomorph,Normal,slouch,1.0,0.0,0.0,-0.5113299389386654,53.2578008592256,0.3672088516513144,1
631,21.03333333333333,Participant3_RS_SlSl,Endomorph,Normal,slouch,1.0,0.0,0.0,-0.4519213538067117,54.20652567170054,0.3711110306126153,1
632,21.066666666666663,Participant3_RS_SlSl,Endomorph,Normal,slouch,1.0,0.0,0.0,-0.4375088790706606,53.85259646336293,0.3587412653193043,1
633,21.1,Participant3_RS_SlSl,Endomorph,Normal,slouch,1.0,0.0,0.0,-0.4299156071517017,53.88714060629052,0.3636152098574998,1
634,21.133333333333333,Participant3_RS_SlSl,Endomorph,Normal,slouch,1.0,0.0,0.0,-0.4189997345147387,53.84315593975906,0.3783192466099035,1
635,21.166666666666668,Participant3_RS_SlSl,Endomorph,Normal,slouch,1.0,0.0,0.0,-0.4820996199703274,53.727499209450286,0.3743363334584763,1
636,21.2,Participant3_RS_SlSl,Endomorph,Normal,slouch,1.0,0.0,0.0,-0.4477089128652352,53.96205244169749,0.3641922174532038,1
637,21.23333333333333,Participant3_RS_SlSl,Endomorph,Normal,slouch,1.0,0.0,0.0,-0.4570957317410028,53.79391138576022,0.369965036704698,1
638,21.266666666666666,Participant3_RS_SlSl,Endomorph,Normal,slouch,1.0,0.0,0.0,-0.4276313292678173,54.52593546857147,0.3724416334481545,1
639,21.3,Participant3_RS_SlSl,Endomorph,Normal,slouch,1.0,0.0,0.0,-0.5315329008017954,54.06473285607643,0.3696423229617549,1
640,21.33333333333333,Participant3_RS_SlSl,Endomorph,Normal,slouch,1.0,0.0,0.0,-0.4877929963013685,53.63453584961387,0.3742511044489987,1
641,21.366666666666667,Participant3_RS_SlSl,Endomorph,Normal,slouch,1.0,0.0,0.0,-0.4526897271042591,53.49804989687617,0.3734755876587627,1
642,21.4,Participant3_RS_SlSl,Endomorph,Normal,slouch,1.0,0.0,0.0,-0.4591517487803236,53.759546657737474,0.3728102457133219,1
643,21.433333333333334,Participant3_RS_SlSl,Endomorph,Normal,slouch,1.0,0.0,0.0,-0.3992454169429381,54.24836072119316,0.3691835963467361,1
644,21.466666666666665,Participant3_RS_SlSl,Endomorph,Normal,slouch,1.0,0.0,0.0,-0.3983167402194246,54.20501065536361,0.3684795043894662,1
645,21.5,Participant3_RS_SlSl,Endomorph,Normal,slouch,1.0,0.0,0.0,-0.4883467538843917,54.096148817185615,0.37411732754472,1
646,21.53333333333333,Participant3_RS_SlSl,Endomorph,Normal,slouch,1.0,0.0,0.0,-0.4034800142214918,54.77354488344431,0.3641069871974263,1
647,21.566666666666663,Participant3_RS_SlSl,Endomorph,Normal,slouch,1.0,0.0,0.0,-0.4134068354393287,54.77709549696202,0.3645945548021914,1
648,21.6,Participant3_RS_SlSl,Endomorph,Normal,slouch,1.0,0.0,0.0,-0.4090963815648842,54.09985239944167,0.376611837585023,1
649,21.633333333333333,Participant3_RS_SlSl,Endomorph,Normal,slouch,1.0,0.0,0.0,-0.3492110161191749,54.81094506015908,0.3643574528651152,1
650,21.666666666666668,Participant3_RS_SlSl,Endomorph,Normal,slouch,1.0,0.0,0.0,-0.3604283967970374,54.76787739327328,0.3663246229521664,1
651,21.7,Participant3_RS_SlSl,Endomorph,Normal,slouch,1.0,0.0,0.0,-0.3822745245172816,54.51631025731501,0.3641397131890358,1
652,21.73333333333333,Participant3_RS_SlSl,Endomorph,Normal,slouch,1.0,0.0,0.0,-0.4249221735260478,53.91712003964076,0.3734846304196237,1
653,21.766666666666666,Participant3_RS_SlSl,Endomorph,Normal,slouch,1.0,0.0,0.0,-0.3622983354976086,54.55552422764588,0.3722364154145774,1
654,21.8,Participant3_RS_SlSl,Endomorph,Normal,slouch,1.0,0.0,0.0,-0.3877937967972267,54.41694215460608,0.3720571066421688,1
655,21.83333333333333,Participant3_RS_SlSl,Endomorph,Normal,slouch,1.0,0.0,0.0,-0.3820616423932566,54.3667552480805,0.3655568730960471,1
656,21.866666666666667,Participant3_RS_SlSl,Endomorph,Normal,slouch,1.0,0.0,0.0,-0.3818584385679086,54.56078499146192,0.367635082754108,1
657,21.9,Participant3_RS_SlSl,Endomorph,Normal,slouch,1.0,0.0,0.0,-0.4046979423805885,54.24882143081236,0.3686789901628411,1
658,21.933333333333334,Participant3_RS_SlSl,Endomorph,Normal,slouch,1.0,0.0,0.0,-0.3885252729049695,55.467067769449294,0.3672357046109819,1
659,21.966666666666665,Participant3_RS_SlSl,Endomorph,Normal,slouch,1.0,0.0,0.0,-0.3715277014059474,54.63578703998582,0.3695749018122431,1
660,22.0,Participant3_RS_SlSl,Endomorph,Normal,slouch,1.0,0.0,0.0,-0.3904590530437702,54.525980553813206,0.3692733998840545,1
661,22.03333333333333,Participant3_RS_SlSl,Endomorph,Normal,slouch,1.0,0.0,0.0,-0.3785828377317299,54.76629630333328,0.3650157784383067,1
662,22.066666666666663,Participant3_RS_SlSl,Endomorph,Normal,slouch,1.0,0.0,0.0,-0.3888721195824235,53.74139112834025,0.3650150558245929,1
663,22.1,Participant3_RS_SlSl,Endomorph,Normal,slouch,1.0,0.0,0.0,-0.4257812119159663,54.18478727756101,0.3698478174453701,1
664,22.133333333333333,Participant3_RS_SlSl,Endomorph,Normal,slouch,1.0,0.0,0.0,-0.4092290031070376,54.106855103942735,0.3771930359149403,1
665,22.166666666666668,Participant3_RS_SlSl,Endomorph,Normal,slouch,1.0,0.0,0.0,-0.4845883502913509,53.59714376101844,0.3763216436972463,1
666,22.2,Participant3_RS_SlSl,Endomorph,Normal,slouch,1.0,0.0,0.0,-0.5017024548282503,53.9521034393242,0.3668353489913658,1
667,22.23333333333333,Participant3_RS_SlSl,Endomorph,Normal,slouch,1.0,0.0,0.0,-0.4701902687226524,54.24997001242957,0.3791571076038989,1
668,22.266666666666666,Participant3_RS_SlSl,Endomorph,Normal,slouch,1.0,0.0,0.0,-0.4948498538172519,53.48542026029021,0.3780918087658039,1
669,22.3,Participant3_RS_SlSl,Endomorph,Normal,slouch,1.0,0.0,0.0,-0.4624040762609251,53.75252721180064,0.3765610909676589,1
670,22.33333333333333,Participant3_RS_SlSl,Endomorph,Normal,slouch,1.0,0.0,0.0,-0.3778861695987141,53.91218476412786,0.3786402559480578,1
671,22.366666666666667,Participant3_RS_SlSl,Endomorph,Normal,slouch,1.0,0.0,0.0,-0.3602421528258874,54.115218245010006,0.3758210925962473,1
672,22.4,Participant3_RS_SlSl,Endomorph,Normal,slouch,1.0,0.0,0.0,-0.397129284471948,53.610679121645646,0.3767800877035474,1
673,22.433333333333334,Participant3_RS_SlSl,Endomorph,Normal,slouch,1.0,0.0,0.0,-0.4538743298300763,53.54740991311714,0.3717288085715335,1
674,22.466666666666665,Participant3_RS_SlSl,Endomorph,Normal,slouch,1.0,0.0,0.0,-0.4479296251546157,53.53047555984914,0.3711166556398797,1
675,22.5,Participant3_RS_SlSl,Endomorph,Normal,slouch,1.0,0.0,0.0,-0.3797716942126008,54.122821865742985,0.3718204660586682,1
676,22.53333333333333,Participant3_RS_SlSl,Endomorph,Normal,slouch,1.0,0.0,0.0,-0.3802772050884452,54.21618401784512,0.3698034536127063,1
677,22.566666666666663,Participant3_RS_SlSl,Endomorph,Normal,slouch,1.0,0.0,0.0,-0.3868056366133965,54.31340079094048,0.3658775901399612,1
678,22.6,Participant3_RS_SlSl,Endomorph,Normal,slouch,1.0,0.0,0.0,-0.3812872282479966,54.523228495279405,0.3663755878932628,1
679,22.633333333333333,Participant3_RS_SlSl,Endomorph,Normal,slouch,1.0,0.0,0.0,-0.4108746008256939,53.70253848404211,0.3641304016631698,1
680,22.666666666666668,Participant3_RS_SlSl,Endomorph,Normal,slouch,1.0,0.0,0.0,-0.3897067322817269,54.05366225240963,0.3677065731501017,1
681,22.7,Participant3_RS_SlSl,Endomorph,Normal,slouch,1.0,0.0,0.0,-0.393145764099725,54.10821948202641,0.3700904347806937,1
682,22.73333333333333,Participant3_RS_SlSl,Endomorph,Normal,slouch,1.0,0.0,0.0,-0.4190649502628046,53.77161346840728,0.3796811757025311,1
683,22.766666666666666,Participant3_RS_SlSl,Endomorph,Normal,slouch,1.0,0.0,0.0,-0.4507698585018752,54.10695824473552,0.3662463416517764,1
684,22.8,Participant3_RS_SlSl,Endomorph,Normal,slouch,1.0,0.0,0.0,-0.461713657369168,53.90705661341335,0.3725388013190713,1
685,22.83333333333333,Participant3_RS_SlSl,Endomorph,Normal,slouch,1.0,0.0,0.0,-0.444882630922143,54.14090939378936,0.3713131907727688,1
686,22.866666666666667,Participant3_RS_SlSl,Endomorph,Normal,slouch,1.0,0.0,0.0,-0.4003966410748036,54.61400719875261,0.3726816099358276,1
687,22.9,Participant3_RS_SlSl,Endomorph,Normal,slouch,1.0,0.0,0.0,-0.4038844688252123,54.12468002960069,0.3701541717867156,1
688,22.933333333333334,Participant3_RS_SlSl,Endomorph,Normal,slouch,1.0,0.0,0.0,-0.4583661933268436,54.16883024934653,0.3690774361524591,1
689,22.966666666666665,Participant3_RS_SlSl,Endomorph,Normal,slouch,1.0,0.0,0.0,-0.443260591604285,54.78279985483695,0.3731003853811731,1
690,23.0,Participant3_RS_SlSl,Endomorph,Normal,slouch,1.0,0.0,0.0,-0.433993917375907,54.42817569671488,0.3746141655113097,1
691,23.03333333333333,Participant3_RS_SlSl,Endomorph,Normal,slouch,1.0,0.0,0.0,-0.4365224973068003,53.36946329252379,0.380346898654364,1
692,23.066666666666663,Participant3_RS_SlSl,Endomorph,Normal,slouch,1.0,0.0,0.0,-0.4436506616126416,53.23587110965939,0.3779459073396284,1
693,23.1,Participant3_RS_SlSl,Endomorph,Normal,slouch,1.0,0.0,0.0,-0.4232953861559387,53.72824371841036,0.3745526125957521,1
694,23.133333333333333,Participant3_RS_SlSl,Endomorph,Normal,slouch,1.0,0.0,0.0,-0.4151494173051929,54.712439868861416,0.3686878391350601,1
695,23.166666666666668,Participant3_RS_SlSl,Endomorph,Normal,slouch,1.0,0.0,0.0,-0.4306020458590279,54.2981636149924,0.3703753000279581,1
696,23.2,Participant3_RS_SlSl,Endomorph,Normal,slouch,1.0,0.0,0.0,-0.3990465789606046,54.02517076695021,0.3572878699799517,1
697,23.23333333333333,Participant3_RS_SlSl,Endomorph,Normal,slouch,1.0,0.0,0.0,-0.4269543729599753,54.29021650499219,0.3683167569376325,1
698,23.266666666666666,Participant3_RS_SlSl,Endomorph,Normal,slouch,1.0,0.0,0.0,-0.4582007128212039,53.83391351220296,0.3705643069185014,1
699,23.3,Participant3_RS_SlSl,Endomorph,Normal,slouch,1.0,0.0,0.0,-0.5085181971998562,53.6046762435705,0.3835920125791395,1
700,23.33333333333333,Participant3_RS_SlSl,Endomorph,Normal,slouch,1.0,0.0,0.0,-0.4900106592622157,53.54873531280126,0.3770333340168665,1
701,23.366666666666667,Participant3_RS_SlSl,Endomorph,Normal,slouch,1.0,0.0,0.0,-0.4295519307573535,54.133080464727016,0.381251431469102,1
702,23.4,Participant3_RS_SlSl,Endomorph,Normal,slouch,1.0,0.0,0.0,-0.4457504603712191,54.908878412140645,0.3815301853463449,1
703,23.433333333333334,Participant3_RS_SlSl,Endomorph,Normal,slouch,1.0,0.0,0.0,-0.3736887171527053,55.28812803378564,0.3707726069798447,1
704,23.466666666666665,Participant3_RS_SlSl,Endomorph,Normal,slouch,1.0,0.0,0.0,-0.3825572620013879,54.57275872380485,0.3700102002627955,1
705,23.5,Participant3_RS_SlSl,Endomorph,Normal,slouch,1.0,0.0,0.0,-0.4088091619735831,54.08169995208408,0.372833548822221,1
706,23.53333333333333,Participant3_RS_SlSl,Endomorph,Normal,slouch,1.0,0.0,0.0,-0.4173317528987379,53.49944022806636,0.3676153054546476,1
707,23.566666666666663,Participant3_RS_SlSl,Endomorph,Normal,slouch,1.0,0.0,0.0,-0.3993912565392939,53.65027962970812,0.3710830240599665,1
708,23.6,Participant3_RS_SlSl,Endomorph,Normal,slouch,1.0,0.0,0.0,-0.4636864797507506,54.01832840205884,0.3922266789439976,1
709,23.633333333333333,Participant3_RS_SlSl,Endomorph,Normal,slouch,1.0,0.0,0.0,-0.388384898384686,54.57669761947755,0.3747632707001819,1
710,23.666666666666668,Participant3_RS_SlSl,Endomorph,Normal,slouch,1.0,0.0,0.0,-0.3842521089763305,54.27273034174973,0.3881147296112311,1
711,23.7,Participant3_RS_SlSl,Endomorph,Normal,slouch,1.0,0.0,0.0,-0.462332012162443,54.01838877923953,0.3633784470025088,1
712,23.73333333333333,Participant3_RS_SlSl,Endomorph,Normal,slouch,1.0,0.0,0.0,-0.507160029144305,53.37568010793031,0.3625760825540914,1
713,23.766666666666666,Participant3_RS_SlSl,Endomorph,Normal,slouch,1.0,0.0,0.0,-0.4083161783539214,54.63937686232018,0.3701056867060453,1
714,23.8,Participant3_RS_SlSl,Endomorph,Normal,slouch,1.0,0.0,0.0,-0.4407433200500752,54.65752211100601,0.373638473034171,1
715,23.83333333333333,Participant3_RS_SlSl,Endomorph,Normal,slouch,1.0,0.0,0.0,-0.3709436953542953,56.0706321222174,0.366924887692396,1
716,23.866666666666667,Participant3_RS_SlSl,Endomorph,Normal,slouch,1.0,0.0,0.0,-0.4171482952116305,55.53541582033965,0.3744720548450727,1
717,23.9,Participant3_RS_SlSl,Endomorph,Normal,slouch,1.0,0.0,0.0,-0.4754646192340795,54.90479769833848,0.3844938148949689,1
718,23.933333333333334,Participant3_RS_SlSl,Endomorph,Normal,slouch,1.0,0.0,0.0,-0.4278092561502782,54.43855252448211,0.3749921015614761,1
719,23.966666666666665,Participant3_RS_SlSl,Endomorph,Normal,slouch,1.0,0.0,0.0,-0.4203838102929007,54.62257116036181,0.3808205551722873,1
720,24.0,Participant3_RS_SlSl,Endomorph,Normal,slouch,1.0,0.0,0.0,-0.3603906055983024,54.71881637154994,0.3796016314999781,1
721,24.03333333333333,Participant3_RS_SlSl,Endomorph,Normal,slouch,1.0,0.0,0.0,-0.365047532341292,54.22505508290183,0.3769984399152282,1
722,24.066666666666663,Participant3_RS_SlSl,Endomorph,Normal,slouch,1.0,0.0,0.0,-0.3730401280798678,55.27712823565528,0.3811241431048524,1
723,24.1,Participant3_RS_SlSl,Endomorph,Normal,slouch,1.0,0.0,0.0,-0.3823078082329433,54.790925915607936,0.36826904081934,1
724,24.133333333333333,Participant3_RS_SlSl,Endomorph,Normal,slouch,1.0,0.0,0.0,-0.4523927198747809,53.40390588123008,0.3736133406940114,1
725,24.166666666666668,Participant3_RS_SlSl,Endomorph,Normal,slouch,1.0,0.0,0.0,-0.444290973871453,53.97987736269553,0.3780366030726984,1
726,24.2,Participant3_RS_SlSl,Endomorph,Normal,slouch,1.0,0.0,0.0,-0.3930923375779729,53.97974791309472,0.3793056256496401,1
727,24.23333333333333,Participant3_RS_SlSl,Endomorph,Normal,slouch,1.0,0.0,0.0,-0.4399858647995723,54.24746273530467,0.3817256628220051,1
728,24.266666666666666,Participant3_RS_SlSl,Endomorph,Normal,slouch,1.0,0.0,0.0,-0.4419540800760371,54.04039557254284,0.3765516070591712,1
729,24.3,Participant3_RS_SlSl,Endomorph,Normal,slouch,1.0,0.0,0.0,-0.4226265879399442,54.30583851028836,0.3775613381795318,1
730,24.33333333333333,Participant3_RS_SlSl,Endomorph,Normal,slouch,1.0,0.0,0.0,-0.4255813721493932,54.62861560598595,0.3642990007750077,1
731,24.366666666666667,Participant3_RS_SlSl,Endomorph,Normal,slouch,1.0,0.0,0.0,-0.4461286902909286,53.690448351248186,0.3648986543850973,1
732,24.4,Participant3_RS_SlSl,Endomorph,Normal,slouch,1.0,0.0,0.0,-0.3822236301333186,54.47501177896388,0.3682012429864024,1
733,24.433333333333334,Participant3_RS_SlSl,Endomorph,Normal,slouch,1.0,0.0,0.0,-0.3968487841704367,54.33775603262888,0.3818153527344429,1
734,24.466666666666665,Participant3_RS_SlSl,Endomorph,Normal,slouch,1.0,0.0,0.0,-0.4216317151085598,54.46259962980316,0.3778574954950558,1
735,24.5,Participant3_RS_SlSl,Endomorph,Normal,slouch,1.0,0.0,0.0,-0.4241667025743696,54.43049569903371,0.3782578015609558,1
736,24.53333333333333,Participant3_RS_SlSl,Endomorph,Normal,slouch,1.0,0.0,0.0,-0.4410898679406929,54.718985118949554,0.3679525943705994,1
737,24.566666666666663,Participant3_RS_SlSl,Endomorph,Normal,slouch,1.0,0.0,0.0,-0.4535570449788694,54.54704040896637,0.3726579947651108,1
738,24.6,Participant3_RS_SlSl,Endomorph,Normal,slouch,1.0,0.0,0.0,-0.5422059312150622,54.1955160491564,0.3750204772039234,1
739,24.633333333333333,Participant3_RS_SlSl,Endomorph,Normal,slouch,1.0,0.0,0.0,-0.5406012914559085,54.93910855733445,0.3759574797919387,1
740,24.666666666666668,Participant3_RS_SlSl,Endomorph,Normal,slouch,1.0,0.0,0.0,-0.4968690291584614,53.864724541027314,0.3618544769646896,1
741,24.7,Participant3_RS_SlSl,Endomorph,Normal,slouch,1.0,0.0,0.0,-0.4870388867710351,54.02038532721266,0.368938400296407,1
742,24.73333333333333,Participant3_RS_SlSl,Endomorph,Normal,slouch,1.0,0.0,0.0,-0.4590591416708569,53.2798277835674,0.3623320839000183,1
743,24.766666666666666,Participant3_RS_SlSl,Endomorph,Normal,slouch,1.0,0.0,0.0,-0.436766270479173,53.7324855635285,0.3798362606838474,1
744,24.8,Participant3_RS_SlSl,Endomorph,Normal,slouch,1.0,0.0,0.0,-0.4475122456551288,54.285777622705616,0.3777707732842193,1
745,24.83333333333333,Participant3_RS_SlSl,Endomorph,Normal,slouch,1.0,0.0,0.0,-0.3882610715658317,53.890613084988,0.3850708156582246,1
746,24.866666666666667,Participant3_RS_SlSl,Endomorph,Normal,slouch,1.0,0.0,0.0,-0.3810992234313316,54.38820861602387,0.3809896897035376,1
747,24.9,Participant3_RS_SlSl,Endomorph,Normal,slouch,1.0,0.0,0.0,-0.3897714764773202,54.01112227047629,0.3745043645719851,1
748,24.933333333333334,Participant3_RS_SlSl,Endomorph,Normal,slouch,1.0,0.0,0.0,-0.4563182381406718,53.37417707876837,0.3714194404251817,1
749,24.966666666666665,Participant3_RS_SlSl,Endomorph,Normal,slouch,1.0,0.0,0.0,-0.4155316986691422,54.21152117371652,0.3757794544495951,1
750,25.0,Participant3_RS_SlSl,Endomorph,Normal,slouch,1.0,0.0,0.0,-0.4132740343797588,53.93717500337112,0.3770542615740926,1
751,25.03333333333333,Participant3_RS_SlSl,Endomorph,Normal,slouch,1.0,0.0,0.0,-0.392102698480296,54.581568925361545,0.3773475301667517,1
752,25.066666666666663,Participant3_RS_SlSl,Endomorph,Normal,slouch,1.0,0.0,0.0,-0.4025008086997154,54.29811557604645,0.3761060135003096,1
753,25.1,Participant3_RS_SlSl,Endomorph,Normal,slouch,1.0,0.0,0.0,-0.3995521360566347,54.30655593731896,0.3708764932363296,1
754,25.133333333333333,Participant3_RS_SlSl,Endomorph,Normal,slouch,1.0,0.0,0.0,-0.3872675330364494,54.62064313749436,0.3787346195949502,1
755,25.166666666666668,Participant3_RS_SlSl,Endomorph,Normal,slouch,1.0,0.0,0.0,-0.4160201044700076,55.059329254273706,0.3692554194524076,1
756,25.2,Participant3_RS_SlSl,Endomorph,Normal,slouch,1.0,0.0,0.0,-0.3848254430736275,54.38251272493207,0.3628416873010296,1
757,25.23333333333333,Participant3_RS_SlSl,Endomorph,Normal,slouch,1.0,0.0,0.0,-0.4602428718878564,54.290962301555446,0.3763211917162801,1
758,25.266666666666666,Participant3_RS_SlSl,Endomorph,Normal,slouch,1.0,0.0,0.0,-0.3955132766737458,53.97448217719719,0.3714317097790217,1
759,25.3,Participant3_RS_SlSl,Endomorph,Normal,slouch,1.0,0.0,0.0,-0.4299653679002229,53.85923642550436,0.3683161576413117,1
760,25.33333333333333,Participant3_RS_SlSl,Endomorph,Normal,slouch,1.0,0.0,0.0,-0.4140046992803806,54.22842255692285,0.3743558370378125,1
761,25.366666666666667,Participant3_RS_SlSl,Endomorph,Normal,slouch,1.0,0.0,0.0,-0.3713194784562771,53.73845480411449,0.3647484155807738,1
762,25.4,Participant3_RS_SlSl,Endomorph,Normal,slouch,1.0,0.0,0.0,-0.3567490660025196,54.6052599658775,0.363134695784772,1
763,25.433333333333334,Participant3_RS_SlSl,Endomorph,Normal,slouch,1.0,0.0,0.0,-0.4446695937267398,54.38233153179936,0.3753055280317591,1
764,25.466666666666665,Participant3_RS_SlSl,Endomorph,Normal,slouch,1.0,0.0,0.0,-0.3629359882043877,53.59786559669477,0.3681291134107911,1
765,25.5,Participant3_RS_SlSl,Endomorph,Normal,slouch,1.0,0.0,0.0,-0.4108403099558849,54.4630037472024,0.363468325824595,1
766,25.53333333333333,Participant3_RS_SlSl,Endomorph,Normal,slouch,1.0,0.0,0.0,-0.4053985912261606,54.50176986264128,0.3633019380134914,1
767,25.566666666666663,Participant3_RS_SlSl,Endomorph,Normal,slouch,1.0,0.0,0.0,-0.3996583916664815,54.57331060790524,0.3810958169219768,1
768,25.6,Participant3_RS_SlSl,Endomorph,Normal,slouch,1.0,0.0,0.0,-0.4107739896208355,54.35404219652084,0.38138627731027,1
769,25.633333333333333,Participant3_RS_SlSl,Endomorph,Normal,slouch,1.0,0.0,0.0,-0.3762095374461979,53.9179985345946,0.3803484806086188,1
770,25.666666666666668,Participant3_RS_SlSl,Endomorph,Normal,slouch,1.0,0.0,0.0,-0.3800681045019929,54.9891426985084,0.3659050324612851,1
771,25.7,Participant3_RS_SlSl,Endomorph,Normal,slouch,1.0,0.0,0.0,-0.4112926017461203,54.62672228362418,0.3741218430600545,1
772,25.73333333333333,Participant3_RS_SlSl,Endomorph,Normal,slouch,1.0,0.0,0.0,-0.356872563442055,54.23248366037392,0.3736112475880854,1
773,25.766666666666666,Participant3_RS_SlSl,Endomorph,Normal,slouch,1.0,0.0,0.0,-0.3586367532934433,54.1292094795006,0.3794469641054815,1
774,25.8,Participant3_RS_SlSl,Endomorph,Normal,slouch,1.0,0.0,0.0,-0.4097763529859305,54.72330402269539,0.3773458582333682,1
775,25.83333333333333,Participant3_RS_SlSl,Endomorph,Normal,slouch,1.0,0.0,0.0,-0.3729585560990603,53.8110865956962,0.3790536744502589,1
776,25.866666666666667,Participant3_RS_SlSl,Endomorph,Normal,slouch,1.0,0.0,0.0,-0.4076704358434073,54.36538019054429,0.3772250636393812,1
777,25.9,Participant3_RS_SlSl,Endomorph,Normal,slouch,1.0,0.0,0.0,-0.4122546760525934,54.93313580451982,0.3711455366343397,1
778,25.933333333333334,Participant3_RS_SlSl,Endomorph,Normal,slouch,1.0,0.0,0.0,-0.3871967747178725,54.67230325577522,0.3724525447429158,1
779,25.966666666666665,Participant3_RS_SlSl,Endomorph,Normal,slouch,1.0,0.0,0.0,-0.3933172780527548,54.17635535579657,0.3720351886005194,1
780,26.0,Participant3_RS_SlSl,Endomorph,Normal,slouch,1.0,0.0,0.0,-0.4478403359579428,54.42031546780134,0.3798826156132139,1
781,26.03333333333333,Participant3_RS_SlSl,Endomorph,Normal,slouch,1.0,0.0,0.0,-0.3712891543705894,55.24896429898552,0.3650780624303909,1
782,26.066666666666663,Participant3_RS_SlSl,Endomorph,Normal,slouch,1.0,0.0,0.0,-0.4364194029379289,54.37446695947972,0.3760909376924582,1
783,26.1,Participant3_RS_SlSl,Endomorph,Normal,slouch,1.0,0.0,0.0,-0.4400006236252377,53.91387565064792,0.3831953281947054,1
784,26.133333333333333,Participant3_RS_SlSl,Endomorph,Normal,slouch,1.0,0.0,0.0,-0.4500421974606593,54.027558014500144,0.3740062958454956,1
785,26.166666666666668,Participant3_RS_SlSl,Endomorph,Normal,slouch,1.0,0.0,0.0,-0.4450721106920108,53.87504404714847,0.3741062019242155,1
786,26.2,Participant3_RS_SlSl,Endomorph,Normal,slouch,1.0,0.0,0.0,-0.4662972185465153,53.85247100266147,0.3722386380648221,1
787,26.23333333333333,Participant3_RS_SlSl,Endomorph,Normal,slouch,1.0,0.0,0.0,-0.4181451233998347,54.363979246679854,0.3831225813013135,1
788,26.266666666666666,Participant3_RS_SlSl,Endomorph,Normal,slouch,1.0,0.0,0.0,-0.4282649204346758,54.24270486683867,0.3745251730096391,1
789,26.3,Participant3_RS_SlSl,Endomorph,Normal,slouch,1.0,0.0,0.0,-0.4029315673435708,54.44794712467056,0.381105347591241,1
790,26.33333333333333,Participant3_RS_SlSl,Endomorph,Normal,slouch,1.0,0.0,0.0,-0.3658019816638268,55.69754220993023,0.3713090608862827,1
791,26.366666666666667,Participant3_RS_SlSl,Endomorph,Normal,slouch,1.0,0.0,0.0,-0.3876922772968172,54.37271843639029,0.3722750050910067,1
792,26.4,Participant3_RS_SlSl,Endomorph,Normal,slouch,1.0,0.0,0.0,-0.4491298164099941,54.91428557163196,0.3895163876380913,1
793,26.433333333333334,Participant3_RS_SlSl,Endomorph,Normal,slouch,1.0,0.0,0.0,-0.4229407888551794,54.56612596188191,0.3794321684914157,1
794,26.466666666666665,Participant3_RS_SlSl,Endomorph,Normal,slouch,1.0,0.0,0.0,-0.4379545379058497,54.3617120957155,0.3816458195405709,1
795,26.5,Participant3_RS_SlSl,Endomorph,Normal,slouch,1.0,0.0,0.0,-0.4216299033141765,54.03694536707887,0.3837418830590999,1
796,26.53333333333333,Participant3_RS_SlSl,Endomorph,Normal,slouch,1.0,0.0,0.0,-0.4612308614529162,54.61980970535537,0.3760815754403662,1
797,26.566666666666663,Participant3_RS_SlSl,Endomorph,Normal,slouch,1.0,0.0,0.0,-0.4338832590378415,53.80815647058675,0.3682403171293049,1
798,26.6,Participant3_RS_SlSl,Endomorph,Normal,slouch,1.0,0.0,0.0,-0.4425891686447658,53.79855179104669,0.3679150483748526,1
799,26.633333333333333,Participant3_RS_SlSl,Endomorph,Normal,slouch,1.0,0.0,0.0,-0.4849093890282802,53.1876323601475,0.3908790504304928,1
800,26.666666666666668,Participant3_RS_SlSl,Endomorph,Normal,slouch,1.0,0.0,0.0,-0.4719297069592643,53.071629439214085,0.3921836738629815,1
801,26.7,Participant3_RS_SlSl,Endomorph,Normal,slouch,1.0,0.0,0.0,-0.4726053349297524,53.70320622167996,0.391918403352552,1
802,26.73333333333333,Participant3_RS_SlSl,Endomorph,Normal,slouch,1.0,0.0,0.0,-0.4561594123467873,53.84749728367844,0.3920882721750762,1
803,26.766666666666666,Participant3_RS_SlSl,Endomorph,Normal,slouch,1.0,0.0,0.0,-0.5000735540958468,53.67850327789018,0.3867946118805286,1
804,26.8,Participant3_RS_SlSl,Endomorph,Normal,slouch,1.0,0.0,0.0,-0.473038387892525,53.96939624716909,0.3843248460614106,1
805,26.83333333333333,Participant3_RS_SlSl,Endomorph,Normal,slouch,1.0,0.0,0.0,-0.4922489197607735,54.05150640438442,0.3956463714040755,1
806,26.866666666666667,Participant3_RS_SlSl,Endomorph,Normal,slouch,1.0,0.0,0.0,-0.5090301567156762,53.22263244735908,0.3874343983729547,1
807,26.9,Participant3_RS_SlSl,Endomorph,Normal,slouch,1.0,0.0,0.0,-0.4746269185341374,53.62971994229611,0.3929097896025951,1
808,26.933333333333334,Participant3_RS_SlSl,Endomorph,Normal,slouch,1.0,0.0,0.0,-0.5039321323038428,54.12643631296589,0.3913881177964602,1
809,26.966666666666665,Participant3_RS_SlSl,Endomorph,Normal,slouch,1.0,0.0,0.0,-0.4738197046485997,53.22572966800124,0.3731037734439218,1
810,27.0,Participant3_RS_SlSl,Endomorph,Normal,slouch,1.0,0.0,0.0,-0.4236796393705483,53.44566854381591,0.3704279278655049,1
811,27.03333333333333,Participant3_RS_SlSl,Endomorph,Normal,slouch,1.0,0.0,0.0,-0.4311981140923776,53.26299276398079,0.3727654824133429,1
812,27.066666666666663,Participant3_RS_SlSl,Endomorph,Normal,slouch,1.0,0.0,0.0,-0.4521776970613108,53.13835676376544,0.3742166562514443,1
813,27.1,Participant3_RS_SlSl,Endomorph,Normal,slouch,1.0,0.0,0.0,-0.4532407396688266,53.19449281484725,0.3732480689117,1
814,27.133333333333333,Participant3_RS_SlSl,Endomorph,Normal,slouch,1.0,0.0,0.0,-0.4277324507018714,53.61426563446695,0.3760909182005407,1
815,27.166666666666668,Participant3_RS_SlSl,Endomorph,Normal,slouch,1.0,0.0,0.0,-0.42917919453303,53.65880708884527,0.3761952339828509,1
816,27.2,Participant3_RS_SlSl,Endomorph,Normal,slouch,1.0,0.0,0.0,-0.4550674174233315,54.27935202022842,0.3868023766939217,1
817,27.23333333333333,Participant3_RS_SlSl,Endomorph,Normal,slouch,1.0,0.0,0.0,-0.4493311808668173,54.093428046789256,0.3841186596672679,1
818,27.266666666666666,Participant3_RS_SlSl,Endomorph,Normal,slouch,1.0,0.0,0.0,-0.4667003647294876,53.920928113219205,0.374339310059506,1
819,27.3,Participant3_RS_SlSl,Endomorph,Normal,slouch,1.0,0.0,0.0,-0.4826036222816116,53.62465651231829,0.3762361018368835,1
820,27.33333333333333,Participant3_RS_SlSl,Endomorph,Normal,slouch,1.0,0.0,0.0,-0.4629595382328931,54.45670167307438,0.3796232325502462,1
821,27.366666666666667,Participant3_RS_SlSl,Endomorph,Normal,slouch,1.0,0.0,0.0,-0.439796770768499,53.80595254648985,0.3875709507289284,1
822,27.4,Participant3_RS_SlSl,Endomorph,Normal,slouch,1.0,0.0,0.0,-0.4954821710619039,52.70244712695265,0.3850096169276927,1
823,27.433333333333334,Participant3_RS_SlSl,Endomorph,Normal,slouch,1.0,0.0,0.0,-0.4783426373564448,53.3961579456103,0.3846101957370307,1
824,27.466666666666665,Participant3_RS_SlSl,Endomorph,Normal,slouch,1.0,0.0,0.0,-0.5171200862475693,52.84261676346741,0.3890597485335375,1
825,27.5,Participant3_RS_SlSl,Endomorph,Normal,slouch,1.0,0.0,0.0,-0.4288586265024883,53.29219129437308,0.3822547731489668,1
826,27.53333333333333,Participant3_RS_SlSl,Endomorph,Normal,slouch,1.0,0.0,0.0,-0.4469924378235803,52.98428362228368,0.3843410956936079,1
827,27.566666666666663,Participant3_RS_SlSl,Endomorph,Normal,slouch,1.0,0.0,0.0,-0.4827777740341674,52.34934095190345,0.3878083735255291,1
828,27.6,Participant3_RS_SlSl,Endomorph,Normal,slouch,1.0,0.0,0.0,-0.4772115189399317,52.88283953388285,0.3843349222122666,1
829,27.633333333333333,Participant3_RS_SlSl,Endomorph,Normal,slouch,1.0,0.0,0.0,-0.5250713264763522,52.90491327290128,0.3898800267597053,1
830,27.666666666666668,Participant3_RS_SlSl,Endomorph,Normal,slouch,1.0,0.0,0.0,-0.5321845905449274,52.87632015935526,0.3893279430025667,1
831,27.7,Participant3_RS_SlSl,Endomorph,Normal,slouch,1.0,0.0,0.0,-0.4502825349261746,52.79817967060185,0.3824956168475139,1
832,27.73333333333333,Participant3_RS_SlSl,Endomorph,Normal,slouch,1.0,0.0,0.0,-0.4950442880633987,52.21774197151017,0.3903888125902063,1
833,27.766666666666666,Participant3_RS_SlSl,Endomorph,Normal,slouch,1.0,0.0,0.0,-0.3848284362412817,53.77813168410188,0.3818803478083729,1
834,27.8,Participant3_RS_SlSl,Endomorph,Normal,slouch,1.0,0.0,0.0,-0.4261309146871815,52.96407521272906,0.3791349118718194,1
835,27.83333333333333,Participant3_RS_SlSl,Endomorph,Normal,slouch,1.0,0.0,0.0,-0.3956297365535414,52.99898348754424,0.3827949590899773,1
836,27.866666666666667,Participant3_RS_SlSl,Endomorph,Normal,slouch,1.0,0.0,0.0,-0.4374282708811526,52.49564387008218,0.3845468695001828,1
837,27.9,Participant3_RS_SlSl,Endomorph,Normal,slouch,1.0,0.0,0.0,-0.385395292482166,52.66926819508219,0.3848757213650398,1
838,27.933333333333334,Participant3_RS_SlSl,Endomorph,Normal,slouch,1.0,0.0,0.0,-0.4664772881552347,52.08717017532029,0.3953116980215783,1
839,27.966666666666665,Participant3_RS_SlSl,Endomorph,Normal,slouch,1.0,0.0,0.0,-0.3897021391697886,52.97498547177506,0.3843548680634904,1
840,28.0,Participant3_RS_SlSl,Endomorph,Normal,slouch,1.0,0.0,0.0,-0.41696328286084,52.31159037504985,0.3868638955829253,1
841,28.03333333333333,Participant3_RS_SlSl,Endomorph,Normal,slouch,1.0,0.0,0.0,-0.4568141661589171,52.77090774712634,0.3874448438954472,1
842,28.066666666666663,Participant3_RS_SlSl,Endomorph,Normal,slouch,1.0,0.0,0.0,-0.3833407582680229,52.64032266361627,0.3823592414780212,1
843,28.1,Participant3_RS_SlSl,Endomorph,Normal,slouch,1.0,0.0,0.0,-0.4753382585240324,51.446387903695815,0.3822317645135728,1
844,28.133333333333333,Participant3_RS_SlSl,Endomorph,Normal,slouch,1.0,0.0,0.0,-0.4124014771690268,52.4707487671492,0.379883106802519,1
845,28.166666666666668,Participant3_RS_SlSl,Endomorph,Normal,slouch,1.0,0.0,0.0,-0.4213446841725574,52.18352399325391,0.3813739710311715,1
846,28.2,Participant3_RS_SlSl,Endomorph,Normal,slouch,1.0,0.0,0.0,-0.4460659303341913,51.60247793561098,0.3827129472926667,1
847,28.23333333333333,Participant3_RS_SlSl,Endomorph,Normal,slouch,1.0,0.0,0.0,-0.4556972394719105,51.73667084312387,0.3779544078548364,1
848,28.266666666666666,Participant3_RS_SlSl,Endomorph,Normal,slouch,1.0,0.0,0.0,-0.4556533375385518,51.67426758013308,0.3999222064389239,1
849,28.3,Participant3_RS_SlSl,Endomorph,Normal,slouch,1.0,0.0,0.0,-0.4870311065526926,52.125151413576816,0.380120841537371,1
850,28.33333333333333,Participant3_RS_SlSl,Endomorph,Normal,slouch,1.0,0.0,0.0,-0.4404142497189555,51.63981397219308,0.3769682438656184,1
851,28.366666666666667,Participant3_RS_SlSl,Endomorph,Normal,slouch,1.0,0.0,0.0,-0.3993959102538178,51.90085287954152,0.3871489097618919,1
852,28.4,Participant3_RS_SlSl,Endomorph,Normal,slouch,1.0,0.0,0.0,-0.4292052171879413,51.77950991587586,0.4006775478066677,1
853,28.433333333333334,Participant3_RS_SlSl,Endomorph,Normal,slouch,1.0,0.0,0.0,-0.4652847092986768,51.62277858346448,0.3895378835282247,1
854,28.466666666666665,Participant3_RS_SlSl,Endomorph,Normal,slouch,1.0,0.0,0.0,-0.4884451227258557,51.13345491601807,0.4003644729917253,1
855,28.5,Participant3_RS_SlSl,Endomorph,Normal,slouch,1.0,0.0,0.0,-0.4759079601533466,51.1046252544741,0.3917199487697119,1
856,28.53333333333333,Participant3_RS_SlSl,Endomorph,Normal,slouch,1.0,0.0,0.0,-0.4933101217693658,51.985688162727904,0.3950844697633394,1
857,28.566666666666663,Participant3_RS_SlSl,Endomorph,Normal,slouch,1.0,0.0,0.0,-0.4909829374444057,52.47922846538175,0.3808312465552722,1
858,28.6,Participant3_RS_SlSl,Endomorph,Normal,slouch,1.0,0.0,0.0,-0.4903895349520867,52.58592877294664,0.3855244705947458,1
859,28.633333333333333,Participant3_RS_SlSl,Endomorph,Normal,slouch,1.0,0.0,0.0,-0.5303161895091284,52.39358238601853,0.3851226434747877,1
860,28.666666666666668,Participant3_RS_SlSl,Endomorph,Normal,slouch,1.0,0.0,0.0,-0.4663020386676539,52.81148278635882,0.3938285146225481,1
861,28.7,Participant3_RS_SlSl,Endomorph,Normal,slouch,1.0,0.0,0.0,-0.4844598876943871,52.95853788983825,0.3882109394881688,1
862,28.73333333333333,Participant3_RS_SlSl,Endomorph,Normal,slouch,1.0,0.0,0.0,-0.4480757740714738,52.41027407168444,0.3855103891795272,1
863,28.766666666666666,Participant3_RS_SlSl,Endomorph,Normal,slouch,1.0,0.0,0.0,-0.462916603714706,52.18970434258872,0.3838099448663963,1
864,28.8,Participant3_RS_SlSl,Endomorph,Normal,slouch,1.0,0.0,0.0,-0.4664707531800887,52.36083868975117,0.3832280536124007,1
865,28.83333333333333,Participant3_RS_SlSl,Endomorph,Normal,slouch,1.0,0.0,0.0,-0.4592496035045134,51.68237148354825,0.3848937642143691,1
866,28.866666666666667,Participant3_RS_SlSl,Endomorph,Normal,slouch,1.0,0.0,0.0,-0.4824878474147767,52.721513290336375,0.3856059416863406,1
867,28.9,Participant3_RS_SlSl,Endomorph,Normal,slouch,1.0,0.0,0.0,-0.4900330573058544,52.20680427332489,0.3906597845697468,1
868,28.933333333333334,Participant3_RS_SlSl,Endomorph,Normal,slouch,1.0,0.0,0.0,-0.5106300369845329,52.10428229288232,0.3803058105888695,1
869,28.966666666666665,Participant3_RS_SlSl,Endomorph,Normal,slouch,1.0,0.0,0.0,-0.4504144724896867,52.389761502158905,0.3759272561562689,1
870,29.0,Participant3_RS_SlSl,Endomorph,Normal,slouch,1.0,0.0,0.0,-0.5201008278877959,52.9958117054651,0.3930107454756218,1
871,29.03333333333333,Participant3_RS_SlSl,Endomorph,Normal,slouch,1.0,0.0,0.0,-0.5495522887123905,52.43883294621295,0.3885940930170926,1
872,29.066666666666663,Participant3_RS_SlSl,Endomorph,Normal,slouch,1.0,0.0,0.0,-0.5009592288082328,52.01488214597754,0.4013849860076461,1
873,29.1,Participant3_RS_SlSl,Endomorph,Normal,slouch,1.0,0.0,0.0,-0.472861644357917,53.29406786616181,0.3914696107204771,1
874,29.133333333333333,Participant3_RS_SlSl,Endomorph,Normal,slouch,1.0,0.0,0.0,-0.4078925885219359,52.77660888223479,0.3814006926404296,1
875,29.166666666666668,Participant3_RS_SlSl,Endomorph,Normal,slouch,1.0,0.0,0.0,-0.426214582110338,51.34036122789256,0.3939695375759414,1
876,29.2,Participant3_RS_SlSl,Endomorph,Normal,slouch,1.0,0.0,0.0,-0.4795420253593697,51.13415558146036,0.3990777737124036,1
877,29.23333333333333,Participant3_RS_SlSl,Endomorph,Normal,slouch,1.0,0.0,0.0,-0.476373734674322,50.755006378557766,0.3919259678939536,1
878,29.266666666666666,Participant3_RS_SlSl,Endomorph,Normal,slouch,1.0,0.0,0.0,-0.403513378282892,51.38227974612832,0.3882305746144649,1
879,29.3,Participant3_RS_SlSl,Endomorph,Normal,slouch,1.0,0.0,0.0,-0.4932531624362681,50.17295576293717,0.3959187282962785,1
880,29.33333333333333,Participant3_RS_SlSl,Endomorph,Normal,slouch,1.0,0.0,0.0,-0.4035818018672392,51.427836671894255,0.4062645975607072,1
881,29.366666666666667,Participant3_RS_SlSl,Endomorph,Normal,slouch,1.0,0.0,0.0,-0.4172567855103231,51.07351260628314,0.3979690548048427,1
882,29.4,Participant3_RS_SlSl,Endomorph,Normal,slouch,1.0,0.0,0.0,-0.4244398973807408,51.23146988969829,0.3980594544818593,1
883,29.433333333333334,Participant3_RS_SlSl,Endomorph,Normal,slouch,1.0,0.0,0.0,-0.4488512680092473,52.09696434069385,0.3977115914218299,1
884,29.466666666666665,Participant3_RS_SlSl,Endomorph,Normal,slouch,1.0,0.0,0.0,-0.4351624249537205,50.943774302062494,0.3942927273490165,1
885,29.5,Participant3_RS_SlSl,Endomorph,Normal,slouch,1.0,0.0,0.0,-0.4198812322522768,50.62133715199132,0.3915792815529746,1
886,29.53333333333333,Participant3_RS_SlSl,Endomorph,Normal,slouch,1.0,0.0,0.0,-0.4579442066262709,51.513436523208895,0.3988348867683271,1
887,29.566666666666663,Participant3_RS_SlSl,Endomorph,Normal,slouch,1.0,0.0,0.0,-0.4660727971837902,51.174741896180606,0.3992697597639106,1
888,29.6,Participant3_RS_SlSl,Endomorph,Normal,slouch,1.0,0.0,0.0,-0.4826216645539549,50.53754428677593,0.3988017214943909,1
889,29.633333333333333,Participant3_RS_SlSl,Endomorph,Normal,slouch,1.0,0.0,0.0,-0.5004790738513583,50.67691706266103,0.3956027984697812,1
890,29.666666666666668,Participant3_RS_SlSl,Endomorph,Normal,slouch,1.0,0.0,0.0,-0.4595930772178425,51.46328977960447,0.3745829565822965,1
891,29.7,Participant3_RS_SlSl,Endomorph,Normal,slouch,1.0,0.0,0.0,-0.4693731627299389,51.07810258519965,0.3694882365290096,1
892,29.73333333333333,Participant3_RS_SlSl,Endomorph,Normal,slouch,1.0,0.0,0.0,-0.5260605202336166,51.72551019554875,0.375286145577724,1
893,29.766666666666666,Participant3_RS_SlSl,Endomorph,Normal,slouch,1.0,0.0,0.0,-0.4685083584138207,51.4550511407336,0.3632825972055452,1
894,29.8,Participant3_RS_SlSl,Endomorph,Normal,slouch,1.0,0.0,0.0,-0.5048245244653367,51.12223471971138,0.3748768158190148,1
895,29.83333333333333,Participant3_RS_SlSl,Endomorph,Normal,slouch,1.0,0.0,0.0,-0.4986071262337919,50.79901784003695,0.3812563821596867,1
896,29.866666666666667,Participant3_RS_SlSl,Endomorph,Normal,slouch,1.0,0.0,0.0,-0.5464921366977266,51.53965039947715,0.3866210582728815,1
897,29.9,Participant3_RS_SlSl,Endomorph,Normal,slouch,1.0,0.0,0.0,-0.5952529754283095,50.50195877936124,0.3824081018447887,1
898,29.933333333333334,Participant3_RS_SlSl,Endomorph,Normal,slouch,1.0,0.0,0.0,-0.549087387348375,50.50195877936124,0.3688051662640779,1
