frame_idx,timestamp,subject_id,somatotype,bmi_category,label,h2s_ratio,shoulder_tilt_deg,head_roll_deg,forward_head_z,neck_flexion_deg,shoulder_width_norm,is_valid
0,0.0,Participant4_RS_FuUp,Endomorph,Normal,upright,1.0,0.0,0.0,-0.0417849608310565,56.71825733282678,0.1723563684143452,1
1,0.0333333333333333,Participant4_RS_FuUp,Endomorph,Normal,upright,1.0,0.0,0.0,-0.0511615567786923,56.31912192100296,0.1830111489285917,1
2,0.0666666666666666,Participant4_RS_FuUp,Endomorph,Normal,upright,1.0,0.0,0.0,-0.0835420816088887,55.54904449880144,0.1816845919938513,1
3,0.1,Participant4_RS_FuUp,Endomorph,Normal,upright,1.0,0.0,0.0,-0.0671273377428029,55.5111642158156,0.1333648117447732,1
4,0.1333333333333333,Participant4_RS_FuUp,Endomorph,Normal,upright,1.0,0.0,0.0,-0.0187488908518955,56.15995118551711,0.1726785477899463,1
5,0.1666666666666666,Participant4_RS_FuUp,Endomorph,Normal,upright,1.0,0.0,0.0,-0.0714460927753176,55.91089092469144,0.1815172575752174,1
6,0.2,Participant4_RS_FuUp,Endomorph,Normal,upright,1.0,0.0,0.0,-0.0714690947517651,55.344684601882655,0.194758351671054,1
7,0.2333333333333333,Participant4_RS_FuUp,Endomorph,Normal,upright,1.0,0.0,0.0,-0.0312442735007148,55.75967686645414,0.1701373086859428,1
8,0.2666666666666666,Participant4_RS_FuUp,Endomorph,Normal,upright,1.0,0.0,0.0,-0.0489001259544275,54.72017952013696,0.1935340735144332,1
9,0.3,Participant4_RS_FuUp,Endomorph,Normal,upright,1.0,0.0,0.0,-0.0952623629273003,53.86517090131313,0.139101922452788,1
10,0.3333333333333333,Participant4_RS_FuUp,Endomorph,Normal,upright,1.0,0.0,0.0,-0.0979520617386654,53.74115858903791,0.1291234960344592,1
11,0.3666666666666666,Participant4_RS_FuUp,Endomorph,Normal,upright,1.0,0.0,0.0,-0.1032657241571155,54.14716235811514,0.1102901949879422,1
12,0.4,Participant4_RS_FuUp,Endomorph,Normal,upright,1.0,0.0,0.0,-0.0817269355826963,53.61449846689192,0.1188680987801182,1
13,0.4333333333333333,Participant4_RS_FuUp,Endomorph,Normal,upright,1.0,0.0,0.0,-0.1055165514421453,53.99193787520839,0.1271151338177232,1
14,0.4666666666666667,Participant4_RS_FuUp,Endomorph,Normal,upright,1.0,0.0,0.0,-0.0736076968730195,55.918328219295695,0.2009507130520629,1
15,0.5,Participant4_RS_FuUp,Endomorph,Normal,upright,1.0,0.0,0.0,-0.0761357274550558,56.53847642468961,0.199030481967563,1
16,0.5333333333333333,Participant4_RS_FuUp,Endomorph,Normal,upright,1.0,0.0,0.0,-0.084644476156269,55.11204667108982,0.1326863781684956,1
17,0.5666666666666667,Participant4_RS_FuUp,Endomorph,Normal,upright,1.0,0.0,0.0,-0.0998288235141038,56.05692225438788,0.1926672071959264,1
18,0.6,Participant4_RS_FuUp,Endomorph,Normal,upright,1.0,0.0,0.0,-0.0559758937075443,55.71588507893741,0.1656987391566282,1
19,0.6333333333333333,Participant4_RS_FuUp,Endomorph,Normal,upright,1.0,0.0,0.0,-0.0953086980172039,55.10750147733278,0.1220907245149043,1
20,0.6666666666666666,Participant4_RS_FuUp,Endomorph,Normal,upright,1.0,0.0,0.0,-0.0650632699638654,55.57472287559775,0.1902486457883231,1
21,0.7,Participant4_RS_FuUp,Endomorph,Normal,upright,1.0,0.0,0.0,-0.0819328637933805,56.001476935228816,0.1930814449345932,1
22,0.7333333333333333,Participant4_RS_FuUp,Endomorph,Normal,upright,1.0,0.0,0.0,-0.0357230738725969,54.765561359319776,0.1475843034909558,1
23,0.7666666666666667,Participant4_RS_FuUp,Endomorph,Normal,upright,1.0,0.0,0.0,-0.0178233191432528,54.11447924874213,0.1617446924710092,1
24,0.8,Participant4_RS_FuUp,Endomorph,Normal,upright,1.0,0.0,0.0,-0.0155308524717984,55.80176816701729,0.1938212676725411,1
25,0.8333333333333334,Participant4_RS_FuUp,Endomorph,Normal,upright,1.0,0.0,0.0,-0.0744201488243324,53.84897466646231,0.1087601471831923,1
26,0.8666666666666667,Participant4_RS_FuUp,Endomorph,Normal,upright,1.0,0.0,0.0,-0.0214131613831458,55.55729271250952,0.1639853882046735,1
27,0.9,Participant4_RS_FuUp,Endomorph,Normal,upright,1.0,0.0,0.0,0.063604417734079,55.10498719404818,0.2098260113322827,1
28,0.9333333333333332,Participant4_RS_FuUp,Endomorph,Normal,upright,1.0,0.0,0.0,0.0247028196344134,56.29766762319586,0.1689415956177814,1
29,0.9666666666666668,Participant4_RS_FuUp,Endomorph,Normal,upright,1.0,0.0,0.0,0.0302125780014628,56.48327812141168,0.1676004737742407,1
30,1.0,Participant4_RS_FuUp,Endomorph,Normal,upright,1.0,0.0,0.0,0.048735928654453,55.74937027706603,0.1943327362004064,1
31,1.0333333333333334,Participant4_RS_FuUp,Endomorph,Normal,upright,1.0,0.0,0.0,0.0333371210954381,55.54979863698212,0.1854319061662728,1
32,1.0666666666666669,Participant4_RS_FuUp,Endomorph,Normal,upright,1.0,0.0,0.0,0.0698507018059793,55.88477356654208,0.2046924504124144,1
33,1.1,Participant4_RS_FuUp,Endomorph,Normal,upright,1.0,0.0,0.0,-0.0117294445035456,53.09831607291938,0.1274990928981141,1
34,1.1333333333333333,Participant4_RS_FuUp,Endomorph,Normal,upright,1.0,0.0,0.0,0.0143682263399401,52.80098045046865,0.1254333027589011,1
35,1.1666666666666667,Participant4_RS_FuUp,Endomorph,Normal,upright,1.0,0.0,0.0,-0.0191495361794629,54.7903518422239,0.1405082285013131,1
36,1.2,Participant4_RS_FuUp,Endomorph,Normal,upright,1.0,0.0,0.0,-0.0416221601789013,55.20402791783632,0.1611553754717346,1
37,1.2333333333333334,Participant4_RS_FuUp,Endomorph,Normal,upright,1.0,0.0,0.0,-0.0844148904287123,54.8080893203266,0.114186383136017,1
38,1.2666666666666666,Participant4_RS_FuUp,Endomorph,Normal,upright,1.0,0.0,0.0,-0.0570332021337141,53.35592984838659,0.055402471895062,1
39,1.3,Participant4_RS_FuUp,Endomorph,Normal,upright,1.0,0.0,0.0,-0.033914106836023,55.98354324859301,0.2018906570505939,1
40,1.3333333333333333,Participant4_RS_FuUp,Endomorph,Normal,upright,1.0,0.0,0.0,0.0095828113763719,55.98905697288016,0.1932007024358183,1
41,1.3666666666666667,Participant4_RS_FuUp,Endomorph,Normal,upright,1.0,0.0,0.0,-0.0881643930238542,54.531162248631134,0.1282273195134114,1
42,1.4,Participant4_RS_FuUp,Endomorph,Normal,upright,1.0,0.0,0.0,-0.0576518819623278,55.22631826851797,0.1590764143334681,1
43,1.4333333333333331,Participant4_RS_FuUp,Endomorph,Normal,upright,1.0,0.0,0.0,-0.049284196621278,56.34387760733258,0.1216622343603903,1
44,1.4666666666666666,Participant4_RS_FuUp,Endomorph,Normal,upright,1.0,0.0,0.0,0.0302931538308286,55.19013738159824,0.1457215005683681,1
45,1.5,Participant4_RS_FuUp,Endomorph,Normal,upright,1.0,0.0,0.0,0.0313114331942976,56.34528244874014,0.1763113832027502,1
46,1.5333333333333334,Participant4_RS_FuUp,Endomorph,Normal,upright,1.0,0.0,0.0,-0.0644418612959136,53.25670321247139,0.1598004174640615,1
47,1.5666666666666669,Participant4_RS_FuUp,Endomorph,Normal,upright,1.0,0.0,0.0,-0.039779819454116,53.51414714117539,0.1590875207851673,1
48,1.6,Participant4_RS_FuUp,Endomorph,Normal,upright,1.0,0.0,0.0,-0.0036370210763961,53.862991791028,0.1722875206326119,1
49,1.6333333333333333,Participant4_RS_FuUp,Endomorph,Normal,upright,1.0,0.0,0.0,-0.0017727269758214,54.50902227435564,0.1468401363313139,1
50,1.6666666666666667,Participant4_RS_FuUp,Endomorph,Normal,upright,1.0,0.0,0.0,-0.0303788763425027,54.638218750537625,0.1515345582706223,1
51,1.7,Participant4_RS_FuUp,Endomorph,Normal,upright,1.0,0.0,0.0,-0.0412874615062546,55.296280830973096,0.1303410571072409,1
52,1.7333333333333334,Participant4_RS_FuUp,Endomorph,Normal,upright,1.0,0.0,0.0,-0.0132077504673683,53.619958351375175,0.1538093517295082,1
53,1.7666666666666666,Participant4_RS_FuUp,Endomorph,Normal,upright,1.0,0.0,0.0,-0.0470430455438855,55.626334678753146,0.1960280930342427,1
54,1.8,Participant4_RS_FuUp,Endomorph,Normal,upright,1.0,0.0,0.0,-0.0580499265769568,55.35461492682873,0.1139727951140777,1
55,1.8333333333333333,Participant4_RS_FuUp,Endomorph,Normal,upright,1.0,0.0,0.0,-0.018141950546308,56.47048431922367,0.1393640552717876,1
56,1.8666666666666667,Participant4_RS_FuUp,Endomorph,Normal,upright,1.0,0.0,0.0,-0.0412935884456084,55.04604501998924,0.1098343967728338,1
57,1.9,Participant4_RS_FuUp,Endomorph,Normal,upright,1.0,0.0,0.0,-0.0380804795042816,53.91006754231654,0.0952782324811145,1
58,1.9333333333333331,Participant4_RS_FuUp,Endomorph,Normal,upright,1.0,0.0,0.0,-0.0545558612194254,55.84186186623837,0.1135921200266305,1
59,1.9666666666666663,Participant4_RS_FuUp,Endomorph,Normal,upright,1.0,0.0,0.0,-0.0132457570912499,53.73072934831442,0.1276097515660395,1
60,2.0,Participant4_RS_FuUp,Endomorph,Normal,upright,1.0,0.0,0.0,-0.0138845599728749,52.69927010292516,0.1561117289600083,1
61,2.033333333333333,Participant4_RS_FuUp,Endomorph,Normal,upright,1.0,0.0,0.0,-0.0212956400068222,53.01956350198446,0.1564627378663141,1
62,2.066666666666667,Participant4_RS_FuUp,Endomorph,Normal,upright,1.0,0.0,0.0,-0.0522437932077424,53.56089286801599,0.0665861898740908,1
63,2.1,Participant4_RS_FuUp,Endomorph,Normal,upright,1.0,0.0,0.0,-0.0112129611194808,54.78509841500917,0.1869493210970913,1
64,2.1333333333333333,Participant4_RS_FuUp,Endomorph,Normal,upright,1.0,0.0,0.0,0.0012519832582722,54.41567493561482,0.1996110987695774,1
65,2.1666666666666665,Participant4_RS_FuUp,Endomorph,Normal,upright,1.0,0.0,0.0,-0.0085518018616339,53.91526417100976,0.1924507513662094,1
66,2.2,Participant4_RS_FuUp,Endomorph,Normal,upright,1.0,0.0,0.0,0.0093238366175073,54.5746365863462,0.2005133113776747,1
67,2.2333333333333334,Participant4_RS_FuUp,Endomorph,Normal,upright,1.0,0.0,0.0,0.0899646160854614,55.28114098045399,0.2274726755135854,1
68,2.2666666666666666,Participant4_RS_FuUp,Endomorph,Normal,upright,1.0,0.0,0.0,0.0088928140901521,52.95277920216376,0.1966502247632144,1
69,2.3,Participant4_RS_FuUp,Endomorph,Normal,upright,1.0,0.0,0.0,0.0432911563432648,56.55532161455641,0.2406259893563148,1
70,2.333333333333333,Participant4_RS_FuUp,Endomorph,Normal,upright,1.0,0.0,0.0,0.0220209440230779,55.9778553829023,0.2263933170099994,1
71,2.3666666666666667,Participant4_RS_FuUp,Endomorph,Normal,upright,1.0,0.0,0.0,-0.0013711215450155,54.69056157792431,0.1692128407667206,1
72,2.4,Participant4_RS_FuUp,Endomorph,Normal,upright,1.0,0.0,0.0,0.0015191912508926,56.62572339884693,0.2363533756732442,1
73,2.433333333333333,Participant4_RS_FuUp,Endomorph,Normal,upright,1.0,0.0,0.0,-0.0432078034919747,54.62671472028311,0.1713460040076761,1
74,2.466666666666667,Participant4_RS_FuUp,Endomorph,Normal,upright,1.0,0.0,0.0,-0.0568804395235454,54.04778148153813,0.0914178825476601,1
75,2.5,Participant4_RS_FuUp,Endomorph,Normal,upright,1.0,0.0,0.0,-0.0224176676631205,55.629508923378005,0.1449458539099471,1
76,2.533333333333333,Participant4_RS_FuUp,Endomorph,Normal,upright,1.0,0.0,0.0,-0.0498375595692627,56.75271126890352,0.1460274774333261,1
77,2.566666666666667,Participant4_RS_FuUp,Endomorph,Normal,upright,1.0,0.0,0.0,-0.025757151024822,55.5693850095921,0.2008670676821227,1
78,2.6,Participant4_RS_FuUp,Endomorph,Normal,upright,1.0,0.0,0.0,-0.0378458832035903,54.330072633290975,0.1713372519416722,1
79,2.6333333333333333,Participant4_RS_FuUp,Endomorph,Normal,upright,1.0,0.0,0.0,0.0446567761799171,55.53357758697849,0.2389731617990294,1
80,2.6666666666666665,Participant4_RS_FuUp,Endomorph,Normal,upright,1.0,0.0,0.0,-0.0045739497061265,56.34123224561197,0.1785941896295631,1
81,2.7,Participant4_RS_FuUp,Endomorph,Normal,upright,1.0,0.0,0.0,-0.0244807946906684,56.10727705830087,0.1163219788181008,1
82,2.7333333333333334,Participant4_RS_FuUp,Endomorph,Normal,upright,1.0,0.0,0.0,-0.0829554821491551,53.78576839560769,0.0669998807177538,1
83,2.7666666666666666,Participant4_RS_FuUp,Endomorph,Normal,upright,1.0,0.0,0.0,-0.10453293606663,55.1535593081614,0.0725744940073812,1
84,2.8,Participant4_RS_FuUp,Endomorph,Normal,upright,1.0,0.0,0.0,-0.0442090946436983,56.19682766279092,0.1153937433721167,1
85,2.833333333333333,Participant4_RS_FuUp,Endomorph,Normal,upright,1.0,0.0,0.0,-0.048890190427159,54.61015671637659,0.0829908562572725,1
86,2.8666666666666667,Participant4_RS_FuUp,Endomorph,Normal,upright,1.0,0.0,0.0,-0.1248015131989329,53.92798552682922,0.0291871613611248,1
87,2.9,Participant4_RS_FuUp,Endomorph,Normal,upright,1.0,0.0,0.0,-0.0092002693131167,56.52601191643118,0.1901992371299384,1
88,2.933333333333333,Participant4_RS_FuUp,Endomorph,Normal,upright,1.0,0.0,0.0,-0.0186597564797441,56.60194836325596,0.1917966187223421,1
89,2.966666666666667,Participant4_RS_FuUp,Endomorph,Normal,upright,1.0,0.0,0.0,-0.0438731889940022,54.775229478660776,0.2029330681845677,1
90,3.0,Participant4_RS_FuUp,Endomorph,Normal,upright,1.0,0.0,0.0,0.0530162385968011,55.16692319445249,0.2113629765919573,1
91,3.033333333333333,Participant4_RS_FuUp,Endomorph,Normal,upright,1.0,0.0,0.0,0.0257399593599976,55.04212354802149,0.207201971926362,1
92,3.066666666666667,Participant4_RS_FuUp,Endomorph,Normal,upright,1.0,0.0,0.0,0.0419978071026068,54.93013595440476,0.2359720252405582,1
93,3.1,Participant4_RS_FuUp,Endomorph,Normal,upright,1.0,0.0,0.0,-0.0307075194435777,57.07224185833395,0.161706041743172,1
94,3.1333333333333333,Participant4_RS_FuUp,Endomorph,Normal,upright,1.0,0.0,0.0,-0.0895975458458562,55.99778154033203,0.1728861852113164,1
95,3.1666666666666665,Participant4_RS_FuUp,Endomorph,Normal,upright,1.0,0.0,0.0,0.0142848009320938,57.16797572359037,0.1379171301382681,1
96,3.2,Participant4_RS_FuUp,Endomorph,Normal,upright,1.0,0.0,0.0,-0.0247523669980408,55.67115455591357,0.0938455943825605,1
97,3.2333333333333334,Participant4_RS_FuUp,Endomorph,Normal,upright,1.0,0.0,0.0,-0.0774256959226882,56.69641861121472,0.1500410414664007,1
98,3.2666666666666666,Participant4_RS_FuUp,Endomorph,Normal,upright,1.0,0.0,0.0,-0.0827488696744978,55.74227826444288,0.0890998893767345,1
99,3.3,Participant4_RS_FuUp,Endomorph,Normal,upright,1.0,0.0,0.0,-0.0863592056458637,55.56763052588867,0.0831668461264261,1
100,3.333333333333333,Participant4_RS_FuUp,Endomorph,Normal,upright,1.0,0.0,0.0,-0.0569072274326462,57.17141409958362,0.1327445061888532,1
101,3.3666666666666667,Participant4_RS_FuUp,Endomorph,Normal,upright,1.0,0.0,0.0,0.0062264714931895,56.738366478786425,0.1841116713770116,1
102,3.4,Participant4_RS_FuUp,Endomorph,Normal,upright,1.0,0.0,0.0,-0.026349947762591,55.792003857941566,0.1549853428850431,1
103,3.433333333333333,Participant4_RS_FuUp,Endomorph,Normal,upright,1.0,0.0,0.0,-0.0153119080105704,56.00636254285117,0.1490367691118387,1
104,3.466666666666667,Participant4_RS_FuUp,Endomorph,Normal,upright,1.0,0.0,0.0,-0.0751508727207317,54.89928082027189,0.1154749986433589,1
105,3.5,Participant4_RS_FuUp,Endomorph,Normal,upright,1.0,0.0,0.0,-0.1081078875877592,53.619692950097146,0.0910949754842456,1
106,3.533333333333333,Participant4_RS_FuUp,Endomorph,Normal,upright,1.0,0.0,0.0,-0.1003145004944093,54.23096618670636,0.0897793321206989,1
107,3.566666666666667,Participant4_RS_FuUp,Endomorph,Normal,upright,1.0,0.0,0.0,-0.0555626360258386,55.91599196741726,0.1535941786421468,1
108,3.6,Participant4_RS_FuUp,Endomorph,Normal,upright,1.0,0.0,0.0,-0.0482123293777613,54.87279765773579,0.1163354259559005,1
109,3.633333333333333,Participant4_RS_FuUp,Endomorph,Normal,upright,1.0,0.0,0.0,-0.0566665442345049,57.325113043563626,0.1337569255906577,1
110,3.6666666666666665,Participant4_RS_FuUp,Endomorph,Normal,upright,1.0,0.0,0.0,0.0109425193870936,56.32857135555408,0.2160120595362609,1
111,3.7,Participant4_RS_FuUp,Endomorph,Normal,upright,1.0,0.0,0.0,-0.0392294636229317,56.94871025800898,0.1813877160687059,1
112,3.733333333333333,Participant4_RS_FuUp,Endomorph,Normal,upright,1.0,0.0,0.0,-0.0320388880331497,57.05524638673189,0.163241194424837,1
113,3.7666666666666666,Participant4_RS_FuUp,Endomorph,Normal,upright,1.0,0.0,0.0,0.0365308650920293,55.78184800498795,0.2143235303827259,1
114,3.8,Participant4_RS_FuUp,Endomorph,Normal,upright,1.0,0.0,0.0,-0.1242959252545104,54.130535326504194,0.1059658505422024,1
115,3.8333333333333335,Participant4_RS_FuUp,Endomorph,Normal,upright,1.0,0.0,0.0,-0.0589862701356749,55.99070481867701,0.1470991276480463,1
116,3.8666666666666663,Participant4_RS_FuUp,Endomorph,Normal,upright,1.0,0.0,0.0,-0.0752042024434687,57.82824592123255,0.1318673552076194,1
117,3.9,Participant4_RS_FuUp,Endomorph,Normal,upright,1.0,0.0,0.0,-0.0692420128134848,57.02861937401517,0.1638663838991078,1
118,3.933333333333333,Participant4_RS_FuUp,Endomorph,Normal,upright,1.0,0.0,0.0,-0.0809143003550665,53.88458667158783,0.1015073751739265,1
119,3.966666666666667,Participant4_RS_FuUp,Endomorph,Normal,upright,1.0,0.0,0.0,-0.1495293733795613,56.6520183822774,0.1058324974307257,1
120,4.0,Participant4_RS_FuUp,Endomorph,Normal,upright,1.0,0.0,0.0,-0.0441113262506958,55.94299719847496,0.165019023402734,1
121,4.033333333333333,Participant4_RS_FuUp,Endomorph,Normal,upright,1.0,0.0,0.0,-0.0036853648648897,55.72978178756016,0.1773211625509617,1
122,4.066666666666666,Participant4_RS_FuUp,Endomorph,Normal,upright,1.0,0.0,0.0,-0.0791626919684489,58.516866581936206,0.1181293194137991,1
123,4.1,Participant4_RS_FuUp,Endomorph,Normal,upright,1.0,0.0,0.0,-0.0259248232186329,57.254506041361,0.1558293064671099,1
124,4.133333333333334,Participant4_RS_FuUp,Endomorph,Normal,upright,1.0,0.0,0.0,-0.036880210993247,55.47709115019167,0.0928989649336968,1
125,4.166666666666667,Participant4_RS_FuUp,Endomorph,Normal,upright,1.0,0.0,0.0,0.0188463784421612,56.6459415562856,0.178041109589965,1
126,4.2,Participant4_RS_FuUp,Endomorph,Normal,upright,1.0,0.0,0.0,0.0156153303666051,57.9293476238393,0.2073663652129815,1
127,4.233333333333333,Participant4_RS_FuUp,Endomorph,Normal,upright,1.0,0.0,0.0,0.0454307897658812,57.62764074176432,0.2208292953242555,1
128,4.266666666666667,Participant4_RS_FuUp,Endomorph,Normal,upright,1.0,0.0,0.0,-0.0084242993074478,56.60317434235285,0.1771081161888741,1
129,4.3,Participant4_RS_FuUp,Endomorph,Normal,upright,1.0,0.0,0.0,0.0411978027573833,57.04110352314359,0.1983305158390242,1
130,4.333333333333333,Participant4_RS_FuUp,Endomorph,Normal,upright,1.0,0.0,0.0,0.0590875636341071,57.918247326547394,0.2442267750817698,1
131,4.366666666666666,Participant4_RS_FuUp,Endomorph,Normal,upright,1.0,0.0,0.0,-0.0037992263217448,56.93199787009978,0.2084719170103874,1
132,4.4,Participant4_RS_FuUp,Endomorph,Normal,upright,1.0,0.0,0.0,-0.0027834145573195,57.3985070760649,0.1723022018896503,1
133,4.433333333333334,Participant4_RS_FuUp,Endomorph,Normal,upright,1.0,0.0,0.0,0.0464942980983864,57.24991073054925,0.2100275301154435,1
134,4.466666666666667,Participant4_RS_FuUp,Endomorph,Normal,upright,1.0,0.0,0.0,0.0339865020214241,57.58540702987349,0.2007315500677222,1
135,4.5,Participant4_RS_FuUp,Endomorph,Normal,upright,1.0,0.0,0.0,0.0434809478201399,57.24693418575047,0.2261024640663635,1
136,4.533333333333333,Participant4_RS_FuUp,Endomorph,Normal,upright,1.0,0.0,0.0,-0.0565237728232169,55.82013701662824,0.1101583688622519,1
137,4.566666666666666,Participant4_RS_FuUp,Endomorph,Normal,upright,1.0,0.0,0.0,-0.0451966520557868,57.6939809248759,0.1387097825287556,1
138,4.6,Participant4_RS_FuUp,Endomorph,Normal,upright,1.0,0.0,0.0,0.0717078547575051,58.35432934761656,0.2159914752193845,1
139,4.633333333333334,Participant4_RS_FuUp,Endomorph,Normal,upright,1.0,0.0,0.0,0.0901875967174732,57.80729494622615,0.2214193032620948,1
140,4.666666666666667,Participant4_RS_FuUp,Endomorph,Normal,upright,1.0,0.0,0.0,0.0227528861845869,57.53627996122408,0.1979318844915848,1
141,4.7,Participant4_RS_FuUp,Endomorph,Normal,upright,1.0,0.0,0.0,0.030975802880151,57.931622134500365,0.1665759088350236,1
142,4.733333333333333,Participant4_RS_FuUp,Endomorph,Normal,upright,1.0,0.0,0.0,-0.025255599161899,56.87450372545181,0.1549668042860215,1
143,4.766666666666667,Participant4_RS_FuUp,Endomorph,Normal,upright,1.0,0.0,0.0,0.0592988726876502,59.2155975915832,0.1993530889085495,1
144,4.8,Participant4_RS_FuUp,Endomorph,Normal,upright,1.0,0.0,0.0,-0.0058738240042511,58.92357407585752,0.2242044122854578,1
145,4.833333333333333,Participant4_RS_FuUp,Endomorph,Normal,upright,1.0,0.0,0.0,0.0423664393691993,57.54644776090499,0.1891197426013743,1
146,4.866666666666666,Participant4_RS_FuUp,Endomorph,Normal,upright,1.0,0.0,0.0,0.0146288645287737,58.56117181267903,0.1880879702975346,1
147,4.9,Participant4_RS_FuUp,Endomorph,Normal,upright,1.0,0.0,0.0,0.0140978599107403,56.90580383734223,0.0879974187712396,1
148,4.933333333333334,Participant4_RS_FuUp,Endomorph,Normal,upright,1.0,0.0,0.0,-0.0304687457831008,56.11290004287095,0.1497625949937339,1
149,4.966666666666667,Participant4_RS_FuUp,Endomorph,Normal,upright,1.0,0.0,0.0,0.0041058931044934,56.29636374917694,0.173116314388899,1
150,5.0,Participant4_RS_FuUp,Endomorph,Normal,upright,1.0,0.0,0.0,0.1007608940204271,58.04006588612068,0.1854686927716698,1
151,5.033333333333333,Participant4_RS_FuUp,Endomorph,Normal,upright,1.0,0.0,0.0,0.0412166647422897,58.396279511165,0.1721732887079468,1
152,5.066666666666666,Participant4_RS_FuUp,Endomorph,Normal,upright,1.0,0.0,0.0,0.0415288937457499,58.18970650555549,0.1726676157750193,1
153,5.1,Participant4_RS_FuUp,Endomorph,Normal,upright,1.0,0.0,0.0,0.0881318529695726,57.64978757617416,0.2289188367238297,1
154,5.133333333333334,Participant4_RS_FuUp,Endomorph,Normal,upright,1.0,0.0,0.0,0.0713522303560364,58.01800376163936,0.2205234991013883,1
155,5.166666666666667,Participant4_RS_FuUp,Endomorph,Normal,upright,1.0,0.0,0.0,0.0360918400038431,58.80389637571033,0.2103295995230752,1
156,5.2,Participant4_RS_FuUp,Endomorph,Normal,upright,1.0,0.0,0.0,0.0620463409412544,59.413428878849686,0.2093511472264421,1
157,5.233333333333333,Participant4_RS_FuUp,Endomorph,Normal,upright,1.0,0.0,0.0,0.0693435936672368,59.47865274994584,0.2079734910765439,1
158,5.266666666666667,Participant4_RS_FuUp,Endomorph,Normal,upright,1.0,0.0,0.0,0.0480844018286333,58.668408201445374,0.2062320661829127,1
159,5.3,Participant4_RS_FuUp,Endomorph,Normal,upright,1.0,0.0,0.0,-0.0134693497689878,57.9314710564019,0.1529850785757669,1
160,5.333333333333333,Participant4_RS_FuUp,Endomorph,Normal,upright,1.0,0.0,0.0,0.0797972701393754,57.27734575609995,0.1876012906668746,1
161,5.366666666666666,Participant4_RS_FuUp,Endomorph,Normal,upright,1.0,0.0,0.0,0.0458137153651401,57.43268023887453,0.1700526673046367,1
162,5.4,Participant4_RS_FuUp,Endomorph,Normal,upright,1.0,0.0,0.0,0.0585976273198211,57.98576844529328,0.1552214269980181,1
163,5.433333333333334,Participant4_RS_FuUp,Endomorph,Normal,upright,1.0,0.0,0.0,0.0490564669554067,56.28044040486734,0.1371927679378073,1
164,5.466666666666667,Participant4_RS_FuUp,Endomorph,Normal,upright,1.0,0.0,0.0,0.0998489738321458,58.1417256706556,0.1751230357380658,1
165,5.5,Participant4_RS_FuUp,Endomorph,Normal,upright,1.0,0.0,0.0,0.0763767308837203,58.25933083274473,0.1843769520831988,1
166,5.533333333333333,Participant4_RS_FuUp,Endomorph,Normal,upright,1.0,0.0,0.0,0.0455972575359635,59.536424338273335,0.2220724275769915,1
167,5.566666666666666,Participant4_RS_FuUp,Endomorph,Normal,upright,1.0,0.0,0.0,0.0400252709596131,59.07473788769353,0.2366174102191777,1
168,5.6,Participant4_RS_FuUp,Endomorph,Normal,upright,1.0,0.0,0.0,0.0789385822082655,57.51868200725159,0.1750334295701413,1
169,5.633333333333334,Participant4_RS_FuUp,Endomorph,Normal,upright,1.0,0.0,0.0,0.0812782305978998,57.836226051647685,0.1985647060506408,1
170,5.666666666666667,Participant4_RS_FuUp,Endomorph,Normal,upright,1.0,0.0,0.0,0.0842308712055771,57.346894598771,0.1929975907676421,1
171,5.7,Participant4_RS_FuUp,Endomorph,Normal,upright,1.0,0.0,0.0,0.0138728906903997,55.99345676189747,0.1783437980017469,1
172,5.733333333333333,Participant4_RS_FuUp,Endomorph,Normal,upright,1.0,0.0,0.0,-0.0176582661203769,57.64248295475304,0.1882365080729556,1
173,5.766666666666667,Participant4_RS_FuUp,Endomorph,Normal,upright,1.0,0.0,0.0,-0.0104894084332916,57.36127771789959,0.190540740135811,1
174,5.8,Participant4_RS_FuUp,Endomorph,Normal,upright,1.0,0.0,0.0,-0.0326159891670841,58.59008887874151,0.1349539381332556,1
175,5.833333333333333,Participant4_RS_FuUp,Endomorph,Normal,upright,1.0,0.0,0.0,0.014231248829866,58.36696697323066,0.175352466899018,1
176,5.866666666666666,Participant4_RS_FuUp,Endomorph,Normal,upright,1.0,0.0,0.0,0.0026823391391377,58.026806152715054,0.1743397024770271,1
177,5.9,Participant4_RS_FuUp,Endomorph,Normal,upright,1.0,0.0,0.0,-0.0016399911662973,57.80335059644116,0.1415781244946034,1
178,5.933333333333334,Participant4_RS_FuUp,Endomorph,Normal,upright,1.0,0.0,0.0,0.0714774185886831,57.59201550436278,0.1659683037925904,1
179,5.966666666666667,Participant4_RS_FuUp,Endomorph,Normal,upright,1.0,0.0,0.0,0.0781940721645212,55.832210067442674,0.1943754171769018,1
180,6.0,Participant4_RS_FuUp,Endomorph,Normal,upright,1.0,0.0,0.0,0.0328712022260747,56.297805603170026,0.2010864120194719,1
181,6.033333333333333,Participant4_RS_FuUp,Endomorph,Normal,upright,1.0,0.0,0.0,0.0671955829674523,57.55483416390519,0.1964718605963379,1
182,6.066666666666666,Participant4_RS_FuUp,Endomorph,Normal,upright,1.0,0.0,0.0,0.0468300269645056,57.21496036941153,0.2088858941496668,1
183,6.1,Participant4_RS_FuUp,Endomorph,Normal,upright,1.0,0.0,0.0,0.020938750534367,57.365572567102944,0.1852584022253859,1
184,6.133333333333334,Participant4_RS_FuUp,Endomorph,Normal,upright,1.0,0.0,0.0,0.0280160102457359,57.45869440171941,0.1948043259766394,1
185,6.166666666666667,Participant4_RS_FuUp,Endomorph,Normal,upright,1.0,0.0,0.0,-0.0474552232805665,58.33997263758164,0.1765863751840659,1
186,6.2,Participant4_RS_FuUp,Endomorph,Normal,upright,1.0,0.0,0.0,-0.003417632311796,56.265819572610496,0.2060363667693943,1
187,6.233333333333333,Participant4_RS_FuUp,Endomorph,Normal,upright,1.0,0.0,0.0,0.0060218012159137,57.43729871697466,0.190819843009342,1
188,6.266666666666667,Participant4_RS_FuUp,Endomorph,Normal,upright,1.0,0.0,0.0,-0.0114246432722969,57.06247906060142,0.0839458016911339,1
189,6.3,Participant4_RS_FuUp,Endomorph,Normal,upright,1.0,0.0,0.0,-0.0194778828602302,58.60830018879523,0.1569774439295652,1
190,6.333333333333333,Participant4_RS_FuUp,Endomorph,Normal,upright,1.0,0.0,0.0,-0.0420617089492798,54.38637705953622,0.0914205906514968,1
191,6.366666666666666,Participant4_RS_FuUp,Endomorph,Normal,upright,1.0,0.0,0.0,0.0155039453384671,58.17693248231763,0.1369512920121913,1
192,6.4,Participant4_RS_FuUp,Endomorph,Normal,upright,1.0,0.0,0.0,-0.0620215851020796,57.01517121515679,0.0379745539966147,1
193,6.433333333333334,Participant4_RS_FuUp,Endomorph,Normal,upright,1.0,0.0,0.0,0.003027107649259,56.01541995519971,0.1430882590277924,1
194,6.466666666666667,Participant4_RS_FuUp,Endomorph,Normal,upright,1.0,0.0,0.0,0.0365149569343659,55.19863667786104,0.1837255571241372,1
195,6.5,Participant4_RS_FuUp,Endomorph,Normal,upright,1.0,0.0,0.0,0.0261675088993352,55.31606011194496,0.171816830667203,1
196,6.533333333333333,Participant4_RS_FuUp,Endomorph,Normal,upright,1.0,0.0,0.0,0.0025233656208718,55.34158133495868,0.1692892194815748,1
197,6.566666666666666,Participant4_RS_FuUp,Endomorph,Normal,upright,1.0,0.0,0.0,0.0132171589361246,57.433148969709805,0.1385132378102512,1
198,6.6,Participant4_RS_FuUp,Endomorph,Normal,upright,1.0,0.0,0.0,0.0058495499245083,57.437481473473774,0.1364679696979742,1
199,6.633333333333334,Participant4_RS_FuUp,Endomorph,Normal,upright,1.0,0.0,0.0,-0.0118888096323617,58.06287842711662,0.1710273669454003,1
200,6.666666666666667,Participant4_RS_FuUp,Endomorph,Normal,upright,1.0,0.0,0.0,-0.0360970741618743,55.8150047136179,0.1115724794406111,1
201,6.7,Participant4_RS_FuUp,Endomorph,Normal,upright,1.0,0.0,0.0,0.0037509648381863,55.96739550922538,0.1086577403311374,1
202,6.733333333333333,Participant4_RS_FuUp,Endomorph,Normal,upright,1.0,0.0,0.0,-0.0054214934493551,55.04926620415055,0.0932391929208654,1
203,6.766666666666667,Participant4_RS_FuUp,Endomorph,Normal,upright,1.0,0.0,0.0,0.0292070516820636,57.55329831801329,0.2240617696718021,1
204,6.8,Participant4_RS_FuUp,Endomorph,Normal,upright,1.0,0.0,0.0,0.0943577424546201,57.97182253501956,0.2021593539017186,1
205,6.833333333333333,Participant4_RS_FuUp,Endomorph,Normal,upright,1.0,0.0,0.0,0.080248747122397,57.6698864038995,0.1917216102504594,1
206,6.866666666666666,Participant4_RS_FuUp,Endomorph,Normal,upright,1.0,0.0,0.0,0.0455222152807135,57.92339054348191,0.1267488341897821,1
207,6.9,Participant4_RS_FuUp,Endomorph,Normal,upright,1.0,0.0,0.0,0.00826022877837,55.253582805975775,0.1146976540511282,1
208,6.933333333333334,Participant4_RS_FuUp,Endomorph,Normal,upright,1.0,0.0,0.0,0.0051059638288401,57.524069630452274,0.1756110884079081,1
209,6.966666666666667,Participant4_RS_FuUp,Endomorph,Normal,upright,1.0,0.0,0.0,0.030928028225271,57.60047498113168,0.2053333789028084,1
210,7.0,Participant4_RS_FuUp,Endomorph,Normal,upright,1.0,0.0,0.0,-0.0849138801552861,57.35754306757117,0.1115145239263703,1
211,7.033333333333333,Participant4_RS_FuUp,Endomorph,Normal,upright,1.0,0.0,0.0,-0.0247391351031092,56.432081355247774,0.1409751528721427,1
212,7.066666666666666,Participant4_RS_FuUp,Endomorph,Normal,upright,1.0,0.0,0.0,0.0201448850685405,55.50630067413385,0.1430813974264964,1
213,7.1,Participant4_RS_FuUp,Endomorph,Normal,upright,1.0,0.0,0.0,-0.0298038980616813,54.83529841930516,0.085701387972213,1
214,7.133333333333334,Participant4_RS_FuUp,Endomorph,Normal,upright,1.0,0.0,0.0,-0.0223541006731637,54.78908753555577,0.1529885438221944,1
215,7.166666666666667,Participant4_RS_FuUp,Endomorph,Normal,upright,1.0,0.0,0.0,-0.053647641436078,56.01066781695257,0.0804854578612094,1
216,7.2,Participant4_RS_FuUp,Endomorph,Normal,upright,1.0,0.0,0.0,-0.0347433979189062,57.50415798506064,0.139167377179061,1
217,7.233333333333333,Participant4_RS_FuUp,Endomorph,Normal,upright,1.0,0.0,0.0,0.0460136776122843,59.04779197792849,0.1299707237177811,1
218,7.266666666666667,Participant4_RS_FuUp,Endomorph,Normal,upright,1.0,0.0,0.0,0.0502389614940724,58.22411933795395,0.1338851877059596,1
219,7.3,Participant4_RS_FuUp,Endomorph,Normal,upright,1.0,0.0,0.0,0.0158915489578467,59.07075304507523,0.1312395599904388,1
220,7.333333333333333,Participant4_RS_FuUp,Endomorph,Normal,upright,1.0,0.0,0.0,0.00247401363975,59.137982232067,0.1415548218155293,1
221,7.366666666666666,Participant4_RS_FuUp,Endomorph,Normal,upright,1.0,0.0,0.0,-0.0095152518290917,55.801751137419686,0.0803991188359029,1
222,7.4,Participant4_RS_FuUp,Endomorph,Normal,upright,1.0,0.0,0.0,-0.0581655327185579,56.66919164717443,0.1550114278876154,1
223,7.433333333333334,Participant4_RS_FuUp,Endomorph,Normal,upright,1.0,0.0,0.0,0.033657935689671,56.11454223962101,0.1849941218743739,1
224,7.466666666666667,Participant4_RS_FuUp,Endomorph,Normal,upright,1.0,0.0,0.0,0.1050037061441334,57.09824573306984,0.2204546098191404,1
225,7.5,Participant4_RS_FuUp,Endomorph,Normal,upright,1.0,0.0,0.0,0.0576903008545195,54.71126820733179,0.1950086577226945,1
226,7.533333333333333,Participant4_RS_FuUp,Endomorph,Normal,upright,1.0,0.0,0.0,-0.0023788744248494,56.60265290985512,0.1535642024141278,1
227,7.566666666666666,Participant4_RS_FuUp,Endomorph,Normal,upright,1.0,0.0,0.0,-0.0061825577937474,58.40907132800863,0.1570858376629404,1
228,7.6,Participant4_RS_FuUp,Endomorph,Normal,upright,1.0,0.0,0.0,0.0124648969837133,58.176016720350376,0.1833054992627033,1
229,7.633333333333334,Participant4_RS_FuUp,Endomorph,Normal,upright,1.0,0.0,0.0,0.0503544699224827,57.248779437236685,0.1806205999449593,1
230,7.666666666666667,Participant4_RS_FuUp,Endomorph,Normal,upright,1.0,0.0,0.0,0.06147903404582,59.64621927322516,0.1619278311228841,1
231,7.7,Participant4_RS_FuUp,Endomorph,Normal,upright,1.0,0.0,0.0,0.0235867817841595,59.49634580958615,0.1549684368117548,1
232,7.733333333333333,Participant4_RS_FuUp,Endomorph,Normal,upright,1.0,0.0,0.0,0.0928373404365707,57.25416740507554,0.2098614812491991,1
233,7.766666666666667,Participant4_RS_FuUp,Endomorph,Normal,upright,1.0,0.0,0.0,0.0378435972307862,56.6664078215167,0.1943003697270567,1
234,7.8,Participant4_RS_FuUp,Endomorph,Normal,upright,1.0,0.0,0.0,0.0991076220909997,56.10781015868251,0.2046546985640556,1
235,7.833333333333333,Participant4_RS_FuUp,Endomorph,Normal,upright,1.0,0.0,0.0,0.0621238212212983,56.83235817511611,0.2128796032700838,1
236,7.866666666666666,Participant4_RS_FuUp,Endomorph,Normal,upright,1.0,0.0,0.0,0.0650120896719044,55.84325477835071,0.2030691930743514,1
237,7.9,Participant4_RS_FuUp,Endomorph,Normal,upright,1.0,0.0,0.0,0.0593022341997535,57.93291887523725,0.154633713609346,1
238,7.933333333333334,Participant4_RS_FuUp,Endomorph,Normal,upright,1.0,0.0,0.0,0.0485084566777199,55.76187258033661,0.1872571588810054,1
239,7.966666666666667,Participant4_RS_FuUp,Endomorph,Normal,upright,1.0,0.0,0.0,0.0480734876868805,56.42944506220562,0.190199471262519,1
240,8.0,Participant4_RS_FuUp,Endomorph,Normal,upright,1.0,0.0,0.0,-0.0013331165990229,56.42496599680703,0.1577529625681314,1
241,8.033333333333333,Participant4_RS_FuUp,Endomorph,Normal,upright,1.0,0.0,0.0,0.0264924709541499,56.7180397438002,0.2213108061003457,1
242,8.066666666666666,Participant4_RS_FuUp,Endomorph,Normal,upright,1.0,0.0,0.0,0.0349409344295155,56.95389980167767,0.2214751029574406,1
243,8.1,Participant4_RS_FuUp,Endomorph,Normal,upright,1.0,0.0,0.0,-0.012203810962189,54.98753742649309,0.1947149979302335,1
244,8.133333333333333,Participant4_RS_FuUp,Endomorph,Normal,upright,1.0,0.0,0.0,0.0221879029607074,56.43155869871243,0.1452445718325229,1
245,8.166666666666666,Participant4_RS_FuUp,Endomorph,Normal,upright,1.0,0.0,0.0,0.0125098551674423,55.994679185889694,0.2380635942196645,1
246,8.2,Participant4_RS_FuUp,Endomorph,Normal,upright,1.0,0.0,0.0,0.0384360650771845,56.48462832628941,0.2056009448453603,1
247,8.233333333333333,Participant4_RS_FuUp,Endomorph,Normal,upright,1.0,0.0,0.0,0.0089710711502961,56.00090943387479,0.1948645187329951,1
248,8.266666666666667,Participant4_RS_FuUp,Endomorph,Normal,upright,1.0,0.0,0.0,-0.00384259182581,56.53888249793257,0.2083254328371563,1
249,8.3,Participant4_RS_FuUp,Endomorph,Normal,upright,1.0,0.0,0.0,0.0070660020690749,56.44753120440867,0.2019617589074011,1
250,8.333333333333334,Participant4_RS_FuUp,Endomorph,Normal,upright,1.0,0.0,0.0,0.0266608068903305,56.07595840717573,0.1695596077147782,1
251,8.366666666666667,Participant4_RS_FuUp,Endomorph,Normal,upright,1.0,0.0,0.0,0.0127664469128407,57.700604624422816,0.1470609427507015,1
252,8.4,Participant4_RS_FuUp,Endomorph,Normal,upright,1.0,0.0,0.0,0.1121333640537353,55.94459735825117,0.2182771484535338,1
253,8.433333333333334,Participant4_RS_FuUp,Endomorph,Normal,upright,1.0,0.0,0.0,0.0941687406799378,55.36438070394458,0.1971011982356471,1
254,8.466666666666667,Participant4_RS_FuUp,Endomorph,Normal,upright,1.0,0.0,0.0,0.0744772673789535,55.30201804825765,0.1983706709471117,1
255,8.5,Participant4_RS_FuUp,Endomorph,Normal,upright,1.0,0.0,0.0,0.0375498015512156,56.07221179893843,0.2334647612130074,1
256,8.533333333333333,Participant4_RS_FuUp,Endomorph,Normal,upright,1.0,0.0,0.0,0.0107915512326818,56.071864410094285,0.1861683502136474,1
257,8.566666666666666,Participant4_RS_FuUp,Endomorph,Normal,upright,1.0,0.0,0.0,0.0525030293337624,56.50835507917922,0.1736608826227476,1
258,8.6,Participant4_RS_FuUp,Endomorph,Normal,upright,1.0,0.0,0.0,0.0440076756233275,57.28050906143055,0.1721959501715728,1
259,8.633333333333333,Participant4_RS_FuUp,Endomorph,Normal,upright,1.0,0.0,0.0,0.063774099669304,57.3183890239167,0.1902281521691839,1
260,8.666666666666666,Participant4_RS_FuUp,Endomorph,Normal,upright,1.0,0.0,0.0,0.075323935887032,57.16813147051608,0.1861780650401268,1
261,8.7,Participant4_RS_FuUp,Endomorph,Normal,upright,1.0,0.0,0.0,0.0884624646580829,57.06724899539877,0.1708545367689844,1
262,8.733333333333333,Participant4_RS_FuUp,Endomorph,Normal,upright,1.0,0.0,0.0,0.0542262921369536,56.79522577917826,0.1808100942079052,1
263,8.766666666666667,Participant4_RS_FuUp,Endomorph,Normal,upright,1.0,0.0,0.0,0.0847035798409266,55.13256408823174,0.1684637133388512,1
264,8.8,Participant4_RS_FuUp,Endomorph,Normal,upright,1.0,0.0,0.0,0.0597893556784022,56.31641376574004,0.1915749027018846,1
265,8.833333333333334,Participant4_RS_FuUp,Endomorph,Normal,upright,1.0,0.0,0.0,0.0702557941138068,54.57412714542705,0.1725109127818674,1
266,8.866666666666667,Participant4_RS_FuUp,Endomorph,Normal,upright,1.0,0.0,0.0,0.0454413707157641,56.75591889998287,0.1907557673422375,1
267,8.9,Participant4_RS_FuUp,Endomorph,Normal,upright,1.0,0.0,0.0,0.0626039079269262,56.59482594383041,0.1971291425930139,1
268,8.933333333333334,Participant4_RS_FuUp,Endomorph,Normal,upright,1.0,0.0,0.0,0.0777605160069244,56.33032869797309,0.1991781608226636,1
269,8.966666666666667,Participant4_RS_FuUp,Endomorph,Normal,upright,1.0,0.0,0.0,0.0802277141941869,55.05569476252232,0.1696343211977501,1
270,9.0,Participant4_RS_FuUp,Endomorph,Normal,upright,1.0,0.0,0.0,0.0832370854706581,56.56052009140353,0.1762269912979874,1
271,9.033333333333331,Participant4_RS_FuUp,Endomorph,Normal,upright,1.0,0.0,0.0,0.0685905214308051,53.79272265604264,0.1511854635538667,1
272,9.066666666666666,Participant4_RS_FuUp,Endomorph,Normal,upright,1.0,0.0,0.0,0.0639421441345098,55.39573982933469,0.2045694012499002,1
273,9.1,Participant4_RS_FuUp,Endomorph,Normal,upright,1.0,0.0,0.0,0.0436711359832672,53.9718521818403,0.202983540548094,1
274,9.133333333333333,Participant4_RS_FuUp,Endomorph,Normal,upright,1.0,0.0,0.0,0.0959297108432554,55.16728122212973,0.1546298697848886,1
275,9.166666666666666,Participant4_RS_FuUp,Endomorph,Normal,upright,1.0,0.0,0.0,0.1183835121393547,56.12348537374962,0.2159651223670606,1
276,9.2,Participant4_RS_FuUp,Endomorph,Normal,upright,1.0,0.0,0.0,0.1317085456682665,55.56778177051032,0.2179309349519486,1
277,9.233333333333333,Participant4_RS_FuUp,Endomorph,Normal,upright,1.0,0.0,0.0,-0.0637285743344048,54.77822524794199,0.0905421205805478,1
278,9.266666666666667,Participant4_RS_FuUp,Endomorph,Normal,upright,1.0,0.0,0.0,0.0698924499011647,55.07691578611615,0.2176830818328863,1
279,9.3,Participant4_RS_FuUp,Endomorph,Normal,upright,1.0,0.0,0.0,0.1065468957023083,54.24190579610634,0.1892268162576465,1
280,9.333333333333334,Participant4_RS_FuUp,Endomorph,Normal,upright,1.0,0.0,0.0,0.1291495437076045,54.48092297280479,0.1525881755800119,1
281,9.366666666666667,Participant4_RS_FuUp,Endomorph,Normal,upright,1.0,0.0,0.0,0.1164611904669681,56.2283615424415,0.2213394772705387,1
282,9.4,Participant4_RS_FuUp,Endomorph,Normal,upright,1.0,0.0,0.0,0.0670576063227375,55.1743159989302,0.1746718033231656,1
283,9.433333333333334,Participant4_RS_FuUp,Endomorph,Normal,upright,1.0,0.0,0.0,0.0815979411987965,56.40371477022076,0.2280528344883387,1
284,9.466666666666669,Participant4_RS_FuUp,Endomorph,Normal,upright,1.0,0.0,0.0,0.0512189476073916,58.31299060388923,0.1601237336136479,1
285,9.5,Participant4_RS_FuUp,Endomorph,Normal,upright,1.0,0.0,0.0,0.0654006329171867,57.01605771024621,0.1667050943690678,1
286,9.533333333333331,Participant4_RS_FuUp,Endomorph,Normal,upright,1.0,0.0,0.0,0.0562789467702211,55.17672730714303,0.1341549585620638,1
287,9.566666666666666,Participant4_RS_FuUp,Endomorph,Normal,upright,1.0,0.0,0.0,-0.0186774528374639,55.88491627977152,0.1179275037152108,1
288,9.6,Participant4_RS_FuUp,Endomorph,Normal,upright,1.0,0.0,0.0,-0.0273452721679098,54.88921130661867,0.1392400458552795,1
289,9.633333333333333,Participant4_RS_FuUp,Endomorph,Normal,upright,1.0,0.0,0.0,-0.0125542232547943,55.96992338423955,0.1985135696278347,1
290,9.666666666666666,Participant4_RS_FuUp,Endomorph,Normal,upright,1.0,0.0,0.0,0.0254432457810182,55.83923746420714,0.1960342835952977,1
291,9.7,Participant4_RS_FuUp,Endomorph,Normal,upright,1.0,0.0,0.0,-0.0052245128137855,56.146718514447336,0.2282002283995837,1
292,9.733333333333333,Participant4_RS_FuUp,Endomorph,Normal,upright,1.0,0.0,0.0,-0.0190087855645288,54.43746622275759,0.177129907211436,1
293,9.766666666666667,Participant4_RS_FuUp,Endomorph,Normal,upright,1.0,0.0,0.0,-0.0241067143207747,54.29608063172007,0.1600470275405522,1
294,9.8,Participant4_RS_FuUp,Endomorph,Normal,upright,1.0,0.0,0.0,-0.0017046012643662,56.80930715010022,0.1737417027987721,1
295,9.833333333333334,Participant4_RS_FuUp,Endomorph,Normal,upright,1.0,0.0,0.0,-0.0447215791475339,56.18731917469365,0.1056191338370749,1
296,9.866666666666667,Participant4_RS_FuUp,Endomorph,Normal,upright,1.0,0.0,0.0,-0.0367584283091484,54.81582026450643,0.1706896674354702,1
297,9.9,Participant4_RS_FuUp,Endomorph,Normal,upright,1.0,0.0,0.0,0.0216858372464998,54.89214687330463,0.1786019923968232,1
298,9.933333333333334,Participant4_RS_FuUp,Endomorph,Normal,upright,1.0,0.0,0.0,-0.0031303485843506,54.08912225406688,0.167071809799861,1
299,9.966666666666669,Participant4_RS_FuUp,Endomorph,Normal,upright,1.0,0.0,0.0,0.0089195320019184,55.16231505347074,0.1818152426098913,1
300,10.0,Participant4_RS_FuUp,Endomorph,Normal,upright,1.0,0.0,0.0,-0.040229675758742,55.471534261178974,0.1862077105501326,1
301,10.033333333333331,Participant4_RS_FuUp,Endomorph,Normal,upright,1.0,0.0,0.0,0.0390693670969014,56.00928332679327,0.1853423152338797,1
302,10.066666666666666,Participant4_RS_FuUp,Endomorph,Normal,upright,1.0,0.0,0.0,-0.008471844166134,56.233123637969136,0.192131899402547,1
303,10.1,Participant4_RS_FuUp,Endomorph,Normal,upright,1.0,0.0,0.0,-0.0495738571622602,54.69476427927024,0.0957353956277531,1
304,10.133333333333333,Participant4_RS_FuUp,Endomorph,Normal,upright,1.0,0.0,0.0,0.0095814485991915,56.19722399058946,0.1715468987613173,1
305,10.166666666666666,Participant4_RS_FuUp,Endomorph,Normal,upright,1.0,0.0,0.0,0.027858132197644,56.27076318513597,0.1679442855795204,1
306,10.2,Participant4_RS_FuUp,Endomorph,Normal,upright,1.0,0.0,0.0,0.0260856046834929,56.58214511305201,0.1684966395665426,1
307,10.233333333333333,Participant4_RS_FuUp,Endomorph,Normal,upright,1.0,0.0,0.0,0.0131769120031062,53.66645791936325,0.1535809053170221,1
308,10.266666666666667,Participant4_RS_FuUp,Endomorph,Normal,upright,1.0,0.0,0.0,-0.0161343472543925,55.68492804094392,0.123761420247337,1
309,10.3,Participant4_RS_FuUp,Endomorph,Normal,upright,1.0,0.0,0.0,-0.0809092769934484,54.391446246452894,0.1251552501102842,1
310,10.333333333333334,Participant4_RS_FuUp,Endomorph,Normal,upright,1.0,0.0,0.0,0.0211833110839329,53.03447479467541,0.1769245548981514,1
311,10.366666666666667,Participant4_RS_FuUp,Endomorph,Normal,upright,1.0,0.0,0.0,-0.032250262183311,56.80067490378151,0.1199568941943632,1
312,10.4,Participant4_RS_FuUp,Endomorph,Normal,upright,1.0,0.0,0.0,0.0226140030398992,55.89884839228092,0.1210590428670302,1
313,10.433333333333334,Participant4_RS_FuUp,Endomorph,Normal,upright,1.0,0.0,0.0,0.0634138865415842,55.01530175868746,0.200607583861392,1
314,10.466666666666669,Participant4_RS_FuUp,Endomorph,Normal,upright,1.0,0.0,0.0,0.0202768801285003,55.13532258755824,0.1750159522094214,1
315,10.5,Participant4_RS_FuUp,Endomorph,Normal,upright,1.0,0.0,0.0,0.0788286803040366,55.43064329983387,0.2072781091980194,1
316,10.533333333333331,Participant4_RS_FuUp,Endomorph,Normal,upright,1.0,0.0,0.0,0.0006035119529549,55.26546559106794,0.1712084582687817,1
317,10.566666666666666,Participant4_RS_FuUp,Endomorph,Normal,upright,1.0,0.0,0.0,-0.0012476354622126,57.5283327625627,0.2095393623792949,1
318,10.6,Participant4_RS_FuUp,Endomorph,Normal,upright,1.0,0.0,0.0,-0.0842073594032798,56.88929486293042,0.1044816575509345,1
319,10.633333333333333,Participant4_RS_FuUp,Endomorph,Normal,upright,1.0,0.0,0.0,-0.0457575139050851,57.7066169967766,0.1816989639903297,1
320,10.666666666666666,Participant4_RS_FuUp,Endomorph,Normal,upright,1.0,0.0,0.0,-0.0126164188354355,58.25582404442519,0.1492938536318218,1
321,10.7,Participant4_RS_FuUp,Endomorph,Normal,upright,1.0,0.0,0.0,-0.0436092021900425,57.56766673300597,0.1099201444224401,1
322,10.733333333333333,Participant4_RS_FuUp,Endomorph,Normal,upright,1.0,0.0,0.0,-0.0515365137845237,57.47832775907576,0.0962707142007269,1
323,10.766666666666667,Participant4_RS_FuUp,Endomorph,Normal,upright,1.0,0.0,0.0,0.0571008386288947,56.7333753353435,0.1817186046670393,1
324,10.8,Participant4_RS_FuUp,Endomorph,Normal,upright,1.0,0.0,0.0,-0.0356114642574589,56.9047924091581,0.1848487561010954,1
325,10.833333333333334,Participant4_RS_FuUp,Endomorph,Normal,upright,1.0,0.0,0.0,0.0378072664842623,56.47833971745084,0.1679994670518652,1
326,10.866666666666667,Participant4_RS_FuUp,Endomorph,Normal,upright,1.0,0.0,0.0,0.0878829134825869,55.7147906724317,0.1835064021605472,1
327,10.9,Participant4_RS_FuUp,Endomorph,Normal,upright,1.0,0.0,0.0,5.7557007124869886e-05,55.66028477348208,0.1702980727661671,1
328,10.933333333333334,Participant4_RS_FuUp,Endomorph,Normal,upright,1.0,0.0,0.0,-0.0013708632581112,56.28792775940124,0.182907346976938,1
329,10.966666666666669,Participant4_RS_FuUp,Endomorph,Normal,upright,1.0,0.0,0.0,-0.0117572901040539,55.938478560793975,0.1094464689396332,1
330,11.0,Participant4_RS_FuUp,Endomorph,Normal,upright,1.0,0.0,0.0,-0.0522026316454076,54.15027217327742,0.0458520817191797,1
331,11.033333333333331,Participant4_RS_FuUp,Endomorph,Normal,upright,1.0,0.0,0.0,-0.0083269050012141,55.22161546559093,0.1040858726672966,1
332,11.066666666666666,Participant4_RS_FuUp,Endomorph,Normal,upright,1.0,0.0,0.0,-0.0665642889076679,56.24868122389144,0.0871412179709621,1
333,11.1,Participant4_RS_FuUp,Endomorph,Normal,upright,1.0,0.0,0.0,-0.0236503440363213,56.16756219696779,0.0826223755957489,1
334,11.133333333333333,Participant4_RS_FuUp,Endomorph,Normal,upright,1.0,0.0,0.0,0.0282801195069758,55.38339733036162,0.102623758481129,1
335,11.166666666666666,Participant4_RS_FuUp,Endomorph,Normal,upright,1.0,0.0,0.0,0.0072948102731208,55.81509718980278,0.1234103348364459,1
336,11.2,Participant4_RS_FuUp,Endomorph,Normal,upright,1.0,0.0,0.0,-0.012799993703253,55.906696135089845,0.1097791496935869,1
337,11.233333333333333,Participant4_RS_FuUp,Endomorph,Normal,upright,1.0,0.0,0.0,0.0025246299725811,56.86749693973332,0.1708705266789711,1
338,11.266666666666667,Participant4_RS_FuUp,Endomorph,Normal,upright,1.0,0.0,0.0,0.0263808986946561,55.740150283814216,0.1497117766847733,1
339,11.3,Participant4_RS_FuUp,Endomorph,Normal,upright,1.0,0.0,0.0,0.0195980954689335,56.78957115879057,0.1818639743432866,1
340,11.333333333333334,Participant4_RS_FuUp,Endomorph,Normal,upright,1.0,0.0,0.0,0.0243796958689689,56.46399014347362,0.1817139303311208,1
341,11.366666666666667,Participant4_RS_FuUp,Endomorph,Normal,upright,1.0,0.0,0.0,0.008618873703061,56.75470082816593,0.1832991217207726,1
342,11.4,Participant4_RS_FuUp,Endomorph,Normal,upright,1.0,0.0,0.0,0.0354660975509745,55.38508239402077,0.1630070134940372,1
343,11.433333333333334,Participant4_RS_FuUp,Endomorph,Normal,upright,1.0,0.0,0.0,-0.0382426882726455,56.68707216153608,0.108551876326856,1
344,11.466666666666669,Participant4_RS_FuUp,Endomorph,Normal,upright,1.0,0.0,0.0,-0.0799874138533045,55.11391234441384,0.1519540862536361,1
345,11.5,Participant4_RS_FuUp,Endomorph,Normal,upright,1.0,0.0,0.0,-0.0037798605612528,57.07744344924982,0.1750833561546397,1
346,11.533333333333331,Participant4_RS_FuUp,Endomorph,Normal,upright,1.0,0.0,0.0,-0.0181181732820252,56.897701521482965,0.1869184422912449,1
347,11.566666666666666,Participant4_RS_FuUp,Endomorph,Normal,upright,1.0,0.0,0.0,0.0192915184964596,55.89350347225211,0.1099696942746248,1
348,11.6,Participant4_RS_FuUp,Endomorph,Normal,upright,1.0,0.0,0.0,-0.0384644618517157,54.3392337479601,0.1375128077862488,1
349,11.633333333333333,Participant4_RS_FuUp,Endomorph,Normal,upright,1.0,0.0,0.0,0.0259653594055014,56.82887953421434,0.1558074222005943,1
350,11.666666666666666,Participant4_RS_FuUp,Endomorph,Normal,upright,1.0,0.0,0.0,0.0102570569904714,56.14919752375709,0.1651980998732307,1
351,11.7,Participant4_RS_FuUp,Endomorph,Normal,upright,1.0,0.0,0.0,0.0153082339852058,55.59974458680502,0.1641835207798406,1
352,11.733333333333333,Participant4_RS_FuUp,Endomorph,Normal,upright,1.0,0.0,0.0,0.0147683793709474,55.30657597239961,0.1889804878299701,1
353,11.766666666666667,Participant4_RS_FuUp,Endomorph,Normal,upright,1.0,0.0,0.0,-0.0235436323283851,54.7617138303405,0.1921183114843796,1
354,11.8,Participant4_RS_FuUp,Endomorph,Normal,upright,1.0,0.0,0.0,-0.0088046038906133,55.12784214121931,0.174338448846698,1
355,11.833333333333334,Participant4_RS_FuUp,Endomorph,Normal,upright,1.0,0.0,0.0,0.0281782712404219,54.70434671546347,0.0898075343087581,1
356,11.866666666666667,Participant4_RS_FuUp,Endomorph,Normal,upright,1.0,0.0,0.0,0.0650704871812608,57.226042043659056,0.2065876134682447,1
357,11.9,Participant4_RS_FuUp,Endomorph,Normal,upright,1.0,0.0,0.0,0.0419547087093705,54.975699188386415,0.1343276885765072,1
358,11.933333333333334,Participant4_RS_FuUp,Endomorph,Normal,upright,1.0,0.0,0.0,0.0767586686876693,56.072739092082976,0.1796733787495743,1
359,11.966666666666669,Participant4_RS_FuUp,Endomorph,Normal,upright,1.0,0.0,0.0,0.0302661937524867,56.408099791198616,0.2004719718186825,1
360,12.0,Participant4_RS_FuUp,Endomorph,Normal,upright,1.0,0.0,0.0,0.0675262261374337,56.51065850665225,0.1974221878466179,1
361,12.033333333333331,Participant4_RS_FuUp,Endomorph,Normal,upright,1.0,0.0,0.0,-0.0332740660054414,56.43073143452969,0.1120034580226765,1
362,12.066666666666666,Participant4_RS_FuUp,Endomorph,Normal,upright,1.0,0.0,0.0,0.0430780854341703,54.71496705804293,0.1639810859787947,1
363,12.1,Participant4_RS_FuUp,Endomorph,Normal,upright,1.0,0.0,0.0,0.0561990369998691,54.99040906511562,0.1482305595011251,1
364,12.133333333333333,Participant4_RS_FuUp,Endomorph,Normal,upright,1.0,0.0,0.0,0.0088823437497364,54.727042486002425,0.15860387488509,1
365,12.166666666666666,Participant4_RS_FuUp,Endomorph,Normal,upright,1.0,0.0,0.0,0.0040341841178417,54.82565810390789,0.156338508504767,1
366,12.2,Participant4_RS_FuUp,Endomorph,Normal,upright,1.0,0.0,0.0,0.0764054531082535,55.33878655137995,0.2065190888430363,1
367,12.233333333333333,Participant4_RS_FuUp,Endomorph,Normal,upright,1.0,0.0,0.0,0.0150566298122569,54.23715592242203,0.1496867398905125,1
368,12.266666666666667,Participant4_RS_FuUp,Endomorph,Normal,upright,1.0,0.0,0.0,0.0097377401340326,55.65463425932729,0.181829980712545,1
369,12.3,Participant4_RS_FuUp,Endomorph,Normal,upright,1.0,0.0,0.0,-0.0770363890642663,54.51049927906366,0.1159925295177415,1
370,12.333333333333334,Participant4_RS_FuUp,Endomorph,Normal,upright,1.0,0.0,0.0,0.0017251181046577,55.48083247373218,0.0962922639133186,1
371,12.366666666666667,Participant4_RS_FuUp,Endomorph,Normal,upright,1.0,0.0,0.0,-0.0133165014808994,54.62607686355322,0.1328987726563414,1
372,12.4,Participant4_RS_FuUp,Endomorph,Normal,upright,1.0,0.0,0.0,-0.0175047564433943,55.35484584021772,0.1947973516636607,1
373,12.433333333333334,Participant4_RS_FuUp,Endomorph,Normal,upright,1.0,0.0,0.0,-0.0127077120926592,56.86952217558566,0.1544199465703145,1
374,12.466666666666669,Participant4_RS_FuUp,Endomorph,Normal,upright,1.0,0.0,0.0,-0.0722918421552931,53.45247595034855,0.0582530958368034,1
375,12.5,Participant4_RS_FuUp,Endomorph,Normal,upright,1.0,0.0,0.0,0.0886559646476972,55.62504832924764,0.2005342909215507,1
376,12.533333333333331,Participant4_RS_FuUp,Endomorph,Normal,upright,1.0,0.0,0.0,0.0458442804268386,55.61361330149271,0.1901595398110463,1
377,12.566666666666666,Participant4_RS_FuUp,Endomorph,Normal,upright,1.0,0.0,0.0,-0.0001334797031529,57.06266739391388,0.1497359449490477,1
378,12.6,Participant4_RS_FuUp,Endomorph,Normal,upright,1.0,0.0,0.0,0.0479204403696366,55.81161004355664,0.1983910900544203,1
379,12.633333333333333,Participant4_RS_FuUp,Endomorph,Normal,upright,1.0,0.0,0.0,0.0584063638932719,56.061987366184994,0.1713989535875394,1
380,12.666666666666666,Participant4_RS_FuUp,Endomorph,Normal,upright,1.0,0.0,0.0,0.0696507352874581,56.97692778226197,0.1631034408107549,1
381,12.7,Participant4_RS_FuUp,Endomorph,Normal,upright,1.0,0.0,0.0,0.0084630035914707,56.7700567021772,0.1531788480990536,1
382,12.733333333333333,Participant4_RS_FuUp,Endomorph,Normal,upright,1.0,0.0,0.0,0.0056302036174912,56.26724736310059,0.1583018596669341,1
383,12.766666666666667,Participant4_RS_FuUp,Endomorph,Normal,upright,1.0,0.0,0.0,0.0202832669440099,56.1420890478381,0.1609860625661269,1
384,12.8,Participant4_RS_FuUp,Endomorph,Normal,upright,1.0,0.0,0.0,0.0038803747445022,55.4461881750947,0.1392107018242087,1
385,12.833333333333334,Participant4_RS_FuUp,Endomorph,Normal,upright,1.0,0.0,0.0,0.0270822713932517,56.21036185039549,0.1993532203988355,1
386,12.866666666666667,Participant4_RS_FuUp,Endomorph,Normal,upright,1.0,0.0,0.0,0.0428365487286181,55.801186517629525,0.1750432204327389,1
387,12.9,Participant4_RS_FuUp,Endomorph,Normal,upright,1.0,0.0,0.0,0.0498932831257786,55.68744792454506,0.1813683449308823,1
388,12.933333333333334,Participant4_RS_FuUp,Endomorph,Normal,upright,1.0,0.0,0.0,0.0426578609763331,56.88316244058327,0.1573735200037269,1
389,12.966666666666669,Participant4_RS_FuUp,Endomorph,Normal,upright,1.0,0.0,0.0,0.0215120390349563,54.48587542694489,0.1143410719285366,1
390,13.0,Participant4_RS_FuUp,Endomorph,Normal,upright,1.0,0.0,0.0,0.0230948654814339,57.46438895679733,0.1515421171890074,1
391,13.033333333333331,Participant4_RS_FuUp,Endomorph,Normal,upright,1.0,0.0,0.0,0.0365228913390213,55.404099032000914,0.1185386330172251,1
392,13.066666666666666,Participant4_RS_FuUp,Endomorph,Normal,upright,1.0,0.0,0.0,0.0140966380771087,54.567321538744224,0.1125283748764659,1
393,13.1,Participant4_RS_FuUp,Endomorph,Normal,upright,1.0,0.0,0.0,-0.0579206235013726,54.36688712393166,0.1166315144090363,1
394,13.133333333333333,Participant4_RS_FuUp,Endomorph,Normal,upright,1.0,0.0,0.0,0.0293172431614195,54.84654432869574,0.1194467284158144,1
395,13.166666666666666,Participant4_RS_FuUp,Endomorph,Normal,upright,1.0,0.0,0.0,0.0314932956963865,54.778858991904364,0.1667395777825915,1
396,13.2,Participant4_RS_FuUp,Endomorph,Normal,upright,1.0,0.0,0.0,-0.0008359295804262,55.02244456295854,0.1616721150779228,1
397,13.233333333333333,Participant4_RS_FuUp,Endomorph,Normal,upright,1.0,0.0,0.0,-0.013592065827481,53.854956588018695,0.1412906694737447,1
398,13.266666666666667,Participant4_RS_FuUp,Endomorph,Normal,upright,1.0,0.0,0.0,0.0366487092773416,55.22780169713459,0.165920313564653,1
399,13.3,Participant4_RS_FuUp,Endomorph,Normal,upright,1.0,0.0,0.0,0.0015536693613315,54.868437500275775,0.137768675759116,1
400,13.333333333333334,Participant4_RS_FuUp,Endomorph,Normal,upright,1.0,0.0,0.0,-0.0806559004531718,55.76175686600009,0.1362079703015886,1
401,13.366666666666667,Participant4_RS_FuUp,Endomorph,Normal,upright,1.0,0.0,0.0,-0.0381092146259531,56.22076218985226,0.1648636464209901,1
402,13.4,Participant4_RS_FuUp,Endomorph,Normal,upright,1.0,0.0,0.0,-0.0879623119710861,53.59535565727057,0.0582600566508637,1
403,13.433333333333334,Participant4_RS_FuUp,Endomorph,Normal,upright,1.0,0.0,0.0,-0.0437991610116237,54.18465386906821,0.1279139044183763,1
404,13.466666666666669,Participant4_RS_FuUp,Endomorph,Normal,upright,1.0,0.0,0.0,-0.1027448872449627,53.90463200006302,0.1467515116440546,1
405,13.5,Participant4_RS_FuUp,Endomorph,Normal,upright,1.0,0.0,0.0,-0.0627022102880661,54.89242829400469,0.1561336072863787,1
406,13.533333333333331,Participant4_RS_FuUp,Endomorph,Normal,upright,1.0,0.0,0.0,-0.0213013890824286,52.871123983980965,0.1258031338515234,1
407,13.566666666666666,Participant4_RS_FuUp,Endomorph,Normal,upright,1.0,0.0,0.0,-0.0386819980929458,54.44032941301408,0.117368605330525,1
408,13.6,Participant4_RS_FuUp,Endomorph,Normal,upright,1.0,0.0,0.0,-0.0282211944932156,53.9658191936751,0.1119682629117115,1
409,13.633333333333333,Participant4_RS_FuUp,Endomorph,Normal,upright,1.0,0.0,0.0,-0.0061477956034684,54.02578527506197,0.1219243929212746,1
410,13.666666666666666,Participant4_RS_FuUp,Endomorph,Normal,upright,1.0,0.0,0.0,-0.0251523520448381,54.77640176302518,0.1259509223693365,1
411,13.7,Participant4_RS_FuUp,Endomorph,Normal,upright,1.0,0.0,0.0,-0.0448540579910213,55.49924798788192,0.1250432122694031,1
412,13.733333333333333,Participant4_RS_FuUp,Endomorph,Normal,upright,1.0,0.0,0.0,-0.0400894136668553,56.33786330440593,0.159650629503525,1
413,13.766666666666667,Participant4_RS_FuUp,Endomorph,Normal,upright,1.0,0.0,0.0,-0.0208996141514012,56.16589247085544,0.167550874133539,1
414,13.8,Participant4_RS_FuUp,Endomorph,Normal,upright,1.0,0.0,0.0,-0.0299269829592118,55.48785933188525,0.163137800331547,1
415,13.833333333333334,Participant4_RS_FuUp,Endomorph,Normal,upright,1.0,0.0,0.0,0.014045662437144,55.06144954424249,0.1055323244826099,1
416,13.866666666666667,Participant4_RS_FuUp,Endomorph,Normal,upright,1.0,0.0,0.0,-0.0441330317149653,54.38103828379589,0.1159287799177829,1
417,13.9,Participant4_RS_FuUp,Endomorph,Normal,upright,1.0,0.0,0.0,-0.0017246863692527,55.333740547083096,0.1849223188614948,1
418,13.933333333333334,Participant4_RS_FuUp,Endomorph,Normal,upright,1.0,0.0,0.0,0.0163235289157627,56.00394148803637,0.157771518204939,1
419,13.966666666666669,Participant4_RS_FuUp,Endomorph,Normal,upright,1.0,0.0,0.0,0.0229103437933063,55.40122609297849,0.1664108370988841,1
420,14.0,Participant4_RS_FuUp,Endomorph,Normal,upright,1.0,0.0,0.0,0.0098237533283709,54.567388210452265,0.1749744202178882,1
421,14.033333333333331,Participant4_RS_FuUp,Endomorph,Normal,upright,1.0,0.0,0.0,-0.0063384352372865,53.87934747043646,0.1304451645636048,1
422,14.066666666666666,Participant4_RS_FuUp,Endomorph,Normal,upright,1.0,0.0,0.0,-0.0308085030202386,54.28616385064604,0.1714152751857739,1
423,14.1,Participant4_RS_FuUp,Endomorph,Normal,upright,1.0,0.0,0.0,-0.0590365154680432,54.26138988936314,0.0996824325874992,1
424,14.133333333333333,Participant4_RS_FuUp,Endomorph,Normal,upright,1.0,0.0,0.0,-0.0030478145513198,54.82144721777529,0.1568336439487565,1
425,14.166666666666666,Participant4_RS_FuUp,Endomorph,Normal,upright,1.0,0.0,0.0,-0.0283435994829739,53.84883627886686,0.099195925615978,1
426,14.2,Participant4_RS_FuUp,Endomorph,Normal,upright,1.0,0.0,0.0,-0.0218151726953023,55.296740814132896,0.1727651361348957,1
427,14.233333333333333,Participant4_RS_FuUp,Endomorph,Normal,upright,1.0,0.0,0.0,-0.0552735045096934,53.6279560895636,0.1276169652890703,1
428,14.266666666666667,Participant4_RS_FuUp,Endomorph,Normal,upright,1.0,0.0,0.0,0.0282552947556004,55.13885665395126,0.1657346306784065,1
429,14.3,Participant4_RS_FuUp,Endomorph,Normal,upright,1.0,0.0,0.0,0.0134563819797898,55.76149228004912,0.1592658768322538,1
430,14.333333333333334,Participant4_RS_FuUp,Endomorph,Normal,upright,1.0,0.0,0.0,-0.0218879401462088,55.81580472595119,0.0939897757848569,1
431,14.366666666666667,Participant4_RS_FuUp,Endomorph,Normal,upright,1.0,0.0,0.0,-0.0345743652466005,55.61854858942891,0.0688299459682613,1
432,14.4,Participant4_RS_FuUp,Endomorph,Normal,upright,1.0,0.0,0.0,0.0155298393865218,56.19921703527319,0.1634740496574406,1
433,14.433333333333334,Participant4_RS_FuUp,Endomorph,Normal,upright,1.0,0.0,0.0,-0.0086086142481129,54.63841038882278,0.1406693470589936,1
434,14.466666666666669,Participant4_RS_FuUp,Endomorph,Normal,upright,1.0,0.0,0.0,0.0203248531879525,55.72336700738741,0.1589054232894997,1
435,14.5,Participant4_RS_FuUp,Endomorph,Normal,upright,1.0,0.0,0.0,0.0235409221082817,55.33296676630807,0.1361531781627147,1
436,14.533333333333331,Participant4_RS_FuUp,Endomorph,Normal,upright,1.0,0.0,0.0,-0.0281077973027509,56.81741443375476,0.1638340304469782,1
437,14.566666666666666,Participant4_RS_FuUp,Endomorph,Normal,upright,1.0,0.0,0.0,0.0170366547312903,55.59287164094173,0.1580291641531101,1
438,14.6,Participant4_RS_FuUp,Endomorph,Normal,upright,1.0,0.0,0.0,-0.029167349102565,54.77160571329415,0.1013199393381217,1
439,14.633333333333333,Participant4_RS_FuUp,Endomorph,Normal,upright,1.0,0.0,0.0,-0.0764168618931611,55.81088306312061,0.1445473156615543,1
440,14.666666666666666,Participant4_RS_FuUp,Endomorph,Normal,upright,1.0,0.0,0.0,0.0603714033490617,56.609510112227234,0.1641161255497512,1
441,14.7,Participant4_RS_FuUp,Endomorph,Normal,upright,1.0,0.0,0.0,0.0248626212424629,56.13247055601343,0.1635792896513211,1
442,14.733333333333333,Participant4_RS_FuUp,Endomorph,Normal,upright,1.0,0.0,0.0,0.0071156412576973,55.845133608944224,0.1609360594514821,1
443,14.766666666666667,Participant4_RS_FuUp,Endomorph,Normal,upright,1.0,0.0,0.0,-0.0215185816899289,56.19174713713464,0.1652351839071166,1
444,14.8,Participant4_RS_FuUp,Endomorph,Normal,upright,1.0,0.0,0.0,-0.0076299753338464,54.83642608054124,0.1609800188504284,1
445,14.833333333333334,Participant4_RS_FuUp,Endomorph,Normal,upright,1.0,0.0,0.0,-0.0379342514903476,53.563160274261946,0.0782894390019794,1
446,14.866666666666667,Participant4_RS_FuUp,Endomorph,Normal,upright,1.0,0.0,0.0,0.0431330165893755,55.42751663981935,0.1810770350089157,1
447,14.9,Participant4_RS_FuUp,Endomorph,Normal,upright,1.0,0.0,0.0,-0.0309575037059938,54.7667818292359,0.1709729583742194,1
448,14.933333333333334,Participant4_RS_FuUp,Endomorph,Normal,upright,1.0,0.0,0.0,-0.0026258126343138,53.78067979443612,0.2100658384226636,1
449,14.966666666666669,Participant4_RS_FuUp,Endomorph,Normal,upright,1.0,0.0,0.0,0.0002265571704781,54.69975729268814,0.164975565785609,1
450,15.0,Participant4_RS_FuUp,Endomorph,Normal,upright,1.0,0.0,0.0,0.0135743571733172,55.17505036565333,0.1598872592914785,1
451,15.033333333333331,Participant4_RS_FuUp,Endomorph,Normal,upright,1.0,0.0,0.0,0.0357559387699318,55.24978311483579,0.1858755922304895,1
452,15.066666666666666,Participant4_RS_FuUp,Endomorph,Normal,upright,1.0,0.0,0.0,0.027632126086887,55.703593974129,0.1775406462078826,1
453,15.1,Participant4_RS_FuUp,Endomorph,Normal,upright,1.0,0.0,0.0,0.0199831258867043,56.60199969194914,0.1074764742287824,1
454,15.133333333333333,Participant4_RS_FuUp,Endomorph,Normal,upright,1.0,0.0,0.0,0.0632284314461077,54.4309882615801,0.1938379750830068,1
455,15.166666666666666,Participant4_RS_FuUp,Endomorph,Normal,upright,1.0,0.0,0.0,0.0436409898922954,56.30453188979568,0.1868463069548809,1
456,15.2,Participant4_RS_FuUp,Endomorph,Normal,upright,1.0,0.0,0.0,0.0335972534672028,55.68445728175546,0.1739905344271831,1
457,15.233333333333333,Participant4_RS_FuUp,Endomorph,Normal,upright,1.0,0.0,0.0,0.0299432601810672,54.40975902219766,0.1684055032525818,1
458,15.266666666666667,Participant4_RS_FuUp,Endomorph,Normal,upright,1.0,0.0,0.0,-0.0238873920578963,54.8098614658217,0.1267701132386728,1
459,15.3,Participant4_RS_FuUp,Endomorph,Normal,upright,1.0,0.0,0.0,-0.031290449756143,54.87881479188527,0.1323698911906735,1
460,15.333333333333334,Participant4_RS_FuUp,Endomorph,Normal,upright,1.0,0.0,0.0,-0.048365664321402,55.09484781434288,0.1511909931872903,1
461,15.366666666666667,Participant4_RS_FuUp,Endomorph,Normal,upright,1.0,0.0,0.0,-0.0372045895055423,53.63221297884542,0.1481297782710642,1
462,15.4,Participant4_RS_FuUp,Endomorph,Normal,upright,1.0,0.0,0.0,-0.0128271525018448,53.65892214481875,0.1331397047425346,1
463,15.433333333333334,Participant4_RS_FuUp,Endomorph,Normal,upright,1.0,0.0,0.0,0.0038872164547311,54.40983904517654,0.1529697892890264,1
464,15.466666666666669,Participant4_RS_FuUp,Endomorph,Normal,upright,1.0,0.0,0.0,0.0843513229167322,54.66337975238116,0.2099928992270955,1
465,15.5,Participant4_RS_FuUp,Endomorph,Normal,upright,1.0,0.0,0.0,-0.0311925126789771,54.25580449341252,0.1496968789014114,1
466,15.533333333333331,Participant4_RS_FuUp,Endomorph,Normal,upright,1.0,0.0,0.0,0.0101039300491132,54.587231240474,0.1762449038309778,1
467,15.566666666666666,Participant4_RS_FuUp,Endomorph,Normal,upright,1.0,0.0,0.0,-0.0496927487304477,53.33546696133252,0.1669266407119635,1
468,15.6,Participant4_RS_FuUp,Endomorph,Normal,upright,1.0,0.0,0.0,-0.045849089824995,53.35350763734169,0.1573071212469365,1
469,15.633333333333333,Participant4_RS_FuUp,Endomorph,Normal,upright,1.0,0.0,0.0,-0.0784688600101482,53.81638400655605,0.1548250186052028,1
470,15.666666666666666,Participant4_RS_FuUp,Endomorph,Normal,upright,1.0,0.0,0.0,-0.0695189116569339,53.53499646722585,0.1514239484848819,1
471,15.7,Participant4_RS_FuUp,Endomorph,Normal,upright,1.0,0.0,0.0,-0.0477788426111895,54.04058919722286,0.1359815415314939,1
472,15.733333333333333,Participant4_RS_FuUp,Endomorph,Normal,upright,1.0,0.0,0.0,-0.0334253479339423,54.21406129612216,0.1304115806610741,1
473,15.766666666666667,Participant4_RS_FuUp,Endomorph,Normal,upright,1.0,0.0,0.0,-0.0754818486183527,54.18254869008798,0.191878280749254,1
474,15.8,Participant4_RS_FuUp,Endomorph,Normal,upright,1.0,0.0,0.0,-0.0783318783317833,53.690567229731975,0.1968723462655558,1
475,15.833333333333334,Participant4_RS_FuUp,Endomorph,Normal,upright,1.0,0.0,0.0,-0.0622255102873207,53.31173113337704,0.1797325529426432,1
476,15.866666666666667,Participant4_RS_FuUp,Endomorph,Normal,upright,1.0,0.0,0.0,0.0049193494697279,53.067429005760594,0.1708257317316029,1
477,15.9,Participant4_RS_FuUp,Endomorph,Normal,upright,1.0,0.0,0.0,0.005302047790762,52.96708399520605,0.1723645465767316,1
478,15.933333333333334,Participant4_RS_FuUp,Endomorph,Normal,upright,1.0,0.0,0.0,0.0106820347596884,53.33929751321909,0.2016249796587024,1
479,15.966666666666669,Participant4_RS_FuUp,Endomorph,Normal,upright,1.0,0.0,0.0,0.0302721633949919,53.37295244284492,0.1859440536804453,1
480,16.0,Participant4_RS_FuUp,Endomorph,Normal,upright,1.0,0.0,0.0,-0.0012351725199864,53.33443893901679,0.1789868695697178,1
481,16.033333333333335,Participant4_RS_FuUp,Endomorph,Normal,upright,1.0,0.0,0.0,-0.0248028674680639,53.82654050996314,0.1771094990330191,1
482,16.066666666666666,Participant4_RS_FuUp,Endomorph,Normal,upright,1.0,0.0,0.0,-0.0262780330743169,52.89535212197723,0.1974670396659186,1
483,16.1,Participant4_RS_FuUp,Endomorph,Normal,upright,1.0,0.0,0.0,-0.0124570745121419,52.79487801656196,0.145030101293135,1
484,16.133333333333333,Participant4_RS_FuUp,Endomorph,Normal,upright,1.0,0.0,0.0,0.0323067015385262,53.54351482859323,0.1938318202539078,1
485,16.166666666666668,Participant4_RS_FuUp,Endomorph,Normal,upright,1.0,0.0,0.0,0.0647903812811595,54.257135661733,0.1689636371617057,1
486,16.2,Participant4_RS_FuUp,Endomorph,Normal,upright,1.0,0.0,0.0,-0.0089217436699547,53.84203995321139,0.1789880861656045,1
487,16.233333333333334,Participant4_RS_FuUp,Endomorph,Normal,upright,1.0,0.0,0.0,-0.0703265737684951,52.62060330348161,0.1453008730530429,1
488,16.266666666666666,Participant4_RS_FuUp,Endomorph,Normal,upright,1.0,0.0,0.0,-0.0459824976457717,53.79721382113095,0.1812931834133898,1
489,16.3,Participant4_RS_FuUp,Endomorph,Normal,upright,1.0,0.0,0.0,-0.0506005623308911,52.41043206504189,0.1618966292419661,1
490,16.333333333333332,Participant4_RS_FuUp,Endomorph,Normal,upright,1.0,0.0,0.0,0.0452557001020068,53.91360575653089,0.2019061771635934,1
491,16.366666666666667,Participant4_RS_FuUp,Endomorph,Normal,upright,1.0,0.0,0.0,-0.0460458855042593,53.27961948220623,0.1670917571882782,1
492,16.4,Participant4_RS_FuUp,Endomorph,Normal,upright,1.0,0.0,0.0,-0.0144198731070943,54.42778749639557,0.1895918407034674,1
493,16.433333333333334,Participant4_RS_FuUp,Endomorph,Normal,upright,1.0,0.0,0.0,0.0514524328216443,54.05283813392754,0.2080400658060339,1
494,16.466666666666665,Participant4_RS_FuUp,Endomorph,Normal,upright,1.0,0.0,0.0,-0.0235001315846777,54.022406140570375,0.1840127866036396,1
495,16.5,Participant4_RS_FuUp,Endomorph,Normal,upright,1.0,0.0,0.0,0.0925318604471401,54.36164794472776,0.1977943063317026,1
496,16.533333333333335,Participant4_RS_FuUp,Endomorph,Normal,upright,1.0,0.0,0.0,0.1054493808408127,54.64991890357328,0.2161414740919156,1
497,16.566666666666666,Participant4_RS_FuUp,Endomorph,Normal,upright,1.0,0.0,0.0,0.1078945701662934,54.08099901243007,0.1429213236074544,1
498,16.6,Participant4_RS_FuUp,Endomorph,Normal,upright,1.0,0.0,0.0,-0.0499702400945329,53.26601111716707,0.1878080924646694,1
499,16.633333333333333,Participant4_RS_FuUp,Endomorph,Normal,upright,1.0,0.0,0.0,-0.0541918598727096,53.27588397196167,0.175778110863639,1
500,16.666666666666668,Participant4_RS_FuUp,Endomorph,Normal,upright,1.0,0.0,0.0,-0.0997568784424952,52.90344412594185,0.1348730122018396,1
501,16.7,Participant4_RS_FuUp,Endomorph,Normal,upright,1.0,0.0,0.0,-0.1247206538897202,53.08555663640403,0.1123430603131926,1
502,16.733333333333334,Participant4_RS_FuUp,Endomorph,Normal,upright,1.0,0.0,0.0,-0.1110799328651195,52.92573902243253,0.0617327338526634,1
503,16.766666666666666,Participant4_RS_FuUp,Endomorph,Normal,upright,1.0,0.0,0.0,0.0125766332417663,54.60223445230229,0.1849141949302788,1
504,16.8,Participant4_RS_FuUp,Endomorph,Normal,upright,1.0,0.0,0.0,-0.0746526176784125,55.310788699973656,0.1034038168175023,1
505,16.833333333333332,Participant4_RS_FuUp,Endomorph,Normal,upright,1.0,0.0,0.0,-0.0689319245755535,54.847016644031925,0.1773572165912079,1
506,16.866666666666667,Participant4_RS_FuUp,Endomorph,Normal,upright,1.0,0.0,0.0,-0.029148756875582,55.27781013542611,0.1305926957109224,1
507,16.9,Participant4_RS_FuUp,Endomorph,Normal,upright,1.0,0.0,0.0,-0.0864165811913088,54.06281408138072,0.1228067218042358,1
508,16.933333333333334,Participant4_RS_FuUp,Endomorph,Normal,upright,1.0,0.0,0.0,-0.0974041298923479,54.30950178815164,0.1194955451781743,1
509,16.966666666666665,Participant4_RS_FuUp,Endomorph,Normal,upright,1.0,0.0,0.0,0.0118009106058847,54.8780477938481,0.1971943180657736,1
510,17.0,Participant4_RS_FuUp,Endomorph,Normal,upright,1.0,0.0,0.0,-0.00862712886082,53.43128923523391,0.1994848168392373,1
511,17.033333333333335,Participant4_RS_FuUp,Endomorph,Normal,upright,1.0,0.0,0.0,-0.0539977997851852,52.87033763874099,0.137946731980354,1
512,17.066666666666666,Participant4_RS_FuUp,Endomorph,Normal,upright,1.0,0.0,0.0,-0.115255660208466,53.96242984764535,0.141307419623326,1
513,17.1,Participant4_RS_FuUp,Endomorph,Normal,upright,1.0,0.0,0.0,-0.0376829179630092,54.27073697189448,0.16824251388063,1
514,17.133333333333333,Participant4_RS_FuUp,Endomorph,Normal,upright,1.0,0.0,0.0,-0.1026497406126274,53.96662200296165,0.1416186004257834,1
515,17.166666666666668,Participant4_RS_FuUp,Endomorph,Normal,upright,1.0,0.0,0.0,0.0052063288171414,52.39994021434648,0.1808883500896922,1
516,17.2,Participant4_RS_FuUp,Endomorph,Normal,upright,1.0,0.0,0.0,0.0057893894947634,53.44840766183079,0.1178435427561795,1
517,17.233333333333334,Participant4_RS_FuUp,Endomorph,Normal,upright,1.0,0.0,0.0,-0.0242506401504839,54.36321474763357,0.1394566818873187,1
518,17.266666666666666,Participant4_RS_FuUp,Endomorph,Normal,upright,1.0,0.0,0.0,-0.0283847363708435,53.96806386017598,0.1229801602337125,1
519,17.3,Participant4_RS_FuUp,Endomorph,Normal,upright,1.0,0.0,0.0,0.0383492250781734,54.16467251890797,0.1446369704942604,1
520,17.333333333333332,Participant4_RS_FuUp,Endomorph,Normal,upright,1.0,0.0,0.0,-0.1047861797443405,54.33001104051819,0.1084035190639922,1
521,17.366666666666667,Participant4_RS_FuUp,Endomorph,Normal,upright,1.0,0.0,0.0,-0.0215868836867541,52.70526092573216,0.1324101585369932,1
522,17.4,Participant4_RS_FuUp,Endomorph,Normal,upright,1.0,0.0,0.0,-0.0210707667752662,52.91863258890924,0.1264999814306369,1
523,17.433333333333334,Participant4_RS_FuUp,Endomorph,Normal,upright,1.0,0.0,0.0,-0.014521443011975,54.387962493742286,0.1671503550522315,1
524,17.466666666666665,Participant4_RS_FuUp,Endomorph,Normal,upright,1.0,0.0,0.0,0.0587267537397394,53.03998808780873,0.2289863089923272,1
525,17.5,Participant4_RS_FuUp,Endomorph,Normal,upright,1.0,0.0,0.0,0.0083645558458264,54.424625360381526,0.1681910439704896,1
526,17.533333333333335,Participant4_RS_FuUp,Endomorph,Normal,upright,1.0,0.0,0.0,0.0776144755588789,55.28754032306036,0.1862544669506053,1
527,17.566666666666666,Participant4_RS_FuUp,Endomorph,Normal,upright,1.0,0.0,0.0,0.1073743889050379,52.79934274812139,0.2142549568461175,1
528,17.6,Participant4_RS_FuUp,Endomorph,Normal,upright,1.0,0.0,0.0,0.0607996331022933,53.09186928335073,0.1594507804926001,1
529,17.633333333333333,Participant4_RS_FuUp,Endomorph,Normal,upright,1.0,0.0,0.0,0.0489992254572312,53.981689247048266,0.1678753372695799,1
530,17.666666666666668,Participant4_RS_FuUp,Endomorph,Normal,upright,1.0,0.0,0.0,0.0046402278070145,53.38772265229443,0.1535650632052255,1
531,17.7,Participant4_RS_FuUp,Endomorph,Normal,upright,1.0,0.0,0.0,0.085546151003506,53.89403154986933,0.238027511632123,1
532,17.733333333333334,Participant4_RS_FuUp,Endomorph,Normal,upright,1.0,0.0,0.0,0.1298483613065841,54.578641559887856,0.19710485586362,1
533,17.766666666666666,Participant4_RS_FuUp,Endomorph,Normal,upright,1.0,0.0,0.0,0.0663010120536438,55.58910902917365,0.1721313077464229,1
534,17.8,Participant4_RS_FuUp,Endomorph,Normal,upright,1.0,0.0,0.0,0.0923722111454944,56.147601592018525,0.2564186145561732,1
535,17.833333333333332,Participant4_RS_FuUp,Endomorph,Normal,upright,1.0,0.0,0.0,0.067108433323634,54.80299335599806,0.2309050070038397,1
536,17.866666666666667,Participant4_RS_FuUp,Endomorph,Normal,upright,1.0,0.0,0.0,0.0915836986811169,55.57282137287255,0.2190056809508482,1
537,17.9,Participant4_RS_FuUp,Endomorph,Normal,upright,1.0,0.0,0.0,0.0674212579213264,55.40020579574339,0.1790763302299166,1
538,17.933333333333334,Participant4_RS_FuUp,Endomorph,Normal,upright,1.0,0.0,0.0,0.0749403789658439,55.58951466699573,0.1767650934342129,1
539,17.966666666666665,Participant4_RS_FuUp,Endomorph,Normal,upright,1.0,0.0,0.0,0.0665997357963507,56.19590075962298,0.2379815799322316,1
540,18.0,Participant4_RS_FuUp,Endomorph,Normal,upright,1.0,0.0,0.0,0.0557730011008489,56.71179363802098,0.194511082748031,1
541,18.03333333333333,Participant4_RS_FuUp,Endomorph,Normal,upright,1.0,0.0,0.0,0.0875368526744543,55.62706398209273,0.1875327606264965,1
542,18.066666666666663,Participant4_RS_FuUp,Endomorph,Normal,upright,1.0,0.0,0.0,0.0662564098870749,55.22503363506473,0.1660087604034276,1
543,18.1,Participant4_RS_FuUp,Endomorph,Normal,upright,1.0,0.0,0.0,0.0955304202311962,55.08068703487723,0.2322787680488443,1
544,18.133333333333333,Participant4_RS_FuUp,Endomorph,Normal,upright,1.0,0.0,0.0,0.0836048609077507,56.14167427021458,0.1893150010069203,1
545,18.166666666666668,Participant4_RS_FuUp,Endomorph,Normal,upright,1.0,0.0,0.0,0.0583650500431957,56.207517254635526,0.1770872593247674,1
546,18.2,Participant4_RS_FuUp,Endomorph,Normal,upright,1.0,0.0,0.0,0.081543618268813,57.12651876365691,0.1838134622384827,1
547,18.23333333333333,Participant4_RS_FuUp,Endomorph,Normal,upright,1.0,0.0,0.0,0.0188242517198922,55.6853788873019,0.1737644214653218,1
548,18.266666666666666,Participant4_RS_FuUp,Endomorph,Normal,upright,1.0,0.0,0.0,0.0139506233734478,55.163592714241766,0.157864983911541,1
549,18.3,Participant4_RS_FuUp,Endomorph,Normal,upright,1.0,0.0,0.0,0.0962435050408324,53.88488695926782,0.2027913066515209,1
550,18.33333333333333,Participant4_RS_FuUp,Endomorph,Normal,upright,1.0,0.0,0.0,0.1278889953749195,54.68406210554623,0.2353384231602146,1
551,18.366666666666667,Participant4_RS_FuUp,Endomorph,Normal,upright,1.0,0.0,0.0,0.0674873507077523,55.31353005522936,0.1841611106947166,1
552,18.4,Participant4_RS_FuUp,Endomorph,Normal,upright,1.0,0.0,0.0,0.0670306840375943,55.50345812690785,0.1659798827471661,1
553,18.433333333333334,Participant4_RS_FuUp,Endomorph,Normal,upright,1.0,0.0,0.0,0.0823867332749676,55.777609058183145,0.1911580761102854,1
554,18.466666666666665,Participant4_RS_FuUp,Endomorph,Normal,upright,1.0,0.0,0.0,0.0790544465412637,55.514909066510576,0.1935952540071625,1
555,18.5,Participant4_RS_FuUp,Endomorph,Normal,upright,1.0,0.0,0.0,0.0644434630827362,55.30656234447287,0.1810476504897471,1
556,18.53333333333333,Participant4_RS_FuUp,Endomorph,Normal,upright,1.0,0.0,0.0,0.0779516913999901,56.16732933668849,0.1986742149211429,1
557,18.566666666666663,Participant4_RS_FuUp,Endomorph,Normal,upright,1.0,0.0,0.0,0.0784015924855889,56.795037499485375,0.1715871128752684,1
558,18.6,Participant4_RS_FuUp,Endomorph,Normal,upright,1.0,0.0,0.0,0.0330854427468007,55.720027674501495,0.1900490783188291,1
559,18.633333333333333,Participant4_RS_FuUp,Endomorph,Normal,upright,1.0,0.0,0.0,0.0630265005624327,57.43612642924126,0.1254747285126559,1
560,18.666666666666668,Participant4_RS_FuUp,Endomorph,Normal,upright,1.0,0.0,0.0,0.0674510078899147,55.45496288121488,0.1851725557167573,1
561,18.7,Participant4_RS_FuUp,Endomorph,Normal,upright,1.0,0.0,0.0,0.0797439966289778,56.64288628153787,0.1874794972526642,1
562,18.73333333333333,Participant4_RS_FuUp,Endomorph,Normal,upright,1.0,0.0,0.0,0.0714005728840437,55.86439671244837,0.1725429225903743,1
563,18.766666666666666,Participant4_RS_FuUp,Endomorph,Normal,upright,1.0,0.0,0.0,0.0958650464806478,57.48058906338002,0.175471673805779,1
564,18.8,Participant4_RS_FuUp,Endomorph,Normal,upright,1.0,0.0,0.0,0.1309989299954339,56.98719886116815,0.2026896460688868,1
565,18.83333333333333,Participant4_RS_FuUp,Endomorph,Normal,upright,1.0,0.0,0.0,0.0673369194353695,57.471966205547965,0.1573820463303986,1
566,18.866666666666667,Participant4_RS_FuUp,Endomorph,Normal,upright,1.0,0.0,0.0,0.0801786826985272,57.49312173825198,0.1626024909471656,1
567,18.9,Participant4_RS_FuUp,Endomorph,Normal,upright,1.0,0.0,0.0,0.0693674976854833,56.98395164615926,0.1547516287841931,1
568,18.933333333333334,Participant4_RS_FuUp,Endomorph,Normal,upright,1.0,0.0,0.0,0.1062728353171846,57.279832960982205,0.1999301386683438,1
569,18.966666666666665,Participant4_RS_FuUp,Endomorph,Normal,upright,1.0,0.0,0.0,0.0959534258781129,57.25212538065971,0.1977836541715425,1
570,19.0,Participant4_RS_FuUp,Endomorph,Normal,upright,1.0,0.0,0.0,0.0803184522683794,56.6754935829993,0.1615183988553507,1
571,19.03333333333333,Participant4_RS_FuUp,Endomorph,Normal,upright,1.0,0.0,0.0,0.0458931595826026,55.44373044140869,0.0952015420712683,1
572,19.066666666666663,Participant4_RS_FuUp,Endomorph,Normal,upright,1.0,0.0,0.0,-0.025286491836859,54.39374161994816,0.0748490720742482,1
573,19.1,Participant4_RS_FuUp,Endomorph,Normal,upright,1.0,0.0,0.0,0.0347035259145011,57.02876249256418,0.1575373005158832,1
574,19.133333333333333,Participant4_RS_FuUp,Endomorph,Normal,upright,1.0,0.0,0.0,0.0020549345046752,56.99879536422234,0.1537397442277639,1
575,19.166666666666668,Participant4_RS_FuUp,Endomorph,Normal,upright,1.0,0.0,0.0,0.0365363036231405,57.60590577351741,0.1750218922466493,1
576,19.2,Participant4_RS_FuUp,Endomorph,Normal,upright,1.0,0.0,0.0,0.0260244348017316,55.22380184086549,0.1823543373229907,1
577,19.23333333333333,Participant4_RS_FuUp,Endomorph,Normal,upright,1.0,0.0,0.0,0.0619511738679512,54.62650428546456,0.1697527727215194,1
578,19.266666666666666,Participant4_RS_FuUp,Endomorph,Normal,upright,1.0,0.0,0.0,0.0329799684341713,54.5084475452524,0.1704658846031139,1
579,19.3,Participant4_RS_FuUp,Endomorph,Normal,upright,1.0,0.0,0.0,0.0159076977377515,55.677363426977344,0.138485918052351,1
580,19.33333333333333,Participant4_RS_FuUp,Endomorph,Normal,upright,1.0,0.0,0.0,-0.1013268840665942,53.0557860002504,0.0925124183165689,1
581,19.366666666666667,Participant4_RS_FuUp,Endomorph,Normal,upright,1.0,0.0,0.0,-0.0537905304135241,54.02801099205146,0.1406185508420523,1
582,19.4,Participant4_RS_FuUp,Endomorph,Normal,upright,1.0,0.0,0.0,0.0845897402942697,57.19185427622291,0.1844975183694254,1
583,19.433333333333334,Participant4_RS_FuUp,Endomorph,Normal,upright,1.0,0.0,0.0,0.0646906291941918,56.8863219700842,0.2059092926153842,1
584,19.466666666666665,Participant4_RS_FuUp,Endomorph,Normal,upright,1.0,0.0,0.0,0.0436475082931037,55.89720403224062,0.1799191473695569,1
585,19.5,Participant4_RS_FuUp,Endomorph,Normal,upright,1.0,0.0,0.0,0.0514005864981955,55.59169511977919,0.1520349872228628,1
586,19.53333333333333,Participant4_RS_FuUp,Endomorph,Normal,upright,1.0,0.0,0.0,0.0448211876252258,55.835526373906895,0.1610507763693383,1
587,19.566666666666663,Participant4_RS_FuUp,Endomorph,Normal,upright,1.0,0.0,0.0,-0.0190953170697063,55.45953912306493,0.1560421565778736,1
588,19.6,Participant4_RS_FuUp,Endomorph,Normal,upright,1.0,0.0,0.0,0.0118569386435471,57.672551262637455,0.1732489849732919,1
589,19.633333333333333,Participant4_RS_FuUp,Endomorph,Normal,upright,1.0,0.0,0.0,-0.0318982967213575,56.149024544864965,0.0939975537202532,1
590,19.666666666666668,Participant4_RS_FuUp,Endomorph,Normal,upright,1.0,0.0,0.0,0.0101335897595028,57.36754697906684,0.2036892776285086,1
591,19.7,Participant4_RS_FuUp,Endomorph,Normal,upright,1.0,0.0,0.0,0.0663248855714009,56.242405588601926,0.1868719358998222,1
592,19.73333333333333,Participant4_RS_FuUp,Endomorph,Normal,upright,1.0,0.0,0.0,0.0358670120573268,57.00076606178013,0.108897636519906,1
593,19.766666666666666,Participant4_RS_FuUp,Endomorph,Normal,upright,1.0,0.0,0.0,0.0793969232251362,56.488284146190985,0.2521921873600176,1
594,19.8,Participant4_RS_FuUp,Endomorph,Normal,upright,1.0,0.0,0.0,0.1036865231968772,55.790873678960686,0.1898407473424788,1
595,19.83333333333333,Participant4_RS_FuUp,Endomorph,Normal,upright,1.0,0.0,0.0,0.1062885486615223,57.43177882078034,0.2416902262015926,1
596,19.866666666666667,Participant4_RS_FuUp,Endomorph,Normal,upright,1.0,0.0,0.0,0.1221134310046471,58.069156176526455,0.2112968595534193,1
597,19.9,Participant4_RS_FuUp,Endomorph,Normal,upright,1.0,0.0,0.0,0.0980056652956239,56.79310600122341,0.1727938731620359,1
598,19.933333333333334,Participant4_RS_FuUp,Endomorph,Normal,upright,1.0,0.0,0.0,0.0801586333689297,57.33170130717071,0.2128537816569136,1
599,19.966666666666665,Participant4_RS_FuUp,Endomorph,Normal,upright,1.0,0.0,0.0,0.1119771432691889,57.42778136173963,0.2195218265336367,1
600,20.0,Participant4_RS_FuUp,Endomorph,Normal,upright,1.0,0.0,0.0,0.0638649983478411,57.98626975640249,0.1781943033305789,1
601,20.03333333333333,Participant4_RS_FuUp,Endomorph,Normal,upright,1.0,0.0,0.0,0.072275610028497,57.298815966671945,0.1730965443510135,1
602,20.066666666666663,Participant4_RS_FuUp,Endomorph,Normal,upright,1.0,0.0,0.0,0.0132691181111724,54.69753548555212,0.1108278953297252,1
603,20.1,Participant4_RS_FuUp,Endomorph,Normal,upright,1.0,0.0,0.0,0.0521489129128637,55.87110883297944,0.1044406998766963,1
604,20.133333333333333,Participant4_RS_FuUp,Endomorph,Normal,upright,1.0,0.0,0.0,0.0314732463136354,56.22817027032324,0.1840018030380591,1
605,20.166666666666668,Participant4_RS_FuUp,Endomorph,Normal,upright,1.0,0.0,0.0,0.1317902494970537,55.00208994446327,0.1766186405533705,1
606,20.2,Participant4_RS_FuUp,Endomorph,Normal,upright,1.0,0.0,0.0,0.0339382564440205,56.71517553440311,0.1997546049645612,1
607,20.23333333333333,Participant4_RS_FuUp,Endomorph,Normal,upright,1.0,0.0,0.0,0.0542319493908713,55.80607900837701,0.1665599949394484,1
608,20.266666666666666,Participant4_RS_FuUp,Endomorph,Normal,upright,1.0,0.0,0.0,0.0852210062209746,56.89448184799105,0.1890432598416815,1
609,20.3,Participant4_RS_FuUp,Endomorph,Normal,upright,1.0,0.0,0.0,0.021368968058386,57.53379080386486,0.17588409138011,1
610,20.33333333333333,Participant4_RS_FuUp,Endomorph,Normal,upright,1.0,0.0,0.0,0.1454732502674032,58.08226839010234,0.2301960465065381,1
611,20.366666666666667,Participant4_RS_FuUp,Endomorph,Normal,upright,1.0,0.0,0.0,0.1254928818199063,56.445516098338906,0.2239266444863659,1
612,20.4,Participant4_RS_FuUp,Endomorph,Normal,upright,1.0,0.0,0.0,-0.0236404073612932,55.43147725421609,0.1107079981517297,1
613,20.433333333333334,Participant4_RS_FuUp,Endomorph,Normal,upright,1.0,0.0,0.0,0.101399621878714,58.67562955662139,0.2215805089990686,1
614,20.466666666666665,Participant4_RS_FuUp,Endomorph,Normal,upright,1.0,0.0,0.0,0.1241998235425514,57.26081179143304,0.234110959909971,1
615,20.5,Participant4_RS_FuUp,Endomorph,Normal,upright,1.0,0.0,0.0,0.1028745946898929,56.23845788951638,0.2062439657939042,1
616,20.53333333333333,Participant4_RS_FuUp,Endomorph,Normal,upright,1.0,0.0,0.0,0.0134721755644432,55.102805081007645,0.15674086296366,1
617,20.566666666666663,Participant4_RS_FuUp,Endomorph,Normal,upright,1.0,0.0,0.0,0.056344492389197,57.03877598542736,0.1923034546212327,1
618,20.6,Participant4_RS_FuUp,Endomorph,Normal,upright,1.0,0.0,0.0,0.0218433831533719,53.89802047163003,0.1699628332878215,1
619,20.633333333333333,Participant4_RS_FuUp,Endomorph,Normal,upright,1.0,0.0,0.0,0.0400541092658787,56.06429925801474,0.1562390888834069,1
620,20.666666666666668,Participant4_RS_FuUp,Endomorph,Normal,upright,1.0,0.0,0.0,0.1026592605616218,56.70140255584388,0.1902292302964274,1
621,20.7,Participant4_RS_FuUp,Endomorph,Normal,upright,1.0,0.0,0.0,0.061852737004628,55.59281095628529,0.1636942063324224,1
622,20.73333333333333,Participant4_RS_FuUp,Endomorph,Normal,upright,1.0,0.0,0.0,0.0495519586209844,55.20362480858182,0.1415364963339217,1
623,20.766666666666666,Participant4_RS_FuUp,Endomorph,Normal,upright,1.0,0.0,0.0,0.0356158619286885,55.16037503251748,0.1505252953094507,1
624,20.8,Participant4_RS_FuUp,Endomorph,Normal,upright,1.0,0.0,0.0,0.0915464054510567,54.54699531501005,0.1545182580582873,1
625,20.83333333333333,Participant4_RS_FuUp,Endomorph,Normal,upright,1.0,0.0,0.0,0.0129588556605091,55.51973998383452,0.155646278627406,1
626,20.866666666666667,Participant4_RS_FuUp,Endomorph,Normal,upright,1.0,0.0,0.0,0.0797494488089247,56.415809248526585,0.1461931658788949,1
627,20.9,Participant4_RS_FuUp,Endomorph,Normal,upright,1.0,0.0,0.0,0.0118510628715039,52.49720098853515,0.1281968741551328,1
628,20.933333333333334,Participant4_RS_FuUp,Endomorph,Normal,upright,1.0,0.0,0.0,-0.0184589775604494,54.10446951938974,0.1612423224379615,1
629,20.966666666666665,Participant4_RS_FuUp,Endomorph,Normal,upright,1.0,0.0,0.0,-0.0136354143502096,56.57754875716317,0.043408190967962,1
630,21.0,Participant4_RS_FuUp,Endomorph,Normal,upright,1.0,0.0,0.0,0.0123995899972171,56.54092436332464,0.0557090431926657,1
631,21.03333333333333,Participant4_RS_FuUp,Endomorph,Normal,upright,1.0,0.0,0.0,0.0183567325424865,55.80840388914658,0.0831884956483019,1
632,21.066666666666663,Participant4_RS_FuUp,Endomorph,Normal,upright,1.0,0.0,0.0,0.0423016891859192,56.64500558153612,0.115346020763883,1
633,21.1,Participant4_RS_FuUp,Endomorph,Normal,upright,1.0,0.0,0.0,0.0624503499910454,55.789502093053045,0.1509120192954492,1
634,21.133333333333333,Participant4_RS_FuUp,Endomorph,Normal,upright,1.0,0.0,0.0,0.0531284792876649,55.65048018400423,0.1408004794232235,1
635,21.166666666666668,Participant4_RS_FuUp,Endomorph,Normal,upright,1.0,0.0,0.0,0.0423017000825367,55.87206327267789,0.1565485137888358,1
636,21.2,Participant4_RS_FuUp,Endomorph,Normal,upright,1.0,0.0,0.0,0.0541602798228857,56.680662292833645,0.1294989636360005,1
637,21.23333333333333,Participant4_RS_FuUp,Endomorph,Normal,upright,1.0,0.0,0.0,0.095144953692825,55.03783495623848,0.1901918652975016,1
638,21.266666666666666,Participant4_RS_FuUp,Endomorph,Normal,upright,1.0,0.0,0.0,0.1133549434407824,56.46855968753946,0.1912163048456511,1
639,21.3,Participant4_RS_FuUp,Endomorph,Normal,upright,1.0,0.0,0.0,0.0861128665535905,55.90769739501442,0.17833394615458,1
640,21.33333333333333,Participant4_RS_FuUp,Endomorph,Normal,upright,1.0,0.0,0.0,0.0615957902941039,55.916911345645765,0.2043098979495736,1
641,21.366666666666667,Participant4_RS_FuUp,Endomorph,Normal,upright,1.0,0.0,0.0,0.042826121620727,55.99146405076277,0.1784920243103495,1
642,21.4,Participant4_RS_FuUp,Endomorph,Normal,upright,1.0,0.0,0.0,0.045309497847857,56.28517365745348,0.1201896594533614,1
643,21.433333333333334,Participant4_RS_FuUp,Endomorph,Normal,upright,1.0,0.0,0.0,0.0301387437461622,54.9692390646209,0.1409526283127052,1
644,21.466666666666665,Participant4_RS_FuUp,Endomorph,Normal,upright,1.0,0.0,0.0,0.0014685992799952,54.731314737572376,0.0976440791124145,1
645,21.5,Participant4_RS_FuUp,Endomorph,Normal,upright,1.0,0.0,0.0,0.0274589480499906,55.29647465040589,0.1610600434255701,1
646,21.53333333333333,Participant4_RS_FuUp,Endomorph,Normal,upright,1.0,0.0,0.0,-0.0157996737997936,54.853536122054095,0.1382666327430691,1
647,21.566666666666663,Participant4_RS_FuUp,Endomorph,Normal,upright,1.0,0.0,0.0,0.0480934461842171,55.43207742646106,0.1398002400908865,1
648,21.6,Participant4_RS_FuUp,Endomorph,Normal,upright,1.0,0.0,0.0,0.0582851113511516,53.944226063953934,0.152424236443591,1
649,21.633333333333333,Participant4_RS_FuUp,Endomorph,Normal,upright,1.0,0.0,0.0,0.0727915404778879,54.543303466750125,0.1221360752603501,1
650,21.666666666666668,Participant4_RS_FuUp,Endomorph,Normal,upright,1.0,0.0,0.0,0.0552231133398623,57.03377698090456,0.1058172271502189,1
651,21.7,Participant4_RS_FuUp,Endomorph,Normal,upright,1.0,0.0,0.0,0.0142888107055251,56.11186889149507,0.0666435261626377,1
652,21.73333333333333,Participant4_RS_FuUp,Endomorph,Normal,upright,1.0,0.0,0.0,-0.049025109414703,54.22651860221851,0.0600420748372811,1
653,21.766666666666666,Participant4_RS_FuUp,Endomorph,Normal,upright,1.0,0.0,0.0,-0.0107211486728094,53.80782901643575,0.0808524847533395,1
654,21.8,Participant4_RS_FuUp,Endomorph,Normal,upright,1.0,0.0,0.0,0.0070844603191532,54.38051676403141,0.0948074647354044,1
655,21.83333333333333,Participant4_RS_FuUp,Endomorph,Normal,upright,1.0,0.0,0.0,-0.0072712183276577,54.278214921955886,0.1188718740800188,1
656,21.866666666666667,Participant4_RS_FuUp,Endomorph,Normal,upright,1.0,0.0,0.0,0.0119844111724655,54.42685263576562,0.123733650037732,1
657,21.9,Participant4_RS_FuUp,Endomorph,Normal,upright,1.0,0.0,0.0,0.1022546936115209,55.084534133133786,0.185160520970962,1
658,21.933333333333334,Participant4_RS_FuUp,Endomorph,Normal,upright,1.0,0.0,0.0,0.0851052313805493,54.80707304250376,0.1723239866322043,1
659,21.966666666666665,Participant4_RS_FuUp,Endomorph,Normal,upright,1.0,0.0,0.0,0.0742562278874299,56.18300539488947,0.1478882715724412,1
660,22.0,Participant4_RS_FuUp,Endomorph,Normal,upright,1.0,0.0,0.0,0.1127552479749718,54.94629489692172,0.2049815987706253,1
661,22.03333333333333,Participant4_RS_FuUp,Endomorph,Normal,upright,1.0,0.0,0.0,-0.0599184012459565,54.39375994943951,0.0669711302451468,1
662,22.066666666666663,Participant4_RS_FuUp,Endomorph,Normal,upright,1.0,0.0,0.0,0.0423741376194079,56.682405441763926,0.2127930072127511,1
663,22.1,Participant4_RS_FuUp,Endomorph,Normal,upright,1.0,0.0,0.0,-0.0122809635731678,56.31948294687127,0.2270799011450134,1
664,22.133333333333333,Participant4_RS_FuUp,Endomorph,Normal,upright,1.0,0.0,0.0,0.0397846965975946,56.57971355075791,0.1144612439811038,1
665,22.166666666666668,Participant4_RS_FuUp,Endomorph,Normal,upright,1.0,0.0,0.0,-0.0058546238198821,54.93558283237848,0.1728018079593997,1
666,22.2,Participant4_RS_FuUp,Endomorph,Normal,upright,1.0,0.0,0.0,0.0166479951802461,55.491031726227945,0.155189245622556,1
667,22.23333333333333,Participant4_RS_FuUp,Endomorph,Normal,upright,1.0,0.0,0.0,-0.0047692074587858,56.96118696445769,0.1190591674726679,1
668,22.266666666666666,Participant4_RS_FuUp,Endomorph,Normal,upright,1.0,0.0,0.0,-0.0078270041006994,56.57131325218987,0.1166330575372846,1
669,22.3,Participant4_RS_FuUp,Endomorph,Normal,upright,1.0,0.0,0.0,-0.0053545508475962,57.446582150556594,0.1270452285504759,1
670,22.33333333333333,Participant4_RS_FuUp,Endomorph,Normal,upright,1.0,0.0,0.0,-0.0490828195441399,56.19090055256672,0.0707695503981047,1
671,22.366666666666667,Participant4_RS_FuUp,Endomorph,Normal,upright,1.0,0.0,0.0,0.0470849908771194,54.70968434632019,0.1617676679548508,1
672,22.4,Participant4_RS_FuUp,Endomorph,Normal,upright,1.0,0.0,0.0,0.0408097919777746,55.30177109666657,0.1424175212514725,1
673,22.433333333333334,Participant4_RS_FuUp,Endomorph,Normal,upright,1.0,0.0,0.0,0.0271684930843879,55.45808932174986,0.1423708464011896,1
674,22.466666666666665,Participant4_RS_FuUp,Endomorph,Normal,upright,1.0,0.0,0.0,0.0640886327127401,53.91557846358637,0.093787889987522,1
675,22.5,Participant4_RS_FuUp,Endomorph,Normal,upright,1.0,0.0,0.0,0.1131180962091016,56.10581855915618,0.2107781553987391,1
676,22.53333333333333,Participant4_RS_FuUp,Endomorph,Normal,upright,1.0,0.0,0.0,0.0289729610843942,55.30691630514028,0.1663513103668147,1
677,22.566666666666663,Participant4_RS_FuUp,Endomorph,Normal,upright,1.0,0.0,0.0,0.1208320195163331,55.96767371739988,0.2136541055862428,1
678,22.6,Participant4_RS_FuUp,Endomorph,Normal,upright,1.0,0.0,0.0,0.0810085201114482,57.28037305338624,0.1816007077398876,1
679,22.633333333333333,Participant4_RS_FuUp,Endomorph,Normal,upright,1.0,0.0,0.0,0.1100046916112215,55.95570499250898,0.1512018799501567,1
680,22.666666666666668,Participant4_RS_FuUp,Endomorph,Normal,upright,1.0,0.0,0.0,-0.0262172682019705,55.909221970868366,0.1315753762021769,1
681,22.7,Participant4_RS_FuUp,Endomorph,Normal,upright,1.0,0.0,0.0,0.0793386604001455,56.62514869595286,0.2323626227638101,1
682,22.73333333333333,Participant4_RS_FuUp,Endomorph,Normal,upright,1.0,0.0,0.0,-0.0276080654102152,58.89861584548662,0.1256497935877751,1
683,22.766666666666666,Participant4_RS_FuUp,Endomorph,Normal,upright,1.0,0.0,0.0,-0.0614406637625243,58.97311775460224,0.096972344928288,1
684,22.8,Participant4_RS_FuUp,Endomorph,Normal,upright,1.0,0.0,0.0,-0.0988649876691254,58.20254640204631,0.1387181141099439,1
685,22.83333333333333,Participant4_RS_FuUp,Endomorph,Normal,upright,1.0,0.0,0.0,-0.0838173346745737,59.17038932293983,0.1866080744254328,1
686,22.866666666666667,Participant4_RS_FuUp,Endomorph,Normal,upright,1.0,0.0,0.0,-0.0922465501418661,58.1143204500689,0.124295047876219,1
687,22.9,Participant4_RS_FuUp,Endomorph,Normal,upright,1.0,0.0,0.0,-0.0674720855378186,59.90027176346309,0.0569803603028315,1
688,22.933333333333334,Participant4_RS_FuUp,Endomorph,Normal,upright,1.0,0.0,0.0,-0.0420221855846593,58.0680621965797,0.1631512717645802,1
689,22.966666666666665,Participant4_RS_FuUp,Endomorph,Normal,upright,1.0,0.0,0.0,-0.0742885181110343,59.19308315592495,0.1321553457957607,1
690,23.0,Participant4_RS_FuUp,Endomorph,Normal,upright,1.0,0.0,0.0,-0.0759251203975064,59.10393403421419,0.1334721418400727,1
691,23.03333333333333,Participant4_RS_FuUp,Endomorph,Normal,upright,1.0,0.0,0.0,-0.0828060997775121,58.5199747588034,0.1774199441827771,1
692,23.066666666666663,Participant4_RS_FuUp,Endomorph,Normal,upright,1.0,0.0,0.0,0.0091561453376639,59.26198776219908,0.2228546689455572,1
693,23.1,Participant4_RS_FuUp,Endomorph,Normal,upright,1.0,0.0,0.0,-0.0518926652533292,58.40679705314782,0.1993578378568907,1
694,23.133333333333333,Participant4_RS_FuUp,Endomorph,Normal,upright,1.0,0.0,0.0,-0.0899314532559994,56.90451191342631,0.0249770343030574,1
695,23.166666666666668,Participant4_RS_FuUp,Endomorph,Normal,upright,1.0,0.0,0.0,-0.0431771303128115,57.51844265447295,0.1358613548854741,1
696,23.2,Participant4_RS_FuUp,Endomorph,Normal,upright,1.0,0.0,0.0,-0.0808007383234653,56.16283405998003,0.1366571482795494,1
697,23.23333333333333,Participant4_RS_FuUp,Endomorph,Normal,upright,1.0,0.0,0.0,-0.0769377885171271,57.41617798891268,0.0239489589556921,1
698,23.266666666666666,Participant4_RS_FuUp,Endomorph,Normal,upright,1.0,0.0,0.0,-0.0120257247154874,55.43777244716088,0.1704251657221764,1
699,23.3,Participant4_RS_FuUp,Endomorph,Normal,upright,1.0,0.0,0.0,-0.0784465739907656,54.46818067402992,0.1120798602066723,1
700,23.33333333333333,Participant4_RS_FuUp,Endomorph,Normal,upright,1.0,0.0,0.0,-0.0141410813085182,55.67656622692962,0.0892868043514201,1
701,23.366666666666667,Participant4_RS_FuUp,Endomorph,Normal,upright,1.0,0.0,0.0,0.0517103862966729,56.00675113140031,0.1655580988139263,1
702,23.4,Participant4_RS_FuUp,Endomorph,Normal,upright,1.0,0.0,0.0,-0.0198460763261842,55.66073677095108,0.1710331793574465,1
703,23.433333333333334,Participant4_RS_FuUp,Endomorph,Normal,upright,1.0,0.0,0.0,0.008031886763022,55.59313100555082,0.1733032528062909,1
704,23.466666666666665,Participant4_RS_FuUp,Endomorph,Normal,upright,1.0,0.0,0.0,-0.0231182271586185,56.316625983236136,0.0765313837712022,1
705,23.5,Participant4_RS_FuUp,Endomorph,Normal,upright,1.0,0.0,0.0,0.0176775787351193,55.66332050730095,0.10077091854192,1
706,23.53333333333333,Participant4_RS_FuUp,Endomorph,Normal,upright,1.0,0.0,0.0,0.0527031736955926,56.32767874639778,0.1971669000856294,1
707,23.566666666666663,Participant4_RS_FuUp,Endomorph,Normal,upright,1.0,0.0,0.0,0.0400165976004013,56.39307802793283,0.1935474317891715,1
708,23.6,Participant4_RS_FuUp,Endomorph,Normal,upright,1.0,0.0,0.0,0.0345575959397297,55.824583376867,0.154043602029261,1
709,23.633333333333333,Participant4_RS_FuUp,Endomorph,Normal,upright,1.0,0.0,0.0,0.0305932125846406,55.31126967562167,0.207149026093951,1
710,23.666666666666668,Participant4_RS_FuUp,Endomorph,Normal,upright,1.0,0.0,0.0,0.0108718513868917,56.033597314312736,0.175362436657723,1
711,23.7,Participant4_RS_FuUp,Endomorph,Normal,upright,1.0,0.0,0.0,-0.0029974436350563,56.28750187741346,0.176490098263214,1
712,23.73333333333333,Participant4_RS_FuUp,Endomorph,Normal,upright,1.0,0.0,0.0,0.0893199639086912,55.6987030008596,0.2231021315747737,1
713,23.766666666666666,Participant4_RS_FuUp,Endomorph,Normal,upright,1.0,0.0,0.0,0.0740479268787039,55.16742559385559,0.2202200012877097,1
714,23.8,Participant4_RS_FuUp,Endomorph,Normal,upright,1.0,0.0,0.0,0.085952996614148,55.96981267383639,0.2512676986434402,1
715,23.83333333333333,Participant4_RS_FuUp,Endomorph,Normal,upright,1.0,0.0,0.0,0.0959462618076212,54.88897080977446,0.2303006423164596,1
716,23.866666666666667,Participant4_RS_FuUp,Endomorph,Normal,upright,1.0,0.0,0.0,0.025874076742003,55.32849605860388,0.2001440831346535,1
717,23.9,Participant4_RS_FuUp,Endomorph,Normal,upright,1.0,0.0,0.0,0.1076851263458543,54.977143352989145,0.2335417633896494,1
718,23.933333333333334,Participant4_RS_FuUp,Endomorph,Normal,upright,1.0,0.0,0.0,0.0604416825412765,56.56281883510064,0.2181129126968259,1
719,23.966666666666665,Participant4_RS_FuUp,Endomorph,Normal,upright,1.0,0.0,0.0,0.0790265562471472,56.7057120406755,0.2517097230264038,1
720,24.0,Participant4_RS_FuUp,Endomorph,Normal,upright,1.0,0.0,0.0,0.0873120646059119,55.65763023273991,0.2212610500455265,1
721,24.03333333333333,Participant4_RS_FuUp,Endomorph,Normal,upright,1.0,0.0,0.0,0.0835234585310205,56.26772297863313,0.2291036163169888,1
722,24.066666666666663,Participant4_RS_FuUp,Endomorph,Normal,upright,1.0,0.0,0.0,0.0644720901443237,56.40934916595226,0.2242950541841511,1
723,24.1,Participant4_RS_FuUp,Endomorph,Normal,upright,1.0,0.0,0.0,0.0697692849946005,57.30034074430587,0.2338606432982742,1
724,24.133333333333333,Participant4_RS_FuUp,Endomorph,Normal,upright,1.0,0.0,0.0,0.0651249669888399,54.70703309719839,0.194129436548452,1
725,24.166666666666668,Participant4_RS_FuUp,Endomorph,Normal,upright,1.0,0.0,0.0,0.0480167140752718,56.01226014391733,0.1762938105174837,1
726,24.2,Participant4_RS_FuUp,Endomorph,Normal,upright,1.0,0.0,0.0,0.0829571831035516,56.75945959408997,0.1764007299797334,1
727,24.23333333333333,Participant4_RS_FuUp,Endomorph,Normal,upright,1.0,0.0,0.0,0.0315157553162159,54.750847531672825,0.1214345056277092,1
728,24.266666666666666,Participant4_RS_FuUp,Endomorph,Normal,upright,1.0,0.0,0.0,0.071557667205277,56.35634057070583,0.2393260121526651,1
729,24.3,Participant4_RS_FuUp,Endomorph,Normal,upright,1.0,0.0,0.0,0.0496078636738132,56.09059279788657,0.2669037305126269,1
730,24.33333333333333,Participant4_RS_FuUp,Endomorph,Normal,upright,1.0,0.0,0.0,-0.0036081195094443,55.56471510352476,0.143409837931437,1
731,24.366666666666667,Participant4_RS_FuUp,Endomorph,Normal,upright,1.0,0.0,0.0,0.046326907492157,56.365079048304295,0.2271992794829763,1
732,24.4,Participant4_RS_FuUp,Endomorph,Normal,upright,1.0,0.0,0.0,0.0612912277531372,56.97554583508797,0.2518367783067206,1
733,24.433333333333334,Participant4_RS_FuUp,Endomorph,Normal,upright,1.0,0.0,0.0,0.0593076666004609,58.93454363132402,0.1826615971652788,1
734,24.466666666666665,Participant4_RS_FuUp,Endomorph,Normal,upright,1.0,0.0,0.0,0.0789210881335854,58.80964917069366,0.1937227040990525,1
735,24.5,Participant4_RS_FuUp,Endomorph,Normal,upright,1.0,0.0,0.0,0.0561925143614908,58.01755579095265,0.1802074164417571,1
736,24.53333333333333,Participant4_RS_FuUp,Endomorph,Normal,upright,1.0,0.0,0.0,0.073490806990632,56.49213050134109,0.2412504132175391,1
737,24.566666666666663,Participant4_RS_FuUp,Endomorph,Normal,upright,1.0,0.0,0.0,0.0697821866936362,56.11321770425137,0.2610630163261555,1
738,24.6,Participant4_RS_FuUp,Endomorph,Normal,upright,1.0,0.0,0.0,0.0381325183027208,56.88199678133504,0.2327080423165751,1
739,24.633333333333333,Participant4_RS_FuUp,Endomorph,Normal,upright,1.0,0.0,0.0,0.063423256116204,57.370155464818495,0.2620047003229898,1
740,24.666666666666668,Participant4_RS_FuUp,Endomorph,Normal,upright,1.0,0.0,0.0,0.0736847439883912,58.37168618825794,0.2037137358628683,1
741,24.7,Participant4_RS_FuUp,Endomorph,Normal,upright,1.0,0.0,0.0,0.0762964731824707,58.42431740553244,0.2029185835987775,1
742,24.73333333333333,Participant4_RS_FuUp,Endomorph,Normal,upright,1.0,0.0,0.0,0.0082146067814738,57.10025965066013,0.1843697744299619,1
743,24.766666666666666,Participant4_RS_FuUp,Endomorph,Normal,upright,1.0,0.0,0.0,0.0810409146139931,56.307516974737695,0.215583247639418,1
744,24.8,Participant4_RS_FuUp,Endomorph,Normal,upright,1.0,0.0,0.0,0.1068112710325354,57.24506765229862,0.2489993080575687,1
745,24.83333333333333,Participant4_RS_FuUp,Endomorph,Normal,upright,1.0,0.0,0.0,0.0908145893908251,56.0214035853223,0.2093644629522514,1
746,24.866666666666667,Participant4_RS_FuUp,Endomorph,Normal,upright,1.0,0.0,0.0,0.0671498313363245,56.92438014497728,0.2055597659306366,1
747,24.9,Participant4_RS_FuUp,Endomorph,Normal,upright,1.0,0.0,0.0,0.0864324976110287,57.8266546472348,0.2303422296515179,1
748,24.933333333333334,Participant4_RS_FuUp,Endomorph,Normal,upright,1.0,0.0,0.0,0.087666641354211,57.88282441449616,0.1768309163532129,1
749,24.966666666666665,Participant4_RS_FuUp,Endomorph,Normal,upright,1.0,0.0,0.0,0.0890080660339817,57.43660814114011,0.1741798793569571,1
750,25.0,Participant4_RS_FuUp,Endomorph,Normal,upright,1.0,0.0,0.0,0.1392607612665771,55.63505742069741,0.2308306252470326,1
751,25.03333333333333,Participant4_RS_FuUp,Endomorph,Normal,upright,1.0,0.0,0.0,0.0633090909841427,56.28414839134757,0.2062848992772079,1
752,25.066666666666663,Participant4_RS_FuUp,Endomorph,Normal,upright,1.0,0.0,0.0,0.0610025613785273,56.562817639285015,0.208367024887832,1
753,25.1,Participant4_RS_FuUp,Endomorph,Normal,upright,1.0,0.0,0.0,0.0509365732113019,57.00644844606105,0.1788127768015177,1
754,25.133333333333333,Participant4_RS_FuUp,Endomorph,Normal,upright,1.0,0.0,0.0,0.0553835158013814,56.31913792400316,0.2101840014593608,1
755,25.166666666666668,Participant4_RS_FuUp,Endomorph,Normal,upright,1.0,0.0,0.0,0.1117613165569985,56.14955746863786,0.2656294189977238,1
756,25.2,Participant4_RS_FuUp,Endomorph,Normal,upright,1.0,0.0,0.0,0.0567155539259969,55.82035750432346,0.189307287857974,1
757,25.23333333333333,Participant4_RS_FuUp,Endomorph,Normal,upright,1.0,0.0,0.0,0.0227104463704409,56.309157631582,0.1560232369058581,1
758,25.266666666666666,Participant4_RS_FuUp,Endomorph,Normal,upright,1.0,0.0,0.0,0.0779142625579193,57.048627035254064,0.2011774150803626,1
759,25.3,Participant4_RS_FuUp,Endomorph,Normal,upright,1.0,0.0,0.0,-0.0310163732684904,56.56388072447735,0.0841778433468002,1
760,25.33333333333333,Participant4_RS_FuUp,Endomorph,Normal,upright,1.0,0.0,0.0,0.0623034353447573,56.875396142852246,0.1434536232027812,1
761,25.366666666666667,Participant4_RS_FuUp,Endomorph,Normal,upright,1.0,0.0,0.0,0.0887990795400248,57.1139894745884,0.2095140501162682,1
762,25.4,Participant4_RS_FuUp,Endomorph,Normal,upright,1.0,0.0,0.0,0.0530883488922852,57.647352093597085,0.126107236563112,1
763,25.433333333333334,Participant4_RS_FuUp,Endomorph,Normal,upright,1.0,0.0,0.0,0.1132330102280632,57.008461681770136,0.2025965542573299,1
764,25.466666666666665,Participant4_RS_FuUp,Endomorph,Normal,upright,1.0,0.0,0.0,0.037412373674583,56.6765357223384,0.2180906605412985,1
765,25.5,Participant4_RS_FuUp,Endomorph,Normal,upright,1.0,0.0,0.0,-0.0004755801319186,56.99857087643744,0.1448487180727883,1
766,25.53333333333333,Participant4_RS_FuUp,Endomorph,Normal,upright,1.0,0.0,0.0,0.0096794451672926,58.359795936730144,0.1756160475903956,1
767,25.566666666666663,Participant4_RS_FuUp,Endomorph,Normal,upright,1.0,0.0,0.0,0.0532325505400163,57.8961134074766,0.198673275883821,1
768,25.6,Participant4_RS_FuUp,Endomorph,Normal,upright,1.0,0.0,0.0,0.0663019235250615,57.6664727496949,0.1977889362374045,1
769,25.633333333333333,Participant4_RS_FuUp,Endomorph,Normal,upright,1.0,0.0,0.0,0.0569565904380369,58.24002301301321,0.192583389889414,1
770,25.666666666666668,Participant4_RS_FuUp,Endomorph,Normal,upright,1.0,0.0,0.0,0.0858253678472222,56.79047572410472,0.2069621192209142,1
771,25.7,Participant4_RS_FuUp,Endomorph,Normal,upright,1.0,0.0,0.0,0.0895737336354621,56.739877291351625,0.1906516531029823,1
772,25.73333333333333,Participant4_RS_FuUp,Endomorph,Normal,upright,1.0,0.0,0.0,0.102747274343775,57.66560344759512,0.1772356506324045,1
773,25.766666666666666,Participant4_RS_FuUp,Endomorph,Normal,upright,1.0,0.0,0.0,0.1225273611751202,56.52784546414777,0.198560926449758,1
774,25.8,Participant4_RS_FuUp,Endomorph,Normal,upright,1.0,0.0,0.0,0.0746701823998957,55.35809747128423,0.1951898547784891,1
775,25.83333333333333,Participant4_RS_FuUp,Endomorph,Normal,upright,1.0,0.0,0.0,0.0750394118444972,56.65468232626767,0.1578962151467142,1
776,25.866666666666667,Participant4_RS_FuUp,Endomorph,Normal,upright,1.0,0.0,0.0,0.0821653862510659,56.19206908049837,0.1822370542015301,1
777,25.9,Participant4_RS_FuUp,Endomorph,Normal,upright,1.0,0.0,0.0,0.0620618421968936,56.25611614227931,0.189604911182206,1
778,25.933333333333334,Participant4_RS_FuUp,Endomorph,Normal,upright,1.0,0.0,0.0,0.0249748630496042,56.50410630902504,0.1163012964224648,1
779,25.966666666666665,Participant4_RS_FuUp,Endomorph,Normal,upright,1.0,0.0,0.0,0.0833496767866295,56.50151481002271,0.1488159340126894,1
780,26.0,Participant4_RS_FuUp,Endomorph,Normal,upright,1.0,0.0,0.0,0.0634490365960304,56.062554829142094,0.1943569320643642,1
781,26.03333333333333,Participant4_RS_FuUp,Endomorph,Normal,upright,1.0,0.0,0.0,0.0148143533704597,56.22910684845814,0.1728309457082338,1
782,26.066666666666663,Participant4_RS_FuUp,Endomorph,Normal,upright,1.0,0.0,0.0,0.0279961522188154,56.4551926982272,0.1656305531308993,1
783,26.1,Participant4_RS_FuUp,Endomorph,Normal,upright,1.0,0.0,0.0,0.0478082723227142,56.499634587963904,0.1689546468621086,1
784,26.133333333333333,Participant4_RS_FuUp,Endomorph,Normal,upright,1.0,0.0,0.0,0.0401674431975585,56.43820055951876,0.1665906455968693,1
785,26.166666666666668,Participant4_RS_FuUp,Endomorph,Normal,upright,1.0,0.0,0.0,-0.0623483325165483,55.38733845748159,0.0858046921950369,1
786,26.2,Participant4_RS_FuUp,Endomorph,Normal,upright,1.0,0.0,0.0,-0.055892094921748,55.30710608807927,0.071715115407523,1
787,26.23333333333333,Participant4_RS_FuUp,Endomorph,Normal,upright,1.0,0.0,0.0,-0.0397970748983934,56.52450011516134,0.0917205342952056,1
788,26.266666666666666,Participant4_RS_FuUp,Endomorph,Normal,upright,1.0,0.0,0.0,-0.0819217093456864,55.749869473086015,0.090386179914393,1
789,26.3,Participant4_RS_FuUp,Endomorph,Normal,upright,1.0,0.0,0.0,-0.0851853333716425,54.84818830340873,0.0235421243552822,1
790,26.33333333333333,Participant4_RS_FuUp,Endomorph,Normal,upright,1.0,0.0,0.0,0.0170471257394045,54.88731643607461,0.1229624009769339,1
791,26.366666666666667,Participant4_RS_FuUp,Endomorph,Normal,upright,1.0,0.0,0.0,0.0803417930697946,56.85187136495486,0.2052069080058736,1
792,26.4,Participant4_RS_FuUp,Endomorph,Normal,upright,1.0,0.0,0.0,0.0195805949022131,57.272063775075786,0.1569491203112999,1
793,26.433333333333334,Participant4_RS_FuUp,Endomorph,Normal,upright,1.0,0.0,0.0,0.051668406001573,57.069884899030725,0.1091505867415741,1
794,26.466666666666665,Participant4_RS_FuUp,Endomorph,Normal,upright,1.0,0.0,0.0,0.0319631822974504,56.44366557239082,0.1671425617499297,1
795,26.5,Participant4_RS_FuUp,Endomorph,Normal,upright,1.0,0.0,0.0,0.0295912530351726,55.43731879468032,0.0937577842612635,1
796,26.53333333333333,Participant4_RS_FuUp,Endomorph,Normal,upright,1.0,0.0,0.0,-0.0722948448750926,56.38567453390056,0.0915375582122958,1
797,26.566666666666663,Participant4_RS_FuUp,Endomorph,Normal,upright,1.0,0.0,0.0,0.017455934297601,56.33367958373987,0.1884358947279711,1
798,26.6,Participant4_RS_FuUp,Endomorph,Normal,upright,1.0,0.0,0.0,0.0418543651395433,56.07003381033011,0.1938637847805806,1
799,26.633333333333333,Participant4_RS_FuUp,Endomorph,Normal,upright,1.0,0.0,0.0,-0.0396838316855979,55.4616513535601,0.1114584713411328,1
800,26.666666666666668,Participant4_RS_FuUp,Endomorph,Normal,upright,1.0,0.0,0.0,-0.0295072409473647,55.23562514366797,0.0961045763739842,1
801,26.7,Participant4_RS_FuUp,Endomorph,Normal,upright,1.0,0.0,0.0,-0.0347679318740169,55.78404223355227,0.0853929385764703,1
802,26.73333333333333,Participant4_RS_FuUp,Endomorph,Normal,upright,1.0,0.0,0.0,-0.0513336201947722,55.38923056193183,0.0182627244628124,1
803,26.766666666666666,Participant4_RS_FuUp,Endomorph,Normal,upright,1.0,0.0,0.0,-0.0333014453433144,55.80634715722701,0.07886602335671,1
804,26.8,Participant4_RS_FuUp,Endomorph,Normal,upright,1.0,0.0,0.0,-0.0539840767960439,55.36554955468962,0.1888998921243625,1
805,26.83333333333333,Participant4_RS_FuUp,Endomorph,Normal,upright,1.0,0.0,0.0,-0.0296657776982126,56.82905333947068,0.0915960699898062,1
806,26.866666666666667,Participant4_RS_FuUp,Endomorph,Normal,upright,1.0,0.0,0.0,-0.0363750786206436,57.221400797049306,0.0868388321744858,1
807,26.9,Participant4_RS_FuUp,Endomorph,Normal,upright,1.0,0.0,0.0,-0.0444692557249081,56.32080583779825,0.0141118610069628,1
808,26.933333333333334,Participant4_RS_FuUp,Endomorph,Normal,upright,1.0,0.0,0.0,-0.0536087174493446,56.866830335292725,0.0930687967536006,1
809,26.966666666666665,Participant4_RS_FuUp,Endomorph,Normal,upright,1.0,0.0,0.0,-0.0101611017466577,55.00284491098788,0.1299271191345259,1
810,27.0,Participant4_RS_FuUp,Endomorph,Normal,upright,1.0,0.0,0.0,-0.0248916658126584,56.51812948814517,0.1172049496538241,1
811,27.03333333333333,Participant4_RS_FuUp,Endomorph,Normal,upright,1.0,0.0,0.0,-0.0003590275288831,56.69208235456178,0.109107870303787,1
812,27.066666666666663,Participant4_RS_FuUp,Endomorph,Normal,upright,1.0,0.0,0.0,-0.0027982164511833,56.43048786403863,0.1063724698210292,1
813,27.1,Participant4_RS_FuUp,Endomorph,Normal,upright,1.0,0.0,0.0,-0.0090747233527363,55.88970628211084,0.0961217953980965,1
814,27.133333333333333,Participant4_RS_FuUp,Endomorph,Normal,upright,1.0,0.0,0.0,0.016106061769274,58.51512401757657,0.1432469154260673,1
815,27.166666666666668,Participant4_RS_FuUp,Endomorph,Normal,upright,1.0,0.0,0.0,0.0465325778504169,56.62941890821023,0.1728741806815052,1
816,27.2,Participant4_RS_FuUp,Endomorph,Normal,upright,1.0,0.0,0.0,-0.0464984168484005,57.526032928416,0.0965034182775622,1
817,27.23333333333333,Participant4_RS_FuUp,Endomorph,Normal,upright,1.0,0.0,0.0,-0.0340931822915404,57.25672875717856,0.1739897844558953,1
818,27.266666666666666,Participant4_RS_FuUp,Endomorph,Normal,upright,1.0,0.0,0.0,-0.0256290066340849,57.02286761777569,0.1727744254115929,1
819,27.3,Participant4_RS_FuUp,Endomorph,Normal,upright,1.0,0.0,0.0,-0.0198155255254366,56.34486527935602,0.1933103642833736,1
820,27.33333333333333,Participant4_RS_FuUp,Endomorph,Normal,upright,1.0,0.0,0.0,0.0275684761297275,56.95668398030808,0.1593939667913087,1
821,27.366666666666667,Participant4_RS_FuUp,Endomorph,Normal,upright,1.0,0.0,0.0,0.0286126223176424,56.36759957034079,0.0908961996844262,1
822,27.4,Participant4_RS_FuUp,Endomorph,Normal,upright,1.0,0.0,0.0,0.027259167608802,57.16053948759813,0.0960115120596743,1
823,27.433333333333334,Participant4_RS_FuUp,Endomorph,Normal,upright,1.0,0.0,0.0,-0.0443344636115166,56.921535115384685,0.0989841832963593,1
824,27.466666666666665,Participant4_RS_FuUp,Endomorph,Normal,upright,1.0,0.0,0.0,0.0061760964098142,55.93159494438538,0.0574886587623481,1
825,27.5,Participant4_RS_FuUp,Endomorph,Normal,upright,1.0,0.0,0.0,-0.0028676959935807,56.85153767026894,0.1373380373735864,1
826,27.53333333333333,Participant4_RS_FuUp,Endomorph,Normal,upright,1.0,0.0,0.0,-0.066684077466195,57.66939871904988,0.1296554716018734,1
827,27.566666666666663,Participant4_RS_FuUp,Endomorph,Normal,upright,1.0,0.0,0.0,-0.0725804257504676,57.72544160569421,0.0948017374529722,1
828,27.6,Participant4_RS_FuUp,Endomorph,Normal,upright,1.0,0.0,0.0,-0.0325518665791398,56.69841729515537,0.0957600949676701,1
829,27.633333333333333,Participant4_RS_FuUp,Endomorph,Normal,upright,1.0,0.0,0.0,-0.0602435921113651,56.66394805060477,0.0968959187119,1
830,27.666666666666668,Participant4_RS_FuUp,Endomorph,Normal,upright,1.0,0.0,0.0,-0.0494234560935467,55.65836996356647,0.0947400634805233,1
831,27.7,Participant4_RS_FuUp,Endomorph,Normal,upright,1.0,0.0,0.0,-0.072810903305291,58.34639250382887,0.1582972713051591,1
832,27.73333333333333,Participant4_RS_FuUp,Endomorph,Normal,upright,1.0,0.0,0.0,-0.1009172531414217,58.36248295096858,0.1533301900074467,1
833,27.766666666666666,Participant4_RS_FuUp,Endomorph,Normal,upright,1.0,0.0,0.0,-0.0535965559478869,56.697483808222216,0.1202283848403235,1
834,27.8,Participant4_RS_FuUp,Endomorph,Normal,upright,1.0,0.0,0.0,-0.0397991716537364,55.01592094380906,0.0481243563306394,1
835,27.83333333333333,Participant4_RS_FuUp,Endomorph,Normal,upright,1.0,0.0,0.0,-0.0258244215363758,56.19572022375412,0.1532092659002046,1
836,27.866666666666667,Participant4_RS_FuUp,Endomorph,Normal,upright,1.0,0.0,0.0,-0.0164461415857384,58.16787468155405,0.1014220589361603,1
837,27.9,Participant4_RS_FuUp,Endomorph,Normal,upright,1.0,0.0,0.0,-0.0572529503869029,56.480561688095534,0.0402203869391498,1
838,27.933333333333334,Participant4_RS_FuUp,Endomorph,Normal,upright,1.0,0.0,0.0,0.0403934888375815,57.42579865629681,0.1945871571390462,1
839,27.966666666666665,Participant4_RS_FuUp,Endomorph,Normal,upright,1.0,0.0,0.0,0.0852575700829735,57.84040266470117,0.2235744055377716,1
840,28.0,Participant4_RS_FuUp,Endomorph,Normal,upright,1.0,0.0,0.0,-0.0897125819377839,57.57389544278061,0.1386986501490031,1
841,28.03333333333333,Participant4_RS_FuUp,Endomorph,Normal,upright,1.0,0.0,0.0,0.0054680998189964,57.42236123550602,0.2092773260483257,1
842,28.066666666666663,Participant4_RS_FuUp,Endomorph,Normal,upright,1.0,0.0,0.0,-0.0559552541488317,58.735642168890905,0.1643087106835062,1
843,28.1,Participant4_RS_FuUp,Endomorph,Normal,upright,1.0,0.0,0.0,-0.0641047816334882,59.17440455990783,0.1488701802363516,1
844,28.133333333333333,Participant4_RS_FuUp,Endomorph,Normal,upright,1.0,0.0,0.0,-0.0527802347275394,56.89701278423862,0.1182089216106129,1
845,28.166666666666668,Participant4_RS_FuUp,Endomorph,Normal,upright,1.0,0.0,0.0,-0.0740924640981297,57.68089299691793,0.2010050445904708,1
846,28.2,Participant4_RS_FuUp,Endomorph,Normal,upright,1.0,0.0,0.0,-0.074120759852525,57.8644118907,0.1992610190485775,1
847,28.23333333333333,Participant4_RS_FuUp,Endomorph,Normal,upright,1.0,0.0,0.0,-0.1457226242287188,58.20420499856594,0.1860160347899054,1
848,28.266666666666666,Participant4_RS_FuUp,Endomorph,Normal,upright,1.0,0.0,0.0,-0.0775462854409465,57.68442134154984,0.1641412553893588,1
849,28.3,Participant4_RS_FuUp,Endomorph,Normal,upright,1.0,0.0,0.0,-0.0699710734384687,57.61856891267784,0.1770923010176616,1
850,28.33333333333333,Participant4_RS_FuUp,Endomorph,Normal,upright,1.0,0.0,0.0,-0.0841629271373858,57.8397716012891,0.1474844356383154,1
851,28.366666666666667,Participant4_RS_FuUp,Endomorph,Normal,upright,1.0,0.0,0.0,-0.0795812115373222,57.87533846591274,0.1180759266602115,1
852,28.4,Participant4_RS_FuUp,Endomorph,Normal,upright,1.0,0.0,0.0,-0.0273677343492439,58.28394161655306,0.1479958994078828,1
853,28.433333333333334,Participant4_RS_FuUp,Endomorph,Normal,upright,1.0,0.0,0.0,-0.0664921863882163,56.76775204123399,0.1048288805604239,1
854,28.466666666666665,Participant4_RS_FuUp,Endomorph,Normal,upright,1.0,0.0,0.0,-0.0908799512046227,57.62535682310048,0.1291255231649882,1
855,28.5,Participant4_RS_FuUp,Endomorph,Normal,upright,1.0,0.0,0.0,-0.0859891472400832,58.742022964856496,0.1538967872169245,1
856,28.53333333333333,Participant4_RS_FuUp,Endomorph,Normal,upright,1.0,0.0,0.0,-0.080865835282844,57.78074886788526,0.1536743130754942,1
857,28.566666666666663,Participant4_RS_FuUp,Endomorph,Normal,upright,1.0,0.0,0.0,-0.0581087193614733,56.672282881801166,0.1496546034505725,1
858,28.6,Participant4_RS_FuUp,Endomorph,Normal,upright,1.0,0.0,0.0,-0.0550093191624147,56.81328032463052,0.1558544971910278,1
859,28.633333333333333,Participant4_RS_FuUp,Endomorph,Normal,upright,1.0,0.0,0.0,-0.0953352139254435,57.036996035446414,0.0981283781299263,1
860,28.666666666666668,Participant4_RS_FuUp,Endomorph,Normal,upright,1.0,0.0,0.0,-0.0895776855048641,57.83763133268854,0.1044114107223561,1
861,28.7,Participant4_RS_FuUp,Endomorph,Normal,upright,1.0,0.0,0.0,-0.0641302795473941,57.62791239300427,0.0761795652058195,1
862,28.73333333333333,Participant4_RS_FuUp,Endomorph,Normal,upright,1.0,0.0,0.0,-0.1238463359699159,58.02998415241128,0.088262493219077,1
863,28.766666666666666,Participant4_RS_FuUp,Endomorph,Normal,upright,1.0,0.0,0.0,-0.1386448095497419,57.87117665268092,0.0905316545331816,1
864,28.8,Participant4_RS_FuUp,Endomorph,Normal,upright,1.0,0.0,0.0,-0.1172627810749775,58.221456965242695,0.102824112768009,1
865,28.83333333333333,Participant4_RS_FuUp,Endomorph,Normal,upright,1.0,0.0,0.0,-0.0958807526002132,57.652930438506175,0.1649342890651705,1
866,28.866666666666667,Participant4_RS_FuUp,Endomorph,Normal,upright,1.0,0.0,0.0,-0.0865338425641126,58.456793384751705,0.1576534957744982,1
867,28.9,Participant4_RS_FuUp,Endomorph,Normal,upright,1.0,0.0,0.0,-0.0615223003843009,58.66369685363894,0.1386492597938697,1
868,28.933333333333334,Participant4_RS_FuUp,Endomorph,Normal,upright,1.0,0.0,0.0,-0.0660272312066121,58.51070856531024,0.1583486734876913,1
869,28.966666666666665,Participant4_RS_FuUp,Endomorph,Normal,upright,1.0,0.0,0.0,-0.0537903809660482,58.055957812692085,0.1772347200167146,1
870,29.0,Participant4_RS_FuUp,Endomorph,Normal,upright,1.0,0.0,0.0,-0.065479747399756,57.76466315808117,0.1638636396942787,1
871,29.03333333333333,Participant4_RS_FuUp,Endomorph,Normal,upright,1.0,0.0,0.0,-0.1029425494211076,58.48940237789947,0.1539558211839924,1
872,29.066666666666663,Participant4_RS_FuUp,Endomorph,Normal,upright,1.0,0.0,0.0,-0.129298320103428,58.42757286086891,0.1200723818436365,1
873,29.1,Participant4_RS_FuUp,Endomorph,Normal,upright,1.0,0.0,0.0,-0.0713895085554088,58.452040055347446,0.1451119092039022,1
874,29.133333333333333,Participant4_RS_FuUp,Endomorph,Normal,upright,1.0,0.0,0.0,-0.0093396829873766,57.93181137610998,0.177182617995308,1
875,29.166666666666668,Participant4_RS_FuUp,Endomorph,Normal,upright,1.0,0.0,0.0,-0.1143828960137313,58.00788209916088,0.1703046661320116,1
876,29.2,Participant4_RS_FuUp,Endomorph,Normal,upright,1.0,0.0,0.0,-0.0907887775731083,57.591547907205175,0.1239294752631972,1
877,29.23333333333333,Participant4_RS_FuUp,Endomorph,Normal,upright,1.0,0.0,0.0,-0.088448170860279,56.23580270821029,0.0439156592445993,1
878,29.266666666666666,Participant4_RS_FuUp,Endomorph,Normal,upright,1.0,0.0,0.0,-0.1069124355512615,56.25421567676139,0.0475585997960798,1
879,29.3,Participant4_RS_FuUp,Endomorph,Normal,upright,1.0,0.0,0.0,-0.0773932018516522,56.49210575317287,0.0470997795651623,1
880,29.33333333333333,Participant4_RS_FuUp,Endomorph,Normal,upright,1.0,0.0,0.0,-0.0967985844221065,55.90878314792121,0.1092816467509973,1
881,29.366666666666667,Participant4_RS_FuUp,Endomorph,Normal,upright,1.0,0.0,0.0,-0.0791511594616686,55.61867360794573,0.1288990591268768,1
882,29.4,Participant4_RS_FuUp,Endomorph,Normal,upright,1.0,0.0,0.0,-0.0465134771583691,56.60763691192454,0.1271526603496133,1
883,29.433333333333334,Participant4_RS_FuUp,Endomorph,Normal,upright,1.0,0.0,0.0,-0.0839606886380207,57.00508195897766,0.1142256012970287,1
884,29.466666666666665,Participant4_RS_FuUp,Endomorph,Normal,upright,1.0,0.0,0.0,-0.0601415552971169,55.95749577827886,0.107843224307548,1
885,29.5,Participant4_RS_FuUp,Endomorph,Normal,upright,1.0,0.0,0.0,-0.0613464084175353,57.48091342470277,0.1622258320134387,1
886,29.53333333333333,Participant4_RS_FuUp,Endomorph,Normal,upright,1.0,0.0,0.0,-0.0660488755859039,55.238602967858135,0.1128647882331339,1
887,29.566666666666663,Participant4_RS_FuUp,Endomorph,Normal,upright,1.0,0.0,0.0,-0.096331322676694,58.23779204201996,0.1454939731526504,1
888,29.6,Participant4_RS_FuUp,Endomorph,Normal,upright,1.0,0.0,0.0,-0.0904759402400848,57.083787770223566,0.1248138994397945,1
889,29.633333333333333,Participant4_RS_FuUp,Endomorph,Normal,upright,1.0,0.0,0.0,-0.0661460629599839,56.43965532187175,0.1779953993340453,1
890,29.666666666666668,Participant4_RS_FuUp,Endomorph,Normal,upright,1.0,0.0,0.0,-0.051668305510404,58.01397732744508,0.1712819641325889,1
891,29.7,Participant4_RS_FuUp,Endomorph,Normal,upright,1.0,0.0,0.0,-0.0525092008625207,57.03359729184002,0.1567159582738235,1
892,29.73333333333333,Participant4_RS_FuUp,Endomorph,Normal,upright,1.0,0.0,0.0,-0.1015293050129567,56.65464881018658,0.1025314538428391,1
893,29.766666666666666,Participant4_RS_FuUp,Endomorph,Normal,upright,1.0,0.0,0.0,-0.1119738565994892,56.25829975039591,0.0849650682097408,1
894,29.8,Participant4_RS_FuUp,Endomorph,Normal,upright,1.0,0.0,0.0,-0.0782602424571067,56.43223008801932,0.0959789300725134,1
895,29.83333333333333,Participant4_RS_FuUp,Endomorph,Normal,upright,1.0,0.0,0.0,-0.0817786367102204,54.77756785167476,0.1263211429948302,1
896,29.866666666666667,Participant4_RS_FuUp,Endomorph,Normal,upright,1.0,0.0,0.0,-0.0511474606194504,56.1765718814579,0.0866174402297673,1
897,29.9,Participant4_RS_FuUp,Endomorph,Normal,upright,1.0,0.0,0.0,-0.0019600366946032,56.10778672087658,0.107268076316707,1
898,29.933333333333334,Participant4_RS_FuUp,Endomorph,Normal,upright,1.0,0.0,0.0,0.00185588752508,56.33851905385654,0.1275273590368817,1
899,29.966666666666665,Participant4_RS_FuUp,Endomorph,Normal,upright,1.0,0.0,0.0,0.0056755094139026,56.51565278508411,0.0870109572962912,1
900,30.0,Participant4_RS_FuUp,Endomorph,Normal,upright,1.0,0.0,0.0,-0.0241881920369627,56.77738983330864,0.0872727213607877,1
901,30.03333333333333,Participant4_RS_FuUp,Endomorph,Normal,upright,1.0,0.0,0.0,-0.0377859062169253,54.664751379702366,0.0233014539286733,1
902,30.066666666666663,Participant4_RS_FuUp,Endomorph,Normal,upright,1.0,0.0,0.0,-0.032431953987243,56.00959914344601,0.1065226982843662,1
903,30.1,Participant4_RS_FuUp,Endomorph,Normal,upright,1.0,0.0,0.0,0.0276934308726067,56.07774050500601,0.1825984667912017,1
904,30.133333333333333,Participant4_RS_FuUp,Endomorph,Normal,upright,1.0,0.0,0.0,5.5361007141818686e-05,54.13926609495062,0.0688644652640216,1
905,30.166666666666668,Participant4_RS_FuUp,Endomorph,Normal,upright,1.0,0.0,0.0,-0.0114568362981044,54.45670222112968,0.0708738437298114,1
906,30.2,Participant4_RS_FuUp,Endomorph,Normal,upright,1.0,0.0,0.0,-0.0524521236241042,55.0318352759035,0.0601764051074134,1
907,30.23333333333333,Participant4_RS_FuUp,Endomorph,Normal,upright,1.0,0.0,0.0,0.0347641611713231,54.66127575451246,0.1499677972835892,1
908,30.266666666666666,Participant4_RS_FuUp,Endomorph,Normal,upright,1.0,0.0,0.0,-0.0101949977667046,56.801084550152055,0.1282515092001009,1
909,30.3,Participant4_RS_FuUp,Endomorph,Normal,upright,1.0,0.0,0.0,0.0189702998646686,54.88868796224445,0.0942552020444822,1
910,30.33333333333333,Participant4_RS_FuUp,Endomorph,Normal,upright,1.0,0.0,0.0,0.0174400050020489,52.88361568706329,0.0858187739320116,1
911,30.366666666666667,Participant4_RS_FuUp,Endomorph,Normal,upright,1.0,0.0,0.0,0.0212308579828584,55.48645187271538,0.1556666402205554,1
912,30.4,Participant4_RS_FuUp,Endomorph,Normal,upright,1.0,0.0,0.0,0.0249123622236392,55.19732195309598,0.0980053727154613,1
913,30.433333333333334,Participant4_RS_FuUp,Endomorph,Normal,upright,1.0,0.0,0.0,-0.0015972987479075,53.2399602289056,0.0316357985700175,1
914,30.466666666666665,Participant4_RS_FuUp,Endomorph,Normal,upright,1.0,0.0,0.0,0.0387493929742886,54.44715035562205,0.0312005683850026,1
915,30.5,Participant4_RS_FuUp,Endomorph,Normal,upright,1.0,0.0,0.0,0.000941816837764,54.71494984948777,0.0565839304476016,1
916,30.53333333333333,Participant4_RS_FuUp,Endomorph,Normal,upright,1.0,0.0,0.0,0.0209028004964982,54.57815332822426,0.0628731362762848,1
917,30.566666666666663,Participant4_RS_FuUp,Endomorph,Normal,upright,1.0,0.0,0.0,0.0470711417244166,56.43051555818166,0.1309294262773376,1
918,30.6,Participant4_RS_FuUp,Endomorph,Normal,upright,1.0,0.0,0.0,0.0324219245828971,55.02211532899642,0.1328003244241558,1
919,30.633333333333333,Participant4_RS_FuUp,Endomorph,Normal,upright,1.0,0.0,0.0,0.0265967164516527,57.57187882040836,0.1811130849160822,1
920,30.666666666666668,Participant4_RS_FuUp,Endomorph,Normal,upright,1.0,0.0,0.0,0.0171576579467082,56.62223141029747,0.1258487895391864,1
921,30.7,Participant4_RS_FuUp,Endomorph,Normal,upright,1.0,0.0,0.0,0.0108870343267793,56.68203320092019,0.0626868482515835,1
922,30.73333333333333,Participant4_RS_FuUp,Endomorph,Normal,upright,1.0,0.0,0.0,0.0123075793213456,56.12448972720996,0.0680490003034784,1
923,30.766666666666666,Participant4_RS_FuUp,Endomorph,Normal,upright,1.0,0.0,0.0,0.0345523286140643,56.61738024391359,0.1213677233241645,1
924,30.8,Participant4_RS_FuUp,Endomorph,Normal,upright,1.0,0.0,0.0,-0.0128117123011224,58.54877419539876,0.0864353699587367,1
925,30.83333333333333,Participant4_RS_FuUp,Endomorph,Normal,upright,1.0,0.0,0.0,0.0611440295586292,57.82482451200193,0.1815766631188689,1
926,30.866666666666667,Participant4_RS_FuUp,Endomorph,Normal,upright,1.0,0.0,0.0,0.0318720899067752,57.34038635071312,0.1539212681723504,1
927,30.9,Participant4_RS_FuUp,Endomorph,Normal,upright,1.0,0.0,0.0,0.0332178529296462,55.30726650894556,0.184452071841843,1
928,30.933333333333334,Participant4_RS_FuUp,Endomorph,Normal,upright,1.0,0.0,0.0,0.0063931703152291,55.80262614407047,0.0936717553675059,1
929,30.966666666666665,Participant4_RS_FuUp,Endomorph,Normal,upright,1.0,0.0,0.0,0.0011166858467176,54.54253397230758,0.2045695759783427,1
930,31.0,Participant4_RS_FuUp,Endomorph,Normal,upright,1.0,0.0,0.0,-0.1001147756933258,54.86532038422615,0.138367087139863,1
931,31.03333333333333,Participant4_RS_FuUp,Endomorph,Normal,upright,1.0,0.0,0.0,-0.0565080387501921,55.47974531819083,0.1344050534720933,1
932,31.066666666666663,Participant4_RS_FuUp,Endomorph,Normal,upright,1.0,0.0,0.0,-0.0740223485830642,55.36898822415312,0.1323464139406519,1
933,31.1,Participant4_RS_FuUp,Endomorph,Normal,upright,1.0,0.0,0.0,0.0399394493130443,55.07933742371958,0.1705261005568815,1
934,31.133333333333333,Participant4_RS_FuUp,Endomorph,Normal,upright,1.0,0.0,0.0,-0.0071572218463574,56.273735893435074,0.2066884039904349,1
935,31.166666666666668,Participant4_RS_FuUp,Endomorph,Normal,upright,1.0,0.0,0.0,-0.0200479432554402,54.661426549266864,0.1417897583783579,1
936,31.2,Participant4_RS_FuUp,Endomorph,Normal,upright,1.0,0.0,0.0,-0.0034286762774292,53.9266292456644,0.1711104085115252,1
937,31.23333333333333,Participant4_RS_FuUp,Endomorph,Normal,upright,1.0,0.0,0.0,-0.0658241387936672,52.65495288232479,0.0914597795477523,1
938,31.266666666666666,Participant4_RS_FuUp,Endomorph,Normal,upright,1.0,0.0,0.0,-0.0801037239808829,52.03022794389345,0.0921204999461349,1
939,31.3,Participant4_RS_FuUp,Endomorph,Normal,upright,1.0,0.0,0.0,-0.0779590946069465,53.52513916883676,0.0813290461082502,1
940,31.33333333333333,Participant4_RS_FuUp,Endomorph,Normal,upright,1.0,0.0,0.0,-0.0752995773572995,55.97498482299726,0.1318641611586637,1
941,31.366666666666667,Participant4_RS_FuUp,Endomorph,Normal,upright,1.0,0.0,0.0,-0.0632524370921563,53.867045753538896,0.1346478580655118,1
942,31.4,Participant4_RS_FuUp,Endomorph,Normal,upright,1.0,0.0,0.0,0.0736059863384665,55.93336355439107,0.2033226739995256,1
943,31.433333333333334,Participant4_RS_FuUp,Endomorph,Normal,upright,1.0,0.0,0.0,-0.0148363235602437,57.12092515648241,0.1326839367859499,1
944,31.466666666666665,Participant4_RS_FuUp,Endomorph,Normal,upright,1.0,0.0,0.0,-0.0272729608591502,56.97306649906013,0.1457037152955223,1
945,31.5,Participant4_RS_FuUp,Endomorph,Normal,upright,1.0,0.0,0.0,-0.0003426475636928,56.145324309444256,0.1215425598801052,1
946,31.53333333333333,Participant4_RS_FuUp,Endomorph,Normal,upright,1.0,0.0,0.0,-0.0400994743566143,55.94893153038667,0.0633869661823599,1
947,31.566666666666663,Participant4_RS_FuUp,Endomorph,Normal,upright,1.0,0.0,0.0,0.0230716297181854,56.05908004355872,0.156622119981158,1
948,31.6,Participant4_RS_FuUp,Endomorph,Normal,upright,1.0,0.0,0.0,-0.0613527280242343,55.08110639155223,0.062280419893829,1
949,31.633333333333333,Participant4_RS_FuUp,Endomorph,Normal,upright,1.0,0.0,0.0,-0.0755583053280013,56.07706139894278,0.1168746074116757,1
950,31.666666666666668,Participant4_RS_FuUp,Endomorph,Normal,upright,1.0,0.0,0.0,-0.0823820848852239,56.93141329853731,0.1140321068277662,1
951,31.7,Participant4_RS_FuUp,Endomorph,Normal,upright,1.0,0.0,0.0,0.0099574970350519,56.19755660598442,0.1795466282968127,1
952,31.73333333333333,Participant4_RS_FuUp,Endomorph,Normal,upright,1.0,0.0,0.0,0.008107382366263,56.30639004072919,0.1813240514083968,1
953,31.766666666666666,Participant4_RS_FuUp,Endomorph,Normal,upright,1.0,0.0,0.0,0.000342545633983,55.28519554064787,0.1450296855771753,1
954,31.8,Participant4_RS_FuUp,Endomorph,Normal,upright,1.0,0.0,0.0,0.016951887800261,54.85240962194252,0.1334447154425553,1
955,31.83333333333333,Participant4_RS_FuUp,Endomorph,Normal,upright,1.0,0.0,0.0,-0.0420058928940137,55.362797844946414,0.0964208476750104,1
956,31.866666666666667,Participant4_RS_FuUp,Endomorph,Normal,upright,1.0,0.0,0.0,-0.0620250750855869,55.33214163301568,0.0622077113553295,1
957,31.9,Participant4_RS_FuUp,Endomorph,Normal,upright,1.0,0.0,0.0,-0.0019074563191008,55.81771278048438,0.0974930703472167,1
958,31.933333333333334,Participant4_RS_FuUp,Endomorph,Normal,upright,1.0,0.0,0.0,0.0317365658732243,56.05380105219953,0.1186668464842771,1
959,31.966666666666665,Participant4_RS_FuUp,Endomorph,Normal,upright,1.0,0.0,0.0,0.0047752673683154,56.89582047044307,0.0991767605750611,1
960,32.0,Participant4_RS_FuUp,Endomorph,Normal,upright,1.0,0.0,0.0,-0.0165564557167501,54.04981613417543,0.082567356321836,1
961,32.03333333333333,Participant4_RS_FuUp,Endomorph,Normal,upright,1.0,0.0,0.0,0.0046472976743116,56.26703934077871,0.1298384880349443,1
962,32.06666666666667,Participant4_RS_FuUp,Endomorph,Normal,upright,1.0,0.0,0.0,0.0127561119871621,55.18643227831627,0.1412839827237446,1
963,32.1,Participant4_RS_FuUp,Endomorph,Normal,upright,1.0,0.0,0.0,0.0011896071290855,56.60033424438625,0.0846727160481566,1
964,32.13333333333333,Participant4_RS_FuUp,Endomorph,Normal,upright,1.0,0.0,0.0,-0.0236021239986685,54.65403481752875,0.06049508027681,1
965,32.166666666666664,Participant4_RS_FuUp,Endomorph,Normal,upright,1.0,0.0,0.0,0.0229568204705544,57.37156758677324,0.0790322635966568,1
966,32.2,Participant4_RS_FuUp,Endomorph,Normal,upright,1.0,0.0,0.0,0.0088570826962516,56.07685471854224,0.1165122113698066,1
967,32.233333333333334,Participant4_RS_FuUp,Endomorph,Normal,upright,1.0,0.0,0.0,-0.0029448024047635,56.855424684548055,0.0956702846108648,1
968,32.266666666666666,Participant4_RS_FuUp,Endomorph,Normal,upright,1.0,0.0,0.0,0.0389543866389142,55.436461865769935,0.1337205628985026,1
969,32.3,Participant4_RS_FuUp,Endomorph,Normal,upright,1.0,0.0,0.0,-0.0256933325721728,55.31347870646308,0.1641731825720524,1
970,32.333333333333336,Participant4_RS_FuUp,Endomorph,Normal,upright,1.0,0.0,0.0,-0.0076951504973483,55.65066460575039,0.1653356276970978,1
971,32.36666666666667,Participant4_RS_FuUp,Endomorph,Normal,upright,1.0,0.0,0.0,0.0126240395420028,55.6843889589566,0.179978851517131,1
972,32.4,Participant4_RS_FuUp,Endomorph,Normal,upright,1.0,0.0,0.0,-0.018438854608148,56.05617415604534,0.1772660650601438,1
973,32.43333333333333,Participant4_RS_FuUp,Endomorph,Normal,upright,1.0,0.0,0.0,-0.050167965089705,55.16009081444816,0.1389577097732838,1
974,32.46666666666667,Participant4_RS_FuUp,Endomorph,Normal,upright,1.0,0.0,0.0,0.0289398476516883,54.174614183402745,0.1846743621135491,1
975,32.5,Participant4_RS_FuUp,Endomorph,Normal,upright,1.0,0.0,0.0,0.010485100645118,55.23759028236922,0.1823510834980302,1
976,32.53333333333333,Participant4_RS_FuUp,Endomorph,Normal,upright,1.0,0.0,0.0,-0.014613471887991,53.07929243519443,0.1516108853450037,1
977,32.56666666666667,Participant4_RS_FuUp,Endomorph,Normal,upright,1.0,0.0,0.0,-0.0521900663573279,53.60651323782458,0.1345349208411795,1
978,32.6,Participant4_RS_FuUp,Endomorph,Normal,upright,1.0,0.0,0.0,-0.0737005119763777,53.91912377429573,0.1081102953584507,1
979,32.63333333333333,Participant4_RS_FuUp,Endomorph,Normal,upright,1.0,0.0,0.0,-0.0604579510045169,53.45006333390207,0.0881266482358421,1
980,32.666666666666664,Participant4_RS_FuUp,Endomorph,Normal,upright,1.0,0.0,0.0,-0.0593648530147922,54.82670307615297,0.1147827451632199,1
981,32.7,Participant4_RS_FuUp,Endomorph,Normal,upright,1.0,0.0,0.0,-0.0494502902935652,55.55159506868685,0.1194146904012126,1
982,32.733333333333334,Participant4_RS_FuUp,Endomorph,Normal,upright,1.0,0.0,0.0,-0.0542969764533847,55.48880253198647,0.1155758193338327,1
983,32.766666666666666,Participant4_RS_FuUp,Endomorph,Normal,upright,1.0,0.0,0.0,-0.0055675294389341,54.97302521917421,0.1344765568168034,1
984,32.8,Participant4_RS_FuUp,Endomorph,Normal,upright,1.0,0.0,0.0,-0.0469604939332369,56.025560742488416,0.1124173206338992,1
985,32.833333333333336,Participant4_RS_FuUp,Endomorph,Normal,upright,1.0,0.0,0.0,-0.0222643290016306,56.94379967908491,0.1083847916667443,1
986,32.86666666666667,Participant4_RS_FuUp,Endomorph,Normal,upright,1.0,0.0,0.0,0.0037562542761339,54.41728818893112,0.1693648239798517,1
987,32.9,Participant4_RS_FuUp,Endomorph,Normal,upright,1.0,0.0,0.0,-0.0276872869296154,53.603247554331446,0.1293766309880902,1
988,32.93333333333333,Participant4_RS_FuUp,Endomorph,Normal,upright,1.0,0.0,0.0,-0.024761598599137,56.19351122366299,0.1226049651734832,1
989,32.96666666666667,Participant4_RS_FuUp,Endomorph,Normal,upright,1.0,0.0,0.0,0.0087512167304383,54.44890634093933,0.148841498291977,1
990,33.0,Participant4_RS_FuUp,Endomorph,Normal,upright,1.0,0.0,0.0,-0.0010744122518175,54.55007926283802,0.1606856300694489,1
991,33.03333333333333,Participant4_RS_FuUp,Endomorph,Normal,upright,1.0,0.0,0.0,-0.0020036886967674,55.06724934133053,0.1342556876076688,1
992,33.06666666666667,Participant4_RS_FuUp,Endomorph,Normal,upright,1.0,0.0,0.0,-0.0003359006371259,56.71585634502251,0.1600406206189211,1
993,33.1,Participant4_RS_FuUp,Endomorph,Normal,upright,1.0,0.0,0.0,0.0125766724743226,57.279734287953815,0.0962890779916173,1
994,33.13333333333333,Participant4_RS_FuUp,Endomorph,Normal,upright,1.0,0.0,0.0,0.0176283684450719,55.06000258212904,0.1315393168036264,1
995,33.166666666666664,Participant4_RS_FuUp,Endomorph,Normal,upright,1.0,0.0,0.0,0.0494182765826791,56.40574749767043,0.1676294095368425,1
996,33.2,Participant4_RS_FuUp,Endomorph,Normal,upright,1.0,0.0,0.0,-0.0250171380755924,55.46027246894098,0.0184411378313808,1
997,33.233333333333334,Participant4_RS_FuUp,Endomorph,Normal,upright,1.0,0.0,0.0,-0.0373739356279008,55.87669077645265,0.0427811171436829,1
998,33.266666666666666,Participant4_RS_FuUp,Endomorph,Normal,upright,1.0,0.0,0.0,0.0286061995474303,55.29433057265229,0.1087203272014342,1
999,33.3,Participant4_RS_FuUp,Endomorph,Normal,upright,1.0,0.0,0.0,0.1013650789325704,56.36153509954999,0.1858889853559378,1
1000,33.333333333333336,Participant4_RS_FuUp,Endomorph,Normal,upright,1.0,0.0,0.0,0.0238396219392865,54.361755818379656,0.146578085180762,1
1001,33.36666666666667,Participant4_RS_FuUp,Endomorph,Normal,upright,1.0,0.0,0.0,0.0598442473760463,56.14294539170739,0.1813577421265507,1
1002,33.4,Participant4_RS_FuUp,Endomorph,Normal,upright,1.0,0.0,0.0,0.0195628908660248,55.85710435183975,0.1390142879338313,1
1003,33.43333333333333,Participant4_RS_FuUp,Endomorph,Normal,upright,1.0,0.0,0.0,-0.0478755581245078,55.98481828562694,0.1240612309083354,1
1004,33.46666666666667,Participant4_RS_FuUp,Endomorph,Normal,upright,1.0,0.0,0.0,0.0798836688390372,54.46889238256794,0.1704399997962972,1
1005,33.5,Participant4_RS_FuUp,Endomorph,Normal,upright,1.0,0.0,0.0,-0.0367197575448737,55.9141512876048,0.1409286151642425,1
1006,33.53333333333333,Participant4_RS_FuUp,Endomorph,Normal,upright,1.0,0.0,0.0,-0.0641294109160005,55.87532710926382,0.117138257319141,1
1007,33.56666666666667,Participant4_RS_FuUp,Endomorph,Normal,upright,1.0,0.0,0.0,0.0424483107851046,55.92249006734128,0.1163351173862792,1
1008,33.6,Participant4_RS_FuUp,Endomorph,Normal,upright,1.0,0.0,0.0,-0.0171151767054815,56.13127567005457,0.1356773030978643,1
1009,33.63333333333333,Participant4_RS_FuUp,Endomorph,Normal,upright,1.0,0.0,0.0,0.0674271186511549,54.5653915414499,0.0817078066904385,1
1010,33.666666666666664,Participant4_RS_FuUp,Endomorph,Normal,upright,1.0,0.0,0.0,0.0203637307524902,56.20145397565958,0.1297416949604418,1
1011,33.7,Participant4_RS_FuUp,Endomorph,Normal,upright,1.0,0.0,0.0,0.0029975663220069,55.44885658303148,0.1292247514991094,1
1012,33.733333333333334,Participant4_RS_FuUp,Endomorph,Normal,upright,1.0,0.0,0.0,-0.0017400380544315,55.90088271205429,0.1381346296892992,1
1013,33.766666666666666,Participant4_RS_FuUp,Endomorph,Normal,upright,1.0,0.0,0.0,-0.0250252223441662,53.98529600155479,0.0632534062553011,1
1014,33.8,Participant4_RS_FuUp,Endomorph,Normal,upright,1.0,0.0,0.0,-0.0047120289867753,54.08757490245949,0.0708480522385137,1
1015,33.833333333333336,Participant4_RS_FuUp,Endomorph,Normal,upright,1.0,0.0,0.0,0.0170505291730458,55.13425317932761,0.0914186935132345,1
1016,33.86666666666667,Participant4_RS_FuUp,Endomorph,Normal,upright,1.0,0.0,0.0,0.003786524646764,55.290346391575646,0.0701274453214762,1
1017,33.9,Participant4_RS_FuUp,Endomorph,Normal,upright,1.0,0.0,0.0,0.0017839555336164,54.36472605245845,0.0868004515448407,1
1018,33.93333333333333,Participant4_RS_FuUp,Endomorph,Normal,upright,1.0,0.0,0.0,0.020662092204966,55.06873700627525,0.0784732261678641,1
1019,33.96666666666667,Participant4_RS_FuUp,Endomorph,Normal,upright,1.0,0.0,0.0,-0.0286599767038999,54.43429618740031,0.0878226011425243,1
1020,34.0,Participant4_RS_FuUp,Endomorph,Normal,upright,1.0,0.0,0.0,-0.0267228052671552,54.74338580315543,0.0833045629516542,1
1021,34.03333333333333,Participant4_RS_FuUp,Endomorph,Normal,upright,1.0,0.0,0.0,-0.0438199616452043,53.89216074863264,0.0804581375018346,1
1022,34.06666666666667,Participant4_RS_FuUp,Endomorph,Normal,upright,1.0,0.0,0.0,0.0119543198873987,54.539045817972514,0.0506007137932561,1
1023,34.1,Participant4_RS_FuUp,Endomorph,Normal,upright,1.0,0.0,0.0,-0.019500554328343,55.1457927120992,0.0471777006666544,1
1024,34.13333333333333,Participant4_RS_FuUp,Endomorph,Normal,upright,1.0,0.0,0.0,-0.0318536825453665,54.67095279619991,0.0495811260134479,1
1025,34.166666666666664,Participant4_RS_FuUp,Endomorph,Normal,upright,1.0,0.0,0.0,-0.0548082081476289,54.83874584581529,0.0693897317560448,1
1026,34.2,Participant4_RS_FuUp,Endomorph,Normal,upright,1.0,0.0,0.0,-0.0568065417116332,55.24487510469051,0.0550722849323716,1
1027,34.233333333333334,Participant4_RS_FuUp,Endomorph,Normal,upright,1.0,0.0,0.0,0.0253528762547849,53.971172574287685,0.105063347862144,1
1028,34.266666666666666,Participant4_RS_FuUp,Endomorph,Normal,upright,1.0,0.0,0.0,0.0280879531026062,56.49123626415008,0.1195986151693582,1
1029,34.3,Participant4_RS_FuUp,Endomorph,Normal,upright,1.0,0.0,0.0,0.0302552814312167,54.82620785928975,0.0889150243028131,1
1030,34.333333333333336,Participant4_RS_FuUp,Endomorph,Normal,upright,1.0,0.0,0.0,-0.0170498156875854,54.16148358737193,0.0677776976996281,1
1031,34.36666666666667,Participant4_RS_FuUp,Endomorph,Normal,upright,1.0,0.0,0.0,0.0012043386997658,54.76437762494915,0.0797171456702884,1
1032,34.4,Participant4_RS_FuUp,Endomorph,Normal,upright,1.0,0.0,0.0,-0.017203207920277,54.09601130906008,0.0684785906986593,1
1033,34.43333333333333,Participant4_RS_FuUp,Endomorph,Normal,upright,1.0,0.0,0.0,0.0407089225023551,53.987022010161546,0.0601644850551262,1
1034,34.46666666666667,Participant4_RS_FuUp,Endomorph,Normal,upright,1.0,0.0,0.0,0.0301100114782364,55.09445459599932,0.1331546328378593,1
1035,34.5,Participant4_RS_FuUp,Endomorph,Normal,upright,1.0,0.0,0.0,0.0076773994525451,54.063471085657554,0.0802063118282063,1
1036,34.53333333333333,Participant4_RS_FuUp,Endomorph,Normal,upright,1.0,0.0,0.0,0.0361439692172018,56.35160860685799,0.113772300812432,1
1037,34.56666666666667,Participant4_RS_FuUp,Endomorph,Normal,upright,1.0,0.0,0.0,0.0375536729005728,55.42842576746484,0.1073175951296284,1
1038,34.6,Participant4_RS_FuUp,Endomorph,Normal,upright,1.0,0.0,0.0,0.0480485268460009,56.84856083906715,0.1552106918397895,1
1039,34.63333333333333,Participant4_RS_FuUp,Endomorph,Normal,upright,1.0,0.0,0.0,0.0361279946819316,55.664535536958326,0.1057017388758591,1
1040,34.666666666666664,Participant4_RS_FuUp,Endomorph,Normal,upright,1.0,0.0,0.0,0.0099288117239339,56.46148852864228,0.1124694801292823,1
1041,34.7,Participant4_RS_FuUp,Endomorph,Normal,upright,1.0,0.0,0.0,0.0195657463451138,56.11527004341943,0.1129335704036341,1
1042,34.733333333333334,Participant4_RS_FuUp,Endomorph,Normal,upright,1.0,0.0,0.0,0.0309883999844612,55.82802943667184,0.054266742883954,1
1043,34.766666666666666,Participant4_RS_FuUp,Endomorph,Normal,upright,1.0,0.0,0.0,-0.0277315541818991,55.56907060421241,0.0960740732280477,1
1044,34.8,Participant4_RS_FuUp,Endomorph,Normal,upright,1.0,0.0,0.0,-0.0109429693634865,56.1412262687103,0.1149778081739471,1
1045,34.833333333333336,Participant4_RS_FuUp,Endomorph,Normal,upright,1.0,0.0,0.0,0.006656744806076,54.73927412258185,0.0877718898980907,1
1046,34.86666666666667,Participant4_RS_FuUp,Endomorph,Normal,upright,1.0,0.0,0.0,-0.0503721947424825,54.16791747076034,0.0617016130376876,1
1047,34.9,Participant4_RS_FuUp,Endomorph,Normal,upright,1.0,0.0,0.0,-0.0254777231678521,56.36359451558115,0.1024795536658796,1
1048,34.93333333333333,Participant4_RS_FuUp,Endomorph,Normal,upright,1.0,0.0,0.0,0.0512205240708504,54.313381934272655,0.0586661125339062,1
1049,34.96666666666667,Participant4_RS_FuUp,Endomorph,Normal,upright,1.0,0.0,0.0,-0.0183497357311399,54.03058928489492,0.0301158435419169,1
1050,35.0,Participant4_RS_FuUp,Endomorph,Normal,upright,1.0,0.0,0.0,0.0061215751938643,54.6352205212721,0.0543297866297081,1
1051,35.03333333333333,Participant4_RS_FuUp,Endomorph,Normal,upright,1.0,0.0,0.0,-0.0389390426557407,55.71899658917102,0.0450198052996675,1
1052,35.06666666666667,Participant4_RS_FuUp,Endomorph,Normal,upright,1.0,0.0,0.0,0.0293146449162785,57.75554254553003,0.1459394752085454,1
1053,35.1,Participant4_RS_FuUp,Endomorph,Normal,upright,1.0,0.0,0.0,-0.062661179938649,54.38796940919613,0.0427327103214904,1
1054,35.13333333333333,Participant4_RS_FuUp,Endomorph,Normal,upright,1.0,0.0,0.0,-0.0328127591132094,55.44321497314738,0.1392182776275713,1
1055,35.166666666666664,Participant4_RS_FuUp,Endomorph,Normal,upright,1.0,0.0,0.0,-0.0524237679099907,55.44105846521961,0.0953054081874704,1
1056,35.2,Participant4_RS_FuUp,Endomorph,Normal,upright,1.0,0.0,0.0,-0.0255656188368004,54.66569285904051,0.098048877802617,1
1057,35.233333333333334,Participant4_RS_FuUp,Endomorph,Normal,upright,1.0,0.0,0.0,-0.0155325824393903,53.27107679775968,0.0787510007925443,1
1058,35.266666666666666,Participant4_RS_FuUp,Endomorph,Normal,upright,1.0,0.0,0.0,-0.1028163540804414,55.37730148656116,0.036948815090896,1
1059,35.3,Participant4_RS_FuUp,Endomorph,Normal,upright,1.0,0.0,0.0,-0.0610111354862135,55.27641064048687,0.1138646051129748,1
1060,35.333333333333336,Participant4_RS_FuUp,Endomorph,Normal,upright,1.0,0.0,0.0,-0.0446754623607577,54.24148428320619,0.0816923129770055,1
1061,35.36666666666667,Participant4_RS_FuUp,Endomorph,Normal,upright,1.0,0.0,0.0,-0.0009936030341637,53.08610538222025,0.0324006252504375,1
1062,35.4,Participant4_RS_FuUp,Endomorph,Normal,upright,1.0,0.0,0.0,-0.0540693685161716,56.54982195632591,0.0941036845415693,1
1063,35.43333333333333,Participant4_RS_FuUp,Endomorph,Normal,upright,1.0,0.0,0.0,-0.0715670856197878,55.555052100136685,0.0501225588899481,1
1064,35.46666666666667,Participant4_RS_FuUp,Endomorph,Normal,upright,1.0,0.0,0.0,-0.0581493763186205,56.155085575872775,0.0891136520755514,1
1065,35.5,Participant4_RS_FuUp,Endomorph,Normal,upright,1.0,0.0,0.0,-0.0590470338199053,53.6058459513336,0.0440681701868841,1
1066,35.53333333333333,Participant4_RS_FuUp,Endomorph,Normal,upright,1.0,0.0,0.0,-0.0279654050878622,54.31201960860182,0.043617476418989,1
1067,35.56666666666667,Participant4_RS_FuUp,Endomorph,Normal,upright,1.0,0.0,0.0,-0.0464382396127723,54.48323894758506,0.0504176964359611,1
1068,35.6,Participant4_RS_FuUp,Endomorph,Normal,upright,1.0,0.0,0.0,-0.0005168891021026,56.205708261303705,0.120428619052247,1
1069,35.63333333333333,Participant4_RS_FuUp,Endomorph,Normal,upright,1.0,0.0,0.0,0.0253235941343534,55.45081423196729,0.1192611013702285,1
1070,35.666666666666664,Participant4_RS_FuUp,Endomorph,Normal,upright,1.0,0.0,0.0,-0.0168869769420629,54.53733098010239,0.080185455446683,1
1071,35.7,Participant4_RS_FuUp,Endomorph,Normal,upright,1.0,0.0,0.0,-0.0605995037236877,55.05309439905852,0.1153324324037705,1
1072,35.733333333333334,Participant4_RS_FuUp,Endomorph,Normal,upright,1.0,0.0,0.0,-0.0507308757094511,54.97360982136784,0.0946453098149417,1
1073,35.766666666666666,Participant4_RS_FuUp,Endomorph,Normal,upright,1.0,0.0,0.0,-0.0345708279050203,57.17013693701459,0.1333882663134587,1
1074,35.8,Participant4_RS_FuUp,Endomorph,Normal,upright,1.0,0.0,0.0,-0.078282501290275,55.47522470112703,0.1112131505788927,1
1075,35.833333333333336,Participant4_RS_FuUp,Endomorph,Normal,upright,1.0,0.0,0.0,-0.0613046131097886,55.975355157518,0.1248316032274124,1
1076,35.86666666666667,Participant4_RS_FuUp,Endomorph,Normal,upright,1.0,0.0,0.0,-0.1081099338200426,54.96154280041944,0.09881260329639,1
1077,35.9,Participant4_RS_FuUp,Endomorph,Normal,upright,1.0,0.0,0.0,-0.0544521265865076,56.36173751714266,0.0773085150517007,1
1078,35.93333333333333,Participant4_RS_FuUp,Endomorph,Normal,upright,1.0,0.0,0.0,-0.0688200308764172,53.64701679979358,0.0285456693441743,1
1079,35.96666666666667,Participant4_RS_FuUp,Endomorph,Normal,upright,1.0,0.0,0.0,-0.0979016588826985,54.23492395934362,0.1151652591902525,1
1080,36.0,Participant4_RS_FuUp,Endomorph,Normal,upright,1.0,0.0,0.0,-0.0998560899248157,54.56629329507469,0.0942473012312699,1
1081,36.03333333333333,Participant4_RS_FuUp,Endomorph,Normal,upright,1.0,0.0,0.0,-0.0699287285541109,55.0731665233533,0.1462931441453515,1
1082,36.06666666666667,Participant4_RS_FuUp,Endomorph,Normal,upright,1.0,0.0,0.0,-0.0617810843692394,54.92502332574392,0.1011033639772582,1
1083,36.1,Participant4_RS_FuUp,Endomorph,Normal,upright,1.0,0.0,0.0,-0.0669488208728882,55.209825745234006,0.159829811996318,1
1084,36.13333333333333,Participant4_RS_FuUp,Endomorph,Normal,upright,1.0,0.0,0.0,-0.0580475503348621,55.39977997730136,0.1632729101335504,1
1085,36.16666666666666,Participant4_RS_FuUp,Endomorph,Normal,upright,1.0,0.0,0.0,-0.0885509469901653,55.54352796838516,0.1819557227416411,1
1086,36.2,Participant4_RS_FuUp,Endomorph,Normal,upright,1.0,0.0,0.0,-0.0287286802427885,57.24409847505403,0.2189907624500122,1
1087,36.23333333333333,Participant4_RS_FuUp,Endomorph,Normal,upright,1.0,0.0,0.0,-0.0483408157606456,56.74314650187616,0.2186656645503268,1
1088,36.266666666666666,Participant4_RS_FuUp,Endomorph,Normal,upright,1.0,0.0,0.0,-0.0532713403908111,57.021082179507495,0.1944998937562209,1
1089,36.3,Participant4_RS_FuUp,Endomorph,Normal,upright,1.0,0.0,0.0,0.0687597480223749,56.5191376509225,0.2264503194477303,1
1090,36.333333333333336,Participant4_RS_FuUp,Endomorph,Normal,upright,1.0,0.0,0.0,0.0024238454795904,55.14648455453193,0.141976392721684,1
1091,36.36666666666667,Participant4_RS_FuUp,Endomorph,Normal,upright,1.0,0.0,0.0,0.0249251226973525,56.42741909697831,0.2014860193222373,1
1092,36.4,Participant4_RS_FuUp,Endomorph,Normal,upright,1.0,0.0,0.0,0.0110697067326941,57.18790291421723,0.2191431192139067,1
1093,36.43333333333333,Participant4_RS_FuUp,Endomorph,Normal,upright,1.0,0.0,0.0,0.0184996195215026,57.69630915845016,0.1968680781217246,1
1094,36.46666666666667,Participant4_RS_FuUp,Endomorph,Normal,upright,1.0,0.0,0.0,0.0033441142298346,56.085331643376186,0.1786012141337221,1
1095,36.5,Participant4_RS_FuUp,Endomorph,Normal,upright,1.0,0.0,0.0,-0.0046500187917234,56.44227459615254,0.1812294910342362,1
1096,36.53333333333333,Participant4_RS_FuUp,Endomorph,Normal,upright,1.0,0.0,0.0,-0.0239972617777117,56.62092284782577,0.2117191417679669,1
1097,36.56666666666667,Participant4_RS_FuUp,Endomorph,Normal,upright,1.0,0.0,0.0,-0.0734698462984628,57.745965899659375,0.1805853179817279,1
1098,36.6,Participant4_RS_FuUp,Endomorph,Normal,upright,1.0,0.0,0.0,-0.0522724473409902,55.53093264100322,0.1414592694257359,1
1099,36.63333333333333,Participant4_RS_FuUp,Endomorph,Normal,upright,1.0,0.0,0.0,-0.077927714100152,56.99747563347392,0.2024839563406258,1
1100,36.66666666666666,Participant4_RS_FuUp,Endomorph,Normal,upright,1.0,0.0,0.0,-0.0777211822637762,55.17930934851938,0.0949102616658174,1
1101,36.7,Participant4_RS_FuUp,Endomorph,Normal,upright,1.0,0.0,0.0,-0.0436175771860647,55.64274456070626,0.140531051177018,1
1102,36.73333333333333,Participant4_RS_FuUp,Endomorph,Normal,upright,1.0,0.0,0.0,0.0166966042661513,56.17216293726448,0.193868063948281,1
1103,36.766666666666666,Participant4_RS_FuUp,Endomorph,Normal,upright,1.0,0.0,0.0,0.005087767231354,55.92458549892749,0.2032182240860559,1
1104,36.8,Participant4_RS_FuUp,Endomorph,Normal,upright,1.0,0.0,0.0,0.0082644593910997,56.1512466830281,0.2032038495039681,1
1105,36.833333333333336,Participant4_RS_FuUp,Endomorph,Normal,upright,1.0,0.0,0.0,-0.0581832324247881,54.72792513458366,0.0995760787066571,1
1106,36.86666666666667,Participant4_RS_FuUp,Endomorph,Normal,upright,1.0,0.0,0.0,-0.0036301710575612,56.19991335316916,0.1907802008898257,1
1107,36.9,Participant4_RS_FuUp,Endomorph,Normal,upright,1.0,0.0,0.0,-0.0484848222200329,54.86959239805667,0.1158449306683802,1
1108,36.93333333333333,Participant4_RS_FuUp,Endomorph,Normal,upright,1.0,0.0,0.0,-0.0436428902886195,52.989988891793,0.0741619441230758,1
1109,36.96666666666667,Participant4_RS_FuUp,Endomorph,Normal,upright,1.0,0.0,0.0,-0.0317464340125376,54.132615903456426,0.0635969572360473,1
1110,37.0,Participant4_RS_FuUp,Endomorph,Normal,upright,1.0,0.0,0.0,-0.0310271422004678,53.98002625745658,0.0911618379279673,1
1111,37.03333333333333,Participant4_RS_FuUp,Endomorph,Normal,upright,1.0,0.0,0.0,0.0691030240935623,54.47285066108265,0.1697479584136433,1
1112,37.06666666666667,Participant4_RS_FuUp,Endomorph,Normal,upright,1.0,0.0,0.0,0.0194257081470551,56.539200226824,0.1419546251265467,1
1113,37.1,Participant4_RS_FuUp,Endomorph,Normal,upright,1.0,0.0,0.0,-0.0158863420026103,53.79394271648441,0.1272466275489727,1
1114,37.13333333333333,Participant4_RS_FuUp,Endomorph,Normal,upright,1.0,0.0,0.0,0.0679669175537862,53.7585239410273,0.1687945093897581,1
1115,37.16666666666666,Participant4_RS_FuUp,Endomorph,Normal,upright,1.0,0.0,0.0,-0.0053031590866666,51.82001440726695,0.0973925961086032,1
1116,37.2,Participant4_RS_FuUp,Endomorph,Normal,upright,1.0,0.0,0.0,0.0316042341364508,54.2194877124596,0.1105777493499942,1
1117,37.23333333333333,Participant4_RS_FuUp,Endomorph,Normal,upright,1.0,0.0,0.0,-0.0572189610383551,52.10179875874158,0.0630151323275377,1
1118,37.266666666666666,Participant4_RS_FuUp,Endomorph,Normal,upright,1.0,0.0,0.0,0.0813364964963461,52.56432068010456,0.0973752687062303,1
1119,37.3,Participant4_RS_FuUp,Endomorph,Normal,upright,1.0,0.0,0.0,-0.0296121974984326,52.75036176261344,0.0484767405542999,1
1120,37.333333333333336,Participant4_RS_FuUp,Endomorph,Normal,upright,1.0,0.0,0.0,0.0369436273383524,52.50939955808396,0.0585959932001858,1
1121,37.36666666666667,Participant4_RS_FuUp,Endomorph,Normal,upright,1.0,0.0,0.0,-0.0765048658091908,53.29428505453036,0.0587457724163071,1
1122,37.4,Participant4_RS_FuUp,Endomorph,Normal,upright,1.0,0.0,0.0,0.0217213537070933,55.6112534284775,0.117964838472435,1
1123,37.43333333333333,Participant4_RS_FuUp,Endomorph,Normal,upright,1.0,0.0,0.0,-0.0515868854615076,55.329174367689966,0.1104984497936984,1
1124,37.46666666666667,Participant4_RS_FuUp,Endomorph,Normal,upright,1.0,0.0,0.0,0.0439569277436617,56.14012001017512,0.1663778475911047,1
1125,37.5,Participant4_RS_FuUp,Endomorph,Normal,upright,1.0,0.0,0.0,-0.0106032124595321,54.13764224927906,0.0857299990675966,1
1126,37.53333333333333,Participant4_RS_FuUp,Endomorph,Normal,upright,1.0,0.0,0.0,0.013933460936672,54.92190758416505,0.1533152472643341,1
1127,37.56666666666667,Participant4_RS_FuUp,Endomorph,Normal,upright,1.0,0.0,0.0,-0.012572922106769,55.48775715884288,0.1443214525082291,1
1128,37.6,Participant4_RS_FuUp,Endomorph,Normal,upright,1.0,0.0,0.0,-0.0136578291601068,55.57609243909685,0.0745495149474002,1
1129,37.63333333333333,Participant4_RS_FuUp,Endomorph,Normal,upright,1.0,0.0,0.0,-0.0317638401490898,56.69925584205887,0.1191181720445255,1
1130,37.66666666666666,Participant4_RS_FuUp,Endomorph,Normal,upright,1.0,0.0,0.0,-0.0856461875200759,57.11509624876,0.0511909239042646,1
1131,37.7,Participant4_RS_FuUp,Endomorph,Normal,upright,1.0,0.0,0.0,-0.035036044433606,55.14594427119211,0.0803588706061704,1
1132,37.73333333333333,Participant4_RS_FuUp,Endomorph,Normal,upright,1.0,0.0,0.0,-0.0455169815717147,57.70541410782656,0.1078449097345795,1
1133,37.766666666666666,Participant4_RS_FuUp,Endomorph,Normal,upright,1.0,0.0,0.0,-0.0446402329723118,57.10171844904509,0.1513762989127774,1
1134,37.8,Participant4_RS_FuUp,Endomorph,Normal,upright,1.0,0.0,0.0,-0.0624773178882948,57.6037015510037,0.1516961939459024,1
1135,37.833333333333336,Participant4_RS_FuUp,Endomorph,Normal,upright,1.0,0.0,0.0,-0.0106569243554643,56.09647681654113,0.1766727773949698,1
1136,37.86666666666667,Participant4_RS_FuUp,Endomorph,Normal,upright,1.0,0.0,0.0,-0.0078510904521104,56.36697686946304,0.1643379641012418,1
1137,37.9,Participant4_RS_FuUp,Endomorph,Normal,upright,1.0,0.0,0.0,-0.0009869619074987,56.0597286299179,0.1914605691532203,1
1138,37.93333333333333,Participant4_RS_FuUp,Endomorph,Normal,upright,1.0,0.0,0.0,0.0541157813352962,57.05580732946581,0.1834641808675559,1
1139,37.96666666666667,Participant4_RS_FuUp,Endomorph,Normal,upright,1.0,0.0,0.0,0.0583395649524653,58.69983881003488,0.2172773141836002,1
1140,38.0,Participant4_RS_FuUp,Endomorph,Normal,upright,1.0,0.0,0.0,-0.0237478120620963,56.91953177291395,0.1724405846006618,1
