frame_idx,timestamp,subject_id,somatotype,bmi_category,label,h2s_ratio,shoulder_tilt_deg,head_roll_deg,forward_head_z,neck_flexion_deg,shoulder_width_norm,is_valid
0,0.0,Participant3_LS_SlSl,Endomorph,Normal,slouch,1.0,0.0,0.0,-0.6745706410426819,-52.99247535924986,0.4612414636205698,1
1,0.0047371512481644,Participant3_LS_SlSl,Endomorph,Normal,slouch,1.0,0.0,0.0,-0.6109635294657305,-52.56780445025466,0.4697305253069037,1
2,0.0094743024963289,Participant3_LS_SlSl,Endomorph,Normal,slouch,1.0,0.0,0.0,-0.6496200792990221,-52.62706348588848,0.4685459604134535,1
3,0.0142114537444933,Participant3_LS_SlSl,Endomorph,Normal,slouch,1.0,0.0,0.0,-0.6882766291323137,-52.72298493147858,0.4717546401161372,1
4,0.0189486049926578,Participant3_LS_SlSl,Endomorph,Normal,slouch,1.0,0.0,0.0,-0.6775532802101318,-52.14939386079952,0.4591418729103897,1
5,0.0236857562408223,Participant3_LS_SlSl,Endomorph,Normal,slouch,1.0,0.0,0.0,-0.6147230787953784,-52.63119210631569,0.470632609516676,1
6,0.0284229074889867,Participant3_LS_SlSl,Endomorph,Normal,slouch,1.0,0.0,0.0,-0.6569777455485346,-51.6252345287959,0.465887282693482,1
7,0.0331600587371512,Participant3_LS_SlSl,Endomorph,Normal,slouch,1.0,0.0,0.0,-0.6673380629733787,-52.68324011176873,0.4669467997561312,1
8,0.0378972099853157,Participant3_LS_SlSl,Endomorph,Normal,slouch,1.0,0.0,0.0,-0.673204938599048,-52.46152774360117,0.4649684406074418,1
9,0.0426343612334801,Participant3_LS_SlSl,Endomorph,Normal,slouch,1.0,0.0,0.0,-0.6790718142247172,-52.28829565945414,0.4547165018189757,1
10,0.0473715124816446,Participant3_LS_SlSl,Endomorph,Normal,slouch,1.0,0.0,0.0,-0.6849386898503864,-52.233596141371926,0.4626258272010367,1
11,0.0521086637298091,Participant3_LS_SlSl,Endomorph,Normal,slouch,1.0,0.0,0.0,-0.6412072183375843,-51.712166068489154,0.4617179845921668,1
12,0.0568458149779735,Participant3_LS_SlSl,Endomorph,Normal,slouch,1.0,0.0,0.0,-0.67210779008456,-52.72608858842907,0.4644140204284324,1
13,0.061582966226138,Participant3_LS_SlSl,Endomorph,Normal,slouch,1.0,0.0,0.0,-0.6633593494986532,-51.6132122542681,0.4626338804544386,1
14,0.0663201174743025,Participant3_LS_SlSl,Endomorph,Normal,slouch,1.0,0.0,0.0,-0.6055101163861769,-52.29889713376186,0.4705860374511904,1
15,0.0710572687224669,Participant3_LS_SlSl,Endomorph,Normal,slouch,1.0,0.0,0.0,-0.6290604196968239,-51.841181323938464,0.4589751460587062,1
16,0.0757944199706314,Participant3_LS_SlSl,Endomorph,Normal,slouch,1.0,0.0,0.0,-0.6371798424774868,-51.67592078897309,0.4623045305044999,1
17,0.0805315712187958,Participant3_LS_SlSl,Endomorph,Normal,slouch,1.0,0.0,0.0,-0.6452992652581498,-51.8867829520841,0.4683567506974462,1
18,0.0852687224669603,Participant3_LS_SlSl,Endomorph,Normal,slouch,1.0,0.0,0.0,-0.6836080985195574,-52.02972121811859,0.4654971652348312,1
19,0.0900058737151248,Participant3_LS_SlSl,Endomorph,Normal,slouch,1.0,0.0,0.0,-0.681791823479798,-51.38062640920802,0.4607999145395495,1
20,0.0947430249632892,Participant3_LS_SlSl,Endomorph,Normal,slouch,1.0,0.0,0.0,-0.6799755484400387,-51.40005735429176,0.4549417685089876,1
21,0.0994801762114537,Participant3_LS_SlSl,Endomorph,Normal,slouch,1.0,0.0,0.0,-0.6831563339448895,-51.50866881626629,0.4600674585930759,1
22,0.1042173274596182,Participant3_LS_SlSl,Endomorph,Normal,slouch,1.0,0.0,0.0,-0.6863371194497403,-52.05908803238,0.448973943620445,1
23,0.1089544787077826,Participant3_LS_SlSl,Endomorph,Normal,slouch,1.0,0.0,0.0,-0.6327751570246819,-51.995878643838594,0.4482795065851815,1
24,0.1136916299559471,Participant3_LS_SlSl,Endomorph,Normal,slouch,1.0,0.0,0.0,-0.6446068472563039,-52.20736160596302,0.465734044297313,1
25,0.1184287812041116,Participant3_LS_SlSl,Endomorph,Normal,slouch,1.0,0.0,0.0,-0.656438537487926,-51.54007055921269,0.4586129035823907,1
26,0.123165932452276,Participant3_LS_SlSl,Endomorph,Normal,slouch,1.0,0.0,0.0,-0.668270227719548,-52.04753041039275,0.4610278798686063,1
27,0.1279030837004405,Participant3_LS_SlSl,Endomorph,Normal,slouch,1.0,0.0,0.0,-0.68010191795117,-51.82480015094084,0.4481186533945897,1
28,0.132640234948605,Participant3_LS_SlSl,Endomorph,Normal,slouch,1.0,0.0,0.0,-0.6656891644670908,-51.15524748026839,0.4447655037789717,1
29,0.1373773861967694,Participant3_LS_SlSl,Endomorph,Normal,slouch,1.0,0.0,0.0,-0.6512764109830116,-52.16727877619748,0.4538587887959321,1
30,0.1421145374449339,Participant3_LS_SlSl,Endomorph,Normal,slouch,1.0,0.0,0.0,-0.6842298146875876,-51.3360400167233,0.4625776583255516,1
31,0.1468516886930984,Participant3_LS_SlSl,Endomorph,Normal,slouch,1.0,0.0,0.0,-0.601309762199949,-52.22496966883623,0.4496090278374416,1
32,0.1515888399412628,Participant3_LS_SlSl,Endomorph,Normal,slouch,1.0,0.0,0.0,-0.660337743654799,-51.472220011921095,0.4572396407522222,1
33,0.1563259911894273,Participant3_LS_SlSl,Endomorph,Normal,slouch,1.0,0.0,0.0,-0.6775083596988918,-52.18802618609972,0.4548930893737088,1
34,0.1610631424375917,Participant3_LS_SlSl,Endomorph,Normal,slouch,1.0,0.0,0.0,-0.6723187486984212,-52.45536681417818,0.4490851932001462,1
35,0.1658002936857562,Participant3_LS_SlSl,Endomorph,Normal,slouch,1.0,0.0,0.0,-0.6617719935321253,-51.86365587570056,0.4569203451007148,1
36,0.1705374449339207,Participant3_LS_SlSl,Endomorph,Normal,slouch,1.0,0.0,0.0,-0.6509589156409681,-52.08868525468602,0.4477489326260634,1
37,0.1752745961820851,Participant3_LS_SlSl,Endomorph,Normal,slouch,1.0,0.0,0.0,-0.6337332741105177,-51.46316671360454,0.4624419540477963,1
38,0.1800117474302496,Participant3_LS_SlSl,Endomorph,Normal,slouch,1.0,0.0,0.0,-0.6356207992875169,-52.08064517484447,0.4613021117448965,1
39,0.1847488986784141,Participant3_LS_SlSl,Endomorph,Normal,slouch,1.0,0.0,0.0,-0.637508324464516,-51.9942560577065,0.4544781316696193,1
40,0.1894860499265785,Participant3_LS_SlSl,Endomorph,Normal,slouch,1.0,0.0,0.0,-0.6393958496415152,-51.62144302055169,0.4617795825119234,1
41,0.194223201174743,Participant3_LS_SlSl,Endomorph,Normal,slouch,1.0,0.0,0.0,-0.6525467962769789,-52.3474957725108,0.4532300200408687,1
42,0.1989603524229075,Participant3_LS_SlSl,Endomorph,Normal,slouch,1.0,0.0,0.0,-0.6348914057793777,-52.21057251336887,0.4573519301341544,1
43,0.2036975036710719,Participant3_LS_SlSl,Endomorph,Normal,slouch,1.0,0.0,0.0,-0.6172360152817767,-52.41846288744771,0.4530379089869645,1
44,0.2084346549192364,Participant3_LS_SlSl,Endomorph,Normal,slouch,1.0,0.0,0.0,-0.5995806247841757,-52.81989958112587,0.4619357223860064,1
45,0.2131718061674009,Participant3_LS_SlSl,Endomorph,Normal,slouch,1.0,0.0,0.0,-0.5819252342865746,-52.75591861995854,0.4612460118484057,1
46,0.2179089574155653,Participant3_LS_SlSl,Endomorph,Normal,slouch,1.0,0.0,0.0,-0.5919275191404205,-52.3743879690094,0.4633933402433528,1
47,0.2226461086637298,Participant3_LS_SlSl,Endomorph,Normal,slouch,1.0,0.0,0.0,-0.5777089221763951,-52.17729612343257,0.4530563054339315,1
48,0.2273832599118942,Participant3_LS_SlSl,Endomorph,Normal,slouch,1.0,0.0,0.0,-0.6148406532726265,-52.14725049154063,0.4486824607490743,1
49,0.2321204111600587,Participant3_LS_SlSl,Endomorph,Normal,slouch,1.0,0.0,0.0,-0.5164496145840655,-51.71080965320169,0.441588198956128,1
50,0.2368575624082232,Participant3_LS_SlSl,Endomorph,Normal,slouch,1.0,0.0,0.0,-0.6328318170328717,-52.138011409146046,0.4636231902904252,1
51,0.2415947136563876,Participant3_LS_SlSl,Endomorph,Normal,slouch,1.0,0.0,0.0,-0.5474676846212467,-52.01902574155164,0.463868382480145,1
52,0.2463318649045521,Participant3_LS_SlSl,Endomorph,Normal,slouch,1.0,0.0,0.0,-0.5584130533622174,-51.706235859075726,0.4449607702412184,1
53,0.2510690161527166,Participant3_LS_SlSl,Endomorph,Normal,slouch,1.0,0.0,0.0,-0.6786936427597585,-52.33207665969184,0.4586341758942964,1
54,0.2558061674008811,Participant3_LS_SlSl,Endomorph,Normal,slouch,1.0,0.0,0.0,-0.6484634357511279,-51.88164483022165,0.4679419290466267,1
55,0.2605433186490455,Participant3_LS_SlSl,Endomorph,Normal,slouch,1.0,0.0,0.0,-0.6132155953089964,-53.02170743447657,0.4633301802968886,1
56,0.26528046989721,Participant3_LS_SlSl,Endomorph,Normal,slouch,1.0,0.0,0.0,-0.6278889408873314,-52.07848715734004,0.4646502473155924,1
57,0.2700176211453744,Participant3_LS_SlSl,Endomorph,Normal,slouch,1.0,0.0,0.0,-0.6328687510752073,-52.46127373165679,0.4688560423093129,1
58,0.2747547723935389,Participant3_LS_SlSl,Endomorph,Normal,slouch,1.0,0.0,0.0,-0.6378485612630833,-51.75031622815025,0.4672687959768909,1
59,0.2794919236417034,Participant3_LS_SlSl,Endomorph,Normal,slouch,1.0,0.0,0.0,-0.6428283714509593,-52.173383654411566,0.4621556629131347,1
60,0.2842290748898678,Participant3_LS_SlSl,Endomorph,Normal,slouch,1.0,0.0,0.0,-0.6207460920819408,-52.57704509090688,0.4620618728937743,1
61,0.2889662261380323,Participant3_LS_SlSl,Endomorph,Normal,slouch,1.0,0.0,0.0,-0.6345102560455149,-52.63143832154282,0.4700450791746514,1
62,0.2937033773861968,Participant3_LS_SlSl,Endomorph,Normal,slouch,1.0,0.0,0.0,-0.6116048513154511,-53.20088850618214,0.4775673290459374,1
63,0.2984405286343612,Participant3_LS_SlSl,Endomorph,Normal,slouch,1.0,0.0,0.0,-0.6454159136512707,-52.352668674431726,0.4666550010924348,1
64,0.3031776798825257,Participant3_LS_SlSl,Endomorph,Normal,slouch,1.0,0.0,0.0,-0.6089818651845529,-51.41087374478553,0.4659951230574726,1
65,0.3079148311306902,Participant3_LS_SlSl,Endomorph,Normal,slouch,1.0,0.0,0.0,-0.6275627569095468,-52.40922616024338,0.4625057484683792,1
66,0.3126519823788546,Participant3_LS_SlSl,Endomorph,Normal,slouch,1.0,0.0,0.0,-0.6603545658112313,-51.561414599460825,0.4601560116300254,1
67,0.3173891336270191,Participant3_LS_SlSl,Endomorph,Normal,slouch,1.0,0.0,0.0,-0.6401574181991558,-51.60908358907583,0.4638085411717571,1
68,0.3221262848751835,Participant3_LS_SlSl,Endomorph,Normal,slouch,1.0,0.0,0.0,-0.6819262876129517,-52.18342036405848,0.4534260538216462,1
69,0.326863436123348,Participant3_LS_SlSl,Endomorph,Normal,slouch,1.0,0.0,0.0,-0.6785434301482528,-50.82032177207562,0.4521101552626364,1
70,0.3316005873715125,Participant3_LS_SlSl,Endomorph,Normal,slouch,1.0,0.0,0.0,-0.6751605726835539,-51.94510214596461,0.4556745541892539,1
71,0.3363377386196769,Participant3_LS_SlSl,Endomorph,Normal,slouch,1.0,0.0,0.0,-0.6453058401788824,-52.06057369344551,0.4645372846101873,1
72,0.3410748898678414,Participant3_LS_SlSl,Endomorph,Normal,slouch,1.0,0.0,0.0,-0.6154511076742109,-51.89934926685862,0.4668538858769308,1
73,0.3458120411160059,Participant3_LS_SlSl,Endomorph,Normal,slouch,1.0,0.0,0.0,-0.5893086328159387,-51.6630124140801,0.4642280769289368,1
74,0.3505491923641703,Participant3_LS_SlSl,Endomorph,Normal,slouch,1.0,0.0,0.0,-0.5631661579576666,-53.62964906545974,0.4702768339227555,1
75,0.3552863436123348,Participant3_LS_SlSl,Endomorph,Normal,slouch,1.0,0.0,0.0,-0.6647975093469363,-51.66214371290697,0.4642487648107605,1
76,0.3600234948604993,Participant3_LS_SlSl,Endomorph,Normal,slouch,1.0,0.0,0.0,-0.6524161374544233,-52.4832570511762,0.4621402934598306,1
77,0.3647606461086637,Participant3_LS_SlSl,Endomorph,Normal,slouch,1.0,0.0,0.0,-0.6190517929002217,-51.095757276015554,0.4523100718933569,1
78,0.3694977973568282,Participant3_LS_SlSl,Endomorph,Normal,slouch,1.0,0.0,0.0,-0.6237582743912103,-51.15319342964467,0.4511262293437121,1
79,0.3742349486049927,Participant3_LS_SlSl,Endomorph,Normal,slouch,1.0,0.0,0.0,-0.6284647558821991,-51.64693227645483,0.4496037587873537,1
80,0.3789720998531571,Participant3_LS_SlSl,Endomorph,Normal,slouch,1.0,0.0,0.0,-0.6331712373731877,-51.40816440819349,0.4669115784657014,1
81,0.3837092511013216,Participant3_LS_SlSl,Endomorph,Normal,slouch,1.0,0.0,0.0,-0.669236974374362,-51.71320076357062,0.4617324166226116,1
82,0.388446402349486,Participant3_LS_SlSl,Endomorph,Normal,slouch,1.0,0.0,0.0,-0.6634318167990012,-51.50677985424091,0.4473956239285335,1
83,0.3931835535976505,Participant3_LS_SlSl,Endomorph,Normal,slouch,1.0,0.0,0.0,-0.6600721480370706,-51.55928990278999,0.467857859174877,1
84,0.397920704845815,Participant3_LS_SlSl,Endomorph,Normal,slouch,1.0,0.0,0.0,-0.644481623436018,-52.14656880188035,0.4622379946082692,1
85,0.4026578560939794,Participant3_LS_SlSl,Endomorph,Normal,slouch,1.0,0.0,0.0,-0.6214588765367455,-51.55614997304992,0.4584973014081815,1
86,0.4073950073421439,Participant3_LS_SlSl,Endomorph,Normal,slouch,1.0,0.0,0.0,-0.6522832205781629,-51.6236316399455,0.4665049821952403,1
87,0.4121321585903084,Participant3_LS_SlSl,Endomorph,Normal,slouch,1.0,0.0,0.0,-0.6831075646195803,-51.927339021836296,0.4540188231744924,1
88,0.4168693098384728,Participant3_LS_SlSl,Endomorph,Normal,slouch,1.0,0.0,0.0,-0.600823809536793,-51.82186964108048,0.4576214256828697,1
89,0.4216064610866373,Participant3_LS_SlSl,Endomorph,Normal,slouch,1.0,0.0,0.0,-0.6384697716616266,-52.66189181457116,0.4593770373596766,1
90,0.4263436123348018,Participant3_LS_SlSl,Endomorph,Normal,slouch,1.0,0.0,0.0,-0.6633729779980073,-52.59115260970846,0.4657907022853729,1
91,0.4310807635829662,Participant3_LS_SlSl,Endomorph,Normal,slouch,1.0,0.0,0.0,-0.6882761843343882,-52.37204925740571,0.4627392747446504,1
92,0.4358179148311307,Participant3_LS_SlSl,Endomorph,Normal,slouch,1.0,0.0,0.0,-0.6457157348350249,-52.633649896803554,0.4675850162333644,1
93,0.4405550660792951,Participant3_LS_SlSl,Endomorph,Normal,slouch,1.0,0.0,0.0,-0.6438997400174205,-52.190486651939246,0.4753934861709649,1
94,0.4452922173274596,Participant3_LS_SlSl,Endomorph,Normal,slouch,1.0,0.0,0.0,-0.642083745199816,-51.44840777457714,0.465949661863448,1
95,0.4500293685756241,Participant3_LS_SlSl,Endomorph,Normal,slouch,1.0,0.0,0.0,-0.6402677503822116,-51.78254151755255,0.4576393178218646,1
96,0.4547665198237885,Participant3_LS_SlSl,Endomorph,Normal,slouch,1.0,0.0,0.0,-0.6384517555646072,-51.36575009011395,0.4486351945085193,1
97,0.459503671071953,Participant3_LS_SlSl,Endomorph,Normal,slouch,1.0,0.0,0.0,-0.6452835303459823,-52.01621981114631,0.4587715136625045,1
98,0.4642408223201175,Participant3_LS_SlSl,Endomorph,Normal,slouch,1.0,0.0,0.0,-0.6251714073443209,-52.8817992415137,0.4551432704671538,1
99,0.4689779735682819,Participant3_LS_SlSl,Endomorph,Normal,slouch,1.0,0.0,0.0,-0.595046085011545,-52.1713249027915,0.449043588772325,1
100,0.4737151248164464,Participant3_LS_SlSl,Endomorph,Normal,slouch,1.0,0.0,0.0,-0.6640685368622878,-52.45501827875409,0.4581549111988456,1
101,0.4784522760646109,Participant3_LS_SlSl,Endomorph,Normal,slouch,1.0,0.0,0.0,-0.6012600115658117,-52.300393268737565,0.4642702966740617,1
102,0.4831894273127753,Participant3_LS_SlSl,Endomorph,Normal,slouch,1.0,0.0,0.0,-0.6027172830951402,-51.077794055922446,0.4589694704081862,1
103,0.4879265785609398,Participant3_LS_SlSl,Endomorph,Normal,slouch,1.0,0.0,0.0,-0.6041745546244687,-52.045743629331454,0.4645199954495613,1
104,0.4926637298091042,Participant3_LS_SlSl,Endomorph,Normal,slouch,1.0,0.0,0.0,-0.6056318261537972,-51.79091104593303,0.4573154458144109,1
105,0.4974008810572687,Participant3_LS_SlSl,Endomorph,Normal,slouch,1.0,0.0,0.0,-0.5687119831212702,-53.03028020733005,0.4579893049870351,1
106,0.5021380323054332,Participant3_LS_SlSl,Endomorph,Normal,slouch,1.0,0.0,0.0,-0.5693925408934826,-52.401312303803344,0.4599983067582722,1
107,0.5068751835535976,Participant3_LS_SlSl,Endomorph,Normal,slouch,1.0,0.0,0.0,-0.590200209701763,-52.173640528811845,0.4595060710730297,1
108,0.5116123348017622,Participant3_LS_SlSl,Endomorph,Normal,slouch,1.0,0.0,0.0,-0.6164809711114493,-52.38913004855815,0.4704301209850061,1
109,0.5163494860499266,Participant3_LS_SlSl,Endomorph,Normal,slouch,1.0,0.0,0.0,-0.6720508496838824,-52.0662860105129,0.4651154632427154,1
110,0.521086637298091,Participant3_LS_SlSl,Endomorph,Normal,slouch,1.0,0.0,0.0,-0.6196064027338688,-52.31298469528496,0.464164614679359,1
111,0.5258237885462554,Participant3_LS_SlSl,Endomorph,Normal,slouch,1.0,0.0,0.0,-0.5621935698523298,-52.21747912936282,0.4610544397949356,1
112,0.53056093979442,Participant3_LS_SlSl,Endomorph,Normal,slouch,1.0,0.0,0.0,-0.6495814258393173,-52.01298465569354,0.4594574342362282,1
113,0.5352980910425844,Participant3_LS_SlSl,Endomorph,Normal,slouch,1.0,0.0,0.0,-0.6008436846627595,-52.27486195859578,0.460588267103461,1
114,0.5400352422907488,Participant3_LS_SlSl,Endomorph,Normal,slouch,1.0,0.0,0.0,-0.6295999413948727,-52.63501695952122,0.4688526284933867,1
115,0.5447723935389134,Participant3_LS_SlSl,Endomorph,Normal,slouch,1.0,0.0,0.0,-0.564621599502845,-52.03304883023414,0.4570867318732848,1
116,0.5495095447870778,Participant3_LS_SlSl,Endomorph,Normal,slouch,1.0,0.0,0.0,-0.6224477915672776,-52.20445598179828,0.4640839861650784,1
117,0.5542466960352422,Participant3_LS_SlSl,Endomorph,Normal,slouch,1.0,0.0,0.0,-0.5392930917835217,-52.896025440133776,0.4557760582730567,1
118,0.5589838472834068,Participant3_LS_SlSl,Endomorph,Normal,slouch,1.0,0.0,0.0,-0.5757214188926508,-52.773031317673286,0.4715207312472177,1
119,0.5637209985315712,Participant3_LS_SlSl,Endomorph,Normal,slouch,1.0,0.0,0.0,-0.5818304175486702,-52.37530721014904,0.459075306463222,1
120,0.5684581497797356,Participant3_LS_SlSl,Endomorph,Normal,slouch,1.0,0.0,0.0,-0.5017147555331336,-51.45660885071459,0.4545467983046258,1
121,0.5731953010279002,Participant3_LS_SlSl,Endomorph,Normal,slouch,1.0,0.0,0.0,-0.5438842894607196,-52.78270349811495,0.4666842780066815,1
122,0.5779324522760646,Participant3_LS_SlSl,Endomorph,Normal,slouch,1.0,0.0,0.0,-0.5342109005092431,-52.70912132045565,0.450935320796151,1
123,0.582669603524229,Participant3_LS_SlSl,Endomorph,Normal,slouch,1.0,0.0,0.0,-0.6396305332199121,-53.28171256322476,0.4464384782565482,1
124,0.5874067547723936,Participant3_LS_SlSl,Endomorph,Normal,slouch,1.0,0.0,0.0,-0.5810984367596244,-52.4304574049575,0.463763421360778,1
125,0.592143906020558,Participant3_LS_SlSl,Endomorph,Normal,slouch,1.0,0.0,0.0,-0.4865396428547953,-52.62634182104719,0.4593358080387187,1
126,0.5968810572687224,Participant3_LS_SlSl,Endomorph,Normal,slouch,1.0,0.0,0.0,-0.4934754599756861,-52.88411595179196,0.4534857532876261,1
127,0.601618208516887,Participant3_LS_SlSl,Endomorph,Normal,slouch,1.0,0.0,0.0,-0.5336348749713642,-52.86833499778811,0.4449557122966163,1
128,0.6063553597650514,Participant3_LS_SlSl,Endomorph,Normal,slouch,1.0,0.0,0.0,-0.5035507794741891,-52.000756575922,0.449496662039199,1
129,0.6110925110132158,Participant3_LS_SlSl,Endomorph,Normal,slouch,1.0,0.0,0.0,-0.5782645387017664,-53.2998601625653,0.4665068341685024,1
130,0.6158296622613804,Participant3_LS_SlSl,Endomorph,Normal,slouch,1.0,0.0,0.0,-0.5597253486385726,-52.9162041197085,0.4607947306426029,1
131,0.6205668135095448,Participant3_LS_SlSl,Endomorph,Normal,slouch,1.0,0.0,0.0,-0.5224819543793567,-52.997380339284405,0.4685513602663396,1
132,0.6253039647577092,Participant3_LS_SlSl,Endomorph,Normal,slouch,1.0,0.0,0.0,-0.5287764504241595,-52.09045230707879,0.4637710278251596,1
133,0.6300411160058738,Participant3_LS_SlSl,Endomorph,Normal,slouch,1.0,0.0,0.0,-0.5088229850631518,-52.28455693533847,0.4658745378001327,1
134,0.6347782672540382,Participant3_LS_SlSl,Endomorph,Normal,slouch,1.0,0.0,0.0,-0.4953945846901101,-52.41554621133652,0.4627881661769727,1
135,0.6395154185022026,Participant3_LS_SlSl,Endomorph,Normal,slouch,1.0,0.0,0.0,-0.4771292712923362,-53.31682850725775,0.4573992433675913,1
136,0.644252569750367,Participant3_LS_SlSl,Endomorph,Normal,slouch,1.0,0.0,0.0,-0.4959822193919143,-52.36981323489159,0.4529933078458065,1
137,0.6489897209985316,Participant3_LS_SlSl,Endomorph,Normal,slouch,1.0,0.0,0.0,-0.4683700219130156,-53.40013655445689,0.4629490717563558,1
138,0.653726872246696,Participant3_LS_SlSl,Endomorph,Normal,slouch,1.0,0.0,0.0,-0.4785591952423437,-52.72133170176522,0.4511346677131722,1
139,0.6584640234948604,Participant3_LS_SlSl,Endomorph,Normal,slouch,1.0,0.0,0.0,-0.4581159838640184,-53.00215860239304,0.4426356259171091,1
140,0.663201174743025,Participant3_LS_SlSl,Endomorph,Normal,slouch,1.0,0.0,0.0,-0.5025101306948692,-53.33006135379256,0.4534207825697981,1
141,0.6679383259911894,Participant3_LS_SlSl,Endomorph,Normal,slouch,1.0,0.0,0.0,-0.479339983130122,-52.849294098456014,0.4454186536864019,1
142,0.6726754772393538,Participant3_LS_SlSl,Endomorph,Normal,slouch,1.0,0.0,0.0,-0.4870331844306829,-52.31661692085728,0.450410388298866,1
143,0.6774126284875184,Participant3_LS_SlSl,Endomorph,Normal,slouch,1.0,0.0,0.0,-0.4693491247045259,-52.46383155184178,0.4520562324391965,1
144,0.6821497797356828,Participant3_LS_SlSl,Endomorph,Normal,slouch,1.0,0.0,0.0,-0.4838390031496083,-53.35150577049016,0.4604068827239366,1
145,0.6868869309838472,Participant3_LS_SlSl,Endomorph,Normal,slouch,1.0,0.0,0.0,-0.4871531536073628,-52.57325448719677,0.4532634758341845,1
146,0.6916240822320118,Participant3_LS_SlSl,Endomorph,Normal,slouch,1.0,0.0,0.0,-0.5107905221716882,-53.20291810598641,0.4611433232232279,1
147,0.6963612334801762,Participant3_LS_SlSl,Endomorph,Normal,slouch,1.0,0.0,0.0,-0.4865086838710231,-52.95525572577203,0.45956610838408,1
148,0.7010983847283406,Participant3_LS_SlSl,Endomorph,Normal,slouch,1.0,0.0,0.0,-0.4473682345318708,-53.00904306260846,0.4469480895432661,1
149,0.7058355359765052,Participant3_LS_SlSl,Endomorph,Normal,slouch,1.0,0.0,0.0,-0.467137229167646,-53.07202708000745,0.4488283663356763,1
150,0.7105726872246696,Participant3_LS_SlSl,Endomorph,Normal,slouch,1.0,0.0,0.0,-0.4818097426467246,-53.667828735126776,0.4540394746066459,1
151,0.715309838472834,Participant3_LS_SlSl,Endomorph,Normal,slouch,1.0,0.0,0.0,-0.5023904682769831,-53.06971819562625,0.4548907579617057,1
152,0.7200469897209986,Participant3_LS_SlSl,Endomorph,Normal,slouch,1.0,0.0,0.0,-0.4755307618154987,-53.72717671355272,0.4482827683141288,1
153,0.724784140969163,Participant3_LS_SlSl,Endomorph,Normal,slouch,1.0,0.0,0.0,-0.4717687526096004,-52.60847591540966,0.4517997770884779,1
154,0.7295212922173274,Participant3_LS_SlSl,Endomorph,Normal,slouch,1.0,0.0,0.0,-0.4467651947442836,-53.28813928932721,0.4523579757600025,1
155,0.734258443465492,Participant3_LS_SlSl,Endomorph,Normal,slouch,1.0,0.0,0.0,-0.4989604998046002,-52.72435248228891,0.4586171798308371,1
156,0.7389955947136564,Participant3_LS_SlSl,Endomorph,Normal,slouch,1.0,0.0,0.0,-0.469071020692142,-53.68148777068741,0.4557421730247949,1
157,0.7437327459618208,Participant3_LS_SlSl,Endomorph,Normal,slouch,1.0,0.0,0.0,-0.4754991070579997,-53.17530306170361,0.4572753718246554,1
158,0.7484698972099854,Participant3_LS_SlSl,Endomorph,Normal,slouch,1.0,0.0,0.0,-0.4481926828550431,-52.86143457234062,0.4601272508263171,1
159,0.7532070484581498,Participant3_LS_SlSl,Endomorph,Normal,slouch,1.0,0.0,0.0,-0.4856987902987217,-53.2997337505886,0.4620347695656566,1
160,0.7579441997063142,Participant3_LS_SlSl,Endomorph,Normal,slouch,1.0,0.0,0.0,-0.4808302406631028,-52.00229015385247,0.459732252946277,1
161,0.7626813509544786,Participant3_LS_SlSl,Endomorph,Normal,slouch,1.0,0.0,0.0,-0.4672112729690704,-53.58351196404583,0.4501396501450362,1
162,0.7674185022026432,Participant3_LS_SlSl,Endomorph,Normal,slouch,1.0,0.0,0.0,-0.481058055533789,-52.103754766372845,0.4543011941885517,1
163,0.7721556534508076,Participant3_LS_SlSl,Endomorph,Normal,slouch,1.0,0.0,0.0,-0.4806294375532211,-52.276476173761125,0.4583116432237213,1
164,0.776892804698972,Participant3_LS_SlSl,Endomorph,Normal,slouch,1.0,0.0,0.0,-0.4642229979407513,-52.04350002803056,0.4501822961290025,1
165,0.7816299559471366,Participant3_LS_SlSl,Endomorph,Normal,slouch,1.0,0.0,0.0,-0.4539717396300228,-52.390619917761526,0.4537609755257679,1
166,0.786367107195301,Participant3_LS_SlSl,Endomorph,Normal,slouch,1.0,0.0,0.0,-0.4986683588442282,-52.628426060859226,0.4468136562023195,1
167,0.7911042584434654,Participant3_LS_SlSl,Endomorph,Normal,slouch,1.0,0.0,0.0,-0.4952332363543008,-53.05362692814418,0.4490916454868883,1
168,0.79584140969163,Participant3_LS_SlSl,Endomorph,Normal,slouch,1.0,0.0,0.0,-0.5024802906955528,-51.72370996936465,0.4519987515606635,1
169,0.8005785609397944,Participant3_LS_SlSl,Endomorph,Normal,slouch,1.0,0.0,0.0,-0.4743175140561246,-52.58460369376848,0.4459624084212506,1
170,0.8053157121879588,Participant3_LS_SlSl,Endomorph,Normal,slouch,1.0,0.0,0.0,-0.477455651850877,-52.453401464995096,0.4477489542190837,1
171,0.8100528634361234,Participant3_LS_SlSl,Endomorph,Normal,slouch,1.0,0.0,0.0,-0.4819045102143257,-51.34065247243013,0.4411364964484134,1
172,0.8147900146842878,Participant3_LS_SlSl,Endomorph,Normal,slouch,1.0,0.0,0.0,-0.546126740103821,-51.35789270306078,0.4423504710502509,1
173,0.8195271659324522,Participant3_LS_SlSl,Endomorph,Normal,slouch,1.0,0.0,0.0,-0.5213552186771888,-51.098103818679526,0.4424757309276548,1
174,0.8242643171806168,Participant3_LS_SlSl,Endomorph,Normal,slouch,1.0,0.0,0.0,-0.5167416156713782,-51.31028664818728,0.4429948572893761,1
175,0.8290014684287812,Participant3_LS_SlSl,Endomorph,Normal,slouch,1.0,0.0,0.0,-0.4781772263515291,-52.18396340275037,0.447268122162789,1
176,0.8337386196769456,Participant3_LS_SlSl,Endomorph,Normal,slouch,1.0,0.0,0.0,-0.5514581875740979,-50.82655892258006,0.4459525427475097,1
177,0.8384757709251102,Participant3_LS_SlSl,Endomorph,Normal,slouch,1.0,0.0,0.0,-0.4986032186969055,-51.64553704305504,0.4438742999515884,1
178,0.8432129221732746,Participant3_LS_SlSl,Endomorph,Normal,slouch,1.0,0.0,0.0,-0.4907711328447958,-51.75709386513747,0.44670185621406,1
179,0.847950073421439,Participant3_LS_SlSl,Endomorph,Normal,slouch,1.0,0.0,0.0,-0.5159475250409294,-52.1479496488756,0.4503823329253871,1
180,0.8526872246696036,Participant3_LS_SlSl,Endomorph,Normal,slouch,1.0,0.0,0.0,-0.5360346721060442,-51.57661450052144,0.4551098715051152,1
181,0.857424375917768,Participant3_LS_SlSl,Endomorph,Normal,slouch,1.0,0.0,0.0,-0.4841161081462627,-52.39670279223198,0.4490101624077531,1
182,0.8621615271659324,Participant3_LS_SlSl,Endomorph,Normal,slouch,1.0,0.0,0.0,-0.5074396159789827,-51.28757422841986,0.441894245405287,1
183,0.8668986784140968,Participant3_LS_SlSl,Endomorph,Normal,slouch,1.0,0.0,0.0,-0.4650424311091639,-52.92814630570607,0.4659217179192059,1
184,0.8716358296622614,Participant3_LS_SlSl,Endomorph,Normal,slouch,1.0,0.0,0.0,-0.4805305573898466,-52.44754013841924,0.4446752046646253,1
185,0.8763729809104258,Participant3_LS_SlSl,Endomorph,Normal,slouch,1.0,0.0,0.0,-0.5022928329772692,-51.38942036240498,0.4367399142716538,1
186,0.8811101321585902,Participant3_LS_SlSl,Endomorph,Normal,slouch,1.0,0.0,0.0,-0.5006693715349809,-51.3268834399448,0.4457985667871558,1
187,0.8858472834067548,Participant3_LS_SlSl,Endomorph,Normal,slouch,1.0,0.0,0.0,-0.4984272772915521,-52.056206059833634,0.4451437482318423,1
188,0.8905844346549192,Participant3_LS_SlSl,Endomorph,Normal,slouch,1.0,0.0,0.0,-0.4871370575655964,-52.34389257815045,0.4436713037184639,1
189,0.8953215859030836,Participant3_LS_SlSl,Endomorph,Normal,slouch,1.0,0.0,0.0,-0.4827970401064438,-51.16734256126247,0.4438475190210518,1
190,0.9000587371512482,Participant3_LS_SlSl,Endomorph,Normal,slouch,1.0,0.0,0.0,-0.5132686100532431,-50.968645932776,0.4427181118953061,1
191,0.9047958883994126,Participant3_LS_SlSl,Endomorph,Normal,slouch,1.0,0.0,0.0,-0.4773613016922595,-51.42447377770838,0.4355727967593593,1
192,0.909533039647577,Participant3_LS_SlSl,Endomorph,Normal,slouch,1.0,0.0,0.0,-0.4947977040708682,-51.31262287347262,0.4344836912234656,1
193,0.9142701908957416,Participant3_LS_SlSl,Endomorph,Normal,slouch,1.0,0.0,0.0,-0.4641699520676111,-52.1696066516322,0.4599989284683559,1
194,0.919007342143906,Participant3_LS_SlSl,Endomorph,Normal,slouch,1.0,0.0,0.0,-0.4526347725819296,-51.51071862598673,0.4433107443878097,1
195,0.9237444933920704,Participant3_LS_SlSl,Endomorph,Normal,slouch,1.0,0.0,0.0,-0.4931984077969407,-51.604792670282336,0.4371386783382555,1
196,0.928481644640235,Participant3_LS_SlSl,Endomorph,Normal,slouch,1.0,0.0,0.0,-0.4820850419471206,-52.67561651468907,0.446851750865646,1
197,0.9332187958883994,Participant3_LS_SlSl,Endomorph,Normal,slouch,1.0,0.0,0.0,-0.5234037360389867,-51.14078159775769,0.4429821485112031,1
198,0.9379559471365638,Participant3_LS_SlSl,Endomorph,Normal,slouch,1.0,0.0,0.0,-0.460764156370784,-51.58880342833107,0.4579371005782562,1
199,0.9426930983847284,Participant3_LS_SlSl,Endomorph,Normal,slouch,1.0,0.0,0.0,-0.5183202567560626,-52.43893359365618,0.4585808406538786,1
200,0.9474302496328928,Participant3_LS_SlSl,Endomorph,Normal,slouch,1.0,0.0,0.0,-0.4793922452336092,-52.59965202458915,0.444473242299172,1
201,0.9521674008810572,Participant3_LS_SlSl,Endomorph,Normal,slouch,1.0,0.0,0.0,-0.5255818303104408,-52.23512247985213,0.4492897708467048,1
202,0.9569045521292218,Participant3_LS_SlSl,Endomorph,Normal,slouch,1.0,0.0,0.0,-0.4884578257241555,-51.44849240868572,0.4376963230077182,1
203,0.9616417033773862,Participant3_LS_SlSl,Endomorph,Normal,slouch,1.0,0.0,0.0,-0.5272679610191409,-51.81776697415286,0.4425479530239447,1
204,0.9663788546255506,Participant3_LS_SlSl,Endomorph,Normal,slouch,1.0,0.0,0.0,-0.4634329324356302,-52.4727927215215,0.460228464224659,1
205,0.9711160058737152,Participant3_LS_SlSl,Endomorph,Normal,slouch,1.0,0.0,0.0,-0.5031951585884109,-52.72750888021125,0.4601093930765217,1
206,0.9758531571218796,Participant3_LS_SlSl,Endomorph,Normal,slouch,1.0,0.0,0.0,-0.4862987864414466,-52.68202568792165,0.4638480359354853,1
207,0.980590308370044,Participant3_LS_SlSl,Endomorph,Normal,slouch,1.0,0.0,0.0,-0.4737135528406533,-52.43469334153496,0.4616223402057371,1
208,0.9853274596182084,Participant3_LS_SlSl,Endomorph,Normal,slouch,1.0,0.0,0.0,-0.4938758193636571,-52.9050606076502,0.4586831582290473,1
209,0.990064610866373,Participant3_LS_SlSl,Endomorph,Normal,slouch,1.0,0.0,0.0,-0.4952923361789314,-52.69186768099807,0.462775655128684,1
210,0.9948017621145374,Participant3_LS_SlSl,Endomorph,Normal,slouch,1.0,0.0,0.0,-0.5031781163679838,-51.781403680925045,0.4555253860575515,1
211,0.9995389133627018,Participant3_LS_SlSl,Endomorph,Normal,slouch,1.0,0.0,0.0,-0.4846008809065247,-52.68614834454059,0.4636610632589742,1
212,1.0042760646108664,Participant3_LS_SlSl,Endomorph,Normal,slouch,1.0,0.0,0.0,-0.5174060982662543,-52.9003982342131,0.4630314063965512,1
213,1.0090132158590308,Participant3_LS_SlSl,Endomorph,Normal,slouch,1.0,0.0,0.0,-0.4829850874506279,-52.99752704521698,0.4569297393695588,1
214,1.0137503671071952,Participant3_LS_SlSl,Endomorph,Normal,slouch,1.0,0.0,0.0,-0.5013664272556589,-53.07191125023438,0.4608702553499553,1
215,1.0184875183553597,Participant3_LS_SlSl,Endomorph,Normal,slouch,1.0,0.0,0.0,-0.4881580981441196,-52.53378897226723,0.4534107601510836,1
216,1.0232246696035243,Participant3_LS_SlSl,Endomorph,Normal,slouch,1.0,0.0,0.0,-0.5836817552285485,-52.62431618189361,0.4572433735612573,1
217,1.0279618208516887,Participant3_LS_SlSl,Endomorph,Normal,slouch,1.0,0.0,0.0,-0.4796850045583991,-52.74979883238845,0.4622497588270395,1
218,1.0326989720998532,Participant3_LS_SlSl,Endomorph,Normal,slouch,1.0,0.0,0.0,-0.4795746787224857,-52.77282638328234,0.4610865299800629,1
219,1.0374361233480176,Participant3_LS_SlSl,Endomorph,Normal,slouch,1.0,0.0,0.0,-0.465909165820118,-53.010316694819394,0.4574439557534058,1
220,1.042173274596182,Participant3_LS_SlSl,Endomorph,Normal,slouch,1.0,0.0,0.0,-0.466369828309398,-53.24755595646164,0.4593294734701615,1
221,1.0469104258443465,Participant3_LS_SlSl,Endomorph,Normal,slouch,1.0,0.0,0.0,-0.4729254652062669,-52.59219662300061,0.4569462238745847,1
222,1.0516475770925109,Participant3_LS_SlSl,Endomorph,Normal,slouch,1.0,0.0,0.0,-0.4705030042151941,-52.47524710207462,0.4524590269917203,1
223,1.0563847283406755,Participant3_LS_SlSl,Endomorph,Normal,slouch,1.0,0.0,0.0,-0.4911369135528276,-53.34480806914527,0.4633909198244406,1
224,1.06112187958884,Participant3_LS_SlSl,Endomorph,Normal,slouch,1.0,0.0,0.0,-0.5033882516316415,-52.48858855457584,0.4611559943977727,1
225,1.0658590308370044,Participant3_LS_SlSl,Endomorph,Normal,slouch,1.0,0.0,0.0,-0.4887218785266354,-53.073827889352366,0.4662618829093111,1
226,1.0705961820851688,Participant3_LS_SlSl,Endomorph,Normal,slouch,1.0,0.0,0.0,-0.492288507239613,-52.81161217669226,0.4509074801504922,1
227,1.0753333333333333,Participant3_LS_SlSl,Endomorph,Normal,slouch,1.0,0.0,0.0,-0.4761928979012355,-52.6219298095186,0.4613078647920124,1
228,1.0800704845814977,Participant3_LS_SlSl,Endomorph,Normal,slouch,1.0,0.0,0.0,-0.4977308289019769,-53.14079808433776,0.4607537027064384,1
229,1.0848076358296623,Participant3_LS_SlSl,Endomorph,Normal,slouch,1.0,0.0,0.0,-0.4886237785294371,-52.22967799409524,0.4590770785623899,1
230,1.0895447870778268,Participant3_LS_SlSl,Endomorph,Normal,slouch,1.0,0.0,0.0,-0.4893241025661599,-52.697837815303686,0.4678798767215329,1
231,1.0942819383259912,Participant3_LS_SlSl,Endomorph,Normal,slouch,1.0,0.0,0.0,-0.491584095962938,-52.07843128546794,0.4596508794269568,1
232,1.0990190895741556,Participant3_LS_SlSl,Endomorph,Normal,slouch,1.0,0.0,0.0,-0.4693437647045906,-52.145924465143885,0.4564227536088008,1
233,1.10375624082232,Participant3_LS_SlSl,Endomorph,Normal,slouch,1.0,0.0,0.0,-0.483760722467886,-52.70741962524905,0.4452070994034022,1
234,1.1084933920704845,Participant3_LS_SlSl,Endomorph,Normal,slouch,1.0,0.0,0.0,-0.458968617123904,-52.74266322488475,0.4466887316935617,1
235,1.1132305433186491,Participant3_LS_SlSl,Endomorph,Normal,slouch,1.0,0.0,0.0,-0.4721835116609726,-52.96269493578113,0.4566892147709229,1
236,1.1179676945668136,Participant3_LS_SlSl,Endomorph,Normal,slouch,1.0,0.0,0.0,-0.4848451735702104,-52.53889655498026,0.4565452439071614,1
237,1.122704845814978,Participant3_LS_SlSl,Endomorph,Normal,slouch,1.0,0.0,0.0,-0.4713296691876643,-52.69404791269156,0.4444911484026951,1
238,1.1274419970631424,Participant3_LS_SlSl,Endomorph,Normal,slouch,1.0,0.0,0.0,-0.477279339230434,-53.56237916244376,0.4451986257956068,1
239,1.1321791483113068,Participant3_LS_SlSl,Endomorph,Normal,slouch,1.0,0.0,0.0,-0.4702627595218008,-52.827582281552445,0.4514420053108476,1
240,1.1369162995594713,Participant3_LS_SlSl,Endomorph,Normal,slouch,1.0,0.0,0.0,-0.4840561839372228,-52.67012073569964,0.4584135487871839,1
241,1.141653450807636,Participant3_LS_SlSl,Endomorph,Normal,slouch,1.0,0.0,0.0,-0.4730212439009144,-53.371218067461285,0.4626687199659096,1
242,1.1463906020558003,Participant3_LS_SlSl,Endomorph,Normal,slouch,1.0,0.0,0.0,-0.4900486918622306,-53.38469401427978,0.4661627530792363,1
243,1.1511277533039648,Participant3_LS_SlSl,Endomorph,Normal,slouch,1.0,0.0,0.0,-0.4754911035131146,-53.559876088553175,0.4614963881222368,1
244,1.1558649045521292,Participant3_LS_SlSl,Endomorph,Normal,slouch,1.0,0.0,0.0,-0.4914132180880084,-52.72626950442714,0.4583043426621814,1
245,1.1606020558002936,Participant3_LS_SlSl,Endomorph,Normal,slouch,1.0,0.0,0.0,-0.4738299281378265,-53.22845446104616,0.4515234420100334,1
246,1.165339207048458,Participant3_LS_SlSl,Endomorph,Normal,slouch,1.0,0.0,0.0,-0.4746297199049694,-53.54092158675977,0.4481920638674118,1
247,1.1700763582966225,Participant3_LS_SlSl,Endomorph,Normal,slouch,1.0,0.0,0.0,-0.4652162845065664,-52.55905335896517,0.4600602378642619,1
248,1.1748135095447871,Participant3_LS_SlSl,Endomorph,Normal,slouch,1.0,0.0,0.0,-0.4788936412491165,-51.57718513117058,0.4542400631234521,1
249,1.1795506607929516,Participant3_LS_SlSl,Endomorph,Normal,slouch,1.0,0.0,0.0,-0.4971789153386532,-53.38558253575264,0.453599131798822,1
250,1.184287812041116,Participant3_LS_SlSl,Endomorph,Normal,slouch,1.0,0.0,0.0,-0.4802377193863513,-52.88793679646174,0.4641930517063319,1
251,1.1890249632892804,Participant3_LS_SlSl,Endomorph,Normal,slouch,1.0,0.0,0.0,-0.490890269046752,-53.40927971695192,0.4596299679499896,1
252,1.1937621145374449,Participant3_LS_SlSl,Endomorph,Normal,slouch,1.0,0.0,0.0,-0.4744772294900277,-53.280996826155786,0.472729659075347,1
253,1.1984992657856093,Participant3_LS_SlSl,Endomorph,Normal,slouch,1.0,0.0,0.0,-0.4877483897307092,-52.83174044377951,0.4662449709332602,1
254,1.203236417033774,Participant3_LS_SlSl,Endomorph,Normal,slouch,1.0,0.0,0.0,-0.4808645048397,-52.6939142230507,0.4588441941001843,1
255,1.2079735682819384,Participant3_LS_SlSl,Endomorph,Normal,slouch,1.0,0.0,0.0,-0.4752330674511285,-52.95907723661893,0.4620128116579734,1
256,1.2127107195301028,Participant3_LS_SlSl,Endomorph,Normal,slouch,1.0,0.0,0.0,-0.489862518844209,-52.882594382552895,0.4731379165307725,1
257,1.2174478707782672,Participant3_LS_SlSl,Endomorph,Normal,slouch,1.0,0.0,0.0,-0.4803506471914497,-52.99799426092533,0.4642768132895868,1
258,1.2221850220264316,Participant3_LS_SlSl,Endomorph,Normal,slouch,1.0,0.0,0.0,-0.4980165117713053,-52.80128181605741,0.4596952421164353,1
259,1.226922173274596,Participant3_LS_SlSl,Endomorph,Normal,slouch,1.0,0.0,0.0,-0.4771596473414251,-52.69933908163818,0.4687116014171243,1
260,1.2316593245227607,Participant3_LS_SlSl,Endomorph,Normal,slouch,1.0,0.0,0.0,-0.4829291875303748,-52.75189013173912,0.4724898936061236,1
261,1.2363964757709252,Participant3_LS_SlSl,Endomorph,Normal,slouch,1.0,0.0,0.0,-0.4864366721929278,-52.78692655148588,0.4606611257806339,1
262,1.2411336270190896,Participant3_LS_SlSl,Endomorph,Normal,slouch,1.0,0.0,0.0,-0.5294091929645698,-52.545279512424415,0.4601157763345905,1
263,1.245870778267254,Participant3_LS_SlSl,Endomorph,Normal,slouch,1.0,0.0,0.0,-0.5065102474674472,-51.8311383626312,0.462557548596623,1
264,1.2506079295154184,Participant3_LS_SlSl,Endomorph,Normal,slouch,1.0,0.0,0.0,-0.5774721812256822,-52.48798003974451,0.45982732309391,1
265,1.2553450807635829,Participant3_LS_SlSl,Endomorph,Normal,slouch,1.0,0.0,0.0,-0.5285861566980723,-52.29211033239312,0.4626639033306819,1
266,1.2600822320117475,Participant3_LS_SlSl,Endomorph,Normal,slouch,1.0,0.0,0.0,-0.5045003260408999,-52.00520220608977,0.4500143146079678,1
267,1.264819383259912,Participant3_LS_SlSl,Endomorph,Normal,slouch,1.0,0.0,0.0,-0.4941743405876717,-52.42017488289307,0.4508762971119375,1
268,1.2695565345080764,Participant3_LS_SlSl,Endomorph,Normal,slouch,1.0,0.0,0.0,-0.5392896944460993,-51.3590922106628,0.4507228721770868,1
269,1.2742936857562408,Participant3_LS_SlSl,Endomorph,Normal,slouch,1.0,0.0,0.0,-0.5203368948042074,-51.35912628845278,0.4518416156112781,1
270,1.2790308370044052,Participant3_LS_SlSl,Endomorph,Normal,slouch,1.0,0.0,0.0,-0.5037676027846495,-51.407231901556685,0.4479764610774611,1
271,1.2837679882525697,Participant3_LS_SlSl,Endomorph,Normal,slouch,1.0,0.0,0.0,-0.4995722273264519,-51.940707566700745,0.4609283816974442,1
272,1.288505139500734,Participant3_LS_SlSl,Endomorph,Normal,slouch,1.0,0.0,0.0,-0.4999915258884222,-51.98347605896841,0.4569639272234296,1
273,1.2932422907488987,Participant3_LS_SlSl,Endomorph,Normal,slouch,1.0,0.0,0.0,-0.5890765110288726,-52.25140530748756,0.4615863551689678,1
274,1.2979794419970632,Participant3_LS_SlSl,Endomorph,Normal,slouch,1.0,0.0,0.0,-0.5855844774304944,-51.37451878877079,0.4450791252860665,1
275,1.3027165932452276,Participant3_LS_SlSl,Endomorph,Normal,slouch,1.0,0.0,0.0,-0.4700200396263441,-51.66659950768891,0.4547543494956713,1
276,1.307453744493392,Participant3_LS_SlSl,Endomorph,Normal,slouch,1.0,0.0,0.0,-0.518686433905403,-52.14878148053536,0.4572026665752292,1
277,1.3121908957415565,Participant3_LS_SlSl,Endomorph,Normal,slouch,1.0,0.0,0.0,-0.5184887474675991,-51.90096309421984,0.4554101485070979,1
278,1.3169280469897209,Participant3_LS_SlSl,Endomorph,Normal,slouch,1.0,0.0,0.0,-0.5473081111937323,-52.12594389462548,0.464108372204598,1
279,1.3216651982378855,Participant3_LS_SlSl,Endomorph,Normal,slouch,1.0,0.0,0.0,-0.500698861905777,-51.544301705301095,0.4465390541550773,1
280,1.32640234948605,Participant3_LS_SlSl,Endomorph,Normal,slouch,1.0,0.0,0.0,-0.518663037077179,-52.03841625733751,0.4577416138400029,1
281,1.3311395007342144,Participant3_LS_SlSl,Endomorph,Normal,slouch,1.0,0.0,0.0,-0.4965524329936046,-51.27898379650727,0.4454330695893906,1
282,1.3358766519823788,Participant3_LS_SlSl,Endomorph,Normal,slouch,1.0,0.0,0.0,-0.509360500564678,-52.14393744520583,0.4636065017418307,1
283,1.3406138032305432,Participant3_LS_SlSl,Endomorph,Normal,slouch,1.0,0.0,0.0,-0.5106480347513066,-52.198633496109366,0.4599163662469032,1
284,1.3453509544787077,Participant3_LS_SlSl,Endomorph,Normal,slouch,1.0,0.0,0.0,-0.5217456985853889,-51.93414613620769,0.4501908004636396,1
285,1.3500881057268723,Participant3_LS_SlSl,Endomorph,Normal,slouch,1.0,0.0,0.0,-0.5110779993835104,-51.47228369125685,0.4524538993795473,1
286,1.3548252569750368,Participant3_LS_SlSl,Endomorph,Normal,slouch,1.0,0.0,0.0,-0.4858505469995279,-52.17776633724548,0.4458961877290413,1
287,1.3595624082232012,Participant3_LS_SlSl,Endomorph,Normal,slouch,1.0,0.0,0.0,-0.5044593724235316,-52.32376696439423,0.4603639615555068,1
288,1.3642995594713656,Participant3_LS_SlSl,Endomorph,Normal,slouch,1.0,0.0,0.0,-0.5268786053207906,-51.80091563422315,0.4683147403198489,1
289,1.36903671071953,Participant3_LS_SlSl,Endomorph,Normal,slouch,1.0,0.0,0.0,-0.5473203758261675,-52.85184635945644,0.4667341152956792,1
290,1.3737738619676945,Participant3_LS_SlSl,Endomorph,Normal,slouch,1.0,0.0,0.0,-0.5033412283630806,-52.09042384596652,0.4517996726912309,1
291,1.3785110132158591,Participant3_LS_SlSl,Endomorph,Normal,slouch,1.0,0.0,0.0,-0.4877721224632313,-51.15957223948116,0.4553090597885272,1
292,1.3832481644640235,Participant3_LS_SlSl,Endomorph,Normal,slouch,1.0,0.0,0.0,-0.5853659716959545,-51.9384581611677,0.4628093571688892,1
293,1.387985315712188,Participant3_LS_SlSl,Endomorph,Normal,slouch,1.0,0.0,0.0,-0.528611399663154,-51.50545518119543,0.4521375040739658,1
294,1.3927224669603524,Participant3_LS_SlSl,Endomorph,Normal,slouch,1.0,0.0,0.0,-0.452242099669533,-51.83557206183841,0.4566759779621078,1
295,1.3974596182085168,Participant3_LS_SlSl,Endomorph,Normal,slouch,1.0,0.0,0.0,-0.4919096454102251,-51.38060657721072,0.4523687602915147,1
296,1.4021967694566813,Participant3_LS_SlSl,Endomorph,Normal,slouch,1.0,0.0,0.0,-0.4966311899202579,-51.55616006875341,0.4474225299495405,1
297,1.4069339207048457,Participant3_LS_SlSl,Endomorph,Normal,slouch,1.0,0.0,0.0,-0.5127766330948585,-52.66820615806375,0.4600699257753785,1
298,1.4116710719530103,Participant3_LS_SlSl,Endomorph,Normal,slouch,1.0,0.0,0.0,-0.5040758758494295,-52.90271505762061,0.4647674967244342,1
299,1.4164082232011748,Participant3_LS_SlSl,Endomorph,Normal,slouch,1.0,0.0,0.0,-0.5140483776647985,-52.79748727064143,0.4489187731044375,1
300,1.4211453744493392,Participant3_LS_SlSl,Endomorph,Normal,slouch,1.0,0.0,0.0,-0.4968800526478095,-51.73761269809382,0.4511599335450139,1
301,1.4258825256975036,Participant3_LS_SlSl,Endomorph,Normal,slouch,1.0,0.0,0.0,-0.4885894378401206,-52.16839859454343,0.4582697276836057,1
302,1.430619676945668,Participant3_LS_SlSl,Endomorph,Normal,slouch,1.0,0.0,0.0,-0.4877684839046434,-52.67156594353624,0.4567940661056776,1
303,1.4353568281938325,Participant3_LS_SlSl,Endomorph,Normal,slouch,1.0,0.0,0.0,-0.5238753344536884,-52.52892000381405,0.4619301792435726,1
304,1.4400939794419971,Participant3_LS_SlSl,Endomorph,Normal,slouch,1.0,0.0,0.0,-0.496712310520095,-52.602918689252526,0.4570233206644526,1
305,1.4448311306901616,Participant3_LS_SlSl,Endomorph,Normal,slouch,1.0,0.0,0.0,-0.4704121786931772,-52.190961657819365,0.4579310362929996,1
306,1.449568281938326,Participant3_LS_SlSl,Endomorph,Normal,slouch,1.0,0.0,0.0,-0.4689380819848769,-50.86469374525378,0.46580534271866,1
307,1.4543054331864904,Participant3_LS_SlSl,Endomorph,Normal,slouch,1.0,0.0,0.0,-0.497826744168787,-51.9170638191108,0.4606515673041624,1
308,1.4590425844346548,Participant3_LS_SlSl,Endomorph,Normal,slouch,1.0,0.0,0.0,-0.5037604789770479,-51.956009935916335,0.4534336651084015,1
309,1.4637797356828193,Participant3_LS_SlSl,Endomorph,Normal,slouch,1.0,0.0,0.0,-0.4819664726255703,-52.07153903712378,0.4535430000689764,1
310,1.468516886930984,Participant3_LS_SlSl,Endomorph,Normal,slouch,1.0,0.0,0.0,-0.4851579220292376,-51.42751888620101,0.4561488600097657,1
311,1.4732540381791484,Participant3_LS_SlSl,Endomorph,Normal,slouch,1.0,0.0,0.0,-0.5617508842014665,-51.52312750287802,0.452529149957646,1
312,1.4779911894273128,Participant3_LS_SlSl,Endomorph,Normal,slouch,1.0,0.0,0.0,-0.5028140609866674,-51.68260173612643,0.4458908174431364,1
313,1.4827283406754772,Participant3_LS_SlSl,Endomorph,Normal,slouch,1.0,0.0,0.0,-0.5407528795222087,-51.89476623851584,0.4579664501993642,1
314,1.4874654919236416,Participant3_LS_SlSl,Endomorph,Normal,slouch,1.0,0.0,0.0,-0.5311018505599374,-51.07289127036759,0.4541808662604196,1
315,1.492202643171806,Participant3_LS_SlSl,Endomorph,Normal,slouch,1.0,0.0,0.0,-0.6072138955975968,-51.79432758161823,0.460371946365778,1
316,1.4969397944199707,Participant3_LS_SlSl,Endomorph,Normal,slouch,1.0,0.0,0.0,-0.5336533921894789,-51.4469650860568,0.4543807806191648,1
317,1.5016769456681351,Participant3_LS_SlSl,Endomorph,Normal,slouch,1.0,0.0,0.0,-0.5383601995184439,-52.07123097056868,0.456538776783745,1
318,1.5064140969162996,Participant3_LS_SlSl,Endomorph,Normal,slouch,1.0,0.0,0.0,-0.4755935306793073,-51.29152955824571,0.4483322994162652,1
319,1.511151248164464,Participant3_LS_SlSl,Endomorph,Normal,slouch,1.0,0.0,0.0,-0.4988374708365696,-51.79827135184013,0.4527131521176023,1
320,1.5158883994126284,Participant3_LS_SlSl,Endomorph,Normal,slouch,1.0,0.0,0.0,-0.4927530217165531,-52.31759540795531,0.4711015452810929,1
321,1.5206255506607929,Participant3_LS_SlSl,Endomorph,Normal,slouch,1.0,0.0,0.0,-0.4948904211348593,-51.57514738415159,0.4554700906889306,1
322,1.5253627019089573,Participant3_LS_SlSl,Endomorph,Normal,slouch,1.0,0.0,0.0,-0.4653761482581628,-52.69475406277548,0.4514905770296785,1
323,1.530099853157122,Participant3_LS_SlSl,Endomorph,Normal,slouch,1.0,0.0,0.0,-0.4944355862289897,-51.81088215382926,0.4412027690253077,1
324,1.5348370044052864,Participant3_LS_SlSl,Endomorph,Normal,slouch,1.0,0.0,0.0,-0.4884839843596693,-52.2176631706817,0.4483921248924671,1
325,1.5395741556534508,Participant3_LS_SlSl,Endomorph,Normal,slouch,1.0,0.0,0.0,-0.4974988123058049,-51.63724468673754,0.445816251540721,1
326,1.5443113069016152,Participant3_LS_SlSl,Endomorph,Normal,slouch,1.0,0.0,0.0,-0.622951280699357,-51.49908079148418,0.4324256895137061,1
327,1.5490484581497797,Participant3_LS_SlSl,Endomorph,Normal,slouch,1.0,0.0,0.0,-0.5150433571043191,-52.343487979372576,0.4368110879790635,1
328,1.553785609397944,Participant3_LS_SlSl,Endomorph,Normal,slouch,1.0,0.0,0.0,-0.5342789017688511,-52.0705072246742,0.4410490840442513,1
329,1.5585227606461087,Participant3_LS_SlSl,Endomorph,Normal,slouch,1.0,0.0,0.0,-0.4853185498857609,-52.40985111503126,0.4489982594936115,1
330,1.5632599118942732,Participant3_LS_SlSl,Endomorph,Normal,slouch,1.0,0.0,0.0,-0.542231300842358,-51.61134341919493,0.4369232872164629,1
331,1.5679970631424376,Participant3_LS_SlSl,Endomorph,Normal,slouch,1.0,0.0,0.0,-0.486569155244305,-51.48919160040094,0.4388174111572128,1
332,1.572734214390602,Participant3_LS_SlSl,Endomorph,Normal,slouch,1.0,0.0,0.0,-0.5065280720280033,-52.822392366122536,0.4447532491717037,1
333,1.5774713656387664,Participant3_LS_SlSl,Endomorph,Normal,slouch,1.0,0.0,0.0,-0.5001369236109567,-52.20462649200491,0.4537905696562645,1
334,1.5822085168869309,Participant3_LS_SlSl,Endomorph,Normal,slouch,1.0,0.0,0.0,-0.5086249740635759,-52.12115595528245,0.4493903429249758,1
335,1.5869456681350955,Participant3_LS_SlSl,Endomorph,Normal,slouch,1.0,0.0,0.0,-0.4929003907075472,-52.66441196373607,0.4484297967928263,1
336,1.59168281938326,Participant3_LS_SlSl,Endomorph,Normal,slouch,1.0,0.0,0.0,-0.5077907441572912,-53.1770063837652,0.4555040079113293,1
337,1.5964199706314244,Participant3_LS_SlSl,Endomorph,Normal,slouch,1.0,0.0,0.0,-0.47480459538743,-53.195338657415,0.446915676887851,1
338,1.6011571218795888,Participant3_LS_SlSl,Endomorph,Normal,slouch,1.0,0.0,0.0,-0.4915496795100478,-52.831051364495885,0.4579179764445634,1
339,1.6058942731277532,Participant3_LS_SlSl,Endomorph,Normal,slouch,1.0,0.0,0.0,-0.4976461528352947,-53.5120312765309,0.4436110666668972,1
340,1.6106314243759177,Participant3_LS_SlSl,Endomorph,Normal,slouch,1.0,0.0,0.0,-0.4956862440536526,-52.27906405494447,0.4532108750059124,1
341,1.615368575624082,Participant3_LS_SlSl,Endomorph,Normal,slouch,1.0,0.0,0.0,-0.4617384471644089,-52.89928190876237,0.4393042124618595,1
342,1.6201057268722467,Participant3_LS_SlSl,Endomorph,Normal,slouch,1.0,0.0,0.0,-0.4492268545284119,-52.72518096520068,0.4549109592795006,1
343,1.6248428781204112,Participant3_LS_SlSl,Endomorph,Normal,slouch,1.0,0.0,0.0,-0.464497939085827,-52.29120627570624,0.4406833884907598,1
344,1.6295800293685756,Participant3_LS_SlSl,Endomorph,Normal,slouch,1.0,0.0,0.0,-0.4626339068491338,-52.616288940100326,0.4450461051688802,1
345,1.63431718061674,Participant3_LS_SlSl,Endomorph,Normal,slouch,1.0,0.0,0.0,-0.4761998349597215,-52.50917576686864,0.4479217261133955,1
346,1.6390543318649045,Participant3_LS_SlSl,Endomorph,Normal,slouch,1.0,0.0,0.0,-0.4468256471697424,-52.71546792610204,0.45613979017091,1
347,1.6437914831130689,Participant3_LS_SlSl,Endomorph,Normal,slouch,1.0,0.0,0.0,-0.464658798087826,-52.06428018516647,0.4512526905460752,1
348,1.6485286343612335,Participant3_LS_SlSl,Endomorph,Normal,slouch,1.0,0.0,0.0,-0.4732287751265771,-52.212204252649066,0.4477970482481732,1
349,1.653265785609398,Participant3_LS_SlSl,Endomorph,Normal,slouch,1.0,0.0,0.0,-0.4865993600640242,-52.45854923470949,0.4407557071666888,1
350,1.6580029368575624,Participant3_LS_SlSl,Endomorph,Normal,slouch,1.0,0.0,0.0,-0.4830848979323043,-53.017241086686376,0.4502502803873926,1
351,1.6627400881057268,Participant3_LS_SlSl,Endomorph,Normal,slouch,1.0,0.0,0.0,-0.4862926142275394,-53.057262588966495,0.4513200995129174,1
352,1.6674772393538912,Participant3_LS_SlSl,Endomorph,Normal,slouch,1.0,0.0,0.0,-0.4722956259182028,-52.77061838006432,0.4485657662160983,1
353,1.6722143906020557,Participant3_LS_SlSl,Endomorph,Normal,slouch,1.0,0.0,0.0,-0.4755440810810416,-52.62154142253508,0.4533841653555731,1
354,1.6769515418502203,Participant3_LS_SlSl,Endomorph,Normal,slouch,1.0,0.0,0.0,-0.4986248626371503,-52.61062149434738,0.4525145506868851,1
355,1.6816886930983848,Participant3_LS_SlSl,Endomorph,Normal,slouch,1.0,0.0,0.0,-0.5011892620753787,-52.341096797942775,0.4491660949643199,1
356,1.6864258443465492,Participant3_LS_SlSl,Endomorph,Normal,slouch,1.0,0.0,0.0,-0.4610524762428754,-52.85774814809048,0.4406782077790581,1
357,1.6911629955947136,Participant3_LS_SlSl,Endomorph,Normal,slouch,1.0,0.0,0.0,-0.478426787358435,-52.01811906804172,0.4412299481563057,1
358,1.695900146842878,Participant3_LS_SlSl,Endomorph,Normal,slouch,1.0,0.0,0.0,-0.4781004116353076,-52.611705497074006,0.4434714836164445,1
359,1.7006372980910425,Participant3_LS_SlSl,Endomorph,Normal,slouch,1.0,0.0,0.0,-0.4596873589749203,-52.53704588309749,0.4499995642307431,1
360,1.7053744493392071,Participant3_LS_SlSl,Endomorph,Normal,slouch,1.0,0.0,0.0,-0.4626170778430389,-51.76770143264932,0.4462410877486692,1
361,1.7101116005873715,Participant3_LS_SlSl,Endomorph,Normal,slouch,1.0,0.0,0.0,-0.4860333066493908,-52.43336635830455,0.454805934169707,1
362,1.714848751835536,Participant3_LS_SlSl,Endomorph,Normal,slouch,1.0,0.0,0.0,-0.4582125765355288,-52.92008891606097,0.4510038950752913,1
363,1.7195859030837004,Participant3_LS_SlSl,Endomorph,Normal,slouch,1.0,0.0,0.0,-0.4521138501920564,-52.08583933415376,0.4469075523533333,1
364,1.7243230543318648,Participant3_LS_SlSl,Endomorph,Normal,slouch,1.0,0.0,0.0,-0.458317464519718,-51.328923042031306,0.439800298551818,1
365,1.7290602055800293,Participant3_LS_SlSl,Endomorph,Normal,slouch,1.0,0.0,0.0,-0.4723902811697067,-51.72047897575225,0.4570386626736762,1
366,1.7337973568281937,Participant3_LS_SlSl,Endomorph,Normal,slouch,1.0,0.0,0.0,-0.453812169735764,-51.34887883475544,0.4440291109873835,1
367,1.7385345080763583,Participant3_LS_SlSl,Endomorph,Normal,slouch,1.0,0.0,0.0,-0.439758648951445,-52.57448079714171,0.4483596842741479,1
368,1.7432716593245228,Participant3_LS_SlSl,Endomorph,Normal,slouch,1.0,0.0,0.0,-0.4740407042854914,-52.17922104444498,0.4627891943552644,1
369,1.7480088105726872,Participant3_LS_SlSl,Endomorph,Normal,slouch,1.0,0.0,0.0,-0.4885830722137384,-52.34703444319078,0.4591260913846436,1
370,1.7527459618208516,Participant3_LS_SlSl,Endomorph,Normal,slouch,1.0,0.0,0.0,-0.4966544656128442,-51.59885628542725,0.4441212631726293,1
371,1.757483113069016,Participant3_LS_SlSl,Endomorph,Normal,slouch,1.0,0.0,0.0,-0.4544286561740578,-52.05955459571528,0.44704398050512,1
372,1.7622202643171805,Participant3_LS_SlSl,Endomorph,Normal,slouch,1.0,0.0,0.0,-0.5364666794381924,-51.33634737455099,0.4394825114377442,1
373,1.7669574155653451,Participant3_LS_SlSl,Endomorph,Normal,slouch,1.0,0.0,0.0,-0.5000758500956296,-50.97084106299059,0.4449758893688289,1
374,1.7716945668135096,Participant3_LS_SlSl,Endomorph,Normal,slouch,1.0,0.0,0.0,-0.4751843442578655,-51.43611346516244,0.4438622217698277,1
375,1.776431718061674,Participant3_LS_SlSl,Endomorph,Normal,slouch,1.0,0.0,0.0,-0.5117311727882297,-52.01911167415024,0.4608074617501199,1
376,1.7811688693098384,Participant3_LS_SlSl,Endomorph,Normal,slouch,1.0,0.0,0.0,-0.5306327301708949,-51.97291630337343,0.4630152675071394,1
377,1.7859060205580028,Participant3_LS_SlSl,Endomorph,Normal,slouch,1.0,0.0,0.0,-0.4837213265044078,-51.6528590784842,0.4475804895476457,1
378,1.7906431718061673,Participant3_LS_SlSl,Endomorph,Normal,slouch,1.0,0.0,0.0,-0.5736525644385991,-51.93596955567168,0.463268523934124,1
379,1.795380323054332,Participant3_LS_SlSl,Endomorph,Normal,slouch,1.0,0.0,0.0,-0.5244372448756947,-51.84384377709269,0.440612738326569,1
380,1.8001174743024964,Participant3_LS_SlSl,Endomorph,Normal,slouch,1.0,0.0,0.0,-0.49022300376707,-51.643622733074565,0.4405942122449143,1
381,1.8048546255506608,Participant3_LS_SlSl,Endomorph,Normal,slouch,1.0,0.0,0.0,-0.4468074348428735,-51.5227444902183,0.4411943031084233,1
382,1.8095917767988248,Participant3_LS_SlSl,Endomorph,Normal,slouch,1.0,0.0,0.0,-0.4551878035577947,-51.51007843487243,0.437401269338853,1
383,1.8143289280469896,Participant3_LS_SlSl,Endomorph,Normal,slouch,1.0,0.0,0.0,-0.4908672530620487,-50.827665003480114,0.4456684025849143,1
384,1.819066079295154,Participant3_LS_SlSl,Endomorph,Normal,slouch,1.0,0.0,0.0,-0.5079250608045371,-51.258596597049255,0.4411572080459684,1
385,1.8238032305433187,Participant3_LS_SlSl,Endomorph,Normal,slouch,1.0,0.0,0.0,-0.5744867082697539,-52.0206080804978,0.4465692560613417,1
386,1.8285403817914831,Participant3_LS_SlSl,Endomorph,Normal,slouch,1.0,0.0,0.0,-0.4901815910703732,-52.49151302968263,0.4508328157529796,1
387,1.833277533039648,Participant3_LS_SlSl,Endomorph,Normal,slouch,1.0,0.0,0.0,-0.5425463582230658,-51.79239379412953,0.455332229898196,1
388,1.838014684287812,Participant3_LS_SlSl,Endomorph,Normal,slouch,1.0,0.0,0.0,-0.4806044622265261,-51.60889259503412,0.4463591828791248,1
389,1.8427518355359764,Participant3_LS_SlSl,Endomorph,Normal,slouch,1.0,0.0,0.0,-0.4953754303357097,-50.89702283371034,0.444367025685192,1
390,1.8474889867841409,Participant3_LS_SlSl,Endomorph,Normal,slouch,1.0,0.0,0.0,-0.5237685905384776,-52.3070652068954,0.4456542998502611,1
391,1.8522261380323053,Participant3_LS_SlSl,Endomorph,Normal,slouch,1.0,0.0,0.0,-0.5071957249839647,-51.03708383779253,0.4386801348880524,1
392,1.85696328928047,Participant3_LS_SlSl,Endomorph,Normal,slouch,1.0,0.0,0.0,-0.4889936497753137,-52.28086107203424,0.452507830125091,1
393,1.8617004405286344,Participant3_LS_SlSl,Endomorph,Normal,slouch,1.0,0.0,0.0,-0.5190423928486233,-52.45453678094374,0.4561033928689195,1
394,1.8664375917767988,Participant3_LS_SlSl,Endomorph,Normal,slouch,1.0,0.0,0.0,-0.5025908895659411,-52.22178325353166,0.4526062095068707,1
395,1.8711747430249632,Participant3_LS_SlSl,Endomorph,Normal,slouch,1.0,0.0,0.0,-0.4708470808628382,-52.007491307023024,0.4449809785778901,1
396,1.875911894273128,Participant3_LS_SlSl,Endomorph,Normal,slouch,1.0,0.0,0.0,-0.4821597986745737,-51.91061312578198,0.4411188459008709,1
397,1.880649045521292,Participant3_LS_SlSl,Endomorph,Normal,slouch,1.0,0.0,0.0,-0.4965262869793152,-50.71833998732214,0.4332022965718909,1
398,1.8853861967694567,Participant3_LS_SlSl,Endomorph,Normal,slouch,1.0,0.0,0.0,-0.5110765106084797,-50.76460938489698,0.4449211252584134,1
399,1.8901233480176207,Participant3_LS_SlSl,Endomorph,Normal,slouch,1.0,0.0,0.0,-0.5207618001160451,-51.89235010586821,0.4486927850922393,1
400,1.8948604992657856,Participant3_LS_SlSl,Endomorph,Normal,slouch,1.0,0.0,0.0,-0.4727844425496466,-52.56811401669788,0.4546785702496029,1
401,1.89959765051395,Participant3_LS_SlSl,Endomorph,Normal,slouch,1.0,0.0,0.0,-0.4419474656675657,-52.269417424207006,0.4561540045811639,1
402,1.9043348017621144,Participant3_LS_SlSl,Endomorph,Normal,slouch,1.0,0.0,0.0,-0.4578486382619148,-51.68344242608519,0.456105877558274,1
403,1.9090719530102789,Participant3_LS_SlSl,Endomorph,Normal,slouch,1.0,0.0,0.0,-0.4456339210959373,-52.23638018460175,0.4505830023738714,1
404,1.9138091042584435,Participant3_LS_SlSl,Endomorph,Normal,slouch,1.0,0.0,0.0,-0.4668300268815235,-52.663859732394535,0.4605062061964951,1
405,1.918546255506608,Participant3_LS_SlSl,Endomorph,Normal,slouch,1.0,0.0,0.0,-0.4783363574897441,-52.42780052311713,0.4568200778918201,1
406,1.9232834067547724,Participant3_LS_SlSl,Endomorph,Normal,slouch,1.0,0.0,0.0,-0.4803599776174858,-51.61226067195509,0.4525078062289703,1
407,1.9280205580029368,Participant3_LS_SlSl,Endomorph,Normal,slouch,1.0,0.0,0.0,-0.4122845822922835,-52.68326065722606,0.4447270110694359,1
408,1.9327577092511008,Participant3_LS_SlSl,Endomorph,Normal,slouch,1.0,0.0,0.0,-0.4554721196347892,-52.34588731918025,0.450099404748206,1
409,1.9374948604992657,Participant3_LS_SlSl,Endomorph,Normal,slouch,1.0,0.0,0.0,-0.4518794398039267,-52.79958919403085,0.4540321831822501,1
410,1.9422320117474303,Participant3_LS_SlSl,Endomorph,Normal,slouch,1.0,0.0,0.0,-0.473944841628182,-52.441690583674585,0.4525056102778251,1
411,1.9469691629955947,Participant3_LS_SlSl,Endomorph,Normal,slouch,1.0,0.0,0.0,-0.4821200441645503,-51.954600264725656,0.4419886822613299,1
412,1.9517063142437592,Participant3_LS_SlSl,Endomorph,Normal,slouch,1.0,0.0,0.0,-0.5079594511500128,-51.75046597358066,0.4408111149653123,1
413,1.956443465491924,Participant3_LS_SlSl,Endomorph,Normal,slouch,1.0,0.0,0.0,-0.4690456501039826,-52.25711995736431,0.442363438163447,1
414,1.961180616740088,Participant3_LS_SlSl,Endomorph,Normal,slouch,1.0,0.0,0.0,-0.5109364286977425,-51.55816197156804,0.4418042909782055,1
415,1.9659177679882525,Participant3_LS_SlSl,Endomorph,Normal,slouch,1.0,0.0,0.0,-0.4561922673086446,-52.49618131636704,0.4489189288432421,1
416,1.970654919236417,Participant3_LS_SlSl,Endomorph,Normal,slouch,1.0,0.0,0.0,-0.4992309034912904,-51.57913447357185,0.4403942517875917,1
417,1.975392070484581,Participant3_LS_SlSl,Endomorph,Normal,slouch,1.0,0.0,0.0,-0.459192442503969,-52.56044532481144,0.4625471504586935,1
418,1.980129221732746,Participant3_LS_SlSl,Endomorph,Normal,slouch,1.0,0.0,0.0,-0.4665123075481824,-51.17166591525904,0.4473173795420303,1
419,1.9848663729809104,Participant3_LS_SlSl,Endomorph,Normal,slouch,1.0,0.0,0.0,-0.4677903030055097,-51.85477849885314,0.4435679520592078,1
420,1.9896035242290748,Participant3_LS_SlSl,Endomorph,Normal,slouch,1.0,0.0,0.0,-0.4678287260618271,-51.96214942505322,0.4441858080704888,1
421,1.9943406754772397,Participant3_LS_SlSl,Endomorph,Normal,slouch,1.0,0.0,0.0,-0.4621926138250778,-51.71810669184327,0.4424724028126516,1
422,1.999077826725404,Participant3_LS_SlSl,Endomorph,Normal,slouch,1.0,0.0,0.0,-0.4634757438515194,-52.77820676819326,0.4491659673932653,1
423,2.003814977973568,Participant3_LS_SlSl,Endomorph,Normal,slouch,1.0,0.0,0.0,-0.4737072849749568,-52.481803608966175,0.4442452951649295,1
424,2.0085521292217328,Participant3_LS_SlSl,Endomorph,Normal,slouch,1.0,0.0,0.0,-0.4531912198647447,-52.41019289142921,0.451239088859741,1
425,2.013289280469897,Participant3_LS_SlSl,Endomorph,Normal,slouch,1.0,0.0,0.0,-0.456887384761764,-51.79439315787757,0.4421307262125279,1
426,2.0180264317180616,Participant3_LS_SlSl,Endomorph,Normal,slouch,1.0,0.0,0.0,-0.4518570013796401,-53.00629834251334,0.4439762851649211,1
427,2.0227635829662263,Participant3_LS_SlSl,Endomorph,Normal,slouch,1.0,0.0,0.0,-0.4315165959681183,-52.282085532633424,0.4412962717841301,1
428,2.0275007342143905,Participant3_LS_SlSl,Endomorph,Normal,slouch,1.0,0.0,0.0,-0.4347334063649632,-51.8630363381957,0.453081829935208,1
429,2.032237885462555,Participant3_LS_SlSl,Endomorph,Normal,slouch,1.0,0.0,0.0,-0.4384565697562678,-52.22937135813075,0.4422771969981331,1
430,2.0369750367107198,Participant3_LS_SlSl,Endomorph,Normal,slouch,1.0,0.0,0.0,-0.4514138305798492,-52.68967024229851,0.4466043702416223,1
431,2.041712187958884,Participant3_LS_SlSl,Endomorph,Normal,slouch,1.0,0.0,0.0,-0.457544264052022,-52.852550018040816,0.4518648142258359,1
432,2.0464493392070486,Participant3_LS_SlSl,Endomorph,Normal,slouch,1.0,0.0,0.0,-0.4505415633337922,-52.43223564734765,0.4445728595661888,1
433,2.051186490455213,Participant3_LS_SlSl,Endomorph,Normal,slouch,1.0,0.0,0.0,-0.4814859176171034,-52.45802951314094,0.4444598471269434,1
434,2.055923641703377,Participant3_LS_SlSl,Endomorph,Normal,slouch,1.0,0.0,0.0,-0.5311555144347038,-52.44289191606365,0.4593305004135563,1
435,2.0606607929515417,Participant3_LS_SlSl,Endomorph,Normal,slouch,1.0,0.0,0.0,-0.4855331631198272,-52.40183523616409,0.4475734317777028,1
436,2.0653979441997063,Participant3_LS_SlSl,Endomorph,Normal,slouch,1.0,0.0,0.0,-0.5044202978360979,-51.32817055477232,0.44031557823513,1
437,2.0701350954478706,Participant3_LS_SlSl,Endomorph,Normal,slouch,1.0,0.0,0.0,-0.4760085821759047,-51.75985387996729,0.4485387910328394,1
438,2.074872246696035,Participant3_LS_SlSl,Endomorph,Normal,slouch,1.0,0.0,0.0,-0.4693563662189992,-51.87415635818142,0.451516876917967,1
439,2.0796093979442,Participant3_LS_SlSl,Endomorph,Normal,slouch,1.0,0.0,0.0,-0.4580207617583065,-52.27068983642084,0.4520893888069182,1
440,2.084346549192364,Participant3_LS_SlSl,Endomorph,Normal,slouch,1.0,0.0,0.0,-0.4633030568984522,-52.35065882855302,0.4498315213227989,1
441,2.0890837004405287,Participant3_LS_SlSl,Endomorph,Normal,slouch,1.0,0.0,0.0,-0.5266522266671824,-51.36144292154487,0.4384157054341335,1
442,2.093820851688693,Participant3_LS_SlSl,Endomorph,Normal,slouch,1.0,0.0,0.0,-0.4906661232984005,-51.954260597138585,0.452789144993058,1
443,2.0985580029368576,Participant3_LS_SlSl,Endomorph,Normal,slouch,1.0,0.0,0.0,-0.4829716532185822,-52.44718447860274,0.4538507670735067,1
444,2.1032951541850218,Participant3_LS_SlSl,Endomorph,Normal,slouch,1.0,0.0,0.0,-0.4986095432608788,-52.25518332901292,0.4495838075998469,1
445,2.1080323054331864,Participant3_LS_SlSl,Endomorph,Normal,slouch,1.0,0.0,0.0,-0.5076775211453582,-52.40950834708015,0.4505927591886328,1
446,2.112769456681351,Participant3_LS_SlSl,Endomorph,Normal,slouch,1.0,0.0,0.0,-0.4606758288062733,-52.75619118751403,0.4602778918808176,1
447,2.1175066079295157,Participant3_LS_SlSl,Endomorph,Normal,slouch,1.0,0.0,0.0,-0.4672901188314852,-52.216554486379536,0.4528739707087726,1
448,2.12224375917768,Participant3_LS_SlSl,Endomorph,Normal,slouch,1.0,0.0,0.0,-0.5085188032068831,-51.80893021137337,0.4454451147585433,1
449,2.126980910425844,Participant3_LS_SlSl,Endomorph,Normal,slouch,1.0,0.0,0.0,-0.4540639148405336,-51.984677883154646,0.451279732675141,1
450,2.131718061674009,Participant3_LS_SlSl,Endomorph,Normal,slouch,1.0,0.0,0.0,-0.4972591050514033,-52.36671861439833,0.4536452858985595,1
451,2.136455212922173,Participant3_LS_SlSl,Endomorph,Normal,slouch,1.0,0.0,0.0,-0.4814584966067826,-52.393821610580645,0.4461071618146288,1
452,2.1411923641703376,Participant3_LS_SlSl,Endomorph,Normal,slouch,1.0,0.0,0.0,-0.5070922856241412,-52.09204404656267,0.4425364373862258,1
453,2.1459295154185023,Participant3_LS_SlSl,Endomorph,Normal,slouch,1.0,0.0,0.0,-0.5200762836848797,-52.22731096633415,0.4387044242758561,1
454,2.1506666666666665,Participant3_LS_SlSl,Endomorph,Normal,slouch,1.0,0.0,0.0,-0.4668218156264598,-52.21265250666404,0.4539652322340314,1
455,2.155403817914831,Participant3_LS_SlSl,Endomorph,Normal,slouch,1.0,0.0,0.0,-0.4831973723273303,-52.10629936883774,0.4413858699374314,1
456,2.160140969162996,Participant3_LS_SlSl,Endomorph,Normal,slouch,1.0,0.0,0.0,-0.4494802891994414,-51.74110227999256,0.4430704487974357,1
457,2.16487812041116,Participant3_LS_SlSl,Endomorph,Normal,slouch,1.0,0.0,0.0,-0.5024985110399595,-51.99804208817479,0.444142998833828,1
458,2.1696152716593247,Participant3_LS_SlSl,Endomorph,Normal,slouch,1.0,0.0,0.0,-0.5161600153022069,-52.68021241768185,0.449785833266466,1
459,2.174352422907489,Participant3_LS_SlSl,Endomorph,Normal,slouch,1.0,0.0,0.0,-0.4954989712638827,-52.11825487477289,0.4492561997533381,1
460,2.179089574155653,Participant3_LS_SlSl,Endomorph,Normal,slouch,1.0,0.0,0.0,-0.4997884941307191,-52.37164132160072,0.4563153774351266,1
461,2.1838267254038177,Participant3_LS_SlSl,Endomorph,Normal,slouch,1.0,0.0,0.0,-0.4552051155692228,-52.25104392784421,0.4539298241753957,1
462,2.1885638766519824,Participant3_LS_SlSl,Endomorph,Normal,slouch,1.0,0.0,0.0,-0.4914800426880783,-52.42602203384128,0.4536105344130953,1
463,2.1933010279001466,Participant3_LS_SlSl,Endomorph,Normal,slouch,1.0,0.0,0.0,-0.522507366857902,-51.92615086385453,0.4433444878277544,1
464,2.1980381791483112,Participant3_LS_SlSl,Endomorph,Normal,slouch,1.0,0.0,0.0,-0.4954500818416222,-52.04638476508693,0.4431512615942441,1
465,2.202775330396476,Participant3_LS_SlSl,Endomorph,Normal,slouch,1.0,0.0,0.0,-0.470312523850567,-52.02775388323703,0.4540397625753837,1
466,2.20751248164464,Participant3_LS_SlSl,Endomorph,Normal,slouch,1.0,0.0,0.0,-0.4711331397930216,-51.37932508991668,0.4445111664263739,1
467,2.2122496328928047,Participant3_LS_SlSl,Endomorph,Normal,slouch,1.0,0.0,0.0,-0.4907222116970198,-52.8890616264788,0.4647512533012331,1
468,2.216986784140969,Participant3_LS_SlSl,Endomorph,Normal,slouch,1.0,0.0,0.0,-0.4837185884635279,-52.2382654701572,0.4582679112053321,1
469,2.2217239353891336,Participant3_LS_SlSl,Endomorph,Normal,slouch,1.0,0.0,0.0,-0.4798147461699101,-52.68946175777607,0.4573092238539386,1
470,2.2264610866372982,Participant3_LS_SlSl,Endomorph,Normal,slouch,1.0,0.0,0.0,-0.4909871474334635,-53.40196359552314,0.4611506955938982,1
471,2.2311982378854625,Participant3_LS_SlSl,Endomorph,Normal,slouch,1.0,0.0,0.0,-0.4886653226125955,-53.06681658053012,0.4565923724369353,1
472,2.235935389133627,Participant3_LS_SlSl,Endomorph,Normal,slouch,1.0,0.0,0.0,-0.4624478403899469,-52.55971920715636,0.4498239814469236,1
473,2.2406725403817918,Participant3_LS_SlSl,Endomorph,Normal,slouch,1.0,0.0,0.0,-0.4839804663637431,-52.90513078831027,0.4523786192004356,1
474,2.245409691629956,Participant3_LS_SlSl,Endomorph,Normal,slouch,1.0,0.0,0.0,-0.4956122279680482,-52.85293849299255,0.4519057518158085,1
475,2.25014684287812,Participant3_LS_SlSl,Endomorph,Normal,slouch,1.0,0.0,0.0,-0.4853562273993033,-53.05044175526716,0.4618168997642374,1
476,2.254883994126285,Participant3_LS_SlSl,Endomorph,Normal,slouch,1.0,0.0,0.0,-0.4589432775315085,-52.81622532562249,0.456003833450243,1
477,2.259621145374449,Participant3_LS_SlSl,Endomorph,Normal,slouch,1.0,0.0,0.0,-0.4522583571090284,-52.2267755257728,0.4487547075575957,1
478,2.2643582966226137,Participant3_LS_SlSl,Endomorph,Normal,slouch,1.0,0.0,0.0,-0.4822085619925478,-52.26966171345341,0.4449154641824757,1
479,2.2690954478707783,Participant3_LS_SlSl,Endomorph,Normal,slouch,1.0,0.0,0.0,-0.5044089456398818,-51.779239809640025,0.4527527293314732,1
480,2.2738325991189425,Participant3_LS_SlSl,Endomorph,Normal,slouch,1.0,0.0,0.0,-0.4489995304828014,-52.04452292352332,0.4488490516831604,1
481,2.278569750367107,Participant3_LS_SlSl,Endomorph,Normal,slouch,1.0,0.0,0.0,-0.4780078836324311,-52.0772840567566,0.4497214848087518,1
482,2.283306901615272,Participant3_LS_SlSl,Endomorph,Normal,slouch,1.0,0.0,0.0,-0.4513040350411373,-52.338647906959714,0.4505666019317432,1
483,2.288044052863436,Participant3_LS_SlSl,Endomorph,Normal,slouch,1.0,0.0,0.0,-0.4929577414735473,-51.863369709043056,0.4457031656695303,1
484,2.2927812041116007,Participant3_LS_SlSl,Endomorph,Normal,slouch,1.0,0.0,0.0,-0.4754023632003824,-51.95002952069397,0.4410209608833498,1
485,2.297518355359765,Participant3_LS_SlSl,Endomorph,Normal,slouch,1.0,0.0,0.0,-0.4970473101811941,-51.966732746631614,0.4536277713339332,1
486,2.302255506607929,Participant3_LS_SlSl,Endomorph,Normal,slouch,1.0,0.0,0.0,-0.5343481025426379,-51.41667710148934,0.444189271711442,1
487,2.3069926578560938,Participant3_LS_SlSl,Endomorph,Normal,slouch,1.0,0.0,0.0,-0.5799678922322573,-52.13790320702312,0.4588342363487089,1
488,2.3117298091042584,Participant3_LS_SlSl,Endomorph,Normal,slouch,1.0,0.0,0.0,-0.5201369743890224,-51.6402462295348,0.4583900337131577,1
489,2.316466960352423,Participant3_LS_SlSl,Endomorph,Normal,slouch,1.0,0.0,0.0,-0.5571364538947763,-51.86355692917858,0.4584311720721146,1
490,2.3212041116005877,Participant3_LS_SlSl,Endomorph,Normal,slouch,1.0,0.0,0.0,-0.5427146649308245,-52.54453132668521,0.4517751397222264,1
491,2.325941262848752,Participant3_LS_SlSl,Endomorph,Normal,slouch,1.0,0.0,0.0,-0.5313856789218586,-51.87151273173542,0.4397230338153111,1
492,2.330678414096916,Participant3_LS_SlSl,Endomorph,Normal,slouch,1.0,0.0,0.0,-0.5453149318605025,-51.86525259346292,0.457597046498867,1
493,2.3354155653450808,Participant3_LS_SlSl,Endomorph,Normal,slouch,1.0,0.0,0.0,-0.5478241222571109,-51.80530240735903,0.4541748389198743,1
494,2.340152716593245,Participant3_LS_SlSl,Endomorph,Normal,slouch,1.0,0.0,0.0,-0.4843293430385517,-52.7826241748987,0.4573880950230521,1
495,2.3448898678414096,Participant3_LS_SlSl,Endomorph,Normal,slouch,1.0,0.0,0.0,-0.5309882253658179,-51.649111297829386,0.4550802589947756,1
496,2.3496270190895743,Participant3_LS_SlSl,Endomorph,Normal,slouch,1.0,0.0,0.0,-0.6148570991003448,-52.4783500565862,0.4457512698826704,1
497,2.3543641703377385,Participant3_LS_SlSl,Endomorph,Normal,slouch,1.0,0.0,0.0,-0.4558203476930824,-52.23772904889499,0.447622741266221,1
498,2.359101321585903,Participant3_LS_SlSl,Endomorph,Normal,slouch,1.0,0.0,0.0,-0.4449602364571802,-53.10248500185015,0.4567634818783836,1
499,2.363838472834068,Participant3_LS_SlSl,Endomorph,Normal,slouch,1.0,0.0,0.0,-0.4647823892843324,-53.27947244959951,0.4579603780547868,1
500,2.368575624082232,Participant3_LS_SlSl,Endomorph,Normal,slouch,1.0,0.0,0.0,-0.4655630734525612,-52.37617782736118,0.4450929144520504,1
501,2.3733127753303966,Participant3_LS_SlSl,Endomorph,Normal,slouch,1.0,0.0,0.0,-0.4500226440795507,-52.82540483152442,0.4557723752570145,1
502,2.378049926578561,Participant3_LS_SlSl,Endomorph,Normal,slouch,1.0,0.0,0.0,-0.5081426782012676,-53.28309378960166,0.4629740392050979,1
503,2.382787077826725,Participant3_LS_SlSl,Endomorph,Normal,slouch,1.0,0.0,0.0,-0.472072622325874,-51.63729316964624,0.4419442536125559,1
504,2.3875242290748897,Participant3_LS_SlSl,Endomorph,Normal,slouch,1.0,0.0,0.0,-0.4799349670514103,-52.22687069897408,0.4439102009792367,1
505,2.3922613803230544,Participant3_LS_SlSl,Endomorph,Normal,slouch,1.0,0.0,0.0,-0.4577479163303307,-51.17771029697021,0.4392459081108629,1
506,2.3969985315712186,Participant3_LS_SlSl,Endomorph,Normal,slouch,1.0,0.0,0.0,-0.5148018353104112,-53.177719082572864,0.4597828726254093,1
507,2.401735682819383,Participant3_LS_SlSl,Endomorph,Normal,slouch,1.0,0.0,0.0,-0.5324734138607217,-53.20574915142753,0.4592633800631104,1
508,2.406472834067548,Participant3_LS_SlSl,Endomorph,Normal,slouch,1.0,0.0,0.0,-0.4503777415704793,-52.65940146708112,0.4505168605992141,1
509,2.411209985315712,Participant3_LS_SlSl,Endomorph,Normal,slouch,1.0,0.0,0.0,-0.5301171265166189,-52.60094464087302,0.45176847893563,1
510,2.4159471365638767,Participant3_LS_SlSl,Endomorph,Normal,slouch,1.0,0.0,0.0,-0.475556584031138,-52.6309216277169,0.4442773674542091,1
511,2.420684287812041,Participant3_LS_SlSl,Endomorph,Normal,slouch,1.0,0.0,0.0,-0.460001773575215,-52.53860723793485,0.457597763517383,1
512,2.4254214390602056,Participant3_LS_SlSl,Endomorph,Normal,slouch,1.0,0.0,0.0,-0.4901957188033262,-52.71862160288921,0.457629140078547,1
513,2.43015859030837,Participant3_LS_SlSl,Endomorph,Normal,slouch,1.0,0.0,0.0,-0.4772259491966409,-52.5556450616405,0.4671521463322626,1
514,2.4348957415565344,Participant3_LS_SlSl,Endomorph,Normal,slouch,1.0,0.0,0.0,-0.4753568459495381,-52.3545688053806,0.4617718631915563,1
515,2.439632892804699,Participant3_LS_SlSl,Endomorph,Normal,slouch,1.0,0.0,0.0,-0.4888916186877799,-52.15754705242512,0.4596201287808434,1
516,2.4443700440528637,Participant3_LS_SlSl,Endomorph,Normal,slouch,1.0,0.0,0.0,-0.4747900618287223,-52.89951204672139,0.4626207917112434,1
517,2.449107195301028,Participant3_LS_SlSl,Endomorph,Normal,slouch,1.0,0.0,0.0,-0.4525116738353043,-52.301057366683416,0.4536779743801351,1
518,2.453844346549192,Participant3_LS_SlSl,Endomorph,Normal,slouch,1.0,0.0,0.0,-0.4689097790412955,-51.71554351724176,0.4441844421236397,1
519,2.458581497797357,Participant3_LS_SlSl,Endomorph,Normal,slouch,1.0,0.0,0.0,-0.506450774317623,-51.85528072466458,0.451806271399068,1
520,2.463318649045521,Participant3_LS_SlSl,Endomorph,Normal,slouch,1.0,0.0,0.0,-0.4718302103658961,-52.334955117169,0.450721068251055,1
521,2.4680558002936857,Participant3_LS_SlSl,Endomorph,Normal,slouch,1.0,0.0,0.0,-0.4757086508214649,-52.05791402644172,0.45166874539584,1
522,2.4727929515418503,Participant3_LS_SlSl,Endomorph,Normal,slouch,1.0,0.0,0.0,-0.4673294211126395,-52.75635573974731,0.4750244844932387,1
523,2.4775301027900145,Participant3_LS_SlSl,Endomorph,Normal,slouch,1.0,0.0,0.0,-0.4908118930001145,-52.29385686378686,0.4658222801556981,1
524,2.482267254038179,Participant3_LS_SlSl,Endomorph,Normal,slouch,1.0,0.0,0.0,-0.4652380760345305,-52.81071943166262,0.4695842167987726,1
525,2.487004405286344,Participant3_LS_SlSl,Endomorph,Normal,slouch,1.0,0.0,0.0,-0.4725500635205755,-51.74352751913071,0.4647250518353273,1
526,2.491741556534508,Participant3_LS_SlSl,Endomorph,Normal,slouch,1.0,0.0,0.0,-0.4654339543432566,-52.30487543477471,0.4538350463217219,1
527,2.4964787077826727,Participant3_LS_SlSl,Endomorph,Normal,slouch,1.0,0.0,0.0,-0.5240049774233921,-51.94642298233882,0.4573853795043167,1
528,2.501215859030837,Participant3_LS_SlSl,Endomorph,Normal,slouch,1.0,0.0,0.0,-0.4808492195494329,-52.116517341039646,0.452443628573289,1
529,2.505953010279001,Participant3_LS_SlSl,Endomorph,Normal,slouch,1.0,0.0,0.0,-0.5424382847819064,-51.6672837206909,0.4507944896390852,1
530,2.5106901615271657,Participant3_LS_SlSl,Endomorph,Normal,slouch,1.0,0.0,0.0,-0.5310000479591702,-51.96739187347321,0.4531178787349171,1
531,2.5154273127753304,Participant3_LS_SlSl,Endomorph,Normal,slouch,1.0,0.0,0.0,-0.4358413683408687,-52.40622925806501,0.4528214681440483,1
532,2.520164464023495,Participant3_LS_SlSl,Endomorph,Normal,slouch,1.0,0.0,0.0,-0.5619968557148733,-52.17987064246133,0.4474732964915681,1
533,2.5249016152716592,Participant3_LS_SlSl,Endomorph,Normal,slouch,1.0,0.0,0.0,-0.4657583295755374,-52.78152770516727,0.465810053170224,1
534,2.529638766519824,Participant3_LS_SlSl,Endomorph,Normal,slouch,1.0,0.0,0.0,-0.4494847474760707,-52.58503378406464,0.455915899105712,1
535,2.534375917767988,Participant3_LS_SlSl,Endomorph,Normal,slouch,1.0,0.0,0.0,-0.4768672727646253,-52.39839672787945,0.4503709374336937,1
536,2.5391130690161527,Participant3_LS_SlSl,Endomorph,Normal,slouch,1.0,0.0,0.0,-0.5184344089520443,-52.27125632138864,0.4518299026504863,1
537,2.543850220264317,Participant3_LS_SlSl,Endomorph,Normal,slouch,1.0,0.0,0.0,-0.4609397556888606,-52.695990811183606,0.4579835539859279,1
538,2.5485873715124816,Participant3_LS_SlSl,Endomorph,Normal,slouch,1.0,0.0,0.0,-0.48117177488855,-52.62338525115652,0.4597585198715035,1
539,2.5533245227606463,Participant3_LS_SlSl,Endomorph,Normal,slouch,1.0,0.0,0.0,-0.4447043808722186,-52.41009912410168,0.4547620556895614,1
540,2.5580616740088105,Participant3_LS_SlSl,Endomorph,Normal,slouch,1.0,0.0,0.0,-0.4524944396374881,-52.61995403278913,0.4558629087181834,1
541,2.562798825256975,Participant3_LS_SlSl,Endomorph,Normal,slouch,1.0,0.0,0.0,-0.4406738594129168,-52.62049376793176,0.4556941229079174,1
542,2.5675359765051398,Participant3_LS_SlSl,Endomorph,Normal,slouch,1.0,0.0,0.0,-0.467927866100709,-51.665546022024905,0.4503936595016712,1
543,2.572273127753304,Participant3_LS_SlSl,Endomorph,Normal,slouch,1.0,0.0,0.0,-0.4977956224877121,-52.26917480235792,0.4562630409784921,1
544,2.577010279001468,Participant3_LS_SlSl,Endomorph,Normal,slouch,1.0,0.0,0.0,-0.4779266351868936,-51.54180436772908,0.4640143731087979,1
545,2.581747430249633,Participant3_LS_SlSl,Endomorph,Normal,slouch,1.0,0.0,0.0,-0.4756628614636619,-51.725682720513454,0.4515778255721946,1
546,2.586484581497797,Participant3_LS_SlSl,Endomorph,Normal,slouch,1.0,0.0,0.0,-0.4821816916060106,-51.90932569258854,0.4622414174398519,1
547,2.5912217327459617,Participant3_LS_SlSl,Endomorph,Normal,slouch,1.0,0.0,0.0,-0.4728017106534926,-52.12169593968911,0.4657094112840625,1
548,2.5959588839941263,Participant3_LS_SlSl,Endomorph,Normal,slouch,1.0,0.0,0.0,-0.4762724513292633,-52.60349246313176,0.4682426940085666,1
549,2.6006960352422905,Participant3_LS_SlSl,Endomorph,Normal,slouch,1.0,0.0,0.0,-0.4760458718598164,-51.68256914531951,0.4578052366804788,1
550,2.605433186490455,Participant3_LS_SlSl,Endomorph,Normal,slouch,1.0,0.0,0.0,-0.5352551229782415,-51.87982301156538,0.4634814551699541,1
551,2.61017033773862,Participant3_LS_SlSl,Endomorph,Normal,slouch,1.0,0.0,0.0,-0.4564989627437683,-52.14278594313606,0.4701224949927922,1
552,2.614907488986784,Participant3_LS_SlSl,Endomorph,Normal,slouch,1.0,0.0,0.0,-0.467827979980905,-52.81436058070202,0.4800361476551616,1
553,2.6196446402349487,Participant3_LS_SlSl,Endomorph,Normal,slouch,1.0,0.0,0.0,-0.5037410768183378,-51.73241045669936,0.468641090112579,1
554,2.624381791483113,Participant3_LS_SlSl,Endomorph,Normal,slouch,1.0,0.0,0.0,-0.4871221401113493,-52.32693231540185,0.4770480725149996,1
555,2.6291189427312776,Participant3_LS_SlSl,Endomorph,Normal,slouch,1.0,0.0,0.0,-0.5214607840731973,-52.108543232705216,0.4645156599008584,1
556,2.6338560939794418,Participant3_LS_SlSl,Endomorph,Normal,slouch,1.0,0.0,0.0,-0.4954913475425692,-51.656608949995054,0.4596973500159089,1
557,2.6385932452276064,Participant3_LS_SlSl,Endomorph,Normal,slouch,1.0,0.0,0.0,-0.4430067975675706,-52.23611381069083,0.45431816512393,1
558,2.643330396475771,Participant3_LS_SlSl,Endomorph,Normal,slouch,1.0,0.0,0.0,-0.4619171128281235,-52.480104785996325,0.4529032150219516,1
559,2.6480675477239357,Participant3_LS_SlSl,Endomorph,Normal,slouch,1.0,0.0,0.0,-0.4760386315351966,-52.24007448469655,0.4469353773564696,1
560,2.6528046989721,Participant3_LS_SlSl,Endomorph,Normal,slouch,1.0,0.0,0.0,-0.4598730561307038,-51.80223372907108,0.4533254043912281,1
561,2.657541850220264,Participant3_LS_SlSl,Endomorph,Normal,slouch,1.0,0.0,0.0,-0.467536580265554,-52.07437309786133,0.4526854534718122,1
562,2.6622790014684288,Participant3_LS_SlSl,Endomorph,Normal,slouch,1.0,0.0,0.0,-0.4447271511547847,-51.74954987246132,0.4459580275269898,1
563,2.667016152716593,Participant3_LS_SlSl,Endomorph,Normal,slouch,1.0,0.0,0.0,-0.4471884585618605,-52.20517477956216,0.4509933718443407,1
564,2.6717533039647576,Participant3_LS_SlSl,Endomorph,Normal,slouch,1.0,0.0,0.0,-0.4911338344839995,-52.51519751994339,0.4542802619122456,1
565,2.6764904552129223,Participant3_LS_SlSl,Endomorph,Normal,slouch,1.0,0.0,0.0,-0.4741074100103087,-51.95070140074095,0.4663323309890007,1
566,2.6812276064610865,Participant3_LS_SlSl,Endomorph,Normal,slouch,1.0,0.0,0.0,-0.4913640454569313,-51.19697577026649,0.4647226484859046,1
567,2.685964757709251,Participant3_LS_SlSl,Endomorph,Normal,slouch,1.0,0.0,0.0,-0.5012646795510372,-49.74798339208513,0.4607952429551702,1
568,2.690701908957416,Participant3_LS_SlSl,Endomorph,Normal,slouch,1.0,0.0,0.0,-0.4798266233545945,-50.92358115210677,0.4536246195880249,1
569,2.69543906020558,Participant3_LS_SlSl,Endomorph,Normal,slouch,1.0,0.0,0.0,-0.4780289354339146,-51.426808849680015,0.4465580436337231,1
570,2.7001762114537446,Participant3_LS_SlSl,Endomorph,Normal,slouch,1.0,0.0,0.0,-0.5150101457912553,-51.09235862409043,0.4542275616171024,1
571,2.704913362701909,Participant3_LS_SlSl,Endomorph,Normal,slouch,1.0,0.0,0.0,-0.4828546223360985,-51.64667329693954,0.4574252178537549,1
572,2.709650513950073,Participant3_LS_SlSl,Endomorph,Normal,slouch,1.0,0.0,0.0,-0.4992858704223254,-51.108361627589154,0.460099126979513,1
573,2.7143876651982377,Participant3_LS_SlSl,Endomorph,Normal,slouch,1.0,0.0,0.0,-0.5329432215079241,-51.3781170336678,0.4633322997456293,1
574,2.7191248164464024,Participant3_LS_SlSl,Endomorph,Normal,slouch,1.0,0.0,0.0,-0.6034620744364267,-51.97677509253595,0.4728580344991799,1
575,2.7238619676945666,Participant3_LS_SlSl,Endomorph,Normal,slouch,1.0,0.0,0.0,-0.5884824341536243,-52.14883916370761,0.4688838542914668,1
576,2.728599118942731,Participant3_LS_SlSl,Endomorph,Normal,slouch,1.0,0.0,0.0,-0.5350393181134881,-51.478858120292,0.4662938223473076,1
577,2.733336270190896,Participant3_LS_SlSl,Endomorph,Normal,slouch,1.0,0.0,0.0,-0.5037466454837498,-51.60056622173484,0.4661983800205709,1
578,2.73807342143906,Participant3_LS_SlSl,Endomorph,Normal,slouch,1.0,0.0,0.0,-0.4941174539305066,-51.43031379439547,0.4648453862753481,1
579,2.7428105726872247,Participant3_LS_SlSl,Endomorph,Normal,slouch,1.0,0.0,0.0,-0.4970214601090471,-51.40364188957033,0.4572027677054913,1
580,2.747547723935389,Participant3_LS_SlSl,Endomorph,Normal,slouch,1.0,0.0,0.0,-0.5045258857662465,-51.16832659143388,0.4470564866179886,1
581,2.7522848751835536,Participant3_LS_SlSl,Endomorph,Normal,slouch,1.0,0.0,0.0,-0.57179034199449,-51.600523143524896,0.4501790292031706,1
582,2.7570220264317182,Participant3_LS_SlSl,Endomorph,Normal,slouch,1.0,0.0,0.0,-0.4833085655327797,-51.76547951569088,0.4512742254972146,1
583,2.7617591776798824,Participant3_LS_SlSl,Endomorph,Normal,slouch,1.0,0.0,0.0,-0.5198520825285395,-51.93436039510672,0.4492633199146621,1
584,2.766496328928047,Participant3_LS_SlSl,Endomorph,Normal,slouch,1.0,0.0,0.0,-0.5154285307750269,-51.74494038443083,0.4523929821234813,1
585,2.7712334801762117,Participant3_LS_SlSl,Endomorph,Normal,slouch,1.0,0.0,0.0,-0.5467138202978874,-52.07733124443583,0.4514592553661772,1
586,2.775970631424376,Participant3_LS_SlSl,Endomorph,Normal,slouch,1.0,0.0,0.0,-0.5428537086100308,-51.96934632866531,0.4559737626511581,1
587,2.78070778267254,Participant3_LS_SlSl,Endomorph,Normal,slouch,1.0,0.0,0.0,-0.4563735051052522,-52.24697841339803,0.4481046402467517,1
588,2.785444933920705,Participant3_LS_SlSl,Endomorph,Normal,slouch,1.0,0.0,0.0,-0.4723291870045082,-52.2474710661,0.4471291187063843,1
589,2.790182085168869,Participant3_LS_SlSl,Endomorph,Normal,slouch,1.0,0.0,0.0,-0.4885049122053636,-51.373913692011065,0.4446994833642781,1
590,2.7949192364170337,Participant3_LS_SlSl,Endomorph,Normal,slouch,1.0,0.0,0.0,-0.5513185566233901,-51.37392387835463,0.4549940766025905,1
591,2.7996563876651983,Participant3_LS_SlSl,Endomorph,Normal,slouch,1.0,0.0,0.0,-0.4813988483646958,-51.90813107016302,0.4524066599132285,1
592,2.8043935389133625,Participant3_LS_SlSl,Endomorph,Normal,slouch,1.0,0.0,0.0,-0.474717206770286,-52.65608433938137,0.4499542987699368,1
593,2.809130690161527,Participant3_LS_SlSl,Endomorph,Normal,slouch,1.0,0.0,0.0,-0.4884650776145918,-52.57289486792245,0.4628987467068053,1
594,2.813867841409692,Participant3_LS_SlSl,Endomorph,Normal,slouch,1.0,0.0,0.0,-0.5094446576007077,-51.23088060540638,0.4485148787687669,1
595,2.818604992657856,Participant3_LS_SlSl,Endomorph,Normal,slouch,1.0,0.0,0.0,-0.5258998015993445,-51.48978664549283,0.4563918939714002,1
596,2.8233421439060207,Participant3_LS_SlSl,Endomorph,Normal,slouch,1.0,0.0,0.0,-0.5994050035802905,-51.533163439225135,0.4527566118965935,1
597,2.828079295154185,Participant3_LS_SlSl,Endomorph,Normal,slouch,1.0,0.0,0.0,-0.5668601538554601,-51.70089134777695,0.4610038661401588,1
598,2.832816446402349,Participant3_LS_SlSl,Endomorph,Normal,slouch,1.0,0.0,0.0,-0.5579413479652497,-51.71153511132695,0.4647622955708168,1
599,2.8375535976505137,Participant3_LS_SlSl,Endomorph,Normal,slouch,1.0,0.0,0.0,-0.5357730184061766,-51.59607547206876,0.4605351908317152,1
600,2.8422907488986784,Participant3_LS_SlSl,Endomorph,Normal,slouch,1.0,0.0,0.0,-0.5384515288558926,-51.044330002988914,0.4587726051433397,1
601,2.847027900146843,Participant3_LS_SlSl,Endomorph,Normal,slouch,1.0,0.0,0.0,-0.5033497631499635,-51.58826222013992,0.4563517196412434,1
602,2.8517650513950072,Participant3_LS_SlSl,Endomorph,Normal,slouch,1.0,0.0,0.0,-0.5243626610354507,-51.06402627015204,0.4659249611942355,1
603,2.856502202643172,Participant3_LS_SlSl,Endomorph,Normal,slouch,1.0,0.0,0.0,-0.5087090004019321,-51.04840297006581,0.4636895344249736,1
604,2.861239353891336,Participant3_LS_SlSl,Endomorph,Normal,slouch,1.0,0.0,0.0,-0.5102084970810946,-52.40395498456669,0.4597698251783854,1
605,2.8659765051395008,Participant3_LS_SlSl,Endomorph,Normal,slouch,1.0,0.0,0.0,-0.525303506759072,-51.68555082059819,0.4662312547949239,1
606,2.870713656387665,Participant3_LS_SlSl,Endomorph,Normal,slouch,1.0,0.0,0.0,-0.5632020435651914,-51.92749514311574,0.4692713452892889,1
607,2.8754508076358296,Participant3_LS_SlSl,Endomorph,Normal,slouch,1.0,0.0,0.0,-0.5021051443320563,-51.95907982382281,0.4632002421366734,1
608,2.8801879588839943,Participant3_LS_SlSl,Endomorph,Normal,slouch,1.0,0.0,0.0,-0.4962206575297123,-51.79058166513734,0.4593753651352962,1
609,2.8849251101321585,Participant3_LS_SlSl,Endomorph,Normal,slouch,1.0,0.0,0.0,-0.5067456150360835,-51.705569801532754,0.4598589310833582,1
610,2.889662261380323,Participant3_LS_SlSl,Endomorph,Normal,slouch,1.0,0.0,0.0,-0.5232231977011796,-51.738654464234514,0.4545494868282611,1
611,2.8943994126284878,Participant3_LS_SlSl,Endomorph,Normal,slouch,1.0,0.0,0.0,-0.5331969457251158,-52.228341380279176,0.4601984556881877,1
612,2.899136563876652,Participant3_LS_SlSl,Endomorph,Normal,slouch,1.0,0.0,0.0,-0.4989289442383957,-51.73310827526714,0.4586896682617746,1
613,2.903873715124816,Participant3_LS_SlSl,Endomorph,Normal,slouch,1.0,0.0,0.0,-0.4916016976155227,-51.615182757541206,0.4573378868667204,1
614,2.908610866372981,Participant3_LS_SlSl,Endomorph,Normal,slouch,1.0,0.0,0.0,-0.5189686280926932,-50.51490672475735,0.4698739693329365,1
615,2.913348017621145,Participant3_LS_SlSl,Endomorph,Normal,slouch,1.0,0.0,0.0,-0.4952735528233719,-52.32170653165903,0.4472480196413845,1
616,2.9180851688693097,Participant3_LS_SlSl,Endomorph,Normal,slouch,1.0,0.0,0.0,-0.5508875960135939,-52.18444565599716,0.4628723334348095,1
617,2.9228223201174743,Participant3_LS_SlSl,Endomorph,Normal,slouch,1.0,0.0,0.0,-0.5371826960043182,-51.58178035728698,0.4652630590013242,1
618,2.9275594713656385,Participant3_LS_SlSl,Endomorph,Normal,slouch,1.0,0.0,0.0,-0.5634665582339099,-51.43438286883362,0.4566587091315274,1
619,2.932296622613803,Participant3_LS_SlSl,Endomorph,Normal,slouch,1.0,0.0,0.0,-0.4985764357427583,-52.57157839520086,0.4698687124474486,1
620,2.937033773861968,Participant3_LS_SlSl,Endomorph,Normal,slouch,1.0,0.0,0.0,-0.4961618174661504,-51.85868288901274,0.4589073551323907,1
621,2.941770925110132,Participant3_LS_SlSl,Endomorph,Normal,slouch,1.0,0.0,0.0,-0.4962546333216989,-51.06905962948728,0.4631463751785754,1
622,2.9465080763582967,Participant3_LS_SlSl,Endomorph,Normal,slouch,1.0,0.0,0.0,-0.4968133212103337,-51.81924190797288,0.4594464045232388,1
623,2.951245227606461,Participant3_LS_SlSl,Endomorph,Normal,slouch,1.0,0.0,0.0,-0.5122678243700637,-51.43091270985512,0.4574037311083467,1
624,2.9559823788546256,Participant3_LS_SlSl,Endomorph,Normal,slouch,1.0,0.0,0.0,-0.4914849904604599,-51.58345805541381,0.4585372565484634,1
625,2.9607195301027898,Participant3_LS_SlSl,Endomorph,Normal,slouch,1.0,0.0,0.0,-0.485235487575114,-52.46315748410249,0.4606352943832774,1
626,2.9654566813509544,Participant3_LS_SlSl,Endomorph,Normal,slouch,1.0,0.0,0.0,-0.5126901378593238,-52.89874354457366,0.4629054134646655,1
627,2.970193832599119,Participant3_LS_SlSl,Endomorph,Normal,slouch,1.0,0.0,0.0,-0.5293112069323426,-51.39522835105963,0.4527864329568477,1
628,2.9749309838472837,Participant3_LS_SlSl,Endomorph,Normal,slouch,1.0,0.0,0.0,-0.4815256504651095,-52.44962139479691,0.4561779746843212,1
629,2.979668135095448,Participant3_LS_SlSl,Endomorph,Normal,slouch,1.0,0.0,0.0,-0.488413677614074,-52.13742340272116,0.4611398485505364,1
630,2.984405286343612,Participant3_LS_SlSl,Endomorph,Normal,slouch,1.0,0.0,0.0,-0.5057445407939153,-51.4073641357546,0.4568997758793782,1
631,2.989142437591777,Participant3_LS_SlSl,Endomorph,Normal,slouch,1.0,0.0,0.0,-0.5149970094443885,-52.10294513814709,0.4548408554240788,1
632,2.993879588839941,Participant3_LS_SlSl,Endomorph,Normal,slouch,1.0,0.0,0.0,-0.4989059346392364,-51.8371141287857,0.4586322691484701,1
633,2.9986167400881056,Participant3_LS_SlSl,Endomorph,Normal,slouch,1.0,0.0,0.0,-0.5077606219764208,-52.0931389322632,0.4489568878286237,1
634,3.0033538913362703,Participant3_LS_SlSl,Endomorph,Normal,slouch,1.0,0.0,0.0,-0.4998154166911783,-52.06054124792996,0.4496516519609352,1
635,3.0080910425844345,Participant3_LS_SlSl,Endomorph,Normal,slouch,1.0,0.0,0.0,-0.4725469524230885,-52.02873210117123,0.4603592177036471,1
636,3.012828193832599,Participant3_LS_SlSl,Endomorph,Normal,slouch,1.0,0.0,0.0,-0.499220412985941,-51.91896142946297,0.4597875896471144,1
637,3.017565345080764,Participant3_LS_SlSl,Endomorph,Normal,slouch,1.0,0.0,0.0,-0.4666080293829664,-51.66111563571216,0.4526129809470894,1
638,3.022302496328928,Participant3_LS_SlSl,Endomorph,Normal,slouch,1.0,0.0,0.0,-0.4613960886084348,-52.1231052685505,0.4580967117724546,1
639,3.0270396475770927,Participant3_LS_SlSl,Endomorph,Normal,slouch,1.0,0.0,0.0,-0.4760771409464129,-51.76553862893768,0.4481430423197365,1
640,3.031776798825257,Participant3_LS_SlSl,Endomorph,Normal,slouch,1.0,0.0,0.0,-0.4887496714937769,-52.400827905295024,0.4546821663160988,1
641,3.036513950073421,Participant3_LS_SlSl,Endomorph,Normal,slouch,1.0,0.0,0.0,-0.490933107391182,-52.24951032625776,0.4623527571850644,1
642,3.0412511013215857,Participant3_LS_SlSl,Endomorph,Normal,slouch,1.0,0.0,0.0,-0.4852502811259476,-52.11146337950763,0.4485412687149193,1
643,3.0459882525697504,Participant3_LS_SlSl,Endomorph,Normal,slouch,1.0,0.0,0.0,-0.4675845704883599,-52.21517717576971,0.4489666371053243,1
644,3.0507254038179146,Participant3_LS_SlSl,Endomorph,Normal,slouch,1.0,0.0,0.0,-0.4835175917709173,-51.9802996893325,0.4458198615366119,1
645,3.0554625550660792,Participant3_LS_SlSl,Endomorph,Normal,slouch,1.0,0.0,0.0,-0.4833529897015165,-52.02537424339563,0.4572113138683446,1
646,3.060199706314244,Participant3_LS_SlSl,Endomorph,Normal,slouch,1.0,0.0,0.0,-0.5200486790150788,-51.53220822264745,0.4566701082332289,1
647,3.064936857562408,Participant3_LS_SlSl,Endomorph,Normal,slouch,1.0,0.0,0.0,-0.4737754108820929,-51.91092836204372,0.4580279996108548,1
648,3.0696740088105727,Participant3_LS_SlSl,Endomorph,Normal,slouch,1.0,0.0,0.0,-0.4442526813207252,-52.92036331778823,0.4535008152955788,1
649,3.074411160058737,Participant3_LS_SlSl,Endomorph,Normal,slouch,1.0,0.0,0.0,-0.4806997154270525,-52.38304648675055,0.4459974734578053,1
650,3.0791483113069016,Participant3_LS_SlSl,Endomorph,Normal,slouch,1.0,0.0,0.0,-0.4940175284235424,-52.14991175665828,0.4527950194689818,1
651,3.0838854625550662,Participant3_LS_SlSl,Endomorph,Normal,slouch,1.0,0.0,0.0,-0.4900659007562984,-51.989415839099806,0.4558014130787474,1
652,3.0886226138032304,Participant3_LS_SlSl,Endomorph,Normal,slouch,1.0,0.0,0.0,-0.4837626729689812,-52.31883615023571,0.4640975624155349,1
653,3.093359765051395,Participant3_LS_SlSl,Endomorph,Normal,slouch,1.0,0.0,0.0,-0.5064242300634973,-51.858590414389774,0.4637279235924529,1
654,3.0980969162995597,Participant3_LS_SlSl,Endomorph,Normal,slouch,1.0,0.0,0.0,-0.5113425162043723,-53.03329032262303,0.4535786558200003,1
655,3.102834067547724,Participant3_LS_SlSl,Endomorph,Normal,slouch,1.0,0.0,0.0,-0.5197193550907816,-52.36497709599504,0.4684240137857711,1
656,3.107571218795888,Participant3_LS_SlSl,Endomorph,Normal,slouch,1.0,0.0,0.0,-0.5021597810522584,-52.32667048382536,0.4715237436328936,1
657,3.112308370044053,Participant3_LS_SlSl,Endomorph,Normal,slouch,1.0,0.0,0.0,-0.5167852859555566,-51.92215865620664,0.4618547737631869,1
658,3.117045521292217,Participant3_LS_SlSl,Endomorph,Normal,slouch,1.0,0.0,0.0,-0.4840070287253812,-52.21732157681613,0.4587785244066416,1
659,3.1217826725403817,Participant3_LS_SlSl,Endomorph,Normal,slouch,1.0,0.0,0.0,-0.4811142491087691,-51.48240840410407,0.4644158555632021,1
660,3.1265198237885463,Participant3_LS_SlSl,Endomorph,Normal,slouch,1.0,0.0,0.0,-0.4703439164244457,-51.49026105569874,0.4662172457306852,1
661,3.1312569750367105,Participant3_LS_SlSl,Endomorph,Normal,slouch,1.0,0.0,0.0,-0.4668476184644641,-51.51894462757557,0.46076580352035,1
662,3.135994126284875,Participant3_LS_SlSl,Endomorph,Normal,slouch,1.0,0.0,0.0,-0.4844867713706573,-51.54766088232431,0.4467792312821464,1
663,3.1407312775330394,Participant3_LS_SlSl,Endomorph,Normal,slouch,1.0,0.0,0.0,-0.5083402780378077,-51.39415172083584,0.4546246845051567,1
664,3.145468428781204,Participant3_LS_SlSl,Endomorph,Normal,slouch,1.0,0.0,0.0,-0.5084716020308004,-51.45720021700915,0.4652884403381386,1
665,3.1502055800293687,Participant3_LS_SlSl,Endomorph,Normal,slouch,1.0,0.0,0.0,-0.5083663963280962,-51.75937703754072,0.4632453420396573,1
666,3.154942731277533,Participant3_LS_SlSl,Endomorph,Normal,slouch,1.0,0.0,0.0,-0.5180170496575781,-50.7393151070539,0.4570821279077787,1
667,3.159679882525697,Participant3_LS_SlSl,Endomorph,Normal,slouch,1.0,0.0,0.0,-0.5293781095770949,-51.45426843684892,0.4631672523601919,1
668,3.1644170337738617,Participant3_LS_SlSl,Endomorph,Normal,slouch,1.0,0.0,0.0,-0.5238200907820754,-51.430530245509686,0.4594101472762303,1
669,3.1691541850220264,Participant3_LS_SlSl,Endomorph,Normal,slouch,1.0,0.0,0.0,-0.5115743435580574,-50.92749174524842,0.4584176649521256,1
670,3.173891336270191,Participant3_LS_SlSl,Endomorph,Normal,slouch,1.0,0.0,0.0,-0.4834000309924,-51.29028526008606,0.4628638814477748,1
671,3.1786284875183557,Participant3_LS_SlSl,Endomorph,Normal,slouch,1.0,0.0,0.0,-0.4874031055498278,-51.75511027705627,0.4595946929249882,1
672,3.18336563876652,Participant3_LS_SlSl,Endomorph,Normal,slouch,1.0,0.0,0.0,-0.5198460646398558,-50.92053107020961,0.4508334802062689,1
673,3.188102790014684,Participant3_LS_SlSl,Endomorph,Normal,slouch,1.0,0.0,0.0,-0.5113763394654663,-51.175231618898565,0.4535219686859126,1
674,3.1928399412628488,Participant3_LS_SlSl,Endomorph,Normal,slouch,1.0,0.0,0.0,-0.4886612694388701,-52.44537829619158,0.4464444197065254,1
675,3.197577092511013,Participant3_LS_SlSl,Endomorph,Normal,slouch,1.0,0.0,0.0,-0.4943575586377787,-52.99436895600672,0.4522816615627866,1
676,3.2023142437591776,Participant3_LS_SlSl,Endomorph,Normal,slouch,1.0,0.0,0.0,-0.5000475456597048,-51.98398835945514,0.4572076370562824,1
677,3.2070513950073423,Participant3_LS_SlSl,Endomorph,Normal,slouch,1.0,0.0,0.0,-0.5053640269409514,-51.795173545959166,0.4613678654256131,1
678,3.2117885462555065,Participant3_LS_SlSl,Endomorph,Normal,slouch,1.0,0.0,0.0,-0.5239508378751434,-51.15582972701941,0.4530998209185061,1
679,3.216525697503671,Participant3_LS_SlSl,Endomorph,Normal,slouch,1.0,0.0,0.0,-0.5083370185014229,-51.15887193955771,0.4579570173661093,1
680,3.2212628487518358,Participant3_LS_SlSl,Endomorph,Normal,slouch,1.0,0.0,0.0,-0.4794957632060412,-51.46010312068196,0.4503279880367705,1
681,3.226,Participant3_LS_SlSl,Endomorph,Normal,slouch,1.0,0.0,0.0,-0.5170889312035323,-50.93557441452572,0.4485219976601979,1
682,3.230737151248164,Participant3_LS_SlSl,Endomorph,Normal,slouch,1.0,0.0,0.0,-0.4914376016579312,-51.11325140432881,0.4509877352848909,1
683,3.235474302496329,Participant3_LS_SlSl,Endomorph,Normal,slouch,1.0,0.0,0.0,-0.4857484742208123,-51.5752805558128,0.4393319340968886,1
684,3.240211453744493,Participant3_LS_SlSl,Endomorph,Normal,slouch,1.0,0.0,0.0,-0.5135745601139121,-52.03949855058937,0.4493494444917738,1
685,3.2449486049926577,Participant3_LS_SlSl,Endomorph,Normal,slouch,1.0,0.0,0.0,-0.4713615390971456,-52.01709682296794,0.4424983354817422,1
686,3.2496857562408223,Participant3_LS_SlSl,Endomorph,Normal,slouch,1.0,0.0,0.0,-0.4935310421140372,-53.1636308177049,0.4516031469544465,1
687,3.2544229074889865,Participant3_LS_SlSl,Endomorph,Normal,slouch,1.0,0.0,0.0,-0.4945584702054224,-51.4744114500989,0.453395558648038,1
688,3.259160058737151,Participant3_LS_SlSl,Endomorph,Normal,slouch,1.0,0.0,0.0,-0.5097638590662584,-50.340022664316855,0.4451273154905638,1
689,3.263897209985316,Participant3_LS_SlSl,Endomorph,Normal,slouch,1.0,0.0,0.0,-0.502259903191404,-52.22576641485428,0.4540030489569168,1
690,3.26863436123348,Participant3_LS_SlSl,Endomorph,Normal,slouch,1.0,0.0,0.0,-0.5230560059527929,-51.66702254730136,0.4522353715321898,1
691,3.2733715124816447,Participant3_LS_SlSl,Endomorph,Normal,slouch,1.0,0.0,0.0,-0.4859717188192747,-51.18017762618408,0.4495616537953664,1
692,3.278108663729809,Participant3_LS_SlSl,Endomorph,Normal,slouch,1.0,0.0,0.0,-0.5066904383219618,-51.8306026767572,0.4526913687467857,1
693,3.2828458149779736,Participant3_LS_SlSl,Endomorph,Normal,slouch,1.0,0.0,0.0,-0.4551643285219764,-52.53899449187419,0.4635362117029161,1
694,3.2875829662261378,Participant3_LS_SlSl,Endomorph,Normal,slouch,1.0,0.0,0.0,-0.4971797917641271,-52.228143395565525,0.4642469405155989,1
695,3.2923201174743024,Participant3_LS_SlSl,Endomorph,Normal,slouch,1.0,0.0,0.0,-0.4991650357455542,-51.605653930517406,0.4624167828408529,1
696,3.297057268722467,Participant3_LS_SlSl,Endomorph,Normal,slouch,1.0,0.0,0.0,-0.5122305694817142,-51.6524386509702,0.4612659755764425,1
697,3.3017944199706317,Participant3_LS_SlSl,Endomorph,Normal,slouch,1.0,0.0,0.0,-0.4979221316014343,-52.19993302280962,0.4703062341196385,1
698,3.306531571218796,Participant3_LS_SlSl,Endomorph,Normal,slouch,1.0,0.0,0.0,-0.5340392923428418,-51.6616973911244,0.459751827006247,1
699,3.31126872246696,Participant3_LS_SlSl,Endomorph,Normal,slouch,1.0,0.0,0.0,-0.4918139755319198,-52.12704164360245,0.464522571882517,1
700,3.316005873715125,Participant3_LS_SlSl,Endomorph,Normal,slouch,1.0,0.0,0.0,-0.4914450791606233,-52.51303454056764,0.4597311245421476,1
701,3.320743024963289,Participant3_LS_SlSl,Endomorph,Normal,slouch,1.0,0.0,0.0,-0.5209172695785451,-52.51913933045452,0.4600379125933709,1
702,3.3254801762114536,Participant3_LS_SlSl,Endomorph,Normal,slouch,1.0,0.0,0.0,-0.504204700434163,-51.4582137987652,0.4572474739298691,1
703,3.3302173274596183,Participant3_LS_SlSl,Endomorph,Normal,slouch,1.0,0.0,0.0,-0.5110478184434833,-50.61718033607991,0.4494292259951066,1
704,3.3349544787077825,Participant3_LS_SlSl,Endomorph,Normal,slouch,1.0,0.0,0.0,-0.5270231245538823,-50.14911415037655,0.4520135701451613,1
705,3.339691629955947,Participant3_LS_SlSl,Endomorph,Normal,slouch,1.0,0.0,0.0,-0.5364836907064072,-49.90321948596687,0.4587407082382781,1
706,3.344428781204112,Participant3_LS_SlSl,Endomorph,Normal,slouch,1.0,0.0,0.0,-0.4844986475621642,-51.03617988503924,0.4487723259807561,1
707,3.349165932452276,Participant3_LS_SlSl,Endomorph,Normal,slouch,1.0,0.0,0.0,-0.506916099039796,-52.01671056519656,0.4608128830635384,1
708,3.3539030837004407,Participant3_LS_SlSl,Endomorph,Normal,slouch,1.0,0.0,0.0,-0.506011307831712,-51.12503301233666,0.459574015120512,1
709,3.358640234948605,Participant3_LS_SlSl,Endomorph,Normal,slouch,1.0,0.0,0.0,-0.5186171798911331,-51.00452586517487,0.4622115105216279,1
710,3.363377386196769,Participant3_LS_SlSl,Endomorph,Normal,slouch,1.0,0.0,0.0,-0.5041053585340443,-50.453838803003535,0.4542833306163955,1
711,3.3681145374449337,Participant3_LS_SlSl,Endomorph,Normal,slouch,1.0,0.0,0.0,-0.5268442101323433,-51.00402669756436,0.466653726409323,1
712,3.3728516886930984,Participant3_LS_SlSl,Endomorph,Normal,slouch,1.0,0.0,0.0,-0.5269188887125211,-50.081296793344045,0.468211927537223,1
713,3.3775888399412626,Participant3_LS_SlSl,Endomorph,Normal,slouch,1.0,0.0,0.0,-0.5077750047501942,-50.73508050078157,0.4625410926543352,1
714,3.3823259911894272,Participant3_LS_SlSl,Endomorph,Normal,slouch,1.0,0.0,0.0,-0.5110228237191814,-50.28771001649667,0.4651905405490825,1
715,3.387063142437592,Participant3_LS_SlSl,Endomorph,Normal,slouch,1.0,0.0,0.0,-0.5133316847276753,-50.35019095099514,0.468874559798006,1
716,3.391800293685756,Participant3_LS_SlSl,Endomorph,Normal,slouch,1.0,0.0,0.0,-0.5085591627825605,-50.27076746139912,0.4656737636289873,1
717,3.3965374449339207,Participant3_LS_SlSl,Endomorph,Normal,slouch,1.0,0.0,0.0,-0.5498121481031704,-51.00032918458787,0.4644859578985326,1
718,3.401274596182085,Participant3_LS_SlSl,Endomorph,Normal,slouch,1.0,0.0,0.0,-0.5310705447412336,-50.93409056135258,0.4705530764543557,1
719,3.4060117474302496,Participant3_LS_SlSl,Endomorph,Normal,slouch,1.0,0.0,0.0,-0.5562130655759843,-51.04399250790427,0.4668610846574605,1
720,3.4107488986784142,Participant3_LS_SlSl,Endomorph,Normal,slouch,1.0,0.0,0.0,-0.513283341973908,-50.54982358542924,0.4660069854790294,1
721,3.4154860499265784,Participant3_LS_SlSl,Endomorph,Normal,slouch,1.0,0.0,0.0,-0.5722848550949604,-50.965479387556776,0.4810745584178132,1
722,3.420223201174743,Participant3_LS_SlSl,Endomorph,Normal,slouch,1.0,0.0,0.0,-0.5320432499744191,-51.049775211139504,0.4664125619382083,1
723,3.4249603524229078,Participant3_LS_SlSl,Endomorph,Normal,slouch,1.0,0.0,0.0,-0.509786640309035,-50.38268731653979,0.469864828503048,1
724,3.429697503671072,Participant3_LS_SlSl,Endomorph,Normal,slouch,1.0,0.0,0.0,-0.4975458003068895,-50.88051124099837,0.4717062683221008,1
725,3.434434654919236,Participant3_LS_SlSl,Endomorph,Normal,slouch,1.0,0.0,0.0,-0.5279321810731211,-51.30559164275783,0.4751007710040446,1
726,3.439171806167401,Participant3_LS_SlSl,Endomorph,Normal,slouch,1.0,0.0,0.0,-0.5070908134300354,-51.21560358227112,0.4689706921454331,1
727,3.443908957415565,Participant3_LS_SlSl,Endomorph,Normal,slouch,1.0,0.0,0.0,-0.5126480939937181,-51.88858699663278,0.4786898719126088,1
728,3.4486461086637297,Participant3_LS_SlSl,Endomorph,Normal,slouch,1.0,0.0,0.0,-0.5246258488261641,-50.63075852696374,0.4717981552262967,1
729,3.4533832599118943,Participant3_LS_SlSl,Endomorph,Normal,slouch,1.0,0.0,0.0,-0.514809430784499,-51.61761407494643,0.4758591697966706,1
730,3.4581204111600585,Participant3_LS_SlSl,Endomorph,Normal,slouch,1.0,0.0,0.0,-0.5067187371175642,-51.73158958015842,0.4799201843670446,1
731,3.462857562408223,Participant3_LS_SlSl,Endomorph,Normal,slouch,1.0,0.0,0.0,-0.5046876579737252,-51.46306336319865,0.4669697840085299,1
732,3.4675947136563874,Participant3_LS_SlSl,Endomorph,Normal,slouch,1.0,0.0,0.0,-0.5523338390402258,-51.2286877307376,0.4749158673171886,1
733,3.472331864904552,Participant3_LS_SlSl,Endomorph,Normal,slouch,1.0,0.0,0.0,-0.5143014902810535,-51.067177136791535,0.4671728324557112,1
734,3.4770690161527167,Participant3_LS_SlSl,Endomorph,Normal,slouch,1.0,0.0,0.0,-0.5340971346270819,-50.21813205911401,0.4662117654177545,1
735,3.481806167400881,Participant3_LS_SlSl,Endomorph,Normal,slouch,1.0,0.0,0.0,-0.5219377741985756,-50.734165155643566,0.4668673231873412,1
736,3.486543318649045,Participant3_LS_SlSl,Endomorph,Normal,slouch,1.0,0.0,0.0,-0.5368394235647718,-50.729239924561895,0.466014736258323,1
737,3.4912804698972097,Participant3_LS_SlSl,Endomorph,Normal,slouch,1.0,0.0,0.0,-0.5312877763222525,-50.82175284224831,0.4568787322056235,1
738,3.4960176211453744,Participant3_LS_SlSl,Endomorph,Normal,slouch,1.0,0.0,0.0,-0.5353063428846959,-50.00375138004849,0.4624169307875138,1
739,3.500754772393539,Participant3_LS_SlSl,Endomorph,Normal,slouch,1.0,0.0,0.0,-0.5272995281670778,-51.24511233692452,0.4720283961769272,1
740,3.5054919236417037,Participant3_LS_SlSl,Endomorph,Normal,slouch,1.0,0.0,0.0,-0.5347617018985658,-50.51373658351234,0.4640112067139171,1
741,3.510229074889868,Participant3_LS_SlSl,Endomorph,Normal,slouch,1.0,0.0,0.0,-0.5248738483158243,-50.467309197816256,0.4571406067866762,1
742,3.514966226138032,Participant3_LS_SlSl,Endomorph,Normal,slouch,1.0,0.0,0.0,-0.5267431298576023,-50.75431931697639,0.4597610403379281,1
743,3.5197033773861968,Participant3_LS_SlSl,Endomorph,Normal,slouch,1.0,0.0,0.0,-0.5077923240075677,-51.06468219492335,0.4621206016725833,1
744,3.524440528634361,Participant3_LS_SlSl,Endomorph,Normal,slouch,1.0,0.0,0.0,-0.5194576034328304,-50.7698599922553,0.4677416393521449,1
745,3.5291776798825256,Participant3_LS_SlSl,Endomorph,Normal,slouch,1.0,0.0,0.0,-0.5078639620944918,-51.49090468184917,0.468306791840758,1
746,3.5339148311306903,Participant3_LS_SlSl,Endomorph,Normal,slouch,1.0,0.0,0.0,-0.5013133245622176,-50.83606925247088,0.458968911345393,1
747,3.5386519823788545,Participant3_LS_SlSl,Endomorph,Normal,slouch,1.0,0.0,0.0,-0.4868914314354263,-50.29313150742228,0.4519354465482929,1
748,3.543389133627019,Participant3_LS_SlSl,Endomorph,Normal,slouch,1.0,0.0,0.0,-0.5144242527317995,-51.02386194087765,0.4623353655269719,1
749,3.548126284875184,Participant3_LS_SlSl,Endomorph,Normal,slouch,1.0,0.0,0.0,-0.5274739390748353,-51.30614255063602,0.4631557868733497,1
750,3.552863436123348,Participant3_LS_SlSl,Endomorph,Normal,slouch,1.0,0.0,0.0,-0.5330760913701061,-51.50639545487015,0.4775588756931384,1
751,3.5576005873715126,Participant3_LS_SlSl,Endomorph,Normal,slouch,1.0,0.0,0.0,-0.5136769635298708,-51.63392698626898,0.4835850740253468,1
752,3.562337738619677,Participant3_LS_SlSl,Endomorph,Normal,slouch,1.0,0.0,0.0,-0.5057055411181048,-50.94221145536687,0.4600272778065445,1
753,3.567074889867841,Participant3_LS_SlSl,Endomorph,Normal,slouch,1.0,0.0,0.0,-0.5304078446826446,-50.86525314156391,0.4710948077461721,1
754,3.5718120411160057,Participant3_LS_SlSl,Endomorph,Normal,slouch,1.0,0.0,0.0,-0.5002201521380228,-51.528417264495566,0.4732127943432351,1
755,3.5765491923641703,Participant3_LS_SlSl,Endomorph,Normal,slouch,1.0,0.0,0.0,-0.5090558944509707,-49.76784852687266,0.4638754791366773,1
756,3.5812863436123346,Participant3_LS_SlSl,Endomorph,Normal,slouch,1.0,0.0,0.0,-0.4867868723007338,-50.957843441323874,0.4553341443737612,1
757,3.586023494860499,Participant3_LS_SlSl,Endomorph,Normal,slouch,1.0,0.0,0.0,-0.5196640587115843,-50.90456365309907,0.4676681006184354,1
758,3.590760646108664,Participant3_LS_SlSl,Endomorph,Normal,slouch,1.0,0.0,0.0,-0.4848201543140444,-50.72171514947253,0.4610949273069277,1
759,3.595497797356828,Participant3_LS_SlSl,Endomorph,Normal,slouch,1.0,0.0,0.0,-0.475522167242548,-51.15808798463608,0.4642482504639846,1
760,3.6002349486049927,Participant3_LS_SlSl,Endomorph,Normal,slouch,1.0,0.0,0.0,-0.486519914564621,-51.18271827120121,0.4666145786443916,1
761,3.604972099853157,Participant3_LS_SlSl,Endomorph,Normal,slouch,1.0,0.0,0.0,-0.4884018068953712,-51.79427758096877,0.4732836040004176,1
762,3.6097092511013216,Participant3_LS_SlSl,Endomorph,Normal,slouch,1.0,0.0,0.0,-0.4877228977199311,-51.57993882619647,0.4693831499123116,1
763,3.6144464023494858,Participant3_LS_SlSl,Endomorph,Normal,slouch,1.0,0.0,0.0,-0.509177548578755,-50.92630975793769,0.4656686942081792,1
764,3.6191835535976495,Participant3_LS_SlSl,Endomorph,Normal,slouch,1.0,0.0,0.0,-0.5232087581255201,-51.08568882611962,0.4567672527497851,1
765,3.623920704845815,Participant3_LS_SlSl,Endomorph,Normal,slouch,1.0,0.0,0.0,-0.4980945679234458,-51.31703907172752,0.4648848214301991,1
766,3.6286578560939793,Participant3_LS_SlSl,Endomorph,Normal,slouch,1.0,0.0,0.0,-0.5449580641319132,-51.21884685841962,0.4632072088249639,1
767,3.633395007342144,Participant3_LS_SlSl,Endomorph,Normal,slouch,1.0,0.0,0.0,-0.4905054531611534,-52.53416581795994,0.4613794008899095,1
768,3.638132158590308,Participant3_LS_SlSl,Endomorph,Normal,slouch,1.0,0.0,0.0,-0.508965414961654,-51.32152251202864,0.4578463157521715,1
769,3.642869309838473,Participant3_LS_SlSl,Endomorph,Normal,slouch,1.0,0.0,0.0,-0.4925098242860029,-51.62505382959452,0.4630825432825114,1
770,3.647606461086637,Participant3_LS_SlSl,Endomorph,Normal,slouch,1.0,0.0,0.0,-0.4854369735606779,-52.05004091620013,0.4642393613036833,1
771,3.6523436123348016,Participant3_LS_SlSl,Endomorph,Normal,slouch,1.0,0.0,0.0,-0.4672889097732079,-51.50617843729183,0.470922322050224,1
772,3.6570807635829663,Participant3_LS_SlSl,Endomorph,Normal,slouch,1.0,0.0,0.0,-0.4960920892858638,-51.95224073719949,0.4634529201508659,1
773,3.6618179148311305,Participant3_LS_SlSl,Endomorph,Normal,slouch,1.0,0.0,0.0,-0.4712794591800751,-51.784944012609145,0.4703231555154831,1
774,3.666555066079295,Participant3_LS_SlSl,Endomorph,Normal,slouch,1.0,0.0,0.0,-0.4960552899634095,-51.4562408618019,0.4635125474824497,1
775,3.6712922173274594,Participant3_LS_SlSl,Endomorph,Normal,slouch,1.0,0.0,0.0,-0.4801220741565279,-51.65638332811331,0.4715354859979474,1
776,3.676029368575624,Participant3_LS_SlSl,Endomorph,Normal,slouch,1.0,0.0,0.0,-0.5233391915925194,-50.89551106983548,0.463960293615292,1
777,3.6807665198237887,Participant3_LS_SlSl,Endomorph,Normal,slouch,1.0,0.0,0.0,-0.5170408353357561,-51.42760591595613,0.4505597907160011,1
778,3.685503671071953,Participant3_LS_SlSl,Endomorph,Normal,slouch,1.0,0.0,0.0,-0.4757143266562006,-51.86464091339155,0.4720799983506356,1
779,3.6902408223201175,Participant3_LS_SlSl,Endomorph,Normal,slouch,1.0,0.0,0.0,-0.4827357743790199,-50.84894759843986,0.462916403305301,1
780,3.6949779735682817,Participant3_LS_SlSl,Endomorph,Normal,slouch,1.0,0.0,0.0,-0.5062039717956256,-51.14096356371487,0.4563966804630606,1
781,3.6997151248164464,Participant3_LS_SlSl,Endomorph,Normal,slouch,1.0,0.0,0.0,-0.5170637660589563,-51.463892493724494,0.4602716323912345,1
782,3.7044522760646106,Participant3_LS_SlSl,Endomorph,Normal,slouch,1.0,0.0,0.0,-0.4717437091415329,-51.13675221866594,0.4569008117145839,1
783,3.7091894273127752,Participant3_LS_SlSl,Endomorph,Normal,slouch,1.0,0.0,0.0,-0.481396784749142,-51.04605144611637,0.4537561921633974,1
784,3.71392657856094,Participant3_LS_SlSl,Endomorph,Normal,slouch,1.0,0.0,0.0,-0.4878753812891618,-51.26673080921336,0.455827038980028,1
785,3.718663729809104,Participant3_LS_SlSl,Endomorph,Normal,slouch,1.0,0.0,0.0,-0.4762271727208482,-51.51833665956193,0.4598007450340596,1
786,3.7234008810572687,Participant3_LS_SlSl,Endomorph,Normal,slouch,1.0,0.0,0.0,-0.4861314028430638,-51.07971217382103,0.4590758957814055,1
787,3.728138032305433,Participant3_LS_SlSl,Endomorph,Normal,slouch,1.0,0.0,0.0,-0.5084948804700651,-51.12822448356377,0.4675330466488207,1
788,3.7328751835535976,Participant3_LS_SlSl,Endomorph,Normal,slouch,1.0,0.0,0.0,-0.5149335253133956,-50.59323265273503,0.4566054884627116,1
789,3.737612334801762,Participant3_LS_SlSl,Endomorph,Normal,slouch,1.0,0.0,0.0,-0.5040935378438904,-50.76248473504762,0.4637210113851627,1
790,3.7423494860499273,Participant3_LS_SlSl,Endomorph,Normal,slouch,1.0,0.0,0.0,-0.5315093801555252,-51.641819286040025,0.458735970486468,1
791,3.747086637298091,Participant3_LS_SlSl,Endomorph,Normal,slouch,1.0,0.0,0.0,-0.560291813161218,-50.503168519768586,0.4699035066609649,1
792,3.7518237885462553,Participant3_LS_SlSl,Endomorph,Normal,slouch,1.0,0.0,0.0,-0.5107244689474872,-50.44301160437163,0.4645872549928919,1
793,3.75656093979442,Participant3_LS_SlSl,Endomorph,Normal,slouch,1.0,0.0,0.0,-0.4917842535801541,-51.06813155350133,0.4632859056675845,1
794,3.761298091042584,Participant3_LS_SlSl,Endomorph,Normal,slouch,1.0,0.0,0.0,-0.5037478085192686,-50.62142844014484,0.449223714338066,1
795,3.766035242290749,Participant3_LS_SlSl,Endomorph,Normal,slouch,1.0,0.0,0.0,-0.5291923968213336,-50.156114146294215,0.4536036785472713,1
796,3.7707723935389135,Participant3_LS_SlSl,Endomorph,Normal,slouch,1.0,0.0,0.0,-0.5474801277350215,-50.52289924845476,0.4558473777267536,1
797,3.7755095447870777,Participant3_LS_SlSl,Endomorph,Normal,slouch,1.0,0.0,0.0,-0.5670752702679573,-49.93098748930631,0.464053593339874,1
798,3.7802466960352414,Participant3_LS_SlSl,Endomorph,Normal,slouch,1.0,0.0,0.0,-0.4998082545749805,-50.86630459465017,0.4637740018006501,1
799,3.7849838472834074,Participant3_LS_SlSl,Endomorph,Normal,slouch,1.0,0.0,0.0,-0.5032278168134706,-51.38183141167985,0.4579549143583336,1
800,3.789720998531571,Participant3_LS_SlSl,Endomorph,Normal,slouch,1.0,0.0,0.0,-0.5125949486602692,-51.05986765684191,0.4576162444487717,1
801,3.794458149779736,Participant3_LS_SlSl,Endomorph,Normal,slouch,1.0,0.0,0.0,-0.5088348854026163,-51.73494061314006,0.463873077662875,1
802,3.7991953010279,Participant3_LS_SlSl,Endomorph,Normal,slouch,1.0,0.0,0.0,-0.5231569200092243,-51.242776877710384,0.4608411584914045,1
803,3.8039324522760647,Participant3_LS_SlSl,Endomorph,Normal,slouch,1.0,0.0,0.0,-0.5245187529019245,-51.93310227018511,0.4801069335250191,1
804,3.808669603524229,Participant3_LS_SlSl,Endomorph,Normal,slouch,1.0,0.0,0.0,-0.516474419200726,-51.26026174544265,0.4708216065798231,1
805,3.8134067547723935,Participant3_LS_SlSl,Endomorph,Normal,slouch,1.0,0.0,0.0,-0.4957574505944332,-52.13392206683692,0.4802754528164162,1
806,3.8181439060205578,Participant3_LS_SlSl,Endomorph,Normal,slouch,1.0,0.0,0.0,-0.4915758160551553,-51.30741872807875,0.475066274451429,1
807,3.8228810572687215,Participant3_LS_SlSl,Endomorph,Normal,slouch,1.0,0.0,0.0,-0.530555821735778,-51.26121612498506,0.4699537515035137,1
808,3.827618208516887,Participant3_LS_SlSl,Endomorph,Normal,slouch,1.0,0.0,0.0,-0.5366445924724745,-50.683251675383175,0.4571313667013423,1
809,3.8323553597650513,Participant3_LS_SlSl,Endomorph,Normal,slouch,1.0,0.0,0.0,-0.533343091473486,-52.06841277754321,0.4723510553224662,1
810,3.837092511013216,Participant3_LS_SlSl,Endomorph,Normal,slouch,1.0,0.0,0.0,-0.5618197058327807,-52.974781880278414,0.4648351534967082,1
811,3.84182966226138,Participant3_LS_SlSl,Endomorph,Normal,slouch,1.0,0.0,0.0,-0.5586504978719726,-52.680618925622966,0.4664183953990644,1
812,3.8465668135095448,Participant3_LS_SlSl,Endomorph,Normal,slouch,1.0,0.0,0.0,-0.5428281178349645,-52.35411183600116,0.4713031241785929,1
813,3.851303964757709,Participant3_LS_SlSl,Endomorph,Normal,slouch,1.0,0.0,0.0,-0.5420711183132156,-51.09991652032443,0.4739544717435583,1
814,3.8560411160058736,Participant3_LS_SlSl,Endomorph,Normal,slouch,1.0,0.0,0.0,-0.5428900402661123,-52.12140015486696,0.4768600691113474,1
815,3.8607782672540383,Participant3_LS_SlSl,Endomorph,Normal,slouch,1.0,0.0,0.0,-0.5454042421391934,-51.33875604911719,0.4559697186039511,1
816,3.8655154185022025,Participant3_LS_SlSl,Endomorph,Normal,slouch,1.0,0.0,0.0,-0.5271636770177817,-52.461519218497536,0.46664571968086,1
817,3.870252569750367,Participant3_LS_SlSl,Endomorph,Normal,slouch,1.0,0.0,0.0,-0.5415954307133936,-50.698395819520506,0.4712613901577932,1
818,3.8749897209985313,Participant3_LS_SlSl,Endomorph,Normal,slouch,1.0,0.0,0.0,-0.5183819914464026,-50.58792785135937,0.4652760857800489,1
819,3.879726872246696,Participant3_LS_SlSl,Endomorph,Normal,slouch,1.0,0.0,0.0,-0.5299619150595845,-50.85186885176526,0.4718979552625919,1
820,3.8844640234948606,Participant3_LS_SlSl,Endomorph,Normal,slouch,1.0,0.0,0.0,-0.5240206504943856,-49.94249978154866,0.4612518899591347,1
821,3.889201174743025,Participant3_LS_SlSl,Endomorph,Normal,slouch,1.0,0.0,0.0,-0.515647614497197,-51.38758354968304,0.4674732852767261,1
822,3.8939383259911895,Participant3_LS_SlSl,Endomorph,Normal,slouch,1.0,0.0,0.0,-0.54825227151861,-51.07599591119999,0.4652120774275008,1
823,3.8986754772393537,Participant3_LS_SlSl,Endomorph,Normal,slouch,1.0,0.0,0.0,-0.5425504287966679,-51.22959838888099,0.4590038546248743,1
824,3.9034126284875184,Participant3_LS_SlSl,Endomorph,Normal,slouch,1.0,0.0,0.0,-0.4769687289600274,-51.458310108566,0.4521773858759562,1
825,3.9081497797356826,Participant3_LS_SlSl,Endomorph,Normal,slouch,1.0,0.0,0.0,-0.4804032821538392,-50.2080221955608,0.4481347366691638,1
826,3.912886930983847,Participant3_LS_SlSl,Endomorph,Normal,slouch,1.0,0.0,0.0,-0.5135718068144102,-51.14157151666571,0.4491463510823404,1
827,3.917624082232012,Participant3_LS_SlSl,Endomorph,Normal,slouch,1.0,0.0,0.0,-0.5561326936685155,-50.42342739852781,0.4412083733014861,1
828,3.922361233480176,Participant3_LS_SlSl,Endomorph,Normal,slouch,1.0,0.0,0.0,-0.4947309177685102,-50.7065396528129,0.4381034599634584,1
829,3.9270983847283407,Participant3_LS_SlSl,Endomorph,Normal,slouch,1.0,0.0,0.0,-0.4890318505467411,-51.60848737606492,0.4470068167785821,1
830,3.931835535976505,Participant3_LS_SlSl,Endomorph,Normal,slouch,1.0,0.0,0.0,-0.4978946546743397,-51.02631917285524,0.4475806044711966,1
831,3.9365726872246696,Participant3_LS_SlSl,Endomorph,Normal,slouch,1.0,0.0,0.0,-0.5468476660080122,-50.92142713546344,0.4541178813156686,1
832,3.941309838472834,Participant3_LS_SlSl,Endomorph,Normal,slouch,1.0,0.0,0.0,-0.542764641701325,-50.88822835011942,0.4417679907864823,1
833,3.9460469897209984,Participant3_LS_SlSl,Endomorph,Normal,slouch,1.0,0.0,0.0,-0.5057408244680396,-51.33961947901973,0.4524332352411288,1
834,3.950784140969163,Participant3_LS_SlSl,Endomorph,Normal,slouch,1.0,0.0,0.0,-0.5688036210610243,-50.99221827499264,0.4595832163644515,1
835,3.9555212922173273,Participant3_LS_SlSl,Endomorph,Normal,slouch,1.0,0.0,0.0,-0.541327321174176,-50.86719794340562,0.4431806962188775,1
836,3.960258443465492,Participant3_LS_SlSl,Endomorph,Normal,slouch,1.0,0.0,0.0,-0.4978269319613393,-51.267832151710095,0.4467455707694369,1
837,3.964995594713656,Participant3_LS_SlSl,Endomorph,Normal,slouch,1.0,0.0,0.0,-0.4958012986108038,-52.17034327478666,0.466707832156791,1
838,3.969732745961821,Participant3_LS_SlSl,Endomorph,Normal,slouch,1.0,0.0,0.0,-0.5091039208120748,-52.07700435440591,0.4711666284717131,1
839,3.9744698972099854,Participant3_LS_SlSl,Endomorph,Normal,slouch,1.0,0.0,0.0,-0.4959576629448156,-50.42441614042775,0.4506688052105849,1
840,3.9792070484581497,Participant3_LS_SlSl,Endomorph,Normal,slouch,1.0,0.0,0.0,-0.4677454428868668,-50.34409107932873,0.4424989059765999,1
841,3.9839441997063134,Participant3_LS_SlSl,Endomorph,Normal,slouch,1.0,0.0,0.0,-0.537921308643554,-50.423053987663856,0.4553854867924473,1
842,3.9886813509544794,Participant3_LS_SlSl,Endomorph,Normal,slouch,1.0,0.0,0.0,-0.543646132082927,-50.17564688243483,0.4504146396571772,1
843,3.993418502202643,Participant3_LS_SlSl,Endomorph,Normal,slouch,1.0,0.0,0.0,-0.5038011521157476,-50.72057113760163,0.4474601549163563,1
844,3.998155653450808,Participant3_LS_SlSl,Endomorph,Normal,slouch,1.0,0.0,0.0,-0.5143126002773354,-50.57605799049953,0.4661781854682042,1
845,4.0028928046989725,Participant3_LS_SlSl,Endomorph,Normal,slouch,1.0,0.0,0.0,-0.5114257841518607,-50.97519418138544,0.4437297805807032,1
846,4.007629955947136,Participant3_LS_SlSl,Endomorph,Normal,slouch,1.0,0.0,0.0,-0.4991027151011652,-51.06434144702858,0.457562720248979,1
847,4.012367107195301,Participant3_LS_SlSl,Endomorph,Normal,slouch,1.0,0.0,0.0,-0.5205462047421701,-50.67974699826534,0.4673243647614684,1
848,4.0171042584434655,Participant3_LS_SlSl,Endomorph,Normal,slouch,1.0,0.0,0.0,-0.5380594709724169,-50.58899543005941,0.456820685541061,1
849,4.02184140969163,Participant3_LS_SlSl,Endomorph,Normal,slouch,1.0,0.0,0.0,-0.524949484033852,-51.1267086874733,0.4632968308611863,1
850,4.026578560939794,Participant3_LS_SlSl,Endomorph,Normal,slouch,1.0,0.0,0.0,-0.5002229395778902,-51.87534274651364,0.4733134555907178,1
851,4.031315712187959,Participant3_LS_SlSl,Endomorph,Normal,slouch,1.0,0.0,0.0,-0.5239739766818927,-51.51299152794762,0.4619053846829513,1
852,4.036052863436123,Participant3_LS_SlSl,Endomorph,Normal,slouch,1.0,0.0,0.0,-0.573982496729534,-52.45525574978439,0.4736527939602156,1
853,4.040790014684288,Participant3_LS_SlSl,Endomorph,Normal,slouch,1.0,0.0,0.0,-0.5835681296378876,-51.42428448809082,0.4659607455226663,1
854,4.0455271659324525,Participant3_LS_SlSl,Endomorph,Normal,slouch,1.0,0.0,0.0,-0.5825114976497556,-51.52199929646996,0.4703571155634389,1
855,4.050264317180616,Participant3_LS_SlSl,Endomorph,Normal,slouch,1.0,0.0,0.0,-0.5341626535545307,-51.545422760621065,0.4662982591042469,1
856,4.055001468428781,Participant3_LS_SlSl,Endomorph,Normal,slouch,1.0,0.0,0.0,-0.5417929190949529,-50.77275302944255,0.4597793612203649,1
857,4.059738619676946,Participant3_LS_SlSl,Endomorph,Normal,slouch,1.0,0.0,0.0,-0.5279119128837771,-51.457020730439865,0.4693093794760616,1
858,4.06447577092511,Participant3_LS_SlSl,Endomorph,Normal,slouch,1.0,0.0,0.0,-0.5326251241694403,-50.8635149739857,0.4680948395556085,1
859,4.069212922173275,Participant3_LS_SlSl,Endomorph,Normal,slouch,1.0,0.0,0.0,-0.5452899020976343,-50.579418289124206,0.4599150732807227,1
860,4.073950073421439,Participant3_LS_SlSl,Endomorph,Normal,slouch,1.0,0.0,0.0,-0.4993634321290376,-51.905191142573486,0.4604158734472865,1
861,4.078687224669603,Participant3_LS_SlSl,Endomorph,Normal,slouch,1.0,0.0,0.0,-0.5097273870336475,-50.88935220619906,0.4606451492015251,1
862,4.083424375917768,Participant3_LS_SlSl,Endomorph,Normal,slouch,1.0,0.0,0.0,-0.5370108366090999,-50.7626414587268,0.455761634197402,1
863,4.088161527165933,Participant3_LS_SlSl,Endomorph,Normal,slouch,1.0,0.0,0.0,-0.5379287837785596,-50.928657712727706,0.4617749733371992,1
864,4.092898678414097,Participant3_LS_SlSl,Endomorph,Normal,slouch,1.0,0.0,0.0,-0.5801478255903061,-50.69955857256929,0.4625331722251211,1
865,4.097635829662261,Participant3_LS_SlSl,Endomorph,Normal,slouch,1.0,0.0,0.0,-0.554277735605148,-51.89982594943252,0.4724732805497171,1
866,4.102372980910426,Participant3_LS_SlSl,Endomorph,Normal,slouch,1.0,0.0,0.0,-0.5102439385824474,-52.15851955547453,0.4583240096166825,1
867,4.10711013215859,Participant3_LS_SlSl,Endomorph,Normal,slouch,1.0,0.0,0.0,-0.5333087305351838,-51.31879713028586,0.4543194574177862,1
868,4.111847283406755,Participant3_LS_SlSl,Endomorph,Normal,slouch,1.0,0.0,0.0,-0.4866063986547797,-50.16133329021505,0.4441575440915165,1
869,4.116584434654919,Participant3_LS_SlSl,Endomorph,Normal,slouch,1.0,0.0,0.0,-0.5033563970155899,-50.2191341643572,0.4419529041215913,1
870,4.121321585903083,Participant3_LS_SlSl,Endomorph,Normal,slouch,1.0,0.0,0.0,-0.4925367492709175,-50.14812930185879,0.4392542412009922,1
871,4.126058737151248,Participant3_LS_SlSl,Endomorph,Normal,slouch,1.0,0.0,0.0,-0.5100513782306278,-50.60507082890393,0.4465057633770322,1
872,4.130795888399413,Participant3_LS_SlSl,Endomorph,Normal,slouch,1.0,0.0,0.0,-0.5244866972514811,-50.52522640534521,0.4389647031910454,1
873,4.135533039647577,Participant3_LS_SlSl,Endomorph,Normal,slouch,1.0,0.0,0.0,-0.4907835995407285,-50.44538198178648,0.4403349229032732,1
874,4.140270190895741,Participant3_LS_SlSl,Endomorph,Normal,slouch,1.0,0.0,0.0,-0.4863433225118906,-50.304737898896846,0.4393095410544448,1
875,4.145007342143906,Participant3_LS_SlSl,Endomorph,Normal,slouch,1.0,0.0,0.0,-0.4771650206737436,-50.87277542151208,0.4553573338895487,1
876,4.14974449339207,Participant3_LS_SlSl,Endomorph,Normal,slouch,1.0,0.0,0.0,-0.5238347160371762,-50.38422931119053,0.436367272082293,1
877,4.154481644640235,Participant3_LS_SlSl,Endomorph,Normal,slouch,1.0,0.0,0.0,-0.4928552077831775,-50.18912626086711,0.4342255102102866,1
878,4.1592187958884,Participant3_LS_SlSl,Endomorph,Normal,slouch,1.0,0.0,0.0,-0.5159671759687285,-49.93728485917266,0.434284112074799,1
879,4.163955947136564,Participant3_LS_SlSl,Endomorph,Normal,slouch,1.0,0.0,0.0,-0.4943667139579704,-51.067836493311866,0.4625716316803395,1
880,4.168693098384728,Participant3_LS_SlSl,Endomorph,Normal,slouch,1.0,0.0,0.0,-0.5240802018591378,-51.53037270768657,0.4562627650512201,1
881,4.173430249632893,Participant3_LS_SlSl,Endomorph,Normal,slouch,1.0,0.0,0.0,-0.4897150143128066,-50.65162258776907,0.4382751327652668,1
882,4.178167400881057,Participant3_LS_SlSl,Endomorph,Normal,slouch,1.0,0.0,0.0,-0.5004533181407317,-50.20951124320778,0.441106488503214,1
883,4.182904552129222,Participant3_LS_SlSl,Endomorph,Normal,slouch,1.0,0.0,0.0,-0.4773415854519109,-50.18125728854042,0.4363959461527635,1
884,4.187641703377386,Participant3_LS_SlSl,Endomorph,Normal,slouch,1.0,0.0,0.0,-0.532686055924179,-49.973496705473856,0.4348172983118936,1
885,4.192378854625551,Participant3_LS_SlSl,Endomorph,Normal,slouch,1.0,0.0,0.0,-0.5017507199963785,-50.57807205818917,0.4455672743024118,1
886,4.197116005873715,Participant3_LS_SlSl,Endomorph,Normal,slouch,1.0,0.0,0.0,-0.5165531291056027,-50.630321460453565,0.450470706704985,1
887,4.20185315712188,Participant3_LS_SlSl,Endomorph,Normal,slouch,1.0,0.0,0.0,-0.5290119618451373,-51.64708227255244,0.4534922593445676,1
888,4.206590308370044,Participant3_LS_SlSl,Endomorph,Normal,slouch,1.0,0.0,0.0,-0.5052775312531801,-51.82288211820438,0.4413257243782056,1
889,4.211327459618208,Participant3_LS_SlSl,Endomorph,Normal,slouch,1.0,0.0,0.0,-0.5206667502101663,-51.5414719356982,0.4624358573997863,1
890,4.216064610866373,Participant3_LS_SlSl,Endomorph,Normal,slouch,1.0,0.0,0.0,-0.5739249099021189,-52.3531777624207,0.4600823585361669,1
891,4.2208017621145375,Participant3_LS_SlSl,Endomorph,Normal,slouch,1.0,0.0,0.0,-0.5265759008720153,-51.61976524026176,0.4682736710108966,1
892,4.225538913362702,Participant3_LS_SlSl,Endomorph,Normal,slouch,1.0,0.0,0.0,-0.5170296288320599,-50.880681971388064,0.455715182398181,1
893,4.230276064610866,Participant3_LS_SlSl,Endomorph,Normal,slouch,1.0,0.0,0.0,-0.543022280734969,-51.16364094572457,0.4594387215233884,1
894,4.235013215859031,Participant3_LS_SlSl,Endomorph,Normal,slouch,1.0,0.0,0.0,-0.5931567311226285,-50.76054996677168,0.4605271576504081,1
895,4.239750367107195,Participant3_LS_SlSl,Endomorph,Normal,slouch,1.0,0.0,0.0,-0.5236866783576354,-51.25843475328696,0.4510319533557303,1
896,4.24448751835536,Participant3_LS_SlSl,Endomorph,Normal,slouch,1.0,0.0,0.0,-0.5258196039795023,-51.78743903319568,0.4574686541388417,1
897,4.2492246696035245,Participant3_LS_SlSl,Endomorph,Normal,slouch,1.0,0.0,0.0,-0.5482463333390045,-51.61330553695913,0.4570609490496321,1
898,4.253961820851688,Participant3_LS_SlSl,Endomorph,Normal,slouch,1.0,0.0,0.0,-0.561205312779834,-51.33745713557381,0.4601478054104787,1
899,4.258698972099853,Participant3_LS_SlSl,Endomorph,Normal,slouch,1.0,0.0,0.0,-0.5132791370810772,-51.02141232281666,0.4654588995661711,1
900,4.263436123348018,Participant3_LS_SlSl,Endomorph,Normal,slouch,1.0,0.0,0.0,-0.5627066854664585,-50.89103857813464,0.4648611237377099,1
901,4.268173274596182,Participant3_LS_SlSl,Endomorph,Normal,slouch,1.0,0.0,0.0,-0.5383312863009342,-51.26127492188382,0.4586069180383522,1
902,4.272910425844347,Participant3_LS_SlSl,Endomorph,Normal,slouch,1.0,0.0,0.0,-0.561805936013889,-50.832652783599656,0.4588035095502107,1
903,4.277647577092511,Participant3_LS_SlSl,Endomorph,Normal,slouch,1.0,0.0,0.0,-0.5573110058788041,-51.07911117650028,0.4596188421710112,1
904,4.282384728340675,Participant3_LS_SlSl,Endomorph,Normal,slouch,1.0,0.0,0.0,-0.5168478884047599,-50.37360131982875,0.4497563093439553,1
905,4.28712187958884,Participant3_LS_SlSl,Endomorph,Normal,slouch,1.0,0.0,0.0,-0.4860826592654177,-51.703654308935,0.468632818861258,1
906,4.291859030837005,Participant3_LS_SlSl,Endomorph,Normal,slouch,1.0,0.0,0.0,-0.5015374948804092,-51.45459373062805,0.4505087049473496,1
907,4.296596182085168,Participant3_LS_SlSl,Endomorph,Normal,slouch,1.0,0.0,0.0,-0.5160718030366933,-50.747939779277694,0.460151546294467,1
908,4.301333333333333,Participant3_LS_SlSl,Endomorph,Normal,slouch,1.0,0.0,0.0,-0.6173830380827344,-51.66856654972026,0.4769327075447169,1
909,4.306070484581498,Participant3_LS_SlSl,Endomorph,Normal,slouch,1.0,0.0,0.0,-0.5142451396013183,-50.93931753331066,0.4572178642536202,1
910,4.310807635829662,Participant3_LS_SlSl,Endomorph,Normal,slouch,1.0,0.0,0.0,-0.5066933942216982,-50.51255469782478,0.4572859998056054,1
911,4.315544787077827,Participant3_LS_SlSl,Endomorph,Normal,slouch,1.0,0.0,0.0,-0.4984392998500038,-50.28138324794994,0.4534694597200304,1
912,4.320281938325991,Participant3_LS_SlSl,Endomorph,Normal,slouch,1.0,0.0,0.0,-0.5062470224762676,-50.19201835148358,0.4469497165141567,1
913,4.325019089574155,Participant3_LS_SlSl,Endomorph,Normal,slouch,1.0,0.0,0.0,-0.5473670093221699,-52.21157622951151,0.4731922872038914,1
914,4.32975624082232,Participant3_LS_SlSl,Endomorph,Normal,slouch,1.0,0.0,0.0,-0.5139797026543965,-50.66560780750308,0.4597369440951599,1
915,4.334493392070485,Participant3_LS_SlSl,Endomorph,Normal,slouch,1.0,0.0,0.0,-0.5179029520855345,-50.59133589361459,0.4533632526302746,1
916,4.339230543318649,Participant3_LS_SlSl,Endomorph,Normal,slouch,1.0,0.0,0.0,-0.5304752354849271,-51.24296125002684,0.4693635022121505,1
917,4.343967694566813,Participant3_LS_SlSl,Endomorph,Normal,slouch,1.0,0.0,0.0,-0.5459930567079667,-51.70318378141798,0.4696175269179528,1
918,4.348704845814978,Participant3_LS_SlSl,Endomorph,Normal,slouch,1.0,0.0,0.0,-0.4975962701852409,-51.34803945323487,0.4669847095651037,1
919,4.353441997063142,Participant3_LS_SlSl,Endomorph,Normal,slouch,1.0,0.0,0.0,-0.5197369957157257,-51.15100901647127,0.4628099001740486,1
920,4.358179148311307,Participant3_LS_SlSl,Endomorph,Normal,slouch,1.0,0.0,0.0,-0.5189392399838331,-50.68695703561734,0.4640987346896926,1
921,4.362916299559472,Participant3_LS_SlSl,Endomorph,Normal,slouch,1.0,0.0,0.0,-0.5186873126884999,-51.03920178092111,0.4660129519173402,1
922,4.367653450807636,Participant3_LS_SlSl,Endomorph,Normal,slouch,1.0,0.0,0.0,-0.5125515927805466,-51.239984483328925,0.4648270355762109,1
923,4.3723906020558,Participant3_LS_SlSl,Endomorph,Normal,slouch,1.0,0.0,0.0,-0.4716815100424956,-51.568116121757626,0.4545213544563513,1
924,4.377127753303965,Participant3_LS_SlSl,Endomorph,Normal,slouch,1.0,0.0,0.0,-0.5613920488421009,-49.98774708316368,0.4488854048526725,1
925,4.381864904552129,Participant3_LS_SlSl,Endomorph,Normal,slouch,1.0,0.0,0.0,-0.5046868023542652,-51.53487059916935,0.4556877104410207,1
926,4.386602055800293,Participant3_LS_SlSl,Endomorph,Normal,slouch,1.0,0.0,0.0,-0.4985602687352919,-51.12355869084109,0.458965950353379,1
927,4.391339207048458,Participant3_LS_SlSl,Endomorph,Normal,slouch,1.0,0.0,0.0,-0.5122868372876985,-51.74913379861723,0.4604285466793251,1
928,4.396076358296623,Participant3_LS_SlSl,Endomorph,Normal,slouch,1.0,0.0,0.0,-0.508463655063511,-51.49335006374937,0.4666871736164069,1
929,4.400813509544787,Participant3_LS_SlSl,Endomorph,Normal,slouch,1.0,0.0,0.0,-0.538031915512361,-50.96652727009675,0.4559016706921128,1
930,4.405550660792952,Participant3_LS_SlSl,Endomorph,Normal,slouch,1.0,0.0,0.0,-0.4905286243465812,-51.391175641449706,0.4619037831736904,1
931,4.410287812041116,Participant3_LS_SlSl,Endomorph,Normal,slouch,1.0,0.0,0.0,-0.5089219640171372,-51.67823767643251,0.4653852028476085,1
932,4.41502496328928,Participant3_LS_SlSl,Endomorph,Normal,slouch,1.0,0.0,0.0,-0.5185264613066181,-50.76480925464334,0.4714127546860551,1
933,4.419762114537445,Participant3_LS_SlSl,Endomorph,Normal,slouch,1.0,0.0,0.0,-0.5178130369824768,-50.82298061694697,0.4608731644195591,1
934,4.4244992657856095,Participant3_LS_SlSl,Endomorph,Normal,slouch,1.0,0.0,0.0,-0.5257100853297108,-51.1669470356691,0.4585370208087503,1
935,4.429236417033774,Participant3_LS_SlSl,Endomorph,Normal,slouch,1.0,0.0,0.0,-0.5078767479225618,-50.54918696754567,0.4595808240886623,1
936,4.433973568281938,Participant3_LS_SlSl,Endomorph,Normal,slouch,1.0,0.0,0.0,-0.5157244474463468,-51.66956374490772,0.4686762950493631,1
937,4.438710719530103,Participant3_LS_SlSl,Endomorph,Normal,slouch,1.0,0.0,0.0,-0.5117120683177212,-50.90467687330815,0.4623971074419158,1
938,4.443447870778267,Participant3_LS_SlSl,Endomorph,Normal,slouch,1.0,0.0,0.0,-0.52592787424448,-51.07323275778164,0.4689127007890079,1
939,4.448185022026432,Participant3_LS_SlSl,Endomorph,Normal,slouch,1.0,0.0,0.0,-0.515127197581535,-51.32060751633708,0.4670460838993759,1
940,4.4529221732745965,Participant3_LS_SlSl,Endomorph,Normal,slouch,1.0,0.0,0.0,-0.5648268244626831,-50.09159720429147,0.4531883882680338,1
941,4.45765932452276,Participant3_LS_SlSl,Endomorph,Normal,slouch,1.0,0.0,0.0,-0.4886118651321111,-51.12689389973232,0.4588632741010172,1
942,4.462396475770925,Participant3_LS_SlSl,Endomorph,Normal,slouch,1.0,0.0,0.0,-0.5390697006699805,-50.27836369091463,0.4551398614938182,1
943,4.46713362701909,Participant3_LS_SlSl,Endomorph,Normal,slouch,1.0,0.0,0.0,-0.5295453271968132,-50.40184510111718,0.4653533537601887,1
944,4.471870778267254,Participant3_LS_SlSl,Endomorph,Normal,slouch,1.0,0.0,0.0,-0.499800218604951,-51.43896549652235,0.4596350018883489,1
945,4.476607929515419,Participant3_LS_SlSl,Endomorph,Normal,slouch,1.0,0.0,0.0,-0.5408901653032867,-51.433203415206805,0.4609545082418649,1
946,4.481345080763583,Participant3_LS_SlSl,Endomorph,Normal,slouch,1.0,0.0,0.0,-0.4719548965549557,-51.42744133389125,0.4754195648999462,1
947,4.486082232011747,Participant3_LS_SlSl,Endomorph,Normal,slouch,1.0,0.0,0.0,-0.5104339360644474,-51.16057069162628,0.4620702907772162,1
948,4.490819383259912,Participant3_LS_SlSl,Endomorph,Normal,slouch,1.0,0.0,0.0,-0.508591613532612,-51.44142557350656,0.4757606637630661,1
949,4.495556534508077,Participant3_LS_SlSl,Endomorph,Normal,slouch,1.0,0.0,0.0,-0.4960931007304968,-51.62294344752348,0.453237624399288,1
950,4.50029368575624,Participant3_LS_SlSl,Endomorph,Normal,slouch,1.0,0.0,0.0,-0.5047808235622961,-51.91212562158925,0.4658121451614183,1
951,4.505030837004405,Participant3_LS_SlSl,Endomorph,Normal,slouch,1.0,0.0,0.0,-0.5175351926972228,-51.81327106250597,0.4659353362568737,1
952,4.50976798825257,Participant3_LS_SlSl,Endomorph,Normal,slouch,1.0,0.0,0.0,-0.5335013585859408,-50.38439300291626,0.4565253886163085,1
953,4.514505139500734,Participant3_LS_SlSl,Endomorph,Normal,slouch,1.0,0.0,0.0,-0.4993588192104485,-51.58930302114658,0.4614163853004484,1
954,4.519242290748899,Participant3_LS_SlSl,Endomorph,Normal,slouch,1.0,0.0,0.0,-0.4905462448998516,-51.735374625164354,0.4505963999993596,1
955,4.523979441997063,Participant3_LS_SlSl,Endomorph,Normal,slouch,1.0,0.0,0.0,-0.5275238542275987,-51.32176813791194,0.4547661439192573,1
956,4.528716593245227,Participant3_LS_SlSl,Endomorph,Normal,slouch,1.0,0.0,0.0,-0.5602346095917038,-51.744783099140136,0.4497172642711752,1
957,4.533453744493392,Participant3_LS_SlSl,Endomorph,Normal,slouch,1.0,0.0,0.0,-0.4932757354304531,-51.23701930152023,0.4549748435740074,1
958,4.538190895741557,Participant3_LS_SlSl,Endomorph,Normal,slouch,1.0,0.0,0.0,-0.5057879904542556,-51.514366723667365,0.4514663219707429,1
959,4.542928046989721,Participant3_LS_SlSl,Endomorph,Normal,slouch,1.0,0.0,0.0,-0.48090832731112,-51.8943251460271,0.4589265530676221,1
960,4.547665198237885,Participant3_LS_SlSl,Endomorph,Normal,slouch,1.0,0.0,0.0,-0.5146446193187397,-51.93083114245357,0.4615556514124315,1
961,4.55240234948605,Participant3_LS_SlSl,Endomorph,Normal,slouch,1.0,0.0,0.0,-0.518720408034548,-50.89003139432824,0.4700969473054873,1
962,4.557139500734214,Participant3_LS_SlSl,Endomorph,Normal,slouch,1.0,0.0,0.0,-0.5056483354358062,-51.54258236906772,0.4646367050811333,1
963,4.561876651982379,Participant3_LS_SlSl,Endomorph,Normal,slouch,1.0,0.0,0.0,-0.5068384622212788,-51.673556962618186,0.462295805005218,1
964,4.566613803230544,Participant3_LS_SlSl,Endomorph,Normal,slouch,1.0,0.0,0.0,-0.5058881633949098,-51.45900853440989,0.4594390264436832,1
965,4.571350954478707,Participant3_LS_SlSl,Endomorph,Normal,slouch,1.0,0.0,0.0,-0.5063189635481056,-51.51847122438444,0.4616806706781208,1
966,4.576088105726872,Participant3_LS_SlSl,Endomorph,Normal,slouch,1.0,0.0,0.0,-0.5419818534584702,-51.56006014708902,0.4543416682019881,1
967,4.580825256975037,Participant3_LS_SlSl,Endomorph,Normal,slouch,1.0,0.0,0.0,-0.574730355298345,-50.96270922618936,0.4653223517847665,1
968,4.585562408223201,Participant3_LS_SlSl,Endomorph,Normal,slouch,1.0,0.0,0.0,-0.577978429584243,-51.46098202913042,0.4648839454987889,1
969,4.590299559471365,Participant3_LS_SlSl,Endomorph,Normal,slouch,1.0,0.0,0.0,-0.5479737113624329,-51.37876733159407,0.4718011914704832,1
970,4.59503671071953,Participant3_LS_SlSl,Endomorph,Normal,slouch,1.0,0.0,0.0,-0.5398497642310853,-51.115622470290425,0.4651150730875737,1
971,4.599773861967694,Participant3_LS_SlSl,Endomorph,Normal,slouch,1.0,0.0,0.0,-0.5950920957129783,-51.62368590178655,0.4703138836291513,1
972,4.604511013215859,Participant3_LS_SlSl,Endomorph,Normal,slouch,1.0,0.0,0.0,-0.5199629988245474,-52.31183826856564,0.4533012481380721,1
973,4.609248164464024,Participant3_LS_SlSl,Endomorph,Normal,slouch,1.0,0.0,0.0,-0.518236020727536,-51.444184155662846,0.4530054787611602,1
974,4.613985315712188,Participant3_LS_SlSl,Endomorph,Normal,slouch,1.0,0.0,0.0,-0.4993812652340837,-52.37849662213331,0.4629982336440426,1
975,4.618722466960352,Participant3_LS_SlSl,Endomorph,Normal,slouch,1.0,0.0,0.0,-0.4892220446399626,-52.18142065999653,0.4599438071746684,1
976,4.623459618208517,Participant3_LS_SlSl,Endomorph,Normal,slouch,1.0,0.0,0.0,-0.4889766992495179,-52.35888767771228,0.4536997345563182,1
977,4.6281967694566815,Participant3_LS_SlSl,Endomorph,Normal,slouch,1.0,0.0,0.0,-0.5509375560368953,-52.32730681596803,0.4712915347722149,1
978,4.632933920704846,Participant3_LS_SlSl,Endomorph,Normal,slouch,1.0,0.0,0.0,-0.5029208009919862,-51.14160808101716,0.4516761957539678,1
979,4.63767107195301,Participant3_LS_SlSl,Endomorph,Normal,slouch,1.0,0.0,0.0,-0.5184745884213388,-52.86433794128289,0.4747338665605705,1
980,4.642408223201175,Participant3_LS_SlSl,Endomorph,Normal,slouch,1.0,0.0,0.0,-0.5500082996003731,-52.571349699522656,0.4721144545695843,1
981,4.647145374449339,Participant3_LS_SlSl,Endomorph,Normal,slouch,1.0,0.0,0.0,-0.5370515244732604,-51.41212941259168,0.4673540993821851,1
982,4.651882525697504,Participant3_LS_SlSl,Endomorph,Normal,slouch,1.0,0.0,0.0,-0.5144895472562633,-51.72700835438188,0.4674907892606895,1
983,4.6566196769456685,Participant3_LS_SlSl,Endomorph,Normal,slouch,1.0,0.0,0.0,-0.5351719373178534,-51.467303306957874,0.4536401781202455,1
984,4.661356828193832,Participant3_LS_SlSl,Endomorph,Normal,slouch,1.0,0.0,0.0,-0.4959694090971531,-52.18270846518436,0.4631738330767158,1
985,4.666093979441997,Participant3_LS_SlSl,Endomorph,Normal,slouch,1.0,0.0,0.0,-0.5474785075332482,-51.14992749080602,0.4574610944522048,1
986,4.6708311306901615,Participant3_LS_SlSl,Endomorph,Normal,slouch,1.0,0.0,0.0,-0.5814858435665781,-52.34827814332652,0.4702715412994364,1
987,4.675568281938326,Participant3_LS_SlSl,Endomorph,Normal,slouch,1.0,0.0,0.0,-0.5416404646915037,-51.22724329752912,0.462155408093353,1
988,4.68030543318649,Participant3_LS_SlSl,Endomorph,Normal,slouch,1.0,0.0,0.0,-0.5463837499259544,-51.76572345995439,0.4603522191398089,1
989,4.685042584434655,Participant3_LS_SlSl,Endomorph,Normal,slouch,1.0,0.0,0.0,-0.4903124133141026,-52.35004006416897,0.4691398502784908,1
990,4.689779735682819,Participant3_LS_SlSl,Endomorph,Normal,slouch,1.0,0.0,0.0,-0.5544589751257806,-51.849444097589725,0.4633489030431784,1
991,4.694516886930984,Participant3_LS_SlSl,Endomorph,Normal,slouch,1.0,0.0,0.0,-0.5410865221554022,-51.649375371025215,0.4638833143026721,1
992,4.6992540381791486,Participant3_LS_SlSl,Endomorph,Normal,slouch,1.0,0.0,0.0,-0.5405148810482497,-51.42901143419578,0.4596497130982097,1
993,4.703991189427312,Participant3_LS_SlSl,Endomorph,Normal,slouch,1.0,0.0,0.0,-0.5253516003020384,-51.88745189377428,0.4544307846926697,1
994,4.708728340675477,Participant3_LS_SlSl,Endomorph,Normal,slouch,1.0,0.0,0.0,-0.5406827203969727,-51.35227339494912,0.4470850285473155,1
995,4.713465491923642,Participant3_LS_SlSl,Endomorph,Normal,slouch,1.0,0.0,0.0,-0.5148061691628394,-51.29562359753758,0.4447090602373266,1
996,4.718202643171806,Participant3_LS_SlSl,Endomorph,Normal,slouch,1.0,0.0,0.0,-0.5419268706904352,-50.80800179882528,0.4467167027415597,1
997,4.722939794419971,Participant3_LS_SlSl,Endomorph,Normal,slouch,1.0,0.0,0.0,-0.5205622242861967,-52.16903653258983,0.463369543604621,1
998,4.727676945668135,Participant3_LS_SlSl,Endomorph,Normal,slouch,1.0,0.0,0.0,-0.5281897251793563,-51.59180960006898,0.4629562220143745,1
999,4.732414096916299,Participant3_LS_SlSl,Endomorph,Normal,slouch,1.0,0.0,0.0,-0.4964939557266239,-51.68753703973957,0.4661197079150602,1
1000,4.737151248164464,Participant3_LS_SlSl,Endomorph,Normal,slouch,1.0,0.0,0.0,-0.5302970307614531,-50.87681580886598,0.4499134934087173,1
1001,4.741888399412629,Participant3_LS_SlSl,Endomorph,Normal,slouch,1.0,0.0,0.0,-0.4965733196471796,-51.89875808853751,0.4569021830418346,1
1002,4.746625550660793,Participant3_LS_SlSl,Endomorph,Normal,slouch,1.0,0.0,0.0,-0.495934098820556,-50.97554479384685,0.4672316726389818,1
1003,4.751362701908957,Participant3_LS_SlSl,Endomorph,Normal,slouch,1.0,0.0,0.0,-0.4962687243761632,-52.096716108668254,0.4588177245849117,1
1004,4.756099853157122,Participant3_LS_SlSl,Endomorph,Normal,slouch,1.0,0.0,0.0,-0.5156821045941791,-51.60109398363675,0.4689890151814446,1
1005,4.760837004405286,Participant3_LS_SlSl,Endomorph,Normal,slouch,1.0,0.0,0.0,-0.4977381100077731,-51.32412167760672,0.4594693931574974,1
1006,4.765574155653451,Participant3_LS_SlSl,Endomorph,Normal,slouch,1.0,0.0,0.0,-0.5066300613152278,-51.72784783981955,0.4589748043608738,1
1007,4.770311306901615,Participant3_LS_SlSl,Endomorph,Normal,slouch,1.0,0.0,0.0,-0.510735578117819,-51.335502558675714,0.4584142048366277,1
1008,4.775048458149779,Participant3_LS_SlSl,Endomorph,Normal,slouch,1.0,0.0,0.0,-0.5064015921314448,-51.29855108013157,0.4498693931887439,1
1009,4.779785609397944,Participant3_LS_SlSl,Endomorph,Normal,slouch,1.0,0.0,0.0,-0.496508509367263,-51.66730947719444,0.4542574667511033,1
1010,4.784522760646109,Participant3_LS_SlSl,Endomorph,Normal,slouch,1.0,0.0,0.0,-0.503625549360644,-51.21087241882251,0.4521777158482084,1
1011,4.789259911894273,Participant3_LS_SlSl,Endomorph,Normal,slouch,1.0,0.0,0.0,-0.504174707170758,-51.53694371011746,0.4651961962185182,1
1012,4.793997063142437,Participant3_LS_SlSl,Endomorph,Normal,slouch,1.0,0.0,0.0,-0.4811192992492268,-51.39184121884519,0.4640768061892402,1
1013,4.798734214390602,Participant3_LS_SlSl,Endomorph,Normal,slouch,1.0,0.0,0.0,-0.5107627295151417,-51.66146635543283,0.4559321310091254,1
1014,4.803471365638766,Participant3_LS_SlSl,Endomorph,Normal,slouch,1.0,0.0,0.0,-0.5086728995191705,-51.61724297964484,0.4704101083229202,1
1015,4.808208516886931,Participant3_LS_SlSl,Endomorph,Normal,slouch,1.0,0.0,0.0,-0.5248797587818504,-51.1612504605809,0.4586022144819876,1
1016,4.812945668135096,Participant3_LS_SlSl,Endomorph,Normal,slouch,1.0,0.0,0.0,-0.537476167308661,-51.9616155357264,0.4678776173580647,1
1017,4.81768281938326,Participant3_LS_SlSl,Endomorph,Normal,slouch,1.0,0.0,0.0,-0.4782345226014306,-52.02242932636887,0.4574798484703581,1
1018,4.822419970631424,Participant3_LS_SlSl,Endomorph,Normal,slouch,1.0,0.0,0.0,-0.5004462839695833,-51.15658708088601,0.4501055753468007,1
1019,4.827157121879589,Participant3_LS_SlSl,Endomorph,Normal,slouch,1.0,0.0,0.0,-0.4873325305819858,-51.98232197137413,0.4644647189903667,1
1020,4.831894273127753,Participant3_LS_SlSl,Endomorph,Normal,slouch,1.0,0.0,0.0,-0.5201775208917656,-51.288770606729486,0.4619084663286346,1
1021,4.836631424375918,Participant3_LS_SlSl,Endomorph,Normal,slouch,1.0,0.0,0.0,-0.5089116779473376,-51.769662474447166,0.4616682137597042,1
1022,4.841368575624082,Participant3_LS_SlSl,Endomorph,Normal,slouch,1.0,0.0,0.0,-0.4743507167608153,-51.57499466753393,0.4601314833209928,1
1023,4.846105726872247,Participant3_LS_SlSl,Endomorph,Normal,slouch,1.0,0.0,0.0,-0.4999107401465572,-51.7732479571749,0.4571006238291151,1
1024,4.850842878120411,Participant3_LS_SlSl,Endomorph,Normal,slouch,1.0,0.0,0.0,-0.4971238729670503,-52.47060975768411,0.4605672477635478,1
1025,4.855580029368576,Participant3_LS_SlSl,Endomorph,Normal,slouch,1.0,0.0,0.0,-0.5342502398128371,-51.52776889689138,0.4685730544169135,1
1026,4.86031718061674,Participant3_LS_SlSl,Endomorph,Normal,slouch,1.0,0.0,0.0,-0.4937063679785655,-51.37571013331402,0.4620037932379073,1
1027,4.865054331864904,Participant3_LS_SlSl,Endomorph,Normal,slouch,1.0,0.0,0.0,-0.5168869652464163,-51.744916161822125,0.4564081464543308,1
1028,4.869791483113069,Participant3_LS_SlSl,Endomorph,Normal,slouch,1.0,0.0,0.0,-0.5191131088202127,-51.17561329717969,0.4677210767079935,1
1029,4.8745286343612335,Participant3_LS_SlSl,Endomorph,Normal,slouch,1.0,0.0,0.0,-0.5158269606333398,-51.517115836867134,0.4734035199383448,1
1030,4.879265785609398,Participant3_LS_SlSl,Endomorph,Normal,slouch,1.0,0.0,0.0,-0.5008741711342277,-51.84786244083209,0.4627736927875036,1
1031,4.884002936857562,Participant3_LS_SlSl,Endomorph,Normal,slouch,1.0,0.0,0.0,-0.5347864628135353,-51.80902629804329,0.4653807381787603,1
1032,4.888740088105727,Participant3_LS_SlSl,Endomorph,Normal,slouch,1.0,0.0,0.0,-0.5168430673609881,-52.02606121419498,0.4660120676694348,1
1033,4.893477239353891,Participant3_LS_SlSl,Endomorph,Normal,slouch,1.0,0.0,0.0,-0.5466879414373054,-51.35158291049629,0.4619479305966439,1
1034,4.898214390602056,Participant3_LS_SlSl,Endomorph,Normal,slouch,1.0,0.0,0.0,-0.50215023781959,-51.49074020330689,0.4674478778957716,1
1035,4.9029515418502205,Participant3_LS_SlSl,Endomorph,Normal,slouch,1.0,0.0,0.0,-0.5119042109239932,-51.99666554728975,0.4562983483279254,1
1036,4.907688693098384,Participant3_LS_SlSl,Endomorph,Normal,slouch,1.0,0.0,0.0,-0.5917464038805526,-51.08072849079877,0.4620335972650738,1
1037,4.912425844346549,Participant3_LS_SlSl,Endomorph,Normal,slouch,1.0,0.0,0.0,-0.5206518315179607,-51.17932534848583,0.4668974185727544,1
1038,4.917162995594714,Participant3_LS_SlSl,Endomorph,Normal,slouch,1.0,0.0,0.0,-0.5177061765363391,-50.91023739411271,0.4712048621466108,1
1039,4.921900146842878,Participant3_LS_SlSl,Endomorph,Normal,slouch,1.0,0.0,0.0,-0.5078849499264199,-51.61234369604923,0.4603203616357634,1
1040,4.926637298091043,Participant3_LS_SlSl,Endomorph,Normal,slouch,1.0,0.0,0.0,-0.5033832765153502,-51.09606671186672,0.4682561043742982,1
1041,4.931374449339207,Participant3_LS_SlSl,Endomorph,Normal,slouch,1.0,0.0,0.0,-0.5194827812908097,-51.48163945878272,0.4616488937222915,1
1042,4.936111600587371,Participant3_LS_SlSl,Endomorph,Normal,slouch,1.0,0.0,0.0,-0.5269509950375183,-52.17949545870182,0.4652277756544205,1
1043,4.940848751835536,Participant3_LS_SlSl,Endomorph,Normal,slouch,1.0,0.0,0.0,-0.5429094218269161,-50.946457760908494,0.4635750031293151,1
1044,4.945585903083701,Participant3_LS_SlSl,Endomorph,Normal,slouch,1.0,0.0,0.0,-0.5473456599947826,-52.06984726221201,0.4749070901612122,1
1045,4.950323054331865,Participant3_LS_SlSl,Endomorph,Normal,slouch,1.0,0.0,0.0,-0.5587453336354702,-50.07668924273031,0.4590850648475847,1
1046,4.955060205580029,Participant3_LS_SlSl,Endomorph,Normal,slouch,1.0,0.0,0.0,-0.5075237052805623,-51.26763850199615,0.458299107228052,1
1047,4.959797356828194,Participant3_LS_SlSl,Endomorph,Normal,slouch,1.0,0.0,0.0,-0.5055817530266058,-51.0136307219348,0.4595425506823631,1
1048,4.964534508076358,Participant3_LS_SlSl,Endomorph,Normal,slouch,1.0,0.0,0.0,-0.5097051005933881,-51.55831457839242,0.464997157117141,1
1049,4.969271659324523,Participant3_LS_SlSl,Endomorph,Normal,slouch,1.0,0.0,0.0,-0.4983938258474734,-51.71833488311637,0.4685828197235914,1
1050,4.974008810572687,Participant3_LS_SlSl,Endomorph,Normal,slouch,1.0,0.0,0.0,-0.5278979255840969,-51.11722303938867,0.4610821761278029,1
1051,4.978745961820851,Participant3_LS_SlSl,Endomorph,Normal,slouch,1.0,0.0,0.0,-0.5285806594546009,-51.02393286915659,0.4620368972304143,1
1052,4.983483113069016,Participant3_LS_SlSl,Endomorph,Normal,slouch,1.0,0.0,0.0,-0.5322129910635595,-52.131583124333936,0.4747932952014814,1
1053,4.988220264317181,Participant3_LS_SlSl,Endomorph,Normal,slouch,1.0,0.0,0.0,-0.5326366430324794,-52.32450081499704,0.4822035674385744,1
1054,4.992957415565345,Participant3_LS_SlSl,Endomorph,Normal,slouch,1.0,0.0,0.0,-0.5364013363388219,-52.30778367665979,0.4724773862578569,1
1055,4.997694566813509,Participant3_LS_SlSl,Endomorph,Normal,slouch,1.0,0.0,0.0,-0.5192892922987116,-51.63806748939342,0.4686454465981371,1
1056,5.002431718061674,Participant3_LS_SlSl,Endomorph,Normal,slouch,1.0,0.0,0.0,-0.523062485247938,-52.21467961868181,0.478666242137996,1
1057,5.007168869309838,Participant3_LS_SlSl,Endomorph,Normal,slouch,1.0,0.0,0.0,-0.5381289381086134,-51.92627149830962,0.4700407191716269,1
1058,5.011906020558003,Participant3_LS_SlSl,Endomorph,Normal,slouch,1.0,0.0,0.0,-0.5193179611293272,-51.93357134937991,0.4691500808129203,1
1059,5.016643171806168,Participant3_LS_SlSl,Endomorph,Normal,slouch,1.0,0.0,0.0,-0.5068281844706625,-52.34459733112077,0.4772645964647159,1
1060,5.021380323054332,Participant3_LS_SlSl,Endomorph,Normal,slouch,1.0,0.0,0.0,-0.4978168379229379,-51.3569200286991,0.4623043357044909,1
1061,5.026117474302496,Participant3_LS_SlSl,Endomorph,Normal,slouch,1.0,0.0,0.0,-0.4960016813238268,-51.581349147155976,0.4637320494005311,1
1062,5.030854625550661,Participant3_LS_SlSl,Endomorph,Normal,slouch,1.0,0.0,0.0,-0.5179375181499083,-51.58269509821425,0.4568977221226994,1
1063,5.035591776798825,Participant3_LS_SlSl,Endomorph,Normal,slouch,1.0,0.0,0.0,-0.4989402568486267,-51.13685218466619,0.4551608836048607,1
1064,5.04032892804699,Participant3_LS_SlSl,Endomorph,Normal,slouch,1.0,0.0,0.0,-0.5264832658344684,-50.91341784911299,0.4571472263622601,1
1065,5.045066079295154,Participant3_LS_SlSl,Endomorph,Normal,slouch,1.0,0.0,0.0,-0.5035013466679111,-51.1604060676944,0.4600076659769651,1
1066,5.049803230543319,Participant3_LS_SlSl,Endomorph,Normal,slouch,1.0,0.0,0.0,-0.5191136346252657,-51.77467324549288,0.4537931617756237,1
1067,5.054540381791483,Participant3_LS_SlSl,Endomorph,Normal,slouch,1.0,0.0,0.0,-0.5552472815275182,-50.57174500121064,0.4591300040699892,1
1068,5.059277533039648,Participant3_LS_SlSl,Endomorph,Normal,slouch,1.0,0.0,0.0,-0.5249338322853403,-51.57020997673892,0.4586775009165031,1
1069,5.064014684287812,Participant3_LS_SlSl,Endomorph,Normal,slouch,1.0,0.0,0.0,-0.5188847614584431,-50.96021650102449,0.4554652218377619,1
1070,5.068751835535976,Participant3_LS_SlSl,Endomorph,Normal,slouch,1.0,0.0,0.0,-0.5914378059004596,-50.66499542994922,0.4586095005317542,1
1071,5.073488986784141,Participant3_LS_SlSl,Endomorph,Normal,slouch,1.0,0.0,0.0,-0.5588323042002753,-50.05529066184634,0.4636803092390697,1
1072,5.0782261380323055,Participant3_LS_SlSl,Endomorph,Normal,slouch,1.0,0.0,0.0,-0.4884479439286525,-52.035783969082274,0.4572438538338902,1
1073,5.08296328928047,Participant3_LS_SlSl,Endomorph,Normal,slouch,1.0,0.0,0.0,-0.5119207585540329,-52.62864260346565,0.4636520588069432,1
1074,5.087700440528634,Participant3_LS_SlSl,Endomorph,Normal,slouch,1.0,0.0,0.0,-0.5282949705129033,-52.87710498173775,0.4639801365472965,1
1075,5.092437591776799,Participant3_LS_SlSl,Endomorph,Normal,slouch,1.0,0.0,0.0,-0.51207092467012,-52.114680185250585,0.4613859638874799,1
1076,5.097174743024963,Participant3_LS_SlSl,Endomorph,Normal,slouch,1.0,0.0,0.0,-0.4743386688710511,-52.485659655084575,0.4492372059434134,1
1077,5.101911894273128,Participant3_LS_SlSl,Endomorph,Normal,slouch,1.0,0.0,0.0,-0.5115332874749875,-52.02684314795825,0.4514057744462175,1
1078,5.1066490455212925,Participant3_LS_SlSl,Endomorph,Normal,slouch,1.0,0.0,0.0,-0.4942012230216963,-51.52566465726779,0.4498221077736319,1
1079,5.111386196769456,Participant3_LS_SlSl,Endomorph,Normal,slouch,1.0,0.0,0.0,-0.5033995964452949,-52.245175525874224,0.4566164454372348,1
1080,5.116123348017621,Participant3_LS_SlSl,Endomorph,Normal,slouch,1.0,0.0,0.0,-0.4849109046999165,-51.87341954283215,0.4546824144468175,1
1081,5.120860499265786,Participant3_LS_SlSl,Endomorph,Normal,slouch,1.0,0.0,0.0,-0.5015597055532078,-51.47721194163783,0.4480291768669543,1
1082,5.12559765051395,Participant3_LS_SlSl,Endomorph,Normal,slouch,1.0,0.0,0.0,-0.5335419521379892,-51.30589302620577,0.4604998014831894,1
1083,5.130334801762115,Participant3_LS_SlSl,Endomorph,Normal,slouch,1.0,0.0,0.0,-0.4659742406555315,-51.9977289154393,0.4526002232510867,1
1084,5.135071953010279,Participant3_LS_SlSl,Endomorph,Normal,slouch,1.0,0.0,0.0,-0.4939340090671776,-51.24938111674074,0.4472216056555149,1
1085,5.139809104258443,Participant3_LS_SlSl,Endomorph,Normal,slouch,1.0,0.0,0.0,-0.4569687470166558,-51.42713659830623,0.4429183393904067,1
1086,5.144546255506608,Participant3_LS_SlSl,Endomorph,Normal,slouch,1.0,0.0,0.0,-0.4708024957039007,-51.03182791670547,0.4370383542832842,1
1087,5.149283406754773,Participant3_LS_SlSl,Endomorph,Normal,slouch,1.0,0.0,0.0,-0.4605382562139212,-51.73303992066423,0.4502243312723153,1
1088,5.154020558002936,Participant3_LS_SlSl,Endomorph,Normal,slouch,1.0,0.0,0.0,-0.4731197481985311,-51.22910499683479,0.458049845275025,1
1089,5.158757709251101,Participant3_LS_SlSl,Endomorph,Normal,slouch,1.0,0.0,0.0,-0.4774009997858792,-52.33941259365323,0.4555824512449652,1
1090,5.163494860499266,Participant3_LS_SlSl,Endomorph,Normal,slouch,1.0,0.0,0.0,-0.5096036735333244,-52.049296768738685,0.4497905056415177,1
1091,5.16823201174743,Participant3_LS_SlSl,Endomorph,Normal,slouch,1.0,0.0,0.0,-0.4718275447117656,-52.14719665827667,0.4571706635409995,1
1092,5.172969162995595,Participant3_LS_SlSl,Endomorph,Normal,slouch,1.0,0.0,0.0,-0.4855590081385955,-52.0555282238048,0.4605568776983977,1
1093,5.177706314243759,Participant3_LS_SlSl,Endomorph,Normal,slouch,1.0,0.0,0.0,-0.5272462239231446,-51.72613490307703,0.454593269587981,1
1094,5.182443465491923,Participant3_LS_SlSl,Endomorph,Normal,slouch,1.0,0.0,0.0,-0.4867687961599557,-51.50630199600393,0.4529187703247298,1
1095,5.187180616740088,Participant3_LS_SlSl,Endomorph,Normal,slouch,1.0,0.0,0.0,-0.4948301025176956,-51.621931910139466,0.453757367600589,1
1096,5.191917767988253,Participant3_LS_SlSl,Endomorph,Normal,slouch,1.0,0.0,0.0,-0.5165376599766953,-53.21923884855265,0.4658782246556484,1
1097,5.196654919236417,Participant3_LS_SlSl,Endomorph,Normal,slouch,1.0,0.0,0.0,-0.4916805608428339,-52.71323710691836,0.4611694856168704,1
1098,5.201392070484581,Participant3_LS_SlSl,Endomorph,Normal,slouch,1.0,0.0,0.0,-0.4954440736314809,-52.09021063135404,0.458415908075942,1
1099,5.206129221732746,Participant3_LS_SlSl,Endomorph,Normal,slouch,1.0,0.0,0.0,-0.4808905117625158,-51.39207902388814,0.4579843395614631,1
1100,5.21086637298091,Participant3_LS_SlSl,Endomorph,Normal,slouch,1.0,0.0,0.0,-0.5419869400577306,-52.86588689145041,0.4691557227247121,1
1101,5.215603524229075,Participant3_LS_SlSl,Endomorph,Normal,slouch,1.0,0.0,0.0,-0.5177214394153264,-52.29122821262422,0.4632784293911383,1
1102,5.22034067547724,Participant3_LS_SlSl,Endomorph,Normal,slouch,1.0,0.0,0.0,-0.5549318382654465,-51.006516779952406,0.4582152032961294,1
1103,5.225077826725403,Participant3_LS_SlSl,Endomorph,Normal,slouch,1.0,0.0,0.0,-0.4955679599364935,-51.70426013869482,0.4648934019290032,1
1104,5.229814977973568,Participant3_LS_SlSl,Endomorph,Normal,slouch,1.0,0.0,0.0,-0.5208615498332456,-51.34669574544458,0.4585946790027825,1
1105,5.234552129221733,Participant3_LS_SlSl,Endomorph,Normal,slouch,1.0,0.0,0.0,-0.500101085492773,-51.83503269319834,0.4558435435771981,1
1106,5.239289280469897,Participant3_LS_SlSl,Endomorph,Normal,slouch,1.0,0.0,0.0,-0.5172511643878647,-51.26446890829258,0.4548536454014371,1
1107,5.244026431718061,Participant3_LS_SlSl,Endomorph,Normal,slouch,1.0,0.0,0.0,-0.6122910778818325,-51.070145117681655,0.4516251199561665,1
1108,5.248763582966226,Participant3_LS_SlSl,Endomorph,Normal,slouch,1.0,0.0,0.0,-0.5268989270983928,-51.456415499280055,0.4594443054615588,1
1109,5.253500734214391,Participant3_LS_SlSl,Endomorph,Normal,slouch,1.0,0.0,0.0,-0.5527455206622304,-50.03898017604411,0.4440038337573199,1
1110,5.258237885462555,Participant3_LS_SlSl,Endomorph,Normal,slouch,1.0,0.0,0.0,-0.535233880740498,-51.22757764768549,0.4587745477802463,1
1111,5.26297503671072,Participant3_LS_SlSl,Endomorph,Normal,slouch,1.0,0.0,0.0,-0.5364506529752988,-52.11015171795277,0.4666095583300013,1
1112,5.267712187958884,Participant3_LS_SlSl,Endomorph,Normal,slouch,1.0,0.0,0.0,-0.5226306619909283,-53.12099728521377,0.4647900502914106,1
1113,5.272449339207048,Participant3_LS_SlSl,Endomorph,Normal,slouch,1.0,0.0,0.0,-0.5349807992489609,-51.91934235891292,0.4593272743545221,1
1114,5.277186490455213,Participant3_LS_SlSl,Endomorph,Normal,slouch,1.0,0.0,0.0,-0.5295864490090643,-50.63222482482269,0.4459406000603409,1
1115,5.2819236417033775,Participant3_LS_SlSl,Endomorph,Normal,slouch,1.0,0.0,0.0,-0.5411175652481397,-51.118728858452045,0.4603113473516793,1
1116,5.286660792951542,Participant3_LS_SlSl,Endomorph,Normal,slouch,1.0,0.0,0.0,-0.5734523299992073,-50.37859430852115,0.4487755069409784,1
1117,5.291397944199706,Participant3_LS_SlSl,Endomorph,Normal,slouch,1.0,0.0,0.0,-0.5410210484200286,-50.97815914512832,0.4560851209801561,1
1118,5.296135095447871,Participant3_LS_SlSl,Endomorph,Normal,slouch,1.0,0.0,0.0,-0.5103775526772624,-52.73192923343726,0.459554257320179,1
1119,5.300872246696035,Participant3_LS_SlSl,Endomorph,Normal,slouch,1.0,0.0,0.0,-0.4907260949085142,-52.69815151922242,0.4609282775336761,1
1120,5.3056093979442,Participant3_LS_SlSl,Endomorph,Normal,slouch,1.0,0.0,0.0,-0.5289286154766351,-52.64179015837023,0.4653811376818689,1
1121,5.3103465491923645,Participant3_LS_SlSl,Endomorph,Normal,slouch,1.0,0.0,0.0,-0.5249354129601073,-51.96207502799694,0.4587236187740505,1
1122,5.315083700440528,Participant3_LS_SlSl,Endomorph,Normal,slouch,1.0,0.0,0.0,-0.5110404550560749,-51.985624055769286,0.4605014828248788,1
1123,5.319820851688693,Participant3_LS_SlSl,Endomorph,Normal,slouch,1.0,0.0,0.0,-0.4703551566731833,-52.179707220180354,0.4627319082224754,1
1124,5.3245580029368575,Participant3_LS_SlSl,Endomorph,Normal,slouch,1.0,0.0,0.0,-0.5178854566800003,-51.41667216956761,0.4575333387569054,1
1125,5.329295154185022,Participant3_LS_SlSl,Endomorph,Normal,slouch,1.0,0.0,0.0,-0.508740030507111,-51.121137384013295,0.4560697867472607,1
1126,5.334032305433186,Participant3_LS_SlSl,Endomorph,Normal,slouch,1.0,0.0,0.0,-0.5220508156532224,-51.002750880397485,0.4507078677802079,1
1127,5.338769456681351,Participant3_LS_SlSl,Endomorph,Normal,slouch,1.0,0.0,0.0,-0.5717386690309987,-50.59934900103252,0.4483142408440385,1
1128,5.343506607929515,Participant3_LS_SlSl,Endomorph,Normal,slouch,1.0,0.0,0.0,-0.5065275387316042,-51.022805716850215,0.4511915278456031,1
1129,5.34824375917768,Participant3_LS_SlSl,Endomorph,Normal,slouch,1.0,0.0,0.0,-0.5085862833844761,-51.2756106290617,0.4646228261684006,1
1130,5.352980910425845,Participant3_LS_SlSl,Endomorph,Normal,slouch,1.0,0.0,0.0,-0.5235738558085692,-51.48120024087933,0.4519731141109447,1
1131,5.357718061674008,Participant3_LS_SlSl,Endomorph,Normal,slouch,1.0,0.0,0.0,-0.5164964256200563,-50.69596089447904,0.4408815987359015,1
1132,5.362455212922173,Participant3_LS_SlSl,Endomorph,Normal,slouch,1.0,0.0,0.0,-0.5185310372345734,-51.021934293850734,0.4439417115894181,1
1133,5.367192364170338,Participant3_LS_SlSl,Endomorph,Normal,slouch,1.0,0.0,0.0,-0.5145415441191482,-51.5806426297417,0.4643623543363407,1
1134,5.371929515418502,Participant3_LS_SlSl,Endomorph,Normal,slouch,1.0,0.0,0.0,-0.5526448464396934,-49.85606119190549,0.4423889367934355,1
