frame_idx,timestamp,subject_id,somatotype,bmi_category,label,h2s_ratio,shoulder_tilt_deg,head_roll_deg,forward_head_z,neck_flexion_deg,shoulder_width_norm,is_valid
0,0.0,Participant3_RS_FuUp,Endomorph,Normal,upright,1.0,0.0,0.0,-0.3834897102899854,47.94333363711446,0.3573882319522793,1
1,0.0047303499713138,Participant3_RS_FuUp,Endomorph,Normal,upright,1.0,0.0,0.0,-0.3556974302689318,48.60697996975608,0.3637178355581753,1
2,0.0094606999426276,Participant3_RS_FuUp,Endomorph,Normal,upright,1.0,0.0,0.0,-0.403762367075277,49.11747262872258,0.354811503180584,1
3,0.0141910499139414,Participant3_RS_FuUp,Endomorph,Normal,upright,1.0,0.0,0.0,-0.4806399688091557,47.59816316974755,0.360975116001333,1
4,0.0189213998852553,Participant3_RS_FuUp,Endomorph,Normal,upright,1.0,0.0,0.0,-0.396230338726343,48.41051215859952,0.3557071382674476,1
5,0.0236517498565691,Participant3_RS_FuUp,Endomorph,Normal,upright,1.0,0.0,0.0,-0.4710947362843805,47.33710834912846,0.3555368681367508,1
6,0.0283820998278829,Participant3_RS_FuUp,Endomorph,Normal,upright,1.0,0.0,0.0,-0.3374508596185234,47.03596230968083,0.3599845583802051,1
7,0.0331124497991967,Participant3_RS_FuUp,Endomorph,Normal,upright,1.0,0.0,0.0,-0.2925018631598907,47.65714197178728,0.3614525324244906,1
8,0.0378427997705106,Participant3_RS_FuUp,Endomorph,Normal,upright,1.0,0.0,0.0,-0.3454936513800617,46.44836131241242,0.3608994913227742,1
9,0.0425731497418244,Participant3_RS_FuUp,Endomorph,Normal,upright,1.0,0.0,0.0,-0.3338905698195377,47.61415751771686,0.3478077712677505,1
10,0.0473034997131382,Participant3_RS_FuUp,Endomorph,Normal,upright,1.0,0.0,0.0,-0.3559693585438321,47.63298612996355,0.3526129658332366,1
11,0.0520338496844521,Participant3_RS_FuUp,Endomorph,Normal,upright,1.0,0.0,0.0,-0.3857802040648955,46.79619449821216,0.3578260855929736,1
12,0.0567641996557659,Participant3_RS_FuUp,Endomorph,Normal,upright,1.0,0.0,0.0,-0.4662509996613792,48.84528678311601,0.3591117565206387,1
13,0.0614945496270797,Participant3_RS_FuUp,Endomorph,Normal,upright,1.0,0.0,0.0,-0.3360396673535191,48.45310799895785,0.3472108205993244,1
14,0.0662248995983935,Participant3_RS_FuUp,Endomorph,Normal,upright,1.0,0.0,0.0,-0.3172122811725724,47.432193789839815,0.3528094956076245,1
15,0.0709552495697074,Participant3_RS_FuUp,Endomorph,Normal,upright,1.0,0.0,0.0,-0.3414917174130085,47.153804169913634,0.3581752726061285,1
16,0.0756855995410212,Participant3_RS_FuUp,Endomorph,Normal,upright,1.0,0.0,0.0,-0.4217121255570641,46.98290108824102,0.3783863753140986,1
17,0.080415949512335,Participant3_RS_FuUp,Endomorph,Normal,upright,1.0,0.0,0.0,-0.2771954658081293,47.19804595907051,0.3585254654110387,1
18,0.0851462994836488,Participant3_RS_FuUp,Endomorph,Normal,upright,1.0,0.0,0.0,-0.3272970473404136,47.68946283358067,0.368150576528816,1
19,0.0898766494549627,Participant3_RS_FuUp,Endomorph,Normal,upright,1.0,0.0,0.0,-0.3752252065997947,47.861375204994566,0.368683716939126,1
20,0.0946069994262765,Participant3_RS_FuUp,Endomorph,Normal,upright,1.0,0.0,0.0,-0.2995878392594947,46.553535200703074,0.3687350238418718,1
21,0.0993373493975903,Participant3_RS_FuUp,Endomorph,Normal,upright,1.0,0.0,0.0,-0.379958166266448,46.79488276799124,0.3625280043036638,1
22,0.1040676993689042,Participant3_RS_FuUp,Endomorph,Normal,upright,1.0,0.0,0.0,-0.3045532561929149,47.00039229849952,0.3645456044290046,1
23,0.108798049340218,Participant3_RS_FuUp,Endomorph,Normal,upright,1.0,0.0,0.0,-0.3209157331845205,47.88318525471409,0.3500192087584036,1
24,0.1135283993115318,Participant3_RS_FuUp,Endomorph,Normal,upright,1.0,0.0,0.0,-0.3401759693982357,48.0556666956714,0.3674080975059717,1
25,0.1182587492828456,Participant3_RS_FuUp,Endomorph,Normal,upright,1.0,0.0,0.0,-0.3720489875548773,47.37017143925656,0.3621427150458877,1
26,0.1229890992541595,Participant3_RS_FuUp,Endomorph,Normal,upright,1.0,0.0,0.0,-0.4136271114337936,47.70250734589866,0.3687130551961846,1
27,0.1277194492254733,Participant3_RS_FuUp,Endomorph,Normal,upright,1.0,0.0,0.0,-0.3519889574944428,48.435271205123406,0.375767948760468,1
28,0.1324497991967871,Participant3_RS_FuUp,Endomorph,Normal,upright,1.0,0.0,0.0,-0.2991955932379907,46.75917725515459,0.3759609057135361,1
29,0.1371801491681009,Participant3_RS_FuUp,Endomorph,Normal,upright,1.0,0.0,0.0,-0.2899575139228179,48.78265217697205,0.3618741898749912,1
30,0.1419104991394148,Participant3_RS_FuUp,Endomorph,Normal,upright,1.0,0.0,0.0,-0.3055354553650113,47.93834038808951,0.3608961670374773,1
31,0.1466408491107286,Participant3_RS_FuUp,Endomorph,Normal,upright,1.0,0.0,0.0,-0.3596135920764856,46.578569097105294,0.3681074649353314,1
32,0.1513711990820424,Participant3_RS_FuUp,Endomorph,Normal,upright,1.0,0.0,0.0,-0.2768677288138281,48.610004355762,0.3711105719408141,1
33,0.1561015490533563,Participant3_RS_FuUp,Endomorph,Normal,upright,1.0,0.0,0.0,-0.3139895097656004,48.01693587176104,0.3623002219397137,1
34,0.1608318990246701,Participant3_RS_FuUp,Endomorph,Normal,upright,1.0,0.0,0.0,-0.311011802365854,47.28004249499615,0.3694293685848753,1
35,0.1655622489959839,Participant3_RS_FuUp,Endomorph,Normal,upright,1.0,0.0,0.0,-0.3654952505452019,46.9012775037694,0.3611083171803481,1
36,0.1702925989672977,Participant3_RS_FuUp,Endomorph,Normal,upright,1.0,0.0,0.0,-0.3720249347151934,47.36376723085714,0.3651506627917119,1
37,0.1750229489386116,Participant3_RS_FuUp,Endomorph,Normal,upright,1.0,0.0,0.0,-0.417224665789392,47.139823866915606,0.3662236109924232,1
38,0.1797532989099254,Participant3_RS_FuUp,Endomorph,Normal,upright,1.0,0.0,0.0,-0.3228116781269459,47.32736544460933,0.3653202196127536,1
39,0.1844836488812392,Participant3_RS_FuUp,Endomorph,Normal,upright,1.0,0.0,0.0,-0.3257443652142054,46.30220299688987,0.3733483484801564,1
40,0.189213998852553,Participant3_RS_FuUp,Endomorph,Normal,upright,1.0,0.0,0.0,-0.2474983152754327,46.88701589834368,0.3619104358721568,1
41,0.1939443488238669,Participant3_RS_FuUp,Endomorph,Normal,upright,1.0,0.0,0.0,-0.2590298086802067,47.00470463595629,0.3594167807961622,1
42,0.1986746987951807,Participant3_RS_FuUp,Endomorph,Normal,upright,1.0,0.0,0.0,-0.2642893746367222,47.36475156657863,0.3584939536012287,1
43,0.2034050487664945,Participant3_RS_FuUp,Endomorph,Normal,upright,1.0,0.0,0.0,-0.2983934087728508,47.24954034004308,0.3563948844876718,1
44,0.2081353987378084,Participant3_RS_FuUp,Endomorph,Normal,upright,1.0,0.0,0.0,-0.2822761329608138,47.43001961048502,0.355392188471133,1
45,0.2128657487091222,Participant3_RS_FuUp,Endomorph,Normal,upright,1.0,0.0,0.0,-0.3149239740513688,47.66564301144616,0.3511974133450952,1
46,0.217596098680436,Participant3_RS_FuUp,Endomorph,Normal,upright,1.0,0.0,0.0,-0.3902930689102505,47.71303708568502,0.3652195866450181,1
47,0.2223264486517498,Participant3_RS_FuUp,Endomorph,Normal,upright,1.0,0.0,0.0,-0.3684370368555751,47.7386132422494,0.3587608642850675,1
48,0.2270567986230637,Participant3_RS_FuUp,Endomorph,Normal,upright,1.0,0.0,0.0,-0.3492690222677692,47.42176032146467,0.3530306210889584,1
49,0.2317871485943775,Participant3_RS_FuUp,Endomorph,Normal,upright,1.0,0.0,0.0,-0.300162742344609,48.06597066486798,0.3546488127722434,1
50,0.2365174985656913,Participant3_RS_FuUp,Endomorph,Normal,upright,1.0,0.0,0.0,-0.248499848711918,49.10569558243342,0.3424200535683223,1
51,0.2412478485370051,Participant3_RS_FuUp,Endomorph,Normal,upright,1.0,0.0,0.0,-0.2634818266053651,48.49844580029325,0.3592698879565432,1
52,0.245978198508319,Participant3_RS_FuUp,Endomorph,Normal,upright,1.0,0.0,0.0,-0.246683696918009,48.14546200025165,0.3509197607486242,1
53,0.2507085484796328,Participant3_RS_FuUp,Endomorph,Normal,upright,1.0,0.0,0.0,-0.2879196591879887,48.09673491694495,0.3609971545474006,1
54,0.2554388984509466,Participant3_RS_FuUp,Endomorph,Normal,upright,1.0,0.0,0.0,-0.2795789352135907,48.55506574474368,0.3624888454030436,1
55,0.2601692484222604,Participant3_RS_FuUp,Endomorph,Normal,upright,1.0,0.0,0.0,-0.2871514045413288,47.83127847741568,0.3622865576624527,1
56,0.2648995983935743,Participant3_RS_FuUp,Endomorph,Normal,upright,1.0,0.0,0.0,-0.2354224956306145,48.96066461698447,0.3549849170894183,1
57,0.2696299483648881,Participant3_RS_FuUp,Endomorph,Normal,upright,1.0,0.0,0.0,-0.2376140445353154,50.15675813255414,0.3590745123197805,1
58,0.2743602983362019,Participant3_RS_FuUp,Endomorph,Normal,upright,1.0,0.0,0.0,-0.2854895421971432,47.618035386904566,0.3579852668899546,1
59,0.2790906483075158,Participant3_RS_FuUp,Endomorph,Normal,upright,1.0,0.0,0.0,-0.2708626255030002,48.92524080376935,0.3580444004425388,1
60,0.2838209982788296,Participant3_RS_FuUp,Endomorph,Normal,upright,1.0,0.0,0.0,-0.2615488979089198,47.88934221107644,0.3617367655838028,1
61,0.2885513482501434,Participant3_RS_FuUp,Endomorph,Normal,upright,1.0,0.0,0.0,-0.2722006218650981,47.91143099351554,0.3621068946721839,1
62,0.2932816982214573,Participant3_RS_FuUp,Endomorph,Normal,upright,1.0,0.0,0.0,-0.2569364043917154,48.45867463501962,0.350591186645248,1
63,0.2980120481927711,Participant3_RS_FuUp,Endomorph,Normal,upright,1.0,0.0,0.0,-0.2586718836840856,49.30053433851944,0.3593051258349269,1
64,0.3027423981640849,Participant3_RS_FuUp,Endomorph,Normal,upright,1.0,0.0,0.0,-0.237685146758787,49.28569170789854,0.3523338480958043,1
65,0.3074727481353987,Participant3_RS_FuUp,Endomorph,Normal,upright,1.0,0.0,0.0,-0.2498312482635628,49.5901776995376,0.3569174514810801,1
66,0.3122030981067126,Participant3_RS_FuUp,Endomorph,Normal,upright,1.0,0.0,0.0,-0.2587583678190934,48.34342733575296,0.354580338477354,1
67,0.3169334480780264,Participant3_RS_FuUp,Endomorph,Normal,upright,1.0,0.0,0.0,-0.2809848794034947,49.616541623655706,0.3593889687696504,1
68,0.3216637980493402,Participant3_RS_FuUp,Endomorph,Normal,upright,1.0,0.0,0.0,-0.2469089298549603,49.11139353729465,0.3497472746099514,1
69,0.3263941480206541,Participant3_RS_FuUp,Endomorph,Normal,upright,1.0,0.0,0.0,-0.3187924311571819,48.57623382778718,0.3550358521008585,1
70,0.3311244979919679,Participant3_RS_FuUp,Endomorph,Normal,upright,1.0,0.0,0.0,-0.2832847346729608,49.031940965728126,0.3546177043929835,1
71,0.3358548479632817,Participant3_RS_FuUp,Endomorph,Normal,upright,1.0,0.0,0.0,-0.2886136999922294,49.64480012837632,0.3557415310844986,1
72,0.3405851979345955,Participant3_RS_FuUp,Endomorph,Normal,upright,1.0,0.0,0.0,-0.2345446720328158,49.27998675613511,0.340736956580933,1
73,0.3453155479059093,Participant3_RS_FuUp,Endomorph,Normal,upright,1.0,0.0,0.0,-0.2228215870084631,48.90840784466055,0.3391117690463946,1
74,0.3500458978772232,Participant3_RS_FuUp,Endomorph,Normal,upright,1.0,0.0,0.0,-0.2430448848737697,49.30873717595562,0.3479916577784204,1
75,0.354776247848537,Participant3_RS_FuUp,Endomorph,Normal,upright,1.0,0.0,0.0,-0.2363168118761046,48.61180265039709,0.3435940232877109,1
76,0.3595065978198508,Participant3_RS_FuUp,Endomorph,Normal,upright,1.0,0.0,0.0,-0.2306540904041011,48.396366688776624,0.3455415867043277,1
77,0.3642369477911646,Participant3_RS_FuUp,Endomorph,Normal,upright,1.0,0.0,0.0,-0.2868632734212087,47.60495662705219,0.3614308719061943,1
78,0.3689672977624785,Participant3_RS_FuUp,Endomorph,Normal,upright,1.0,0.0,0.0,-0.2616561365917839,48.700528100457575,0.3588548481162625,1
79,0.3736976477337923,Participant3_RS_FuUp,Endomorph,Normal,upright,1.0,0.0,0.0,-0.265296283365199,48.385468071353785,0.3568862968166849,1
80,0.3784279977051061,Participant3_RS_FuUp,Endomorph,Normal,upright,1.0,0.0,0.0,-0.2493019196431112,48.68342872412018,0.3574606702834386,1
81,0.38315834767642,Participant3_RS_FuUp,Endomorph,Normal,upright,1.0,0.0,0.0,-0.2711561082764162,48.93704327163498,0.3589522444192629,1
82,0.3878886976477338,Participant3_RS_FuUp,Endomorph,Normal,upright,1.0,0.0,0.0,-0.2594123471857721,48.39634665802532,0.3642395639364461,1
83,0.3926190476190476,Participant3_RS_FuUp,Endomorph,Normal,upright,1.0,0.0,0.0,-0.2862919349140154,48.74850503446316,0.3528297989078808,1
84,0.3973493975903615,Participant3_RS_FuUp,Endomorph,Normal,upright,1.0,0.0,0.0,-0.2953248502118329,47.92502012712373,0.3494717722224805,1
85,0.4020797475616753,Participant3_RS_FuUp,Endomorph,Normal,upright,1.0,0.0,0.0,-0.2545916952092295,48.88199456527205,0.3483549502623063,1
86,0.4068100975329891,Participant3_RS_FuUp,Endomorph,Normal,upright,1.0,0.0,0.0,-0.2645471348618451,48.529343295930175,0.3404948853189695,1
87,0.4115404475043029,Participant3_RS_FuUp,Endomorph,Normal,upright,1.0,0.0,0.0,-0.2657659655519497,47.94518396815608,0.3461714548190472,1
88,0.4162707974756168,Participant3_RS_FuUp,Endomorph,Normal,upright,1.0,0.0,0.0,-0.2811965236261234,48.8457442298027,0.3503192871464426,1
89,0.4210011474469306,Participant3_RS_FuUp,Endomorph,Normal,upright,1.0,0.0,0.0,-0.2701565185484543,49.83820507078226,0.3554886456154596,1
90,0.4257314974182444,Participant3_RS_FuUp,Endomorph,Normal,upright,1.0,0.0,0.0,-0.2658248545095399,48.804012680262105,0.3660314881718697,1
91,0.4304618473895583,Participant3_RS_FuUp,Endomorph,Normal,upright,1.0,0.0,0.0,-0.2752220659858899,48.5743066894535,0.3403358893974846,1
92,0.435192197360872,Participant3_RS_FuUp,Endomorph,Normal,upright,1.0,0.0,0.0,-0.2644354960788443,48.823655325782,0.3650782873924879,1
93,0.4399225473321859,Participant3_RS_FuUp,Endomorph,Normal,upright,1.0,0.0,0.0,-0.2577988052447075,48.991619336844415,0.3483581526538841,1
94,0.4446528973034997,Participant3_RS_FuUp,Endomorph,Normal,upright,1.0,0.0,0.0,-0.2487932963216839,48.5365532557903,0.3510506905501432,1
95,0.4493832472748135,Participant3_RS_FuUp,Endomorph,Normal,upright,1.0,0.0,0.0,-0.2785391692746898,48.886070813045215,0.3561053929246923,1
96,0.4541135972461274,Participant3_RS_FuUp,Endomorph,Normal,upright,1.0,0.0,0.0,-0.2527921321528767,49.12295759970371,0.3433243043624297,1
97,0.4588439472174412,Participant3_RS_FuUp,Endomorph,Normal,upright,1.0,0.0,0.0,-0.2691560389014039,49.54084701636256,0.3497641655197607,1
98,0.463574297188755,Participant3_RS_FuUp,Endomorph,Normal,upright,1.0,0.0,0.0,-0.2813160440514113,49.84231529723258,0.3539887646814672,1
99,0.4683046471600688,Participant3_RS_FuUp,Endomorph,Normal,upright,1.0,0.0,0.0,-0.2843477695336029,49.59738636705095,0.3585748470201338,1
100,0.4730349971313827,Participant3_RS_FuUp,Endomorph,Normal,upright,1.0,0.0,0.0,-0.240208046098173,49.23730462579155,0.3522117896998102,1
101,0.4777653471026965,Participant3_RS_FuUp,Endomorph,Normal,upright,1.0,0.0,0.0,-0.2594378063464907,49.01241124738078,0.3566593626928182,1
102,0.4824956970740103,Participant3_RS_FuUp,Endomorph,Normal,upright,1.0,0.0,0.0,-0.2462231549657475,49.05269886980949,0.3529262502838625,1
103,0.4872260470453242,Participant3_RS_FuUp,Endomorph,Normal,upright,1.0,0.0,0.0,-0.2311484335359688,48.97916143111952,0.3536503138255646,1
104,0.491956397016638,Participant3_RS_FuUp,Endomorph,Normal,upright,1.0,0.0,0.0,-0.251321893642057,48.60357849048541,0.348328611220062,1
105,0.4966867469879518,Participant3_RS_FuUp,Endomorph,Normal,upright,1.0,0.0,0.0,-0.2656450022741056,47.48182308332365,0.349526398343367,1
106,0.5014170969592656,Participant3_RS_FuUp,Endomorph,Normal,upright,1.0,0.0,0.0,-0.3138405663837424,47.434818354643554,0.3488030712960208,1
107,0.5061474469305794,Participant3_RS_FuUp,Endomorph,Normal,upright,1.0,0.0,0.0,-0.2524368742903066,47.6099227956426,0.3467054496053247,1
108,0.5108777969018933,Participant3_RS_FuUp,Endomorph,Normal,upright,1.0,0.0,0.0,-0.2380948522662768,48.5156551369138,0.3402970483379657,1
109,0.5156081468732071,Participant3_RS_FuUp,Endomorph,Normal,upright,1.0,0.0,0.0,-0.2550842307146198,48.938372171685074,0.3466128098446918,1
110,0.5203384968445209,Participant3_RS_FuUp,Endomorph,Normal,upright,1.0,0.0,0.0,-0.2587773183388586,48.901022521090994,0.3550330644330515,1
111,0.5250688468158348,Participant3_RS_FuUp,Endomorph,Normal,upright,1.0,0.0,0.0,-0.2848008177466622,49.06306500368508,0.3625515566876386,1
112,0.5297991967871486,Participant3_RS_FuUp,Endomorph,Normal,upright,1.0,0.0,0.0,-0.2746960007804925,48.418285963127296,0.346834054887458,1
113,0.5345295467584624,Participant3_RS_FuUp,Endomorph,Normal,upright,1.0,0.0,0.0,-0.2608538038266619,49.44294249848199,0.348432174839094,1
114,0.5392598967297763,Participant3_RS_FuUp,Endomorph,Normal,upright,1.0,0.0,0.0,-0.2625012891500203,47.39880357547723,0.3556808606074466,1
115,0.5439902467010901,Participant3_RS_FuUp,Endomorph,Normal,upright,1.0,0.0,0.0,-0.2846586673650758,48.978151042697455,0.3604744848270709,1
116,0.5487205966724039,Participant3_RS_FuUp,Endomorph,Normal,upright,1.0,0.0,0.0,-0.2403938606361348,49.29311736613148,0.3464780543934929,1
117,0.5534509466437177,Participant3_RS_FuUp,Endomorph,Normal,upright,1.0,0.0,0.0,-0.3030329126539133,48.81413437786916,0.353475160384503,1
118,0.5581812966150316,Participant3_RS_FuUp,Endomorph,Normal,upright,1.0,0.0,0.0,-0.2738807982054264,49.028865314323646,0.3672059652818056,1
119,0.5629116465863454,Participant3_RS_FuUp,Endomorph,Normal,upright,1.0,0.0,0.0,-0.2905251136831064,48.67648899351875,0.3578174663508293,1
120,0.5676419965576592,Participant3_RS_FuUp,Endomorph,Normal,upright,1.0,0.0,0.0,-0.2709809691119961,48.814469727560194,0.3577554440919411,1
121,0.5723723465289731,Participant3_RS_FuUp,Endomorph,Normal,upright,1.0,0.0,0.0,-0.2892002656196857,48.59809458071202,0.3529850597508918,1
122,0.5771026965002869,Participant3_RS_FuUp,Endomorph,Normal,upright,1.0,0.0,0.0,-0.3636385290386144,48.43011464903138,0.3726463219014014,1
123,0.5818330464716007,Participant3_RS_FuUp,Endomorph,Normal,upright,1.0,0.0,0.0,-0.3779388857871788,47.339056744616,0.3581755900849444,1
124,0.5865633964429146,Participant3_RS_FuUp,Endomorph,Normal,upright,1.0,0.0,0.0,-0.2638229691638396,47.9163251191702,0.3783874883696434,1
125,0.5912937464142284,Participant3_RS_FuUp,Endomorph,Normal,upright,1.0,0.0,0.0,-0.2659080068877449,48.1464988328935,0.3642754916320203,1
126,0.5960240963855422,Participant3_RS_FuUp,Endomorph,Normal,upright,1.0,0.0,0.0,-0.4411644949413771,47.55126851510331,0.3512933385150259,1
127,0.600754446356856,Participant3_RS_FuUp,Endomorph,Normal,upright,1.0,0.0,0.0,-0.3360074697280334,48.24339087650003,0.3688804049436563,1
128,0.6054847963281699,Participant3_RS_FuUp,Endomorph,Normal,upright,1.0,0.0,0.0,-0.3469844363292432,48.50956434637784,0.3710053360615501,1
129,0.6102151462994837,Participant3_RS_FuUp,Endomorph,Normal,upright,1.0,0.0,0.0,-0.2662835328432682,49.147757222884216,0.3648680937461004,1
130,0.6149454962707975,Participant3_RS_FuUp,Endomorph,Normal,upright,1.0,0.0,0.0,-0.3595212775799193,48.47479172041844,0.3714299522300733,1
131,0.6196758462421114,Participant3_RS_FuUp,Endomorph,Normal,upright,1.0,0.0,0.0,-0.3172488438604015,48.95975869085982,0.3707872176526925,1
132,0.6244061962134252,Participant3_RS_FuUp,Endomorph,Normal,upright,1.0,0.0,0.0,-0.295391335065808,49.59025856615814,0.3684428593308983,1
133,0.629136546184739,Participant3_RS_FuUp,Endomorph,Normal,upright,1.0,0.0,0.0,-0.2597933885998863,49.19504328568062,0.3629885131282912,1
134,0.6338668961560529,Participant3_RS_FuUp,Endomorph,Normal,upright,1.0,0.0,0.0,-0.2387254093160665,48.64216704954997,0.3593989868922805,1
135,0.6385972461273667,Participant3_RS_FuUp,Endomorph,Normal,upright,1.0,0.0,0.0,-0.2834396202660399,48.50024374441844,0.3593688962847762,1
136,0.6433275960986805,Participant3_RS_FuUp,Endomorph,Normal,upright,1.0,0.0,0.0,-0.328086669158069,48.38366404579397,0.3664361770200758,1
137,0.6480579460699943,Participant3_RS_FuUp,Endomorph,Normal,upright,1.0,0.0,0.0,-0.3687418476131501,47.69701977482782,0.3728327133816211,1
138,0.6527882960413082,Participant3_RS_FuUp,Endomorph,Normal,upright,1.0,0.0,0.0,-0.4224943235042974,47.75869784897591,0.364172975928788,1
139,0.657518646012622,Participant3_RS_FuUp,Endomorph,Normal,upright,1.0,0.0,0.0,-0.4260424247629657,47.17285777341897,0.3605904510194038,1
140,0.6622489959839358,Participant3_RS_FuUp,Endomorph,Normal,upright,1.0,0.0,0.0,-0.3093268167902684,48.33232074573849,0.3623655372861623,1
141,0.6669793459552497,Participant3_RS_FuUp,Endomorph,Normal,upright,1.0,0.0,0.0,-0.3700739766668978,49.12123229758462,0.3514410386657726,1
142,0.6717096959265635,Participant3_RS_FuUp,Endomorph,Normal,upright,1.0,0.0,0.0,-0.2829388353917317,48.34454898380836,0.3619198406023741,1
143,0.6764400458978772,Participant3_RS_FuUp,Endomorph,Normal,upright,1.0,0.0,0.0,-0.3339150638433764,48.2954766511816,0.3668084509403426,1
144,0.681170395869191,Participant3_RS_FuUp,Endomorph,Normal,upright,1.0,0.0,0.0,-0.3414303260575355,47.84080377879037,0.3621724201763258,1
145,0.6859007458405049,Participant3_RS_FuUp,Endomorph,Normal,upright,1.0,0.0,0.0,-0.3595097774711453,49.69964557678111,0.3522798405810065,1
146,0.6906310958118187,Participant3_RS_FuUp,Endomorph,Normal,upright,1.0,0.0,0.0,-0.3204705305324777,47.96291263132446,0.3588531103937449,1
147,0.6953614457831325,Participant3_RS_FuUp,Endomorph,Normal,upright,1.0,0.0,0.0,-0.4126427632629852,48.62518630484845,0.3637435468517075,1
148,0.7000917957544464,Participant3_RS_FuUp,Endomorph,Normal,upright,1.0,0.0,0.0,-0.3167872141478242,48.224411184369536,0.3570153362946849,1
149,0.7048221457257602,Participant3_RS_FuUp,Endomorph,Normal,upright,1.0,0.0,0.0,-0.42475523547243,48.30957000905158,0.3783803043454476,1
150,0.709552495697074,Participant3_RS_FuUp,Endomorph,Normal,upright,1.0,0.0,0.0,-0.3356424098316708,48.57862003550144,0.3571569126889578,1
151,0.7142828456683878,Participant3_RS_FuUp,Endomorph,Normal,upright,1.0,0.0,0.0,-0.3020841343331034,48.083529735940274,0.3542411149187425,1
152,0.7190131956397017,Participant3_RS_FuUp,Endomorph,Normal,upright,1.0,0.0,0.0,-0.5301729186525702,48.49021412519031,0.3596008990832752,1
153,0.7237435456110155,Participant3_RS_FuUp,Endomorph,Normal,upright,1.0,0.0,0.0,-0.4218218782995174,49.23521993219872,0.3494244389122645,1
154,0.7284738955823293,Participant3_RS_FuUp,Endomorph,Normal,upright,1.0,0.0,0.0,-0.3623785417722457,48.36133015881776,0.3492241542745324,1
155,0.7332042455536432,Participant3_RS_FuUp,Endomorph,Normal,upright,1.0,0.0,0.0,-0.3015308694146397,49.56014800645318,0.356303756167504,1
156,0.737934595524957,Participant3_RS_FuUp,Endomorph,Normal,upright,1.0,0.0,0.0,-0.3207788045056605,49.20341595920939,0.3411421217855696,1
157,0.7426649454962708,Participant3_RS_FuUp,Endomorph,Normal,upright,1.0,0.0,0.0,-0.2902813262652708,48.51741650885385,0.3468670547790244,1
158,0.7473952954675847,Participant3_RS_FuUp,Endomorph,Normal,upright,1.0,0.0,0.0,-0.3601526777031857,48.25377163659525,0.3492722449296263,1
159,0.7521256454388985,Participant3_RS_FuUp,Endomorph,Normal,upright,1.0,0.0,0.0,-0.3956615769240517,48.02258348789351,0.35239283750925,1
160,0.7568559954102123,Participant3_RS_FuUp,Endomorph,Normal,upright,1.0,0.0,0.0,-0.4006244151622726,47.845734678234585,0.3563780090338491,1
161,0.7615863453815261,Participant3_RS_FuUp,Endomorph,Normal,upright,1.0,0.0,0.0,-0.4168864402513247,48.598666289035776,0.351450518318748,1
162,0.76631669535284,Participant3_RS_FuUp,Endomorph,Normal,upright,1.0,0.0,0.0,-0.3734106911645199,48.48666872719326,0.3554013857244807,1
163,0.7710470453241538,Participant3_RS_FuUp,Endomorph,Normal,upright,1.0,0.0,0.0,-0.3814562292434406,48.39877951105504,0.354460998170819,1
164,0.7757773952954676,Participant3_RS_FuUp,Endomorph,Normal,upright,1.0,0.0,0.0,-0.3065150246191901,48.42759923806239,0.3460903590512214,1
165,0.7805077452667815,Participant3_RS_FuUp,Endomorph,Normal,upright,1.0,0.0,0.0,-0.277017885630365,49.246203849718256,0.3543962012972442,1
166,0.7852380952380953,Participant3_RS_FuUp,Endomorph,Normal,upright,1.0,0.0,0.0,-0.2419035502800216,50.11661416902584,0.3433421600346111,1
167,0.7899684452094091,Participant3_RS_FuUp,Endomorph,Normal,upright,1.0,0.0,0.0,-0.2927021135485249,48.19090706991047,0.3475156186606151,1
168,0.794698795180723,Participant3_RS_FuUp,Endomorph,Normal,upright,1.0,0.0,0.0,-0.3229305743636594,47.95864119336558,0.3487318554300729,1
169,0.7994291451520368,Participant3_RS_FuUp,Endomorph,Normal,upright,1.0,0.0,0.0,-0.2865736150482386,49.0837339131943,0.3457013815913813,1
170,0.8041594951233506,Participant3_RS_FuUp,Endomorph,Normal,upright,1.0,0.0,0.0,-0.3234684545421713,48.96120966503188,0.3530248249917715,1
171,0.8088898450946644,Participant3_RS_FuUp,Endomorph,Normal,upright,1.0,0.0,0.0,-0.3563437814360973,48.33899699968719,0.3557382743551603,1
172,0.8136201950659783,Participant3_RS_FuUp,Endomorph,Normal,upright,1.0,0.0,0.0,-0.302812857096204,50.24570418023865,0.3461809675291671,1
173,0.8183505450372921,Participant3_RS_FuUp,Endomorph,Normal,upright,1.0,0.0,0.0,-0.3739231363196342,49.37741722143337,0.3496254291780488,1
174,0.8230808950086059,Participant3_RS_FuUp,Endomorph,Normal,upright,1.0,0.0,0.0,-0.326914516723058,49.61703718499676,0.3488900434580707,0
175,0.8278112449799198,Participant3_RS_FuUp,Endomorph,Normal,upright,1.0,0.0,0.0,-0.2799058971264817,49.85665714856015,0.3481546577380926,1
176,0.8325415949512336,Participant3_RS_FuUp,Endomorph,Normal,upright,1.0,0.0,0.0,-0.2691446962821179,48.84132204424756,0.3513892510622445,1
177,0.8372719449225474,Participant3_RS_FuUp,Endomorph,Normal,upright,1.0,0.0,0.0,-0.3172365198126127,49.27051862860609,0.3607719557133167,1
178,0.8420022948938612,Participant3_RS_FuUp,Endomorph,Normal,upright,1.0,0.0,0.0,-0.3223096908179494,49.00230706103681,0.3467184113362699,1
179,0.8467326448651751,Participant3_RS_FuUp,Endomorph,Normal,upright,1.0,0.0,0.0,-0.3783447281422184,49.14972720727535,0.346464931492404,1
180,0.8514629948364889,Participant3_RS_FuUp,Endomorph,Normal,upright,1.0,0.0,0.0,-0.3127813774443556,48.6387886517908,0.3540282790443048,1
181,0.8561933448078027,Participant3_RS_FuUp,Endomorph,Normal,upright,1.0,0.0,0.0,-0.3772423229401392,48.02557339877288,0.3487296662533692,1
182,0.8609236947791166,Participant3_RS_FuUp,Endomorph,Normal,upright,1.0,0.0,0.0,-0.4536165657290527,47.78899699912242,0.3698303254083661,1
183,0.8656540447504304,Participant3_RS_FuUp,Endomorph,Normal,upright,1.0,0.0,0.0,-0.3060716745167373,48.49852853727919,0.3581495076404992,1
184,0.8703843947217441,Participant3_RS_FuUp,Endomorph,Normal,upright,1.0,0.0,0.0,-0.3629059820165004,49.30035208192569,0.3688497273727387,1
185,0.8751147446930579,Participant3_RS_FuUp,Endomorph,Normal,upright,1.0,0.0,0.0,-0.3751262516530038,49.43970374467292,0.3591636165085779,1
186,0.8798450946643718,Participant3_RS_FuUp,Endomorph,Normal,upright,1.0,0.0,0.0,-0.3318579828688208,49.60119333269832,0.3628443422274604,1
187,0.8845754446356856,Participant3_RS_FuUp,Endomorph,Normal,upright,1.0,0.0,0.0,-0.3265030540900432,49.86274177088181,0.3532924280593508,1
188,0.8893057946069994,Participant3_RS_FuUp,Endomorph,Normal,upright,1.0,0.0,0.0,-0.2733223946846489,49.47082521074886,0.3534611817000747,1
189,0.8940361445783133,Participant3_RS_FuUp,Endomorph,Normal,upright,1.0,0.0,0.0,-0.27410618602334,49.14404939477992,0.3554928575475347,1
190,0.8987664945496271,Participant3_RS_FuUp,Endomorph,Normal,upright,1.0,0.0,0.0,-0.2442471366170917,49.334192338377584,0.3502837093477379,1
191,0.9034968445209408,Participant3_RS_FuUp,Endomorph,Normal,upright,1.0,0.0,0.0,-0.2481013806025398,50.049934872987606,0.3492213955488268,1
192,0.9082271944922548,Participant3_RS_FuUp,Endomorph,Normal,upright,1.0,0.0,0.0,-0.2860909597920025,49.79381690867087,0.3539715388488604,1
193,0.9129575444635686,Participant3_RS_FuUp,Endomorph,Normal,upright,1.0,0.0,0.0,-0.3377793636525141,49.10299970127485,0.3681003603054787,1
194,0.9176878944348824,Participant3_RS_FuUp,Endomorph,Normal,upright,1.0,0.0,0.0,-0.2581114170448038,49.55112086658319,0.3440626458721991,1
195,0.9224182444061962,Participant3_RS_FuUp,Endomorph,Normal,upright,1.0,0.0,0.0,-0.2647396518345427,49.7619433568566,0.3600174814538789,1
196,0.92714859437751,Participant3_RS_FuUp,Endomorph,Normal,upright,1.0,0.0,0.0,-0.2863101169609673,50.172491846783686,0.3443622472759426,1
197,0.931878944348824,Participant3_RS_FuUp,Endomorph,Normal,upright,1.0,0.0,0.0,-0.2316913909544971,50.157414896303855,0.3523546787677369,1
198,0.9366092943201376,Participant3_RS_FuUp,Endomorph,Normal,upright,1.0,0.0,0.0,-0.2001650260061078,49.068622818204304,0.3523087384540646,1
199,0.9413396442914516,Participant3_RS_FuUp,Endomorph,Normal,upright,1.0,0.0,0.0,-0.2445780250841152,50.169703913741806,0.3473586828045296,1
200,0.9460699942627654,Participant3_RS_FuUp,Endomorph,Normal,upright,1.0,0.0,0.0,-0.2441846873275119,49.6284130729065,0.3423307648572088,1
201,0.9508003442340792,Participant3_RS_FuUp,Endomorph,Normal,upright,1.0,0.0,0.0,-0.2351417155370829,49.84470048078136,0.3519890547875822,1
202,0.955530694205393,Participant3_RS_FuUp,Endomorph,Normal,upright,1.0,0.0,0.0,-0.2152697669105905,49.92251507833453,0.351188018406375,1
203,0.9602610441767068,Participant3_RS_FuUp,Endomorph,Normal,upright,1.0,0.0,0.0,-0.252541401855554,49.42664641414121,0.3487956857131378,1
204,0.9649913941480208,Participant3_RS_FuUp,Endomorph,Normal,upright,1.0,0.0,0.0,-0.2626809268267051,49.40610932549705,0.3496584759430908,1
205,0.9697217441193344,Participant3_RS_FuUp,Endomorph,Normal,upright,1.0,0.0,0.0,-0.2866355045803256,49.76549891192598,0.3451162769857404,1
206,0.9744520940906484,Participant3_RS_FuUp,Endomorph,Normal,upright,1.0,0.0,0.0,-0.2319421777454701,50.185029379809045,0.343500313622318,1
207,0.9791824440619622,Participant3_RS_FuUp,Endomorph,Normal,upright,1.0,0.0,0.0,-0.2485562136784029,50.00086046880428,0.3586546373925754,1
208,0.983912794033276,Participant3_RS_FuUp,Endomorph,Normal,upright,1.0,0.0,0.0,-0.3550876115269863,48.8083159815151,0.3533004626543681,1
209,0.98864314400459,Participant3_RS_FuUp,Endomorph,Normal,upright,1.0,0.0,0.0,-0.2663556083112365,50.26236895192906,0.3489476815993553,1
210,0.9933734939759036,Participant3_RS_FuUp,Endomorph,Normal,upright,1.0,0.0,0.0,-0.281368103209462,49.50498446421835,0.3601505525811363,1
211,0.9981038439472176,Participant3_RS_FuUp,Endomorph,Normal,upright,1.0,0.0,0.0,-0.2498474129726651,49.99630893013528,0.3578050405652938,1
212,1.0028341939185312,Participant3_RS_FuUp,Endomorph,Normal,upright,1.0,0.0,0.0,-0.252628388600472,49.48002256777559,0.3621995255170985,1
213,1.007564543889845,Participant3_RS_FuUp,Endomorph,Normal,upright,1.0,0.0,0.0,-0.2292693189417068,49.79413230642509,0.3500064213856644,1
214,1.012294893861159,Participant3_RS_FuUp,Endomorph,Normal,upright,1.0,0.0,0.0,-0.2754283200497305,49.570011162683954,0.3783893040739137,1
215,1.0170252438324727,Participant3_RS_FuUp,Endomorph,Normal,upright,1.0,0.0,0.0,-0.3458833156453615,49.27201795688153,0.3664621347087782,1
216,1.0217555938037866,Participant3_RS_FuUp,Endomorph,Normal,upright,1.0,0.0,0.0,-0.2700707784127105,49.03245391226558,0.3655072011956041,1
217,1.0264859437751004,Participant3_RS_FuUp,Endomorph,Normal,upright,1.0,0.0,0.0,-0.2590280967031888,49.624933958812434,0.3607808249262962,1
218,1.0312162937464142,Participant3_RS_FuUp,Endomorph,Normal,upright,1.0,0.0,0.0,-0.2728146918147998,49.5722914807947,0.3628706388370132,1
219,1.035946643717728,Participant3_RS_FuUp,Endomorph,Normal,upright,1.0,0.0,0.0,-0.2648800703722997,50.29549376683169,0.3582162317721872,1
220,1.040676993689042,Participant3_RS_FuUp,Endomorph,Normal,upright,1.0,0.0,0.0,-0.2599377270231516,50.39738965082128,0.3604681017254513,1
221,1.0454073436603557,Participant3_RS_FuUp,Endomorph,Normal,upright,1.0,0.0,0.0,-0.277547788877495,49.78298547288495,0.3513303567694115,1
222,1.0501376936316695,Participant3_RS_FuUp,Endomorph,Normal,upright,1.0,0.0,0.0,-0.3108261776205406,49.10087408237349,0.3615184358867935,1
223,1.0548680436029834,Participant3_RS_FuUp,Endomorph,Normal,upright,1.0,0.0,0.0,-0.2936800730203521,49.96724048898521,0.3515103378183067,1
224,1.0595983935742972,Participant3_RS_FuUp,Endomorph,Normal,upright,1.0,0.0,0.0,-0.2942574424263962,50.23013045077544,0.3556589662243422,1
225,1.064328743545611,Participant3_RS_FuUp,Endomorph,Normal,upright,1.0,0.0,0.0,-0.2478060306790422,50.097878519616735,0.3458544084291833,1
226,1.0690590935169249,Participant3_RS_FuUp,Endomorph,Normal,upright,1.0,0.0,0.0,-0.3006009577761137,49.26492568288106,0.3498218416075533,1
227,1.073789443488239,Participant3_RS_FuUp,Endomorph,Normal,upright,1.0,0.0,0.0,-0.2467846438450093,49.15298833628483,0.3492335925217957,1
228,1.0785197934595523,Participant3_RS_FuUp,Endomorph,Normal,upright,1.0,0.0,0.0,-0.2439496667460349,49.26737769899302,0.3552654592803576,1
229,1.0832501434308663,Participant3_RS_FuUp,Endomorph,Normal,upright,1.0,0.0,0.0,-0.2700611811548901,48.8267510258861,0.3553212605258253,1
230,1.0879804934021802,Participant3_RS_FuUp,Endomorph,Normal,upright,1.0,0.0,0.0,-0.2377920629156177,49.6678327003523,0.3450686960238301,1
231,1.092710843373494,Participant3_RS_FuUp,Endomorph,Normal,upright,1.0,0.0,0.0,-0.2506875384244792,50.32324812156978,0.3490087800186928,1
232,1.0974411933448078,Participant3_RS_FuUp,Endomorph,Normal,upright,1.0,0.0,0.0,-0.2570592949763348,48.71127163084235,0.3550947714314517,1
233,1.1021715433161217,Participant3_RS_FuUp,Endomorph,Normal,upright,1.0,0.0,0.0,-0.3389737758256498,49.02642280261095,0.363671311071903,1
234,1.1069018932874355,Participant3_RS_FuUp,Endomorph,Normal,upright,1.0,0.0,0.0,-0.4196732029137365,47.49611585767859,0.3689750667499791,1
235,1.111632243258749,Participant3_RS_FuUp,Endomorph,Normal,upright,1.0,0.0,0.0,-0.3818098732362831,49.35520262413514,0.3547860829091209,1
236,1.1163625932300631,Participant3_RS_FuUp,Endomorph,Normal,upright,1.0,0.0,0.0,-0.38075470867347,48.56482587281682,0.3640284205329115,1
237,1.121092943201377,Participant3_RS_FuUp,Endomorph,Normal,upright,1.0,0.0,0.0,-0.2578549488485165,49.71825282881551,0.3549252417683517,1
238,1.1258232931726908,Participant3_RS_FuUp,Endomorph,Normal,upright,1.0,0.0,0.0,-0.2910267649729021,49.36627733301712,0.3575602030405294,1
239,1.1305536431440046,Participant3_RS_FuUp,Endomorph,Normal,upright,1.0,0.0,0.0,-0.3678516809500731,48.69402907002237,0.3634275372007262,1
240,1.1352839931153185,Participant3_RS_FuUp,Endomorph,Normal,upright,1.0,0.0,0.0,-0.4349371969112724,48.167565308830206,0.3586006847078992,1
241,1.1400143430866323,Participant3_RS_FuUp,Endomorph,Normal,upright,1.0,0.0,0.0,-0.3421927072958366,48.71712684164851,0.3625026371746597,1
242,1.144744693057946,Participant3_RS_FuUp,Endomorph,Normal,upright,1.0,0.0,0.0,-0.3480140051992557,47.9276443385134,0.362362707695354,1
243,1.14947504302926,Participant3_RS_FuUp,Endomorph,Normal,upright,1.0,0.0,0.0,-0.340666898258386,48.03727248659276,0.3568731282628076,1
244,1.1542053930005738,Participant3_RS_FuUp,Endomorph,Normal,upright,1.0,0.0,0.0,-0.3742360883457785,47.66633134243285,0.3582517903775085,1
245,1.1589357429718876,Participant3_RS_FuUp,Endomorph,Normal,upright,1.0,0.0,0.0,-0.4010077168262289,47.28701851983661,0.3590176948231232,1
246,1.1636660929432014,Participant3_RS_FuUp,Endomorph,Normal,upright,1.0,0.0,0.0,-0.3114699977579614,49.429352654951785,0.3512538684142164,1
247,1.1683964429145153,Participant3_RS_FuUp,Endomorph,Normal,upright,1.0,0.0,0.0,-0.405702015509623,48.56742404469332,0.3629334699094301,1
248,1.173126792885829,Participant3_RS_FuUp,Endomorph,Normal,upright,1.0,0.0,0.0,-0.3722769632329433,49.02346502921607,0.3521248157245238,1
249,1.177857142857143,Participant3_RS_FuUp,Endomorph,Normal,upright,1.0,0.0,0.0,-0.3781175538732549,47.81384352117512,0.3593433351981166,1
250,1.1825874928284568,Participant3_RS_FuUp,Endomorph,Normal,upright,1.0,0.0,0.0,-0.3564153859471425,48.85217092231124,0.3636996342378162,1
251,1.1873178427997706,Participant3_RS_FuUp,Endomorph,Normal,upright,1.0,0.0,0.0,-0.3645172535959124,48.370447778691634,0.3585717135315409,1
252,1.1920481927710844,Participant3_RS_FuUp,Endomorph,Normal,upright,1.0,0.0,0.0,-0.3678859919251489,48.74255077533928,0.3432470985279869,1
253,1.1967785427423985,Participant3_RS_FuUp,Endomorph,Normal,upright,1.0,0.0,0.0,-0.349365777842427,49.31407699366647,0.3559551114842699,1
254,1.201508892713712,Participant3_RS_FuUp,Endomorph,Normal,upright,1.0,0.0,0.0,-0.3848444197938967,49.340871624175726,0.3442339771564263,1
255,1.206239242685026,Participant3_RS_FuUp,Endomorph,Normal,upright,1.0,0.0,0.0,-0.4042779378621046,49.13898042638599,0.3532811912083443,1
256,1.2109695926563395,Participant3_RS_FuUp,Endomorph,Normal,upright,1.0,0.0,0.0,-0.3749577906836457,48.48628116979389,0.3609514326289449,1
257,1.2156999426276536,Participant3_RS_FuUp,Endomorph,Normal,upright,1.0,0.0,0.0,-0.3837727127133513,48.14991797438796,0.3602223952282463,1
258,1.2204302925989674,Participant3_RS_FuUp,Endomorph,Normal,upright,1.0,0.0,0.0,-0.4052114478443653,48.831630330603,0.3586214889077401,1
259,1.2251606425702812,Participant3_RS_FuUp,Endomorph,Normal,upright,1.0,0.0,0.0,-0.4109331652426652,48.698315205992486,0.3572389332407113,1
260,1.229890992541595,Participant3_RS_FuUp,Endomorph,Normal,upright,1.0,0.0,0.0,-0.3575490329882873,48.696559970043474,0.3583157980445241,1
261,1.234621342512909,Participant3_RS_FuUp,Endomorph,Normal,upright,1.0,0.0,0.0,-0.2962379794924796,49.02966712057388,0.3592880862856319,1
262,1.2393516924842227,Participant3_RS_FuUp,Endomorph,Normal,upright,1.0,0.0,0.0,-0.283363741777821,49.762705848794255,0.3613813510332329,1
263,1.2440820424555366,Participant3_RS_FuUp,Endomorph,Normal,upright,1.0,0.0,0.0,-0.3051449535405103,49.02177514629288,0.3620311032662422,1
264,1.2488123924268504,Participant3_RS_FuUp,Endomorph,Normal,upright,1.0,0.0,0.0,-0.2896239490090305,48.39298242757216,0.3626536642290843,1
265,1.2535427423981642,Participant3_RS_FuUp,Endomorph,Normal,upright,1.0,0.0,0.0,-0.2906207763356058,49.22842281184869,0.3608537702655223,1
266,1.258273092369478,Participant3_RS_FuUp,Endomorph,Normal,upright,1.0,0.0,0.0,-0.2595440863198371,48.391457948992176,0.3544357755144917,1
267,1.263003442340792,Participant3_RS_FuUp,Endomorph,Normal,upright,1.0,0.0,0.0,-0.2931169216372237,48.73096048695344,0.3521422049516879,1
268,1.2677337923121057,Participant3_RS_FuUp,Endomorph,Normal,upright,1.0,0.0,0.0,-0.2578153268232112,49.17838621473909,0.3611345073828907,1
269,1.2724641422834195,Participant3_RS_FuUp,Endomorph,Normal,upright,1.0,0.0,0.0,-0.2341881733985811,48.69397456802719,0.3557925474759692,1
270,1.2771944922547334,Participant3_RS_FuUp,Endomorph,Normal,upright,1.0,0.0,0.0,-0.3344631486796637,48.94694074701349,0.3475547691740385,1
271,1.2819248422260472,Participant3_RS_FuUp,Endomorph,Normal,upright,1.0,0.0,0.0,-0.3580227996780321,47.07124198872022,0.3620246530372255,1
272,1.286655192197361,Participant3_RS_FuUp,Endomorph,Normal,upright,1.0,0.0,0.0,-0.3173056849295328,47.73773909139765,0.3696375446431716,1
273,1.2913855421686748,Participant3_RS_FuUp,Endomorph,Normal,upright,1.0,0.0,0.0,-0.399831707838062,48.06753652348613,0.3571299010368613,1
274,1.296115892139989,Participant3_RS_FuUp,Endomorph,Normal,upright,1.0,0.0,0.0,-0.4293423831865447,47.955262334562505,0.3642181633568558,1
275,1.3008462421113025,Participant3_RS_FuUp,Endomorph,Normal,upright,1.0,0.0,0.0,-0.362250177773057,48.431464251813445,0.3549110478449262,1
276,1.3055765920826163,Participant3_RS_FuUp,Endomorph,Normal,upright,1.0,0.0,0.0,-0.439361162891789,49.16961950789382,0.3602619564972729,1
277,1.3103069420539302,Participant3_RS_FuUp,Endomorph,Normal,upright,1.0,0.0,0.0,-0.3655807878106861,49.21643503327631,0.3561774715250284,1
278,1.315037292025244,Participant3_RS_FuUp,Endomorph,Normal,upright,1.0,0.0,0.0,-0.3526103739010129,49.07635890684289,0.3497258213438105,1
279,1.3197676419965578,Participant3_RS_FuUp,Endomorph,Normal,upright,1.0,0.0,0.0,-0.4297662413337151,47.72063360104928,0.3638853706299697,1
280,1.3244979919678717,Participant3_RS_FuUp,Endomorph,Normal,upright,1.0,0.0,0.0,-0.3908664866357566,49.73517948737704,0.3551619003546672,1
281,1.3292283419391857,Participant3_RS_FuUp,Endomorph,Normal,upright,1.0,0.0,0.0,-0.3107753951803135,47.64622052886016,0.3565307232240272,1
282,1.333958691910499,Participant3_RS_FuUp,Endomorph,Normal,upright,1.0,0.0,0.0,-0.2983900385941194,47.40142117967308,0.3592094796768983,1
283,1.3386890418818131,Participant3_RS_FuUp,Endomorph,Normal,upright,1.0,0.0,0.0,-0.324165976979723,47.14976701055985,0.3525657228573664,1
284,1.343419391853127,Participant3_RS_FuUp,Endomorph,Normal,upright,1.0,0.0,0.0,-0.4124783196788236,48.72939208895272,0.3594538057843713,1
285,1.3481497418244408,Participant3_RS_FuUp,Endomorph,Normal,upright,1.0,0.0,0.0,-0.3079049794883137,48.47693189635632,0.3514686359118008,1
286,1.3528800917957544,Participant3_RS_FuUp,Endomorph,Normal,upright,1.0,0.0,0.0,-0.2850889081197743,47.90184396524176,0.3544942078883226,1
287,1.3576104417670682,Participant3_RS_FuUp,Endomorph,Normal,upright,1.0,0.0,0.0,-0.2722405181941867,48.14536773945861,0.3465980490761659,1
288,1.362340791738382,Participant3_RS_FuUp,Endomorph,Normal,upright,1.0,0.0,0.0,-0.2716682316037437,48.26434048550276,0.3456172399270308,1
289,1.367071141709696,Participant3_RS_FuUp,Endomorph,Normal,upright,1.0,0.0,0.0,-0.357744975552414,49.38659906340705,0.3495279639257155,1
290,1.3718014916810095,Participant3_RS_FuUp,Endomorph,Normal,upright,1.0,0.0,0.0,-0.3256570250980857,48.66844459355307,0.3494378158581001,1
291,1.3765318416523236,Participant3_RS_FuUp,Endomorph,Normal,upright,1.0,0.0,0.0,-0.2864663351683267,48.87045121927186,0.3479283667172999,1
292,1.3812621916236374,Participant3_RS_FuUp,Endomorph,Normal,upright,1.0,0.0,0.0,-0.3537880911717347,47.7157301650276,0.3424306674152273,1
293,1.3859925415949512,Participant3_RS_FuUp,Endomorph,Normal,upright,1.0,0.0,0.0,-0.347772357732873,47.745722971750055,0.3387868326022722,1
294,1.390722891566265,Participant3_RS_FuUp,Endomorph,Normal,upright,1.0,0.0,0.0,-0.3527957229981479,47.98945372231216,0.3568023998659895,1
295,1.3954532415375789,Participant3_RS_FuUp,Endomorph,Normal,upright,1.0,0.0,0.0,-0.2744288191984797,48.73031674071069,0.352427215234405,1
296,1.4001835915088927,Participant3_RS_FuUp,Endomorph,Normal,upright,1.0,0.0,0.0,-0.2672629738588747,48.55595838003424,0.3505567263290658,1
297,1.4049139414802063,Participant3_RS_FuUp,Endomorph,Normal,upright,1.0,0.0,0.0,-0.3052972396172774,48.60513052789021,0.3530284460124284,1
298,1.4096442914515204,Participant3_RS_FuUp,Endomorph,Normal,upright,1.0,0.0,0.0,-0.3143324316451,48.01653658911855,0.3492950627682472,1
299,1.4143746414228342,Participant3_RS_FuUp,Endomorph,Normal,upright,1.0,0.0,0.0,-0.2869723434740908,48.58773523847693,0.3523617389965359,1
300,1.419104991394148,Participant3_RS_FuUp,Endomorph,Normal,upright,1.0,0.0,0.0,-0.3148731931536978,48.23130500755184,0.3508754427986148,1
301,1.423835341365462,Participant3_RS_FuUp,Endomorph,Normal,upright,1.0,0.0,0.0,-0.2835549610691777,48.42165406300574,0.3479415017837811,1
302,1.4285656913367757,Participant3_RS_FuUp,Endomorph,Normal,upright,1.0,0.0,0.0,-0.3552598247613521,47.92568672203103,0.3443199922007235,1
303,1.4332960413080895,Participant3_RS_FuUp,Endomorph,Normal,upright,1.0,0.0,0.0,-0.3208674880818508,48.37958985279745,0.3580131086406934,1
304,1.4380263912794031,Participant3_RS_FuUp,Endomorph,Normal,upright,1.0,0.0,0.0,-0.2929903504975393,48.83662763826474,0.3531304459744154,1
305,1.4427567412507172,Participant3_RS_FuUp,Endomorph,Normal,upright,1.0,0.0,0.0,-0.2813251333272617,48.7497081495355,0.347901598870855,1
306,1.447487091222031,Participant3_RS_FuUp,Endomorph,Normal,upright,1.0,0.0,0.0,-0.3297742899871548,48.85167743985112,0.3560248545927805,1
307,1.4522174411933448,Participant3_RS_FuUp,Endomorph,Normal,upright,1.0,0.0,0.0,-0.3763309393970423,48.9219239503992,0.3603696320633259,1
308,1.456947791164659,Participant3_RS_FuUp,Endomorph,Normal,upright,1.0,0.0,0.0,-0.2927047500015745,48.6785902713444,0.345082049198331,1
309,1.4616781411359725,Participant3_RS_FuUp,Endomorph,Normal,upright,1.0,0.0,0.0,-0.3421470063768234,48.43310409195264,0.3439926312282589,1
310,1.4664084911072863,Participant3_RS_FuUp,Endomorph,Normal,upright,1.0,0.0,0.0,-0.3237278612182915,47.86532678648009,0.3449507406474491,1
311,1.4711388410786002,Participant3_RS_FuUp,Endomorph,Normal,upright,1.0,0.0,0.0,-0.335854328824919,47.73932474378184,0.3567723473542148,1
312,1.475869191049914,Participant3_RS_FuUp,Endomorph,Normal,upright,1.0,0.0,0.0,-0.3238126667490778,48.06147449900107,0.3567370754990223,1
313,1.4805995410212278,Participant3_RS_FuUp,Endomorph,Normal,upright,1.0,0.0,0.0,-0.3695249455340322,47.45778254590359,0.3579772770174946,1
314,1.4853298909925416,Participant3_RS_FuUp,Endomorph,Normal,upright,1.0,0.0,0.0,-0.2723165851483879,48.014148194271584,0.3538248880101971,1
315,1.4900602409638557,Participant3_RS_FuUp,Endomorph,Normal,upright,1.0,0.0,0.0,-0.3823820769574378,48.01783315893876,0.3494390873534293,1
316,1.4947905909351693,Participant3_RS_FuUp,Endomorph,Normal,upright,1.0,0.0,0.0,-0.3009447643680563,47.87005765917865,0.3434567514545711,1
317,1.4995209409064831,Participant3_RS_FuUp,Endomorph,Normal,upright,1.0,0.0,0.0,-0.3325220762430079,47.9722852849598,0.3469838651892964,1
318,1.504251290877797,Participant3_RS_FuUp,Endomorph,Normal,upright,1.0,0.0,0.0,-0.3885229980695134,48.58643306666559,0.3467184750153456,1
319,1.5089816408491108,Participant3_RS_FuUp,Endomorph,Normal,upright,1.0,0.0,0.0,-0.3954229268531283,48.90643656175295,0.3552823537248307,1
320,1.5137119908204246,Participant3_RS_FuUp,Endomorph,Normal,upright,1.0,0.0,0.0,-0.4733788140310973,47.62256784008574,0.3622752659238768,1
321,1.5184423407917385,Participant3_RS_FuUp,Endomorph,Normal,upright,1.0,0.0,0.0,-0.3777832408714379,48.46888384804574,0.3583437453977791,1
322,1.5231726907630525,Participant3_RS_FuUp,Endomorph,Normal,upright,1.0,0.0,0.0,-0.4475313363620163,47.38520390995023,0.3615219721371834,1
323,1.527903040734366,Participant3_RS_FuUp,Endomorph,Normal,upright,1.0,0.0,0.0,-0.4252683340884891,47.09412031186376,0.3557360878559175,1
324,1.53263339070568,Participant3_RS_FuUp,Endomorph,Normal,upright,1.0,0.0,0.0,-0.4998449165834169,46.717008500804525,0.3606250435965767,1
325,1.5373637406769938,Participant3_RS_FuUp,Endomorph,Normal,upright,1.0,0.0,0.0,-0.3176502910353921,47.77032136974776,0.3588475646264036,1
326,1.5420940906483076,Participant3_RS_FuUp,Endomorph,Normal,upright,1.0,0.0,0.0,-0.2879057725631591,48.23745531721737,0.3602492352427519,1
327,1.5468244406196214,Participant3_RS_FuUp,Endomorph,Normal,upright,1.0,0.0,0.0,-0.3137093781933847,48.34636185999101,0.3636451968522759,1
328,1.5515547905909353,Participant3_RS_FuUp,Endomorph,Normal,upright,1.0,0.0,0.0,-0.3075816792120271,48.862393217479685,0.3621889482329041,1
329,1.556285140562249,Participant3_RS_FuUp,Endomorph,Normal,upright,1.0,0.0,0.0,-0.285399017390252,48.17686172782607,0.3537050094860903,1
330,1.561015490533563,Participant3_RS_FuUp,Endomorph,Normal,upright,1.0,0.0,0.0,-0.2985347394338377,47.81690225859839,0.3435211365736716,1
331,1.5657458405048768,Participant3_RS_FuUp,Endomorph,Normal,upright,1.0,0.0,0.0,-0.326873775121538,47.65690295945874,0.3451151084101319,1
332,1.5704761904761906,Participant3_RS_FuUp,Endomorph,Normal,upright,1.0,0.0,0.0,-0.2435851879783784,48.84897578491751,0.3558854475845347,1
333,1.5752065404475044,Participant3_RS_FuUp,Endomorph,Normal,upright,1.0,0.0,0.0,-0.3899425834662728,48.66641915975996,0.3541858346764031,1
334,1.5799368904188182,Participant3_RS_FuUp,Endomorph,Normal,upright,1.0,0.0,0.0,-0.2940860429546926,48.17761944470985,0.3546985991550989,1
335,1.584667240390132,Participant3_RS_FuUp,Endomorph,Normal,upright,1.0,0.0,0.0,-0.2384149931154888,49.20017188081238,0.3611086266155516,1
336,1.589397590361446,Participant3_RS_FuUp,Endomorph,Normal,upright,1.0,0.0,0.0,-0.218891827697982,48.9723872630632,0.3477266015648234,1
337,1.5941279403327595,Participant3_RS_FuUp,Endomorph,Normal,upright,1.0,0.0,0.0,-0.2781158140736434,49.05013472550292,0.3588710070112948,1
338,1.5988582903040736,Participant3_RS_FuUp,Endomorph,Normal,upright,1.0,0.0,0.0,-0.2482054888039958,48.92308820157415,0.3618846123422325,1
339,1.6035886402753874,Participant3_RS_FuUp,Endomorph,Normal,upright,1.0,0.0,0.0,-0.4290194381456454,48.338770532142455,0.3689041788160743,1
340,1.6083189902467012,Participant3_RS_FuUp,Endomorph,Normal,upright,1.0,0.0,0.0,-0.2848989224882376,48.82360704499441,0.3532337074110291,1
341,1.613049340218015,Participant3_RS_FuUp,Endomorph,Normal,upright,1.0,0.0,0.0,-0.3649017096255802,49.02568595336515,0.3649394435922676,1
342,1.6177796901893289,Participant3_RS_FuUp,Endomorph,Normal,upright,1.0,0.0,0.0,-0.2440444929996741,49.02056222561604,0.3602713775532787,1
343,1.6225100401606427,Participant3_RS_FuUp,Endomorph,Normal,upright,1.0,0.0,0.0,-0.2870317630289969,48.19071126012062,0.3617821269623958,1
344,1.6272403901319563,Participant3_RS_FuUp,Endomorph,Normal,upright,1.0,0.0,0.0,-0.2344142565243291,49.10244478548665,0.3575940862835304,1
345,1.6319707401032704,Participant3_RS_FuUp,Endomorph,Normal,upright,1.0,0.0,0.0,-0.2279030834524191,48.89855411017247,0.3570304945450636,1
346,1.6367010900745842,Participant3_RS_FuUp,Endomorph,Normal,upright,1.0,0.0,0.0,-0.2551968912623176,48.73850582340668,0.3582182677837923,1
347,1.641431440045898,Participant3_RS_FuUp,Endomorph,Normal,upright,1.0,0.0,0.0,-0.245332191017959,49.05303428831877,0.3518536358242867,1
348,1.646161790017212,Participant3_RS_FuUp,Endomorph,Normal,upright,1.0,0.0,0.0,-0.2573249004836766,48.91384618672356,0.3514037412260002,1
349,1.6508921399885257,Participant3_RS_FuUp,Endomorph,Normal,upright,1.0,0.0,0.0,-0.2766863311500187,48.42109141017343,0.3491223496802409,1
350,1.6556224899598395,Participant3_RS_FuUp,Endomorph,Normal,upright,1.0,0.0,0.0,-0.2573130578822716,48.47942917017463,0.3532422278574476,1
351,1.6603528399311531,Participant3_RS_FuUp,Endomorph,Normal,upright,1.0,0.0,0.0,-0.2719277870179059,48.19194065906328,0.3536802446568196,1
352,1.6650831899024672,Participant3_RS_FuUp,Endomorph,Normal,upright,1.0,0.0,0.0,-0.2555548711797435,47.84757303500958,0.3556453794133956,1
353,1.669813539873781,Participant3_RS_FuUp,Endomorph,Normal,upright,1.0,0.0,0.0,-0.3876547447952796,47.68223926573948,0.3461117734890753,1
354,1.6745438898450948,Participant3_RS_FuUp,Endomorph,Normal,upright,1.0,0.0,0.0,-0.3740378074127553,48.741465082472864,0.3590455750527697,1
355,1.6792742398164089,Participant3_RS_FuUp,Endomorph,Normal,upright,1.0,0.0,0.0,-0.3542576163247146,48.25080983047344,0.353816581590276,1
356,1.6840045897877225,Participant3_RS_FuUp,Endomorph,Normal,upright,1.0,0.0,0.0,-0.2765557301943762,48.47166264858829,0.3659066250526962,1
357,1.6887349397590363,Participant3_RS_FuUp,Endomorph,Normal,upright,1.0,0.0,0.0,-0.3421026667177942,48.31603043209598,0.3653584051928166,1
358,1.6934652897303502,Participant3_RS_FuUp,Endomorph,Normal,upright,1.0,0.0,0.0,-0.2926801159502303,48.230647990442726,0.3600750043122384,1
359,1.698195639701664,Participant3_RS_FuUp,Endomorph,Normal,upright,1.0,0.0,0.0,-0.2740757130314348,48.21042135913495,0.3490897163560502,1
360,1.7029259896729778,Participant3_RS_FuUp,Endomorph,Normal,upright,1.0,0.0,0.0,-0.2926486614229547,47.397330362875785,0.3453363301061489,1
361,1.7076563396442916,Participant3_RS_FuUp,Endomorph,Normal,upright,1.0,0.0,0.0,-0.3750364748167211,47.84486444802871,0.3574040628402491,1
362,1.7123866896156057,Participant3_RS_FuUp,Endomorph,Normal,upright,1.0,0.0,0.0,-0.4144781710992107,47.245210734862056,0.3623058814854423,1
363,1.7171170395869193,Participant3_RS_FuUp,Endomorph,Normal,upright,1.0,0.0,0.0,-0.3647960910978656,48.034345450069225,0.3591967353620082,1
364,1.7218473895582331,Participant3_RS_FuUp,Endomorph,Normal,upright,1.0,0.0,0.0,-0.263446145324396,48.780996044744136,0.3502021646237271,1
365,1.726577739529547,Participant3_RS_FuUp,Endomorph,Normal,upright,1.0,0.0,0.0,-0.2380127024638348,48.29446449080604,0.3469031608831426,1
366,1.7313080895008608,Participant3_RS_FuUp,Endomorph,Normal,upright,1.0,0.0,0.0,-0.2847527902485864,48.84234359667814,0.3712090445178027,1
367,1.7360384394721746,Participant3_RS_FuUp,Endomorph,Normal,upright,1.0,0.0,0.0,-0.3678031131621035,47.73662943386822,0.3677840231756648,1
368,1.7407687894434882,Participant3_RS_FuUp,Endomorph,Normal,upright,1.0,0.0,0.0,-0.3611309568806764,48.36587566338077,0.3664741881096061,1
369,1.745499139414802,Participant3_RS_FuUp,Endomorph,Normal,upright,1.0,0.0,0.0,-0.3883189306897512,47.80336612021681,0.367524554434415,1
370,1.750229489386116,Participant3_RS_FuUp,Endomorph,Normal,upright,1.0,0.0,0.0,-0.3853210373403464,47.06595328117567,0.3648707368521436,1
371,1.7549598393574295,Participant3_RS_FuUp,Endomorph,Normal,upright,1.0,0.0,0.0,-0.4610753728215113,47.176433928968144,0.3635293834597388,1
372,1.7596901893287435,Participant3_RS_FuUp,Endomorph,Normal,upright,1.0,0.0,0.0,-0.4073144865208258,47.830106384718825,0.3602179585913962,1
373,1.7644205393000574,Participant3_RS_FuUp,Endomorph,Normal,upright,1.0,0.0,0.0,-0.2628212670068387,47.81536937471391,0.3550062340194758,1
374,1.7691508892713712,Participant3_RS_FuUp,Endomorph,Normal,upright,1.0,0.0,0.0,-0.3838847296299915,47.042687946543055,0.3624812232411141,1
375,1.773881239242685,Participant3_RS_FuUp,Endomorph,Normal,upright,1.0,0.0,0.0,-0.3670815202234349,47.34980332951134,0.366338297786521,1
376,1.7786115892139989,Participant3_RS_FuUp,Endomorph,Normal,upright,1.0,0.0,0.0,-0.3745789393499537,47.783050746199166,0.3570498312134366,1
377,1.7833419391853127,Participant3_RS_FuUp,Endomorph,Normal,upright,1.0,0.0,0.0,-0.4291777381165327,48.0303796982206,0.3636492091073131,1
378,1.7880722891566263,Participant3_RS_FuUp,Endomorph,Normal,upright,1.0,0.0,0.0,-0.2823113964338929,47.57809944458513,0.360500375343162,1
379,1.7928026391279404,Participant3_RS_FuUp,Endomorph,Normal,upright,1.0,0.0,0.0,-0.2551742999116383,49.02732199366501,0.3604720056175607,1
380,1.7975329890992542,Participant3_RS_FuUp,Endomorph,Normal,upright,1.0,0.0,0.0,-0.2390287236145404,48.22408958374979,0.3600967812380913,1
381,1.802263339070568,Participant3_RS_FuUp,Endomorph,Normal,upright,1.0,0.0,0.0,-0.2492486376661187,48.925205238643,0.3677441940365645,1
382,1.8069936890418816,Participant3_RS_FuUp,Endomorph,Normal,upright,1.0,0.0,0.0,-0.2510045047728316,48.70484937620424,0.3585117158901631,1
383,1.811724039013196,Participant3_RS_FuUp,Endomorph,Normal,upright,1.0,0.0,0.0,-0.2424208424983782,48.75352887631941,0.3586762541794841,1
384,1.8164543889845093,Participant3_RS_FuUp,Endomorph,Normal,upright,1.0,0.0,0.0,-0.2532750997001722,47.692870726257,0.3569744892594026,1
385,1.8211847389558236,Participant3_RS_FuUp,Endomorph,Normal,upright,1.0,0.0,0.0,-0.2698727578499031,48.11603861760816,0.3618420383948785,1
386,1.8259150889271367,Participant3_RS_FuUp,Endomorph,Normal,upright,1.0,0.0,0.0,-0.3232690406530422,48.11148529412481,0.3579532981080711,1
387,1.830645438898451,Participant3_RS_FuUp,Endomorph,Normal,upright,1.0,0.0,0.0,-0.4204544883135602,47.976813223172016,0.360235453598078,1
388,1.8353757888697648,Participant3_RS_FuUp,Endomorph,Normal,upright,1.0,0.0,0.0,-0.3581422906461285,48.24200100337943,0.3541290979192308,1
389,1.8401061388410789,Participant3_RS_FuUp,Endomorph,Normal,upright,1.0,0.0,0.0,-0.4245797231083055,47.72377075209583,0.348452466774879,1
390,1.8448364888123925,Participant3_RS_FuUp,Endomorph,Normal,upright,1.0,0.0,0.0,-0.2868654084004863,47.55458476797273,0.3543376573892209,1
391,1.8495668387837063,Participant3_RS_FuUp,Endomorph,Normal,upright,1.0,0.0,0.0,-0.4534564123840641,47.30078916725029,0.3566769783325964,1
392,1.85429718875502,Participant3_RS_FuUp,Endomorph,Normal,upright,1.0,0.0,0.0,-0.3325369770472126,48.059932849727744,0.355400195029685,1
393,1.859027538726334,Participant3_RS_FuUp,Endomorph,Normal,upright,1.0,0.0,0.0,-0.487133803665678,47.145221481991314,0.3544130151284214,1
394,1.863757888697648,Participant3_RS_FuUp,Endomorph,Normal,upright,1.0,0.0,0.0,-0.2767165039098515,47.42221444603693,0.3498849716473732,1
395,1.8684882386689616,Participant3_RS_FuUp,Endomorph,Normal,upright,1.0,0.0,0.0,-0.2721546884284023,47.01212307023498,0.3574261690400528,1
396,1.8732185886402757,Participant3_RS_FuUp,Endomorph,Normal,upright,1.0,0.0,0.0,-0.2618019050583136,47.6685439143048,0.3546276464477355,1
397,1.8779489386115893,Participant3_RS_FuUp,Endomorph,Normal,upright,1.0,0.0,0.0,-0.4489304407058272,47.31445774510587,0.3599352016255059,1
398,1.8826792885829031,Participant3_RS_FuUp,Endomorph,Normal,upright,1.0,0.0,0.0,-0.3360503482645011,46.39038356793988,0.3617768789612703,1
399,1.887409638554217,Participant3_RS_FuUp,Endomorph,Normal,upright,1.0,0.0,0.0,-0.2988130029364673,46.991653300272006,0.3541722455920303,1
400,1.8921399885255308,Participant3_RS_FuUp,Endomorph,Normal,upright,1.0,0.0,0.0,-0.2995540933754346,45.927479281429335,0.3577060609604707,1
401,1.8968703384968448,Participant3_RS_FuUp,Endomorph,Normal,upright,1.0,0.0,0.0,-0.3198529076150124,45.82764117871257,0.3606332715913655,1
402,1.9016006884681584,Participant3_RS_FuUp,Endomorph,Normal,upright,1.0,0.0,0.0,-0.322852411334148,46.95030971910083,0.356744200703273,1
403,1.9063310384394725,Participant3_RS_FuUp,Endomorph,Normal,upright,1.0,0.0,0.0,-0.3106506626972012,46.60062695336055,0.3536575482953499,1
404,1.911061388410786,Participant3_RS_FuUp,Endomorph,Normal,upright,1.0,0.0,0.0,-0.3411294501276023,46.2092707914153,0.3693292809429476,1
405,1.9157917383821,Participant3_RS_FuUp,Endomorph,Normal,upright,1.0,0.0,0.0,-0.4323780922064122,46.166044846899126,0.3605603121824489,1
406,1.9205220883534135,Participant3_RS_FuUp,Endomorph,Normal,upright,1.0,0.0,0.0,-0.331393483401773,47.298836792579685,0.3652324374782061,1
407,1.925252438324728,Participant3_RS_FuUp,Endomorph,Normal,upright,1.0,0.0,0.0,-0.2643636035963078,48.10351227351314,0.3610865554592751,1
408,1.9299827882960412,Participant3_RS_FuUp,Endomorph,Normal,upright,1.0,0.0,0.0,-0.2555892210638449,48.60141020973525,0.3623245979444249,1
409,1.9347131382673552,Participant3_RS_FuUp,Endomorph,Normal,upright,1.0,0.0,0.0,-0.2743317322961722,46.90479555499413,0.3607026738774569,1
410,1.939443488238669,Participant3_RS_FuUp,Endomorph,Normal,upright,1.0,0.0,0.0,-0.2804238984777201,46.61549851899572,0.3477538166189931,1
411,1.944173838209983,Participant3_RS_FuUp,Endomorph,Normal,upright,1.0,0.0,0.0,-0.3705829302957447,46.53850673523553,0.3482060071435287,1
412,1.9489041881812967,Participant3_RS_FuUp,Endomorph,Normal,upright,1.0,0.0,0.0,-0.4132088450671916,45.72199725513903,0.3476144984679233,1
413,1.9536345381526103,Participant3_RS_FuUp,Endomorph,Normal,upright,1.0,0.0,0.0,-0.3432907066322748,48.50797411854599,0.3639157797854681,1
414,1.9583648881239244,Participant3_RS_FuUp,Endomorph,Normal,upright,1.0,0.0,0.0,-0.345356332024811,47.80138023682964,0.3596546899898505,1
415,1.9630952380952384,Participant3_RS_FuUp,Endomorph,Normal,upright,1.0,0.0,0.0,-0.3767464436899768,47.39840242076552,0.3549997108698332,1
416,1.967825588066552,Participant3_RS_FuUp,Endomorph,Normal,upright,1.0,0.0,0.0,-0.3771227124667646,46.37072828015769,0.3481604950836364,1
417,1.9725559380378657,Participant3_RS_FuUp,Endomorph,Normal,upright,1.0,0.0,0.0,-0.4207104114350286,47.53516331822623,0.3575605651897391,1
418,1.97728628800918,Participant3_RS_FuUp,Endomorph,Normal,upright,1.0,0.0,0.0,-0.3217442330614036,48.18992114696663,0.3556707542129264,1
419,1.982016637980493,Participant3_RS_FuUp,Endomorph,Normal,upright,1.0,0.0,0.0,-0.3235545694422614,47.64197774415445,0.3528338140587664,1
420,1.9867469879518076,Participant3_RS_FuUp,Endomorph,Normal,upright,1.0,0.0,0.0,-0.3649114810262289,46.858312022697525,0.3562291983260743,1
421,1.9914773379231208,Participant3_RS_FuUp,Endomorph,Normal,upright,1.0,0.0,0.0,-0.4875757864709829,46.07935057116467,0.3629795015282626,1
422,1.996207687894435,Participant3_RS_FuUp,Endomorph,Normal,upright,1.0,0.0,0.0,-0.3814564730241253,46.31677223771103,0.3690614301526406,1
423,2.000938037865749,Participant3_RS_FuUp,Endomorph,Normal,upright,1.0,0.0,0.0,-0.3029741750981243,46.99259895624744,0.3496096732325103,1
424,2.0056683878370625,Participant3_RS_FuUp,Endomorph,Normal,upright,1.0,0.0,0.0,-0.2952878294478053,46.7892274319908,0.3488280533965745,1
425,2.0103987378083765,Participant3_RS_FuUp,Endomorph,Normal,upright,1.0,0.0,0.0,-0.4493900500637694,45.283987216304304,0.3520936833072394,1
426,2.01512908777969,Participant3_RS_FuUp,Endomorph,Normal,upright,1.0,0.0,0.0,-0.3389486626266214,46.6351498110818,0.3605780101989101,1
427,2.019859437751004,Participant3_RS_FuUp,Endomorph,Normal,upright,1.0,0.0,0.0,-0.336814747745716,46.124296197509,0.3634300955062816,1
428,2.024589787722318,Participant3_RS_FuUp,Endomorph,Normal,upright,1.0,0.0,0.0,-0.3446311241596916,45.69548814306646,0.3606562974393847,1
429,2.029320137693632,Participant3_RS_FuUp,Endomorph,Normal,upright,1.0,0.0,0.0,-0.2769471591522193,46.7755483648065,0.3539748113827214,1
430,2.034050487664945,Participant3_RS_FuUp,Endomorph,Normal,upright,1.0,0.0,0.0,-0.3408026950140026,46.10234328897429,0.3554928164317693,1
431,2.0387808376362595,Participant3_RS_FuUp,Endomorph,Normal,upright,1.0,0.0,0.0,-0.4451898395440224,46.12600890112744,0.3570804453327515,1
432,2.043511187607573,Participant3_RS_FuUp,Endomorph,Normal,upright,1.0,0.0,0.0,-0.3512046786734488,46.22769866787703,0.3614766053146406,1
433,2.048241537578887,Participant3_RS_FuUp,Endomorph,Normal,upright,1.0,0.0,0.0,-0.26491470521562,47.00891047595786,0.3566679284442012,1
434,2.0529718875502008,Participant3_RS_FuUp,Endomorph,Normal,upright,1.0,0.0,0.0,-0.2789153463794634,47.29400929465625,0.3508998363716984,1
435,2.057702237521515,Participant3_RS_FuUp,Endomorph,Normal,upright,1.0,0.0,0.0,-0.2513491822618314,46.52938627427569,0.3589648684097377,1
436,2.0624325874928284,Participant3_RS_FuUp,Endomorph,Normal,upright,1.0,0.0,0.0,-0.2781745185170893,46.36020717280815,0.3529122701971294,1
437,2.0671629374641425,Participant3_RS_FuUp,Endomorph,Normal,upright,1.0,0.0,0.0,-0.3270243814211471,46.492718139540216,0.3657746712293871,1
438,2.071893287435456,Participant3_RS_FuUp,Endomorph,Normal,upright,1.0,0.0,0.0,-0.2776348988654323,46.26040860419459,0.3664134673888498,1
439,2.07662363740677,Participant3_RS_FuUp,Endomorph,Normal,upright,1.0,0.0,0.0,-0.2778201483990179,46.63994536643308,0.3556451521956249,1
440,2.081353987378084,Participant3_RS_FuUp,Endomorph,Normal,upright,1.0,0.0,0.0,-0.2610955328297475,48.26765086478458,0.3621719199713627,1
441,2.086084337349398,Participant3_RS_FuUp,Endomorph,Normal,upright,1.0,0.0,0.0,-0.2442738241826553,48.40641435641476,0.3537753059325006,1
442,2.0908146873207114,Participant3_RS_FuUp,Endomorph,Normal,upright,1.0,0.0,0.0,-0.332982768641811,47.59049889648157,0.3609139751129481,1
443,2.095545037292025,Participant3_RS_FuUp,Endomorph,Normal,upright,1.0,0.0,0.0,-0.4223070895313282,46.652724280870736,0.3677210011987737,1
444,2.100275387263339,Participant3_RS_FuUp,Endomorph,Normal,upright,1.0,0.0,0.0,-0.2928200502160566,46.22528300469829,0.369012276145465,1
445,2.105005737234653,Participant3_RS_FuUp,Endomorph,Normal,upright,1.0,0.0,0.0,-0.4126114928678145,47.14683556924157,0.3708628773922889,1
446,2.1097360872059667,Participant3_RS_FuUp,Endomorph,Normal,upright,1.0,0.0,0.0,-0.3426228316859029,47.16455086651229,0.3682540835244591,1
447,2.1144664371772808,Participant3_RS_FuUp,Endomorph,Normal,upright,1.0,0.0,0.0,-0.309057297495255,46.73461975891146,0.3662962668129713,1
448,2.1191967871485944,Participant3_RS_FuUp,Endomorph,Normal,upright,1.0,0.0,0.0,-0.2815369961168185,46.95219037880686,0.3717755798605653,1
449,2.1239271371199084,Participant3_RS_FuUp,Endomorph,Normal,upright,1.0,0.0,0.0,-0.2917059790459877,45.98700163485747,0.3594182036144969,1
450,2.128657487091222,Participant3_RS_FuUp,Endomorph,Normal,upright,1.0,0.0,0.0,-0.2900222905214192,46.27250544068181,0.3656071769123928,1
451,2.133387837062536,Participant3_RS_FuUp,Endomorph,Normal,upright,1.0,0.0,0.0,-0.3665442178203235,46.449327557654016,0.3624772559620167,1
452,2.1381181870338497,Participant3_RS_FuUp,Endomorph,Normal,upright,1.0,0.0,0.0,-0.3247226449956948,45.9928311360144,0.3542909213840723,1
453,2.142848537005164,Participant3_RS_FuUp,Endomorph,Normal,upright,1.0,0.0,0.0,-0.2771913955880263,47.126661087376064,0.3673615785023409,1
454,2.1475788869764774,Participant3_RS_FuUp,Endomorph,Normal,upright,1.0,0.0,0.0,-0.4143203429560953,46.64706198387197,0.3648065889592441,1
455,2.1523092369477914,Participant3_RS_FuUp,Endomorph,Normal,upright,1.0,0.0,0.0,-0.3842304002943458,46.7010588373031,0.3561769094240682,1
456,2.157039586919105,Participant3_RS_FuUp,Endomorph,Normal,upright,1.0,0.0,0.0,-0.4072163126261036,46.33910078166511,0.3677613554874162,1
457,2.161769936890419,Participant3_RS_FuUp,Endomorph,Normal,upright,1.0,0.0,0.0,-0.3756928410404331,46.48331054010351,0.368880008476119,1
458,2.1665002868617327,Participant3_RS_FuUp,Endomorph,Normal,upright,1.0,0.0,0.0,-0.3378085228180552,46.15794674617956,0.369416670371452,1
459,2.1712306368330467,Participant3_RS_FuUp,Endomorph,Normal,upright,1.0,0.0,0.0,-0.3226194917111405,46.63614027204833,0.3650825391012882,1
460,2.1759609868043603,Participant3_RS_FuUp,Endomorph,Normal,upright,1.0,0.0,0.0,-0.2854122135235989,46.75638410949821,0.3571999743347285,1
461,2.1806913367756744,Participant3_RS_FuUp,Endomorph,Normal,upright,1.0,0.0,0.0,-0.342529468885108,46.83683500624321,0.3551332729644815,1
462,2.185421686746988,Participant3_RS_FuUp,Endomorph,Normal,upright,1.0,0.0,0.0,-0.3273585283822504,47.135905702436624,0.3609155655271671,1
463,2.190152036718302,Participant3_RS_FuUp,Endomorph,Normal,upright,1.0,0.0,0.0,-0.3593088742673005,46.76264963065633,0.3558393587039523,1
464,2.194882386689616,Participant3_RS_FuUp,Endomorph,Normal,upright,1.0,0.0,0.0,-0.2789917745740485,48.41920922127839,0.3583331880985808,1
465,2.1996127366609297,Participant3_RS_FuUp,Endomorph,Normal,upright,1.0,0.0,0.0,-0.3235436094945981,47.91793398886257,0.357262016246732,1
466,2.2043430866322438,Participant3_RS_FuUp,Endomorph,Normal,upright,1.0,0.0,0.0,-0.336848410666671,47.36178476771549,0.3551880358033331,1
467,2.2090734366035574,Participant3_RS_FuUp,Endomorph,Normal,upright,1.0,0.0,0.0,-0.3209653296140633,47.80618689908389,0.370726200282915,1
468,2.213803786574871,Participant3_RS_FuUp,Endomorph,Normal,upright,1.0,0.0,0.0,-0.2697486738560246,48.21635985419095,0.3673339604724167,1
469,2.218534136546185,Participant3_RS_FuUp,Endomorph,Normal,upright,1.0,0.0,0.0,-0.2988375032216104,47.691875655897086,0.3623946780800285,1
470,2.223264486517498,Participant3_RS_FuUp,Endomorph,Normal,upright,1.0,0.0,0.0,-0.2967544228081076,48.40152136955216,0.370624504992247,1
471,2.2279948364888127,Participant3_RS_FuUp,Endomorph,Normal,upright,1.0,0.0,0.0,-0.2739445321982269,47.9160206570996,0.3531259206910798,1
472,2.2327251864601263,Participant3_RS_FuUp,Endomorph,Normal,upright,1.0,0.0,0.0,-0.2975097705258944,47.20038043200247,0.3487298639172327,1
473,2.2374555364314404,Participant3_RS_FuUp,Endomorph,Normal,upright,1.0,0.0,0.0,-0.3065049022402972,47.9302937190963,0.3497967489626524,1
474,2.242185886402754,Participant3_RS_FuUp,Endomorph,Normal,upright,1.0,0.0,0.0,-0.2973636890127685,46.53750901052749,0.3425557028340841,1
475,2.246916236374068,Participant3_RS_FuUp,Endomorph,Normal,upright,1.0,0.0,0.0,-0.4354666661072692,46.56184173117421,0.3558753498534612,1
476,2.2516465863453816,Participant3_RS_FuUp,Endomorph,Normal,upright,1.0,0.0,0.0,-0.4023022143737237,46.12070536624898,0.3603049567265319,1
477,2.256376936316696,Participant3_RS_FuUp,Endomorph,Normal,upright,1.0,0.0,0.0,-0.3382017695476674,47.000810465498574,0.3375712494037455,1
478,2.2611072862880093,Participant3_RS_FuUp,Endomorph,Normal,upright,1.0,0.0,0.0,-0.2825808337925726,47.32738074977729,0.3468542373097251,1
479,2.2658376362593238,Participant3_RS_FuUp,Endomorph,Normal,upright,1.0,0.0,0.0,-0.4148831256796174,46.25830762766834,0.3445752233870534,1
480,2.270567986230637,Participant3_RS_FuUp,Endomorph,Normal,upright,1.0,0.0,0.0,-0.3824626430696622,46.95277636847138,0.3473591909815458,1
481,2.275298336201951,Participant3_RS_FuUp,Endomorph,Normal,upright,1.0,0.0,0.0,-0.3541146966698484,46.9668045845623,0.3501024702553019,1
482,2.2800286861732646,Participant3_RS_FuUp,Endomorph,Normal,upright,1.0,0.0,0.0,-0.3156709983300362,47.24266312503137,0.3491490460975725,1
483,2.284759036144578,Participant3_RS_FuUp,Endomorph,Normal,upright,1.0,0.0,0.0,-0.4963567085268643,46.66838110953062,0.3635269133855134,1
484,2.2894893861158923,Participant3_RS_FuUp,Endomorph,Normal,upright,1.0,0.0,0.0,-0.4046456559110793,46.619810764511314,0.3610112709645152,1
485,2.2942197360872063,Participant3_RS_FuUp,Endomorph,Normal,upright,1.0,0.0,0.0,-0.3852729286787971,46.01962045947134,0.3570802118451011,1
486,2.29895008605852,Participant3_RS_FuUp,Endomorph,Normal,upright,1.0,0.0,0.0,-0.3770561232078128,46.74865250315348,0.3555020490719034,1
487,2.303680436029834,Participant3_RS_FuUp,Endomorph,Normal,upright,1.0,0.0,0.0,-0.4386158263213499,46.71558884668232,0.3620241352943051,1
488,2.308410786001148,Participant3_RS_FuUp,Endomorph,Normal,upright,1.0,0.0,0.0,-0.4725977947060455,46.72566992259037,0.3688617284724532,1
489,2.3131411359724616,Participant3_RS_FuUp,Endomorph,Normal,upright,1.0,0.0,0.0,-0.3444044692603041,47.09985520424873,0.353436807682621,1
490,2.3178714859437752,Participant3_RS_FuUp,Endomorph,Normal,upright,1.0,0.0,0.0,-0.3529841885557295,47.696029995147335,0.3601656917406674,1
491,2.322601835915089,Participant3_RS_FuUp,Endomorph,Normal,upright,1.0,0.0,0.0,-0.4670318050079188,47.04818854288854,0.369141967142669,1
492,2.327332185886403,Participant3_RS_FuUp,Endomorph,Normal,upright,1.0,0.0,0.0,-0.3886329371695888,46.98351794801008,0.3559349784430552,1
493,2.3320625358577165,Participant3_RS_FuUp,Endomorph,Normal,upright,1.0,0.0,0.0,-0.4460512850381016,46.65879619453576,0.3615860852710873,1
494,2.3367928858290306,Participant3_RS_FuUp,Endomorph,Normal,upright,1.0,0.0,0.0,-0.3983126195868693,46.87024366037572,0.3608061000109808,1
495,2.341523235800344,Participant3_RS_FuUp,Endomorph,Normal,upright,1.0,0.0,0.0,-0.4176692306815713,47.76673845723599,0.3781160313694747,1
496,2.346253585771658,Participant3_RS_FuUp,Endomorph,Normal,upright,1.0,0.0,0.0,-0.4114375558041632,46.65868490270756,0.3574418874459886,1
497,2.350983935742972,Participant3_RS_FuUp,Endomorph,Normal,upright,1.0,0.0,0.0,-0.4366675705648095,47.451100765134726,0.3559686171314425,1
498,2.355714285714286,Participant3_RS_FuUp,Endomorph,Normal,upright,1.0,0.0,0.0,-0.361716527378305,46.81306886729721,0.3655454730024641,1
499,2.3604446356855995,Participant3_RS_FuUp,Endomorph,Normal,upright,1.0,0.0,0.0,-0.3420190342356723,48.28891525819056,0.3500690347259639,1
500,2.365174985656913,Participant3_RS_FuUp,Endomorph,Normal,upright,1.0,0.0,0.0,-0.397368779173963,46.88544749697844,0.3605118309356055,1
501,2.369905335628227,Participant3_RS_FuUp,Endomorph,Normal,upright,1.0,0.0,0.0,-0.406853229769005,47.35007280396178,0.3552683920804022,1
502,2.374635685599541,Participant3_RS_FuUp,Endomorph,Normal,upright,1.0,0.0,0.0,-0.4375246949430176,48.28241913477668,0.3651516356418337,1
503,2.379366035570855,Participant3_RS_FuUp,Endomorph,Normal,upright,1.0,0.0,0.0,-0.4661946100254186,48.20043124419637,0.3709956563736572,1
504,2.384096385542169,Participant3_RS_FuUp,Endomorph,Normal,upright,1.0,0.0,0.0,-0.3994700241904932,47.12830846224238,0.3519306903579891,1
505,2.3888267355134825,Participant3_RS_FuUp,Endomorph,Normal,upright,1.0,0.0,0.0,-0.3802549643234754,47.9799631067727,0.3499035258764217,1
506,2.3935570854847965,Participant3_RS_FuUp,Endomorph,Normal,upright,1.0,0.0,0.0,-0.3470169968716939,47.25127672861562,0.3610778700501123,1
507,2.39828743545611,Participant3_RS_FuUp,Endomorph,Normal,upright,1.0,0.0,0.0,-0.3841014925438435,47.636559017588006,0.3718544237840508,1
508,2.403017785427424,Participant3_RS_FuUp,Endomorph,Normal,upright,1.0,0.0,0.0,-0.3724362808256063,47.62333412321793,0.3663771326319828,1
509,2.4077481353987378,Participant3_RS_FuUp,Endomorph,Normal,upright,1.0,0.0,0.0,-0.3764674726325296,47.471249703141936,0.3583232504857378,1
510,2.412478485370052,Participant3_RS_FuUp,Endomorph,Normal,upright,1.0,0.0,0.0,-0.3464254004187184,47.6377269984606,0.3561436130326892,1
511,2.417208835341365,Participant3_RS_FuUp,Endomorph,Normal,upright,1.0,0.0,0.0,-0.3496233916030212,46.83209289182357,0.3743402446802762,1
512,2.4219391853126795,Participant3_RS_FuUp,Endomorph,Normal,upright,1.0,0.0,0.0,-0.310977026010392,46.85879438483344,0.3617887190761218,1
513,2.426669535283993,Participant3_RS_FuUp,Endomorph,Normal,upright,1.0,0.0,0.0,-0.3000572931964773,46.63119281790712,0.358965945151375,1
514,2.431399885255307,Participant3_RS_FuUp,Endomorph,Normal,upright,1.0,0.0,0.0,-0.3372098956865519,46.89701647786037,0.3711816793763752,1
515,2.4361302352266208,Participant3_RS_FuUp,Endomorph,Normal,upright,1.0,0.0,0.0,-0.3164591978194513,47.30585592583276,0.3674210722169055,1
516,2.440860585197935,Participant3_RS_FuUp,Endomorph,Normal,upright,1.0,0.0,0.0,-0.3201564040441745,46.79123143278265,0.3581689545307543,1
517,2.4455909351692484,Participant3_RS_FuUp,Endomorph,Normal,upright,1.0,0.0,0.0,-0.3567892108146195,47.86013577935838,0.3539418595542232,1
518,2.4503212851405625,Participant3_RS_FuUp,Endomorph,Normal,upright,1.0,0.0,0.0,-0.3441804039359126,46.85981947761003,0.3608735321415048,1
519,2.455051635111876,Participant3_RS_FuUp,Endomorph,Normal,upright,1.0,0.0,0.0,-0.3858581985242733,47.58802222472044,0.3478155509832131,1
520,2.45978198508319,Participant3_RS_FuUp,Endomorph,Normal,upright,1.0,0.0,0.0,-0.3312338373843818,46.889136069458665,0.3708408676962281,1
521,2.464512335054504,Participant3_RS_FuUp,Endomorph,Normal,upright,1.0,0.0,0.0,-0.3207990894691446,47.98638233986647,0.3517137681937994,1
522,2.469242685025818,Participant3_RS_FuUp,Endomorph,Normal,upright,1.0,0.0,0.0,-0.3606123016792332,47.46474030689257,0.3649821843131409,1
523,2.4739730349971314,Participant3_RS_FuUp,Endomorph,Normal,upright,1.0,0.0,0.0,-0.383034718262498,48.02951167496168,0.3588415349031644,1
524,2.478703384968445,Participant3_RS_FuUp,Endomorph,Normal,upright,1.0,0.0,0.0,-0.3345583380824103,47.98292152102484,0.3548444292660843,1
525,2.483433734939759,Participant3_RS_FuUp,Endomorph,Normal,upright,1.0,0.0,0.0,-0.3334565629558508,46.48100720379437,0.3732338641086332,1
526,2.488164084911073,Participant3_RS_FuUp,Endomorph,Normal,upright,1.0,0.0,0.0,-0.3407679839387628,46.41704992951279,0.3741086727794132,1
527,2.4928944348823867,Participant3_RS_FuUp,Endomorph,Normal,upright,1.0,0.0,0.0,-0.3072497249610266,46.80829867281312,0.3558862410958146,1
528,2.4976247848537008,Participant3_RS_FuUp,Endomorph,Normal,upright,1.0,0.0,0.0,-0.3318781832416563,47.138877377067786,0.3537744101559605,1
529,2.5023551348250144,Participant3_RS_FuUp,Endomorph,Normal,upright,1.0,0.0,0.0,-0.3188351756378161,47.40360352346927,0.3703661634069939,1
530,2.5070854847963284,Participant3_RS_FuUp,Endomorph,Normal,upright,1.0,0.0,0.0,-0.3475425587752752,48.32803684853082,0.3583473856610772,1
531,2.511815834767642,Participant3_RS_FuUp,Endomorph,Normal,upright,1.0,0.0,0.0,-0.3109974387899203,48.15272891250417,0.3550563694787335,1
532,2.516546184738956,Participant3_RS_FuUp,Endomorph,Normal,upright,1.0,0.0,0.0,-0.4096478666813349,46.61812966951776,0.3676189050966469,1
533,2.5212765347102697,Participant3_RS_FuUp,Endomorph,Normal,upright,1.0,0.0,0.0,-0.4229671710555944,47.46631523340089,0.3732351106929444,1
534,2.526006884681584,Participant3_RS_FuUp,Endomorph,Normal,upright,1.0,0.0,0.0,-0.4214732248073451,48.032177576742754,0.3689977448396722,1
535,2.5307372346528973,Participant3_RS_FuUp,Endomorph,Normal,upright,1.0,0.0,0.0,-0.3632358448279581,47.15274679021029,0.381088331449626,1
536,2.5354675846242114,Participant3_RS_FuUp,Endomorph,Normal,upright,1.0,0.0,0.0,-0.333312114054148,47.31008682660841,0.3758601474769376,1
537,2.540197934595525,Participant3_RS_FuUp,Endomorph,Normal,upright,1.0,0.0,0.0,-0.3002125250894568,48.34457442715466,0.3689689923778023,1
538,2.544928284566839,Participant3_RS_FuUp,Endomorph,Normal,upright,1.0,0.0,0.0,-0.2929082876046309,46.50659167001354,0.3775315065127801,1
539,2.5496586345381527,Participant3_RS_FuUp,Endomorph,Normal,upright,1.0,0.0,0.0,-0.2791940508185454,46.26685592442812,0.377050469186462,1
540,2.5543889845094667,Participant3_RS_FuUp,Endomorph,Normal,upright,1.0,0.0,0.0,-0.3245275786852415,48.139352558720674,0.3710844616262459,1
541,2.5591193344807803,Participant3_RS_FuUp,Endomorph,Normal,upright,1.0,0.0,0.0,-0.3466483450553673,46.90079779599545,0.365120640098287,1
542,2.5638496844520944,Participant3_RS_FuUp,Endomorph,Normal,upright,1.0,0.0,0.0,-0.3172856248801251,46.555689169178585,0.3600645377054179,1
543,2.568580034423408,Participant3_RS_FuUp,Endomorph,Normal,upright,1.0,0.0,0.0,-0.3174960759629472,46.18276470792915,0.3642831621488465,1
544,2.573310384394722,Participant3_RS_FuUp,Endomorph,Normal,upright,1.0,0.0,0.0,-0.3080375508638351,47.93136735868062,0.3755087052491105,1
545,2.578040734366036,Participant3_RS_FuUp,Endomorph,Normal,upright,1.0,0.0,0.0,-0.2793566220028276,46.059120600138776,0.3750309137387965,1
546,2.5827710843373497,Participant3_RS_FuUp,Endomorph,Normal,upright,1.0,0.0,0.0,-0.2953185199545812,46.57268867504894,0.3667919408293162,1
547,2.5875014343086638,Participant3_RS_FuUp,Endomorph,Normal,upright,1.0,0.0,0.0,-0.2736671333519744,47.31393250901535,0.3658545397672333,1
548,2.5922317842799774,Participant3_RS_FuUp,Endomorph,Normal,upright,1.0,0.0,0.0,-0.3009622872667129,47.15942843885863,0.3707702769595442,1
549,2.596962134251291,Participant3_RS_FuUp,Endomorph,Normal,upright,1.0,0.0,0.0,-0.270692006324432,47.23490091028263,0.378582755723747,1
550,2.601692484222605,Participant3_RS_FuUp,Endomorph,Normal,upright,1.0,0.0,0.0,-0.2812155354840127,47.28800898851314,0.3845794530644458,1
551,2.606422834193918,Participant3_RS_FuUp,Endomorph,Normal,upright,1.0,0.0,0.0,-0.292535137101744,46.496858206550094,0.3722323490136369,1
552,2.6111531841652327,Participant3_RS_FuUp,Endomorph,Normal,upright,1.0,0.0,0.0,-0.317208214171181,46.41606833650622,0.3810399119032852,1
553,2.6158835341365463,Participant3_RS_FuUp,Endomorph,Normal,upright,1.0,0.0,0.0,-0.2981460912070397,46.98722026440837,0.3705139358174143,1
554,2.6206138841078603,Participant3_RS_FuUp,Endomorph,Normal,upright,1.0,0.0,0.0,-0.2719378452812914,47.3750827040683,0.3617033177381446,1
555,2.625344234079174,Participant3_RS_FuUp,Endomorph,Normal,upright,1.0,0.0,0.0,-0.341367522231053,46.82714957992467,0.3684943684348353,1
556,2.630074584050488,Participant3_RS_FuUp,Endomorph,Normal,upright,1.0,0.0,0.0,-0.3555212575340515,46.66780297821205,0.367096249933928,1
557,2.6348049340218016,Participant3_RS_FuUp,Endomorph,Normal,upright,1.0,0.0,0.0,-0.3636898344587328,47.41971906715005,0.3722147401401725,1
558,2.639535283993116,Participant3_RS_FuUp,Endomorph,Normal,upright,1.0,0.0,0.0,-0.3418585890740083,46.96281368857792,0.3674692478449062,1
559,2.6442656339644293,Participant3_RS_FuUp,Endomorph,Normal,upright,1.0,0.0,0.0,-0.3156938117062067,47.45052610813086,0.3622077862619247,1
560,2.6489959839357438,Participant3_RS_FuUp,Endomorph,Normal,upright,1.0,0.0,0.0,-0.3419957676237587,47.49138675409813,0.3763118068225857,1
561,2.653726333907057,Participant3_RS_FuUp,Endomorph,Normal,upright,1.0,0.0,0.0,-0.3531657149036726,47.66967085315059,0.3729831326730729,1
562,2.658456683878371,Participant3_RS_FuUp,Endomorph,Normal,upright,1.0,0.0,0.0,-0.2950285893569664,47.65878020616149,0.3696544585235601,1
563,2.6631870338496846,Participant3_RS_FuUp,Endomorph,Normal,upright,1.0,0.0,0.0,-0.4085166868505747,48.02856390252833,0.3618487289513455,1
564,2.667917383820998,Participant3_RS_FuUp,Endomorph,Normal,upright,1.0,0.0,0.0,-0.4484606475532799,47.60807104156536,0.3831693097825629,1
565,2.672647733792312,Participant3_RS_FuUp,Endomorph,Normal,upright,1.0,0.0,0.0,-0.3823259666248758,47.793873399624665,0.370150612405943,1
566,2.6773780837636263,Participant3_RS_FuUp,Endomorph,Normal,upright,1.0,0.0,0.0,-0.4087349781810985,47.39172276285624,0.3714125615471891,1
567,2.68210843373494,Participant3_RS_FuUp,Endomorph,Normal,upright,1.0,0.0,0.0,-0.3349329458383405,47.83740796641504,0.3683095735252285,1
568,2.686838783706254,Participant3_RS_FuUp,Endomorph,Normal,upright,1.0,0.0,0.0,-0.2997651613831272,47.5428934285214,0.3702396873749875,1
569,2.691569133677568,Participant3_RS_FuUp,Endomorph,Normal,upright,1.0,0.0,0.0,-0.3384447466564121,47.77096146927727,0.3605673957418535,1
570,2.6962994836488816,Participant3_RS_FuUp,Endomorph,Normal,upright,1.0,0.0,0.0,-0.3095623706901095,48.05515336945828,0.3584921366919334,1
571,2.701029833620195,Participant3_RS_FuUp,Endomorph,Normal,upright,1.0,0.0,0.0,-0.4105418597373439,47.13250746148097,0.3623772404913608,1
572,2.705760183591509,Participant3_RS_FuUp,Endomorph,Normal,upright,1.0,0.0,0.0,-0.3994832818888725,47.463259898164125,0.3653729515497709,1
573,2.710490533562823,Participant3_RS_FuUp,Endomorph,Normal,upright,1.0,0.0,0.0,-0.4211499388830029,47.99793456794021,0.3612719972667482,1
574,2.7152208835341365,Participant3_RS_FuUp,Endomorph,Normal,upright,1.0,0.0,0.0,-0.3805576976344634,48.256834714058506,0.3624025512203685,1
575,2.7199512335054505,Participant3_RS_FuUp,Endomorph,Normal,upright,1.0,0.0,0.0,-0.3703680327111108,47.90248739023895,0.3691990263081479,1
576,2.724681583476764,Participant3_RS_FuUp,Endomorph,Normal,upright,1.0,0.0,0.0,-0.343883032095542,48.04715162544535,0.3592122227551629,1
577,2.729411933448078,Participant3_RS_FuUp,Endomorph,Normal,upright,1.0,0.0,0.0,-0.4240595684258255,46.94502116138449,0.363917568115361,1
578,2.734142283419392,Participant3_RS_FuUp,Endomorph,Normal,upright,1.0,0.0,0.0,-0.2730309598725843,46.93956459121033,0.3652379804035721,1
579,2.738872633390706,Participant3_RS_FuUp,Endomorph,Normal,upright,1.0,0.0,0.0,-0.4497542486985723,47.06807078702024,0.368144210210478,1
580,2.7436029833620195,Participant3_RS_FuUp,Endomorph,Normal,upright,1.0,0.0,0.0,-0.3918359034666664,48.38363705658932,0.358433811023605,1
581,2.748333333333333,Participant3_RS_FuUp,Endomorph,Normal,upright,1.0,0.0,0.0,-0.3884752792972386,47.73404241762278,0.3757977768989137,1
582,2.753063683304647,Participant3_RS_FuUp,Endomorph,Normal,upright,1.0,0.0,0.0,-0.4479656102259068,46.270824082443056,0.3741815886955218,1
583,2.757794033275961,Participant3_RS_FuUp,Endomorph,Normal,upright,1.0,0.0,0.0,-0.5323726609629379,46.99591504662055,0.3752647939655122,1
584,2.762524383247275,Participant3_RS_FuUp,Endomorph,Normal,upright,1.0,0.0,0.0,-0.3133039267004697,46.16102091968267,0.3763479992355026,1
585,2.767254733218589,Participant3_RS_FuUp,Endomorph,Normal,upright,1.0,0.0,0.0,-0.453040582197056,46.219295164707,0.3715338378639509,1
586,2.7719850831899024,Participant3_RS_FuUp,Endomorph,Normal,upright,1.0,0.0,0.0,-0.4010951648246033,46.91904491073566,0.3708751882410241,1
587,2.7767154331612165,Participant3_RS_FuUp,Endomorph,Normal,upright,1.0,0.0,0.0,-0.5139430553080471,46.740676291196095,0.3718136778252732,1
588,2.78144578313253,Participant3_RS_FuUp,Endomorph,Normal,upright,1.0,0.0,0.0,-0.3273638148302412,47.42749092272188,0.3765049474867152,1
589,2.786176133103844,Participant3_RS_FuUp,Endomorph,Normal,upright,1.0,0.0,0.0,-0.3592073032031542,46.96035869902426,0.3675141487102867,1
590,2.7909064830751578,Participant3_RS_FuUp,Endomorph,Normal,upright,1.0,0.0,0.0,-0.399459821175364,47.73436904030864,0.36459530343776,1
591,2.795636833046472,Participant3_RS_FuUp,Endomorph,Normal,upright,1.0,0.0,0.0,-0.4360597708296957,47.67298802049893,0.3700420290310899,1
592,2.8003671830177854,Participant3_RS_FuUp,Endomorph,Normal,upright,1.0,0.0,0.0,-0.3486351337037657,46.91225333625004,0.3610227149634384,1
593,2.8050975329890995,Participant3_RS_FuUp,Endomorph,Normal,upright,1.0,0.0,0.0,-0.4024923702823789,47.25955016660671,0.3796334709784806,1
594,2.809827882960413,Participant3_RS_FuUp,Endomorph,Normal,upright,1.0,0.0,0.0,-0.424836291033576,47.20624710081631,0.3741674123135087,1
595,2.814558232931727,Participant3_RS_FuUp,Endomorph,Normal,upright,1.0,0.0,0.0,-0.3710441516890365,46.05496065808523,0.370454080743738,1
596,2.8192885829030407,Participant3_RS_FuUp,Endomorph,Normal,upright,1.0,0.0,0.0,-0.3267668096261594,46.173367337500125,0.3698732320121466,1
597,2.824018932874355,Participant3_RS_FuUp,Endomorph,Normal,upright,1.0,0.0,0.0,-0.3373664773810413,46.68222696211313,0.3730969128006755,1
598,2.8287492828456684,Participant3_RS_FuUp,Endomorph,Normal,upright,1.0,0.0,0.0,-0.3656231025116113,47.25560635682606,0.3732574073305527,1
599,2.8334796328169825,Participant3_RS_FuUp,Endomorph,Normal,upright,1.0,0.0,0.0,-0.4012695977923787,47.81153318634998,0.3689364469793605,1
600,2.838209982788296,Participant3_RS_FuUp,Endomorph,Normal,upright,1.0,0.0,0.0,-0.4202094502270629,48.74936275764821,0.3596517180793183,1
601,2.84294033275961,Participant3_RS_FuUp,Endomorph,Normal,upright,1.0,0.0,0.0,-0.4161169644222799,48.63766009372097,0.3676061828880703,1
602,2.847670682730924,Participant3_RS_FuUp,Endomorph,Normal,upright,1.0,0.0,0.0,-0.4406430327994051,47.514290224306,0.3721361764572831,1
603,2.8524010327022378,Participant3_RS_FuUp,Endomorph,Normal,upright,1.0,0.0,0.0,-0.4534756697389155,47.310523566142464,0.3720991198289908,1
604,2.8571313826735514,Participant3_RS_FuUp,Endomorph,Normal,upright,1.0,0.0,0.0,-0.3973707208336889,47.67374396272356,0.3658326816306727,1
605,2.861861732644865,Participant3_RS_FuUp,Endomorph,Normal,upright,1.0,0.0,0.0,-0.4909372419725881,46.963697879183655,0.3652717578714924,1
606,2.866592082616179,Participant3_RS_FuUp,Endomorph,Normal,upright,1.0,0.0,0.0,-0.4235007522724877,48.12023783802861,0.3699682910058874,1
607,2.871322432587493,Participant3_RS_FuUp,Endomorph,Normal,upright,1.0,0.0,0.0,-0.3991438059057189,48.13028482942577,0.3606435568534291,1
608,2.8760527825588067,Participant3_RS_FuUp,Endomorph,Normal,upright,1.0,0.0,0.0,-0.2935117926595449,47.878786513779794,0.3755184343893574,1
609,2.8807831325301207,Participant3_RS_FuUp,Endomorph,Normal,upright,1.0,0.0,0.0,-0.3244507323989156,47.14911748569202,0.3766011043425597,1
610,2.8855134825014344,Participant3_RS_FuUp,Endomorph,Normal,upright,1.0,0.0,0.0,-0.3362370074113608,46.55282160416071,0.3816804120852581,1
611,2.8902438324727484,Participant3_RS_FuUp,Endomorph,Normal,upright,1.0,0.0,0.0,-0.4116804828293882,46.23778902914097,0.3813923829880108,1
612,2.894974182444062,Participant3_RS_FuUp,Endomorph,Normal,upright,1.0,0.0,0.0,-0.3036971406494719,47.758594389549664,0.377875843989096,1
613,2.899704532415376,Participant3_RS_FuUp,Endomorph,Normal,upright,1.0,0.0,0.0,-0.3658904836585948,46.39211512138346,0.3769521849132257,1
614,2.9044348823866897,Participant3_RS_FuUp,Endomorph,Normal,upright,1.0,0.0,0.0,-0.3303882337101765,46.928698871515536,0.3763618213728276,1
615,2.909165232358004,Participant3_RS_FuUp,Endomorph,Normal,upright,1.0,0.0,0.0,-0.342842000823606,46.908076411134246,0.3730669108925914,1
616,2.9138955823293173,Participant3_RS_FuUp,Endomorph,Normal,upright,1.0,0.0,0.0,-0.4509901526124663,47.86368644057009,0.3629243917678785,1
617,2.9186259323006314,Participant3_RS_FuUp,Endomorph,Normal,upright,1.0,0.0,0.0,-0.305186831825277,47.646456534704114,0.3858069186696474,1
618,2.923356282271945,Participant3_RS_FuUp,Endomorph,Normal,upright,1.0,0.0,0.0,-0.2568061630652339,47.54535696313583,0.3721423448086573,1
619,2.928086632243259,Participant3_RS_FuUp,Endomorph,Normal,upright,1.0,0.0,0.0,-0.3162956627430303,47.890656636786495,0.378697915871838,1
620,2.9328169822145727,Participant3_RS_FuUp,Endomorph,Normal,upright,1.0,0.0,0.0,-0.3157626428216787,47.4799278957781,0.3631602232989205,1
621,2.9375473321858867,Participant3_RS_FuUp,Endomorph,Normal,upright,1.0,0.0,0.0,-0.2468438748484274,48.03417789064741,0.3569032878630672,1
622,2.9422776821572003,Participant3_RS_FuUp,Endomorph,Normal,upright,1.0,0.0,0.0,-0.2803666824420118,48.25891139321237,0.3562334723059845,1
623,2.9470080321285144,Participant3_RS_FuUp,Endomorph,Normal,upright,1.0,0.0,0.0,-0.448519134049596,48.20462738024734,0.3645441855277638,1
624,2.951738382099828,Participant3_RS_FuUp,Endomorph,Normal,upright,1.0,0.0,0.0,-0.3523535809455604,49.1074240956758,0.360407784858857,1
625,2.956468732071142,Participant3_RS_FuUp,Endomorph,Normal,upright,1.0,0.0,0.0,-0.3384986542989961,47.10875704533704,0.3764480060836317,1
626,2.961199082042456,Participant3_RS_FuUp,Endomorph,Normal,upright,1.0,0.0,0.0,-0.2860864270573831,47.30019564102805,0.3720773054182553,1
627,2.9659294320137697,Participant3_RS_FuUp,Endomorph,Normal,upright,1.0,0.0,0.0,-0.29044340802102,47.07206987095023,0.367706604752879,1
628,2.9706597819850837,Participant3_RS_FuUp,Endomorph,Normal,upright,1.0,0.0,0.0,-0.3018589967422194,47.61728720826799,0.3658617174531402,1
629,2.9753901319563973,Participant3_RS_FuUp,Endomorph,Normal,upright,1.0,0.0,0.0,-0.368625634775354,47.51624412219006,0.3723249126132608,1
630,2.980120481927711,Participant3_RS_FuUp,Endomorph,Normal,upright,1.0,0.0,0.0,-0.2913817186177874,47.06644372037808,0.36909437505458,1
631,2.984850831899025,Participant3_RS_FuUp,Endomorph,Normal,upright,1.0,0.0,0.0,-0.3678488164219178,48.286044680569255,0.3697821704956557,1
632,2.9895811818703386,Participant3_RS_FuUp,Endomorph,Normal,upright,1.0,0.0,0.0,-0.3373962396476933,47.275721003774464,0.367771329545722,1
633,2.9943115318416527,Participant3_RS_FuUp,Endomorph,Normal,upright,1.0,0.0,0.0,-0.3888697145031803,47.74201919000208,0.3596868426832418,1
634,2.9990418818129663,Participant3_RS_FuUp,Endomorph,Normal,upright,1.0,0.0,0.0,-0.449628600963341,47.50804364745783,0.3580283912648656,1
635,3.0037722317842803,Participant3_RS_FuUp,Endomorph,Normal,upright,1.0,0.0,0.0,-0.4529438571614865,47.22208851582109,0.3547817478286929,1
636,3.008502581755594,Participant3_RS_FuUp,Endomorph,Normal,upright,1.0,0.0,0.0,-0.4245440905129145,48.00567476557735,0.3577771036936421,1
637,3.013232931726908,Participant3_RS_FuUp,Endomorph,Normal,upright,1.0,0.0,0.0,-0.5237048993742545,47.56041461765196,0.3633984294818541,1
638,3.0179632816982216,Participant3_RS_FuUp,Endomorph,Normal,upright,1.0,0.0,0.0,-0.3785698975261288,46.94995684659986,0.3695808061656088,1
639,3.022693631669536,Participant3_RS_FuUp,Endomorph,Normal,upright,1.0,0.0,0.0,-0.3732638258485615,48.092122939140594,0.3689387630894666,1
640,3.027423981640849,Participant3_RS_FuUp,Endomorph,Normal,upright,1.0,0.0,0.0,-0.3520814501088196,47.76051083953801,0.369822930945929,1
641,3.0321543316121637,Participant3_RS_FuUp,Endomorph,Normal,upright,1.0,0.0,0.0,-0.3234422834417239,48.79654732055469,0.3785062943445993,1
642,3.036884681583477,Participant3_RS_FuUp,Endomorph,Normal,upright,1.0,0.0,0.0,-0.3345393990324878,47.64993174070425,0.3718695458816605,1
643,3.041615031554791,Participant3_RS_FuUp,Endomorph,Normal,upright,1.0,0.0,0.0,-0.2931020923551954,47.76334145979954,0.3787411021729137,1
644,3.046345381526105,Participant3_RS_FuUp,Endomorph,Normal,upright,1.0,0.0,0.0,-0.3795462776766216,46.92423133147374,0.3652436593493397,1
645,3.0510757314974186,Participant3_RS_FuUp,Endomorph,Normal,upright,1.0,0.0,0.0,-0.3426293203204494,47.46583606893859,0.3675486841248868,1
646,3.055806081468732,Participant3_RS_FuUp,Endomorph,Normal,upright,1.0,0.0,0.0,-0.4316910560673682,47.32062424269076,0.3607579153439311,1
647,3.0605364314400463,Participant3_RS_FuUp,Endomorph,Normal,upright,1.0,0.0,0.0,-0.3799776864815699,47.64431530806229,0.3586339843789712,1
648,3.06526678141136,Participant3_RS_FuUp,Endomorph,Normal,upright,1.0,0.0,0.0,-0.3546457526358056,47.61747383839934,0.362929170570864,1
649,3.069997131382674,Participant3_RS_FuUp,Endomorph,Normal,upright,1.0,0.0,0.0,-0.4656564183089868,46.77553982837434,0.3618484842357639,1
650,3.0747274813539875,Participant3_RS_FuUp,Endomorph,Normal,upright,1.0,0.0,0.0,-0.3965040340550891,47.267058331725856,0.3603287139253782,1
651,3.0794578313253016,Participant3_RS_FuUp,Endomorph,Normal,upright,1.0,0.0,0.0,-0.3855713809674086,47.45645929223773,0.3688172841578727,1
652,3.084188181296615,Participant3_RS_FuUp,Endomorph,Normal,upright,1.0,0.0,0.0,-0.3630810510432405,47.43250473992703,0.3559059072888791,1
653,3.088918531267929,Participant3_RS_FuUp,Endomorph,Normal,upright,1.0,0.0,0.0,-0.4092074517349371,47.28244791249352,0.3634942456006974,1
654,3.093648881239243,Participant3_RS_FuUp,Endomorph,Normal,upright,1.0,0.0,0.0,-0.3684472102798061,47.421899216089614,0.3603862090421517,1
655,3.0983792312105565,Participant3_RS_FuUp,Endomorph,Normal,upright,1.0,0.0,0.0,-0.360195979620052,48.1985250801537,0.3583434394414249,1
656,3.1031095811818705,Participant3_RS_FuUp,Endomorph,Normal,upright,1.0,0.0,0.0,-0.4638703368467876,47.92161512953394,0.3613929732987701,1
657,3.107839931153184,Participant3_RS_FuUp,Endomorph,Normal,upright,1.0,0.0,0.0,-0.4245361237771252,45.805914350722205,0.3709006202988643,1
658,3.112570281124498,Participant3_RS_FuUp,Endomorph,Normal,upright,1.0,0.0,0.0,-0.3452164545818947,46.03966211105941,0.3692333331731632,1
659,3.117300631095812,Participant3_RS_FuUp,Endomorph,Normal,upright,1.0,0.0,0.0,-0.3905957969943083,46.6616070914696,0.3701307406584577,1
660,3.122030981067126,Participant3_RS_FuUp,Endomorph,Normal,upright,1.0,0.0,0.0,-0.3484988278855365,46.15541977288753,0.366180309416979,1
661,3.1267613310384395,Participant3_RS_FuUp,Endomorph,Normal,upright,1.0,0.0,0.0,-0.3582925903409769,47.02751370419288,0.3662389176686804,1
662,3.131491681009753,Participant3_RS_FuUp,Endomorph,Normal,upright,1.0,0.0,0.0,-0.3022253162684839,47.90530476570686,0.3678577372024759,1
663,3.136222030981067,Participant3_RS_FuUp,Endomorph,Normal,upright,1.0,0.0,0.0,-0.3209254333637373,46.35963547748009,0.3738585488371435,1
664,3.140952380952381,Participant3_RS_FuUp,Endomorph,Normal,upright,1.0,0.0,0.0,-0.3678832735270594,47.150606618829855,0.3629164356732946,1
665,3.1456827309236948,Participant3_RS_FuUp,Endomorph,Normal,upright,1.0,0.0,0.0,-0.3291341100956966,48.00378477706302,0.3801265823021216,1
666,3.150413080895009,Participant3_RS_FuUp,Endomorph,Normal,upright,1.0,0.0,0.0,-0.4287598204804949,47.15422229816644,0.377159736910752,1
667,3.1551434308663224,Participant3_RS_FuUp,Endomorph,Normal,upright,1.0,0.0,0.0,-0.4775975767763708,47.27412337848382,0.3815766747254863,1
668,3.1598737808376365,Participant3_RS_FuUp,Endomorph,Normal,upright,1.0,0.0,0.0,-0.3819824100249697,46.82882505861923,0.3699555516595191,1
669,3.16460413080895,Participant3_RS_FuUp,Endomorph,Normal,upright,1.0,0.0,0.0,-0.358887349774985,47.29856660320319,0.3624005941405952,1
670,3.169334480780264,Participant3_RS_FuUp,Endomorph,Normal,upright,1.0,0.0,0.0,-0.2983007306219248,46.6065226394046,0.3655523325617751,1
671,3.1740648307515777,Participant3_RS_FuUp,Endomorph,Normal,upright,1.0,0.0,0.0,-0.3928405405725397,47.41434476006615,0.3690878604307495,1
672,3.178795180722892,Participant3_RS_FuUp,Endomorph,Normal,upright,1.0,0.0,0.0,-0.3509293875885497,47.727940481857146,0.3660875425682363,1
673,3.1835255306942054,Participant3_RS_FuUp,Endomorph,Normal,upright,1.0,0.0,0.0,-0.5134046567695707,48.116109362129066,0.3677515304850292,1
674,3.1882558806655195,Participant3_RS_FuUp,Endomorph,Normal,upright,1.0,0.0,0.0,-0.4050424023465054,47.03098941248561,0.3699703967665987,1
675,3.192986230636833,Participant3_RS_FuUp,Endomorph,Normal,upright,1.0,0.0,0.0,-0.3554950303902673,46.93219061501661,0.3687658775692243,1
676,3.197716580608147,Participant3_RS_FuUp,Endomorph,Normal,upright,1.0,0.0,0.0,-0.3652973538930357,47.16276828950079,0.3707217567129233,1
677,3.2024469305794607,Participant3_RS_FuUp,Endomorph,Normal,upright,1.0,0.0,0.0,-0.3778267799638457,47.467826706019046,0.3671491939078257,1
678,3.207177280550775,Participant3_RS_FuUp,Endomorph,Normal,upright,1.0,0.0,0.0,-0.4110444604727195,47.92906951742655,0.3658781087875881,1
679,3.2119076305220884,Participant3_RS_FuUp,Endomorph,Normal,upright,1.0,0.0,0.0,-0.4037352626253068,47.15777346353311,0.3670116672717753,1
680,3.2166379804934024,Participant3_RS_FuUp,Endomorph,Normal,upright,1.0,0.0,0.0,-0.3394279382318588,46.959636132813365,0.3694040229488834,1
681,3.221368330464716,Participant3_RS_FuUp,Endomorph,Normal,upright,1.0,0.0,0.0,-0.5315693302178378,47.804459552615,0.3673303455635909,1
682,3.22609868043603,Participant3_RS_FuUp,Endomorph,Normal,upright,1.0,0.0,0.0,-0.4260390298061067,47.30217940843721,0.369524903116254,1
683,3.230829030407344,Participant3_RS_FuUp,Endomorph,Normal,upright,1.0,0.0,0.0,-0.3959890213571938,47.85618255107252,0.371296756504736,1
684,3.2355593803786578,Participant3_RS_FuUp,Endomorph,Normal,upright,1.0,0.0,0.0,-0.351940801295565,47.069958369480005,0.3779286300246643,1
685,3.240289730349972,Participant3_RS_FuUp,Endomorph,Normal,upright,1.0,0.0,0.0,-0.3955984033536537,46.75602754385152,0.3761458809999639,1
686,3.2450200803212854,Participant3_RS_FuUp,Endomorph,Normal,upright,1.0,0.0,0.0,-0.3854217336598212,46.66131773624862,0.3783882269957458,1
687,3.249750430292599,Participant3_RS_FuUp,Endomorph,Normal,upright,1.0,0.0,0.0,-0.3342599561907544,47.28726686579688,0.3667411787114989,1
688,3.254480780263913,Participant3_RS_FuUp,Endomorph,Normal,upright,1.0,0.0,0.0,-0.4406401441534437,47.84611872767592,0.3730972495720206,1
689,3.2592111302352267,Participant3_RS_FuUp,Endomorph,Normal,upright,1.0,0.0,0.0,-0.4926440489089971,48.06016966855328,0.3650935193544493,1
690,3.2639414802065407,Participant3_RS_FuUp,Endomorph,Normal,upright,1.0,0.0,0.0,-0.4864459826882544,48.17645735924568,0.3657361383554818,1
691,3.2686718301778543,Participant3_RS_FuUp,Endomorph,Normal,upright,1.0,0.0,0.0,-0.3635842868843748,47.09069639216068,0.3684364653404541,1
692,3.2734021801491684,Participant3_RS_FuUp,Endomorph,Normal,upright,1.0,0.0,0.0,-0.3312030271936987,47.052777115371725,0.3817774324534955,1
693,3.278132530120482,Participant3_RS_FuUp,Endomorph,Normal,upright,1.0,0.0,0.0,-0.2816121100776233,47.17926901259772,0.3720388858618215,1
694,3.282862880091796,Participant3_RS_FuUp,Endomorph,Normal,upright,1.0,0.0,0.0,-0.3172709251043034,46.9712280350477,0.3692213717179358,1
695,3.2875932300631097,Participant3_RS_FuUp,Endomorph,Normal,upright,1.0,0.0,0.0,-0.3265361891532443,47.36379680846955,0.3577451860749105,1
696,3.292323580034424,Participant3_RS_FuUp,Endomorph,Normal,upright,1.0,0.0,0.0,-0.3430200485847019,46.40822491335422,0.3771835360190109,1
697,3.2970539300057373,Participant3_RS_FuUp,Endomorph,Normal,upright,1.0,0.0,0.0,-0.3338347569521176,46.67561359678123,0.3576440442894398,1
698,3.301784279977052,Participant3_RS_FuUp,Endomorph,Normal,upright,1.0,0.0,0.0,-0.3386623594618687,47.14390535935925,0.3677147292456417,1
699,3.306514629948365,Participant3_RS_FuUp,Endomorph,Normal,upright,1.0,0.0,0.0,-0.3388689413454259,48.37102155091091,0.3611468607264423,1
700,3.311244979919679,Participant3_RS_FuUp,Endomorph,Normal,upright,1.0,0.0,0.0,-0.3780995816825928,47.57310578566934,0.364878772656114,1
701,3.3159753298909926,Participant3_RS_FuUp,Endomorph,Normal,upright,1.0,0.0,0.0,-0.4578501810933125,47.4368127685099,0.3652163255563066,1
702,3.3207056798623067,Participant3_RS_FuUp,Endomorph,Normal,upright,1.0,0.0,0.0,-0.4576664639898034,47.33129210209904,0.3721929452571816,1
703,3.3254360298336203,Participant3_RS_FuUp,Endomorph,Normal,upright,1.0,0.0,0.0,-0.4278602628152709,47.1592790657209,0.3717083158663011,1
704,3.3301663798049344,Participant3_RS_FuUp,Endomorph,Normal,upright,1.0,0.0,0.0,-0.3137162267927165,48.077005014427286,0.3727778882703336,1
705,3.334896729776248,Participant3_RS_FuUp,Endomorph,Normal,upright,1.0,0.0,0.0,-0.4412700787547748,47.1927740496115,0.3711768467741684,1
706,3.339627079747562,Participant3_RS_FuUp,Endomorph,Normal,upright,1.0,0.0,0.0,-0.3243592307735897,47.88542394042352,0.3682208700431304,1
707,3.344357429718876,Participant3_RS_FuUp,Endomorph,Normal,upright,1.0,0.0,0.0,-0.4012921954614343,47.22838885407889,0.3717433408604203,1
708,3.3490877796901897,Participant3_RS_FuUp,Endomorph,Normal,upright,1.0,0.0,0.0,-0.3372174752278828,46.68786937612207,0.3652888424348676,1
709,3.3538181296615037,Participant3_RS_FuUp,Endomorph,Normal,upright,1.0,0.0,0.0,-0.2784720691857751,48.88752380450183,0.3622292641081536,1
710,3.3585484796328173,Participant3_RS_FuUp,Endomorph,Normal,upright,1.0,0.0,0.0,-0.3349933232564442,47.7217627992879,0.3562024572182388,1
711,3.363278829604131,Participant3_RS_FuUp,Endomorph,Normal,upright,1.0,0.0,0.0,-0.2916794121711026,48.21819347828012,0.3667415540741728,1
712,3.368009179575445,Participant3_RS_FuUp,Endomorph,Normal,upright,1.0,0.0,0.0,-0.3184378493543602,47.1068543548195,0.3614903392444002,1
713,3.3727395295467586,Participant3_RS_FuUp,Endomorph,Normal,upright,1.0,0.0,0.0,-0.3169044846453924,47.33417810048447,0.3560234639312963,1
714,3.3774698795180726,Participant3_RS_FuUp,Endomorph,Normal,upright,1.0,0.0,0.0,-0.3638432008796437,47.88352096607444,0.3748589405229455,1
715,3.3822002294893863,Participant3_RS_FuUp,Endomorph,Normal,upright,1.0,0.0,0.0,-0.297186760665869,47.551873294129095,0.3542779717783299,1
716,3.3869305794607003,Participant3_RS_FuUp,Endomorph,Normal,upright,1.0,0.0,0.0,-0.323881139564242,47.17195092608901,0.3560486781009915,1
717,3.391660929432014,Participant3_RS_FuUp,Endomorph,Normal,upright,1.0,0.0,0.0,-0.3357810259394335,47.36113463874491,0.364629638865039,1
718,3.396391279403328,Participant3_RS_FuUp,Endomorph,Normal,upright,1.0,0.0,0.0,-0.3433815064746021,47.49138029450936,0.3616800578462911,1
719,3.4011216293746416,Participant3_RS_FuUp,Endomorph,Normal,upright,1.0,0.0,0.0,-0.302218370383048,47.64110641203426,0.3716677570122253,1
720,3.405851979345956,Participant3_RS_FuUp,Endomorph,Normal,upright,1.0,0.0,0.0,-0.2559474679702375,48.83290742461272,0.3549160408721567,1
721,3.410582329317269,Participant3_RS_FuUp,Endomorph,Normal,upright,1.0,0.0,0.0,-0.3792796763539824,47.15863720479897,0.3699182949699734,1
722,3.4153126792885837,Participant3_RS_FuUp,Endomorph,Normal,upright,1.0,0.0,0.0,-0.3101931367804384,46.32525690043944,0.3649130370048449,1
723,3.420043029259897,Participant3_RS_FuUp,Endomorph,Normal,upright,1.0,0.0,0.0,-0.3512885824262591,46.752986958591656,0.3608182315671359,1
724,3.424773379231211,Participant3_RS_FuUp,Endomorph,Normal,upright,1.0,0.0,0.0,-0.3580128063430305,47.25906454505728,0.3523605352980489,1
725,3.429503729202525,Participant3_RS_FuUp,Endomorph,Normal,upright,1.0,0.0,0.0,-0.3854208005925422,47.40882926264256,0.3758523277126706,1
726,3.4342340791738386,Participant3_RS_FuUp,Endomorph,Normal,upright,1.0,0.0,0.0,-0.4194331545993124,47.93498811890789,0.3661344912844095,1
727,3.438964429145152,Participant3_RS_FuUp,Endomorph,Normal,upright,1.0,0.0,0.0,-0.4329899411219,48.25868853951472,0.3630852905671867,1
728,3.4436947791164663,Participant3_RS_FuUp,Endomorph,Normal,upright,1.0,0.0,0.0,-0.4337221087081938,47.77963310848548,0.3503445124245649,1
729,3.44842512908778,Participant3_RS_FuUp,Endomorph,Normal,upright,1.0,0.0,0.0,-0.3584746890113656,48.30029573187538,0.3640070820718585,1
730,3.453155479059094,Participant3_RS_FuUp,Endomorph,Normal,upright,1.0,0.0,0.0,-0.3978929339044192,47.75156233599657,0.3564560254697065,1
731,3.4578858290304075,Participant3_RS_FuUp,Endomorph,Normal,upright,1.0,0.0,0.0,-0.5001031043853523,47.609997215083375,0.357792629962101,1
732,3.4626161790017216,Participant3_RS_FuUp,Endomorph,Normal,upright,1.0,0.0,0.0,-0.4040858603606188,47.48583597944751,0.3685379836595623,1
733,3.467346528973035,Participant3_RS_FuUp,Endomorph,Normal,upright,1.0,0.0,0.0,-0.319733328429872,48.148581654928606,0.3597899938796987,1
734,3.472076878944349,Participant3_RS_FuUp,Endomorph,Normal,upright,1.0,0.0,0.0,-0.3675796441901624,47.836298550430136,0.3603489215715193,1
735,3.476807228915663,Participant3_RS_FuUp,Endomorph,Normal,upright,1.0,0.0,0.0,-0.4371091524004894,47.62566427959956,0.3490655715912316,1
736,3.4815375788869765,Participant3_RS_FuUp,Endomorph,Normal,upright,1.0,0.0,0.0,-0.4702196192329196,47.63045209124531,0.3508641850585059,1
737,3.4862679288582905,Participant3_RS_FuUp,Endomorph,Normal,upright,1.0,0.0,0.0,-0.3710711680532184,47.23873214031882,0.3478950567516648,1
738,3.490998278829604,Participant3_RS_FuUp,Endomorph,Normal,upright,1.0,0.0,0.0,-0.3965121040883481,46.83796246887602,0.3582983552897342,1
739,3.495728628800918,Participant3_RS_FuUp,Endomorph,Normal,upright,1.0,0.0,0.0,-0.3979161115086707,47.07692104407485,0.3446902761422017,1
740,3.500458978772232,Participant3_RS_FuUp,Endomorph,Normal,upright,1.0,0.0,0.0,-0.368867945675897,46.95196579323621,0.3557169802782232,1
741,3.505189328743546,Participant3_RS_FuUp,Endomorph,Normal,upright,1.0,0.0,0.0,-0.484924910049886,48.05800599676321,0.3635213840217797,1
742,3.5099196787148594,Participant3_RS_FuUp,Endomorph,Normal,upright,1.0,0.0,0.0,-0.3803648253384865,47.49747336876831,0.3610131610017228,1
743,3.514650028686173,Participant3_RS_FuUp,Endomorph,Normal,upright,1.0,0.0,0.0,-0.3319499223840489,47.1787271559119,0.3674264795885575,1
744,3.519380378657487,Participant3_RS_FuUp,Endomorph,Normal,upright,1.0,0.0,0.0,-0.2877536858829419,47.88976057541208,0.369395474471915,1
745,3.524110728628801,Participant3_RS_FuUp,Endomorph,Normal,upright,1.0,0.0,0.0,-0.2874737959903352,47.55243914898904,0.3678874864024234,1
746,3.5288410786001148,Participant3_RS_FuUp,Endomorph,Normal,upright,1.0,0.0,0.0,-0.2800066114883422,46.83873268486602,0.3709471997271885,1
747,3.533571428571429,Participant3_RS_FuUp,Endomorph,Normal,upright,1.0,0.0,0.0,-0.3791629046681367,47.77646100825776,0.3455989497839651,1
748,3.5383017785427424,Participant3_RS_FuUp,Endomorph,Normal,upright,1.0,0.0,0.0,-0.4081261795077959,47.34553639034573,0.3499655857675799,1
749,3.5430321285140565,Participant3_RS_FuUp,Endomorph,Normal,upright,1.0,0.0,0.0,-0.3529280800243423,47.57737718919374,0.3513696613272227,1
750,3.54776247848537,Participant3_RS_FuUp,Endomorph,Normal,upright,1.0,0.0,0.0,-0.2878464944551768,47.450907289232624,0.3587577877905928,1
751,3.552492828456684,Participant3_RS_FuUp,Endomorph,Normal,upright,1.0,0.0,0.0,-0.3232298776290835,46.26060133200043,0.3674262007590633,1
752,3.5572231784279977,Participant3_RS_FuUp,Endomorph,Normal,upright,1.0,0.0,0.0,-0.2787182717472087,47.50987009589508,0.3674097404598126,1
753,3.561953528399312,Participant3_RS_FuUp,Endomorph,Normal,upright,1.0,0.0,0.0,-0.3610484572419221,47.06711730009053,0.3528920071296607,1
754,3.5666838783706254,Participant3_RS_FuUp,Endomorph,Normal,upright,1.0,0.0,0.0,-0.3768871961037542,47.114235326993466,0.3552389810882085,1
755,3.5714142283419394,Participant3_RS_FuUp,Endomorph,Normal,upright,1.0,0.0,0.0,-0.4049557164764873,47.08982458555205,0.3677481366159189,1
756,3.576144578313253,Participant3_RS_FuUp,Endomorph,Normal,upright,1.0,0.0,0.0,-0.3263334746991237,46.0864141814733,0.3602928569619415,1
757,3.580874928284567,Participant3_RS_FuUp,Endomorph,Normal,upright,1.0,0.0,0.0,-0.3267785828057409,47.34625661597229,0.3543883944610184,1
758,3.5856052782558807,Participant3_RS_FuUp,Endomorph,Normal,upright,1.0,0.0,0.0,-0.3658499580295468,47.780260503161145,0.3704813290414224,1
759,3.5903356282271948,Participant3_RS_FuUp,Endomorph,Normal,upright,1.0,0.0,0.0,-0.2767111477359876,48.16144127847461,0.3769027323204753,1
760,3.5950659781985084,Participant3_RS_FuUp,Endomorph,Normal,upright,1.0,0.0,0.0,-0.3114591304201428,47.35191212956517,0.3531444049140413,1
761,3.5997963281698224,Participant3_RS_FuUp,Endomorph,Normal,upright,1.0,0.0,0.0,-0.3510921179245264,47.053468492765006,0.3589397144112387,1
762,3.604526678141136,Participant3_RS_FuUp,Endomorph,Normal,upright,1.0,0.0,0.0,-0.2749173141325359,47.190473277568,0.3691849810727112,1
763,3.60925702811245,Participant3_RS_FuUp,Endomorph,Normal,upright,1.0,0.0,0.0,-0.2984998946949038,47.55086795233435,0.3744977102852388,1
764,3.613987378083764,Participant3_RS_FuUp,Endomorph,Normal,upright,1.0,0.0,0.0,-0.306036747167277,48.42494747923277,0.3649557927154981,1
765,3.6187177280550777,Participant3_RS_FuUp,Endomorph,Normal,upright,1.0,0.0,0.0,-0.3368619866031411,47.28949254786342,0.3642270986745409,1
766,3.623448078026392,Participant3_RS_FuUp,Endomorph,Normal,upright,1.0,0.0,0.0,-0.3073693885930958,47.66531611530323,0.3614669466327419,1
767,3.6281784279977054,Participant3_RS_FuUp,Endomorph,Normal,upright,1.0,0.0,0.0,-0.4420604099049919,46.848185037551474,0.3659740401111988,1
768,3.632908777969019,Participant3_RS_FuUp,Endomorph,Normal,upright,1.0,0.0,0.0,-0.3111413786955272,47.48535348866497,0.3643549866081892,1
769,3.637639127940333,Participant3_RS_FuUp,Endomorph,Normal,upright,1.0,0.0,0.0,-0.3394579882534797,47.33403853987316,0.3650086063003273,1
770,3.642369477911647,Participant3_RS_FuUp,Endomorph,Normal,upright,1.0,0.0,0.0,-0.2955849811086892,48.0836436416816,0.3626052067846687,1
771,3.6470998278829607,Participant3_RS_FuUp,Endomorph,Normal,upright,1.0,0.0,0.0,-0.337241947784343,47.36151599856822,0.3563357642301663,1
772,3.6518301778542734,Participant3_RS_FuUp,Endomorph,Normal,upright,1.0,0.0,0.0,-0.4072197063861947,47.00650653854671,0.3544133672740227,1
773,3.656560527825589,Participant3_RS_FuUp,Endomorph,Normal,upright,1.0,0.0,0.0,-0.3620374117269642,47.28381240184024,0.3498773917484804,1
774,3.661290877796902,Participant3_RS_FuUp,Endomorph,Normal,upright,1.0,0.0,0.0,-0.3560961373301382,47.53521998227517,0.3459812557258465,1
775,3.666021227768216,Participant3_RS_FuUp,Endomorph,Normal,upright,1.0,0.0,0.0,-0.4094983930844075,46.945514310631,0.3644720701765929,1
776,3.6707515777395296,Participant3_RS_FuUp,Endomorph,Normal,upright,1.0,0.0,0.0,-0.3260558645384714,45.80643424430815,0.3660421067608227,1
777,3.675481927710844,Participant3_RS_FuUp,Endomorph,Normal,upright,1.0,0.0,0.0,-0.3251862821078011,46.80434873830023,0.365865547667597,1
778,3.680212277682157,Participant3_RS_FuUp,Endomorph,Normal,upright,1.0,0.0,0.0,-0.3380505492124834,46.87057260963219,0.3535034003649873,1
779,3.684942627653472,Participant3_RS_FuUp,Endomorph,Normal,upright,1.0,0.0,0.0,-0.3352254469966916,47.6061849326896,0.3738492034275714,1
780,3.689672977624785,Participant3_RS_FuUp,Endomorph,Normal,upright,1.0,0.0,0.0,-0.2892999383284689,46.6597332940962,0.3640061596067235,1
781,3.694403327596099,Participant3_RS_FuUp,Endomorph,Normal,upright,1.0,0.0,0.0,-0.3564347946384737,47.07034712132575,0.3579413234384753,1
782,3.6991336775674126,Participant3_RS_FuUp,Endomorph,Normal,upright,1.0,0.0,0.0,-0.3359263577963165,47.19469040471424,0.3592969914813712,1
783,3.703864027538727,Participant3_RS_FuUp,Endomorph,Normal,upright,1.0,0.0,0.0,-0.3396114724110939,46.916366345411234,0.3556238253578476,1
784,3.70859437751004,Participant3_RS_FuUp,Endomorph,Normal,upright,1.0,0.0,0.0,-0.3008875817766879,47.02054071174781,0.3629607187835716,1
785,3.7133247274813534,Participant3_RS_FuUp,Endomorph,Normal,upright,1.0,0.0,0.0,-0.3268310265146738,46.42685728904453,0.3603381295265809,1
786,3.718055077452668,Participant3_RS_FuUp,Endomorph,Normal,upright,1.0,0.0,0.0,-0.3217139745620042,47.15540790747139,0.3590332082225662,1
787,3.722785427423982,Participant3_RS_FuUp,Endomorph,Normal,upright,1.0,0.0,0.0,-0.3443763925418078,46.63967994596867,0.3648064051530015,1
788,3.727515777395296,Participant3_RS_FuUp,Endomorph,Normal,upright,1.0,0.0,0.0,-0.3254877802213943,48.1414478776678,0.3614876340377181,1
789,3.7322461273666097,Participant3_RS_FuUp,Endomorph,Normal,upright,1.0,0.0,0.0,-0.3563510520490843,46.90931746289211,0.3595747053731179,1
790,3.7369764773379233,Participant3_RS_FuUp,Endomorph,Normal,upright,1.0,0.0,0.0,-0.3246870159701879,47.07410687725847,0.3693474847972611,1
791,3.741706827309237,Participant3_RS_FuUp,Endomorph,Normal,upright,1.0,0.0,0.0,-0.292912346801601,46.495354447466745,0.3722938270107654,1
792,3.746437177280551,Participant3_RS_FuUp,Endomorph,Normal,upright,1.0,0.0,0.0,-0.3555120144417615,48.05189649078775,0.3577322786931284,1
793,3.751167527251865,Participant3_RS_FuUp,Endomorph,Normal,upright,1.0,0.0,0.0,-0.3265239229539602,46.85788752747442,0.3585451573476906,1
794,3.7558978772231786,Participant3_RS_FuUp,Endomorph,Normal,upright,1.0,0.0,0.0,-0.3243481231547286,47.420739555457146,0.3635351390255465,1
795,3.7606282271944926,Participant3_RS_FuUp,Endomorph,Normal,upright,1.0,0.0,0.0,-0.294760907677586,47.5703536464886,0.3579057582183698,1
796,3.7653585771658062,Participant3_RS_FuUp,Endomorph,Normal,upright,1.0,0.0,0.0,-0.3132704071209524,47.34099427796346,0.3600214789231359,1
797,3.77008892713712,Participant3_RS_FuUp,Endomorph,Normal,upright,1.0,0.0,0.0,-0.2821219610824726,46.66297396397474,0.3670410102837678,1
798,3.774819277108434,Participant3_RS_FuUp,Endomorph,Normal,upright,1.0,0.0,0.0,-0.2798285292508454,46.78662919344991,0.3574438206872701,1
799,3.779549627079748,Participant3_RS_FuUp,Endomorph,Normal,upright,1.0,0.0,0.0,-0.295537399437382,46.6985761349084,0.3616683832556573,1
800,3.7842799770510616,Participant3_RS_FuUp,Endomorph,Normal,upright,1.0,0.0,0.0,-0.3685504497199661,46.942869094674165,0.3665023475628226,1
801,3.789010327022376,Participant3_RS_FuUp,Endomorph,Normal,upright,1.0,0.0,0.0,-0.3654571832323167,47.13128392872128,0.3657013019616169,1
802,3.793740676993689,Participant3_RS_FuUp,Endomorph,Normal,upright,1.0,0.0,0.0,-0.3337161315639215,46.91589013862945,0.3604507837840007,1
803,3.7984710269650033,Participant3_RS_FuUp,Endomorph,Normal,upright,1.0,0.0,0.0,-0.3107796739730396,46.93087571551885,0.3643250847961349,1
804,3.803201376936317,Participant3_RS_FuUp,Endomorph,Normal,upright,1.0,0.0,0.0,-0.3411696800852629,47.369064256583485,0.3644039578773056,1
805,3.807931726907631,Participant3_RS_FuUp,Endomorph,Normal,upright,1.0,0.0,0.0,-0.3138485166109673,47.20293693671761,0.3663755560573907,1
806,3.812662076878945,Participant3_RS_FuUp,Endomorph,Normal,upright,1.0,0.0,0.0,-0.3225933766250041,47.07545311814291,0.3686755194833931,1
807,3.8173924268502586,Participant3_RS_FuUp,Endomorph,Normal,upright,1.0,0.0,0.0,-0.2830598590853068,49.103976979035934,0.3676287529371682,1
808,3.822122776821572,Participant3_RS_FuUp,Endomorph,Normal,upright,1.0,0.0,0.0,-0.3058783126524612,48.08503893576452,0.3676912630682771,1
809,3.8268531267928863,Participant3_RS_FuUp,Endomorph,Normal,upright,1.0,0.0,0.0,-0.2652683917985979,46.99567477042428,0.3605965522536137,1
810,3.8315834767642,Participant3_RS_FuUp,Endomorph,Normal,upright,1.0,0.0,0.0,-0.3557704009449592,46.34421812296184,0.3593965794064147,1
811,3.836313826735514,Participant3_RS_FuUp,Endomorph,Normal,upright,1.0,0.0,0.0,-0.3036509357157344,46.405488735024896,0.3629334369498092,1
812,3.841044176706828,Participant3_RS_FuUp,Endomorph,Normal,upright,1.0,0.0,0.0,-0.2870847160865123,45.96318184700527,0.353191717366488,1
813,3.8457745266781416,Participant3_RS_FuUp,Endomorph,Normal,upright,1.0,0.0,0.0,-0.299165997034758,46.01738842990986,0.3619670688431985,1
814,3.850504876649455,Participant3_RS_FuUp,Endomorph,Normal,upright,1.0,0.0,0.0,-0.2972332879848667,47.77246968219147,0.3628105873021685,1
815,3.855235226620769,Participant3_RS_FuUp,Endomorph,Normal,upright,1.0,0.0,0.0,-0.2690617398337445,47.367333155222,0.3611288966352669,1
816,3.859965576592083,Participant3_RS_FuUp,Endomorph,Normal,upright,1.0,0.0,0.0,-0.2867415850990246,47.1441243186005,0.3640136855537463,1
817,3.864695926563397,Participant3_RS_FuUp,Endomorph,Normal,upright,1.0,0.0,0.0,-0.3241609164598931,47.09408667329441,0.3640352775298456,1
818,3.8694262765347114,Participant3_RS_FuUp,Endomorph,Normal,upright,1.0,0.0,0.0,-0.3289422033691564,47.8807659042262,0.3606256151247763,1
819,3.874156626506024,Participant3_RS_FuUp,Endomorph,Normal,upright,1.0,0.0,0.0,-0.3050263363184244,47.451477631323975,0.3584496864706334,1
820,3.878886976477338,Participant3_RS_FuUp,Endomorph,Normal,upright,1.0,0.0,0.0,-0.292312847695648,46.81179684997044,0.3548528826343462,1
821,3.883617326448652,Participant3_RS_FuUp,Endomorph,Normal,upright,1.0,0.0,0.0,-0.3561498946341068,47.22586945330333,0.3566646390517178,1
822,3.888347676419966,Participant3_RS_FuUp,Endomorph,Normal,upright,1.0,0.0,0.0,-0.2837601101155592,47.09107793319116,0.3605574655690381,1
823,3.89307802639128,Participant3_RS_FuUp,Endomorph,Normal,upright,1.0,0.0,0.0,-0.2956422873383963,46.58948762824439,0.3598977355581823,1
824,3.8978083763625935,Participant3_RS_FuUp,Endomorph,Normal,upright,1.0,0.0,0.0,-0.2749234599840837,47.27780957223335,0.3583703242171558,1
825,3.902538726333907,Participant3_RS_FuUp,Endomorph,Normal,upright,1.0,0.0,0.0,-0.307132534077766,46.247242639990425,0.3568732890418364,1
826,3.907269076305221,Participant3_RS_FuUp,Endomorph,Normal,upright,1.0,0.0,0.0,-0.2853852258513809,46.51838390037444,0.3621487096346362,1
827,3.911999426276535,Participant3_RS_FuUp,Endomorph,Normal,upright,1.0,0.0,0.0,-0.3047530808196053,46.558309248904735,0.3629230815339661,1
828,3.916729776247849,Participant3_RS_FuUp,Endomorph,Normal,upright,1.0,0.0,0.0,-0.3034696527666154,48.446416915174034,0.3570760187327096,1
829,3.9214601262191615,Participant3_RS_FuUp,Endomorph,Normal,upright,1.0,0.0,0.0,-0.2877504423714789,47.13369724937333,0.3548765926613504,1
830,3.926190476190477,Participant3_RS_FuUp,Endomorph,Normal,upright,1.0,0.0,0.0,-0.278565551800839,46.95087809831868,0.3505608393539277,1
831,3.93092082616179,Participant3_RS_FuUp,Endomorph,Normal,upright,1.0,0.0,0.0,-0.3042963805735718,46.67918738690135,0.350405622105204,1
832,3.935651176133104,Participant3_RS_FuUp,Endomorph,Normal,upright,1.0,0.0,0.0,-0.3417781952532648,47.12783499848142,0.3674618462731411,1
833,3.9403815261044177,Participant3_RS_FuUp,Endomorph,Normal,upright,1.0,0.0,0.0,-0.3131020247904331,47.57921668400375,0.364681973527853,1
834,3.945111876075732,Participant3_RS_FuUp,Endomorph,Normal,upright,1.0,0.0,0.0,-0.3566103498993881,48.010419210609605,0.3735208056577139,1
835,3.949842226047045,Participant3_RS_FuUp,Endomorph,Normal,upright,1.0,0.0,0.0,-0.3243065635367747,47.405307511627846,0.368338741228017,1
836,3.95457257601836,Participant3_RS_FuUp,Endomorph,Normal,upright,1.0,0.0,0.0,-0.3469219725579077,45.81166460861148,0.3667492345115073,1
837,3.959302925989673,Participant3_RS_FuUp,Endomorph,Normal,upright,1.0,0.0,0.0,-0.3343501233749991,47.29368105831695,0.363808299271681,1
838,3.964033275960987,Participant3_RS_FuUp,Endomorph,Normal,upright,1.0,0.0,0.0,-0.3304386855346501,46.46160695359555,0.3639726044498951,1
839,3.9687636259323007,Participant3_RS_FuUp,Endomorph,Normal,upright,1.0,0.0,0.0,-0.3467685681572596,46.40810980647144,0.3665949446850456,1
840,3.973493975903615,Participant3_RS_FuUp,Endomorph,Normal,upright,1.0,0.0,0.0,-0.35568098496247,46.63470943930984,0.3639784165894765,1
841,3.978224325874928,Participant3_RS_FuUp,Endomorph,Normal,upright,1.0,0.0,0.0,-0.3042128109543203,46.29794096183929,0.3595698873043436,1
842,3.9829546758462415,Participant3_RS_FuUp,Endomorph,Normal,upright,1.0,0.0,0.0,-0.2989449277774406,46.325286830256125,0.3615360707562048,1
843,3.987685025817556,Participant3_RS_FuUp,Endomorph,Normal,upright,1.0,0.0,0.0,-0.333186729818496,46.56232291293655,0.3576808978650468,1
844,3.99241537578887,Participant3_RS_FuUp,Endomorph,Normal,upright,1.0,0.0,0.0,-0.3123870786060051,45.8967614293142,0.3578835823507272,1
845,3.997145725760184,Participant3_RS_FuUp,Endomorph,Normal,upright,1.0,0.0,0.0,-0.391465261423941,47.10017881178816,0.3572716986009699,1
846,4.001876075731498,Participant3_RS_FuUp,Endomorph,Normal,upright,1.0,0.0,0.0,-0.3768964678400447,48.0291607744095,0.3543383250037172,1
847,4.006606425702811,Participant3_RS_FuUp,Endomorph,Normal,upright,1.0,0.0,0.0,-0.3476922666456667,48.098334004635895,0.3531163653687735,1
848,4.011336775674125,Participant3_RS_FuUp,Endomorph,Normal,upright,1.0,0.0,0.0,-0.3537465961386143,47.13655810231917,0.3648756845639997,1
849,4.016067125645439,Participant3_RS_FuUp,Endomorph,Normal,upright,1.0,0.0,0.0,-0.3856053147026571,47.336303525742814,0.367332633431173,1
850,4.020797475616753,Participant3_RS_FuUp,Endomorph,Normal,upright,1.0,0.0,0.0,-0.3137045862361887,48.55903923167938,0.3572841863472505,1
851,4.025527825588067,Participant3_RS_FuUp,Endomorph,Normal,upright,1.0,0.0,0.0,-0.3955042268148654,47.814301451533474,0.3636388039632966,1
852,4.03025817555938,Participant3_RS_FuUp,Endomorph,Normal,upright,1.0,0.0,0.0,-0.3837113624010265,48.56176036758709,0.3617962978522884,1
853,4.034988525530695,Participant3_RS_FuUp,Endomorph,Normal,upright,1.0,0.0,0.0,-0.3502937939064556,47.66870704212132,0.3689597513737804,1
854,4.039718875502008,Participant3_RS_FuUp,Endomorph,Normal,upright,1.0,0.0,0.0,-0.4158838909792766,48.16258627238062,0.3549312677053507,1
855,4.044449225473322,Participant3_RS_FuUp,Endomorph,Normal,upright,1.0,0.0,0.0,-0.4667543964115886,47.99443024045411,0.3550665636156057,1
856,4.049179575444636,Participant3_RS_FuUp,Endomorph,Normal,upright,1.0,0.0,0.0,-0.4709322238091846,48.08479798398278,0.3541151113347863,1
857,4.05390992541595,Participant3_RS_FuUp,Endomorph,Normal,upright,1.0,0.0,0.0,-0.4279622127743557,48.463636979342574,0.3535389701310299,1
858,4.058640275387264,Participant3_RS_FuUp,Endomorph,Normal,upright,1.0,0.0,0.0,-0.4590169162330662,47.65479875046739,0.3596222993908857,1
859,4.063370625358577,Participant3_RS_FuUp,Endomorph,Normal,upright,1.0,0.0,0.0,-0.3671806240502427,47.64516353576878,0.3558024535629707,1
860,4.068100975329891,Participant3_RS_FuUp,Endomorph,Normal,upright,1.0,0.0,0.0,-0.424616472942148,47.33436894602071,0.3594917003371467,1
861,4.072831325301205,Participant3_RS_FuUp,Endomorph,Normal,upright,1.0,0.0,0.0,-0.3778354143200577,47.11864695320255,0.3493694055530838,1
862,4.077561675272519,Participant3_RS_FuUp,Endomorph,Normal,upright,1.0,0.0,0.0,-0.3550532899276226,48.29426858172362,0.3634513096660589,1
863,4.082292025243833,Participant3_RS_FuUp,Endomorph,Normal,upright,1.0,0.0,0.0,-0.3275261387365351,48.49805971346177,0.359592659716053,1
864,4.087022375215146,Participant3_RS_FuUp,Endomorph,Normal,upright,1.0,0.0,0.0,-0.3744131840018238,48.771556052654994,0.354249621190679,1
865,4.091752725186461,Participant3_RS_FuUp,Endomorph,Normal,upright,1.0,0.0,0.0,-0.3596595237523154,47.75762889507509,0.3546989280964424,1
866,4.096483075157774,Participant3_RS_FuUp,Endomorph,Normal,upright,1.0,0.0,0.0,-0.2868333610774412,48.095323006850656,0.3548762594290887,1
867,4.101213425129088,Participant3_RS_FuUp,Endomorph,Normal,upright,1.0,0.0,0.0,-0.2830065652510487,48.50147610886264,0.373711191418785,1
868,4.1059437751004015,Participant3_RS_FuUp,Endomorph,Normal,upright,1.0,0.0,0.0,-0.3220099468638042,47.865850977468114,0.3661135865939561,1
869,4.110674125071716,Participant3_RS_FuUp,Endomorph,Normal,upright,1.0,0.0,0.0,-0.3177373522152789,47.635060998296986,0.3562817090138055,1
870,4.11540447504303,Participant3_RS_FuUp,Endomorph,Normal,upright,1.0,0.0,0.0,-0.2987264916352757,48.65644131745661,0.34616427414142,1
871,4.120134825014343,Participant3_RS_FuUp,Endomorph,Normal,upright,1.0,0.0,0.0,-0.3184158093531741,48.63852309510235,0.3531504688572445,1
872,4.124865174985657,Participant3_RS_FuUp,Endomorph,Normal,upright,1.0,0.0,0.0,-0.2452201485609207,48.65297256282743,0.3529103055146442,1
873,4.129595524956971,Participant3_RS_FuUp,Endomorph,Normal,upright,1.0,0.0,0.0,-0.3590188332243995,48.68012161471809,0.3540971923282278,1
874,4.134325874928285,Participant3_RS_FuUp,Endomorph,Normal,upright,1.0,0.0,0.0,-0.4345927625082709,46.87483775164219,0.3591775358095354,1
875,4.139056224899599,Participant3_RS_FuUp,Endomorph,Normal,upright,1.0,0.0,0.0,-0.4639467639301574,47.87494006382293,0.366935631133641,1
876,4.143786574870912,Participant3_RS_FuUp,Endomorph,Normal,upright,1.0,0.0,0.0,-0.3462015925424112,47.034651976392645,0.3669580805482197,1
877,4.148516924842227,Participant3_RS_FuUp,Endomorph,Normal,upright,1.0,0.0,0.0,-0.3597779852970667,48.118325981058696,0.3659187344582931,1
878,4.15324727481354,Participant3_RS_FuUp,Endomorph,Normal,upright,1.0,0.0,0.0,-0.3019754777558622,48.5634460322287,0.3613482925716784,1
879,4.157977624784854,Participant3_RS_FuUp,Endomorph,Normal,upright,1.0,0.0,0.0,-0.3124211216172492,48.24840679165105,0.3602805591950421,1
880,4.162707974756168,Participant3_RS_FuUp,Endomorph,Normal,upright,1.0,0.0,0.0,-0.3540581638669382,48.74130214419241,0.3619875861293593,1
881,4.167438324727482,Participant3_RS_FuUp,Endomorph,Normal,upright,1.0,0.0,0.0,-0.3727264297566752,48.17349918025451,0.3615041628963365,1
882,4.172168674698796,Participant3_RS_FuUp,Endomorph,Normal,upright,1.0,0.0,0.0,-0.4665877767054985,47.55025971634904,0.3630340362132454,1
883,4.176899024670109,Participant3_RS_FuUp,Endomorph,Normal,upright,1.0,0.0,0.0,-0.3142550022401863,48.9398826729262,0.3495409893171157,1
884,4.181629374641423,Participant3_RS_FuUp,Endomorph,Normal,upright,1.0,0.0,0.0,-0.4523639118481459,47.36517934889765,0.3519545330346881,1
885,4.186359724612737,Participant3_RS_FuUp,Endomorph,Normal,upright,1.0,0.0,0.0,-0.4090297070694191,47.70225945075308,0.3554335430099143,1
886,4.191090074584051,Participant3_RS_FuUp,Endomorph,Normal,upright,1.0,0.0,0.0,-0.4263995880484726,48.716819109763286,0.3654593550770858,1
887,4.1958204245553645,Participant3_RS_FuUp,Endomorph,Normal,upright,1.0,0.0,0.0,-0.4216508559273498,48.51872823726524,0.3644682917526555,1
888,4.200550774526678,Participant3_RS_FuUp,Endomorph,Normal,upright,1.0,0.0,0.0,-0.4021226032916875,48.031321496584845,0.3657776254504646,1
889,4.205281124497993,Participant3_RS_FuUp,Endomorph,Normal,upright,1.0,0.0,0.0,-0.4629580807767481,48.109956498208994,0.3693682680873875,1
890,4.210011474469306,Participant3_RS_FuUp,Endomorph,Normal,upright,1.0,0.0,0.0,-0.4859618288236019,48.97951741895838,0.3661327659438388,1
891,4.21474182444062,Participant3_RS_FuUp,Endomorph,Normal,upright,1.0,0.0,0.0,-0.4120934523311553,48.00561711995402,0.3586091833046778,1
892,4.2194721744119335,Participant3_RS_FuUp,Endomorph,Normal,upright,1.0,0.0,0.0,-0.3926946325502005,47.32448693518516,0.3546585246710315,1
893,4.224202524383248,Participant3_RS_FuUp,Endomorph,Normal,upright,1.0,0.0,0.0,-0.3962326667713879,48.33878873657446,0.3678384484164394,1
894,4.2289328743545616,Participant3_RS_FuUp,Endomorph,Normal,upright,1.0,0.0,0.0,-0.3167369192060276,47.768748952995566,0.3531622630127305,1
895,4.233663224325875,Participant3_RS_FuUp,Endomorph,Normal,upright,1.0,0.0,0.0,-0.408116412703034,47.33968240337083,0.3536274389771779,1
896,4.238393574297189,Participant3_RS_FuUp,Endomorph,Normal,upright,1.0,0.0,0.0,-0.3563273032131331,48.34067265074609,0.3444282200217131,1
897,4.243123924268503,Participant3_RS_FuUp,Endomorph,Normal,upright,1.0,0.0,0.0,-0.3880119715044586,48.00268891613563,0.3660273196415819,1
898,4.247854274239817,Participant3_RS_FuUp,Endomorph,Normal,upright,1.0,0.0,0.0,-0.3423044551285887,48.5564680409946,0.3613031622651377,1
899,4.2525846242111305,Participant3_RS_FuUp,Endomorph,Normal,upright,1.0,0.0,0.0,-0.4440626455258869,47.99482953659362,0.3626167542169045,1
900,4.257314974182444,Participant3_RS_FuUp,Endomorph,Normal,upright,1.0,0.0,0.0,-0.2849323144866492,47.64018646579509,0.3497645516822588,1
901,4.262045324153758,Participant3_RS_FuUp,Endomorph,Normal,upright,1.0,0.0,0.0,-0.3167869385024393,47.51186233412696,0.3608384419439597,1
902,4.266775674125072,Participant3_RS_FuUp,Endomorph,Normal,upright,1.0,0.0,0.0,-0.401354382296161,47.36808289886091,0.3469653977371964,1
903,4.271506024096386,Participant3_RS_FuUp,Endomorph,Normal,upright,1.0,0.0,0.0,-0.4588884043234215,48.2603330185769,0.3607075710741609,1
904,4.276236374067699,Participant3_RS_FuUp,Endomorph,Normal,upright,1.0,0.0,0.0,-0.4823955642027125,47.252631791084944,0.3552647011437987,1
905,4.280966724039013,Participant3_RS_FuUp,Endomorph,Normal,upright,1.0,0.0,0.0,-0.3930259523942137,48.76233531141779,0.36486870906235,1
906,4.285697074010328,Participant3_RS_FuUp,Endomorph,Normal,upright,1.0,0.0,0.0,-0.4246497094463309,48.05596338510389,0.3620708065841227,1
907,4.290427423981641,Participant3_RS_FuUp,Endomorph,Normal,upright,1.0,0.0,0.0,-0.3955971067224553,48.85145525203002,0.3616379102711134,1
908,4.295157773952955,Participant3_RS_FuUp,Endomorph,Normal,upright,1.0,0.0,0.0,-0.4399158039167112,47.64870786484286,0.358488995192202,1
909,4.299888123924268,Participant3_RS_FuUp,Endomorph,Normal,upright,1.0,0.0,0.0,-0.4491722118817146,47.851309753220136,0.3595111397625672,1
910,4.304618473895583,Participant3_RS_FuUp,Endomorph,Normal,upright,1.0,0.0,0.0,-0.4011738476053026,46.91863126468443,0.3649671236133432,1
911,4.309348823866896,Participant3_RS_FuUp,Endomorph,Normal,upright,1.0,0.0,0.0,-0.357813642198431,47.40489141671312,0.3657209042615194,1
912,4.31407917383821,Participant3_RS_FuUp,Endomorph,Normal,upright,1.0,0.0,0.0,-0.3570887628478022,47.56119249944839,0.3555548355001374,1
913,4.318809523809524,Participant3_RS_FuUp,Endomorph,Normal,upright,1.0,0.0,0.0,-0.3656778038959536,48.52130582693245,0.3689220998812004,1
914,4.323539873780838,Participant3_RS_FuUp,Endomorph,Normal,upright,1.0,0.0,0.0,-0.4829280959815335,48.404899428442505,0.3640512915574669,1
915,4.328270223752152,Participant3_RS_FuUp,Endomorph,Normal,upright,1.0,0.0,0.0,-0.5252252398061339,47.73162037696338,0.3644751229687012,1
916,4.333000573723465,Participant3_RS_FuUp,Endomorph,Normal,upright,1.0,0.0,0.0,-0.4383345697686346,48.105670229328126,0.3628082515000163,1
917,4.337730923694779,Participant3_RS_FuUp,Endomorph,Normal,upright,1.0,0.0,0.0,-0.3981771846281864,47.728052387406215,0.3579384234000325,1
918,4.3424612736660935,Participant3_RS_FuUp,Endomorph,Normal,upright,1.0,0.0,0.0,-0.3375532227622168,47.84694597070172,0.3584572432922671,1
919,4.347191623637407,Participant3_RS_FuUp,Endomorph,Normal,upright,1.0,0.0,0.0,-0.3678978660630692,48.3058689467536,0.348027776833172,1
920,4.351921973608721,Participant3_RS_FuUp,Endomorph,Normal,upright,1.0,0.0,0.0,-0.4790630210502574,48.12154578733279,0.3551672340489824,1
921,4.356652323580034,Participant3_RS_FuUp,Endomorph,Normal,upright,1.0,0.0,0.0,-0.4546922084258049,47.77908410338927,0.3508577477979626,1
922,4.361382673551349,Participant3_RS_FuUp,Endomorph,Normal,upright,1.0,0.0,0.0,-0.4268978720590825,48.94189091203576,0.3584813216665444,1
923,4.366113023522662,Participant3_RS_FuUp,Endomorph,Normal,upright,1.0,0.0,0.0,-0.3792285615523689,48.14662413118214,0.3570996986513648,1
924,4.370843373493976,Participant3_RS_FuUp,Endomorph,Normal,upright,1.0,0.0,0.0,-0.3951221648756554,47.72965972162617,0.3623208042321491,1
925,4.37557372346529,Participant3_RS_FuUp,Endomorph,Normal,upright,1.0,0.0,0.0,-0.3985259287996987,47.328030872328064,0.3474677075207038,1
926,4.380304073436604,Participant3_RS_FuUp,Endomorph,Normal,upright,1.0,0.0,0.0,-0.3685774185388292,47.59762845080846,0.3490353749313515,1
927,4.385034423407918,Participant3_RS_FuUp,Endomorph,Normal,upright,1.0,0.0,0.0,-0.3774532660774726,48.518746170251774,0.3573656804320493,1
928,4.389764773379231,Participant3_RS_FuUp,Endomorph,Normal,upright,1.0,0.0,0.0,-0.3843652472502532,48.11480748521829,0.36200078898278,1
929,4.394495123350545,Participant3_RS_FuUp,Endomorph,Normal,upright,1.0,0.0,0.0,-0.3865722207213711,47.47871445834917,0.3472687761588972,1
930,4.399225473321859,Participant3_RS_FuUp,Endomorph,Normal,upright,1.0,0.0,0.0,-0.3132185278786397,47.68183056080324,0.3545283429401688,1
931,4.403955823293173,Participant3_RS_FuUp,Endomorph,Normal,upright,1.0,0.0,0.0,-0.3177703886912657,48.15466373046628,0.3489702943251325,1
932,4.408686173264487,Participant3_RS_FuUp,Endomorph,Normal,upright,1.0,0.0,0.0,-0.322970889222242,47.996449402403606,0.3503678655959313,1
933,4.4134165232358,Participant3_RS_FuUp,Endomorph,Normal,upright,1.0,0.0,0.0,-0.4155338762615125,47.51288707711212,0.3581653900162749,1
934,4.418146873207115,Participant3_RS_FuUp,Endomorph,Normal,upright,1.0,0.0,0.0,-0.4516599211070016,47.57746699828372,0.3636368617218225,1
935,4.422877223178428,Participant3_RS_FuUp,Endomorph,Normal,upright,1.0,0.0,0.0,-0.4319162823829843,47.78728245902372,0.3511530177382199,1
936,4.427607573149742,Participant3_RS_FuUp,Endomorph,Normal,upright,1.0,0.0,0.0,-0.3924943306873236,47.99570150577443,0.3727398948230079,1
937,4.432337923121056,Participant3_RS_FuUp,Endomorph,Normal,upright,1.0,0.0,0.0,-0.4083038185256641,47.64043334964944,0.3619146770960045,1
938,4.43706827309237,Participant3_RS_FuUp,Endomorph,Normal,upright,1.0,0.0,0.0,-0.4914707981024052,47.94601820342927,0.3520266140918211,1
939,4.441798623063684,Participant3_RS_FuUp,Endomorph,Normal,upright,1.0,0.0,0.0,-0.4436482046033811,47.98126143812052,0.3571629467683285,1
940,4.446528973034997,Participant3_RS_FuUp,Endomorph,Normal,upright,1.0,0.0,0.0,-0.466181894716998,47.773369949010416,0.3632624567695946,1
941,4.451259323006311,Participant3_RS_FuUp,Endomorph,Normal,upright,1.0,0.0,0.0,-0.5410918004620462,48.08307159139618,0.3512810890521269,1
942,4.455989672977625,Participant3_RS_FuUp,Endomorph,Normal,upright,1.0,0.0,0.0,-0.4871017371315439,48.71044954365778,0.3585679616108351,1
943,4.460720022948939,Participant3_RS_FuUp,Endomorph,Normal,upright,1.0,0.0,0.0,-0.4661903515093467,47.9822852468171,0.3565192267211367,1
944,4.465450372920253,Participant3_RS_FuUp,Endomorph,Normal,upright,1.0,0.0,0.0,-0.3386015053525792,48.01936286830557,0.3654238785337446,1
945,4.470180722891566,Participant3_RS_FuUp,Endomorph,Normal,upright,1.0,0.0,0.0,-0.4296500654864522,48.50900252761146,0.3509485125539004,1
946,4.474911072862881,Participant3_RS_FuUp,Endomorph,Normal,upright,1.0,0.0,0.0,-0.3760037010122842,48.98058251687593,0.3505463218563767,1
947,4.479641422834194,Participant3_RS_FuUp,Endomorph,Normal,upright,1.0,0.0,0.0,-0.3119660540205965,48.45204273220626,0.3616585344507245,1
948,4.484371772805508,Participant3_RS_FuUp,Endomorph,Normal,upright,1.0,0.0,0.0,-0.2912388595515428,48.08557195595406,0.3595578990503587,1
949,4.4891021227768215,Participant3_RS_FuUp,Endomorph,Normal,upright,1.0,0.0,0.0,-0.3358097334859711,48.22289185952433,0.3534170066646821,1
950,4.493832472748136,Participant3_RS_FuUp,Endomorph,Normal,upright,1.0,0.0,0.0,-0.4377991421990087,47.67899769330161,0.3659340943330156,1
951,4.49856282271945,Participant3_RS_FuUp,Endomorph,Normal,upright,1.0,0.0,0.0,-0.4472683351674142,47.810225640531165,0.3612817164708762,1
952,4.503293172690763,Participant3_RS_FuUp,Endomorph,Normal,upright,1.0,0.0,0.0,-0.2909538619974725,47.728742178735054,0.3591328133610239,1
953,4.508023522662077,Participant3_RS_FuUp,Endomorph,Normal,upright,1.0,0.0,0.0,-0.3833983729148734,48.33142974854679,0.3473502048314956,1
954,4.512753872633391,Participant3_RS_FuUp,Endomorph,Normal,upright,1.0,0.0,0.0,-0.5034396374596567,47.645940518936776,0.3499804226259351,1
955,4.517484222604705,Participant3_RS_FuUp,Endomorph,Normal,upright,1.0,0.0,0.0,-0.4876368656852746,47.70818720174765,0.3529811562631599,1
956,4.5222145725760186,Participant3_RS_FuUp,Endomorph,Normal,upright,1.0,0.0,0.0,-0.3637746566494455,47.89379375375872,0.3536627159393205,1
957,4.526944922547332,Participant3_RS_FuUp,Endomorph,Normal,upright,1.0,0.0,0.0,-0.3958441427980801,47.666050724197326,0.3571506075271897,1
958,4.531675272518647,Participant3_RS_FuUp,Endomorph,Normal,upright,1.0,0.0,0.0,-0.3440238287003566,48.22943926914529,0.3649494668151138,1
959,4.53640562248996,Participant3_RS_FuUp,Endomorph,Normal,upright,1.0,0.0,0.0,-0.4310811693942146,47.05301742495439,0.367799635816834,1
960,4.541135972461274,Participant3_RS_FuUp,Endomorph,Normal,upright,1.0,0.0,0.0,-0.3068888922757771,47.175148183146526,0.3585885438448131,1
961,4.545866322432588,Participant3_RS_FuUp,Endomorph,Normal,upright,1.0,0.0,0.0,-0.4277423592062916,47.528332750742734,0.3623440312557454,1
962,4.550596672403902,Participant3_RS_FuUp,Endomorph,Normal,upright,1.0,0.0,0.0,-0.4140917420494833,46.98751184699735,0.3548476454271292,1
963,4.555327022375216,Participant3_RS_FuUp,Endomorph,Normal,upright,1.0,0.0,0.0,-0.4234237442897259,46.89540841546726,0.3593806202057538,1
964,4.560057372346529,Participant3_RS_FuUp,Endomorph,Normal,upright,1.0,0.0,0.0,-0.4763171254768568,46.95539361519516,0.3679357773347383,1
965,4.564787722317843,Participant3_RS_FuUp,Endomorph,Normal,upright,1.0,0.0,0.0,-0.5003357569121705,47.96326063603729,0.3608657762268829,1
966,4.569518072289157,Participant3_RS_FuUp,Endomorph,Normal,upright,1.0,0.0,0.0,-0.524354388347484,46.87442509163895,0.3591136187027814,1
967,4.574248422260471,Participant3_RS_FuUp,Endomorph,Normal,upright,1.0,0.0,0.0,-0.3301623615381431,47.35395015130694,0.3663685116079447,1
968,4.5789787722317845,Participant3_RS_FuUp,Endomorph,Normal,upright,1.0,0.0,0.0,-0.4445995681876016,48.09174863838944,0.3690481288538334,1
969,4.583709122203098,Participant3_RS_FuUp,Endomorph,Normal,upright,1.0,0.0,0.0,-0.4121376200205574,47.43473490338789,0.3583096102311723,1
970,4.588439472174413,Participant3_RS_FuUp,Endomorph,Normal,upright,1.0,0.0,0.0,-0.5106694549366997,46.938175447005136,0.3811096040000395,1
971,4.593169822145726,Participant3_RS_FuUp,Endomorph,Normal,upright,1.0,0.0,0.0,-0.4742006275276027,47.1203983108218,0.3612387115925382,1
972,4.59790017211704,Participant3_RS_FuUp,Endomorph,Normal,upright,1.0,0.0,0.0,-0.4353629751821993,47.21157845003759,0.36990141195686,1
973,4.602630522088353,Participant3_RS_FuUp,Endomorph,Normal,upright,1.0,0.0,0.0,-0.4283896415405727,47.22434151729385,0.3633726635333402,1
974,4.607360872059668,Participant3_RS_FuUp,Endomorph,Normal,upright,1.0,0.0,0.0,-0.4408264972494302,47.32053699269904,0.3648320072191903,1
975,4.6120912220309815,Participant3_RS_FuUp,Endomorph,Normal,upright,1.0,0.0,0.0,-0.3609028976980972,47.7052999376961,0.3635811854196548,1
976,4.616821572002295,Participant3_RS_FuUp,Endomorph,Normal,upright,1.0,0.0,0.0,-0.339323025624035,47.62293950694823,0.3606990233024672,1
977,4.621551921973609,Participant3_RS_FuUp,Endomorph,Normal,upright,1.0,0.0,0.0,-0.4563689967281505,47.20324384672469,0.3600942084079659,1
978,4.626282271944923,Participant3_RS_FuUp,Endomorph,Normal,upright,1.0,0.0,0.0,-0.3798594512807548,47.77314282273549,0.3634917004307621,1
979,4.631012621916237,Participant3_RS_FuUp,Endomorph,Normal,upright,1.0,0.0,0.0,-0.3951826270296517,47.851289244665885,0.3679637218519143,1
980,4.635742971887551,Participant3_RS_FuUp,Endomorph,Normal,upright,1.0,0.0,0.0,-0.4969467897008205,47.81202057152011,0.3671874409049445,1
981,4.640473321858864,Participant3_RS_FuUp,Endomorph,Normal,upright,1.0,0.0,0.0,-0.4032346221158676,48.16707848773116,0.3630029022529329,1
982,4.645203671830178,Participant3_RS_FuUp,Endomorph,Normal,upright,1.0,0.0,0.0,-0.4170301456181975,47.186162209149046,0.3728225647218767,1
983,4.649934021801492,Participant3_RS_FuUp,Endomorph,Normal,upright,1.0,0.0,0.0,-0.4529238546575178,47.30697075173774,0.3826422271908206,1
984,4.654664371772806,Participant3_RS_FuUp,Endomorph,Normal,upright,1.0,0.0,0.0,-0.3631757989956106,46.66752724845523,0.3706685526696499,1
985,4.659394721744119,Participant3_RS_FuUp,Endomorph,Normal,upright,1.0,0.0,0.0,-0.3724416159449351,46.55898116762076,0.3707669742540835,1
986,4.664125071715433,Participant3_RS_FuUp,Endomorph,Normal,upright,1.0,0.0,0.0,-0.3715935437200306,47.470400330146056,0.3787812361754001,1
987,4.668855421686748,Participant3_RS_FuUp,Endomorph,Normal,upright,1.0,0.0,0.0,-0.4218940414050361,46.731523401975856,0.3623966104831077,1
988,4.673585771658061,Participant3_RS_FuUp,Endomorph,Normal,upright,1.0,0.0,0.0,-0.4340403581597979,46.45254340978832,0.3590159419427066,1
989,4.678316121629375,Participant3_RS_FuUp,Endomorph,Normal,upright,1.0,0.0,0.0,-0.5146579381177545,47.79539815060872,0.3679971385719271,1
990,4.683046471600688,Participant3_RS_FuUp,Endomorph,Normal,upright,1.0,0.0,0.0,-0.5308424349942483,48.07192836919698,0.3640464894762166,1
991,4.687776821572003,Participant3_RS_FuUp,Endomorph,Normal,upright,1.0,0.0,0.0,-0.5154332734659348,47.552589421753694,0.361418657406202,1
992,4.692507171543316,Participant3_RS_FuUp,Endomorph,Normal,upright,1.0,0.0,0.0,-0.4244305630502597,47.97428295502804,0.3664100262843711,1
993,4.69723752151463,Participant3_RS_FuUp,Endomorph,Normal,upright,1.0,0.0,0.0,-0.3778114023820913,47.54835815382663,0.3646955442156659,1
994,4.701967871485944,Participant3_RS_FuUp,Endomorph,Normal,upright,1.0,0.0,0.0,-0.3197035570618075,47.74755200327648,0.3631499682579476,1
995,4.706698221457258,Participant3_RS_FuUp,Endomorph,Normal,upright,1.0,0.0,0.0,-0.3502637440629188,47.21708445900455,0.3664960259910985,1
996,4.711428571428572,Participant3_RS_FuUp,Endomorph,Normal,upright,1.0,0.0,0.0,-0.3843283390034062,47.28509173976092,0.3678041117809419,1
997,4.716158921399885,Participant3_RS_FuUp,Endomorph,Normal,upright,1.0,0.0,0.0,-0.3790274906459746,46.7352026446156,0.3625425729637045,1
998,4.720889271371199,Participant3_RS_FuUp,Endomorph,Normal,upright,1.0,0.0,0.0,-0.3993655952128179,46.92155257045138,0.3643733857211558,1
999,4.7256196213425135,Participant3_RS_FuUp,Endomorph,Normal,upright,1.0,0.0,0.0,-0.4197036997796611,46.804946184357526,0.3666529996059259,1
1000,4.730349971313827,Participant3_RS_FuUp,Endomorph,Normal,upright,1.0,0.0,0.0,-0.3896805722415966,47.84906593225106,0.359890201409246,1
1001,4.735080321285141,Participant3_RS_FuUp,Endomorph,Normal,upright,1.0,0.0,0.0,-0.2981525730284659,46.56750773385345,0.3677895312170596,1
1002,4.739810671256454,Participant3_RS_FuUp,Endomorph,Normal,upright,1.0,0.0,0.0,-0.3740596418439057,47.41833727676721,0.3541136041544498,1
1003,4.744541021227769,Participant3_RS_FuUp,Endomorph,Normal,upright,1.0,0.0,0.0,-0.3360618786876443,47.18635130752437,0.3628842655167493,1
1004,4.749271371199082,Participant3_RS_FuUp,Endomorph,Normal,upright,1.0,0.0,0.0,-0.4031611325326895,46.52057646824724,0.3647604040335365,1
1005,4.754001721170396,Participant3_RS_FuUp,Endomorph,Normal,upright,1.0,0.0,0.0,-0.3590579336291719,46.77619104250206,0.3580833996633563,1
1006,4.75873207114171,Participant3_RS_FuUp,Endomorph,Normal,upright,1.0,0.0,0.0,-0.3598067821256607,46.61365708811359,0.3573405079390694,1
1007,4.763462421113024,Participant3_RS_FuUp,Endomorph,Normal,upright,1.0,0.0,0.0,-0.4362357510092836,47.03875535397481,0.3569762001630695,1
1008,4.768192771084338,Participant3_RS_FuUp,Endomorph,Normal,upright,1.0,0.0,0.0,-0.3241573133840684,46.81383533991399,0.3594208404324732,1
1009,4.772923121055651,Participant3_RS_FuUp,Endomorph,Normal,upright,1.0,0.0,0.0,-0.4643947693897339,46.67929589215021,0.365666854374147,1
1010,4.777653471026965,Participant3_RS_FuUp,Endomorph,Normal,upright,1.0,0.0,0.0,-0.3961104219885802,45.99628204500441,0.3673092168074797,1
1011,4.782383820998279,Participant3_RS_FuUp,Endomorph,Normal,upright,1.0,0.0,0.0,-0.4589369797798415,45.15963575584348,0.3617832874825206,1
1012,4.787114170969593,Participant3_RS_FuUp,Endomorph,Normal,upright,1.0,0.0,0.0,-0.4400493317297177,46.91585698017824,0.3621233019855492,1
1013,4.791844520940907,Participant3_RS_FuUp,Endomorph,Normal,upright,1.0,0.0,0.0,-0.3595397058334264,47.38672563403717,0.3632763453103832,1
1014,4.79657487091222,Participant3_RS_FuUp,Endomorph,Normal,upright,1.0,0.0,0.0,-0.3515807646797109,46.85321229201964,0.3715908488335188,1
1015,4.801305220883535,Participant3_RS_FuUp,Endomorph,Normal,upright,1.0,0.0,0.0,-0.4809307182007344,46.85021586443086,0.3651526546104886,1
1016,4.806035570854848,Participant3_RS_FuUp,Endomorph,Normal,upright,1.0,0.0,0.0,-0.4237868003912596,47.24332995102628,0.3578437274719924,1
1017,4.810765920826162,Participant3_RS_FuUp,Endomorph,Normal,upright,1.0,0.0,0.0,-0.4991541107429229,47.56974620501521,0.3636377694083162,1
1018,4.815496270797476,Participant3_RS_FuUp,Endomorph,Normal,upright,1.0,0.0,0.0,-0.3699802074705665,47.83158228946442,0.3688398188260011,1
1019,4.82022662076879,Participant3_RS_FuUp,Endomorph,Normal,upright,1.0,0.0,0.0,-0.4312842580842723,47.40084225054533,0.3637799505266533,1
1020,4.824956970740104,Participant3_RS_FuUp,Endomorph,Normal,upright,1.0,0.0,0.0,-0.4554151283126093,47.91439891443044,0.3588285041695366,1
1021,4.829687320711417,Participant3_RS_FuUp,Endomorph,Normal,upright,1.0,0.0,0.0,-0.4887042340215786,47.24935566825049,0.3631803242555269,1
1022,4.834417670682731,Participant3_RS_FuUp,Endomorph,Normal,upright,1.0,0.0,0.0,-0.3522135988297304,47.39606237855191,0.3602336262407606,1
1023,4.839148020654045,Participant3_RS_FuUp,Endomorph,Normal,upright,1.0,0.0,0.0,-0.3935527001228899,46.64987227638068,0.3778671996667821,1
1024,4.843878370625359,Participant3_RS_FuUp,Endomorph,Normal,upright,1.0,0.0,0.0,-0.3582138210056995,47.31241194670971,0.3628004117153031,1
1025,4.848608720596673,Participant3_RS_FuUp,Endomorph,Normal,upright,1.0,0.0,0.0,-0.4137608599111291,47.02187544068026,0.367954800142226,1
1026,4.853339070567986,Participant3_RS_FuUp,Endomorph,Normal,upright,1.0,0.0,0.0,-0.3828877058192342,46.48035795290822,0.3532924410498467,1
1027,4.858069420539301,Participant3_RS_FuUp,Endomorph,Normal,upright,1.0,0.0,0.0,-0.4088512074598991,47.09734301988456,0.3558846244626464,1
1028,4.862799770510614,Participant3_RS_FuUp,Endomorph,Normal,upright,1.0,0.0,0.0,-0.3622620765039914,47.02458483335875,0.3566913110265967,1
1029,4.867530120481928,Participant3_RS_FuUp,Endomorph,Normal,upright,1.0,0.0,0.0,-0.3787368158389212,47.122089886461886,0.3578509386830876,1
1030,4.8722604704532415,Participant3_RS_FuUp,Endomorph,Normal,upright,1.0,0.0,0.0,-0.5397406891084485,46.7727171838326,0.3590383064435964,1
1031,4.876990820424556,Participant3_RS_FuUp,Endomorph,Normal,upright,1.0,0.0,0.0,-0.4367107647063172,47.61874320112263,0.3639863465259031,1
1032,4.88172117039587,Participant3_RS_FuUp,Endomorph,Normal,upright,1.0,0.0,0.0,-0.4775870599812503,47.118263419673895,0.365235209871654,1
1033,4.886451520367183,Participant3_RS_FuUp,Endomorph,Normal,upright,1.0,0.0,0.0,-0.4367907621424264,47.98905301267472,0.3667638512778343,1
1034,4.891181870338497,Participant3_RS_FuUp,Endomorph,Normal,upright,1.0,0.0,0.0,-0.5263860041931893,47.55938632661124,0.3598625975823511,1
1035,4.895912220309811,Participant3_RS_FuUp,Endomorph,Normal,upright,1.0,0.0,0.0,-0.5153428647856192,47.73450347475954,0.3536292923589729,1
1036,4.900642570281125,Participant3_RS_FuUp,Endomorph,Normal,upright,1.0,0.0,0.0,-0.3298884935472487,47.50099880916908,0.3633509473698763,1
1037,4.905372920252439,Participant3_RS_FuUp,Endomorph,Normal,upright,1.0,0.0,0.0,-0.3494798134023126,48.20830535504604,0.3614528053752642,1
1038,4.910103270223752,Participant3_RS_FuUp,Endomorph,Normal,upright,1.0,0.0,0.0,-0.3423113478679422,46.303130653395776,0.3604786763845509,1
1039,4.914833620195067,Participant3_RS_FuUp,Endomorph,Normal,upright,1.0,0.0,0.0,-0.2978122627412837,47.89947303977662,0.3582215068502394,1
1040,4.91956397016638,Participant3_RS_FuUp,Endomorph,Normal,upright,1.0,0.0,0.0,-0.3391546642684619,47.72224131597191,0.3582630507892921,1
1041,4.924294320137694,Participant3_RS_FuUp,Endomorph,Normal,upright,1.0,0.0,0.0,-0.3017483025571481,47.29896091831567,0.3593770344471277,1
1042,4.929024670109008,Participant3_RS_FuUp,Endomorph,Normal,upright,1.0,0.0,0.0,-0.3191062024698223,46.65590455059978,0.3622252476150203,1
1043,4.933755020080322,Participant3_RS_FuUp,Endomorph,Normal,upright,1.0,0.0,0.0,-0.3343188419289393,46.61335368673492,0.3678987398817485,1
1044,4.938485370051636,Participant3_RS_FuUp,Endomorph,Normal,upright,1.0,0.0,0.0,-0.3619968873317126,46.62129875694706,0.3704220180275467,1
1045,4.943215720022949,Participant3_RS_FuUp,Endomorph,Normal,upright,1.0,0.0,0.0,-0.396417689419832,46.227672504445295,0.3671623849960563,1
1046,4.947946069994263,Participant3_RS_FuUp,Endomorph,Normal,upright,1.0,0.0,0.0,-0.3209218591318739,46.28563543438468,0.36947788345707,1
1047,4.952676419965577,Participant3_RS_FuUp,Endomorph,Normal,upright,1.0,0.0,0.0,-0.3317059920139885,47.437579000940985,0.3719644669882171,1
1048,4.957406769936891,Participant3_RS_FuUp,Endomorph,Normal,upright,1.0,0.0,0.0,-0.3799871996090852,47.32489942366779,0.3727361726517523,1
1049,4.9621371199082045,Participant3_RS_FuUp,Endomorph,Normal,upright,1.0,0.0,0.0,-0.352840098803296,47.29320789327898,0.3695169447577497,1
1050,4.966867469879518,Participant3_RS_FuUp,Endomorph,Normal,upright,1.0,0.0,0.0,-0.3241937153758113,48.19004040183095,0.3694504332593429,1
1051,4.971597819850833,Participant3_RS_FuUp,Endomorph,Normal,upright,1.0,0.0,0.0,-0.3513194513582999,47.55154736086487,0.3674020903860894,1
1052,4.976328169822146,Participant3_RS_FuUp,Endomorph,Normal,upright,1.0,0.0,0.0,-0.3217770584829432,47.69601013435433,0.3677149052245642,1
1053,4.98105851979346,Participant3_RS_FuUp,Endomorph,Normal,upright,1.0,0.0,0.0,-0.322615953245899,47.311647196216285,0.3725590384460461,1
1054,4.985788869764773,Participant3_RS_FuUp,Endomorph,Normal,upright,1.0,0.0,0.0,-0.307868121640639,47.77567023707017,0.3722002367882876,1
1055,4.990519219736088,Participant3_RS_FuUp,Endomorph,Normal,upright,1.0,0.0,0.0,-0.3336991396839499,47.82873270356695,0.3655561211563114,1
1056,4.9952495697074015,Participant3_RS_FuUp,Endomorph,Normal,upright,1.0,0.0,0.0,-0.3106141822655051,47.95829547409713,0.3753410496909291,1
1057,4.999979919678715,Participant3_RS_FuUp,Endomorph,Normal,upright,1.0,0.0,0.0,-0.3575855806053812,46.749688681245374,0.3651868278555324,1
1058,5.004710269650029,Participant3_RS_FuUp,Endomorph,Normal,upright,1.0,0.0,0.0,-0.5077596313023445,46.558044536156906,0.3811852030235861,1
1059,5.009440619621343,Participant3_RS_FuUp,Endomorph,Normal,upright,1.0,0.0,0.0,-0.3624947043595132,46.53174235432191,0.3713326101344403,1
1060,5.014170969592657,Participant3_RS_FuUp,Endomorph,Normal,upright,1.0,0.0,0.0,-0.3255266032335321,46.60325023262244,0.3733474978365123,1
1061,5.0189013195639705,Participant3_RS_FuUp,Endomorph,Normal,upright,1.0,0.0,0.0,-0.3109797276488449,47.20620083480892,0.3689309252766251,1
1062,5.023631669535284,Participant3_RS_FuUp,Endomorph,Normal,upright,1.0,0.0,0.0,-0.3497438650796002,46.29350510587645,0.357505111594452,1
1063,5.028362019506598,Participant3_RS_FuUp,Endomorph,Normal,upright,1.0,0.0,0.0,-0.3821945042815606,47.18609830640526,0.3596923781377022,1
1064,5.033092369477912,Participant3_RS_FuUp,Endomorph,Normal,upright,1.0,0.0,0.0,-0.3482339312220828,46.913615479490176,0.3616494281647086,1
1065,5.037822719449226,Participant3_RS_FuUp,Endomorph,Normal,upright,1.0,0.0,0.0,-0.3679472997473931,47.00488010154081,0.3669334106024849,1
1066,5.042553069420539,Participant3_RS_FuUp,Endomorph,Normal,upright,1.0,0.0,0.0,-0.3704803647444175,46.57247182325128,0.3574838116170735,1
1067,5.047283419391853,Participant3_RS_FuUp,Endomorph,Normal,upright,1.0,0.0,0.0,-0.3418718690251714,46.33570649767882,0.3735107036957553,1
1068,5.052013769363168,Participant3_RS_FuUp,Endomorph,Normal,upright,1.0,0.0,0.0,-0.3331887785919398,46.78563783282248,0.3711902757043298,1
1069,5.056744119334481,Participant3_RS_FuUp,Endomorph,Normal,upright,1.0,0.0,0.0,-0.3385908456643033,46.76621956998929,0.3675090100068842,1
1070,5.061474469305795,Participant3_RS_FuUp,Endomorph,Normal,upright,1.0,0.0,0.0,-0.3432612362837379,46.56298639155289,0.3691656839943685,1
1071,5.066204819277108,Participant3_RS_FuUp,Endomorph,Normal,upright,1.0,0.0,0.0,-0.3194636701677417,46.40467181395618,0.371002311098591,1
1072,5.070935169248423,Participant3_RS_FuUp,Endomorph,Normal,upright,1.0,0.0,0.0,-0.3245552336934246,45.74776395870144,0.3642307730548267,1
1073,5.075665519219736,Participant3_RS_FuUp,Endomorph,Normal,upright,1.0,0.0,0.0,-0.4311329673754764,46.59884693586158,0.3843694736792457,1
1074,5.08039586919105,Participant3_RS_FuUp,Endomorph,Normal,upright,1.0,0.0,0.0,-0.354613473059018,47.83883427970004,0.366575164074819,1
1075,5.085126219162364,Participant3_RS_FuUp,Endomorph,Normal,upright,1.0,0.0,0.0,-0.3484943823502904,47.18229002745664,0.3659493066763994,1
1076,5.089856569133678,Participant3_RS_FuUp,Endomorph,Normal,upright,1.0,0.0,0.0,-0.3515859719968149,46.66770131992188,0.3603042036855454,1
1077,5.094586919104992,Participant3_RS_FuUp,Endomorph,Normal,upright,1.0,0.0,0.0,-0.3386433231472613,47.55788209608667,0.3638910782378984,1
1078,5.099317269076305,Participant3_RS_FuUp,Endomorph,Normal,upright,1.0,0.0,0.0,-0.3460230286537217,46.7227280063969,0.3752821877373519,1
1079,5.104047619047619,Participant3_RS_FuUp,Endomorph,Normal,upright,1.0,0.0,0.0,-0.3828097328941499,46.65245602276565,0.3769944664190561,1
1080,5.108777969018933,Participant3_RS_FuUp,Endomorph,Normal,upright,1.0,0.0,0.0,-0.3273856593854404,46.86689800667907,0.3766228809693115,1
1081,5.113508318990247,Participant3_RS_FuUp,Endomorph,Normal,upright,1.0,0.0,0.0,-0.3140519893904673,46.91073269093252,0.3747460732298908,1
1082,5.118238668961561,Participant3_RS_FuUp,Endomorph,Normal,upright,1.0,0.0,0.0,-0.3518550377954432,48.22602195930514,0.3585986746401473,1
1083,5.122969018932874,Participant3_RS_FuUp,Endomorph,Normal,upright,1.0,0.0,0.0,-0.3694221209458315,46.3045195217581,0.3651190444364652,1
1084,5.127699368904189,Participant3_RS_FuUp,Endomorph,Normal,upright,1.0,0.0,0.0,-0.2914706417586178,47.6772132663295,0.3735016405351655,1
1085,5.132429718875502,Participant3_RS_FuUp,Endomorph,Normal,upright,1.0,0.0,0.0,-0.3124399787157554,47.28385420927967,0.3733860608425304,1
1086,5.137160068846816,Participant3_RS_FuUp,Endomorph,Normal,upright,1.0,0.0,0.0,-0.3196214822884129,47.54050377302386,0.3808713945605275,1
1087,5.14189041881813,Participant3_RS_FuUp,Endomorph,Normal,upright,1.0,0.0,0.0,-0.38328605703384,47.21361278439733,0.3643002730441141,1
1088,5.146620768789444,Participant3_RS_FuUp,Endomorph,Normal,upright,1.0,0.0,0.0,-0.3744915675508055,46.7236581431444,0.3751608105870448,1
1089,5.151351118760758,Participant3_RS_FuUp,Endomorph,Normal,upright,1.0,0.0,0.0,-0.3513906631395278,44.952353340760325,0.3647927848119538,1
1090,5.156081468732071,Participant3_RS_FuUp,Endomorph,Normal,upright,1.0,0.0,0.0,-0.3668100351887453,46.356402984394485,0.3815729508359058,1
1091,5.160811818703385,Participant3_RS_FuUp,Endomorph,Normal,upright,1.0,0.0,0.0,-0.3932512467318858,47.30429928191042,0.3796451520449129,1
1092,5.165542168674699,Participant3_RS_FuUp,Endomorph,Normal,upright,1.0,0.0,0.0,-0.3281232327808467,47.64492365975215,0.3622222556747654,1
1093,5.170272518646013,Participant3_RS_FuUp,Endomorph,Normal,upright,1.0,0.0,0.0,-0.3261202639358973,47.25693076535801,0.3570276189877173,1
1094,5.175002868617327,Participant3_RS_FuUp,Endomorph,Normal,upright,1.0,0.0,0.0,-0.2784999130302923,46.77509442676122,0.363586495567442,1
1095,5.17973321858864,Participant3_RS_FuUp,Endomorph,Normal,upright,1.0,0.0,0.0,-0.2993445497192479,47.29398033939109,0.3606392082008589,1
1096,5.184463568559955,Participant3_RS_FuUp,Endomorph,Normal,upright,1.0,0.0,0.0,-0.3546910255232715,45.93283337900842,0.3679126529841935,1
1097,5.189193918531268,Participant3_RS_FuUp,Endomorph,Normal,upright,1.0,0.0,0.0,-0.4066586043044365,47.0529403173228,0.3669844130279046,1
1098,5.193924268502582,Participant3_RS_FuUp,Endomorph,Normal,upright,1.0,0.0,0.0,-0.4353994945718873,47.78205664439469,0.3772907495255982,1
1099,5.198654618473896,Participant3_RS_FuUp,Endomorph,Normal,upright,1.0,0.0,0.0,-0.4993625288187124,46.37682456553193,0.3669579622950968,1
1100,5.20338496844521,Participant3_RS_FuUp,Endomorph,Normal,upright,1.0,0.0,0.0,-0.413237295433984,45.56605959323507,0.3652332951753483,1
1101,5.208115318416524,Participant3_RS_FuUp,Endomorph,Normal,upright,1.0,0.0,0.0,-0.3588639793612713,46.88855358311139,0.3683441574616805,1
1102,5.212845668387837,Participant3_RS_FuUp,Endomorph,Normal,upright,1.0,0.0,0.0,-0.320845827873376,47.02346915662068,0.3596299984016821,1
1103,5.217576018359151,Participant3_RS_FuUp,Endomorph,Normal,upright,1.0,0.0,0.0,-0.4681411041152504,47.18243491261327,0.3651305225239695,1
1104,5.222306368330465,Participant3_RS_FuUp,Endomorph,Normal,upright,1.0,0.0,0.0,-0.3174628203587917,47.03557982224904,0.3656013491205802,1
1105,5.227036718301779,Participant3_RS_FuUp,Endomorph,Normal,upright,1.0,0.0,0.0,-0.3503822365694407,47.77612520186269,0.3586951034690486,1
1106,5.231767068273093,Participant3_RS_FuUp,Endomorph,Normal,upright,1.0,0.0,0.0,-0.3327443973042747,47.364074678289406,0.357321910147423,1
1107,5.236497418244406,Participant3_RS_FuUp,Endomorph,Normal,upright,1.0,0.0,0.0,-0.4375396828135339,47.84472045541,0.3600399843803286,1
1108,5.241227768215721,Participant3_RS_FuUp,Endomorph,Normal,upright,1.0,0.0,0.0,-0.316027187527103,46.7002160267386,0.3671917556082145,1
1109,5.245958118187034,Participant3_RS_FuUp,Endomorph,Normal,upright,1.0,0.0,0.0,-0.4065288701922817,47.37053093757879,0.3706379097656891,1
1110,5.250688468158348,Participant3_RS_FuUp,Endomorph,Normal,upright,1.0,0.0,0.0,-0.3332352271726833,47.35559271951076,0.3623821626035968,1
1111,5.2554188181296615,Participant3_RS_FuUp,Endomorph,Normal,upright,1.0,0.0,0.0,-0.3043418681638665,46.97744247369684,0.3552817465619518,1
1112,5.260149168100976,Participant3_RS_FuUp,Endomorph,Normal,upright,1.0,0.0,0.0,-0.3603251972481791,47.4044521860704,0.359027761619466,1
1113,5.26487951807229,Participant3_RS_FuUp,Endomorph,Normal,upright,1.0,0.0,0.0,-0.4313423612369074,46.94153419531946,0.3600372691481538,1
1114,5.269609868043603,Participant3_RS_FuUp,Endomorph,Normal,upright,1.0,0.0,0.0,-0.4181657371672515,46.31764828527461,0.3645153418049051,1
1115,5.274340218014917,Participant3_RS_FuUp,Endomorph,Normal,upright,1.0,0.0,0.0,-0.4546301887981695,46.92638992283876,0.3569594651478097,1
1116,5.279070567986231,Participant3_RS_FuUp,Endomorph,Normal,upright,1.0,0.0,0.0,-0.4115318030111401,45.51728933039297,0.3605910362562623,1
1117,5.283800917957545,Participant3_RS_FuUp,Endomorph,Normal,upright,1.0,0.0,0.0,-0.4071643130524021,47.460960596686775,0.3518966235224265,1
1118,5.2885312679288585,Participant3_RS_FuUp,Endomorph,Normal,upright,1.0,0.0,0.0,-0.5009403492623057,47.12732390538648,0.3602112926159866,1
1119,5.293261617900172,Participant3_RS_FuUp,Endomorph,Normal,upright,1.0,0.0,0.0,-0.3747013517494113,47.00655898941452,0.3486249521957097,1
1120,5.297991967871487,Participant3_RS_FuUp,Endomorph,Normal,upright,1.0,0.0,0.0,-0.4515442441746318,47.30006107581655,0.3601202201931474,1
1121,5.3027223178428,Participant3_RS_FuUp,Endomorph,Normal,upright,1.0,0.0,0.0,-0.4728931554363955,46.302357472942376,0.3493593531819191,1
1122,5.307452667814114,Participant3_RS_FuUp,Endomorph,Normal,upright,1.0,0.0,0.0,-0.4571785768225286,47.10011521687312,0.3516768837444877,1
1123,5.312183017785428,Participant3_RS_FuUp,Endomorph,Normal,upright,1.0,0.0,0.0,-0.4100647794590385,46.298066226537735,0.3592906818778116,1
1124,5.316913367756742,Participant3_RS_FuUp,Endomorph,Normal,upright,1.0,0.0,0.0,-0.3409958113775166,46.454744224107365,0.3627650959957749,1
1125,5.321643717728056,Participant3_RS_FuUp,Endomorph,Normal,upright,1.0,0.0,0.0,-0.3856092519462633,46.22196958732356,0.3662719210925908,1
1126,5.326374067699369,Participant3_RS_FuUp,Endomorph,Normal,upright,1.0,0.0,0.0,-0.5462469185309631,47.05204331100499,0.3585957856345813,1
1127,5.331104417670683,Participant3_RS_FuUp,Endomorph,Normal,upright,1.0,0.0,0.0,-0.5346361486181931,47.47237734509176,0.3598672185991067,1
1128,5.335834767641997,Participant3_RS_FuUp,Endomorph,Normal,upright,1.0,0.0,0.0,-0.4155316390055733,47.51345271954093,0.3557174032926047,1
1129,5.340565117613311,Participant3_RS_FuUp,Endomorph,Normal,upright,1.0,0.0,0.0,-0.5478678069586648,46.35503139196772,0.3499112688775248,1
1130,5.3452954675846245,Participant3_RS_FuUp,Endomorph,Normal,upright,1.0,0.0,0.0,-0.4418118452724315,46.77180143211773,0.3505237940141173,1
1131,5.350025817555938,Participant3_RS_FuUp,Endomorph,Normal,upright,1.0,0.0,0.0,-0.5175269721219988,46.86920797879307,0.3470757243337515,1
1132,5.354756167527253,Participant3_RS_FuUp,Endomorph,Normal,upright,1.0,0.0,0.0,-0.4346587927403469,48.208796860781455,0.3593045864234965,1
1133,5.359486517498566,Participant3_RS_FuUp,Endomorph,Normal,upright,1.0,0.0,0.0,-0.4521923800420908,48.4985966795303,0.3568081868287507,1
1134,5.36421686746988,Participant3_RS_FuUp,Endomorph,Normal,upright,1.0,0.0,0.0,-0.2873028401415554,47.8874767419853,0.3477659901057817,1
1135,5.368947217441193,Participant3_RS_FuUp,Endomorph,Normal,upright,1.0,0.0,0.0,-0.3420090810217545,48.46267253541316,0.3597946756022514,1
1136,5.373677567412508,Participant3_RS_FuUp,Endomorph,Normal,upright,1.0,0.0,0.0,-0.2961841848481656,48.00716320658898,0.367458158999646,1
1137,5.3784079173838215,Participant3_RS_FuUp,Endomorph,Normal,upright,1.0,0.0,0.0,-0.3163430984616403,47.25497667277491,0.3630784877068712,1
1138,5.383138267355135,Participant3_RS_FuUp,Endomorph,Normal,upright,1.0,0.0,0.0,-0.3435885084314507,46.50668271071357,0.3710697173069255,1
1139,5.387868617326449,Participant3_RS_FuUp,Endomorph,Normal,upright,1.0,0.0,0.0,-0.345390854450614,46.82372510072759,0.3689162034482388,1
1140,5.392598967297763,Participant3_RS_FuUp,Endomorph,Normal,upright,1.0,0.0,0.0,-0.3445977955014246,46.683762105121104,0.3652125328821672,1
1141,5.397329317269077,Participant3_RS_FuUp,Endomorph,Normal,upright,1.0,0.0,0.0,-0.3103571461908669,47.4147716457791,0.3613419199252929,1
1142,5.40205966724039,Participant3_RS_FuUp,Endomorph,Normal,upright,1.0,0.0,0.0,-0.3397406038303742,48.70474133710086,0.3747992533862384,1
1143,5.406790017211704,Participant3_RS_FuUp,Endomorph,Normal,upright,1.0,0.0,0.0,-0.4981028427452992,47.44425290761179,0.3741116139598532,1
1144,5.411520367183018,Participant3_RS_FuUp,Endomorph,Normal,upright,1.0,0.0,0.0,-0.4126019604166961,47.38715617513591,0.3736813844471782,1
1145,5.416250717154332,Participant3_RS_FuUp,Endomorph,Normal,upright,1.0,0.0,0.0,-0.4919710225238191,47.4974764859104,0.3661033134096645,1
1146,5.420981067125646,Participant3_RS_FuUp,Endomorph,Normal,upright,1.0,0.0,0.0,-0.4896717402605464,47.202732205817554,0.3669286533755848,1
1147,5.425711417096959,Participant3_RS_FuUp,Endomorph,Normal,upright,1.0,0.0,0.0,-0.4137137554023782,47.609672141324566,0.3771354389036059,1
1148,5.430441767068273,Participant3_RS_FuUp,Endomorph,Normal,upright,1.0,0.0,0.0,-0.3206164385774905,46.75020959299252,0.3672180401887216,1
1149,5.435172117039588,Participant3_RS_FuUp,Endomorph,Normal,upright,1.0,0.0,0.0,-0.3085242042519671,46.5193649334406,0.3706157477780236,1
1150,5.439902467010901,Participant3_RS_FuUp,Endomorph,Normal,upright,1.0,0.0,0.0,-0.5144559898228677,48.07070378940514,0.3722626652582742,1
1151,5.444632816982215,Participant3_RS_FuUp,Endomorph,Normal,upright,1.0,0.0,0.0,-0.3721298942284061,47.27705734184621,0.364366983215691,1
1152,5.449363166953528,Participant3_RS_FuUp,Endomorph,Normal,upright,1.0,0.0,0.0,-0.3831483589494808,48.25404361432758,0.3616229752381542,1
1153,5.454093516924843,Participant3_RS_FuUp,Endomorph,Normal,upright,1.0,0.0,0.0,-0.3108169250744026,47.08596928257256,0.3654456592847063,1
1154,5.458823866896156,Participant3_RS_FuUp,Endomorph,Normal,upright,1.0,0.0,0.0,-0.330191027751327,47.1396830446551,0.3625605062334556,1
1155,5.46355421686747,Participant3_RS_FuUp,Endomorph,Normal,upright,1.0,0.0,0.0,-0.2853624336859214,47.596315165690726,0.3617692502871851,1
1156,5.468284566838784,Participant3_RS_FuUp,Endomorph,Normal,upright,1.0,0.0,0.0,-0.3281941663257377,46.774663494476826,0.3617283602094161,1
1157,5.473014916810098,Participant3_RS_FuUp,Endomorph,Normal,upright,1.0,0.0,0.0,-0.3950783531893268,46.297083642538574,0.3620451205839647,1
1158,5.477745266781412,Participant3_RS_FuUp,Endomorph,Normal,upright,1.0,0.0,0.0,-0.3368149189450319,46.9328576165388,0.361971624650977,1
1159,5.482475616752725,Participant3_RS_FuUp,Endomorph,Normal,upright,1.0,0.0,0.0,-0.3353077748392342,47.35925987801123,0.3629809266540246,1
1160,5.487205966724039,Participant3_RS_FuUp,Endomorph,Normal,upright,1.0,0.0,0.0,-0.3790925998936939,48.376868693222704,0.3640029339208231,1
1161,5.491936316695353,Participant3_RS_FuUp,Endomorph,Normal,upright,1.0,0.0,0.0,-0.298343109465364,47.65494324214048,0.358928372086858,1
