frame_idx,timestamp,subject_id,somatotype,bmi_category,label,h2s_ratio,shoulder_tilt_deg,head_roll_deg,forward_head_z,neck_flexion_deg,shoulder_width_norm,is_valid
0,0.0,Participant3_RS_FuSl,Endomorph,Normal,slouch,1.0,0.0,0.0,-0.7723946267702737,-35.3133757836963,0.4857420017387671,1
1,0.0047212783171521,Participant3_RS_FuSl,Endomorph,Normal,slouch,1.0,0.0,0.0,-0.7255929839336683,-33.24764235630706,0.4725410279338995,1
2,0.0094425566343042,Participant3_RS_FuSl,Endomorph,Normal,slouch,1.0,0.0,0.0,-0.6904133433349455,-35.84225116521068,0.4782396600752899,1
3,0.0141638349514563,Participant3_RS_FuSl,Endomorph,Normal,slouch,1.0,0.0,0.0,-0.681421499940913,-35.72278545601456,0.4803910397582386,1
4,0.0188851132686084,Participant3_RS_FuSl,Endomorph,Normal,slouch,1.0,0.0,0.0,-0.7085899792452541,-33.94034630311367,0.4813944153472104,1
5,0.0236063915857605,Participant3_RS_FuSl,Endomorph,Normal,slouch,1.0,0.0,0.0,-0.7134039901084879,-34.36653333005368,0.4765593019028011,1
6,0.0283276699029126,Participant3_RS_FuSl,Endomorph,Normal,slouch,1.0,0.0,0.0,-0.7088839057457581,-34.78946086118785,0.468457637216453,1
7,0.0330489482200647,Participant3_RS_FuSl,Endomorph,Normal,slouch,1.0,0.0,0.0,-0.7064237294286988,-35.77819493588699,0.4829915501968863,1
8,0.0377702265372168,Participant3_RS_FuSl,Endomorph,Normal,slouch,1.0,0.0,0.0,-0.6892683733873401,-35.906902857019176,0.4793424945814319,1
9,0.0424915048543689,Participant3_RS_FuSl,Endomorph,Normal,slouch,1.0,0.0,0.0,-0.6853469307022859,-35.54090045642601,0.4731858883900474,1
10,0.047212783171521,Participant3_RS_FuSl,Endomorph,Normal,slouch,1.0,0.0,0.0,-0.7263553035184973,-35.83230428172186,0.4767608920056542,1
11,0.0519340614886731,Participant3_RS_FuSl,Endomorph,Normal,slouch,1.0,0.0,0.0,-0.6853163923009662,-35.687670177659946,0.4813625372784688,1
12,0.0566553398058252,Participant3_RS_FuSl,Endomorph,Normal,slouch,1.0,0.0,0.0,-0.7617491362085889,-34.42609289744146,0.4759325970171231,1
13,0.0613766181229773,Participant3_RS_FuSl,Endomorph,Normal,slouch,1.0,0.0,0.0,-0.7861973519687069,-33.81733740663373,0.478716599204452,1
14,0.0660978964401294,Participant3_RS_FuSl,Endomorph,Normal,slouch,1.0,0.0,0.0,-0.7139760082515116,-33.05764240668398,0.4843605642508449,1
15,0.0708191747572815,Participant3_RS_FuSl,Endomorph,Normal,slouch,1.0,0.0,0.0,-0.7917354108841856,-33.572687879262475,0.4841343299546418,1
16,0.0755404530744336,Participant3_RS_FuSl,Endomorph,Normal,slouch,1.0,0.0,0.0,-0.7638816648203226,-32.98015038106646,0.4840229077083735,1
17,0.0802617313915857,Participant3_RS_FuSl,Endomorph,Normal,slouch,1.0,0.0,0.0,-0.7254677010794366,-32.757580247505224,0.476613124079762,1
18,0.0849830097087378,Participant3_RS_FuSl,Endomorph,Normal,slouch,1.0,0.0,0.0,-0.7976931117526349,-33.63604572138802,0.4726889309245801,1
19,0.0897042880258899,Participant3_RS_FuSl,Endomorph,Normal,slouch,1.0,0.0,0.0,-0.7632777465931564,-33.59314388175785,0.4760207312067401,1
20,0.094425566343042,Participant3_RS_FuSl,Endomorph,Normal,slouch,1.0,0.0,0.0,-0.6872227770623349,-33.22465255185358,0.4835617089802982,1
21,0.0991468446601941,Participant3_RS_FuSl,Endomorph,Normal,slouch,1.0,0.0,0.0,-0.7382927294227442,-33.41669920100491,0.4823041689080043,1
22,0.1038681229773462,Participant3_RS_FuSl,Endomorph,Normal,slouch,1.0,0.0,0.0,-0.7918104611634409,-32.96650846980254,0.4844092845972244,1
23,0.1085894012944983,Participant3_RS_FuSl,Endomorph,Normal,slouch,1.0,0.0,0.0,-0.8021242453998585,-34.38315359736914,0.4844071329364099,1
24,0.1133106796116504,Participant3_RS_FuSl,Endomorph,Normal,slouch,1.0,0.0,0.0,-0.7587654908546044,-34.49651701899492,0.4716183513830826,1
25,0.1180319579288026,Participant3_RS_FuSl,Endomorph,Normal,slouch,1.0,0.0,0.0,-0.7783302812810642,-34.02053025306682,0.4763051678997332,1
26,0.1227532362459547,Participant3_RS_FuSl,Endomorph,Normal,slouch,1.0,0.0,0.0,-0.7907623939477149,-33.54145023294861,0.4792550065536176,1
27,0.1274745145631068,Participant3_RS_FuSl,Endomorph,Normal,slouch,1.0,0.0,0.0,-0.7897980215170719,-34.10871019687232,0.4721770739290326,1
28,0.1321957928802589,Participant3_RS_FuSl,Endomorph,Normal,slouch,1.0,0.0,0.0,-0.85187444742778,-33.30260341184082,0.4749470716594513,1
29,0.136917071197411,Participant3_RS_FuSl,Endomorph,Normal,slouch,1.0,0.0,0.0,-0.8409191911139806,-33.73193643867126,0.485277743637227,1
30,0.1416383495145631,Participant3_RS_FuSl,Endomorph,Normal,slouch,1.0,0.0,0.0,-0.892819566430312,-32.91794660639754,0.4799267041583025,1
31,0.1463596278317152,Participant3_RS_FuSl,Endomorph,Normal,slouch,1.0,0.0,0.0,-0.8423276178712547,-32.581562218092614,0.4828103660202266,1
32,0.1510809061488673,Participant3_RS_FuSl,Endomorph,Normal,slouch,1.0,0.0,0.0,-0.8044543648812053,-31.58509700037391,0.4902535082799094,1
33,0.1558021844660194,Participant3_RS_FuSl,Endomorph,Normal,slouch,1.0,0.0,0.0,-0.8866185498526702,-32.65344165270246,0.4842262733502658,1
34,0.1605234627831715,Participant3_RS_FuSl,Endomorph,Normal,slouch,1.0,0.0,0.0,-0.8108999186242711,-32.67668911775288,0.4796959938010059,1
35,0.1652447411003236,Participant3_RS_FuSl,Endomorph,Normal,slouch,1.0,0.0,0.0,-0.8174781767864205,-32.64418763994397,0.485567740784254,1
36,0.1699660194174757,Participant3_RS_FuSl,Endomorph,Normal,slouch,1.0,0.0,0.0,-0.8302349107479605,-33.02394468131011,0.4805959595768906,1
37,0.1746872977346278,Participant3_RS_FuSl,Endomorph,Normal,slouch,1.0,0.0,0.0,-0.8420864134638011,-32.74322643406914,0.4795669011964576,1
38,0.1794085760517799,Participant3_RS_FuSl,Endomorph,Normal,slouch,1.0,0.0,0.0,-0.8488345689142442,-33.29816853301459,0.4828427790196987,1
39,0.184129854368932,Participant3_RS_FuSl,Endomorph,Normal,slouch,1.0,0.0,0.0,-0.7978581421763915,-33.17384971540543,0.4918763353966204,1
40,0.1888511326860841,Participant3_RS_FuSl,Endomorph,Normal,slouch,1.0,0.0,0.0,-0.7947848566245324,-34.46027917722337,0.4872546794552582,1
41,0.1935724110032362,Participant3_RS_FuSl,Endomorph,Normal,slouch,1.0,0.0,0.0,-0.8202249102341383,-33.862120718842235,0.4856232311157898,1
42,0.1982936893203883,Participant3_RS_FuSl,Endomorph,Normal,slouch,1.0,0.0,0.0,-0.92717593045826,-32.57514352767188,0.4893246962756319,1
43,0.2030149676375404,Participant3_RS_FuSl,Endomorph,Normal,slouch,1.0,0.0,0.0,-0.8673295608316525,-33.60536503158988,0.4821663143802172,1
44,0.2077362459546925,Participant3_RS_FuSl,Endomorph,Normal,slouch,1.0,0.0,0.0,-0.8812531270208994,-33.834189054763755,0.4863814301530356,1
45,0.2124575242718446,Participant3_RS_FuSl,Endomorph,Normal,slouch,1.0,0.0,0.0,-0.8592419941548786,-33.18923478865423,0.4890688380741466,1
46,0.2171788025889967,Participant3_RS_FuSl,Endomorph,Normal,slouch,1.0,0.0,0.0,-0.8626666286802847,-33.108099352349946,0.4848769681328231,1
47,0.2219000809061488,Participant3_RS_FuSl,Endomorph,Normal,slouch,1.0,0.0,0.0,-0.9058249708618912,-33.643401429460745,0.4910111464340335,1
48,0.2266213592233009,Participant3_RS_FuSl,Endomorph,Normal,slouch,1.0,0.0,0.0,-0.8789779372649673,-32.46406825555254,0.4920520304046537,1
49,0.2313426375404531,Participant3_RS_FuSl,Endomorph,Normal,slouch,1.0,0.0,0.0,-0.8513031388379482,-33.302090121370675,0.4870464331999016,1
50,0.2360639158576052,Participant3_RS_FuSl,Endomorph,Normal,slouch,1.0,0.0,0.0,-0.840484552749283,-32.866018136210194,0.4830060499164716,1
51,0.2407851941747573,Participant3_RS_FuSl,Endomorph,Normal,slouch,1.0,0.0,0.0,-0.8343632985422507,-33.00172322828399,0.4785336781164677,1
52,0.2455064724919094,Participant3_RS_FuSl,Endomorph,Normal,slouch,1.0,0.0,0.0,-0.8248253391335982,-33.19371903893922,0.4786866401594926,1
53,0.2502277508090615,Participant3_RS_FuSl,Endomorph,Normal,slouch,1.0,0.0,0.0,-0.8718895680471657,-33.36291851464174,0.4792385086895182,1
54,0.2549490291262136,Participant3_RS_FuSl,Endomorph,Normal,slouch,1.0,0.0,0.0,-0.8821945008078131,-34.49828387478702,0.4733065963868989,1
55,0.2596703074433657,Participant3_RS_FuSl,Endomorph,Normal,slouch,1.0,0.0,0.0,-0.8973792696568861,-33.31757700615153,0.4834954219307193,1
56,0.2643915857605178,Participant3_RS_FuSl,Endomorph,Normal,slouch,1.0,0.0,0.0,-0.8441961969720373,-33.18573112945942,0.484100937943732,1
57,0.2691128640776699,Participant3_RS_FuSl,Endomorph,Normal,slouch,1.0,0.0,0.0,-0.9005328039349927,-32.775921001542315,0.4836569603990433,1
58,0.273834142394822,Participant3_RS_FuSl,Endomorph,Normal,slouch,1.0,0.0,0.0,-0.8411513970485875,-33.59634640935784,0.4901388638613262,1
59,0.2785554207119741,Participant3_RS_FuSl,Endomorph,Normal,slouch,1.0,0.0,0.0,-0.7818290803089814,-33.33016683544317,0.4883165249260899,1
60,0.2832766990291262,Participant3_RS_FuSl,Endomorph,Normal,slouch,1.0,0.0,0.0,-0.9467336578028844,-33.07494192189506,0.4854657039771742,1
61,0.2879979773462783,Participant3_RS_FuSl,Endomorph,Normal,slouch,1.0,0.0,0.0,-0.8584270737065613,-32.73128343711722,0.4746884582019341,1
62,0.2927192556634304,Participant3_RS_FuSl,Endomorph,Normal,slouch,1.0,0.0,0.0,-0.7819485959990826,-32.93040643257663,0.4801828129256601,1
63,0.2974405339805825,Participant3_RS_FuSl,Endomorph,Normal,slouch,1.0,0.0,0.0,-0.7494866283255206,-35.09955712846013,0.4852278375337074,1
64,0.3021618122977346,Participant3_RS_FuSl,Endomorph,Normal,slouch,1.0,0.0,0.0,-0.7534999563793563,-34.64047465857663,0.4734172601084482,1
65,0.3068830906148867,Participant3_RS_FuSl,Endomorph,Normal,slouch,1.0,0.0,0.0,-0.7708841639470463,-34.89247550102378,0.4800233512392323,1
66,0.3116043689320388,Participant3_RS_FuSl,Endomorph,Normal,slouch,1.0,0.0,0.0,-0.7759202887156196,-34.47812893128686,0.4812837939212552,1
67,0.3163256472491909,Participant3_RS_FuSl,Endomorph,Normal,slouch,1.0,0.0,0.0,-0.7803794532846464,-34.580135562350605,0.4866190001255412,1
68,0.321046925566343,Participant3_RS_FuSl,Endomorph,Normal,slouch,1.0,0.0,0.0,-0.8541817109928664,-33.40701954076357,0.4693617945750543,1
69,0.3257682038834951,Participant3_RS_FuSl,Endomorph,Normal,slouch,1.0,0.0,0.0,-0.7875729498773831,-33.333607079245,0.4717549921168749,1
70,0.3304894822006473,Participant3_RS_FuSl,Endomorph,Normal,slouch,1.0,0.0,0.0,-0.7633814489444916,-34.273284605006445,0.4743106074572741,1
71,0.3352107605177993,Participant3_RS_FuSl,Endomorph,Normal,slouch,1.0,0.0,0.0,-0.787488868010735,-33.65338336250544,0.4812037436308709,1
72,0.3399320388349515,Participant3_RS_FuSl,Endomorph,Normal,slouch,1.0,0.0,0.0,-0.7392501658816539,-34.59043201642826,0.4844992961286591,1
73,0.3446533171521035,Participant3_RS_FuSl,Endomorph,Normal,slouch,1.0,0.0,0.0,-0.7965666347594251,-32.915720996537154,0.4835156982932379,1
74,0.3493745954692557,Participant3_RS_FuSl,Endomorph,Normal,slouch,1.0,0.0,0.0,-0.7879165696948198,-33.97750138345451,0.4729590485937579,1
75,0.3540958737864078,Participant3_RS_FuSl,Endomorph,Normal,slouch,1.0,0.0,0.0,-0.762953140384568,-34.185412763495506,0.4715214026635296,1
76,0.3588171521035599,Participant3_RS_FuSl,Endomorph,Normal,slouch,1.0,0.0,0.0,-0.885135750839823,-32.9761509295884,0.4820335840824567,1
77,0.363538430420712,Participant3_RS_FuSl,Endomorph,Normal,slouch,1.0,0.0,0.0,-0.8912827056660326,-33.96519724352264,0.4857693718858786,1
78,0.368259708737864,Participant3_RS_FuSl,Endomorph,Normal,slouch,1.0,0.0,0.0,-0.9141789235535112,-32.65789926116084,0.4881212066579216,1
79,0.3729809870550162,Participant3_RS_FuSl,Endomorph,Normal,slouch,1.0,0.0,0.0,-0.8647890466094232,-32.25883288299446,0.4923077197161779,1
80,0.3777022653721683,Participant3_RS_FuSl,Endomorph,Normal,slouch,1.0,0.0,0.0,-0.8361172478321919,-33.965076970202766,0.4929222021084629,1
81,0.3824235436893204,Participant3_RS_FuSl,Endomorph,Normal,slouch,1.0,0.0,0.0,-0.8901125257734972,-32.69565867306717,0.4818244900264662,1
82,0.3871448220064725,Participant3_RS_FuSl,Endomorph,Normal,slouch,1.0,0.0,0.0,-0.8892759506390029,-32.894815077023914,0.4885347973885921,1
83,0.3918661003236246,Participant3_RS_FuSl,Endomorph,Normal,slouch,1.0,0.0,0.0,-0.9059727010541316,-32.73359579121954,0.485869556842306,1
84,0.3965873786407767,Participant3_RS_FuSl,Endomorph,Normal,slouch,1.0,0.0,0.0,-0.8780847050880298,-34.96692482550897,0.4916928382247238,1
85,0.4013086569579288,Participant3_RS_FuSl,Endomorph,Normal,slouch,1.0,0.0,0.0,-0.8606098995928761,-33.961220250537245,0.4883381395008521,1
86,0.4060299352750809,Participant3_RS_FuSl,Endomorph,Normal,slouch,1.0,0.0,0.0,-0.8312623253692386,-34.45478703151903,0.4933272397363084,1
87,0.410751213592233,Participant3_RS_FuSl,Endomorph,Normal,slouch,1.0,0.0,0.0,-0.830346030116927,-34.29350853137213,0.4875941683505742,1
88,0.4154724919093851,Participant3_RS_FuSl,Endomorph,Normal,slouch,1.0,0.0,0.0,-0.710133159268374,-32.97205600974691,0.4748338965903007,1
89,0.4201937702265372,Participant3_RS_FuSl,Endomorph,Normal,slouch,1.0,0.0,0.0,-0.7961416331108344,-33.55242810276343,0.4775519186347141,1
90,0.4249150485436893,Participant3_RS_FuSl,Endomorph,Normal,slouch,1.0,0.0,0.0,-0.8947313466342028,-34.22113153404752,0.4929297467773583,1
91,0.4296363268608414,Participant3_RS_FuSl,Endomorph,Normal,slouch,1.0,0.0,0.0,-0.8759625795881505,-33.33076525050578,0.4848455794402875,1
92,0.4343576051779935,Participant3_RS_FuSl,Endomorph,Normal,slouch,1.0,0.0,0.0,-0.6931726931946394,-32.14658155175305,0.4817637137543993,1
93,0.4390788834951456,Participant3_RS_FuSl,Endomorph,Normal,slouch,1.0,0.0,0.0,-0.6764238961153237,-32.716016973727825,0.4704815357429926,1
94,0.4438001618122977,Participant3_RS_FuSl,Endomorph,Normal,slouch,1.0,0.0,0.0,-0.8163611658089225,-33.39162811985435,0.4909972685245469,1
95,0.4485214401294498,Participant3_RS_FuSl,Endomorph,Normal,slouch,1.0,0.0,0.0,-0.8321572826436245,-33.68278661044724,0.4854313809808215,1
96,0.4532427184466019,Participant3_RS_FuSl,Endomorph,Normal,slouch,1.0,0.0,0.0,-0.805675975269647,-33.98778532339727,0.4821343254762033,1
97,0.457963996763754,Participant3_RS_FuSl,Endomorph,Normal,slouch,1.0,0.0,0.0,-0.8725454706955729,-33.96503402556986,0.4902604935034051,1
98,0.4626852750809062,Participant3_RS_FuSl,Endomorph,Normal,slouch,1.0,0.0,0.0,-0.8649893252853651,-34.56486890941715,0.4902045772783046,1
99,0.4674065533980582,Participant3_RS_FuSl,Endomorph,Normal,slouch,1.0,0.0,0.0,-0.920059491946509,-32.25212208885716,0.4907270961116304,1
100,0.4721278317152104,Participant3_RS_FuSl,Endomorph,Normal,slouch,1.0,0.0,0.0,-0.8337027103616939,-32.2583212227081,0.4858963044543639,1
101,0.4768491100323624,Participant3_RS_FuSl,Endomorph,Normal,slouch,1.0,0.0,0.0,-0.8535748442098638,-34.41343700950177,0.4832682929586405,1
102,0.4815703883495146,Participant3_RS_FuSl,Endomorph,Normal,slouch,1.0,0.0,0.0,-0.8310421081396338,-32.91285708008402,0.4912403430441588,1
103,0.4862916666666667,Participant3_RS_FuSl,Endomorph,Normal,slouch,1.0,0.0,0.0,-0.9084294609714916,-33.533492505094706,0.4906249826590872,1
104,0.4910129449838188,Participant3_RS_FuSl,Endomorph,Normal,slouch,1.0,0.0,0.0,-0.8590423840372059,-34.26994897304093,0.4872271803256022,1
105,0.4957342233009709,Participant3_RS_FuSl,Endomorph,Normal,slouch,1.0,0.0,0.0,-0.9449434618052216,-34.02434003807558,0.4907515378802986,1
106,0.500455501618123,Participant3_RS_FuSl,Endomorph,Normal,slouch,1.0,0.0,0.0,-0.926570506620168,-34.03658921218364,0.487040079147909,1
107,0.5051767799352751,Participant3_RS_FuSl,Endomorph,Normal,slouch,1.0,0.0,0.0,-0.8529591445753324,-33.79693180910035,0.4843432730945298,1
108,0.5098980582524272,Participant3_RS_FuSl,Endomorph,Normal,slouch,1.0,0.0,0.0,-0.9219637131773316,-34.29821101486676,0.4988923053144788,1
109,0.5146193365695793,Participant3_RS_FuSl,Endomorph,Normal,slouch,1.0,0.0,0.0,-0.8644941989926751,-34.230806520382075,0.488227222335946,1
110,0.5193406148867314,Participant3_RS_FuSl,Endomorph,Normal,slouch,1.0,0.0,0.0,-0.8905213512061843,-34.1735432370695,0.4880871642800522,1
111,0.5240618932038835,Participant3_RS_FuSl,Endomorph,Normal,slouch,1.0,0.0,0.0,-0.904438021169141,-33.18067361890739,0.4894613420886028,1
112,0.5287831715210356,Participant3_RS_FuSl,Endomorph,Normal,slouch,1.0,0.0,0.0,-0.8301907172817793,-33.52841844949699,0.4859605438802569,1
113,0.5335044498381877,Participant3_RS_FuSl,Endomorph,Normal,slouch,1.0,0.0,0.0,-0.8221824648735849,-33.67620246992228,0.491473493364963,1
114,0.5382257281553399,Participant3_RS_FuSl,Endomorph,Normal,slouch,1.0,0.0,0.0,-0.8258275400912998,-33.098755061266985,0.4952172891178775,1
115,0.5429470064724919,Participant3_RS_FuSl,Endomorph,Normal,slouch,1.0,0.0,0.0,-0.8195392685092471,-34.83495406411439,0.4926974216687341,1
116,0.547668284789644,Participant3_RS_FuSl,Endomorph,Normal,slouch,1.0,0.0,0.0,-0.8623548891895618,-34.62475436275607,0.4898854660644731,1
117,0.5523895631067961,Participant3_RS_FuSl,Endomorph,Normal,slouch,1.0,0.0,0.0,-0.8236855984364191,-34.779708395835925,0.4930950180379987,1
118,0.5571108414239483,Participant3_RS_FuSl,Endomorph,Normal,slouch,1.0,0.0,0.0,-0.816596521094425,-33.81088000321576,0.4879172902140297,1
119,0.5618321197411004,Participant3_RS_FuSl,Endomorph,Normal,slouch,1.0,0.0,0.0,-0.8302123608305818,-35.06901109263782,0.4955147237149956,1
120,0.5665533980582524,Participant3_RS_FuSl,Endomorph,Normal,slouch,1.0,0.0,0.0,-0.8331606342865394,-35.22099421684746,0.495342486351881,1
121,0.5712746763754045,Participant3_RS_FuSl,Endomorph,Normal,slouch,1.0,0.0,0.0,-0.7465435568413616,-33.570928530524334,0.486651953088692,1
122,0.5759959546925567,Participant3_RS_FuSl,Endomorph,Normal,slouch,1.0,0.0,0.0,-0.8822637549074546,-33.2077471099513,0.4924013352082446,1
123,0.5807172330097088,Participant3_RS_FuSl,Endomorph,Normal,slouch,1.0,0.0,0.0,-0.8434583634274475,-32.87037696504958,0.4953068846678776,1
124,0.5854385113268609,Participant3_RS_FuSl,Endomorph,Normal,slouch,1.0,0.0,0.0,-0.852899966386766,-34.42077961117639,0.4914122517075344,1
125,0.5901597896440129,Participant3_RS_FuSl,Endomorph,Normal,slouch,1.0,0.0,0.0,-0.8034764229693308,-33.45382083447844,0.4926064730297698,1
126,0.594881067961165,Participant3_RS_FuSl,Endomorph,Normal,slouch,1.0,0.0,0.0,-0.8740207999388414,-32.77241016989764,0.4917307824418422,1
127,0.5996023462783172,Participant3_RS_FuSl,Endomorph,Normal,slouch,1.0,0.0,0.0,-0.8528956549322146,-33.18120861528994,0.493331111896317,1
128,0.6043236245954693,Participant3_RS_FuSl,Endomorph,Normal,slouch,1.0,0.0,0.0,-0.9283867617069644,-33.55662735756238,0.4928429184725942,1
129,0.6090449029126214,Participant3_RS_FuSl,Endomorph,Normal,slouch,1.0,0.0,0.0,-0.8830514608830957,-33.121983128646555,0.4858294129898055,1
130,0.6137661812297734,Participant3_RS_FuSl,Endomorph,Normal,slouch,1.0,0.0,0.0,-0.835281917252839,-33.520086043606966,0.4872118213870925,1
131,0.6184874595469256,Participant3_RS_FuSl,Endomorph,Normal,slouch,1.0,0.0,0.0,-0.9152376682750228,-32.945221879569544,0.4824057021551719,1
132,0.6232087378640777,Participant3_RS_FuSl,Endomorph,Normal,slouch,1.0,0.0,0.0,-0.8459954821333802,-33.17428488739578,0.4955596099176177,1
133,0.6279300161812298,Participant3_RS_FuSl,Endomorph,Normal,slouch,1.0,0.0,0.0,-0.8555606375978786,-33.26268389802952,0.4934025650010024,1
134,0.6326512944983819,Participant3_RS_FuSl,Endomorph,Normal,slouch,1.0,0.0,0.0,-0.8953578042249122,-32.79783948839075,0.4950150252194273,1
135,0.637372572815534,Participant3_RS_FuSl,Endomorph,Normal,slouch,1.0,0.0,0.0,-0.885519199296102,-32.3311594252451,0.4946436787857066,1
136,0.6420938511326861,Participant3_RS_FuSl,Endomorph,Normal,slouch,1.0,0.0,0.0,-0.7906602627670654,-34.48259432233921,0.4855853708297964,1
137,0.6468151294498382,Participant3_RS_FuSl,Endomorph,Normal,slouch,1.0,0.0,0.0,-0.817074369261086,-33.609216799010795,0.4867171185225815,1
138,0.6515364077669903,Participant3_RS_FuSl,Endomorph,Normal,slouch,1.0,0.0,0.0,-0.8309901128987287,-32.32362780319956,0.4928758932383535,1
139,0.6562576860841425,Participant3_RS_FuSl,Endomorph,Normal,slouch,1.0,0.0,0.0,-0.7901939418473962,-33.255849531048106,0.4869913736925305,1
140,0.6609789644012946,Participant3_RS_FuSl,Endomorph,Normal,slouch,1.0,0.0,0.0,-0.8885237283688345,-33.33376335230715,0.4916533250362842,1
141,0.6657002427184466,Participant3_RS_FuSl,Endomorph,Normal,slouch,1.0,0.0,0.0,-0.8734717771760458,-34.694214065842374,0.4830532543938045,1
142,0.6704215210355987,Participant3_RS_FuSl,Endomorph,Normal,slouch,1.0,0.0,0.0,-0.8258802833024552,-32.8332743181868,0.4890470863902474,1
143,0.6751427993527508,Participant3_RS_FuSl,Endomorph,Normal,slouch,1.0,0.0,0.0,-0.8478798559962046,-32.97945647847958,0.4906166868692957,1
144,0.679864077669903,Participant3_RS_FuSl,Endomorph,Normal,slouch,1.0,0.0,0.0,-0.7061512047550282,-32.508851832656845,0.476264555384535,1
145,0.684585355987055,Participant3_RS_FuSl,Endomorph,Normal,slouch,1.0,0.0,0.0,-0.7355194707588311,-32.35161161997951,0.4892677195334706,1
146,0.6893066343042071,Participant3_RS_FuSl,Endomorph,Normal,slouch,1.0,0.0,0.0,-0.7737593014777802,-31.63919030097481,0.4773868281173365,1
147,0.6940279126213592,Participant3_RS_FuSl,Endomorph,Normal,slouch,1.0,0.0,0.0,-0.8461330451858116,-32.972105667946735,0.4920602808883282,1
148,0.6987491909385114,Participant3_RS_FuSl,Endomorph,Normal,slouch,1.0,0.0,0.0,-0.7178321359220234,-32.6271461306711,0.4941481808840583,1
149,0.7034704692556635,Participant3_RS_FuSl,Endomorph,Normal,slouch,1.0,0.0,0.0,-0.8063622279539959,-33.47496652290523,0.4975686636484829,1
150,0.7081917475728156,Participant3_RS_FuSl,Endomorph,Normal,slouch,1.0,0.0,0.0,-0.8103395543075051,-33.18002183851609,0.4906568641984711,1
151,0.7129130258899676,Participant3_RS_FuSl,Endomorph,Normal,slouch,1.0,0.0,0.0,-0.8897960671384131,-32.83674277077223,0.486285891549591,1
152,0.7176343042071198,Participant3_RS_FuSl,Endomorph,Normal,slouch,1.0,0.0,0.0,-0.8408771697816673,-33.97300288390024,0.490621778769475,1
153,0.7223555825242719,Participant3_RS_FuSl,Endomorph,Normal,slouch,1.0,0.0,0.0,-0.8779760447238492,-34.08554336045096,0.4847081577387306,1
154,0.727076860841424,Participant3_RS_FuSl,Endomorph,Normal,slouch,1.0,0.0,0.0,-0.860634489493443,-32.93076340505601,0.4895503911869592,1
155,0.731798139158576,Participant3_RS_FuSl,Endomorph,Normal,slouch,1.0,0.0,0.0,-0.9107425315917504,-32.26813469518905,0.4828453693544602,1
156,0.7365194174757281,Participant3_RS_FuSl,Endomorph,Normal,slouch,1.0,0.0,0.0,-0.8177843472990651,-32.83189659562053,0.4899505290040777,1
157,0.7412406957928803,Participant3_RS_FuSl,Endomorph,Normal,slouch,1.0,0.0,0.0,-0.8199750221448256,-33.2811607114677,0.4844157911434411,1
158,0.7459619741100324,Participant3_RS_FuSl,Endomorph,Normal,slouch,1.0,0.0,0.0,-0.7779745433244731,-32.545994758242934,0.487398753373862,1
159,0.7506832524271845,Participant3_RS_FuSl,Endomorph,Normal,slouch,1.0,0.0,0.0,-0.8104307772870971,-32.267228117316655,0.4947352107579459,1
160,0.7554045307443366,Participant3_RS_FuSl,Endomorph,Normal,slouch,1.0,0.0,0.0,-0.8092293913033908,-32.703927218833215,0.491606213193316,1
161,0.7601258090614887,Participant3_RS_FuSl,Endomorph,Normal,slouch,1.0,0.0,0.0,-0.8830710775756319,-32.504610223909715,0.488757663138413,1
162,0.7648470873786408,Participant3_RS_FuSl,Endomorph,Normal,slouch,1.0,0.0,0.0,-0.7797958247110766,-33.54630050728677,0.4846368673948352,1
163,0.7695683656957929,Participant3_RS_FuSl,Endomorph,Normal,slouch,1.0,0.0,0.0,-0.914311876185076,-32.56822708680164,0.4827301083306224,1
164,0.774289644012945,Participant3_RS_FuSl,Endomorph,Normal,slouch,1.0,0.0,0.0,-0.8344071044892138,-34.77579116026768,0.4937702588000745,1
165,0.7790109223300972,Participant3_RS_FuSl,Endomorph,Normal,slouch,1.0,0.0,0.0,-0.9330050465044712,-32.316774185099185,0.4930681836785586,1
166,0.7837322006472492,Participant3_RS_FuSl,Endomorph,Normal,slouch,1.0,0.0,0.0,-0.8634068101544987,-33.08196294215087,0.4761486006300364,1
167,0.7884534789644013,Participant3_RS_FuSl,Endomorph,Normal,slouch,1.0,0.0,0.0,-0.8782427406062367,-33.45819088198857,0.4924750338372515,1
168,0.7931747572815534,Participant3_RS_FuSl,Endomorph,Normal,slouch,1.0,0.0,0.0,-0.8480701707954064,-33.37503684108605,0.4905687037594379,1
169,0.7978960355987056,Participant3_RS_FuSl,Endomorph,Normal,slouch,1.0,0.0,0.0,-0.8560461978647829,-33.82882397060926,0.481891597778426,1
170,0.8026173139158577,Participant3_RS_FuSl,Endomorph,Normal,slouch,1.0,0.0,0.0,-0.8825509673285996,-33.25161906123241,0.4822129556151702,1
171,0.8073385922330097,Participant3_RS_FuSl,Endomorph,Normal,slouch,1.0,0.0,0.0,-0.8686826278056796,-33.32164327520611,0.4843408252305587,1
172,0.8120598705501618,Participant3_RS_FuSl,Endomorph,Normal,slouch,1.0,0.0,0.0,-0.8221743006198547,-33.61588842605565,0.4829499775011498,1
173,0.8167811488673139,Participant3_RS_FuSl,Endomorph,Normal,slouch,1.0,0.0,0.0,-0.8193161484957252,-33.16434805804142,0.4857385298599462,1
174,0.8215024271844661,Participant3_RS_FuSl,Endomorph,Normal,slouch,1.0,0.0,0.0,-0.8883637909703472,-32.32859806352737,0.4893087815069493,1
175,0.8262237055016182,Participant3_RS_FuSl,Endomorph,Normal,slouch,1.0,0.0,0.0,-0.8470551742040315,-33.17065197098433,0.4846423575642808,1
176,0.8309449838187702,Participant3_RS_FuSl,Endomorph,Normal,slouch,1.0,0.0,0.0,-0.8614866868345521,-32.645230334844335,0.4786941230549608,1
177,0.8356662621359223,Participant3_RS_FuSl,Endomorph,Normal,slouch,1.0,0.0,0.0,-0.8379375620922764,-33.65211559043998,0.4863204216930259,1
178,0.8403875404530745,Participant3_RS_FuSl,Endomorph,Normal,slouch,1.0,0.0,0.0,-0.8804446911243053,-33.321597407854945,0.4838210295967644,1
179,0.8451088187702266,Participant3_RS_FuSl,Endomorph,Normal,slouch,1.0,0.0,0.0,-0.9213333742549396,-32.709322200968174,0.4813629676747331,1
180,0.8498300970873787,Participant3_RS_FuSl,Endomorph,Normal,slouch,1.0,0.0,0.0,-0.8439544377539514,-33.249737546170614,0.4843208792881243,1
181,0.8545513754045307,Participant3_RS_FuSl,Endomorph,Normal,slouch,1.0,0.0,0.0,-0.8817247939996005,-33.42319493709829,0.4844682560198493,1
182,0.8592726537216829,Participant3_RS_FuSl,Endomorph,Normal,slouch,1.0,0.0,0.0,-0.8548147937786943,-34.15785214138423,0.4826058275559245,1
183,0.863993932038835,Participant3_RS_FuSl,Endomorph,Normal,slouch,1.0,0.0,0.0,-0.8856831701518901,-33.82078355655617,0.4819313092962689,1
184,0.8687152103559871,Participant3_RS_FuSl,Endomorph,Normal,slouch,1.0,0.0,0.0,-0.8745693982160072,-33.79708041818635,0.482386430859029,1
185,0.8734364886731392,Participant3_RS_FuSl,Endomorph,Normal,slouch,1.0,0.0,0.0,-0.8591802060007125,-33.960343046736064,0.4877076292208547,1
186,0.8781577669902912,Participant3_RS_FuSl,Endomorph,Normal,slouch,1.0,0.0,0.0,-0.9044560450785936,-33.88871650423352,0.4845608310428388,1
187,0.8828790453074434,Participant3_RS_FuSl,Endomorph,Normal,slouch,1.0,0.0,0.0,-0.8708601745751181,-34.39787237146142,0.4826743657358861,1
188,0.8876003236245955,Participant3_RS_FuSl,Endomorph,Normal,slouch,1.0,0.0,0.0,-0.8045571823582665,-34.17417324625202,0.4753720862506736,1
189,0.8923216019417476,Participant3_RS_FuSl,Endomorph,Normal,slouch,1.0,0.0,0.0,-0.8940336382919465,-34.17805150869489,0.4823175477093434,1
190,0.8970428802588997,Participant3_RS_FuSl,Endomorph,Normal,slouch,1.0,0.0,0.0,-0.8681194812721553,-34.753303022946184,0.4927036493777585,1
191,0.901764158576052,Participant3_RS_FuSl,Endomorph,Normal,slouch,1.0,0.0,0.0,-0.8218753705892452,-35.119461048790946,0.4957153621030575,1
192,0.906485436893204,Participant3_RS_FuSl,Endomorph,Normal,slouch,1.0,0.0,0.0,-0.7896828128962046,-34.772179673833755,0.4947196388133483,1
193,0.911206715210356,Participant3_RS_FuSl,Endomorph,Normal,slouch,1.0,0.0,0.0,-0.8767878899209773,-32.66422188412338,0.4809876616650021,1
194,0.915927993527508,Participant3_RS_FuSl,Endomorph,Normal,slouch,1.0,0.0,0.0,-0.925064730704538,-33.40611433546572,0.4810515062253893,1
195,0.9206492718446604,Participant3_RS_FuSl,Endomorph,Normal,slouch,1.0,0.0,0.0,-0.8326697808474959,-33.34498913393556,0.4754042668096429,1
196,0.9253705501618124,Participant3_RS_FuSl,Endomorph,Normal,slouch,1.0,0.0,0.0,-0.7861044317484542,-34.126819676979466,0.4832134651324868,1
197,0.9300918284789644,Participant3_RS_FuSl,Endomorph,Normal,slouch,1.0,0.0,0.0,-0.8126445636659658,-34.63548566646701,0.4826732328927987,1
198,0.9348131067961164,Participant3_RS_FuSl,Endomorph,Normal,slouch,1.0,0.0,0.0,-0.8064773714752655,-34.42069192025485,0.4796839205716808,1
199,0.9395343851132688,Participant3_RS_FuSl,Endomorph,Normal,slouch,1.0,0.0,0.0,-0.8154786882550797,-34.025237881413275,0.4802609150841589,1
200,0.9442556634304208,Participant3_RS_FuSl,Endomorph,Normal,slouch,1.0,0.0,0.0,-0.8189136279005151,-34.57265851462837,0.4805024180873374,1
201,0.9489769417475729,Participant3_RS_FuSl,Endomorph,Normal,slouch,1.0,0.0,0.0,-0.8537936680119704,-33.8282630846922,0.47729021771485,1
202,0.9536982200647248,Participant3_RS_FuSl,Endomorph,Normal,slouch,1.0,0.0,0.0,-0.8114086122787096,-34.46098389793989,0.4821601774000243,1
203,0.958419498381877,Participant3_RS_FuSl,Endomorph,Normal,slouch,1.0,0.0,0.0,-0.8331489220224553,-33.27720824746723,0.475235391841816,1
204,0.9631407766990292,Participant3_RS_FuSl,Endomorph,Normal,slouch,1.0,0.0,0.0,-0.7342567526758753,-33.35202230371029,0.4816574163119457,1
205,0.9678620550161812,Participant3_RS_FuSl,Endomorph,Normal,slouch,1.0,0.0,0.0,-0.7777813394304656,-35.62913157549494,0.4733205219163318,1
206,0.9725833333333334,Participant3_RS_FuSl,Endomorph,Normal,slouch,1.0,0.0,0.0,-0.7537163209394657,-35.427210500884854,0.468951154070685,1
207,0.9773046116504854,Participant3_RS_FuSl,Endomorph,Normal,slouch,1.0,0.0,0.0,-0.6828653923637968,-35.09438786416578,0.4743211975924886,1
208,0.9820258899676376,Participant3_RS_FuSl,Endomorph,Normal,slouch,1.0,0.0,0.0,-0.7541243927417043,-33.925855795014265,0.4714440686762461,1
209,0.9867471682847896,Participant3_RS_FuSl,Endomorph,Normal,slouch,1.0,0.0,0.0,-0.740717830373268,-35.19037718257486,0.4668354042025718,1
210,0.9914684466019418,Participant3_RS_FuSl,Endomorph,Normal,slouch,1.0,0.0,0.0,-0.8324195154142253,-34.57007848828485,0.4744358028571471,1
211,0.996189724919094,Participant3_RS_FuSl,Endomorph,Normal,slouch,1.0,0.0,0.0,-0.7950472308592376,-34.09909350237757,0.4711769572705446,1
212,1.000911003236246,Participant3_RS_FuSl,Endomorph,Normal,slouch,1.0,0.0,0.0,-0.7659555285125037,-34.20691930695011,0.4673017122471604,1
213,1.005632281553398,Participant3_RS_FuSl,Endomorph,Normal,slouch,1.0,0.0,0.0,-0.8337509272096526,-33.70030987817127,0.4770376199003437,1
214,1.0103535598705502,Participant3_RS_FuSl,Endomorph,Normal,slouch,1.0,0.0,0.0,-0.8197734115447104,-34.47737944930898,0.4654098839621173,1
215,1.0150748381877024,Participant3_RS_FuSl,Endomorph,Normal,slouch,1.0,0.0,0.0,-0.7984185595368034,-34.14122115860861,0.4783188982139614,1
216,1.0197961165048544,Participant3_RS_FuSl,Endomorph,Normal,slouch,1.0,0.0,0.0,-0.8215592427832961,-34.52480533033098,0.4587065002437404,1
217,1.0245173948220063,Participant3_RS_FuSl,Endomorph,Normal,slouch,1.0,0.0,0.0,-0.7418619565620859,-35.009035942579075,0.4696929291483587,1
218,1.0292386731391585,Participant3_RS_FuSl,Endomorph,Normal,slouch,1.0,0.0,0.0,-0.7921347474954621,-34.9552477345196,0.4677069658762766,1
219,1.0339599514563107,Participant3_RS_FuSl,Endomorph,Normal,slouch,1.0,0.0,0.0,-0.7914275066106502,-35.6543345098826,0.4600693490621555,1
220,1.0386812297734629,Participant3_RS_FuSl,Endomorph,Normal,slouch,1.0,0.0,0.0,-0.8127443613919192,-34.30809152768874,0.459208383513168,1
221,1.0434025080906149,Participant3_RS_FuSl,Endomorph,Normal,slouch,1.0,0.0,0.0,-0.8079191897208344,-34.2337911703495,0.4712781544844465,1
222,1.048123786407767,Participant3_RS_FuSl,Endomorph,Normal,slouch,1.0,0.0,0.0,-0.7609346414146025,-34.31263516286196,0.4614799629200891,1
223,1.0528450647249192,Participant3_RS_FuSl,Endomorph,Normal,slouch,1.0,0.0,0.0,-0.759437630985,-34.577731663109454,0.4651583632720426,1
224,1.0575663430420712,Participant3_RS_FuSl,Endomorph,Normal,slouch,1.0,0.0,0.0,-0.7667649910780419,-35.45210951389179,0.4661091253723773,1
225,1.0622876213592234,Participant3_RS_FuSl,Endomorph,Normal,slouch,1.0,0.0,0.0,-0.7654121031599659,-35.17490918378615,0.4590566799299887,1
226,1.0670088996763754,Participant3_RS_FuSl,Endomorph,Normal,slouch,1.0,0.0,0.0,-0.6958526728741052,-37.07469502716634,0.4685020077133682,1
227,1.0717301779935275,Participant3_RS_FuSl,Endomorph,Normal,slouch,1.0,0.0,0.0,-0.6785579912584645,-36.01751319999788,0.475437090602989,1
228,1.0764514563106795,Participant3_RS_FuSl,Endomorph,Normal,slouch,1.0,0.0,0.0,-0.6236682743249002,-35.94787258345884,0.4666415309735058,1
229,1.0811727346278317,Participant3_RS_FuSl,Endomorph,Normal,slouch,1.0,0.0,0.0,-0.6653362966648046,-36.54794238943973,0.4739282773035879,1
230,1.085894012944984,Participant3_RS_FuSl,Endomorph,Normal,slouch,1.0,0.0,0.0,-0.6566718952726884,-36.26911874683381,0.4621357661021909,1
231,1.090615291262136,Participant3_RS_FuSl,Endomorph,Normal,slouch,1.0,0.0,0.0,-0.6500565534327132,-36.05665369376142,0.4712449528574591,1
232,1.095336569579288,Participant3_RS_FuSl,Endomorph,Normal,slouch,1.0,0.0,0.0,-0.6707183913666646,-37.58726308499232,0.4701718648213106,1
233,1.1000578478964402,Participant3_RS_FuSl,Endomorph,Normal,slouch,1.0,0.0,0.0,-0.6674705851867979,-35.644881106321144,0.4643290768222849,1
234,1.1047791262135922,Participant3_RS_FuSl,Endomorph,Normal,slouch,1.0,0.0,0.0,-0.6973442443941986,-35.94880276971666,0.4655499647462711,1
235,1.1095004045307444,Participant3_RS_FuSl,Endomorph,Normal,slouch,1.0,0.0,0.0,-0.6439657408051211,-35.8988063653733,0.4690422875880062,1
236,1.1142216828478966,Participant3_RS_FuSl,Endomorph,Normal,slouch,1.0,0.0,0.0,-0.6495642476804789,-37.05668305547396,0.4671558156337668,1
237,1.1189429611650483,Participant3_RS_FuSl,Endomorph,Normal,slouch,1.0,0.0,0.0,-0.7278631750909361,-35.2954771746066,0.4696821194920488,1
238,1.1236642394822007,Participant3_RS_FuSl,Endomorph,Normal,slouch,1.0,0.0,0.0,-0.6660236524672889,-36.48901581188881,0.4680521875957206,1
239,1.1283855177993527,Participant3_RS_FuSl,Endomorph,Normal,slouch,1.0,0.0,0.0,-0.6472579963117164,-36.12918996070975,0.4652105847260705,1
240,1.1331067961165049,Participant3_RS_FuSl,Endomorph,Normal,slouch,1.0,0.0,0.0,-0.7067135518990875,-36.17162362192028,0.4629551431479332,1
241,1.137828074433657,Participant3_RS_FuSl,Endomorph,Normal,slouch,1.0,0.0,0.0,-0.6546915253816067,-35.83160933813446,0.461354644750013,1
242,1.142549352750809,Participant3_RS_FuSl,Endomorph,Normal,slouch,1.0,0.0,0.0,-0.6802732098031634,-36.31638700357146,0.4623058008253854,1
243,1.1472706310679612,Participant3_RS_FuSl,Endomorph,Normal,slouch,1.0,0.0,0.0,-0.6830535027912987,-36.4240526089369,0.4657078872562391,1
244,1.1519919093851134,Participant3_RS_FuSl,Endomorph,Normal,slouch,1.0,0.0,0.0,-0.6815645337463607,-36.77525858680735,0.4745208947748021,1
245,1.1567131877022654,Participant3_RS_FuSl,Endomorph,Normal,slouch,1.0,0.0,0.0,-0.6765325822961623,-36.240987607753134,0.4676018868418447,1
246,1.1614344660194176,Participant3_RS_FuSl,Endomorph,Normal,slouch,1.0,0.0,0.0,-0.6753471799952022,-36.38524022377737,0.4662928762848544,1
247,1.1661557443365695,Participant3_RS_FuSl,Endomorph,Normal,slouch,1.0,0.0,0.0,-0.688485231720479,-36.47251876600673,0.4727757242965053,1
248,1.1708770226537215,Participant3_RS_FuSl,Endomorph,Normal,slouch,1.0,0.0,0.0,-0.6593299099959538,-35.75441322211171,0.4561512485338492,1
249,1.175598300970874,Participant3_RS_FuSl,Endomorph,Normal,slouch,1.0,0.0,0.0,-0.6349014329429028,-37.0068753957296,0.47178601411792,1
250,1.180319579288026,Participant3_RS_FuSl,Endomorph,Normal,slouch,1.0,0.0,0.0,-0.6526076605696395,-37.39699741556364,0.4565130296459743,1
251,1.185040857605178,Participant3_RS_FuSl,Endomorph,Normal,slouch,1.0,0.0,0.0,-0.5896249397580737,-37.58186868466721,0.4543795662428341,1
252,1.18976213592233,Participant3_RS_FuSl,Endomorph,Normal,slouch,1.0,0.0,0.0,-0.6575455836568584,-37.31141620287674,0.4652839620579149,1
253,1.1944834142394822,Participant3_RS_FuSl,Endomorph,Normal,slouch,1.0,0.0,0.0,-0.6610003154867594,-35.95331719527011,0.4580833217619749,1
254,1.1992046925566344,Participant3_RS_FuSl,Endomorph,Normal,slouch,1.0,0.0,0.0,-0.7071094834443941,-38.01739071718044,0.4558440862429089,1
255,1.2039259708737864,Participant3_RS_FuSl,Endomorph,Normal,slouch,1.0,0.0,0.0,-0.6639700263475541,-37.59312279612601,0.4618163568532122,1
256,1.2086472491909386,Participant3_RS_FuSl,Endomorph,Normal,slouch,1.0,0.0,0.0,-0.646983403307245,-36.955345152312766,0.4646493254037649,1
257,1.2133685275080908,Participant3_RS_FuSl,Endomorph,Normal,slouch,1.0,0.0,0.0,-0.6506768004310206,-38.17941478434897,0.4640068581410969,1
258,1.2180898058252427,Participant3_RS_FuSl,Endomorph,Normal,slouch,1.0,0.0,0.0,-0.6306024970043651,-37.53890320292117,0.4694753433555187,1
259,1.222811084142395,Participant3_RS_FuSl,Endomorph,Normal,slouch,1.0,0.0,0.0,-0.6162613275030133,-37.79616902265023,0.464746335928866,1
260,1.2275323624595469,Participant3_RS_FuSl,Endomorph,Normal,slouch,1.0,0.0,0.0,-0.6776037701146631,-37.69461550832712,0.4590434525745968,1
261,1.232253640776699,Participant3_RS_FuSl,Endomorph,Normal,slouch,1.0,0.0,0.0,-0.6208347214155155,-37.00313547667015,0.451066592015623,1
262,1.2369749190938513,Participant3_RS_FuSl,Endomorph,Normal,slouch,1.0,0.0,0.0,-0.6748258317562121,-37.58261405074316,0.4501704791548615,1
263,1.2416961974110032,Participant3_RS_FuSl,Endomorph,Normal,slouch,1.0,0.0,0.0,-0.6884368572909423,-37.16932269516652,0.4473100156708643,1
264,1.2464174757281554,Participant3_RS_FuSl,Endomorph,Normal,slouch,1.0,0.0,0.0,-0.6719611473283222,-37.735850809447655,0.456447853086974,1
265,1.2511387540453074,Participant3_RS_FuSl,Endomorph,Normal,slouch,1.0,0.0,0.0,-0.7048003049430829,-38.37822389249064,0.4598797650523993,1
266,1.2558600323624596,Participant3_RS_FuSl,Endomorph,Normal,slouch,1.0,0.0,0.0,-0.7111275581337531,-37.022311853986416,0.4677555476831481,1
267,1.2605813106796118,Participant3_RS_FuSl,Endomorph,Normal,slouch,1.0,0.0,0.0,-0.6667055948302177,-37.37800111042676,0.45813060042466,1
268,1.2653025889967635,Participant3_RS_FuSl,Endomorph,Normal,slouch,1.0,0.0,0.0,-0.6604580948775431,-37.5680191357499,0.4556046168588737,1
269,1.270023867313916,Participant3_RS_FuSl,Endomorph,Normal,slouch,1.0,0.0,0.0,-0.6720057300883733,-37.01111581323741,0.4625686418070031,1
270,1.274745145631068,Participant3_RS_FuSl,Endomorph,Normal,slouch,1.0,0.0,0.0,-0.6010610956138731,-37.07155566781039,0.4631604538721801,1
271,1.27946642394822,Participant3_RS_FuSl,Endomorph,Normal,slouch,1.0,0.0,0.0,-0.639681634816054,-36.91479752973164,0.4637003888935099,1
272,1.2841877022653725,Participant3_RS_FuSl,Endomorph,Normal,slouch,1.0,0.0,0.0,-0.61845290638707,-36.64586596747265,0.4636280558000703,1
273,1.2889089805825242,Participant3_RS_FuSl,Endomorph,Normal,slouch,1.0,0.0,0.0,-0.714854246402286,-36.99378079971158,0.4609806063726041,1
274,1.2936302588996764,Participant3_RS_FuSl,Endomorph,Normal,slouch,1.0,0.0,0.0,-0.7000719994456344,-36.9280562599947,0.4673623844990806,1
275,1.2983515372168286,Participant3_RS_FuSl,Endomorph,Normal,slouch,1.0,0.0,0.0,-0.6787865849711049,-37.83620066834668,0.4611554544879724,1
276,1.3030728155339806,Participant3_RS_FuSl,Endomorph,Normal,slouch,1.0,0.0,0.0,-0.6266654558277859,-38.23387502476237,0.468395462574545,1
277,1.3077940938511328,Participant3_RS_FuSl,Endomorph,Normal,slouch,1.0,0.0,0.0,-0.6944555195950343,-38.339156763168496,0.472177343793959,1
278,1.312515372168285,Participant3_RS_FuSl,Endomorph,Normal,slouch,1.0,0.0,0.0,-0.6438803034120992,-37.24577128440966,0.4674395928936039,1
279,1.317236650485437,Participant3_RS_FuSl,Endomorph,Normal,slouch,1.0,0.0,0.0,-0.6777325278053516,-36.59047413766527,0.4736162135774134,1
280,1.321957928802589,Participant3_RS_FuSl,Endomorph,Normal,slouch,1.0,0.0,0.0,-0.6262263578386246,-37.530618753740136,0.4663137540339677,1
281,1.326679207119741,Participant3_RS_FuSl,Endomorph,Normal,slouch,1.0,0.0,0.0,-0.6989153396653524,-37.50093878425267,0.4667739253494633,1
282,1.3314004854368933,Participant3_RS_FuSl,Endomorph,Normal,slouch,1.0,0.0,0.0,-0.6729855433232214,-37.35550293234447,0.4714698230835294,1
283,1.3361217637540457,Participant3_RS_FuSl,Endomorph,Normal,slouch,1.0,0.0,0.0,-0.64276735601087,-36.612427743005824,0.46715740859722,1
284,1.3408430420711974,Participant3_RS_FuSl,Endomorph,Normal,slouch,1.0,0.0,0.0,-0.6736163770950166,-37.021389188616766,0.4671685663365184,1
285,1.3455643203883496,Participant3_RS_FuSl,Endomorph,Normal,slouch,1.0,0.0,0.0,-0.6931232750583962,-36.66547160839929,0.4632118010201501,1
286,1.3502855987055016,Participant3_RS_FuSl,Endomorph,Normal,slouch,1.0,0.0,0.0,-0.6627733181914063,-36.9445230286154,0.4654678994881674,1
287,1.3550068770226538,Participant3_RS_FuSl,Endomorph,Normal,slouch,1.0,0.0,0.0,-0.6723824023936219,-37.14367806961984,0.4647727220909287,1
288,1.359728155339806,Participant3_RS_FuSl,Endomorph,Normal,slouch,1.0,0.0,0.0,-0.65723703114325,-37.33148226888021,0.462881130215218,1
289,1.364449433656958,Participant3_RS_FuSl,Endomorph,Normal,slouch,1.0,0.0,0.0,-0.7051549171381287,-37.51133811395163,0.4588139010977142,1
290,1.36917071197411,Participant3_RS_FuSl,Endomorph,Normal,slouch,1.0,0.0,0.0,-0.7166759000705831,-37.3083296007752,0.4743572822598094,1
291,1.3738919902912623,Participant3_RS_FuSl,Endomorph,Normal,slouch,1.0,0.0,0.0,-0.6589896200153275,-37.61083328412925,0.4708409017489722,1
292,1.3786132686084145,Participant3_RS_FuSl,Endomorph,Normal,slouch,1.0,0.0,0.0,-0.6856124261596462,-37.69922576620143,0.4745352286596812,1
293,1.3833345469255665,Participant3_RS_FuSl,Endomorph,Normal,slouch,1.0,0.0,0.0,-0.6515452234249132,-37.91500858958518,0.4843702863336881,1
294,1.3880558252427184,Participant3_RS_FuSl,Endomorph,Normal,slouch,1.0,0.0,0.0,-0.6615478904474894,-37.624960200048136,0.4777468745474574,1
295,1.3927771035598706,Participant3_RS_FuSl,Endomorph,Normal,slouch,1.0,0.0,0.0,-0.6706569828699964,-37.91725587778373,0.4773281852874331,1
296,1.3974983818770228,Participant3_RS_FuSl,Endomorph,Normal,slouch,1.0,0.0,0.0,-0.6768933724763062,-38.307933389214746,0.4516074189825032,1
297,1.4022196601941748,Participant3_RS_FuSl,Endomorph,Normal,slouch,1.0,0.0,0.0,-0.6432272159290036,-39.21363079771909,0.4527346499557739,1
298,1.406940938511327,Participant3_RS_FuSl,Endomorph,Normal,slouch,1.0,0.0,0.0,-0.6733095180806518,-37.79236806495906,0.4695683966033416,1
299,1.411662216828479,Participant3_RS_FuSl,Endomorph,Normal,slouch,1.0,0.0,0.0,-0.6972688031632224,-38.15313211722143,0.4735273646390175,1
300,1.416383495145631,Participant3_RS_FuSl,Endomorph,Normal,slouch,1.0,0.0,0.0,-0.6359314426861492,-38.52440081023741,0.4584804553550108,1
301,1.4211047734627833,Participant3_RS_FuSl,Endomorph,Normal,slouch,1.0,0.0,0.0,-0.6439004407101577,-38.045753843203954,0.4620446711158338,1
302,1.4258260517799353,Participant3_RS_FuSl,Endomorph,Normal,slouch,1.0,0.0,0.0,-0.72364737643855,-37.10584327490612,0.4724002277482611,1
303,1.4305473300970877,Participant3_RS_FuSl,Endomorph,Normal,slouch,1.0,0.0,0.0,-0.6641394845557829,-38.00487850581103,0.4694951491272128,1
304,1.4352686084142396,Participant3_RS_FuSl,Endomorph,Normal,slouch,1.0,0.0,0.0,-0.669213601562118,-38.12389593838194,0.4756702112850463,1
305,1.4399898867313916,Participant3_RS_FuSl,Endomorph,Normal,slouch,1.0,0.0,0.0,-0.7125957808227887,-37.558488231771776,0.4678752438990359,1
306,1.4447111650485438,Participant3_RS_FuSl,Endomorph,Normal,slouch,1.0,0.0,0.0,-0.6774427936323277,-37.53310305355696,0.4739164386917655,1
307,1.4494324433656958,Participant3_RS_FuSl,Endomorph,Normal,slouch,1.0,0.0,0.0,-0.7117377973470195,-37.16931962085647,0.4753916292749146,1
308,1.454153721682848,Participant3_RS_FuSl,Endomorph,Normal,slouch,1.0,0.0,0.0,-0.6757431485770691,-37.42825277162012,0.4610840176348729,1
309,1.458875,Participant3_RS_FuSl,Endomorph,Normal,slouch,1.0,0.0,0.0,-0.6582231504315921,-37.24651659930277,0.4561241623279822,1
310,1.463596278317152,Participant3_RS_FuSl,Endomorph,Normal,slouch,1.0,0.0,0.0,-0.6921159008755622,-37.22105497525926,0.4735526158687527,1
311,1.4683175566343043,Participant3_RS_FuSl,Endomorph,Normal,slouch,1.0,0.0,0.0,-0.7132058933610286,-36.528283051326085,0.4663970591736771,1
312,1.4730388349514565,Participant3_RS_FuSl,Endomorph,Normal,slouch,1.0,0.0,0.0,-0.7241426890227762,-35.97374200565213,0.4712090739773973,1
313,1.4777601132686085,Participant3_RS_FuSl,Endomorph,Normal,slouch,1.0,0.0,0.0,-0.6544854258991677,-37.33870164031547,0.4654462242490075,1
314,1.4824813915857606,Participant3_RS_FuSl,Endomorph,Normal,slouch,1.0,0.0,0.0,-0.6774327720561272,-36.68719801232852,0.4544243499816759,1
315,1.4872026699029126,Participant3_RS_FuSl,Endomorph,Normal,slouch,1.0,0.0,0.0,-0.6838819779084268,-36.93186297463495,0.4495592296463228,1
316,1.4919239482200648,Participant3_RS_FuSl,Endomorph,Normal,slouch,1.0,0.0,0.0,-0.6576020179443387,-38.52490480176792,0.4576778885489207,1
317,1.496645226537217,Participant3_RS_FuSl,Endomorph,Normal,slouch,1.0,0.0,0.0,-0.6700686970587906,-38.26146200548873,0.4593385401818948,1
318,1.501366504854369,Participant3_RS_FuSl,Endomorph,Normal,slouch,1.0,0.0,0.0,-0.7030812426964034,-37.47863687348889,0.4576090468646713,1
319,1.5060877831715211,Participant3_RS_FuSl,Endomorph,Normal,slouch,1.0,0.0,0.0,-0.6835196779716683,-37.14426209625098,0.4616316089447046,1
320,1.510809061488673,Participant3_RS_FuSl,Endomorph,Normal,slouch,1.0,0.0,0.0,-0.6966573504288724,-36.61764806087631,0.4596195153484477,1
321,1.5155303398058253,Participant3_RS_FuSl,Endomorph,Normal,slouch,1.0,0.0,0.0,-0.7099450450658001,-37.45270456094636,0.4566750122948667,1
322,1.5202516181229777,Participant3_RS_FuSl,Endomorph,Normal,slouch,1.0,0.0,0.0,-0.6464419382237215,-38.36034386979709,0.4480419833796122,1
323,1.5249728964401297,Participant3_RS_FuSl,Endomorph,Normal,slouch,1.0,0.0,0.0,-0.6847936242030163,-36.36201492768706,0.4594915057823472,1
324,1.5296941747572816,Participant3_RS_FuSl,Endomorph,Normal,slouch,1.0,0.0,0.0,-0.7000559290708703,-36.52345667140537,0.4605331404216629,1
325,1.5344154530744336,Participant3_RS_FuSl,Endomorph,Normal,slouch,1.0,0.0,0.0,-0.662722350773755,-35.79520785501685,0.462235582980634,1
326,1.5391367313915858,Participant3_RS_FuSl,Endomorph,Normal,slouch,1.0,0.0,0.0,-0.6957737837217566,-37.32234447485599,0.4544959985458655,1
327,1.543858009708738,Participant3_RS_FuSl,Endomorph,Normal,slouch,1.0,0.0,0.0,-0.6946296637949623,-37.795812479809705,0.4577894361508952,1
328,1.54857928802589,Participant3_RS_FuSl,Endomorph,Normal,slouch,1.0,0.0,0.0,-0.6839410830161842,-37.36865124081999,0.4592095798904116,1
329,1.553300566343042,Participant3_RS_FuSl,Endomorph,Normal,slouch,1.0,0.0,0.0,-0.6117302271134681,-36.96165641355152,0.4702694719734511,1
330,1.5580218446601943,Participant3_RS_FuSl,Endomorph,Normal,slouch,1.0,0.0,0.0,-0.6558566572500676,-38.31783011524696,0.4539116461654827,1
331,1.5627431229773463,Participant3_RS_FuSl,Endomorph,Normal,slouch,1.0,0.0,0.0,-0.7184884845225271,-37.73107099002892,0.4472587786306141,1
332,1.5674644012944985,Participant3_RS_FuSl,Endomorph,Normal,slouch,1.0,0.0,0.0,-0.6937916188833444,-37.3415501028505,0.4526488670629351,1
333,1.5721856796116505,Participant3_RS_FuSl,Endomorph,Normal,slouch,1.0,0.0,0.0,-0.7063834666582471,-36.51608158615776,0.4684331373084325,1
334,1.5769069579288026,Participant3_RS_FuSl,Endomorph,Normal,slouch,1.0,0.0,0.0,-0.6364270671484205,-38.06497954994739,0.4531004388590534,1
335,1.5816282362459548,Participant3_RS_FuSl,Endomorph,Normal,slouch,1.0,0.0,0.0,-0.6248651321885392,-38.38011790748308,0.4557343683111797,1
336,1.5863495145631068,Participant3_RS_FuSl,Endomorph,Normal,slouch,1.0,0.0,0.0,-0.6472489826258776,-37.0175068239165,0.4619991206622933,1
337,1.591070792880259,Participant3_RS_FuSl,Endomorph,Normal,slouch,1.0,0.0,0.0,-0.6525135045352761,-37.23840750633165,0.4615231598852521,1
338,1.5957920711974112,Participant3_RS_FuSl,Endomorph,Normal,slouch,1.0,0.0,0.0,-0.6540770029885421,-36.96713774046454,0.4603154649985949,1
339,1.6005133495145631,Participant3_RS_FuSl,Endomorph,Normal,slouch,1.0,0.0,0.0,-0.6382176356584168,-37.143262436831286,0.4623546482318394,1
340,1.605234627831715,Participant3_RS_FuSl,Endomorph,Normal,slouch,1.0,0.0,0.0,-0.6822543767613989,-37.3454588861856,0.4577421755935587,1
341,1.6099559061488673,Participant3_RS_FuSl,Endomorph,Normal,slouch,1.0,0.0,0.0,-0.6084860937691534,-38.47601084374992,0.4568560085840469,1
342,1.6146771844660197,Participant3_RS_FuSl,Endomorph,Normal,slouch,1.0,0.0,0.0,-0.6411103112398526,-37.6475165854018,0.449583891665168,1
343,1.6193984627831717,Participant3_RS_FuSl,Endomorph,Normal,slouch,1.0,0.0,0.0,-0.662007627598954,-38.053976529321936,0.4638711996209131,1
344,1.6241197411003236,Participant3_RS_FuSl,Endomorph,Normal,slouch,1.0,0.0,0.0,-0.6858112517552872,-36.30675171280635,0.4546448975720281,1
345,1.6288410194174758,Participant3_RS_FuSl,Endomorph,Normal,slouch,1.0,0.0,0.0,-0.7025635544469759,-36.00637670112187,0.4564715295042846,1
346,1.6335622977346278,Participant3_RS_FuSl,Endomorph,Normal,slouch,1.0,0.0,0.0,-0.7380027232411508,-36.93977129799921,0.4640700063698177,1
347,1.63828357605178,Participant3_RS_FuSl,Endomorph,Normal,slouch,1.0,0.0,0.0,-0.6760384680929845,-37.44423423251289,0.4630153798486233,1
348,1.6430048543689322,Participant3_RS_FuSl,Endomorph,Normal,slouch,1.0,0.0,0.0,-0.763873776375221,-36.705322274922025,0.465733022495284,1
349,1.647726132686084,Participant3_RS_FuSl,Endomorph,Normal,slouch,1.0,0.0,0.0,-0.6851920693440163,-37.04060766737098,0.46188897072506,1
350,1.6524474110032363,Participant3_RS_FuSl,Endomorph,Normal,slouch,1.0,0.0,0.0,-0.7273936704263666,-36.46766477964312,0.4604810969800985,1
351,1.6571686893203883,Participant3_RS_FuSl,Endomorph,Normal,slouch,1.0,0.0,0.0,-0.669854063451593,-37.21545043955299,0.4576840580869761,1
352,1.6618899676375405,Participant3_RS_FuSl,Endomorph,Normal,slouch,1.0,0.0,0.0,-0.699093705918673,-35.85045068346155,0.4634751026025957,1
353,1.666611245954693,Participant3_RS_FuSl,Endomorph,Normal,slouch,1.0,0.0,0.0,-0.6959647051104787,-35.98307296306688,0.4604307374678865,1
354,1.6713325242718446,Participant3_RS_FuSl,Endomorph,Normal,slouch,1.0,0.0,0.0,-0.6627914523949385,-37.08986099244926,0.4547733770352135,1
355,1.6760538025889968,Participant3_RS_FuSl,Endomorph,Normal,slouch,1.0,0.0,0.0,-0.6871218853194787,-37.78512811406746,0.4597729056443354,1
356,1.680775080906149,Participant3_RS_FuSl,Endomorph,Normal,slouch,1.0,0.0,0.0,-0.6432986460569051,-37.77146724061285,0.4593732481648361,1
357,1.685496359223301,Participant3_RS_FuSl,Endomorph,Normal,slouch,1.0,0.0,0.0,-0.6880759276138648,-36.44116491754893,0.4648615384353943,1
358,1.6902176375404532,Participant3_RS_FuSl,Endomorph,Normal,slouch,1.0,0.0,0.0,-0.7512411764331546,-37.08127117907264,0.4668624256773325,1
359,1.6949389158576051,Participant3_RS_FuSl,Endomorph,Normal,slouch,1.0,0.0,0.0,-0.7362206987336432,-35.73972625043596,0.4595175894795145,1
360,1.699660194174757,Participant3_RS_FuSl,Endomorph,Normal,slouch,1.0,0.0,0.0,-0.7051866987196195,-36.18565354398861,0.4679215099996631,1
361,1.7043814724919095,Participant3_RS_FuSl,Endomorph,Normal,slouch,1.0,0.0,0.0,-0.7390114567525727,-36.22014405038651,0.4594621674982734,1
362,1.7091027508090617,Participant3_RS_FuSl,Endomorph,Normal,slouch,1.0,0.0,0.0,-0.6715476296531789,-35.891356294336575,0.4618082598390941,1
363,1.7138240291262137,Participant3_RS_FuSl,Endomorph,Normal,slouch,1.0,0.0,0.0,-0.6584828131829559,-36.81319535791152,0.4632178302219156,1
364,1.718545307443366,Participant3_RS_FuSl,Endomorph,Normal,slouch,1.0,0.0,0.0,-0.6751335670863585,-37.67774180697915,0.4617234598453636,1
365,1.7232665857605178,Participant3_RS_FuSl,Endomorph,Normal,slouch,1.0,0.0,0.0,-0.6309203956054672,-37.31596646981417,0.4613402278890688,1
366,1.72798786407767,Participant3_RS_FuSl,Endomorph,Normal,slouch,1.0,0.0,0.0,-0.6368807899724829,-36.41808340586447,0.4735832256049758,1
367,1.732709142394822,Participant3_RS_FuSl,Endomorph,Normal,slouch,1.0,0.0,0.0,-0.6708936287063549,-36.85694131232263,0.4612623520828252,1
368,1.7374304207119742,Participant3_RS_FuSl,Endomorph,Normal,slouch,1.0,0.0,0.0,-0.6786298827652865,-37.37947363606456,0.4661209552322974,1
369,1.7421516990291264,Participant3_RS_FuSl,Endomorph,Normal,slouch,1.0,0.0,0.0,-0.6832396168693334,-37.9045517645449,0.4576345648602164,1
370,1.7468729773462783,Participant3_RS_FuSl,Endomorph,Normal,slouch,1.0,0.0,0.0,-0.6682022644197982,-37.641311358636,0.4552820465617582,1
371,1.7515942556634303,Participant3_RS_FuSl,Endomorph,Normal,slouch,1.0,0.0,0.0,-0.6795632545519722,-37.17861657204295,0.4593362156924662,1
372,1.7563155339805825,Participant3_RS_FuSl,Endomorph,Normal,slouch,1.0,0.0,0.0,-0.6962469869163057,-36.15813986904743,0.4566380638493556,1
373,1.761036812297735,Participant3_RS_FuSl,Endomorph,Normal,slouch,1.0,0.0,0.0,-0.63964467837463,-37.22035864733892,0.4633555562940649,1
374,1.7657580906148869,Participant3_RS_FuSl,Endomorph,Normal,slouch,1.0,0.0,0.0,-0.7075885252381755,-37.07418494954207,0.462445321609349,1
375,1.7704793689320388,Participant3_RS_FuSl,Endomorph,Normal,slouch,1.0,0.0,0.0,-0.6708710197291496,-37.36404616199352,0.4592715698644811,1
376,1.775200647249191,Participant3_RS_FuSl,Endomorph,Normal,slouch,1.0,0.0,0.0,-0.6117363968907279,-37.02993327470252,0.4647435950346935,1
377,1.7799219255663432,Participant3_RS_FuSl,Endomorph,Normal,slouch,1.0,0.0,0.0,-0.6201976410437334,-36.96625353828476,0.4634883000853744,1
378,1.7846432038834952,Participant3_RS_FuSl,Endomorph,Normal,slouch,1.0,0.0,0.0,-0.6666710098152924,-37.16978081775695,0.4634555877991116,1
379,1.7893644822006474,Participant3_RS_FuSl,Endomorph,Normal,slouch,1.0,0.0,0.0,-0.6743699630024992,-36.831482346023655,0.4632544231086837,1
380,1.794085760517799,Participant3_RS_FuSl,Endomorph,Normal,slouch,1.0,0.0,0.0,-0.6730763079913035,-37.86835288865577,0.4537312042967256,1
381,1.7988070388349515,Participant3_RS_FuSl,Endomorph,Normal,slouch,1.0,0.0,0.0,-0.6955217113566738,-37.94206332832909,0.4606386288378857,1
382,1.803528317152104,Participant3_RS_FuSl,Endomorph,Normal,slouch,1.0,0.0,0.0,-0.6886163361546616,-38.24164072364919,0.4643329241181331,1
383,1.808249595469256,Participant3_RS_FuSl,Endomorph,Normal,slouch,1.0,0.0,0.0,-0.6870073974189969,-37.41036507818046,0.4571197170838315,1
384,1.812970873786408,Participant3_RS_FuSl,Endomorph,Normal,slouch,1.0,0.0,0.0,-0.6758131819286547,-39.647629109445305,0.4660432232755747,1
385,1.81769215210356,Participant3_RS_FuSl,Endomorph,Normal,slouch,1.0,0.0,0.0,-0.6539900246528522,-37.20065402350482,0.4522511839898153,1
386,1.822413430420712,Participant3_RS_FuSl,Endomorph,Normal,slouch,1.0,0.0,0.0,-0.6238842493711663,-38.46355118484059,0.4571798213757859,1
387,1.827134708737864,Participant3_RS_FuSl,Endomorph,Normal,slouch,1.0,0.0,0.0,-0.6384168783621847,-37.10221066713208,0.4683395430130179,1
388,1.831855987055016,Participant3_RS_FuSl,Endomorph,Normal,slouch,1.0,0.0,0.0,-0.6509894417124205,-36.906714461818304,0.475996896951385,1
389,1.8365772653721684,Participant3_RS_FuSl,Endomorph,Normal,slouch,1.0,0.0,0.0,-0.6661301320948254,-38.00626382699436,0.4691632755956175,1
390,1.8412985436893208,Participant3_RS_FuSl,Endomorph,Normal,slouch,1.0,0.0,0.0,-0.6562079002118458,-37.40002091842736,0.4613121052827404,1
391,1.8460198220064723,Participant3_RS_FuSl,Endomorph,Normal,slouch,1.0,0.0,0.0,-0.6569757381588595,-37.218682784960286,0.4602795107658589,1
392,1.8507411003236247,Participant3_RS_FuSl,Endomorph,Normal,slouch,1.0,0.0,0.0,-0.6605979887452796,-38.15414222485038,0.4621950404159251,1
393,1.855462378640777,Participant3_RS_FuSl,Endomorph,Normal,slouch,1.0,0.0,0.0,-0.6341850208064833,-37.36935869441238,0.4580531272070133,1
394,1.8601836569579289,Participant3_RS_FuSl,Endomorph,Normal,slouch,1.0,0.0,0.0,-0.6624996498445128,-37.99559362631268,0.4566888421910125,1
395,1.864904935275081,Participant3_RS_FuSl,Endomorph,Normal,slouch,1.0,0.0,0.0,-0.6909747868563088,-37.096324829668745,0.465651383098108,1
396,1.869626213592233,Participant3_RS_FuSl,Endomorph,Normal,slouch,1.0,0.0,0.0,-0.6418563938889206,-37.92469460744053,0.4657575992759541,1
397,1.8743474919093848,Participant3_RS_FuSl,Endomorph,Normal,slouch,1.0,0.0,0.0,-0.6949960549524274,-37.10071899890911,0.4686482693163851,1
398,1.8790687702265372,Participant3_RS_FuSl,Endomorph,Normal,slouch,1.0,0.0,0.0,-0.6239631844797486,-38.388695564767225,0.4653699157638966,1
399,1.8837900485436891,Participant3_RS_FuSl,Endomorph,Normal,slouch,1.0,0.0,0.0,-0.6215595538443616,-38.20377768280063,0.4707632638614801,1
400,1.8885113268608416,Participant3_RS_FuSl,Endomorph,Normal,slouch,1.0,0.0,0.0,-0.6408561508246963,-39.28884852744729,0.466519656997035,1
401,1.8932326051779933,Participant3_RS_FuSl,Endomorph,Normal,slouch,1.0,0.0,0.0,-0.654496063965852,-38.24052893631995,0.4726643463576363,1
402,1.8979538834951457,Participant3_RS_FuSl,Endomorph,Normal,slouch,1.0,0.0,0.0,-0.6586310294112572,-37.61583433790105,0.4792014246420488,1
403,1.902675161812298,Participant3_RS_FuSl,Endomorph,Normal,slouch,1.0,0.0,0.0,-0.7224106237939196,-36.806204666889606,0.4631819380666807,1
404,1.9073964401294496,Participant3_RS_FuSl,Endomorph,Normal,slouch,1.0,0.0,0.0,-0.6818086915652131,-36.93362604807572,0.4622292083827038,1
405,1.912117718446602,Participant3_RS_FuSl,Endomorph,Normal,slouch,1.0,0.0,0.0,-0.6644875006576458,-37.92445897270174,0.4652928049226137,1
406,1.916838996763754,Participant3_RS_FuSl,Endomorph,Normal,slouch,1.0,0.0,0.0,-0.6714340571215874,-37.39130326662701,0.4671133702371292,1
407,1.9215602750809064,Participant3_RS_FuSl,Endomorph,Normal,slouch,1.0,0.0,0.0,-0.6886816826471178,-36.65428742798589,0.4729799404523044,1
408,1.9262815533980584,Participant3_RS_FuSl,Endomorph,Normal,slouch,1.0,0.0,0.0,-0.6787959189736199,-38.24383117788932,0.4702604616222198,1
409,1.9310028317152104,Participant3_RS_FuSl,Endomorph,Normal,slouch,1.0,0.0,0.0,-0.6845492567989793,-36.7860451216523,0.46199780452551,1
410,1.9357241100323623,Participant3_RS_FuSl,Endomorph,Normal,slouch,1.0,0.0,0.0,-0.6723954202572653,-37.77289837616826,0.4599136837254705,1
411,1.9404453883495147,Participant3_RS_FuSl,Endomorph,Normal,slouch,1.0,0.0,0.0,-0.6853346938777456,-38.26119670442408,0.4578356093524055,1
412,1.9451666666666667,Participant3_RS_FuSl,Endomorph,Normal,slouch,1.0,0.0,0.0,-0.6229469346416057,-38.38072893651625,0.4732148156387854,1
413,1.949887944983819,Participant3_RS_FuSl,Endomorph,Normal,slouch,1.0,0.0,0.0,-0.6187864147869997,-38.38117584543667,0.4714959412377568,1
414,1.9546092233009709,Participant3_RS_FuSl,Endomorph,Normal,slouch,1.0,0.0,0.0,-0.6191049471570576,-37.50860970135033,0.4691954563426008,1
415,1.959330501618123,Participant3_RS_FuSl,Endomorph,Normal,slouch,1.0,0.0,0.0,-0.6340977131747139,-37.287456124706296,0.4721499907883923,1
416,1.9640517799352752,Participant3_RS_FuSl,Endomorph,Normal,slouch,1.0,0.0,0.0,-0.588509229220692,-38.1784817854098,0.4667044940963923,1
417,1.9687730582524272,Participant3_RS_FuSl,Endomorph,Normal,slouch,1.0,0.0,0.0,-0.6303617959994047,-38.14091786098157,0.470959280335136,1
418,1.9734943365695796,Participant3_RS_FuSl,Endomorph,Normal,slouch,1.0,0.0,0.0,-0.6105768629767528,-37.61542909224366,0.471096437191047,1
419,1.9782156148867316,Participant3_RS_FuSl,Endomorph,Normal,slouch,1.0,0.0,0.0,-0.6547712273395598,-37.79459076623669,0.469343468973053,1
420,1.982936893203884,Participant3_RS_FuSl,Endomorph,Normal,slouch,1.0,0.0,0.0,-0.6099869718901307,-39.18956971396972,0.4644074973204826,1
421,1.987658171521036,Participant3_RS_FuSl,Endomorph,Normal,slouch,1.0,0.0,0.0,-0.6324974211193382,-38.30134756351876,0.4630389296726771,1
422,1.992379449838188,Participant3_RS_FuSl,Endomorph,Normal,slouch,1.0,0.0,0.0,-0.6540496717257334,-38.50156919721652,0.46711398206925,1
423,1.99710072815534,Participant3_RS_FuSl,Endomorph,Normal,slouch,1.0,0.0,0.0,-0.6441943206350367,-38.19457300580128,0.4582360302958706,1
424,2.001822006472492,Participant3_RS_FuSl,Endomorph,Normal,slouch,1.0,0.0,0.0,-0.6261959814436628,-38.10465491585855,0.4626757540448941,1
425,2.006543284789644,Participant3_RS_FuSl,Endomorph,Normal,slouch,1.0,0.0,0.0,-0.5987350876037378,-38.13654093736296,0.4701613901461248,1
426,2.011264563106796,Participant3_RS_FuSl,Endomorph,Normal,slouch,1.0,0.0,0.0,-0.5830442273308074,-38.58881751839526,0.4677204434426175,1
427,2.0159858414239484,Participant3_RS_FuSl,Endomorph,Normal,slouch,1.0,0.0,0.0,-0.6593664503853707,-39.009646668907344,0.4699153844728763,1
428,2.0207071197411004,Participant3_RS_FuSl,Endomorph,Normal,slouch,1.0,0.0,0.0,-0.5967643257073265,-38.58899586714912,0.4675160772049611,1
429,2.0254283980582524,Participant3_RS_FuSl,Endomorph,Normal,slouch,1.0,0.0,0.0,-0.5782730823846293,-38.29747369306923,0.4673947174944486,1
430,2.0301496763754048,Participant3_RS_FuSl,Endomorph,Normal,slouch,1.0,0.0,0.0,-0.6483520083744702,-38.72029058362967,0.4722769044023318,1
431,2.0348709546925567,Participant3_RS_FuSl,Endomorph,Normal,slouch,1.0,0.0,0.0,-0.6033928978802356,-38.82681742496335,0.4696786034663195,1
432,2.0395922330097087,Participant3_RS_FuSl,Endomorph,Normal,slouch,1.0,0.0,0.0,-0.6497315447852039,-38.52415355555112,0.4703602020813843,1
433,2.044313511326861,Participant3_RS_FuSl,Endomorph,Normal,slouch,1.0,0.0,0.0,-0.6179237183426927,-38.36107287158139,0.4727893213033425,1
434,2.049034789644013,Participant3_RS_FuSl,Endomorph,Normal,slouch,1.0,0.0,0.0,-0.6289144448461604,-38.82555761060528,0.4688493330338318,1
435,2.053756067961165,Participant3_RS_FuSl,Endomorph,Normal,slouch,1.0,0.0,0.0,-0.5914053295173531,-37.75879663855303,0.4776623187605978,1
436,2.058477346278317,Participant3_RS_FuSl,Endomorph,Normal,slouch,1.0,0.0,0.0,-0.6057835851620643,-38.92669350282623,0.4705171449570798,1
437,2.063198624595469,Participant3_RS_FuSl,Endomorph,Normal,slouch,1.0,0.0,0.0,-0.6372808448398994,-38.16427653289793,0.4675897740819267,1
438,2.0679199029126214,Participant3_RS_FuSl,Endomorph,Normal,slouch,1.0,0.0,0.0,-0.5890926075437732,-39.1004469008153,0.4674750760910211,1
439,2.0726411812297734,Participant3_RS_FuSl,Endomorph,Normal,slouch,1.0,0.0,0.0,-0.5799466162932809,-38.7110652482791,0.4670155297407201,1
440,2.0773624595469258,Participant3_RS_FuSl,Endomorph,Normal,slouch,1.0,0.0,0.0,-0.5924561463543832,-37.92387767778611,0.4732576575997422,1
441,2.0820837378640777,Participant3_RS_FuSl,Endomorph,Normal,slouch,1.0,0.0,0.0,-0.6525323396658338,-38.29925487330028,0.4745313684544599,1
442,2.0868050161812297,Participant3_RS_FuSl,Endomorph,Normal,slouch,1.0,0.0,0.0,-0.6055918115872045,-38.38524143532147,0.4662664998189196,1
443,2.091526294498382,Participant3_RS_FuSl,Endomorph,Normal,slouch,1.0,0.0,0.0,-0.6455085424698797,-37.95825522630352,0.4774933245433457,1
444,2.096247572815534,Participant3_RS_FuSl,Endomorph,Normal,slouch,1.0,0.0,0.0,-0.5757562266879139,-38.435799472992,0.4680484376942195,1
445,2.100968851132686,Participant3_RS_FuSl,Endomorph,Normal,slouch,1.0,0.0,0.0,-0.6304652630767884,-37.55918312305933,0.4642541522396439,1
446,2.1056901294498385,Participant3_RS_FuSl,Endomorph,Normal,slouch,1.0,0.0,0.0,-0.6408925173907642,-38.47835988137293,0.4640882264425237,1
447,2.1104114077669904,Participant3_RS_FuSl,Endomorph,Normal,slouch,1.0,0.0,0.0,-0.608440795084879,-37.64408201557436,0.4674147864717133,1
448,2.1151326860841424,Participant3_RS_FuSl,Endomorph,Normal,slouch,1.0,0.0,0.0,-0.6881936316810707,-36.56368564963212,0.4766391600068101,1
449,2.1198539644012944,Participant3_RS_FuSl,Endomorph,Normal,slouch,1.0,0.0,0.0,-0.6784904458378265,-37.80144161566269,0.4756229247747407,1
450,2.1245752427184468,Participant3_RS_FuSl,Endomorph,Normal,slouch,1.0,0.0,0.0,-0.6418608203053208,-37.999208225623,0.464385464244719,1
451,2.1292965210355987,Participant3_RS_FuSl,Endomorph,Normal,slouch,1.0,0.0,0.0,-0.6224307080432796,-37.60342442442288,0.4613341606489952,1
452,2.1340177993527507,Participant3_RS_FuSl,Endomorph,Normal,slouch,1.0,0.0,0.0,-0.6109588467300571,-38.51656597579022,0.4633902795514354,1
453,2.138739077669903,Participant3_RS_FuSl,Endomorph,Normal,slouch,1.0,0.0,0.0,-0.6304994155655916,-37.62483469982679,0.4595793591200932,1
454,2.143460355987055,Participant3_RS_FuSl,Endomorph,Normal,slouch,1.0,0.0,0.0,-0.637082902420011,-36.7629738513235,0.4644594616828188,1
455,2.148181634304207,Participant3_RS_FuSl,Endomorph,Normal,slouch,1.0,0.0,0.0,-0.5680222946860023,-37.96372244347446,0.4631845346093922,1
456,2.1529029126213595,Participant3_RS_FuSl,Endomorph,Normal,slouch,1.0,0.0,0.0,-0.5881591682191085,-37.612211540008616,0.4633269896031044,1
457,2.1576241909385114,Participant3_RS_FuSl,Endomorph,Normal,slouch,1.0,0.0,0.0,-0.6781609733148186,-38.32021791467194,0.4813394055893065,1
458,2.1623454692556634,Participant3_RS_FuSl,Endomorph,Normal,slouch,1.0,0.0,0.0,-0.7194962447473119,-37.52487033220324,0.4828622379204579,1
459,2.167066747572816,Participant3_RS_FuSl,Endomorph,Normal,slouch,1.0,0.0,0.0,-0.7399825850706583,-36.78573394641159,0.4741484554941843,1
460,2.171788025889968,Participant3_RS_FuSl,Endomorph,Normal,slouch,1.0,0.0,0.0,-0.6885294151068238,-37.30986435492965,0.470849580096973,1
461,2.17650930420712,Participant3_RS_FuSl,Endomorph,Normal,slouch,1.0,0.0,0.0,-0.7364110663379027,-37.91164161052833,0.4741973629889141,1
462,2.181230582524272,Participant3_RS_FuSl,Endomorph,Normal,slouch,1.0,0.0,0.0,-0.693149235179271,-36.62750118959861,0.4676540388107542,1
463,2.185951860841424,Participant3_RS_FuSl,Endomorph,Normal,slouch,1.0,0.0,0.0,-0.6550224106247722,-37.304890923804095,0.4734738557043953,1
464,2.190673139158576,Participant3_RS_FuSl,Endomorph,Normal,slouch,1.0,0.0,0.0,-0.6666442485422186,-37.45782081049802,0.4751077310126461,1
465,2.195394417475728,Participant3_RS_FuSl,Endomorph,Normal,slouch,1.0,0.0,0.0,-0.6717649629460801,-37.96029203588316,0.4663036039491953,1
466,2.2001156957928805,Participant3_RS_FuSl,Endomorph,Normal,slouch,1.0,0.0,0.0,-0.6793899960626835,-37.60339894313293,0.4650719131322976,1
467,2.2048369741100324,Participant3_RS_FuSl,Endomorph,Normal,slouch,1.0,0.0,0.0,-0.6195163589523318,-37.90970068031937,0.4780874901774997,1
468,2.2095582524271844,Participant3_RS_FuSl,Endomorph,Normal,slouch,1.0,0.0,0.0,-0.6960370954796584,-37.20376237888844,0.4677947433578228,1
469,2.214279530744337,Participant3_RS_FuSl,Endomorph,Normal,slouch,1.0,0.0,0.0,-0.7174658446550795,-36.96599490701368,0.476626080639935,1
470,2.2190008090614888,Participant3_RS_FuSl,Endomorph,Normal,slouch,1.0,0.0,0.0,-0.6853538581240752,-36.90704223998876,0.4712363549293326,1
471,2.2237220873786407,Participant3_RS_FuSl,Endomorph,Normal,slouch,1.0,0.0,0.0,-0.6238094788738343,-36.08394910951877,0.4645582607271349,1
472,2.228443365695793,Participant3_RS_FuSl,Endomorph,Normal,slouch,1.0,0.0,0.0,-0.6642444065911814,-36.93570051261043,0.4715605109442648,1
473,2.233164644012945,Participant3_RS_FuSl,Endomorph,Normal,slouch,1.0,0.0,0.0,-0.6359785689866667,-37.375073040146766,0.4684641453076141,1
474,2.237885922330097,Participant3_RS_FuSl,Endomorph,Normal,slouch,1.0,0.0,0.0,-0.6474904174150178,-38.13095883841335,0.4742361733539827,1
475,2.242607200647249,Participant3_RS_FuSl,Endomorph,Normal,slouch,1.0,0.0,0.0,-0.6349331035635823,-37.23867073558141,0.469034825171276,1
476,2.247328478964401,Participant3_RS_FuSl,Endomorph,Normal,slouch,1.0,0.0,0.0,-0.6413676749478429,-36.41705822933131,0.4638736011016819,1
477,2.252049757281553,Participant3_RS_FuSl,Endomorph,Normal,slouch,1.0,0.0,0.0,-0.677931578524746,-37.79432777121205,0.4717419945983478,1
478,2.2567710355987054,Participant3_RS_FuSl,Endomorph,Normal,slouch,1.0,0.0,0.0,-0.630429920034385,-37.63445583579677,0.4720926572409458,1
479,2.261492313915858,Participant3_RS_FuSl,Endomorph,Normal,slouch,1.0,0.0,0.0,-0.6796482177299515,-35.87266192362889,0.4768301400364118,1
480,2.2662135922330098,Participant3_RS_FuSl,Endomorph,Normal,slouch,1.0,0.0,0.0,-0.6886215231983391,-36.34613774606982,0.480840335661381,1
481,2.2709348705501617,Participant3_RS_FuSl,Endomorph,Normal,slouch,1.0,0.0,0.0,-0.6772239828448077,-36.27767931042487,0.4653728739018482,1
482,2.275656148867314,Participant3_RS_FuSl,Endomorph,Normal,slouch,1.0,0.0,0.0,-0.7212622614705291,-35.393710298989355,0.4726948025560942,1
483,2.280377427184466,Participant3_RS_FuSl,Endomorph,Normal,slouch,1.0,0.0,0.0,-0.5893121851640785,-35.70603019229907,0.4686118268560991,1
484,2.285098705501618,Participant3_RS_FuSl,Endomorph,Normal,slouch,1.0,0.0,0.0,-0.6459901780388986,-36.35119835543275,0.4758913689791342,1
485,2.2898199838187705,Participant3_RS_FuSl,Endomorph,Normal,slouch,1.0,0.0,0.0,-0.6734185237282058,-36.016279682980446,0.4631436758745232,1
486,2.2945412621359225,Participant3_RS_FuSl,Endomorph,Normal,slouch,1.0,0.0,0.0,-0.63321200051748,-37.061978346663416,0.4663071358443801,1
487,2.2992625404530744,Participant3_RS_FuSl,Endomorph,Normal,slouch,1.0,0.0,0.0,-0.6469705017951821,-37.94445812792272,0.4689714050162057,1
488,2.303983818770227,Participant3_RS_FuSl,Endomorph,Normal,slouch,1.0,0.0,0.0,-0.6842818058312219,-36.484305249266335,0.4604417462546477,1
489,2.308705097087379,Participant3_RS_FuSl,Endomorph,Normal,slouch,1.0,0.0,0.0,-0.6825669509385088,-37.51344870381156,0.4668081010390775,1
490,2.3134263754045308,Participant3_RS_FuSl,Endomorph,Normal,slouch,1.0,0.0,0.0,-0.6801638625465137,-37.217074008425634,0.4590864603115283,1
491,2.3181476537216827,Participant3_RS_FuSl,Endomorph,Normal,slouch,1.0,0.0,0.0,-0.632633211830669,-38.12504739676352,0.4671763538881339,1
492,2.322868932038835,Participant3_RS_FuSl,Endomorph,Normal,slouch,1.0,0.0,0.0,-0.6125964902491043,-38.026802576264274,0.4689663582863355,1
493,2.327590210355987,Participant3_RS_FuSl,Endomorph,Normal,slouch,1.0,0.0,0.0,-0.6546891647580202,-37.34452392531002,0.4669350535721134,1
494,2.332311488673139,Participant3_RS_FuSl,Endomorph,Normal,slouch,1.0,0.0,0.0,-0.7219060667260484,-38.197520456056594,0.464390822607129,1
495,2.3370327669902915,Participant3_RS_FuSl,Endomorph,Normal,slouch,1.0,0.0,0.0,-0.6694459202401541,-37.72048580736856,0.4707899605541902,1
496,2.3417540453074435,Participant3_RS_FuSl,Endomorph,Normal,slouch,1.0,0.0,0.0,-0.6825161526385122,-38.21014003960938,0.4739321276713335,1
497,2.3464753236245954,Participant3_RS_FuSl,Endomorph,Normal,slouch,1.0,0.0,0.0,-0.6812183881454177,-37.884782870469216,0.4744815603470718,1
498,2.351196601941748,Participant3_RS_FuSl,Endomorph,Normal,slouch,1.0,0.0,0.0,-0.669645116711713,-37.11560029549445,0.4662618077443706,1
499,2.3559178802589,Participant3_RS_FuSl,Endomorph,Normal,slouch,1.0,0.0,0.0,-0.7110120654629026,-37.44359845665582,0.4715909350442716,1
500,2.360639158576052,Participant3_RS_FuSl,Endomorph,Normal,slouch,1.0,0.0,0.0,-0.6738026031419286,-37.43465277983165,0.4655704447769046,1
501,2.365360436893204,Participant3_RS_FuSl,Endomorph,Normal,slouch,1.0,0.0,0.0,-0.6842607337016642,-36.78395269194507,0.4698021742493714,1
502,2.370081715210356,Participant3_RS_FuSl,Endomorph,Normal,slouch,1.0,0.0,0.0,-0.7289639450312657,-35.96463454649509,0.4581878760932278,1
503,2.374802993527508,Participant3_RS_FuSl,Endomorph,Normal,slouch,1.0,0.0,0.0,-0.6676721753625598,-36.898478397621055,0.4707265153653217,1
504,2.37952427184466,Participant3_RS_FuSl,Endomorph,Normal,slouch,1.0,0.0,0.0,-0.746742167053009,-35.90898727018487,0.4605764167936874,1
505,2.3842455501618125,Participant3_RS_FuSl,Endomorph,Normal,slouch,1.0,0.0,0.0,-0.7726060821173495,-36.07413761057534,0.4598331908908907,1
506,2.3889668284789645,Participant3_RS_FuSl,Endomorph,Normal,slouch,1.0,0.0,0.0,-0.7980080382809258,-36.75788469055187,0.4582725192414707,1
507,2.3936881067961164,Participant3_RS_FuSl,Endomorph,Normal,slouch,1.0,0.0,0.0,-0.7266832719324181,-36.67471756849426,0.4609159586345716,1
508,2.398409385113269,Participant3_RS_FuSl,Endomorph,Normal,slouch,1.0,0.0,0.0,-0.8002415110216134,-37.12804019696088,0.4584290671554804,1
509,2.403130663430421,Participant3_RS_FuSl,Endomorph,Normal,slouch,1.0,0.0,0.0,-0.7675582114532238,-36.36314873373005,0.4499563671633899,1
510,2.4078519417475728,Participant3_RS_FuSl,Endomorph,Normal,slouch,1.0,0.0,0.0,-0.7811013745014959,-36.189373537299545,0.4667198870915529,1
511,2.412573220064725,Participant3_RS_FuSl,Endomorph,Normal,slouch,1.0,0.0,0.0,-0.7739396884600946,-36.45882027452444,0.470113683066406,1
512,2.417294498381877,Participant3_RS_FuSl,Endomorph,Normal,slouch,1.0,0.0,0.0,-0.7229127685573864,-37.27469654839019,0.4653431768264155,1
513,2.422015776699029,Participant3_RS_FuSl,Endomorph,Normal,slouch,1.0,0.0,0.0,-0.769190449324781,-37.0056369684523,0.4681463350066825,1
514,2.426737055016181,Participant3_RS_FuSl,Endomorph,Normal,slouch,1.0,0.0,0.0,-0.676360735968839,-36.90289570673431,0.4574648030576789,1
515,2.431458333333333,Participant3_RS_FuSl,Endomorph,Normal,slouch,1.0,0.0,0.0,-0.6979004940934541,-36.9355369097652,0.4632797603096117,1
516,2.436179611650485,Participant3_RS_FuSl,Endomorph,Normal,slouch,1.0,0.0,0.0,-0.7665585445102521,-36.22404989810523,0.4667095391325458,1
517,2.440900889967637,Participant3_RS_FuSl,Endomorph,Normal,slouch,1.0,0.0,0.0,-0.6903805935250114,-37.85574883004613,0.4706299879947474,1
518,2.44562216828479,Participant3_RS_FuSl,Endomorph,Normal,slouch,1.0,0.0,0.0,-0.7179647878610156,-35.77939975338688,0.4621659070319459,1
519,2.450343446601942,Participant3_RS_FuSl,Endomorph,Normal,slouch,1.0,0.0,0.0,-0.673643263709492,-37.90657043451279,0.4603909603448159,1
520,2.4550647249190938,Participant3_RS_FuSl,Endomorph,Normal,slouch,1.0,0.0,0.0,-0.6805701594159408,-37.647388310933366,0.4603430723947492,1
521,2.459786003236246,Participant3_RS_FuSl,Endomorph,Normal,slouch,1.0,0.0,0.0,-0.623721196457781,-36.46219543243387,0.4598466067615334,1
522,2.464507281553398,Participant3_RS_FuSl,Endomorph,Normal,slouch,1.0,0.0,0.0,-0.7038475409649103,-36.02726976331822,0.4540058872738324,1
523,2.46922855987055,Participant3_RS_FuSl,Endomorph,Normal,slouch,1.0,0.0,0.0,-0.6552491256278752,-37.88025686816775,0.4600579627908536,1
524,2.4739498381877025,Participant3_RS_FuSl,Endomorph,Normal,slouch,1.0,0.0,0.0,-0.6702568376349991,-36.67687369815599,0.4618874250230398,1
525,2.4786711165048545,Participant3_RS_FuSl,Endomorph,Normal,slouch,1.0,0.0,0.0,-0.7045501437746711,-37.06441106539748,0.4604966852560622,1
526,2.4833923948220065,Participant3_RS_FuSl,Endomorph,Normal,slouch,1.0,0.0,0.0,-0.6532966551441173,-37.974406241052186,0.4750807542008078,1
527,2.488113673139159,Participant3_RS_FuSl,Endomorph,Normal,slouch,1.0,0.0,0.0,-0.6208555320042735,-37.16091440201963,0.4657870376588707,1
528,2.492834951456311,Participant3_RS_FuSl,Endomorph,Normal,slouch,1.0,0.0,0.0,-0.6554446148639337,-36.31819828855844,0.4713882770532311,1
529,2.497556229773463,Participant3_RS_FuSl,Endomorph,Normal,slouch,1.0,0.0,0.0,-0.661656445129617,-37.156492384803705,0.4825114280965469,1
530,2.5022775080906148,Participant3_RS_FuSl,Endomorph,Normal,slouch,1.0,0.0,0.0,-0.7325346997434994,-38.02284615191631,0.4800107162708066,1
531,2.506998786407767,Participant3_RS_FuSl,Endomorph,Normal,slouch,1.0,0.0,0.0,-0.7041372859049873,-37.84614138319543,0.4758814704752635,1
532,2.511720064724919,Participant3_RS_FuSl,Endomorph,Normal,slouch,1.0,0.0,0.0,-0.5970502325429152,-37.09725351968922,0.4695901921375127,1
533,2.516441343042071,Participant3_RS_FuSl,Endomorph,Normal,slouch,1.0,0.0,0.0,-0.6308947937560674,-38.43339409725381,0.4877657809282589,1
534,2.5211626213592235,Participant3_RS_FuSl,Endomorph,Normal,slouch,1.0,0.0,0.0,-0.6709577043609016,-38.77296485261656,0.4877140423510621,1
535,2.5258838996763755,Participant3_RS_FuSl,Endomorph,Normal,slouch,1.0,0.0,0.0,-0.6187143726549589,-37.28222016754165,0.4774181280992788,1
536,2.5306051779935275,Participant3_RS_FuSl,Endomorph,Normal,slouch,1.0,0.0,0.0,-0.6605708841508813,-38.084618301553945,0.4803407417163461,1
537,2.53532645631068,Participant3_RS_FuSl,Endomorph,Normal,slouch,1.0,0.0,0.0,-0.7449594705799674,-37.13790733746306,0.4728030665634547,1
538,2.540047734627832,Participant3_RS_FuSl,Endomorph,Normal,slouch,1.0,0.0,0.0,-0.634826621271954,-38.23547066661597,0.4825017494271211,1
539,2.544769012944984,Participant3_RS_FuSl,Endomorph,Normal,slouch,1.0,0.0,0.0,-0.6425645630478998,-37.82056114034208,0.4824475981058682,1
540,2.549490291262136,Participant3_RS_FuSl,Endomorph,Normal,slouch,1.0,0.0,0.0,-0.6556254133990225,-38.375716769751385,0.4837548638926415,1
541,2.554211569579288,Participant3_RS_FuSl,Endomorph,Normal,slouch,1.0,0.0,0.0,-0.7421747498155202,-37.41407828958927,0.4714325751679803,1
542,2.55893284789644,Participant3_RS_FuSl,Endomorph,Normal,slouch,1.0,0.0,0.0,-0.6154562136268127,-38.53367008444957,0.4844540578972691,1
543,2.563654126213592,Participant3_RS_FuSl,Endomorph,Normal,slouch,1.0,0.0,0.0,-0.6336318501387244,-38.55053021804508,0.4828770559607227,1
544,2.5683754045307445,Participant3_RS_FuSl,Endomorph,Normal,slouch,1.0,0.0,0.0,-0.6264407851793685,-39.37470417408617,0.4811247511771033,1
545,2.5730966828478965,Participant3_RS_FuSl,Endomorph,Normal,slouch,1.0,0.0,0.0,-0.6144380835706655,-37.44603344329233,0.4728624207565274,1
546,2.5778179611650485,Participant3_RS_FuSl,Endomorph,Normal,slouch,1.0,0.0,0.0,-0.6703267428641129,-37.70309390043998,0.4684684326124106,1
547,2.582539239482201,Participant3_RS_FuSl,Endomorph,Normal,slouch,1.0,0.0,0.0,-0.6354715530548412,-37.92804427154552,0.4642784737561912,1
548,2.587260517799353,Participant3_RS_FuSl,Endomorph,Normal,slouch,1.0,0.0,0.0,-0.6459248469238434,-37.77088711126792,0.4625401512410652,1
549,2.591981796116505,Participant3_RS_FuSl,Endomorph,Normal,slouch,1.0,0.0,0.0,-0.6941905783085407,-37.98644523898625,0.4650379592975834,1
550,2.596703074433657,Participant3_RS_FuSl,Endomorph,Normal,slouch,1.0,0.0,0.0,-0.6995695735250942,-38.20513719843185,0.4653538370300649,1
551,2.601424352750809,Participant3_RS_FuSl,Endomorph,Normal,slouch,1.0,0.0,0.0,-0.6706278529210628,-37.62581007364447,0.4629424022689461,1
552,2.606145631067961,Participant3_RS_FuSl,Endomorph,Normal,slouch,1.0,0.0,0.0,-0.6310330381736851,-37.24658889980744,0.465149736827977,1
553,2.6108669093851136,Participant3_RS_FuSl,Endomorph,Normal,slouch,1.0,0.0,0.0,-0.6183073680085858,-38.731599886761806,0.470042423251531,1
554,2.615588187702265,Participant3_RS_FuSl,Endomorph,Normal,slouch,1.0,0.0,0.0,-0.6187354519120751,-38.12071777022135,0.4666670335053925,1
555,2.620309466019417,Participant3_RS_FuSl,Endomorph,Normal,slouch,1.0,0.0,0.0,-0.6335302321548073,-38.11199547625403,0.4688218074205224,1
556,2.62503074433657,Participant3_RS_FuSl,Endomorph,Normal,slouch,1.0,0.0,0.0,-0.6201113286663125,-37.92421344699146,0.4660142833198256,1
557,2.629752022653722,Participant3_RS_FuSl,Endomorph,Normal,slouch,1.0,0.0,0.0,-0.6160348364432957,-38.19491192560593,0.4569027772574279,1
558,2.634473300970874,Participant3_RS_FuSl,Endomorph,Normal,slouch,1.0,0.0,0.0,-0.672516264902705,-37.8387699772746,0.4614506134641578,1
559,2.639194579288026,Participant3_RS_FuSl,Endomorph,Normal,slouch,1.0,0.0,0.0,-0.6485229701067581,-37.98484241136003,0.4614883055229278,1
560,2.643915857605178,Participant3_RS_FuSl,Endomorph,Normal,slouch,1.0,0.0,0.0,-0.6751703263041668,-39.0798507599573,0.4591898600846098,1
561,2.64863713592233,Participant3_RS_FuSl,Endomorph,Normal,slouch,1.0,0.0,0.0,-0.6682885719379617,-38.677648500927184,0.4646330447044987,1
562,2.653358414239482,Participant3_RS_FuSl,Endomorph,Normal,slouch,1.0,0.0,0.0,-0.6996924695673332,-37.79947717844405,0.4596380584387889,1
563,2.6580796925566346,Participant3_RS_FuSl,Endomorph,Normal,slouch,1.0,0.0,0.0,-0.6344955062303479,-37.49544051020044,0.4665021904543484,1
564,2.6628009708737865,Participant3_RS_FuSl,Endomorph,Normal,slouch,1.0,0.0,0.0,-0.7085499949646075,-37.94037278975191,0.4701617103368096,1
565,2.6675222491909385,Participant3_RS_FuSl,Endomorph,Normal,slouch,1.0,0.0,0.0,-0.7053204389916661,-37.37168251229473,0.4697262427290569,1
566,2.672243527508091,Participant3_RS_FuSl,Endomorph,Normal,slouch,1.0,0.0,0.0,-0.6883133210424259,-38.16382600463193,0.4735542898153924,1
567,2.676964805825243,Participant3_RS_FuSl,Endomorph,Normal,slouch,1.0,0.0,0.0,-0.7165735854598818,-38.59928386742708,0.4718429865095839,1
568,2.681686084142395,Participant3_RS_FuSl,Endomorph,Normal,slouch,1.0,0.0,0.0,-0.6506127534122945,-38.31883577818856,0.4654009001578585,1
569,2.6864073624595477,Participant3_RS_FuSl,Endomorph,Normal,slouch,1.0,0.0,0.0,-0.6469839586599415,-37.85359206467693,0.4665499120336538,1
570,2.691128640776699,Participant3_RS_FuSl,Endomorph,Normal,slouch,1.0,0.0,0.0,-0.6834634226501881,-37.88366874032764,0.4705488472285326,1
571,2.695849919093851,Participant3_RS_FuSl,Endomorph,Normal,slouch,1.0,0.0,0.0,-0.6829095863988786,-38.669982233278326,0.4734286594924366,1
572,2.700571197411003,Participant3_RS_FuSl,Endomorph,Normal,slouch,1.0,0.0,0.0,-0.6670379483810143,-37.93580805047456,0.4668587168748356,1
573,2.705292475728156,Participant3_RS_FuSl,Endomorph,Normal,slouch,1.0,0.0,0.0,-0.6726593260500946,-37.434729017316286,0.4698453185816575,1
574,2.7100137540453075,Participant3_RS_FuSl,Endomorph,Normal,slouch,1.0,0.0,0.0,-0.6600883732364389,-38.50977237395328,0.4718505766007238,1
575,2.7147350323624595,Participant3_RS_FuSl,Endomorph,Normal,slouch,1.0,0.0,0.0,-0.7077977213451796,-38.22456143291538,0.465020054169138,1
576,2.719456310679612,Participant3_RS_FuSl,Endomorph,Normal,slouch,1.0,0.0,0.0,-0.722331585514371,-38.17391827025049,0.4675685009195464,1
577,2.724177588996764,Participant3_RS_FuSl,Endomorph,Normal,slouch,1.0,0.0,0.0,-0.6751599920443734,-38.20458549775272,0.4638793748677561,1
578,2.728898867313916,Participant3_RS_FuSl,Endomorph,Normal,slouch,1.0,0.0,0.0,-0.6821858520314683,-37.43471390268984,0.4637767088740403,1
579,2.7336201456310683,Participant3_RS_FuSl,Endomorph,Normal,slouch,1.0,0.0,0.0,-0.5816702994037459,-36.99428894623848,0.4703396855463976,1
580,2.73834142394822,Participant3_RS_FuSl,Endomorph,Normal,slouch,1.0,0.0,0.0,-0.6925757247938593,-37.35223349629313,0.4667891100568201,1
581,2.743062702265372,Participant3_RS_FuSl,Endomorph,Normal,slouch,1.0,0.0,0.0,-0.7069579825903112,-37.638013451167616,0.4629016617637133,1
582,2.7477839805825246,Participant3_RS_FuSl,Endomorph,Normal,slouch,1.0,0.0,0.0,-0.668878977963721,-37.82714217175097,0.4648147293896687,1
583,2.752505258899677,Participant3_RS_FuSl,Endomorph,Normal,slouch,1.0,0.0,0.0,-0.7816481493699377,-37.25644565965506,0.456385213287474,1
584,2.7572265372168285,Participant3_RS_FuSl,Endomorph,Normal,slouch,1.0,0.0,0.0,-0.7044757969138511,-36.81898049543319,0.4567088317092445,1
585,2.7619478155339805,Participant3_RS_FuSl,Endomorph,Normal,slouch,1.0,0.0,0.0,-0.6633067647389679,-37.95764352503897,0.4693041549767486,1
586,2.766669093851133,Participant3_RS_FuSl,Endomorph,Normal,slouch,1.0,0.0,0.0,-0.6624173998172511,-39.157830656776085,0.4606792721910999,1
587,2.771390372168285,Participant3_RS_FuSl,Endomorph,Normal,slouch,1.0,0.0,0.0,-0.7488535230064381,-38.238815479742826,0.4628029566313694,1
588,2.776111650485437,Participant3_RS_FuSl,Endomorph,Normal,slouch,1.0,0.0,0.0,-0.7510480244442121,-37.64059169286314,0.469629826907158,1
589,2.7808329288025893,Participant3_RS_FuSl,Endomorph,Normal,slouch,1.0,0.0,0.0,-0.7327624791292027,-38.21491124385657,0.4708234473603513,1
590,2.785554207119741,Participant3_RS_FuSl,Endomorph,Normal,slouch,1.0,0.0,0.0,-0.7261999900565244,-37.89525589657729,0.4693410390511371,1
591,2.790275485436893,Participant3_RS_FuSl,Endomorph,Normal,slouch,1.0,0.0,0.0,-0.6999045048040389,-38.67686649519859,0.47043030683005,1
592,2.7949967637540456,Participant3_RS_FuSl,Endomorph,Normal,slouch,1.0,0.0,0.0,-0.7089682873417487,-37.91837757625358,0.4720419933458314,1
593,2.7997180420711976,Participant3_RS_FuSl,Endomorph,Normal,slouch,1.0,0.0,0.0,-0.7460255767312958,-38.148826236574365,0.4632205774444508,1
594,2.804439320388349,Participant3_RS_FuSl,Endomorph,Normal,slouch,1.0,0.0,0.0,-0.6895139341838983,-38.46915608014992,0.4681810168225698,1
595,2.809160598705502,Participant3_RS_FuSl,Endomorph,Normal,slouch,1.0,0.0,0.0,-0.6970468625923478,-37.955666023819504,0.4696183135063755,1
596,2.813881877022654,Participant3_RS_FuSl,Endomorph,Normal,slouch,1.0,0.0,0.0,-0.6917926039869289,-38.36028598874312,0.467980851105397,1
597,2.818603155339806,Participant3_RS_FuSl,Endomorph,Normal,slouch,1.0,0.0,0.0,-0.6675761153128832,-37.76825577920589,0.4715822690218164,1
598,2.823324433656958,Participant3_RS_FuSl,Endomorph,Normal,slouch,1.0,0.0,0.0,-0.6844961418100317,-38.80425021337376,0.4601436201811676,1
599,2.8280457119741103,Participant3_RS_FuSl,Endomorph,Normal,slouch,1.0,0.0,0.0,-0.6120737618852746,-38.87574678191671,0.4786133242399641,1
600,2.832766990291262,Participant3_RS_FuSl,Endomorph,Normal,slouch,1.0,0.0,0.0,-0.6779942590847412,-38.85831894785926,0.4733681787888481,1
601,2.837488268608414,Participant3_RS_FuSl,Endomorph,Normal,slouch,1.0,0.0,0.0,-0.67987290823674,-38.62768750787741,0.4633085472348082,1
602,2.8422095469255666,Participant3_RS_FuSl,Endomorph,Normal,slouch,1.0,0.0,0.0,-0.7074079078153244,-38.596148644693294,0.4741853369041304,1
603,2.8469308252427186,Participant3_RS_FuSl,Endomorph,Normal,slouch,1.0,0.0,0.0,-0.6882920784707858,-39.18958927867498,0.4749256272867089,1
604,2.8516521035598705,Participant3_RS_FuSl,Endomorph,Normal,slouch,1.0,0.0,0.0,-0.7704175188248932,-37.924643437012286,0.4655180221144632,1
605,2.856373381877023,Participant3_RS_FuSl,Endomorph,Normal,slouch,1.0,0.0,0.0,-0.6682526074385307,-38.47021087442148,0.4675197480816049,1
606,2.861094660194175,Participant3_RS_FuSl,Endomorph,Normal,slouch,1.0,0.0,0.0,-0.6188768925692003,-39.152139141230975,0.4682526835648109,1
607,2.865815938511327,Participant3_RS_FuSl,Endomorph,Normal,slouch,1.0,0.0,0.0,-0.646802211780392,-39.52075672647484,0.4820812558772358,1
608,2.8705372168284797,Participant3_RS_FuSl,Endomorph,Normal,slouch,1.0,0.0,0.0,-0.6547669917276896,-38.32531059181344,0.4687223386275689,1
609,2.8752584951456317,Participant3_RS_FuSl,Endomorph,Normal,slouch,1.0,0.0,0.0,-0.6711913334324149,-39.45985427156358,0.4752121537859021,1
610,2.879979773462783,Participant3_RS_FuSl,Endomorph,Normal,slouch,1.0,0.0,0.0,-0.6769807336255786,-38.0175637344946,0.4712051725010021,1
611,2.884701051779935,Participant3_RS_FuSl,Endomorph,Normal,slouch,1.0,0.0,0.0,-0.6585661684127171,-38.704980150305225,0.4713965111951437,1
612,2.889422330097088,Participant3_RS_FuSl,Endomorph,Normal,slouch,1.0,0.0,0.0,-0.6782851928791609,-37.7531308594951,0.4681889409286565,1
613,2.89414360841424,Participant3_RS_FuSl,Endomorph,Normal,slouch,1.0,0.0,0.0,-0.6353022330599349,-38.01761575278503,0.467869377401432,1
614,2.8988648867313915,Participant3_RS_FuSl,Endomorph,Normal,slouch,1.0,0.0,0.0,-0.6749250341273718,-38.314459464994,0.4675191758172301,1
615,2.903586165048544,Participant3_RS_FuSl,Endomorph,Normal,slouch,1.0,0.0,0.0,-0.6489360382908533,-38.79861018928716,0.4707113052279322,1
616,2.908307443365696,Participant3_RS_FuSl,Endomorph,Normal,slouch,1.0,0.0,0.0,-0.7005899603139845,-37.90413684854276,0.4621218318033507,1
617,2.913028721682848,Participant3_RS_FuSl,Endomorph,Normal,slouch,1.0,0.0,0.0,-0.6134111881855475,-38.94614753983603,0.4642116496312725,1
618,2.9177500000000003,Participant3_RS_FuSl,Endomorph,Normal,slouch,1.0,0.0,0.0,-0.7317891814095543,-38.75973008476069,0.47398945343154,1
619,2.9224712783171523,Participant3_RS_FuSl,Endomorph,Normal,slouch,1.0,0.0,0.0,-0.6923256027385833,-37.36922728816935,0.4651740881189161,1
620,2.927192556634304,Participant3_RS_FuSl,Endomorph,Normal,slouch,1.0,0.0,0.0,-0.6949352747978914,-38.14439563334973,0.4672885680984591,1
621,2.9319138349514566,Participant3_RS_FuSl,Endomorph,Normal,slouch,1.0,0.0,0.0,-0.7219741268090119,-37.10253528903858,0.4667491116890767,1
622,2.9366351132686086,Participant3_RS_FuSl,Endomorph,Normal,slouch,1.0,0.0,0.0,-0.6906443039405861,-37.17504535242954,0.4666321194546133,1
623,2.941356391585761,Participant3_RS_FuSl,Endomorph,Normal,slouch,1.0,0.0,0.0,-0.6686122783810275,-37.570795728995535,0.4663444025036464,1
624,2.9460776699029125,Participant3_RS_FuSl,Endomorph,Normal,slouch,1.0,0.0,0.0,-0.6371324826659,-38.690782298782025,0.470724176897486,1
625,2.950798948220065,Participant3_RS_FuSl,Endomorph,Normal,slouch,1.0,0.0,0.0,-0.6150395999701803,-38.61805191437527,0.4689054637772006,1
626,2.955520226537217,Participant3_RS_FuSl,Endomorph,Normal,slouch,1.0,0.0,0.0,-0.6116530664514916,-37.99318329671136,0.4699106419908927,1
627,2.960241504854369,Participant3_RS_FuSl,Endomorph,Normal,slouch,1.0,0.0,0.0,-0.6624198737053313,-37.9987995788596,0.4651896584782776,1
628,2.9649627831715213,Participant3_RS_FuSl,Endomorph,Normal,slouch,1.0,0.0,0.0,-0.6658148989350257,-37.841715363513394,0.4854389480879593,1
629,2.9696840614886733,Participant3_RS_FuSl,Endomorph,Normal,slouch,1.0,0.0,0.0,-0.688065694746171,-37.26474929367936,0.4711964821316185,1
630,2.974405339805825,Participant3_RS_FuSl,Endomorph,Normal,slouch,1.0,0.0,0.0,-0.6316897314559016,-38.712073662298856,0.4777160291771373,1
631,2.9791266181229776,Participant3_RS_FuSl,Endomorph,Normal,slouch,1.0,0.0,0.0,-0.6541535787115551,-38.05742661911373,0.4760823979603445,1
632,2.9838478964401296,Participant3_RS_FuSl,Endomorph,Normal,slouch,1.0,0.0,0.0,-0.6334490908383827,-37.43286881831004,0.4782075441035224,1
633,2.9885691747572816,Participant3_RS_FuSl,Endomorph,Normal,slouch,1.0,0.0,0.0,-0.6850967909245702,-36.97734458192316,0.4747644680910062,1
634,2.993290453074434,Participant3_RS_FuSl,Endomorph,Normal,slouch,1.0,0.0,0.0,-0.7148035509085751,-37.90177818975306,0.4786704134268371,1
635,2.998011731391586,Participant3_RS_FuSl,Endomorph,Normal,slouch,1.0,0.0,0.0,-0.6561363114260375,-38.06490914913917,0.4654098753394162,1
636,3.002733009708738,Participant3_RS_FuSl,Endomorph,Normal,slouch,1.0,0.0,0.0,-0.6233396675517839,-36.80128647525705,0.4701391267007537,1
637,3.00745428802589,Participant3_RS_FuSl,Endomorph,Normal,slouch,1.0,0.0,0.0,-0.6789161648105164,-37.35241487675047,0.4707601382624986,1
638,3.0121755663430423,Participant3_RS_FuSl,Endomorph,Normal,slouch,1.0,0.0,0.0,-0.6661845232394468,-37.56049111979039,0.4736943715460173,1
639,3.0168968446601943,Participant3_RS_FuSl,Endomorph,Normal,slouch,1.0,0.0,0.0,-0.6891087397539992,-36.7416724756095,0.4705067289941012,1
640,3.021618122977346,Participant3_RS_FuSl,Endomorph,Normal,slouch,1.0,0.0,0.0,-0.7290130040804423,-38.08164907539829,0.4687716997494952,1
641,3.026339401294498,Participant3_RS_FuSl,Endomorph,Normal,slouch,1.0,0.0,0.0,-0.721879115296165,-38.221265502364325,0.4746512371113967,1
642,3.0310606796116506,Participant3_RS_FuSl,Endomorph,Normal,slouch,1.0,0.0,0.0,-0.6896744008291007,-38.34373584311006,0.4680773985994735,1
643,3.0357819579288026,Participant3_RS_FuSl,Endomorph,Normal,slouch,1.0,0.0,0.0,-0.7205038285422098,-37.805631537239016,0.4655338980080398,1
644,3.040503236245955,Participant3_RS_FuSl,Endomorph,Normal,slouch,1.0,0.0,0.0,-0.6787368358841124,-37.19221369859199,0.4703270152135612,1
645,3.045224514563107,Participant3_RS_FuSl,Endomorph,Normal,slouch,1.0,0.0,0.0,-0.6667068532406153,-38.31905220350616,0.4621135213381583,1
646,3.049945792880259,Participant3_RS_FuSl,Endomorph,Normal,slouch,1.0,0.0,0.0,-0.6062245048830519,-38.12386536344746,0.4746308583005354,1
647,3.0546670711974118,Participant3_RS_FuSl,Endomorph,Normal,slouch,1.0,0.0,0.0,-0.6111736679217263,-37.08592292880602,0.4718108787395385,1
648,3.0593883495145637,Participant3_RS_FuSl,Endomorph,Normal,slouch,1.0,0.0,0.0,-0.6028175306167778,-37.93574574329242,0.4723773359278926,1
649,3.0641096278317157,Participant3_RS_FuSl,Endomorph,Normal,slouch,1.0,0.0,0.0,-0.6534362798850486,-37.71998446831876,0.4646877075357891,1
650,3.068830906148867,Participant3_RS_FuSl,Endomorph,Normal,slouch,1.0,0.0,0.0,-0.6340417179372062,-37.46800519874445,0.4672233284029057,1
651,3.07355218446602,Participant3_RS_FuSl,Endomorph,Normal,slouch,1.0,0.0,0.0,-0.6019905269569832,-36.94617163120555,0.470636556530836,1
652,3.078273462783172,Participant3_RS_FuSl,Endomorph,Normal,slouch,1.0,0.0,0.0,-0.5891900652671846,-36.3772964706727,0.4690428706496073,1
653,3.082994741100324,Participant3_RS_FuSl,Endomorph,Normal,slouch,1.0,0.0,0.0,-0.5969395975390572,-37.14943875368808,0.471097299100413,1
654,3.087716019417476,Participant3_RS_FuSl,Endomorph,Normal,slouch,1.0,0.0,0.0,-0.6762967759458618,-37.76258213385621,0.4715192141205205,1
655,3.092437297734628,Participant3_RS_FuSl,Endomorph,Normal,slouch,1.0,0.0,0.0,-0.587934818593801,-37.64448885349522,0.4757515651334651,1
656,3.09715857605178,Participant3_RS_FuSl,Endomorph,Normal,slouch,1.0,0.0,0.0,-0.6930584146422101,-37.82219949118416,0.4687506240895899,1
657,3.1018798543689323,Participant3_RS_FuSl,Endomorph,Normal,slouch,1.0,0.0,0.0,-0.6502676749038294,-37.42183167604931,0.4712992680912315,1
658,3.1066011326860843,Participant3_RS_FuSl,Endomorph,Normal,slouch,1.0,0.0,0.0,-0.6406359566646778,-37.706469523729645,0.4662939522384929,1
659,3.1113224110032363,Participant3_RS_FuSl,Endomorph,Normal,slouch,1.0,0.0,0.0,-0.712816188407368,-38.0871991112296,0.4639047550087951,1
660,3.1160436893203887,Participant3_RS_FuSl,Endomorph,Normal,slouch,1.0,0.0,0.0,-0.6602247288288361,-38.01266179466028,0.4663736578331713,1
661,3.1207649676375406,Participant3_RS_FuSl,Endomorph,Normal,slouch,1.0,0.0,0.0,-0.6478054332347278,-37.91769865516857,0.4628423382410461,1
662,3.1254862459546926,Participant3_RS_FuSl,Endomorph,Normal,slouch,1.0,0.0,0.0,-0.6434913024117648,-38.06117945120926,0.4689187977867352,1
663,3.130207524271845,Participant3_RS_FuSl,Endomorph,Normal,slouch,1.0,0.0,0.0,-0.7077179663960895,-37.31953943497099,0.465563210807062,1
664,3.134928802588997,Participant3_RS_FuSl,Endomorph,Normal,slouch,1.0,0.0,0.0,-0.7097665657611723,-37.33022179188131,0.4648345973799894,1
665,3.139650080906149,Participant3_RS_FuSl,Endomorph,Normal,slouch,1.0,0.0,0.0,-0.7020517518475826,-37.43351481205572,0.4589173093382931,1
666,3.144371359223301,Participant3_RS_FuSl,Endomorph,Normal,slouch,1.0,0.0,0.0,-0.6879070740381759,-38.222391085373374,0.4783147933907147,1
667,3.1490926375404533,Participant3_RS_FuSl,Endomorph,Normal,slouch,1.0,0.0,0.0,-0.6389366837087367,-37.20891929054099,0.4692138794115383,1
668,3.1538139158576053,Participant3_RS_FuSl,Endomorph,Normal,slouch,1.0,0.0,0.0,-0.689854700754694,-37.72265994298824,0.4674341240256356,1
669,3.1585351941747573,Participant3_RS_FuSl,Endomorph,Normal,slouch,1.0,0.0,0.0,-0.6693704656562174,-37.22664393379727,0.464025596688658,1
670,3.1632564724919097,Participant3_RS_FuSl,Endomorph,Normal,slouch,1.0,0.0,0.0,-0.7103626540784607,-38.045650518568856,0.4622360239018178,1
671,3.1679777508090616,Participant3_RS_FuSl,Endomorph,Normal,slouch,1.0,0.0,0.0,-0.6827508397158031,-37.82834024620428,0.4668710706857858,1
672,3.1726990291262136,Participant3_RS_FuSl,Endomorph,Normal,slouch,1.0,0.0,0.0,-0.623904236744744,-38.81948576739226,0.471580995821152,1
673,3.177420307443366,Participant3_RS_FuSl,Endomorph,Normal,slouch,1.0,0.0,0.0,-0.7019114048265311,-38.425843033471736,0.4613356918560789,1
674,3.182141585760518,Participant3_RS_FuSl,Endomorph,Normal,slouch,1.0,0.0,0.0,-0.6677783632767719,-38.82658551887262,0.4609131295329042,1
675,3.18686286407767,Participant3_RS_FuSl,Endomorph,Normal,slouch,1.0,0.0,0.0,-0.5944350341690705,-38.1376654814121,0.4602651233362594,1
676,3.1915841423948224,Participant3_RS_FuSl,Endomorph,Normal,slouch,1.0,0.0,0.0,-0.6373602587725993,-38.25292942188457,0.4680411680916913,1
677,3.1963054207119743,Participant3_RS_FuSl,Endomorph,Normal,slouch,1.0,0.0,0.0,-0.6881921987250041,-38.59257897325368,0.4718385786607265,1
678,3.2010266990291263,Participant3_RS_FuSl,Endomorph,Normal,slouch,1.0,0.0,0.0,-0.644661850119967,-38.48955889566633,0.4806106593417572,1
679,3.2057479773462783,Participant3_RS_FuSl,Endomorph,Normal,slouch,1.0,0.0,0.0,-0.6866247111008597,-39.19349571836908,0.4666236479850565,1
680,3.2104692556634307,Participant3_RS_FuSl,Endomorph,Normal,slouch,1.0,0.0,0.0,-0.6877168100729185,-39.40890392110149,0.4708188493075562,1
681,3.215190533980582,Participant3_RS_FuSl,Endomorph,Normal,slouch,1.0,0.0,0.0,-0.652888380580605,-39.27166392601799,0.4771587691724727,1
682,3.2199118122977346,Participant3_RS_FuSl,Endomorph,Normal,slouch,1.0,0.0,0.0,-0.7333485064709844,-39.20041075584799,0.4615397230358913,1
683,3.224633090614887,Participant3_RS_FuSl,Endomorph,Normal,slouch,1.0,0.0,0.0,-0.6900204797149823,-38.68781287920386,0.4765926947090211,1
684,3.229354368932039,Participant3_RS_FuSl,Endomorph,Normal,slouch,1.0,0.0,0.0,-0.663862544709499,-39.84506057014246,0.4731932845104474,1
685,3.234075647249191,Participant3_RS_FuSl,Endomorph,Normal,slouch,1.0,0.0,0.0,-0.6747924665510394,-39.49005894964693,0.4738840891275399,1
686,3.238796925566344,Participant3_RS_FuSl,Endomorph,Normal,slouch,1.0,0.0,0.0,-0.6649143527920247,-39.81199306794072,0.4749921427811025,1
687,3.2435182038834958,Participant3_RS_FuSl,Endomorph,Normal,slouch,1.0,0.0,0.0,-0.6582336392447514,-39.47376650474023,0.4616799771680732,1
688,3.2482394822006477,Participant3_RS_FuSl,Endomorph,Normal,slouch,1.0,0.0,0.0,-0.6823814797208267,-39.68606652657533,0.4674773253382437,1
689,3.2529607605178,Participant3_RS_FuSl,Endomorph,Normal,slouch,1.0,0.0,0.0,-0.6594559655403621,-39.46937985577533,0.4654954084662576,1
690,3.257682038834952,Participant3_RS_FuSl,Endomorph,Normal,slouch,1.0,0.0,0.0,-0.6741534468857981,-39.64604181656533,0.4643167288903712,1
691,3.262403317152104,Participant3_RS_FuSl,Endomorph,Normal,slouch,1.0,0.0,0.0,-0.7359276851563981,-39.37527409512325,0.4688074271105175,1
692,3.267124595469256,Participant3_RS_FuSl,Endomorph,Normal,slouch,1.0,0.0,0.0,-0.6737518606039852,-39.50124993492042,0.466065987871123,1
693,3.271845873786408,Participant3_RS_FuSl,Endomorph,Normal,slouch,1.0,0.0,0.0,-0.6353449822275988,-39.34541761451938,0.4673146829147024,1
694,3.27656715210356,Participant3_RS_FuSl,Endomorph,Normal,slouch,1.0,0.0,0.0,-0.6294408296924447,-38.78580694585927,0.4719256379075734,1
695,3.281288430420712,Participant3_RS_FuSl,Endomorph,Normal,slouch,1.0,0.0,0.0,-0.6791242675898344,-39.85207028386939,0.4682964966116208,1
696,3.2860097087378644,Participant3_RS_FuSl,Endomorph,Normal,slouch,1.0,0.0,0.0,-0.6550324618045253,-39.83743288002289,0.4672794835961431,1
697,3.2907309870550163,Participant3_RS_FuSl,Endomorph,Normal,slouch,1.0,0.0,0.0,-0.6708789085852149,-39.20429047091299,0.4565303254370725,1
698,3.2954522653721683,Participant3_RS_FuSl,Endomorph,Normal,slouch,1.0,0.0,0.0,-0.6621950507929133,-38.947015796880585,0.4620998002009986,1
699,3.3001735436893207,Participant3_RS_FuSl,Endomorph,Normal,slouch,1.0,0.0,0.0,-0.6382472380823434,-39.36280335223903,0.4680496655707281,1
700,3.3048948220064727,Participant3_RS_FuSl,Endomorph,Normal,slouch,1.0,0.0,0.0,-0.6096324014073742,-38.91865569841777,0.4649639371162977,1
701,3.3096161003236246,Participant3_RS_FuSl,Endomorph,Normal,slouch,1.0,0.0,0.0,-0.6352091180333477,-38.674316107245005,0.4675415104911852,1
702,3.314337378640777,Participant3_RS_FuSl,Endomorph,Normal,slouch,1.0,0.0,0.0,-0.6295876622812215,-39.187164692979785,0.47604466188839,1
703,3.319058656957929,Participant3_RS_FuSl,Endomorph,Normal,slouch,1.0,0.0,0.0,-0.648710012645487,-38.25004132430108,0.4743626654490556,1
704,3.323779935275081,Participant3_RS_FuSl,Endomorph,Normal,slouch,1.0,0.0,0.0,-0.6118147515978976,-37.9936005727029,0.4658100481126652,1
705,3.328501213592233,Participant3_RS_FuSl,Endomorph,Normal,slouch,1.0,0.0,0.0,-0.6012413996735997,-38.82832388944343,0.4646928303462298,1
706,3.3332224919093854,Participant3_RS_FuSl,Endomorph,Normal,slouch,1.0,0.0,0.0,-0.6032683597063763,-39.34671696265153,0.4687747104495035,1
707,3.3379437702265373,Participant3_RS_FuSl,Endomorph,Normal,slouch,1.0,0.0,0.0,-0.6293247754382246,-38.99959173546532,0.4673721767784657,1
708,3.3426650485436893,Participant3_RS_FuSl,Endomorph,Normal,slouch,1.0,0.0,0.0,-0.6335420150053798,-39.56814619450634,0.4690370629624412,1
709,3.3473863268608417,Participant3_RS_FuSl,Endomorph,Normal,slouch,1.0,0.0,0.0,-0.6371954210183524,-39.17002477115602,0.4695457566555976,1
710,3.3521076051779937,Participant3_RS_FuSl,Endomorph,Normal,slouch,1.0,0.0,0.0,-0.6872920548764943,-39.1045572480072,0.4665531568471119,1
711,3.3568288834951456,Participant3_RS_FuSl,Endomorph,Normal,slouch,1.0,0.0,0.0,-0.6538431722829605,-38.74883519945611,0.4759165599460397,1
712,3.361550161812298,Participant3_RS_FuSl,Endomorph,Normal,slouch,1.0,0.0,0.0,-0.6711466637866943,-40.015838942754186,0.4773966217765988,1
713,3.36627144012945,Participant3_RS_FuSl,Endomorph,Normal,slouch,1.0,0.0,0.0,-0.61489355610061,-38.98134381229447,0.4698447521581479,1
714,3.370992718446602,Participant3_RS_FuSl,Endomorph,Normal,slouch,1.0,0.0,0.0,-0.6592889627270762,-39.33432363808157,0.4699749083369806,1
715,3.3757139967637544,Participant3_RS_FuSl,Endomorph,Normal,slouch,1.0,0.0,0.0,-0.6520107401686457,-39.15165793018848,0.4720640473020489,1
716,3.3804352750809064,Participant3_RS_FuSl,Endomorph,Normal,slouch,1.0,0.0,0.0,-0.6557841168310649,-39.26984673229666,0.4738603842452736,1
717,3.3851565533980583,Participant3_RS_FuSl,Endomorph,Normal,slouch,1.0,0.0,0.0,-0.5883504220243696,-39.198822832261904,0.4692798528918564,1
718,3.3898778317152103,Participant3_RS_FuSl,Endomorph,Normal,slouch,1.0,0.0,0.0,-0.6112762197321093,-37.98165578974971,0.4715789237247317,1
719,3.3945991100323627,Participant3_RS_FuSl,Endomorph,Normal,slouch,1.0,0.0,0.0,-0.6240623198947096,-38.94546539899641,0.4689071207394472,1
720,3.3993203883495147,Participant3_RS_FuSl,Endomorph,Normal,slouch,1.0,0.0,0.0,-0.6353989628079386,-39.1661751460116,0.4708658913523433,1
721,3.404041666666666,Participant3_RS_FuSl,Endomorph,Normal,slouch,1.0,0.0,0.0,-0.6636012682804694,-38.76180289623749,0.4690955301128174,1
722,3.408762944983819,Participant3_RS_FuSl,Endomorph,Normal,slouch,1.0,0.0,0.0,-0.6360345129431514,-38.60569946430592,0.4660157597375532,1
723,3.413484223300971,Participant3_RS_FuSl,Endomorph,Normal,slouch,1.0,0.0,0.0,-0.6614892694684439,-39.06955901951744,0.4660559227061741,1
724,3.418205501618123,Participant3_RS_FuSl,Endomorph,Normal,slouch,1.0,0.0,0.0,-0.7083953332392087,-39.22090178171802,0.4690291786232828,1
725,3.4229267799352754,Participant3_RS_FuSl,Endomorph,Normal,slouch,1.0,0.0,0.0,-0.6949726136677381,-38.64629373324193,0.4711608109149843,1
726,3.427648058252428,Participant3_RS_FuSl,Endomorph,Normal,slouch,1.0,0.0,0.0,-0.6722817070798367,-39.202940060773706,0.4719465660882063,1
727,3.4323693365695798,Participant3_RS_FuSl,Endomorph,Normal,slouch,1.0,0.0,0.0,-0.5905477469626909,-38.89433800548744,0.4706775153485985,1
728,3.437090614886732,Participant3_RS_FuSl,Endomorph,Normal,slouch,1.0,0.0,0.0,-0.6848674628522493,-38.91134906434208,0.4671063547328478,1
729,3.441811893203884,Participant3_RS_FuSl,Endomorph,Normal,slouch,1.0,0.0,0.0,-0.664686342350717,-39.33825049998831,0.4705354706637427,1
730,3.446533171521036,Participant3_RS_FuSl,Endomorph,Normal,slouch,1.0,0.0,0.0,-0.6520374325183143,-39.1863788696765,0.4717448715214496,1
731,3.451254449838188,Participant3_RS_FuSl,Endomorph,Normal,slouch,1.0,0.0,0.0,-0.6644025869199075,-39.220562972142304,0.4649549813139273,1
732,3.45597572815534,Participant3_RS_FuSl,Endomorph,Normal,slouch,1.0,0.0,0.0,-0.6478810815040106,-38.82905822061943,0.4695969963681304,1
733,3.460697006472492,Participant3_RS_FuSl,Endomorph,Normal,slouch,1.0,0.0,0.0,-0.636642843096727,-38.80449660855133,0.4700563126127398,1
734,3.465418284789644,Participant3_RS_FuSl,Endomorph,Normal,slouch,1.0,0.0,0.0,-0.6876297400529279,-38.96994175663171,0.4745218006256654,1
735,3.4701395631067964,Participant3_RS_FuSl,Endomorph,Normal,slouch,1.0,0.0,0.0,-0.6629932382842019,-38.58320112349932,0.4644468934262986,1
736,3.4748608414239484,Participant3_RS_FuSl,Endomorph,Normal,slouch,1.0,0.0,0.0,-0.7521707216992337,-39.001360047573534,0.4706128629244245,1
737,3.4795821197411003,Participant3_RS_FuSl,Endomorph,Normal,slouch,1.0,0.0,0.0,-0.7056772406816822,-39.55921590357615,0.4687771207673564,1
738,3.4843033980582527,Participant3_RS_FuSl,Endomorph,Normal,slouch,1.0,0.0,0.0,-0.6814167793174235,-39.22631798865737,0.475495383011493,1
739,3.4890246763754047,Participant3_RS_FuSl,Endomorph,Normal,slouch,1.0,0.0,0.0,-0.6934922772669421,-38.286918249248174,0.4728098566622616,1
740,3.4937459546925567,Participant3_RS_FuSl,Endomorph,Normal,slouch,1.0,0.0,0.0,-0.6152022202793331,-39.26429194436548,0.4689839744019765,1
741,3.498467233009709,Participant3_RS_FuSl,Endomorph,Normal,slouch,1.0,0.0,0.0,-0.6271260269559951,-39.12435266384187,0.4639370759376878,1
742,3.503188511326861,Participant3_RS_FuSl,Endomorph,Normal,slouch,1.0,0.0,0.0,-0.6707765085902155,-39.17118838720859,0.4632509918630978,1
743,3.507909789644013,Participant3_RS_FuSl,Endomorph,Normal,slouch,1.0,0.0,0.0,-0.5967665283287596,-39.62100354224978,0.4708835309348972,1
744,3.512631067961165,Participant3_RS_FuSl,Endomorph,Normal,slouch,1.0,0.0,0.0,-0.6949573440314102,-38.1799669817194,0.4758985032324334,1
745,3.5173523462783174,Participant3_RS_FuSl,Endomorph,Normal,slouch,1.0,0.0,0.0,-0.6546742324563839,-38.53276243452955,0.4722102797795749,1
746,3.5220736245954694,Participant3_RS_FuSl,Endomorph,Normal,slouch,1.0,0.0,0.0,-0.644442422546065,-38.79699402280112,0.4819860143402896,1
747,3.5267949029126213,Participant3_RS_FuSl,Endomorph,Normal,slouch,1.0,0.0,0.0,-0.7105785818506902,-39.79186795693058,0.4890881802780359,1
748,3.5315161812297737,Participant3_RS_FuSl,Endomorph,Normal,slouch,1.0,0.0,0.0,-0.675455148929492,-38.31328594634409,0.4757597075942334,1
749,3.5362374595469257,Participant3_RS_FuSl,Endomorph,Normal,slouch,1.0,0.0,0.0,-0.6833502885854292,-38.98154131155725,0.4838497166093783,1
750,3.5409587378640777,Participant3_RS_FuSl,Endomorph,Normal,slouch,1.0,0.0,0.0,-0.6677678848004789,-39.04307682381293,0.4832019050168238,1
751,3.54568001618123,Participant3_RS_FuSl,Endomorph,Normal,slouch,1.0,0.0,0.0,-0.6075984911991088,-40.02176346330141,0.4803164353668941,1
752,3.550401294498382,Participant3_RS_FuSl,Endomorph,Normal,slouch,1.0,0.0,0.0,-0.6405220649567005,-38.48185207577273,0.4758871012277567,1
753,3.555122572815534,Participant3_RS_FuSl,Endomorph,Normal,slouch,1.0,0.0,0.0,-0.6342205493528195,-39.06581331546977,0.4713802902314993,1
754,3.5598438511326864,Participant3_RS_FuSl,Endomorph,Normal,slouch,1.0,0.0,0.0,-0.6542859132608922,-39.51573161732506,0.4706327573924235,1
755,3.5645651294498384,Participant3_RS_FuSl,Endomorph,Normal,slouch,1.0,0.0,0.0,-0.6917327907570114,-38.19327790534404,0.4726011922355954,1
756,3.5692864077669904,Participant3_RS_FuSl,Endomorph,Normal,slouch,1.0,0.0,0.0,-0.6933097585322072,-38.00754900888525,0.4748181276658687,1
757,3.5740076860841428,Participant3_RS_FuSl,Endomorph,Normal,slouch,1.0,0.0,0.0,-0.7069576126209784,-37.68654324828706,0.4800918723263446,1
758,3.5787289644012947,Participant3_RS_FuSl,Endomorph,Normal,slouch,1.0,0.0,0.0,-0.7004121427777257,-38.42168354900532,0.4690580815904244,1
759,3.5834502427184467,Participant3_RS_FuSl,Endomorph,Normal,slouch,1.0,0.0,0.0,-0.7100713431630035,-37.51513098609613,0.4780360910285451,1
760,3.5881715210355987,Participant3_RS_FuSl,Endomorph,Normal,slouch,1.0,0.0,0.0,-0.6759734834572202,-38.42908245526503,0.4792689919605491,1
761,3.592892799352751,Participant3_RS_FuSl,Endomorph,Normal,slouch,1.0,0.0,0.0,-0.7022891604659924,-38.36690772392439,0.4798515311268836,1
762,3.597614077669903,Participant3_RS_FuSl,Endomorph,Normal,slouch,1.0,0.0,0.0,-0.6895073371209508,-38.297669422262175,0.4826134670595685,1
763,3.602335355987055,Participant3_RS_FuSl,Endomorph,Normal,slouch,1.0,0.0,0.0,-0.68564713414458,-38.37214201076685,0.4803461215731185,1
764,3.607056634304208,Participant3_RS_FuSl,Endomorph,Normal,slouch,1.0,0.0,0.0,-0.6863542810358227,-38.31668060277113,0.480846551522125,1
765,3.61177791262136,Participant3_RS_FuSl,Endomorph,Normal,slouch,1.0,0.0,0.0,-0.6358066256981969,-37.75404288047334,0.4697345662791716,1
766,3.616499190938512,Participant3_RS_FuSl,Endomorph,Normal,slouch,1.0,0.0,0.0,-0.7027912537934897,-37.81150758651312,0.4768770397321873,1
767,3.621220469255664,Participant3_RS_FuSl,Endomorph,Normal,slouch,1.0,0.0,0.0,-0.6963417986603027,-38.13923654580456,0.4745519968782464,1
768,3.625941747572816,Participant3_RS_FuSl,Endomorph,Normal,slouch,1.0,0.0,0.0,-0.7173679723199133,-37.51844672308389,0.4743096677183418,1
769,3.630663025889968,Participant3_RS_FuSl,Endomorph,Normal,slouch,1.0,0.0,0.0,-0.7060842905400657,-38.09978817560543,0.4696011766968756,1
770,3.63538430420712,Participant3_RS_FuSl,Endomorph,Normal,slouch,1.0,0.0,0.0,-0.7510554806379344,-38.00100836101369,0.4774412428643041,1
771,3.640105582524272,Participant3_RS_FuSl,Endomorph,Normal,slouch,1.0,0.0,0.0,-0.7623837034258807,-38.29225731976411,0.4808894957174215,1
772,3.644826860841424,Participant3_RS_FuSl,Endomorph,Normal,slouch,1.0,0.0,0.0,-0.7273481486317304,-38.16965737574191,0.4691024149773086,1
773,3.649548139158576,Participant3_RS_FuSl,Endomorph,Normal,slouch,1.0,0.0,0.0,-0.7386074513931471,-38.14427644130115,0.4636806777144435,1
774,3.654269417475728,Participant3_RS_FuSl,Endomorph,Normal,slouch,1.0,0.0,0.0,-0.7876627277621044,-37.27668937304018,0.4698167728121805,1
775,3.65899069579288,Participant3_RS_FuSl,Endomorph,Normal,slouch,1.0,0.0,0.0,-0.7244875444707761,-38.12471756997802,0.4827576640735425,1
776,3.663711974110032,Participant3_RS_FuSl,Endomorph,Normal,slouch,1.0,0.0,0.0,-0.7358075524682075,-38.47925529783962,0.4727946660921709,1
777,3.6684332524271848,Participant3_RS_FuSl,Endomorph,Normal,slouch,1.0,0.0,0.0,-0.7545733054405357,-37.64274906552499,0.4685896925119784,1
778,3.6731545307443367,Participant3_RS_FuSl,Endomorph,Normal,slouch,1.0,0.0,0.0,-0.7227818753655508,-38.04040879568117,0.464038315041861,1
779,3.6778758090614887,Participant3_RS_FuSl,Endomorph,Normal,slouch,1.0,0.0,0.0,-0.6575941708283264,-39.49264452945705,0.4610903859461608,1
780,3.682597087378641,Participant3_RS_FuSl,Endomorph,Normal,slouch,1.0,0.0,0.0,-0.7258694855332584,-39.03776098633481,0.4660126824256714,1
781,3.687318365695793,Participant3_RS_FuSl,Endomorph,Normal,slouch,1.0,0.0,0.0,-0.7650404969379903,-38.48558331168002,0.4725990377894774,1
782,3.692039644012945,Participant3_RS_FuSl,Endomorph,Normal,slouch,1.0,0.0,0.0,-0.7258573814802802,-38.488253974212725,0.4743182324931295,1
783,3.6967609223300975,Participant3_RS_FuSl,Endomorph,Normal,slouch,1.0,0.0,0.0,-0.6628156561579104,-38.88586802134576,0.4699239572001528,1
784,3.7014822006472494,Participant3_RS_FuSl,Endomorph,Normal,slouch,1.0,0.0,0.0,-0.612817633063554,-39.19697809601561,0.4740405902654611,1
785,3.7062034789644014,Participant3_RS_FuSl,Endomorph,Normal,slouch,1.0,0.0,0.0,-0.7121850442981474,-38.16170931924773,0.4746889682128196,1
786,3.710924757281554,Participant3_RS_FuSl,Endomorph,Normal,slouch,1.0,0.0,0.0,-0.7536010305385838,-37.91595746701756,0.4641098362465852,1
787,3.7156460355987058,Participant3_RS_FuSl,Endomorph,Normal,slouch,1.0,0.0,0.0,-0.7057340622425867,-39.38469399937302,0.472265732071238,1
788,3.7203673139158577,Participant3_RS_FuSl,Endomorph,Normal,slouch,1.0,0.0,0.0,-0.7454461701610631,-39.62798662877204,0.4640391156047295,1
789,3.7250885922330097,Participant3_RS_FuSl,Endomorph,Normal,slouch,1.0,0.0,0.0,-0.7386896417202153,-38.72465944175181,0.4657642334988144,1
790,3.729809870550162,Participant3_RS_FuSl,Endomorph,Normal,slouch,1.0,0.0,0.0,-0.7551418667061625,-38.58497918944895,0.4709285758626461,1
791,3.734531148867314,Participant3_RS_FuSl,Endomorph,Normal,slouch,1.0,0.0,0.0,-0.6745232483501546,-38.25357849446242,0.4751937945779262,1
792,3.739252427184466,Participant3_RS_FuSl,Endomorph,Normal,slouch,1.0,0.0,0.0,-0.6968403213722365,-38.95494263201501,0.469885822707428,1
793,3.7439737055016185,Participant3_RS_FuSl,Endomorph,Normal,slouch,1.0,0.0,0.0,-0.7092224348699039,-38.04899839531904,0.4660797790995523,1
794,3.7486949838187695,Participant3_RS_FuSl,Endomorph,Normal,slouch,1.0,0.0,0.0,-0.6950648736716254,-37.80423673350151,0.4593014230149063,1
795,3.7534162621359215,Participant3_RS_FuSl,Endomorph,Normal,slouch,1.0,0.0,0.0,-0.7734949657803074,-37.12563453044769,0.4648286617852139,1
796,3.758137540453075,Participant3_RS_FuSl,Endomorph,Normal,slouch,1.0,0.0,0.0,-0.7000973034454858,-38.80019728799777,0.4704272184877782,1
797,3.7628588187702263,Participant3_RS_FuSl,Endomorph,Normal,slouch,1.0,0.0,0.0,-0.7476609390387734,-38.917624029759565,0.471067280953655,1
798,3.7675800970873783,Participant3_RS_FuSl,Endomorph,Normal,slouch,1.0,0.0,0.0,-0.7630526655888759,-38.12327366467885,0.452931368261411,1
799,3.7723013754045303,Participant3_RS_FuSl,Endomorph,Normal,slouch,1.0,0.0,0.0,-0.7438402902181707,-38.19365996715414,0.4661240332144809,1
800,3.777022653721683,Participant3_RS_FuSl,Endomorph,Normal,slouch,1.0,0.0,0.0,-0.8103335587548477,-37.3402957581637,0.455874752035662,1
801,3.781743932038835,Participant3_RS_FuSl,Endomorph,Normal,slouch,1.0,0.0,0.0,-0.8084478845109593,-37.809886052604206,0.4625953548335241,1
802,3.786465210355987,Participant3_RS_FuSl,Endomorph,Normal,slouch,1.0,0.0,0.0,-0.8020325962462347,-36.96347283646211,0.4585423537503227,1
803,3.79118648867314,Participant3_RS_FuSl,Endomorph,Normal,slouch,1.0,0.0,0.0,-0.7560719222208703,-37.88909085088133,0.4688196628785984,1
804,3.7959077669902914,Participant3_RS_FuSl,Endomorph,Normal,slouch,1.0,0.0,0.0,-0.7237470354707187,-37.21511094303102,0.4628496668280176,1
805,3.8006290453074434,Participant3_RS_FuSl,Endomorph,Normal,slouch,1.0,0.0,0.0,-0.7519086143256055,-36.33906508534719,0.4638272919343413,1
806,3.805350323624596,Participant3_RS_FuSl,Endomorph,Normal,slouch,1.0,0.0,0.0,-0.7674659592827806,-37.0160275656579,0.4642720830550456,1
807,3.810071601941748,Participant3_RS_FuSl,Endomorph,Normal,slouch,1.0,0.0,0.0,-0.7654127406064926,-37.78447072580324,0.4598820897411744,1
808,3.8147928802589,Participant3_RS_FuSl,Endomorph,Normal,slouch,1.0,0.0,0.0,-0.7762096068273867,-37.93638963062045,0.4596800230557888,1
809,3.819514158576052,Participant3_RS_FuSl,Endomorph,Normal,slouch,1.0,0.0,0.0,-0.7728874352359576,-37.94556185278789,0.459305827512215,1
810,3.824235436893204,Participant3_RS_FuSl,Endomorph,Normal,slouch,1.0,0.0,0.0,-0.7975153997423339,-36.85510564732759,0.4541702412445953,1
811,3.828956715210356,Participant3_RS_FuSl,Endomorph,Normal,slouch,1.0,0.0,0.0,-0.8106804030605814,-36.1385543934259,0.46344326906802,1
812,3.833677993527508,Participant3_RS_FuSl,Endomorph,Normal,slouch,1.0,0.0,0.0,-0.8186740454964165,-37.00546620888068,0.4770635244677986,1
813,3.838399271844661,Participant3_RS_FuSl,Endomorph,Normal,slouch,1.0,0.0,0.0,-0.7437311285328305,-36.936774263983686,0.466841223845269,1
814,3.843120550161813,Participant3_RS_FuSl,Endomorph,Normal,slouch,1.0,0.0,0.0,-0.7438232994065759,-38.33724722092484,0.4673401636981802,1
815,3.847841828478965,Participant3_RS_FuSl,Endomorph,Normal,slouch,1.0,0.0,0.0,-0.7157138377567063,-37.282885448113575,0.45974379829502,1
816,3.852563106796117,Participant3_RS_FuSl,Endomorph,Normal,slouch,1.0,0.0,0.0,-0.712208098741126,-38.77465396751311,0.466484682458706,1
817,3.8572843851132688,Participant3_RS_FuSl,Endomorph,Normal,slouch,1.0,0.0,0.0,-0.7068696605854132,-38.50172864237315,0.4638874309541596,1
818,3.8620056634304207,Participant3_RS_FuSl,Endomorph,Normal,slouch,1.0,0.0,0.0,-0.7315970009336025,-38.8508797436954,0.4724029667410229,1
819,3.866726941747573,Participant3_RS_FuSl,Endomorph,Normal,slouch,1.0,0.0,0.0,-0.7688469059723285,-37.1822684565342,0.4717870447835912,1
820,3.871448220064725,Participant3_RS_FuSl,Endomorph,Normal,slouch,1.0,0.0,0.0,-0.7432837198168101,-36.91203269088616,0.4707728773652259,1
821,3.876169498381877,Participant3_RS_FuSl,Endomorph,Normal,slouch,1.0,0.0,0.0,-0.7548940242333936,-36.43558600171699,0.4680140511506905,1
822,3.8808907766990295,Participant3_RS_FuSl,Endomorph,Normal,slouch,1.0,0.0,0.0,-0.7625155459081794,-36.40161149393914,0.4679893390013964,1
823,3.8856120550161815,Participant3_RS_FuSl,Endomorph,Normal,slouch,1.0,0.0,0.0,-0.7319904169103512,-36.61047349215978,0.4656789469140434,1
824,3.890333333333333,Participant3_RS_FuSl,Endomorph,Normal,slouch,1.0,0.0,0.0,-0.7112799422396423,-37.27571880758423,0.465479195160582,1
825,3.895054611650485,Participant3_RS_FuSl,Endomorph,Normal,slouch,1.0,0.0,0.0,-0.6589701558643726,-38.31569619132647,0.4744030543631734,1
826,3.899775889967638,Participant3_RS_FuSl,Endomorph,Normal,slouch,1.0,0.0,0.0,-0.6955236084673765,-37.32407363620223,0.46783682924585,1
827,3.9044971682847898,Participant3_RS_FuSl,Endomorph,Normal,slouch,1.0,0.0,0.0,-0.6783926634406502,-37.837929805163256,0.4670107188004285,1
828,3.9092184466019417,Participant3_RS_FuSl,Endomorph,Normal,slouch,1.0,0.0,0.0,-0.6979609089689411,-37.18396722524858,0.4631347952899182,1
829,3.913939724919094,Participant3_RS_FuSl,Endomorph,Normal,slouch,1.0,0.0,0.0,-0.6830012236190007,-38.13689758550194,0.4708725939958506,1
830,3.918661003236246,Participant3_RS_FuSl,Endomorph,Normal,slouch,1.0,0.0,0.0,-0.6637034698489943,-37.69500789220474,0.4679774977057679,1
831,3.923382281553398,Participant3_RS_FuSl,Endomorph,Normal,slouch,1.0,0.0,0.0,-0.6728199191089697,-38.10161243514534,0.4701324782768412,1
832,3.9281035598705514,Participant3_RS_FuSl,Endomorph,Normal,slouch,1.0,0.0,0.0,-0.6420932712725245,-37.79457469657533,0.4698750744172579,1
833,3.9328248381877033,Participant3_RS_FuSl,Endomorph,Normal,slouch,1.0,0.0,0.0,-0.6874815014193505,-38.597022927038815,0.4796287483229556,1
834,3.9375461165048544,Participant3_RS_FuSl,Endomorph,Normal,slouch,1.0,0.0,0.0,-0.7024683333235158,-37.63311074606607,0.4801279167564473,1
835,3.942267394822007,Participant3_RS_FuSl,Endomorph,Normal,slouch,1.0,0.0,0.0,-0.6545398899546075,-38.2272588063683,0.4751895179432753,1
836,3.946988673139159,Participant3_RS_FuSl,Endomorph,Normal,slouch,1.0,0.0,0.0,-0.6695393433826802,-38.10528342346022,0.4757331169244078,1
837,3.951709951456311,Participant3_RS_FuSl,Endomorph,Normal,slouch,1.0,0.0,0.0,-0.6928739679248805,-36.66717302577726,0.4732457791118592,1
838,3.956431229773463,Participant3_RS_FuSl,Endomorph,Normal,slouch,1.0,0.0,0.0,-0.6939251663261434,-38.81001195468595,0.4804863672901461,1
839,3.961152508090615,Participant3_RS_FuSl,Endomorph,Normal,slouch,1.0,0.0,0.0,-0.6386486518647974,-38.56156737070041,0.4725728343366165,1
840,3.965873786407767,Participant3_RS_FuSl,Endomorph,Normal,slouch,1.0,0.0,0.0,-0.6556273811903633,-37.61182811231082,0.4619948465820495,1
841,3.970595064724919,Participant3_RS_FuSl,Endomorph,Normal,slouch,1.0,0.0,0.0,-0.6859459266685746,-37.888674216245946,0.4606631042998623,1
842,3.975316343042072,Participant3_RS_FuSl,Endomorph,Normal,slouch,1.0,0.0,0.0,-0.6443446855939733,-38.65730076171455,0.4735451338457089,1
843,3.980037621359224,Participant3_RS_FuSl,Endomorph,Normal,slouch,1.0,0.0,0.0,-0.6782649489397149,-38.94509238751034,0.468398999619642,1
844,3.984758899676376,Participant3_RS_FuSl,Endomorph,Normal,slouch,1.0,0.0,0.0,-0.6296159765696666,-38.46724034364112,0.4755855722884945,1
845,3.989480177993528,Participant3_RS_FuSl,Endomorph,Normal,slouch,1.0,0.0,0.0,-0.5960759881609184,-37.87060074400813,0.4767734407837961,1
846,3.99420145631068,Participant3_RS_FuSl,Endomorph,Normal,slouch,1.0,0.0,0.0,-0.6128260435975333,-38.96915441749238,0.4770347173226015,1
847,3.998922734627832,Participant3_RS_FuSl,Endomorph,Normal,slouch,1.0,0.0,0.0,-0.6167483453651167,-38.62177004764371,0.4747281752196788,1
848,4.003644012944984,Participant3_RS_FuSl,Endomorph,Normal,slouch,1.0,0.0,0.0,-0.6346151794284921,-39.10433405737006,0.4683863034658539,1
849,4.008365291262136,Participant3_RS_FuSl,Endomorph,Normal,slouch,1.0,0.0,0.0,-0.6432482649403247,-38.24404488856224,0.4758760409152098,1
850,4.013086569579288,Participant3_RS_FuSl,Endomorph,Normal,slouch,1.0,0.0,0.0,-0.6243725477696143,-38.14305113025012,0.4776748065886191,1
851,4.0178078478964405,Participant3_RS_FuSl,Endomorph,Normal,slouch,1.0,0.0,0.0,-0.632341432824895,-38.78755889737636,0.4803761336297877,1
852,4.022529126213592,Participant3_RS_FuSl,Endomorph,Normal,slouch,1.0,0.0,0.0,-0.6132248849408208,-39.78896728157729,0.4827553108362414,1
853,4.0272504045307445,Participant3_RS_FuSl,Endomorph,Normal,slouch,1.0,0.0,0.0,-0.6054724513555654,-39.31967530024056,0.472025340472722,1
854,4.031971682847897,Participant3_RS_FuSl,Endomorph,Normal,slouch,1.0,0.0,0.0,-0.6643631820847663,-39.00561359067501,0.4783187405725055,1
855,4.036692961165048,Participant3_RS_FuSl,Endomorph,Normal,slouch,1.0,0.0,0.0,-0.6483892088617577,-38.260384543323966,0.4786364537698144,1
856,4.041414239482201,Participant3_RS_FuSl,Endomorph,Normal,slouch,1.0,0.0,0.0,-0.676458082700701,-38.73215357370339,0.4810459187782039,1
857,4.046135517799353,Participant3_RS_FuSl,Endomorph,Normal,slouch,1.0,0.0,0.0,-0.6964471034779612,-38.71305197580972,0.4738019089286316,1
858,4.050856796116505,Participant3_RS_FuSl,Endomorph,Normal,slouch,1.0,0.0,0.0,-0.6172387555301797,-41.15790731385377,0.4645129856919613,1
859,4.055578074433657,Participant3_RS_FuSl,Endomorph,Normal,slouch,1.0,0.0,0.0,-0.646716363288741,-39.53880702638726,0.4654571555141193,1
860,4.0602993527508096,Participant3_RS_FuSl,Endomorph,Normal,slouch,1.0,0.0,0.0,-0.6924207087922669,-38.91884315974912,0.4604113748247602,1
861,4.065020631067961,Participant3_RS_FuSl,Endomorph,Normal,slouch,1.0,0.0,0.0,-0.6318165887449526,-38.467885864827245,0.4609525264309196,1
862,4.0697419093851135,Participant3_RS_FuSl,Endomorph,Normal,slouch,1.0,0.0,0.0,-0.5945494919187297,-38.14719163210192,0.4680705887913292,1
863,4.074463187702266,Participant3_RS_FuSl,Endomorph,Normal,slouch,1.0,0.0,0.0,-0.6181313813374694,-38.811133142381344,0.469738882079913,1
864,4.079184466019417,Participant3_RS_FuSl,Endomorph,Normal,slouch,1.0,0.0,0.0,-0.5712844057600415,-38.31780387233432,0.4700254066735848,1
865,4.08390574433657,Participant3_RS_FuSl,Endomorph,Normal,slouch,1.0,0.0,0.0,-0.4837820383774102,-39.60913871720157,0.4642778547360111,1
866,4.088627022653722,Participant3_RS_FuSl,Endomorph,Normal,slouch,1.0,0.0,0.0,-0.5338582447881897,-37.33081333278451,0.4720338308512453,1
867,4.093348300970874,Participant3_RS_FuSl,Endomorph,Normal,slouch,1.0,0.0,0.0,-0.591930848400921,-37.13781150931039,0.4730443812845598,1
868,4.098069579288026,Participant3_RS_FuSl,Endomorph,Normal,slouch,1.0,0.0,0.0,-0.5769187355435164,-37.25921581642371,0.4696519334427811,1
869,4.102790857605179,Participant3_RS_FuSl,Endomorph,Normal,slouch,1.0,0.0,0.0,-0.5481386322338762,-37.70888127780424,0.4713723135973242,1
870,4.10751213592233,Participant3_RS_FuSl,Endomorph,Normal,slouch,1.0,0.0,0.0,-0.5276350043326414,-38.482954036272645,0.4654954079599127,1
871,4.1122334142394825,Participant3_RS_FuSl,Endomorph,Normal,slouch,1.0,0.0,0.0,-0.5175036770911285,-41.57943982063607,0.4528535827487415,1
872,4.116954692556634,Participant3_RS_FuSl,Endomorph,Normal,slouch,1.0,0.0,0.0,-0.6122840558346851,-41.59597556669399,0.4523297089834682,1
873,4.1216759708737865,Participant3_RS_FuSl,Endomorph,Normal,slouch,1.0,0.0,0.0,-0.8794193392407034,-40.98419390075595,0.4586431565312958,1
874,4.126397249190939,Participant3_RS_FuSl,Endomorph,Normal,slouch,1.0,0.0,0.0,-0.8548214332595251,-41.99683445728992,0.4522055953846431,1
875,4.13111852750809,Participant3_RS_FuSl,Endomorph,Normal,slouch,1.0,0.0,0.0,-0.6601236123051369,-42.39067179150571,0.4400528808594318,1
876,4.135839805825243,Participant3_RS_FuSl,Endomorph,Normal,slouch,1.0,0.0,0.0,-0.776405991304762,-41.29715595790482,0.4258588260097684,1
877,4.140561084142395,Participant3_RS_FuSl,Endomorph,Normal,slouch,1.0,0.0,0.0,-0.8090568401317982,-40.3127685217872,0.4246658428574926,1
878,4.145282362459547,Participant3_RS_FuSl,Endomorph,Normal,slouch,1.0,0.0,0.0,-0.7326545487840965,-40.90073960362897,0.4236937128986545,1
879,4.150003640776699,Participant3_RS_FuSl,Endomorph,Normal,slouch,1.0,0.0,0.0,-0.7565582840690167,-40.667834110277056,0.4265857271238085,1
880,4.154724919093852,Participant3_RS_FuSl,Endomorph,Normal,slouch,1.0,0.0,0.0,-0.8313416802986398,-40.48530234657386,0.4289560998121457,1
881,4.159446197411003,Participant3_RS_FuSl,Endomorph,Normal,slouch,1.0,0.0,0.0,-0.8883311120453559,-38.90077578218346,0.4276562710725082,1
882,4.164167475728156,Participant3_RS_FuSl,Endomorph,Normal,slouch,1.0,0.0,0.0,-0.8863188718449491,-37.586554182538734,0.4266232982639201,1
883,4.168888754045308,Participant3_RS_FuSl,Endomorph,Normal,slouch,1.0,0.0,0.0,-0.8416557680439775,-38.75673305751263,0.4471444095938214,1
884,4.173610032362459,Participant3_RS_FuSl,Endomorph,Normal,slouch,0.4021240327359371,1.9392206988981455,0.0854009572530898,-0.8642755150794983,-39.002862757596105,0.4524177954787797,1
885,4.178331310679612,Participant3_RS_FuSl,Endomorph,Normal,slouch,0.4204595130809818,3.433844447077223,0.7190206772112011,-0.706986129283905,-37.50062135288375,0.4469709941419045,1
886,4.183052588996764,Participant3_RS_FuSl,Endomorph,Normal,slouch,1.0,0.0,0.0,-0.73604833223303,-37.99553810714065,0.4522291862942422,1
887,4.187773867313916,Participant3_RS_FuSl,Endomorph,Normal,slouch,1.0,0.0,0.0,-0.7568023249529594,-39.13736365363575,0.444834848611356,1
888,4.192495145631068,Participant3_RS_FuSl,Endomorph,Normal,slouch,1.0,0.0,0.0,-0.7611374358528528,-42.16958530279837,0.4605931742605375,1
889,4.197216423948221,Participant3_RS_FuSl,Endomorph,Normal,slouch,1.0,0.0,0.0,-0.7632770462036466,-38.60028877366521,0.4573624533992201,1
890,4.201937702265372,Participant3_RS_FuSl,Endomorph,Normal,slouch,1.0,0.0,0.0,-0.6992045679594888,-39.042266279366665,0.4521528217956761,1
891,4.2066589805825245,Participant3_RS_FuSl,Endomorph,Normal,slouch,1.0,0.0,0.0,-0.7532186720186678,-37.614271833158085,0.4484601434016861,1
892,4.211380258899677,Participant3_RS_FuSl,Endomorph,Normal,slouch,0.349873858434952,-0.0004770669939049,-0.2505966157197201,-0.7822229266166687,-35.72501288446339,0.4581454098383453,1
893,4.2161015372168285,Participant3_RS_FuSl,Endomorph,Normal,slouch,1.0,0.0,0.0,-0.7997684434108312,-33.778531898603674,0.4703617771385227,1
894,4.220822815533981,Participant3_RS_FuSl,Endomorph,Normal,slouch,1.0,0.0,0.0,-0.7041559862457513,-33.873191859555725,0.4649967933270401,1
895,4.225544093851133,Participant3_RS_FuSl,Endomorph,Normal,slouch,1.0,0.0,0.0,-0.6720081527197211,-36.16720359240986,0.4697740448186099,1
896,4.230265372168285,Participant3_RS_FuSl,Endomorph,Normal,slouch,0.362205058091799,1.7679661322005988,-0.955767123040584,-0.782796323299408,-30.647392900060957,0.493528370768646,1
897,4.234986650485437,Participant3_RS_FuSl,Endomorph,Normal,slouch,0.3397479754410113,2.010327387486813,-1.2595426208412974,-0.8980346322059631,-26.329696018513484,0.5027333941111344,1
898,4.239707928802589,Participant3_RS_FuSl,Endomorph,Normal,slouch,0.3357745958805134,0.905957803588718,-2.14314217392205,-0.8402777314186096,-29.82675112241138,0.5085019444796489,1
899,4.244429207119741,Participant3_RS_FuSl,Endomorph,Normal,slouch,0.336980398154192,2.129634904740067,-0.3364250611098368,-0.8343903422355652,-23.402634867657728,0.5163548273433668,1
900,4.2491504854368936,Participant3_RS_FuSl,Endomorph,Normal,slouch,0.3357182405280525,1.894016870611564,-0.54655837478166,-0.9105370938777924,-24.142178401750197,0.5090743064300298,1
901,4.253871763754045,Participant3_RS_FuSl,Endomorph,Normal,slouch,0.3344946645485658,2.515085417533726,-0.668654541895212,-0.8307460844516754,-16.227572202143072,0.5212618916644118,1
902,4.2585930420711975,Participant3_RS_FuSl,Endomorph,Normal,slouch,0.3300177369432903,2.3675745833191284,-0.0637600780399401,-0.8557358086109161,-17.426413117404884,0.5238241539266242,1
903,4.26331432038835,Participant3_RS_FuSl,Endomorph,Normal,slouch,0.3356238020202169,2.3268624415949666,-1.5120709049039367,-0.8468950092792511,-23.394652084754963,0.5174517676180795,1
904,4.268035598705501,Participant3_RS_FuSl,Endomorph,Normal,slouch,1.0,0.0,0.0,-0.8225644255124053,-27.44508483952201,0.5140131417166798,1
905,4.272756877022654,Participant3_RS_FuSl,Endomorph,Normal,slouch,0.3284085122397799,2.5584104800564647,0.6891443239999903,-0.8059460073709488,-17.406219193379574,0.5187790105416805,1
906,4.277478155339806,Participant3_RS_FuSl,Endomorph,Normal,slouch,0.3202439240360297,2.5396629014255674,0.9773750765495772,-0.8413493782281876,-16.538679808452144,0.518173806929223,1
907,4.282199433656958,Participant3_RS_FuSl,Endomorph,Normal,slouch,0.3251559671589352,2.7337533072006925,0.6325035801152844,-0.8131681084632874,-16.929032550012778,0.5188808527754194,1
908,4.28692071197411,Participant3_RS_FuSl,Endomorph,Normal,slouch,0.3187157207351142,2.7780257567022217,1.647989411425105,-0.7921423763036728,-18.842026176647607,0.5199878450539238,1
909,4.291641990291263,Participant3_RS_FuSl,Endomorph,Normal,slouch,0.3145635182839895,2.486204599649178,2.4238407609982224,-0.8317916989326477,-15.78787108550148,0.5154263292460469,1
910,4.296363268608414,Participant3_RS_FuSl,Endomorph,Normal,slouch,0.3192505031816686,3.013511926915098,2.1906749496461964,-0.7729437947273254,-13.84054544369953,0.517972321701519,1
911,4.301084546925567,Participant3_RS_FuSl,Endomorph,Normal,slouch,0.3097945923658296,3.360393431670392,2.1697136083633204,-0.712713211774826,-29.029112381867865,0.5117953271260304,1
912,4.305805825242719,Participant3_RS_FuSl,Endomorph,Normal,slouch,0.3134311243835638,2.8751456990793387,1.8878982389342935,-0.6373659074306488,-40.05055006847471,0.5116796886915778,1
913,4.310527103559871,Participant3_RS_FuSl,Endomorph,Normal,slouch,0.3207521028765973,3.31370370455866,2.0070314071444426,-0.737434059381485,-11.793161123912938,0.5145229678953466,1
914,4.315248381877023,Participant3_RS_FuSl,Endomorph,Normal,slouch,0.3131892100569544,3.199453221697177,2.1261645753545912,-0.6277318447828293,-27.784866020585337,0.5146044950193406,1
915,4.319969660194175,Participant3_RS_FuSl,Endomorph,Normal,slouch,0.3003547899106608,3.3201863322878515,2.24529774356474,-0.7092841863632202,-29.08360758177606,0.5178676945140317,1
916,4.324690938511327,Participant3_RS_FuSl,Endomorph,Normal,slouch,0.3185770331324538,3.457613897900516,1.3751998015291524,-0.802079364657402,-27.99943881687996,0.5182638263874884,1
917,4.329412216828479,Participant3_RS_FuSl,Endomorph,Normal,slouch,0.3225005743412624,3.1530317187184447,1.4772126075076524,-0.7729413658380508,-26.915270051983864,0.5179316515681601,1
918,4.334133495145632,Participant3_RS_FuSl,Endomorph,Normal,slouch,0.321622967758742,3.135849223439441,2.108043344897643,-0.7507547736167908,-25.831101287087765,0.5165303974331319,1
919,4.338854773462783,Participant3_RS_FuSl,Endomorph,Normal,slouch,0.3119599421526003,3.237997225557277,2.42230586022902,-0.7162908464670181,-24.746932522191667,0.5211947196730865,1
920,4.343576051779936,Participant3_RS_FuSl,Endomorph,Normal,slouch,0.3144434703480001,3.587443840943467,2.451012255605492,-0.7337378561496735,-23.66276375729557,0.5231607075794881,1
921,4.348297330097088,Participant3_RS_FuSl,Endomorph,Normal,slouch,0.307601368220252,3.065184246151761,2.4797186509819635,-0.7910771071910858,-22.57859499239947,0.5271593676229127,1
922,4.35301860841424,Participant3_RS_FuSl,Endomorph,Normal,slouch,0.3203015305233338,3.340645336294827,2.502263617772234,-0.7621435523033142,-21.49442622750337,0.5228417042736574,1
923,4.357739886731392,Participant3_RS_FuSl,Endomorph,Normal,slouch,0.3085781230767871,3.306211623605895,2.524808584562504,-0.7403488308191299,-20.410257462607277,0.5214780434072573,1
924,4.362461165048544,Participant3_RS_FuSl,Endomorph,Normal,slouch,0.3238386876357385,3.271777910916963,2.5473535513527743,-0.8182804137468338,-19.32608869771117,0.5203079196741216,1
925,4.367182443365696,Participant3_RS_FuSl,Endomorph,Normal,slouch,0.3093107300129146,3.4517281369639186,2.552394962150925,-0.7292268425226212,-18.24191993281508,0.5197521043754658,1
926,4.371903721682848,Participant3_RS_FuSl,Endomorph,Normal,slouch,0.3266602542526804,3.631678363010874,2.557436372949076,-0.7536620199680328,-17.157751167918978,0.522546357674215,1
927,4.376625,Participant3_RS_FuSl,Endomorph,Normal,slouch,0.3103023012283418,3.416423772409013,2.5624777837472266,-0.7304025292396545,-16.07358240302288,0.5226753621731601,1
928,4.381346278317152,Participant3_RS_FuSl,Endomorph,Normal,slouch,0.3311065691669256,3.452367551352282,2.567519194545377,-0.7330910861492157,-14.62578262730358,0.5229542248912085,1
929,4.386067556634305,Participant3_RS_FuSl,Endomorph,Normal,slouch,0.3109432291762398,3.2083338792448948,2.572560605343528,-0.6937175095081329,-13.17798285158428,0.5249093493569887,1
930,4.390788834951456,Participant3_RS_FuSl,Endomorph,Normal,slouch,0.2965040275608941,3.4313550195472597,2.577602016141679,-0.6251819431781769,-21.316657019418077,0.5241072771745008,1
931,4.3955101132686085,Participant3_RS_FuSl,Endomorph,Normal,slouch,0.2970245243437475,3.005504067780824,2.5826434269398297,-0.662235289812088,-12.309453926503082,0.5249838139875884,1
932,4.400231391585761,Participant3_RS_FuSl,Endomorph,Normal,slouch,0.3096243077883255,3.183480781058856,2.58768483773798,-0.6641128361225128,-12.325078010186427,0.5258603508006761,1
933,4.4049526699029125,Participant3_RS_FuSl,Endomorph,Normal,slouch,0.3128875362769506,3.311172861787331,2.592726248536131,-0.665895938873291,-12.340702093869776,0.5239598900141428,1
934,4.409673948220065,Participant3_RS_FuSl,Endomorph,Normal,slouch,0.3182189866429609,2.9974342696856078,2.597767659334282,-0.7241811156272888,-12.356326177553122,0.5263835330725997,1
935,4.414395226537217,Participant3_RS_FuSl,Endomorph,Normal,slouch,0.3158844135110033,3.149095468311062,2.6028090701324325,-0.7563108801841736,-12.371950261236467,0.5304527932323476,1
936,4.419116504854369,Participant3_RS_FuSl,Endomorph,Normal,slouch,0.3186595562549172,3.237433932994177,2.607850480930584,-0.7895529568195343,-12.387574344919816,0.5190646649784223,1
937,4.423837783171521,Participant3_RS_FuSl,Endomorph,Normal,slouch,0.3107221842131223,2.9156348340038742,2.6128918917287343,-0.7334445714950562,-12.403198428603163,0.5276307173917841,1
938,4.428559061488674,Participant3_RS_FuSl,Endomorph,Normal,slouch,0.3125813934781695,2.443448111393129,2.6179333025268847,-0.8152932822704315,-12.418822512286509,0.5248467049506649,1
939,4.433280339805825,Participant3_RS_FuSl,Endomorph,Normal,slouch,0.3094608211210035,2.572017260752305,2.622974713325036,-0.742013156414032,-12.434446595969856,0.5257590113584243,1
940,4.4380016181229776,Participant3_RS_FuSl,Endomorph,Normal,slouch,0.2982076332331507,2.6767387010874035,2.7086786968935983,-0.7505894005298615,-12.450070679653203,0.5284888842271013,1
941,4.44272289644013,Participant3_RS_FuSl,Endomorph,Normal,slouch,0.3013398881454182,2.58110295632641,2.7086786968935983,-0.739541232585907,-12.46569476333655,0.5251550136248829,1
942,4.4474441747572815,Participant3_RS_FuSl,Endomorph,Normal,slouch,0.3063717094937229,2.7309935360109514,2.7086786968935983,-0.7856297791004181,-12.481318847019896,0.526150028036071,1
943,4.452165453074434,Participant3_RS_FuSl,Endomorph,Normal,slouch,0.3025347303695687,2.609823467237484,2.7086786968935983,-0.734190434217453,-12.496942930703243,0.5245136578127431,1
944,4.456886731391586,Participant3_RS_FuSl,Endomorph,Normal,slouch,0.3051053367994298,2.6832394498361745,2.7086786968935983,-0.7278125882148743,-12.51256701438659,0.5251035351152115,1
945,4.461608009708738,Participant3_RS_FuSl,Endomorph,Normal,slouch,0.3084021365047488,2.605842003346163,2.7086786968935983,-0.8976385593414307,-12.528191098069938,0.5299226909010474,1
946,4.46632928802589,Participant3_RS_FuSl,Endomorph,Normal,slouch,0.3091395333076411,2.7559125348696134,2.7086786968935983,-0.8414062559604645,-12.543815181753285,0.5223941235044872,1
947,4.471050566343043,Participant3_RS_FuSl,Endomorph,Normal,slouch,0.3058877120706661,3.0572972284465667,2.7086786968935983,-0.7833369076251984,-12.637559683853365,0.5265589191259494,1
948,4.475771844660194,Participant3_RS_FuSl,Endomorph,Normal,slouch,0.3081871115894372,2.9162917816867227,2.7086786968935983,-0.8573818504810333,-12.637559683853365,0.5205225189195601,1
949,4.480493122977347,Participant3_RS_FuSl,Endomorph,Normal,slouch,0.306699896560442,3.0232714782526613,2.7086786968935983,-0.8505792617797852,-12.637559683853365,0.5197599655581985,1
950,4.485214401294499,Participant3_RS_FuSl,Endomorph,Normal,slouch,0.3123358711006756,3.3319526938877337,2.7086786968935983,-0.7760042548179626,-12.637559683853365,0.521676254519623,1
951,4.4899356796116505,Participant3_RS_FuSl,Endomorph,Normal,slouch,0.3066951876779021,3.2676463850741024,2.7086786968935983,-0.8325179815292358,-12.637559683853365,0.5265459183981205,1
952,4.494656957928803,Participant3_RS_FuSl,Endomorph,Normal,slouch,0.2972897328333768,3.191504492414159,2.7086786968935983,-0.7659749686717987,-12.637559683853365,0.5260663479378271,1
953,4.4993782362459545,Participant3_RS_FuSl,Endomorph,Normal,slouch,0.3033485999032041,3.46369585228773,2.7086786968935983,-0.8813200294971466,-12.756143111088514,0.5227790626162161,1
954,4.504099514563107,Participant3_RS_FuSl,Endomorph,Normal,slouch,0.3092958870073134,3.524205040922652,2.7086786968935983,-0.7379013895988464,-12.874726538323664,0.5242806011590064,1
955,4.508820792880259,Participant3_RS_FuSl,Endomorph,Normal,slouch,0.3112566355451615,3.5338123007640942,2.7086786968935983,-0.7839284390211105,-12.993309965558815,0.522208187889309,1
956,4.513542071197411,Participant3_RS_FuSl,Endomorph,Normal,slouch,0.3132857817504849,3.493421788282564,2.7086786968935983,-0.7337686717510223,-13.111893392793965,0.5201457593421057,1
957,4.518263349514563,Participant3_RS_FuSl,Endomorph,Normal,slouch,0.3128744668794779,3.5350283753341207,2.573805868454849,-0.7706807255744934,-13.230476820029114,0.5187710408887217,1
958,4.522984627831716,Participant3_RS_FuSl,Endomorph,Normal,slouch,0.3138754199598144,3.16228839703488,2.4389330400161,-0.7725018858909607,-13.349060247264264,0.5215710399422301,1
959,4.527705906148867,Participant3_RS_FuSl,Endomorph,Normal,slouch,0.2944522908446051,3.2872574113167747,2.3040602115773505,-0.7746974229812622,-13.467643674499412,0.5236939336857411,1
960,4.53242718446602,Participant3_RS_FuSl,Endomorph,Normal,slouch,0.311807505489104,3.2834747496909475,2.267044512371119,-0.7583836615085602,-13.586227101734565,0.5176644884714686,1
961,4.537148462783172,Participant3_RS_FuSl,Endomorph,Normal,slouch,0.2925395494251766,2.628867271370002,2.230028813164888,-0.7883097529411316,-13.704810528969714,0.5204710496257281,1
962,4.541869741100324,Participant3_RS_FuSl,Endomorph,Normal,slouch,0.3047244976262632,3.2199102237703907,1.495423565867465,-0.7183891534805298,-18.24355860550213,0.5135160107336683,1
963,4.546591019417476,Participant3_RS_FuSl,Endomorph,Normal,slouch,0.3096237499344655,3.327158544553198,0.943574289077352,-0.7368908673524857,-14.546779266678667,0.5129344736859908,1
964,4.551312297734628,Participant3_RS_FuSl,Endomorph,Normal,slouch,0.3106080197083835,3.36631678020391,1.301686199508674,-0.7757970094680786,-12.512278222327664,0.5122133750802434,1
965,4.55603357605178,Participant3_RS_FuSl,Endomorph,Normal,slouch,0.3043273060747325,3.4603879340010057,1.8409129085657117,-0.7711844742298126,-13.061756658580904,0.5199868240446038,1
966,4.560754854368932,Participant3_RS_FuSl,Endomorph,Normal,slouch,0.3066043331278093,2.9670116549115484,2.3801396176227487,-0.7988102436065674,-13.611235094834145,0.5219602761018937,1
967,4.565476132686085,Participant3_RS_FuSl,Endomorph,Normal,slouch,0.3100555670238017,2.921337724606892,2.3774134034033563,-0.8189985752105713,-14.227161490273897,0.5228836760376104,1
968,4.570197411003236,Participant3_RS_FuSl,Endomorph,Normal,slouch,0.3140351014777292,2.605839476964658,1.8741702989324416,-0.7858835160732269,-15.152027466408102,0.5168931117907951,1
969,4.574918689320389,Participant3_RS_FuSl,Endomorph,Normal,slouch,0.3259203565998058,3.2384175806341835,2.4059259699873534,-0.7974727153778076,-19.0865207665692,0.5148766185828444,1
970,4.579639967637541,Participant3_RS_FuSl,Endomorph,Normal,slouch,0.3252328045248016,3.5804619041399937,1.7980811562294698,-0.8047089576721191,-20.837095174178607,0.516191877158966,1
971,4.5843612459546925,Participant3_RS_FuSl,Endomorph,Normal,slouch,0.3282769293249397,3.532378911556819,2.0545798110132147,-0.8604700267314911,-14.646113823671492,0.5111636332365026,1
972,4.589082524271845,Participant3_RS_FuSl,Endomorph,Normal,slouch,0.3142718553968067,3.484295918973644,1.0294287439585597,-0.7335017770528793,-22.84557780681043,0.5096609896335558,1
973,4.593803802588997,Participant3_RS_FuSl,Endomorph,Normal,slouch,0.3129086479830581,3.202835898005257,0.3859758655670487,-0.8056108057498932,-21.30260680801673,0.5091978934722945,1
974,4.598525080906149,Participant3_RS_FuSl,Endomorph,Normal,slouch,0.3130265401970238,3.1538406055004584,1.4042803565238262,-0.8479219079017639,-15.775700959443096,0.5097320725904384,1
975,4.603246359223301,Participant3_RS_FuSl,Endomorph,Normal,slouch,0.316531569646921,2.817143786153036,1.028325780276479,-0.7373253405094147,-21.150483365922263,0.5076299032748817,1
976,4.607967637540454,Participant3_RS_FuSl,Endomorph,Normal,slouch,0.3121336399755727,3.123702912441244,0.855445275367743,-0.7967304289340973,-16.89005666109872,0.502722355574373,1
977,4.612688915857605,Participant3_RS_FuSl,Endomorph,Normal,slouch,0.3036747430886993,3.074751050518904,0.3193118097824168,-0.6714340895414352,-17.954165596885126,0.50477752623534,1
978,4.617410194174758,Participant3_RS_FuSl,Endomorph,Normal,slouch,0.3036940338233539,2.9084033906111086,0.7793681783283813,-0.7556346952915192,-16.443839109212384,0.4992492450884511,1
979,4.622131472491909,Participant3_RS_FuSl,Endomorph,Normal,slouch,0.3110731469893094,3.0137516382104907,0.3287187621811717,-0.7774085998535156,-16.698031224796036,0.4990302268118554,1
980,4.6268527508090616,Participant3_RS_FuSl,Endomorph,Normal,slouch,0.3069497885205934,2.9943909068397665,1.154722859428162,-0.6255598440766335,-15.023886943764396,0.5034598774259867,1
981,4.631574029126214,Participant3_RS_FuSl,Endomorph,Normal,slouch,0.2996056017534476,3.154333524457019,2.712491684172256,-0.7710295915603638,-17.884353639937135,0.4971002071367819,1
982,4.6362953074433655,Participant3_RS_FuSl,Endomorph,Normal,slouch,0.3035845314336549,3.330976943699978,2.395885054532628,-0.6566082984209061,-20.187839910315304,0.5010660804323271,1
983,4.641016585760518,Participant3_RS_FuSl,Endomorph,Normal,slouch,1.0,0.0,0.0,-0.6261965255909576,-21.714762600489717,0.4880755784769189,1
984,4.64573786407767,Participant3_RS_FuSl,Endomorph,Normal,slouch,0.3003567841817975,3.3976937226331816,1.9286952639811268,-0.6617403775453568,-20.2731920519381,0.5016796833343774,1
985,4.650459142394822,Participant3_RS_FuSl,Endomorph,Normal,slouch,0.2957716369200421,3.534600210658924,1.513387507724127,-0.6583384722471237,-18.471177662987014,0.5025509083686451,1
986,4.655180420711974,Participant3_RS_FuSl,Endomorph,Normal,slouch,0.2818690025598205,3.1688592366474704,2.444386801416768,-0.7235915213823318,-15.48309511751892,0.5003574621159605,1
987,4.659901699029127,Participant3_RS_FuSl,Endomorph,Normal,slouch,0.2837100944196409,3.1788313381764794,1.878255244867082,-0.6277659833431244,-18.426999964479855,0.4985056788524027,1
988,4.664622977346278,Participant3_RS_FuSl,Endomorph,Normal,slouch,0.2999104097441207,3.188803439705488,1.6396331037186282,-0.6884185969829559,-17.816232927003014,0.4936480502446174,1
989,4.669344255663431,Participant3_RS_FuSl,Endomorph,Normal,slouch,0.2804966690492866,3.4530510061677515,1.2612323390865814,-0.6698013991117477,-21.11722192423901,0.4913081154470208,1
990,4.674065533980583,Participant3_RS_FuSl,Endomorph,Normal,slouch,0.3058256280286824,3.331090507981702,1.2589878882184946,-0.618425726890564,-21.086140697407533,0.5015352445168642,1
991,4.678786812297735,Participant3_RS_FuSl,Endomorph,Normal,slouch,0.3065221138798242,3.2936319441885518,1.4322108481498663,-0.6672245562076569,-22.55779953628854,0.4938186068101951,1
992,4.683508090614887,Participant3_RS_FuSl,Endomorph,Normal,slouch,0.3172394101655335,3.43839612439444,0.7560537071058299,-0.6129699945449829,-22.042155747761864,0.4880369524057873,1
993,4.688229368932039,Participant3_RS_FuSl,Endomorph,Normal,slouch,0.3151601275873953,3.025266229119118,1.176589334945067,-0.6745573580265045,-23.51266397792305,0.4988786275426528,1
994,4.692950647249191,Participant3_RS_FuSl,Endomorph,Normal,slouch,0.3259313416439295,1.512633114559559,-0.3129293413585315,-0.5848629921674728,-35.57539243789024,0.5027450868121155,1
995,4.697671925566343,Participant3_RS_FuSl,Endomorph,Normal,slouch,1.0,0.0,0.0,-0.5747368210584962,-38.84692915631495,0.5034459561229044,1
996,4.702393203883496,Participant3_RS_FuSl,Endomorph,Normal,slouch,0.3395363606040567,0.0,-0.5131554787152827,-0.5646106499495196,-40.39985033157767,0.5044604022246674,1
997,4.707114482200647,Participant3_RS_FuSl,Endomorph,Normal,slouch,1.0,0.0,0.0,-0.5544844788405429,-37.64777925222404,0.5110670690094552,1
998,4.7118357605178,Participant3_RS_FuSl,Endomorph,Normal,slouch,1.0,0.0,0.0,-0.5443583077315662,-37.01796711014552,0.5102492821338988,1
999,4.716557038834952,Participant3_RS_FuSl,Endomorph,Normal,slouch,0.3165931820075783,0.0,0.9703508941042494,-0.5713092982769012,-31.447071980552277,0.5198797633377759,1
1000,4.721278317152104,Participant3_RS_FuSl,Endomorph,Normal,slouch,0.3218845601307052,0.0,-1.916124212629296,-0.5268903970718384,-35.39600782047765,0.5161183030504638,1
1001,4.725999595469256,Participant3_RS_FuSl,Endomorph,Normal,slouch,1.0,0.0,0.0,-0.5494592608302006,-37.051257903002,0.5156744514891521,1
1002,4.730720873786408,Participant3_RS_FuSl,Endomorph,Normal,slouch,1.0,0.0,0.0,-0.5594728450503671,-35.02871555145239,0.5096390563030184,1
1003,4.73544215210356,Participant3_RS_FuSl,Endomorph,Normal,slouch,1.0,0.0,0.0,-0.5433039844309876,-32.89668544667055,0.5081968084083685,1
1004,4.740163430420712,Participant3_RS_FuSl,Endomorph,Normal,slouch,1.0,0.0,0.0,-0.5798458383914709,-26.37808986257432,0.5039544529533014,1
1005,4.744884708737865,Participant3_RS_FuSl,Endomorph,Normal,slouch,0.3149264551924209,0.0,0.7907642389450715,-0.615068718791008,-24.263051863333665,0.5049829609664195,1
1006,4.749605987055016,Participant3_RS_FuSl,Endomorph,Normal,slouch,0.3107433349297981,0.0,0.1959464976353341,-0.7208866328001022,-23.911394196427253,0.5131079274817812,1
1007,4.754327265372169,Participant3_RS_FuSl,Endomorph,Normal,slouch,0.31296520329215,0.0,0.4232776375517132,-0.6307681947946548,-25.164233300077427,0.5146741986312623,1
1008,4.75904854368932,Participant3_RS_FuSl,Endomorph,Normal,slouch,1.0,0.0,0.0,-0.6608599310167703,-30.211718106777543,0.5061447859639979,1
1009,4.763769822006473,Participant3_RS_FuSl,Endomorph,Normal,slouch,1.0,0.0,0.0,-0.6264757498970805,-27.514224511674787,0.5081762082903148,1
1010,4.768491100323625,Participant3_RS_FuSl,Endomorph,Normal,slouch,1.0,0.0,0.0,-0.665362977955249,-33.97159568162117,0.5026365996116188,1
1011,4.7732123786407765,Participant3_RS_FuSl,Endomorph,Normal,slouch,1.0,0.0,0.0,-0.628080435090642,-27.86144114485823,0.5146246490868306,1
1012,4.777933656957929,Participant3_RS_FuSl,Endomorph,Normal,slouch,0.2960926551411046,0.0,1.893339343646127,-0.6313453614711761,-29.826328846350115,0.5146108043989398,1
1013,4.782654935275081,Participant3_RS_FuSl,Endomorph,Normal,slouch,0.311707663925609,0.0,2.506472093920079,-0.5526005029678345,-30.58196292348133,0.5156746794278059,1
1014,4.787376213592233,Participant3_RS_FuSl,Endomorph,Normal,slouch,0.3101182539636077,0.0,1.1132364121826548,-0.7069041728973389,-27.782810480684912,0.5148961583048182,1
1015,4.792097491909385,Participant3_RS_FuSl,Endomorph,Normal,slouch,1.0,0.0,0.0,-0.5951555511704059,-34.00075653068207,0.5133159004857895,1
1016,4.796818770226538,Participant3_RS_FuSl,Endomorph,Normal,slouch,0.3090124618685553,0.0,1.815361008312643,-0.5710380524396896,-35.368160201015534,0.5228684714375855,1
1017,4.801540048543689,Participant3_RS_FuSl,Endomorph,Normal,slouch,0.3177425146123664,0.0,2.217131342319001,-0.7096656858921051,-24.797136249606503,0.5223791590731356,1
1018,4.806261326860842,Participant3_RS_FuSl,Endomorph,Normal,slouch,0.3149143887098212,0.0,2.3272655005366434,-0.6513082385063171,-29.206515603043982,0.5209452090864527,1
1019,4.810982605177994,Participant3_RS_FuSl,Endomorph,Normal,slouch,0.3080235274045568,0.0,1.836557250262896,-0.5835238844156265,-38.86224033334175,0.5236970108899858,1
1020,4.8157038834951456,Participant3_RS_FuSl,Endomorph,Normal,slouch,0.3180682751379599,0.0,2.1665190754692403,-0.655452162027359,-42.03488016393725,0.528516747225402,1
1021,4.820425161812298,Participant3_RS_FuSl,Endomorph,Normal,slouch,0.2997886796844846,0.0,0.9159224626300584,-0.4905211329460144,-46.42312215850939,0.5288101883666223,1
1022,4.82514644012945,Participant3_RS_FuSl,Endomorph,Normal,slouch,0.3009359708085889,0.0,0.3798716169506187,-0.5191944092512131,-37.9669771364961,0.52783388549425,1
1023,4.829867718446602,Participant3_RS_FuSl,Endomorph,Normal,slouch,0.2805982254158778,0.0,0.7206366456872841,-0.5945922434329987,-39.14122101146239,0.5274052422417462,1
1024,4.834588996763754,Participant3_RS_FuSl,Endomorph,Normal,slouch,0.314239212445105,0.0,1.701476087889228,-0.5932639539241791,-26.962794237999947,0.5117094529663768,1
1025,4.839310275080907,Participant3_RS_FuSl,Endomorph,Normal,slouch,0.2999437757224246,0.0,1.1759806207214658,-0.5824076682329178,-36.93621584409178,0.5154284232563627,1
1026,4.844031553398058,Participant3_RS_FuSl,Endomorph,Normal,slouch,0.2888743649309246,0.0,1.0708139259007956,-0.6086080968379974,-37.82382063266179,0.526068192051182,1
1027,4.848752831715211,Participant3_RS_FuSl,Endomorph,Normal,slouch,1.0,0.0,0.0,-0.6054199303551108,-45.00785013858992,0.5210007587865453,1
1028,4.853474110032363,Participant3_RS_FuSl,Endomorph,Normal,slouch,1.0,0.0,0.0,-0.6372847789995121,-40.668838613406606,0.5243678721395564,1
1029,4.858195388349515,Participant3_RS_FuSl,Endomorph,Normal,slouch,0.3046920831972279,0.0,2.107304113871084,-0.6685277819633484,-27.453899561154447,0.5277349854925674,1
