frame_idx,timestamp,subject_id,somatotype,bmi_category,label,h2s_ratio,shoulder_tilt_deg,head_roll_deg,forward_head_z,neck_flexion_deg,shoulder_width_norm,is_valid
0,0.0,Participant4_LS_SlUp,Endomorph,Normal,upright,1.0,0.0,0.0,-0.1715152502178566,-42.58316513114937,0.2727033802255145,1
1,0.0333333333333333,Participant4_LS_SlUp,Endomorph,Normal,upright,1.0,0.0,0.0,-0.1736027345372315,-42.20684838348671,0.269811966695238,1
2,0.0666666666666666,Participant4_LS_SlUp,Endomorph,Normal,upright,1.0,0.0,0.0,-0.1650806401101657,-45.25179371953923,0.2495992080905032,1
3,0.1,Participant4_LS_SlUp,Endomorph,Normal,upright,1.0,0.0,0.0,-0.16707291161274,-45.04754754523693,0.2673705443841947,1
4,0.1333333333333333,Participant4_LS_SlUp,Endomorph,Normal,upright,1.0,0.0,0.0,-0.217214228091513,-42.98911560806478,0.2444047661011364,1
5,0.1666666666666666,Participant4_LS_SlUp,Endomorph,Normal,upright,1.0,0.0,0.0,-0.1634519963549364,-44.28208292741883,0.2660536394008184,1
6,0.2,Participant4_LS_SlUp,Endomorph,Normal,upright,1.0,0.0,0.0,-0.1823632164245618,-44.977347876173305,0.2827901413144112,1
7,0.2333333333333333,Participant4_LS_SlUp,Endomorph,Normal,upright,1.0,0.0,0.0,-0.1842784257352182,-45.439109203991705,0.2812682098500373,1
8,0.2666666666666666,Participant4_LS_SlUp,Endomorph,Normal,upright,1.0,0.0,0.0,-0.162331567750156,-43.74136510732129,0.2613294033734253,1
9,0.3,Participant4_LS_SlUp,Endomorph,Normal,upright,1.0,0.0,0.0,-0.2112860204885944,-46.98723140966984,0.2246883101177603,1
10,0.3333333333333333,Participant4_LS_SlUp,Endomorph,Normal,upright,1.0,0.0,0.0,-0.1765590121245844,-45.14060405751116,0.2649388124228231,1
11,0.3666666666666666,Participant4_LS_SlUp,Endomorph,Normal,upright,1.0,0.0,0.0,-0.1844339031222589,-44.91659211384962,0.2656138890554121,1
12,0.4,Participant4_LS_SlUp,Endomorph,Normal,upright,1.0,0.0,0.0,-0.1810197309240919,-44.629555962154,0.2720981322470622,1
13,0.4333333333333333,Participant4_LS_SlUp,Endomorph,Normal,upright,1.0,0.0,0.0,-0.2093438295292571,-44.28916407569375,0.2655878197826221,1
14,0.4666666666666667,Participant4_LS_SlUp,Endomorph,Normal,upright,1.0,0.0,0.0,-0.1884186138294107,-45.62450804069145,0.2683600389241667,1
15,0.5,Participant4_LS_SlUp,Endomorph,Normal,upright,1.0,0.0,0.0,-0.1923420250476158,-44.53353872763466,0.2575951464599872,1
16,0.5333333333333333,Participant4_LS_SlUp,Endomorph,Normal,upright,1.0,0.0,0.0,-0.1834783911514422,-45.88012659475559,0.2578048142354367,1
17,0.5666666666666667,Participant4_LS_SlUp,Endomorph,Normal,upright,1.0,0.0,0.0,-0.140556036129647,-45.464517646041415,0.2837008620178226,1
18,0.6,Participant4_LS_SlUp,Endomorph,Normal,upright,1.0,0.0,0.0,-0.2024843911584504,-48.47420816002294,0.2321119311131027,1
19,0.6333333333333333,Participant4_LS_SlUp,Endomorph,Normal,upright,1.0,0.0,0.0,-0.1798832262798336,-46.85055080649289,0.2432196880081295,1
20,0.6666666666666666,Participant4_LS_SlUp,Endomorph,Normal,upright,1.0,0.0,0.0,-0.1719363449829896,-46.16060362776477,0.2619125291054479,1
21,0.7,Participant4_LS_SlUp,Endomorph,Normal,upright,1.0,0.0,0.0,-0.1776814695528578,-47.61776791781128,0.233032349300105,1
22,0.7333333333333333,Participant4_LS_SlUp,Endomorph,Normal,upright,1.0,0.0,0.0,-0.185521175262504,-47.08101807763695,0.2628206933444579,1
23,0.7666666666666667,Participant4_LS_SlUp,Endomorph,Normal,upright,1.0,0.0,0.0,-0.1791795431692446,-45.97792143028888,0.2529932266289147,1
24,0.8,Participant4_LS_SlUp,Endomorph,Normal,upright,1.0,0.0,0.0,-0.1768075445494974,-47.34668995821551,0.2309798479772236,1
25,0.8333333333333334,Participant4_LS_SlUp,Endomorph,Normal,upright,1.0,0.0,0.0,-0.1777872899995372,-46.16160967939618,0.2634931446440014,1
26,0.8666666666666667,Participant4_LS_SlUp,Endomorph,Normal,upright,1.0,0.0,0.0,-0.1861813328926368,-47.45743400711629,0.2341497914346624,1
27,0.9,Participant4_LS_SlUp,Endomorph,Normal,upright,1.0,0.0,0.0,-0.1727390842209233,-47.24201328314077,0.2414175014034141,1
28,0.9333333333333332,Participant4_LS_SlUp,Endomorph,Normal,upright,1.0,0.0,0.0,-0.2012501763244047,-47.41987314404349,0.2482890185716253,1
29,0.9666666666666668,Participant4_LS_SlUp,Endomorph,Normal,upright,1.0,0.0,0.0,-0.2026889497926993,-47.40170165231717,0.2455680840184486,1
30,1.0,Participant4_LS_SlUp,Endomorph,Normal,upright,1.0,0.0,0.0,-0.1531266672739113,-46.54577512063734,0.2625929682577227,1
31,1.0333333333333334,Participant4_LS_SlUp,Endomorph,Normal,upright,1.0,0.0,0.0,-0.1933175969905203,-46.37727482137695,0.2228945824852659,1
32,1.0666666666666669,Participant4_LS_SlUp,Endomorph,Normal,upright,1.0,0.0,0.0,-0.1868222282541631,-46.12141065874052,0.2551931039808452,1
33,1.1,Participant4_LS_SlUp,Endomorph,Normal,upright,1.0,0.0,0.0,-0.1899045229026338,-46.2467357520832,0.2482499059232914,1
34,1.1333333333333333,Participant4_LS_SlUp,Endomorph,Normal,upright,1.0,0.0,0.0,-0.1566661789966913,-46.20934668609223,0.2598653479567014,1
35,1.1666666666666667,Participant4_LS_SlUp,Endomorph,Normal,upright,1.0,0.0,0.0,-0.1420827648432028,-46.39228887827914,0.2267699817284765,1
36,1.2,Participant4_LS_SlUp,Endomorph,Normal,upright,1.0,0.0,0.0,-0.1726894832471572,-44.87269728886721,0.2381386462507397,1
37,1.2333333333333334,Participant4_LS_SlUp,Endomorph,Normal,upright,1.0,0.0,0.0,-0.1560049266726083,-45.24963386523039,0.2343188911260985,1
38,1.2666666666666666,Participant4_LS_SlUp,Endomorph,Normal,upright,1.0,0.0,0.0,-0.1548621304192089,-45.87751347803782,0.2171976394214443,1
39,1.3,Participant4_LS_SlUp,Endomorph,Normal,upright,1.0,0.0,0.0,-0.1582503827583877,-46.28874439124269,0.2330224832053948,1
40,1.3333333333333333,Participant4_LS_SlUp,Endomorph,Normal,upright,1.0,0.0,0.0,-0.1419477258908138,-45.13307173742326,0.2513644919838713,1
41,1.3666666666666667,Participant4_LS_SlUp,Endomorph,Normal,upright,1.0,0.0,0.0,-0.1485116690255145,-44.86964092026052,0.26934822919438,1
42,1.4,Participant4_LS_SlUp,Endomorph,Normal,upright,1.0,0.0,0.0,-0.1454628751041766,-44.81968099476477,0.2649208138520972,1
43,1.4333333333333331,Participant4_LS_SlUp,Endomorph,Normal,upright,1.0,0.0,0.0,-0.151772865358387,-45.8964280743543,0.2533760526225205,1
44,1.4666666666666666,Participant4_LS_SlUp,Endomorph,Normal,upright,1.0,0.0,0.0,-0.1415775640944145,-44.385905996009775,0.2610756940804875,1
45,1.5,Participant4_LS_SlUp,Endomorph,Normal,upright,1.0,0.0,0.0,-0.1638324546836063,-44.34245131069847,0.2418547092312077,1
46,1.5333333333333334,Participant4_LS_SlUp,Endomorph,Normal,upright,1.0,0.0,0.0,-0.1708591002968129,-44.48798972782197,0.2457935388965317,1
47,1.5666666666666669,Participant4_LS_SlUp,Endomorph,Normal,upright,1.0,0.0,0.0,-0.1503371084736258,-45.11532810757016,0.2561214001166245,1
48,1.6,Participant4_LS_SlUp,Endomorph,Normal,upright,1.0,0.0,0.0,-0.1344585273796159,-45.48218435806656,0.2828249371664678,1
49,1.6333333333333333,Participant4_LS_SlUp,Endomorph,Normal,upright,1.0,0.0,0.0,-0.1413258720437832,-46.43943252542926,0.2894885380978263,1
50,1.6666666666666667,Participant4_LS_SlUp,Endomorph,Normal,upright,1.0,0.0,0.0,-0.1639786356754594,-46.03358056145765,0.2769623732704798,1
51,1.7,Participant4_LS_SlUp,Endomorph,Normal,upright,1.0,0.0,0.0,-0.1589739529225627,-45.42757184951837,0.2659692858415585,1
52,1.7333333333333334,Participant4_LS_SlUp,Endomorph,Normal,upright,1.0,0.0,0.0,-0.1433957990240191,-45.14150827606132,0.2411919371447856,1
53,1.7666666666666666,Participant4_LS_SlUp,Endomorph,Normal,upright,1.0,0.0,0.0,-0.167726212506286,-44.5064524155085,0.2564804043931362,1
54,1.8,Participant4_LS_SlUp,Endomorph,Normal,upright,1.0,0.0,0.0,-0.1738702262364175,-43.04889165055989,0.2614316047387461,1
55,1.8333333333333333,Participant4_LS_SlUp,Endomorph,Normal,upright,1.0,0.0,0.0,-0.1515294257680577,-43.84676938233179,0.2517107517437552,1
56,1.8666666666666667,Participant4_LS_SlUp,Endomorph,Normal,upright,1.0,0.0,0.0,-0.1842040179114034,-44.966758131371854,0.2670007031613335,1
57,1.9,Participant4_LS_SlUp,Endomorph,Normal,upright,1.0,0.0,0.0,-0.1412193943126662,-45.74691609347938,0.2911320663477619,1
58,1.9333333333333331,Participant4_LS_SlUp,Endomorph,Normal,upright,1.0,0.0,0.0,-0.1198660118589896,-47.64605196926709,0.3060464379727198,1
59,1.9666666666666663,Participant4_LS_SlUp,Endomorph,Normal,upright,1.0,0.0,0.0,-0.1286629784814607,-45.06218674113464,0.2830088079783423,1
60,2.0,Participant4_LS_SlUp,Endomorph,Normal,upright,1.0,0.0,0.0,-0.1397331272428723,-44.667182399817605,0.2855072980443979,1
61,2.033333333333333,Participant4_LS_SlUp,Endomorph,Normal,upright,1.0,0.0,0.0,-0.1379453828105192,-44.22813635625416,0.2773885141311843,1
62,2.066666666666667,Participant4_LS_SlUp,Endomorph,Normal,upright,1.0,0.0,0.0,-0.1646420503956145,-44.02187635977094,0.2798328291721448,1
63,2.1,Participant4_LS_SlUp,Endomorph,Normal,upright,1.0,0.0,0.0,-0.1179360745165456,-43.9864307928113,0.2834592542392463,1
64,2.1333333333333333,Participant4_LS_SlUp,Endomorph,Normal,upright,1.0,0.0,0.0,-0.155717214628691,-43.18245523340975,0.2466938287908439,1
65,2.1666666666666665,Participant4_LS_SlUp,Endomorph,Normal,upright,1.0,0.0,0.0,-0.1383325475581974,-44.47351046366303,0.295376001867313,1
66,2.2,Participant4_LS_SlUp,Endomorph,Normal,upright,1.0,0.0,0.0,-0.138931367546688,-43.691127188060186,0.2844391059493081,1
67,2.2333333333333334,Participant4_LS_SlUp,Endomorph,Normal,upright,1.0,0.0,0.0,-0.1317498725520529,-44.69764115372949,0.2905599813618966,1
68,2.2666666666666666,Participant4_LS_SlUp,Endomorph,Normal,upright,1.0,0.0,0.0,-0.119200436493402,-46.2317482104944,0.2688417090556114,1
69,2.3,Participant4_LS_SlUp,Endomorph,Normal,upright,1.0,0.0,0.0,-0.1240086993443513,-43.127780848468525,0.2658210696549981,1
70,2.333333333333333,Participant4_LS_SlUp,Endomorph,Normal,upright,1.0,0.0,0.0,-0.175095721768066,-43.524780751156655,0.2856884612210654,1
71,2.3666666666666667,Participant4_LS_SlUp,Endomorph,Normal,upright,1.0,0.0,0.0,-0.1299196906815289,-44.38600483086464,0.2756096560024835,1
72,2.4,Participant4_LS_SlUp,Endomorph,Normal,upright,1.0,0.0,0.0,-0.1935301382756727,-44.37894414043035,0.2942701199361799,1
73,2.433333333333333,Participant4_LS_SlUp,Endomorph,Normal,upright,1.0,0.0,0.0,-0.1844309310462225,-44.861683280697136,0.2842463135588501,1
74,2.466666666666667,Participant4_LS_SlUp,Endomorph,Normal,upright,1.0,0.0,0.0,-0.1278456966149465,-45.48195770426251,0.2402823407041058,1
75,2.5,Participant4_LS_SlUp,Endomorph,Normal,upright,1.0,0.0,0.0,-0.1393918508062905,-46.64073516433601,0.2495664613851582,1
76,2.533333333333333,Participant4_LS_SlUp,Endomorph,Normal,upright,1.0,0.0,0.0,-0.1652968039510319,-46.575660905032485,0.2359333165284561,1
77,2.566666666666667,Participant4_LS_SlUp,Endomorph,Normal,upright,1.0,0.0,0.0,-0.1280737320553217,-45.968768522292464,0.2431761112897132,1
78,2.6,Participant4_LS_SlUp,Endomorph,Normal,upright,1.0,0.0,0.0,-0.1288056978640512,-45.946824021849935,0.2380584115716772,1
79,2.6333333333333333,Participant4_LS_SlUp,Endomorph,Normal,upright,1.0,0.0,0.0,-0.1391704285473302,-45.83093100764412,0.2980906995605988,1
80,2.6666666666666665,Participant4_LS_SlUp,Endomorph,Normal,upright,1.0,0.0,0.0,-0.1168630097552424,-45.82788404125352,0.2893572647406456,1
81,2.7,Participant4_LS_SlUp,Endomorph,Normal,upright,1.0,0.0,0.0,-0.1558757812072779,-42.31083534046486,0.2649133123397665,1
82,2.7333333333333334,Participant4_LS_SlUp,Endomorph,Normal,upright,1.0,0.0,0.0,-0.1571584220495047,-43.77220372414085,0.2671037663487893,1
83,2.7666666666666666,Participant4_LS_SlUp,Endomorph,Normal,upright,1.0,0.0,0.0,-0.1572105843551906,-46.751149696844,0.289408100352758,1
84,2.8,Participant4_LS_SlUp,Endomorph,Normal,upright,1.0,0.0,0.0,-0.1569627524677383,-46.01078522959165,0.2833741949904817,1
85,2.833333333333333,Participant4_LS_SlUp,Endomorph,Normal,upright,1.0,0.0,0.0,-0.1732251775577438,-47.23263634110478,0.2774118520606262,1
86,2.8666666666666667,Participant4_LS_SlUp,Endomorph,Normal,upright,1.0,0.0,0.0,-0.1664536966918697,-45.46052336454314,0.2313988315289927,1
87,2.9,Participant4_LS_SlUp,Endomorph,Normal,upright,1.0,0.0,0.0,-0.1637058484123859,-44.93806661302916,0.2592047966712221,1
88,2.933333333333333,Participant4_LS_SlUp,Endomorph,Normal,upright,1.0,0.0,0.0,-0.1571114296160009,-46.12926159018853,0.2394425580643625,1
89,2.966666666666667,Participant4_LS_SlUp,Endomorph,Normal,upright,1.0,0.0,0.0,-0.1526241884203799,-45.76068776871458,0.2582574713834297,1
90,3.0,Participant4_LS_SlUp,Endomorph,Normal,upright,1.0,0.0,0.0,-0.1406412169368635,-47.164361027133474,0.2626031029808923,1
91,3.033333333333333,Participant4_LS_SlUp,Endomorph,Normal,upright,1.0,0.0,0.0,-0.1477180723258152,-44.66355507257149,0.274704273010624,1
92,3.066666666666667,Participant4_LS_SlUp,Endomorph,Normal,upright,1.0,0.0,0.0,-0.1301256286157248,-47.95155652467199,0.2544644369248705,1
93,3.1,Participant4_LS_SlUp,Endomorph,Normal,upright,1.0,0.0,0.0,-0.1403559634007023,-47.341849461365946,0.2668141483200064,1
94,3.1333333333333333,Participant4_LS_SlUp,Endomorph,Normal,upright,1.0,0.0,0.0,-0.133163717853565,-45.80703724240772,0.2593193793139233,1
95,3.1666666666666665,Participant4_LS_SlUp,Endomorph,Normal,upright,1.0,0.0,0.0,-0.1389337885973188,-46.739947338706685,0.2552503350305618,1
96,3.2,Participant4_LS_SlUp,Endomorph,Normal,upright,1.0,0.0,0.0,-0.1436991030576918,-44.068843602039074,0.269748375357061,1
97,3.2333333333333334,Participant4_LS_SlUp,Endomorph,Normal,upright,1.0,0.0,0.0,-0.1438936097690008,-46.33284344143136,0.2625306024849644,1
98,3.2666666666666666,Participant4_LS_SlUp,Endomorph,Normal,upright,1.0,0.0,0.0,-0.1643651795840491,-46.37652456385981,0.2749864389784032,1
99,3.3,Participant4_LS_SlUp,Endomorph,Normal,upright,1.0,0.0,0.0,-0.1395122771609803,-45.937713254653424,0.2546287191468178,1
100,3.333333333333333,Participant4_LS_SlUp,Endomorph,Normal,upright,1.0,0.0,0.0,-0.1450339588177482,-45.86423022935789,0.2312822862560087,1
101,3.3666666666666667,Participant4_LS_SlUp,Endomorph,Normal,upright,1.0,0.0,0.0,-0.1683918642308377,-47.39954668551108,0.2609226325119224,1
102,3.4,Participant4_LS_SlUp,Endomorph,Normal,upright,1.0,0.0,0.0,-0.171168430015449,-47.03872304019169,0.2557504325431801,1
103,3.433333333333333,Participant4_LS_SlUp,Endomorph,Normal,upright,1.0,0.0,0.0,-0.1504829374139643,-47.124614916060885,0.2183812799664134,1
104,3.466666666666667,Participant4_LS_SlUp,Endomorph,Normal,upright,1.0,0.0,0.0,-0.143231181536547,-46.90254192984997,0.2174555986272734,1
105,3.5,Participant4_LS_SlUp,Endomorph,Normal,upright,1.0,0.0,0.0,-0.1805538729993664,-44.55637741956819,0.255319972718304,1
106,3.533333333333333,Participant4_LS_SlUp,Endomorph,Normal,upright,1.0,0.0,0.0,-0.1953938864881141,-44.63434859118831,0.2658917656823466,1
107,3.566666666666667,Participant4_LS_SlUp,Endomorph,Normal,upright,1.0,0.0,0.0,-0.1664753411781934,-48.15729048793558,0.2098311436698647,1
108,3.6,Participant4_LS_SlUp,Endomorph,Normal,upright,1.0,0.0,0.0,-0.1640199549493375,-48.13703894476844,0.2273611738155483,1
109,3.633333333333333,Participant4_LS_SlUp,Endomorph,Normal,upright,1.0,0.0,0.0,-0.1496790589129094,-46.97613684688393,0.2483539261424418,1
110,3.6666666666666665,Participant4_LS_SlUp,Endomorph,Normal,upright,1.0,0.0,0.0,-0.1445909547018958,-48.22846986952176,0.2342038763010812,1
111,3.7,Participant4_LS_SlUp,Endomorph,Normal,upright,1.0,0.0,0.0,-0.1464604424035163,-48.172529330236856,0.2295696891456663,1
112,3.733333333333333,Participant4_LS_SlUp,Endomorph,Normal,upright,1.0,0.0,0.0,-0.1452876349919182,-48.51905056586344,0.2359793665417021,1
113,3.7666666666666666,Participant4_LS_SlUp,Endomorph,Normal,upright,1.0,0.0,0.0,-0.1421448085222347,-47.14918828305877,0.2297480478558045,1
114,3.8,Participant4_LS_SlUp,Endomorph,Normal,upright,1.0,0.0,0.0,-0.1528409745913818,-47.99277325367925,0.2320128994004903,1
115,3.8333333333333335,Participant4_LS_SlUp,Endomorph,Normal,upright,1.0,0.0,0.0,-0.1836328495876886,-45.17963866930956,0.2560966423572132,1
116,3.8666666666666663,Participant4_LS_SlUp,Endomorph,Normal,upright,1.0,0.0,0.0,-0.1535127090465533,-48.70535028413772,0.2281171187980977,1
117,3.9,Participant4_LS_SlUp,Endomorph,Normal,upright,1.0,0.0,0.0,-0.1697754782124771,-44.73584350704952,0.2340436240967398,1
118,3.933333333333333,Participant4_LS_SlUp,Endomorph,Normal,upright,1.0,0.0,0.0,-0.1738080214457557,-44.12932884783597,0.2449606511692146,1
119,3.966666666666667,Participant4_LS_SlUp,Endomorph,Normal,upright,1.0,0.0,0.0,-0.1605522183933542,-45.17108099202769,0.274965456151886,1
120,4.0,Participant4_LS_SlUp,Endomorph,Normal,upright,1.0,0.0,0.0,-0.169057182937256,-45.69892555115035,0.2657648525448202,1
121,4.033333333333333,Participant4_LS_SlUp,Endomorph,Normal,upright,1.0,0.0,0.0,-0.1526200532169143,-44.77761434704399,0.2436780631725598,1
122,4.066666666666666,Participant4_LS_SlUp,Endomorph,Normal,upright,1.0,0.0,0.0,-0.1391683732562442,-45.50197911319275,0.2405418824793401,1
123,4.1,Participant4_LS_SlUp,Endomorph,Normal,upright,1.0,0.0,0.0,-0.1523921122890633,-44.95315079814045,0.2498137065919604,1
124,4.133333333333334,Participant4_LS_SlUp,Endomorph,Normal,upright,1.0,0.0,0.0,-0.1471041032113544,-45.93294813107181,0.2577563333703329,1
125,4.166666666666667,Participant4_LS_SlUp,Endomorph,Normal,upright,1.0,0.0,0.0,-0.1812154045410671,-45.42701842135783,0.2565145556081353,1
126,4.2,Participant4_LS_SlUp,Endomorph,Normal,upright,1.0,0.0,0.0,-0.1549860387448536,-45.6264623763643,0.2778859681816322,1
127,4.233333333333333,Participant4_LS_SlUp,Endomorph,Normal,upright,1.0,0.0,0.0,-0.1753296397077441,-46.35253445223786,0.2619687298609479,1
128,4.266666666666667,Participant4_LS_SlUp,Endomorph,Normal,upright,1.0,0.0,0.0,-0.1569688290279711,-45.194809803720254,0.2335652708527685,1
129,4.3,Participant4_LS_SlUp,Endomorph,Normal,upright,1.0,0.0,0.0,-0.152107948427735,-45.23589392903008,0.2433291926970434,1
130,4.333333333333333,Participant4_LS_SlUp,Endomorph,Normal,upright,1.0,0.0,0.0,-0.1632714155424567,-45.56600466197384,0.2482326052559863,1
131,4.366666666666666,Participant4_LS_SlUp,Endomorph,Normal,upright,1.0,0.0,0.0,-0.1852673710059567,-44.86786326750742,0.2579106293171339,1
132,4.4,Participant4_LS_SlUp,Endomorph,Normal,upright,1.0,0.0,0.0,-0.1773552887481441,-44.16943994930208,0.2635304410969893,1
133,4.433333333333334,Participant4_LS_SlUp,Endomorph,Normal,upright,1.0,0.0,0.0,-0.1819675535081376,-45.152027178562726,0.2447712020632798,1
134,4.466666666666667,Participant4_LS_SlUp,Endomorph,Normal,upright,1.0,0.0,0.0,-0.1741518828342848,-44.68847644226143,0.2637834915445807,1
135,4.5,Participant4_LS_SlUp,Endomorph,Normal,upright,1.0,0.0,0.0,-0.1710252063025463,-44.5070531396371,0.2660619002563463,1
136,4.533333333333333,Participant4_LS_SlUp,Endomorph,Normal,upright,1.0,0.0,0.0,-0.1583146151535153,-45.33257489983275,0.2585826016392749,1
137,4.566666666666666,Participant4_LS_SlUp,Endomorph,Normal,upright,1.0,0.0,0.0,-0.1592904248413241,-44.886260725883375,0.2597986906179603,1
138,4.6,Participant4_LS_SlUp,Endomorph,Normal,upright,1.0,0.0,0.0,-0.1459241075144902,-44.03432255639915,0.2492418310356676,1
139,4.633333333333334,Participant4_LS_SlUp,Endomorph,Normal,upright,1.0,0.0,0.0,-0.1405374422159482,-45.15661137172675,0.2657861715099781,1
140,4.666666666666667,Participant4_LS_SlUp,Endomorph,Normal,upright,1.0,0.0,0.0,-0.1546223966938008,-44.89340157116221,0.2521251106870494,1
141,4.7,Participant4_LS_SlUp,Endomorph,Normal,upright,1.0,0.0,0.0,-0.1459359983646425,-44.224470009708014,0.2415754506545989,1
142,4.733333333333333,Participant4_LS_SlUp,Endomorph,Normal,upright,1.0,0.0,0.0,-0.1452013797958453,-45.54928750864535,0.2792245092918552,1
143,4.766666666666667,Participant4_LS_SlUp,Endomorph,Normal,upright,1.0,0.0,0.0,-0.1604601392062171,-45.19500015291976,0.2942762562808715,1
144,4.8,Participant4_LS_SlUp,Endomorph,Normal,upright,1.0,0.0,0.0,-0.1602567760323491,-42.56784596336661,0.2710868606743946,1
145,4.833333333333333,Participant4_LS_SlUp,Endomorph,Normal,upright,1.0,0.0,0.0,-0.1762677022248583,-44.61259149402843,0.2569629590464263,1
146,4.866666666666666,Participant4_LS_SlUp,Endomorph,Normal,upright,1.0,0.0,0.0,-0.1427369673945637,-45.36348558567583,0.2599173841779663,1
147,4.9,Participant4_LS_SlUp,Endomorph,Normal,upright,1.0,0.0,0.0,-0.136392851901589,-45.55001701736907,0.2794146328029062,1
148,4.933333333333334,Participant4_LS_SlUp,Endomorph,Normal,upright,1.0,0.0,0.0,-0.1505809076228724,-46.42522075479193,0.234277258631226,1
149,4.966666666666667,Participant4_LS_SlUp,Endomorph,Normal,upright,1.0,0.0,0.0,-0.1556963528966606,-47.17624617261422,0.266444355262757,1
150,5.0,Participant4_LS_SlUp,Endomorph,Normal,upright,1.0,0.0,0.0,-0.1661896004878749,-47.21622783823787,0.2422984033522136,1
151,5.033333333333333,Participant4_LS_SlUp,Endomorph,Normal,upright,1.0,0.0,0.0,-0.1398947389675479,-47.13406102580598,0.2566190655907037,1
152,5.066666666666666,Participant4_LS_SlUp,Endomorph,Normal,upright,1.0,0.0,0.0,-0.1533564022814625,-43.810460450246296,0.2626397799241857,1
153,5.1,Participant4_LS_SlUp,Endomorph,Normal,upright,1.0,0.0,0.0,-0.1354019895264742,-47.418500002838606,0.2305782234073708,1
154,5.133333333333334,Participant4_LS_SlUp,Endomorph,Normal,upright,1.0,0.0,0.0,-0.1398447307688186,-44.95894820631668,0.2582667608239947,1
155,5.166666666666667,Participant4_LS_SlUp,Endomorph,Normal,upright,1.0,0.0,0.0,-0.1247367435225552,-44.49211551150287,0.2668893829053073,1
156,5.2,Participant4_LS_SlUp,Endomorph,Normal,upright,1.0,0.0,0.0,-0.1584820716011212,-44.83728705621443,0.2585674077933888,1
157,5.233333333333333,Participant4_LS_SlUp,Endomorph,Normal,upright,1.0,0.0,0.0,-0.1306240730104497,-47.5787648560045,0.2267429655492956,1
158,5.266666666666667,Participant4_LS_SlUp,Endomorph,Normal,upright,1.0,0.0,0.0,-0.1304779724883348,-45.59478649996296,0.2323477123611883,1
159,5.3,Participant4_LS_SlUp,Endomorph,Normal,upright,1.0,0.0,0.0,-0.1390301500770369,-47.34989675261852,0.2335537486058426,1
160,5.333333333333333,Participant4_LS_SlUp,Endomorph,Normal,upright,1.0,0.0,0.0,-0.1476285161793192,-45.54212790219332,0.2505647331761856,1
161,5.366666666666666,Participant4_LS_SlUp,Endomorph,Normal,upright,1.0,0.0,0.0,-0.1508486766926778,-44.32565586911213,0.2501081611992512,1
162,5.4,Participant4_LS_SlUp,Endomorph,Normal,upright,1.0,0.0,0.0,-0.1322760717763509,-47.02077492331796,0.2789359582347332,1
163,5.433333333333334,Participant4_LS_SlUp,Endomorph,Normal,upright,1.0,0.0,0.0,-0.1443573549600441,-46.26244404940733,0.2290111730615533,1
164,5.466666666666667,Participant4_LS_SlUp,Endomorph,Normal,upright,1.0,0.0,0.0,-0.1514817627676534,-45.88355546718808,0.2434449102487925,1
165,5.5,Participant4_LS_SlUp,Endomorph,Normal,upright,1.0,0.0,0.0,-0.1385699997954393,-46.85151226368933,0.2088318427282634,1
166,5.533333333333333,Participant4_LS_SlUp,Endomorph,Normal,upright,1.0,0.0,0.0,-0.1468096409216748,-45.97580723601188,0.227967241745558,1
167,5.566666666666666,Participant4_LS_SlUp,Endomorph,Normal,upright,1.0,0.0,0.0,-0.1486856199597758,-45.44032512460888,0.223295158121574,1
168,5.6,Participant4_LS_SlUp,Endomorph,Normal,upright,1.0,0.0,0.0,-0.1476331115670177,-44.93708802537628,0.234772100365223,1
169,5.633333333333334,Participant4_LS_SlUp,Endomorph,Normal,upright,1.0,0.0,0.0,-0.1459291383868921,-45.56011332380036,0.2571320517878119,1
170,5.666666666666667,Participant4_LS_SlUp,Endomorph,Normal,upright,1.0,0.0,0.0,-0.1191649664661044,-46.115225445007134,0.2878855407692119,1
171,5.7,Participant4_LS_SlUp,Endomorph,Normal,upright,1.0,0.0,0.0,-0.1320017896032347,-45.1274902424325,0.2717399767243092,1
172,5.733333333333333,Participant4_LS_SlUp,Endomorph,Normal,upright,1.0,0.0,0.0,-0.1195169693825838,-45.86269086834465,0.271487813481328,1
173,5.766666666666667,Participant4_LS_SlUp,Endomorph,Normal,upright,1.0,0.0,0.0,-0.1224150679636716,-43.52969903068077,0.2695736055414784,1
174,5.8,Participant4_LS_SlUp,Endomorph,Normal,upright,1.0,0.0,0.0,-0.1488624767666342,-43.10193345971184,0.2623115317176825,1
175,5.833333333333333,Participant4_LS_SlUp,Endomorph,Normal,upright,1.0,0.0,0.0,-0.1554320738186869,-45.60374998442535,0.2427940804554787,1
176,5.866666666666666,Participant4_LS_SlUp,Endomorph,Normal,upright,1.0,0.0,0.0,-0.1446795638870784,-46.46659441105296,0.2299754319497126,1
177,5.9,Participant4_LS_SlUp,Endomorph,Normal,upright,1.0,0.0,0.0,-0.1297471586330759,-44.58915750594509,0.2600365018459744,1
178,5.933333333333334,Participant4_LS_SlUp,Endomorph,Normal,upright,1.0,0.0,0.0,-0.17055310943707,-44.25354864238916,0.2716441697520297,1
179,5.966666666666667,Participant4_LS_SlUp,Endomorph,Normal,upright,1.0,0.0,0.0,-0.1572344317937752,-44.98568318723678,0.262614820372061,1
180,6.0,Participant4_LS_SlUp,Endomorph,Normal,upright,1.0,0.0,0.0,-0.1812107607001418,-46.70851869716289,0.2801395752180298,1
181,6.033333333333333,Participant4_LS_SlUp,Endomorph,Normal,upright,1.0,0.0,0.0,-0.1934621291150453,-47.15387498252438,0.2820221237762271,1
182,6.066666666666666,Participant4_LS_SlUp,Endomorph,Normal,upright,1.0,0.0,0.0,-0.1450210086557354,-45.24203058819334,0.2626378564838391,1
183,6.1,Participant4_LS_SlUp,Endomorph,Normal,upright,1.0,0.0,0.0,-0.1351902381375778,-47.42482034311435,0.2424441812976041,1
184,6.133333333333334,Participant4_LS_SlUp,Endomorph,Normal,upright,1.0,0.0,0.0,-0.1759994303198444,-44.54968021488054,0.2529214221587565,1
185,6.166666666666667,Participant4_LS_SlUp,Endomorph,Normal,upright,1.0,0.0,0.0,-0.1453410687414943,-46.9900421416728,0.2332822165090518,1
186,6.2,Participant4_LS_SlUp,Endomorph,Normal,upright,1.0,0.0,0.0,-0.1510011544485717,-44.66404028286168,0.2553423433430127,1
187,6.233333333333333,Participant4_LS_SlUp,Endomorph,Normal,upright,1.0,0.0,0.0,-0.164568293474687,-45.07852704056896,0.2395653856783798,1
188,6.266666666666667,Participant4_LS_SlUp,Endomorph,Normal,upright,1.0,0.0,0.0,-0.1453560173373341,-45.99434150180331,0.2551904784612813,1
189,6.3,Participant4_LS_SlUp,Endomorph,Normal,upright,1.0,0.0,0.0,-0.1552481441406429,-46.20349264377408,0.2812032289236175,1
190,6.333333333333333,Participant4_LS_SlUp,Endomorph,Normal,upright,1.0,0.0,0.0,-0.1700612292707911,-46.06882253374063,0.232763809503651,1
191,6.366666666666666,Participant4_LS_SlUp,Endomorph,Normal,upright,1.0,0.0,0.0,-0.1798594947802924,-44.87984359002718,0.2469533023162146,1
192,6.4,Participant4_LS_SlUp,Endomorph,Normal,upright,1.0,0.0,0.0,-0.167408438493166,-45.19477900781272,0.2518764250275215,1
193,6.433333333333334,Participant4_LS_SlUp,Endomorph,Normal,upright,1.0,0.0,0.0,-0.1653389175887902,-43.77399965839376,0.2540625390894061,1
194,6.466666666666667,Participant4_LS_SlUp,Endomorph,Normal,upright,1.0,0.0,0.0,-0.1645584491334805,-44.32638279161811,0.2283677437498454,1
195,6.5,Participant4_LS_SlUp,Endomorph,Normal,upright,1.0,0.0,0.0,-0.1677625205193508,-42.85953910249922,0.2717136563374767,1
196,6.533333333333333,Participant4_LS_SlUp,Endomorph,Normal,upright,1.0,0.0,0.0,-0.1660496222447847,-44.1959679119869,0.2666518222675459,1
197,6.566666666666666,Participant4_LS_SlUp,Endomorph,Normal,upright,1.0,0.0,0.0,-0.1472397468957781,-44.590094777093626,0.2721493438127004,1
198,6.6,Participant4_LS_SlUp,Endomorph,Normal,upright,1.0,0.0,0.0,-0.1720380497356938,-44.6627657933605,0.2644617298019266,1
199,6.633333333333334,Participant4_LS_SlUp,Endomorph,Normal,upright,1.0,0.0,0.0,-0.169037915458986,-44.596427894404215,0.2604884122786358,1
200,6.666666666666667,Participant4_LS_SlUp,Endomorph,Normal,upright,1.0,0.0,0.0,-0.1684938712762955,-44.62733708074956,0.2749569694804491,1
201,6.7,Participant4_LS_SlUp,Endomorph,Normal,upright,1.0,0.0,0.0,-0.1743976403908048,-44.77385802015403,0.250529971488714,1
202,6.733333333333333,Participant4_LS_SlUp,Endomorph,Normal,upright,1.0,0.0,0.0,-0.1521768467507711,-42.02852829498651,0.2724661510882961,1
203,6.766666666666667,Participant4_LS_SlUp,Endomorph,Normal,upright,1.0,0.0,0.0,-0.1580428388891867,-44.68576669377327,0.2588986915096968,1
204,6.8,Participant4_LS_SlUp,Endomorph,Normal,upright,1.0,0.0,0.0,-0.1394610757287109,-46.59988580755403,0.2281269502398292,1
205,6.833333333333333,Participant4_LS_SlUp,Endomorph,Normal,upright,1.0,0.0,0.0,-0.1342198329703883,-46.23850794444624,0.2346138212686301,1
206,6.866666666666666,Participant4_LS_SlUp,Endomorph,Normal,upright,1.0,0.0,0.0,-0.1771447043304717,-45.97586891043704,0.2525038799727795,1
207,6.9,Participant4_LS_SlUp,Endomorph,Normal,upright,1.0,0.0,0.0,-0.1556512298989952,-44.18537033429631,0.2741180196720341,1
208,6.933333333333334,Participant4_LS_SlUp,Endomorph,Normal,upright,1.0,0.0,0.0,-0.1605252974304875,-44.64898604165779,0.2479945168409137,1
209,6.966666666666667,Participant4_LS_SlUp,Endomorph,Normal,upright,1.0,0.0,0.0,-0.1443670812395906,-47.80546759412277,0.2297645596929621,1
210,7.0,Participant4_LS_SlUp,Endomorph,Normal,upright,1.0,0.0,0.0,-0.1471227850122303,-46.574053601856384,0.2332154427819335,1
211,7.033333333333333,Participant4_LS_SlUp,Endomorph,Normal,upright,1.0,0.0,0.0,-0.162912234445937,-45.36765262943731,0.2701294714434514,1
212,7.066666666666666,Participant4_LS_SlUp,Endomorph,Normal,upright,1.0,0.0,0.0,-0.1453614207824894,-44.96227349329911,0.2574367046963886,1
213,7.1,Participant4_LS_SlUp,Endomorph,Normal,upright,1.0,0.0,0.0,-0.1416591906169896,-45.14241869503008,0.2806015448150651,1
214,7.133333333333334,Participant4_LS_SlUp,Endomorph,Normal,upright,1.0,0.0,0.0,-0.1977046896836367,-43.02077079719005,0.2564152776433956,1
215,7.166666666666667,Participant4_LS_SlUp,Endomorph,Normal,upright,1.0,0.0,0.0,-0.1648926221187709,-44.10411637649256,0.2479648233811669,1
216,7.2,Participant4_LS_SlUp,Endomorph,Normal,upright,1.0,0.0,0.0,-0.1497318913669658,-46.5690665347618,0.2358851614311937,1
217,7.233333333333333,Participant4_LS_SlUp,Endomorph,Normal,upright,1.0,0.0,0.0,-0.1647338348553501,-47.79770581902589,0.2265461443817762,1
218,7.266666666666667,Participant4_LS_SlUp,Endomorph,Normal,upright,1.0,0.0,0.0,-0.1640903027281325,-47.63209526818319,0.2275642841403075,1
219,7.3,Participant4_LS_SlUp,Endomorph,Normal,upright,1.0,0.0,0.0,-0.1453207965438938,-46.94862916149204,0.25492807609188,1
220,7.333333333333333,Participant4_LS_SlUp,Endomorph,Normal,upright,1.0,0.0,0.0,-0.171189663266153,-47.195712519980816,0.2385078314944468,1
221,7.366666666666666,Participant4_LS_SlUp,Endomorph,Normal,upright,1.0,0.0,0.0,-0.1583530320648882,-44.33621053960275,0.2546852629641994,1
222,7.4,Participant4_LS_SlUp,Endomorph,Normal,upright,1.0,0.0,0.0,-0.1656868611658687,-44.6463135942357,0.2546325426550919,1
223,7.433333333333334,Participant4_LS_SlUp,Endomorph,Normal,upright,1.0,0.0,0.0,-0.1615644202974341,-45.17216283480457,0.2653303785324316,1
224,7.466666666666667,Participant4_LS_SlUp,Endomorph,Normal,upright,1.0,0.0,0.0,-0.1278033985385105,-44.954266351377136,0.2386930310080153,1
225,7.5,Participant4_LS_SlUp,Endomorph,Normal,upright,1.0,0.0,0.0,-0.1531778308674815,-45.490054975956106,0.2368968286906623,1
226,7.533333333333333,Participant4_LS_SlUp,Endomorph,Normal,upright,1.0,0.0,0.0,-0.1561479092375935,-43.74479736074352,0.2351596448534248,1
227,7.566666666666666,Participant4_LS_SlUp,Endomorph,Normal,upright,1.0,0.0,0.0,-0.1521782043721661,-43.96697541245678,0.2425767882226508,1
228,7.6,Participant4_LS_SlUp,Endomorph,Normal,upright,1.0,0.0,0.0,-0.1496438522257817,-45.61062771860075,0.2143671229256931,1
229,7.633333333333334,Participant4_LS_SlUp,Endomorph,Normal,upright,1.0,0.0,0.0,-0.1551142681596847,-42.70471296039998,0.2350193821480263,1
230,7.666666666666667,Participant4_LS_SlUp,Endomorph,Normal,upright,1.0,0.0,0.0,-0.1473813223068739,-43.814096254652384,0.2372995238136253,1
231,7.7,Participant4_LS_SlUp,Endomorph,Normal,upright,1.0,0.0,0.0,-0.1510469602113054,-46.33067630565562,0.2522765195285684,1
232,7.733333333333333,Participant4_LS_SlUp,Endomorph,Normal,upright,1.0,0.0,0.0,-0.1731150600803817,-43.769760696322976,0.2453957403152514,1
233,7.766666666666667,Participant4_LS_SlUp,Endomorph,Normal,upright,1.0,0.0,0.0,-0.1609784219746086,-43.96497422876306,0.2639605803295376,1
234,7.8,Participant4_LS_SlUp,Endomorph,Normal,upright,1.0,0.0,0.0,-0.1532347152114666,-44.246958571577885,0.2581828865701124,1
235,7.833333333333333,Participant4_LS_SlUp,Endomorph,Normal,upright,1.0,0.0,0.0,-0.1643190402017563,-44.23815144272509,0.210737737589863,1
236,7.866666666666666,Participant4_LS_SlUp,Endomorph,Normal,upright,1.0,0.0,0.0,-0.1542066382675934,-43.22877629880801,0.2678659786035117,1
237,7.9,Participant4_LS_SlUp,Endomorph,Normal,upright,1.0,0.0,0.0,-0.1633915550330173,-44.41289839391161,0.2579417677763577,1
238,7.933333333333334,Participant4_LS_SlUp,Endomorph,Normal,upright,1.0,0.0,0.0,-0.1657865367366131,-45.32273521053576,0.2748594668474602,1
239,7.966666666666667,Participant4_LS_SlUp,Endomorph,Normal,upright,1.0,0.0,0.0,-0.1655305069749079,-43.96411925580508,0.2519311380748931,1
240,8.0,Participant4_LS_SlUp,Endomorph,Normal,upright,1.0,0.0,0.0,-0.1699239488376105,-46.27223621260953,0.2595229831496456,1
241,8.033333333333333,Participant4_LS_SlUp,Endomorph,Normal,upright,1.0,0.0,0.0,-0.1713592823503256,-46.02595125598139,0.2146401826866761,1
242,8.066666666666666,Participant4_LS_SlUp,Endomorph,Normal,upright,1.0,0.0,0.0,-0.1786912006896808,-45.88753627651389,0.2102083217856039,1
243,8.1,Participant4_LS_SlUp,Endomorph,Normal,upright,1.0,0.0,0.0,-0.1769139171037042,-45.316844006840206,0.2200526193211715,1
244,8.133333333333333,Participant4_LS_SlUp,Endomorph,Normal,upright,1.0,0.0,0.0,-0.159340379912502,-46.842005047007305,0.2327087838588193,1
245,8.166666666666666,Participant4_LS_SlUp,Endomorph,Normal,upright,1.0,0.0,0.0,-0.1481685692634762,-44.979955415197,0.2913356317902937,1
246,8.2,Participant4_LS_SlUp,Endomorph,Normal,upright,1.0,0.0,0.0,-0.1519230688841935,-45.12560756361358,0.292428317111263,1
247,8.233333333333333,Participant4_LS_SlUp,Endomorph,Normal,upright,1.0,0.0,0.0,-0.1527878102677796,-43.36493246367805,0.2831774937826148,1
248,8.266666666666667,Participant4_LS_SlUp,Endomorph,Normal,upright,1.0,0.0,0.0,-0.1650220103006827,-43.37599519345401,0.2532491632286149,1
249,8.3,Participant4_LS_SlUp,Endomorph,Normal,upright,1.0,0.0,0.0,-0.1600113442326793,-43.59675038470323,0.2439084151580713,1
250,8.333333333333334,Participant4_LS_SlUp,Endomorph,Normal,upright,1.0,0.0,0.0,-0.1735648456443423,-43.7255237300184,0.2439072032947022,1
251,8.366666666666667,Participant4_LS_SlUp,Endomorph,Normal,upright,1.0,0.0,0.0,-0.1605205344207593,-45.46910445101483,0.256455931745238,1
252,8.4,Participant4_LS_SlUp,Endomorph,Normal,upright,1.0,0.0,0.0,-0.1549647004938464,-45.32735017461935,0.24749480018893,1
253,8.433333333333334,Participant4_LS_SlUp,Endomorph,Normal,upright,1.0,0.0,0.0,-0.1633735490472919,-42.39994642826826,0.237709926597596,1
254,8.466666666666667,Participant4_LS_SlUp,Endomorph,Normal,upright,1.0,0.0,0.0,-0.178755727577653,-45.11862998898611,0.2215379158177648,1
255,8.5,Participant4_LS_SlUp,Endomorph,Normal,upright,1.0,0.0,0.0,-0.1705534788763614,-43.09445854614166,0.2668296261846992,1
256,8.533333333333333,Participant4_LS_SlUp,Endomorph,Normal,upright,1.0,0.0,0.0,-0.1744707683663475,-43.50525840672356,0.2436844833380618,1
257,8.566666666666666,Participant4_LS_SlUp,Endomorph,Normal,upright,1.0,0.0,0.0,-0.1576944808906587,-45.79670005146685,0.1967399958806918,1
258,8.6,Participant4_LS_SlUp,Endomorph,Normal,upright,1.0,0.0,0.0,-0.1865597169039556,-45.67809225970119,0.2104231255373302,1
259,8.633333333333333,Participant4_LS_SlUp,Endomorph,Normal,upright,1.0,0.0,0.0,-0.1757027189446239,-47.0236143212565,0.2136412884694006,1
260,8.666666666666666,Participant4_LS_SlUp,Endomorph,Normal,upright,1.0,0.0,0.0,-0.1690598239205631,-44.99322282965799,0.2265205302474775,1
261,8.7,Participant4_LS_SlUp,Endomorph,Normal,upright,1.0,0.0,0.0,-0.2128764220624168,-45.0264819268664,0.2550988674920013,1
262,8.733333333333333,Participant4_LS_SlUp,Endomorph,Normal,upright,1.0,0.0,0.0,-0.1498754594512471,-43.69501282256355,0.2388221300316766,1
263,8.766666666666667,Participant4_LS_SlUp,Endomorph,Normal,upright,1.0,0.0,0.0,-0.1910347885299261,-45.32694888281274,0.2455799086487496,1
264,8.8,Participant4_LS_SlUp,Endomorph,Normal,upright,1.0,0.0,0.0,-0.1604252379482061,-44.57292374699205,0.189391518605857,1
265,8.833333333333334,Participant4_LS_SlUp,Endomorph,Normal,upright,1.0,0.0,0.0,-0.1560333305572026,-46.82305123475642,0.2251365876742405,1
266,8.866666666666667,Participant4_LS_SlUp,Endomorph,Normal,upright,1.0,0.0,0.0,-0.1708057014126969,-45.71629288821366,0.2068540519136498,1
267,8.9,Participant4_LS_SlUp,Endomorph,Normal,upright,1.0,0.0,0.0,-0.1748771914950909,-47.206396960807815,0.2005526720664031,1
268,8.933333333333334,Participant4_LS_SlUp,Endomorph,Normal,upright,1.0,0.0,0.0,-0.1399255703633377,-43.41439284773138,0.250913009026262,1
269,8.966666666666667,Participant4_LS_SlUp,Endomorph,Normal,upright,1.0,0.0,0.0,-0.1789490209062957,-43.95936947698251,0.2497299390385323,1
270,9.0,Participant4_LS_SlUp,Endomorph,Normal,upright,1.0,0.0,0.0,-0.1733644977006128,-44.86235455597734,0.2355075049477006,1
271,9.033333333333331,Participant4_LS_SlUp,Endomorph,Normal,upright,1.0,0.0,0.0,-0.1351655786172205,-42.86991289244711,0.197109911405091,1
272,9.066666666666666,Participant4_LS_SlUp,Endomorph,Normal,upright,1.0,0.0,0.0,-0.1753522027395011,-41.72170175079897,0.2011613703487056,1
273,9.1,Participant4_LS_SlUp,Endomorph,Normal,upright,1.0,0.0,0.0,-0.1714334055468716,-41.587916446865805,0.203329874797206,1
274,9.133333333333333,Participant4_LS_SlUp,Endomorph,Normal,upright,1.0,0.0,0.0,-0.1456636155933358,-45.07307609051769,0.2206345775814465,1
275,9.166666666666666,Participant4_LS_SlUp,Endomorph,Normal,upright,1.0,0.0,0.0,-0.1501532434821756,-45.776211031696725,0.20837689600608,1
276,9.2,Participant4_LS_SlUp,Endomorph,Normal,upright,1.0,0.0,0.0,-0.1317064685783716,-44.41776274446799,0.2096802880074937,1
277,9.233333333333333,Participant4_LS_SlUp,Endomorph,Normal,upright,1.0,0.0,0.0,-0.1442927859188502,-44.85175936740468,0.2189514719726237,1
278,9.266666666666667,Participant4_LS_SlUp,Endomorph,Normal,upright,1.0,0.0,0.0,-0.1608558434380721,-46.01993561914839,0.2140202934790013,1
279,9.3,Participant4_LS_SlUp,Endomorph,Normal,upright,1.0,0.0,0.0,-0.146450778042552,-44.52103279701744,0.205402614354986,1
280,9.333333333333334,Participant4_LS_SlUp,Endomorph,Normal,upright,1.0,0.0,0.0,-0.1511545327172999,-45.13223882149761,0.2620644706284674,1
281,9.366666666666667,Participant4_LS_SlUp,Endomorph,Normal,upright,1.0,0.0,0.0,-0.1514954698821264,-45.10203214162465,0.2598611260868151,1
282,9.4,Participant4_LS_SlUp,Endomorph,Normal,upright,1.0,0.0,0.0,-0.170161503181716,-46.05153729501574,0.2267679787537037,1
283,9.433333333333334,Participant4_LS_SlUp,Endomorph,Normal,upright,1.0,0.0,0.0,-0.1565337588861012,-44.50201085093455,0.2250729442890799,1
284,9.466666666666669,Participant4_LS_SlUp,Endomorph,Normal,upright,1.0,0.0,0.0,-0.1625424116587703,-43.47380919492189,0.2367355075504971,1
285,9.5,Participant4_LS_SlUp,Endomorph,Normal,upright,1.0,0.0,0.0,-0.1779528037382786,-44.0076601427896,0.230287072959783,1
286,9.533333333333331,Participant4_LS_SlUp,Endomorph,Normal,upright,1.0,0.0,0.0,-0.1638869942363138,-43.64190258345924,0.2182011341316927,1
287,9.566666666666666,Participant4_LS_SlUp,Endomorph,Normal,upright,1.0,0.0,0.0,-0.1892497999107442,-43.357302504189946,0.2436641803812245,1
288,9.6,Participant4_LS_SlUp,Endomorph,Normal,upright,1.0,0.0,0.0,-0.179575523564735,-43.66025171461335,0.2424327068238402,1
289,9.633333333333333,Participant4_LS_SlUp,Endomorph,Normal,upright,1.0,0.0,0.0,-0.1657487187874268,-46.3315758224933,0.2144639711629844,1
290,9.666666666666666,Participant4_LS_SlUp,Endomorph,Normal,upright,1.0,0.0,0.0,-0.1779590381255444,-44.30179719423953,0.2264136178157021,1
291,9.7,Participant4_LS_SlUp,Endomorph,Normal,upright,1.0,0.0,0.0,-0.1788466489294321,-44.79483282390939,0.2652708367130825,1
292,9.733333333333333,Participant4_LS_SlUp,Endomorph,Normal,upright,1.0,0.0,0.0,-0.1791444450445849,-44.02774982554709,0.2387999146187095,1
293,9.766666666666667,Participant4_LS_SlUp,Endomorph,Normal,upright,1.0,0.0,0.0,-0.1799400849629255,-44.456957572195,0.2174099973427094,1
294,9.8,Participant4_LS_SlUp,Endomorph,Normal,upright,1.0,0.0,0.0,-0.1627369975941283,-46.72703699282373,0.2105199844821741,1
295,9.833333333333334,Participant4_LS_SlUp,Endomorph,Normal,upright,1.0,0.0,0.0,-0.149108763426007,-44.311299475518,0.2544848279076691,1
296,9.866666666666667,Participant4_LS_SlUp,Endomorph,Normal,upright,1.0,0.0,0.0,-0.1986066344252394,-43.70666186410743,0.2409867861690216,1
297,9.9,Participant4_LS_SlUp,Endomorph,Normal,upright,1.0,0.0,0.0,-0.1567074402575218,-43.02274747051256,0.2383745518675346,1
298,9.933333333333334,Participant4_LS_SlUp,Endomorph,Normal,upright,1.0,0.0,0.0,-0.187443685902824,-42.78343334648827,0.2405006832504796,1
299,9.966666666666669,Participant4_LS_SlUp,Endomorph,Normal,upright,1.0,0.0,0.0,-0.1626723909273417,-43.45632441714822,0.2496835762530545,1
300,10.0,Participant4_LS_SlUp,Endomorph,Normal,upright,1.0,0.0,0.0,-0.1449101924411356,-44.41154663518132,0.2553763353899215,1
301,10.033333333333331,Participant4_LS_SlUp,Endomorph,Normal,upright,1.0,0.0,0.0,-0.1714327910090942,-46.28988968820166,0.2338282484375106,1
302,10.066666666666666,Participant4_LS_SlUp,Endomorph,Normal,upright,1.0,0.0,0.0,-0.1730741917683228,-44.77661649178992,0.2339596918979495,1
303,10.1,Participant4_LS_SlUp,Endomorph,Normal,upright,1.0,0.0,0.0,-0.1785870425954168,-46.65271095599319,0.2397837657483043,1
304,10.133333333333333,Participant4_LS_SlUp,Endomorph,Normal,upright,1.0,0.0,0.0,-0.1794188874934041,-46.66967724310319,0.2428359097110138,1
305,10.166666666666666,Participant4_LS_SlUp,Endomorph,Normal,upright,1.0,0.0,0.0,-0.148860274052501,-46.9588071709042,0.2272836518916807,1
306,10.2,Participant4_LS_SlUp,Endomorph,Normal,upright,1.0,0.0,0.0,-0.1517935592330624,-46.51706631194444,0.2456317860158831,1
307,10.233333333333333,Participant4_LS_SlUp,Endomorph,Normal,upright,1.0,0.0,0.0,-0.1543896105289231,-45.46685799202148,0.2394411620971714,1
308,10.266666666666667,Participant4_LS_SlUp,Endomorph,Normal,upright,1.0,0.0,0.0,-0.1602435858628813,-43.506687680646095,0.2302090574750421,1
309,10.3,Participant4_LS_SlUp,Endomorph,Normal,upright,1.0,0.0,0.0,-0.176115494059017,-45.09614961926979,0.2405628786536706,1
310,10.333333333333334,Participant4_LS_SlUp,Endomorph,Normal,upright,1.0,0.0,0.0,-0.1880276037523071,-43.537091623985454,0.2350670234213834,1
311,10.366666666666667,Participant4_LS_SlUp,Endomorph,Normal,upright,1.0,0.0,0.0,-0.1563640654249298,-44.42924492632165,0.2345334708249121,1
312,10.4,Participant4_LS_SlUp,Endomorph,Normal,upright,1.0,0.0,0.0,-0.1556512338250124,-45.59949392203001,0.2043936687917607,1
313,10.433333333333334,Participant4_LS_SlUp,Endomorph,Normal,upright,1.0,0.0,0.0,-0.1621339978901576,-45.92522092130807,0.2192005058761623,1
314,10.466666666666669,Participant4_LS_SlUp,Endomorph,Normal,upright,1.0,0.0,0.0,-0.1953736278327129,-42.81636502955932,0.2438399893088911,1
315,10.5,Participant4_LS_SlUp,Endomorph,Normal,upright,1.0,0.0,0.0,-0.1576875634301215,-45.14418942474658,0.2412473279198739,1
316,10.533333333333331,Participant4_LS_SlUp,Endomorph,Normal,upright,1.0,0.0,0.0,-0.177567431938809,-46.12004580627859,0.2264671868553056,1
317,10.566666666666666,Participant4_LS_SlUp,Endomorph,Normal,upright,1.0,0.0,0.0,-0.1755258575251181,-45.76657337385653,0.2434716271291896,1
318,10.6,Participant4_LS_SlUp,Endomorph,Normal,upright,1.0,0.0,0.0,-0.1774909366774585,-44.44946636790672,0.229230535785363,1
319,10.633333333333333,Participant4_LS_SlUp,Endomorph,Normal,upright,1.0,0.0,0.0,-0.1714997812335608,-44.00493684304595,0.2384268112280315,1
320,10.666666666666666,Participant4_LS_SlUp,Endomorph,Normal,upright,1.0,0.0,0.0,-0.1733392443858226,-45.69816435361793,0.2398663975482257,1
321,10.7,Participant4_LS_SlUp,Endomorph,Normal,upright,1.0,0.0,0.0,-0.1621656304904384,-45.04650238060341,0.2487725460560292,1
322,10.733333333333333,Participant4_LS_SlUp,Endomorph,Normal,upright,1.0,0.0,0.0,-0.1759442293189304,-45.117201018968295,0.2445031311685017,1
323,10.766666666666667,Participant4_LS_SlUp,Endomorph,Normal,upright,1.0,0.0,0.0,-0.1718120990609526,-46.145935019718266,0.2374584940969513,1
324,10.8,Participant4_LS_SlUp,Endomorph,Normal,upright,1.0,0.0,0.0,-0.1464249198374258,-47.07413615527217,0.249962749705444,1
325,10.833333333333334,Participant4_LS_SlUp,Endomorph,Normal,upright,1.0,0.0,0.0,-0.1490793029787335,-46.71157968369148,0.2471703525288479,1
326,10.866666666666667,Participant4_LS_SlUp,Endomorph,Normal,upright,1.0,0.0,0.0,-0.1492913902956652,-46.58379547434141,0.2242294634674691,1
327,10.9,Participant4_LS_SlUp,Endomorph,Normal,upright,1.0,0.0,0.0,-0.1552093715416211,-48.612292333825685,0.2260258982505593,1
328,10.933333333333334,Participant4_LS_SlUp,Endomorph,Normal,upright,1.0,0.0,0.0,-0.15501790215408,-47.03927709565789,0.2222565542984194,1
329,10.966666666666669,Participant4_LS_SlUp,Endomorph,Normal,upright,1.0,0.0,0.0,-0.1410680080856046,-45.89630825291499,0.2576844570969223,1
330,11.0,Participant4_LS_SlUp,Endomorph,Normal,upright,1.0,0.0,0.0,-0.1726976343722002,-47.34707538528245,0.231604424391601,1
331,11.033333333333331,Participant4_LS_SlUp,Endomorph,Normal,upright,1.0,0.0,0.0,-0.1731692061682994,-47.79417718042257,0.2310056173469251,1
332,11.066666666666666,Participant4_LS_SlUp,Endomorph,Normal,upright,1.0,0.0,0.0,-0.1509391335813406,-48.657271095011815,0.2214152324313524,1
333,11.1,Participant4_LS_SlUp,Endomorph,Normal,upright,1.0,0.0,0.0,-0.1580955411582128,-47.73961899757176,0.2238772572350521,1
334,11.133333333333333,Participant4_LS_SlUp,Endomorph,Normal,upright,1.0,0.0,0.0,-0.1363162526133242,-47.79569845557713,0.2358694015417836,1
335,11.166666666666666,Participant4_LS_SlUp,Endomorph,Normal,upright,1.0,0.0,0.0,-0.1456535201323362,-47.27213524821406,0.2362576720064516,1
336,11.2,Participant4_LS_SlUp,Endomorph,Normal,upright,1.0,0.0,0.0,-0.1334464511858401,-47.19596012522733,0.2178230856146037,1
337,11.233333333333333,Participant4_LS_SlUp,Endomorph,Normal,upright,1.0,0.0,0.0,-0.133418618025459,-48.06357565808744,0.2155886485507236,1
338,11.266666666666667,Participant4_LS_SlUp,Endomorph,Normal,upright,1.0,0.0,0.0,-0.1611092454477566,-46.80207874431279,0.2533740718382219,1
339,11.3,Participant4_LS_SlUp,Endomorph,Normal,upright,1.0,0.0,0.0,-0.1204336910954385,-47.57752137526866,0.226762665960487,1
340,11.333333333333334,Participant4_LS_SlUp,Endomorph,Normal,upright,1.0,0.0,0.0,-0.1332130676197603,-47.31218070851007,0.2229418461520884,1
341,11.366666666666667,Participant4_LS_SlUp,Endomorph,Normal,upright,1.0,0.0,0.0,-0.1708433462622279,-47.22771158949376,0.2331755230407334,1
342,11.4,Participant4_LS_SlUp,Endomorph,Normal,upright,1.0,0.0,0.0,-0.1720440305803883,-47.08533168669561,0.2381399871086054,1
343,11.433333333333334,Participant4_LS_SlUp,Endomorph,Normal,upright,1.0,0.0,0.0,-0.1991110167227493,-47.86516548530468,0.2174072670885669,1
344,11.466666666666669,Participant4_LS_SlUp,Endomorph,Normal,upright,1.0,0.0,0.0,-0.1612227151198707,-45.48336861933046,0.2474096362175758,1
345,11.5,Participant4_LS_SlUp,Endomorph,Normal,upright,1.0,0.0,0.0,-0.1933479567121268,-48.144631456453546,0.226526378918212,1
346,11.533333333333331,Participant4_LS_SlUp,Endomorph,Normal,upright,1.0,0.0,0.0,-0.182695081826864,-48.35791850028354,0.2347558415028661,1
347,11.566666666666666,Participant4_LS_SlUp,Endomorph,Normal,upright,1.0,0.0,0.0,-0.1971390204336007,-46.21193313126232,0.2509191252099632,1
348,11.6,Participant4_LS_SlUp,Endomorph,Normal,upright,1.0,0.0,0.0,-0.1582786733866361,-45.46525574117395,0.2536039626067874,1
349,11.633333333333333,Participant4_LS_SlUp,Endomorph,Normal,upright,1.0,0.0,0.0,-0.1838625869734749,-46.42214331006712,0.2503184995144022,1
350,11.666666666666666,Participant4_LS_SlUp,Endomorph,Normal,upright,1.0,0.0,0.0,-0.1600882506379705,-47.67507419512295,0.2221754251589151,1
351,11.7,Participant4_LS_SlUp,Endomorph,Normal,upright,1.0,0.0,0.0,-0.1822228461365928,-46.340566079173975,0.2395512230846395,1
352,11.733333333333333,Participant4_LS_SlUp,Endomorph,Normal,upright,1.0,0.0,0.0,-0.1459656156778953,-46.27145486749457,0.2382068248507505,1
353,11.766666666666667,Participant4_LS_SlUp,Endomorph,Normal,upright,1.0,0.0,0.0,-0.1401544614271023,-45.574968531773465,0.2411797777498878,1
354,11.8,Participant4_LS_SlUp,Endomorph,Normal,upright,1.0,0.0,0.0,-0.154282623138138,-46.37741413660892,0.2488862021907852,1
355,11.833333333333334,Participant4_LS_SlUp,Endomorph,Normal,upright,1.0,0.0,0.0,-0.1693803180040137,-45.46560041365887,0.2505681633200191,1
356,11.866666666666667,Participant4_LS_SlUp,Endomorph,Normal,upright,1.0,0.0,0.0,-0.1685698652509148,-43.26134824695994,0.2018440282907611,1
357,11.9,Participant4_LS_SlUp,Endomorph,Normal,upright,1.0,0.0,0.0,-0.1567295804393245,-44.05978840454748,0.2061420576872771,1
358,11.933333333333334,Participant4_LS_SlUp,Endomorph,Normal,upright,1.0,0.0,0.0,-0.1921487791204136,-44.15434573022352,0.2445630201752031,1
359,11.966666666666669,Participant4_LS_SlUp,Endomorph,Normal,upright,1.0,0.0,0.0,-0.2068635372275601,-43.50033933751353,0.2343573647501345,1
360,12.0,Participant4_LS_SlUp,Endomorph,Normal,upright,1.0,0.0,0.0,-0.1383630532984851,-46.68122830954017,0.2279879265728886,1
361,12.033333333333331,Participant4_LS_SlUp,Endomorph,Normal,upright,1.0,0.0,0.0,-0.1336255254829482,-48.70784251060739,0.2219706282928003,1
362,12.066666666666666,Participant4_LS_SlUp,Endomorph,Normal,upright,1.0,0.0,0.0,-0.1666776564740463,-46.48245530535663,0.2504794525874763,1
363,12.1,Participant4_LS_SlUp,Endomorph,Normal,upright,1.0,0.0,0.0,-0.1723281145900367,-44.215618792838335,0.2362626231992589,1
364,12.133333333333333,Participant4_LS_SlUp,Endomorph,Normal,upright,1.0,0.0,0.0,-0.1785520192870344,-45.52358963027904,0.2218238867901211,1
365,12.166666666666666,Participant4_LS_SlUp,Endomorph,Normal,upright,1.0,0.0,0.0,-0.1622715633650141,-43.973143388426855,0.2094326561864584,1
366,12.2,Participant4_LS_SlUp,Endomorph,Normal,upright,1.0,0.0,0.0,-0.1586829209519787,-44.56877374578923,0.2075454291680462,1
367,12.233333333333333,Participant4_LS_SlUp,Endomorph,Normal,upright,1.0,0.0,0.0,-0.1624625171757321,-45.3836123118385,0.2102094039609165,1
368,12.266666666666667,Participant4_LS_SlUp,Endomorph,Normal,upright,1.0,0.0,0.0,-0.151724184159791,-43.275933389768895,0.1896933398281123,1
369,12.3,Participant4_LS_SlUp,Endomorph,Normal,upright,1.0,0.0,0.0,-0.1522956849476449,-43.288141197553294,0.2007208575501335,1
370,12.333333333333334,Participant4_LS_SlUp,Endomorph,Normal,upright,1.0,0.0,0.0,-0.1657563519040875,-44.93419800035714,0.215048738024524,1
371,12.366666666666667,Participant4_LS_SlUp,Endomorph,Normal,upright,1.0,0.0,0.0,-0.1372159242883061,-46.149776199189546,0.2308363597470578,1
372,12.4,Participant4_LS_SlUp,Endomorph,Normal,upright,1.0,0.0,0.0,-0.1429216893334945,-45.63539103041428,0.2273423340026969,1
373,12.433333333333334,Participant4_LS_SlUp,Endomorph,Normal,upright,1.0,0.0,0.0,-0.1598997492497562,-43.771678918553405,0.2529905511752239,1
374,12.466666666666669,Participant4_LS_SlUp,Endomorph,Normal,upright,1.0,0.0,0.0,-0.1648706041379513,-44.34467219449592,0.2215264708471023,1
375,12.5,Participant4_LS_SlUp,Endomorph,Normal,upright,1.0,0.0,0.0,-0.1577988037529825,-44.99154860698697,0.2263912535966203,1
376,12.533333333333331,Participant4_LS_SlUp,Endomorph,Normal,upright,1.0,0.0,0.0,-0.1633890569185914,-46.0550895731196,0.2249976863759054,1
377,12.566666666666666,Participant4_LS_SlUp,Endomorph,Normal,upright,1.0,0.0,0.0,-0.1423721488609896,-45.80955145426038,0.2313237410604041,1
378,12.6,Participant4_LS_SlUp,Endomorph,Normal,upright,1.0,0.0,0.0,-0.1419747537373087,-45.5903684346099,0.2388142884409574,1
379,12.633333333333333,Participant4_LS_SlUp,Endomorph,Normal,upright,1.0,0.0,0.0,-0.1694979141961536,-46.744296872238415,0.2119138093812472,1
380,12.666666666666666,Participant4_LS_SlUp,Endomorph,Normal,upright,1.0,0.0,0.0,-0.1411854026961349,-46.99050548580903,0.2225494954322625,1
381,12.7,Participant4_LS_SlUp,Endomorph,Normal,upright,1.0,0.0,0.0,-0.1684372188997628,-43.83990796471515,0.2552040864633769,1
382,12.733333333333333,Participant4_LS_SlUp,Endomorph,Normal,upright,1.0,0.0,0.0,-0.1626896966550943,-43.93508697377245,0.2562263188412011,1
383,12.766666666666667,Participant4_LS_SlUp,Endomorph,Normal,upright,1.0,0.0,0.0,-0.1298767849707868,-44.087662318203314,0.2601654804854356,1
384,12.8,Participant4_LS_SlUp,Endomorph,Normal,upright,1.0,0.0,0.0,-0.1586624028599754,-43.19063549941158,0.2565085744235214,1
385,12.833333333333334,Participant4_LS_SlUp,Endomorph,Normal,upright,1.0,0.0,0.0,-0.1501715635624878,-47.42815878519099,0.215289421165186,1
386,12.866666666666667,Participant4_LS_SlUp,Endomorph,Normal,upright,1.0,0.0,0.0,-0.1620718884589007,-44.10272711515213,0.215180213358987,1
387,12.9,Participant4_LS_SlUp,Endomorph,Normal,upright,1.0,0.0,0.0,-0.1713945318730155,-46.79416223645229,0.2410654018008699,1
388,12.933333333333334,Participant4_LS_SlUp,Endomorph,Normal,upright,1.0,0.0,0.0,-0.1512185288792228,-46.70480185765813,0.2515498334817475,1
389,12.966666666666669,Participant4_LS_SlUp,Endomorph,Normal,upright,1.0,0.0,0.0,-0.1717165233432147,-45.77694795005149,0.2261227487667474,1
390,13.0,Participant4_LS_SlUp,Endomorph,Normal,upright,1.0,0.0,0.0,-0.1575933568518338,-46.55900876014664,0.2308219671026519,1
391,13.033333333333331,Participant4_LS_SlUp,Endomorph,Normal,upright,1.0,0.0,0.0,-0.194593251053512,-45.18051843235481,0.2351906338205177,1
392,13.066666666666666,Participant4_LS_SlUp,Endomorph,Normal,upright,1.0,0.0,0.0,-0.1628341474239225,-47.30092431833776,0.2028373977765042,1
393,13.1,Participant4_LS_SlUp,Endomorph,Normal,upright,1.0,0.0,0.0,-0.1577037508724052,-48.83489791796997,0.2191614180174644,1
394,13.133333333333333,Participant4_LS_SlUp,Endomorph,Normal,upright,1.0,0.0,0.0,-0.1675515888120085,-48.58223278109022,0.2004483225522184,1
395,13.166666666666666,Participant4_LS_SlUp,Endomorph,Normal,upright,1.0,0.0,0.0,-0.1681404957238474,-48.04307336969136,0.2154487375217988,1
396,13.2,Participant4_LS_SlUp,Endomorph,Normal,upright,1.0,0.0,0.0,-0.1545468627186821,-46.86535404951735,0.1844892865831209,1
397,13.233333333333333,Participant4_LS_SlUp,Endomorph,Normal,upright,1.0,0.0,0.0,-0.1552074474779414,-45.97263632614416,0.1836443583752733,1
398,13.266666666666667,Participant4_LS_SlUp,Endomorph,Normal,upright,1.0,0.0,0.0,-0.1732581159714131,-44.27460859476079,0.2170671772538308,1
399,13.3,Participant4_LS_SlUp,Endomorph,Normal,upright,1.0,0.0,0.0,-0.1732503017539816,-44.896315002294045,0.222232237236384,1
400,13.333333333333334,Participant4_LS_SlUp,Endomorph,Normal,upright,1.0,0.0,0.0,-0.1733586508246656,-46.52189323571939,0.2273325062520567,1
401,13.366666666666667,Participant4_LS_SlUp,Endomorph,Normal,upright,1.0,0.0,0.0,-0.1426748934958736,-45.71514963005563,0.2200856737337244,1
402,13.4,Participant4_LS_SlUp,Endomorph,Normal,upright,1.0,0.0,0.0,-0.1823891072749495,-45.192272834039805,0.2401513847002587,1
403,13.433333333333334,Participant4_LS_SlUp,Endomorph,Normal,upright,1.0,0.0,0.0,-0.1817942205710794,-47.60959885250168,0.2140044512920506,1
404,13.466666666666669,Participant4_LS_SlUp,Endomorph,Normal,upright,1.0,0.0,0.0,-0.1472627874803987,-44.98367945828126,0.2510880894535783,1
405,13.5,Participant4_LS_SlUp,Endomorph,Normal,upright,1.0,0.0,0.0,-0.162326661100261,-47.19549636566584,0.2172073014889689,1
406,13.533333333333331,Participant4_LS_SlUp,Endomorph,Normal,upright,1.0,0.0,0.0,-0.174673121717183,-45.77377487203816,0.2442521662862054,1
407,13.566666666666666,Participant4_LS_SlUp,Endomorph,Normal,upright,1.0,0.0,0.0,-0.1762414765937444,-46.96056366767196,0.2251698056577751,1
408,13.6,Participant4_LS_SlUp,Endomorph,Normal,upright,1.0,0.0,0.0,-0.1709459925046988,-43.99408124054285,0.2466673125011303,1
409,13.633333333333333,Participant4_LS_SlUp,Endomorph,Normal,upright,1.0,0.0,0.0,-0.1786638058626818,-44.0748503480651,0.2525578876961588,1
410,13.666666666666666,Participant4_LS_SlUp,Endomorph,Normal,upright,1.0,0.0,0.0,-0.1471549302205844,-46.7897367870698,0.2288188218783287,1
411,13.7,Participant4_LS_SlUp,Endomorph,Normal,upright,1.0,0.0,0.0,-0.166086568586972,-46.6789477205871,0.2133250341180102,1
412,13.733333333333333,Participant4_LS_SlUp,Endomorph,Normal,upright,1.0,0.0,0.0,-0.1727852225107502,-47.18435947622671,0.2037274383754581,1
413,13.766666666666667,Participant4_LS_SlUp,Endomorph,Normal,upright,1.0,0.0,0.0,-0.155729795822503,-45.00036139898639,0.2056454720379891,1
414,13.8,Participant4_LS_SlUp,Endomorph,Normal,upright,1.0,0.0,0.0,-0.1676340671288791,-46.08097212491426,0.2179187991117099,1
415,13.833333333333334,Participant4_LS_SlUp,Endomorph,Normal,upright,1.0,0.0,0.0,-0.1697539725772412,-45.089548255263125,0.219920635346268,1
416,13.866666666666667,Participant4_LS_SlUp,Endomorph,Normal,upright,1.0,0.0,0.0,-0.1300460339339175,-47.2117741863411,0.2618697045857294,1
417,13.9,Participant4_LS_SlUp,Endomorph,Normal,upright,1.0,0.0,0.0,-0.1655118677264785,-47.19935559149239,0.1997607976718047,1
418,13.933333333333334,Participant4_LS_SlUp,Endomorph,Normal,upright,1.0,0.0,0.0,-0.1569221078852824,-47.05588880160894,0.2294387987539633,1
419,13.966666666666669,Participant4_LS_SlUp,Endomorph,Normal,upright,1.0,0.0,0.0,-0.1996445686460961,-45.3715619729194,0.2319585127600686,1
420,14.0,Participant4_LS_SlUp,Endomorph,Normal,upright,1.0,0.0,0.0,-0.1572024217100363,-47.37825396674094,0.2352697539323459,1
421,14.033333333333331,Participant4_LS_SlUp,Endomorph,Normal,upright,1.0,0.0,0.0,-0.1521477707118419,-46.33048712499509,0.2426789688030974,1
422,14.066666666666666,Participant4_LS_SlUp,Endomorph,Normal,upright,1.0,0.0,0.0,-0.1530249736210661,-46.4126031897255,0.2095185623744823,1
423,14.1,Participant4_LS_SlUp,Endomorph,Normal,upright,1.0,0.0,0.0,-0.1375672926631857,-45.12532424449249,0.2654387083264232,1
424,14.133333333333333,Participant4_LS_SlUp,Endomorph,Normal,upright,1.0,0.0,0.0,-0.1451905658953608,-46.30763880962441,0.2349471305685437,1
425,14.166666666666666,Participant4_LS_SlUp,Endomorph,Normal,upright,1.0,0.0,0.0,-0.1573292158418071,-44.956509831595234,0.2411114647054465,1
426,14.2,Participant4_LS_SlUp,Endomorph,Normal,upright,1.0,0.0,0.0,-0.159257147090549,-45.26234100100416,0.2436657561936673,1
427,14.233333333333333,Participant4_LS_SlUp,Endomorph,Normal,upright,1.0,0.0,0.0,-0.1475308250094993,-46.01474408800664,0.2104194934828678,1
428,14.266666666666667,Participant4_LS_SlUp,Endomorph,Normal,upright,1.0,0.0,0.0,-0.1554880710903751,-46.22005532089871,0.2100762471472154,1
429,14.3,Participant4_LS_SlUp,Endomorph,Normal,upright,1.0,0.0,0.0,-0.1775253067204855,-44.99811511734845,0.2579688245763681,1
430,14.333333333333334,Participant4_LS_SlUp,Endomorph,Normal,upright,1.0,0.0,0.0,-0.1720582469004412,-45.82828467481143,0.2329855737412619,1
431,14.366666666666667,Participant4_LS_SlUp,Endomorph,Normal,upright,1.0,0.0,0.0,-0.1822792627668361,-46.46197278233671,0.2369074515838799,1
432,14.4,Participant4_LS_SlUp,Endomorph,Normal,upright,1.0,0.0,0.0,-0.1597889152770478,-47.193924479792926,0.2256177121325984,1
433,14.433333333333334,Participant4_LS_SlUp,Endomorph,Normal,upright,1.0,0.0,0.0,-0.1627056691792183,-46.56984702401226,0.2613505590394172,1
434,14.466666666666669,Participant4_LS_SlUp,Endomorph,Normal,upright,1.0,0.0,0.0,-0.1357337652194853,-46.63976924159335,0.2551358623900331,1
435,14.5,Participant4_LS_SlUp,Endomorph,Normal,upright,1.0,0.0,0.0,-0.1545430915402312,-45.16862623012928,0.2652794192808937,1
436,14.533333333333331,Participant4_LS_SlUp,Endomorph,Normal,upright,1.0,0.0,0.0,-0.1684429001600051,-46.35197154285815,0.2580658053677405,1
437,14.566666666666666,Participant4_LS_SlUp,Endomorph,Normal,upright,1.0,0.0,0.0,-0.1783798379088146,-47.862957457824805,0.2604772551435785,1
438,14.6,Participant4_LS_SlUp,Endomorph,Normal,upright,1.0,0.0,0.0,-0.1755577295826639,-43.88879886524362,0.2442128687484894,1
439,14.633333333333333,Participant4_LS_SlUp,Endomorph,Normal,upright,1.0,0.0,0.0,-0.1759548986936029,-45.24767977533748,0.2288385512311563,1
440,14.666666666666666,Participant4_LS_SlUp,Endomorph,Normal,upright,1.0,0.0,0.0,-0.1704537135242011,-44.85045206612018,0.230041640056608,1
441,14.7,Participant4_LS_SlUp,Endomorph,Normal,upright,1.0,0.0,0.0,-0.1921012407942845,-45.503250675358,0.2496493534496801,1
442,14.733333333333333,Participant4_LS_SlUp,Endomorph,Normal,upright,1.0,0.0,0.0,-0.1940297488476133,-45.40807058452056,0.249159129703031,1
443,14.766666666666667,Participant4_LS_SlUp,Endomorph,Normal,upright,1.0,0.0,0.0,-0.1653970596496357,-47.09277747785175,0.2654167259067147,1
444,14.8,Participant4_LS_SlUp,Endomorph,Normal,upright,1.0,0.0,0.0,-0.1987506619218912,-47.489824095618616,0.2096358961826299,1
445,14.833333333333334,Participant4_LS_SlUp,Endomorph,Normal,upright,1.0,0.0,0.0,-0.1893931896415425,-45.32268056798244,0.228951680671589,1
446,14.866666666666667,Participant4_LS_SlUp,Endomorph,Normal,upright,1.0,0.0,0.0,-0.1418396952910685,-46.61619774033081,0.2523963837371317,1
447,14.9,Participant4_LS_SlUp,Endomorph,Normal,upright,1.0,0.0,0.0,-0.1929532390273001,-45.240121194830174,0.2575095207831085,1
448,14.933333333333334,Participant4_LS_SlUp,Endomorph,Normal,upright,1.0,0.0,0.0,-0.180628000007048,-46.39967204898654,0.261941900930895,1
449,14.966666666666669,Participant4_LS_SlUp,Endomorph,Normal,upright,1.0,0.0,0.0,-0.139303941832568,-46.85786150120942,0.2626223374006619,1
450,15.0,Participant4_LS_SlUp,Endomorph,Normal,upright,1.0,0.0,0.0,-0.1448144080228274,-46.91506466265981,0.2462039999837649,1
451,15.033333333333331,Participant4_LS_SlUp,Endomorph,Normal,upright,1.0,0.0,0.0,-0.1683056998332892,-48.86576574683944,0.2301156938742706,1
452,15.066666666666666,Participant4_LS_SlUp,Endomorph,Normal,upright,1.0,0.0,0.0,-0.1957982457098306,-46.73186670268032,0.2231410384562809,1
453,15.1,Participant4_LS_SlUp,Endomorph,Normal,upright,1.0,0.0,0.0,-0.1470672990364426,-46.878022668865725,0.2528906989212052,1
454,15.133333333333333,Participant4_LS_SlUp,Endomorph,Normal,upright,1.0,0.0,0.0,-0.1587706689415176,-45.7845369855634,0.2221478372427724,1
455,15.166666666666666,Participant4_LS_SlUp,Endomorph,Normal,upright,1.0,0.0,0.0,-0.1506812647151926,-44.793054487131165,0.2443270096976274,1
456,15.2,Participant4_LS_SlUp,Endomorph,Normal,upright,1.0,0.0,0.0,-0.1497531303848061,-47.33482124508868,0.2447785932979203,1
457,15.233333333333333,Participant4_LS_SlUp,Endomorph,Normal,upright,1.0,0.0,0.0,-0.1511137448357139,-47.66868523401797,0.2436351545071409,1
458,15.266666666666667,Participant4_LS_SlUp,Endomorph,Normal,upright,1.0,0.0,0.0,-0.1517515674907572,-47.65644542160421,0.2531470919140095,1
459,15.3,Participant4_LS_SlUp,Endomorph,Normal,upright,1.0,0.0,0.0,-0.1328713212147946,-47.14099348423726,0.2522682385987577,1
460,15.333333333333334,Participant4_LS_SlUp,Endomorph,Normal,upright,1.0,0.0,0.0,-0.1653269030013862,-46.9751147032093,0.2132834528546853,1
461,15.366666666666667,Participant4_LS_SlUp,Endomorph,Normal,upright,1.0,0.0,0.0,-0.1724079235298405,-47.75128935185856,0.1923552222835026,1
462,15.4,Participant4_LS_SlUp,Endomorph,Normal,upright,1.0,0.0,0.0,-0.1659629883794413,-47.552637429722864,0.2012522384783278,1
463,15.433333333333334,Participant4_LS_SlUp,Endomorph,Normal,upright,1.0,0.0,0.0,-0.1587908191909012,-47.075891145585096,0.2490909558559462,1
464,15.466666666666669,Participant4_LS_SlUp,Endomorph,Normal,upright,1.0,0.0,0.0,-0.1978377521197569,-45.7851585357184,0.2400159094306494,1
465,15.5,Participant4_LS_SlUp,Endomorph,Normal,upright,1.0,0.0,0.0,-0.1715073037454924,-46.075032619191695,0.2402516378281917,1
466,15.533333333333331,Participant4_LS_SlUp,Endomorph,Normal,upright,1.0,0.0,0.0,-0.2114542707239765,-46.18984808933389,0.2009596578450564,1
467,15.566666666666666,Participant4_LS_SlUp,Endomorph,Normal,upright,1.0,0.0,0.0,-0.1524962403566944,-47.03929584194484,0.2475481112675888,1
468,15.6,Participant4_LS_SlUp,Endomorph,Normal,upright,1.0,0.0,0.0,-0.2042830887292815,-45.64122946902112,0.2339485300685173,1
469,15.633333333333333,Participant4_LS_SlUp,Endomorph,Normal,upright,1.0,0.0,0.0,-0.1530595138105945,-47.41609986879185,0.2347852968447438,1
470,15.666666666666666,Participant4_LS_SlUp,Endomorph,Normal,upright,1.0,0.0,0.0,-0.1840524780727728,-45.14428720372479,0.2400182311248266,1
471,15.7,Participant4_LS_SlUp,Endomorph,Normal,upright,1.0,0.0,0.0,-0.1820295487423089,-47.41884293065916,0.257520574532269,1
472,15.733333333333333,Participant4_LS_SlUp,Endomorph,Normal,upright,1.0,0.0,0.0,-0.1706955463983579,-47.10055923502221,0.230531593624048,1
473,15.766666666666667,Participant4_LS_SlUp,Endomorph,Normal,upright,1.0,0.0,0.0,-0.1722962592525288,-46.49173314008625,0.2379058972540791,1
474,15.8,Participant4_LS_SlUp,Endomorph,Normal,upright,1.0,0.0,0.0,-0.1567565364654677,-47.773232106675536,0.2564788232803986,1
475,15.833333333333334,Participant4_LS_SlUp,Endomorph,Normal,upright,1.0,0.0,0.0,-0.1680948276875503,-45.97949481306544,0.2579747742917465,1
476,15.866666666666667,Participant4_LS_SlUp,Endomorph,Normal,upright,1.0,0.0,0.0,-0.1731032031399135,-44.71663224657584,0.2378023925841504,1
477,15.9,Participant4_LS_SlUp,Endomorph,Normal,upright,1.0,0.0,0.0,-0.1861462031845119,-45.69869143006855,0.203214838413515,1
478,15.933333333333334,Participant4_LS_SlUp,Endomorph,Normal,upright,1.0,0.0,0.0,-0.1874681101457428,-44.89503539433696,0.239836149363347,1
479,15.966666666666669,Participant4_LS_SlUp,Endomorph,Normal,upright,1.0,0.0,0.0,-0.204238178678863,-44.598723684275086,0.2339509875548553,1
480,16.0,Participant4_LS_SlUp,Endomorph,Normal,upright,1.0,0.0,0.0,-0.1923350171849872,-46.635409294370085,0.1965356278466886,1
481,16.033333333333335,Participant4_LS_SlUp,Endomorph,Normal,upright,1.0,0.0,0.0,-0.1468707457926182,-46.4060148800152,0.2385838060986194,1
482,16.066666666666666,Participant4_LS_SlUp,Endomorph,Normal,upright,1.0,0.0,0.0,-0.187018758416345,-47.47018575062673,0.2591146055631874,1
483,16.1,Participant4_LS_SlUp,Endomorph,Normal,upright,1.0,0.0,0.0,-0.1654556150592263,-46.84870977516749,0.2496822413959541,1
484,16.133333333333333,Participant4_LS_SlUp,Endomorph,Normal,upright,1.0,0.0,0.0,-0.1569731737491921,-46.40314660819706,0.2119488108519959,1
485,16.166666666666668,Participant4_LS_SlUp,Endomorph,Normal,upright,1.0,0.0,0.0,-0.1890761000615989,-47.04797607238219,0.2096193265770784,1
486,16.2,Participant4_LS_SlUp,Endomorph,Normal,upright,1.0,0.0,0.0,-0.1535414238415581,-47.09501464737674,0.1942209469616221,1
487,16.233333333333334,Participant4_LS_SlUp,Endomorph,Normal,upright,1.0,0.0,0.0,-0.1770391786944266,-47.20100019301741,0.1950284457320705,1
488,16.266666666666666,Participant4_LS_SlUp,Endomorph,Normal,upright,1.0,0.0,0.0,-0.1511981129618272,-48.578073778872685,0.255766167821603,1
489,16.3,Participant4_LS_SlUp,Endomorph,Normal,upright,1.0,0.0,0.0,-0.1657879333726044,-47.22491539370881,0.2448360149580722,1
490,16.333333333333332,Participant4_LS_SlUp,Endomorph,Normal,upright,1.0,0.0,0.0,-0.1334878150449838,-47.62610492753007,0.2233985659854536,1
491,16.366666666666667,Participant4_LS_SlUp,Endomorph,Normal,upright,1.0,0.0,0.0,-0.1801612043703536,-47.12042974474837,0.1914828219803367,1
492,16.4,Participant4_LS_SlUp,Endomorph,Normal,upright,1.0,0.0,0.0,-0.161593835834702,-47.20965050519703,0.1814853078160224,1
493,16.433333333333334,Participant4_LS_SlUp,Endomorph,Normal,upright,1.0,0.0,0.0,-0.1829313578605921,-46.082150435512254,0.1952003262734876,1
494,16.466666666666665,Participant4_LS_SlUp,Endomorph,Normal,upright,1.0,0.0,0.0,-0.1730217500133092,-46.883542289729135,0.2387042457953472,1
495,16.5,Participant4_LS_SlUp,Endomorph,Normal,upright,1.0,0.0,0.0,-0.1778672893738864,-44.037574438283485,0.2336086156958533,1
496,16.533333333333335,Participant4_LS_SlUp,Endomorph,Normal,upright,1.0,0.0,0.0,-0.1612704460200639,-43.90928513500501,0.2482513800231394,1
497,16.566666666666666,Participant4_LS_SlUp,Endomorph,Normal,upright,1.0,0.0,0.0,-0.1635639046247963,-47.91162975003876,0.2641629986985108,1
498,16.6,Participant4_LS_SlUp,Endomorph,Normal,upright,1.0,0.0,0.0,-0.1558958549977537,-48.43504493193208,0.2219562225591266,1
499,16.633333333333333,Participant4_LS_SlUp,Endomorph,Normal,upright,1.0,0.0,0.0,-0.1607249520500294,-47.30404752772838,0.2606124283362688,1
500,16.666666666666668,Participant4_LS_SlUp,Endomorph,Normal,upright,1.0,0.0,0.0,-0.1479393683129369,-46.85664744508448,0.268380951681847,1
501,16.7,Participant4_LS_SlUp,Endomorph,Normal,upright,1.0,0.0,0.0,-0.1330535401520097,-47.48285757223288,0.2816778361640698,1
502,16.733333333333334,Participant4_LS_SlUp,Endomorph,Normal,upright,1.0,0.0,0.0,-0.1420674177778756,-48.19870302914285,0.2656490874997702,1
503,16.766666666666666,Participant4_LS_SlUp,Endomorph,Normal,upright,1.0,0.0,0.0,-0.1465148029208113,-48.09430678534223,0.2821413633592965,1
504,16.8,Participant4_LS_SlUp,Endomorph,Normal,upright,1.0,0.0,0.0,-0.1547395125909422,-47.96180782468891,0.2579118970261509,1
505,16.833333333333332,Participant4_LS_SlUp,Endomorph,Normal,upright,1.0,0.0,0.0,-0.1536999596880532,-47.88217834647638,0.2601640974711284,1
506,16.866666666666667,Participant4_LS_SlUp,Endomorph,Normal,upright,1.0,0.0,0.0,-0.1662416502437358,-46.864347398113104,0.2401147413379968,1
507,16.9,Participant4_LS_SlUp,Endomorph,Normal,upright,1.0,0.0,0.0,-0.1565463923343414,-47.40389913875474,0.25528442385124,1
508,16.933333333333334,Participant4_LS_SlUp,Endomorph,Normal,upright,1.0,0.0,0.0,-0.1616715380554466,-48.29536671169317,0.2508356351286466,1
509,16.966666666666665,Participant4_LS_SlUp,Endomorph,Normal,upright,1.0,0.0,0.0,-0.1621294672469947,-47.06136169428709,0.2405411308575697,1
510,17.0,Participant4_LS_SlUp,Endomorph,Normal,upright,1.0,0.0,0.0,-0.1245055764431494,-46.056563770558846,0.2394302517962299,1
511,17.033333333333335,Participant4_LS_SlUp,Endomorph,Normal,upright,1.0,0.0,0.0,-0.1382746215058108,-48.01142590227128,0.2039245573810639,1
512,17.066666666666666,Participant4_LS_SlUp,Endomorph,Normal,upright,1.0,0.0,0.0,-0.156764220601785,-46.422818984426456,0.260692699682466,1
513,17.1,Participant4_LS_SlUp,Endomorph,Normal,upright,1.0,0.0,0.0,-0.1775169592858741,-46.155162333975184,0.2693915817890015,1
514,17.133333333333333,Participant4_LS_SlUp,Endomorph,Normal,upright,1.0,0.0,0.0,-0.1834355100560938,-45.088880380462015,0.2468535562111851,1
515,17.166666666666668,Participant4_LS_SlUp,Endomorph,Normal,upright,1.0,0.0,0.0,-0.1494985721193403,-46.17129919700224,0.2648469436246031,1
516,17.2,Participant4_LS_SlUp,Endomorph,Normal,upright,1.0,0.0,0.0,-0.1547213997457751,-47.54955519116258,0.1907763276139263,1
517,17.233333333333334,Participant4_LS_SlUp,Endomorph,Normal,upright,1.0,0.0,0.0,-0.1535067674300118,-45.79647469104837,0.2519430870751826,1
518,17.266666666666666,Participant4_LS_SlUp,Endomorph,Normal,upright,1.0,0.0,0.0,-0.1525687561622807,-47.509426800303466,0.2176907663634125,1
519,17.3,Participant4_LS_SlUp,Endomorph,Normal,upright,1.0,0.0,0.0,-0.158328529881471,-49.7379272976337,0.2330888301069676,1
520,17.333333333333332,Participant4_LS_SlUp,Endomorph,Normal,upright,1.0,0.0,0.0,-0.1631098827524785,-49.406062673401145,0.2346914662838989,1
521,17.366666666666667,Participant4_LS_SlUp,Endomorph,Normal,upright,1.0,0.0,0.0,-0.1881368066825482,-48.15947158977947,0.2282096767415975,1
522,17.4,Participant4_LS_SlUp,Endomorph,Normal,upright,1.0,0.0,0.0,-0.1581428128192071,-47.69230411718537,0.1895288245602509,1
523,17.433333333333334,Participant4_LS_SlUp,Endomorph,Normal,upright,1.0,0.0,0.0,-0.1870435394860878,-47.58077745255301,0.261347306587872,1
524,17.466666666666665,Participant4_LS_SlUp,Endomorph,Normal,upright,1.0,0.0,0.0,-0.192389189319708,-45.10324643874638,0.2437675442778131,1
525,17.5,Participant4_LS_SlUp,Endomorph,Normal,upright,1.0,0.0,0.0,-0.1965144006365564,-48.61736830562256,0.2457408793385664,1
526,17.533333333333335,Participant4_LS_SlUp,Endomorph,Normal,upright,1.0,0.0,0.0,-0.1874525084354159,-48.17841782543053,0.2605466840083849,1
527,17.566666666666666,Participant4_LS_SlUp,Endomorph,Normal,upright,1.0,0.0,0.0,-0.2053063032797673,-46.00819745524972,0.2624999387082811,1
528,17.6,Participant4_LS_SlUp,Endomorph,Normal,upright,1.0,0.0,0.0,-0.1904495244291756,-47.48414926066151,0.2409148987459615,1
529,17.633333333333333,Participant4_LS_SlUp,Endomorph,Normal,upright,1.0,0.0,0.0,-0.1840019652635398,-47.14941353622413,0.231764674384021,1
530,17.666666666666668,Participant4_LS_SlUp,Endomorph,Normal,upright,1.0,0.0,0.0,-0.1921659375870009,-46.83856848110325,0.2385961294586914,1
531,17.7,Participant4_LS_SlUp,Endomorph,Normal,upright,1.0,0.0,0.0,-0.1881076082129109,-47.11375939834399,0.2258641093574308,1
532,17.733333333333334,Participant4_LS_SlUp,Endomorph,Normal,upright,1.0,0.0,0.0,-0.160305739165099,-49.21944617345759,0.2109262465737807,1
533,17.766666666666666,Participant4_LS_SlUp,Endomorph,Normal,upright,1.0,0.0,0.0,-0.1633788962938603,-46.82713597533292,0.2361326056683533,1
534,17.8,Participant4_LS_SlUp,Endomorph,Normal,upright,1.0,0.0,0.0,-0.1898675863926201,-47.83670575652012,0.266275225638677,1
535,17.833333333333332,Participant4_LS_SlUp,Endomorph,Normal,upright,1.0,0.0,0.0,-0.1828502791981424,-46.9334453435613,0.203015992834446,1
536,17.866666666666667,Participant4_LS_SlUp,Endomorph,Normal,upright,1.0,0.0,0.0,-0.185527521599526,-47.60597584856209,0.2025857461747714,1
537,17.9,Participant4_LS_SlUp,Endomorph,Normal,upright,1.0,0.0,0.0,-0.2053230879624122,-46.50027247090309,0.2476626686749726,1
538,17.933333333333334,Participant4_LS_SlUp,Endomorph,Normal,upright,1.0,0.0,0.0,-0.1534560894398174,-45.03713093864914,0.2743976109201879,1
539,17.966666666666665,Participant4_LS_SlUp,Endomorph,Normal,upright,1.0,0.0,0.0,-0.1851635608978842,-46.77909517482129,0.2483558363962803,1
540,18.0,Participant4_LS_SlUp,Endomorph,Normal,upright,1.0,0.0,0.0,-0.2125846390894619,-46.556629698635525,0.2278972609532417,1
541,18.03333333333333,Participant4_LS_SlUp,Endomorph,Normal,upright,1.0,0.0,0.0,-0.1982988669826048,-48.61831521022891,0.2471062681401543,1
542,18.066666666666663,Participant4_LS_SlUp,Endomorph,Normal,upright,1.0,0.0,0.0,-0.191150256800392,-46.45988911773173,0.2603257975820857,1
543,18.1,Participant4_LS_SlUp,Endomorph,Normal,upright,1.0,0.0,0.0,-0.1695291855285161,-48.19590810678897,0.2544372764779273,1
544,18.133333333333333,Participant4_LS_SlUp,Endomorph,Normal,upright,1.0,0.0,0.0,-0.1587578070872907,-46.75007912157793,0.203323036717648,1
545,18.166666666666668,Participant4_LS_SlUp,Endomorph,Normal,upright,1.0,0.0,0.0,-0.1562584968776111,-47.30372222207463,0.2458907418795543,1
546,18.2,Participant4_LS_SlUp,Endomorph,Normal,upright,1.0,0.0,0.0,-0.1554299960419868,-47.21612049809027,0.21400919800837,1
547,18.23333333333333,Participant4_LS_SlUp,Endomorph,Normal,upright,1.0,0.0,0.0,-0.148444009029953,-48.82023993030336,0.2321766462415279,1
548,18.266666666666666,Participant4_LS_SlUp,Endomorph,Normal,upright,1.0,0.0,0.0,-0.1315188958146261,-46.472893775477495,0.2441962013420187,1
549,18.3,Participant4_LS_SlUp,Endomorph,Normal,upright,1.0,0.0,0.0,-0.1882788856771968,-44.958317349231926,0.2459889670211835,1
550,18.33333333333333,Participant4_LS_SlUp,Endomorph,Normal,upright,1.0,0.0,0.0,-0.1713708516841869,-45.398418354719496,0.2091972697848096,1
551,18.366666666666667,Participant4_LS_SlUp,Endomorph,Normal,upright,1.0,0.0,0.0,-0.1644525515532909,-46.23801536475964,0.2538918274423314,1
552,18.4,Participant4_LS_SlUp,Endomorph,Normal,upright,1.0,0.0,0.0,-0.186315740413509,-44.57962212611259,0.2459558400274464,1
553,18.433333333333334,Participant4_LS_SlUp,Endomorph,Normal,upright,1.0,0.0,0.0,-0.168869103793769,-45.043723271138425,0.2847347506036507,1
554,18.466666666666665,Participant4_LS_SlUp,Endomorph,Normal,upright,1.0,0.0,0.0,-0.1579363305154245,-47.13885353597583,0.2528517889254031,1
555,18.5,Participant4_LS_SlUp,Endomorph,Normal,upright,1.0,0.0,0.0,-0.1614303280855453,-48.13171018719724,0.2492556207253047,1
556,18.53333333333333,Participant4_LS_SlUp,Endomorph,Normal,upright,1.0,0.0,0.0,-0.1666615544407892,-46.6306830659771,0.2632622150142172,1
557,18.566666666666663,Participant4_LS_SlUp,Endomorph,Normal,upright,1.0,0.0,0.0,-0.1759714743625241,-45.86766500919396,0.2524516768746309,1
558,18.6,Participant4_LS_SlUp,Endomorph,Normal,upright,1.0,0.0,0.0,-0.1513525706731396,-45.2944449970075,0.2495787883569952,1
559,18.633333333333333,Participant4_LS_SlUp,Endomorph,Normal,upright,1.0,0.0,0.0,-0.1575383703069429,-46.17414021116,0.253179328976586,1
560,18.666666666666668,Participant4_LS_SlUp,Endomorph,Normal,upright,1.0,0.0,0.0,-0.1753756054486723,-47.121443144720864,0.253378287947238,1
561,18.7,Participant4_LS_SlUp,Endomorph,Normal,upright,1.0,0.0,0.0,-0.1505411830782114,-47.81361217755751,0.2219253379424464,1
562,18.73333333333333,Participant4_LS_SlUp,Endomorph,Normal,upright,1.0,0.0,0.0,-0.172036244839096,-46.60441915993159,0.2356180858970028,1
563,18.766666666666666,Participant4_LS_SlUp,Endomorph,Normal,upright,1.0,0.0,0.0,-0.1445169755649619,-46.94073147189509,0.224607918795556,1
564,18.8,Participant4_LS_SlUp,Endomorph,Normal,upright,1.0,0.0,0.0,-0.2002095129031778,-47.985645299371065,0.2169162250082012,1
565,18.83333333333333,Participant4_LS_SlUp,Endomorph,Normal,upright,1.0,0.0,0.0,-0.1329381971698016,-47.732024935713454,0.2294217149692136,1
566,18.866666666666667,Participant4_LS_SlUp,Endomorph,Normal,upright,1.0,0.0,0.0,-0.1509767119880666,-47.43020149301231,0.2294743723508687,1
567,18.9,Participant4_LS_SlUp,Endomorph,Normal,upright,1.0,0.0,0.0,-0.1211196753946369,-46.96503524099039,0.2609399658832335,1
568,18.933333333333334,Participant4_LS_SlUp,Endomorph,Normal,upright,1.0,0.0,0.0,-0.1531042605058638,-46.05633838838173,0.2528597358590178,1
569,18.966666666666665,Participant4_LS_SlUp,Endomorph,Normal,upright,1.0,0.0,0.0,-0.150528841264338,-45.72856821615835,0.2221967555508671,1
570,19.0,Participant4_LS_SlUp,Endomorph,Normal,upright,1.0,0.0,0.0,-0.159439564125981,-47.17022018374136,0.2261975256603418,1
571,19.03333333333333,Participant4_LS_SlUp,Endomorph,Normal,upright,1.0,0.0,0.0,-0.1578975900219742,-45.45189392766529,0.2302909858036023,1
572,19.066666666666663,Participant4_LS_SlUp,Endomorph,Normal,upright,1.0,0.0,0.0,-0.1879257155941188,-47.04201264661334,0.2534609377253061,1
573,19.1,Participant4_LS_SlUp,Endomorph,Normal,upright,1.0,0.0,0.0,-0.1639356706928204,-46.6746532795524,0.2245238688905174,1
574,19.133333333333333,Participant4_LS_SlUp,Endomorph,Normal,upright,1.0,0.0,0.0,-0.1793606470588558,-46.41478815036525,0.2460832309110487,1
575,19.166666666666668,Participant4_LS_SlUp,Endomorph,Normal,upright,1.0,0.0,0.0,-0.1602680280194626,-44.99197719715509,0.2633405611756774,1
576,19.2,Participant4_LS_SlUp,Endomorph,Normal,upright,1.0,0.0,0.0,-0.1480399539348908,-47.94537422386001,0.2421699759084026,1
577,19.23333333333333,Participant4_LS_SlUp,Endomorph,Normal,upright,1.0,0.0,0.0,-0.1399706392289231,-47.80529814660719,0.2310446838445249,1
578,19.266666666666666,Participant4_LS_SlUp,Endomorph,Normal,upright,1.0,0.0,0.0,-0.1830301873256022,-46.41928581039337,0.2508495541806487,1
579,19.3,Participant4_LS_SlUp,Endomorph,Normal,upright,1.0,0.0,0.0,-0.1824780562437072,-46.8670760352805,0.2644295275623888,1
580,19.33333333333333,Participant4_LS_SlUp,Endomorph,Normal,upright,1.0,0.0,0.0,-0.167030691824811,-48.41662649154178,0.2237733092223252,1
581,19.366666666666667,Participant4_LS_SlUp,Endomorph,Normal,upright,1.0,0.0,0.0,-0.1832964956698044,-48.127520502282216,0.2239822015994023,1
582,19.4,Participant4_LS_SlUp,Endomorph,Normal,upright,1.0,0.0,0.0,-0.1531579470072075,-47.69912351859892,0.2273513959806415,1
583,19.433333333333334,Participant4_LS_SlUp,Endomorph,Normal,upright,1.0,0.0,0.0,-0.1353696011109871,-48.3738505852851,0.2364095601154642,1
584,19.466666666666665,Participant4_LS_SlUp,Endomorph,Normal,upright,1.0,0.0,0.0,-0.1471234854806725,-46.70161973924221,0.2717335132000395,1
585,19.5,Participant4_LS_SlUp,Endomorph,Normal,upright,1.0,0.0,0.0,-0.1422395064152019,-46.41893665111935,0.282668834979627,1
586,19.53333333333333,Participant4_LS_SlUp,Endomorph,Normal,upright,1.0,0.0,0.0,-0.1573107798187556,-47.37484694505508,0.2892970514000372,1
587,19.566666666666663,Participant4_LS_SlUp,Endomorph,Normal,upright,1.0,0.0,0.0,-0.1554628324219319,-44.66344711719744,0.254569916197708,1
588,19.6,Participant4_LS_SlUp,Endomorph,Normal,upright,1.0,0.0,0.0,-0.1533276868865398,-45.69376109810055,0.2841000860457784,1
589,19.633333333333333,Participant4_LS_SlUp,Endomorph,Normal,upright,1.0,0.0,0.0,-0.1232443175867488,-47.29220706208032,0.2761191356993434,1
590,19.666666666666668,Participant4_LS_SlUp,Endomorph,Normal,upright,1.0,0.0,0.0,-0.1236548354896566,-46.78640936113995,0.2831338839242094,1
591,19.7,Participant4_LS_SlUp,Endomorph,Normal,upright,1.0,0.0,0.0,-0.1777572175648291,-47.07675882995183,0.265318913675645,1
592,19.73333333333333,Participant4_LS_SlUp,Endomorph,Normal,upright,1.0,0.0,0.0,-0.152124004376304,-46.49632143873279,0.2651844462799241,1
593,19.766666666666666,Participant4_LS_SlUp,Endomorph,Normal,upright,1.0,0.0,0.0,-0.1426022491272406,-47.57805226348862,0.2993272299864654,1
594,19.8,Participant4_LS_SlUp,Endomorph,Normal,upright,1.0,0.0,0.0,-0.1381011272860938,-47.19135838431997,0.291642044745832,1
595,19.83333333333333,Participant4_LS_SlUp,Endomorph,Normal,upright,1.0,0.0,0.0,-0.1357773991060266,-47.202865132122206,0.28790067451701,1
596,19.866666666666667,Participant4_LS_SlUp,Endomorph,Normal,upright,1.0,0.0,0.0,-0.1354387622209399,-47.90704113574511,0.269676095423044,1
597,19.9,Participant4_LS_SlUp,Endomorph,Normal,upright,1.0,0.0,0.0,-0.1581242348739081,-48.05445251475429,0.2663602190328192,1
598,19.933333333333334,Participant4_LS_SlUp,Endomorph,Normal,upright,1.0,0.0,0.0,-0.1447054884454154,-46.92100936316477,0.2834718803969029,1
599,19.966666666666665,Participant4_LS_SlUp,Endomorph,Normal,upright,1.0,0.0,0.0,-0.1328009744029855,-48.55267872945639,0.2851302641661617,1
600,20.0,Participant4_LS_SlUp,Endomorph,Normal,upright,1.0,0.0,0.0,-0.1374170181607305,-46.89498872299369,0.2712760457636975,1
601,20.03333333333333,Participant4_LS_SlUp,Endomorph,Normal,upright,1.0,0.0,0.0,-0.1402826110022411,-47.79343687466158,0.3019162693148025,1
602,20.066666666666663,Participant4_LS_SlUp,Endomorph,Normal,upright,1.0,0.0,0.0,-0.1318787229625376,-46.54693335268523,0.2506498745180391,1
603,20.1,Participant4_LS_SlUp,Endomorph,Normal,upright,1.0,0.0,0.0,-0.1613940017669528,-45.64189663114665,0.2918174699722647,1
604,20.133333333333333,Participant4_LS_SlUp,Endomorph,Normal,upright,1.0,0.0,0.0,-0.1303280947171213,-46.83343363925663,0.290336167445601,1
605,20.166666666666668,Participant4_LS_SlUp,Endomorph,Normal,upright,1.0,0.0,0.0,-0.1528562263273973,-46.91524310046931,0.291666060664282,1
606,20.2,Participant4_LS_SlUp,Endomorph,Normal,upright,1.0,0.0,0.0,-0.1602938844188915,-46.70627634500443,0.2578107937102225,1
607,20.23333333333333,Participant4_LS_SlUp,Endomorph,Normal,upright,1.0,0.0,0.0,-0.1590784641289552,-47.72291433397451,0.2487588778885808,1
608,20.266666666666666,Participant4_LS_SlUp,Endomorph,Normal,upright,1.0,0.0,0.0,-0.1726513880047283,-46.4234333209504,0.2667435640381549,1
609,20.3,Participant4_LS_SlUp,Endomorph,Normal,upright,1.0,0.0,0.0,-0.1553932072877609,-47.49694756255317,0.2479901540376018,1
610,20.33333333333333,Participant4_LS_SlUp,Endomorph,Normal,upright,1.0,0.0,0.0,-0.1605605735772001,-46.81115362334592,0.2640366978278147,1
611,20.366666666666667,Participant4_LS_SlUp,Endomorph,Normal,upright,1.0,0.0,0.0,-0.1544563865205955,-47.004262827170415,0.2537250395507889,1
612,20.4,Participant4_LS_SlUp,Endomorph,Normal,upright,1.0,0.0,0.0,-0.1614646005036192,-47.32178589956074,0.2594041292769827,1
613,20.433333333333334,Participant4_LS_SlUp,Endomorph,Normal,upright,1.0,0.0,0.0,-0.1328168446880787,-47.3820471776127,0.2621824747206585,1
614,20.466666666666665,Participant4_LS_SlUp,Endomorph,Normal,upright,1.0,0.0,0.0,-0.1771109597158709,-46.78233299521839,0.2647832798616106,1
615,20.5,Participant4_LS_SlUp,Endomorph,Normal,upright,1.0,0.0,0.0,-0.1835407751862741,-47.69632155063396,0.2626034746695557,1
616,20.53333333333333,Participant4_LS_SlUp,Endomorph,Normal,upright,1.0,0.0,0.0,-0.1949036751827631,-48.25989231350616,0.2603405345534568,1
617,20.566666666666663,Participant4_LS_SlUp,Endomorph,Normal,upright,1.0,0.0,0.0,-0.2062665751792521,-46.93146433237275,0.2501057048865992,1
618,20.6,Participant4_LS_SlUp,Endomorph,Normal,upright,1.0,0.0,0.0,-0.2120276456953164,-46.909738803593264,0.2692509575935858,1
619,20.633333333333333,Participant4_LS_SlUp,Endomorph,Normal,upright,1.0,0.0,0.0,-0.1800074748743893,-46.05922442337629,0.2615976912563902,1
620,20.666666666666668,Participant4_LS_SlUp,Endomorph,Normal,upright,1.0,0.0,0.0,-0.171666738226225,-45.49419492115753,0.2452103254243736,1
621,20.7,Participant4_LS_SlUp,Endomorph,Normal,upright,1.0,0.0,0.0,-0.1810692153255044,-46.85016702095805,0.24465612053737,1
622,20.73333333333333,Participant4_LS_SlUp,Endomorph,Normal,upright,1.0,0.0,0.0,-0.1852558321306572,-47.72703526257317,0.2000704030200187,1
623,20.766666666666666,Participant4_LS_SlUp,Endomorph,Normal,upright,1.0,0.0,0.0,-0.1811777095770759,-45.54036756781723,0.2325476610248868,1
624,20.8,Participant4_LS_SlUp,Endomorph,Normal,upright,1.0,0.0,0.0,-0.1539450486126227,-46.01440705859972,0.2781764311750124,1
625,20.83333333333333,Participant4_LS_SlUp,Endomorph,Normal,upright,1.0,0.0,0.0,-0.167069800954233,-45.46981844411058,0.2557190340359331,1
626,20.866666666666667,Participant4_LS_SlUp,Endomorph,Normal,upright,1.0,0.0,0.0,-0.175257653726661,-47.34663943833922,0.2487543283665281,1
627,20.9,Participant4_LS_SlUp,Endomorph,Normal,upright,1.0,0.0,0.0,-0.1509728163845857,-46.729271444615854,0.2589441440689067,1
628,20.933333333333334,Participant4_LS_SlUp,Endomorph,Normal,upright,1.0,0.0,0.0,-0.1727447013076193,-43.99018985732409,0.2313357804504647,1
629,20.966666666666665,Participant4_LS_SlUp,Endomorph,Normal,upright,1.0,0.0,0.0,-0.154129747348214,-46.282928338489455,0.2073851784025625,1
630,21.0,Participant4_LS_SlUp,Endomorph,Normal,upright,1.0,0.0,0.0,-0.160084602365543,-46.81398953703525,0.2540364038689531,1
631,21.03333333333333,Participant4_LS_SlUp,Endomorph,Normal,upright,1.0,0.0,0.0,-0.1939200656805663,-45.72433244824798,0.2680205851878682,1
632,21.066666666666663,Participant4_LS_SlUp,Endomorph,Normal,upright,1.0,0.0,0.0,-0.2122422577268056,-46.67824109437655,0.2693652723621827,1
633,21.1,Participant4_LS_SlUp,Endomorph,Normal,upright,1.0,0.0,0.0,-0.1965137225135653,-47.40603552867884,0.2702792563634346,1
634,21.133333333333333,Participant4_LS_SlUp,Endomorph,Normal,upright,1.0,0.0,0.0,-0.217114718113188,-46.07079302196725,0.2467359929901759,1
635,21.166666666666668,Participant4_LS_SlUp,Endomorph,Normal,upright,1.0,0.0,0.0,-0.1987483030194361,-46.85017178083766,0.2652841017026032,1
636,21.2,Participant4_LS_SlUp,Endomorph,Normal,upright,1.0,0.0,0.0,-0.1803818879256842,-46.34523373393714,0.2450561875588821,1
637,21.23333333333333,Participant4_LS_SlUp,Endomorph,Normal,upright,1.0,0.0,0.0,-0.1620154728319322,-45.49507484098911,0.2643412467176432,1
638,21.266666666666666,Participant4_LS_SlUp,Endomorph,Normal,upright,1.0,0.0,0.0,-0.1914683916135534,-44.857677093081655,0.2680527067120632,1
639,21.3,Participant4_LS_SlUp,Endomorph,Normal,upright,1.0,0.0,0.0,-0.2032088278387109,-44.70515476877144,0.2326668227543734,1
640,21.33333333333333,Participant4_LS_SlUp,Endomorph,Normal,upright,1.0,0.0,0.0,-0.1638201187997956,-45.692164634106064,0.2499494584043975,1
641,21.366666666666667,Participant4_LS_SlUp,Endomorph,Normal,upright,1.0,0.0,0.0,-0.1741625532780391,-46.56525299380998,0.2149070486164111,1
642,21.4,Participant4_LS_SlUp,Endomorph,Normal,upright,1.0,0.0,0.0,-0.1949318709769847,-44.00505720403733,0.2412958642939939,1
643,21.433333333333334,Participant4_LS_SlUp,Endomorph,Normal,upright,1.0,0.0,0.0,-0.181491156843456,-44.00252947016026,0.2481738809096257,1
644,21.466666666666665,Participant4_LS_SlUp,Endomorph,Normal,upright,1.0,0.0,0.0,-0.1738978107411694,-44.9874531061804,0.2559172917987113,1
645,21.5,Participant4_LS_SlUp,Endomorph,Normal,upright,1.0,0.0,0.0,-0.1955767591295772,-44.40870626349288,0.2542345053951811,1
646,21.53333333333333,Participant4_LS_SlUp,Endomorph,Normal,upright,1.0,0.0,0.0,-0.1640556291271022,-46.17890124705899,0.267106961852964,1
647,21.566666666666663,Participant4_LS_SlUp,Endomorph,Normal,upright,1.0,0.0,0.0,-0.1887245766223564,-45.70606837356019,0.2508223887552447,1
648,21.6,Participant4_LS_SlUp,Endomorph,Normal,upright,1.0,0.0,0.0,-0.1612358771044129,-47.44719573523144,0.2569889647738917,1
649,21.633333333333333,Participant4_LS_SlUp,Endomorph,Normal,upright,1.0,0.0,0.0,-0.1534493180296102,-47.56759030947614,0.2499821837710387,1
650,21.666666666666668,Participant4_LS_SlUp,Endomorph,Normal,upright,1.0,0.0,0.0,-0.1529482504772116,-44.00886238800577,0.2338983965419024,1
651,21.7,Participant4_LS_SlUp,Endomorph,Normal,upright,1.0,0.0,0.0,-0.194521696683719,-43.083278573188586,0.2314465457523115,1
652,21.73333333333333,Participant4_LS_SlUp,Endomorph,Normal,upright,1.0,0.0,0.0,-0.1884843930130649,-43.23686468869424,0.2558318757880168,1
653,21.766666666666666,Participant4_LS_SlUp,Endomorph,Normal,upright,1.0,0.0,0.0,-0.1911899278681474,-44.43543870314103,0.2330521752392468,1
654,21.8,Participant4_LS_SlUp,Endomorph,Normal,upright,1.0,0.0,0.0,-0.1768999305430816,-48.18787235193432,0.2014736829208628,1
655,21.83333333333333,Participant4_LS_SlUp,Endomorph,Normal,upright,1.0,0.0,0.0,-0.1878369154924405,-47.9467892367712,0.210624274130646,1
656,21.866666666666667,Participant4_LS_SlUp,Endomorph,Normal,upright,1.0,0.0,0.0,-0.1480328923058911,-45.549176151131824,0.2173067823352572,1
657,21.9,Participant4_LS_SlUp,Endomorph,Normal,upright,1.0,0.0,0.0,-0.1737744470678651,-45.5893549489369,0.2395092833935477,1
658,21.933333333333334,Participant4_LS_SlUp,Endomorph,Normal,upright,1.0,0.0,0.0,-0.1492632366977795,-46.7913732004292,0.1979869719010709,1
659,21.966666666666665,Participant4_LS_SlUp,Endomorph,Normal,upright,1.0,0.0,0.0,-0.1913230904133,-46.33328618275322,0.2500023901288842,1
660,22.0,Participant4_LS_SlUp,Endomorph,Normal,upright,1.0,0.0,0.0,-0.2036808768070511,-46.52655663969744,0.2477065683162481,1
661,22.03333333333333,Participant4_LS_SlUp,Endomorph,Normal,upright,1.0,0.0,0.0,-0.176655510707235,-45.22709972642804,0.2683783741245232,1
662,22.066666666666663,Participant4_LS_SlUp,Endomorph,Normal,upright,1.0,0.0,0.0,-0.1864977915508893,-47.01737886135883,0.2544760721673992,1
663,22.1,Participant4_LS_SlUp,Endomorph,Normal,upright,1.0,0.0,0.0,-0.1644291859515961,-44.02593269637609,0.2734945192321939,1
664,22.133333333333333,Participant4_LS_SlUp,Endomorph,Normal,upright,1.0,0.0,0.0,-0.1710810116534962,-46.41841936830533,0.259020476720766,1
665,22.166666666666668,Participant4_LS_SlUp,Endomorph,Normal,upright,1.0,0.0,0.0,-0.1575483763416009,-47.03243206606674,0.2594603179825894,1
666,22.2,Participant4_LS_SlUp,Endomorph,Normal,upright,1.0,0.0,0.0,-0.1847684622769747,-47.390102566934935,0.2731086200006408,1
667,22.23333333333333,Participant4_LS_SlUp,Endomorph,Normal,upright,1.0,0.0,0.0,-0.1795252575142562,-47.08432763231293,0.2608668888952484,1
668,22.266666666666666,Participant4_LS_SlUp,Endomorph,Normal,upright,1.0,0.0,0.0,-0.1754086214684345,-47.28222652944925,0.2661924872103091,1
669,22.3,Participant4_LS_SlUp,Endomorph,Normal,upright,1.0,0.0,0.0,-0.1630664127304595,-46.82704571884502,0.261129912731333,1
670,22.33333333333333,Participant4_LS_SlUp,Endomorph,Normal,upright,1.0,0.0,0.0,-0.1750978353034816,-44.758165982833056,0.2381236181759466,1
671,22.366666666666667,Participant4_LS_SlUp,Endomorph,Normal,upright,1.0,0.0,0.0,-0.1690317158917258,-46.60021444868753,0.2737544364757284,1
672,22.4,Participant4_LS_SlUp,Endomorph,Normal,upright,1.0,0.0,0.0,-0.1706318987347598,-46.62694582246739,0.273488925615298,1
673,22.433333333333334,Participant4_LS_SlUp,Endomorph,Normal,upright,1.0,0.0,0.0,-0.1776620427299288,-44.96369948487681,0.2658631783819218,1
674,22.466666666666665,Participant4_LS_SlUp,Endomorph,Normal,upright,1.0,0.0,0.0,-0.1624529732516029,-43.79456142790495,0.2429543808026037,1
675,22.5,Participant4_LS_SlUp,Endomorph,Normal,upright,1.0,0.0,0.0,-0.150903159033205,-44.85640851777314,0.2984370827341926,1
676,22.53333333333333,Participant4_LS_SlUp,Endomorph,Normal,upright,1.0,0.0,0.0,-0.1374126127513704,-46.08869796035945,0.2985708871222888,1
677,22.566666666666663,Participant4_LS_SlUp,Endomorph,Normal,upright,1.0,0.0,0.0,-0.1545651626835534,-45.037127803934304,0.2358102025231318,1
678,22.6,Participant4_LS_SlUp,Endomorph,Normal,upright,1.0,0.0,0.0,-0.1581128238055545,-45.07183940354008,0.2357583972426234,1
679,22.633333333333333,Participant4_LS_SlUp,Endomorph,Normal,upright,1.0,0.0,0.0,-0.1427616597308847,-44.267570368551006,0.2069462516512096,1
680,22.666666666666668,Participant4_LS_SlUp,Endomorph,Normal,upright,1.0,0.0,0.0,-0.1418744638440529,-45.775141704944126,0.2665712062700304,1
681,22.7,Participant4_LS_SlUp,Endomorph,Normal,upright,1.0,0.0,0.0,-0.1372644671586982,-46.27796177571257,0.287001834269928,1
682,22.73333333333333,Participant4_LS_SlUp,Endomorph,Normal,upright,1.0,0.0,0.0,-0.1593147031097944,-45.17615480687997,0.2435320669179495,1
683,22.766666666666666,Participant4_LS_SlUp,Endomorph,Normal,upright,1.0,0.0,0.0,-0.1757471508044872,-44.25266296086369,0.2418436167554433,1
684,22.8,Participant4_LS_SlUp,Endomorph,Normal,upright,1.0,0.0,0.0,-0.1708020863189965,-45.278192080547086,0.2463354898594985,1
685,22.83333333333333,Participant4_LS_SlUp,Endomorph,Normal,upright,1.0,0.0,0.0,-0.1648857681390477,-44.11688042422048,0.2514103452181427,1
686,22.866666666666667,Participant4_LS_SlUp,Endomorph,Normal,upright,1.0,0.0,0.0,-0.1930068841209915,-45.959566768635874,0.2573649205092282,1
687,22.9,Participant4_LS_SlUp,Endomorph,Normal,upright,1.0,0.0,0.0,-0.2083552221786656,-44.34053286010785,0.2598656142965147,1
688,22.933333333333334,Participant4_LS_SlUp,Endomorph,Normal,upright,1.0,0.0,0.0,-0.1872787578380224,-44.88574916879304,0.2929858441218644,1
689,22.966666666666665,Participant4_LS_SlUp,Endomorph,Normal,upright,1.0,0.0,0.0,-0.1846132629926183,-44.95473411153893,0.3021965430268412,1
690,23.0,Participant4_LS_SlUp,Endomorph,Normal,upright,1.0,0.0,0.0,-0.1836838686455688,-44.32010673022399,0.2684586788684588,1
691,23.03333333333333,Participant4_LS_SlUp,Endomorph,Normal,upright,1.0,0.0,0.0,-0.1718214545285739,-46.035003237193145,0.2566632177962283,1
692,23.066666666666663,Participant4_LS_SlUp,Endomorph,Normal,upright,1.0,0.0,0.0,-0.1810208147180411,-45.64884402117028,0.2285881319046173,1
693,23.1,Participant4_LS_SlUp,Endomorph,Normal,upright,1.0,0.0,0.0,-0.1712499592304505,-47.19927282518296,0.2712104271085912,1
694,23.133333333333333,Participant4_LS_SlUp,Endomorph,Normal,upright,1.0,0.0,0.0,-0.1642605933391263,-47.38265429228835,0.2708894414764857,1
695,23.166666666666668,Participant4_LS_SlUp,Endomorph,Normal,upright,1.0,0.0,0.0,-0.1887216573115959,-45.73271879444122,0.2510641160819089,1
696,23.2,Participant4_LS_SlUp,Endomorph,Normal,upright,1.0,0.0,0.0,-0.1766336324770819,-44.667200641785726,0.262112080595344,1
697,23.23333333333333,Participant4_LS_SlUp,Endomorph,Normal,upright,1.0,0.0,0.0,-0.15519514641423,-46.02515253824315,0.2659637289190846,1
698,23.266666666666666,Participant4_LS_SlUp,Endomorph,Normal,upright,1.0,0.0,0.0,-0.1663063959044608,-44.38062901621509,0.2480591408554348,1
699,23.3,Participant4_LS_SlUp,Endomorph,Normal,upright,1.0,0.0,0.0,-0.1563269003324414,-47.44041674832534,0.279654739216218,1
700,23.33333333333333,Participant4_LS_SlUp,Endomorph,Normal,upright,1.0,0.0,0.0,-0.162452454247341,-46.32641912367939,0.2601391447659506,1
701,23.366666666666667,Participant4_LS_SlUp,Endomorph,Normal,upright,1.0,0.0,0.0,-0.1580335597445389,-48.65004753904557,0.2348457484065116,1
702,23.4,Participant4_LS_SlUp,Endomorph,Normal,upright,1.0,0.0,0.0,-0.1746629681162037,-47.65758123934584,0.2308086699665023,1
703,23.433333333333334,Participant4_LS_SlUp,Endomorph,Normal,upright,1.0,0.0,0.0,-0.1755665853787077,-46.37945349943445,0.2497165937659391,1
704,23.466666666666665,Participant4_LS_SlUp,Endomorph,Normal,upright,1.0,0.0,0.0,-0.1822520602745678,-45.02397088805163,0.2746276805448324,1
705,23.5,Participant4_LS_SlUp,Endomorph,Normal,upright,1.0,0.0,0.0,-0.1602380375749616,-45.98653436672245,0.2337062091772897,1
706,23.53333333333333,Participant4_LS_SlUp,Endomorph,Normal,upright,1.0,0.0,0.0,-0.1560925476647787,-45.12284817952816,0.2599831838703405,1
707,23.566666666666663,Participant4_LS_SlUp,Endomorph,Normal,upright,1.0,0.0,0.0,-0.1522206274774214,-45.887218063335055,0.2464441986375214,1
708,23.6,Participant4_LS_SlUp,Endomorph,Normal,upright,1.0,0.0,0.0,-0.159945596260896,-45.10547166139549,0.2277816800189792,1
709,23.633333333333333,Participant4_LS_SlUp,Endomorph,Normal,upright,1.0,0.0,0.0,-0.1441366891443206,-46.31123567249898,0.2382013305340885,1
710,23.666666666666668,Participant4_LS_SlUp,Endomorph,Normal,upright,1.0,0.0,0.0,-0.149576732720006,-48.09394122809126,0.2530463864461887,1
711,23.7,Participant4_LS_SlUp,Endomorph,Normal,upright,1.0,0.0,0.0,-0.1327202687723407,-46.41476186004201,0.2278642849931544,1
712,23.73333333333333,Participant4_LS_SlUp,Endomorph,Normal,upright,1.0,0.0,0.0,-0.1238983724991929,-48.92561416365357,0.2471830353862268,1
713,23.766666666666666,Participant4_LS_SlUp,Endomorph,Normal,upright,1.0,0.0,0.0,-0.1429845195074247,-45.36830880590175,0.2771865415332447,1
714,23.8,Participant4_LS_SlUp,Endomorph,Normal,upright,1.0,0.0,0.0,-0.1242222888826589,-47.76552055123772,0.2266991478987242,1
715,23.83333333333333,Participant4_LS_SlUp,Endomorph,Normal,upright,1.0,0.0,0.0,-0.16463687860809,-45.94509134896439,0.2241581889633367,1
716,23.866666666666667,Participant4_LS_SlUp,Endomorph,Normal,upright,1.0,0.0,0.0,-0.1309323942500866,-48.59932129113532,0.2527595790516458,1
717,23.9,Participant4_LS_SlUp,Endomorph,Normal,upright,1.0,0.0,0.0,-0.1528318534404021,-45.003285241550365,0.2423204088815821,1
718,23.933333333333334,Participant4_LS_SlUp,Endomorph,Normal,upright,1.0,0.0,0.0,-0.1559207522178576,-46.92659427720834,0.2335463116439078,1
719,23.966666666666665,Participant4_LS_SlUp,Endomorph,Normal,upright,1.0,0.0,0.0,-0.1538187290861075,-47.17889669243196,0.2328863344827213,1
720,24.0,Participant4_LS_SlUp,Endomorph,Normal,upright,1.0,0.0,0.0,-0.1306016279513357,-47.66898426062906,0.2424369919817069,1
721,24.03333333333333,Participant4_LS_SlUp,Endomorph,Normal,upright,1.0,0.0,0.0,-0.1236165241251014,-48.15907182882616,0.2552343729537718,1
722,24.066666666666663,Participant4_LS_SlUp,Endomorph,Normal,upright,1.0,0.0,0.0,-0.1277751709801139,-47.44670194501892,0.2345810184681347,1
723,24.1,Participant4_LS_SlUp,Endomorph,Normal,upright,1.0,0.0,0.0,-0.1319338178351264,-47.01072299035732,0.2489924542570488,1
724,24.133333333333333,Participant4_LS_SlUp,Endomorph,Normal,upright,1.0,0.0,0.0,-0.1360924646901389,-46.14872133018231,0.2159355481957418,1
725,24.166666666666668,Participant4_LS_SlUp,Endomorph,Normal,upright,1.0,0.0,0.0,-0.1403606768596226,-46.90391190690059,0.2407995719141028,1
726,24.2,Participant4_LS_SlUp,Endomorph,Normal,upright,1.0,0.0,0.0,-0.1446357685509673,-47.91288286046384,0.2451795372692841,1
727,24.23333333333333,Participant4_LS_SlUp,Endomorph,Normal,upright,1.0,0.0,0.0,-0.1243536485597783,-45.88937486753351,0.2512039273568872,1
728,24.266666666666666,Participant4_LS_SlUp,Endomorph,Normal,upright,1.0,0.0,0.0,-0.136974968843321,-44.05281003220391,0.276674949255613,1
729,24.3,Participant4_LS_SlUp,Endomorph,Normal,upright,1.0,0.0,0.0,-0.122431702334573,-45.96328994470941,0.2509344180511375,1
730,24.33333333333333,Participant4_LS_SlUp,Endomorph,Normal,upright,1.0,0.0,0.0,-0.1320529556640251,-45.58482853029592,0.2531253890038514,1
731,24.366666666666667,Participant4_LS_SlUp,Endomorph,Normal,upright,1.0,0.0,0.0,-0.1373337225684948,-45.016564375306,0.2592579033666483,1
732,24.4,Participant4_LS_SlUp,Endomorph,Normal,upright,1.0,0.0,0.0,-0.1526818171753844,-45.24687824555844,0.2574077632765576,1
733,24.433333333333334,Participant4_LS_SlUp,Endomorph,Normal,upright,1.0,0.0,0.0,-0.1421993742381945,-46.06227019345845,0.2546995253886696,1
734,24.466666666666665,Participant4_LS_SlUp,Endomorph,Normal,upright,1.0,0.0,0.0,-0.1332699901996796,-46.49421382657267,0.2669871992351851,1
735,24.5,Participant4_LS_SlUp,Endomorph,Normal,upright,1.0,0.0,0.0,-0.1399460287564214,-46.5447341354312,0.2627113996121779,1
736,24.53333333333333,Participant4_LS_SlUp,Endomorph,Normal,upright,1.0,0.0,0.0,-0.1502423673860289,-46.6707785513813,0.2250735692535889,1
737,24.566666666666663,Participant4_LS_SlUp,Endomorph,Normal,upright,1.0,0.0,0.0,-0.1564160737858445,-44.59675067018346,0.2590689040620843,1
738,24.6,Participant4_LS_SlUp,Endomorph,Normal,upright,1.0,0.0,0.0,-0.158098407256124,-43.43796094758083,0.2530719919982435,1
739,24.633333333333333,Participant4_LS_SlUp,Endomorph,Normal,upright,1.0,0.0,0.0,-0.1413719649612129,-44.490057891279776,0.2861576209243605,1
740,24.666666666666668,Participant4_LS_SlUp,Endomorph,Normal,upright,1.0,0.0,0.0,-0.1431945683978001,-46.64578797081839,0.2691296878811124,1
741,24.7,Participant4_LS_SlUp,Endomorph,Normal,upright,1.0,0.0,0.0,-0.1351654638648317,-45.12100095841268,0.2805162301058981,1
742,24.73333333333333,Participant4_LS_SlUp,Endomorph,Normal,upright,1.0,0.0,0.0,-0.1450824951019959,-46.00779578499009,0.2809886556403727,1
743,24.766666666666666,Participant4_LS_SlUp,Endomorph,Normal,upright,1.0,0.0,0.0,-0.1542157347749586,-45.31270489812582,0.2606584512530031,1
744,24.8,Participant4_LS_SlUp,Endomorph,Normal,upright,1.0,0.0,0.0,-0.1578195965855957,-44.99917607160837,0.2534630224085847,1
745,24.83333333333333,Participant4_LS_SlUp,Endomorph,Normal,upright,1.0,0.0,0.0,-0.1527569671778718,-45.77657781415063,0.2537395087782334,1
746,24.866666666666667,Participant4_LS_SlUp,Endomorph,Normal,upright,1.0,0.0,0.0,-0.1721696773034884,-45.01377385724657,0.2535310623583649,1
747,24.9,Participant4_LS_SlUp,Endomorph,Normal,upright,1.0,0.0,0.0,-0.1662788504021551,-45.21892486423658,0.2524937492953518,1
748,24.933333333333334,Participant4_LS_SlUp,Endomorph,Normal,upright,1.0,0.0,0.0,-0.1489923189822706,-46.68456643864926,0.2289976242057505,1
749,24.966666666666665,Participant4_LS_SlUp,Endomorph,Normal,upright,1.0,0.0,0.0,-0.1547405927492495,-43.71346516439833,0.2672815835329939,1
750,25.0,Participant4_LS_SlUp,Endomorph,Normal,upright,1.0,0.0,0.0,-0.1377580817431175,-44.46573523198618,0.2617400081213274,1
751,25.03333333333333,Participant4_LS_SlUp,Endomorph,Normal,upright,1.0,0.0,0.0,-0.1481012307316565,-45.32292497535269,0.2682573278050056,1
752,25.066666666666663,Participant4_LS_SlUp,Endomorph,Normal,upright,1.0,0.0,0.0,-0.1620355681914398,-44.37514863322087,0.2700511041211609,1
753,25.1,Participant4_LS_SlUp,Endomorph,Normal,upright,1.0,0.0,0.0,-0.1405149659539535,-45.83364146356975,0.2555717914246979,1
754,25.133333333333333,Participant4_LS_SlUp,Endomorph,Normal,upright,1.0,0.0,0.0,-0.1365263475317333,-45.59317508466693,0.2526001915347778,1
755,25.166666666666668,Participant4_LS_SlUp,Endomorph,Normal,upright,1.0,0.0,0.0,-0.1394702728203152,-45.2431362708876,0.2465554603932842,1
756,25.2,Participant4_LS_SlUp,Endomorph,Normal,upright,1.0,0.0,0.0,-0.1441339864429882,-44.77429431385984,0.2524615858081208,1
757,25.23333333333333,Participant4_LS_SlUp,Endomorph,Normal,upright,1.0,0.0,0.0,-0.1734871815840646,-43.51561505484027,0.244815667019177,1
758,25.266666666666666,Participant4_LS_SlUp,Endomorph,Normal,upright,1.0,0.0,0.0,-0.1409979219021396,-46.78744622706076,0.2349475184677817,1
759,25.3,Participant4_LS_SlUp,Endomorph,Normal,upright,1.0,0.0,0.0,-0.1519245955011828,-44.90556380351772,0.2428568418426398,1
760,25.33333333333333,Participant4_LS_SlUp,Endomorph,Normal,upright,1.0,0.0,0.0,-0.1637675120555104,-44.89850130945731,0.2532134890280933,1
761,25.366666666666667,Participant4_LS_SlUp,Endomorph,Normal,upright,1.0,0.0,0.0,-0.1589881569439253,-45.074208284207735,0.2673142306278969,1
762,25.4,Participant4_LS_SlUp,Endomorph,Normal,upright,1.0,0.0,0.0,-0.1783651355622177,-43.05752867221882,0.2531444470175715,1
763,25.433333333333334,Participant4_LS_SlUp,Endomorph,Normal,upright,1.0,0.0,0.0,-0.1796660101432281,-42.47229967831433,0.2459817573969957,1
764,25.466666666666665,Participant4_LS_SlUp,Endomorph,Normal,upright,1.0,0.0,0.0,-0.1723852888248218,-42.44826364157614,0.25356130156307,1
765,25.5,Participant4_LS_SlUp,Endomorph,Normal,upright,1.0,0.0,0.0,-0.1493664736655007,-43.81753273812408,0.2461532398326833,1
766,25.53333333333333,Participant4_LS_SlUp,Endomorph,Normal,upright,1.0,0.0,0.0,-0.1462452738846485,-43.51916557252725,0.2495215467293349,1
767,25.566666666666663,Participant4_LS_SlUp,Endomorph,Normal,upright,1.0,0.0,0.0,-0.1949760665388209,-42.26926554923205,0.2415700418622419,1
768,25.6,Participant4_LS_SlUp,Endomorph,Normal,upright,1.0,0.0,0.0,-0.1617887647649829,-45.634367771068085,0.2540366205353056,1
769,25.633333333333333,Participant4_LS_SlUp,Endomorph,Normal,upright,1.0,0.0,0.0,-0.1514341004956099,-45.60016994459726,0.2617773613097506,1
770,25.666666666666668,Participant4_LS_SlUp,Endomorph,Normal,upright,1.0,0.0,0.0,-0.1818484652566105,-45.53255532967248,0.2041669327447627,1
771,25.7,Participant4_LS_SlUp,Endomorph,Normal,upright,1.0,0.0,0.0,-0.1672349683393921,-42.35336065379717,0.2490358974075881,1
772,25.73333333333333,Participant4_LS_SlUp,Endomorph,Normal,upright,1.0,0.0,0.0,-0.1895421224510316,-44.88977156352147,0.2098595462388582,1
773,25.766666666666666,Participant4_LS_SlUp,Endomorph,Normal,upright,1.0,0.0,0.0,-0.1858294184080224,-45.00964766272868,0.2221724009831703,1
774,25.8,Participant4_LS_SlUp,Endomorph,Normal,upright,1.0,0.0,0.0,-0.1799936644818691,-46.0986233653734,0.2046824965896445,1
775,25.83333333333333,Participant4_LS_SlUp,Endomorph,Normal,upright,1.0,0.0,0.0,-0.1752532483075352,-46.358707724449815,0.2104183217413707,1
776,25.866666666666667,Participant4_LS_SlUp,Endomorph,Normal,upright,1.0,0.0,0.0,-0.1620731748117111,-43.54446049577731,0.247817640407029,1
777,25.9,Participant4_LS_SlUp,Endomorph,Normal,upright,1.0,0.0,0.0,-0.1606573226767915,-43.449126813378,0.2546429548219851,1
778,25.933333333333334,Participant4_LS_SlUp,Endomorph,Normal,upright,1.0,0.0,0.0,-0.1811905819390143,-44.16611805302633,0.2076396046091768,1
779,25.966666666666665,Participant4_LS_SlUp,Endomorph,Normal,upright,1.0,0.0,0.0,-0.1787749115457088,-44.803033719501286,0.2116257240818115,1
780,26.0,Participant4_LS_SlUp,Endomorph,Normal,upright,1.0,0.0,0.0,-0.1700550832752845,-45.9159283587922,0.2043090822622029,1
781,26.03333333333333,Participant4_LS_SlUp,Endomorph,Normal,upright,1.0,0.0,0.0,-0.1800458960026409,-43.35451784561998,0.2210007720240622,1
782,26.066666666666663,Participant4_LS_SlUp,Endomorph,Normal,upright,1.0,0.0,0.0,-0.1873487725184334,-43.29983136018759,0.2171977572783673,1
783,26.1,Participant4_LS_SlUp,Endomorph,Normal,upright,1.0,0.0,0.0,-0.1811450609179843,-43.67818800081197,0.2103750159415685,1
784,26.133333333333333,Participant4_LS_SlUp,Endomorph,Normal,upright,1.0,0.0,0.0,-0.1922218904100937,-42.16335481950766,0.2263241324803728,1
785,26.166666666666668,Participant4_LS_SlUp,Endomorph,Normal,upright,1.0,0.0,0.0,-0.1574043389940122,-45.50996053479365,0.2099934754231902,1
786,26.2,Participant4_LS_SlUp,Endomorph,Normal,upright,1.0,0.0,0.0,-0.17329554642285,-45.41352108952092,0.219716928360701,1
787,26.23333333333333,Participant4_LS_SlUp,Endomorph,Normal,upright,1.0,0.0,0.0,-0.1637422468459728,-45.276802572533896,0.2168874664638884,1
788,26.266666666666666,Participant4_LS_SlUp,Endomorph,Normal,upright,1.0,0.0,0.0,-0.1849261413578656,-42.234184217981365,0.2607944703939794,1
789,26.3,Participant4_LS_SlUp,Endomorph,Normal,upright,1.0,0.0,0.0,-0.1666258154866744,-43.75462929268154,0.2636999688262251,1
790,26.33333333333333,Participant4_LS_SlUp,Endomorph,Normal,upright,1.0,0.0,0.0,-0.1826284271454625,-43.006376832444175,0.2622293959854076,1
791,26.366666666666667,Participant4_LS_SlUp,Endomorph,Normal,upright,1.0,0.0,0.0,-0.1618891526884777,-42.49137861902795,0.2281367248341447,1
792,26.4,Participant4_LS_SlUp,Endomorph,Normal,upright,1.0,0.0,0.0,-0.1742962347947,-44.99228456891694,0.2240403761351874,1
793,26.433333333333334,Participant4_LS_SlUp,Endomorph,Normal,upright,1.0,0.0,0.0,-0.1664269830000163,-44.903893438615846,0.2302463605097824,1
794,26.466666666666665,Participant4_LS_SlUp,Endomorph,Normal,upright,1.0,0.0,0.0,-0.1692605120147315,-43.750470711694064,0.2398146546544512,1
795,26.5,Participant4_LS_SlUp,Endomorph,Normal,upright,1.0,0.0,0.0,-0.1577723196885025,-44.41470225685855,0.2337991530281618,1
796,26.53333333333333,Participant4_LS_SlUp,Endomorph,Normal,upright,1.0,0.0,0.0,-0.1633012329720684,-45.31525312755784,0.2161348486077988,1
797,26.566666666666663,Participant4_LS_SlUp,Endomorph,Normal,upright,1.0,0.0,0.0,-0.1588199762244687,-43.87114681942018,0.2437188154638848,1
798,26.6,Participant4_LS_SlUp,Endomorph,Normal,upright,1.0,0.0,0.0,-0.1741360902555483,-43.78110714259456,0.2550002365880134,1
799,26.633333333333333,Participant4_LS_SlUp,Endomorph,Normal,upright,1.0,0.0,0.0,-0.1532040005568065,-43.76669052014121,0.2357206012857157,1
800,26.666666666666668,Participant4_LS_SlUp,Endomorph,Normal,upright,1.0,0.0,0.0,-0.168531070946504,-45.28632485295655,0.226916100618902,1
801,26.7,Participant4_LS_SlUp,Endomorph,Normal,upright,1.0,0.0,0.0,-0.1804094669602022,-42.10008109638272,0.24920680125824,1
802,26.73333333333333,Participant4_LS_SlUp,Endomorph,Normal,upright,1.0,0.0,0.0,-0.1872199032523048,-43.646387714822986,0.2428190287292984,1
803,26.766666666666666,Participant4_LS_SlUp,Endomorph,Normal,upright,1.0,0.0,0.0,-0.1499090630942403,-47.28525815589349,0.2198818018080153,1
804,26.8,Participant4_LS_SlUp,Endomorph,Normal,upright,1.0,0.0,0.0,-0.1798020010506879,-44.39141810043928,0.2594806920998069,1
805,26.83333333333333,Participant4_LS_SlUp,Endomorph,Normal,upright,1.0,0.0,0.0,-0.1872448849972123,-46.953855061954016,0.2270621009987068,1
806,26.866666666666667,Participant4_LS_SlUp,Endomorph,Normal,upright,1.0,0.0,0.0,-0.1813441095023115,-46.28584687349824,0.2218402838836468,1
807,26.9,Participant4_LS_SlUp,Endomorph,Normal,upright,1.0,0.0,0.0,-0.16981011458802,-45.28855153029851,0.2153914610053433,1
808,26.933333333333334,Participant4_LS_SlUp,Endomorph,Normal,upright,1.0,0.0,0.0,-0.1964755475980455,-45.48103420217762,0.2405569507021387,1
809,26.966666666666665,Participant4_LS_SlUp,Endomorph,Normal,upright,1.0,0.0,0.0,-0.1997683341585487,-46.49438101516563,0.2376579524261737,1
810,27.0,Participant4_LS_SlUp,Endomorph,Normal,upright,1.0,0.0,0.0,-0.189553993969971,-45.4463977734795,0.2335011031109324,1
811,27.03333333333333,Participant4_LS_SlUp,Endomorph,Normal,upright,1.0,0.0,0.0,-0.1922975057833073,-45.46251885992256,0.2420035412290518,1
812,27.066666666666663,Participant4_LS_SlUp,Endomorph,Normal,upright,1.0,0.0,0.0,-0.1786636940479479,-44.09277789449401,0.2681243921604278,1
813,27.1,Participant4_LS_SlUp,Endomorph,Normal,upright,1.0,0.0,0.0,-0.1864958773513103,-42.80734910577503,0.2726030744537316,1
814,27.133333333333333,Participant4_LS_SlUp,Endomorph,Normal,upright,1.0,0.0,0.0,-0.1962116142325608,-42.82462065676917,0.2706141104167001,1
815,27.166666666666668,Participant4_LS_SlUp,Endomorph,Normal,upright,1.0,0.0,0.0,-0.1649709708745769,-43.795423595927055,0.2165048002247938,1
816,27.2,Participant4_LS_SlUp,Endomorph,Normal,upright,1.0,0.0,0.0,-0.1770101537391307,-44.42592898644587,0.2613393667778457,1
817,27.23333333333333,Participant4_LS_SlUp,Endomorph,Normal,upright,1.0,0.0,0.0,-0.1568631450674294,-45.167261139319656,0.2438073151220512,1
818,27.266666666666666,Participant4_LS_SlUp,Endomorph,Normal,upright,1.0,0.0,0.0,-0.1813816128114218,-43.3814154906597,0.2291401878678805,1
819,27.3,Participant4_LS_SlUp,Endomorph,Normal,upright,1.0,0.0,0.0,-0.1700085362954635,-44.48216855050152,0.2572053008571302,1
820,27.33333333333333,Participant4_LS_SlUp,Endomorph,Normal,upright,1.0,0.0,0.0,-0.1636590215884653,-45.55555183856173,0.2086969693281728,1
821,27.366666666666667,Participant4_LS_SlUp,Endomorph,Normal,upright,1.0,0.0,0.0,-0.1546744818806543,-46.20462609312453,0.2348139966750501,1
822,27.4,Participant4_LS_SlUp,Endomorph,Normal,upright,1.0,0.0,0.0,-0.1804863805392048,-44.66651784342577,0.2489337507863254,1
823,27.433333333333334,Participant4_LS_SlUp,Endomorph,Normal,upright,1.0,0.0,0.0,-0.1511984817542329,-45.42055478770857,0.2639048447821859,1
824,27.466666666666665,Participant4_LS_SlUp,Endomorph,Normal,upright,1.0,0.0,0.0,-0.1794429018258033,-44.50607841208126,0.2835533402707306,1
825,27.5,Participant4_LS_SlUp,Endomorph,Normal,upright,1.0,0.0,0.0,-0.1847768541303585,-45.13548261883183,0.2701215379909982,1
826,27.53333333333333,Participant4_LS_SlUp,Endomorph,Normal,upright,1.0,0.0,0.0,-0.1818389633074984,-45.51412402087657,0.2390622985060805,1
827,27.566666666666663,Participant4_LS_SlUp,Endomorph,Normal,upright,1.0,0.0,0.0,-0.176649376439272,-45.68723595014189,0.2411039121453188,1
828,27.6,Participant4_LS_SlUp,Endomorph,Normal,upright,1.0,0.0,0.0,-0.2170939257698938,-42.31527084947859,0.2541308611692225,1
829,27.633333333333333,Participant4_LS_SlUp,Endomorph,Normal,upright,1.0,0.0,0.0,-0.189452352632596,-42.59317998521161,0.2491912044505697,1
830,27.666666666666668,Participant4_LS_SlUp,Endomorph,Normal,upright,1.0,0.0,0.0,-0.1804631626830735,-44.08467923036369,0.2102585476344703,1
831,27.7,Participant4_LS_SlUp,Endomorph,Normal,upright,1.0,0.0,0.0,-0.1929193615873647,-44.53524016373406,0.2105096870783735,1
832,27.73333333333333,Participant4_LS_SlUp,Endomorph,Normal,upright,1.0,0.0,0.0,-0.1795391749045359,-42.09077494697482,0.2327568543855686,1
833,27.766666666666666,Participant4_LS_SlUp,Endomorph,Normal,upright,1.0,0.0,0.0,-0.1883776684405823,-41.5729214752015,0.2329563383960685,1
834,27.8,Participant4_LS_SlUp,Endomorph,Normal,upright,1.0,0.0,0.0,-0.1839780551671522,-43.6302090792732,0.2435372408844213,1
835,27.83333333333333,Participant4_LS_SlUp,Endomorph,Normal,upright,1.0,0.0,0.0,-0.1646300337376177,-44.564065005184034,0.2243532821177704,1
836,27.866666666666667,Participant4_LS_SlUp,Endomorph,Normal,upright,1.0,0.0,0.0,-0.1700233477392991,-43.133943305557445,0.2026546486785999,1
837,27.9,Participant4_LS_SlUp,Endomorph,Normal,upright,1.0,0.0,0.0,-0.190479160671721,-43.24524021281564,0.2464301048462475,1
838,27.933333333333334,Participant4_LS_SlUp,Endomorph,Normal,upright,1.0,0.0,0.0,-0.1785142307567554,-44.05097074120039,0.2335375458703332,1
839,27.966666666666665,Participant4_LS_SlUp,Endomorph,Normal,upright,1.0,0.0,0.0,-0.1710113818457094,-45.15948370690713,0.2080170429223948,1
840,28.0,Participant4_LS_SlUp,Endomorph,Normal,upright,1.0,0.0,0.0,-0.1458698171489997,-44.891686058981534,0.2080483714921764,1
841,28.03333333333333,Participant4_LS_SlUp,Endomorph,Normal,upright,1.0,0.0,0.0,-0.1639561597843325,-44.35382065116157,0.2092610544239246,1
842,28.066666666666663,Participant4_LS_SlUp,Endomorph,Normal,upright,1.0,0.0,0.0,-0.188268613267832,-44.54645376561872,0.2274013833204926,1
843,28.1,Participant4_LS_SlUp,Endomorph,Normal,upright,1.0,0.0,0.0,-0.1853231688737381,-42.42683946601094,0.2314786659314398,1
844,28.133333333333333,Participant4_LS_SlUp,Endomorph,Normal,upright,1.0,0.0,0.0,-0.1793111353963066,-43.601027469318325,0.2207927383427612,1
845,28.166666666666668,Participant4_LS_SlUp,Endomorph,Normal,upright,1.0,0.0,0.0,-0.173370636182188,-43.25840035386695,0.2009859853602229,1
846,28.2,Participant4_LS_SlUp,Endomorph,Normal,upright,1.0,0.0,0.0,-0.1743654092851093,-43.52884448516468,0.2163324479534467,1
847,28.23333333333333,Participant4_LS_SlUp,Endomorph,Normal,upright,1.0,0.0,0.0,-0.1669943793665508,-45.30287970577293,0.2165659431936875,1
848,28.266666666666666,Participant4_LS_SlUp,Endomorph,Normal,upright,1.0,0.0,0.0,-0.1945080117516514,-43.07777295261634,0.2221722635073249,1
849,28.3,Participant4_LS_SlUp,Endomorph,Normal,upright,1.0,0.0,0.0,-0.186899355601259,-43.823515142139605,0.2300367719441341,1
850,28.33333333333333,Participant4_LS_SlUp,Endomorph,Normal,upright,1.0,0.0,0.0,-0.1813858138565284,-43.98348627379541,0.2107068201964139,1
851,28.366666666666667,Participant4_LS_SlUp,Endomorph,Normal,upright,1.0,0.0,0.0,-0.1571225951888083,-45.84555505951754,0.2140674067538443,1
852,28.4,Participant4_LS_SlUp,Endomorph,Normal,upright,1.0,0.0,0.0,-0.1589195001221505,-43.92717789237679,0.2030812452044842,1
853,28.433333333333334,Participant4_LS_SlUp,Endomorph,Normal,upright,1.0,0.0,0.0,-0.147812929341725,-44.85379407484218,0.1890985990638897,1
854,28.466666666666665,Participant4_LS_SlUp,Endomorph,Normal,upright,1.0,0.0,0.0,-0.171302974620258,-43.96080976082328,0.2130118067938047,1
855,28.5,Participant4_LS_SlUp,Endomorph,Normal,upright,1.0,0.0,0.0,-0.1600989118749429,-45.04442996907108,0.227677239932712,1
856,28.53333333333333,Participant4_LS_SlUp,Endomorph,Normal,upright,1.0,0.0,0.0,-0.1646031855819271,-44.34961858057633,0.2124593307545214,1
857,28.566666666666663,Participant4_LS_SlUp,Endomorph,Normal,upright,1.0,0.0,0.0,-0.1584265740861751,-44.07987084498144,0.214923443119041,1
858,28.6,Participant4_LS_SlUp,Endomorph,Normal,upright,1.0,0.0,0.0,-0.1766282072244421,-42.92524017229096,0.2472586779673317,1
859,28.633333333333333,Participant4_LS_SlUp,Endomorph,Normal,upright,1.0,0.0,0.0,-0.1710056188688956,-43.58905829668747,0.2338292086755897,1
860,28.666666666666668,Participant4_LS_SlUp,Endomorph,Normal,upright,1.0,0.0,0.0,-0.1696292218640954,-43.31153758474906,0.2452755980622804,1
861,28.7,Participant4_LS_SlUp,Endomorph,Normal,upright,1.0,0.0,0.0,-0.1471478007539172,-45.965475396281086,0.2405726861235092,1
862,28.73333333333333,Participant4_LS_SlUp,Endomorph,Normal,upright,1.0,0.0,0.0,-0.1597330868375238,-44.8057355289038,0.2118869127142471,1
863,28.766666666666666,Participant4_LS_SlUp,Endomorph,Normal,upright,1.0,0.0,0.0,-0.1686249750225872,-45.032209319084885,0.2278858365423717,1
864,28.8,Participant4_LS_SlUp,Endomorph,Normal,upright,1.0,0.0,0.0,-0.1554417724173357,-44.4574568298206,0.2109328276662685,1
865,28.83333333333333,Participant4_LS_SlUp,Endomorph,Normal,upright,1.0,0.0,0.0,-0.1576054522545846,-44.56253061502187,0.2136551069959828,1
866,28.866666666666667,Participant4_LS_SlUp,Endomorph,Normal,upright,1.0,0.0,0.0,-0.1637593322893371,-44.13497746776643,0.2247476854993859,1
867,28.9,Participant4_LS_SlUp,Endomorph,Normal,upright,1.0,0.0,0.0,-0.1667915227458922,-47.07462892610116,0.2505344311839151,1
868,28.933333333333334,Participant4_LS_SlUp,Endomorph,Normal,upright,1.0,0.0,0.0,-0.147495507260409,-44.31046308335954,0.2276907505647247,1
869,28.966666666666665,Participant4_LS_SlUp,Endomorph,Normal,upright,1.0,0.0,0.0,-0.179086308459721,-42.55190131114008,0.2492924717212895,1
870,29.0,Participant4_LS_SlUp,Endomorph,Normal,upright,1.0,0.0,0.0,-0.1708125905127447,-46.073932944258914,0.2732464984011631,1
871,29.03333333333333,Participant4_LS_SlUp,Endomorph,Normal,upright,1.0,0.0,0.0,-0.1720625387826767,-43.30048482106351,0.2401187325216484,1
872,29.066666666666663,Participant4_LS_SlUp,Endomorph,Normal,upright,1.0,0.0,0.0,-0.1699391175997445,-44.27290512514599,0.2303758816705445,1
873,29.1,Participant4_LS_SlUp,Endomorph,Normal,upright,1.0,0.0,0.0,-0.1679780505217422,-43.34812282403229,0.2628526704071569,1
874,29.133333333333333,Participant4_LS_SlUp,Endomorph,Normal,upright,1.0,0.0,0.0,-0.1717212267035019,-44.21296173514781,0.2306917662269995,1
875,29.166666666666668,Participant4_LS_SlUp,Endomorph,Normal,upright,1.0,0.0,0.0,-0.1806653221043965,-45.59417385777849,0.233775746946233,1
876,29.2,Participant4_LS_SlUp,Endomorph,Normal,upright,1.0,0.0,0.0,-0.1821021194480589,-41.88650306395847,0.2504774174815203,1
877,29.23333333333333,Participant4_LS_SlUp,Endomorph,Normal,upright,1.0,0.0,0.0,-0.1578779948547358,-45.29945104961013,0.2163909898108525,1
878,29.266666666666666,Participant4_LS_SlUp,Endomorph,Normal,upright,1.0,0.0,0.0,-0.1708575959993733,-44.7399802713653,0.2527668967811411,1
879,29.3,Participant4_LS_SlUp,Endomorph,Normal,upright,1.0,0.0,0.0,-0.1583766502054626,-45.249372285517104,0.2314485854337141,1
880,29.33333333333333,Participant4_LS_SlUp,Endomorph,Normal,upright,1.0,0.0,0.0,-0.1517669540261392,-43.56920244678097,0.2245708001942906,1
881,29.366666666666667,Participant4_LS_SlUp,Endomorph,Normal,upright,1.0,0.0,0.0,-0.1673706105527436,-45.04962987474242,0.227831285391529,1
882,29.4,Participant4_LS_SlUp,Endomorph,Normal,upright,1.0,0.0,0.0,-0.1587075129444943,-45.47705738568901,0.223454697635218,1
883,29.433333333333334,Participant4_LS_SlUp,Endomorph,Normal,upright,1.0,0.0,0.0,-0.1660405392257649,-44.25585248626991,0.2322265228432678,1
884,29.466666666666665,Participant4_LS_SlUp,Endomorph,Normal,upright,1.0,0.0,0.0,-0.161530539062864,-45.54910976727784,0.2378472505420547,1
885,29.5,Participant4_LS_SlUp,Endomorph,Normal,upright,1.0,0.0,0.0,-0.176428801019928,-44.67193055832071,0.2494956527218566,1
886,29.53333333333333,Participant4_LS_SlUp,Endomorph,Normal,upright,1.0,0.0,0.0,-0.1632939711658862,-44.35424175853054,0.2576624152139096,1
887,29.566666666666663,Participant4_LS_SlUp,Endomorph,Normal,upright,1.0,0.0,0.0,-0.1619277458083314,-45.22587957523447,0.2337802927954013,1
888,29.6,Participant4_LS_SlUp,Endomorph,Normal,upright,1.0,0.0,0.0,-0.1565193809217189,-44.11198537570904,0.2226631571849833,1
889,29.633333333333333,Participant4_LS_SlUp,Endomorph,Normal,upright,1.0,0.0,0.0,-0.1669142744952217,-45.00275304570404,0.2382235494155882,1
890,29.666666666666668,Participant4_LS_SlUp,Endomorph,Normal,upright,1.0,0.0,0.0,-0.1636415807086759,-44.535283859552415,0.2406303062718272,1
891,29.7,Participant4_LS_SlUp,Endomorph,Normal,upright,1.0,0.0,0.0,-0.1605922668534685,-45.80588249101317,0.2529549971507609,1
892,29.73333333333333,Participant4_LS_SlUp,Endomorph,Normal,upright,1.0,0.0,0.0,-0.1819855467169565,-45.80628011094674,0.2332538493238486,1
893,29.766666666666666,Participant4_LS_SlUp,Endomorph,Normal,upright,1.0,0.0,0.0,-0.1642618140134791,-45.28716994867317,0.2428571353337164,1
894,29.8,Participant4_LS_SlUp,Endomorph,Normal,upright,1.0,0.0,0.0,-0.1873078489398839,-44.82190787285756,0.2357581823935476,1
895,29.83333333333333,Participant4_LS_SlUp,Endomorph,Normal,upright,1.0,0.0,0.0,-0.1712181149814557,-44.619370658303815,0.2145723813480687,1
896,29.866666666666667,Participant4_LS_SlUp,Endomorph,Normal,upright,1.0,0.0,0.0,-0.1556237989042402,-46.20690541595441,0.2297373444686026,1
897,29.9,Participant4_LS_SlUp,Endomorph,Normal,upright,1.0,0.0,0.0,-0.1723021506061052,-45.3213115560193,0.2416044653267392,1
898,29.933333333333334,Participant4_LS_SlUp,Endomorph,Normal,upright,1.0,0.0,0.0,-0.1516716040195734,-44.51767373008701,0.23307825224556,1
899,29.966666666666665,Participant4_LS_SlUp,Endomorph,Normal,upright,1.0,0.0,0.0,-0.1591562019569129,-44.45916618709818,0.2714615484681685,1
900,30.0,Participant4_LS_SlUp,Endomorph,Normal,upright,1.0,0.0,0.0,-0.165383931869111,-44.6499821742339,0.2450775548008675,1
901,30.03333333333333,Participant4_LS_SlUp,Endomorph,Normal,upright,1.0,0.0,0.0,-0.17611843105258,-42.1671991254376,0.2502195071987267,1
902,30.066666666666663,Participant4_LS_SlUp,Endomorph,Normal,upright,1.0,0.0,0.0,-0.1744142361937338,-45.15607543382492,0.2278540883646368,1
903,30.1,Participant4_LS_SlUp,Endomorph,Normal,upright,1.0,0.0,0.0,-0.1770471604091008,-45.27071471642462,0.228348503874415,1
904,30.133333333333333,Participant4_LS_SlUp,Endomorph,Normal,upright,1.0,0.0,0.0,-0.1769791070859059,-45.00298931957565,0.2410054617750522,1
905,30.166666666666668,Participant4_LS_SlUp,Endomorph,Normal,upright,1.0,0.0,0.0,-0.1768490457717659,-44.355964969471366,0.2612613012849326,1
906,30.2,Participant4_LS_SlUp,Endomorph,Normal,upright,1.0,0.0,0.0,-0.1444461413392946,-46.02424133730661,0.2328752494618255,1
907,30.23333333333333,Participant4_LS_SlUp,Endomorph,Normal,upright,1.0,0.0,0.0,-0.1593953134655207,-44.841867793741415,0.2390872736998432,1
908,30.266666666666666,Participant4_LS_SlUp,Endomorph,Normal,upright,1.0,0.0,0.0,-0.1548647733413595,-46.3729793126266,0.2455091523364764,1
909,30.3,Participant4_LS_SlUp,Endomorph,Normal,upright,1.0,0.0,0.0,-0.163375920811023,-45.61184207057248,0.2212088213298076,1
910,30.33333333333333,Participant4_LS_SlUp,Endomorph,Normal,upright,1.0,0.0,0.0,-0.1735716138819751,-45.71836752987989,0.2392583157167734,1
911,30.366666666666667,Participant4_LS_SlUp,Endomorph,Normal,upright,1.0,0.0,0.0,-0.181406365351342,-46.04279383771208,0.2289731856586712,1
912,30.4,Participant4_LS_SlUp,Endomorph,Normal,upright,1.0,0.0,0.0,-0.1424033441080048,-45.25565402189728,0.2005232198332313,1
913,30.433333333333334,Participant4_LS_SlUp,Endomorph,Normal,upright,1.0,0.0,0.0,-0.1563830204424203,-44.71416502058479,0.2303768628163165,1
914,30.466666666666665,Participant4_LS_SlUp,Endomorph,Normal,upright,1.0,0.0,0.0,-0.1665823333024135,-44.21832668332871,0.2255213967419091,1
915,30.5,Participant4_LS_SlUp,Endomorph,Normal,upright,1.0,0.0,0.0,-0.1384548815122796,-44.74642813043829,0.2202846512245636,1
916,30.53333333333333,Participant4_LS_SlUp,Endomorph,Normal,upright,1.0,0.0,0.0,-0.1652257669260795,-44.38579083025122,0.2095830283212534,1
917,30.566666666666663,Participant4_LS_SlUp,Endomorph,Normal,upright,1.0,0.0,0.0,-0.1422193531494782,-45.8943950611599,0.2233196290007095,1
918,30.6,Participant4_LS_SlUp,Endomorph,Normal,upright,1.0,0.0,0.0,-0.1357772507952432,-46.16095418916455,0.1885349927975293,1
919,30.633333333333333,Participant4_LS_SlUp,Endomorph,Normal,upright,1.0,0.0,0.0,-0.1620347581294349,-45.37503715587204,0.2125819037271006,1
920,30.666666666666668,Participant4_LS_SlUp,Endomorph,Normal,upright,1.0,0.0,0.0,-0.1529320658175092,-43.9453225337129,0.2215005821131005,1
921,30.7,Participant4_LS_SlUp,Endomorph,Normal,upright,1.0,0.0,0.0,-0.1517949890562671,-45.81117912481647,0.2170328939562778,1
922,30.73333333333333,Participant4_LS_SlUp,Endomorph,Normal,upright,1.0,0.0,0.0,-0.1696995218681675,-42.86566172440875,0.2308471814440371,1
923,30.766666666666666,Participant4_LS_SlUp,Endomorph,Normal,upright,1.0,0.0,0.0,-0.1687432102331652,-43.33178139369985,0.2200817423523078,1
924,30.8,Participant4_LS_SlUp,Endomorph,Normal,upright,1.0,0.0,0.0,-0.1697414190965415,-43.53876462890875,0.218746638486058,1
925,30.83333333333333,Participant4_LS_SlUp,Endomorph,Normal,upright,1.0,0.0,0.0,-0.1682248180903605,-43.037309215208126,0.220539026077886,1
926,30.866666666666667,Participant4_LS_SlUp,Endomorph,Normal,upright,1.0,0.0,0.0,-0.1741953403082901,-43.65025490164373,0.2218212881606014,1
927,30.9,Participant4_LS_SlUp,Endomorph,Normal,upright,1.0,0.0,0.0,-0.162031724598387,-43.86455133202488,0.2067365266661447,1
928,30.933333333333334,Participant4_LS_SlUp,Endomorph,Normal,upright,1.0,0.0,0.0,-0.1755760027894677,-44.93356268031011,0.2149120206319171,1
929,30.966666666666665,Participant4_LS_SlUp,Endomorph,Normal,upright,1.0,0.0,0.0,-0.156140461507955,-45.6147816587158,0.2214063061984232,1
930,31.0,Participant4_LS_SlUp,Endomorph,Normal,upright,1.0,0.0,0.0,-0.1643674164752483,-45.497667160573485,0.2230366789088614,1
931,31.03333333333333,Participant4_LS_SlUp,Endomorph,Normal,upright,1.0,0.0,0.0,-0.175855787764223,-44.43158753480999,0.2051810999015036,1
932,31.066666666666663,Participant4_LS_SlUp,Endomorph,Normal,upright,1.0,0.0,0.0,-0.1553427829103943,-42.91008031221147,0.2264073210660598,1
933,31.1,Participant4_LS_SlUp,Endomorph,Normal,upright,1.0,0.0,0.0,-0.1581543046567936,-42.45463425479453,0.2250347537189755,1
934,31.133333333333333,Participant4_LS_SlUp,Endomorph,Normal,upright,1.0,0.0,0.0,-0.1766246107068534,-42.197177889616405,0.1995692929991998,1
935,31.166666666666668,Participant4_LS_SlUp,Endomorph,Normal,upright,1.0,0.0,0.0,-0.1941168600656575,-44.260413485504365,0.1977701602932761,1
936,31.2,Participant4_LS_SlUp,Endomorph,Normal,upright,1.0,0.0,0.0,-0.1515393406363676,-43.42187985502888,0.2529536682011961,1
937,31.23333333333333,Participant4_LS_SlUp,Endomorph,Normal,upright,1.0,0.0,0.0,-0.1577670727641687,-43.30498532268047,0.2176654183680693,1
938,31.266666666666666,Participant4_LS_SlUp,Endomorph,Normal,upright,1.0,0.0,0.0,-0.1685793013353089,-43.87726582781972,0.2192056196231794,1
939,31.3,Participant4_LS_SlUp,Endomorph,Normal,upright,1.0,0.0,0.0,-0.1660163501645524,-43.388034330857934,0.2120005350965597,1
940,31.33333333333333,Participant4_LS_SlUp,Endomorph,Normal,upright,1.0,0.0,0.0,-0.1664800604785699,-44.04519539732206,0.2074720368897365,1
941,31.366666666666667,Participant4_LS_SlUp,Endomorph,Normal,upright,1.0,0.0,0.0,-0.1566112286137285,-45.75885022408445,0.2162124869519766,1
942,31.4,Participant4_LS_SlUp,Endomorph,Normal,upright,1.0,0.0,0.0,-0.1977345625547697,-46.33561315771254,0.238020179527735,1
943,31.433333333333334,Participant4_LS_SlUp,Endomorph,Normal,upright,1.0,0.0,0.0,-0.1939812622482161,-43.99522329201152,0.2551969918521694,1
944,31.466666666666665,Participant4_LS_SlUp,Endomorph,Normal,upright,1.0,0.0,0.0,-0.174476111815863,-45.39743926830591,0.2363506590050194,1
945,31.5,Participant4_LS_SlUp,Endomorph,Normal,upright,1.0,0.0,0.0,-0.1818176024016128,-45.13239133399115,0.2103670832236339,1
946,31.53333333333333,Participant4_LS_SlUp,Endomorph,Normal,upright,1.0,0.0,0.0,-0.1904381795430862,-44.054508770160616,0.253468429870896,1
947,31.566666666666663,Participant4_LS_SlUp,Endomorph,Normal,upright,1.0,0.0,0.0,-0.1929184641090978,-44.83512383370996,0.2666248106465547,1
948,31.6,Participant4_LS_SlUp,Endomorph,Normal,upright,1.0,0.0,0.0,-0.1697982748335509,-47.39084315909759,0.2167159371983606,1
949,31.633333333333333,Participant4_LS_SlUp,Endomorph,Normal,upright,1.0,0.0,0.0,-0.1862249808245457,-46.92849196922465,0.2326735325942843,1
950,31.666666666666668,Participant4_LS_SlUp,Endomorph,Normal,upright,1.0,0.0,0.0,-0.1549024994622937,-44.05319106506964,0.2632132649393573,1
951,31.7,Participant4_LS_SlUp,Endomorph,Normal,upright,1.0,0.0,0.0,-0.1706679464494754,-46.15800870454781,0.2433670828443685,1
952,31.73333333333333,Participant4_LS_SlUp,Endomorph,Normal,upright,1.0,0.0,0.0,-0.1591324069880582,-45.19111032302918,0.2270324772989791,1
953,31.766666666666666,Participant4_LS_SlUp,Endomorph,Normal,upright,1.0,0.0,0.0,-0.1939692795706051,-46.51785509398341,0.2233565331475209,1
954,31.8,Participant4_LS_SlUp,Endomorph,Normal,upright,1.0,0.0,0.0,-0.2087342011782228,-46.10595310643549,0.2247267447143537,1
955,31.83333333333333,Participant4_LS_SlUp,Endomorph,Normal,upright,1.0,0.0,0.0,-0.1421051674279353,-47.41529415886561,0.2513887549448809,1
956,31.866666666666667,Participant4_LS_SlUp,Endomorph,Normal,upright,1.0,0.0,0.0,-0.1884645491262642,-46.068049199854514,0.2395818001428663,1
957,31.9,Participant4_LS_SlUp,Endomorph,Normal,upright,1.0,0.0,0.0,-0.1736264840868037,-47.26116791294461,0.2356948191706715,1
958,31.933333333333334,Participant4_LS_SlUp,Endomorph,Normal,upright,1.0,0.0,0.0,-0.1503658315036703,-45.22409062541823,0.2278727324068866,1
959,31.966666666666665,Participant4_LS_SlUp,Endomorph,Normal,upright,1.0,0.0,0.0,-0.1453316976674745,-46.54819243674486,0.2337250303736051,1
960,32.0,Participant4_LS_SlUp,Endomorph,Normal,upright,1.0,0.0,0.0,-0.1824178396123215,-46.45304059327464,0.2375479425402783,1
961,32.03333333333333,Participant4_LS_SlUp,Endomorph,Normal,upright,1.0,0.0,0.0,-0.1656223965207239,-46.88178892327239,0.2416804956695859,1
962,32.06666666666667,Participant4_LS_SlUp,Endomorph,Normal,upright,1.0,0.0,0.0,-0.203293658643314,-42.25420267046325,0.2556698255309999,1
963,32.1,Participant4_LS_SlUp,Endomorph,Normal,upright,1.0,0.0,0.0,-0.1797454807015477,-45.476323137264494,0.2458044477320694,1
964,32.13333333333333,Participant4_LS_SlUp,Endomorph,Normal,upright,1.0,0.0,0.0,-0.1755078026591338,-44.48444415397351,0.2667195674749916,1
965,32.166666666666664,Participant4_LS_SlUp,Endomorph,Normal,upright,1.0,0.0,0.0,-0.1710786935410498,-45.18033028807731,0.2201043223112067,1
966,32.2,Participant4_LS_SlUp,Endomorph,Normal,upright,1.0,0.0,0.0,-0.1595185047968389,-46.25782307514751,0.2381832649245961,1
967,32.233333333333334,Participant4_LS_SlUp,Endomorph,Normal,upright,1.0,0.0,0.0,-0.1794413267447739,-43.660095334307634,0.2333054658597648,1
968,32.266666666666666,Participant4_LS_SlUp,Endomorph,Normal,upright,1.0,0.0,0.0,-0.1556702041169391,-45.90464203351404,0.2331446571898608,1
969,32.3,Participant4_LS_SlUp,Endomorph,Normal,upright,1.0,0.0,0.0,-0.1517751134633243,-44.38101369662228,0.2293124551102359,1
970,32.333333333333336,Participant4_LS_SlUp,Endomorph,Normal,upright,1.0,0.0,0.0,-0.1685931037673668,-44.115005819233296,0.2340063438694256,1
971,32.36666666666667,Participant4_LS_SlUp,Endomorph,Normal,upright,1.0,0.0,0.0,-0.1468217508542337,-46.00327545155808,0.2587647831561885,1
972,32.4,Participant4_LS_SlUp,Endomorph,Normal,upright,1.0,0.0,0.0,-0.1665551238940989,-45.93852044464994,0.2356044114122379,1
973,32.43333333333333,Participant4_LS_SlUp,Endomorph,Normal,upright,1.0,0.0,0.0,-0.17268417853458,-45.43911215219877,0.2313885231255009,1
974,32.46666666666667,Participant4_LS_SlUp,Endomorph,Normal,upright,1.0,0.0,0.0,-0.199273003474245,-42.437604625492256,0.2379087154235615,1
975,32.5,Participant4_LS_SlUp,Endomorph,Normal,upright,1.0,0.0,0.0,-0.158218385841112,-44.06973727002589,0.2203159279043365,1
976,32.53333333333333,Participant4_LS_SlUp,Endomorph,Normal,upright,1.0,0.0,0.0,-0.1718128312001672,-45.935857122413104,0.2350230007044777,1
977,32.56666666666667,Participant4_LS_SlUp,Endomorph,Normal,upright,1.0,0.0,0.0,-0.1616354460171152,-45.82199247509092,0.2294218059759094,1
978,32.6,Participant4_LS_SlUp,Endomorph,Normal,upright,1.0,0.0,0.0,-0.1725454310213997,-45.78742912517964,0.2279527882233468,1
979,32.63333333333333,Participant4_LS_SlUp,Endomorph,Normal,upright,1.0,0.0,0.0,-0.1680743706019817,-45.31239146195468,0.2266799333355507,1
980,32.666666666666664,Participant4_LS_SlUp,Endomorph,Normal,upright,1.0,0.0,0.0,-0.1829682255083349,-44.32891495535126,0.2206844826380315,1
981,32.7,Participant4_LS_SlUp,Endomorph,Normal,upright,1.0,0.0,0.0,-0.1835941256440113,-44.32016403916013,0.2206042940512045,1
982,32.733333333333334,Participant4_LS_SlUp,Endomorph,Normal,upright,1.0,0.0,0.0,-0.1558902414644097,-43.45630733936044,0.2504085452209885,1
983,32.766666666666666,Participant4_LS_SlUp,Endomorph,Normal,upright,1.0,0.0,0.0,-0.1526266453873428,-43.64472964361174,0.2421420560571483,1
984,32.8,Participant4_LS_SlUp,Endomorph,Normal,upright,1.0,0.0,0.0,-0.1576328599841905,-44.86358458965396,0.2158614276706552,1
985,32.833333333333336,Participant4_LS_SlUp,Endomorph,Normal,upright,1.0,0.0,0.0,-0.1491900383928958,-43.38359447218373,0.2548903999730599,1
986,32.86666666666667,Participant4_LS_SlUp,Endomorph,Normal,upright,1.0,0.0,0.0,-0.1728639309795127,-41.6902058516999,0.2589037395256912,1
987,32.9,Participant4_LS_SlUp,Endomorph,Normal,upright,1.0,0.0,0.0,-0.1656587522403685,-42.784251414450175,0.2547032069529866,1
988,32.93333333333333,Participant4_LS_SlUp,Endomorph,Normal,upright,1.0,0.0,0.0,-0.1801814384215031,-43.85097009964039,0.2743526099791263,1
989,32.96666666666667,Participant4_LS_SlUp,Endomorph,Normal,upright,1.0,0.0,0.0,-0.1756050871391635,-45.02754243427045,0.2723059091929019,1
990,33.0,Participant4_LS_SlUp,Endomorph,Normal,upright,1.0,0.0,0.0,-0.1649167429817424,-43.78185786570875,0.2436411676863029,1
991,33.03333333333333,Participant4_LS_SlUp,Endomorph,Normal,upright,1.0,0.0,0.0,-0.1717027606542517,-45.0427405648346,0.2334802991261493,1
992,33.06666666666667,Participant4_LS_SlUp,Endomorph,Normal,upright,1.0,0.0,0.0,-0.1499030988584741,-45.61117280080492,0.2530547487205661,1
993,33.1,Participant4_LS_SlUp,Endomorph,Normal,upright,1.0,0.0,0.0,-0.1406674242218545,-44.959053566736976,0.2465844668291738,1
994,33.13333333333333,Participant4_LS_SlUp,Endomorph,Normal,upright,1.0,0.0,0.0,-0.1512103707385697,-44.58432095965691,0.2448810219540834,1
995,33.166666666666664,Participant4_LS_SlUp,Endomorph,Normal,upright,1.0,0.0,0.0,-0.187518678630786,-43.26368037406064,0.2555004079790758,1
996,33.2,Participant4_LS_SlUp,Endomorph,Normal,upright,1.0,0.0,0.0,-0.1606766432758741,-45.48681098344692,0.2391781535344585,1
997,33.233333333333334,Participant4_LS_SlUp,Endomorph,Normal,upright,1.0,0.0,0.0,-0.1613652860372895,-42.749320046229954,0.2788784789143613,1
998,33.266666666666666,Participant4_LS_SlUp,Endomorph,Normal,upright,1.0,0.0,0.0,-0.1308221190013684,-45.7855705220843,0.244246781867147,1
999,33.3,Participant4_LS_SlUp,Endomorph,Normal,upright,1.0,0.0,0.0,-0.1776926611514148,-45.7697659976185,0.2413500818217764,1
1000,33.333333333333336,Participant4_LS_SlUp,Endomorph,Normal,upright,1.0,0.0,0.0,-0.1959719181043056,-45.48162577364875,0.2615229150257175,1
1001,33.36666666666667,Participant4_LS_SlUp,Endomorph,Normal,upright,1.0,0.0,0.0,-0.1868610856230048,-42.87669686949044,0.2467036465311435,1
1002,33.4,Participant4_LS_SlUp,Endomorph,Normal,upright,1.0,0.0,0.0,-0.1830479454056692,-44.42725842131218,0.2572725034306247,1
1003,33.43333333333333,Participant4_LS_SlUp,Endomorph,Normal,upright,1.0,0.0,0.0,-0.1707989000683618,-44.84464912544413,0.2793790611510912,1
1004,33.46666666666667,Participant4_LS_SlUp,Endomorph,Normal,upright,1.0,0.0,0.0,-0.1588825609955437,-46.89224916926566,0.2355986322284817,1
1005,33.5,Participant4_LS_SlUp,Endomorph,Normal,upright,1.0,0.0,0.0,-0.1622062488117393,-45.965573343929634,0.2631586835197144,1
1006,33.53333333333333,Participant4_LS_SlUp,Endomorph,Normal,upright,1.0,0.0,0.0,-0.1589138535001267,-44.63400041705405,0.2682603964568629,1
1007,33.56666666666667,Participant4_LS_SlUp,Endomorph,Normal,upright,1.0,0.0,0.0,-0.1634342034333622,-46.56590903716426,0.2658743521066334,1
1008,33.6,Participant4_LS_SlUp,Endomorph,Normal,upright,1.0,0.0,0.0,-0.1577302815823376,-47.45045071958016,0.2260005147784023,1
1009,33.63333333333333,Participant4_LS_SlUp,Endomorph,Normal,upright,1.0,0.0,0.0,-0.1318475177711275,-45.76511156268857,0.2770264432082654,1
1010,33.666666666666664,Participant4_LS_SlUp,Endomorph,Normal,upright,1.0,0.0,0.0,-0.1465004078293987,-47.03672765227722,0.2690359892133837,1
1011,33.7,Participant4_LS_SlUp,Endomorph,Normal,upright,1.0,0.0,0.0,-0.1605616089320862,-47.25508927238865,0.2469667172338593,1
1012,33.733333333333334,Participant4_LS_SlUp,Endomorph,Normal,upright,1.0,0.0,0.0,-0.1622108290287888,-47.251679655647706,0.2453005124416457,1
1013,33.766666666666666,Participant4_LS_SlUp,Endomorph,Normal,upright,1.0,0.0,0.0,-0.1404405601309531,-45.83819931388678,0.2679031604421326,1
1014,33.8,Participant4_LS_SlUp,Endomorph,Normal,upright,1.0,0.0,0.0,-0.1342424484284317,-46.23000052430801,0.2628254767912749,1
1015,33.833333333333336,Participant4_LS_SlUp,Endomorph,Normal,upright,1.0,0.0,0.0,-0.1643932096148198,-45.40597384938221,0.2240978954686305,1
1016,33.86666666666667,Participant4_LS_SlUp,Endomorph,Normal,upright,1.0,0.0,0.0,-0.1439641933383283,-46.22146273149993,0.2257252121482365,1
1017,33.9,Participant4_LS_SlUp,Endomorph,Normal,upright,1.0,0.0,0.0,-0.1696122966522459,-43.89374279001969,0.2548541984067426,1
1018,33.93333333333333,Participant4_LS_SlUp,Endomorph,Normal,upright,1.0,0.0,0.0,-0.1595583442328089,-45.11674331645274,0.2372618334840212,1
1019,33.96666666666667,Participant4_LS_SlUp,Endomorph,Normal,upright,1.0,0.0,0.0,-0.1679556680865728,-44.61171373681022,0.2327175704581187,1
1020,34.0,Participant4_LS_SlUp,Endomorph,Normal,upright,1.0,0.0,0.0,-0.1474852907285657,-46.56059942113458,0.2248196864877848,1
1021,34.03333333333333,Participant4_LS_SlUp,Endomorph,Normal,upright,1.0,0.0,0.0,-0.1722503859912362,-43.99978376218423,0.2380506621464554,1
1022,34.06666666666667,Participant4_LS_SlUp,Endomorph,Normal,upright,1.0,0.0,0.0,-0.1516472008360226,-44.56096756861262,0.2398898908041851,1
1023,34.1,Participant4_LS_SlUp,Endomorph,Normal,upright,1.0,0.0,0.0,-0.1703053498650385,-43.75092888538797,0.2309296966791753,1
1024,34.13333333333333,Participant4_LS_SlUp,Endomorph,Normal,upright,1.0,0.0,0.0,-0.1752108306349499,-47.05117559821833,0.2171655664654447,1
1025,34.166666666666664,Participant4_LS_SlUp,Endomorph,Normal,upright,1.0,0.0,0.0,-0.1969793175777386,-45.51439511421712,0.2077527976850759,1
1026,34.2,Participant4_LS_SlUp,Endomorph,Normal,upright,1.0,0.0,0.0,-0.1672633950520936,-42.5202659874964,0.2593262069743388,1
1027,34.233333333333334,Participant4_LS_SlUp,Endomorph,Normal,upright,1.0,0.0,0.0,-0.1561257580825731,-43.26678708998661,0.2515070220843602,1
1028,34.266666666666666,Participant4_LS_SlUp,Endomorph,Normal,upright,1.0,0.0,0.0,-0.1606501901310323,-42.68205654883348,0.235087323649438,1
1029,34.3,Participant4_LS_SlUp,Endomorph,Normal,upright,1.0,0.0,0.0,-0.1611717555894091,-43.26064862721454,0.217132335814352,1
1030,34.333333333333336,Participant4_LS_SlUp,Endomorph,Normal,upright,1.0,0.0,0.0,-0.153532720094485,-42.675909053255374,0.2432867951756507,1
1031,34.36666666666667,Participant4_LS_SlUp,Endomorph,Normal,upright,1.0,0.0,0.0,-0.1649632220097998,-44.4669873779652,0.2316317860857048,1
1032,34.4,Participant4_LS_SlUp,Endomorph,Normal,upright,1.0,0.0,0.0,-0.1980969214497748,-43.958128703425146,0.2557831537834879,1
1033,34.43333333333333,Participant4_LS_SlUp,Endomorph,Normal,upright,1.0,0.0,0.0,-0.2001403043786396,-44.3433935312934,0.2425836918228673,1
1034,34.46666666666667,Participant4_LS_SlUp,Endomorph,Normal,upright,1.0,0.0,0.0,-0.1937945641031099,-43.64376429417205,0.2540921632266628,1
1035,34.5,Participant4_LS_SlUp,Endomorph,Normal,upright,1.0,0.0,0.0,-0.1476544242855839,-45.70491142748868,0.2386777445441665,1
1036,34.53333333333333,Participant4_LS_SlUp,Endomorph,Normal,upright,1.0,0.0,0.0,-0.1812520895558007,-43.16011732898936,0.246624970357161,1
1037,34.56666666666667,Participant4_LS_SlUp,Endomorph,Normal,upright,1.0,0.0,0.0,-0.1725377547767084,-45.50351895608879,0.2578449493370737,1
1038,34.6,Participant4_LS_SlUp,Endomorph,Normal,upright,1.0,0.0,0.0,-0.1953356677583891,-45.16746686007583,0.2455731709947223,1
1039,34.63333333333333,Participant4_LS_SlUp,Endomorph,Normal,upright,1.0,0.0,0.0,-0.1646908380537581,-46.297965460726594,0.2102317877712179,1
1040,34.666666666666664,Participant4_LS_SlUp,Endomorph,Normal,upright,1.0,0.0,0.0,-0.1876715432862472,-43.31061936750711,0.2393739232659977,1
1041,34.7,Participant4_LS_SlUp,Endomorph,Normal,upright,1.0,0.0,0.0,-0.1856845117962548,-42.47150979632925,0.2364612584210521,1
1042,34.733333333333334,Participant4_LS_SlUp,Endomorph,Normal,upright,1.0,0.0,0.0,-0.1920227783663202,-42.78258973722952,0.2296196220585256,1
1043,34.766666666666666,Participant4_LS_SlUp,Endomorph,Normal,upright,1.0,0.0,0.0,-0.1982125051637305,-44.3124264392987,0.2195578443747964,1
1044,34.8,Participant4_LS_SlUp,Endomorph,Normal,upright,1.0,0.0,0.0,-0.1876146246499508,-44.34436427485582,0.2450558071797686,1
1045,34.833333333333336,Participant4_LS_SlUp,Endomorph,Normal,upright,1.0,0.0,0.0,-0.1730572262596981,-46.2769770205999,0.2587457105545901,1
1046,34.86666666666667,Participant4_LS_SlUp,Endomorph,Normal,upright,1.0,0.0,0.0,-0.1652324003586137,-46.93626122620796,0.2268807779521564,1
1047,34.9,Participant4_LS_SlUp,Endomorph,Normal,upright,1.0,0.0,0.0,-0.1737005526096955,-46.09425834620162,0.2341423693364786,1
1048,34.93333333333333,Participant4_LS_SlUp,Endomorph,Normal,upright,1.0,0.0,0.0,-0.1766250225202037,-46.273556031467336,0.2132829339076899,1
1049,34.96666666666667,Participant4_LS_SlUp,Endomorph,Normal,upright,1.0,0.0,0.0,-0.2023235581207128,-47.766754637091054,0.2301034099890719,1
1050,35.0,Participant4_LS_SlUp,Endomorph,Normal,upright,1.0,0.0,0.0,-0.1726659269433457,-44.058904684350665,0.231284067194556,1
1051,35.03333333333333,Participant4_LS_SlUp,Endomorph,Normal,upright,1.0,0.0,0.0,-0.1624477214562398,-45.164515339961,0.2214798555244213,1
1052,35.06666666666667,Participant4_LS_SlUp,Endomorph,Normal,upright,1.0,0.0,0.0,-0.1840908846955664,-43.54587806509005,0.2515265707157358,1
1053,35.1,Participant4_LS_SlUp,Endomorph,Normal,upright,1.0,0.0,0.0,-0.205734047934893,-41.11370026303037,0.2406416718366681,1
1054,35.13333333333333,Participant4_LS_SlUp,Endomorph,Normal,upright,1.0,0.0,0.0,-0.2030148617642784,-43.907951971989405,0.2560898089775888,1
1055,35.166666666666664,Participant4_LS_SlUp,Endomorph,Normal,upright,1.0,0.0,0.0,-0.1924016171915854,-43.305736525732925,0.2478020369595476,1
1056,35.2,Participant4_LS_SlUp,Endomorph,Normal,upright,1.0,0.0,0.0,-0.1961114436611705,-46.17572797541937,0.222299572230777,1
1057,35.233333333333334,Participant4_LS_SlUp,Endomorph,Normal,upright,1.0,0.0,0.0,-0.1818020790980355,-47.02858986700011,0.2140804550773898,1
1058,35.266666666666666,Participant4_LS_SlUp,Endomorph,Normal,upright,1.0,0.0,0.0,-0.1748395503813236,-46.93344243634476,0.2130340209388237,1
1059,35.3,Participant4_LS_SlUp,Endomorph,Normal,upright,1.0,0.0,0.0,-0.1788319215601688,-47.78976081957456,0.223920330552471,1
1060,35.333333333333336,Participant4_LS_SlUp,Endomorph,Normal,upright,1.0,0.0,0.0,-0.1865732200303693,-45.52900583532513,0.2358517191664927,1
1061,35.36666666666667,Participant4_LS_SlUp,Endomorph,Normal,upright,1.0,0.0,0.0,-0.1951351952443822,-44.59784093389639,0.2624206916332876,1
1062,35.4,Participant4_LS_SlUp,Endomorph,Normal,upright,1.0,0.0,0.0,-0.1804513841967621,-47.27282725636379,0.2348072103900605,1
1063,35.43333333333333,Participant4_LS_SlUp,Endomorph,Normal,upright,1.0,0.0,0.0,-0.1799058761073753,-47.04448373401693,0.2200340636089238,1
1064,35.46666666666667,Participant4_LS_SlUp,Endomorph,Normal,upright,1.0,0.0,0.0,-0.1986498610183202,-46.64097993472693,0.236877934800906,1
1065,35.5,Participant4_LS_SlUp,Endomorph,Normal,upright,1.0,0.0,0.0,-0.2000766278772698,-47.25122646208396,0.2280364353864015,1
1066,35.53333333333333,Participant4_LS_SlUp,Endomorph,Normal,upright,1.0,0.0,0.0,-0.1691789284448198,-48.12427814747512,0.2366324559571914,1
1067,35.56666666666667,Participant4_LS_SlUp,Endomorph,Normal,upright,1.0,0.0,0.0,-0.1704820153943712,-45.66111764336085,0.2402493082344628,1
1068,35.6,Participant4_LS_SlUp,Endomorph,Normal,upright,1.0,0.0,0.0,-0.1731122782681162,-45.13199302588811,0.2325417827957562,1
1069,35.63333333333333,Participant4_LS_SlUp,Endomorph,Normal,upright,1.0,0.0,0.0,-0.1785988058840343,-45.94860188500803,0.2301236776682183,1
1070,35.666666666666664,Participant4_LS_SlUp,Endomorph,Normal,upright,1.0,0.0,0.0,-0.1770669919995178,-46.57064018076533,0.2279253479607423,1
1071,35.7,Participant4_LS_SlUp,Endomorph,Normal,upright,1.0,0.0,0.0,-0.1874518927467858,-43.34249604379665,0.2314267232486345,1
1072,35.733333333333334,Participant4_LS_SlUp,Endomorph,Normal,upright,1.0,0.0,0.0,-0.1895496911758196,-43.306035205732655,0.232422341167479,1
1073,35.766666666666666,Participant4_LS_SlUp,Endomorph,Normal,upright,1.0,0.0,0.0,-0.1843829494884826,-43.58317968121611,0.2218774227099277,1
1074,35.8,Participant4_LS_SlUp,Endomorph,Normal,upright,1.0,0.0,0.0,-0.1613966420008627,-45.34691343886075,0.2103204714272249,1
1075,35.833333333333336,Participant4_LS_SlUp,Endomorph,Normal,upright,1.0,0.0,0.0,-0.1536346823978776,-47.03431566205214,0.2543092895269437,1
1076,35.86666666666667,Participant4_LS_SlUp,Endomorph,Normal,upright,1.0,0.0,0.0,-0.1683439084186596,-43.83585684459554,0.2312947453215836,1
1077,35.9,Participant4_LS_SlUp,Endomorph,Normal,upright,1.0,0.0,0.0,-0.1702823088841155,-46.32316635628439,0.2345978048784165,1
1078,35.93333333333333,Participant4_LS_SlUp,Endomorph,Normal,upright,1.0,0.0,0.0,-0.1765388138490442,-45.01330616969144,0.2325364325750239,1
1079,35.96666666666667,Participant4_LS_SlUp,Endomorph,Normal,upright,1.0,0.0,0.0,-0.1872183717091751,-45.33568867215503,0.2514294529867106,1
1080,36.0,Participant4_LS_SlUp,Endomorph,Normal,upright,1.0,0.0,0.0,-0.1854595116034159,-45.04137276739917,0.2603184731810243,1
1081,36.03333333333333,Participant4_LS_SlUp,Endomorph,Normal,upright,1.0,0.0,0.0,-0.1566991098709236,-46.5640071321705,0.2600793838988915,1
1082,36.06666666666667,Participant4_LS_SlUp,Endomorph,Normal,upright,1.0,0.0,0.0,-0.152378725258367,-46.99126592711373,0.2396671010511849,1
1083,36.1,Participant4_LS_SlUp,Endomorph,Normal,upright,1.0,0.0,0.0,-0.1663030578946003,-44.93832130141827,0.2624880189850566,1
1084,36.13333333333333,Participant4_LS_SlUp,Endomorph,Normal,upright,1.0,0.0,0.0,-0.1603049410092689,-46.9945434502908,0.2619302633469449,1
1085,36.16666666666666,Participant4_LS_SlUp,Endomorph,Normal,upright,1.0,0.0,0.0,-0.1602859476067154,-46.22915669300721,0.2671362728318841,1
1086,36.2,Participant4_LS_SlUp,Endomorph,Normal,upright,1.0,0.0,0.0,-0.1630239902279042,-44.75929761294565,0.260195582262592,1
1087,36.23333333333333,Participant4_LS_SlUp,Endomorph,Normal,upright,1.0,0.0,0.0,-0.1374412938012056,-44.12248675295112,0.274361075782981,1
1088,36.266666666666666,Participant4_LS_SlUp,Endomorph,Normal,upright,1.0,0.0,0.0,-0.1237427817005,-45.06160735665061,0.2776005576108727,1
1089,36.3,Participant4_LS_SlUp,Endomorph,Normal,upright,1.0,0.0,0.0,-0.1534099944894,-45.30389805992063,0.273556901140416,1
1090,36.333333333333336,Participant4_LS_SlUp,Endomorph,Normal,upright,1.0,0.0,0.0,-0.127633888929134,-42.83454297285672,0.2706400215230427,1
1091,36.36666666666667,Participant4_LS_SlUp,Endomorph,Normal,upright,1.0,0.0,0.0,-0.1219739095693682,-47.02256797892008,0.2715553094141211,1
1092,36.4,Participant4_LS_SlUp,Endomorph,Normal,upright,1.0,0.0,0.0,-0.136904256662877,-44.73015649897656,0.2263864723471645,1
1093,36.43333333333333,Participant4_LS_SlUp,Endomorph,Normal,upright,1.0,0.0,0.0,-0.1358444319782782,-46.69527501024609,0.2616332415905146,1
1094,36.46666666666667,Participant4_LS_SlUp,Endomorph,Normal,upright,1.0,0.0,0.0,-0.1377309856867815,-45.25146749472128,0.2565027262356899,1
1095,36.5,Participant4_LS_SlUp,Endomorph,Normal,upright,1.0,0.0,0.0,-0.158266720808813,-43.31293407980653,0.2072968652766144,1
1096,36.53333333333333,Participant4_LS_SlUp,Endomorph,Normal,upright,1.0,0.0,0.0,-0.1562632029286623,-46.656793016569495,0.2000390374849507,1
1097,36.56666666666667,Participant4_LS_SlUp,Endomorph,Normal,upright,1.0,0.0,0.0,-0.1668823258933348,-46.7970479104194,0.2213717705932235,1
1098,36.6,Participant4_LS_SlUp,Endomorph,Normal,upright,1.0,0.0,0.0,-0.157707575694491,-44.67366570778636,0.2194607441815047,1
1099,36.63333333333333,Participant4_LS_SlUp,Endomorph,Normal,upright,1.0,0.0,0.0,-0.1729505788619004,-44.83612761340616,0.2197231309263462,1
1100,36.66666666666666,Participant4_LS_SlUp,Endomorph,Normal,upright,1.0,0.0,0.0,-0.1629318632679024,-44.46878328356258,0.2214261798154713,1
1101,36.7,Participant4_LS_SlUp,Endomorph,Normal,upright,1.0,0.0,0.0,-0.132152322507342,-46.0870184884568,0.2223654941830382,1
1102,36.73333333333333,Participant4_LS_SlUp,Endomorph,Normal,upright,1.0,0.0,0.0,-0.1583916229706342,-45.651402755784495,0.2194319171175381,1
1103,36.766666666666666,Participant4_LS_SlUp,Endomorph,Normal,upright,1.0,0.0,0.0,-0.1465505107897208,-45.27675650542446,0.2385296192439121,1
1104,36.8,Participant4_LS_SlUp,Endomorph,Normal,upright,1.0,0.0,0.0,-0.1482806233552546,-45.82138331840909,0.222472434649646,1
1105,36.833333333333336,Participant4_LS_SlUp,Endomorph,Normal,upright,1.0,0.0,0.0,-0.1642304986744492,-45.107586134366606,0.2525581946076725,1
1106,36.86666666666667,Participant4_LS_SlUp,Endomorph,Normal,upright,1.0,0.0,0.0,-0.1439841172487414,-44.33781582443496,0.2732016091975191,1
1107,36.9,Participant4_LS_SlUp,Endomorph,Normal,upright,1.0,0.0,0.0,-0.1455236198394318,-45.17865321931044,0.2650743366017199,1
1108,36.93333333333333,Participant4_LS_SlUp,Endomorph,Normal,upright,1.0,0.0,0.0,-0.1301115239239749,-45.94339077655863,0.2913156709855454,1
1109,36.96666666666667,Participant4_LS_SlUp,Endomorph,Normal,upright,1.0,0.0,0.0,-0.15423223935423,-44.41818235435605,0.2794399305201706,1
1110,37.0,Participant4_LS_SlUp,Endomorph,Normal,upright,1.0,0.0,0.0,-0.1320148368663948,-48.7238617558969,0.2535388414375876,1
