frame_idx,timestamp,subject_id,somatotype,bmi_category,label,h2s_ratio,shoulder_tilt_deg,head_roll_deg,forward_head_z,neck_flexion_deg,shoulder_width_norm,is_valid
0,0.0,Participant3_FV_FuUp,Endomorph,Normal,upright,0.3186821699396424,-1.1584575370621129,1.0048811613848492,-1.1248237490653992,-1.6263071292888351,0.6318277508064726,1
1,0.0047428553830992,Participant3_FV_FuUp,Endomorph,Normal,upright,0.3180497809570656,-1.536051066903333,0.7120953447674728,-1.131654679775238,-3.2849869415445565,0.6376595684078117,1
2,0.0094857107661985,Participant3_FV_FuUp,Endomorph,Normal,upright,0.3165584662924295,-1.3254285294951802,1.1161748896811852,-1.1335792541503906,-2.047084026684553,0.6343167347345552,1
3,0.0142285661492978,Participant3_FV_FuUp,Endomorph,Normal,upright,0.3144427938063075,-1.2677087974545558,1.0734640829288713,-1.1543845236301422,-2.2410574354918342,0.6340151755776634,1
4,0.0189714215323971,Participant3_FV_FuUp,Endomorph,Normal,upright,0.3168575888928082,-1.2742538921494944,1.204448000643103,-1.1211053133010864,-1.723745716754638,0.6319009499723288,1
5,0.0237142769154964,Participant3_FV_FuUp,Endomorph,Normal,upright,0.3129758538674198,-1.3660170002543397,1.1817754494881687,-1.1183191239833832,-2.096032884037652,0.6331046308908798,1
6,0.0284571322985957,Participant3_FV_FuUp,Endomorph,Normal,upright,0.3120184120386545,-0.7923759196710414,1.007080984528186,-1.1250627636909485,-2.091129509171152,0.6373918415467772,1
7,0.033199987681695,Participant3_FV_FuUp,Endomorph,Normal,upright,0.309309033184011,-1.2674663455684891,1.5421213658273427,-1.1159375607967377,-3.985747068164755,0.6385152354472816,1
8,0.0379428430647942,Participant3_FV_FuUp,Endomorph,Normal,upright,0.3131002031569667,-1.238298104145752,1.7554001028809934,-1.1252727508544922,-1.429980902746069,0.6297258045446704,1
9,0.0426856984478935,Participant3_FV_FuUp,Endomorph,Normal,upright,0.3070177052938428,-0.9135047543147894,1.3285300413152217,-1.1601770520210266,-2.759138275050319,0.635421868405147,1
10,0.0474285538309928,Participant3_FV_FuUp,Endomorph,Normal,upright,0.3128766671690632,-0.933492431572069,1.255295124448581,-1.153637856245041,-2.2687717483456806,0.6356542643785754,1
11,0.0521714092140921,Participant3_FV_FuUp,Endomorph,Normal,upright,0.3065458699867356,-0.8727952328477576,1.275198028828466,-1.1665309369564056,-2.780147787156324,0.6353890182618189,1
12,0.0569142645971914,Participant3_FV_FuUp,Endomorph,Normal,upright,0.3042889068217024,-1.0484991242312198,1.8378395749927416,-1.1646628975868225,-2.7684497285512237,0.6367679983972159,1
13,0.0616571199802907,Participant3_FV_FuUp,Endomorph,Normal,upright,0.3174147781436353,-1.0151457119317562,1.1595243028983488,-1.150089293718338,-2.942229241120078,0.6385577007609934,1
14,0.06639997536339,Participant3_FV_FuUp,Endomorph,Normal,upright,0.3109107022550463,-0.8583613298497187,1.0690573452843442,-1.1557074189186096,-2.406104597577619,0.6353220408501029,1
15,0.0711428307464892,Participant3_FV_FuUp,Endomorph,Normal,upright,0.3153398437131564,-0.7440118212860747,1.1107914509140522,-1.1057758033275604,-3.4155184328382195,0.6289772199721805,1
16,0.0758856861295885,Participant3_FV_FuUp,Endomorph,Normal,upright,0.3053951465730652,-0.782225239282769,0.9112903837481796,-1.1197775602340698,-2.2189579351640374,0.6295214155324711,1
17,0.0806285415126878,Participant3_FV_FuUp,Endomorph,Normal,upright,0.3202031344205849,-0.961665609219428,1.287633636083424,-1.1060856580734253,-1.2728513705163425,0.6262104689894831,1
18,0.0853713968957871,Participant3_FV_FuUp,Endomorph,Normal,upright,0.3096446554385532,-1.013977525752342,0.9433310384293396,-1.1049227118492126,-2.077769760359639,0.6310883750469952,1
19,0.0901142522788864,Participant3_FV_FuUp,Endomorph,Normal,upright,0.3119213892345607,-0.9097286110306332,2.077701480999126,-1.082351952791214,-0.6809929164440944,0.6316621487198937,1
20,0.0948571076619857,Participant3_FV_FuUp,Endomorph,Normal,upright,0.3083370427282459,-1.0250606885764877,1.322699653172286,-1.0845157206058502,-0.8907753874865347,0.6292000028497622,1
21,0.0995999630450849,Participant3_FV_FuUp,Endomorph,Normal,upright,0.315610218732249,-1.0620737949024317,1.4243446312894512,-1.0766693949699402,-1.858735474254444,0.6279066697010862,1
22,0.1043428184281842,Participant3_FV_FuUp,Endomorph,Normal,upright,0.3093241240107147,-1.1005279907126275,1.7875073438785292,-1.0842624604701996,-1.7430547925668562,0.6295824310575598,1
23,0.1090856738112835,Participant3_FV_FuUp,Endomorph,Normal,upright,0.316602976445697,-0.9519559551889796,0.9827956232665528,-1.0751082003116608,-1.8726737065772483,0.629952951385008,1
24,0.1138285291943828,Participant3_FV_FuUp,Endomorph,Normal,upright,0.317069733576208,-1.0471495512770834,1.6927090857997156,-1.0569833517074585,-1.702708285131134,0.6284759292549341,1
25,0.1185713845774821,Participant3_FV_FuUp,Endomorph,Normal,upright,0.3107621405231145,-1.1368688176972537,1.9971072846316276,-1.1144824028015137,-0.7611107637549475,0.6296147013989328,1
26,0.1233142399605814,Participant3_FV_FuUp,Endomorph,Normal,upright,0.3180148334214783,-0.8707036294143877,1.3472117083487236,-1.0956912636756897,-1.6323948197213527,0.6316592489132904,1
27,0.1280570953436807,Participant3_FV_FuUp,Endomorph,Normal,upright,0.3154760595673569,-0.8765988653127978,1.990665079515999,-1.087737798690796,-2.1151820252538425,0.6315296607414448,1
28,0.13279995072678,Participant3_FV_FuUp,Endomorph,Normal,upright,0.3122186843114195,-1.0225041345542487,1.6864735014769554,-1.06049782037735,-0.9513438955161628,0.6300782731419241,1
29,0.1375428061098793,Participant3_FV_FuUp,Endomorph,Normal,upright,0.3119801162802834,-0.892631063743605,1.3822819234379118,-1.0794550478458405,-0.6596710266015208,0.6300590518918334,1
30,0.1422856614929785,Participant3_FV_FuUp,Endomorph,Normal,upright,0.3114560390560115,-1.1243170429264924,1.0780903453988682,-1.1257166266441343,-1.2910159921781676,0.6336384820619627,1
31,0.1470285168760778,Participant3_FV_FuUp,Endomorph,Normal,upright,0.3196080540302286,-0.6023754549403383,0.1216873048031274,-1.088432550430298,-1.9406010706372916,0.6309227641785081,1
32,0.1517713722591771,Participant3_FV_FuUp,Endomorph,Normal,upright,0.3197635773922205,-0.8012868397561198,1.2159674893492654,-1.052643001079559,-3.0133039356621465,0.6330829359209976,1
33,0.1565142276422764,Participant3_FV_FuUp,Endomorph,Normal,upright,0.3117196445371338,-0.9955588706594216,1.610733767917104,-1.0706218481063845,-1.4200086070583728,0.6335587832131888,1
34,0.1612570830253757,Participant3_FV_FuUp,Endomorph,Normal,upright,0.3174678083174884,-0.6127472155062743,1.1190023121787096,-1.085040271282196,-2.601796590754582,0.6344785227516389,1
35,0.165999938408475,Participant3_FV_FuUp,Endomorph,Normal,upright,0.3213537610536207,-0.8392150936365548,1.3746814487745955,-1.0776736736297607,-3.248618516228925,0.6339727888718885,1
36,0.1707427937915742,Participant3_FV_FuUp,Endomorph,Normal,upright,0.318791275031252,-0.8617329368861422,1.2274292092998549,-1.0779017210006714,-1.89214947899008,0.6345446138705442,1
37,0.1754856491746735,Participant3_FV_FuUp,Endomorph,Normal,upright,0.3186210072125,-0.731828316955666,1.5609310573791555,-1.14586079120636,-2.8159922886363686,0.6406192012015195,1
38,0.1802285045577728,Participant3_FV_FuUp,Endomorph,Normal,upright,0.3179603900981195,-0.9703013833209132,1.4469998143937457,-1.1432324647903442,-4.251908912158871,0.6421611826906538,1
39,0.1849713599408721,Participant3_FV_FuUp,Endomorph,Normal,upright,0.3156077180245259,-0.8136341220778688,1.7728625409863148,-1.1455424427986145,-3.5909357292365467,0.6370718577928954,1
40,0.1897142153239714,Participant3_FV_FuUp,Endomorph,Normal,upright,0.3181734690164769,-0.7443201803936925,1.1604146794636456,-1.1180027723312378,-3.8300991423801096,0.6382603977892318,1
41,0.1944570707070707,Participant3_FV_FuUp,Endomorph,Normal,upright,0.3243963609302099,-1.2096853644474368,0.8387011975379511,-1.149829089641571,-3.169054217693676,0.639104468229194,1
42,0.1991999260901699,Participant3_FV_FuUp,Endomorph,Normal,upright,0.3154357457515859,-1.3043997002493213,1.3077408375961117,-1.1336355805397034,-4.614987431669857,0.6358847354469622,1
43,0.2039427814732692,Participant3_FV_FuUp,Endomorph,Normal,upright,0.3136321575189341,-1.0774040039912776,1.5428013867654655,-1.1505137085914612,-3.5714044960796607,0.6323409140282984,1
44,0.2086856368563685,Participant3_FV_FuUp,Endomorph,Normal,upright,0.3119001217218822,-0.936226737891029,1.3227749319350426,-1.1293370127677915,-3.8920174837198713,0.6347464123437783,1
45,0.2134284922394678,Participant3_FV_FuUp,Endomorph,Normal,upright,0.3069214341192049,-0.8523804592866815,1.199875071069864,-1.1775894165039062,-3.0894966832566246,0.637932470154639,1
46,0.2181713476225671,Participant3_FV_FuUp,Endomorph,Normal,upright,0.3082284483393295,-0.8581066521724687,1.0511224552380394,-1.1885529160499573,-3.563152380538827,0.6312440768655562,1
47,0.2229142030056664,Participant3_FV_FuUp,Endomorph,Normal,upright,0.3158383937459437,-0.9543905531560204,1.6153626929036882,-1.1199412941932678,-3.398038018917808,0.6364048256022944,1
48,0.2276570583887657,Participant3_FV_FuUp,Endomorph,Normal,upright,0.3117765431343744,-0.8142850562637883,2.014978025769032,-1.1076352000236511,-1.710583601720127,0.6321462121718814,1
49,0.232399913771865,Participant3_FV_FuUp,Endomorph,Normal,upright,0.3086946198914363,-0.5595505598007651,1.8413994294889415,-1.1213418245315552,-1.983047585092235,0.6326701146900214,1
50,0.2371427691549642,Participant3_FV_FuUp,Endomorph,Normal,upright,0.3048656189339869,-0.8384287011908363,0.7038018808130737,-1.1074077486991882,-3.611161942258409,0.6291905456606066,1
51,0.2418856245380635,Participant3_FV_FuUp,Endomorph,Normal,upright,0.306423968007506,-0.892173825893429,1.136524131661779,-1.1434733867645264,-3.674097776832959,0.6306192655527872,1
52,0.2466284799211628,Participant3_FV_FuUp,Endomorph,Normal,upright,0.3091040319249876,-0.6075561148733032,1.0098603208331047,-1.1048129200935364,-2.9313045213145643,0.6317375521650699,1
53,0.2513713353042621,Participant3_FV_FuUp,Endomorph,Normal,upright,0.314440677215496,-0.4411228994204644,1.159669461722007,-1.1213703155517578,-3.336311826910654,0.6297724035314012,1
54,0.2561141906873614,Participant3_FV_FuUp,Endomorph,Normal,upright,0.311716579083384,-1.2772413161477312,1.307240604474615,-1.1300501823425293,-3.4617096645336227,0.639391884842672,1
55,0.2608570460704607,Participant3_FV_FuUp,Endomorph,Normal,upright,0.3082526194613647,-1.1717389840729746,1.377586788564251,-1.1651005148887634,-4.23321391898906,0.635349659273425,1
56,0.26559990145356,Participant3_FV_FuUp,Endomorph,Normal,upright,0.3083522399108042,-1.0907767653822282,1.5765344231728171,-1.0981964468955994,-3.4772936863210897,0.6358581567381116,1
57,0.2703427568366592,Participant3_FV_FuUp,Endomorph,Normal,upright,0.3120072709263609,-1.239173405406251,0.956187390499602,-1.1102290153503418,-2.9681789274801007,0.636879795950876,1
58,0.2750856122197586,Participant3_FV_FuUp,Endomorph,Normal,upright,0.3115388266441096,-1.0472213757618505,1.331279561337883,-1.0926173329353333,-2.016987534705639,0.6381677577835038,1
59,0.2798284676028578,Participant3_FV_FuUp,Endomorph,Normal,upright,0.3067406938126472,-1.019776781367972,1.5962046301390862,-1.1133804321289062,-2.3178806720109386,0.6345630130322149,1
60,0.2845713229859571,Participant3_FV_FuUp,Endomorph,Normal,upright,0.3082410077407678,-0.5897421288216592,1.398016585102032,-1.1653331518173218,-1.7357515927267793,0.6297693365098744,1
61,0.2893141783690564,Participant3_FV_FuUp,Endomorph,Normal,upright,0.3071087548246579,-1.00980793525594,0.9715759472928096,-1.139975219964981,-4.715734401108647,0.6288947260496754,1
62,0.2940570337521557,Participant3_FV_FuUp,Endomorph,Normal,upright,0.3137568245143655,-0.7514420304991427,1.3566956586922274,-1.130400002002716,-2.7451218606025174,0.6294483075512854,1
63,0.298799889135255,Participant3_FV_FuUp,Endomorph,Normal,upright,0.3149769814833673,-0.7994017259554566,1.3174243152057106,-1.120008409023285,-2.839828966916716,0.6292782168220119,1
64,0.3035427445183543,Participant3_FV_FuUp,Endomorph,Normal,upright,0.3111624811513445,-0.7126706924508743,1.187712061767762,-1.1410798728466034,-2.3624935999929844,0.6320863568065688,1
65,0.3082855999014535,Participant3_FV_FuUp,Endomorph,Normal,upright,0.3161501504483671,-0.7921618680316348,1.120379396700109,-1.146256387233734,-3.3117357493537054,0.634326316972469,1
66,0.3130284552845528,Participant3_FV_FuUp,Endomorph,Normal,upright,0.3152131281585287,-0.8272113466922634,1.45733260392947,-1.1313203573226929,-3.316828816871374,0.6333787723813531,1
67,0.3177713106676521,Participant3_FV_FuUp,Endomorph,Normal,upright,0.3151607754593045,-0.810650422399334,1.2171513987030829,-1.1503183841705322,-3.235364404935262,0.6310201653486011,1
68,0.3225141660507514,Participant3_FV_FuUp,Endomorph,Normal,upright,0.3143572595346409,-0.458115107749757,1.2190641684513368,-1.1293303668498993,-2.521838970104888,0.6278982001070714,1
69,0.3272570214338507,Participant3_FV_FuUp,Endomorph,Normal,upright,0.313666766324734,-0.6634563134978257,0.6430249774963844,-1.1794628500938416,-3.8973246459109743,0.6360614850559323,1
70,0.33199987681695,Participant3_FV_FuUp,Endomorph,Normal,upright,0.3132496944033778,-1.181512268557116,0.1187783310377683,-1.1950660347938538,-4.965031547243104,0.6344221828885659,1
71,0.3367427322000493,Participant3_FV_FuUp,Endomorph,Normal,upright,0.3155165737364312,-0.8582320434398464,1.0828341848250176,-1.1706926822662354,-3.8571851859755584,0.6303002713368744,1
72,0.3414855875831485,Participant3_FV_FuUp,Endomorph,Normal,upright,0.3132911380546287,-0.7721661108917067,1.1165887448604388,-1.1794989705085754,-3.520805892794882,0.6312068808972405,1
73,0.3462284429662478,Participant3_FV_FuUp,Endomorph,Normal,upright,0.315191561816335,-0.8500493368182165,1.339312953709363,-1.185458093881607,-3.604852668300695,0.6324218333584366,1
74,0.3509712983493471,Participant3_FV_FuUp,Endomorph,Normal,upright,0.3159140395078746,-1.1274856537008555,0.9391320060858516,-1.1575847864151,-3.450325712882308,0.635047662787339,1
75,0.3557141537324464,Participant3_FV_FuUp,Endomorph,Normal,upright,0.3118748215719144,-1.1068731916920336,1.5112033891280447,-1.1582019925117493,-3.9918226828769297,0.630083712150159,1
76,0.3604570091155457,Participant3_FV_FuUp,Endomorph,Normal,upright,0.3160569121332487,-0.7102100659261829,0.963256326921964,-1.1530337929725647,-2.4205637116127225,0.63277107873157,1
77,0.365199864498645,Participant3_FV_FuUp,Endomorph,Normal,upright,0.3183619726572985,-1.1963232325387296,0.2960610089346027,-1.1840893626213074,-4.401523438870372,0.6328924293986931,1
78,0.3699427198817442,Participant3_FV_FuUp,Endomorph,Normal,upright,0.314531484516267,-1.4401765760594671,0.6350026480968156,-1.1905409395694733,-3.899516742770983,0.6305293817350894,1
79,0.3746855752648436,Participant3_FV_FuUp,Endomorph,Normal,upright,0.3112998949885665,-1.1940969147104388,0.8016113193478769,-1.19870525598526,-4.896383800365806,0.6369810571237254,1
80,0.3794284306479428,Participant3_FV_FuUp,Endomorph,Normal,upright,0.3242241586480707,-0.8786424662046011,0.2506178585740028,-1.1490767896175385,-4.68381782313212,0.6287043835873927,1
81,0.3841712860310421,Participant3_FV_FuUp,Endomorph,Normal,upright,0.3198402603966785,-0.96669223861298,0.8173521790000472,-1.1762019991874697,-4.125674029745797,0.6237071056299534,1
82,0.3889141414141414,Participant3_FV_FuUp,Endomorph,Normal,upright,0.3145137461644203,-1.0707117369612549,0.6132797383347056,-1.17752006649971,-4.750363436907839,0.6228352503213043,1
83,0.3936569967972407,Participant3_FV_FuUp,Endomorph,Normal,upright,0.3164503036319766,-0.8848406599792517,0.4825911084219802,-1.1820560097694397,-4.5612475800853005,0.6240382771423211,1
84,0.3983998521803399,Participant3_FV_FuUp,Endomorph,Normal,upright,0.3160849211463971,-1.1203403876681968,0.7607435414150119,-1.14268958568573,-3.160078022695548,0.6312292516558531,1
85,0.4031427075634393,Participant3_FV_FuUp,Endomorph,Normal,upright,0.3210516197331621,-0.9525508977267946,1.1512860654010963,-1.170274257659912,-4.070118396631992,0.6310474632219898,1
86,0.4078855629465385,Participant3_FV_FuUp,Endomorph,Normal,upright,0.3181340478875649,-0.9067856178471196,1.0592853190585767,-1.192488044500351,-4.148319699797153,0.6285220731457082,1
87,0.4126284183296378,Participant3_FV_FuUp,Endomorph,Normal,upright,0.3183363240565166,-1.1275363911132303,0.4412673202007646,-1.1739090383052826,-3.783992716111445,0.6278403449702574,1
88,0.4173712737127371,Participant3_FV_FuUp,Endomorph,Normal,upright,0.3167464533525544,-0.670568650098083,0.8932846832205407,-1.2008808851242063,-2.981166751242895,0.6350246461412783,1
89,0.4221141290958364,Participant3_FV_FuUp,Endomorph,Normal,upright,0.319907709501345,-0.6528518503969852,0.6891539534296129,-1.1856058835983276,-3.6929196669006377,0.6270374899400439,1
90,0.4268569844789357,Participant3_FV_FuUp,Endomorph,Normal,upright,0.322804134707743,-0.7272704245856054,0.8444803410041772,-1.1796711683273315,-3.908915921737915,0.6247044394283717,1
91,0.431599839862035,Participant3_FV_FuUp,Endomorph,Normal,upright,0.3174589857915797,-1.0871580075444085,0.580286470150027,-1.1834141314029694,-3.6013720877823223,0.6261498639663089,1
92,0.4363426952451342,Participant3_FV_FuUp,Endomorph,Normal,upright,0.3179447606166628,-0.710104557165159,1.1535442718678703,-1.1581120789051056,-3.903949743885376,0.629965019734613,1
93,0.4410855506282335,Participant3_FV_FuUp,Endomorph,Normal,upright,0.3183491085187703,-1.0041253848605889,0.9907816301106088,-1.175544112920761,-3.109235681382505,0.6235421585841789,1
94,0.4458284060113328,Participant3_FV_FuUp,Endomorph,Normal,upright,0.3159684562124549,-1.252853171962939,0.5334872994998775,-1.1774114966392517,-3.758372472825778,0.6256660164634038,1
95,0.4505712613944321,Participant3_FV_FuUp,Endomorph,Normal,upright,0.3191568887686538,-1.001628387921851,0.6794247004720028,-1.1678857803344729,-3.961893690179185,0.6307497607042977,1
96,0.4553141167775314,Participant3_FV_FuUp,Endomorph,Normal,upright,0.3146306217299228,-0.8992032084483648,0.8864566776179746,-1.2071585655212402,-3.777010906889166,0.6312882485919488,1
97,0.4600569721606307,Participant3_FV_FuUp,Endomorph,Normal,upright,0.3152571507143397,-1.232869048096528,0.7438474698507487,-1.1890954673290253,-3.4284475737278424,0.6235449761995469,1
98,0.46479982754373,Participant3_FV_FuUp,Endomorph,Normal,upright,0.31536452538993,-1.3017993937163763,0.6338863163126482,-1.1730264723300934,-3.738344639286087,0.6297613997032074,1
99,0.4695426829268292,Participant3_FV_FuUp,Endomorph,Normal,upright,0.3203963211025742,-1.1468188341126726,0.519148714913216,-1.1702430248260498,-3.370351893478812,0.6282089157823078,1
100,0.4742855383099285,Participant3_FV_FuUp,Endomorph,Normal,upright,0.3214304406939577,-0.7065262045618154,0.8972181844283618,-1.1763167977333069,-4.1478348772204985,0.6302793591912069,1
101,0.4790283936930278,Participant3_FV_FuUp,Endomorph,Normal,upright,0.3133678809924998,-0.8765255596630405,0.7176487712103555,-1.1864600777626038,-2.9505150266665154,0.6267081711124193,1
102,0.4837712490761271,Participant3_FV_FuUp,Endomorph,Normal,upright,0.3170393672177097,-0.5686300593749244,1.1021745282149544,-1.1753829419612885,-3.5022428234111143,0.6314691745318354,1
103,0.4885141044592264,Participant3_FV_FuUp,Endomorph,Normal,upright,0.3199061144559615,-0.5114620886605759,0.8593673626240192,-1.1662511825561523,-3.634251904456336,0.628165238903928,1
104,0.4932569598423257,Participant3_FV_FuUp,Endomorph,Normal,upright,0.3170066125456022,-0.6728090052140366,0.895982895519026,-1.1770926117897034,-2.991244567070377,0.628555003032589,1
105,0.4979998152254249,Participant3_FV_FuUp,Endomorph,Normal,upright,0.3135483760700964,-0.7122321859459012,0.9866606934484036,-1.1782494187355042,-3.200810200059049,0.6270283325460976,1
106,0.5027426706085243,Participant3_FV_FuUp,Endomorph,Normal,upright,0.3184143323612879,-1.2614684760383224,0.4627231585906007,-1.1809621155261991,-4.472146089355321,0.6336259482734715,1
107,0.5074855259916236,Participant3_FV_FuUp,Endomorph,Normal,upright,0.3171716364355357,-0.8629266836427781,0.58232341398442,-1.178767830133438,-3.027713589489084,0.6276827949460149,1
108,0.5122283813747228,Participant3_FV_FuUp,Endomorph,Normal,upright,0.3182345952654836,-0.7118368361462963,0.7398500698064815,-1.1753464043140411,-3.471770956913716,0.6283217099812602,1
109,0.5169712367578221,Participant3_FV_FuUp,Endomorph,Normal,upright,0.3119955424897377,-1.2082310346847192,0.5580698284150198,-1.1653814613819122,-1.89900167599715,0.6195946450694695,1
110,0.5217140921409215,Participant3_FV_FuUp,Endomorph,Normal,upright,0.309074478506266,-1.3230716483683065,0.0577198885775899,-1.1672232747077942,-2.571870005585697,0.6262798789627023,1
111,0.5264569475240207,Participant3_FV_FuUp,Endomorph,Normal,upright,0.319753337285467,-0.7402016264871571,0.7960857243504681,-1.1504233479499817,-3.2973821031615067,0.627937652720859,1
112,0.53119980290712,Participant3_FV_FuUp,Endomorph,Normal,upright,0.3198442019414967,-0.785320925093969,0.5844756009501795,-1.163758099079132,-3.014404711202323,0.6282620481363507,1
113,0.5359426582902193,Participant3_FV_FuUp,Endomorph,Normal,upright,0.3186812947762865,-0.4244700621537581,1.0013517916738928,-1.1557389199733734,-2.699833744878651,0.6272930387668957,1
114,0.5406855136733185,Participant3_FV_FuUp,Endomorph,Normal,upright,0.3194976378543099,-0.4966326616298698,0.8984422249032621,-1.1767161190509796,-3.122620656224522,0.6268283461462102,1
115,0.5454283690564179,Participant3_FV_FuUp,Endomorph,Normal,upright,0.3145869342215615,-0.7631933142757069,1.1079071291132632,-1.1797654628753662,-3.037324920038007,0.6261246739328388,1
116,0.5501712244395172,Participant3_FV_FuUp,Endomorph,Normal,upright,0.3113808934030522,-0.954457566520857,0.7307742262005541,-1.1571855545043943,-2.492941469739794,0.6243731333656005,1
117,0.5549140798226164,Participant3_FV_FuUp,Endomorph,Normal,upright,0.3099813443985462,-0.8694306890073411,0.6406299798089523,-1.1604450047016144,-2.4150100617979096,0.6236357441183715,1
118,0.5596569352057157,Participant3_FV_FuUp,Endomorph,Normal,upright,0.3101215277060831,-1.4124042350777737,0.224792953754633,-1.1569211184978485,-3.826750636764521,0.6290664400958011,1
119,0.564399790588815,Participant3_FV_FuUp,Endomorph,Normal,upright,0.3182537209606415,-0.8066243120422925,0.8005254112981341,-1.1803925931453705,-2.8093804338008748,0.6284113990230642,1
120,0.5691426459719142,Participant3_FV_FuUp,Endomorph,Normal,upright,0.316106363703514,-0.7454493853386501,0.6926321953026245,-1.1644549667835236,-1.0866992072104655,0.6279063581994657,1
121,0.5738855013550136,Participant3_FV_FuUp,Endomorph,Normal,upright,0.3153806787776692,-1.038057433706021,0.6838940272982418,-1.1657187938690186,-2.6149539993645967,0.6262779485210556,1
122,0.5786283567381129,Participant3_FV_FuUp,Endomorph,Normal,upright,0.3128164965132348,-1.0502308508157605,0.7049707771916333,-1.1823837757110596,-2.944836690849602,0.6281671478627726,1
123,0.5833712121212121,Participant3_FV_FuUp,Endomorph,Normal,upright,0.3174290639626418,-0.6457455739062852,0.9167992024807354,-1.1910867989063263,-3.42224072699481,0.6301085588511677,1
124,0.5881140675043114,Participant3_FV_FuUp,Endomorph,Normal,upright,0.3158058887045443,-0.7273362428663488,0.6705754099231819,-1.1519529521465302,-2.0279799804844942,0.6286296710589417,1
125,0.5928569228874107,Participant3_FV_FuUp,Endomorph,Normal,upright,0.3189439947952412,-1.0697502714054452,0.3334677260400262,-1.170742005109787,-3.279023140924483,0.6360057749882176,1
126,0.59759977827051,Participant3_FV_FuUp,Endomorph,Normal,upright,0.3108531122432289,-1.1322409630187071,0.2845553946956352,-1.180911660194397,-3.170884018657144,0.6311139678703834,1
127,0.6023426336536093,Participant3_FV_FuUp,Endomorph,Normal,upright,0.3209439771896265,-0.809632799362229,0.569772948543305,-1.1439613997936249,-2.1751691492252125,0.6320958589077876,1
128,0.6070854890367086,Participant3_FV_FuUp,Endomorph,Normal,upright,0.3172035816043244,-0.9362625986998476,0.8181649432225682,-1.154233455657959,-2.304101757941817,0.6375016835678811,1
129,0.6118283444198078,Participant3_FV_FuUp,Endomorph,Normal,upright,0.3200183717774172,-1.0178076388529531,0.8586699108338907,-1.137401103973389,-3.653437338044172,0.6338678532535134,1
130,0.6165711998029071,Participant3_FV_FuUp,Endomorph,Normal,upright,0.323552337376639,-0.9805789504543654,0.8724770253892261,-1.1150003969669342,-3.19171618593256,0.6304611576618584,1
131,0.6213140551860065,Participant3_FV_FuUp,Endomorph,Normal,upright,0.3212723240068169,-0.7078618563554715,0.7730927457783221,-1.1754031479358673,-2.677954098837449,0.6308366778822672,1
132,0.6260569105691057,Participant3_FV_FuUp,Endomorph,Normal,upright,0.3219228710344028,-1.12237305526134,0.7904313165853433,-1.1503746509552002,-3.088378745854322,0.6325114357712407,1
133,0.630799765952205,Participant3_FV_FuUp,Endomorph,Normal,upright,0.3202708423299943,-0.7923380972547615,0.6580023686596163,-1.1765748262405396,-1.739178312768867,0.6319309618651598,1
134,0.6355426213353043,Participant3_FV_FuUp,Endomorph,Normal,upright,0.3194022550501282,-0.6359678279475499,0.8690209867955427,-1.1888449788093567,-1.0572421970986687,0.6289215082145385,1
135,0.6402854767184035,Participant3_FV_FuUp,Endomorph,Normal,upright,0.3201889150586094,-0.7010586540587095,0.4851972119710544,-1.172629714012146,-1.3973548805047802,0.6299578339486007,1
136,0.6450283321015028,Participant3_FV_FuUp,Endomorph,Normal,upright,0.3216948496167258,-0.8927856068481038,1.0655547026565435,-1.1237136721611023,-2.637860373454268,0.6264842134498199,1
137,0.6497711874846022,Participant3_FV_FuUp,Endomorph,Normal,upright,0.3229174811231317,-0.6181453505522929,0.6281831815130742,-1.1672539114952087,-2.9141980304134925,0.6273799577438278,1
138,0.6545140428677014,Participant3_FV_FuUp,Endomorph,Normal,upright,0.3255641671403868,-0.8937331872457484,0.3124077897238862,-1.149739921092987,-1.6689915899908283,0.6310934476386371,1
139,0.6592568982508007,Participant3_FV_FuUp,Endomorph,Normal,upright,0.3161818858348149,-0.4905260822370715,0.9230742762101098,-1.1747031807899475,-2.4525938345849725,0.6290478865763196,1
140,0.6639997536339,Participant3_FV_FuUp,Endomorph,Normal,upright,0.3179729836885476,-0.801584336105901,0.885259603214671,-1.1773852705955503,-2.255178032038005,0.6287322813321559,1
141,0.6687426090169992,Participant3_FV_FuUp,Endomorph,Normal,upright,0.3160509228162927,-0.7988366124428347,1.1455068092048215,-1.1683173775672913,-2.784405767582192,0.6291803989370587,1
142,0.6734854644000986,Participant3_FV_FuUp,Endomorph,Normal,upright,0.3158871897776899,-0.9950316295853856,1.052496262767872,-1.1633445024490356,-2.087146185441921,0.6327892487509097,1
143,0.6782283197831979,Participant3_FV_FuUp,Endomorph,Normal,upright,0.3155799920321694,-1.2252714159812044,0.8094792339265972,-1.1673992276191711,-3.9122616240430177,0.6355361936053727,1
144,0.6829711751662971,Participant3_FV_FuUp,Endomorph,Normal,upright,0.3205139560852855,-1.110514701390773,0.5936913161024042,-1.1534724831581116,-2.851738879919384,0.6279440399468057,1
145,0.6877140305493964,Participant3_FV_FuUp,Endomorph,Normal,upright,0.3159608018892637,-0.6648753148697237,0.5875065530619097,-1.1371434926986694,-2.04393853305043,0.6239480855732232,1
146,0.6924568859324957,Participant3_FV_FuUp,Endomorph,Normal,upright,0.3195915109865278,-0.8320560037879947,0.503451091105617,-1.150269329547882,-0.5638538563408609,0.6277538259656287,1
147,0.697199741315595,Participant3_FV_FuUp,Endomorph,Normal,upright,0.3251139857810902,-1.0832897424522083,0.4290303605600937,-1.147672861814499,-2.594192651104005,0.627464892072868,1
148,0.7019425966986943,Participant3_FV_FuUp,Endomorph,Normal,upright,0.3200756123989871,-0.9918041404740852,0.6687846290852469,-1.149667114019394,-2.893213658325525,0.6327855903654307,1
149,0.7066854520817936,Participant3_FV_FuUp,Endomorph,Normal,upright,0.3238633655577856,-0.6743945276339716,0.8867953219354716,-1.161329984664917,-2.265535541331897,0.6234666449400277,1
150,0.7114283074648928,Participant3_FV_FuUp,Endomorph,Normal,upright,0.3181351941609365,-0.6299575188471764,0.610352926507873,-1.1536289155483246,-2.5066210469377546,0.6297931758640559,1
151,0.7161711628479921,Participant3_FV_FuUp,Endomorph,Normal,upright,0.3248863581304321,-0.7818507982361498,0.6727136829415473,-1.1425519585609436,-2.127207238555352,0.6302902712768285,1
152,0.7209140182310914,Participant3_FV_FuUp,Endomorph,Normal,upright,0.3141372643888186,-0.8341868218127881,1.0408314298464456,-1.1635839641094208,-1.672769953962583,0.6235179422035328,1
153,0.7256568736141907,Participant3_FV_FuUp,Endomorph,Normal,upright,0.3174608239303876,-0.4478800331682831,1.181992491945466,-1.178115338087082,-1.6846651063968856,0.6252885766921397,1
154,0.73039972899729,Participant3_FV_FuUp,Endomorph,Normal,upright,0.3221525863320239,-0.7756477156380436,0.5262113774139082,-1.1564210057258606,-2.298475989117247,0.6260886195108822,1
155,0.7351425843803893,Participant3_FV_FuUp,Endomorph,Normal,upright,0.3166021750272637,-1.1281869468879175,0.9211829228675746,-1.191931039094925,-3.2988674106753533,0.6283986420035373,1
156,0.7398854397634885,Participant3_FV_FuUp,Endomorph,Normal,upright,0.319893907325523,-0.8389962962364825,0.0974591397369681,-1.174821764230728,-1.8556129394986969,0.628268305157959,1
157,0.7446282951465878,Participant3_FV_FuUp,Endomorph,Normal,upright,0.325609167067825,-0.8214994749467748,0.3680944867904134,-1.1272382140159607,-2.1183925525990963,0.6274015859113696,1
158,0.7493711505296872,Participant3_FV_FuUp,Endomorph,Normal,upright,0.3235590040371447,-0.7471728128113517,0.6133627726345027,-1.1504546701908112,-1.9701911098536928,0.6294977066951747,1
159,0.7541140059127864,Participant3_FV_FuUp,Endomorph,Normal,upright,0.3231887197839347,-1.095591017678792,0.1910539827501801,-1.1908564269542694,-2.026484765904045,0.6335039449754771,1
160,0.7588568612958857,Participant3_FV_FuUp,Endomorph,Normal,upright,0.3286072225832523,-0.6666301416502893,-0.0346387880557467,-1.1599999368190763,-0.4616408132958063,0.6268549460561998,1
161,0.763599716678985,Participant3_FV_FuUp,Endomorph,Normal,upright,0.3205402417564327,-1.1369253201373184,0.2287455733889728,-1.1542621850967407,-1.0540483191570178,0.6309201932387374,1
162,0.7683425720620842,Participant3_FV_FuUp,Endomorph,Normal,upright,0.3209770828305163,-0.909329186202824,-0.0983515899805492,-1.1904867887496948,-1.0751770477199487,0.6296297813179681,1
163,0.7730854274451836,Participant3_FV_FuUp,Endomorph,Normal,upright,0.3223160318596185,-0.7791118475444828,-0.3585013160877531,-1.1660123765468595,-0.8189364253718913,0.6274035668765857,1
164,0.7778282828282829,Participant3_FV_FuUp,Endomorph,Normal,upright,0.3228780628150549,-1.0780341123950945,0.136737380476719,-1.1616168320178986,-1.359563974649808,0.6290345475767135,1
165,0.7825711382113821,Participant3_FV_FuUp,Endomorph,Normal,upright,0.320777988692579,-0.702765920955017,0.1581285808057804,-1.168508917093277,-1.458253650228806,0.6271251400800952,1
166,0.7873139935944814,Participant3_FV_FuUp,Endomorph,Normal,upright,0.3235075605895459,-0.9894760240857254,0.7399911238110553,-1.1835890710353851,-1.257836565410399,0.6342156321242884,1
167,0.7920568489775807,Participant3_FV_FuUp,Endomorph,Normal,upright,0.3190809609826952,-0.7029394633048579,0.3619281363221611,-1.1850751042366028,-0.3199024715374616,0.6337235365144452,1
168,0.7967997043606799,Participant3_FV_FuUp,Endomorph,Normal,upright,0.3186227887221872,-0.8577952261375008,0.4250701344453824,-1.1631196439266205,-0.8574564957608761,0.6313896261467612,1
169,0.8015425597437793,Participant3_FV_FuUp,Endomorph,Normal,upright,0.3215664055943127,-0.8984145419061312,0.4667855032728417,-1.195762723684311,-2.29511165109378,0.627295898429462,1
170,0.8062854151268786,Participant3_FV_FuUp,Endomorph,Normal,upright,0.321496729029427,-0.8712260548174374,0.109174710596548,-1.163121610879898,-0.9938701747658032,0.6209159665845061,1
171,0.8110282705099778,Participant3_FV_FuUp,Endomorph,Normal,upright,0.3204759096187429,-1.076839344659559,0.3096599732448216,-1.1772936880588531,-1.6946064560421634,0.6251526079080475,1
172,0.8157711258930771,Participant3_FV_FuUp,Endomorph,Normal,upright,0.3164924406035466,-1.0944849767597913,1.0038116365667038,-1.1827548742294312,-1.8404291515744975,0.634100373167466,1
173,0.8205139812761764,Participant3_FV_FuUp,Endomorph,Normal,upright,0.3092764744459881,-0.9543854603789425,0.6857939486594333,-1.1646184027194977,-1.8393754533882047,0.6269216617989599,1
174,0.8252568366592757,Participant3_FV_FuUp,Endomorph,Normal,upright,0.3082454168552722,-1.0851088944173268,0.5116846623959286,-1.1812012195587158,-2.464022267983498,0.6273762037898492,1
175,0.829999692042375,Participant3_FV_FuUp,Endomorph,Normal,upright,0.3190416309096066,-0.6806506613811378,0.66382178322026,-1.149255633354187,-2.4147125880406826,0.6279921790244739,1
176,0.8347425474254743,Participant3_FV_FuUp,Endomorph,Normal,upright,0.3175434036889533,-0.976928393431903,0.3353404394998266,-1.182912439107895,-2.7207529011080784,0.6325930779576886,1
177,0.8394854028085735,Participant3_FV_FuUp,Endomorph,Normal,upright,0.3172115700378801,-0.8351187405425345,0.6116754747137967,-1.1706429421901705,-2.6205827591196984,0.6322975648019274,1
178,0.8442282581916728,Participant3_FV_FuUp,Endomorph,Normal,upright,0.3123802413370282,-1.179877712071027,0.7628733727577107,-1.1679944097995758,-2.161557106293808,0.6323426272447603,1
179,0.8489711135747722,Participant3_FV_FuUp,Endomorph,Normal,upright,0.3195442732480822,-0.8449659602866509,0.5298390344376429,-1.1728051900863647,-2.010903482405229,0.6237531281972583,1
180,0.8537139689578714,Participant3_FV_FuUp,Endomorph,Normal,upright,0.3155188225772803,-0.5258892258015769,0.5890832968007446,-1.1824469566345217,-2.3713964838378767,0.6211348742845179,1
181,0.8584568243409707,Participant3_FV_FuUp,Endomorph,Normal,upright,0.318690576773704,-0.9709613009831556,0.993163436768612,-1.1903103291988373,-3.707222013463733,0.6285732231956842,1
182,0.86319967972407,Participant3_FV_FuUp,Endomorph,Normal,upright,0.318752839682126,-0.5695416436267655,0.8736968152424255,-1.1562407910823822,-2.6710953126116754,0.6247140355949131,1
183,0.8679425351071692,Participant3_FV_FuUp,Endomorph,Normal,upright,0.3181252404992817,-0.3625701477574587,0.9220889036535448,-1.171503245830536,-1.661100687010276,0.6232678511140508,1
184,0.8726853904902685,Participant3_FV_FuUp,Endomorph,Normal,upright,0.3187483808877236,-0.4947974191890578,0.7914828921681965,-1.1657052338123322,-2.657254320746975,0.6233278783538112,1
185,0.8774282458733679,Participant3_FV_FuUp,Endomorph,Normal,upright,0.3172410475693323,-0.5403649380150433,0.8497024371168392,-1.153214305639267,-3.6933925363475857,0.6262559157406096,1
186,0.8821711012564671,Participant3_FV_FuUp,Endomorph,Normal,upright,0.3174513794847633,-0.4590066257880736,0.8041250312306265,-1.1676146388053894,-3.033477070447053,0.6241192225562896,1
187,0.8869139566395664,Participant3_FV_FuUp,Endomorph,Normal,upright,0.3157930134154239,-0.626310904130029,0.7454474502491582,-1.1537912786006927,-3.053715227384999,0.6269547003085093,1
188,0.8916568120226657,Participant3_FV_FuUp,Endomorph,Normal,upright,0.3168781269351134,-0.5126489950359924,0.7822821843143334,-1.172201156616211,-2.0666945291645,0.6266176586498066,1
189,0.8963996674057649,Participant3_FV_FuUp,Endomorph,Normal,upright,0.318100592679119,-0.7622052974124326,0.8098173501992211,-1.1709884107112885,-2.707715764690497,0.6241358240723908,1
190,0.9011425227888644,Participant3_FV_FuUp,Endomorph,Normal,upright,0.314746421091406,-1.04718689085304,0.6268181502110532,-1.173031508922577,-3.939451834681709,0.6291514595975807,1
191,0.9058853781719636,Participant3_FV_FuUp,Endomorph,Normal,upright,0.3190686281052517,-0.7883711299041032,0.7527950358690632,-1.1790013909339905,-3.4913251447620537,0.6292753756869329,1
192,0.9106282335550628,Participant3_FV_FuUp,Endomorph,Normal,upright,0.3189908650761023,-1.33966231773929,0.7044458707661919,-1.2026469111442566,-4.223726412650732,0.6309997523715142,1
193,0.915371088938162,Participant3_FV_FuUp,Endomorph,Normal,upright,0.3195146243267988,-0.8630619129556302,1.224287711518537,-1.1729703545570374,-3.530043562513168,0.6318937372905247,1
194,0.9201139443212614,Participant3_FV_FuUp,Endomorph,Normal,upright,0.3193527410707504,-0.6877207133131193,0.9131563804326563,-1.184673935174942,-4.133402908331846,0.6245557549676002,1
195,0.9248567997043609,Participant3_FV_FuUp,Endomorph,Normal,upright,0.3168754343941257,-0.9029410895991984,1.0108368902395295,-1.196398288011551,-4.6771459994169,0.6256000888745554,1
196,0.92959965508746,Participant3_FV_FuUp,Endomorph,Normal,upright,0.3136978108303562,-0.8959334836823821,0.5041393290827815,-1.1551164984703064,-2.566175006743531,0.6275919828033147,1
197,0.9343425104705592,Participant3_FV_FuUp,Endomorph,Normal,upright,0.3165461177325879,-1.012320261789112,1.0433203181605712,-1.1645904779434204,-4.545773028420157,0.6230731355808123,1
198,0.9390853658536584,Participant3_FV_FuUp,Endomorph,Normal,upright,0.3187431734875376,-0.8322818535938921,1.076067028175302,-1.1574199199676514,-3.477638660876117,0.6231394689382159,1
199,0.9438282212367578,Participant3_FV_FuUp,Endomorph,Normal,upright,0.3170655653328239,-1.107622708617683,0.8875536457435349,-1.1868647933006289,-3.629763898614249,0.6359692310798725,1
200,0.9485710766198572,Participant3_FV_FuUp,Endomorph,Normal,upright,0.3140257970665639,-0.9804078259608194,0.4999827228479185,-1.1807481348514557,-4.113391279561017,0.6302123886411518,1
201,0.9533139320029564,Participant3_FV_FuUp,Endomorph,Normal,upright,0.308331922077984,-1.0985582465423065,0.6994329029767351,-1.1848258972167969,-4.414652391416946,0.6370470813782534,1
202,0.9580567873860556,Participant3_FV_FuUp,Endomorph,Normal,upright,0.3052453106703349,-0.8857010911148671,0.9546881687016932,-1.188170164823532,-3.697926528311417,0.6377685618220819,1
203,0.962799642769155,Participant3_FV_FuUp,Endomorph,Normal,upright,0.3081940097914098,-0.5362161645627084,0.7267114311321212,-1.1880965530872345,-3.340828683384557,0.63305646888102,1
204,0.9675424981522542,Participant3_FV_FuUp,Endomorph,Normal,upright,0.3079478213007804,-0.808422490615639,0.891267863063545,-1.1923276782035828,-4.832763599291853,0.6294259211899855,1
205,0.9722853535353536,Participant3_FV_FuUp,Endomorph,Normal,upright,0.3108688068404492,-1.0158056035891645,0.7971542243344484,-1.169550895690918,-4.431381405953033,0.626765463871491,1
206,0.9770282089184528,Participant3_FV_FuUp,Endomorph,Normal,upright,0.3068180289151235,-0.8233412632092798,0.8300930437869316,-1.1866925358772278,-3.420467811320903,0.6381767062465342,1
207,0.981771064301552,Participant3_FV_FuUp,Endomorph,Normal,upright,0.3121333307832508,-0.7236918263464174,1.0588473907077829,-1.1803520321846008,-2.766872455052206,0.6380999359385392,1
208,0.9865139196846514,Participant3_FV_FuUp,Endomorph,Normal,upright,0.3087497075997865,-0.6255707516778979,0.8456463840100704,-1.181485950946808,-2.7077778020470142,0.6328773121470651,1
209,0.9912567750677508,Participant3_FV_FuUp,Endomorph,Normal,upright,0.306652302998556,-0.6769520417048904,0.9301885520472698,-1.1842284202575684,-3.348223353594372,0.6390510693911154,1
210,0.99599963045085,Participant3_FV_FuUp,Endomorph,Normal,upright,0.3069524310418096,-0.6524913864184416,0.8288171128835965,-1.188872218132019,-3.4156230891827626,0.6363811981649259,1
211,1.000742485833949,Participant3_FV_FuUp,Endomorph,Normal,upright,0.3088044698834374,-1.0436146100440258,0.6209677196281619,-1.1863019168376925,-4.592701859821218,0.6331799709042262,1
212,1.0054853412170486,Participant3_FV_FuUp,Endomorph,Normal,upright,0.3076424508495375,-0.5100681983921744,0.8248930014720585,-1.1742213666439056,-2.8736955846351773,0.6322185281452257,1
213,1.0102281966001478,Participant3_FV_FuUp,Endomorph,Normal,upright,0.309917072082365,-0.465032735485269,1.0788795721959104,-1.1818024516105652,-3.4897855363298103,0.636535808349234,1
214,1.014971051983247,Participant3_FV_FuUp,Endomorph,Normal,upright,0.3086896956070331,-0.4074540386281043,1.3155228914248671,-1.200084149837494,-3.6245664870487726,0.6341027918226065,1
215,1.0197139073663464,Participant3_FV_FuUp,Endomorph,Normal,upright,0.3107212081330116,-0.5689926881205652,1.1172238027238963,-1.1854054629802704,-3.4587539411007517,0.6347580328546437,1
216,1.0244567627494456,Participant3_FV_FuUp,Endomorph,Normal,upright,0.3093464022663993,-0.6931298374036026,1.5133617783460294,-1.1731770038604736,-3.6549369364830953,0.6396173963174588,1
217,1.029199618132545,Participant3_FV_FuUp,Endomorph,Normal,upright,0.3012272876522204,-1.0647683996276975,1.2176440606978247,-1.189773291349411,-4.4589238023287,0.6356678011393841,1
218,1.0339424735156442,Participant3_FV_FuUp,Endomorph,Normal,upright,0.3052742256019372,-0.9402436308945394,0.6380670365997417,-1.1948304176330566,-2.853245872004178,0.6260416046513497,1
219,1.0386853288987437,Participant3_FV_FuUp,Endomorph,Normal,upright,0.3127334411611289,-1.267474256442652,1.0027490122233838,-1.1725580096244812,-3.631432045116703,0.6359351853248347,1
220,1.043428184281843,Participant3_FV_FuUp,Endomorph,Normal,upright,0.3074815006314734,-0.9799834027484996,0.776584190282298,-1.189521312713623,-4.404694272739443,0.6367200016880136,1
221,1.0481710396649422,Participant3_FV_FuUp,Endomorph,Normal,upright,0.306653563712638,-1.000711025695672,0.5407833659502098,-1.189614713191986,-4.670940811943238,0.6384914712302182,1
222,1.0529138950480414,Participant3_FV_FuUp,Endomorph,Normal,upright,0.3110126523052076,-0.8842929991213347,1.3413596901951557,-1.1781418919563291,-4.157420682533578,0.6411051467142088,1
223,1.0576567504311407,Participant3_FV_FuUp,Endomorph,Normal,upright,0.3085605865299893,-0.974822506299488,1.4760241488085262,-1.17656147480011,-3.79211952716588,0.6378343577526602,1
224,1.06239960581424,Participant3_FV_FuUp,Endomorph,Normal,upright,0.3050282302764537,-0.9864423475577754,1.0088570962293215,-1.1626882553100586,-3.96126390118223,0.6364913341467721,1
225,1.0671424611973392,Participant3_FV_FuUp,Endomorph,Normal,upright,0.304294246762581,-0.8724851362955733,0.4597846075592035,-1.1749353408813477,-3.55675413230505,0.6317513495045861,1
226,1.0718853165804385,Participant3_FV_FuUp,Endomorph,Normal,upright,0.301955250690804,-0.8810053754514724,0.3681794720610443,-1.1835606098175049,-4.022335351166886,0.6332439736488669,1
227,1.0766281719635378,Participant3_FV_FuUp,Endomorph,Normal,upright,0.3051022421614097,-1.1245845082796098,0.2211392695454635,-1.168760895729065,-4.44278597951552,0.6341923739475577,1
228,1.081371027346637,Participant3_FV_FuUp,Endomorph,Normal,upright,0.2999329798818783,-1.3107882959732162,0.4299194939470449,-1.1856873631477356,-4.984835946815026,0.6326922587820233,1
229,1.0861138827297363,Participant3_FV_FuUp,Endomorph,Normal,upright,0.3032693645684638,-1.3535174883612553,0.6307161465454373,-1.181588351726532,-5.018526606131896,0.6342642655131128,1
230,1.0908567381128358,Participant3_FV_FuUp,Endomorph,Normal,upright,0.3094015829791752,-1.184164204650537,1.0433977501079217,-1.195031821727753,-5.030635099331748,0.6405004528774609,1
231,1.095599593495935,Participant3_FV_FuUp,Endomorph,Normal,upright,0.3089354959063851,-1.0256143753639289,1.0019845960177534,-1.192252516746521,-4.742219474502656,0.6396628202619912,1
232,1.1003424488790343,Participant3_FV_FuUp,Endomorph,Normal,upright,0.3059882459441264,-0.9226565469894435,0.913446822068086,-1.1959842443466189,-5.32658153682958,0.639221160752043,1
233,1.1050853042621336,Participant3_FV_FuUp,Endomorph,Normal,upright,0.3075694034154561,-1.226103849291704,0.8784332236487137,-1.2049115896224976,-5.389105238402895,0.6384752750173381,1
234,1.1098281596452328,Participant3_FV_FuUp,Endomorph,Normal,upright,0.3091536772011442,-1.2556382010289446,0.6829891107727637,-1.1746280789375303,-5.062904377771828,0.6333144237454033,1
235,1.114571015028332,Participant3_FV_FuUp,Endomorph,Normal,upright,0.3073717222439808,-1.2523478197414952,0.1389040758465612,-1.1632299423217771,-5.170930089482824,0.6310264384890195,1
236,1.1193138704114314,Participant3_FV_FuUp,Endomorph,Normal,upright,0.3071263018064979,-1.4283680121641806,0.5851875315788487,-1.173197329044342,-5.513363954748519,0.6390933815347766,1
237,1.1240567257945306,Participant3_FV_FuUp,Endomorph,Normal,upright,0.3088819959694101,-1.1833059556294436,1.305986725388015,-1.1660791635513306,-2.9725048198230515,0.6321849148806219,1
238,1.12879958117763,Participant3_FV_FuUp,Endomorph,Normal,upright,0.3029493983792825,-0.9489465023087056,0.9389056317341536,-1.1696869134902954,-4.075398491654055,0.6353228320507575,1
239,1.1335424365607292,Participant3_FV_FuUp,Endomorph,Normal,upright,0.3061521395413818,-0.805175873767955,0.4559026952146958,-1.1694526076316831,-3.584185759919805,0.634546827883291,1
240,1.1382852919438284,Participant3_FV_FuUp,Endomorph,Normal,upright,0.3087387877469446,-0.7203931429400179,0.272281391973111,-1.1801776885986328,-4.640887337069286,0.6364942525915679,1
241,1.143028147326928,Participant3_FV_FuUp,Endomorph,Normal,upright,0.3084730214633445,-1.3527605963639495,1.1983823044576123,-1.1886973977088928,-2.7014883797074494,0.6362753312348843,1
242,1.1477710027100272,Participant3_FV_FuUp,Endomorph,Normal,upright,0.3066235728776067,-0.6901410981655299,0.8805064702911676,-1.159507155418396,-2.6075163534936125,0.6358848461909067,1
243,1.1525138580931265,Participant3_FV_FuUp,Endomorph,Normal,upright,0.3082340656403061,-1.125789347864168,1.0517861867717333,-1.176721692085266,-3.246339021852539,0.6377184543681659,1
244,1.1572567134762255,Participant3_FV_FuUp,Endomorph,Normal,upright,0.3085122343955769,-0.5871188410046876,0.8070149978487141,-1.1673884391784668,-3.2949604738015235,0.6346829562653548,1
245,1.161999568859325,Participant3_FV_FuUp,Endomorph,Normal,upright,0.3038646979228093,-0.8154853504371089,0.5977388554457035,-1.1556269824504852,-3.7000789613053047,0.6352027594441289,1
246,1.1667424242424242,Participant3_FV_FuUp,Endomorph,Normal,upright,0.3003261247764613,-1.1163817483027745,0.6111704231963099,-1.1830304563045502,-4.618083665494796,0.6281227365965499,1
247,1.1714852796255235,Participant3_FV_FuUp,Endomorph,Normal,upright,0.3053884328617225,-0.8300184076217564,1.0737524162029368,-1.1671119928359983,-2.331334864737819,0.6311916203865796,1
248,1.1762281350086228,Participant3_FV_FuUp,Endomorph,Normal,upright,0.3076844233019596,-0.759251530144199,0.9628869038021306,-1.193093180656433,-2.5874377306123897,0.6330770574384602,1
249,1.180970990391722,Participant3_FV_FuUp,Endomorph,Normal,upright,0.3083302698844228,-0.91783079412865,0.7732275074733942,-1.1919856071472168,-2.532146742548745,0.6356718742041778,1
250,1.1857138457748213,Participant3_FV_FuUp,Endomorph,Normal,upright,0.3074203157686667,-0.8504322213035141,0.5098071610847492,-1.1919645965099337,-2.347949301718063,0.6347554663544013,1
251,1.1904567011579208,Participant3_FV_FuUp,Endomorph,Normal,upright,0.303415731262429,-0.6588139094351796,0.8270022194981879,-1.196653962135315,-2.343125929568396,0.6308910973501253,1
252,1.19519955654102,Participant3_FV_FuUp,Endomorph,Normal,upright,0.303461549698388,-0.6993940814759894,0.9079366884982364,-1.2020244002342224,-1.7085374421857984,0.6399633529608998,1
253,1.199942411924119,Participant3_FV_FuUp,Endomorph,Normal,upright,0.2999171992077349,-0.6775682622433762,1.2036127268003276,-1.207113802433014,-3.217671228629273,0.6410354386039696,1
254,1.2046852673072186,Participant3_FV_FuUp,Endomorph,Normal,upright,0.3064017639425166,-0.8719288103436337,1.1924024033325973,-1.171343982219696,-3.070225625756488,0.6399920458361863,1
255,1.209428122690318,Participant3_FV_FuUp,Endomorph,Normal,upright,0.3085411485241333,-1.061716243587737,0.5532843439368078,-1.1790205836296082,-1.8803562492287211,0.6387977586694735,1
256,1.2141709780734171,Participant3_FV_FuUp,Endomorph,Normal,upright,0.3055638804916228,-0.979535915636867,1.0352571779141588,-1.1532729864120483,-3.052582047275992,0.637101501737862,1
257,1.2189138334565164,Participant3_FV_FuUp,Endomorph,Normal,upright,0.3039388392938241,-0.7587102481125665,0.6591053237759517,-1.1709032654762268,-2.0109364734359065,0.6264976281108331,1
258,1.2236566888396156,Participant3_FV_FuUp,Endomorph,Normal,upright,0.3055541438841897,-0.82822498750769,0.6552210361001277,-1.172734618186951,-3.2045139576963,0.6372013920613833,1
259,1.228399544222715,Participant3_FV_FuUp,Endomorph,Normal,upright,0.3052026076661961,-1.112020345619183,0.6380993894411788,-1.1530341506004331,-3.922665714139092,0.6316731838322361,1
260,1.2331423996058142,Participant3_FV_FuUp,Endomorph,Normal,upright,0.301455520318636,-0.398935083129548,1.020780152913006,-1.1459801495075226,-2.1759354496472376,0.6351791209810911,1
261,1.2378852549889134,Participant3_FV_FuUp,Endomorph,Normal,upright,0.3067167804220727,-0.7948635700875121,0.6620727716498475,-1.1928291022777555,-2.4573540375913976,0.6272937792764254,1
262,1.242628110372013,Participant3_FV_FuUp,Endomorph,Normal,upright,0.3101406316512335,-0.7085049482553885,0.8190342034900793,-1.1891030371189115,-1.6081846271820632,0.6373836440795733,1
263,1.2473709657551122,Participant3_FV_FuUp,Endomorph,Normal,upright,0.3039318961931677,-1.1359446356737724,0.5118431229313308,-1.1909469664096832,-3.819970818565317,0.6312393140568524,1
264,1.2521138211382117,Participant3_FV_FuUp,Endomorph,Normal,upright,0.3058153618804652,-1.2922686993849557,0.4798820207149775,-1.195654213428497,-5.12116604051554,0.6350055951457758,1
265,1.2568566765213107,Participant3_FV_FuUp,Endomorph,Normal,upright,0.3070023563947146,-1.4485927630961388,0.8190148356171787,-1.1716407239437103,-4.0665729845677125,0.6284795587634758,1
266,1.26159953190441,Participant3_FV_FuUp,Endomorph,Normal,upright,0.3055911915508248,-1.0346490898894671,1.041161601054295,-1.1758025586605072,-2.556127667665056,0.624303800663167,1
267,1.2663423872875093,Participant3_FV_FuUp,Endomorph,Normal,upright,0.3023561149720559,-1.2112607373243696,0.2110433425867265,-1.191992700099945,-4.131442230836756,0.6286103783143372,1
268,1.2710852426706083,Participant3_FV_FuUp,Endomorph,Normal,upright,0.3085458774591668,-0.8741467800400916,0.8794910906039354,-1.1825125217437744,-2.510154515047137,0.6301286140368942,1
269,1.2758280980537078,Participant3_FV_FuUp,Endomorph,Normal,upright,0.3045838343710044,-1.0972694112423276,0.4122400364574676,-1.1843316555023191,-2.4990298725510263,0.6302535521663386,1
270,1.280570953436807,Participant3_FV_FuUp,Endomorph,Normal,upright,0.3071231173962151,-1.0460217891846189,0.4635647894459174,-1.168243944644928,-2.334718235005437,0.6362254793461617,1
271,1.2853138088199063,Participant3_FV_FuUp,Endomorph,Normal,upright,0.3045990134402235,-0.9274630305337374,0.9785846731891418,-1.1986806988716123,-2.0028070155457223,0.6298770589792462,1
272,1.2900566642030056,Participant3_FV_FuUp,Endomorph,Normal,upright,0.3019372012359195,-0.6249114999130175,0.632185649869175,-1.192509412765503,-2.2891279359473597,0.6327033257846327,1
273,1.294799519586105,Participant3_FV_FuUp,Endomorph,Normal,upright,0.2999864764077549,-0.7450834415135104,0.9671126703764492,-1.2007536590099337,-3.209287451429749,0.6351910268002021,1
274,1.2995423749692043,Participant3_FV_FuUp,Endomorph,Normal,upright,0.3012709830925981,-1.0758480013951173,0.5740762184376794,-1.2374640107154846,-6.003666493798693,0.6364711464784761,1
275,1.3042852303523036,Participant3_FV_FuUp,Endomorph,Normal,upright,0.3032000796094245,-1.0634708790010636,0.696226046873128,-1.203120470046997,-4.780660932929356,0.6365813707625799,1
276,1.3090280857354029,Participant3_FV_FuUp,Endomorph,Normal,upright,0.303483043469787,-1.4354429490421825,0.4243411041014764,-1.2419586777687073,-6.269608808964225,0.6390658406103629,1
277,1.313770941118502,Participant3_FV_FuUp,Endomorph,Normal,upright,0.3020939416911154,-0.8987672314382087,0.8977682543141697,-1.2379805445671082,-3.270525610410962,0.6321416379165912,1
278,1.3185137965016014,Participant3_FV_FuUp,Endomorph,Normal,upright,0.2954132451795824,-0.7736373307737623,1.148319190822929,-1.2332767844200134,-2.390101768838596,0.6372374935503083,1
279,1.3232566518847009,Participant3_FV_FuUp,Endomorph,Normal,upright,0.3074416796059455,-0.8821683180876592,0.830365493179514,-1.2121320366859436,-2.553891783857447,0.6342288078559555,1
280,1.3279995072678,Participant3_FV_FuUp,Endomorph,Normal,upright,0.3004059245797245,-0.7453637370644489,0.649743168520092,-1.2047927379608154,-2.7677398366161894,0.6364275509928028,1
281,1.3327423626508992,Participant3_FV_FuUp,Endomorph,Normal,upright,0.2921791443886007,-0.6234192524646301,1.2698606014580012,-1.2416464984416962,-2.456039106650642,0.6358173454720057,1
282,1.3374852180339984,Participant3_FV_FuUp,Endomorph,Normal,upright,0.3001869962230585,-0.7152661110331107,1.4623943825029402,-1.2370179891586304,-3.495407402811374,0.6328295943906567,1
283,1.342228073417098,Participant3_FV_FuUp,Endomorph,Normal,upright,0.291982451369707,-0.7795408676911786,1.080881893155755,-1.2354373931884766,-2.9650109366828503,0.6336955727884692,1
284,1.3469709288001972,Participant3_FV_FuUp,Endomorph,Normal,upright,0.2994737136560939,-0.8446465969383657,0.726751237470131,-1.227092742919922,-3.0009606231461188,0.6237625252927265,1
285,1.3517137841832965,Participant3_FV_FuUp,Endomorph,Normal,upright,0.2963936979031057,-0.6170513840418365,0.9295710331250951,-1.2618650794029236,-3.110276091357364,0.6305953578511987,1
286,1.3564566395663955,Participant3_FV_FuUp,Endomorph,Normal,upright,0.2930545791277865,-0.4331332722035253,0.8882267802594429,-1.273600697517395,-1.1687139889115443,0.6243028808997136,1
287,1.361199494949495,Participant3_FV_FuUp,Endomorph,Normal,upright,0.2980884195597567,-0.3604692222437155,0.914094704357964,-1.2334217727184296,-3.256123274076668,0.6261614206705544,1
288,1.3659423503325945,Participant3_FV_FuUp,Endomorph,Normal,upright,0.3019703737557545,-0.4900108091189596,0.8827993592367512,-1.2234382629394531,-2.9201067566030416,0.6296535925233481,1
289,1.3706852057156935,Participant3_FV_FuUp,Endomorph,Normal,upright,0.3001277049376067,-0.5211007848828686,1.0386653100116845,-1.2039395570755005,-3.3376004493484994,0.6287495063207955,1
290,1.3754280610987928,Participant3_FV_FuUp,Endomorph,Normal,upright,0.3030929368557963,-0.4106968978500375,1.1596794566240205,-1.202331691980362,-2.749338637059067,0.6338108585913618,1
291,1.380170916481892,Participant3_FV_FuUp,Endomorph,Normal,upright,0.3050103882130671,-0.8605129511194759,1.4722551536235544,-1.1389801502227783,-4.159814626729326,0.6286654184807343,1
292,1.384913771864991,Participant3_FV_FuUp,Endomorph,Normal,upright,0.2938887188934276,-0.4428711302385826,1.5489275374410063,-1.2103190124034882,-3.894979098291276,0.6353833343966612,1
293,1.3896566272480906,Participant3_FV_FuUp,Endomorph,Normal,upright,0.2992225869815718,-0.835598312537844,1.299863115218787,-1.1989183127880096,-3.803263082624067,0.6331240588464596,1
294,1.39439948263119,Participant3_FV_FuUp,Endomorph,Normal,upright,0.2997248860264206,-0.9366883024708268,1.3848809272635632,-1.1897389888763428,-3.9092256633786713,0.6308167432010854,1
295,1.399142338014289,Participant3_FV_FuUp,Endomorph,Normal,upright,0.2983614379284918,-0.7011141054236353,1.147483176039796,-1.2244762182235718,-1.7053571930768463,0.6385833984964017,1
296,1.4038851933973886,Participant3_FV_FuUp,Endomorph,Normal,upright,0.3049840381135487,-0.9896415820377245,0.5466498382907213,-1.270243763923645,-3.2119624342254416,0.6353104961935198,1
297,1.408628048780488,Participant3_FV_FuUp,Endomorph,Normal,upright,0.3024130319715735,-0.9973901703808948,0.7174936115147139,-1.273259699344635,-3.645244411588702,0.6382099262409763,1
298,1.4133709041635871,Participant3_FV_FuUp,Endomorph,Normal,upright,0.3033938602963287,-0.9043545733365403,0.9687184971618076,-1.2228327691555023,-4.08027913154144,0.6331948802573125,1
299,1.4181137595466864,Participant3_FV_FuUp,Endomorph,Normal,upright,0.2995410108971366,-0.8127189771114152,1.136756158894098,-1.213890254497528,-1.2411732603450372,0.63112447887423,1
300,1.4228566149297857,Participant3_FV_FuUp,Endomorph,Normal,upright,0.3089773113522178,-0.974084267679332,0.1630115349966715,-1.1869830787181854,-1.7085804324831884,0.6345100633811201,1
301,1.427599470312885,Participant3_FV_FuUp,Endomorph,Normal,upright,0.3096647448779267,-0.845575951642217,0.5573184446256246,-1.223431259393692,-2.8505522836298165,0.6313083415929771,1
302,1.4323423256959842,Participant3_FV_FuUp,Endomorph,Normal,upright,0.3070731838281325,-0.8112451683744804,0.6729849677027365,-1.206170916557312,-2.648131698833531,0.6393982326346579,1
303,1.4370851810790837,Participant3_FV_FuUp,Endomorph,Normal,upright,0.3022945310842336,-1.1557605701864595,0.732039265551793,-1.217714011669159,-4.073582565943811,0.6420311272397263,1
304,1.4418280364621827,Participant3_FV_FuUp,Endomorph,Normal,upright,0.3091011230784737,-1.0941524795091495,0.6627849902280426,-1.206976056098938,-2.783221926999121,0.6358006863948723,1
305,1.4465708918452822,Participant3_FV_FuUp,Endomorph,Normal,upright,0.3071138094705812,-1.11795837458631,0.4809904321425668,-1.1884787678718567,-2.5366422912054825,0.6321616100535031,1
306,1.4513137472283817,Participant3_FV_FuUp,Endomorph,Normal,upright,0.3075202016844076,-0.8861529732409483,0.6804213082727695,-1.1812442541122437,-2.359972499125779,0.6303134718757701,1
307,1.4560566026114807,Participant3_FV_FuUp,Endomorph,Normal,upright,0.3103170620698281,-1.027913436896158,0.5441731813165493,-1.1805888414382937,-1.622253972620361,0.6341522122161373,1
308,1.46079945799458,Participant3_FV_FuUp,Endomorph,Normal,upright,0.3104025463754333,-0.942693926503562,0.9180439619112016,-1.1740273237228394,-3.635383401279226,0.6327760755547057,1
309,1.4655423133776793,Participant3_FV_FuUp,Endomorph,Normal,upright,0.3080854604364694,-1.2585772862328626,0.3561355416263571,-1.2546059787273407,-2.453443302435736,0.6389808222913953,1
310,1.4702851687607783,Participant3_FV_FuUp,Endomorph,Normal,upright,0.3025871494388125,-1.029768371331743,1.1131637589091834,-1.286497712135315,-1.715153503247856,0.638233595196007,1
311,1.4750280241438778,Participant3_FV_FuUp,Endomorph,Normal,upright,0.3056874555072022,-0.6966365186606773,0.9715507863654886,-1.196667194366455,-2.1128002664856225,0.6295639701714658,1
312,1.479770879526977,Participant3_FV_FuUp,Endomorph,Normal,upright,0.3084941812407267,-0.980648808365562,0.484671132943836,-1.1989682018756866,-2.431927391833671,0.6308759606907949,1
313,1.4845137349100763,Participant3_FV_FuUp,Endomorph,Normal,upright,0.311115985632206,-0.9961482948453908,0.872075912701915,-1.1827104687690737,-3.694512605517713,0.6302800262874313,1
314,1.4892565902931756,Participant3_FV_FuUp,Endomorph,Normal,upright,0.3071755085510052,-0.5847932288668694,0.7285266143196877,-1.1861344575881958,-2.764769333550141,0.6340299581353958,1
315,1.4939994456762749,Participant3_FV_FuUp,Endomorph,Normal,upright,0.3055834791627788,-0.9368172033688164,1.3713960862248853,-1.196911334991455,-2.748347000329164,0.6309486891184963,1
316,1.4987423010593743,Participant3_FV_FuUp,Endomorph,Normal,upright,0.3046830537230685,-0.9144217034340558,1.7427915573113455,-1.187323898077011,-1.4338146668167262,0.6275540499790071,1
317,1.5034851564424736,Participant3_FV_FuUp,Endomorph,Normal,upright,0.3011452532693397,-0.5058902278565082,1.6996626023026853,-1.2642539739608765,-2.306068572004023,0.6296898004403798,1
318,1.5082280118255729,Participant3_FV_FuUp,Endomorph,Normal,upright,0.304032016677439,-0.954791369734906,1.656533647294025,-1.2161611020565033,-1.9798989222808347,0.6308902872299661,1
319,1.512970867208672,Participant3_FV_FuUp,Endomorph,Normal,upright,0.310129307432572,-1.179562191891231,1.3124156946045122,-1.1759511530399325,-2.735009880974997,0.6315388848159895,1
320,1.5177137225917714,Participant3_FV_FuUp,Endomorph,Normal,upright,0.2967432636364031,-0.2485068935767059,1.4176453371051196,-1.2400127947330477,-1.221676038308179,0.6252286532059267,1
321,1.5224565779748709,Participant3_FV_FuUp,Endomorph,Normal,upright,0.3069469376063241,-0.6764702434685556,1.522874979605727,-1.179284542798996,-2.6990928183464464,0.6304138101101135,1
322,1.52719943335797,Participant3_FV_FuUp,Endomorph,Normal,upright,0.3080329164801714,-0.6719879317776112,1.345721761341952,-1.1666694581508636,-1.919779959918248,0.6290332872988494,1
323,1.5319422887410692,Participant3_FV_FuUp,Endomorph,Normal,upright,0.3162937987754612,-0.6443036530052741,0.7461258025225361,-1.2028916478157043,-2.378496285440373,0.6267693554255864,1
324,1.5366851441241685,Participant3_FV_FuUp,Endomorph,Normal,upright,0.3184341844541349,-0.5956153503298718,0.9308436529692488,-1.175867646932602,-1.791198349743964,0.6269998479775777,1
325,1.5414279995072675,Participant3_FV_FuUp,Endomorph,Normal,upright,0.3065527404544111,-0.825658962741031,1.764397461810466,-1.2671116590499878,-3.32861058779539,0.6337133290849563,1
326,1.5461708548903672,Participant3_FV_FuUp,Endomorph,Normal,upright,0.3053711479753367,-1.0983827400924493,0.7494408057639834,-1.2356491088867188,-2.601152006985505,0.6318660012981901,1
327,1.5509137102734665,Participant3_FV_FuUp,Endomorph,Normal,upright,0.3055029932385457,-1.359332788376722,1.49523721158729,-1.2066231966018677,-4.235836075336703,0.630478487955008,1
328,1.5556565656565655,Participant3_FV_FuUp,Endomorph,Normal,upright,0.3189846413387083,-0.8104494497124655,1.0745451599453448,-1.1792449355125427,-1.2898036945135525,0.6290022255320539,1
329,1.560399421039665,Participant3_FV_FuUp,Endomorph,Normal,upright,0.3156724507594852,-0.7255930444629777,0.5648345988836577,-1.2227343022823334,-1.3996235317467003,0.6330062505542785,1
330,1.5651422764227645,Participant3_FV_FuUp,Endomorph,Normal,upright,0.3188056772565849,-0.3676155119805774,0.7182468754505126,-1.1901296973228457,-1.5941072544906811,0.6298378706071471,1
331,1.5698851318058635,Participant3_FV_FuUp,Endomorph,Normal,upright,0.3080868893024595,-0.7293745760905288,0.9114444466300214,-1.2417807579040527,-1.573310447173932,0.634144666305928,1
332,1.5746279871889628,Participant3_FV_FuUp,Endomorph,Normal,upright,0.3135725229735656,-0.6574307484686328,0.7731692575226374,-1.257859289646149,-1.0436434061634317,0.6357715527966782,1
333,1.579370842572062,Participant3_FV_FuUp,Endomorph,Normal,upright,0.3110223859843837,-0.749206301512064,0.5427595609347561,-1.2466158270835876,-1.6773564744369138,0.6354017769980357,1
334,1.584113697955161,Participant3_FV_FuUp,Endomorph,Normal,upright,0.3086693883316715,-0.7307648178624642,0.7266900492039702,-1.2254831492900848,-1.36539657205773,0.6287836143780033,1
335,1.5888565533382606,Participant3_FV_FuUp,Endomorph,Normal,upright,0.3153739406231497,-0.7301349859872612,0.601356857618898,-1.1897036135196686,-1.843650132284296,0.6289938881255216,1
336,1.59359940872136,Participant3_FV_FuUp,Endomorph,Normal,upright,0.3164602088836756,-0.5733936537840885,0.4312559810169055,-1.1933670043945312,-1.9285987812002685,0.6353121844036328,1
337,1.5983422641044591,Participant3_FV_FuUp,Endomorph,Normal,upright,0.3154392608574567,-0.743170229241577,0.5410563683171028,-1.2165138125419617,-2.64550176995224,0.6351350460915813,1
338,1.6030851194875586,Participant3_FV_FuUp,Endomorph,Normal,upright,0.316102135023471,-0.7692690991766754,0.2783138580903397,-1.1921688914299011,-1.647588980157637,0.627483895383085,1
339,1.607827974870658,Participant3_FV_FuUp,Endomorph,Normal,upright,0.3168309637175485,-0.450313743720982,0.9054086364503846,-1.185490071773529,-3.136633804037037,0.6261410980185851,1
340,1.6125708302537571,Participant3_FV_FuUp,Endomorph,Normal,upright,0.3127682601766046,-0.6256694764711412,0.3974065756260772,-1.1723656058311462,-3.541219274476499,0.629109400398441,1
341,1.6173136856368564,Participant3_FV_FuUp,Endomorph,Normal,upright,0.3118420455185763,-0.7687088005379168,0.1924750630145627,-1.1795222163200378,-3.3533685277134,0.6235162303882481,1
342,1.6220565410199557,Participant3_FV_FuUp,Endomorph,Normal,upright,0.3128526262195906,-0.6430563750729126,0.9134883090331962,-1.178577542304993,-2.0859347404611364,0.6288878336586765,1
343,1.626799396403055,Participant3_FV_FuUp,Endomorph,Normal,upright,0.3122822833783547,-0.942054802724525,0.6333633818081498,-1.186141312122345,-3.827658010712744,0.6333177196885788,1
344,1.6315422517861542,Participant3_FV_FuUp,Endomorph,Normal,upright,0.3171006598686638,-0.896383640698459,0.4546756033441498,-1.1643759310245514,-3.480379003174052,0.6254061198993015,1
345,1.6362851071692537,Participant3_FV_FuUp,Endomorph,Normal,upright,0.3082090083403465,-0.8522133501336023,0.3660692150364385,-1.1759670078754425,-3.7654851535411376,0.6258948768016886,1
346,1.6410279625523527,Participant3_FV_FuUp,Endomorph,Normal,upright,0.3101709064829221,-0.9795347171443032,0.7684642460801587,-1.167513906955719,-1.5031623707665407,0.6253175207106132,1
347,1.645770817935452,Participant3_FV_FuUp,Endomorph,Normal,upright,0.3130798722600589,-1.0752963153962032,0.9291923004463178,-1.1818959712982178,-2.002346097441243,0.6241502505414527,1
348,1.6505136733185517,Participant3_FV_FuUp,Endomorph,Normal,upright,0.3128604762692783,-1.2004962569410302,1.005110519035126,-1.1618230044841766,-2.5125502175826298,0.6293897788813763,1
349,1.6552565287016507,Participant3_FV_FuUp,Endomorph,Normal,upright,0.3115775117102041,-1.4280513560284596,0.4254216250495901,-1.1958079636096954,-4.605005733507528,0.6200585389859103,1
350,1.65999938408475,Participant3_FV_FuUp,Endomorph,Normal,upright,0.3097373691526195,-1.014335379746689,0.4111791246995392,-1.1813527047634125,-3.843983885364533,0.6285660876345462,1
351,1.6647422394678493,Participant3_FV_FuUp,Endomorph,Normal,upright,0.3106006520397022,-0.8920762608176415,0.1850026997662294,-1.2185842394828796,-3.723696007510961,0.6303321878711212,1
352,1.6694850948509483,Participant3_FV_FuUp,Endomorph,Normal,upright,0.3149339355537694,-1.4685467425825272,0.5863715233358922,-1.1663376688957214,-3.913528663941863,0.6230002394627301,1
353,1.6742279502340478,Participant3_FV_FuUp,Endomorph,Normal,upright,0.3144493503746925,-0.9978312405966872,0.7089796744476488,-1.1754435896873474,-2.884002939010828,0.6274304566434877,1
354,1.678970805617147,Participant3_FV_FuUp,Endomorph,Normal,upright,0.308949931264507,-0.6074063504419217,0.9318243647014868,-1.1966227889060974,-2.489847576910063,0.6255567221190651,1
355,1.6837136610002463,Participant3_FV_FuUp,Endomorph,Normal,upright,0.3081664390159546,-0.7769133704121798,0.561334357825993,-1.210165023803711,-3.6319194395967256,0.6279656018775088,1
356,1.6884565163833456,Participant3_FV_FuUp,Endomorph,Normal,upright,0.3089019549966358,-0.8780770739149655,0.8713732778903286,-1.1668910682201383,-3.986384074097145,0.6265188063411541,1
357,1.6931993717664449,Participant3_FV_FuUp,Endomorph,Normal,upright,0.3061867489459986,-0.4718582105872783,0.7127903088904344,-1.2199738323688507,-4.017791524941699,0.6269665780862775,1
358,1.6979422271495443,Participant3_FV_FuUp,Endomorph,Normal,upright,0.3110108230370168,-0.6031830356436403,0.5581317704901022,-1.1909615397453308,-3.2683923031319355,0.624082130423413,1
359,1.7026850825326436,Participant3_FV_FuUp,Endomorph,Normal,upright,0.321875702004178,-0.6235777259016759,0.4841022742735138,-1.148385465145111,-1.137119597148019,0.6251130775564397,1
360,1.7074279379157429,Participant3_FV_FuUp,Endomorph,Normal,upright,0.317772384593852,-1.0713531026462824,0.6370499636616469,-1.1658058762550354,-0.1856731576743499,0.6223508592122906,1
361,1.712170793298842,Participant3_FV_FuUp,Endomorph,Normal,upright,0.3183688554775442,-0.9432527839725056,0.3094107283068352,-1.170430064201355,-2.193454213944009,0.6272308228216792,1
362,1.7169136486819414,Participant3_FV_FuUp,Endomorph,Normal,upright,0.3109897624915009,-0.6604425895027161,0.4157399867190141,-1.185068041086197,-2.312613939197796,0.6203636194975078,1
363,1.721656504065041,Participant3_FV_FuUp,Endomorph,Normal,upright,0.3033451561672463,-0.6744138624412116,0.5721148793078686,-1.1982398629188538,-2.478211028502903,0.6213826948683746,1
364,1.72639935944814,Participant3_FV_FuUp,Endomorph,Normal,upright,0.3145742371609493,-0.9674879257345396,0.5062406545538316,-1.1867658495903015,-2.9046423283676246,0.6259017308770024,1
365,1.7311422148312392,Participant3_FV_FuUp,Endomorph,Normal,upright,0.3096033643685457,-0.889508543174247,0.6299629901752809,-1.160808265209198,-3.3120294953071463,0.6262004402950483,1
366,1.7358850702143385,Participant3_FV_FuUp,Endomorph,Normal,upright,0.3060667521366235,-0.6737487120954018,0.4552025600181247,-1.1814575493335724,-2.634457833344769,0.623283622956802,1
367,1.7406279255974375,Participant3_FV_FuUp,Endomorph,Normal,upright,0.3104771147395487,-0.7765116297124972,0.4086957678972899,-1.1764079332351685,-3.1460382523286032,0.624270579144343,1
368,1.745370780980537,Participant3_FV_FuUp,Endomorph,Normal,upright,0.3053865938681065,-0.6175068607871975,0.3751923583252792,-1.181764990091324,-1.7743959881544051,0.6229294516988084,1
369,1.7501136363636365,Participant3_FV_FuUp,Endomorph,Normal,upright,0.3066649090956108,-0.7259453296216739,1.3266408173838982,-1.1940416991710665,-1.1471748965709934,0.6234171693989334,1
370,1.7548564917467355,Participant3_FV_FuUp,Endomorph,Normal,upright,0.3076552495965379,-0.8184560855470556,0.2522713440950723,-1.1550271809101105,-3.1801072681685576,0.6255532956405943,1
371,1.759599347129835,Participant3_FV_FuUp,Endomorph,Normal,upright,0.3059817150963649,-0.828824805016127,1.3356415357189146,-1.1730915307998655,-1.1508373281087532,0.6236905033676354,1
372,1.7643422025129345,Participant3_FV_FuUp,Endomorph,Normal,upright,0.3111110692689781,-0.5555816366838083,0.6920720718306934,-1.201251059770584,-2.201589424202234,0.6279260977507919,1
373,1.7690850578960335,Participant3_FV_FuUp,Endomorph,Normal,upright,0.3132903676542778,-0.7462733429762773,0.7319568122536844,-1.1490391790866852,-2.95193896580135,0.6263527787001594,1
374,1.7738279132791328,Participant3_FV_FuUp,Endomorph,Normal,upright,0.3125014660979454,-0.9120804341318482,0.6273322152048911,-1.1500898599624634,-3.304332451384689,0.6253829226360406,1
375,1.778570768662232,Participant3_FV_FuUp,Endomorph,Normal,upright,0.3145826402637659,-1.0488124576915494,0.7108071260362074,-1.1527410447597504,-3.210147199948104,0.6247735682976798,1
376,1.7833136240453311,Participant3_FV_FuUp,Endomorph,Normal,upright,0.322770046685197,-0.9975591060672606,0.3331020725816493,-1.1416285037994385,-1.6673053979453305,0.6268312872624856,1
377,1.7880564794284306,Participant3_FV_FuUp,Endomorph,Normal,upright,0.3144576028990985,-0.8826571523247533,0.9031275154278036,-1.1674368679523468,-2.806773704468697,0.6257985722001677,1
378,1.79279933481153,Participant3_FV_FuUp,Endomorph,Normal,upright,0.3210548320235716,-1.0076567465509043,0.4083913006585006,-1.1387925148010254,-2.530998006299194,0.6318708305207188,1
379,1.7975421901946291,Participant3_FV_FuUp,Endomorph,Normal,upright,0.3164790966508397,-0.9618804268827656,1.0889105991886778,-1.1450174152851105,-3.4017119629854395,0.6275263769560514,1
380,1.8022850455777288,Participant3_FV_FuUp,Endomorph,Normal,upright,0.3194296734321664,-0.8868030572163282,0.5517064504684132,-1.136926144361496,-3.312482437460991,0.6279258622977831,1
381,1.807027900960828,Participant3_FV_FuUp,Endomorph,Normal,upright,0.317341243439788,-0.8998571496346814,0.5705870712766855,-1.1456703543663025,-2.364016730190285,0.6272277713464796,1
382,1.8117707563439271,Participant3_FV_FuUp,Endomorph,Normal,upright,0.3077557240269838,-0.8881121720057692,0.5223884663082894,-1.218779593706131,-2.401585017713299,0.6168828484574637,1
383,1.8165136117270264,Participant3_FV_FuUp,Endomorph,Normal,upright,0.3146576553674203,-0.9639160513358592,0.8008269265552748,-1.1604863107204435,-2.494381801452446,0.6300632584538476,1
384,1.8212564671101257,Participant3_FV_FuUp,Endomorph,Normal,upright,0.3236844593402612,-1.0783345636062918,0.5300413554673465,-1.1367670595645905,-1.9773907864198244,0.6268101279848867,1
385,1.825999322493225,Participant3_FV_FuUp,Endomorph,Normal,upright,0.3218151806149714,-1.0276363561461386,0.2705934350133575,-1.1432823240756989,-1.260090842563628,0.6259414888762643,1
386,1.830742177876324,Participant3_FV_FuUp,Endomorph,Normal,upright,0.32414442091227,-1.1293388680126095,0.4600808058624472,-1.1041846573352814,-1.9268732343033608,0.6284865863976135,1
387,1.8354850332594237,Participant3_FV_FuUp,Endomorph,Normal,upright,0.3216839822001109,-1.322868581263349,-0.1396769252360561,-1.13375324010849,-2.888104718992738,0.6277340321747251,1
388,1.8402278886425227,Participant3_FV_FuUp,Endomorph,Normal,upright,0.3225037082571656,-1.04406675194741,0.6918939028760064,-1.1317528784275055,-1.9385973133643817,0.6229288346936168,1
389,1.844970744025622,Participant3_FV_FuUp,Endomorph,Normal,upright,0.3156451391400794,-0.8567205979006641,0.8927677254813278,-1.1618657410144806,-1.246053080968926,0.6198038122897924,1
390,1.8497135994087213,Participant3_FV_FuUp,Endomorph,Normal,upright,0.3147550457840522,-1.2397541478979173,0.9801585686911224,-1.1758278012275696,-3.268156352649238,0.6236969811894466,1
391,1.8544564547918208,Participant3_FV_FuUp,Endomorph,Normal,upright,0.3170129094927459,-1.078478763698702,0.637189669414873,-1.1899964213371277,-2.5777487963708565,0.6289304022702132,1
392,1.85919931017492,Participant3_FV_FuUp,Endomorph,Normal,upright,0.3095957508658847,-1.0719753041835955,0.611239986942654,-1.1873143315315249,-3.89838213535892,0.6276320469771385,1
393,1.8639421655580195,Participant3_FV_FuUp,Endomorph,Normal,upright,0.3064621091675334,-0.8867554683674025,0.6299655247724757,-1.2161641418933868,-1.1936530532897938,0.6232955387025301,1
394,1.8686850209411183,Participant3_FV_FuUp,Endomorph,Normal,upright,0.3092787383618705,-0.758079746396134,0.242468453367423,-1.2023932337760923,-2.853868739996813,0.6225721678069274,1
395,1.8734278763242176,Participant3_FV_FuUp,Endomorph,Normal,upright,0.3141245636794533,-1.0291402805594057,0.4920489981269415,-1.157218873500824,-2.726494038331962,0.6285777475921217,1
396,1.878170731707317,Participant3_FV_FuUp,Endomorph,Normal,upright,0.3180295874388057,-1.036020106876116,0.759616380040325,-1.1497830748558044,-1.8368416449198977,0.626025942876074,1
397,1.8829135870904163,Participant3_FV_FuUp,Endomorph,Normal,upright,0.3123995888320253,-0.7993926927373661,0.0833087587938454,-1.163268268108368,-2.3431194148282954,0.6245260408339846,1
398,1.887656442473516,Participant3_FV_FuUp,Endomorph,Normal,upright,0.3152518906210622,-0.8492661913258202,0.2092715836886997,-1.164431780576706,-2.1275156767159813,0.6250989469742143,1
399,1.8923992978566149,Participant3_FV_FuUp,Endomorph,Normal,upright,0.3068268057036106,-0.6048016392461737,0.6402917119505785,-1.1938410699367523,-1.355974224934709,0.6239591960298028,1
400,1.897142153239714,Participant3_FV_FuUp,Endomorph,Normal,upright,0.3116067657618781,-0.7094480882223505,0.2041584453902086,-1.1609303951263428,-2.44455543196266,0.6303409154351537,1
401,1.9018850086228136,Participant3_FV_FuUp,Endomorph,Normal,upright,0.312774123834943,-0.6883832325500033,0.5007290305100128,-1.147154122591019,-2.342699864375962,0.6288067047288944,1
402,1.9066278640059129,Participant3_FV_FuUp,Endomorph,Normal,upright,0.3137242130486402,-0.8450150001867112,0.418393770378216,-1.169119417667389,-2.548623019657565,0.6285789847223678,1
403,1.911370719389012,Participant3_FV_FuUp,Endomorph,Normal,upright,0.3130092261904914,-0.8553716268025626,0.4264223639325415,-1.18351948261261,-2.002130125891896,0.6319846541789458,1
404,1.9161135747721116,Participant3_FV_FuUp,Endomorph,Normal,upright,0.3056110142214978,-0.5544727244967982,0.5892737162061411,-1.1764621436595917,-1.0177656767198928,0.621488943211901,1
405,1.920856430155211,Participant3_FV_FuUp,Endomorph,Normal,upright,0.3111895847575197,-0.6949730440537332,0.7210942778335596,-1.1722221076488497,-0.5797206460465033,0.6248888504211826,1
406,1.92559928553831,Participant3_FV_FuUp,Endomorph,Normal,upright,0.3144326786193123,-0.5748403177611161,1.0597714424991092,-1.1590384244918823,-0.44386201654133,0.6258712095072817,1
407,1.9303421409214088,Participant3_FV_FuUp,Endomorph,Normal,upright,0.3116203053082113,-0.4850071986772872,0.9141281612031282,-1.2028441429138184,0.6987236449332488,0.6279108482589235,1
408,1.9350849963045085,Participant3_FV_FuUp,Endomorph,Normal,upright,0.3105843282960157,-0.6478693665614931,1.346880816238658,-1.1675967276096344,-0.6215943703810383,0.6266356166561018,1
409,1.939827851687608,Participant3_FV_FuUp,Endomorph,Normal,upright,0.3129288805396777,-0.6838565608093795,1.387967196646958,-1.1945569217205048,-0.1466611792696218,0.6259322459582713,1
410,1.944570707070707,Participant3_FV_FuUp,Endomorph,Normal,upright,0.3128426847713559,-0.4025699869981722,1.0756557557330788,-1.191736936569214,1.10141827281395,0.627348649339799,1
411,1.9493135624538065,Participant3_FV_FuUp,Endomorph,Normal,upright,0.31613549554209,-0.3797225696674559,0.6259546997611497,-1.1743311882019043,-0.9260336006824826,0.6318000427056816,1
412,1.9540564178369055,Participant3_FV_FuUp,Endomorph,Normal,upright,0.3199466919293389,-0.584611051437407,0.372138130712621,-1.1852646470069883,0.1456256658864875,0.6255349990198915,1
413,1.958799273220005,Participant3_FV_FuUp,Endomorph,Normal,upright,0.3108384808362807,-0.3201097484673769,1.0310568024700009,-1.2057459950447085,-0.6667989989633648,0.6276638120116831,1
414,1.9635421286031045,Participant3_FV_FuUp,Endomorph,Normal,upright,0.316651617003561,-0.8513233935781368,0.8194023355076476,-1.1998054683208466,-0.3245675711458032,0.6332445876554352,1
415,1.968284983986204,Participant3_FV_FuUp,Endomorph,Normal,upright,0.3146295021025171,-0.5733461737734403,0.9750719687798428,-1.182392567396164,0.3668607002959305,0.6333693578734726,1
416,1.9730278393693028,Participant3_FV_FuUp,Endomorph,Normal,upright,0.3146354526475055,-0.8052800272779709,1.3983878497649789,-1.1935866177082062,-0.1162282080399041,0.635236627370187,1
417,1.977770694752402,Participant3_FV_FuUp,Endomorph,Normal,upright,0.3103475110957071,-0.9625781964954452,0.5666567735623019,-1.1904774606227877,-0.7430319505896908,0.6352497345682665,1
418,1.9825135501355011,Participant3_FV_FuUp,Endomorph,Normal,upright,0.3164783666990354,-0.8071385459892647,0.4869755427659641,-1.177016019821167,-0.1602394273408953,0.6356611656794924,1
419,1.9872564055186008,Participant3_FV_FuUp,Endomorph,Normal,upright,0.3169935670946615,-0.6672245258161893,1.185661799394182,-1.2006409168243408,0.1168354032913078,0.6350952073676502,1
420,1.9919992609017,Participant3_FV_FuUp,Endomorph,Normal,upright,0.3063115557842786,-0.4515624273461191,0.8406811981125113,-1.1856074333190918,0.1084349629962983,0.6285012352169543,1
421,1.9967421162847991,Participant3_FV_FuUp,Endomorph,Normal,upright,0.3056669620995336,-0.3241318412076664,1.508641465880486,-1.2008810639381409,-0.6242087762235257,0.6268186735250563,1
422,2.001484971667898,Participant3_FV_FuUp,Endomorph,Normal,upright,0.3081125109264911,-0.6828781740586659,1.4006827516064169,-1.1765077114105225,-1.7755014936651523,0.6295696310602077,1
423,2.006227827050998,Participant3_FV_FuUp,Endomorph,Normal,upright,0.3104752110407878,-0.584144127709172,1.2927240373323476,-1.2177367210388184,-0.3515453653513793,0.6285138737677256,1
424,2.010970682434097,Participant3_FV_FuUp,Endomorph,Normal,upright,0.3046199761648604,-0.5882202225690094,1.1847653230582786,-1.256081908941269,-1.1306754428246375,0.6299123722505315,1
425,2.0157135378171964,Participant3_FV_FuUp,Endomorph,Normal,upright,0.3038926691712149,-0.6431604928732979,1.0768066087842096,-1.1947872638702393,0.1666030393053727,0.6304958426920724,1
426,2.020456393200296,Participant3_FV_FuUp,Endomorph,Normal,upright,0.3016405376747951,-0.6671656116128626,1.9869684492341693,-1.240189492702484,-0.0630366149578501,0.6321669528749265,1
427,2.025199248583395,Participant3_FV_FuUp,Endomorph,Normal,upright,0.3066311117999474,-0.5354297241646209,1.272986415390026,-1.2348054945468905,-1.1910406106761369,0.6287879424285269,1
428,2.029942103966494,Participant3_FV_FuUp,Endomorph,Normal,upright,0.3129168629112983,-0.3946369795601873,0.7275144610618793,-1.2241617441177368,-0.2269133178325004,0.6266584923547511,1
429,2.034684959349593,Participant3_FV_FuUp,Endomorph,Normal,upright,0.3055218065796785,-0.4530279893246605,1.6928209631878115,-1.2323786914348602,-0.3965175843842169,0.6281943588075563,1
430,2.0394278147326927,Participant3_FV_FuUp,Endomorph,Normal,upright,0.3085289700359959,-0.3684476017082868,0.96245507886479,-1.2138187289237976,-0.1984300771888127,0.6263392431875517,1
431,2.044170670115792,Participant3_FV_FuUp,Endomorph,Normal,upright,0.3008799379717197,-0.5942050456360829,1.7078014836932354,-1.222910463809967,0.0015669262673134,0.6229589013592416,1
432,2.0489135254988917,Participant3_FV_FuUp,Endomorph,Normal,upright,0.3064639231287787,-0.3832439728902099,0.561223439466066,-1.2184298932552338,1.8533595370950924,0.6282137499349286,1
433,2.0536563808819905,Participant3_FV_FuUp,Endomorph,Normal,upright,0.3055660294505481,-0.3375029169179668,0.8210802970326502,-1.193386435508728,0.924429598029876,0.6284767944311911,1
434,2.05839923626509,Participant3_FV_FuUp,Endomorph,Normal,upright,0.3067130241584131,-0.5087030166840459,1.0943713975267606,-1.1845709085464478,0.1737596450504779,0.624536483242591,1
435,2.063142091648189,Participant3_FV_FuUp,Endomorph,Normal,upright,0.3085636334455617,-0.5509064826535822,1.0865010398999997,-1.1946448981761932,0.8732939573918652,0.6295848047831222,1
436,2.0678849470312883,Participant3_FV_FuUp,Endomorph,Normal,upright,0.3095745252863854,-0.6695792381792396,1.3888445713885147,-1.2198459208011627,-0.0017186989108965,0.6354376062849768,1
437,2.072627802414388,Participant3_FV_FuUp,Endomorph,Normal,upright,0.3116564379825984,-0.5794473737941487,1.1755257333653903,-1.1971460580825806,-1.509315146012809,0.6294942845861979,1
438,2.0773706577974878,Participant3_FV_FuUp,Endomorph,Normal,upright,0.3128164732306694,-0.4945492684122307,1.7096324032968713,-1.1682721376419067,-1.5447261800470822,0.6257330218597554,1
439,2.0821135131805866,Participant3_FV_FuUp,Endomorph,Normal,upright,0.3141159413191816,-0.2404146909541256,1.2128214501929129,-1.1481694877147677,-1.22583116911942,0.6271817166595718,1
440,2.086856368563686,Participant3_FV_FuUp,Endomorph,Normal,upright,0.3154995671759293,-0.8014476636747597,0.7845884636510928,-1.1462996006011963,-2.616294849660165,0.6305951473488017,1
441,2.091599223946785,Participant3_FV_FuUp,Endomorph,Normal,upright,0.3089085504421877,-0.8260049371520355,1.1918601835281102,-1.179549366235733,-2.340261123378156,0.6307025301669589,1
442,2.0963420793298844,Participant3_FV_FuUp,Endomorph,Normal,upright,0.318458139010615,-0.9971254436644824,1.0304640571767585,-1.1600027084350586,-3.4275422893282435,0.633097823687509,1
443,2.101084934712984,Participant3_FV_FuUp,Endomorph,Normal,upright,0.3217461014979566,-1.306014224350552,0.670355224617393,-1.177253246307373,-3.4088758456731045,0.6388122537403219,1
444,2.105827790096083,Participant3_FV_FuUp,Endomorph,Normal,upright,0.3137589422126661,-0.8363723341525764,0.9863149167212566,-1.1513657569885254,-1.133629827195059,0.633277264686959,1
445,2.110570645479182,Participant3_FV_FuUp,Endomorph,Normal,upright,0.3119130583186294,-1.301279982501246,0.9029103512178775,-1.1547571420669556,-3.882875594977841,0.6345481018305714,1
446,2.115313500862281,Participant3_FV_FuUp,Endomorph,Normal,upright,0.3130012502478555,-0.7520961987720476,1.2436768841094132,-1.1626129746437073,-2.755714612923183,0.6311349711699731,1
447,2.1200563562453807,Participant3_FV_FuUp,Endomorph,Normal,upright,0.3148464154174015,-1.1651816463654685,1.2891393358449754,-1.1583379805088043,-3.351908210831181,0.6301488608130009,1
448,2.12479921162848,Participant3_FV_FuUp,Endomorph,Normal,upright,0.3104365207621408,-0.94638134051345,0.7572768950472434,-1.1743020713329315,-2.974717390555394,0.6280517190644679,1
449,2.129542067011579,Participant3_FV_FuUp,Endomorph,Normal,upright,0.3107922576831094,-1.073493044667441,1.1883035212220852,-1.149243175983429,-3.277342241003012,0.6294013173929554,1
450,2.1342849223946785,Participant3_FV_FuUp,Endomorph,Normal,upright,0.314363206505631,-0.6620831285720967,0.6158481322692259,-1.1299847960472107,-0.9140648859831982,0.6293389758855109,1
451,2.1390277777777778,Participant3_FV_FuUp,Endomorph,Normal,upright,0.3114281197109647,-0.5719645515401607,0.9442041537072272,-1.155408263206482,-1.9790351821505128,0.6296329105117053,1
452,2.143770633160877,Participant3_FV_FuUp,Endomorph,Normal,upright,0.3173037505106083,-0.96818615299968,0.8458189088991952,-1.1260448396205902,-1.7492054568526,0.6271400547814576,1
453,2.1485134885439763,Participant3_FV_FuUp,Endomorph,Normal,upright,0.3117774925478944,-0.7182902653659227,1.2645970140923577,-1.1463997066020966,-2.857580212182365,0.6282920732776187,1
454,2.1532563439270755,Participant3_FV_FuUp,Endomorph,Normal,upright,0.3132147699072136,-0.9526563933901058,1.0280143636819283,-1.1743329465389252,-2.9159593233629426,0.6334512230883693,1
455,2.157999199310175,Participant3_FV_FuUp,Endomorph,Normal,upright,0.3130104685885347,-0.8683463417847707,0.8500321493848575,-1.1602663397789,-2.091859206410487,0.6295037798754404,1
456,2.162742054693274,Participant3_FV_FuUp,Endomorph,Normal,upright,0.318795974670162,-0.813253221931336,0.9055167219291752,-1.176967591047287,-2.3236366875713848,0.638634252394132,1
457,2.1674849100763733,Participant3_FV_FuUp,Endomorph,Normal,upright,0.3103782538706378,-0.3660163659413314,0.6616582683219342,-1.1897283494472504,-2.2041832920059927,0.6307328592768855,1
458,2.1722277654594726,Participant3_FV_FuUp,Endomorph,Normal,upright,0.3076559177621064,-1.1715224297725122,0.844654036771451,-1.175314635038376,-3.688929182627781,0.6314177427470081,1
459,2.176970620842572,Participant3_FV_FuUp,Endomorph,Normal,upright,0.3158490808059747,-0.7724196327179323,1.075815793181405,-1.1278166472911837,-1.856272645864796,0.6287801631334088,1
460,2.181713476225672,Participant3_FV_FuUp,Endomorph,Normal,upright,0.3112683887478397,-0.7192570016429166,1.3482720041181404,-1.159366250038147,-1.7431230845705272,0.6329983041814391,1
461,2.186456331608771,Participant3_FV_FuUp,Endomorph,Normal,upright,0.3164057193170003,-0.5692873631244559,0.9922545355043636,-1.1886325776576996,-2.325103588087509,0.6324138180999068,1
462,2.19119918699187,Participant3_FV_FuUp,Endomorph,Normal,upright,0.3176170764291038,-0.209870119748892,0.8213027254064487,-1.1753200888633728,-1.9217406391174296,0.6321198132672239,1
463,2.1959420423749694,Participant3_FV_FuUp,Endomorph,Normal,upright,0.3125192820462075,-0.373235904688358,1.1276784242999995,-1.1466714441776276,-1.4553271066182767,0.6248004679946086,1
464,2.2006848977580686,Participant3_FV_FuUp,Endomorph,Normal,upright,0.3103812599025579,-0.430473026180787,1.2415498731180816,-1.1693035960197449,-0.924651582133387,0.6312707910952983,1
465,2.205427753141168,Participant3_FV_FuUp,Endomorph,Normal,upright,0.3105538901994986,-0.8131311280720175,0.8451463297427286,-1.2203212976455688,-2.229716891163293,0.6371005107233465,1
466,2.210170608524267,Participant3_FV_FuUp,Endomorph,Normal,upright,0.3107292607345422,-0.8456737020976565,1.6451809483338575,-1.248807966709137,-0.7936451122265117,0.6400795999236532,1
467,2.2149134639073664,Participant3_FV_FuUp,Endomorph,Normal,upright,0.3088401284865276,-0.6686108328619497,1.422306596993585,-1.2016038000583649,-0.8768825991398413,0.6404901827949102,1
468,2.2196563192904657,Participant3_FV_FuUp,Endomorph,Normal,upright,0.3156307476224093,-1.0798238290207407,1.023941984140704,-1.178269445896149,-1.9378330622988391,0.6334068602656098,1
469,2.224399174673565,Participant3_FV_FuUp,Endomorph,Normal,upright,0.3096640606589117,-0.5203014526313151,1.4114866367772485,-1.2418144047260284,-0.3607224746542052,0.6327085005453329,1
470,2.229142030056664,Participant3_FV_FuUp,Endomorph,Normal,upright,0.3083181389746245,-0.4737119679346012,1.0446573233416427,-1.2472805082798004,-0.7239363719504918,0.6296245478199732,1
471,2.2338848854397635,Participant3_FV_FuUp,Endomorph,Normal,upright,0.3130466898742522,-0.7105997192033484,1.162197470969205,-1.1934541165828705,-0.7159078094146303,0.6316022845202629,1
472,2.2386277408228628,Participant3_FV_FuUp,Endomorph,Normal,upright,0.31228349670572,-1.1983840722533654,1.483484365796771,-1.2252980172634125,-2.4267700883724785,0.6319609615403141,1
473,2.243370596205962,Participant3_FV_FuUp,Endomorph,Normal,upright,0.3110803614280711,-0.7777154239716292,1.127875445113264,-1.2006805539131165,-0.6257792146581156,0.6255878430083485,1
474,2.2481134515890613,Participant3_FV_FuUp,Endomorph,Normal,upright,0.3113985500314151,-0.6855373809373458,1.022126855971921,-1.1586942076683044,-1.0494503507013009,0.6283232596234571,1
475,2.2528563069721605,Participant3_FV_FuUp,Endomorph,Normal,upright,0.3069026333787427,-0.7516365828777135,1.2511931853036848,-1.168235808610916,-0.0634250180228225,0.6347605202079315,1
476,2.25759916235526,Participant3_FV_FuUp,Endomorph,Normal,upright,0.3121356329467216,-0.9374539247943732,1.6244909281235422,-1.2088903188705444,-1.8465763557202477,0.6378537638403512,1
477,2.262342017738359,Participant3_FV_FuUp,Endomorph,Normal,upright,0.3112840236836031,-0.7124147780317029,1.4052813794472945,-1.2041909098625183,-1.5267869952609845,0.6304725800071064,1
478,2.2670848731214583,Participant3_FV_FuUp,Endomorph,Normal,upright,0.3132132741725011,-0.9326362106174648,1.3760073853027566,-1.2118724882602692,-1.5392273085466142,0.6349854059805706,1
479,2.2718277285045576,Participant3_FV_FuUp,Endomorph,Normal,upright,0.3081974792131439,-0.7817756003120405,1.3628538163666892,-1.1431886851787567,-1.7058022211658812,0.6305168979446137,1
480,2.276570583887657,Participant3_FV_FuUp,Endomorph,Normal,upright,0.3106418707657147,-0.753666187420513,1.2387961944081558,-1.1643477082252502,-2.025807979694188,0.6323624450292665,1
481,2.2813134392707566,Participant3_FV_FuUp,Endomorph,Normal,upright,0.3113599810057085,-1.0454768558954048,1.1168294860219612,-1.1840654015541077,-2.423589822036245,0.6397813183139609,1
482,2.286056294653856,Participant3_FV_FuUp,Endomorph,Normal,upright,0.3110138123981344,-0.934878869865825,0.9418903217298004,-1.1725906133651731,-2.175186869791243,0.6297762676999674,1
483,2.290799150036955,Participant3_FV_FuUp,Endomorph,Normal,upright,0.308552042214925,-0.8482069115190245,1.3340207484147482,-1.1968524158000946,-1.7617650085136474,0.6326277866210546,1
484,2.2955420054200544,Participant3_FV_FuUp,Endomorph,Normal,upright,0.3077960148128888,-0.6908458393091882,0.7781889991052996,-1.2016548812389374,-1.83420302035663,0.6300109525617684,1
485,2.3002848608031536,Participant3_FV_FuUp,Endomorph,Normal,upright,0.3108529065897885,-1.15829213793575,1.0181086747909531,-1.1429163813591003,-2.3022874146332977,0.6343475979560366,1
486,2.305027716186253,Participant3_FV_FuUp,Endomorph,Normal,upright,0.3129342377776649,-0.6780649565570692,0.8306413802570566,-1.182638257741928,-1.8807289366326272,0.6287045856207232,1
487,2.309770571569352,Participant3_FV_FuUp,Endomorph,Normal,upright,0.3121992744535908,-0.8268922337215008,0.9298071440155826,-1.14725261926651,-2.137838465620379,0.6275146528583054,1
488,2.3145134269524514,Participant3_FV_FuUp,Endomorph,Normal,upright,0.3091831610776279,-0.8933156263974814,0.9336239116631,-1.165267139673233,-1.7609418308951847,0.6265980730795956,1
489,2.3192562823355507,Participant3_FV_FuUp,Endomorph,Normal,upright,0.312651063826924,-0.9230961481176286,1.3017990682314329,-1.154799461364746,-0.5503919602512973,0.6300928256137582,1
490,2.32399913771865,Participant3_FV_FuUp,Endomorph,Normal,upright,0.2982187985709585,-0.5890615165592632,1.048321585552142,-1.1806963980197906,-0.9177462560368598,0.6332856127906263,1
491,2.328741993101749,Participant3_FV_FuUp,Endomorph,Normal,upright,0.3020497978444984,-0.819109570015242,1.6041637305631875,-1.218620449304581,-1.1281840863347596,0.6304077979163437,1
492,2.3334848484848485,Participant3_FV_FuUp,Endomorph,Normal,upright,0.3081254472703854,-0.736414403969589,1.6076762693843831,-1.205370992422104,-1.246160844103687,0.6335366320603484,1
493,2.338227703867948,Participant3_FV_FuUp,Endomorph,Normal,upright,0.308132397684586,-0.588935859787607,1.607090011870263,-1.1894383430480957,-0.153399413561281,0.6266824557555852,1
494,2.342970559251047,Participant3_FV_FuUp,Endomorph,Normal,upright,0.3064666798720307,-0.654125938735862,1.5871705301368908,-1.1893314719200134,-0.8258540273376404,0.6306403884975796,1
495,2.3477134146341463,Participant3_FV_FuUp,Endomorph,Normal,upright,0.3017806046409481,-0.7298620417655616,0.6123591900879618,-1.1969008147716522,-1.9903365094844407,0.6280639718463998,1
496,2.3524562700172456,Participant3_FV_FuUp,Endomorph,Normal,upright,0.3028878690749646,-0.6047446237455224,0.2510989204948085,-1.1710673868656158,-1.2798074315192385,0.6255936100723584,1
497,2.357199125400345,Participant3_FV_FuUp,Endomorph,Normal,upright,0.3089689388847873,-0.5114639224062654,1.3572591286377187,-1.1835787892341614,0.3204492761430931,0.6294182978514683,1
498,2.361941980783444,Participant3_FV_FuUp,Endomorph,Normal,upright,0.3039400550480516,-0.9157295654222772,0.4123393878013225,-1.192935824394226,-2.6418555760979645,0.6325542271405143,1
499,2.366684836166544,Participant3_FV_FuUp,Endomorph,Normal,upright,0.3055595578471248,-0.5717800907176948,0.552297299818924,-1.203823804855347,-1.8252924135100212,0.632947878258284,1
500,2.3714276915496426,Participant3_FV_FuUp,Endomorph,Normal,upright,0.3046580595981261,-0.7659339384334279,0.6832106203215851,-1.1851788759231567,-2.6114873743928904,0.6375018154016735,1
501,2.376170546932742,Participant3_FV_FuUp,Endomorph,Normal,upright,0.3046677211618047,-1.1757204835415298,0.5762779508958017,-1.174800843000412,-2.3886844314008737,0.6333320150120929,1
502,2.3809134023158416,Participant3_FV_FuUp,Endomorph,Normal,upright,0.305749375652114,-0.8823906043747602,0.5769161942650434,-1.1748608946800232,-2.725118753643421,0.632172539675352,1
503,2.385656257698941,Participant3_FV_FuUp,Endomorph,Normal,upright,0.3064001858891156,-1.128270416824453,0.599329324310266,-1.162314087152481,-3.103775783969254,0.6315123845215024,1
504,2.39039911308204,Participant3_FV_FuUp,Endomorph,Normal,upright,0.307847307611692,-1.3477416653954175,0.6238278092197614,-1.194743037223816,-2.824177092574776,0.6294681154959205,1
505,2.3951419684651394,Participant3_FV_FuUp,Endomorph,Normal,upright,0.30841866099502,-1.330366826354051,0.3230138790463935,-1.1635538637638092,-2.377349529275228,0.6249873301961842,1
506,2.399884823848238,Participant3_FV_FuUp,Endomorph,Normal,upright,0.3056201600444556,-1.1440429590662828,0.5151986482033784,-1.158598393201828,-3.02837546943589,0.6330407038349857,1
507,2.404627679231338,Participant3_FV_FuUp,Endomorph,Normal,upright,0.31195475427217,-0.890217328610651,0.4609223833897502,-1.176867663860321,-1.3180917889874335,0.634755813436471,1
508,2.409370534614437,Participant3_FV_FuUp,Endomorph,Normal,upright,0.3081965619508467,-0.8180713842283216,0.7125674885838278,-1.1715297102928162,-1.6112857787447978,0.6348648177211637,1
509,2.4141133899975364,Participant3_FV_FuUp,Endomorph,Normal,upright,0.3129068591103268,-0.827829068136483,0.7061977555024627,-1.1717342138290403,-1.896418402902997,0.6374359866006303,1
510,2.418856245380636,Participant3_FV_FuUp,Endomorph,Normal,upright,0.3066365843309354,-1.271457328880622,0.5913968465566279,-1.1632136106491089,-3.1383795768436045,0.6322080494346299,1
511,2.423599100763735,Participant3_FV_FuUp,Endomorph,Normal,upright,0.3041350558513512,-1.167742330534099,0.8867191854699888,-1.16273033618927,-3.7922444279584826,0.6338416359213707,1
512,2.4283419561468342,Participant3_FV_FuUp,Endomorph,Normal,upright,0.3055519849404878,-1.0396965756917311,0.318291535070875,-1.1287876963615415,-3.3976827842035737,0.6264042685816072,1
513,2.433084811529933,Participant3_FV_FuUp,Endomorph,Normal,upright,0.304521058141484,-0.8274758071547486,0.9489544582067776,-1.2037779986858368,-2.743205375129093,0.628780820222902,1
514,2.4378276669130328,Participant3_FV_FuUp,Endomorph,Normal,upright,0.3079536266848908,-1.1818915761574569,0.5600345960429368,-1.1497858464717865,-4.332394258540378,0.6305920052290896,1
515,2.442570522296132,Participant3_FV_FuUp,Endomorph,Normal,upright,0.3052792279679409,-1.149239011310642,0.1968689487733516,-1.1495783030986786,-2.8412583797695468,0.6311239558835777,1
516,2.4473133776792317,Participant3_FV_FuUp,Endomorph,Normal,upright,0.3096180814893594,-0.6304977025923674,0.2250780652362188,-1.1305434107780457,-1.6395502838572584,0.6264640605936811,1
517,2.4520562330623306,Participant3_FV_FuUp,Endomorph,Normal,upright,0.3067220444038211,-0.7566892202587819,0.8184108433943013,-1.179213047027588,-1.804721643215753,0.6298497934326122,1
518,2.45679908844543,Participant3_FV_FuUp,Endomorph,Normal,upright,0.3104462501706957,-0.8920800391823785,1.1862547715037266,-1.1694821417331696,-1.200818183180404,0.6283081270815558,1
519,2.461541943828529,Participant3_FV_FuUp,Endomorph,Normal,upright,0.3111366034500499,-0.8961738861778716,1.1050814889589702,-1.1639359295368197,-1.9982869548207376,0.631897645136165,1
520,2.4662847992116284,Participant3_FV_FuUp,Endomorph,Normal,upright,0.3105423387585505,-0.717268335536837,-0.0525248749869835,-1.135326087474823,-1.2422265556238845,0.6232640361325704,1
521,2.471027654594728,Participant3_FV_FuUp,Endomorph,Normal,upright,0.3072459110626758,-1.2085802849477405,0.466390289434409,-1.1489591300487518,-2.8390252577149235,0.623244741702679,1
522,2.475770509977827,Participant3_FV_FuUp,Endomorph,Normal,upright,0.3074448139611829,-1.3950943033958914,0.534012320421242,-1.12349471449852,-3.7779362912908354,0.6242302287597493,1
523,2.480513365360926,Participant3_FV_FuUp,Endomorph,Normal,upright,0.3107118315257323,-1.1885203895855876,0.5597936086205761,-1.1289370954036713,-1.856906069516856,0.6286846824138631,1
524,2.485256220744026,Participant3_FV_FuUp,Endomorph,Normal,upright,0.3085869033120046,-1.1032133628123282,0.6061787382279659,-1.1235548555850985,-3.055971741006674,0.6274402614614665,1
525,2.489999076127125,Participant3_FV_FuUp,Endomorph,Normal,upright,0.310858618477719,-1.247358858973859,0.8518074973267706,-1.103436857461929,-3.066285008568838,0.6273645874551139,1
526,2.4947419315102244,Participant3_FV_FuUp,Endomorph,Normal,upright,0.3099885886521843,-1.3824627615807137,1.060676647841198,-1.1176237761974337,-2.789398400911649,0.6284898951740343,1
527,2.499484786893324,Participant3_FV_FuUp,Endomorph,Normal,upright,0.305031890358685,-0.8791014811053182,0.6677911688877617,-1.1251035332679749,-3.440040296720341,0.6296814661770461,1
528,2.504227642276423,Participant3_FV_FuUp,Endomorph,Normal,upright,0.308765284216623,-0.9503257617894012,0.5395487730990319,-1.1071165800094604,-1.3841730351473964,0.6219376472599429,1
529,2.508970497659522,Participant3_FV_FuUp,Endomorph,Normal,upright,0.3049688247931376,-1.353506410971657,0.5145147199263842,-1.1289608776569366,-1.734718849054236,0.6264722084903319,1
530,2.513713353042621,Participant3_FV_FuUp,Endomorph,Normal,upright,0.3123239113649574,-1.2244985738036702,0.8265719109702467,-1.095774471759796,-2.5340871505021987,0.6292153122646581,1
531,2.5184562084257207,Participant3_FV_FuUp,Endomorph,Normal,upright,0.3059867614574355,-0.91915848942573,0.6259045131682155,-1.1271308958530426,-2.3976826530146083,0.6288384823880205,1
532,2.52319906380882,Participant3_FV_FuUp,Endomorph,Normal,upright,0.3159501935761511,-1.214897160568116,0.9714043351518128,-1.0695143640041351,-2.6931204142828333,0.6258997943746388,1
533,2.5279419191919192,Participant3_FV_FuUp,Endomorph,Normal,upright,0.3105266083994227,-1.0839178270144258,0.7984974021886697,-1.119687557220459,-2.924997232964341,0.6269532545269042,1
534,2.5326847745750185,Participant3_FV_FuUp,Endomorph,Normal,upright,0.3080025789617388,-1.1347688074493845,1.160692556564841,-1.1160532534122467,-2.379828348932146,0.628748167538643,1
535,2.5374276299581178,Participant3_FV_FuUp,Endomorph,Normal,upright,0.3099423718098495,-1.2578964310790073,0.7752948302639475,-1.121573567390442,-2.7720460644133893,0.6291366921111479,1
536,2.542170485341217,Participant3_FV_FuUp,Endomorph,Normal,upright,0.3127744442017213,-1.5284917812732912,0.6753190850475969,-1.0895350873470306,-2.359769670256566,0.6327948290598294,1
537,2.5469133407243163,Participant3_FV_FuUp,Endomorph,Normal,upright,0.3050004507081417,-0.7323367172965257,0.9099880116967144,-1.1817597448825836,-2.941253387507483,0.6330394770651688,1
538,2.551656196107416,Participant3_FV_FuUp,Endomorph,Normal,upright,0.308705535399321,-0.6283226424511242,1.3590626214464758,-1.1557128727436066,-2.069077153481945,0.6321547161700257,1
539,2.556399051490515,Participant3_FV_FuUp,Endomorph,Normal,upright,0.3114302411341088,-0.991666998781964,1.367818654747225,-1.1159352958202362,-2.533325383380142,0.6304657615459348,1
540,2.561141906873614,Participant3_FV_FuUp,Endomorph,Normal,upright,0.3082352472798206,-0.7975346193446574,1.4328281998547028,-1.1193914413452148,-2.177690989662304,0.6325327195493452,1
541,2.5658847622567134,Participant3_FV_FuUp,Endomorph,Normal,upright,0.3094219077987509,-0.3768062668511323,0.7360778955758458,-1.1473965644836426,-1.6573037526074208,0.63034547541566,1
542,2.5706276176398126,Participant3_FV_FuUp,Endomorph,Normal,upright,0.311873368339092,-1.0527520647776736,1.117686840443114,-1.1363917291164398,-3.712704979502636,0.6362202012428317,1
543,2.575370473022912,Participant3_FV_FuUp,Endomorph,Normal,upright,0.3087908048580752,-0.9031263870738092,1.146034210930667,-1.1537451148033142,-3.244574891203086,0.636725696520153,1
544,2.580113328406011,Participant3_FV_FuUp,Endomorph,Normal,upright,0.3102386426503641,-1.4516663307130582,1.0813666501465669,-1.0996189415454865,-4.253765274077161,0.6318782820733811,1
545,2.584856183789111,Participant3_FV_FuUp,Endomorph,Normal,upright,0.3099104228188791,-1.4304392804097723,0.6532718091705728,-1.0956926047801971,-2.8285707302940346,0.6340374613621886,1
546,2.58959903917221,Participant3_FV_FuUp,Endomorph,Normal,upright,0.3081993443554119,-1.5310919145630526,0.9221701523937638,-1.1258058845996857,-4.284988643441615,0.630689846533194,1
547,2.5943418945553094,Participant3_FV_FuUp,Endomorph,Normal,upright,0.3060787007644416,-1.2874533574659357,0.9475467376118968,-1.157783418893814,-4.231361456036688,0.6333262836263399,1
548,2.5990847499384087,Participant3_FV_FuUp,Endomorph,Normal,upright,0.3052914852065558,-1.0957000265034142,0.7621368817110679,-1.1508398950099945,-4.306326118923851,0.6339926366526802,1
549,2.603827605321508,Participant3_FV_FuUp,Endomorph,Normal,upright,0.3049793857208625,-1.1709424026852542,1.0282557073248677,-1.1575252413749697,-3.8928097568645423,0.6294437496887638,1
550,2.608570460704607,Participant3_FV_FuUp,Endomorph,Normal,upright,0.3011815364336738,-0.99788554535938,1.1035527460086438,-1.168852299451828,-3.825036173597104,0.6287139794650801,1
551,2.6133133160877065,Participant3_FV_FuUp,Endomorph,Normal,upright,0.3057552921310797,-0.9195016855005864,0.8666639347775343,-1.1688660979270935,-3.428026427249756,0.6237604374470189,1
552,2.6180561714708057,Participant3_FV_FuUp,Endomorph,Normal,upright,0.3047132006095128,-1.0226820172660105,1.1980851933306793,-1.1462005376815796,-3.998543060523767,0.6288800042134663,1
553,2.622799026853905,Participant3_FV_FuUp,Endomorph,Normal,upright,0.3065419777076942,-0.8098317145544834,1.3340729600267782,-1.217638909816742,-2.1869072065472137,0.6268631225099401,1
554,2.627541882237004,Participant3_FV_FuUp,Endomorph,Normal,upright,0.3085343284699146,-1.0519895251658256,1.249446709205974,-1.1270827949047089,-2.9707228869182862,0.6332757356309721,1
555,2.6322847376201035,Participant3_FV_FuUp,Endomorph,Normal,upright,0.3103180362956186,-1.258698798804439,1.1632037919602676,-1.1044840812683103,-2.4743909517382034,0.6328546687627923,1
556,2.6370275930032028,Participant3_FV_FuUp,Endomorph,Normal,upright,0.309261757556234,-1.3507751217333308,1.0947521107781406,-1.1005896925926208,-2.3068843939767194,0.6329903677604048,1
557,2.641770448386302,Participant3_FV_FuUp,Endomorph,Normal,upright,0.3088037693845774,-1.334146748761546,0.8586700315175158,-1.1084104180336,-3.165963925745046,0.6290690650692871,1
558,2.6465133037694013,Participant3_FV_FuUp,Endomorph,Normal,upright,0.3066112751192092,-1.1372256310706603,1.0407520761939442,-1.12372824549675,-3.898904132531391,0.6285732809317474,1
559,2.651256159152501,Participant3_FV_FuUp,Endomorph,Normal,upright,0.3076742684603666,-1.411959409967241,0.8161631461263783,-1.0956048667430878,-2.6754243547206467,0.6296999902650323,1
560,2.6559990145356,Participant3_FV_FuUp,Endomorph,Normal,upright,0.3105459201730419,-1.5858852084279855,0.6239248585886007,-1.1159096658229828,-3.239217997941416,0.6328622375169987,1
561,2.660741869918699,Participant3_FV_FuUp,Endomorph,Normal,upright,0.305143279869611,-0.9354705836152916,1.310279297566903,-1.135883092880249,-3.5652746657250005,0.6317108322216798,1
562,2.6654847253017984,Participant3_FV_FuUp,Endomorph,Normal,upright,0.3039682723992424,-1.0115682119164338,1.6428785658266674,-1.155190408229828,-2.34221139654418,0.6299544959650895,1
563,2.6702275806848976,Participant3_FV_FuUp,Endomorph,Normal,upright,0.3042597195642676,-1.0174731343688284,1.5320644265083545,-1.1461361050605774,-2.7458941114158133,0.625738369326945,1
564,2.674970436067997,Participant3_FV_FuUp,Endomorph,Normal,upright,0.3076036461061849,-0.9525560121765309,1.007526046946884,-1.1150705218315125,-2.7628490039546505,0.6335430680878503,1
565,2.679713291451096,Participant3_FV_FuUp,Endomorph,Normal,upright,0.3048308410878252,-1.0631406871722755,1.3984985354647028,-1.172461748123169,-2.521509256047327,0.633679040339515,1
566,2.684456146834196,Participant3_FV_FuUp,Endomorph,Normal,upright,0.3047186785844114,-1.022628296634473,1.0928308218434772,-1.1222350895404816,-3.960524506196477,0.6283386078770652,1
567,2.689199002217295,Participant3_FV_FuUp,Endomorph,Normal,upright,0.3041569544974077,-1.238079124281828,1.1147605578901851,-1.117855429649353,-4.1576797625600745,0.6306288843280589,1
568,2.6939418576003944,Participant3_FV_FuUp,Endomorph,Normal,upright,0.3032452268193212,-1.3230422836778497,1.0960651606981562,-1.1458311676979065,-4.452719752715208,0.6288959015749341,1
569,2.6986847129834937,Participant3_FV_FuUp,Endomorph,Normal,upright,0.304182597882243,-1.3225485958648904,1.3449770838362294,-1.163959413766861,-4.309956870947383,0.6269432936022973,1
570,2.703427568366593,Participant3_FV_FuUp,Endomorph,Normal,upright,0.3049377553677521,-1.0051702264943252,1.149662821018211,-1.1612538397312164,-2.5569194092563032,0.6291254603391364,1
571,2.708170423749692,Participant3_FV_FuUp,Endomorph,Normal,upright,0.3075003439902878,-0.9989627412978372,1.5224487064303298,-1.1686706840991974,-2.6868347207982484,0.6314378164350457,1
572,2.7129132791327915,Participant3_FV_FuUp,Endomorph,Normal,upright,0.3086827182648933,-1.045163267847704,1.2660503566067167,-1.1652439832687378,-1.3306843710329803,0.6316210043899076,1
573,2.7176561345158907,Participant3_FV_FuUp,Endomorph,Normal,upright,0.3051205098984236,-0.7983891500357374,0.9494095590902978,-1.155172437429428,-2.8934493049477967,0.6300634291879637,1
574,2.72239898989899,Participant3_FV_FuUp,Endomorph,Normal,upright,0.3067533544865845,-0.4724076766877226,1.0051516054284135,-1.1417953372001648,-3.553780619456644,0.6318978279039674,1
575,2.727141845282089,Participant3_FV_FuUp,Endomorph,Normal,upright,0.3024250919725028,-0.7265765788746279,1.2440351596605117,-1.1734129786491394,-3.4877767321755604,0.6301893654586633,1
576,2.7318847006651885,Participant3_FV_FuUp,Endomorph,Normal,upright,0.3076028983471437,-1.0899021011855552,1.682065935172489,-1.1511402428150177,-2.497220548231573,0.6298254567841727,1
577,2.736627556048288,Participant3_FV_FuUp,Endomorph,Normal,upright,0.3120033739153134,-0.8206380924103419,1.504286404033001,-1.1897540986537931,-1.9844309273965413,0.6311230696428245,1
578,2.741370411431387,Participant3_FV_FuUp,Endomorph,Normal,upright,0.3016535994037767,-0.7008144037086506,1.6949453448879537,-1.2280197143554688,-2.3965265981763264,0.6311520098787146,1
579,2.7461132668144863,Participant3_FV_FuUp,Endomorph,Normal,upright,0.3056054737706625,-0.9166279763910464,1.3806729155757238,-1.1747975051403046,-2.7623873534523344,0.6319976369297631,1
580,2.7508561221975856,Participant3_FV_FuUp,Endomorph,Normal,upright,0.3065580056537533,-0.4605989606733244,1.1511185617233366,-1.187896877527237,-3.80305931974083,0.6255057807893772,1
581,2.755598977580685,Participant3_FV_FuUp,Endomorph,Normal,upright,0.303023831270058,-0.5001108464362467,1.392963479636354,-1.2122224867343905,-2.9424583682987127,0.628560228230301,1
582,2.760341832963784,Participant3_FV_FuUp,Endomorph,Normal,upright,0.3056122446561349,-0.9234995767545152,1.541805464376245,-1.215344876050949,-3.2573036063834198,0.6326133982994457,1
583,2.765084688346884,Participant3_FV_FuUp,Endomorph,Normal,upright,0.3142481597876721,-0.6431465113036895,0.6512687540248911,-1.170314371585846,-2.27796663198148,0.6256773661386573,1
584,2.769827543729982,Participant3_FV_FuUp,Endomorph,Normal,upright,0.3098860933193825,-0.5414487372808511,0.9095534274653844,-1.1678785681724548,-2.1778739371403777,0.6246428750477222,1
585,2.774570399113082,Participant3_FV_FuUp,Endomorph,Normal,upright,0.3063719918834826,-0.5657169673873723,1.2531543671035312,-1.185843050479889,-4.21117635113372,0.6252187368242411,1
586,2.779313254496181,Participant3_FV_FuUp,Endomorph,Normal,upright,0.309092483249161,-0.2825965158400676,0.8877201369490542,-1.2164062559604645,-3.3003207884324506,0.6225459302914433,1
587,2.7840561098792804,Participant3_FV_FuUp,Endomorph,Normal,upright,0.310188719809585,-0.4372920188115538,2.041241763969782,-1.219410389661789,-3.0879779154774027,0.6260583051887166,1
588,2.78879896526238,Participant3_FV_FuUp,Endomorph,Normal,upright,0.3087476435102174,-0.7986709432699934,1.4058014437164088,-1.1692148447036743,-1.7525100363742327,0.6288875671113712,1
589,2.7935418206454794,Participant3_FV_FuUp,Endomorph,Normal,upright,0.309192058616926,-0.9741652220081318,1.1627417425071749,-1.2129853069782257,-2.3666552127304867,0.6327324707918512,1
590,2.7982846760285787,Participant3_FV_FuUp,Endomorph,Normal,upright,0.3122642173936663,-0.8188502766874428,1.974979598957777,-1.2288648784160614,-3.7173240425931495,0.6347114135734876,1
591,2.803027531411678,Participant3_FV_FuUp,Endomorph,Normal,upright,0.3071027128293397,-0.8491320378144251,0.902302565393202,-1.1672150790691376,-3.864602863636235,0.6344081069321171,1
592,2.807770386794777,Participant3_FV_FuUp,Endomorph,Normal,upright,0.3063037972659109,-0.7896525349618705,1.1663055346314255,-1.179731845855713,-4.4939970204936825,0.6281461628415625,1
593,2.8125132421778765,Participant3_FV_FuUp,Endomorph,Normal,upright,0.3033785103659598,-0.6451338820611082,0.9189043546295844,-1.1994067132472992,-4.2218259303133365,0.6240358749389601,1
594,2.817256097560976,Participant3_FV_FuUp,Endomorph,Normal,upright,0.3154096798255408,-0.3330377566187067,1.107145559523263,-1.1316596567630768,-2.359716167453987,0.6262793242949511,1
595,2.821998952944075,Participant3_FV_FuUp,Endomorph,Normal,upright,0.3137569540112152,-0.5890727158796231,0.8868545682897383,-1.1662008166313171,-2.3447792479627765,0.6229308161254644,1
596,2.8267418083271743,Participant3_FV_FuUp,Endomorph,Normal,upright,0.3127559555549776,-0.682679776370146,1.042831996361463,-1.1668020486831665,-3.043412426378949,0.630092762380496,1
597,2.831484663710273,Participant3_FV_FuUp,Endomorph,Normal,upright,0.3156859540018906,-0.548045734905076,1.065039143795612,-1.1683831810951233,-2.644691437557229,0.6321295294495665,1
598,2.836227519093373,Participant3_FV_FuUp,Endomorph,Normal,upright,0.3120940710553165,-0.6231745705085626,1.3246400001656604,-1.173728108406067,-2.4414069154160054,0.6286631433118526,1
599,2.840970374476472,Participant3_FV_FuUp,Endomorph,Normal,upright,0.3121050993277857,-0.3761237715554518,1.3936753412421388,-1.1549786925315857,-2.090627266805009,0.6263228603485409,1
600,2.8457132298595718,Participant3_FV_FuUp,Endomorph,Normal,upright,0.3107784413710027,-0.4588489038023088,1.1862937437706016,-1.1591946184635162,-3.1094441124024463,0.6264847247805578,1
601,2.8504560852426706,Participant3_FV_FuUp,Endomorph,Normal,upright,0.3100759991764087,-0.5547135065639316,1.046417439242716,-1.1505235731601715,-2.8385010325784443,0.6250978412403323,1
602,2.85519894062577,Participant3_FV_FuUp,Endomorph,Normal,upright,0.313714164978208,-0.3047999947546634,0.9179014672596986,-1.1589148342609406,-2.232473902557937,0.621016825851958,1
603,2.859941796008869,Participant3_FV_FuUp,Endomorph,Normal,upright,0.3067442345154935,-0.8159268151641351,1.0186191503331798,-1.209840714931488,-4.148712971579324,0.6289698460642615,1
604,2.8646846513919684,Participant3_FV_FuUp,Endomorph,Normal,upright,0.3069924016919795,-0.471944469565051,0.9372580982651189,-1.1711477637290957,-3.943935205799181,0.6322502698276067,1
605,2.869427506775068,Participant3_FV_FuUp,Endomorph,Normal,upright,0.3189435819284151,-0.3702211174426466,1.0493949998112826,-1.1738745868206024,-0.8532237106984533,0.6251284149201173,1
606,2.874170362158167,Participant3_FV_FuUp,Endomorph,Normal,upright,0.3182343790753273,-0.5954635188556312,0.8774836577122946,-1.1727809011936188,-1.9947454763692156,0.6201225138041775,1
607,2.878913217541266,Participant3_FV_FuUp,Endomorph,Normal,upright,0.3147767557780224,-0.6400152451856413,1.075218748604865,-1.188833087682724,-1.7879218542464654,0.6270041336423484,1
608,2.883656072924365,Participant3_FV_FuUp,Endomorph,Normal,upright,0.3046905151037565,-1.0398434889365986,0.8111508642332769,-1.1750156581401825,-1.2707242245332708,0.6200622429720181,1
609,2.888398928307465,Participant3_FV_FuUp,Endomorph,Normal,upright,0.318610188621873,-0.6633115557535385,0.8514390257987016,-1.1406432390213013,-1.577140700318085,0.6176702341421193,1
610,2.8931417836905644,Participant3_FV_FuUp,Endomorph,Normal,upright,0.3172729880573532,-0.8085174360902704,1.292543833433201,-1.1577609181404114,-0.419910905413918,0.6238058504487279,1
611,2.897884639073664,Participant3_FV_FuUp,Endomorph,Normal,upright,0.314930915314239,-0.7970190160299533,1.282384567708469,-1.1371788382530212,-0.5785154646303625,0.6196841823000747,1
612,2.902627494456763,Participant3_FV_FuUp,Endomorph,Normal,upright,0.3202024344913029,-0.5356884597382521,1.3891487772621665,-1.1356717944145205,-0.853114324947977,0.6196035348724276,1
613,2.907370349839862,Participant3_FV_FuUp,Endomorph,Normal,upright,0.3148991108975555,-0.6232288765003645,1.244930425691894,-1.1483233273029327,-0.8503178013465051,0.6188762630060163,1
614,2.912113205222961,Participant3_FV_FuUp,Endomorph,Normal,upright,0.3139271050536965,-0.6712909088012637,1.3716304190142083,-1.143994301557541,-0.6186879936769633,0.615126062225463,1
615,2.9168560606060607,Participant3_FV_FuUp,Endomorph,Normal,upright,0.3202062335148064,-0.8920029808656339,1.4830227796472444,-1.138762652873993,-1.6586192335425407,0.6204254576725982,1
616,2.92159891598916,Participant3_FV_FuUp,Endomorph,Normal,upright,0.3181958837678763,-0.8085046773041135,1.219977715498742,-1.1570900678634644,-2.449873920338074,0.6134243978080661,1
617,2.9263417713722597,Participant3_FV_FuUp,Endomorph,Normal,upright,0.3171521253864693,-0.9664801307585488,1.1934824148781142,-1.1785227358341217,-2.47616600448488,0.6212113631673826,1
618,2.9310846267553585,Participant3_FV_FuUp,Endomorph,Normal,upright,0.3157917132888978,-0.9303667556428966,1.0372529129043917,-1.1829489767551422,-1.1331855635997676,0.6210027948862933,1
619,2.935827482138458,Participant3_FV_FuUp,Endomorph,Normal,upright,0.309271477629996,-0.8367049446534074,1.0825857234762712,-1.1621198952198029,-1.300764930463759,0.6222578970003498,1
620,2.940570337521557,Participant3_FV_FuUp,Endomorph,Normal,upright,0.3167090241170345,-0.4243930764278934,1.2544257904584128,-1.1305009126663208,-0.1337667902544936,0.6209852575587305,1
621,2.9453131929046563,Participant3_FV_FuUp,Endomorph,Normal,upright,0.3088937391706308,-0.823337688861027,1.3770688399832438,-1.1581623256206512,-1.727573735458259,0.6221225338306294,1
622,2.950056048287756,Participant3_FV_FuUp,Endomorph,Normal,upright,0.3187331461241597,-0.7641861641539663,1.4714923907626274,-1.1714725494384766,-0.7501619339862118,0.6225761788190113,1
623,2.954798903670855,Participant3_FV_FuUp,Endomorph,Normal,upright,0.3132180494485289,-0.756532835194051,0.8569837190847892,-1.2300549447536469,-1.1824720210144208,0.6234929772801279,1
624,2.959541759053954,Participant3_FV_FuUp,Endomorph,Normal,upright,0.3103662374536451,-0.9881484474215118,0.735346008037069,-1.1873867809772491,-0.895800527931787,0.6260468670516599,1
625,2.9642846144370534,Participant3_FV_FuUp,Endomorph,Normal,upright,0.3050375704766361,-1.0484503939767449,0.575259059515496,-1.1660484671592712,-1.3918410588389487,0.6245886310781139,1
626,2.9690274698201526,Participant3_FV_FuUp,Endomorph,Normal,upright,0.3098243841417142,-0.9842777135958984,0.5063718035525654,-1.1554740965366364,-1.1178393652526504,0.6190082357653613,1
627,2.973770325203252,Participant3_FV_FuUp,Endomorph,Normal,upright,0.3057606774218906,-0.908095604154064,0.6882317564070509,-1.15779247879982,-0.308385943993348,0.617713071334623,1
628,2.978513180586351,Participant3_FV_FuUp,Endomorph,Normal,upright,0.3131933328272174,-0.8298092111668037,0.9617869742506991,-1.1154413223266602,-0.9849517625064284,0.6261444218132853,1
629,2.9832560359694504,Participant3_FV_FuUp,Endomorph,Normal,upright,0.3151848473141195,-0.5926908436179074,1.353879098363105,-1.1177873611450195,-0.5151020643130028,0.6214330683207112,1
630,2.9879988913525497,Participant3_FV_FuUp,Endomorph,Normal,upright,0.3172193396199741,-0.3416134136014042,0.5658276013414819,-1.1223202347755432,0.3901762195266633,0.6223542444946244,1
631,2.9927417467356494,Participant3_FV_FuUp,Endomorph,Normal,upright,0.3103728738378039,-0.3425426219545062,1.090864337048398,-1.066114604473114,-0.9888631443528184,0.621204391398267,1
632,2.9974846021187487,Participant3_FV_FuUp,Endomorph,Normal,upright,0.3226231249192117,-0.4870608197660117,0.9689857630597848,-1.0458248853683472,-0.7636785471096397,0.6163304813544448,1
633,3.002227457501848,Participant3_FV_FuUp,Endomorph,Normal,upright,0.309971360413439,-0.3357327546621463,1.1780686410052832,-1.104182094335556,-0.6785159021163208,0.6250564773175229,1
634,3.006970312884947,Participant3_FV_FuUp,Endomorph,Normal,upright,0.3113493945364785,-0.8942865826587755,1.013094176771269,-1.100890964269638,-2.0730077041419968,0.6189596883454132,1
635,3.0117131682680465,Participant3_FV_FuUp,Endomorph,Normal,upright,0.3183507249082375,-0.7369992504615261,1.1563029908008224,-1.1020270884037018,-2.355074237134797,0.6219774050348655,1
636,3.0164560236511457,Participant3_FV_FuUp,Endomorph,Normal,upright,0.3132333858741732,-0.9843073676844812,1.5477682282950034,-1.1103128790855408,-2.433354878781285,0.6239235185528234,1
637,3.021198879034245,Participant3_FV_FuUp,Endomorph,Normal,upright,0.319536449545687,-0.78345560785693,1.4181998757681271,-1.1400979459285736,-1.9515829199281247,0.6219854083047527,1
638,3.0259417344173443,Participant3_FV_FuUp,Endomorph,Normal,upright,0.3168598159534496,-0.698716764477881,1.316545694717403,-1.1313071250915527,-1.2992734313552758,0.6168094856531103,1
639,3.0306845898004435,Participant3_FV_FuUp,Endomorph,Normal,upright,0.3132307053412344,-0.6851798640421384,1.5386780307038983,-1.16971617937088,-1.3687610377573425,0.624090414039331,1
640,3.035427445183543,Participant3_FV_FuUp,Endomorph,Normal,upright,0.3046012354795305,-1.0370156837014075,1.5574138405726463,-1.1179995238780975,-2.0124544744475696,0.6250726072147111,1
641,3.040170300566642,Participant3_FV_FuUp,Endomorph,Normal,upright,0.3047451574816874,-0.9031966912624724,0.5810183486027193,-1.1760186553001404,-1.062057777821002,0.6200536487772551,1
642,3.0449131559497413,Participant3_FV_FuUp,Endomorph,Normal,upright,0.3124899923717222,-0.864656981781136,0.999005452423098,-1.1000520884990692,-1.7293320722156371,0.6266756475314611,1
643,3.0496560113328406,Participant3_FV_FuUp,Endomorph,Normal,upright,0.3108541664268397,-0.7405971550288475,1.0434254419697089,-1.180623024702072,-1.902570551909133,0.6287689947578512,1
644,3.05439886671594,Participant3_FV_FuUp,Endomorph,Normal,upright,0.3189818235549136,-0.784160504117018,1.4551752616963411,-1.1485117077827454,-1.5287639388598384,0.6276368904190275,1
645,3.059141722099039,Participant3_FV_FuUp,Endomorph,Normal,upright,0.3104230891268252,-0.6777551903613713,0.8418635950928537,-1.161781281232834,-1.3328718770805437,0.6243460084465358,1
646,3.0638845774821384,Participant3_FV_FuUp,Endomorph,Normal,upright,0.3135777731404999,-0.9697180346501224,1.0538553868065574,-1.1202683448791504,-2.869637925825682,0.6216026611911712,1
647,3.0686274328652376,Participant3_FV_FuUp,Endomorph,Normal,upright,0.3166815059348964,-0.8659671734514202,1.3116851427255336,-1.1551499366760254,-2.6176991847715443,0.6235032530133292,1
648,3.073370288248337,Participant3_FV_FuUp,Endomorph,Normal,upright,0.3140884536481802,-0.7424199845559318,1.4040001424304822,-1.087437242269516,-2.2183969292299563,0.6258774703670463,1
649,3.078113143631436,Participant3_FV_FuUp,Endomorph,Normal,upright,0.3158865826675823,-0.8551916971279184,1.5009216601578423,-1.1530404686927795,-3.3019895653382725,0.6180165082877195,1
650,3.0828559990145354,Participant3_FV_FuUp,Endomorph,Normal,upright,0.3169226786968666,-0.8009318985060067,1.629152073621929,-1.1830906867980957,-3.939437420874041,0.6152071917173803,1
651,3.0875988543976347,Participant3_FV_FuUp,Endomorph,Normal,upright,0.3151009568131792,-0.808220538477977,1.496748818024425,-1.1290104389190674,-3.262109850010121,0.6202235073110441,1
652,3.0923417097807344,Participant3_FV_FuUp,Endomorph,Normal,upright,0.3208582807097303,-0.5698598814186285,0.942767725879998,-1.097215473651886,-1.880968837689492,0.6220878489615838,1
653,3.0970845651638337,Participant3_FV_FuUp,Endomorph,Normal,upright,0.3095782537466687,-0.5813784130150298,1.4033132212916926,-1.0217028856277466,-2.7087620257065943,0.6257998346139337,1
654,3.101827420546933,Participant3_FV_FuUp,Endomorph,Normal,upright,0.3143923859098378,-0.4822205450911919,0.4757950692579883,-0.9952594935894012,-3.5330551671789423,0.6330407353362822,1
655,3.106570275930032,Participant3_FV_FuUp,Endomorph,Normal,upright,0.3152332196311398,-0.8522483023814088,1.0442123752399028,-1.019101470708847,-2.7533849398571792,0.6355588777473618,1
656,3.1113131313131315,Participant3_FV_FuUp,Endomorph,Normal,upright,0.3168693182410799,-0.8699845039415655,0.356007961643733,-0.9513494074344636,-2.915628664460861,0.6301517916666781,1
657,3.1160559866962307,Participant3_FV_FuUp,Endomorph,Normal,upright,0.309904747651643,-0.6146068442968654,1.4993425596146273,-1.0487312078475952,-2.1155990138583256,0.6284969240602031,1
658,3.12079884207933,Participant3_FV_FuUp,Endomorph,Normal,upright,0.3091854501516048,-0.7428674041672572,1.3023197790574244,-1.1428736746311188,-2.998999306772561,0.6243649983334016,1
659,3.1255416974624293,Participant3_FV_FuUp,Endomorph,Normal,upright,0.3086872063481551,-1.1004689559078578,1.3217111358678917,-1.1242367029190063,-2.824965216252101,0.6264227002219609,1
660,3.1302845528455285,Participant3_FV_FuUp,Endomorph,Normal,upright,0.304024976445137,-0.5783522546280108,0.8578791902181446,-1.09154212474823,-1.912833211968519,0.628832040889985,1
661,3.135027408228628,Participant3_FV_FuUp,Endomorph,Normal,upright,0.3142688563219452,-0.4047010218090423,1.4390482022534463,-0.9811104834079742,-1.332016044021436,0.624602222778925,1
662,3.139770263611727,Participant3_FV_FuUp,Endomorph,Normal,upright,0.3105061862759989,-1.1206523532982162,1.11871808720017,-1.0975359678268433,-2.834887124976421,0.6286611787759105,1
663,3.1445131189948263,Participant3_FV_FuUp,Endomorph,Normal,upright,0.3068785240851587,-0.6979022336834046,0.8121661758810206,-1.01118603348732,-3.2059750447350512,0.6261516693793326,1
664,3.1492559743779256,Participant3_FV_FuUp,Endomorph,Normal,upright,0.3042683629935649,-0.7789697780443499,0.7982316215026485,-1.0411370992660522,-1.962057680251389,0.6233967896208188,1
665,3.153998829761025,Participant3_FV_FuUp,Endomorph,Normal,upright,0.3115467302691862,-0.8096857160063995,0.8787799492169347,-1.103415697813034,-2.4561511216513483,0.6329951526231561,1
666,3.158741685144124,Participant3_FV_FuUp,Endomorph,Normal,upright,0.3096100712555374,-1.2998316580189486,0.922960433854686,-1.0569381415843964,-2.4751575275517226,0.6255908482522363,1
667,3.1634845405272234,Participant3_FV_FuUp,Endomorph,Normal,upright,0.3092391712462403,-1.3436714000653396,0.8829971392242103,-1.0754283368587494,-2.1588815546749545,0.6220358093013669,1
668,3.1682273959103227,Participant3_FV_FuUp,Endomorph,Normal,upright,0.3131777531392176,-0.8389286920085769,1.315115244852255,-1.0640475153923037,-2.7644645812393165,0.6249889124521878,1
669,3.172970251293422,Participant3_FV_FuUp,Endomorph,Normal,upright,0.3122124323696096,-0.8866471780329945,1.1778275429320175,-1.087120085954666,-2.6783179156661454,0.6274969886948338,1
670,3.177713106676521,Participant3_FV_FuUp,Endomorph,Normal,upright,0.3063682732352769,-0.7700508525781543,1.2700157194836663,-1.0585862398147583,-3.7991102626732607,0.6283548234976373,1
671,3.1824559620596204,Participant3_FV_FuUp,Endomorph,Normal,upright,0.3088832441319204,-0.944927547099366,0.9100647973477244,-1.0685052871704102,-4.680511657719714,0.6267842677618528,1
672,3.18719881744272,Participant3_FV_FuUp,Endomorph,Normal,upright,0.3063118597616623,-1.0882685144388689,1.2847531154445049,-1.0024120807647705,-4.133340242205918,0.6247578065720901,1
673,3.1919416728258194,Participant3_FV_FuUp,Endomorph,Normal,upright,0.3140420342367366,-0.974463296797206,1.7041359685152204,-1.0630555152893066,-2.063849175218054,0.6263285120186367,1
674,3.1966845282089187,Participant3_FV_FuUp,Endomorph,Normal,upright,0.3087422913901834,-0.8987060060651919,1.0311477603219923,-1.0429500937461853,-3.626615761753969,0.624519759059123,1
675,3.201427383592018,Participant3_FV_FuUp,Endomorph,Normal,upright,0.3095977241750846,-1.0821627722974283,0.7698903690841016,-1.0341399013996124,-2.6221699799966087,0.6230023956655617,1
676,3.206170238975117,Participant3_FV_FuUp,Endomorph,Normal,upright,0.310627557182337,-0.8369093312193824,0.8623327681888373,-1.0284990668296814,-3.30594989485932,0.6222324457177136,1
677,3.2109130943582165,Participant3_FV_FuUp,Endomorph,Normal,upright,0.3080285483158129,-0.5330758326961144,1.156113516629489,-1.0290235579013824,-2.4751429290375344,0.6306866983128421,1
678,3.215655949741316,Participant3_FV_FuUp,Endomorph,Normal,upright,0.3139962002536184,-0.7999203134859076,1.1222255391917666,-1.0406423211097715,-2.259637889985026,0.6270941990826658,1
679,3.220398805124415,Participant3_FV_FuUp,Endomorph,Normal,upright,0.317529033446877,-0.9304429086329348,1.028770042323876,-1.0088424682617188,-2.6845406371974154,0.6181733603558279,1
680,3.2251416605075143,Participant3_FV_FuUp,Endomorph,Normal,upright,0.3203756474119955,-0.6455420126491869,0.6294181215513578,-1.0051669478416445,-0.2486693049119444,0.6209538414273914,1
681,3.229884515890613,Participant3_FV_FuUp,Endomorph,Normal,upright,0.3110720624761367,-1.1742687267414855,0.5944819681890124,-0.9891188442707062,-2.019123853539837,0.6351794006732783,1
682,3.234627371273713,Participant3_FV_FuUp,Endomorph,Normal,upright,0.3129473391562122,-1.0591213929820795,0.4939940068785632,-1.0573279857635498,-2.0022069474996025,0.6320172583968585,1
683,3.239370226656812,Participant3_FV_FuUp,Endomorph,Normal,upright,0.3208926237260606,-0.8812545647715795,1.0133634517490508,-0.9911640882492064,-2.4696262791434567,0.627879619115591,1
684,3.2441130820399118,Participant3_FV_FuUp,Endomorph,Normal,upright,0.3175855495777336,-0.6686337421970252,0.1481461979423042,-0.9850627183914183,-0.5410611228925436,0.6234238860795766,1
685,3.2488559374230106,Participant3_FV_FuUp,Endomorph,Normal,upright,0.3219454717691287,-0.7554608818215712,0.6102125276546408,-1.0209459066390991,-2.726134459928635,0.628075537389457,1
686,3.25359879280611,Participant3_FV_FuUp,Endomorph,Normal,upright,0.3212051809460677,-0.6529061673723041,0.4939634275456261,-1.0530405938625336,-1.4175076354240763,0.6300400670243907,1
687,3.258341648189209,Participant3_FV_FuUp,Endomorph,Normal,upright,0.3207818710310948,-0.950962314829929,0.6549443668926187,-1.0078155994415283,-2.1910222049194488,0.6302196567036465,1
688,3.2630845035723084,Participant3_FV_FuUp,Endomorph,Normal,upright,0.310062395856356,-1.2080792528752782,0.8597897822555659,-1.017766147851944,-1.5753454519249306,0.6272349419947016,1
689,3.267827358955408,Participant3_FV_FuUp,Endomorph,Normal,upright,0.3225581052733008,-1.1117538341402564,0.9845767671940414,-1.005553275346756,-2.806600986708462,0.6303193100751994,1
690,3.272570214338507,Participant3_FV_FuUp,Endomorph,Normal,upright,0.3237351300725349,-0.7293553007231718,0.5840438645647226,-1.0700514912605286,-1.3341694111717417,0.6243797375428682,1
691,3.277313069721606,Participant3_FV_FuUp,Endomorph,Normal,upright,0.3262639726589744,-1.2016393640357728,0.9186991550518052,-1.0182424187660215,-1.5116993280536493,0.6242151315261796,1
692,3.282055925104705,Participant3_FV_FuUp,Endomorph,Normal,upright,0.3246174559465244,-1.1165365623088137,0.6621858435616612,-1.029616296291351,-1.891507516995884,0.6214285526823641,1
693,3.2867987804878047,Participant3_FV_FuUp,Endomorph,Normal,upright,0.3255903793451865,-1.1778868409582428,0.6557797709269949,-1.0366478860378263,-1.9788131333854584,0.6233788419359025,1
694,3.291541635870904,Participant3_FV_FuUp,Endomorph,Normal,upright,0.3274622210151735,-0.8145285500492452,1.0942168129232486,-0.9929098784923552,-0.7740858105440851,0.6161501447841288,1
695,3.296284491254004,Participant3_FV_FuUp,Endomorph,Normal,upright,0.3253723464249006,-1.172540114878208,1.1633417896978204,-0.9574426412582396,-1.5175466697674578,0.6199585764598556,1
696,3.301027346637103,Participant3_FV_FuUp,Endomorph,Normal,upright,0.3231918438990652,-0.9068448261775388,0.1264641090597584,-0.9588164389133452,1.0942303919138896,0.6145014042761527,1
697,3.305770202020202,Participant3_FV_FuUp,Endomorph,Normal,upright,0.3262963552090147,-0.8474925627646303,-0.0342805321466593,-0.967269703745842,0.6913481928629159,0.6170458476549118,1
698,3.310513057403301,Participant3_FV_FuUp,Endomorph,Normal,upright,0.3271230498216315,-0.4403279178401029,0.2823326248567919,-0.9757229685783386,1.0735240265262005,0.6166928730632436,1
699,3.3152559127864007,Participant3_FV_FuUp,Endomorph,Normal,upright,0.3285957551397721,-0.5248358819069612,0.0089894672463295,-0.9727047085762024,0.629235135199992,0.6184576934569778,1
700,3.3199987681695,Participant3_FV_FuUp,Endomorph,Normal,upright,0.3316333830226693,-0.8407945976329037,0.4945443441447345,-0.8957056999206543,-0.0417825218325349,0.6192354913982778,1
701,3.3247416235525997,Participant3_FV_FuUp,Endomorph,Normal,upright,0.3297087377552168,-0.5186082721301878,0.2980753687126264,-0.9329263865947724,0.0717238538549083,0.6191737969443946,1
702,3.3294844789356985,Participant3_FV_FuUp,Endomorph,Normal,upright,0.3239021261275071,-0.666043391808795,0.4295804415578206,-0.9221045672893524,0.4279028055927947,0.6162393417786607,1
703,3.334227334318798,Participant3_FV_FuUp,Endomorph,Normal,upright,0.3218039920760777,-0.7923466141347757,0.5286086601058854,-0.9752449691295624,0.8348554593742933,0.6149719989253416,1
704,3.338970189701897,Participant3_FV_FuUp,Endomorph,Normal,upright,0.3291203436925589,-0.4357280339323048,0.1887613024416231,-0.9601479470729828,0.8197753240316751,0.6165722983084121,1
705,3.3437130450849963,Participant3_FV_FuUp,Endomorph,Normal,upright,0.3287612643581987,-0.9720415107116168,0.5812505227751081,-0.885000467300415,-0.6399609074689756,0.6215575140637773,1
706,3.348455900468096,Participant3_FV_FuUp,Endomorph,Normal,upright,0.3285702628250619,-0.6106242393177538,0.5569051511664411,-0.8527628779411316,0.0151704356664891,0.622959377630462,1
707,3.353198755851195,Participant3_FV_FuUp,Endomorph,Normal,upright,0.3215911183234841,-0.7642469802500501,1.102935402400118,-0.9213126301765442,-0.4481233350134347,0.6206050953025193,1
708,3.357941611234294,Participant3_FV_FuUp,Endomorph,Normal,upright,0.3212104345935368,-0.6365841850172205,0.5775039024314201,-0.9102423191070556,0.1296633002863223,0.6202009749832392,1
709,3.3626844666173934,Participant3_FV_FuUp,Endomorph,Normal,upright,0.3270270127579175,-0.7935651558253484,0.5252631324360413,-0.8991720080375671,0.2512738459907439,0.6181334068716511,1
710,3.3674273220004927,Participant3_FV_FuUp,Endomorph,Normal,upright,0.3217025876775677,-0.7655804767387059,0.4527517822742568,-0.8868811726570129,0.9915356371056696,0.6171063619643942,1
711,3.372170177383592,Participant3_FV_FuUp,Endomorph,Normal,upright,0.3212704829067225,-0.7545945864866321,1.0222676351084627,-0.949862539768219,1.4748802766782434,0.6100730396427476,1
712,3.376913032766691,Participant3_FV_FuUp,Endomorph,Normal,upright,0.3197236990573175,-0.8206777902679778,0.5723297525110554,-1.0476988852024078,1.6333340820875994,0.6204309025862832,1
713,3.3816558881497905,Participant3_FV_FuUp,Endomorph,Normal,upright,0.3247177100402267,-0.6665580328447116,0.0210158020004008,-0.9629637598991394,0.638503548197133,0.6183561103240878,1
714,3.3863987435328897,Participant3_FV_FuUp,Endomorph,Normal,upright,0.3265601004841386,-0.8132157386288119,0.0876552079518825,-1.00060772895813,0.7084146610263388,0.620580058634086,1
715,3.391141598915989,Participant3_FV_FuUp,Endomorph,Normal,upright,0.3271903295616442,-0.6892538653758177,0.6415560484487697,-1.0075526535511017,1.88212081708666,0.6199558133002642,1
716,3.3958844542990887,Participant3_FV_FuUp,Endomorph,Normal,upright,0.3251016448784709,-0.77732228769889,0.287818557546837,-1.0495200753211975,-0.5602771594337671,0.6204210766865372,1
717,3.400627309682188,Participant3_FV_FuUp,Endomorph,Normal,upright,0.3256322973001004,-0.6404855158766818,1.2289612292731182,-1.0665304362773895,0.6479796048603871,0.6151916304541262,1
718,3.4053701650652872,Participant3_FV_FuUp,Endomorph,Normal,upright,0.3246802793646866,-1.0674578507675183,0.9717420357696142,-1.0218207240104675,0.9691419984501286,0.6152087896750165,1
719,3.4101130204483865,Participant3_FV_FuUp,Endomorph,Normal,upright,0.3277031036140759,-0.9257123196379632,0.3751030556507448,-1.0016189217567444,0.5576419346132407,0.6191849015636972,1
720,3.4148558758314858,Participant3_FV_FuUp,Endomorph,Normal,upright,0.3253790973280379,-0.4138899884753979,0.5291962882379956,-0.9836766421794892,1.1994513977742916,0.6242097162764476,1
721,3.419598731214585,Participant3_FV_FuUp,Endomorph,Normal,upright,0.3188459339060617,-0.8282403509233619,0.8826220651860066,-1.0753965377807615,1.6109551872468362,0.6176650039429138,1
722,3.4243415865976843,Participant3_FV_FuUp,Endomorph,Normal,upright,0.3248149029080475,-0.9184867305509394,0.4364170925341421,-1.004963457584381,1.8252553036813104,0.6200248339970824,1
723,3.4290844419807835,Participant3_FV_FuUp,Endomorph,Normal,upright,0.3244423601054331,-1.008527076338286,0.3955429980403223,-0.9965200126171112,0.7315064712894398,0.6230153873828415,1
724,3.433827297363883,Participant3_FV_FuUp,Endomorph,Normal,upright,0.3230010319450371,-0.89498804435845,0.5174394719868863,-1.037011802196503,1.000726797874584,0.6260301973495008,1
725,3.438570152746982,Participant3_FV_FuUp,Endomorph,Normal,upright,0.3288075507947635,-0.6772599880654525,0.0885476077929994,-0.9482071995735168,1.7903758256803477,0.6185849320655649,1
726,3.4433130081300813,Participant3_FV_FuUp,Endomorph,Normal,upright,0.3219076942519207,-0.8264961887706983,0.543426322446601,-1.0270619988441467,1.0628494945635143,0.6117412323814053,1
727,3.4480558635131806,Participant3_FV_FuUp,Endomorph,Normal,upright,0.326297658276146,-0.8209532063884539,0.6982349763834781,-0.9901732504367828,0.954895021822075,0.6129925949917866,1
728,3.45279871889628,Participant3_FV_FuUp,Endomorph,Normal,upright,0.3314548284940054,-0.6790949258919916,0.2914003372331144,-1.003584861755371,0.574156624870421,0.6214748835048908,1
729,3.457541574279379,Participant3_FV_FuUp,Endomorph,Normal,upright,0.3240907623498114,-0.4781903674356103,0.4710655374999818,-1.026793122291565,1.5621702271632074,0.6222354220598942,1
730,3.4622844296624784,Participant3_FV_FuUp,Endomorph,Normal,upright,0.3222905737239778,-0.6578441233532477,1.2176173006300128,-1.0500789880752563,-0.2099585769526293,0.6244077077385016,1
731,3.4670272850455777,Participant3_FV_FuUp,Endomorph,Normal,upright,0.3259122719686341,-0.7212030608650579,1.1025909090984427,-1.023257315158844,-0.4614730225190922,0.6190588047607037,1
732,3.471770140428677,Participant3_FV_FuUp,Endomorph,Normal,upright,0.3246861612007848,-0.8885088722258697,0.5242218576014112,-0.9643527865409852,0.8149851393311355,0.6153389985482669,1
733,3.476512995811776,Participant3_FV_FuUp,Endomorph,Normal,upright,0.3234109851063149,-0.9651513506939976,0.960818874317064,-0.9744658470153807,1.38242948789699,0.6155449545250337,1
734,3.4812558511948755,Participant3_FV_FuUp,Endomorph,Normal,upright,0.3269784488480949,-0.9025989741820064,0.778731860856685,-0.9724209606647491,1.6786722668639626,0.6149399066910934,1
735,3.4859987065779747,Participant3_FV_FuUp,Endomorph,Normal,upright,0.3265218648042388,-1.2830891707728462,1.3068260398026734,-1.0471385419368744,-1.2578700192539096,0.6171665922685422,1
736,3.490741561961074,Participant3_FV_FuUp,Endomorph,Normal,upright,0.3276221020069611,-0.6344071893964508,1.0643501017318375,-0.999895840883255,1.352517458533151,0.6218123431743895,1
737,3.4954844173441737,Participant3_FV_FuUp,Endomorph,Normal,upright,0.3311516306416031,-0.8155206064461505,1.331557884320872,-0.994800180196762,0.6068555505855899,0.6184577366752996,1
738,3.500227272727273,Participant3_FV_FuUp,Endomorph,Normal,upright,0.3274780331539031,-0.978540937047968,1.0004623111146644,-1.038856953382492,-0.2902118358363448,0.6205567333613528,1
739,3.504970128110372,Participant3_FV_FuUp,Endomorph,Normal,upright,0.3284243159209539,-0.8628412506100712,1.0798283823776078,-0.9403378665447236,0.0140434587623841,0.6204936753127079,1
740,3.5097129834934715,Participant3_FV_FuUp,Endomorph,Normal,upright,0.3290521550190798,-0.7864944310345048,1.0539035896921982,-0.996260106563568,-0.7111016015764463,0.6155266414528615,1
741,3.5144558388765708,Participant3_FV_FuUp,Endomorph,Normal,upright,0.3177554003907771,-0.4784682561494061,1.6916135539935122,-0.9849881827831268,0.6645560066111239,0.6156286082578226,1
742,3.51919869425967,Participant3_FV_FuUp,Endomorph,Normal,upright,0.3250159205585478,-0.6983146540841786,1.2722479011682066,-1.0113255083560944,-0.1021828460492665,0.6142547370712942,1
743,3.5239415496427693,Participant3_FV_FuUp,Endomorph,Normal,upright,0.3167200688705494,-0.1518246156020156,1.168545005078356,-0.973773717880249,1.442665051294272,0.6225358646213686,1
744,3.528684405025869,Participant3_FV_FuUp,Endomorph,Normal,upright,0.3280788452520256,-1.123614683256775,0.8792647630683866,-1.0659421980381012,-0.5959021418069265,0.6151617775690938,1
745,3.533427260408968,Participant3_FV_FuUp,Endomorph,Normal,upright,0.3205721107779049,-0.8607129527137314,1.081057899831893,-1.0357386767864227,-0.1989965844405181,0.6219445376320195,1
746,3.538170115792067,Participant3_FV_FuUp,Endomorph,Normal,upright,0.3215674140987094,-0.7120075112656178,1.0683083871126569,-0.999972939491272,0.24289855555694,0.6174028391578474,1
747,3.5429129711751663,Participant3_FV_FuUp,Endomorph,Normal,upright,0.3177564532208256,-0.6328471859676201,1.2887658640194473,-0.9920696318149568,-0.2715370474164181,0.6187148798640928,1
748,3.5476558265582656,Participant3_FV_FuUp,Endomorph,Normal,upright,0.3241093624082697,-0.8675693727690553,1.5552188547000705,-1.0335201025009155,-0.9054578002473518,0.6292880656367809,1
749,3.552398681941365,Participant3_FV_FuUp,Endomorph,Normal,upright,0.3245762364534143,-0.7793160158866399,1.6880579358851246,-1.0199626982212069,-0.3642020605612708,0.6244432971894234,1
750,3.557141537324464,Participant3_FV_FuUp,Endomorph,Normal,upright,0.325052469193296,-1.263075535270181,0.8088258219788499,-1.0137274265289309,0.9779208537250448,0.6236100277911985,1
751,3.5618843927075634,Participant3_FV_FuUp,Endomorph,Normal,upright,0.3169556661562158,-0.5521137796212743,1.2655539349671938,-1.0743556022644043,-0.6452977595330986,0.6283689710773019,1
752,3.5666272480906627,Participant3_FV_FuUp,Endomorph,Normal,upright,0.3209331263679237,-0.7720675760957219,1.2282291620130352,-1.0925203561782837,-1.817329538114115,0.6314466775258115,1
753,3.571370103473762,Participant3_FV_FuUp,Endomorph,Normal,upright,0.3102963263864651,-0.8751766427019425,2.1108808066373554,-1.114939659833908,-1.4847544883487245,0.6299256902364474,1
754,3.576112958856861,Participant3_FV_FuUp,Endomorph,Normal,upright,0.3167670875458702,-0.7270230921110797,1.8416775914047483,-1.0963008999824524,-0.7791225356578254,0.6230943243273764,1
755,3.5808558142399605,Participant3_FV_FuUp,Endomorph,Normal,upright,0.3236696017562386,-0.6410378551514825,1.0330657715116014,-1.0301291644573212,0.5826208041472926,0.6195256429389353,1
756,3.58559866962306,Participant3_FV_FuUp,Endomorph,Normal,upright,0.3121351937723115,-0.6869725313172723,1.0938938948300976,-1.0577895045280457,-0.1150799031025423,0.6266776157922558,1
757,3.590341525006159,Participant3_FV_FuUp,Endomorph,Normal,upright,0.313543889711548,-0.7283192133936822,1.450336624978655,-1.112905740737915,-1.110961046537459,0.6282408265300898,1
758,3.5950843803892583,Participant3_FV_FuUp,Endomorph,Normal,upright,0.3182321773598449,-0.6959639420592231,1.9580358363074173,-1.0583624839782717,-1.6723000574087443,0.6245193459354234,1
759,3.599827235772358,Participant3_FV_FuUp,Endomorph,Normal,upright,0.3218593301866752,-0.5814756419203275,1.4204877924971822,-1.063964992761612,-0.4736114723518613,0.6276568641255763,1
760,3.604570091155457,Participant3_FV_FuUp,Endomorph,Normal,upright,0.3214397860765653,-0.6955081662568614,1.0127194100561967,-1.0631791949272156,-1.1303909869701108,0.6296032211133579,1
761,3.609312946538557,Participant3_FV_FuUp,Endomorph,Normal,upright,0.32249871446662,-0.7397529090527348,0.7086481552320573,-1.0521968305110931,-0.0236424219832287,0.6288540572006633,1
762,3.614055801921656,Participant3_FV_FuUp,Endomorph,Normal,upright,0.3194597853516993,-0.7862727964672499,1.2080509464595064,-1.0671398341655731,-0.3085463045784158,0.6268282665451611,1
763,3.618798657304755,Participant3_FV_FuUp,Endomorph,Normal,upright,0.3188581790701237,-0.6763249029600754,1.3193611925277564,-1.0813854038715365,0.2078826307474801,0.6272821834413432,1
764,3.6235415126878543,Participant3_FV_FuUp,Endomorph,Normal,upright,0.3179568121704469,-0.5977965544286156,1.5587653028340205,-1.049752116203308,0.9516293236221454,0.6263003595630988,1
765,3.6282843680709536,Participant3_FV_FuUp,Endomorph,Normal,upright,0.3120514854424764,-0.2168113073294564,1.6386308790988464,-1.0188376605510712,2.0096905478590315,0.6212863104133963,1
766,3.633027223454053,Participant3_FV_FuUp,Endomorph,Normal,upright,0.3208716387129386,-0.347517735280223,1.5330804713325117,-1.0420758426189425,1.193137418100329,0.6183058208084233,1
767,3.637770078837152,Participant3_FV_FuUp,Endomorph,Normal,upright,0.3180402745045135,-0.4148768169990801,1.60486352135658,-1.0863835215568542,-0.5329645429336627,0.6212268311871134,1
768,3.6425129342202514,Participant3_FV_FuUp,Endomorph,Normal,upright,0.3159289531632645,-0.4021316145392762,1.2464707006416242,-1.080436885356903,0.3215565990537685,0.6157013427561819,1
769,3.647255789603351,Participant3_FV_FuUp,Endomorph,Normal,upright,0.3189763170506404,-0.3563845466361056,1.7532930876926738,-1.0514350235462189,-0.1285984103535537,0.6287383470967498,1
770,3.65199864498645,Participant3_FV_FuUp,Endomorph,Normal,upright,0.3141857059388039,-0.4832207764988214,1.1320149325454647,-1.0814276337623596,-0.6078889054523877,0.6297232649424201,1
771,3.656741500369549,Participant3_FV_FuUp,Endomorph,Normal,upright,0.3192244786941907,-0.381005843200225,1.4764691125328908,-1.0680926740169523,-0.7721584968377045,0.6237293402891051,1
772,3.661484355752648,Participant3_FV_FuUp,Endomorph,Normal,upright,0.3188376831760352,-0.4106398219859085,1.0985797472901262,-1.092902988195419,-0.5259333510493494,0.6243431879460316,1
773,3.666227211135748,Participant3_FV_FuUp,Endomorph,Normal,upright,0.3191341552964017,-0.6473070325153701,0.9017627005604484,-1.090590476989746,-0.8277042259657236,0.6198516585985493,1
774,3.670970066518847,Participant3_FV_FuUp,Endomorph,Normal,upright,0.3174445158319246,-0.4423204338818266,0.5469251895629789,-1.103823035955429,-0.5697297390786963,0.6186787367611858,1
775,3.675712921901946,Participant3_FV_FuUp,Endomorph,Normal,upright,0.3125915735666044,-0.7410568992726145,1.7109558654992305,-1.0903525650501251,-0.8999162614077634,0.6285217992484482,1
776,3.6804557772850455,Participant3_FV_FuUp,Endomorph,Normal,upright,0.3173149007209431,-0.3186959364207782,0.98704485524348,-1.1282843947410583,-0.0948336222326741,0.6177713473749596,1
777,3.6851986326681447,Participant3_FV_FuUp,Endomorph,Normal,upright,0.3143570100015894,-0.3307443838027848,1.0797361969971195,-1.1160345077514648,0.9201254367350762,0.6185823030648198,1
778,3.689941488051244,Participant3_FV_FuUp,Endomorph,Normal,upright,0.3151330837234701,-0.3030628625511772,0.8912905422243473,-1.1226898729801178,0.794553630975782,0.6177363384589585,1
779,3.6946843434343433,Participant3_FV_FuUp,Endomorph,Normal,upright,0.3190390169385883,-0.2635000913648568,1.334204378397389,-1.1286667883396149,-0.0594522304553832,0.6231044561811905,1
780,3.699427198817443,Participant3_FV_FuUp,Endomorph,Normal,upright,0.3199843304377461,-0.6670046112191855,1.445352616443657,-1.1516365706920624,0.5510097814347198,0.6236152617694826,1
781,3.7041700542005422,Participant3_FV_FuUp,Endomorph,Normal,upright,0.3179625139937593,-0.5083726595527254,1.5251559693641472,-1.1192500293254852,-0.1549999776482792,0.6212878404637341,1
782,3.7089129095836415,Participant3_FV_FuUp,Endomorph,Normal,upright,0.3180481632039451,-0.3138634676669473,1.6712485386995517,-1.1198334693908691,-0.0589780100740161,0.6265212422967644,1
783,3.7136557649667408,Participant3_FV_FuUp,Endomorph,Normal,upright,0.3209910311395205,-0.8214897977269305,1.415886501033681,-1.141380935907364,0.9670518578680654,0.6243865907781289,1
784,3.71839862034984,Participant3_FV_FuUp,Endomorph,Normal,upright,0.3182381278622203,-0.8083617216535575,1.3710808628162672,-1.1077829897403717,-0.9144557292844524,0.6262623486185176,1
785,3.7231414757329393,Participant3_FV_FuUp,Endomorph,Normal,upright,0.314884000294546,-0.7443354116935076,1.36037757474072,-1.0670689344406128,-1.333785461023942,0.6255424970394509,1
786,3.727884331116039,Participant3_FV_FuUp,Endomorph,Normal,upright,0.3195677652514954,-0.6489656739977885,1.542070222450055,-1.1083585321903229,-1.2944457804400469,0.6155731061231955,1
787,3.732627186499138,Participant3_FV_FuUp,Endomorph,Normal,upright,0.316226074894996,-0.5942389060770651,1.8700979764840835,-1.092966616153717,-1.5162727636018956,0.6248199516866058,1
788,3.737370041882237,Participant3_FV_FuUp,Endomorph,Normal,upright,0.3240329415638754,-0.4175452635402524,1.6256025608155338,-1.0975805521011353,0.2485101884926481,0.617158618301856,1
789,3.742112897265336,Participant3_FV_FuUp,Endomorph,Normal,upright,0.314746329537016,-0.5314334477484456,1.874495276721312,-1.108371019363403,1.2708428432032797,0.6185364949637556,1
790,3.746855752648436,Participant3_FV_FuUp,Endomorph,Normal,upright,0.3196770385674826,-0.6503703716516762,1.3937433116632163,-1.105444848537445,-1.2060707230644996,0.6210753192389519,1
791,3.751598608031535,Participant3_FV_FuUp,Endomorph,Normal,upright,0.3196036135309719,-0.8924340969952661,1.6418351968170817,-1.102655678987503,-1.6686439260243782,0.623321207048277,1
792,3.756341463414634,Participant3_FV_FuUp,Endomorph,Normal,upright,0.3176127563927899,-0.5356437537980131,1.464364274661608,-1.1015489399433136,-1.183738764217391,0.6258078701379377,1
793,3.761084318797733,Participant3_FV_FuUp,Endomorph,Normal,upright,0.3218490472901022,-0.4652244038953778,2.156001095856844,-1.105206698179245,-0.1372777784306385,0.6148016463676282,1
794,3.7658271741808327,Participant3_FV_FuUp,Endomorph,Normal,upright,0.3243435330454406,-0.6185763261921718,1.704149595126203,-1.091027408838272,0.6536544720886082,0.6222279299624568,1
795,3.770570029563932,Participant3_FV_FuUp,Endomorph,Normal,upright,0.3216454543463164,-0.4651020666880221,1.917254091607683,-1.13717120885849,-0.751180673534544,0.6229889908506893,1
796,3.775312884947031,Participant3_FV_FuUp,Endomorph,Normal,upright,0.3238923134782036,-0.8271387962920884,1.5156687659674526,-1.1293295919895172,-0.8079707339466075,0.625651256470558,1
797,3.7800557403301305,Participant3_FV_FuUp,Endomorph,Normal,upright,0.3210995547537725,-0.5555337291479272,1.638200738838799,-1.140345185995102,-1.2565056022496837,0.6228347822148423,1
798,3.7847985957132297,Participant3_FV_FuUp,Endomorph,Normal,upright,0.3204917803569631,-0.6191889794128501,1.3359698044539317,-1.1473491489887238,0.8386699514384001,0.6246954801878687,1
799,3.789541451096329,Participant3_FV_FuUp,Endomorph,Normal,upright,0.3215458961526082,-0.538782939785483,1.5503009904405425,-1.1337203681468964,-0.3838580200043103,0.6239619157350906,1
800,3.794284306479428,Participant3_FV_FuUp,Endomorph,Normal,upright,0.3213175969293239,-0.7247100309118254,1.1759886476111898,-1.117162048816681,1.0003068374730344,0.6161056662871276,1
801,3.799027161862528,Participant3_FV_FuUp,Endomorph,Normal,upright,0.3194709504022472,-0.2399049786764164,0.5580693389120626,-1.1016764640808103,0.6245549248906989,0.6236030884370037,1
802,3.8037700172456272,Participant3_FV_FuUp,Endomorph,Normal,upright,0.3192371149765285,-0.4330828292358371,0.3977167088049761,-1.0900757312774658,0.7141490348835731,0.6203933560154213,1
803,3.8085128726287274,Participant3_FV_FuUp,Endomorph,Normal,upright,0.3194448801618482,-0.4101559786803043,0.6258580461130148,-1.0513722896575928,0.5153210980093548,0.6237141560501431,1
804,3.8132557280118258,Participant3_FV_FuUp,Endomorph,Normal,upright,0.322002081310917,-0.549538935437034,0.2822833641507909,-1.0251052379608154,-0.0406526515446305,0.6183059892333705,1
805,3.817998583394925,Participant3_FV_FuUp,Endomorph,Normal,upright,0.3218473669202758,-0.7601284505390443,1.1550012081226624,-1.0552575886249542,1.645758921192676,0.6188635055626257,1
806,3.822741438778024,Participant3_FV_FuUp,Endomorph,Normal,upright,0.3173093753075245,-0.7353909424089882,1.6844685392946137,-1.1098107695579529,2.130719788330143,0.6147414748981219,1
807,3.827484294161124,Participant3_FV_FuUp,Endomorph,Normal,upright,0.3136331588114494,-0.880885080856123,1.6055587967054987,-1.0754121243953705,0.3761497458356289,0.6271659453073929,1
808,3.832227149544223,Participant3_FV_FuUp,Endomorph,Normal,upright,0.322530075123386,-0.988018509310384,1.2933591944938851,-1.075617790222168,-0.8310481693868259,0.6177813104618001,1
809,3.836970004927322,Participant3_FV_FuUp,Endomorph,Normal,upright,0.3185533965836126,-0.7947043996680898,1.466606605920374,-1.1202756464481354,0.5555548356272874,0.6221163552711416,1
810,3.841712860310421,Participant3_FV_FuUp,Endomorph,Normal,upright,0.3122626544437411,-0.9937381927887098,1.4206391759827446,-1.1093153953552246,-1.9559470689517424,0.6289043990798975,1
811,3.8464557156935206,Participant3_FV_FuUp,Endomorph,Normal,upright,0.3115894000664119,-0.5688971262171296,1.3715477143020904,-1.1276589930057526,1.1668603595750933,0.6188663724702571,1
812,3.85119857107662,Participant3_FV_FuUp,Endomorph,Normal,upright,0.3146232953574806,-0.7823609324448606,1.0462468049209923,-1.0439570844173431,-0.4320123720337848,0.6242263212620355,1
813,3.855941426459719,Participant3_FV_FuUp,Endomorph,Normal,upright,0.3150003293260244,-0.4262050377013148,1.6072836708465417,-1.0836739838123322,0.0260704634046017,0.6227443254617169,1
814,3.8606842818428175,Participant3_FV_FuUp,Endomorph,Normal,upright,0.3191009318432397,-0.5081792029011462,0.8542385609957235,-1.1068621575832367,-0.2713424585296315,0.6190445426154971,1
815,3.8654271372259177,Participant3_FV_FuUp,Endomorph,Normal,upright,0.3153521583811381,-0.4583360307206208,0.849231615174155,-1.159356564283371,-0.0913665926509533,0.6212322697521216,1
816,3.870169992609017,Participant3_FV_FuUp,Endomorph,Normal,upright,0.3198399199330941,-0.3449295959385703,0.4792536200761657,-1.109367698431015,0.3457046798979106,0.6207669512317222,1
817,3.874912847992116,Participant3_FV_FuUp,Endomorph,Normal,upright,0.3131243935022061,-0.3950280855937871,1.0652104914787626,-1.125396877527237,0.7089135035302212,0.620911424600225,1
818,3.879655703375216,Participant3_FV_FuUp,Endomorph,Normal,upright,0.3202821250704761,-0.4354543978468078,0.3744908723753488,-1.0697055459022522,1.6919334442925849,0.6231868241871839,1
819,3.8843985587583143,Participant3_FV_FuUp,Endomorph,Normal,upright,0.3199884872109354,-0.6472838120792969,0.8917222004197574,-1.0818717777729034,-0.638322924941448,0.6225858356880157,1
820,3.889141414141414,Participant3_FV_FuUp,Endomorph,Normal,upright,0.3196403884853254,-0.4005781945467773,1.281553890252139,-1.1277281641960144,0.8036267279289258,0.618779523327622,1
821,3.893884269524513,Participant3_FV_FuUp,Endomorph,Normal,upright,0.3139372303504601,-0.5123817559126937,1.336851529184237,-1.095209687948227,-0.757481789878833,0.6218389072489743,1
822,3.898627124907613,Participant3_FV_FuUp,Endomorph,Normal,upright,0.3232767014228821,-0.3402348082195614,1.3401140683178625,-1.0691035985946655,0.1360715384573556,0.6208508997456608,1
823,3.903369980290712,Participant3_FV_FuUp,Endomorph,Normal,upright,0.3183641643067322,-0.4577341265379585,1.1717754297005567,-1.1060199737548828,0.4146196003073163,0.619945163215012,1
824,3.908112835673812,Participant3_FV_FuUp,Endomorph,Normal,upright,0.3138449885957521,-0.4892690844740481,0.7980680212972566,-0.9983737766742706,-0.1705669067910919,0.6263781878181091,1
825,3.912855691056911,Participant3_FV_FuUp,Endomorph,Normal,upright,0.3191863958217051,-0.2678175805830242,1.1378765601810703,-1.0660135746002195,0.4533143687349518,0.6249057075110999,1
826,3.91759854644001,Participant3_FV_FuUp,Endomorph,Normal,upright,0.3202249788325465,-0.3256883260116274,0.8321240832387705,-1.1137076318264008,0.2737040890109457,0.6234036667916951,1
827,3.922341401823109,Participant3_FV_FuUp,Endomorph,Normal,upright,0.323434135771402,-0.2211146236738499,0.7842428247696251,-1.0740458965301514,0.8597586410108229,0.6189407006770201,1
828,3.927084257206209,Participant3_FV_FuUp,Endomorph,Normal,upright,0.3094314633684445,-0.7602412066397232,1.4000686269428273,-1.09417662024498,-1.068657520025842,0.6199666623859215,1
829,3.931827112589308,Participant3_FV_FuUp,Endomorph,Normal,upright,0.3223181863848238,-0.5900786555901025,1.4991681334002356,-1.081718683242798,-1.5985004098811688,0.6195133449209234,1
830,3.936569967972407,Participant3_FV_FuUp,Endomorph,Normal,upright,0.3200623850561315,-0.4247647181827234,1.4006729460389369,-1.1018167734146118,0.6269993379281557,0.6218489526416834,1
831,3.9413128233555055,Participant3_FV_FuUp,Endomorph,Normal,upright,0.3143620380211704,-0.822435287033232,1.3199640455937205,-1.1075865030288696,-0.4550276059868174,0.6257741796438204,1
832,3.9460556787386056,Participant3_FV_FuUp,Endomorph,Normal,upright,0.3176050075422607,-0.6643764551478258,0.8722337096353233,-1.0740540027618408,-0.6438272167833216,0.6239950537797612,1
833,3.950798534121705,Participant3_FV_FuUp,Endomorph,Normal,upright,0.3205458751480234,-0.5549082929540381,0.6155299568618967,-1.1371993124485016,-0.3265152764756634,0.6232228799805812,1
834,3.955541389504804,Participant3_FV_FuUp,Endomorph,Normal,upright,0.3157410712680014,-0.570784192419957,1.4122155668348575,-1.1183611750602722,-1.3090859525228673,0.6240601558022472,1
835,3.960284244887904,Participant3_FV_FuUp,Endomorph,Normal,upright,0.3204663348344298,-0.4953382400549022,0.9425649298531176,-1.1179665625095367,0.2708933768978064,0.6264669164987032,1
836,3.9650271002710022,Participant3_FV_FuUp,Endomorph,Normal,upright,0.3235957443428243,-0.1337009337661257,1.6300878194535198,-1.1340004205703735,0.4694810816975821,0.6199751090782799,1
837,3.969769955654102,Participant3_FV_FuUp,Endomorph,Normal,upright,0.3209099460997994,-0.3871257865868511,1.2190788052042292,-1.1204454004764557,-0.74399806503293,0.6215528861569729,1
838,3.974512811037201,Participant3_FV_FuUp,Endomorph,Normal,upright,0.3223262574964944,-0.6226358998608104,1.2087615377029224,-1.1359009444713593,-0.4159250518469274,0.6174142435270433,1
839,3.979255666420301,Participant3_FV_FuUp,Endomorph,Normal,upright,0.3131734854453589,-0.3994682520711299,1.128885382735063,-1.1579221189022064,-1.0392420603194652,0.6185410450648815,1
840,3.9839985218034,Participant3_FV_FuUp,Endomorph,Normal,upright,0.3240859824281937,-0.3348821185175846,1.3283408134970558,-1.16383895277977,0.3929911184731475,0.6237683446342895,1
841,3.988741377186499,Participant3_FV_FuUp,Endomorph,Normal,upright,0.3182403584595527,-0.619270499347105,1.0621191103165937,-1.1266559660434723,-0.3507225057945528,0.621883416821287,1
842,3.9934842325695983,Participant3_FV_FuUp,Endomorph,Normal,upright,0.3162083152967614,-0.786047066440668,1.3283189612366912,-1.1646103262901306,-1.063465610759971,0.6239321578623164,1
843,3.9982270879526975,Participant3_FV_FuUp,Endomorph,Normal,upright,0.3173718827561335,-0.5786326305941081,1.4524933166879213,-1.1732136011123655,-0.8839755180386163,0.6224422772047201,1
844,4.002969943335797,Participant3_FV_FuUp,Endomorph,Normal,upright,0.321874641031975,-0.6633881471897808,0.7186847216619479,-1.109157770872116,-1.0544510575990578,0.6219902308799727,1
845,4.007712798718896,Participant3_FV_FuUp,Endomorph,Normal,upright,0.31526297663367,-0.3473508794822521,1.316194582698599,-1.1002868115901947,0.2212004325026026,0.6192910629707713,1
846,4.012455654101996,Participant3_FV_FuUp,Endomorph,Normal,upright,0.3234352645149052,-0.2359152545725842,1.3679338642413237,-1.1633754074573517,-0.7007543516079818,0.6227131820517621,1
847,4.017198509485095,Participant3_FV_FuUp,Endomorph,Normal,upright,0.3127787027169259,-0.4295469795370917,1.0237048535232307,-1.1335429847240448,0.0648678981188716,0.617271276206213,1
848,4.021941364868194,Participant3_FV_FuUp,Endomorph,Normal,upright,0.3125994209365156,-0.4301983082495849,1.328536079748369,-1.171853393316269,-0.2204807961992263,0.6226795895348592,1
849,4.026684220251293,Participant3_FV_FuUp,Endomorph,Normal,upright,0.3164647531439653,-0.6561109732784176,1.2204494056380688,-1.1611264050006866,-0.3604201161191745,0.6222884965058741,1
850,4.031427075634393,Participant3_FV_FuUp,Endomorph,Normal,upright,0.3203905821941029,-0.5760818059782498,1.442829710232161,-1.1790243983268738,-1.763617869933155,0.622992981338593,1
851,4.036169931017492,Participant3_FV_FuUp,Endomorph,Normal,upright,0.3156970461209387,-0.4818769606274412,1.3256885070202686,-1.138287901878357,-1.7295380391673607,0.6190272154044608,1
852,4.040912786400591,Participant3_FV_FuUp,Endomorph,Normal,upright,0.3198543535497231,-0.8845520473182356,1.3300496910817814,-1.1057139039039612,-0.4933169678261102,0.6263808510992772,1
853,4.04565564178369,Participant3_FV_FuUp,Endomorph,Normal,upright,0.3216067090748206,-0.4777372949132688,1.6407585832582832,-1.1198780834674835,-1.7496636235461271,0.6171066700822172,1
854,4.05039849716679,Participant3_FV_FuUp,Endomorph,Normal,upright,0.3252511844584516,-0.4107521830387981,1.4283507036688232,-1.1029972434043884,-1.5295044818282988,0.6205889315002843,1
855,4.05514135254989,Participant3_FV_FuUp,Endomorph,Normal,upright,0.3205114360712841,-0.6578275961073949,1.7211181588840607,-1.1279792189598083,-0.9857048258181064,0.6165685225593662,1
856,4.059884207932988,Participant3_FV_FuUp,Endomorph,Normal,upright,0.3224332695120256,-0.6130941840987734,1.5041577097976753,-1.0874963104724884,-1.6609366290400842,0.618405459823939,1
857,4.064627063316088,Participant3_FV_FuUp,Endomorph,Normal,upright,0.325749371613367,-0.4834273211382772,1.3424147617607365,-1.1162427365779877,0.1617979729380523,0.6209839784215616,1
858,4.069369918699187,Participant3_FV_FuUp,Endomorph,Normal,upright,0.3213427021258846,-0.3963552164349659,1.459980058116034,-1.1517150104045868,-0.7066523037232009,0.6179535726534812,1
859,4.074112774082287,Participant3_FV_FuUp,Endomorph,Normal,upright,0.3241353688728124,-0.3939966288850859,1.2206049423575407,-1.1375820934772491,-0.6989139208054703,0.6223375416890005,1
860,4.0788556294653855,Participant3_FV_FuUp,Endomorph,Normal,upright,0.3184283609209941,-0.5117441517645732,1.5832415494977197,-1.1690223813056946,0.7918043257719103,0.6139914617021066,1
861,4.083598484848485,Participant3_FV_FuUp,Endomorph,Normal,upright,0.3230196044218275,-0.6166174658364459,1.0312493721729996,-1.1179646849632263,0.3006759129075385,0.6203774057202773,1
862,4.088341340231584,Participant3_FV_FuUp,Endomorph,Normal,upright,0.3279721481889981,-0.4844860103837959,1.29588276096248,-1.143944472074509,0.8136959788167818,0.615785351181699,1
863,4.093084195614684,Participant3_FV_FuUp,Endomorph,Normal,upright,0.3252541386181298,-0.2755677466557902,0.6279205034806766,-1.1651820242404938,1.1159918684670338,0.6181498437145265,1
864,4.097827050997783,Participant3_FV_FuUp,Endomorph,Normal,upright,0.3250794409697211,-0.5068636897942355,0.922687710432428,-1.081170618534088,0.8591352130874098,0.6181379734103069,1
865,4.102569906380882,Participant3_FV_FuUp,Endomorph,Normal,upright,0.3179075568791075,-0.7038999966861694,1.687790562718798,-1.154131829738617,-0.8279612629110099,0.6139804630456565,1
866,4.107312761763981,Participant3_FV_FuUp,Endomorph,Normal,upright,0.3166563567431195,-0.7034071773439243,1.4492198882286385,-1.165038764476776,0.3630398301954633,0.6205135893874452,1
867,4.112055617147081,Participant3_FV_FuUp,Endomorph,Normal,upright,0.3238760268352987,-0.7026645199709673,1.7198181050878774,-1.124047964811325,-0.8124772980076052,0.6204014553378953,1
868,4.11679847253018,Participant3_FV_FuUp,Endomorph,Normal,upright,0.3228937343622586,-0.6816544260237842,0.9192941659871467,-1.1512221097946167,-0.3255501408508335,0.6205092217581794,1
869,4.121541327913279,Participant3_FV_FuUp,Endomorph,Normal,upright,0.3205604937350466,-0.5796751386764551,0.2511668924192549,-1.146698772907257,0.3322644025068773,0.6221182450402617,1
870,4.126284183296378,Participant3_FV_FuUp,Endomorph,Normal,upright,0.322867417142431,-0.3991582631037275,0.9362773323037724,-1.1400002837181091,-0.244258054789454,0.6205015554911572,1
871,4.131027038679478,Participant3_FV_FuUp,Endomorph,Normal,upright,0.3237058064386862,-0.889999500391613,1.1700272667991916,-1.164230614900589,-1.2409381311696146,0.6187367640375575,1
872,4.135769894062577,Participant3_FV_FuUp,Endomorph,Normal,upright,0.31993215339287,-0.6891087083038324,1.5720983335442755,-1.1545466184616089,-1.1274835625991335,0.6172169118984756,1
873,4.140512749445676,Participant3_FV_FuUp,Endomorph,Normal,upright,0.320508660089978,-0.755413150026315,1.4284252606357657,-1.1545464396476746,-0.5093597073270228,0.6196112929030294,1
874,4.145255604828775,Participant3_FV_FuUp,Endomorph,Normal,upright,0.3250785643314106,-0.4482619733279475,0.8662884779396265,-1.1935708820819857,-0.0620633177220636,0.6162686901707024,1
875,4.149998460211875,Participant3_FV_FuUp,Endomorph,Normal,upright,0.3260203282447614,-0.0722394953098057,0.9669408055199196,-1.176900178194046,1.1079136235408145,0.6146174786056444,1
876,4.154741315594975,Participant3_FV_FuUp,Endomorph,Normal,upright,0.3263436326017809,-0.4240426710003088,0.7214250189678797,-1.149740755558014,0.8047195238814122,0.612518485597347,1
877,4.159484170978073,Participant3_FV_FuUp,Endomorph,Normal,upright,0.3255730460413366,-0.4106354903401328,0.7474666178212591,-1.1354402601718905,0.579672841271107,0.6143947082775001,1
878,4.164227026361173,Participant3_FV_FuUp,Endomorph,Normal,upright,0.3241358024879661,-0.0799933322081163,-0.0615029081996569,-1.097951591014862,1.3148757390298147,0.6179703834423868,1
879,4.168969881744272,Participant3_FV_FuUp,Endomorph,Normal,upright,0.3224038804357543,-0.41564705907281,0.5898246131338896,-1.1681179106235504,0.7179370261811039,0.607520979446355,1
880,4.173712737127372,Participant3_FV_FuUp,Endomorph,Normal,upright,0.3228756665433293,-0.2369312522260364,0.3353432014080826,-1.1756808161735537,-0.4324214009604915,0.6125332632959997,1
881,4.178455592510471,Participant3_FV_FuUp,Endomorph,Normal,upright,0.3189211018149304,-0.5896611044298172,0.96162866024497,-1.1129085421562197,-0.9758374414259248,0.6174557861523879,1
882,4.18319844789357,Participant3_FV_FuUp,Endomorph,Normal,upright,0.3201360905587276,-0.4851146344587388,1.1686398003614853,-1.141698271036148,-1.0662208558032775,0.6195210845463145,1
883,4.187941303276669,Participant3_FV_FuUp,Endomorph,Normal,upright,0.3224052926109116,-0.6012892664034861,1.3112921114738976,-1.163248598575592,-0.2306811216559685,0.6143644206838582,1
884,4.192684158659769,Participant3_FV_FuUp,Endomorph,Normal,upright,0.3275972554232682,-0.0068654595473627,0.5540291156187046,-1.1000846922397614,1.7976971058687334,0.6113430901546708,1
885,4.197427014042868,Participant3_FV_FuUp,Endomorph,Normal,upright,0.3266787845680434,-0.3915657340059065,0.1438066515228988,-1.0940224826335907,0.8377394787373108,0.6110776015233251,1
886,4.202169869425967,Participant3_FV_FuUp,Endomorph,Normal,upright,0.3197913882149376,-0.5820261278139106,1.2625529463212195,-1.1477629244327543,-0.5154141511070904,0.6175751735970285,1
887,4.206912724809066,Participant3_FV_FuUp,Endomorph,Normal,upright,0.3248762275572887,-0.6031298665455005,0.1863562018265041,-1.1212913691997528,0.5240257728260294,0.6079030670336482,1
888,4.211655580192166,Participant3_FV_FuUp,Endomorph,Normal,upright,0.3202262161483691,-0.5589806286969977,1.5648564753712408,-1.1403962969779968,-1.8958135343815432,0.6180350455814354,1
889,4.216398435575265,Participant3_FV_FuUp,Endomorph,Normal,upright,0.3198374063048526,-0.4100093179527901,0.7422845529955949,-1.137956142425537,-0.95908376381072,0.6101354714427321,1
890,4.221141290958364,Participant3_FV_FuUp,Endomorph,Normal,upright,0.3198355588585498,-0.3479517249864275,1.1519074957098077,-1.1437265872955322,-0.6841500612178534,0.6167003685206754,1
891,4.225884146341463,Participant3_FV_FuUp,Endomorph,Normal,upright,0.3237946977364355,-0.2317226343766618,1.4334386603430995,-1.0921375453472135,0.6116784964630341,0.6209959510512021,1
892,4.230627001724563,Participant3_FV_FuUp,Endomorph,Normal,upright,0.3224231272014683,-0.2955367564875518,1.7338141764180877,-1.1045388579368591,0.2088138994669379,0.6249855749573425,1
893,4.235369857107662,Participant3_FV_FuUp,Endomorph,Normal,upright,0.3276782469681801,-0.4902793371834446,0.7684168850032337,-1.0799177289009094,0.1489614365198676,0.6140120710742902,1
894,4.240112712490761,Participant3_FV_FuUp,Endomorph,Normal,upright,0.326395715689772,-0.449969685779732,1.1130963651973484,-1.1426553428173063,-0.1974352692372789,0.6152808566976697,1
895,4.24485556787386,Participant3_FV_FuUp,Endomorph,Normal,upright,0.3242894279629204,-0.3887567296245296,0.7447463178361079,-1.063119411468506,1.093085390444536,0.621949713798472,1
896,4.24959842325696,Participant3_FV_FuUp,Endomorph,Normal,upright,0.3206838157475468,-0.5040681831649275,0.7274108092932737,-1.0633473694324491,1.920061973889011,0.6183545872285667,1
897,4.25434127864006,Participant3_FV_FuUp,Endomorph,Normal,upright,0.3216627812222914,-0.4504242198085117,0.8500591353073914,-1.0288606882095337,-0.4758658560981685,0.6280043466748433,1
898,4.259084134023158,Participant3_FV_FuUp,Endomorph,Normal,upright,0.3236263839145264,-0.7370388321061735,0.8662410308044772,-1.0759182572364807,-0.5715095725937439,0.620632678121784,1
899,4.263826989406258,Participant3_FV_FuUp,Endomorph,Normal,upright,0.3208825685929428,-0.5057920409957278,0.7489092750471433,-1.0719875395298004,0.066491403945966,0.6207642734311885,1
900,4.268569844789357,Participant3_FV_FuUp,Endomorph,Normal,upright,0.3195558438167956,-0.4617188546928464,0.5427780071606054,-1.063285410404205,0.5899831165704206,0.6248096743391952,1
901,4.273312700172457,Participant3_FV_FuUp,Endomorph,Normal,upright,0.3199346616336741,-0.5900830496382872,0.5817417131858872,-1.0962615311145782,0.1138571450887336,0.6262165412298544,1
902,4.278055555555556,Participant3_FV_FuUp,Endomorph,Normal,upright,0.3206770276415185,-0.6636145982336287,0.3460324564901351,-1.0966211259365082,-0.6017061691443203,0.6242276399576207,1
903,4.282798410938655,Participant3_FV_FuUp,Endomorph,Normal,upright,0.3186618974476858,-0.8197066000779343,1.0779595698041102,-1.119282752275467,0.1640815383052658,0.624719864367713,1
904,4.287541266321754,Participant3_FV_FuUp,Endomorph,Normal,upright,0.3174780408544468,-0.8473167329801379,0.7922147470417773,-1.1013619899749756,0.14431650205822,0.6243967702242683,1
905,4.292284121704854,Participant3_FV_FuUp,Endomorph,Normal,upright,0.3192976236248442,-0.6526439948099296,1.0485826769759503,-1.0969258248806,0.4125391235182878,0.6263057397366238,1
906,4.297026977087953,Participant3_FV_FuUp,Endomorph,Normal,upright,0.3216158918070594,-0.6771147893684129,0.8994563375274955,-1.1257283091545105,-0.2198919211275994,0.6270649220692706,1
907,4.301769832471052,Participant3_FV_FuUp,Endomorph,Normal,upright,0.3125910326719703,-0.9449696625145648,1.3234484504015556,-1.0551111102104187,-0.0920333041756449,0.633041319264466,1
908,4.306512687854151,Participant3_FV_FuUp,Endomorph,Normal,upright,0.3189315013954616,-0.6258328734251657,1.2098385145715596,-1.085421234369278,0.115828618140782,0.6324703687773197,1
909,4.311255543237251,Participant3_FV_FuUp,Endomorph,Normal,upright,0.3208774307535083,-0.6162578144648017,0.9097475884609052,-1.0622331500053406,-0.2993924866988762,0.627400657533478,1
910,4.31599839862035,Participant3_FV_FuUp,Endomorph,Normal,upright,0.318353604539004,-0.8567129957433108,0.9846466039258872,-1.0818036794662476,-0.5358343258840185,0.630449079306542,1
911,4.320741254003449,Participant3_FV_FuUp,Endomorph,Normal,upright,0.3196944287706934,-0.4467818658942949,1.0238307174382353,-1.061751514673233,-0.044974820250959,0.6250903214548719,1
912,4.325484109386548,Participant3_FV_FuUp,Endomorph,Normal,upright,0.3186771083385429,-1.2556688249450614,0.8854526383331486,-1.0524122714996338,-0.9917789213480882,0.6284574532328969,1
913,4.330226964769648,Participant3_FV_FuUp,Endomorph,Normal,upright,0.319848916545063,-0.4988863016824801,0.9162259314722444,-1.0812016129493711,1.0524507742816434,0.6269267031136821,1
914,4.334969820152747,Participant3_FV_FuUp,Endomorph,Normal,upright,0.3214962404513606,-0.7473375842351389,0.8418408695773729,-1.0625407099723816,0.8183198876855449,0.623331343678005,1
915,4.339712675535846,Participant3_FV_FuUp,Endomorph,Normal,upright,0.3177780044065929,-0.6755910429200862,0.6421047004331982,-1.042633295059204,0.7891813132585599,0.6234139551419451,1
916,4.344455530918945,Participant3_FV_FuUp,Endomorph,Normal,upright,0.3186627970366252,-0.7943213345783978,0.6808722231901759,-1.0153916776180267,0.7064862064624009,0.6226485288075673,1
917,4.349198386302045,Participant3_FV_FuUp,Endomorph,Normal,upright,0.318697038193588,-0.5397248543342054,1.191704559787888,-1.088495135307312,0.8662271215851982,0.6231957307712281,1
918,4.353941241685144,Participant3_FV_FuUp,Endomorph,Normal,upright,0.3210943226623864,-0.4682121203785697,0.8878936261165288,-1.0455605685710907,-0.2814932918725793,0.6314987094929512,1
919,4.3586840970682434,Participant3_FV_FuUp,Endomorph,Normal,upright,0.3200111135466334,-0.5011361416863156,1.1620087625554345,-1.0308058857917786,-0.2843133001739519,0.6312268422907743,1
920,4.363426952451343,Participant3_FV_FuUp,Endomorph,Normal,upright,0.324407382268637,-0.5348472314810772,1.0189414955339318,-1.0629254579544067,0.4416625109641139,0.6318863565620072,1
921,4.368169807834442,Participant3_FV_FuUp,Endomorph,Normal,upright,0.3277514713637774,-0.540951920773514,1.0666747759531454,-1.0643877983093262,-0.9534469632729268,0.6298756892719813,1
922,4.372912663217542,Participant3_FV_FuUp,Endomorph,Normal,upright,0.3193951617453928,-0.3408286886349465,1.222910920385419,-1.0427502989768982,0.4755848261269007,0.6277951509835095,1
923,4.3776555186006405,Participant3_FV_FuUp,Endomorph,Normal,upright,0.3185748007418044,-0.4920318383820251,1.0483288762670366,-1.0328220129013062,-0.3239612353143531,0.6289205590961917,1
924,4.38239837398374,Participant3_FV_FuUp,Endomorph,Normal,upright,0.3209184520793896,-0.6984781702355868,1.2658044186149036,-1.0169809460639954,-1.0200078536085193,0.627229358922454,1
925,4.387141229366839,Participant3_FV_FuUp,Endomorph,Normal,upright,0.3233048790344443,-0.2835246403785697,1.3076665428817855,-0.9972281157970428,-0.7597919536684793,0.6274219679754446,1
926,4.391884084749939,Participant3_FV_FuUp,Endomorph,Normal,upright,0.3122314177503749,-0.5938376915521179,0.818577680568827,-0.9925363063812256,0.1860574835662699,0.6280600696324519,1
927,4.396626940133038,Participant3_FV_FuUp,Endomorph,Normal,upright,0.3124022776547792,-0.3315551027855273,0.8824408225625587,-0.9817263185977936,1.4864788801958932,0.6298627215449989,1
928,4.401369795516137,Participant3_FV_FuUp,Endomorph,Normal,upright,0.3096203080061432,-0.2446679281831856,0.6472270124129181,-1.0397105813026428,0.467837635712387,0.630237156483951,1
929,4.406112650899236,Participant3_FV_FuUp,Endomorph,Normal,upright,0.324428131121503,-0.8437443140216163,1.4720242113817077,-0.9315447807312012,-1.9423834932999196,0.6313632141310443,1
930,4.410855506282336,Participant3_FV_FuUp,Endomorph,Normal,upright,0.3234269775715584,-0.4262983719288136,1.6567519443327992,-1.01188862323761,-1.4635398165583011,0.6364992603734728,1
931,4.415598361665435,Participant3_FV_FuUp,Endomorph,Normal,upright,0.3263288407482898,-0.5273316075745805,1.2144493592033192,-1.0148287117481232,-1.2022689079662954,0.6327900376324017,1
932,4.420341217048534,Participant3_FV_FuUp,Endomorph,Normal,upright,0.3252925382299138,-0.6696301894308796,1.3899185550115434,-0.976449579000473,-0.5354494071843083,0.6324873093069321,1
933,4.425084072431633,Participant3_FV_FuUp,Endomorph,Normal,upright,0.3196121841975502,-0.5199483735271951,1.5137101024459323,-1.005202203989029,-1.4178917189239792,0.6286783099621953,1
934,4.429826927814733,Participant3_FV_FuUp,Endomorph,Normal,upright,0.3259275084007017,-0.791267092874766,1.09492779426487,-1.0172353386878967,-0.3336121514838207,0.6358550061933027,1
935,4.434569783197832,Participant3_FV_FuUp,Endomorph,Normal,upright,0.3256295387386976,-1.0922725348758615,1.4781748162017592,-1.0261570811271667,-1.8613905270774695,0.6303598692660062,1
936,4.439312638580931,Participant3_FV_FuUp,Endomorph,Normal,upright,0.320239542992546,-0.872131639178843,0.8839928246358647,-1.013226330280304,-1.7329420636630553,0.6282441638066689,1
937,4.44405549396403,Participant3_FV_FuUp,Endomorph,Normal,upright,0.3255687338887186,-0.7926941345818533,0.9780962114203396,-0.9943460822105408,-1.1293578836639546,0.6314834318738471,1
938,4.44879834934713,Participant3_FV_FuUp,Endomorph,Normal,upright,0.3266121327010051,-1.0039779274908915,0.7791871357167062,-0.9288405776023864,-1.38177537087206,0.6286580970649179,1
939,4.453541204730229,Participant3_FV_FuUp,Endomorph,Normal,upright,0.3182379218880786,-0.912380723844357,0.8431572935910452,-0.9894407391548156,-1.3268960285952598,0.6300021157704946,1
940,4.4582840601133285,Participant3_FV_FuUp,Endomorph,Normal,upright,0.3162405468667143,-0.6124507123308377,1.4683505670264434,-0.967042863368988,-0.6117798048130902,0.6310161540503415,1
941,4.463026915496428,Participant3_FV_FuUp,Endomorph,Normal,upright,0.3189092961699306,-0.4437470793025505,1.1165599039825602,-0.9421659111976624,0.6180378959891338,0.6222232331726527,1
942,4.467769770879527,Participant3_FV_FuUp,Endomorph,Normal,upright,0.3167717900002456,-0.8762853192507859,1.3639062938752573,-0.9474188387393953,-0.3325801380677142,0.6293665109507611,1
943,4.472512626262627,Participant3_FV_FuUp,Endomorph,Normal,upright,0.3163441725887644,-0.5200813977856807,1.2056327323557678,-0.9469406306743622,1.4299896549629385,0.621760531762088,1
944,4.4772554816457255,Participant3_FV_FuUp,Endomorph,Normal,upright,0.3128878965428003,-0.3957780591866283,1.454689589263514,-0.8947758972644806,0.8228114989028912,0.6232985844536659,1
945,4.481998337028825,Participant3_FV_FuUp,Endomorph,Normal,upright,0.3197017448060408,-0.7327770929670517,1.0555765466399507,-0.930256485939026,-0.4123796786512377,0.6306969447578933,1
946,4.486741192411924,Participant3_FV_FuUp,Endomorph,Normal,upright,0.3199092780841407,-0.9351091944317672,1.3275654764425018,-0.9391047954559326,-0.562901972252812,0.627119376148395,1
947,4.491484047795024,Participant3_FV_FuUp,Endomorph,Normal,upright,0.3233177046346076,-0.6523708383690392,0.9354246969759912,-0.9300140738487244,-0.2839886564022724,0.6261177601029118,1
948,4.496226903178123,Participant3_FV_FuUp,Endomorph,Normal,upright,0.3167674574234647,-0.5519814401583234,1.3900108170631529,-0.9331356883049012,-0.077109793243375,0.6252157250565199,1
949,4.500969758561222,Participant3_FV_FuUp,Endomorph,Normal,upright,0.3186874764667841,-0.8026646959647219,1.082261163347663,-0.8773389458656311,-0.9875569838187496,0.6301666758024582,1
950,4.505712613944321,Participant3_FV_FuUp,Endomorph,Normal,upright,0.3117956261135519,-0.4351705306901435,0.9888363452667644,-1.025892049074173,-0.3714839556671711,0.6291888039460878,1
951,4.510455469327421,Participant3_FV_FuUp,Endomorph,Normal,upright,0.31255789372211,-0.4726630991132685,0.9316712004479658,-1.0448141694068909,0.442039860418755,0.6297861655318252,1
952,4.51519832471052,Participant3_FV_FuUp,Endomorph,Normal,upright,0.3139786778743003,-0.6255146551363451,1.4942914423329678,-1.031005710363388,0.542771680121557,0.6294998751352352,1
953,4.519941180093619,Participant3_FV_FuUp,Endomorph,Normal,upright,0.3155115910552796,-0.6226505778369964,1.0740746652952815,-1.0552958846092224,0.7986791472865064,0.6264716760454333,1
954,4.524684035476718,Participant3_FV_FuUp,Endomorph,Normal,upright,0.3190556503187177,-0.7621411076301273,1.2834860538334087,-0.9533791542053224,1.0182724944285786,0.6222077617652629,1
955,4.529426890859818,Participant3_FV_FuUp,Endomorph,Normal,upright,0.3156291681871154,-0.7606649925632839,1.2506604076528405,-0.9364389479160308,1.359680097688536,0.6233387955692508,1
956,4.534169746242917,Participant3_FV_FuUp,Endomorph,Normal,upright,0.3194151943104241,-0.6331264259720997,1.5798618907324395,-0.9972509145736694,0.9654597970740156,0.6238954691404273,1
957,4.538912601626016,Participant3_FV_FuUp,Endomorph,Normal,upright,0.3184844980171432,-0.2404664545465988,1.184831110036679,-1.022389143705368,1.0803771008120815,0.6223600482403209,1
958,4.543655457009115,Participant3_FV_FuUp,Endomorph,Normal,upright,0.3240772349877479,-0.2600519552039945,1.0096010278261769,-0.97603240609169,2.905315174153261,0.6194553105178747,1
959,4.548398312392215,Participant3_FV_FuUp,Endomorph,Normal,upright,0.3257263760727577,-0.522372285501425,0.5036481125933511,-0.9784013032913208,1.473667920626074,0.6180597219107824,1
960,4.553141167775314,Participant3_FV_FuUp,Endomorph,Normal,upright,0.3157951589687304,-0.454282185230521,1.352085436825987,-1.014634221792221,-0.4172714014043457,0.6227463425021476,1
961,4.5578840231584135,Participant3_FV_FuUp,Endomorph,Normal,upright,0.324274401244617,-0.2568102983492827,1.0569038944653193,-0.9732058942317964,0.2306426294107621,0.6251600895036455,1
962,4.562626878541513,Participant3_FV_FuUp,Endomorph,Normal,upright,0.3213392837031026,-0.5779932364393708,1.5178029335105625,-1.0809123814105988,-0.1632399070423533,0.6294471523614519,1
963,4.567369733924612,Participant3_FV_FuUp,Endomorph,Normal,upright,0.3172851743766331,-0.7132640003699292,1.0951884102965752,-1.0903725028038025,0.2502936295549628,0.6301145936229051,1
964,4.572112589307712,Participant3_FV_FuUp,Endomorph,Normal,upright,0.3111736008288978,-0.4543059776626014,1.08502045981941,-1.0479725301265717,1.1441511370417643,0.631193184293742,1
965,4.5768554446908105,Participant3_FV_FuUp,Endomorph,Normal,upright,0.3214822048605958,-0.3660776523955121,0.9660495059076072,-1.1043405830860138,-0.0329834861495592,0.6298063202745627,1
966,4.58159830007391,Participant3_FV_FuUp,Endomorph,Normal,upright,0.3177105563680293,-0.8047467578207058,1.0761498726566885,-1.0924094319343567,-0.3951468708520815,0.6241228177131382,1
967,4.586341155457009,Participant3_FV_FuUp,Endomorph,Normal,upright,0.3144116178376503,-0.5387385498868998,0.768455017899943,-1.100781887769699,1.0733360909602851,0.6247486676748003,1
968,4.591084010840109,Participant3_FV_FuUp,Endomorph,Normal,upright,0.3153526824593572,-0.6806033392428149,1.2492596391021904,-1.1391708254814148,0.7337553083220284,0.6299727365222771,1
969,4.595826866223208,Participant3_FV_FuUp,Endomorph,Normal,upright,0.3179996071449887,-0.6136349922528317,1.0179207176593483,-1.1199674010276794,2.0791464994475093,0.6263700536986953,1
970,4.600569721606307,Participant3_FV_FuUp,Endomorph,Normal,upright,0.3142331638773004,-0.53696319901378,1.0645543077787754,-1.0869871973991394,1.0296229508611308,0.6287222339005547,1
971,4.605312576989406,Participant3_FV_FuUp,Endomorph,Normal,upright,0.3220283435674241,-0.7548179466219299,0.9201281462431932,-1.0141237080097198,1.0236773094392757,0.6222490021023493,1
972,4.610055432372506,Participant3_FV_FuUp,Endomorph,Normal,upright,0.3252599174759221,-0.6718346404634465,1.0641190771219635,-0.990225464105606,0.967759425762098,0.6213687754371081,1
973,4.614798287755605,Participant3_FV_FuUp,Endomorph,Normal,upright,0.3235410757136712,-0.2819142270856897,0.79785607012738,-0.9803993701934814,0.499650085017835,0.6250459514515128,1
974,4.619541143138704,Participant3_FV_FuUp,Endomorph,Normal,upright,0.3156983958478737,-0.4451760990942638,0.5196731286872858,-0.9781665503978728,2.348415425646098,0.6245832918902474,1
975,4.624283998521803,Participant3_FV_FuUp,Endomorph,Normal,upright,0.3228134066548228,-1.0111123748640218,1.3769036766175309,-1.0272921919822693,-0.7024968788015157,0.6270971715756786,1
976,4.629026853904903,Participant3_FV_FuUp,Endomorph,Normal,upright,0.321314375190516,-0.6063900884673484,0.5927537131240116,-0.9593333303928376,1.0274675719843809,0.6292070272756235,1
977,4.633769709288002,Participant3_FV_FuUp,Endomorph,Normal,upright,0.3221970817419336,-0.951430612312036,0.9542481569315,-1.0507866740226746,0.5323628001751916,0.6270306328625331,1
978,4.638512564671101,Participant3_FV_FuUp,Endomorph,Normal,upright,0.3225082720569707,-0.9127938301246796,1.0150012027550257,-1.0929052531719208,-0.8233842395446396,0.6218448533704543,1
979,4.6432554200542,Participant3_FV_FuUp,Endomorph,Normal,upright,0.3239919541738063,-0.5102430717263176,0.5926604659761135,-1.0889214873313904,1.4708861677564244,0.6232873590307009,1
980,4.6479982754373,Participant3_FV_FuUp,Endomorph,Normal,upright,0.3281664988721824,-0.6607592248594971,1.2786716974771573,-1.0816565155982971,1.364187801267932,0.620826132416677,1
981,4.652741130820399,Participant3_FV_FuUp,Endomorph,Normal,upright,0.3275407223260096,-0.4586337441219013,0.9040655077543278,-1.0603721141815186,1.364414257201428,0.6160335907278585,1
982,4.6574839862034985,Participant3_FV_FuUp,Endomorph,Normal,upright,0.3272507405799809,-0.3586200721179028,0.3034645779457168,-1.0832226872444153,2.255644433624455,0.6163055323905471,1
983,4.662226841586598,Participant3_FV_FuUp,Endomorph,Normal,upright,0.3252871447578176,-0.484726092761901,0.4723414154407776,-1.046624720096588,1.761837620740948,0.6197710696187622,1
984,4.666969696969697,Participant3_FV_FuUp,Endomorph,Normal,upright,0.3273773348580006,-0.3918400317860134,0.5918069389022325,-1.0500227510929108,1.9041233829057864,0.6197314944453834,1
985,4.671712552352797,Participant3_FV_FuUp,Endomorph,Normal,upright,0.3281959836074854,-0.6731087906286224,0.610223245595536,-1.0421152412891388,0.853356469916988,0.6255809222817882,1
986,4.676455407735896,Participant3_FV_FuUp,Endomorph,Normal,upright,0.3301359731053062,-0.713083321051378,0.8284678360160784,-1.075971096754074,0.9214760697166045,0.6216630486055216,1
987,4.681198263118995,Participant3_FV_FuUp,Endomorph,Normal,upright,0.33237620565333,-0.8536128891420147,1.076934843456979,-1.0418723821640017,0.6627179428946883,0.6180592340386377,1
988,4.685941118502094,Participant3_FV_FuUp,Endomorph,Normal,upright,0.3315447137277879,-0.4209514790004404,0.6104150610196677,-1.015300750732422,1.060048528185854,0.6170163384210364,1
989,4.690683973885194,Participant3_FV_FuUp,Endomorph,Normal,upright,0.3304442074333234,-0.5299853550999156,0.7202530656880852,-1.0868346989154816,0.3915484014607467,0.6198205275633252,1
990,4.695426829268293,Participant3_FV_FuUp,Endomorph,Normal,upright,0.328759497292617,-0.6056167093631254,0.4911516446473012,-1.0834955871105194,0.0628702153246797,0.6179878523089525,1
991,4.700169684651392,Participant3_FV_FuUp,Endomorph,Normal,upright,0.3171951812787139,-0.4412774121197915,0.8770885170313284,-1.1050070524215698,0.769572768350343,0.6265800461667851,1
992,4.704912540034491,Participant3_FV_FuUp,Endomorph,Normal,upright,0.328832915104705,-0.6264262191374274,0.4300747975027264,-1.089080959558487,0.1153719943838521,0.6195447582372894,1
993,4.709655395417591,Participant3_FV_FuUp,Endomorph,Normal,upright,0.3291037814299738,-0.9841081434383234,0.3968694123246414,-1.0927273333072662,0.4219612225558404,0.6169701698847607,1
994,4.71439825080069,Participant3_FV_FuUp,Endomorph,Normal,upright,0.3231355095976814,-0.7048898401283654,0.6832606983751852,-1.059560328722,0.5974751976875148,0.6248383415755117,1
995,4.719141106183789,Participant3_FV_FuUp,Endomorph,Normal,upright,0.3215683407094634,-0.503658482660023,0.5129062739028661,-1.0834555923938751,0.4885740732117238,0.6215155941936696,1
996,4.723883961566888,Participant3_FV_FuUp,Endomorph,Normal,upright,0.3270393656092262,-0.4893269128473961,0.5084004037022556,-1.0607014000415802,0.5845007517563997,0.6256271771067162,1
997,4.728626816949988,Participant3_FV_FuUp,Endomorph,Normal,upright,0.3230806703670838,-0.6962352284968811,0.5894627616141438,-1.0821225047111511,-0.0372343427410831,0.6242711101871414,1
998,4.733369672333087,Participant3_FV_FuUp,Endomorph,Normal,upright,0.3274017432723773,-0.5206160788006166,0.8684246693515245,-1.0833511650562286,-0.117458728306821,0.6234310437850682,1
999,4.738112527716186,Participant3_FV_FuUp,Endomorph,Normal,upright,0.3220566070309358,-0.5343330381471253,0.7259316547805263,-1.083473563194275,0.0762970521079005,0.6253551983175207,1
1000,4.742855383099285,Participant3_FV_FuUp,Endomorph,Normal,upright,0.3265453709082621,-0.858745182635025,0.6280847610368572,-1.0417414903640747,-1.0122835836580937,0.6302577338158442,1
1001,4.747598238482385,Participant3_FV_FuUp,Endomorph,Normal,upright,0.3210461334970962,-0.7171564253133548,0.4079190414370566,-1.021763116121292,0.3073376066617229,0.6317045209523456,1
1002,4.752341093865484,Participant3_FV_FuUp,Endomorph,Normal,upright,0.3265007492830695,-0.3135272859557466,0.3357680600574891,-0.9519445896148682,1.0196704554097675,0.6242302535456418,1
1003,4.757083949248584,Participant3_FV_FuUp,Endomorph,Normal,upright,0.318508068243041,-0.6151889229211903,0.6291787811537677,-0.922480285167694,-0.1354898715184735,0.6278856223071856,1
1004,4.761826804631683,Participant3_FV_FuUp,Endomorph,Normal,upright,0.321652370046506,-0.1262863251388835,0.1387288489154182,-0.8695982694625854,-0.266920036935427,0.6186511642782275,1
1005,4.766569660014782,Participant3_FV_FuUp,Endomorph,Normal,upright,0.3222106087255194,-0.4377452895697605,0.6020709472222937,-0.9868914484977722,0.102194651971827,0.6224610381040427,1
1006,4.771312515397882,Participant3_FV_FuUp,Endomorph,Normal,upright,0.3257711329892185,-0.7970489452418087,0.3593137622066166,-0.9187000691890717,-1.0846284148573846,0.6203979022730267,1
1007,4.7760553707809805,Participant3_FV_FuUp,Endomorph,Normal,upright,0.3286774321136855,-0.8081849342862006,0.1315860975316231,-1.0053209364414215,-1.690878446281061,0.6132952031981259,1
1008,4.78079822616408,Participant3_FV_FuUp,Endomorph,Normal,upright,0.3284039889229044,-1.0640996702104544,0.5451054477121764,-0.9837450683116912,-1.814764994775057,0.6162546290801025,1
1009,4.785541081547179,Participant3_FV_FuUp,Endomorph,Normal,upright,0.3263885743630353,-0.6724474538672276,0.3808722341394683,-0.9821177423000336,0.0100563311278633,0.6162164518729046,1
1010,4.790283936930279,Participant3_FV_FuUp,Endomorph,Normal,upright,0.3291994098746204,-0.8848544297493873,0.5526410462740715,-0.9616336524486542,-1.0749534832462095,0.6196980371039524,1
1011,4.795026792313378,Participant3_FV_FuUp,Endomorph,Normal,upright,0.3256933761426402,-0.783091632597558,0.512991242326531,-0.9455558061599731,-0.3800362899633861,0.6231423587017063,1
1012,4.799769647696477,Participant3_FV_FuUp,Endomorph,Normal,upright,0.3254662603951098,-0.7174794449029458,0.5164144947765017,-0.9859212636947632,-0.0148793241804251,0.6151124607934677,1
1013,4.804512503079576,Participant3_FV_FuUp,Endomorph,Normal,upright,0.3325936584555657,-0.8459477462349224,0.6635229697790197,-0.9678466022014618,-0.5045429899820094,0.617760786453211,1
1014,4.809255358462676,Participant3_FV_FuUp,Endomorph,Normal,upright,0.3311372358534579,-0.7789220174699407,0.598003025816245,-1.0031233429908752,-0.6487709168573881,0.6110180487299609,1
1015,4.813998213845775,Participant3_FV_FuUp,Endomorph,Normal,upright,0.3281434535149701,-0.7712183809444355,0.3113626386632023,-1.0314326882362366,-1.1602493168921686,0.618715276556921,1
1016,4.818741069228874,Participant3_FV_FuUp,Endomorph,Normal,upright,0.3281744249452751,-0.5623534911721115,0.6030437700789323,-0.9607757925987244,-0.0523609277671446,0.6122756763749218,1
1017,4.823483924611973,Participant3_FV_FuUp,Endomorph,Normal,upright,0.3324580796874831,-0.6999134026819026,0.1922278154467876,-0.967012256383896,-1.4873418073552656,0.6201464704676797,1
1018,4.828226779995073,Participant3_FV_FuUp,Endomorph,Normal,upright,0.3318034801874617,-1.0986512406499025,0.3481653037665416,-0.9837040603160858,-2.1660491814020952,0.6155249440177318,1
1019,4.832969635378172,Participant3_FV_FuUp,Endomorph,Normal,upright,0.3277987619480861,-0.7606932957145034,0.8492886015843785,-1.023729830980301,-0.0100012294559217,0.6075706403179975,1
1020,4.837712490761271,Participant3_FV_FuUp,Endomorph,Normal,upright,0.3271763767657805,-0.6117522334640716,0.6573968295583323,-0.9188134670257568,-0.6211185995304874,0.6172218767319477,1
1021,4.84245534614437,Participant3_FV_FuUp,Endomorph,Normal,upright,0.328093780972589,-0.4689561875221142,0.4231210432184492,-0.8786724507808685,-0.707005931432528,0.6172427753702789,1
1022,4.84719820152747,Participant3_FV_FuUp,Endomorph,Normal,upright,0.323317811370948,-0.361887022112244,1.092633963935718,-0.9189714789390564,-0.91601788344167,0.6173288874829762,1
1023,4.851941056910569,Participant3_FV_FuUp,Endomorph,Normal,upright,0.3254249499916096,-0.777584527616523,0.971419658034935,-0.9407633543014526,-1.8439608470544169,0.6198824482418246,1
1024,4.8566839122936685,Participant3_FV_FuUp,Endomorph,Normal,upright,0.3234750108999606,-0.7750036456404907,0.8515376897235283,-0.9192065596580504,-0.1320950227600897,0.6192277000497883,1
1025,4.861426767676767,Participant3_FV_FuUp,Endomorph,Normal,upright,0.3312100124155203,-0.5864713956498651,-0.0275042647578436,-0.9319362938404084,-2.036090403157868,0.6214893889902076,1
1026,4.866169623059867,Participant3_FV_FuUp,Endomorph,Normal,upright,0.3319662478836473,-0.5024823893979258,0.1864369956059223,-0.944666028022766,-0.3675140169680523,0.6156979643364907,1
1027,4.870912478442967,Participant3_FV_FuUp,Endomorph,Normal,upright,0.3246767212105791,-0.6696451258330647,0.798549755189904,-1.0359134376049042,-0.246709405273851,0.6124048069849202,1
1028,4.8756553338260655,Participant3_FV_FuUp,Endomorph,Normal,upright,0.3292057221785711,-0.8539599400365337,0.352685961412899,-0.9400988221168518,-0.0166120958237647,0.6135408453042539,1
1029,4.880398189209165,Participant3_FV_FuUp,Endomorph,Normal,upright,0.3350595088209016,-0.9901321030244306,0.5796755589439202,-1.0048904120922089,-0.8757599722593135,0.6106023253459116,1
1030,4.885141044592264,Participant3_FV_FuUp,Endomorph,Normal,upright,0.3259629257378797,-0.3780221456913665,0.597231178836368,-0.9568411111831664,0.2067930885178071,0.6155888906427366,1
1031,4.889883899975364,Participant3_FV_FuUp,Endomorph,Normal,upright,0.3254483544896841,-0.7638647407055584,0.7905996006450825,-1.0048743188381195,0.6344004625907429,0.6130110016880451,1
1032,4.894626755358463,Participant3_FV_FuUp,Endomorph,Normal,upright,0.3330592313797599,-0.7852395801862098,0.2965583211573923,-0.991370975971222,-0.3724230064643289,0.6155272910822063,1
1033,4.899369610741562,Participant3_FV_FuUp,Endomorph,Normal,upright,0.3294176908443338,-0.7409166627871587,0.3160614738436528,-1.0049217343330383,0.30289276434745,0.6101477968078121,1
1034,4.904112466124661,Participant3_FV_FuUp,Endomorph,Normal,upright,0.3282655713318286,-0.9640829000719732,0.4149416748120465,-0.9973856210708618,-0.5272057507299934,0.6131273910994985,1
1035,4.908855321507761,Participant3_FV_FuUp,Endomorph,Normal,upright,0.3363402266662449,-0.396030491593141,0.6386651958493805,-1.0824742019176483,1.700264167785587,0.6137001487858792,1
1036,4.91359817689086,Participant3_FV_FuUp,Endomorph,Normal,upright,0.3320549520282165,-0.80683035394197,0.5744004560094592,-1.0626341104507446,0.737291784929623,0.6192603164904399,1
1037,4.918341032273959,Participant3_FV_FuUp,Endomorph,Normal,upright,0.3328552817555884,-0.4952951645511978,0.6025445510705029,-1.049145758152008,1.0513820816460009,0.6123725397259848,1
1038,4.923083887657058,Participant3_FV_FuUp,Endomorph,Normal,upright,0.328785846978269,-0.8685518185428742,0.3160970089291538,-0.996835231781006,-0.0747029121951972,0.6123839593447956,1
1039,4.927826743040158,Participant3_FV_FuUp,Endomorph,Normal,upright,0.3224747114023841,-0.9044044834449538,1.108796261345887,-1.025465190410614,0.4820620662634879,0.6196561530429793,1
1040,4.932569598423257,Participant3_FV_FuUp,Endomorph,Normal,upright,0.3319752654324151,-0.3982676520507155,0.4367895060608978,-1.0721104741096497,0.9898919070665884,0.6198225452623124,1
1041,4.937312453806356,Participant3_FV_FuUp,Endomorph,Normal,upright,0.3293077852180112,-0.7968345498416591,0.0155869896128926,-1.1445814669132233,0.5992656214195258,0.6195233256637099,1
1042,4.942055309189455,Participant3_FV_FuUp,Endomorph,Normal,upright,0.3303392018036134,-0.5003099828715846,0.1860311727536735,-1.1705572009086609,1.669980341559089,0.6246103353254007,1
1043,4.946798164572555,Participant3_FV_FuUp,Endomorph,Normal,upright,0.3313409637358634,-0.3324560693650208,0.2796924532202617,-1.104719579219818,1.561293344771875,0.6166096418804742,1
1044,4.951541019955654,Participant3_FV_FuUp,Endomorph,Normal,upright,0.3332130841731864,-0.6583536774377261,0.5635761346275441,-1.1050707399845123,0.5566502019713591,0.6156971697583079,1
1045,4.9562838753387535,Participant3_FV_FuUp,Endomorph,Normal,upright,0.3339610442774907,-0.4425950160645135,0.4384629247810334,-1.0682616531848907,1.475488989949114,0.6108719872021612,1
1046,4.961026730721852,Participant3_FV_FuUp,Endomorph,Normal,upright,0.3307850788861006,-0.8044858477637585,0.4144586924155058,-1.073083907365799,1.133244909070062,0.6223851609248409,1
1047,4.965769586104952,Participant3_FV_FuUp,Endomorph,Normal,upright,0.3264038697796744,-0.6623943084380232,0.7054192171153422,-1.0803691148757937,0.0162928614286436,0.6177676096514249,1
1048,4.970512441488052,Participant3_FV_FuUp,Endomorph,Normal,upright,0.3259271924945997,-0.9287268765683168,0.5883770124498392,-1.038685321807861,-1.0505335188190772,0.61464525322783,1
1049,4.975255296871151,Participant3_FV_FuUp,Endomorph,Normal,upright,0.3201427372293365,-0.8095943224523776,0.766901692813808,-1.042469710111618,-0.1393805196343767,0.6264141584071972,1
1050,4.97999815225425,Participant3_FV_FuUp,Endomorph,Normal,upright,0.3260288867041058,-0.5457571734506934,0.3097647092471547,-1.008044958114624,1.3682531718038229,0.6229970849443893,1
1051,4.984741007637349,Participant3_FV_FuUp,Endomorph,Normal,upright,0.3275604063610324,-0.823651333610187,0.5734154147489576,-1.0611934661865234,0.4592594619864988,0.6221137007715737,1
1052,4.989483863020449,Participant3_FV_FuUp,Endomorph,Normal,upright,0.3282579379041793,-0.7763753678321089,0.5987464158747456,-1.0560387670993805,0.6210795340224253,0.6139371452033533,1
1053,4.994226718403548,Participant3_FV_FuUp,Endomorph,Normal,upright,0.3290221225871067,-0.6985475008752595,0.3621424012032134,-1.0638410449028015,0.1387044980547425,0.623891498413382,1
1054,4.998969573786647,Participant3_FV_FuUp,Endomorph,Normal,upright,0.3308414556186528,-0.4556648243956681,0.8393755019314371,-1.067914456129074,0.2586695694023878,0.6241544872836943,1
1055,5.003712429169746,Participant3_FV_FuUp,Endomorph,Normal,upright,0.3298143197608614,-0.3358155748981178,0.2389400732568954,-1.1014437675476074,1.9138728776913407,0.6208548194293336,1
1056,5.008455284552846,Participant3_FV_FuUp,Endomorph,Normal,upright,0.3306371336534329,-0.4319934369432816,0.8504168316986452,-1.138068437576294,0.2134836243441731,0.6246852214036807,1
1057,5.013198139935945,Participant3_FV_FuUp,Endomorph,Normal,upright,0.3302890466949892,-0.4250712733563176,0.3085999526791863,-1.212782800197601,1.605938172604655,0.6219468210339679,1
1058,5.017940995319044,Participant3_FV_FuUp,Endomorph,Normal,upright,0.3308006745950779,-0.3766554684144595,0.1460171120579143,-1.1162984371185305,-0.2123795300883251,0.6180219677177278,1
1059,5.022683850702143,Participant3_FV_FuUp,Endomorph,Normal,upright,0.3257178939158292,-0.7824791501228471,0.21274789976048,-1.096459150314331,-0.2829350520753375,0.6229012040248789,1
1060,5.027426706085243,Participant3_FV_FuUp,Endomorph,Normal,upright,0.324348881804307,-0.6842104724599769,0.0098053863711709,-1.13125678896904,0.1381778510699546,0.6258630563877221,1
1061,5.032169561468342,Participant3_FV_FuUp,Endomorph,Normal,upright,0.3249670470691835,-0.5339339241247449,0.8093856831828093,-1.0875240862369535,0.6922465817090321,0.6255475996584031,1
1062,5.036912416851441,Participant3_FV_FuUp,Endomorph,Normal,upright,0.3166010775830833,-0.2798447539693539,0.9228317776274756,-1.1732049882411957,-0.9040944054542304,0.6258240483008541,1
1063,5.04165527223454,Participant3_FV_FuUp,Endomorph,Normal,upright,0.3233970755336655,-0.5707118630959487,0.3722863473571297,-1.098850578069687,-0.4256271895889217,0.6264251391637956,1
1064,5.04639812761764,Participant3_FV_FuUp,Endomorph,Normal,upright,0.3221967884907242,-0.621599637944362,0.6612184602998923,-1.0806132555007937,-1.4351582568387504,0.6278714487357461,1
1065,5.051140983000739,Participant3_FV_FuUp,Endomorph,Normal,upright,0.3257627356117474,-0.2069423099836925,0.935496078068212,-1.0900770127773285,-1.0969953247158972,0.6222829280743822,1
1066,5.055883838383839,Participant3_FV_FuUp,Endomorph,Normal,upright,0.3264840990217456,-0.3191157228891208,0.9865591149336636,-1.03646382689476,-1.0152625566206332,0.6222881931991701,1
1067,5.060626693766937,Participant3_FV_FuUp,Endomorph,Normal,upright,0.3266647454140012,-0.1428740689663506,0.9888795688310622,-1.0587464570999146,-0.9302326643441644,0.6188927163159275,1
1068,5.065369549150037,Participant3_FV_FuUp,Endomorph,Normal,upright,0.3232123454858491,-0.178237505746013,1.0443628367174038,-1.052874505519867,-0.8827077479007821,0.6226743488275395,1
1069,5.070112404533137,Participant3_FV_FuUp,Endomorph,Normal,upright,0.3270530215890152,-0.191732249119431,1.2445544832847777,-0.9933421909809113,-2.0961819878200028,0.6279736453099262,1
1070,5.074855259916236,Participant3_FV_FuUp,Endomorph,Normal,upright,0.3284420174317492,-0.4848735385640473,1.1005367074763726,-1.0815545916557312,0.3911989914973688,0.6169131764802352,1
1071,5.079598115299335,Participant3_FV_FuUp,Endomorph,Normal,upright,0.318102688159619,-0.6639492841911122,1.2313975313670522,-1.0460351407527924,0.5753406090235067,0.6260527797562265,1
1072,5.084340970682434,Participant3_FV_FuUp,Endomorph,Normal,upright,0.3290054217395433,-0.0088717592749974,0.9261572246249103,-1.095549464225769,1.581748490394013,0.6166738047616463,1
1073,5.089083826065534,Participant3_FV_FuUp,Endomorph,Normal,upright,0.3250905264961671,-0.7803420134236979,1.0564122131587177,-1.182480126619339,0.1489278103936504,0.6203442962150127,1
1074,5.093826681448633,Participant3_FV_FuUp,Endomorph,Normal,upright,0.3199111531514553,-0.8798690545241422,1.1633972120169314,-1.1732246577739716,-0.3393797738688835,0.6251575167338319,1
1075,5.098569536831732,Participant3_FV_FuUp,Endomorph,Normal,upright,0.3203230649092385,-0.9430158518256804,1.116466690797575,-1.1510323584079742,-1.2646043051439348,0.6280113192566056,1
1076,5.103312392214831,Participant3_FV_FuUp,Endomorph,Normal,upright,0.3159281559309411,-1.241045239914466,1.20192769810857,-1.1901597380638125,-1.3207336478464315,0.6210585351319731,1
1077,5.108055247597931,Participant3_FV_FuUp,Endomorph,Normal,upright,0.3258580975556087,-0.7742613620946336,1.0979947372000587,-1.1462271213531494,-1.5619691694841744,0.6250261926455117,1
1078,5.11279810298103,Participant3_FV_FuUp,Endomorph,Normal,upright,0.3188832747939435,-0.8636353310815831,0.7397283490031951,-1.2011296451091766,-1.609936045831072,0.6267723475368357,1
1079,5.117540958364129,Participant3_FV_FuUp,Endomorph,Normal,upright,0.3303089477316919,-0.7168328234318073,0.7937974367068391,-1.0950762033462524,-0.0075085014321115,0.6189546409950922,1
1080,5.122283813747228,Participant3_FV_FuUp,Endomorph,Normal,upright,0.3300874903887791,-0.5816227136455755,1.0312617534206008,-1.0299414992332458,-0.3352951198484735,0.6230238707558102,1
1081,5.127026669130328,Participant3_FV_FuUp,Endomorph,Normal,upright,0.3313038155334237,-0.6352328322047385,0.8822696088612596,-1.0323643684387207,0.4135140436729305,0.6185257297530058,1
1082,5.131769524513427,Participant3_FV_FuUp,Endomorph,Normal,upright,0.3305115904719191,-0.568425776259753,0.5890122195096831,-1.0889238715171814,0.3496657182372043,0.621488369890888,1
1083,5.136512379896526,Participant3_FV_FuUp,Endomorph,Normal,upright,0.3256279729577094,-0.5580639603030352,0.75870489776181,-1.159601390361786,-0.2949416736551292,0.6253105776393237,1
1084,5.141255235279625,Participant3_FV_FuUp,Endomorph,Normal,upright,0.3295547400529025,-0.4782298886678281,0.9679851195429796,-1.0645673274993896,-1.0667672560065706,0.6156855112931124,1
1085,5.145998090662725,Participant3_FV_FuUp,Endomorph,Normal,upright,0.3297086306087411,-0.4831585793265772,0.0806641276804542,-1.0853863656520844,-1.5676230295578382,0.6162260227285127,1
1086,5.150740946045824,Participant3_FV_FuUp,Endomorph,Normal,upright,0.3276665013805094,-0.7096242177477357,0.6727640986643475,-1.0945374369621277,-3.456110385268158,0.6176571114967048,1
1087,5.155483801428924,Participant3_FV_FuUp,Endomorph,Normal,upright,0.3283606041536009,-0.915126158369316,0.4779303112016045,-1.11957985162735,-2.6982849021779822,0.6143486593002573,1
1088,5.160226656812022,Participant3_FV_FuUp,Endomorph,Normal,upright,0.3219066464230092,-1.0715894266348822,0.3338304822784094,-1.1191497445106506,-1.5833612795347909,0.6134267099460236,1
1089,5.164969512195122,Participant3_FV_FuUp,Endomorph,Normal,upright,0.3236323888670889,-0.6836855912983997,0.7218044073282137,-1.1465385556221008,-0.0248366749146987,0.6104336742310618,1
1090,5.169712367578222,Participant3_FV_FuUp,Endomorph,Normal,upright,0.3281290725216984,-1.2942648422692045,0.2336449491424592,-1.1376632452011108,-3.6774722586006456,0.6157834963549292,1
1091,5.1744552229613205,Participant3_FV_FuUp,Endomorph,Normal,upright,0.3276148070742488,-0.8636443227009679,0.1367937059132569,-1.1003135442733765,-1.626445737202644,0.6141749067618807,1
1092,5.17919807834442,Participant3_FV_FuUp,Endomorph,Normal,upright,0.3206399422861101,-0.3808113829340826,0.0544947643917861,-1.0529843270778656,-2.263101438277488,0.6112594610792708,1
1093,5.183940933727519,Participant3_FV_FuUp,Endomorph,Normal,upright,0.3286279198713994,-0.6386320253417633,0.3883436439225564,-1.1370758712291718,-1.266105786966521,0.6110144129531484,1
1094,5.188683789110619,Participant3_FV_FuUp,Endomorph,Normal,upright,0.3251629758594861,-0.6469175042715157,0.9379194297686736,-1.1458194255828855,-0.5258442522687662,0.6092759404277929,1
1095,5.193426644493718,Participant3_FV_FuUp,Endomorph,Normal,upright,0.3226971713631766,-0.7644145809377397,0.7590387220930365,-1.1306858956813812,0.127549428941976,0.6111672251797273,1
1096,5.198169499876817,Participant3_FV_FuUp,Endomorph,Normal,upright,0.3213737890363731,-0.886024170013065,0.7284376881954779,-1.1375370919704435,0.3291867229518732,0.6085266288346133,1
1097,5.202912355259916,Participant3_FV_FuUp,Endomorph,Normal,upright,0.3283564468537517,-0.3692120625431854,0.9140187836621316,-1.0992838740348816,0.6674107633906693,0.6105480595929677,1
1098,5.207655210643016,Participant3_FV_FuUp,Endomorph,Normal,upright,0.3238296912140669,-0.7089819258747981,1.1558335520481098,-1.1357558369636536,1.1971491634197178,0.6094063066187899,1
1099,5.212398066026115,Participant3_FV_FuUp,Endomorph,Normal,upright,0.3230564234409329,-0.72655038076139,1.2542431653805588,-1.1082516610622406,0.931771743156274,0.6136285487116498,1
1100,5.217140921409214,Participant3_FV_FuUp,Endomorph,Normal,upright,0.3226718258126284,-1.0523789054754964,1.331591295242106,-1.0617018043994904,0.7615460310822916,0.6159516933079782,1
1101,5.221883776792313,Participant3_FV_FuUp,Endomorph,Normal,upright,0.3236900792095797,-1.0358127318892796,0.9054584494402468,-1.050334393978119,-0.8521643644452592,0.613846116449496,1
1102,5.226626632175413,Participant3_FV_FuUp,Endomorph,Normal,upright,0.3228967994612824,-1.139121714655828,1.2613836626144563,-1.0590876340866089,-1.204198935039485,0.6143410473381491,1
1103,5.231369487558512,Participant3_FV_FuUp,Endomorph,Normal,upright,0.3299958137679619,-1.3599158374085023,0.675073419917005,-1.1040258407592771,-2.9644917737519307,0.6174423234072135,1
1104,5.236112342941611,Participant3_FV_FuUp,Endomorph,Normal,upright,0.3304158243289524,-1.16161062659097,0.1134458189735495,-1.084283083677292,-3.3292904291377896,0.6189608929658067,1
1105,5.24085519832471,Participant3_FV_FuUp,Endomorph,Normal,upright,0.3257735200410164,-1.1254184474713864,0.1138867405184477,-1.064607322216034,-2.447699544954117,0.6198538886987315,1
1106,5.24559805370781,Participant3_FV_FuUp,Endomorph,Normal,upright,0.3266697456017064,-1.0739682434725388,0.647189388238528,-1.103036254644394,-0.1850925324792998,0.6101092180835458,1
1107,5.250340909090909,Participant3_FV_FuUp,Endomorph,Normal,upright,0.32306013810689,-0.8670204578713744,1.2366712036241068,-1.078779697418213,-0.8040061763796501,0.6083644378840084,1
1108,5.2550837644740085,Participant3_FV_FuUp,Endomorph,Normal,upright,0.3256502853950953,-0.8016945896518116,1.2570423012098315,-1.072462648153305,-2.131812197879982,0.6151927911050612,1
1109,5.259826619857107,Participant3_FV_FuUp,Endomorph,Normal,upright,0.3266786336661862,-0.7283438232495677,1.4418105438944826,-1.101455181837082,-0.1885859567892592,0.6161970662169268,1
1110,5.264569475240207,Participant3_FV_FuUp,Endomorph,Normal,upright,0.3287509328057335,-0.4644330590034333,0.7583793596477585,-1.0157064199447632,0.0998913489029198,0.6149153068758638,1
1111,5.269312330623307,Participant3_FV_FuUp,Endomorph,Normal,upright,0.3288302324001242,-0.8966234482620565,0.542139777762066,-1.031863123178482,-0.8998323285354654,0.6168324134200888,1
1112,5.2740551860064055,Participant3_FV_FuUp,Endomorph,Normal,upright,0.3275038673299318,-0.8240530737798272,0.8415777980907738,-1.0426805019378662,-2.052310195860292,0.6195310059306091,1
1113,5.278798041389505,Participant3_FV_FuUp,Endomorph,Normal,upright,0.3283583933719178,-0.4209220905891381,0.987373442342593,-1.031328946352005,-1.5265199054224328,0.6118505899598634,1
1114,5.283540896772604,Participant3_FV_FuUp,Endomorph,Normal,upright,0.3210494288592806,-0.6942238251828015,0.933643506122172,-1.0836681723594666,-1.7133868500772416,0.6173035035223807,1
1115,5.288283752155704,Participant3_FV_FuUp,Endomorph,Normal,upright,0.3262444927763098,-0.6806971121580405,1.5515582849167575,-1.108199656009674,-1.727811925943708,0.6184066644991654,1
1116,5.293026607538803,Participant3_FV_FuUp,Endomorph,Normal,upright,0.3213144132815851,-0.6732308937794586,0.2547308498198259,-1.108666718006134,-2.261522139444956,0.6188931033513536,1
1117,5.297769462921902,Participant3_FV_FuUp,Endomorph,Normal,upright,0.3313790667765253,-0.5621419529234485,0.3281118337165482,-1.1040491461753843,-0.7808489175037246,0.6208716835410966,1
1118,5.302512318305001,Participant3_FV_FuUp,Endomorph,Normal,upright,0.3229761582153503,-0.2705874777565769,1.0673341701695496,-1.1230462193489077,-0.24841277626909,0.6184204937572815,1
1119,5.307255173688101,Participant3_FV_FuUp,Endomorph,Normal,upright,0.3254631673102563,-0.6593151668228606,0.5265518570998862,-1.0123129189014437,0.2359053314753295,0.6223360464054145,1
1120,5.3119980290712,Participant3_FV_FuUp,Endomorph,Normal,upright,0.3287992516606695,-0.6516848686928416,0.3348802652186886,-1.0665938556194303,-0.4757362107520032,0.6209598108549331,1
1121,5.316740884454299,Participant3_FV_FuUp,Endomorph,Normal,upright,0.327504167450116,-0.5909578833081693,1.0948883826563365,-1.077455997467041,-0.3270410101815794,0.6176496853426433,1
1122,5.321483739837398,Participant3_FV_FuUp,Endomorph,Normal,upright,0.3285313841193011,-0.0912658656066944,1.0533185444167947,-1.1451885104179382,0.4989527492986913,0.6158078376708566,1
1123,5.326226595220498,Participant3_FV_FuUp,Endomorph,Normal,upright,0.3226815413042816,-0.4122170296566443,0.8785334614078167,-1.168108880519867,-0.4520200855523535,0.6140010119788215,1
1124,5.330969450603597,Participant3_FV_FuUp,Endomorph,Normal,upright,0.3192866368100208,-0.3915008625857278,0.9428657940597344,-1.2034970819950104,-0.3415503161322497,0.6249439874348541,1
1125,5.335712305986696,Participant3_FV_FuUp,Endomorph,Normal,upright,0.3240990898923607,-0.3612584381401356,1.072191461720268,-1.1677039861679075,-0.5362008027498585,0.6180437868657647,1
1126,5.340455161369795,Participant3_FV_FuUp,Endomorph,Normal,upright,0.3267921197055049,-0.3630135429233049,1.1350041702688478,-1.1168603599071505,1.0391094835647807,0.617874038693246,1
1127,5.345198016752895,Participant3_FV_FuUp,Endomorph,Normal,upright,0.3268104928511911,-0.3647686477064742,0.7146801579037001,-1.2123742997646332,-0.3011583765419584,0.6214026079491164,1
1128,5.349940872135994,Participant3_FV_FuUp,Endomorph,Normal,upright,0.3256726012739485,-0.5713491780884079,1.2489596578322282,-1.171214908361435,0.4919200324574981,0.6241424160308789,1
1129,5.3546837275190935,Participant3_FV_FuUp,Endomorph,Normal,upright,0.3190984940499404,-0.5174480158973027,0.8587059028449876,-1.1585813164711,-0.1729885705330506,0.6227071016082361,1
1130,5.359426582902192,Participant3_FV_FuUp,Endomorph,Normal,upright,0.3232290089339693,-0.7042536854861167,-0.036742472960915,-1.1404942274093628,-0.348049832155178,0.6210625532374902,1
1131,5.364169438285292,Participant3_FV_FuUp,Endomorph,Normal,upright,0.3227591717530081,-0.4758697343174669,0.4280481731294427,-1.1458021700382233,0.0384528127465195,0.6172678282237928,1
1132,5.368912293668392,Participant3_FV_FuUp,Endomorph,Normal,upright,0.3269219063800906,-0.3359165357013964,1.2137581825670605,-1.110726535320282,0.6457843744090229,0.6125349771290363,1
1133,5.3736551490514906,Participant3_FV_FuUp,Endomorph,Normal,upright,0.3261849314272144,-0.6150945266309251,-0.0305304410672626,-1.1207667887210846,0.3892169771785859,0.6129131643448626,1
1134,5.37839800443459,Participant3_FV_FuUp,Endomorph,Normal,upright,0.3240874204339742,-0.5224747054059028,0.6602793662698181,-1.0531540513038635,0.5976252713610539,0.6164286426695398,1
1135,5.383140859817689,Participant3_FV_FuUp,Endomorph,Normal,upright,0.3260179512155687,-0.2276540810743445,0.9417883483118712,-1.150871902704239,1.532104752295632,0.6122474122955753,1
1136,5.387883715200789,Participant3_FV_FuUp,Endomorph,Normal,upright,0.3314401071396342,-0.5425482183638096,0.788207251343893,-1.1083319187164309,0.5211423412341294,0.6167425154104532,1
1137,5.392626570583888,Participant3_FV_FuUp,Endomorph,Normal,upright,0.3313145377446937,-0.1936918855355516,1.064374486414465,-1.0963943600654602,0.3413269930599875,0.6129631556665853,1
1138,5.397369425966987,Participant3_FV_FuUp,Endomorph,Normal,upright,0.3311418765466487,-0.7100243845017075,0.6476237544305555,-1.0341885685920715,1.6722915108734753,0.6153850402371285,1
1139,5.402112281350086,Participant3_FV_FuUp,Endomorph,Normal,upright,0.3330801365047583,-0.6075584902931179,0.8337787918479642,-1.0186405181884766,1.4206436118240224,0.6106052959027902,1
1140,5.406855136733186,Participant3_FV_FuUp,Endomorph,Normal,upright,0.3355458955842283,-0.6849649570250567,0.2642110284680878,-1.040475696325302,0.332213539469488,0.6107544435294759,1
1141,5.411597992116285,Participant3_FV_FuUp,Endomorph,Normal,upright,0.330616022533423,-0.3823051170642187,0.8304561704755824,-1.072071194648743,0.3516874573605281,0.6108989808795051,1
1142,5.416340847499384,Participant3_FV_FuUp,Endomorph,Normal,upright,0.3355691784967857,-0.3842156600562973,0.7741103198976382,-1.0277882814407349,1.8220830975713775,0.6060924607138043,1
1143,5.421083702882483,Participant3_FV_FuUp,Endomorph,Normal,upright,0.3353297104146306,-0.3748119968633442,0.2817709766695387,-0.9981947541236876,2.3412879488456566,0.6062826599627122,1
1144,5.425826558265583,Participant3_FV_FuUp,Endomorph,Normal,upright,0.329108422806757,0.0409866394243275,0.7713526505356352,-1.0861470997333529,2.3673637591836294,0.6124177949975731,1
1145,5.430569413648682,Participant3_FV_FuUp,Endomorph,Normal,upright,0.3303099696669792,-0.4467901146131731,0.8025546443126301,-1.0294781923294067,1.8158851070991329,0.6050905080176607,1
1146,5.435312269031781,Participant3_FV_FuUp,Endomorph,Normal,upright,0.3344228590852457,-0.4044658958732728,0.4573009765898153,-1.0219210386276243,1.5951441478306807,0.605241209776156,1
1147,5.44005512441488,Participant3_FV_FuUp,Endomorph,Normal,upright,0.3298617868505312,-0.4649705874248337,0.8099883198300787,-1.010705828666687,2.130502560567858,0.6127501734506106,1
1148,5.44479797979798,Participant3_FV_FuUp,Endomorph,Normal,upright,0.3287765868994924,-0.5092828265660532,1.0041489226500926,-1.0293864011764526,1.7895542743462305,0.6120165958067623,1
1149,5.449540835181079,Participant3_FV_FuUp,Endomorph,Normal,upright,0.3252402285575457,-0.214436586197847,1.035417218711255,-1.0407024323940277,2.677253077461652,0.6113965415811824,1
1150,5.4542836905641785,Participant3_FV_FuUp,Endomorph,Normal,upright,0.3297328585842941,-0.2062606957035783,0.906715487650462,-1.0371800065040588,0.3414109491032401,0.6063250848506438,1
1151,5.459026545947277,Participant3_FV_FuUp,Endomorph,Normal,upright,0.3303676270639343,-0.7297716122164585,0.7776780720013955,-1.0564769506454468,0.628354384944278,0.6091183974399331,1
1152,5.463769401330377,Participant3_FV_FuUp,Endomorph,Normal,upright,0.3367045467258691,-0.6551787516047964,1.0220558033519958,-0.9741313457489014,1.4922926054702672,0.6076716806600814,1
1153,5.468512256713476,Participant3_FV_FuUp,Endomorph,Normal,upright,0.3327776418743917,-0.6567290593426425,0.6633678707166285,-0.9973621368408204,0.6582403178314906,0.6012813841705416,1
1154,5.473255112096576,Participant3_FV_FuUp,Endomorph,Normal,upright,0.3333889150618823,-0.8038362662265675,0.227323550622076,-0.9977422654628754,0.8232979053018911,0.6007484432588269,1
1155,5.477997967479675,Participant3_FV_FuUp,Endomorph,Normal,upright,0.3334038564061193,-0.659122339421588,0.8616701820818647,-0.9591226577758788,1.4466565214180385,0.6068029479481037,1
1156,5.482740822862774,Participant3_FV_FuUp,Endomorph,Normal,upright,0.3297733718726068,-0.5636428353659675,0.7891727490346605,-0.9845580160617828,0.9284427481919528,0.6087423370544018,1
1157,5.487483678245874,Participant3_FV_FuUp,Endomorph,Normal,upright,0.333584721877704,-0.3796186812842812,0.2539881607958378,-0.9956640303134918,2.0384353958770287,0.6075932826923685,1
1158,5.492226533628973,Participant3_FV_FuUp,Endomorph,Normal,upright,0.3360701431992433,-0.546051974371363,0.1323219901186337,-0.9965289533138276,1.1549662197489905,0.6069125484670939,1
1159,5.496969389012072,Participant3_FV_FuUp,Endomorph,Normal,upright,0.3370270820768625,-0.1185552863193013,0.4084915735348511,-0.9451614320278168,2.638002802990832,0.6051840922659654,1
1160,5.501712244395171,Participant3_FV_FuUp,Endomorph,Normal,upright,0.3321928314949374,-0.6004045670804956,0.3083694933547599,-0.9508763253688812,0.6233511223348197,0.6096611968985917,1
1161,5.506455099778271,Participant3_FV_FuUp,Endomorph,Normal,upright,0.3325560703526425,-0.4784941424508884,0.8023078323451416,-0.9550748467445374,0.9203763211278548,0.6106777357439043,1
1162,5.51119795516137,Participant3_FV_FuUp,Endomorph,Normal,upright,0.3286173024355578,-0.2638126871532073,0.6743731478574717,-0.9529181718826294,1.393706710816101,0.6091102555756548,1
1163,5.515940810544469,Participant3_FV_FuUp,Endomorph,Normal,upright,0.329780344026068,-0.4944878100451946,0.416285817912595,-0.9528208374977112,2.1268023381082206,0.6072877910126727,1
1164,5.520683665927568,Participant3_FV_FuUp,Endomorph,Normal,upright,0.3349146123168404,-0.8267484258753186,0.2339107313570586,-0.8504810333251953,0.7405365690658257,0.6044081530534906,1
1165,5.525426521310668,Participant3_FV_FuUp,Endomorph,Normal,upright,0.3292446684216371,-0.3229995393221685,0.7854507436305896,-0.9360390603542328,2.6655726357734406,0.6092442822288502,1
1166,5.530169376693767,Participant3_FV_FuUp,Endomorph,Normal,upright,0.3269205813629735,-0.4530370987677634,1.0311163124242164,-0.9344494044780732,2.2518896056033397,0.612886514224905,1
1167,5.534912232076866,Participant3_FV_FuUp,Endomorph,Normal,upright,0.3334279107604158,-0.7184036180203224,0.9778903846860468,-0.8446536958217621,1.3609590635834108,0.6086498607364317,1
1168,5.539655087459965,Participant3_FV_FuUp,Endomorph,Normal,upright,0.3341528289040733,-0.453641189608146,0.2206948223914709,-1.0038462579250336,0.6008635210582364,0.6090741327793486,1
1169,5.544397942843065,Participant3_FV_FuUp,Endomorph,Normal,upright,0.3337970048263648,-0.5900171186672925,0.4851656071312215,-0.9268744885921478,0.2800457534071666,0.6122326917149117,1
1170,5.549140798226164,Participant3_FV_FuUp,Endomorph,Normal,upright,0.3318062234687627,-0.6509254938388523,0.4100023425146574,-0.9689420759677888,1.0133276500905248,0.6111961742371274,1
1171,5.553883653609264,Participant3_FV_FuUp,Endomorph,Normal,upright,0.3347765487413843,-0.1417176423009389,0.37873550916264,-0.9373795092105864,2.4531851802175053,0.6080623988011441,1
1172,5.558626508992362,Participant3_FV_FuUp,Endomorph,Normal,upright,0.3300645253075259,-0.3026067054490447,0.5952402025224139,-0.9853399693965912,1.7595214488046964,0.6105982884776391,1
1173,5.563369364375462,Participant3_FV_FuUp,Endomorph,Normal,upright,0.3335209623882975,-0.4864374084322593,0.5890645656922604,-0.9369671642780304,2.120958700014606,0.6099030537012143,1
1174,5.568112219758561,Participant3_FV_FuUp,Endomorph,Normal,upright,0.3345253063402218,-0.5256472712093516,0.3034453266747338,-0.9980653524398804,1.302616870786356,0.6085501707710136,1
1175,5.572855075141661,Participant3_FV_FuUp,Endomorph,Normal,upright,0.3298812585160303,-0.225933554370211,0.6769761015288241,-0.9696263670921326,2.192282240036231,0.608429960170088,1
1176,5.57759793052476,Participant3_FV_FuUp,Endomorph,Normal,upright,0.3328521353883381,-0.4317915541876294,0.5821409591267004,-0.9606843590736388,0.3938752904394641,0.6061138370836148,1
1177,5.582340785907859,Participant3_FV_FuUp,Endomorph,Normal,upright,0.33485715805178,-0.7505357489819112,0.8043299007275566,-0.9542450606822968,-0.1331429142345304,0.608944595708352,1
1178,5.587083641290959,Participant3_FV_FuUp,Endomorph,Normal,upright,0.3337552140611841,-0.6906605609438836,0.5727875976503854,-0.996094137430191,0.3928511258121811,0.6081854890787668,1
1179,5.591826496674058,Participant3_FV_FuUp,Endomorph,Normal,upright,0.3320572627638872,-0.4623482965816394,0.0666544158584062,-0.9780997931957244,0.8159332183123874,0.6095037122512084,1
1180,5.596569352057157,Participant3_FV_FuUp,Endomorph,Normal,upright,0.3318054747871543,-0.6755163362331678,0.1843693548557286,-0.955321967601776,0.4682995232506783,0.6061774089119727,1
1181,5.601312207440256,Participant3_FV_FuUp,Endomorph,Normal,upright,0.3329386443687224,-0.7649183512465324,-0.0836030177018382,-0.9206241369247437,0.8475250455916701,0.6064696150280846,1
1182,5.606055062823356,Participant3_FV_FuUp,Endomorph,Normal,upright,0.3343028872008897,-0.7171029775568117,0.0243758201352267,-0.9310316145420074,0.5000643182950779,0.6036625340414284,1
1183,5.610797918206455,Participant3_FV_FuUp,Endomorph,Normal,upright,0.3367938033517585,-1.2285324406666656,0.4290996316918926,-0.975264698266983,1.0574053994861257,0.6049872145493735,1
1184,5.615540773589554,Participant3_FV_FuUp,Endomorph,Normal,upright,0.327351216579072,-0.8624424838855711,0.9088322148889952,-1.0138077437877655,0.963792127832614,0.6048180182570483,1
1185,5.620283628972653,Participant3_FV_FuUp,Endomorph,Normal,upright,0.3316640265028169,-0.8689435611577371,0.3444160212187353,-1.0239503979682922,0.079774948694049,0.6087435485223107,1
1186,5.625026484355753,Participant3_FV_FuUp,Endomorph,Normal,upright,0.3311002536129525,-0.804317779897526,0.4768117980509563,-1.0395864844322205,1.099653934019672,0.6013102240293007,1
1187,5.629769339738852,Participant3_FV_FuUp,Endomorph,Normal,upright,0.3300595442414064,-1.0387348245565051,0.4527132247307819,-1.013742744922638,0.7492391135843489,0.60694428479902,1
1188,5.634512195121952,Participant3_FV_FuUp,Endomorph,Normal,upright,0.3325860495578317,-0.7283247929449841,0.6321520531297817,-0.9395140409469604,0.5716665931000274,0.6083589262067935,1
1189,5.63925505050505,Participant3_FV_FuUp,Endomorph,Normal,upright,0.3293037923055884,-1.1042429729955958,0.463145591785285,-1.0171487629413605,-0.4386041749089119,0.6054926845199878,1
1190,5.64399790588815,Participant3_FV_FuUp,Endomorph,Normal,upright,0.3330281668839983,-0.6485176471837479,0.5109264464785884,-1.079231679439545,0.981320680412962,0.6005317798897588,1
1191,5.648740761271249,Participant3_FV_FuUp,Endomorph,Normal,upright,0.3357807803627575,-0.5550768020665545,0.5504935516080172,-1.0549495816230774,1.3979456508042618,0.6092334781530898,1
1192,5.6534836166543485,Participant3_FV_FuUp,Endomorph,Normal,upright,0.3269657339459758,-1.049413561107534,0.996699955759176,-0.9095886945724488,0.5914694696734376,0.6093800844222319,1
1193,5.658226472037447,Participant3_FV_FuUp,Endomorph,Normal,upright,0.335421800461737,-0.7443903005487962,0.3010491560194864,-0.9608859419822692,1.250444054991595,0.6093056637347972,1
1194,5.662969327420547,Participant3_FV_FuUp,Endomorph,Normal,upright,0.3339494291019328,-0.7793834215861879,0.32408788750757,-0.979221522808075,0.5417830835509597,0.6081761714780197,1
1195,5.667712182803646,Participant3_FV_FuUp,Endomorph,Normal,upright,0.3354703572199815,-0.9159052529347026,0.4190855256890637,-0.8959547281265259,0.928478885662907,0.6088183248722708,1
1196,5.672455038186746,Participant3_FV_FuUp,Endomorph,Normal,upright,0.3348027245219586,-0.8047778171369441,0.3489872690804341,-1.00375297665596,1.4982863380575369,0.6092034704679351,1
1197,5.677197893569845,Participant3_FV_FuUp,Endomorph,Normal,upright,0.3350243879577128,-0.9772096378573076,0.2504384547944513,-0.9147671163082124,1.0828654002806648,0.608666611559529,1
1198,5.681940748952944,Participant3_FV_FuUp,Endomorph,Normal,upright,0.3332865789120935,-0.7660597904291594,0.0366271557726391,-0.8612881004810333,1.2664668700438113,0.6079644965238695,1
1199,5.686683604336044,Participant3_FV_FuUp,Endomorph,Normal,upright,0.3317215042229789,-0.3946532274731431,0.6534101635416969,-0.952105551958084,2.262665560248959,0.6091007540922111,1
1200,5.691426459719143,Participant3_FV_FuUp,Endomorph,Normal,upright,0.3328118821065909,-0.377374100312602,0.8374219957804648,-0.9331591427326202,1.2135046866881587,0.6066279861070406,1
1201,5.696169315102242,Participant3_FV_FuUp,Endomorph,Normal,upright,0.3366004233296494,-0.2844604164732426,0.704684095529489,-0.8530209958553314,1.4973058482319637,0.6122118882550367,1
1202,5.700912170485341,Participant3_FV_FuUp,Endomorph,Normal,upright,0.3367949710101699,-0.7921387628423222,0.1782531280132314,-0.903818905353546,0.9891407915347358,0.6098303674662904,1
1203,5.705655025868441,Participant3_FV_FuUp,Endomorph,Normal,upright,0.3324538651204847,-0.8765627250396227,0.3135908934278138,-0.99491086602211,0.4189952862492742,0.6067839170319165,1
1204,5.71039788125154,Participant3_FV_FuUp,Endomorph,Normal,upright,0.3311065929700943,-0.8254420603325401,0.7538644740159975,-1.0371269285678864,0.5032444860255749,0.600283868431437,1
1205,5.715140736634639,Participant3_FV_FuUp,Endomorph,Normal,upright,0.3350541772844502,-0.3249891705875122,0.3146313555268016,-1.040792495012283,1.9243690295139853,0.6120716744611115,1
1206,5.719883592017738,Participant3_FV_FuUp,Endomorph,Normal,upright,0.3291876797916095,-1.0017302443061218,0.3532011668010644,-1.0087683200836182,0.24960922229414,0.6086849707248077,1
1207,5.724626447400838,Participant3_FV_FuUp,Endomorph,Normal,upright,0.3309614892246315,-0.54151370088693,0.228327592865756,-1.00058251619339,1.30455964355621,0.602986533794561,1
1208,5.729369302783937,Participant3_FV_FuUp,Endomorph,Normal,upright,0.334498354198491,-0.5570503817254143,0.6267412344979716,-1.0273057520389557,1.784236515997652,0.6082583249255046,1
1209,5.7341121581670365,Participant3_FV_FuUp,Endomorph,Normal,upright,0.3311211925809895,-0.5168446757572276,0.7946793894095804,-1.0840133428573608,1.2071370615523538,0.6063135186028218,1
1210,5.738855013550135,Participant3_FV_FuUp,Endomorph,Normal,upright,0.3275204704485788,-0.1498750838108322,0.9530732877616802,-1.0321599245071411,1.1798870732071178,0.6065257080724303,1
1211,5.743597868933235,Participant3_FV_FuUp,Endomorph,Normal,upright,0.3281089717810423,-0.3611576981554261,1.160786584014904,-1.0561381876468658,0.7772877146015886,0.6130248202051239,1
1212,5.748340724316334,Participant3_FV_FuUp,Endomorph,Normal,upright,0.3253139746715233,-0.141126665668186,0.8611243801062559,-1.084296017885208,0.5422242510849993,0.6122542118894035,1
1213,5.7530835796994335,Participant3_FV_FuUp,Endomorph,Normal,upright,0.3310833245238251,-0.2541984181003179,1.18593330211466,-1.0689498484134674,-0.4040347320837805,0.6036794589305566,1
1214,5.757826435082532,Participant3_FV_FuUp,Endomorph,Normal,upright,0.33156958127689,-0.3045957634065114,0.6432609615897348,-1.0722704827785492,0.4660803168700008,0.6120936640481146,1
1215,5.762569290465632,Participant3_FV_FuUp,Endomorph,Normal,upright,0.3308312241654499,-0.5730247491862877,0.5943412059058041,-1.057721167802811,0.2546038104370786,0.6069767346233658,1
1216,5.767312145848731,Participant3_FV_FuUp,Endomorph,Normal,upright,0.3298446519141387,-0.539039116496601,0.3766766067355056,-1.021192580461502,1.8067512378790531,0.6126414162578518,1
1217,5.772055001231831,Participant3_FV_FuUp,Endomorph,Normal,upright,0.329561830696082,-0.660009140327402,0.4731778586815579,-1.056851148605347,0.1635362682318542,0.6114104729709169,1
1218,5.77679785661493,Participant3_FV_FuUp,Endomorph,Normal,upright,0.3281675887475551,-0.1172429227975885,0.7173131146591673,-1.0067262053489685,1.3976284265517405,0.6146089189177198,1
1219,5.781540711998029,Participant3_FV_FuUp,Endomorph,Normal,upright,0.3326154056326417,-0.1076482498087659,1.4825405590412162,-1.032195895910263,0.8573521975436666,0.607494174762538,1
1220,5.786283567381129,Participant3_FV_FuUp,Endomorph,Normal,upright,0.3330031329087043,-0.4352971835672642,0.6713313312219306,-1.051698088645935,0.3173711574714316,0.6075482766477442,1
1221,5.791026422764228,Participant3_FV_FuUp,Endomorph,Normal,upright,0.3288023772526111,-0.1844683546816692,0.8569254674101422,-0.9955909550189972,0.0825361697513876,0.6100471345095905,1
1222,5.795769278147327,Participant3_FV_FuUp,Endomorph,Normal,upright,0.3347465550921604,-0.8411225398358553,0.4384475328716379,-0.8514091968536377,0.2852308994512156,0.6061756823661638,1
1223,5.800512133530426,Participant3_FV_FuUp,Endomorph,Normal,upright,0.3333912394948213,-0.7196430092288378,0.2387281333069825,-0.8529050052165985,1.3124689709999608,0.6054946052063712,1
1224,5.805254988913526,Participant3_FV_FuUp,Endomorph,Normal,upright,0.3321421938583958,-0.3815457178575056,0.7328826133782194,-0.8544008135795593,1.1043205367945976,0.6022153211010588,1
1225,5.809997844296625,Participant3_FV_FuUp,Endomorph,Normal,upright,0.3325148881753471,-0.0813561048386644,0.8726014550414427,-0.9643940031528472,1.0305594668978246,0.603799027928824,1
1226,5.814740699679724,Participant3_FV_FuUp,Endomorph,Normal,upright,0.3309521450759834,-0.289873007813664,0.3439622517690687,-0.8914574682712555,-0.638317921404397,0.6054695846120831,1
1227,5.819483555062823,Participant3_FV_FuUp,Endomorph,Normal,upright,0.3325487466489403,-0.5247369736902658,0.2976382356459651,-0.9148080050945282,-1.5637549260783548,0.6079006623042356,1
1228,5.824226410445923,Participant3_FV_FuUp,Endomorph,Normal,upright,0.3308140594999723,-0.4702621827461781,-0.0457695235059008,-0.9912503957748412,-1.5490100446534452,0.6112729864108026,1
1229,5.828969265829022,Participant3_FV_FuUp,Endomorph,Normal,upright,0.3328966959573204,-0.4966711873171854,0.196648853990682,-0.98736509680748,-1.0939235636294744,0.6045769508723426,1
1230,5.8337121212121215,Participant3_FV_FuUp,Endomorph,Normal,upright,0.3275805532181153,-0.2377349169706787,1.0409937631264516,-0.988315373659134,-0.1712461485980064,0.6110659391090136,1
1231,5.83845497659522,Participant3_FV_FuUp,Endomorph,Normal,upright,0.3261385397523681,-0.0066284065691768,1.2250396665401162,-1.0022691488265991,-0.2783005956399422,0.602808628539872,1
1232,5.84319783197832,Participant3_FV_FuUp,Endomorph,Normal,upright,0.3300710299385243,-0.5477276295984292,0.085293964968401,-0.9666943550109864,-0.9756532838692455,0.6015829250451135,1
1233,5.847940687361419,Participant3_FV_FuUp,Endomorph,Normal,upright,0.32820200670333,-0.6380593564274566,0.5947613542260448,-0.9006994962692261,-2.4740925688189064,0.6064565719463669,1
1234,5.852683542744519,Participant3_FV_FuUp,Endomorph,Normal,upright,0.3268427116480956,-0.5575975442739085,1.1335619256456488,-0.9271298348903656,-1.2954407786338034,0.6058485409311304,1
1235,5.857426398127617,Participant3_FV_FuUp,Endomorph,Normal,upright,0.3281483917776478,-0.3818839240307544,1.5163006966494696,-0.9612113535404204,-1.890631206520285,0.6059656033219416,1
1236,5.862169253510717,Participant3_FV_FuUp,Endomorph,Normal,upright,0.3274837920484589,-0.4367731375908315,0.4080679974598698,-0.9780307710170746,-1.2933868607967336,0.6084586745366866,1
1237,5.866912108893816,Participant3_FV_FuUp,Endomorph,Normal,upright,0.3250510103476165,-0.3135081788402031,1.1824082104598967,-0.958838313817978,-1.1252703762617235,0.6112944799351159,1
1238,5.871654964276916,Participant3_FV_FuUp,Endomorph,Normal,upright,0.3313862101303552,-0.4562922044736083,0.4667322144179006,-0.9710835814476012,-2.360533312075393,0.6089110644592176,1
1239,5.876397819660015,Participant3_FV_FuUp,Endomorph,Normal,upright,0.3294532449817338,-0.6286047025155531,-0.1351370524514741,-0.9518194794654846,-1.731875133465009,0.6150507343569593,1
1240,5.881140675043114,Participant3_FV_FuUp,Endomorph,Normal,upright,0.3331998961734235,-0.8973608159168895,0.5278205495375162,-0.9410694539546968,-4.197749435098229,0.6133988890492517,1
1241,5.885883530426214,Participant3_FV_FuUp,Endomorph,Normal,upright,0.3329784511858318,-0.8283562580610251,0.4817387812352102,-0.935284435749054,-3.8233807091580303,0.6115426871302804,1
1242,5.890626385809313,Participant3_FV_FuUp,Endomorph,Normal,upright,0.3313901816195456,-0.7892464407881635,0.1969402857212126,-0.9320922195911407,-2.082923381442661,0.6107192984802857,1
1243,5.895369241192412,Participant3_FV_FuUp,Endomorph,Normal,upright,0.3305985133706794,-0.4531740471313323,0.1560176335463464,-0.9146627187728882,-2.6257031666767374,0.6101993451619887,1
1244,5.900112096575511,Participant3_FV_FuUp,Endomorph,Normal,upright,0.3290647743215555,-0.6183523253352283,-0.150847331323847,-0.8973761200904846,-2.0291723010374074,0.614544387730899,1
1245,5.904854951958611,Participant3_FV_FuUp,Endomorph,Normal,upright,0.3275449962371708,-0.3005708179340531,-0.2118869222295695,-0.8442900478839874,-1.1265617587762715,0.6123480417102484,1
1246,5.90959780734171,Participant3_FV_FuUp,Endomorph,Normal,upright,0.3334255616813399,-0.6354419259931638,-0.2269453565598243,-0.9002557098865509,-2.4102695104660805,0.61043786076023,1
1247,5.914340662724809,Participant3_FV_FuUp,Endomorph,Normal,upright,0.3287954759145784,-0.7302811721627078,0.0348632597276406,-0.9145169258117676,-1.307636229378754,0.6095071203191348,1
1248,5.919083518107908,Participant3_FV_FuUp,Endomorph,Normal,upright,0.3293450736485801,-0.8933509073598463,0.2714484315034655,-0.9420274496078492,-1.4591633597685234,0.6081237878592286,1
1249,5.923826373491008,Participant3_FV_FuUp,Endomorph,Normal,upright,0.3255458797324394,-0.4913917535116603,0.9459540581261414,-0.9876997768878936,-0.4707964973178377,0.6054428260927045,1
1250,5.928569228874107,Participant3_FV_FuUp,Endomorph,Normal,upright,0.3262350622331561,-0.4013300807489657,0.4065384996808477,-0.9534507393836976,-0.4003823515992309,0.6049581160597481,1
1251,5.933312084257207,Participant3_FV_FuUp,Endomorph,Normal,upright,0.328333183138183,-0.4980687518196655,0.2179710439099162,-0.911364495754242,-0.3130706937530561,0.6078928615483111,1
1252,5.938054939640305,Participant3_FV_FuUp,Endomorph,Normal,upright,0.3238869027390684,-0.8415798038390427,0.3598914388432462,-0.9523525685071944,-0.4962984587407928,0.6198265107804873,1
1253,5.942797795023405,Participant3_FV_FuUp,Endomorph,Normal,upright,0.3265479769856638,-0.8096246660690379,0.9671690687680048,-0.9933406412601472,-0.5779239497050357,0.6083069974720019,1
1254,5.947540650406504,Participant3_FV_FuUp,Endomorph,Normal,upright,0.3253889403224256,-0.8109234508824118,1.0539833506871383,-0.9662173688411712,-0.95019110281804,0.6091858529576103,1
1255,5.952283505789604,Participant3_FV_FuUp,Endomorph,Normal,upright,0.3285979722743034,-0.9103116681862116,0.0620898136741303,-0.9339640140533448,-1.2009325650930758,0.6065187323477624,1
1256,5.957026361172702,Participant3_FV_FuUp,Endomorph,Normal,upright,0.3254748549525628,-0.7518283215810303,0.6431097445889855,-0.950941115617752,-0.3646318547552407,0.608252050612471,1
1257,5.961769216555802,Participant3_FV_FuUp,Endomorph,Normal,upright,0.3226217117179507,-0.6219210494701591,0.9856265679899616,-1.0012985467910769,-0.1892211297521279,0.6150542431488645,1
1258,5.966512071938901,Participant3_FV_FuUp,Endomorph,Normal,upright,0.324539092887578,-0.8313992827939433,1.068696312892518,-0.9675602912902832,-0.6232189727043762,0.6148007453767164,1
1259,5.971254927322001,Participant3_FV_FuUp,Endomorph,Normal,upright,0.3303791770433698,-0.5592725192986542,0.8582528156540962,-0.996713638305664,-0.5319180040339162,0.6138349243270916,1
1260,5.975997782705099,Participant3_FV_FuUp,Endomorph,Normal,upright,0.3277842437271757,-0.4798460715545721,0.6779694914800951,-0.9612160921096802,0.6446802841060084,0.6121314857030072,1
1261,5.980740638088199,Participant3_FV_FuUp,Endomorph,Normal,upright,0.3300373056429945,-0.7390568864749751,1.0605549077233631,-1.0089404582977295,0.3008829623199671,0.6118494548052846,1
1262,5.985483493471299,Participant3_FV_FuUp,Endomorph,Normal,upright,0.3244313336170323,-0.7612367652875203,1.2256113604703225,-0.9192103445529938,-0.3470791787423006,0.6140997600482646,1
1263,5.990226348854398,Participant3_FV_FuUp,Endomorph,Normal,upright,0.3263687795934288,-0.557712311473994,0.7439984728556172,-0.9920344948768616,0.6552620613026612,0.6121229243022028,1
1264,5.994969204237497,Participant3_FV_FuUp,Endomorph,Normal,upright,0.32627541213638,-0.7882769235817232,0.6656156674356218,-0.96067675948143,0.1200935711674207,0.6055608694966275,1
1265,5.999712059620596,Participant3_FV_FuUp,Endomorph,Normal,upright,0.3291197413008463,-0.5614094017974833,0.7329135656951783,-0.9476851224899292,-0.6009628480358774,0.6067354471825203,1
1266,6.004454915003696,Participant3_FV_FuUp,Endomorph,Normal,upright,0.3232523049782437,-0.582317008685377,0.8972542544651326,-1.0026100873947144,-1.5901211945073452,0.6101761881740363,1
1267,6.009197770386795,Participant3_FV_FuUp,Endomorph,Normal,upright,0.3296555677152945,-0.6145322726973685,0.5968270627782284,-1.008378565311432,-1.451130519857401,0.610039483997663,1
1268,6.013940625769894,Participant3_FV_FuUp,Endomorph,Normal,upright,0.3294384631876548,-0.8418582186083673,-0.0726829006709639,-0.9106635749340056,-2.089083946964546,0.6097230433811681,1
1269,6.018683481152993,Participant3_FV_FuUp,Endomorph,Normal,upright,0.3258966273345597,-0.5757950690886408,1.2721594570562051,-1.0150713324546814,-0.1965633406572274,0.6049224424108185,1
1270,6.023426336536093,Participant3_FV_FuUp,Endomorph,Normal,upright,0.3228393613714546,-0.6430980693960007,1.4445122066425642,-0.9984084069728852,-0.7696067767715165,0.6169728052250945,1
1271,6.028169191919192,Participant3_FV_FuUp,Endomorph,Normal,upright,0.327479915336103,-0.912428830100347,1.0207390922260715,-0.994471788406372,-0.9724329459414528,0.6128146442620848,1
1272,6.032912047302292,Participant3_FV_FuUp,Endomorph,Normal,upright,0.3298136225111652,-0.3947952358575136,0.2315790409679705,-1.0145042836666107,1.0464661853199384,0.610040811661573,1
1273,6.03765490268539,Participant3_FV_FuUp,Endomorph,Normal,upright,0.3291283530283007,-0.4389539703548511,0.5656234030400067,-0.9991131126880646,-0.390574269707432,0.6141806481117231,1
1274,6.04239775806849,Participant3_FV_FuUp,Endomorph,Normal,upright,0.3353496055065335,-0.3400133526927896,0.2842293369383314,-1.0316238403320312,0.1994167244837123,0.6102268857551976,1
1275,6.047140613451589,Participant3_FV_FuUp,Endomorph,Normal,upright,0.3278524876776527,-0.5057379411801066,0.9917067933629576,-1.0231422185897827,-0.3840095263651374,0.6173057230249144,1
1276,6.0518834688346885,Participant3_FV_FuUp,Endomorph,Normal,upright,0.3263424689514064,-0.6756845258772194,0.9709934961151596,-1.0238365828990936,-1.2915835940147822,0.6110607011656255,1
1277,6.056626324217787,Participant3_FV_FuUp,Endomorph,Normal,upright,0.3250696646571829,-0.8555306039670808,0.7187923180516145,-0.9780239760875702,-0.4843873378957122,0.6108856218985477,1
1278,6.061369179600887,Participant3_FV_FuUp,Endomorph,Normal,upright,0.3278505595880102,-0.6957051526686776,0.7753741617154869,-1.003623127937317,-1.393679156004575,0.6043893392071283,1
1279,6.066112034983986,Participant3_FV_FuUp,Endomorph,Normal,upright,0.3256475032544755,-0.6819727633587779,0.7719903316511608,-0.9732069373130798,-1.5694311596729629,0.6081958888874701,1
1280,6.070854890367086,Participant3_FV_FuUp,Endomorph,Normal,upright,0.3232621353012551,-0.940353285100574,1.0334462844663668,-0.8895166516304016,-1.3818642953026046,0.6131662406862975,1
1281,6.075597745750184,Participant3_FV_FuUp,Endomorph,Normal,upright,0.3301040420770134,-0.4981265454743076,0.7431183542392615,-1.0518040657043457,0.2736048154967736,0.6079251738174659,1
1282,6.080340601133284,Participant3_FV_FuUp,Endomorph,Normal,upright,0.3314920693465952,-0.4583881450762654,0.3832680310438768,-0.9929715096950532,-0.0203269031804167,0.6086972845413554,1
1283,6.085083456516384,Participant3_FV_FuUp,Endomorph,Normal,upright,0.323370651631519,0.0935546723952561,1.33774093433401,-0.9948936998844148,0.9231477024507848,0.6076413744751157,1
1284,6.089826311899483,Participant3_FV_FuUp,Endomorph,Normal,upright,0.3317185218647764,-0.1888806861898366,0.7300615981365878,-0.9546961784362792,0.313921400512218,0.6082900138876841,1
1285,6.094569167282582,Participant3_FV_FuUp,Endomorph,Normal,upright,0.3253000710761616,0.0298088200541997,0.9731034862308188,-1.0275424122810364,-1.377534612592562,0.6141914662457987,1
1286,6.099312022665681,Participant3_FV_FuUp,Endomorph,Normal,upright,0.3231743503273369,-0.1528728424449345,0.9015526898017396,-1.0241712629795074,-1.069554982740529,0.6131514976122783,1
1287,6.104054878048781,Participant3_FV_FuUp,Endomorph,Normal,upright,0.3293198176367636,0.0750749656735807,1.1957041339189332,-1.0336270034313202,-0.7529848992611557,0.6052329967503249,1
1288,6.10879773343188,Participant3_FV_FuUp,Endomorph,Normal,upright,0.3258561549101015,-0.1353168337267143,0.918831727388674,-0.97251296043396,-0.616429414195023,0.6106535537334468,1
1289,6.113540588814979,Participant3_FV_FuUp,Endomorph,Normal,upright,0.3270042447579072,-0.0061794816166034,1.1327521749312304,-0.9590756297111512,0.3339466307258005,0.6068104242808171,1
1290,6.118283444198078,Participant3_FV_FuUp,Endomorph,Normal,upright,0.327797372081152,0.0909688436122897,1.2528162012389867,-0.9875394105911256,0.1614199860897769,0.6124500901054882,1
1291,6.123026299581178,Participant3_FV_FuUp,Endomorph,Normal,upright,0.321775515882957,0.0544300007048112,1.0598486618867982,-1.0287266671657562,0.221840602242215,0.6121822973782461,1
1292,6.127769154964277,Participant3_FV_FuUp,Endomorph,Normal,upright,0.3311616125732238,-0.2895898892439416,0.4116585934647712,-1.06653892993927,0.5123258816031384,0.6130193392344848,1
1293,6.1325120103473765,Participant3_FV_FuUp,Endomorph,Normal,upright,0.3257838407396413,-0.2468610122959951,0.2941552365789176,-1.0497403144836426,0.9043865820914624,0.616144087729997,1
1294,6.137254865730475,Participant3_FV_FuUp,Endomorph,Normal,upright,0.3270524756726498,-0.120722457632445,1.31026109998206,-1.0088405907154083,0.6524434840932198,0.6049283461629763,1
1295,6.141997721113575,Participant3_FV_FuUp,Endomorph,Normal,upright,0.3348758021293002,-0.3331247997822238,1.0735756968548669,-1.039411634206772,-0.426743431293584,0.609302805592224,1
1296,6.146740576496674,Participant3_FV_FuUp,Endomorph,Normal,upright,0.3301204436376508,-0.2450694040733204,0.8832929606997426,-1.0123608112335205,0.060389294746371,0.6041073031463513,1
1297,6.1514834318797735,Participant3_FV_FuUp,Endomorph,Normal,upright,0.3331550734755397,-0.0793115703273427,0.5355482746837059,-0.9760532975196838,0.0996082045035286,0.6060156965824958,1
1298,6.156226287262872,Participant3_FV_FuUp,Endomorph,Normal,upright,0.3312868381528123,-0.174715156763268,1.048613419228773,-1.0825330913066864,0.3497181140022557,0.6086442753935286,1
1299,6.160969142645972,Participant3_FV_FuUp,Endomorph,Normal,upright,0.3283707654458542,-0.2625279095608759,0.2524484214516772,-1.0625059902668,0.1370594005385043,0.610152867835673,1
1300,6.165711998029071,Participant3_FV_FuUp,Endomorph,Normal,upright,0.3289639005275214,-0.0259427326442082,0.7289491373192413,-1.052610069513321,1.1400645577718598,0.6158107256333059,1
1301,6.170454853412171,Participant3_FV_FuUp,Endomorph,Normal,upright,0.3312085703092876,0.147922589146124,0.9200825261171413,-0.9488876760005952,2.0404378451032787,0.6055044445763057,1
1302,6.175197708795269,Participant3_FV_FuUp,Endomorph,Normal,upright,0.3314421673685094,0.0607114492502892,0.8739545846320708,-1.0564486682415009,-0.0351347603359215,0.6058822695347911,1
1303,6.179940564178369,Participant3_FV_FuUp,Endomorph,Normal,upright,0.3293644138410472,0.0636632101989907,0.7818304125992355,-1.0312317311763763,0.3829020909468855,0.6102445018364818,1
1304,6.184683419561469,Participant3_FV_FuUp,Endomorph,Normal,upright,0.3275370749635644,0.0526940021325998,0.8774428492626536,-1.0086728632450104,0.7215521379977233,0.6110929152875982,1
1305,6.189426274944568,Participant3_FV_FuUp,Endomorph,Normal,upright,0.3281232293889707,-0.2999743897555924,1.1396959277237944,-1.0621291399002075,0.33629508421008,0.6133150771169897,1
1306,6.194169130327667,Participant3_FV_FuUp,Endomorph,Normal,upright,0.3291939376219874,-0.0926144448332432,0.6893050659963711,-1.0607696175575256,0.6065053259917019,0.6129251977281391,1
1307,6.198911985710766,Participant3_FV_FuUp,Endomorph,Normal,upright,0.3281596165640954,-0.0822228536417041,1.2982131929687768,-1.0680462718009949,-0.5136069002309852,0.6137156845463232,1
1308,6.203654841093866,Participant3_FV_FuUp,Endomorph,Normal,upright,0.3311233076990924,0.0068233781579257,1.1639879293731017,-1.0486145317554474,0.1437046292308859,0.6077101932047679,1
1309,6.208397696476965,Participant3_FV_FuUp,Endomorph,Normal,upright,0.3311897316434515,0.0958696099575556,1.4373129001603255,-1.067241668701172,0.0267137614951462,0.6101744073909694,1
1310,6.213140551860064,Participant3_FV_FuUp,Endomorph,Normal,upright,0.3312321589793144,0.075155952074302,0.7527818259365132,-1.0896843075752258,0.8892758797911325,0.6049443323288889,1
1311,6.217883407243163,Participant3_FV_FuUp,Endomorph,Normal,upright,0.3297029782603252,0.0658079797504204,0.9779535518960332,-1.050501435995102,1.4597268944622028,0.604056071320438,1
1312,6.222626262626263,Participant3_FV_FuUp,Endomorph,Normal,upright,0.332857659534024,-0.2121721515688489,0.5406784567970128,-0.9927537143230438,2.180614013779435,0.6063648612332804,1
1313,6.227369118009362,Participant3_FV_FuUp,Endomorph,Normal,upright,0.3285313116312537,-0.0627953614433772,0.6436063707279467,-1.059925198554993,1.2485058733455838,0.609650411784714,1
1314,6.2321119733924615,Participant3_FV_FuUp,Endomorph,Normal,upright,0.3308018264683187,-0.5609184688671984,0.8532711239474026,-1.0362965166568756,-0.0660563973034478,0.6115466753297932,1
1315,6.23685482877556,Participant3_FV_FuUp,Endomorph,Normal,upright,0.3354092467000016,-0.4028088626963201,0.8522028416159677,-1.0479368567466736,0.9966532977928596,0.6118089951738818,1
1316,6.24159768415866,Participant3_FV_FuUp,Endomorph,Normal,upright,0.3322945225558893,-0.2226411173138276,0.5119277938324,-1.0552281439304352,1.943970056179044,0.6115218972028106,1
1317,6.246340539541759,Participant3_FV_FuUp,Endomorph,Normal,upright,0.3326541063739039,-0.2541123999081938,0.8313540432275102,-1.0576322674751282,1.5816136798366245,0.6131838368211764,1
1318,6.2510833949248585,Participant3_FV_FuUp,Endomorph,Normal,upright,0.3299724194314871,-0.2499454843761812,0.5199651335007376,-1.0138756930828094,1.5458294753396882,0.6132134432658632,1
1319,6.255826250307957,Participant3_FV_FuUp,Endomorph,Normal,upright,0.3289707244828725,-0.1132794496462433,0.597193495067195,-1.0753127336502075,1.4970903033827327,0.617542222109935,1
1320,6.260569105691057,Participant3_FV_FuUp,Endomorph,Normal,upright,0.3295729093080377,-0.1741533636662488,0.9371673312883936,-1.064205765724182,0.5449055021817085,0.6061366484329239,1
1321,6.265311961074156,Participant3_FV_FuUp,Endomorph,Normal,upright,0.3278818701738162,0.1347551926850862,0.5566639022255736,-1.06853187084198,1.204559092544612,0.6143644456659101,1
1322,6.270054816457256,Participant3_FV_FuUp,Endomorph,Normal,upright,0.3289883680645588,-0.3571252682544885,0.6060221079495136,-1.020804226398468,0.5968630536514545,0.6172212155107963,1
1323,6.274797671840354,Participant3_FV_FuUp,Endomorph,Normal,upright,0.3240118003728462,-0.2443923124089167,0.7175007279963136,-1.0710131525993347,0.8786944171814958,0.6120831917389294,1
1324,6.279540527223454,Participant3_FV_FuUp,Endomorph,Normal,upright,0.3279215031878345,-0.0795119710195043,0.7020943314139687,-1.0466163456439972,1.7150355928317145,0.6097712427922699,1
1325,6.284283382606554,Participant3_FV_FuUp,Endomorph,Normal,upright,0.3284082334781517,0.1233212229948401,0.8577779867423602,-1.0658369660377502,0.1431142641466884,0.608159311652973,1
1326,6.289026237989653,Participant3_FV_FuUp,Endomorph,Normal,upright,0.3280524525347391,-0.1057096420977804,0.991525950460473,-1.0636915564537048,1.0514243099337222,0.6071016094356337,1
1327,6.293769093372752,Participant3_FV_FuUp,Endomorph,Normal,upright,0.3290787296725272,-0.3414556164736696,-0.2019113072120714,-1.032704859972,0.0388139781145175,0.6122801551600201,1
1328,6.298511948755851,Participant3_FV_FuUp,Endomorph,Normal,upright,0.3219328108582629,-0.1749004187938435,0.9271057345104698,-1.0415121614933014,2.277757412552198,0.6062227122121615,1
1329,6.303254804138951,Participant3_FV_FuUp,Endomorph,Normal,upright,0.3261507327911646,0.0067766051837122,0.5525281176514565,-1.037879317998886,1.7209106147240432,0.6092799050507949,1
1330,6.30799765952205,Participant3_FV_FuUp,Endomorph,Normal,upright,0.3273305835968189,-0.0387743491136344,0.7193793987869043,-1.040644884109497,1.6213908198214386,0.6087822520025806,1
1331,6.312740514905149,Participant3_FV_FuUp,Endomorph,Normal,upright,0.3300735622384871,0.0419923644508118,0.9267123139417256,-1.0257442593574524,1.6444408812746043,0.6078347706118932,1
1332,6.317483370288248,Participant3_FV_FuUp,Endomorph,Normal,upright,0.3307310627247096,0.1954872635359723,0.5614554195286987,-0.9843516945838928,3.420340279595077,0.6066523337849715,1
1333,6.322226225671348,Participant3_FV_FuUp,Endomorph,Normal,upright,0.3327261647660205,-0.151297564898617,0.8933835254967097,-0.9588654637336732,3.2776540662471905,0.6033513124098121,1
1334,6.326969081054447,Participant3_FV_FuUp,Endomorph,Normal,upright,0.3341154461190513,-0.1340139986516301,1.3332990645860665,-0.9424496293067932,0.9905529071093464,0.5995673546694639,1
1335,6.3317119364375465,Participant3_FV_FuUp,Endomorph,Normal,upright,0.3296714411581252,-0.3803229277994428,0.7843713206086339,-0.98276948928833,1.7833833418768668,0.6068273956606892,1
1336,6.336454791820645,Participant3_FV_FuUp,Endomorph,Normal,upright,0.3285891180444132,0.1005971692603262,0.7381959638479691,-0.9590705633163452,3.276121963956933,0.6078091989454237,1
1337,6.341197647203745,Participant3_FV_FuUp,Endomorph,Normal,upright,0.3290335907873514,-0.2796389445940963,0.81190875818446,-0.9800973534584044,2.8823121143307286,0.6042898147837057,1
1338,6.345940502586844,Participant3_FV_FuUp,Endomorph,Normal,upright,0.3287746494749668,-0.1797441841263026,0.7288546491162124,-1.0096482038497925,2.017620018908848,0.6084489960510683,1
1339,6.350683357969944,Participant3_FV_FuUp,Endomorph,Normal,upright,0.331799343887522,-0.050886129246301,0.4834508675938065,-0.9908029735088348,1.7357580268626092,0.6137437558756454,1
1340,6.355426213353042,Participant3_FV_FuUp,Endomorph,Normal,upright,0.3319213444669691,-0.3573420614556126,0.9787954424646276,-1.0297366082668304,1.4405768032649002,0.6084270493507611,1
1341,6.360169068736142,Participant3_FV_FuUp,Endomorph,Normal,upright,0.3285529055274461,-0.3385029765311176,1.150625399713823,-0.9955269694328308,1.6041079205644897,0.6121162375830771,1
1342,6.364911924119241,Participant3_FV_FuUp,Endomorph,Normal,upright,0.3308519343834573,-0.3196638916066226,1.1658009543896952,-0.981432855129242,0.3657286355799931,0.6099286831085251,1
1343,6.369654779502341,Participant3_FV_FuUp,Endomorph,Normal,upright,0.3309063095119995,-0.2149557662469111,1.136624620802542,-1.0118987560272217,0.5736313089487703,0.609379675979373,1
1344,6.374397634885439,Participant3_FV_FuUp,Endomorph,Normal,upright,0.3288540742380582,-0.1465169664035257,0.6046395111814723,-0.940648764371872,-0.8624783906780753,0.6071178498123639,1
1345,6.379140490268539,Participant3_FV_FuUp,Endomorph,Normal,upright,0.3296420047603444,-0.3302587111907823,0.4619876356895001,-1.0044149160385132,-0.7694410347254136,0.6179925644688383,1
1346,6.383883345651639,Participant3_FV_FuUp,Endomorph,Normal,upright,0.3326488212390658,-0.3341630247772943,1.1798688032927656,-1.076120674610138,0.090277474393487,0.6123255324349087,1
1347,6.388626201034738,Participant3_FV_FuUp,Endomorph,Normal,upright,0.3263116312898564,-0.0917673684288872,0.325039249825547,-1.063685417175293,-0.2774342929229851,0.617243187572119,1
1348,6.393369056417837,Participant3_FV_FuUp,Endomorph,Normal,upright,0.3321945318273376,-0.1768472671833957,0.944539756591388,-0.9993962347507476,-0.2719179414079605,0.6093783497747265,1
1349,6.398111911800936,Participant3_FV_FuUp,Endomorph,Normal,upright,0.3309591699317049,0.1085954630354908,0.390426001095468,-1.067651629447937,0.1899931133100826,0.6122901410592811,1
1350,6.402854767184036,Participant3_FV_FuUp,Endomorph,Normal,upright,0.3341540428579715,-0.5545276627774353,0.8992854871151691,-1.1135862469673157,-1.4142155858138563,0.6165928239511842,1
1351,6.407597622567135,Participant3_FV_FuUp,Endomorph,Normal,upright,0.3341153036970678,-0.0554436723129103,0.4522924499851218,-1.0434037446975708,0.434175199579102,0.6119538728549544,1
1352,6.412340477950234,Participant3_FV_FuUp,Endomorph,Normal,upright,0.3318694871839574,-0.1603726284597257,0.7355659527432052,-0.9943415820598602,1.0029750480261648,0.6082426592337316,1
