frame_idx,timestamp,subject_id,somatotype,bmi_category,label,h2s_ratio,shoulder_tilt_deg,head_roll_deg,forward_head_z,neck_flexion_deg,shoulder_width_norm,is_valid
0,0.0,Participant4_FV_FuUp,Endomorph,Normal,upright,0.2894663730176595,-1.0851525607363066,0.7032768697196421,-1.3479816913604736,1.0095474544949905,0.7076826019966441,1
1,0.0047470887918486,Participant4_FV_FuUp,Endomorph,Normal,upright,0.2914252058996293,-1.1457711397546908,0.7986171786355524,-1.3473297357559204,1.872624911799672,0.6950913175197053,1
2,0.0094941775836972,Participant4_FV_FuUp,Endomorph,Normal,upright,0.295430946786798,-1.1763479599349205,0.8826379960503316,-1.264512300491333,4.007721206993497,0.6921555339372829,1
3,0.0142412663755458,Participant4_FV_FuUp,Endomorph,Normal,upright,0.2873933801203335,-1.175376504810199,0.492172305446733,-1.359658271074295,4.055424510132196,0.6921289422610911,1
4,0.0189883551673944,Participant4_FV_FuUp,Endomorph,Normal,upright,0.2916691371835426,-1.2898150519593332,0.7274634774526155,-1.311381608247757,3.1916592174796943,0.6939755989807143,1
5,0.023735443959243,Participant4_FV_FuUp,Endomorph,Normal,upright,0.2933832624445795,-1.347139326446949,0.8782806229449855,-1.2995964586734772,3.134326422591528,0.6973179314597402,1
6,0.0284825327510917,Participant4_FV_FuUp,Endomorph,Normal,upright,0.2918918096895054,-0.9262768467501522,0.5525395184965795,-1.32650887966156,3.4864471224578244,0.6925673111728013,1
7,0.0332296215429403,Participant4_FV_FuUp,Endomorph,Normal,upright,0.2896514920921647,-0.9054513376824662,0.5767072310823419,-1.332684338092804,3.6848838282111736,0.7063866149150905,1
8,0.0379767103347889,Participant4_FV_FuUp,Endomorph,Normal,upright,0.2922052201479079,-0.717609404105433,0.6309233160722758,-1.3708307147026062,2.129820513178826,0.7125961893040378,1
9,0.0427237991266375,Participant4_FV_FuUp,Endomorph,Normal,upright,0.2918380542794316,-0.3098983012783911,0.9515777187858298,-1.3417564630508425,2.5114578350064205,0.7123174253510566,1
10,0.0474708879184861,Participant4_FV_FuUp,Endomorph,Normal,upright,0.28880401963239,-1.1948857532266506,1.045375681268223,-1.3345066010951996,1.5316002740561072,0.7102389998406397,1
11,0.0522179767103347,Participant4_FV_FuUp,Endomorph,Normal,upright,0.2960431979632661,-1.131790238569672,0.3558973645595197,-1.255929470062256,0.7563784703537617,0.7077171770198826,1
12,0.0569650655021834,Participant4_FV_FuUp,Endomorph,Normal,upright,0.2943804766380397,-0.8427836087721058,0.2757279033068829,-1.2977187931537628,2.5296449265665744,0.7131249486769778,1
13,0.061712154294032,Participant4_FV_FuUp,Endomorph,Normal,upright,0.2963975300864011,-0.5778221982369853,0.9021141267829238,-1.3481579422950745,2.608051959409769,0.7025085300611181,1
14,0.0664592430858806,Participant4_FV_FuUp,Endomorph,Normal,upright,0.2891769985702314,-0.7356485455177784,0.7619260445639658,-1.2772254645824432,4.75346349752645,0.6953228734064586,1
15,0.0712063318777292,Participant4_FV_FuUp,Endomorph,Normal,upright,0.2840286032282514,-1.111366066067123,0.8676785017796215,-1.365377455949783,4.256400164076281,0.7007189697786719,1
16,0.0759534206695778,Participant4_FV_FuUp,Endomorph,Normal,upright,0.2888723252842519,-1.4105344157204578,0.5667740336306432,-1.2886989414691925,5.268850795684007,0.690880197872924,1
17,0.0807005094614265,Participant4_FV_FuUp,Endomorph,Normal,upright,0.2893650758438676,-1.3240726584973868,0.4979864795050632,-1.2737263143062592,1.9342833665202293,0.6841023906210056,1
18,0.0854475982532751,Participant4_FV_FuUp,Endomorph,Normal,upright,0.2831536868857907,-1.1198305917059623,0.503927206453531,-1.3308047652244568,3.273226212104277,0.6815157707051728,1
19,0.0901946870451237,Participant4_FV_FuUp,Endomorph,Normal,upright,0.2771262781226457,-0.8556295400727788,0.7723213407068984,-1.3714941143989563,4.3599363019481645,0.6837351962976796,1
20,0.0949417758369723,Participant4_FV_FuUp,Endomorph,Normal,upright,0.2884166828056099,-1.4762014369913188,0.7773226242026636,-1.3334177434444427,3.263338148714328,0.6934383318983115,1
21,0.0996888646288209,Participant4_FV_FuUp,Endomorph,Normal,upright,0.2871882087378712,-1.873126261032259,0.3553372846151497,-1.3024608194828031,3.1522142022156032,0.6944824986987732,1
22,0.1044359534206695,Participant4_FV_FuUp,Endomorph,Normal,upright,0.2897403550847987,-1.5336621312377918,0.8129566222137992,-1.3191991448402405,2.095435364332896,0.7094986809864141,1
23,0.1091830422125181,Participant4_FV_FuUp,Endomorph,Normal,upright,0.2856020021313822,-1.0301754369786742,0.6035680177785578,-1.288257718086243,6.266004789908347,0.6908992869015055,1
24,0.1139301310043668,Participant4_FV_FuUp,Endomorph,Normal,upright,0.2863849892066938,-0.6237638823087996,0.4098486673953788,-1.3099448680877686,6.534545649537116,0.6910491616849316,1
25,0.1186772197962154,Participant4_FV_FuUp,Endomorph,Normal,upright,0.2869501735100901,-0.7645228763039819,0.4486727522964246,-1.325500249862671,6.666629405225614,0.6902331051957356,1
26,0.123424308588064,Participant4_FV_FuUp,Endomorph,Normal,upright,0.2819834619035718,-1.0385966022671094,0.6438264513110858,-1.3631522059440613,3.170425995561512,0.6895892450254959,1
27,0.1281713973799126,Participant4_FV_FuUp,Endomorph,Normal,upright,0.2930958555957441,-1.0715642230754034,0.4582889198899303,-1.3496468663215635,0.759939590327107,0.6956231890521204,1
28,0.1329184861717612,Participant4_FV_FuUp,Endomorph,Normal,upright,0.3009337578480459,-0.6345386756251268,0.1634224587312629,-1.2652634978294373,7.304611588359146,0.6839331192735404,1
29,0.1376655749636099,Participant4_FV_FuUp,Endomorph,Normal,upright,0.2912845850893442,-1.562140622357839,1.3361690709582967,-1.3113127648830414,3.5941789846447456,0.7055994946313499,1
30,0.1424126637554585,Participant4_FV_FuUp,Endomorph,Normal,upright,0.2933148098964787,-1.427212234763102,1.24009754947524,-1.2805179357528689,1.4489502464894726,0.7143039565443444,1
31,0.1471597525473071,Participant4_FV_FuUp,Endomorph,Normal,upright,0.2948223743554708,-1.6001323424513003,1.331904171491439,-1.339720398187637,3.0476988700145697,0.696829637588386,1
32,0.1519068413391557,Participant4_FV_FuUp,Endomorph,Normal,upright,0.2963046710734273,-1.2785157187042286,0.5916003184638422,-1.3615213632583618,2.0944044234575414,0.6969262295059268,1
33,0.1566539301310043,Participant4_FV_FuUp,Endomorph,Normal,upright,0.2924793903288109,-1.633824821842148,-0.1659414584248303,-1.3516160249710083,2.0726895299883767,0.7171850903772465,1
34,0.161401018922853,Participant4_FV_FuUp,Endomorph,Normal,upright,0.2989191341691027,-1.6440431281461978,0.9549029848052988,-1.2989027798175812,1.4651968284792818,0.6954498552680116,1
35,0.1661481077147016,Participant4_FV_FuUp,Endomorph,Normal,upright,0.2989691433844835,-1.112085010764616,1.0517592135488705,-1.2958350479602814,2.8704785124300165,0.7017647134108734,1
36,0.1708951965065502,Participant4_FV_FuUp,Endomorph,Normal,upright,0.3011498827593075,-1.0429014767615363,0.8203689234575511,-1.3186762034893036,3.920698526783769,0.7028091993729167,1
37,0.1756422852983988,Participant4_FV_FuUp,Endomorph,Normal,upright,0.3007823325407991,-1.2373041135742568,0.9978349875539584,-1.28052020072937,4.033995575526276,0.6880383189478747,1
38,0.1803893740902474,Participant4_FV_FuUp,Endomorph,Normal,upright,0.2969764150126703,-1.1376575254979016,1.4287379151904585,-1.2638065814971924,6.003641664716147,0.6829992400798738,1
39,0.185136462882096,Participant4_FV_FuUp,Endomorph,Normal,upright,0.2925629305971278,-1.6635246095173453,1.844361814272303,-1.2509618997573853,3.100731593020367,0.7026616588953692,1
40,0.1898835516739447,Participant4_FV_FuUp,Endomorph,Normal,upright,0.2960617507290665,-1.884411388403086,1.3798377769286754,-1.2866486608982086,2.535081915127384,0.7080686328237277,1
41,0.1946306404657933,Participant4_FV_FuUp,Endomorph,Normal,upright,0.2922866047856459,-0.049352124615346,0.999594010276521,-1.308758944272995,9.65419650643537,0.682574406159718,1
42,0.1993777292576419,Participant4_FV_FuUp,Endomorph,Normal,upright,0.2930090760325227,-1.142038247414237,1.271671691721587,-1.206612765789032,5.48732211939318,0.7056737407209308,1
43,0.2041248180494905,Participant4_FV_FuUp,Endomorph,Normal,upright,0.2890679597475621,-1.3322789155196888,0.7665062563702462,-1.2809424996376038,6.906859659978547,0.7051098617110396,1
44,0.2088719068413391,Participant4_FV_FuUp,Endomorph,Normal,upright,0.2944250663940171,-1.792524364158656,0.7911527788470711,-1.2217360734939575,6.282630481630702,0.6972331842314214,1
45,0.2136189956331877,Participant4_FV_FuUp,Endomorph,Normal,upright,0.2970759546133265,-1.9272451162089757,1.0846811312809093,-1.263333439826965,4.541221852782862,0.7081164539619914,1
46,0.2183660844250363,Participant4_FV_FuUp,Endomorph,Normal,upright,0.2952205624530724,-1.3434010484606076,0.7688092161554806,-1.2806910276412964,6.631501268399739,0.6938071815264248,1
47,0.223113173216885,Participant4_FV_FuUp,Endomorph,Normal,upright,0.2942191916759953,-1.8044364048651456,0.4040330013993446,-1.2794048488140106,4.860792196967684,0.7057801285849977,1
48,0.2278602620087336,Participant4_FV_FuUp,Endomorph,Normal,upright,0.2953606625233205,-1.5756515845254089,-0.0356824968468756,-1.3465344309806824,6.674214408015369,0.694066339614695,1
49,0.2326073508005822,Participant4_FV_FuUp,Endomorph,Normal,upright,0.2954514425043141,-1.5806958067030394,0.641301599587084,-1.449669897556305,5.4622852193755564,0.7073815250448511,1
50,0.2373544395924308,Participant4_FV_FuUp,Endomorph,Normal,upright,0.2996617596519031,-1.143907885315362,0.1293647925164499,-1.3619211316108704,7.363884004033478,0.692324092637216,1
51,0.2421015283842794,Participant4_FV_FuUp,Endomorph,Normal,upright,0.2907435998149703,-1.648912835160303,-0.1124314491873891,-1.4032245874404907,7.301602385007509,0.6925203550008882,1
52,0.2468486171761281,Participant4_FV_FuUp,Endomorph,Normal,upright,0.2903008995435081,-2.2165828293551235,-0.0609353343922068,-1.3804810643196106,3.068229629981272,0.6914748729065379,1
53,0.2515957059679767,Participant4_FV_FuUp,Endomorph,Normal,upright,0.2946289985758447,-1.836372120820976,-0.1531727633567076,-1.3176259100437164,6.44734737494561,0.6845449718157851,1
54,0.2563427947598253,Participant4_FV_FuUp,Endomorph,Normal,upright,0.2963278555125264,-1.801378777206609,-0.1887276485431085,-1.297350525856018,7.202571848083279,0.687529054957104,1
55,0.2610898835516739,Participant4_FV_FuUp,Endomorph,Normal,upright,0.2959293352352152,-1.6304863831397314,-0.5195687466030803,-1.3591043055057526,8.555535806651756,0.6810010619808456,1
56,0.2658369723435225,Participant4_FV_FuUp,Endomorph,Normal,upright,0.2859603806251798,-1.101302937193504,-0.2809458908670875,-1.2578836977481842,12.167111444105435,0.6889916538958409,1
57,0.2705840611353712,Participant4_FV_FuUp,Endomorph,Normal,upright,0.2921674862942691,-1.4596977437459226,0.1106375949882502,-1.2094253599643707,9.167474512473405,0.6812734663237593,1
58,0.2753311499272198,Participant4_FV_FuUp,Endomorph,Normal,upright,0.2867239661341357,-1.6768949104343691,-0.1290020196297715,-1.28023561835289,11.278369523988632,0.6893105315980497,1
59,0.2800782387190684,Participant4_FV_FuUp,Endomorph,Normal,upright,0.2869768891214631,-1.3980185729844543,-0.1751955669945463,-1.3373020887374878,10.08068141955684,0.6966976411036748,1
60,0.284825327510917,Participant4_FV_FuUp,Endomorph,Normal,upright,0.2983688836430514,-1.6812243419552353,0.5583849852023207,-1.1179263293743134,7.282882785014594,0.6979337073742082,1
61,0.2895724163027656,Participant4_FV_FuUp,Endomorph,Normal,upright,0.2977030342736647,-1.2372137647284585,0.8756212469467981,-1.0960605442523956,8.288521660010375,0.7083232068895421,1
62,0.2943195050946143,Participant4_FV_FuUp,Endomorph,Normal,upright,0.2898276798491287,-1.110347913784266,0.5217734350502662,-1.158128947019577,10.227420324155954,0.7068826483799854,1
63,0.2990665938864629,Participant4_FV_FuUp,Endomorph,Normal,upright,0.2887871404479211,-1.1356197852222052,0.302306310619897,-1.268747627735138,10.013765321548023,0.6990603876656748,1
64,0.3038136826783115,Participant4_FV_FuUp,Endomorph,Normal,upright,0.2923089637351808,-1.4153707687688135,0.7822269971101142,-1.2877169847488403,10.097280819832472,0.6956023935777019,1
65,0.3085607714701601,Participant4_FV_FuUp,Endomorph,Normal,upright,0.2889105822666284,-1.3629692255582542,0.6821244071127889,-1.2763329148292542,10.61774854472951,0.6889098633595331,1
66,0.3133078602620087,Participant4_FV_FuUp,Endomorph,Normal,upright,0.2904526570076526,-1.431558033492366,0.4728659938532212,-1.2357161045074463,9.89117244641817,0.6991881006243559,1
67,0.3180549490538573,Participant4_FV_FuUp,Endomorph,Normal,upright,0.2874587515341602,-1.128372195850654,0.8669170966866646,-1.277521938085556,12.266363133969875,0.6917001227283439,1
68,0.322802037845706,Participant4_FV_FuUp,Endomorph,Normal,upright,0.2871236507665069,-1.3178679188114233,0.8809216156127919,-1.3003898561000824,11.494125419062796,0.6946698914132329,1
69,0.3275491266375546,Participant4_FV_FuUp,Endomorph,Normal,upright,0.2920075727180182,-1.5881207640140094,0.0745843263183929,-1.1455235183238983,7.340123929625277,0.7039396454788555,1
70,0.3322962154294032,Participant4_FV_FuUp,Endomorph,Normal,upright,0.2967581643244534,-0.9016976597244636,0.1154682505757783,-1.2604462504386902,10.984323083242051,0.6949039529498304,1
71,0.3370433042212518,Participant4_FV_FuUp,Endomorph,Normal,upright,0.2958513352167061,-0.7418055936971171,-0.3429220876786695,-1.2924527823925018,12.361623808422252,0.6744880320567352,1
72,0.3417903930131004,Participant4_FV_FuUp,Endomorph,Normal,upright,0.2962871598032713,-1.096155707716722,-0.1008180629705568,-1.2483559548854828,10.928620749984969,0.6861727376143626,1
73,0.3465374818049491,Participant4_FV_FuUp,Endomorph,Normal,upright,0.2964932161895167,-1.1922608066880522,-0.103279275932183,-1.2207701206207275,10.517727291297737,0.6988659758090242,1
74,0.3512845705967977,Participant4_FV_FuUp,Endomorph,Normal,upright,0.294014733312368,-1.09671603055057,-0.6392593369562338,-1.031715452671051,12.671698175836152,0.7004149650741783,1
75,0.3560316593886463,Participant4_FV_FuUp,Endomorph,Normal,upright,0.2986600427195819,-1.1317360090020236,-0.5501511315420725,-1.1184715926647186,12.246941302747432,0.6963469392761034,1
76,0.3607787481804949,Participant4_FV_FuUp,Endomorph,Normal,upright,0.2976168414326046,-1.1592483300473164,0.1059208391399482,-1.17884561419487,10.109789335758816,0.687143984871712,1
77,0.3655258369723435,Participant4_FV_FuUp,Endomorph,Normal,upright,0.292550913031627,-1.0323603797339311,0.6728420913160649,-1.1923907101154327,10.266191111462064,0.6884182554293894,1
78,0.3702729257641921,Participant4_FV_FuUp,Endomorph,Normal,upright,0.2978528410550076,-1.209694921664625,0.4111241863309757,-1.162431687116623,11.685716740055163,0.6970055849802503,1
79,0.3750200145560408,Participant4_FV_FuUp,Endomorph,Normal,upright,0.2975221943495284,-1.24552224938518,-0.2880631646550546,-1.1595402956008911,9.164907764676864,0.6979200264827484,1
80,0.3797671033478894,Participant4_FV_FuUp,Endomorph,Normal,upright,0.3012872521939551,-0.999103516785908,-0.9444809236375368,-1.1729673445224762,13.95430408207987,0.6774929202906745,1
81,0.384514192139738,Participant4_FV_FuUp,Endomorph,Normal,upright,0.2994178163384999,-1.2492373223187656,-0.9949172731922034,-1.2819983959197998,13.160030021597352,0.6781315000617576,1
82,0.3892612809315866,Participant4_FV_FuUp,Endomorph,Normal,upright,0.2924755308580765,-0.7777787878724868,0.099630186672186,-1.2338968217372894,13.136114392679833,0.6760110241334331,1
83,0.3940083697234352,Participant4_FV_FuUp,Endomorph,Normal,upright,0.2946529565722128,-1.5874427655557364,-0.5673287697797801,-1.169956773519516,11.196911153513206,0.6984115550451021,1
84,0.3987554585152839,Participant4_FV_FuUp,Endomorph,Normal,upright,0.3009644952469597,-1.0386210859004317,-0.0546214516943513,-1.1420393288135529,13.750788222983813,0.6900530805118371,1
85,0.4035025473071325,Participant4_FV_FuUp,Endomorph,Normal,upright,0.2921409200100167,-1.9873369627275663,0.1993857359123355,-1.1174905598163605,10.850261754164292,0.7050678433134498,1
86,0.4082496360989811,Participant4_FV_FuUp,Endomorph,Normal,upright,0.2953356376866924,-1.926057573853954,-0.3279918998722558,-1.1669524013996124,10.9234338027623,0.7038036312742181,1
87,0.4129967248908297,Participant4_FV_FuUp,Endomorph,Normal,upright,0.2926329672316665,-1.2639774633455487,0.5477119479566234,-1.191460222005844,10.8843918622185,0.7126499865158784,1
88,0.4177438136826783,Participant4_FV_FuUp,Endomorph,Normal,upright,0.294270198254616,-1.83155807787712,0.3197683097639252,-1.060763567686081,11.660553221112965,0.7001923675091404,1
89,0.4224909024745269,Participant4_FV_FuUp,Endomorph,Normal,upright,0.2952292210307089,-1.5717258426809555,1.0170708817209584,-1.1711357235908508,9.798730444093673,0.7147902427648157,1
90,0.4272379912663755,Participant4_FV_FuUp,Endomorph,Normal,upright,0.2983026407404937,-1.1724780820967882,0.7422556415025732,-1.081333577632904,12.348508585478044,0.6978973741631571,1
91,0.4319850800582241,Participant4_FV_FuUp,Endomorph,Normal,upright,0.2927329827603169,-0.4533541665623406,0.3878046846601345,-1.111024647951126,15.908179484714186,0.6962477662162683,1
92,0.4367321688500727,Participant4_FV_FuUp,Endomorph,Normal,upright,0.2913307228375042,-0.9513016178979816,0.4978221371264357,-1.136128157377243,13.513349868142765,0.6984613628646351,1
93,0.4414792576419214,Participant4_FV_FuUp,Endomorph,Normal,upright,0.2925183188399154,-1.1866607517012877,0.4739234127786305,-1.170975148677826,7.517940878397298,0.7103057387036745,1
94,0.44622634643377,Participant4_FV_FuUp,Endomorph,Normal,upright,0.2936818377474726,-0.4025728823546736,0.3603764569640544,-1.1802437007427216,12.69456251212168,0.6747569700485181,1
95,0.4509734352256186,Participant4_FV_FuUp,Endomorph,Normal,upright,0.2975759578018924,-0.1930046551202656,0.732118958643137,-1.1124086380004885,12.361729830540718,0.6779962203947434,1
96,0.4557205240174672,Participant4_FV_FuUp,Endomorph,Normal,upright,0.2904622051244861,-0.0713709652962424,0.7478012311831681,-1.1810219287872314,13.618586497293634,0.6786076624968287,1
97,0.4604676128093158,Participant4_FV_FuUp,Endomorph,Normal,upright,0.2877130631981812,-0.8431342327402986,1.0182232398820936,-1.1202707588672638,13.32900459816915,0.6824001410683128,1
98,0.4652147016011645,Participant4_FV_FuUp,Endomorph,Normal,upright,0.2910582346268294,-0.097786415262467,1.2280594079870069,-1.1979179680347445,12.078896942387022,0.6923340807416472,1
99,0.4699617903930131,Participant4_FV_FuUp,Endomorph,Normal,upright,0.2950305183418876,-0.0347192726892902,1.4280651827890738,-1.210699200630188,10.85805494774242,0.6911974030172992,1
100,0.4747088791848617,Participant4_FV_FuUp,Endomorph,Normal,upright,0.2879011687915596,0.0687008259143196,0.5405379334175338,-1.2481732070446014,11.021511340024908,0.6837068048659817,1
101,0.4794559679767103,Participant4_FV_FuUp,Endomorph,Normal,upright,0.2984396050877635,-1.122431023205985,0.6832247613940713,-1.246087282896042,11.184967732307395,0.6860560812038493,1
102,0.4842030567685589,Participant4_FV_FuUp,Endomorph,Normal,upright,0.3006465261697878,-1.5169738259255383,0.3565028528960355,-1.2348627746105194,10.281906242474117,0.6878612104867938,1
103,0.4889501455604075,Participant4_FV_FuUp,Endomorph,Normal,upright,0.2999188102091388,-1.2628445792965255,0.9733221259110668,-1.1518239080905914,9.644613608653293,0.6835396241638134,1
104,0.4936972343522562,Participant4_FV_FuUp,Endomorph,Normal,upright,0.2970004867725009,-1.6254050038093089,0.396324850540622,-1.1659134030342102,11.270166479871753,0.6955190379036482,1
105,0.4984443231441048,Participant4_FV_FuUp,Endomorph,Normal,upright,0.2973925558379273,-1.3178079562109284,0.7525066290646114,-1.1211199760437012,11.236155451712614,0.6889919245805248,1
106,0.5031914119359534,Participant4_FV_FuUp,Endomorph,Normal,upright,0.2987502350848674,-1.3520633471107348,0.5453655654461426,-1.1338821053504944,9.08461762613918,0.6974868193956478,1
107,0.507938500727802,Participant4_FV_FuUp,Endomorph,Normal,upright,0.300776083750803,-1.2594805605717718,0.8410289054642942,-1.0917332470417025,7.13875868721233,0.7014320268143304,1
108,0.5126855895196507,Participant4_FV_FuUp,Endomorph,Normal,upright,0.291533113716132,-0.9567387429947226,0.3875541531606938,-1.1028724014759064,13.602733101706638,0.7042376207010727,1
109,0.5174326783114993,Participant4_FV_FuUp,Endomorph,Normal,upright,0.290635588812497,-0.3106782560772116,0.2517020767529714,-1.0526064038276672,15.121106880916628,0.6974042063043859,1
110,0.5221797671033479,Participant4_FV_FuUp,Endomorph,Normal,upright,0.2946793213229539,-0.343926833009585,0.4785004354859216,-1.1845422089099884,15.764018042805947,0.6961564670635453,1
111,0.5269268558951965,Participant4_FV_FuUp,Endomorph,Normal,upright,0.2921324138891562,-0.4201377358822549,0.0770501629604281,-1.1004379987716677,14.472379742223064,0.6922709196682676,1
112,0.5316739446870451,Participant4_FV_FuUp,Endomorph,Normal,upright,0.297144943304928,0.1722294554974762,0.8257493152688433,-1.0183759927749634,14.143107281255828,0.6954745778891028,1
113,0.5364210334788938,Participant4_FV_FuUp,Endomorph,Normal,upright,0.2982426021790568,-0.4097852655246171,0.7322922312284709,-1.1293780207633972,14.286094290614994,0.6854828082683795,1
114,0.5411681222707424,Participant4_FV_FuUp,Endomorph,Normal,upright,0.2929634050743179,-1.1161053119844693,-0.5040604401749152,-1.092472493648529,15.483660973561287,0.6979428276790596,1
115,0.545915211062591,Participant4_FV_FuUp,Endomorph,Normal,upright,0.2972961276351388,-1.5611905618882738,0.0557025794101662,-1.0921509861946106,13.270560218661002,0.6988529125143265,1
116,0.5506622998544396,Participant4_FV_FuUp,Endomorph,Normal,upright,0.2939112701415948,-1.2848776932132824,-0.5624869451368195,-1.1783270239830017,14.04161994069041,0.6999485897102862,1
117,0.5554093886462882,Participant4_FV_FuUp,Endomorph,Normal,upright,0.2947172531025791,-0.7859665097450528,0.0648175565528398,-1.1063198149204254,15.701916463522382,0.6885531177760549,1
118,0.5601564774381368,Participant4_FV_FuUp,Endomorph,Normal,upright,0.2951312070557778,-0.7801272553510812,0.2239186620889629,-1.1591335535049438,11.246838304183491,0.7002995051209768,1
119,0.5649035662299855,Participant4_FV_FuUp,Endomorph,Normal,upright,0.2952446942707953,-1.0598677992495844,0.1353325188397296,-1.129894107580185,13.055120036410202,0.6907446493216263,1
120,0.5696506550218341,Participant4_FV_FuUp,Endomorph,Normal,upright,0.2992705253908335,-1.2781412561918457,0.499535148548751,-1.1196681559085846,10.200989956993888,0.6930019141662488,1
121,0.5743977438136827,Participant4_FV_FuUp,Endomorph,Normal,upright,0.299574178749413,-1.230769468982151,0.6925017503037803,-1.102863997220993,9.235500407632852,0.7019915370740871,1
122,0.5791448326055313,Participant4_FV_FuUp,Endomorph,Normal,upright,0.2986786983313322,-1.4204240067853733,0.941476961256466,-1.0565447807312012,10.259180125463518,0.7015513029424786,1
123,0.5838919213973799,Participant4_FV_FuUp,Endomorph,Normal,upright,0.2993830296003225,-1.4384346486708113,1.112279050079707,-1.1227993667125702,9.35846689543237,0.7043205607502269,1
124,0.5886390101892286,Participant4_FV_FuUp,Endomorph,Normal,upright,0.301675428376973,-0.9537345841555798,0.1450436358542732,-1.1057599484920502,12.289574446228288,0.6977325517170797,1
125,0.5933860989810772,Participant4_FV_FuUp,Endomorph,Normal,upright,0.2992846017011133,-0.7433557801393333,0.6747802278210251,-1.2212619483470917,11.979399963605054,0.698993323589531,1
126,0.5981331877729258,Participant4_FV_FuUp,Endomorph,Normal,upright,0.3028104938827519,-1.0002360220719388,0.0857567097538573,-1.1663167178630829,10.842473089883024,0.685497668129059,1
127,0.6028802765647744,Participant4_FV_FuUp,Endomorph,Normal,upright,0.2931754214206448,-1.1894289456272444,1.0837034668957095,-1.1974214017391205,9.496716401291458,0.6831231401753332,1
128,0.607627365356623,Participant4_FV_FuUp,Endomorph,Normal,upright,0.3012229967460645,-0.8710630430817717,0.8378333226317544,-1.234960526227951,10.629624912325692,0.6817803587420856,1
129,0.6123744541484716,Participant4_FV_FuUp,Endomorph,Normal,upright,0.2925777939330232,-1.0186612437897573,0.3954227793297286,-1.1725201308727264,10.342266796724989,0.680395369113553,1
130,0.6171215429403203,Participant4_FV_FuUp,Endomorph,Normal,upright,0.2948316516371061,-1.4025707061992996,0.4059190960638941,-1.197898417711258,9.976804824560324,0.6797433664467739,1
131,0.6218686317321689,Participant4_FV_FuUp,Endomorph,Normal,upright,0.2972706667097831,-1.0102673213389757,0.6590197226429493,-1.2239372730255127,10.611339915972554,0.6959495860256233,1
132,0.6266157205240175,Participant4_FV_FuUp,Endomorph,Normal,upright,0.2978582105375588,-0.771296434855788,0.0942263075202591,-1.1633548140525818,13.31509695130923,0.6826929022043517,1
133,0.6313628093158661,Participant4_FV_FuUp,Endomorph,Normal,upright,0.2947087199500917,-1.3471414048992625,0.5050341647484258,-1.1674540042877195,11.231102605822391,0.6811669869675514,1
134,0.6361098981077147,Participant4_FV_FuUp,Endomorph,Normal,upright,0.2954375871548934,-0.1315653780397448,0.440940454669508,-1.2502497434616089,14.761532943119796,0.6742958620097405,1
135,0.6408569868995634,Participant4_FV_FuUp,Endomorph,Normal,upright,0.2993671642578991,-0.8582693711859942,0.3889232672977109,-1.203181117773056,9.555359871710444,0.6992761034938806,1
136,0.645604075691412,Participant4_FV_FuUp,Endomorph,Normal,upright,0.2935210877831549,-0.7974551342810728,1.141318869949357,-1.2235035002231598,10.887152362160672,0.6972292059093501,1
137,0.6503511644832606,Participant4_FV_FuUp,Endomorph,Normal,upright,0.3018648178139788,-0.8506380179440639,1.1028555118565129,-1.2078887224197388,10.342245060896026,0.6948212798218791,1
138,0.6550982532751092,Participant4_FV_FuUp,Endomorph,Normal,upright,0.3013222653144529,-0.4417186885259864,1.1671708994368937,-1.237161785364151,11.0947466272338,0.6901715758498908,1
139,0.6598453420669578,Participant4_FV_FuUp,Endomorph,Normal,upright,0.3016670498030999,-0.879876587630731,0.5556299546523562,-1.1844670474529266,9.304761843512908,0.6823769156524438,1
140,0.6645924308588064,Participant4_FV_FuUp,Endomorph,Normal,upright,0.3008844012719543,-0.7192620087950443,1.1504352765413444,-1.1998954117298126,11.772630765722743,0.6826076131631256,1
141,0.6693395196506551,Participant4_FV_FuUp,Endomorph,Normal,upright,0.2994226331730226,-0.987485799130299,1.1389828800180584,-1.192307561635971,11.53419458257164,0.6898067170861794,1
142,0.6740866084425037,Participant4_FV_FuUp,Endomorph,Normal,upright,0.3018020796184278,-1.2189392630351428,0.7419036550569709,-1.1705374121665957,13.302780730715616,0.6841551929067102,1
143,0.6788336972343523,Participant4_FV_FuUp,Endomorph,Normal,upright,0.2985297178178924,-1.1701898941492503,0.3086900107681395,-1.2126647233963013,11.139490539849502,0.6998864348503187,1
144,0.6835807860262009,Participant4_FV_FuUp,Endomorph,Normal,upright,0.2977236474111714,-0.2526222635346196,0.6110115709080102,-1.1632059216499329,12.237970405790165,0.6866785573989959,1
145,0.6883278748180495,Participant4_FV_FuUp,Endomorph,Normal,upright,0.2964907013897983,-0.6428094553627267,0.889284722389538,-1.1881117224693298,10.024008042705049,0.6975485986891214,1
146,0.6930749636098982,Participant4_FV_FuUp,Endomorph,Normal,upright,0.2963643732936967,-0.7881045331538697,0.8407806530783465,-1.2456912398338318,9.88645169525863,0.6937227851355945,1
147,0.6978220524017468,Participant4_FV_FuUp,Endomorph,Normal,upright,0.301990091848599,-1.0754086254812287,0.5877825885221045,-1.2361268997192385,9.794790316500675,0.6861626631456283,1
148,0.7025691411935954,Participant4_FV_FuUp,Endomorph,Normal,upright,0.3018125268442749,-1.5742538019246828,0.3314427973155983,-1.2431394457817078,7.967901249579003,0.6932787062325508,1
149,0.707316229985444,Participant4_FV_FuUp,Endomorph,Normal,upright,0.3016451476788094,-1.5203568684755222,0.4598138980791879,-1.1931122243404388,8.994587415542165,0.6929064967626096,1
150,0.7120633187772926,Participant4_FV_FuUp,Endomorph,Normal,upright,0.3034424672702195,-1.3512293372907034,0.8886346943222972,-1.2040409743785858,8.553323349025833,0.686712249591842,1
151,0.7168104075691412,Participant4_FV_FuUp,Endomorph,Normal,upright,0.2939354394777679,-1.192042039420551,0.9569056722765504,-1.3132718801498413,11.076025092956987,0.6922382673824523,1
152,0.7215574963609899,Participant4_FV_FuUp,Endomorph,Normal,upright,0.2937452999959384,-0.9031216967989246,1.0292797858082086,-1.2324567437171936,9.200365203745266,0.6922616526211196,1
153,0.7263045851528385,Participant4_FV_FuUp,Endomorph,Normal,upright,0.3016735156828298,-0.8574198036960984,1.0295893317651568,-1.245664656162262,8.359356186170276,0.6949302532439169,1
154,0.7310516739446871,Participant4_FV_FuUp,Endomorph,Normal,upright,0.3041339746195761,-0.913131264815664,0.9206434070372544,-1.2142096161842346,7.734849614628592,0.6964328479553575,1
155,0.7357987627365357,Participant4_FV_FuUp,Endomorph,Normal,upright,0.3026518746062437,-1.0890202149637394,0.8826521660050426,-1.1462184190750122,6.8684161746778285,0.6913769045704943,1
156,0.7405458515283843,Participant4_FV_FuUp,Endomorph,Normal,upright,0.3006502196779815,-1.894208965499223,1.4118370766408217,-1.192943453788757,7.557520084254133,0.686021700371834,1
157,0.745292940320233,Participant4_FV_FuUp,Endomorph,Normal,upright,0.2915194981797304,-1.442022230215894,0.7911265698656741,-1.2439791560173037,11.523289603610635,0.6782795139072095,1
158,0.7500400291120816,Participant4_FV_FuUp,Endomorph,Normal,upright,0.2980563084779355,-1.3873742685003734,0.5471486652872123,-1.1332156360149384,9.530798684603278,0.6674561033622758,1
159,0.7547871179039302,Participant4_FV_FuUp,Endomorph,Normal,upright,0.300352392587873,-1.7511131515417022,1.221772159173888,-1.2283095717430117,7.012953604555083,0.6884217135436475,1
160,0.7595342066957788,Participant4_FV_FuUp,Endomorph,Normal,upright,0.3015830583435637,-0.9128067459941296,0.951327726448187,-1.15755695104599,8.85444378616276,0.6941511873798504,1
161,0.7642812954876274,Participant4_FV_FuUp,Endomorph,Normal,upright,0.2996914947334885,-1.1429365005413454,0.7164288110648958,-1.1711275577545166,9.378684360072487,0.6759872665228148,1
162,0.769028384279476,Participant4_FV_FuUp,Endomorph,Normal,upright,0.2950520758991602,-1.1649638619929388,0.5325760834954242,-1.2296657860279083,9.156762150592597,0.6846028607334441,1
163,0.7737754730713247,Participant4_FV_FuUp,Endomorph,Normal,upright,0.3019095408118832,-0.7550543650820707,0.2225608617399943,-1.1275863349437714,9.683532349907694,0.6780909795316448,1
164,0.7785225618631733,Participant4_FV_FuUp,Endomorph,Normal,upright,0.3025886462682132,-0.838496586442179,1.1374521681096006,-1.183335304260254,7.095634371229974,0.6945605166670695,1
165,0.7832696506550219,Participant4_FV_FuUp,Endomorph,Normal,upright,0.2916920691058846,-1.23640281072739,0.5044575280007507,-1.243959158658981,9.300052347819602,0.6740375390445571,1
166,0.7880167394468705,Participant4_FV_FuUp,Endomorph,Normal,upright,0.2946662206956247,-1.30036788243903,0.5141021505280838,-1.2410543262958529,8.753462880006905,0.6873151786585567,1
167,0.792763828238719,Participant4_FV_FuUp,Endomorph,Normal,upright,0.2906817003449066,-1.4777264876762946,0.262571298606464,-1.2420982420444489,8.85487263691311,0.6866533637412975,1
168,0.7975109170305678,Participant4_FV_FuUp,Endomorph,Normal,upright,0.2986024435639182,-1.2057970112824798,0.3203556650281279,-1.1929828822612762,9.70601203673536,0.6833542744807806,1
169,0.8022580058224164,Participant4_FV_FuUp,Endomorph,Normal,upright,0.296032911876765,-0.940448851949646,0.8140208225637751,-1.1819167733192444,8.526149672680734,0.6859774170854406,1
170,0.807005094614265,Participant4_FV_FuUp,Endomorph,Normal,upright,0.2894489363557861,-1.3470751783680155,0.8965081841404801,-1.1746083199977877,10.162964197196148,0.6866516347232681,1
171,0.8117521834061135,Participant4_FV_FuUp,Endomorph,Normal,upright,0.2883564817386129,-0.9747506388025348,0.900220635955111,-1.2274233400821686,10.30733377789238,0.6856021306934722,1
172,0.8164992721979621,Participant4_FV_FuUp,Endomorph,Normal,upright,0.2855258600539339,-0.8990818102160641,0.9742978917600068,-1.1893571317195892,10.890236472306196,0.688864998815556,1
173,0.8212463609898107,Participant4_FV_FuUp,Endomorph,Normal,upright,0.2931800654852902,-1.681469668308737,1.2336875752555865,-1.1325682699680328,8.345168185485143,0.6810959514102229,1
174,0.8259934497816595,Participant4_FV_FuUp,Endomorph,Normal,upright,0.2950386626512669,-1.6344840326686,0.8977176647430217,-1.1035495698451996,6.339667377397122,0.6886788924465955,1
175,0.830740538573508,Participant4_FV_FuUp,Endomorph,Normal,upright,0.2935431684458345,-1.4830950135825256,1.0285411929053487,-1.2148385643959043,10.540860235099148,0.6945523072412996,1
176,0.8354876273653566,Participant4_FV_FuUp,Endomorph,Normal,upright,0.2979599608103422,-0.9291697755291212,0.7956137367288365,-1.0551219284534454,10.818550407128004,0.6963877261409723,1
177,0.8402347161572052,Participant4_FV_FuUp,Endomorph,Normal,upright,0.2874295432133923,-2.0583109743571693,1.0215029006828258,-1.2226046919822693,10.200164944915455,0.6758204473031536,1
178,0.8449818049490538,Participant4_FV_FuUp,Endomorph,Normal,upright,0.2888363269172554,-1.756928592265964,1.0226699685694711,-1.1423393189907074,8.54421912432671,0.6796135424508309,1
179,0.8497288937409025,Participant4_FV_FuUp,Endomorph,Normal,upright,0.2840590473256493,-1.341628054833745,1.0906725969438305,-1.1174668967723846,9.885310690729185,0.6855262172963785,1
180,0.8544759825327511,Participant4_FV_FuUp,Endomorph,Normal,upright,0.2863049152821064,-1.5425763737391347,0.8364129739786851,-1.1455312669277191,10.35034211877997,0.6884347356539752,1
181,0.8592230713245997,Participant4_FV_FuUp,Endomorph,Normal,upright,0.2868890010842155,-1.365140332108933,1.415307951365208,-1.1508700847625732,11.380802520651365,0.6912019802745987,1
182,0.8639701601164483,Participant4_FV_FuUp,Endomorph,Normal,upright,0.2928473003773275,-0.5384141505350797,1.304827488745549,-1.1439861953258514,11.123018636209553,0.6952466074906879,1
183,0.8687172489082969,Participant4_FV_FuUp,Endomorph,Normal,upright,0.2900475551559767,-1.1939302383185435,0.6642886488098212,-1.1312621533870697,11.870824169385024,0.6820126568225855,1
184,0.8734643377001455,Participant4_FV_FuUp,Endomorph,Normal,upright,0.2965678041462906,-0.083915373097971,0.6872428648729829,-1.0683661997318268,12.2930253797576,0.6711326287006008,1
185,0.8782114264919942,Participant4_FV_FuUp,Endomorph,Normal,upright,0.2897317803507667,-0.7785700592544537,0.908182413933937,-1.148162990808487,13.786913046863331,0.6754994872316666,1
186,0.8829585152838428,Participant4_FV_FuUp,Endomorph,Normal,upright,0.2881043160573926,-0.6358467972631089,0.5444726551078642,-1.1195712685585022,13.14779114489669,0.6731697592825121,1
187,0.8877056040756914,Participant4_FV_FuUp,Endomorph,Normal,upright,0.295086457097138,-1.284657092466309,0.853947343011377,-1.1468882262706757,11.108524350479778,0.679890041252046,1
188,0.89245269286754,Participant4_FV_FuUp,Endomorph,Normal,upright,0.2883540861673301,-1.26059597542325,0.3371565008159844,-1.2100511193275452,13.227481082032376,0.667370221212627,1
189,0.8971997816593886,Participant4_FV_FuUp,Endomorph,Normal,upright,0.2813549210275961,-1.2426542829080396,0.0074264915436225,-1.1078781485557556,16.191972708522268,0.6766717415726315,1
190,0.9019468704512372,Participant4_FV_FuUp,Endomorph,Normal,upright,0.2859842417064576,-1.2491217222501287,0.5180407823247737,-1.2136081755161283,13.239144382291874,0.6723567026193081,1
191,0.906693959243086,Participant4_FV_FuUp,Endomorph,Normal,upright,0.2765852073910761,-1.0272156368689385,0.9429752222842792,-1.1484757959842682,14.788655573532893,0.6818681341646651,1
192,0.9114410480349344,Participant4_FV_FuUp,Endomorph,Normal,upright,0.2798533021799382,-1.1470484685518667,0.6133088962770392,-1.2003407180309296,15.50303842965364,0.6799182512698501,1
193,0.9161881368267832,Participant4_FV_FuUp,Endomorph,Normal,upright,0.2882775842307573,-1.2173884891223223,-0.0671469109284589,-1.1271935105323792,11.7075441290456,0.6675260288035703,1
194,0.9209352256186316,Participant4_FV_FuUp,Endomorph,Normal,upright,0.2826250535798587,-1.240261961714842,0.0807066191819533,-1.2222786843776705,8.144167761314694,0.6875460112955436,1
195,0.9256823144104804,Participant4_FV_FuUp,Endomorph,Normal,upright,0.2881465152424857,-1.359117224545451,0.3971750899998336,-1.1053730845451355,9.668526126072562,0.6642522062239917,1
196,0.930429403202329,Participant4_FV_FuUp,Endomorph,Normal,upright,0.2920665307124186,-1.4393100790841369,0.2239960869224972,-1.2103662192821505,8.3864296372398,0.6740306842124455,1
197,0.9351764919941776,Participant4_FV_FuUp,Endomorph,Normal,upright,0.2906048664673607,-0.7719581900644846,0.4747102150650358,-1.2503040730953217,10.137858648887104,0.6877970597610779,1
198,0.9399235807860262,Participant4_FV_FuUp,Endomorph,Normal,upright,0.2863652279265725,-0.9086698725788568,0.2699467063356647,-1.1046206057071686,12.890064496658292,0.679785265471225,1
199,0.9446706695778748,Participant4_FV_FuUp,Endomorph,Normal,upright,0.2934333523222225,-1.6572275700979266,0.4727435299691557,-1.118785411119461,7.341964312342281,0.6831172247871786,1
200,0.9494177583697234,Participant4_FV_FuUp,Endomorph,Normal,upright,0.2854444021454021,-1.3573844561555175,0.6510425835104361,-1.149409294128418,12.093001574132872,0.6788332700745241,1
201,0.954164847161572,Participant4_FV_FuUp,Endomorph,Normal,upright,0.2895647779371412,-1.5497880794790844,0.4551718687216601,-1.0825978815555573,7.611942494067331,0.6759890084393864,1
202,0.9589119359534208,Participant4_FV_FuUp,Endomorph,Normal,upright,0.2905928171595769,-1.5041166728968225,0.6075698650995022,-1.1627822518348694,8.604652888485234,0.6899134340185215,1
203,0.9636590247452692,Participant4_FV_FuUp,Endomorph,Normal,upright,0.2904980570406503,-0.9926796085819174,0.7453883792793815,-1.062667191028595,8.845769726005472,0.6771151400322417,1
204,0.968406113537118,Participant4_FV_FuUp,Endomorph,Normal,upright,0.2954849926158744,-0.9435055750130208,0.4399637164399758,-1.171379417181015,8.82764049869557,0.6720163902281934,1
205,0.9731532023289664,Participant4_FV_FuUp,Endomorph,Normal,upright,0.2986575444548144,-0.6029955704354291,0.7354546440387545,-1.2564527690410614,6.395197191690186,0.6751414110150409,1
206,0.9779002911208152,Participant4_FV_FuUp,Endomorph,Normal,upright,0.2919853940240616,-1.09798633504613,0.8010522189116559,-1.1618451476097107,7.788407484150247,0.6888112367729461,1
207,0.9826473799126638,Participant4_FV_FuUp,Endomorph,Normal,upright,0.289712645092391,-0.7122430282598131,0.7658419036823872,-1.1795081794261932,8.947373037568262,0.679710691484843,1
208,0.9873944687045124,Participant4_FV_FuUp,Endomorph,Normal,upright,0.2754772393078551,-0.4499812432281334,0.9703804651336432,-1.1601374447345734,8.242426314605007,0.6905604183620542,1
209,0.992141557496361,Participant4_FV_FuUp,Endomorph,Normal,upright,0.2904809507443733,-0.998949765426726,0.762062259075675,-1.215071588754654,8.367486637210343,0.6937341954587343,1
210,0.9968886462882096,Participant4_FV_FuUp,Endomorph,Normal,upright,0.2832047833633985,-1.028102244523019,0.3773380012711855,-1.2445569932460785,10.160324658088404,0.6844725417799274,1
211,1.0016357350800582,Participant4_FV_FuUp,Endomorph,Normal,upright,0.2780320876875295,-0.9742109891833122,0.5050650050204584,-1.2595568001270294,9.603128794923146,0.6946373645108005,1
212,1.0063828238719068,Participant4_FV_FuUp,Endomorph,Normal,upright,0.28318757525105,-1.102524805394679,0.9410128750911516,-1.1955795288085938,10.196190528916125,0.6819800890663889,1
213,1.0111299126637554,Participant4_FV_FuUp,Endomorph,Normal,upright,0.2843134362818862,-0.6528863320805731,0.9232765591555157,-1.2634350657463074,11.752089445112595,0.6860191360040603,1
214,1.015877001455604,Participant4_FV_FuUp,Endomorph,Normal,upright,0.2841212483444128,-0.7106686402053919,0.4572933978661891,-1.273280531167984,11.870765570918678,0.6665882028642157,1
215,1.0206240902474528,Participant4_FV_FuUp,Endomorph,Normal,upright,0.2839290604069394,-0.4819637258911766,0.8205925794455907,-1.3177482187747955,13.224961102860256,0.6565984628264141,1
216,1.0253711790393014,Participant4_FV_FuUp,Endomorph,Normal,upright,0.2835989321054239,-0.4153697221926,0.2152244660295402,-1.2397859394550323,14.634092899597004,0.6471532470984935,1
217,1.03011826783115,Participant4_FV_FuUp,Endomorph,Normal,upright,0.2783445283278011,-1.4019072417401564,0.7790345432822281,-1.2108126878738403,10.86865468985008,0.655921484383772,1
218,1.0348653566229986,Participant4_FV_FuUp,Endomorph,Normal,upright,0.2787392116754874,-1.0693074344574365,0.8162351485279484,-1.2663774490356443,8.341834972156954,0.6783299972994321,1
219,1.0396124454148472,Participant4_FV_FuUp,Endomorph,Normal,upright,0.2748569542534951,-0.4379986300697725,0.440054714596429,-1.2758749425411224,8.942239876086209,0.6752461801108837,1
220,1.0443595342066958,Participant4_FV_FuUp,Endomorph,Normal,upright,0.2844723182432365,-0.6775067728670956,0.599562081693996,-1.2404426336288452,7.157435315282207,0.6707234205087896,1
221,1.0491066229985444,Participant4_FV_FuUp,Endomorph,Normal,upright,0.2861221112635771,-0.7683926024036507,1.0643793045540235,-1.259606033563614,7.734402195659964,0.6652275700867473,1
222,1.053853711790393,Participant4_FV_FuUp,Endomorph,Normal,upright,0.2861177937164827,-0.6232580977844152,0.972811346200648,-1.2700695395469666,8.318310403103522,0.6732370709243141,1
223,1.0586008005822416,Participant4_FV_FuUp,Endomorph,Normal,upright,0.2878916405628938,-0.8303210970407059,0.3789964344864487,-1.2450170516967771,6.899219522965804,0.6703447066978542,1
224,1.0633478893740902,Participant4_FV_FuUp,Endomorph,Normal,upright,0.2878941585286765,-0.5329186953598934,0.7321866215977176,-1.1852571368217468,5.807838843094755,0.6766669192492576,1
225,1.0680949781659388,Participant4_FV_FuUp,Endomorph,Normal,upright,0.2777137329525276,-1.4671529237313763,0.3849159447559666,-1.187691509723663,5.700976798885223,0.6821959409282444,1
226,1.0728420669577876,Participant4_FV_FuUp,Endomorph,Normal,upright,0.2763478533081247,-1.505354971912538,0.7488058156689661,-1.2411555647850037,5.016676838284823,0.6717303686368891,1
227,1.0775891557496362,Participant4_FV_FuUp,Endomorph,Normal,upright,0.2789925675946395,-0.5649748890443472,1.7157286295951597,-1.2822313606739044,9.53743545771844,0.6739448128626137,1
228,1.0823362445414848,Participant4_FV_FuUp,Endomorph,Normal,upright,0.2754943528243583,-1.0567855790033178,1.0744787913492178,-1.2314128577709198,7.245414208621709,0.6784423029920136,1
229,1.0870833333333334,Participant4_FV_FuUp,Endomorph,Normal,upright,0.2753390326671784,-0.6291576684339737,0.7195236940863146,-1.2303738594055176,12.202395344573358,0.6741601468672338,1
230,1.091830422125182,Participant4_FV_FuUp,Endomorph,Normal,upright,0.2756800789803758,-0.9465478342355528,0.7755190067970849,-1.2777936458587646,10.92655308232599,0.6742261092006429,1
231,1.0965775109170306,Participant4_FV_FuUp,Endomorph,Normal,upright,0.2781659514169026,-1.174257320490519,1.0161685999853278,-1.2024725079536438,10.484761363456366,0.6750640862072456,1
232,1.1013245997088792,Participant4_FV_FuUp,Endomorph,Normal,upright,0.2768940171778227,-0.9717338486310214,0.9697651812444902,-1.2357166111469269,9.606103800444629,0.6784799733750756,1
233,1.1060716885007278,Participant4_FV_FuUp,Endomorph,Normal,upright,0.2850922320774885,-0.8621055246189595,0.3455253298699748,-1.244326651096344,8.104858222329685,0.6696385883305754,1
234,1.1108187772925764,Participant4_FV_FuUp,Endomorph,Normal,upright,0.2785559787940258,-0.741946755434471,0.3478174446583352,-1.2570149600505829,8.741329769288106,0.6698257449887163,1
235,1.115565866084425,Participant4_FV_FuUp,Endomorph,Normal,upright,0.2826657670853004,-0.9353433053967388,1.4606676682107271,-1.128057837486267,7.686362145949986,0.6645565107042624,1
236,1.1203129548762736,Participant4_FV_FuUp,Endomorph,Normal,upright,0.2777443816223922,-0.6712919327154496,0.225150511601161,-1.2194523513317108,6.611330247581213,0.6628048251427964,1
237,1.1250600436681224,Participant4_FV_FuUp,Endomorph,Normal,upright,0.2921263536114308,-0.6636435601079163,1.1910598254141294,-1.1608785688877106,8.188163976892804,0.6537286764813337,1
238,1.129807132459971,Participant4_FV_FuUp,Endomorph,Normal,upright,0.2839561540026795,-1.0002466019787497,0.5422191543209006,-1.2043009996414185,4.62057124248271,0.6687255862204313,1
239,1.1345542212518196,Participant4_FV_FuUp,Endomorph,Normal,upright,0.2838684026233747,-0.9809122195409402,-0.1338622777280662,-1.1396477818489077,7.510679902577433,0.6564016552591626,1
240,1.1393013100436682,Participant4_FV_FuUp,Endomorph,Normal,upright,0.285863203025444,-1.1277656066277224,0.6550604156989354,-1.1674736142158508,8.293978314507749,0.6546624051964189,1
241,1.1440483988355168,Participant4_FV_FuUp,Endomorph,Normal,upright,0.2784257582462192,-1.081855256107638,0.9021857452871646,-1.164174646139145,6.685346585410041,0.6661983958899218,1
242,1.1487954876273654,Participant4_FV_FuUp,Endomorph,Normal,upright,0.2848635341860983,-1.051559891442514,0.7442464898448296,-1.2037266492843628,8.06427023653056,0.6566882130257585,1
243,1.153542576419214,Participant4_FV_FuUp,Endomorph,Normal,upright,0.2895452212453583,-0.4330796995396554,1.2008344504594886,-1.172572135925293,6.799916338789227,0.6665290561850175,1
244,1.1582896652110626,Participant4_FV_FuUp,Endomorph,Normal,upright,0.2907039742733843,-0.0651581050947663,0.48716435235956,-1.1738029420375824,7.962670959960738,0.6710888910594838,1
245,1.1630367540029112,Participant4_FV_FuUp,Endomorph,Normal,upright,0.2849417540742882,-0.807105305882078,1.0672798670151842,-1.1947601437568665,8.238164382498402,0.6637840213937352,1
246,1.1677838427947598,Participant4_FV_FuUp,Endomorph,Normal,upright,0.2790728031716647,-1.1127125316083066,0.7296428283924918,-1.1780453622341156,7.82805281412635,0.6712310064793303,1
247,1.1725309315866084,Participant4_FV_FuUp,Endomorph,Normal,upright,0.277591310054825,-0.530316095650021,0.6213973301362502,-1.1659384965896606,6.445947410794999,0.6802967720155895,1
248,1.1772780203784572,Participant4_FV_FuUp,Endomorph,Normal,upright,0.2836439694617768,-0.6787367743804165,0.0665702824061539,-1.171331375837326,9.894607783849272,0.6614271472578602,1
249,1.1820251091703058,Participant4_FV_FuUp,Endomorph,Normal,upright,0.282499490405121,-0.3820586277228559,-0.4021566658444142,-1.179900288581848,7.664890352977002,0.6585700597382481,1
250,1.1867721979621544,Participant4_FV_FuUp,Endomorph,Normal,upright,0.2837163921300011,-0.2726652734315688,-0.1725604583038545,-1.186277449131012,8.671580365810533,0.6604634507639939,1
251,1.191519286754003,Participant4_FV_FuUp,Endomorph,Normal,upright,0.2833730803715092,-0.5805535070994361,0.2767663417509317,-1.1406449377536774,10.501505923157112,0.6522017540832694,1
252,1.1962663755458516,Participant4_FV_FuUp,Endomorph,Normal,upright,0.286219861126217,-1.0663357065629109,-0.1712022732025107,-1.0799427032470703,6.744860701303894,0.6549947013417237,1
253,1.2010134643377002,Participant4_FV_FuUp,Endomorph,Normal,upright,0.2834417777333886,-0.8493521122537437,-0.1874959744542146,-1.0909007489681244,7.312601203585701,0.664927763168265,1
254,1.2057605531295488,Participant4_FV_FuUp,Endomorph,Normal,upright,0.2834212945629256,-1.0366543050137496,-0.3448094394801097,-1.0757087767124176,6.002773607470626,0.6610492314031131,1
255,1.2105076419213974,Participant4_FV_FuUp,Endomorph,Normal,upright,0.2952302355283195,-0.9339564913494812,-0.0943444812322724,-1.1935255825519562,9.52856970019798,0.6575678375527083,1
256,1.215254730713246,Participant4_FV_FuUp,Endomorph,Normal,upright,0.2862960095575542,-0.4756817121415516,0.1782466227577625,-1.196795642375946,7.013547230636545,0.6691751429058628,1
257,1.2200018195050946,Participant4_FV_FuUp,Endomorph,Normal,upright,0.2963128413581455,-0.5437437254159883,0.0996085834159183,-1.1702763736248016,7.309752460238281,0.6585984567339129,1
258,1.2247489082969432,Participant4_FV_FuUp,Endomorph,Normal,upright,0.2876388597210592,-0.7556020719051868,1.1471837886813678,-1.1846138834953308,4.035095910849567,0.662634325933955,1
259,1.229495997088792,Participant4_FV_FuUp,Endomorph,Normal,upright,0.2833608975887547,-0.3721703109466014,0.862834512834099,-1.112989366054535,5.091666925391979,0.6608809179383021,1
260,1.2342430858806406,Participant4_FV_FuUp,Endomorph,Normal,upright,0.2877193696229341,-0.6098028662383137,0.7623139860320797,-1.1308641135692596,9.009708591243212,0.657692250344428,1
261,1.2389901746724892,Participant4_FV_FuUp,Endomorph,Normal,upright,0.2873672197613409,-0.3045460014640084,0.9257861318294528,-1.1904427409172058,11.327682493922154,0.6523277820387747,1
262,1.2437372634643378,Participant4_FV_FuUp,Endomorph,Normal,upright,0.2858747060688819,-0.595374650307464,0.8352437401819925,-1.2588582038879397,10.215738701785646,0.6562265989256719,1
263,1.2484843522561864,Participant4_FV_FuUp,Endomorph,Normal,upright,0.2888048308200914,-0.3800714492566193,0.5408469059719412,-1.200026959180832,8.335183502648052,0.6548069540059324,1
264,1.253231441048035,Participant4_FV_FuUp,Endomorph,Normal,upright,0.2857594348541835,-0.3837190668226401,0.4638595093452055,-1.184175968170166,7.873170552148712,0.6631073647901814,1
265,1.2579785298398836,Participant4_FV_FuUp,Endomorph,Normal,upright,0.290394624203463,-0.0681727756899031,0.2063356588037486,-1.156350314617157,10.013327746546018,0.6607492176885451,1
266,1.2627256186317322,Participant4_FV_FuUp,Endomorph,Normal,upright,0.282041046590169,-0.2635898993936863,0.6295788711999178,-1.2077409327030182,11.000005687725906,0.652794921314322,1
267,1.2674727074235808,Participant4_FV_FuUp,Endomorph,Normal,upright,0.2812105288150274,-0.4623212578320393,0.8644998743474847,-1.19941908121109,6.952523098651524,0.661336463924406,1
268,1.2722197962154294,Participant4_FV_FuUp,Endomorph,Normal,upright,0.2786926433872761,-0.6535987633528045,0.5730062368753822,-1.188854455947876,7.431646740813306,0.6587588548212874,1
269,1.276966885007278,Participant4_FV_FuUp,Endomorph,Normal,upright,0.2804466499611609,-0.5309283516465397,-0.128108952583918,-1.1897291243076324,7.997101367024268,0.6543744710609185,1
270,1.2817139737991268,Participant4_FV_FuUp,Endomorph,Normal,upright,0.2917380668960428,-0.4003177506219795,0.4082006280437911,-1.1992901861667633,7.213312779739927,0.6455429702418751,1
271,1.2864610625909754,Participant4_FV_FuUp,Endomorph,Normal,upright,0.2853497862826529,-0.593515498215542,0.7358666606971677,-1.2064250111579895,9.02022657994246,0.6610498446409908,1
272,1.291208151382824,Participant4_FV_FuUp,Endomorph,Normal,upright,0.2821201885031781,-0.4419265733117471,0.6337024654220463,-1.1837748289108276,9.273378672027706,0.6543839615169357,1
273,1.2959552401746726,Participant4_FV_FuUp,Endomorph,Normal,upright,0.2846151353068308,-0.0438665477787451,0.6580944995111246,-1.228405237197876,7.397713130543022,0.6757546557648335,1
274,1.3007023289665212,Participant4_FV_FuUp,Endomorph,Normal,upright,0.2862345233864768,-0.4979855847151402,-0.3309723962699375,-1.2411796748638153,6.501552397192821,0.6743034600003174,1
275,1.3054494177583698,Participant4_FV_FuUp,Endomorph,Normal,upright,0.2852867541368953,-0.8608799176265592,0.2741431621242458,-1.1833739280700684,5.020398455182446,0.6664938133760664,1
276,1.3101965065502184,Participant4_FV_FuUp,Endomorph,Normal,upright,0.2868389732956859,-0.7968679461584085,0.727882293286682,-1.2285563051700592,4.918576442558554,0.6720839453097802,1
277,1.314943595342067,Participant4_FV_FuUp,Endomorph,Normal,upright,0.2821351543502875,-1.0389370867786794,0.9478396197322508,-1.2055349349975586,4.632675668268005,0.6841529290391356,1
278,1.3196906841339155,Participant4_FV_FuUp,Endomorph,Normal,upright,0.2782720897291743,-0.7266905475941565,0.9047386012795102,-1.234931081533432,6.04028177833151,0.6809970695598884,1
279,1.324437772925764,Participant4_FV_FuUp,Endomorph,Normal,upright,0.2842231609261747,-0.3086885992095789,0.1370823547119234,-1.318510115146637,9.335082729752807,0.6751703857549018,1
280,1.3291848617176127,Participant4_FV_FuUp,Endomorph,Normal,upright,0.2850662085216772,-0.7867755856518714,0.3326818971740794,-1.2678814828395844,7.374483147439035,0.6654077179921294,1
281,1.3339319505094616,Participant4_FV_FuUp,Endomorph,Normal,upright,0.2867624128425234,-0.5824636669498806,-0.5432038985993934,-1.2427334487438202,4.51684147963762,0.672742170872835,1
282,1.3386790393013102,Participant4_FV_FuUp,Endomorph,Normal,upright,0.2877783762056353,-0.6711653995745918,-0.2207741747925348,-1.2178940176963806,4.41316499074212,0.6687712846600191,1
283,1.3434261280931588,Participant4_FV_FuUp,Endomorph,Normal,upright,0.2786677867334682,0.2396237514656395,0.8043728971255286,-1.2596403062343595,8.631729122079088,0.6679744129453781,1
284,1.3481732168850074,Participant4_FV_FuUp,Endomorph,Normal,upright,0.2933642646697094,-0.4448145417378228,0.6109703748793207,-1.0456493198871613,8.00704655146,0.6583351700996923,1
285,1.352920305676856,Participant4_FV_FuUp,Endomorph,Normal,upright,0.2916700960628847,-0.4722814333682069,0.6773894411640701,-1.1139724850654602,7.566500810173454,0.6755331174404202,1
286,1.3576673944687043,Participant4_FV_FuUp,Endomorph,Normal,upright,0.2872090977333731,-1.5053495603397058,-0.0402528897712926,-1.2103944420814514,3.186332075568853,0.6699017806355909,1
287,1.3624144832605531,Participant4_FV_FuUp,Endomorph,Normal,upright,0.2932207914050181,-0.7803161201255839,0.6107759984256045,-1.2174566984176636,5.693904172655287,0.670775571671904,1
288,1.3671615720524015,Participant4_FV_FuUp,Endomorph,Normal,upright,0.2957362754432237,-0.7427327207657398,0.7892613173465695,-1.1946488618850708,6.475176369339789,0.6528441468231639,1
289,1.3719086608442503,Participant4_FV_FuUp,Endomorph,Normal,upright,0.289204665166327,-1.075595199010628,0.4398968337980121,-1.2570021450519562,4.870511418823553,0.6612480439225906,1
290,1.376655749636099,Participant4_FV_FuUp,Endomorph,Normal,upright,0.2887389351090532,-1.1430360199846326,0.7059142051375153,-1.3235270082950592,4.068495675279324,0.6677892749152887,1
291,1.3814028384279475,Participant4_FV_FuUp,Endomorph,Normal,upright,0.2879592723253112,-0.9519797591684728,0.5610307043788089,-1.190837413072586,1.5315853892365254,0.6619630417388153,1
292,1.3861499272197964,Participant4_FV_FuUp,Endomorph,Normal,upright,0.2841437590522309,-0.253434774576443,0.9589933167896822,-1.260675698518753,6.819433088768956,0.6710961248908708,1
293,1.390897016011645,Participant4_FV_FuUp,Endomorph,Normal,upright,0.2934613488774939,-0.6471745421055475,1.1703750567029003,-1.2155211567878723,5.440469509254128,0.6700998944342825,1
294,1.3956441048034935,Participant4_FV_FuUp,Endomorph,Normal,upright,0.2876728978965273,-0.4572274915566774,1.1196329631750312,-1.1764182150363922,5.647828974751469,0.6712808371065393,1
295,1.400391193595342,Participant4_FV_FuUp,Endomorph,Normal,upright,0.2841702097168374,-0.5136929837359443,1.17987962981172,-1.214244782924652,2.623260885493146,0.6729985951542962,1
296,1.4051382823871907,Participant4_FV_FuUp,Endomorph,Normal,upright,0.2859062186797523,-0.3406799808282359,0.9585421505139756,-1.2143986225128174,5.179977269715281,0.6789831441863923,1
297,1.4098853711790391,Participant4_FV_FuUp,Endomorph,Normal,upright,0.2956160975251796,-0.6999671800801783,0.4445125365761171,-1.2102363109588623,1.36090717994494,0.6648788100243239,1
298,1.414632459970888,Participant4_FV_FuUp,Endomorph,Normal,upright,0.2954064141729321,-0.8487461926782737,1.4965823814996688,-1.2241125702857971,2.3893070292255825,0.6701706713283363,1
299,1.4193795487627363,Participant4_FV_FuUp,Endomorph,Normal,upright,0.2874590081691843,-0.4449442180239978,1.5420586961624827,-1.2207224369049072,6.373975991160728,0.6726728556458208,1
300,1.4241266375545851,Participant4_FV_FuUp,Endomorph,Normal,upright,0.2949198476635805,-0.689458253223602,1.262567123005893,-1.2438450753688812,5.010275840768824,0.6665422393883423,1
301,1.4288737263464335,Participant4_FV_FuUp,Endomorph,Normal,upright,0.2879630871289242,-0.9262908553547132,1.129386415286015,-1.1611199378967283,4.8659093437961145,0.6667367093371094,1
302,1.4336208151382823,Participant4_FV_FuUp,Endomorph,Normal,upright,0.2881641753249128,-0.6870251330749017,0.8493300068296791,-1.2246566414833069,4.738740083839507,0.6575241710182308,1
303,1.4383679039301311,Participant4_FV_FuUp,Endomorph,Normal,upright,0.2849573868614621,-0.611467256770158,0.7350807454255919,-1.2199579775333405,6.002878709920662,0.6611019145980654,1
304,1.4431149927219795,Participant4_FV_FuUp,Endomorph,Normal,upright,0.280961545890729,-0.8166196601655905,0.796044757594804,-1.2644837200641632,2.210848449910357,0.6680493876598921,1
305,1.4478620815138283,Participant4_FV_FuUp,Endomorph,Normal,upright,0.2820710172692974,-0.3662708599556225,0.3982090379839988,-1.1902014315128326,4.767805536129996,0.6698098250955924,1
306,1.452609170305677,Participant4_FV_FuUp,Endomorph,Normal,upright,0.2764999303414904,-0.0139884539393695,0.1408920295914432,-1.1975776255130768,6.054561275429519,0.6635634798879911,1
307,1.4573562590975255,Participant4_FV_FuUp,Endomorph,Normal,upright,0.2884704624753297,-0.5755536276490233,0.2768199667370192,-1.2141442894935608,3.646448654720463,0.663492418988113,1
308,1.462103347889374,Participant4_FV_FuUp,Endomorph,Normal,upright,0.2806957375816185,-0.6489565390691415,0.4333376628500162,-1.2051396667957306,3.555762952754261,0.6670179551089722,1
309,1.4668504366812227,Participant4_FV_FuUp,Endomorph,Normal,upright,0.2890295730515095,-0.8205997336478222,1.0792795692502517,-1.2104916274547577,4.859470405742414,0.6602605340891141,1
310,1.471597525473071,Participant4_FV_FuUp,Endomorph,Normal,upright,0.2816382668558619,-0.7988983002127523,0.619356629634437,-1.2119740843772888,3.5724866185335165,0.6624588899277609,1
311,1.47634461426492,Participant4_FV_FuUp,Endomorph,Normal,upright,0.2794828771347952,-0.3059193784626728,1.1588087743382331,-1.1950809061527252,6.176212546280009,0.658765407747162,1
312,1.4810917030567683,Participant4_FV_FuUp,Endomorph,Normal,upright,0.2826286459488789,-0.5846165234033608,0.6248359457853824,-1.15699565410614,5.464714429523966,0.6622033314848867,1
313,1.4858387918486171,Participant4_FV_FuUp,Endomorph,Normal,upright,0.2811131946145095,-0.7887269621297797,0.808083394700879,-1.1621705293655396,4.492015233633829,0.6692303607856429,1
314,1.490585880640466,Participant4_FV_FuUp,Endomorph,Normal,upright,0.278593853407633,-0.6549829355195138,0.2669066468539467,-1.1834677457809448,5.059623795785917,0.6539097924560369,1
315,1.4953329694323143,Participant4_FV_FuUp,Endomorph,Normal,upright,0.2828945226982313,-0.6472352876755286,-0.0014258000033862,-1.2320899665355682,3.1828152365035227,0.6712611644394978,1
316,1.5000800582241631,Participant4_FV_FuUp,Endomorph,Normal,upright,0.2884421203662449,-0.6192256539184028,-0.2983471098765631,-1.160478562116623,4.717092415370678,0.6538560181490392,1
317,1.5048271470160115,Participant4_FV_FuUp,Endomorph,Normal,upright,0.2839140978480899,-0.7579948542389258,-0.1985102786984257,-1.2357947528362274,3.30135530602826,0.6602137859900378,1
318,1.5095742358078603,Participant4_FV_FuUp,Endomorph,Normal,upright,0.2854944861065864,-0.5463832735124345,-0.2691001573703802,-1.1753426492214205,4.245528315802546,0.6579670862381152,1
319,1.514321324599709,Participant4_FV_FuUp,Endomorph,Normal,upright,0.2936264530051781,-0.8245506417989081,0.5284381768205045,-1.059671372175217,2.6627299698197167,0.6583106324154901,1
320,1.5190684133915575,Participant4_FV_FuUp,Endomorph,Normal,upright,0.2932734859512766,-0.6992954155166784,0.4290837842177942,-1.1420948505401611,3.3908376607816084,0.6588951251275976,1
321,1.523815502183406,Participant4_FV_FuUp,Endomorph,Normal,upright,0.2854571979092671,-0.3109827338143927,-0.1178074300412925,-1.234067291021347,4.908960455647422,0.6609980075909143,1
322,1.5285625909752547,Participant4_FV_FuUp,Endomorph,Normal,upright,0.2876930579032756,-0.4883816752404825,-0.0761959206440811,-1.1769978404045105,3.684461740988655,0.6589208006990989,1
323,1.5333096797671033,Participant4_FV_FuUp,Endomorph,Normal,upright,0.2841011393910461,-0.58089052876486,-0.2011614301193688,-1.1567230820655825,4.453162601988583,0.6774271492116214,1
324,1.538056768558952,Participant4_FV_FuUp,Endomorph,Normal,upright,0.2859258517701127,-0.6101964793010617,-0.0149594527761869,-1.20056214928627,2.548901453305405,0.6632510150310366,1
325,1.5428038573508007,Participant4_FV_FuUp,Endomorph,Normal,upright,0.2849974443195979,-0.3484484339227505,0.679296602599748,-1.1395401656627655,3.923933071658988,0.6694911249700956,1
326,1.547550946142649,Participant4_FV_FuUp,Endomorph,Normal,upright,0.289665249309711,-0.4052322678162359,1.292298731130448,-1.221828192472458,4.763453130975882,0.6545777422518236,1
327,1.552298034934498,Participant4_FV_FuUp,Endomorph,Normal,upright,0.2863371986522473,-1.0061741140837346,1.528021326119184,-1.1694449484348295,3.025827548490645,0.6747691071426769,1
328,1.5570451237263463,Participant4_FV_FuUp,Endomorph,Normal,upright,0.2857523513839339,-0.5592118068156863,0.613849189351124,-1.2107603251934052,3.627924562134357,0.6781602149454288,1
329,1.561792212518195,Participant4_FV_FuUp,Endomorph,Normal,upright,0.2859576266204439,-0.3406585187866929,0.2212804721303871,-1.1971507966518402,4.813639473907417,0.6626750832216028,1
330,1.5665393013100437,Participant4_FV_FuUp,Endomorph,Normal,upright,0.2876133090621502,-0.1392413670580253,-0.0700980310861705,-1.2343609929084778,4.1954846787585245,0.6677083718881096,1
331,1.5712863901018923,Participant4_FV_FuUp,Endomorph,Normal,upright,0.2876360528731319,-0.5062133200494815,0.2812909491575101,-1.1445826888084412,3.7420439061894815,0.6778150697702565,1
332,1.576033478893741,Participant4_FV_FuUp,Endomorph,Normal,upright,0.2900283587799789,0.0372639610214129,-0.0386287939715717,-1.1916349530220032,7.666093691989314,0.6713989604912801,1
333,1.5807805676855895,Participant4_FV_FuUp,Endomorph,Normal,upright,0.2864136114302553,-0.3952061515413561,0.2593320518779369,-1.0148503184318542,3.90571388469414,0.6698269744649823,1
334,1.585527656477438,Participant4_FV_FuUp,Endomorph,Normal,upright,0.2870613411476794,-0.6238791914424655,0.1019446598707631,-1.0720095336437223,3.775199024586383,0.6669723606020739,1
335,1.5902747452692867,Participant4_FV_FuUp,Endomorph,Normal,upright,0.280996976753186,-0.7622601295310428,0.3254865485242689,-1.201739281415939,3.776881424222332,0.6734823544564715,1
336,1.5950218340611355,Participant4_FV_FuUp,Endomorph,Normal,upright,0.2781900624251811,-0.679736830536213,0.6680063548019687,-1.1785294115543363,2.7495581705780867,0.6753711030987594,1
337,1.599768922852984,Participant4_FV_FuUp,Endomorph,Normal,upright,0.2826543970687266,-0.9201026137938748,1.2371205169706587,-1.0972853302955627,5.791467917973144,0.6656862228769725,1
338,1.6045160116448327,Participant4_FV_FuUp,Endomorph,Normal,upright,0.2915281473291103,-0.9269046325110082,1.193250770335982,-1.2024672031402588,3.606379519847843,0.6925404294660277,1
339,1.6092631004366813,Participant4_FV_FuUp,Endomorph,Normal,upright,0.2819002679927826,-0.5876515921305423,1.1453997189139318,-1.0504164099693298,5.616953657337833,0.6725101735411001,1
340,1.61401018922853,Participant4_FV_FuUp,Endomorph,Normal,upright,0.28548525901399,-0.9098633167717844,1.6512589666686492,-1.1613656878471377,3.4592112644172417,0.6760709968314501,1
341,1.6187572780203785,Participant4_FV_FuUp,Endomorph,Normal,upright,0.2882487206492458,-1.1700524456654802,1.4663623322204216,-1.1890047788619995,2.7606900030809207,0.6892064486369975,1
342,1.623504366812227,Participant4_FV_FuUp,Endomorph,Normal,upright,0.2939343921873794,-1.2330798600851705,1.324947766343824,-1.1678801476955414,3.0958187073306487,0.6880323961016545,1
343,1.6282514556040757,Participant4_FV_FuUp,Endomorph,Normal,upright,0.2951084736043933,-0.8390948482502016,0.7695620239860593,-1.1348009705543518,4.238673273081313,0.6728925771290772,1
344,1.6329985443959243,Participant4_FV_FuUp,Endomorph,Normal,upright,0.2989607579489481,-0.8557780416032977,0.9326222797995292,-1.1707962453365326,4.3875869414766,0.6769040665364122,1
345,1.6377456331877729,Participant4_FV_FuUp,Endomorph,Normal,upright,0.2987099691987966,-0.2444304174881544,0.4339782590676977,-1.0451249480247498,4.468775800343079,0.6746368108382577,1
346,1.6424927219796217,Participant4_FV_FuUp,Endomorph,Normal,upright,0.2982839085508161,-0.678031525417898,0.6235318592523084,-1.0491417348384855,2.263207809774762,0.6781576069853588,1
347,1.6472398107714703,Participant4_FV_FuUp,Endomorph,Normal,upright,0.2968881271878432,-0.9936376082507776,0.5610494850296441,-1.0224426090717316,3.175375115445344,0.687499013563845,1
348,1.651986899563319,Participant4_FV_FuUp,Endomorph,Normal,upright,0.2898951547463072,-0.8707072859728303,0.8396062078097287,-0.988543689250946,5.6479168405780165,0.6634394665483432,1
349,1.6567339883551675,Participant4_FV_FuUp,Endomorph,Normal,upright,0.2818278780246943,-0.1633006703968697,0.4334687162860444,-1.0095061957836151,5.544167437584233,0.669800051574867,1
350,1.661481077147016,Participant4_FV_FuUp,Endomorph,Normal,upright,0.27867897602968,-0.6798595553683328,0.1957881034442126,-1.1909173727035522,5.021050224026621,0.659214650559105,1
351,1.6662281659388647,Participant4_FV_FuUp,Endomorph,Normal,upright,0.2830512514480031,-0.5529995891701764,0.1664712702607275,-1.0592856407165527,4.830974868138519,0.6591363292844246,1
352,1.6709752547307133,Participant4_FV_FuUp,Endomorph,Normal,upright,0.2851429059326287,-0.2797319398139026,0.3350833333420699,-1.0320451855659485,7.004146807933753,0.65371648744115,1
353,1.675722343522562,Participant4_FV_FuUp,Endomorph,Normal,upright,0.2792221338566568,-0.761612367264205,0.0978243092437475,-1.0661407113075256,2.6067827798003704,0.6709206960974851,1
354,1.6804694323144105,Participant4_FV_FuUp,Endomorph,Normal,upright,0.2829683230113761,-1.2108818875783625,0.2488547870532906,-1.1712208688259125,1.812175609989068,0.6825920264795647,1
355,1.685216521106259,Participant4_FV_FuUp,Endomorph,Normal,upright,0.2868191117213448,-1.0716538855457605,0.6511002136401348,-1.187731295824051,4.391320164635319,0.6647855546720883,1
356,1.6899636098981077,Participant4_FV_FuUp,Endomorph,Normal,upright,0.2909946024557191,-1.1531726651446554,0.5346534781348063,-1.152715802192688,2.708924289188153,0.6792902769607264,1
357,1.6947106986899565,Participant4_FV_FuUp,Endomorph,Normal,upright,0.2960549650203568,-0.7499660818960115,0.657986102889908,-0.8912192583084106,4.5283835281420135,0.6728824720766868,1
358,1.699457787481805,Participant4_FV_FuUp,Endomorph,Normal,upright,0.3004425860260531,-1.1784328809357876,0.1931142272247082,-1.138221800327301,4.350211602709595,0.6612506459168735,1
359,1.7042048762736537,Participant4_FV_FuUp,Endomorph,Normal,upright,0.2982870242438517,-1.4834102691647908,0.4778011477445539,-1.1371346414089205,3.0392972067111343,0.6793190890598526,1
360,1.7089519650655025,Participant4_FV_FuUp,Endomorph,Normal,upright,0.3010546707751042,-1.0556354538686743,0.7856970794008766,-1.0519785284996033,3.233419414297861,0.6635969923399198,1
361,1.7136990538573509,Participant4_FV_FuUp,Endomorph,Normal,upright,0.2943125524023948,-1.0101921865998118,0.7913497566917506,-1.2113168239593506,3.1027923883078143,0.6792832196145305,1
362,1.7184461426491997,Participant4_FV_FuUp,Endomorph,Normal,upright,0.2997567272878144,-1.3603573265953948,0.5561956389531527,-1.1572068631649015,2.0510942980772997,0.6694665326094161,1
363,1.723193231441048,Participant4_FV_FuUp,Endomorph,Normal,upright,0.29397740839489,-1.180999463859161,0.3205149353686989,-1.1199059784412384,3.847854526784816,0.6764971903458267,1
364,1.727940320232897,Participant4_FV_FuUp,Endomorph,Normal,upright,0.3007338424863315,-1.0190617354576066,0.5695006569396487,-1.0391792058944702,4.885861441766267,0.6775373761577531,1
365,1.7326874090247453,Participant4_FV_FuUp,Endomorph,Normal,upright,0.2927105355905993,-1.033231984185106,0.5190749423362591,-1.1204825937747955,5.939727448306195,0.6764305374206108,1
366,1.737434497816594,Participant4_FV_FuUp,Endomorph,Normal,upright,0.2863192736416267,-1.146910557082831,-0.1343241469642891,-1.1396417021751404,4.961571457833505,0.6680260802977094,1
367,1.7421815866084425,Participant4_FV_FuUp,Endomorph,Normal,upright,0.2915753393484363,-1.2272835458420026,0.0920364930804233,-1.1498854756355286,3.711526582401664,0.6749321004071885,1
368,1.746928675400291,Participant4_FV_FuUp,Endomorph,Normal,upright,0.290522897771469,-1.483733262092496,-0.5256849437836443,-1.0246036648750303,4.84827144719262,0.6825343871084493,1
369,1.75167576419214,Participant4_FV_FuUp,Endomorph,Normal,upright,0.2915099040536009,-1.2023236194784148,0.6992122564456313,-1.0592593252658844,5.355250583250495,0.6765960573830669,1
370,1.7564228529839885,Participant4_FV_FuUp,Endomorph,Normal,upright,0.2950564486313647,-1.450212732148859,0.2082343245371451,-1.069728821516037,4.074516259860613,0.6800218122982076,1
371,1.761169941775837,Participant4_FV_FuUp,Endomorph,Normal,upright,0.2911233824177824,-0.8521590946223228,0.5364504385463154,-1.0979128181934357,4.002701190959597,0.6802674702293028,1
372,1.7659170305676857,Participant4_FV_FuUp,Endomorph,Normal,upright,0.2934444406447953,-1.3802350615295842,0.4087857524180269,-1.0283458530902865,2.529259609739265,0.6801947074568082,1
373,1.7706641193595345,Participant4_FV_FuUp,Endomorph,Normal,upright,0.2923531216581883,-1.954915175982072,0.8622468109299974,-1.0944533348083496,0.3188413777257736,0.6898224592559618,1
374,1.7754112081513829,Participant4_FV_FuUp,Endomorph,Normal,upright,0.2866698764767652,-1.325568032388054,0.2014372145915494,-1.1054280996322632,4.619026274178455,0.6799735403929273,1
375,1.7801582969432317,Participant4_FV_FuUp,Endomorph,Normal,upright,0.2812777322601446,-0.8838226444445951,0.0140583147910701,-1.2053799629211426,6.813617625914165,0.6754354349931175,1
376,1.78490538573508,Participant4_FV_FuUp,Endomorph,Normal,upright,0.2876109888676952,-0.6978606944621912,0.915232731696758,-1.188019037246704,8.054358797092204,0.6857658565000798,1
377,1.7896524745269289,Participant4_FV_FuUp,Endomorph,Normal,upright,0.2769999858785991,-0.6248923125793333,-0.0571036124898597,-1.088621407747269,9.054970702445775,0.6562613742618345,1
378,1.7943995633187773,Participant4_FV_FuUp,Endomorph,Normal,upright,0.2753207527714222,-1.0376411690591405,0.0733681140430541,-1.1850717663764954,7.230295122184125,0.6682936030919259,1
379,1.799146652110626,Participant4_FV_FuUp,Endomorph,Normal,upright,0.2791020884093881,-0.7052490317729828,0.0681681452819043,-1.2128679156303406,7.921549912617831,0.6564855785402043,1
380,1.803893740902475,Participant4_FV_FuUp,Endomorph,Normal,upright,0.2833473302095107,-0.8700003390075979,-0.1224921266092017,-1.123180329799652,7.271992293490025,0.6696313096650255,1
381,1.8086408296943235,Participant4_FV_FuUp,Endomorph,Normal,upright,0.2976694380564762,-1.0060385314757736,1.0830904553689689,-1.2241632044315338,5.092651427887573,0.6758513086477619,1
382,1.813387918486172,Participant4_FV_FuUp,Endomorph,Normal,upright,0.294481282175885,-1.35696038889438,1.5101513848947632,-1.1963684260845184,5.465961706168141,0.6785142959813991,1
383,1.8181350072780205,Participant4_FV_FuUp,Endomorph,Normal,upright,0.2948038092786706,-1.1822256867575676,0.6849263646764555,-1.2164867222309113,3.5293822708871314,0.6811285337758255,1
384,1.822882096069869,Participant4_FV_FuUp,Endomorph,Normal,upright,0.2940401935851043,-1.245152610610173,0.3314383513646021,-1.2078662812709808,3.99436249566961,0.6731308810778087,1
385,1.8276291848617177,Participant4_FV_FuUp,Endomorph,Normal,upright,0.2924760617122051,-0.5859001944215206,0.5813531801693254,-1.2285584211349487,7.054982583500015,0.6741706650391961,1
386,1.8323762736535665,Participant4_FV_FuUp,Endomorph,Normal,upright,0.2916047332502737,-1.2198496073940168,0.0842097893025637,-1.2431257665157318,7.602487506662644,0.6775635043791582,1
387,1.8371233624454149,Participant4_FV_FuUp,Endomorph,Normal,upright,0.2922074352754144,-1.2799588031008768,1.3094173111041316,-1.1532867550849917,3.311592057827469,0.6912815471516219,1
388,1.8418704512372637,Participant4_FV_FuUp,Endomorph,Normal,upright,0.3031869721297765,-0.9247910836485784,0.8588328113595025,-1.095632791519165,2.5787868398211744,0.6773494929511776,1
389,1.846617540029112,Participant4_FV_FuUp,Endomorph,Normal,upright,0.2965815887691417,-1.3763692904791631,1.1393960939363077,-1.099434673786163,0.6068332754531524,0.6800501232717244,1
390,1.8513646288209609,Participant4_FV_FuUp,Endomorph,Normal,upright,0.2926968687381402,-1.445223396552747,0.9954272897977524,-1.1341128051280975,1.8451366949483168,0.6850701673099097,1
391,1.8561117176128092,Participant4_FV_FuUp,Endomorph,Normal,upright,0.2855247398372476,-1.1339575126477317,1.4938735940297334,-1.150095760822296,3.955777087744796,0.693287248226678,1
392,1.860858806404658,Participant4_FV_FuUp,Endomorph,Normal,upright,0.2879484954217952,-1.4062050618590871,1.1167343978840714,-1.1182705163955688,3.0543800365584515,0.6925963434242547,1
393,1.8656058951965069,Participant4_FV_FuUp,Endomorph,Normal,upright,0.2908567395470093,-1.1253393394442603,1.220262627170729,-1.200913906097412,4.218799835418434,0.6821618628923912,1
394,1.8703529839883557,Participant4_FV_FuUp,Endomorph,Normal,upright,0.2864543112238515,-1.454379912835472,0.2037945398518033,-1.049955427646637,5.692246800308907,0.6788017908426697,1
395,1.875100072780204,Participant4_FV_FuUp,Endomorph,Normal,upright,0.2905865408198316,-1.4237187792003647,0.5288963408223443,-1.2029029428958893,6.575611623802598,0.6695788471053712,1
396,1.8798471615720524,Participant4_FV_FuUp,Endomorph,Normal,upright,0.2906790016981941,-1.5195704664890477,0.300223005419197,-1.2170143127441406,5.229483997591717,0.6677809052276488,1
397,1.884594250363901,Participant4_FV_FuUp,Endomorph,Normal,upright,0.2875473309868338,-1.2193289534213476,-0.1712193687422334,-1.2074333429336548,5.7315146446742045,0.6759873080291531,1
398,1.8893413391557496,Participant4_FV_FuUp,Endomorph,Normal,upright,0.2941902589696551,-1.152825565437315,-0.3126447192031005,-1.1458419859409332,4.266450593370331,0.6870759876753677,1
399,1.8940884279475985,Participant4_FV_FuUp,Endomorph,Normal,upright,0.2897576103771631,-0.7272849980007029,0.481382057224369,-1.2468885779380798,6.150107065404447,0.6861411862474837,1
400,1.8988355167394468,Participant4_FV_FuUp,Endomorph,Normal,upright,0.2933932142928412,-1.0071340447294037,-0.0885030270301748,-1.1888152658939362,6.850179930618296,0.6920207504221023,1
401,1.9035826055312957,Participant4_FV_FuUp,Endomorph,Normal,upright,0.2966918272784155,-0.9671908207714972,0.1033795187769776,-1.1693284511566162,7.029253465685874,0.6747844493661364,1
402,1.9083296943231445,Participant4_FV_FuUp,Endomorph,Normal,upright,0.296720748822213,-0.7669064948394978,-0.0894555791403884,-1.1352030038833618,6.681456511144602,0.676487307319024,1
403,1.9130767831149929,Participant4_FV_FuUp,Endomorph,Normal,upright,0.2896007733289033,-0.7618418371679265,0.2297574965476651,-1.2137484550476074,6.650284585980289,0.6833377452036126,1
404,1.9178238719068412,Participant4_FV_FuUp,Endomorph,Normal,upright,0.2970174650319649,-0.9968073086316362,-0.0328294421782405,-1.1965313255786896,4.836474521937554,0.6848882380032575,1
405,1.92257096069869,Participant4_FV_FuUp,Endomorph,Normal,upright,0.2860448813762724,-0.7927364903718387,-0.3444980480082821,-1.225188970565796,7.435792322794451,0.680234839382619,1
406,1.9273180494905384,Participant4_FV_FuUp,Endomorph,Normal,upright,0.2896274977711263,-1.30555308534258,-0.1577169621322818,-1.1389382183551788,6.085549760878893,0.6720314548790325,1
407,1.9320651382823872,Participant4_FV_FuUp,Endomorph,Normal,upright,0.2872464408092006,-1.0511801545697623,0.5057876274675075,-1.0942528545856476,5.245738335667864,0.684460703742747,1
408,1.936812227074236,Participant4_FV_FuUp,Endomorph,Normal,upright,0.2917813915010423,-1.448139478833885,1.0067372900526244,-1.112328588962555,5.178400948592846,0.6848678503331967,1
409,1.9415593158660844,Participant4_FV_FuUp,Endomorph,Normal,upright,0.2918799900910829,-1.1084822226032691,0.4614178144019147,-1.1558615863323212,6.001252822669398,0.6749076550914245,1
410,1.946306404657933,Participant4_FV_FuUp,Endomorph,Normal,upright,0.2911646172748163,-1.053831882935805,0.0966492866229779,-1.2050881683826449,5.466630138110609,0.6793389796200316,1
411,1.9510534934497816,Participant4_FV_FuUp,Endomorph,Normal,upright,0.2887519327765183,-1.3442317379173407,0.7455976479098056,-1.101071923971176,4.86621996872809,0.6790916598431856,1
412,1.9558005822416304,Participant4_FV_FuUp,Endomorph,Normal,upright,0.2899973980749009,-1.2266258055562866,0.3414148371935184,-1.0993892550468445,5.287395379364313,0.6764967957765506,1
413,1.960547671033479,Participant4_FV_FuUp,Endomorph,Normal,upright,0.2908733384393429,-1.469036667184124,0.7187539741759181,-1.1157001554965973,3.2719504266045703,0.6815213010266098,1
414,1.965294759825328,Participant4_FV_FuUp,Endomorph,Normal,upright,0.2944142861830645,-1.595364547677201,-0.0307043672429803,-1.0972285866737366,5.65161582490414,0.686374409559258,1
415,1.970041848617176,Participant4_FV_FuUp,Endomorph,Normal,upright,0.2902625937324309,-1.1563341052233975,-0.3969294321271975,-1.0637470185756683,2.466571710127974,0.68003248643771,1
416,1.9747889374090248,Participant4_FV_FuUp,Endomorph,Normal,upright,0.2885366315117822,-0.9822926315619712,0.0084629116281967,-1.046509563922882,5.4690380663975775,0.6731450665172883,1
417,1.9795360262008732,Participant4_FV_FuUp,Endomorph,Normal,upright,0.2910632129099882,-0.9527602442412236,0.3401037980567856,-1.1012576520442965,3.266050900762836,0.6874879393478074,1
418,1.984283114992722,Participant4_FV_FuUp,Endomorph,Normal,upright,0.2881754823544654,-1.3553359839731889,0.4218680995663768,-1.0995605885982511,1.2574697782644806,0.685143463614281,1
419,1.9890302037845704,Participant4_FV_FuUp,Endomorph,Normal,upright,0.2886229168445098,-0.4624516741589706,1.2555359469642338,-0.836994081735611,7.241339160213272,0.682684157720495,1
420,1.9937772925764192,Participant4_FV_FuUp,Endomorph,Normal,upright,0.2864673246402299,-0.5614762010035191,0.7045058274984033,-0.94941845536232,8.018576282156907,0.6749813106907581,1
421,1.998524381368268,Participant4_FV_FuUp,Endomorph,Normal,upright,0.2904716095018117,-1.062577441427638,0.8339384917297935,-1.1219115853309631,7.638207977352294,0.6868074222729611,1
422,2.0032714701601164,Participant4_FV_FuUp,Endomorph,Normal,upright,0.2845464607707799,-0.9177653943892768,0.0433910194794983,-1.1030457615852356,4.562662000323159,0.6904680180719729,1
423,2.008018558951965,Participant4_FV_FuUp,Endomorph,Normal,upright,0.2848169985059523,-1.112256541805035,-0.1323575551452717,-1.1642711758613586,4.457161948883068,0.6730813795790009,1
424,2.0127656477438136,Participant4_FV_FuUp,Endomorph,Normal,upright,0.2843871989327621,-0.2762336261845691,0.2551141408705921,-1.131461501121521,5.665515355538087,0.6744078694647874,1
425,2.017512736535662,Participant4_FV_FuUp,Endomorph,Normal,upright,0.2890342625386859,-1.3403389385367328,0.0503387893502191,-1.1809870302677157,3.0753887260184567,0.6799628035364924,1
426,2.022259825327511,Participant4_FV_FuUp,Endomorph,Normal,upright,0.285204861350875,-1.7333762834791036,0.342319172639027,-1.1521668434143066,1.1798620008268732,0.6969082197107694,1
427,2.0270069141193594,Participant4_FV_FuUp,Endomorph,Normal,upright,0.2861506738129355,-1.404010659643652,1.2621900677002635,-1.168660789728165,4.99806594656954,0.6907716304486399,1
428,2.031754002911208,Participant4_FV_FuUp,Endomorph,Normal,upright,0.2926866084453476,-1.256319925148628,0.8482464166421424,-1.086239367723465,4.300021050500283,0.6868171352369297,1
429,2.0365010917030566,Participant4_FV_FuUp,Endomorph,Normal,upright,0.2909296439287462,-1.3498886721592114,0.3720303017998098,-1.066235065460205,4.180523414015547,0.6860076252532709,1
430,2.0412481804949056,Participant4_FV_FuUp,Endomorph,Normal,upright,0.2854468402724661,-1.5740397816978369,0.2903095943611634,-1.1474841237068176,4.214442967276222,0.678992955146439,1
431,2.0459952692867542,Participant4_FV_FuUp,Endomorph,Normal,upright,0.2858183907559598,-1.4646528163329788,0.6693548917669112,-1.1442152559757233,2.939302660007786,0.6901787302414816,1
432,2.050742358078603,Participant4_FV_FuUp,Endomorph,Normal,upright,0.2911740113967158,-1.3741575446624,0.3389336516491695,-1.0424474775791168,2.132743101921597,0.6736110252054983,1
433,2.0554894468704514,Participant4_FV_FuUp,Endomorph,Normal,upright,0.2904210893584321,-0.9811895001263032,0.6045491967291089,-1.1385926604270935,5.430258691864148,0.6754368002716532,1
434,2.0602365356623,Participant4_FV_FuUp,Endomorph,Normal,upright,0.2892261638098981,-1.152979147983909,0.7565776869702374,-1.1365655660629272,5.029904856418597,0.6970617947199786,1
435,2.0649836244541486,Participant4_FV_FuUp,Endomorph,Normal,upright,0.2911605251782503,-0.6079148476557645,1.0596599870667534,-1.043648540973663,6.374022909483113,0.6823296754216489,1
436,2.069730713245997,Participant4_FV_FuUp,Endomorph,Normal,upright,0.29065183419575,-1.612381421690834,1.076567585457684,-1.1379361152648926,3.302130018089281,0.6764484653278228,1
437,2.074477802037846,Participant4_FV_FuUp,Endomorph,Normal,upright,0.292635807098755,-1.2763138920330588,0.6930067332658558,-1.1089550256729126,2.4572864776894923,0.6776437825297923,1
438,2.0792248908296944,Participant4_FV_FuUp,Endomorph,Normal,upright,0.2919605898327764,-0.8595567761570829,0.489477789380093,-1.0799597203731537,4.415279168447805,0.682729240908727,1
439,2.083971979621543,Participant4_FV_FuUp,Endomorph,Normal,upright,0.2891895561117953,-0.7033775326880638,0.3523308706910714,-1.149096578359604,4.765921832529952,0.6883599892531672,1
440,2.088719068413392,Participant4_FV_FuUp,Endomorph,Normal,upright,0.2890762702872474,-1.2868923697660837,0.8522741366157288,-1.0977666079998016,4.1533552505996365,0.6919871422491712,1
441,2.09346615720524,Participant4_FV_FuUp,Endomorph,Normal,upright,0.2912149629147185,-0.299218067932788,0.3365179386142539,-1.0611948072910309,6.18376171368625,0.6797621855992205,1
442,2.098213245997089,Participant4_FV_FuUp,Endomorph,Normal,upright,0.2944188413757572,-0.9933231327737392,0.094535471011597,-1.1796883940696716,6.050019658618532,0.6937472883524938,1
443,2.1029603347889374,Participant4_FV_FuUp,Endomorph,Normal,upright,0.2893391357355316,-1.3530974165319405,0.7868678357336896,-1.187041163444519,4.31546258763442,0.6766446236698094,1
444,2.107707423580786,Participant4_FV_FuUp,Endomorph,Normal,upright,0.2898204722992261,-1.2562291678902575,0.2424005488764709,-1.048096477985382,2.636315254045229,0.6657611205372855,1
445,2.1124545123726346,Participant4_FV_FuUp,Endomorph,Normal,upright,0.2904978171212292,-1.6426838546049225,-0.2439207320191215,-1.1345070004463196,3.086713426013734,0.6696726543712392,1
446,2.117201601164483,Participant4_FV_FuUp,Endomorph,Normal,upright,0.2867767670575057,-1.5531998616525713,-0.0767899269337182,-1.2099465727806091,4.640137323314984,0.6817722345439969,1
447,2.121948689956332,Participant4_FV_FuUp,Endomorph,Normal,upright,0.2898903483440099,-1.1429459106201774,-0.1760905582966065,-1.1409624814987185,6.037262853758958,0.6764030342503788,1
448,2.1266957787481804,Participant4_FV_FuUp,Endomorph,Normal,upright,0.2908606889224953,-0.9328500186595576,0.2408952178149403,-1.0827744007110596,4.342627273292923,0.6785898756674069,1
449,2.131442867540029,Participant4_FV_FuUp,Endomorph,Normal,upright,0.2940742467086437,-0.9570434371642336,-0.0741991703734031,-0.9052176177501678,4.422230465905347,0.6825700411451882,1
450,2.1361899563318776,Participant4_FV_FuUp,Endomorph,Normal,upright,0.2880378398663451,-0.6817704714837128,0.1076289195412343,-1.0567457973957062,3.833641887034657,0.683926213755591,1
451,2.140937045123726,Participant4_FV_FuUp,Endomorph,Normal,upright,0.2927786898691381,-1.3737258731032749,-0.2410555201222511,-1.148790568113327,4.414148932646441,0.6856994580195311,1
452,2.145684133915575,Participant4_FV_FuUp,Endomorph,Normal,upright,0.2888184568341477,-1.0979552899871108,-0.3010057588173181,-1.086275339126587,5.404056731211752,0.670496813516029,1
453,2.150431222707424,Participant4_FV_FuUp,Endomorph,Normal,upright,0.2880208906228445,-0.851947058930316,-0.370123484102315,-1.08644101023674,5.189766490762122,0.6774663008776115,1
454,2.1551783114992724,Participant4_FV_FuUp,Endomorph,Normal,upright,0.290879177720628,-0.7993086578349833,0.047996518914893,-1.1023146212100985,5.399112360823362,0.6911945289360801,1
455,2.159925400291121,Participant4_FV_FuUp,Endomorph,Normal,upright,0.2931614983473754,-1.2058535726086348,-0.4982356651821183,-0.9541973173618316,5.435200507702443,0.6714661917352215,1
456,2.1646724890829696,Participant4_FV_FuUp,Endomorph,Normal,upright,0.2869227312774297,-1.3176286183032293,-0.1686708073580118,-0.9696165025234222,4.2406941704562335,0.6635459438165102,1
457,2.169419577874818,Participant4_FV_FuUp,Endomorph,Normal,upright,0.2953591144736662,-0.8719675050617165,-0.048522551253379,-1.0101699233055117,8.878365986051758,0.6710112492412422,1
458,2.174166666666667,Participant4_FV_FuUp,Endomorph,Normal,upright,0.2990282834787314,-0.9971015387755284,-0.0398829871405124,-0.9184137880802156,6.394899381272441,0.6712628195692395,1
459,2.1789137554585154,Participant4_FV_FuUp,Endomorph,Normal,upright,0.2929590039727157,-1.3470412014650714,2.6195206387290744e-05,-1.036538004875183,2.148724630089668,0.661260808014214,1
460,2.183660844250364,Participant4_FV_FuUp,Endomorph,Normal,upright,0.2940086438704296,-1.261106488632431,-0.4225134884139606,-1.0043042600154877,4.733826551308078,0.6777515850119968,1
461,2.1884079330422126,Participant4_FV_FuUp,Endomorph,Normal,upright,0.2888701132641915,-1.7267304293431565,-0.5754801470222806,-1.1301092505455017,4.243809574820003,0.6791501642944003,1
462,2.193155021834061,Participant4_FV_FuUp,Endomorph,Normal,upright,0.2898177874422348,-1.6321807689307055,-0.4618773820082407,-1.1867187321186066,5.8727896119577165,0.6761864578202488,1
463,2.19790211062591,Participant4_FV_FuUp,Endomorph,Normal,upright,0.2872056534688932,-1.153220801194029,-0.6183931805869765,-1.028386473655701,7.502047453952741,0.669402915017086,1
464,2.2026491994177584,Participant4_FV_FuUp,Endomorph,Normal,upright,0.2855585278973214,-0.666467196113631,-0.0392533348914412,-1.155052274465561,5.63188754782123,0.659675552500663,1
465,2.207396288209607,Participant4_FV_FuUp,Endomorph,Normal,upright,0.2881872318719711,-0.950639261845055,-0.2960699094122478,-1.1321868896484375,4.606660263124903,0.664566942113569,1
466,2.212143377001456,Participant4_FV_FuUp,Endomorph,Normal,upright,0.2903950362352436,-1.403230266399258,-0.2595369322039571,-1.0032602548599243,3.825062237982979,0.66771161330268,1
467,2.216890465793304,Participant4_FV_FuUp,Endomorph,Normal,upright,0.2957937292597401,-1.5415959331587887,-0.2776072746226489,-1.106716871261597,5.630378215327161,0.6712033335797336,1
468,2.2216375545851528,Participant4_FV_FuUp,Endomorph,Normal,upright,0.2898196934469576,-0.926452253910216,0.2567491774620239,-1.0913178324699402,7.740315020117486,0.6714644531059182,1
469,2.2263846433770014,Participant4_FV_FuUp,Endomorph,Normal,upright,0.2880355499750071,-1.136816558422718,0.4920970720135484,-0.8685719072818756,7.264703133941721,0.6927726396845961,1
470,2.23113173216885,Participant4_FV_FuUp,Endomorph,Normal,upright,0.2849465966613541,-0.8426100495974055,0.8093137882475631,-0.8549295961856842,7.259053735569046,0.6790065686498299,1
471,2.2358788209606986,Participant4_FV_FuUp,Endomorph,Normal,upright,0.2922936011419849,-0.7227690004766544,0.5957518614381091,-1.0488761067390442,8.24833195086936,0.6888404494645017,1
472,2.240625909752547,Participant4_FV_FuUp,Endomorph,Normal,upright,0.284742838096504,-1.0406907872871545,0.2055301988747908,-1.167618215084076,7.284983667015146,0.6876307110512527,1
473,2.245372998544396,Participant4_FV_FuUp,Endomorph,Normal,upright,0.2813024447460044,-0.5818434409251708,0.3586152179657427,-1.1780647933483124,8.972820988093654,0.6855681280533512,1
474,2.250120087336245,Participant4_FV_FuUp,Endomorph,Normal,upright,0.2806341566666684,-0.9105578111143824,0.3217803894449325,-1.106290876865387,7.941929646503966,0.683128075622988,1
475,2.2548671761280934,Participant4_FV_FuUp,Endomorph,Normal,upright,0.2836616580438818,-1.0667652997985793,0.6203268048252012,-1.1300370693206787,7.938872623888453,0.6854081186135444,1
476,2.259614264919942,Participant4_FV_FuUp,Endomorph,Normal,upright,0.2806416201663989,-1.4280110467433709,0.7208618878307493,-1.1731989085674286,4.842436070052532,0.6804008052623517,1
477,2.2643613537117906,Participant4_FV_FuUp,Endomorph,Normal,upright,0.2806860122796604,-0.9354332244932752,0.4624203318490955,-1.1309148967266085,6.149978193740044,0.6715207685004172,1
478,2.269108442503639,Participant4_FV_FuUp,Endomorph,Normal,upright,0.2857208864164455,-1.3990777814278634,-0.0248587102656341,-1.1364184021949768,5.12467077181751,0.6659188951980285,1
479,2.273855531295488,Participant4_FV_FuUp,Endomorph,Normal,upright,0.2850703881343193,-0.7704324164097986,0.3560575355377023,-1.005415678024292,8.848989180656996,0.6704303836419603,1
480,2.2786026200873364,Participant4_FV_FuUp,Endomorph,Normal,upright,0.2865584911417404,-0.9370520304794534,-0.0350388599054159,-1.1319145262241364,9.760416352705606,0.6590914604227225,1
481,2.283349708879185,Participant4_FV_FuUp,Endomorph,Normal,upright,0.2831881803842669,-1.3333339375309743,0.7363887506733392,-1.0548086762428284,5.8188075285916,0.6805451770531242,1
482,2.2880967976710336,Participant4_FV_FuUp,Endomorph,Normal,upright,0.281325432453772,-0.9460608206192488,0.6070914972802904,-1.0552451610565186,8.08544888915814,0.6723060958282053,1
483,2.292843886462882,Participant4_FV_FuUp,Endomorph,Normal,upright,0.2816330157647534,-0.808402325964739,0.5116478866397968,-1.041983723640442,6.894705879743412,0.6724442195872778,1
484,2.2975909752547308,Participant4_FV_FuUp,Endomorph,Normal,upright,0.2804777795931241,-0.7026338867564673,0.30884169611656,-1.137844979763031,10.227766465229305,0.664221968384928,1
485,2.30233806404658,Participant4_FV_FuUp,Endomorph,Normal,upright,0.28201239654001,-0.6833238350447465,0.1239517302744186,-1.1270331740379331,11.537457353106417,0.6701217324311978,1
486,2.307085152838428,Participant4_FV_FuUp,Endomorph,Normal,upright,0.2838832314258638,-0.2338886916363474,0.3327569414799415,-1.1122558116912842,11.323801838904128,0.6639259938778475,1
487,2.311832241630277,Participant4_FV_FuUp,Endomorph,Normal,upright,0.2816095958156199,-1.802701779982374,0.2909566756522868,-1.066156268119812,6.7794141035743065,0.6775528192616935,1
488,2.316579330422125,Participant4_FV_FuUp,Endomorph,Normal,upright,0.2872122939923254,-0.6415301080601192,0.4944322717625588,-1.0776160061359406,7.33764513859661,0.6736105327214535,1
489,2.3213264192139738,Participant4_FV_FuUp,Endomorph,Normal,upright,0.2871318026776525,-0.6437655630533844,0.4502884476579981,-0.971727967262268,8.387862568968483,0.6659453353549623,1
490,2.3260735080058224,Participant4_FV_FuUp,Endomorph,Normal,upright,0.2860674754761045,-0.7287889923311205,0.1870290633649785,-1.156208962202072,3.652274218127866,0.6799126430948027,1
491,2.330820596797671,Participant4_FV_FuUp,Endomorph,Normal,upright,0.2912955675940678,-0.8091183759608502,0.0337727780518623,-1.208615869283676,8.350493992265688,0.6634031406379823,1
492,2.3355676855895195,Participant4_FV_FuUp,Endomorph,Normal,upright,0.2809823089099496,-0.8967922403626495,-0.2555630569868439,-1.1650084257125854,8.50340115579397,0.6776221119102117,1
493,2.340314774381368,Participant4_FV_FuUp,Endomorph,Normal,upright,0.2879249153323989,-1.3151860394446933,-0.2687580802597462,-1.1801036894321442,5.999106721722423,0.6723869620333968,1
494,2.3450618631732167,Participant4_FV_FuUp,Endomorph,Normal,upright,0.2906000335154981,-1.0368687357377264,0.068387726424293,-1.1900366842746737,4.96858631706669,0.6666174703609102,1
495,2.3498089519650653,Participant4_FV_FuUp,Endomorph,Normal,upright,0.2851605866686677,-1.058053828604466,0.2901140095850746,-1.2499147057533264,6.943932287914835,0.6731908135616754,1
496,2.3545560407569144,Participant4_FV_FuUp,Endomorph,Normal,upright,0.2910807182138212,-1.085214204588908,-0.2023411774654325,-1.153802216053009,6.999189866640704,0.6703175707593603,1
497,2.359303129548763,Participant4_FV_FuUp,Endomorph,Normal,upright,0.296245723073941,-0.9433358966670752,-0.1290859432458339,-1.176081895828247,8.325098792316998,0.6697948594780221,1
498,2.364050218340612,Participant4_FV_FuUp,Endomorph,Normal,upright,0.2931888147947332,-0.6782244767699978,-0.2612531522216053,-1.133841335773468,10.329725195789074,0.6673448919429927,1
499,2.36879730713246,Participant4_FV_FuUp,Endomorph,Normal,upright,0.2855530813416557,-0.730795869125799,0.5536889840278125,-1.063292533159256,9.734986611871834,0.6673018129839712,1
500,2.3735443959243088,Participant4_FV_FuUp,Endomorph,Normal,upright,0.2888936491399541,-0.3059765645173684,0.1243775725214371,-1.045267075300217,10.453830934450336,0.6643903817940677,1
501,2.3782914847161574,Participant4_FV_FuUp,Endomorph,Normal,upright,0.2842944636445645,-0.7325124177277846,0.3424786076051833,-1.1013664305210114,7.850100117692116,0.674605843493949,1
502,2.383038573508006,Participant4_FV_FuUp,Endomorph,Normal,upright,0.2848609115119633,-0.7738442098437399,0.5591504121734835,-1.0870046615600586,7.640316746791463,0.6733046641032939,1
503,2.3877856622998546,Participant4_FV_FuUp,Endomorph,Normal,upright,0.2862416232010063,-0.5360909063280482,0.4236435646998756,-1.17483788728714,10.203356361239257,0.669019091810009,1
504,2.392532751091703,Participant4_FV_FuUp,Endomorph,Normal,upright,0.2827281757913306,-1.1057025965729292,0.5568634269889902,-1.1197028756141665,9.682734894911508,0.6810458047015988,1
505,2.397279839883552,Participant4_FV_FuUp,Endomorph,Normal,upright,0.27873005996832,-1.5067106685234966,0.1052069777654644,-1.200452208518982,6.502479010615107,0.6918043160082422,1
506,2.4020269286754004,Participant4_FV_FuUp,Endomorph,Normal,upright,0.280668105077749,-1.3512922147205884,0.0019098894943029,-1.229426592588425,5.556332383036225,0.6866651367894758,1
507,2.406774017467249,Participant4_FV_FuUp,Endomorph,Normal,upright,0.2861705066351047,-1.3780890158351435,0.0375719847003349,-1.2401549816131592,6.909781698798629,0.6815139736676772,1
508,2.411521106259097,Participant4_FV_FuUp,Endomorph,Normal,upright,0.2793822725278078,-1.338219022137884,0.6249336513164101,-1.1937999427318573,6.91197175547561,0.6846230498886422,1
509,2.416268195050946,Participant4_FV_FuUp,Endomorph,Normal,upright,0.2777687880523363,-0.6277295029878855,0.4404664255669029,-1.1808080077171326,7.952030123395509,0.6860852430874993,1
510,2.4210152838427947,Participant4_FV_FuUp,Endomorph,Normal,upright,0.2725772106247205,-1.3802091202537503,-0.0619103926898773,-1.227876752614975,9.483359213110209,0.6892842142904337,1
511,2.425762372634644,Participant4_FV_FuUp,Endomorph,Normal,upright,0.2851015210903028,-0.935247060443202,-0.2057437506451451,-1.1787544190883636,10.102210211576466,0.6800898633262339,1
512,2.430509461426492,Participant4_FV_FuUp,Endomorph,Normal,upright,0.2846488308525416,-0.9091465301192642,-0.2199218918247345,-1.1968030631542206,10.001038274997386,0.6779788686214948,1
513,2.4352565502183405,Participant4_FV_FuUp,Endomorph,Normal,upright,0.2802879704086871,-1.1256760596894446,-0.4162576659948511,-1.262581080198288,9.362638105951143,0.6875950296919746,1
514,2.440003639010189,Participant4_FV_FuUp,Endomorph,Normal,upright,0.2790865787302115,-1.002618131977558,-0.30653451619132,-1.2003438472747805,8.785494722774818,0.6748729951048362,1
515,2.4447507278020377,Participant4_FV_FuUp,Endomorph,Normal,upright,0.2773921264934871,-0.5635216192497713,-0.6438116013765968,-1.25305438041687,5.768198269220748,0.6874883987395521,1
516,2.4494978165938863,Participant4_FV_FuUp,Endomorph,Normal,upright,0.2798337616107515,-0.6200176904597574,-0.7257796856168058,-1.2712132036685944,4.686460415065982,0.6824344016389982,1
517,2.454244905385735,Participant4_FV_FuUp,Endomorph,Normal,upright,0.27794691657608,-0.8233053626669187,-0.4219248449822649,-1.2226964086294174,8.519871030109323,0.6766414924377173,1
518,2.458991994177584,Participant4_FV_FuUp,Endomorph,Normal,upright,0.2832805486863636,-0.7826214403372822,-0.4072132746956189,-1.2428066432476044,5.158649336367059,0.6741716649717171,1
519,2.463739082969433,Participant4_FV_FuUp,Endomorph,Normal,upright,0.2803219143638005,-0.6215172848575868,-0.4495347089871225,-1.239550232887268,9.263155929726627,0.6779250596589796,1
520,2.468486171761281,Participant4_FV_FuUp,Endomorph,Normal,upright,0.2753252355757456,-1.1198114681773448,-0.0884227592837447,-1.2292565405368805,8.45999554070443,0.6905063107907883,1
521,2.4732332605531298,Participant4_FV_FuUp,Endomorph,Normal,upright,0.2870466920810673,-0.6242587583148098,0.4083172139979829,-1.211059287190437,5.580422936502768,0.6814472723779949,1
522,2.4779803493449784,Participant4_FV_FuUp,Endomorph,Normal,upright,0.2883561084269773,-1.115961418888867,0.7868570002060838,-1.2460375726222992,3.927380759634421,0.6863511869773693,1
523,2.482727438136827,Participant4_FV_FuUp,Endomorph,Normal,upright,0.2814850762266425,-0.8672402980141503,-0.1129984630537743,-1.2958014011383057,3.6341664766306296,0.68771133810991,1
524,2.4874745269286755,Participant4_FV_FuUp,Endomorph,Normal,upright,0.2894387866008282,-1.163118895216782,-0.228971705871674,-1.22628054022789,6.712018656745006,0.6748241336276535,1
525,2.492221615720524,Participant4_FV_FuUp,Endomorph,Normal,upright,0.2886451994674294,-1.3734443864636705,0.127981581843153,-1.2114849388599396,7.557232458296254,0.6675225168952268,1
526,2.4969687045123727,Participant4_FV_FuUp,Endomorph,Normal,upright,0.2902977592788621,-1.3344929473040743,0.2397744449729074,-1.2207080721855164,4.303892003136089,0.680141059806457,1
527,2.5017157933042213,Participant4_FV_FuUp,Endomorph,Normal,upright,0.2788412062934764,-0.3680386302766203,-0.4008741038294388,-1.265406221151352,5.992418830862939,0.6801124752936482,1
528,2.50646288209607,Participant4_FV_FuUp,Endomorph,Normal,upright,0.2835066416166326,-1.0696051175207282,0.0974682204928023,-1.186864197254181,5.637742833623718,0.6810724440013789,1
529,2.5112099708879185,Participant4_FV_FuUp,Endomorph,Normal,upright,0.280373167916936,-0.377713753938146,0.0223973092644174,-1.2654855251312256,6.307180019992753,0.685937497923987,1
530,2.515957059679767,Participant4_FV_FuUp,Endomorph,Normal,upright,0.2795545084168034,-0.3873391191486619,-0.2447171349811083,-1.2467223703861237,6.218265792056828,0.6845421753831419,1
531,2.520704148471616,Participant4_FV_FuUp,Endomorph,Normal,upright,0.2933494023731981,-0.5140151013365827,0.0623326859541597,-1.1580783128738403,10.187137076004328,0.6729755015554165,1
532,2.5254512372634643,Participant4_FV_FuUp,Endomorph,Normal,upright,0.2856651493306067,-0.3545080266066622,-0.0886939712149629,-1.2139911353588104,5.03119231071057,0.6811196646254601,1
533,2.530198326055313,Participant4_FV_FuUp,Endomorph,Normal,upright,0.2827549654015245,-0.3173409089553836,0.0025230482696236,-1.2053417563438416,5.491777732227734,0.6898002927569225,1
534,2.534945414847161,Participant4_FV_FuUp,Endomorph,Normal,upright,0.2927564481629183,-0.9482541100487548,-0.1017819024684103,-1.1570511907339096,7.264755016177873,0.6704810876842383,1
535,2.53969250363901,Participant4_FV_FuUp,Endomorph,Normal,upright,0.2860111536834526,-1.657245543427558,0.0388970611565326,-1.2960835695266724,4.544141511264208,0.6861827582245769,1
536,2.5444395924308587,Participant4_FV_FuUp,Endomorph,Normal,upright,0.2913330352473255,-1.0110444940404375,-0.0219686661535532,-1.2541404962539673,4.953336947275988,0.6871386652715249,1
537,2.5491866812227078,Participant4_FV_FuUp,Endomorph,Normal,upright,0.2885414742205809,-1.87657585871744,-0.5307389846623926,-1.221375823020935,4.056555564339658,0.6920505140346092,1
538,2.553933770014556,Participant4_FV_FuUp,Endomorph,Normal,upright,0.2880985388484703,-0.6845112593245933,-0.0608247948832674,-1.292000561952591,5.313704436682182,0.6914457299440633,1
539,2.5586808588064045,Participant4_FV_FuUp,Endomorph,Normal,upright,0.2871996454791698,-1.4351476516593076,-0.0397312174208314,-1.1944909691810608,3.986544462318317,0.6882391005751255,1
540,2.563427947598253,Participant4_FV_FuUp,Endomorph,Normal,upright,0.2858106565890347,-1.3282561822144223,-0.3162768655684642,-1.224296897649765,5.123916975411449,0.687520198614759,1
541,2.568175036390102,Participant4_FV_FuUp,Endomorph,Normal,upright,0.2876794319895385,-1.000957602702307,-0.3093706093899693,-1.216903179883957,8.671548544606878,0.6773231355549476,1
542,2.5729221251819507,Participant4_FV_FuUp,Endomorph,Normal,upright,0.2884061372691854,-1.1806219261591226,-0.1874055580629499,-1.2131129652261734,10.363909194513688,0.6657670275924129,1
543,2.5776692139737998,Participant4_FV_FuUp,Endomorph,Normal,upright,0.2982487405162893,-0.7714999757775094,-0.029242099746255,-1.0949033945798874,5.85297465018694,0.6793211520635659,1
544,2.582416302765648,Participant4_FV_FuUp,Endomorph,Normal,upright,0.2982582086413945,-0.6863332876264261,-0.0262487005314574,-1.1619585752487185,6.325430627968241,0.6721992856315324,1
545,2.5871633915574965,Participant4_FV_FuUp,Endomorph,Normal,upright,0.2924026137478813,-1.26461214090831,-0.3933600884545905,-1.1462487280368805,3.965683972457705,0.6721163714852528,1
546,2.591910480349345,Participant4_FV_FuUp,Endomorph,Normal,upright,0.29463708229955,-1.1308181928256946,-0.163718722247278,-1.1435006260871887,4.503809532316705,0.6705908571616466,1
547,2.5966575691411937,Participant4_FV_FuUp,Endomorph,Normal,upright,0.2906816315200221,-1.8253635802859267,-0.5483595690158068,-1.1801629662513733,4.233970968899999,0.6551208408072938,1
548,2.6014046579330423,Participant4_FV_FuUp,Endomorph,Normal,upright,0.2887909512732689,-1.9285013956481656,-0.2262087835842691,-1.216083586215973,6.055608721504268,0.6806712843974069,1
549,2.606151746724891,Participant4_FV_FuUp,Endomorph,Normal,upright,0.2939464935133283,-1.7799200940365452,-0.4046080525844157,-1.145961195230484,3.798398883396734,0.6666081915563357,1
550,2.6108988355167395,Participant4_FV_FuUp,Endomorph,Normal,upright,0.2944498126306092,-0.6646933756601601,-0.2404367246846246,-1.1521333307027817,7.9997601574631005,0.661204694531824,1
551,2.615645924308588,Participant4_FV_FuUp,Endomorph,Normal,upright,0.2907923613181105,-1.3259734771284613,-0.2815002395346901,-1.1185095012187958,4.373513200200653,0.6875522063338559,1
552,2.6203930131004367,Participant4_FV_FuUp,Endomorph,Normal,upright,0.2882972387426959,-1.5984732413873726,-0.6848524976608835,-1.1558119356632233,7.934214936482611,0.6771317896456003,1
553,2.6251401018922853,Participant4_FV_FuUp,Endomorph,Normal,upright,0.289318344157995,-1.3329948929058064,-0.875302247437234,-1.2023014724254608,8.702692301116425,0.6732212369774638,1
554,2.629887190684134,Participant4_FV_FuUp,Endomorph,Normal,upright,0.2926152733436359,-1.1009359385371746,-0.1874227330518744,-1.1896826028823853,6.252649416666536,0.6687965291983562,1
555,2.6346342794759825,Participant4_FV_FuUp,Endomorph,Normal,upright,0.2939258597493644,-1.557140609917474,0.4835387217895543,-1.162454217672348,2.877508964812792,0.6817471824580436,1
556,2.639381368267831,Participant4_FV_FuUp,Endomorph,Normal,upright,0.2979390830011049,-1.6760498737212366,0.131331655264152,-1.2125604748725891,3.565524172927617,0.6736687968640644,1
557,2.64412845705968,Participant4_FV_FuUp,Endomorph,Normal,upright,0.2956776524870769,-1.14301834145635,0.4408053631009256,-1.187708467245102,8.04484226361496,0.6701063259834611,1
558,2.6488755458515283,Participant4_FV_FuUp,Endomorph,Normal,upright,0.2968722401094191,-1.4482917664515702,0.313467887384442,-1.2697340548038485,6.185021178307335,0.6785676694988609,1
559,2.653622634643377,Participant4_FV_FuUp,Endomorph,Normal,upright,0.2994930553384805,-0.8682036367497541,0.2853125059722237,-1.261132687330246,5.731679203279272,0.6641173159128964,1
560,2.658369723435225,Participant4_FV_FuUp,Endomorph,Normal,upright,0.292349090695671,-1.1829120144389846,-0.0476077497206679,-1.2585595846176147,6.142374907180197,0.6684482408698842,1
561,2.663116812227074,Participant4_FV_FuUp,Endomorph,Normal,upright,0.2904257767467686,-1.1541852607547205,-0.5836160436234292,-1.1547935009002686,8.961429779990883,0.68129542970439,1
562,2.667863901018923,Participant4_FV_FuUp,Endomorph,Normal,upright,0.2918753065857869,-0.8357345799053078,-0.9842653700708712,-1.196435272693634,9.091217073780683,0.6826961297694777,1
563,2.672610989810772,Participant4_FV_FuUp,Endomorph,Normal,upright,0.2874954269212226,-1.1906856822942278,-0.8464630119159957,-1.197900652885437,9.286278752328414,0.6791179292772365,1
564,2.6773580786026203,Participant4_FV_FuUp,Endomorph,Normal,upright,0.2913920418418362,-1.0132073784026625,-0.8651224434903692,-1.200950413942337,7.82485642285062,0.6826619060603488,1
565,2.682105167394469,Participant4_FV_FuUp,Endomorph,Normal,upright,0.2989217957805901,-1.062968085813613,-0.3760038861154771,-1.2063132226467133,7.35274830841802,0.6759811445302302,1
566,2.686852256186317,Participant4_FV_FuUp,Endomorph,Normal,upright,0.2999442650311535,-1.343767359163477,-0.5634105851689643,-1.1895205676555634,9.951177775679394,0.6744488402228194,1
567,2.691599344978166,Participant4_FV_FuUp,Endomorph,Normal,upright,0.3048808111152548,-1.145648633595881,-0.1816421072326,-1.1519241631031036,6.659422557561707,0.6792672935176096,1
568,2.6963464337700147,Participant4_FV_FuUp,Endomorph,Normal,upright,0.292406391141391,-0.749460851014289,-0.0107770126111417,-1.1596869826316831,7.586508807048764,0.6565667901373655,1
569,2.7010935225618637,Participant4_FV_FuUp,Endomorph,Normal,upright,0.2908290867955552,-0.747406875464289,0.1631857285262805,-0.9530549645423888,7.886193142686309,0.6801441522434849,1
570,2.705840611353712,Participant4_FV_FuUp,Endomorph,Normal,upright,0.2871597000903073,-0.006980502338692,-0.2993029463847325,-0.9958893656730652,11.198937519455262,0.6682927658088069,1
571,2.7105877001455605,Participant4_FV_FuUp,Endomorph,Normal,upright,0.292009056672875,-0.109210219862677,0.5194090595531609,-0.9942635595798492,9.009328990144798,0.6640678190434821,1
572,2.715334788937409,Participant4_FV_FuUp,Endomorph,Normal,upright,0.2923472340117179,-0.609186820574759,0.0029379062774011,-1.101991027593613,7.370664819230321,0.676627584679189,1
573,2.7200818777292577,Participant4_FV_FuUp,Endomorph,Normal,upright,0.2906831758306479,0.435169819062947,0.7772835739553564,-1.0889051258563995,8.955839254213751,0.6783406288863282,1
574,2.7248289665211063,Participant4_FV_FuUp,Endomorph,Normal,upright,0.2952186193262384,-1.012714596226734,0.592608912260743,-1.0677963197231293,8.360100581942596,0.6775274011985505,1
575,2.729576055312955,Participant4_FV_FuUp,Endomorph,Normal,upright,0.2948899626028414,-0.9978411549906536,0.4961441168654827,-1.1412138640880585,11.459336847181689,0.6702108485097882,1
576,2.7343231441048035,Participant4_FV_FuUp,Endomorph,Normal,upright,0.2925340238431214,-0.5635539390427741,0.3761562617952024,-1.09372478723526,8.816962599563315,0.6779771571366565,1
577,2.739070232896652,Participant4_FV_FuUp,Endomorph,Normal,upright,0.2949192819507303,-0.6534395293522445,1.122499202575845,-0.9510860741138458,7.869288268238998,0.6771596864116767,1
578,2.7438173216885007,Participant4_FV_FuUp,Endomorph,Normal,upright,0.2978799862279337,-0.4732860922760441,1.373107265883811,-0.9652319848537444,13.219315444798502,0.6602881515180075,1
579,2.7485644104803493,Participant4_FV_FuUp,Endomorph,Normal,upright,0.298210692068601,-0.0308566627482524,0.6972926658903481,-1.035368263721466,9.341807966858484,0.6537636572485286,1
580,2.753311499272198,Participant4_FV_FuUp,Endomorph,Normal,upright,0.2987206737945135,-0.0910260815601304,0.4731724210347873,-1.1361564099788666,10.52874201012339,0.6580617685880825,1
581,2.7580585880640465,Participant4_FV_FuUp,Endomorph,Normal,upright,0.2970741911787767,-0.4520495691296002,0.7940547851452205,-1.113220363855362,8.499064992944325,0.6678717878274463,1
582,2.762805676855895,Participant4_FV_FuUp,Endomorph,Normal,upright,0.2946533830002564,0.0820235192421948,-0.2255618386183334,-1.0713383257389069,13.489773641494647,0.6520962542717822,1
583,2.767552765647744,Participant4_FV_FuUp,Endomorph,Normal,upright,0.2961428537199589,-0.6671998347352187,-0.341174676688049,-1.1186371743679049,12.03067174431795,0.6537967141911459,1
584,2.7722998544395927,Participant4_FV_FuUp,Endomorph,Normal,upright,0.3012373286696421,-0.4122432301174368,-0.2982464415628947,-1.1205594539642334,11.8153995166326,0.6535192607208044,1
585,2.7770469432314413,Participant4_FV_FuUp,Endomorph,Normal,upright,0.2987038276169345,0.1659230231505526,0.2078737108638503,-0.892366349697113,12.144917148602929,0.6683733176805302,1
586,2.78179403202329,Participant4_FV_FuUp,Endomorph,Normal,upright,0.2911632058750553,-0.3445743390294967,-0.0713767917826709,-1.121251791715622,12.01557281972586,0.6535189613543246,1
587,2.7865411208151385,Participant4_FV_FuUp,Endomorph,Normal,upright,0.296271663925592,-0.6586564899338961,-0.4289082101403014,-1.101626604795456,10.547055451458348,0.6706297654471116,1
588,2.791288209606987,Participant4_FV_FuUp,Endomorph,Normal,upright,0.2962723152383736,-0.4745513554424411,-0.1010012610794995,-1.076976239681244,9.81923138506628,0.6588443596872791,1
589,2.796035298398836,Participant4_FV_FuUp,Endomorph,Normal,upright,0.2943193198707169,-0.3426296798279742,-0.1012037998045566,-1.1602106988430023,9.139504427628795,0.6633480484250995,1
590,2.8007823871906843,Participant4_FV_FuUp,Endomorph,Normal,upright,0.2982119192201981,-0.5386953576359674,0.8086428495012052,-1.1541412770748138,6.195848015457058,0.6812153840473557,1
591,2.805529475982533,Participant4_FV_FuUp,Endomorph,Normal,upright,0.2977386560040969,-0.9950232721211824,-0.1126115190322387,-1.1893320381641388,6.400153667265493,0.677998587856006,1
592,2.810276564774381,Participant4_FV_FuUp,Endomorph,Normal,upright,0.2952652218974811,-0.6170777547534931,-0.2951575504538468,-1.2237535119056702,8.632647226982254,0.6831618981254309,1
593,2.81502365356623,Participant4_FV_FuUp,Endomorph,Normal,upright,0.2932347869181565,-0.4199962368101103,-0.3170007973643678,-1.2132136821746826,9.29584656923243,0.6713627049430587,1
594,2.8197707423580787,Participant4_FV_FuUp,Endomorph,Normal,upright,0.2986484037305864,-0.5851946807040704,-0.5377824263717929,-1.1474572122097015,10.292159890247886,0.6651615536998866,1
595,2.8245178311499277,Participant4_FV_FuUp,Endomorph,Normal,upright,0.296866880360033,-0.199108717536238,-0.4464659360499921,-1.215597152709961,10.29654570599407,0.6629740692162356,1
596,2.829264919941776,Participant4_FV_FuUp,Endomorph,Normal,upright,0.2950101700601329,-0.2313015956182211,-0.2598632425898967,-1.2416488528251648,10.73585341515246,0.6667896304741164,1
597,2.8340120087336245,Participant4_FV_FuUp,Endomorph,Normal,upright,0.293427113318281,-0.4790678053986288,0.0033415491973209,-1.188249260187149,9.46652611644365,0.6763361479031907,1
598,2.838759097525473,Participant4_FV_FuUp,Endomorph,Normal,upright,0.2941059408471874,-0.5904088112703438,0.3569771509095881,-1.1973800361156464,8.506056230607845,0.6807822521744253,1
599,2.8435061863173217,Participant4_FV_FuUp,Endomorph,Normal,upright,0.2981156142626507,-0.4486420453661582,1.2120247627240597,-1.2787535786628723,6.79936239535961,0.6757151210880988,1
600,2.8482532751091703,Participant4_FV_FuUp,Endomorph,Normal,upright,0.2946100886668437,-0.561836767428559,0.2507020669068192,-1.25447079539299,7.369632677950053,0.6742563759842026,1
601,2.853000363901019,Participant4_FV_FuUp,Endomorph,Normal,upright,0.2910427486053604,-0.4696978979804861,0.1131489429105296,-1.1754984557628632,5.985803686212905,0.6865778298322832,1
602,2.8577474526928675,Participant4_FV_FuUp,Endomorph,Normal,upright,0.292441992736389,-0.388787550587269,0.3337211451025653,-1.1657867431640625,5.715146446807484,0.6882725265478616,1
603,2.862494541484716,Participant4_FV_FuUp,Endomorph,Normal,upright,0.2938776816950297,-0.4771899797359448,0.0173133248450615,-1.106974333524704,8.287056398550725,0.6823326365819483,1
604,2.8672416302765646,Participant4_FV_FuUp,Endomorph,Normal,upright,0.29433616416027,-0.9475383992721408,0.3206967213608646,-1.146467626094818,6.627867982892328,0.6734420359373757,1
605,2.871988719068413,Participant4_FV_FuUp,Endomorph,Normal,upright,0.2934156582779241,-0.8367272135579533,0.1022087008028308,-1.1997429728507996,8.185752906852398,0.6763066886047506,1
606,2.8767358078602623,Participant4_FV_FuUp,Endomorph,Normal,upright,0.2907322831498205,-0.8022351379627096,0.3367155784249884,-1.2336968779563904,7.441397916062552,0.6753357414952581,1
607,2.881482896652111,Participant4_FV_FuUp,Endomorph,Normal,upright,0.2914910604583933,-0.5932923663280476,-0.5442989587605577,-1.1169256567955017,13.491734078848008,0.66703170319747,1
608,2.8862299854439595,Participant4_FV_FuUp,Endomorph,Normal,upright,0.2941431608616738,-0.6309341719567505,-0.2225248640921868,-1.2207575738430023,9.84347189292265,0.6673200607945912,1
609,2.890977074235808,Participant4_FV_FuUp,Endomorph,Normal,upright,0.2911380803596028,-0.9175775874020464,0.1945531195976852,-1.1944255232810974,7.728722860817712,0.6731009548110417,1
610,2.8957241630276567,Participant4_FV_FuUp,Endomorph,Normal,upright,0.2878218733483985,-0.4520655188398402,0.373336317784849,-1.1949633955955503,8.576406378858346,0.6788324709579343,1
611,2.9004712518195053,Participant4_FV_FuUp,Endomorph,Normal,upright,0.2943777851974924,-0.7669413278549498,-0.1577769930121694,-1.113708794116974,9.315634206721526,0.6743992942689054,1
612,2.905218340611354,Participant4_FV_FuUp,Endomorph,Normal,upright,0.2892917861862755,-0.3917072277631953,0.1637253122616953,-1.257058709859848,12.41530307822847,0.6690793828645173,1
613,2.9099654294032025,Participant4_FV_FuUp,Endomorph,Normal,upright,0.2912932051771985,-1.1083197936565612,0.3316466268712275,-1.2281215488910675,9.302942523619734,0.6863650292627966,1
614,2.914712518195051,Participant4_FV_FuUp,Endomorph,Normal,upright,0.2883930145904312,-0.3891839926572989,0.5049909093984047,-1.262127548456192,9.49505974938948,0.6869571732342342,1
615,2.9194596069869,Participant4_FV_FuUp,Endomorph,Normal,upright,0.2952185107310791,-0.1998823825521059,0.6534628817751688,-1.2833199501037598,12.378524373843048,0.6683185833823281,1
616,2.9242066957787483,Participant4_FV_FuUp,Endomorph,Normal,upright,0.2920050202044404,-0.6187211919939927,1.162829668730063,-1.257501482963562,9.23309773535783,0.6826776146563893,1
617,2.928953784570597,Participant4_FV_FuUp,Endomorph,Normal,upright,0.2870797689756764,-0.4436765996025343,1.1375514052642093,-1.2055175304412842,9.036697141186504,0.6882266809952853,1
618,2.933700873362445,Participant4_FV_FuUp,Endomorph,Normal,upright,0.2898004857989118,-0.6308978739542058,0.9995228078292508,-1.160498946905136,9.83926188345341,0.6910032219191652,1
619,2.938447962154294,Participant4_FV_FuUp,Endomorph,Normal,upright,0.2900187425275151,-0.3064438565366884,1.0687973096083745,-1.2692166566848757,9.845512423214622,0.6889312159086062,1
620,2.943195050946142,Participant4_FV_FuUp,Endomorph,Normal,upright,0.2898852923633628,-0.2061272235371322,0.4586229865710098,-1.220858097076416,11.22550837981752,0.6798982511406619,1
621,2.9479421397379912,Participant4_FV_FuUp,Endomorph,Normal,upright,0.2899678295926889,-0.749709399721799,0.8704486086923928,-1.24593186378479,9.89947595212809,0.6866422401067606,1
622,2.95268922852984,Participant4_FV_FuUp,Endomorph,Normal,upright,0.2887635274114815,-0.7051294772628338,1.0043304120864844,-1.3099579513072968,11.059733300498287,0.6872745863697549,1
623,2.9574363173216884,Participant4_FV_FuUp,Endomorph,Normal,upright,0.288607864963918,-0.7482901985855648,0.5094063376971266,-1.1959837079048157,10.326122052982564,0.675840734966496,1
624,2.962183406113537,Participant4_FV_FuUp,Endomorph,Normal,upright,0.2918156406804703,-0.8273563239150524,0.9154413032623652,-1.366445779800415,9.356257262906958,0.6789260822818192,1
625,2.9669304949053856,Participant4_FV_FuUp,Endomorph,Normal,upright,0.2883268069648171,-0.9195623092762436,0.6883946208469763,-1.3077620565891266,10.979469149763473,0.6778840848695649,1
626,2.9716775836972342,Participant4_FV_FuUp,Endomorph,Normal,upright,0.2893935708597396,-0.9406687989328548,0.2189841736034985,-1.2805142402648926,10.302875137489012,0.6794307065251349,1
627,2.976424672489083,Participant4_FV_FuUp,Endomorph,Normal,upright,0.2915114696004457,-1.2112679113858318,0.1362079913268233,-1.2714257836341858,9.156925073583562,0.6775134479747112,1
628,2.981171761280932,Participant4_FV_FuUp,Endomorph,Normal,upright,0.2938379253056504,-1.382885507838821,0.238179282047562,-1.214788258075714,9.237348068732222,0.6775427936540691,1
629,2.9859188500727805,Participant4_FV_FuUp,Endomorph,Normal,upright,0.2926970214633895,-1.5621844796622482,0.2967797222526743,-1.2516623735427856,8.515011409891613,0.678453362221746,1
630,2.990665938864629,Participant4_FV_FuUp,Endomorph,Normal,upright,0.292509635668182,-1.5004065676959266,0.3532574872356327,-1.303828477859497,8.5023458714994,0.6880246215713218,1
631,2.9954130276564777,Participant4_FV_FuUp,Endomorph,Normal,upright,0.2947016068475152,-0.8892485785770923,0.4553768555585447,-1.3128336668014526,10.33149848835448,0.6665137269268344,1
632,3.0001601164483263,Participant4_FV_FuUp,Endomorph,Normal,upright,0.2972815771521047,-0.713607945805486,0.3159304323410471,-1.2735721170902252,9.119675015830152,0.674711255027995,1
633,3.004907205240175,Participant4_FV_FuUp,Endomorph,Normal,upright,0.2982315314347489,-1.0150701910951128,-0.1392706736907155,-1.1347413957118988,10.92350144655583,0.6545297071810378,1
634,3.0096542940320234,Participant4_FV_FuUp,Endomorph,Normal,upright,0.2909850755662789,-0.8739202977733165,0.5581937091997128,-1.3655119836330414,9.457978399571692,0.6896378614511759,1
635,3.014401382823872,Participant4_FV_FuUp,Endomorph,Normal,upright,0.2970938823456059,-1.0717021002588334,0.4954705115885061,-1.1065354645252228,10.989581579103024,0.6665880566808946,1
636,3.0191484716157206,Participant4_FV_FuUp,Endomorph,Normal,upright,0.2907208026200613,-1.3206908703749924,0.1117031976884162,-1.2783870995044708,11.221965002202056,0.6739242719168822,1
637,3.023895560407569,Participant4_FV_FuUp,Endomorph,Normal,upright,0.2962550630834119,-1.369284094095099,0.1421852892493659,-1.287329941987991,9.815769656579448,0.6804030059349581,1
638,3.028642649199418,Participant4_FV_FuUp,Endomorph,Normal,upright,0.2915929361401447,-1.2720031972431365,0.462061662383789,-1.2852140963077543,9.493772317800907,0.6787933613809048,1
639,3.0333897379912664,Participant4_FV_FuUp,Endomorph,Normal,upright,0.2925682275737547,-1.0414345992733702,0.8992515913019599,-1.1999250054359436,8.292021910474604,0.6821483966739555,1
640,3.038136826783115,Participant4_FV_FuUp,Endomorph,Normal,upright,0.2935885168824634,-1.196437398076267,0.8175083869119668,-1.166382610797882,7.895460139488869,0.6800584467631322,1
641,3.042883915574964,Participant4_FV_FuUp,Endomorph,Normal,upright,0.2962385950248161,-0.992620155281969,0.2627157072157017,-1.198425829410553,8.830583662767124,0.6762404772554749,1
642,3.047631004366812,Participant4_FV_FuUp,Endomorph,Normal,upright,0.291917745704655,-0.2224746046418534,0.7666561999453346,-1.166212946176529,10.609423912708126,0.6775877593737186,1
643,3.052378093158661,Participant4_FV_FuUp,Endomorph,Normal,upright,0.2890657530518947,-0.8812888048581726,0.6674648089289557,-1.1929510533809662,9.09175991099439,0.6870460516402023,1
644,3.0571251819505094,Participant4_FV_FuUp,Endomorph,Normal,upright,0.2868754781547716,-0.7763840735534344,0.291635735595808,-1.1466308236122131,9.428236460958848,0.6705698874765199,1
645,3.061872270742358,Participant4_FV_FuUp,Endomorph,Normal,upright,0.2912350167562797,-0.9649078376428628,0.1628223035436967,-1.1421510875225067,10.45425724503616,0.6583826741104011,1
646,3.0666193595342066,Participant4_FV_FuUp,Endomorph,Normal,upright,0.288689974307504,-0.4992807931551895,-0.0369837972714367,-1.1627546846866608,10.630286068722754,0.6643803240442353,1
647,3.071366448326055,Participant4_FV_FuUp,Endomorph,Normal,upright,0.2942457780716757,-0.3755636854006786,0.4076402711437287,-1.1656929552555084,12.085627532291335,0.6658852993931502,1
648,3.076113537117904,Participant4_FV_FuUp,Endomorph,Normal,upright,0.296919014839375,-0.7795315766073491,0.2556868452151751,-1.0707969963550568,12.013127569488733,0.6570280617059107,1
649,3.0808606259097524,Participant4_FV_FuUp,Endomorph,Normal,upright,0.2972063869056432,-0.5214002082432668,0.2071350199399073,-1.2197145819664,9.823441165133277,0.6673868071710722,1
650,3.085607714701601,Participant4_FV_FuUp,Endomorph,Normal,upright,0.2892504104009928,-0.7445097511021476,-0.3115871276763358,-1.212001234292984,12.066690450203636,0.6576208734525469,1
651,3.09035480349345,Participant4_FV_FuUp,Endomorph,Normal,upright,0.2894983995384231,-0.7526025672994868,0.1282144354002538,-1.1695310771465302,9.430377072845394,0.6746412177956163,1
652,3.095101892285298,Participant4_FV_FuUp,Endomorph,Normal,upright,0.2942229189667605,-0.0239700830724826,0.4949572523649663,-1.0966570675373075,10.336488558913512,0.6743257039810151,1
653,3.0998489810771472,Participant4_FV_FuUp,Endomorph,Normal,upright,0.2940652937843594,-0.9580778120231652,-0.3313205032400284,-1.1622593700885773,10.688309897692028,0.6561495662384407,1
654,3.104596069868996,Participant4_FV_FuUp,Endomorph,Normal,upright,0.2879103596003379,-0.1385560888734842,-0.2011856138091888,-1.2280005812644958,12.137689840256044,0.6704685026865961,1
655,3.1093431586608444,Participant4_FV_FuUp,Endomorph,Normal,upright,0.2934348011555218,-0.8058017311174489,-0.1969310577999975,-1.1379424631595612,8.849737126117866,0.675288166139218,1
656,3.114090247452693,Participant4_FV_FuUp,Endomorph,Normal,upright,0.2860708341099861,-0.6157588094141344,0.0849944609404245,-1.1530627012252808,8.39494209591399,0.6684744452947616,1
657,3.1188373362445416,Participant4_FV_FuUp,Endomorph,Normal,upright,0.2858463298886873,-0.6221899303900387,-0.274570656766169,-1.0859407484531405,7.882114094122883,0.6747496107650468,1
658,3.12358442503639,Participant4_FV_FuUp,Endomorph,Normal,upright,0.2868894164119486,-1.3582676061754817,0.1756873468594909,-1.1889771223068235,7.453284462225694,0.6835165999740211,1
659,3.128331513828239,Participant4_FV_FuUp,Endomorph,Normal,upright,0.2939524450048662,-1.272499049555631,0.1853579175289983,-1.2196663320064545,7.871200036676458,0.674100316398624,1
660,3.1330786026200874,Participant4_FV_FuUp,Endomorph,Normal,upright,0.2883949631160103,-0.4892311496239713,0.293062765059693,-1.1663891673088074,8.456771971969827,0.6791932521579649,1
661,3.137825691411936,Participant4_FV_FuUp,Endomorph,Normal,upright,0.2862696023811299,-1.0317197263962203,0.0890802001113752,-1.1950965523719788,8.501650630805171,0.6935595230730963,1
662,3.1425727802037846,Participant4_FV_FuUp,Endomorph,Normal,upright,0.2886297572676551,-1.114291169101712,0.2469747806386507,-1.1887447237968445,9.453251305639784,0.6830306081650326,1
663,3.147319868995633,Participant4_FV_FuUp,Endomorph,Normal,upright,0.2951307485422819,-0.4805637668821954,-0.0840701607215226,-1.0939583480358124,9.092875782094923,0.6701729885307693,1
664,3.152066957787482,Participant4_FV_FuUp,Endomorph,Normal,upright,0.2860729402775409,-0.6644402803101213,0.158220794421522,-1.1247013807296753,7.421831239995234,0.6833526132891066,1
665,3.1568140465793304,Participant4_FV_FuUp,Endomorph,Normal,upright,0.2874640901070387,-0.5060913416731704,0.2068675455984508,-1.2118383944034576,9.125611146356384,0.6693611494755918,1
666,3.161561135371179,Participant4_FV_FuUp,Endomorph,Normal,upright,0.2935277052585232,-0.1323857480566637,0.7060373949934461,-1.2275776267051697,7.549202174587571,0.6859822703191624,1
667,3.166308224163028,Participant4_FV_FuUp,Endomorph,Normal,upright,0.2902316884837608,-0.5711937413878422,0.6782369189811881,-1.251277178525925,10.663203867440307,0.6670619027076755,1
668,3.171055312954876,Participant4_FV_FuUp,Endomorph,Normal,upright,0.2899622205787864,0.4592941048577343,0.0326690328316829,-1.144931584596634,11.551549355595334,0.6716287754371637,1
669,3.175802401746725,Participant4_FV_FuUp,Endomorph,Normal,upright,0.2895933492908146,-0.3501453390353146,-0.1815935327746395,-1.1758411824703217,9.878280509813312,0.6644617418098255,1
670,3.1805494905385734,Participant4_FV_FuUp,Endomorph,Normal,upright,0.2904702050063509,-0.2073000146771861,0.3943335789100942,-0.9840527176856996,8.271945322560931,0.6714884183586901,1
671,3.185296579330422,Participant4_FV_FuUp,Endomorph,Normal,upright,0.2915519191745295,-0.5366294506800778,0.310407070706537,-1.13168266415596,6.890611071873507,0.6824313800625675,1
672,3.190043668122271,Participant4_FV_FuUp,Endomorph,Normal,upright,0.2926519759219158,-0.2527244726581079,-0.0098626881176077,-1.2893998622894287,9.573596654935985,0.6798199386184343,1
673,3.19479075691412,Participant4_FV_FuUp,Endomorph,Normal,upright,0.2924595805184874,-0.4384224314151788,0.4644315636098557,-1.2439961433410645,9.871903465677102,0.6608136933466106,1
674,3.199537845705968,Participant4_FV_FuUp,Endomorph,Normal,upright,0.2938469159879965,-0.1494211781774246,0.1489236646356038,-1.251489669084549,9.28993167501424,0.6788774568511862,1
675,3.204284934497817,Participant4_FV_FuUp,Endomorph,Normal,upright,0.2873332835011526,-0.4460752033082589,0.8622279973872692,-1.234785944223404,8.575911599931082,0.6819307050665403,1
676,3.2090320232896654,Participant4_FV_FuUp,Endomorph,Normal,upright,0.2857028688024293,-0.5624798565153292,0.6250999158576109,-1.193275272846222,8.293843862077557,0.6700489940355446,1
677,3.213779112081514,Participant4_FV_FuUp,Endomorph,Normal,upright,0.2891812847592669,-0.782612133638137,0.0447415349938995,-1.2738285064697266,10.221354739001375,0.6698769269998337,1
678,3.2185262008733626,Participant4_FV_FuUp,Endomorph,Normal,upright,0.28997190434548,-0.2509877878213827,1.2883745345582172,-1.175927758216858,9.779298966394403,0.6573105340179598,1
679,3.223273289665211,Participant4_FV_FuUp,Endomorph,Normal,upright,0.2922575744429603,0.106144758453444,0.9354808367294752,-1.1245156228542328,11.88392863794319,0.6567669158171081,1
680,3.22802037845706,Participant4_FV_FuUp,Endomorph,Normal,upright,0.2856119143847384,-0.1051785112353742,1.0666592374214965,-1.1620115637779236,8.677375500485272,0.6644239295772123,1
681,3.2327674672489084,Participant4_FV_FuUp,Endomorph,Normal,upright,0.2820662864981539,-0.2151210805305068,0.8013182341460997,-1.1612618565559387,8.594929624135691,0.6576960548255063,1
682,3.237514556040757,Participant4_FV_FuUp,Endomorph,Normal,upright,0.2813382807281723,-0.5645528326945064,1.0645701393696445,-1.1700997948646543,6.904823275541528,0.6686594529140284,1
683,3.2422616448326056,Participant4_FV_FuUp,Endomorph,Normal,upright,0.2882852273405975,-0.5846083409696223,1.037622002793968,-1.148482710123062,5.198135556609805,0.6732068313106051,1
684,3.247008733624454,Participant4_FV_FuUp,Endomorph,Normal,upright,0.2801218779979129,-0.2166220094823925,0.912404614553926,-1.1721940338611605,7.336775741645632,0.6460131384338768,1
685,3.251755822416303,Participant4_FV_FuUp,Endomorph,Normal,upright,0.291327835584822,-0.0902645411811503,0.7887030561729647,-1.2167295515537262,9.69533393304783,0.6540415952854691,1
686,3.2565029112081514,Participant4_FV_FuUp,Endomorph,Normal,upright,0.2913532372072272,0.3657392804174389,0.8086469130815147,-1.1926300823688507,10.09667545167195,0.6592887850007007,1
687,3.26125,Participant4_FV_FuUp,Endomorph,Normal,upright,0.281219109526459,-0.1406275624666475,1.643383207149968,-1.2515392303466797,11.775342951472936,0.6528455609692412,1
688,3.2659970887918486,Participant4_FV_FuUp,Endomorph,Normal,upright,0.2774091094201781,-0.2874892359944381,1.286112122729905,-1.2705012559890747,9.41452365234214,0.6565807561645958,1
689,3.270744177583697,Participant4_FV_FuUp,Endomorph,Normal,upright,0.2907429452096607,-0.3845851027767777,0.3242251629524463,-1.2735792696475985,10.943372574982494,0.6686560043570576,1
690,3.2754912663755458,Participant4_FV_FuUp,Endomorph,Normal,upright,0.2820802662638262,-0.0258705292377201,1.0907480396732097,-1.276214361190796,9.37538487829102,0.6645239672953335,1
691,3.2802383551673944,Participant4_FV_FuUp,Endomorph,Normal,upright,0.2848297401612724,0.0747596096391862,0.8405682167133615,-1.1998321413993835,10.910853982583154,0.6512286842242027,1
692,3.284985443959243,Participant4_FV_FuUp,Endomorph,Normal,upright,0.2858833737475568,-0.5123310330665748,1.1766976186506837,-1.2088174521923063,7.481700376406938,0.6549765949090417,1
693,3.289732532751092,Participant4_FV_FuUp,Endomorph,Normal,upright,0.285189359716423,-0.7004886787738497,1.294244206851204,-1.2315403521060944,6.323079608892654,0.6592841527222655,1
694,3.2944796215429406,Participant4_FV_FuUp,Endomorph,Normal,upright,0.2845857890617427,-0.3673011628160275,0.8153239840084723,-1.2651200592517853,5.300271185998095,0.6647325252187807,1
695,3.299226710334789,Participant4_FV_FuUp,Endomorph,Normal,upright,0.2829770060918507,-0.1594214134895753,0.7202114428751493,-1.2227160334587095,9.707871515565758,0.6631342808280641,1
696,3.303973799126638,Participant4_FV_FuUp,Endomorph,Normal,upright,0.283475884232694,0.0978064320563191,1.0709878351680673,-1.1637684106826782,8.45024305012624,0.6568215820556147,1
697,3.3087208879184864,Participant4_FV_FuUp,Endomorph,Normal,upright,0.2899104635794105,-0.3513585477447856,0.8315447167763709,-1.1584071516990662,6.573349766086798,0.6509800170759382,1
698,3.313467976710335,Participant4_FV_FuUp,Endomorph,Normal,upright,0.2874580465131255,-0.483645328668152,0.3356986646821495,-0.99824658036232,6.741499096701868,0.6614191735916125,1
699,3.318215065502184,Participant4_FV_FuUp,Endomorph,Normal,upright,0.2797935562624885,-0.5082073825121703,0.901854206170456,-1.2192316949367523,4.143983975511596,0.6696922466943623,1
700,3.322962154294032,Participant4_FV_FuUp,Endomorph,Normal,upright,0.2899711511245439,-0.5805083815190016,0.6326495379416816,-1.156950980424881,5.745518548663742,0.6583296294977188,1
701,3.327709243085881,Participant4_FV_FuUp,Endomorph,Normal,upright,0.289204340173109,-0.6075951010518134,0.5821934395015093,-1.2033778727054596,5.068127117725798,0.6651294198277157,1
702,3.3324563318777294,Participant4_FV_FuUp,Endomorph,Normal,upright,0.2902868631559726,-0.2985350837231508,0.2047126108864989,-1.2335446178913116,5.089767045526022,0.6680359921930287,1
703,3.337203420669578,Participant4_FV_FuUp,Endomorph,Normal,upright,0.2865010516866415,-1.1506359020633727,0.7242700645536196,-1.1747715473175049,2.711068021002828,0.6598143381991479,1
704,3.3419505094614266,Participant4_FV_FuUp,Endomorph,Normal,upright,0.2875322021206912,-0.4391086228071743,0.3127220135711585,-1.1038561463356018,6.606525383702492,0.6680640076444178,1
705,3.346697598253275,Participant4_FV_FuUp,Endomorph,Normal,upright,0.2873985781770385,-0.2489339368579589,0.3810349226499265,-1.1877256035804749,7.726557762977161,0.6592490905925751,1
706,3.351444687045124,Participant4_FV_FuUp,Endomorph,Normal,upright,0.2885425488910429,-0.2092921683617641,0.0549549664091569,-1.2165855467319489,8.737132581897095,0.6630898249304285,1
707,3.3561917758369724,Participant4_FV_FuUp,Endomorph,Normal,upright,0.2877129469035474,-0.2644748670488848,0.5600173692205195,-1.2465731501579285,7.995269656600611,0.6711806633666256,1
708,3.360938864628821,Participant4_FV_FuUp,Endomorph,Normal,upright,0.2948601443284134,-0.8368985580560663,0.3919623555597097,-1.2398467361927032,5.420523516175204,0.6575761062044209,1
709,3.3656859534206696,Participant4_FV_FuUp,Endomorph,Normal,upright,0.2886323814004411,-0.5567236060106422,0.0847118447278126,-1.2816181778907776,8.552871935986843,0.6609783166154285,1
710,3.370433042212518,Participant4_FV_FuUp,Endomorph,Normal,upright,0.2962259758527623,-0.7858810559600812,0.2905083407945141,-1.2210347950458529,6.828622379327443,0.6603635645155358,1
711,3.3751801310043668,Participant4_FV_FuUp,Endomorph,Normal,upright,0.2896853827018514,-0.6534833876980625,0.7621954056131135,-1.1094941198825836,5.352391184096554,0.6702837301181389,1
712,3.379927219796216,Participant4_FV_FuUp,Endomorph,Normal,upright,0.2876897315608552,-0.62549306976817,0.6860960990540781,-1.1788078546524048,4.822816865315293,0.6791907853765532,1
713,3.384674308588064,Participant4_FV_FuUp,Endomorph,Normal,upright,0.2867115582434793,-0.6359337588430923,1.1199215419353974,-1.2650150060653689,4.73310092684953,0.670371070757821,1
714,3.3894213973799125,Participant4_FV_FuUp,Endomorph,Normal,upright,0.2831575994767437,-0.2367635810914139,0.97020197837733,-1.1957519352436066,8.04401497731938,0.6672738243576636,1
715,3.394168486171761,Participant4_FV_FuUp,Endomorph,Normal,upright,0.2835399693799976,-0.6560462327721932,0.534231272728453,-1.2447523772716522,6.361652629005418,0.6700704059041767,1
716,3.39891557496361,Participant4_FV_FuUp,Endomorph,Normal,upright,0.2886690209977585,-0.6086973768321828,-0.0091331324168879,-1.295566976070404,7.511407654546114,0.6665507595954918,1
717,3.403662663755459,Participant4_FV_FuUp,Endomorph,Normal,upright,0.2822440937824076,-1.068583197877805,0.3500866941544726,-1.3005973994731903,2.977598718279183,0.6775048549625903,1
718,3.4084097525473074,Participant4_FV_FuUp,Endomorph,Normal,upright,0.2820292434248113,-0.3960571057488377,0.2502512492039149,-1.2756090760231018,6.669453844212791,0.6698623299521586,1
719,3.413156841339156,Participant4_FV_FuUp,Endomorph,Normal,upright,0.2797705906654317,-0.3303978696933772,0.9968721086824308,-1.2346868515014648,4.527184697400248,0.6622510094238427,1
720,3.417903930131005,Participant4_FV_FuUp,Endomorph,Normal,upright,0.2874413031886509,-0.9286338415976164,0.8203644998345059,-1.1955163180828094,2.5426282213290525,0.681714665687782,1
721,3.422651018922853,Participant4_FV_FuUp,Endomorph,Normal,upright,0.2893085125050406,-0.5188291679155035,0.8844297527751879,-1.2806826531887054,3.8238761809844406,0.6744064025230434,1
722,3.4273981077147018,Participant4_FV_FuUp,Endomorph,Normal,upright,0.288713095230573,-0.3458326476009191,0.3500845392135995,-1.2471131682395935,5.559447432003992,0.6731625335732718,1
723,3.4321451965065504,Participant4_FV_FuUp,Endomorph,Normal,upright,0.2858383021285442,-0.3172725937783616,0.4743591345591386,-1.127708911895752,7.04587493274203,0.6629420234848556,1
724,3.436892285298399,Participant4_FV_FuUp,Endomorph,Normal,upright,0.2938024065016972,-0.978890930919446,0.5538418619106154,-1.1478729844093325,5.5273686566382745,0.6644625929771549,1
725,3.441639374090248,Participant4_FV_FuUp,Endomorph,Normal,upright,0.2926840058256781,-1.0352568727408091,0.5390298858379898,-1.1363750994205477,6.162437663803719,0.6508470124911783,1
726,3.446386462882096,Participant4_FV_FuUp,Endomorph,Normal,upright,0.290400055873858,-0.903040939122174,0.6902140240226496,-1.087662935256958,4.03639117214843,0.6562250509508238,1
727,3.4511335516739448,Participant4_FV_FuUp,Endomorph,Normal,upright,0.2882285991103405,0.1386773910996783,0.8373582949288519,-1.1395660936832428,9.855419792089284,0.6319576833172668,1
728,3.4558806404657934,Participant4_FV_FuUp,Endomorph,Normal,upright,0.2945007766557784,-0.1735987208352327,0.2357541096210825,-1.1914499700069427,7.355175401992602,0.6669526613275993,1
729,3.460627729257642,Participant4_FV_FuUp,Endomorph,Normal,upright,0.2940493940428378,-0.4953253735731404,0.5275058249863762,-1.1103377640247345,8.07841064507298,0.6420239214773155,1
730,3.4653748180494905,Participant4_FV_FuUp,Endomorph,Normal,upright,0.2966880378726719,-0.273643559124811,0.0952248066510479,-1.1816190779209137,7.645685855248099,0.6516625399322002,1
731,3.470121906841339,Participant4_FV_FuUp,Endomorph,Normal,upright,0.2983627495593183,-0.2998128493940147,0.4179639932164268,-1.1020021736621857,5.498078376044328,0.6629221598688569,1
732,3.474868995633188,Participant4_FV_FuUp,Endomorph,Normal,upright,0.2946907200069223,-0.6132029102401612,0.765576127693341,-1.1572355031967163,3.5219786416325656,0.6668218198940936,1
733,3.4796160844250363,Participant4_FV_FuUp,Endomorph,Normal,upright,0.2905603339146544,-0.6618034507837134,0.2760531568089988,-1.1093023121356964,4.885947057401206,0.6481772019558046,1
734,3.484363173216885,Participant4_FV_FuUp,Endomorph,Normal,upright,0.2882738618000559,-0.2909989807957054,0.7252152372445535,-1.0857688188552856,6.733450988463531,0.6425474308408043,1
735,3.489110262008733,Participant4_FV_FuUp,Endomorph,Normal,upright,0.2910030444117838,-0.2326342013055282,0.4878093585275156,-1.0966210067272186,7.178997654510172,0.6334923270781408,1
736,3.493857350800582,Participant4_FV_FuUp,Endomorph,Normal,upright,0.2823650545550623,-1.007933239854867,0.8908637382027822,-1.1310293972492218,5.737516376301532,0.6409613732193177,1
737,3.4986044395924307,Participant4_FV_FuUp,Endomorph,Normal,upright,0.289680829521886,-0.8571770740064923,0.3939636206810469,-1.153842717409134,5.008323263948095,0.6581131876062533,1
738,3.50335152838428,Participant4_FV_FuUp,Endomorph,Normal,upright,0.2832990936297926,-0.8098965606900593,0.3288689021891098,-1.171913206577301,5.671721663141186,0.6544079687939747,1
739,3.5080986171761284,Participant4_FV_FuUp,Endomorph,Normal,upright,0.2838261734429095,-0.9365341596284936,0.5746107319988077,-1.1375822722911837,6.618607538355142,0.6632630235288253,1
740,3.512845705967977,Participant4_FV_FuUp,Endomorph,Normal,upright,0.2885987325189529,-0.8805887930636552,0.1929434670266004,-1.2272745966911316,3.4677480037314123,0.6798354719730172,1
741,3.5175927947598256,Participant4_FV_FuUp,Endomorph,Normal,upright,0.2822070508873754,-0.5449230844028257,0.3808024619457449,-1.2089041471481323,5.500547922417949,0.6621242107072134,1
742,3.522339883551674,Participant4_FV_FuUp,Endomorph,Normal,upright,0.2813691903459682,-0.848897238187523,0.2997592198197821,-1.2103509604930878,3.592700407283889,0.6568636325199844,1
743,3.5270869723435228,Participant4_FV_FuUp,Endomorph,Normal,upright,0.2856963511804048,-0.7303855610304256,-1.1196195357086751,-1.2566972374916077,7.4296026563553825,0.6515542665185501,1
744,3.531834061135372,Participant4_FV_FuUp,Endomorph,Normal,upright,0.2847757089393773,-1.0248982768703208,-0.0826976059911008,-1.1408686339855194,3.1879962877004573,0.6523725996446401,1
745,3.53658114992722,Participant4_FV_FuUp,Endomorph,Normal,upright,0.2927160000689738,0.188040293979978,-0.4711879297986972,-1.1644649505615234,7.206102552686075,0.6498016245365682,1
746,3.5413282387190685,Participant4_FV_FuUp,Endomorph,Normal,upright,0.2897274238103977,-0.5428145733675094,-0.3768341423493957,-1.189029797911644,5.2536173732476,0.648275142569588,1
747,3.546075327510917,Participant4_FV_FuUp,Endomorph,Normal,upright,0.282337340491348,-0.3991279614832723,-0.5789476635641015,-1.1422497034072876,10.27050805079188,0.6608068045045662,1
748,3.5508224163027657,Participant4_FV_FuUp,Endomorph,Normal,upright,0.2881298852845941,-0.9474337372937376,-0.4434404356605142,-1.0953620374202728,7.40419060523235,0.6460375071736786,1
749,3.5555695050946143,Participant4_FV_FuUp,Endomorph,Normal,upright,0.2911971132614578,-0.585038043346161,-0.2091773122768914,-1.1475955545902252,5.416957988361852,0.6554976283135552,1
750,3.560316593886463,Participant4_FV_FuUp,Endomorph,Normal,upright,0.2883690624430102,-0.4912034948132533,-0.9943029474143132,-1.2104850709438324,5.152786594671697,0.6662041094839095,1
751,3.5650636826783115,Participant4_FV_FuUp,Endomorph,Normal,upright,0.2848799793788626,-0.7260401148306843,0.023275278892327,-1.1611804366111755,4.720035873072142,0.6542259888119296,1
752,3.56981077147016,Participant4_FV_FuUp,Endomorph,Normal,upright,0.2850768036902035,-0.2573867384923345,-0.132111783227373,-1.1899652034044266,4.070430115587032,0.6551662629395091,1
753,3.5745578602620087,Participant4_FV_FuUp,Endomorph,Normal,upright,0.2916461898146786,-0.5849154887184713,0.4386471232072944,-1.204390525817871,7.01191495556556,0.6499830923409846,1
754,3.5793049490538573,Participant4_FV_FuUp,Endomorph,Normal,upright,0.2815336730724141,-1.3423886657900477,0.7613418778136476,-1.201794058084488,4.7182372531434895,0.6468795865258857,1
755,3.584052037845706,Participant4_FV_FuUp,Endomorph,Normal,upright,0.2884342962661164,-0.5473917384872425,-0.3460860106798443,-1.185336709022522,6.798285795431481,0.6626195516256809,1
756,3.5887991266375545,Participant4_FV_FuUp,Endomorph,Normal,upright,0.2811428517858136,-0.9545479318857484,0.2151482012025073,-1.169882744550705,7.097886433702861,0.6568547978285381,1
757,3.593546215429403,Participant4_FV_FuUp,Endomorph,Normal,upright,0.2832333046183463,-1.085480788214147,0.4647983551815864,-1.1523326337337494,5.228153123069439,0.6552707470657876,1
758,3.598293304221252,Participant4_FV_FuUp,Endomorph,Normal,upright,0.2871875015936507,-0.7825048039400441,0.3509107182443739,-1.2280622720718384,7.458284142434945,0.6582720847643009,1
759,3.6030403930131,Participant4_FV_FuUp,Endomorph,Normal,upright,0.2833824796199009,-1.2196434713092512,0.7433382969516736,-1.1634103953838348,3.565955888083644,0.6607446651607932,1
760,3.607787481804949,Participant4_FV_FuUp,Endomorph,Normal,upright,0.2847413933509149,-0.7803102857748427,0.4102831004304509,-1.1582003831863403,6.190059674123796,0.672903296250943,1
761,3.612534570596798,Participant4_FV_FuUp,Endomorph,Normal,upright,0.2895055976573089,-0.7151965804453556,-0.3514783944851337,-1.14069601893425,5.825179050760789,0.6790956322640462,1
762,3.617281659388647,Participant4_FV_FuUp,Endomorph,Normal,upright,0.2882798838994471,-0.7298131897053236,0.1471071429202765,-1.1292770504951477,5.683597144029441,0.6785560860308654,1
763,3.622028748180495,Participant4_FV_FuUp,Endomorph,Normal,upright,0.2892117803336773,-0.9599525704457924,-0.4282525508932411,-1.158116728067398,6.38560656197627,0.6652674972870347,1
764,3.626775836972344,Participant4_FV_FuUp,Endomorph,Normal,upright,0.2960896348827502,-0.7797678355200878,-0.3371941936268608,-1.1626425087451937,6.770276286696953,0.6681419369861702,1
765,3.631522925764192,Participant4_FV_FuUp,Endomorph,Normal,upright,0.2885447691053728,-0.6200119027222837,-0.0016576845918885,-1.1112463176250458,5.475118776291604,0.663624696314131,1
766,3.636270014556041,Participant4_FV_FuUp,Endomorph,Normal,upright,0.2913888244029621,-0.3491603728404409,-0.3652244334754413,-1.257794439792633,6.537062668183334,0.6798631724425097,1
767,3.6410171033478895,Participant4_FV_FuUp,Endomorph,Normal,upright,0.2872491709696261,-1.0557456994973915,0.1267104400630209,-1.143424391746521,3.6605171133471046,0.674086591438002,1
768,3.645764192139738,Participant4_FV_FuUp,Endomorph,Normal,upright,0.287131622123654,-0.7102122402598392,0.4869038373120742,-1.2115671336650848,1.5060402996405913,0.6591976363846672,1
769,3.6505112809315863,Participant4_FV_FuUp,Endomorph,Normal,upright,0.2840647289120278,-0.9864461152994676,0.5057058007893828,-1.234320491552353,2.3476636598289584,0.668507231074079,1
770,3.6552583697234353,Participant4_FV_FuUp,Endomorph,Normal,upright,0.2834566815243085,-0.826065303831835,0.7389045798193971,-1.2469515800476074,2.9564362085170086,0.6618539726206396,1
771,3.660005458515284,Participant4_FV_FuUp,Endomorph,Normal,upright,0.2891986304170935,-1.0704906872899709,0.6791963956186599,-1.256975919008255,3.022382280448064,0.6756692517564248,1
772,3.664752547307133,Participant4_FV_FuUp,Endomorph,Normal,upright,0.2977599440740078,-1.0453177333892965,0.435325979208653,-1.2662737369537354,5.248148145736776,0.6683884680241462,1
773,3.669499636098981,Participant4_FV_FuUp,Endomorph,Normal,upright,0.2945028051670914,-0.3742705403009418,0.3881208531442889,-1.206066220998764,7.894663058297923,0.6633498633931075,1
774,3.6742467248908297,Participant4_FV_FuUp,Endomorph,Normal,upright,0.2946452661272195,-0.8930257803089493,0.5930541759071374,-1.241397351026535,4.642219942869842,0.6692362890759129,1
775,3.6789938136826783,Participant4_FV_FuUp,Endomorph,Normal,upright,0.2897222691788559,-0.1656319067425539,0.8144085446411414,-1.348805159330368,9.67750558036326,0.671094450072761,1
776,3.683740902474527,Participant4_FV_FuUp,Endomorph,Normal,upright,0.2933145459992712,-0.4603073199834811,0.8565934435004781,-1.2878477871418,5.682789998360265,0.6743348897435246,1
777,3.688487991266376,Participant4_FV_FuUp,Endomorph,Normal,upright,0.2951041361358987,-0.9067600756170195,0.3416390148988029,-1.0744679421186447,5.579903708237033,0.6676841548677381,1
778,3.693235080058224,Participant4_FV_FuUp,Endomorph,Normal,upright,0.2954042118502753,-0.9206687575476872,-0.1646188967543603,-1.037577658891678,6.616288410440088,0.6657257621119145,1
779,3.6979821688500727,Participant4_FV_FuUp,Endomorph,Normal,upright,0.2924842747758707,-0.497511089417357,0.6482144074241163,-1.214957982301712,4.835186929258342,0.6609911360913848,1
780,3.702729257641921,Participant4_FV_FuUp,Endomorph,Normal,upright,0.2964844740941977,-0.3064609628611909,0.1288402341600563,-1.1952444314956665,6.14639343717685,0.6764675286849121,1
781,3.70747634643377,Participant4_FV_FuUp,Endomorph,Normal,upright,0.2884614688109429,-0.6738079843415578,0.3797440864957808,-1.1237175464630127,6.122346972436726,0.6745419541519067,1
782,3.712223435225619,Participant4_FV_FuUp,Endomorph,Normal,upright,0.2986112065530248,-0.3669081648069394,0.6405978686135352,-1.177803099155426,3.971511365106135,0.6752177342541461,1
783,3.716970524017468,Participant4_FV_FuUp,Endomorph,Normal,upright,0.2908945509732547,-0.3434056472333567,0.7248466935260126,-1.220032274723053,5.469575051342484,0.6846825076878088,1
784,3.721717612809316,Participant4_FV_FuUp,Endomorph,Normal,upright,0.2990453623960345,-0.550824688352929,1.088984570942848,-1.2202966809272766,3.7266420960160422,0.6857826522118285,1
785,3.7264647016011647,Participant4_FV_FuUp,Endomorph,Normal,upright,0.2906615077696334,-0.7520347532207076,0.0298819651655946,-1.1290641725063324,5.07702294064416,0.6694966868175014,1
786,3.731211790393013,Participant4_FV_FuUp,Endomorph,Normal,upright,0.2948220745447223,-0.8168649403114154,0.4477459407409994,-1.1953917741775513,4.22394670183814,0.6798730027234918,1
787,3.735958879184862,Participant4_FV_FuUp,Endomorph,Normal,upright,0.2918864431872846,-0.4771387487178864,-0.4733347800588514,-1.2078823745250702,7.601775463678289,0.6671245750993585,1
788,3.7407059679767114,Participant4_FV_FuUp,Endomorph,Normal,upright,0.2884273515215291,-0.7653024449585577,-0.2314520581783476,-1.204199105501175,4.271676852314695,0.6709346245296558,1
789,3.745453056768559,Participant4_FV_FuUp,Endomorph,Normal,upright,0.2976265084382066,-1.4261759790621364,-0.1165483109040193,-1.1716090738773346,2.4780379356892137,0.6663539211010105,1
790,3.750200145560408,Participant4_FV_FuUp,Endomorph,Normal,upright,0.2878630883436354,-1.3017196423311748,0.1081442790906995,-1.147570103406906,2.733492378335754,0.6666374421421581,1
791,3.754947234352256,Participant4_FV_FuUp,Endomorph,Normal,upright,0.2828058314006507,-0.993338678675556,0.0866201329052101,-1.151929408311844,6.277696397019974,0.6713711466416954,1
792,3.759694323144105,Participant4_FV_FuUp,Endomorph,Normal,upright,0.2825152717244451,-1.5655868144786915,-0.1613768919031952,-1.1557883620262146,2.970273900584781,0.6679233970173318,1
793,3.7644414119359535,Participant4_FV_FuUp,Endomorph,Normal,upright,0.2861972847259101,-0.8676594930746787,-0.1242615884965546,-1.0821156799793243,6.142143261135335,0.6628333679205374,1
794,3.769188500727802,Participant4_FV_FuUp,Endomorph,Normal,upright,0.2823377292816076,-0.9661602554890016,-0.0977642053646696,-1.0687603652477264,4.510576217751524,0.6741679641369082,1
795,3.7739355895196502,Participant4_FV_FuUp,Endomorph,Normal,upright,0.2906163553959124,-1.4983869015334528,0.1567726175329732,-1.1619036495685575,3.686535865329817,0.6639007418871083,1
796,3.7786826783114993,Participant4_FV_FuUp,Endomorph,Normal,upright,0.2879642176735842,-1.4087996585191804,0.1127592607010272,-1.1173584759235382,1.8669073342207865,0.6693829987686334,1
797,3.783429767103348,Participant4_FV_FuUp,Endomorph,Normal,upright,0.2835454050088515,-1.2591005470312773,0.9490900647430868,-1.039580136537552,1.457294681938703,0.6793384200083691,1
798,3.788176855895197,Participant4_FV_FuUp,Endomorph,Normal,upright,0.2919714321934508,-0.989057464554404,-0.1423010817175756,-1.1797676980495453,6.340394916918549,0.6666249823751155,1
799,3.792923944687045,Participant4_FV_FuUp,Endomorph,Normal,upright,0.2870901295608947,-1.318223256828723,1.3258221436100657,-1.1900967061519625,1.6408934532319082,0.6820359457834607,1
800,3.7976710334788937,Participant4_FV_FuUp,Endomorph,Normal,upright,0.2868782112713531,-1.1005106103803135,0.8511218618813194,-1.2330083847045898,4.461194911672125,0.6820550418826419,1
801,3.8024181222707423,Participant4_FV_FuUp,Endomorph,Normal,upright,0.2935098678474919,-1.1247929260806289,0.1915787365923222,-1.193618327379227,2.689782017985366,0.6662576116766632,1
802,3.807165211062591,Participant4_FV_FuUp,Endomorph,Normal,upright,0.2942701394864368,-0.9498432063912836,0.4640327875061249,-1.2510920464992523,4.138860341814854,0.6602014900044567,1
803,3.81191229985444,Participant4_FV_FuUp,Endomorph,Normal,upright,0.2884671920298394,-1.0572368103870895,0.2836282843813475,-1.2593142688274384,4.072881736527183,0.6597298544304425,1
804,3.816659388646289,Participant4_FV_FuUp,Endomorph,Normal,upright,0.2944739740915884,-0.725839010296667,0.0369028515158038,-1.1873586773872375,4.2513831311444825,0.675585150323034,1
805,3.821406477438137,Participant4_FV_FuUp,Endomorph,Normal,upright,0.2802915841004967,-1.6539978556549504,-0.7722412738022914,-1.2552922666072843,5.355121884137369,0.6725747212810034,1
806,3.8261535662299857,Participant4_FV_FuUp,Endomorph,Normal,upright,0.2821708674475049,-1.70102714430019,0.5855814125127421,-1.2411451637744904,5.761124120555587,0.6631371818228045,1
807,3.8309006550218334,Participant4_FV_FuUp,Endomorph,Normal,upright,0.2933234086064668,-1.6049985495429395,0.7680175306197596,-1.12859645485878,6.220076040421012,0.6516858620564713,1
808,3.835647743813683,Participant4_FV_FuUp,Endomorph,Normal,upright,0.2921722503938808,-1.339931220452638,0.5475138354412558,-1.2151200771331787,6.690254981988851,0.6467479497398362,1
809,3.840394832605532,Participant4_FV_FuUp,Endomorph,Normal,upright,0.295755973817138,-1.0436224465757376,0.454710545374779,-1.16241055727005,4.519062384815314,0.6747723173118622,1
810,3.84514192139738,Participant4_FV_FuUp,Endomorph,Normal,upright,0.293939469125272,-2.160679146555088,-0.295512588885538,-1.1302468478679657,2.281960148065794,0.6647410179483786,1
811,3.8498890101892287,Participant4_FV_FuUp,Endomorph,Normal,upright,0.2965908977866831,-0.9720525364316396,-0.1669021610561935,-1.0729253590106964,5.50235598052478,0.6661783121513334,1
812,3.854636098981077,Participant4_FV_FuUp,Endomorph,Normal,upright,0.2975012308825063,-1.3271572415003092,-0.3222416180055316,-1.118371605873108,5.833180762188376,0.650370034720798,1
813,3.859383187772926,Participant4_FV_FuUp,Endomorph,Normal,upright,0.2920567110144088,-0.8874111133372891,-0.0240237250871385,-1.080775648355484,7.789068021212151,0.6860818612651413,1
814,3.8641302765647754,Participant4_FV_FuUp,Endomorph,Normal,upright,0.3004195008567898,-1.0520177125616068,0.2437189545395217,-1.0852695107460022,5.65641374649264,0.6813771385372346,1
815,3.868877365356623,Participant4_FV_FuUp,Endomorph,Normal,upright,0.2974920713088728,-1.568929642044045,0.0143036728350042,-1.1099023818969729,6.233671565495038,0.6781017483821948,1
816,3.873624454148472,Participant4_FV_FuUp,Endomorph,Normal,upright,0.2963402369872617,-1.584156092479836,0.3786288193843104,-1.1365076303482056,4.279181603699535,0.6835690284011031,1
817,3.87837154294032,Participant4_FV_FuUp,Endomorph,Normal,upright,0.2984968103919538,-0.9409389591319296,0.6203917846269141,-1.0286210179328918,3.3768323124844315,0.6950716667222357,1
818,3.883118631732169,Participant4_FV_FuUp,Endomorph,Normal,upright,0.2979874366001405,-2.044356006711804,-0.3396392787132074,-0.9107131361961364,2.4695237800865044,0.666902783136464,1
819,3.8878657205240175,Participant4_FV_FuUp,Endomorph,Normal,upright,0.2975240897916517,-1.53525896722084,0.0826722207586915,-0.9476770758628844,4.491652902525615,0.6784626000671234,1
820,3.892612809315866,Participant4_FV_FuUp,Endomorph,Normal,upright,0.2948303219516234,-0.4335274087911966,0.1438923273835532,-0.7961909174919128,8.673936129876573,0.6662818782326374,1
821,3.897359898107714,Participant4_FV_FuUp,Endomorph,Normal,upright,0.2953484414024731,-0.8260437962558008,0.2685946852560806,-0.9123391211032869,9.83721326433038,0.6776605581734159,1
822,3.9021069868995633,Participant4_FV_FuUp,Endomorph,Normal,upright,0.2986319088722379,-1.2397798156572752,0.2963202789069526,-0.900891214609146,6.566664955518649,0.6802265997994812,1
823,3.906854075691412,Participant4_FV_FuUp,Endomorph,Normal,upright,0.2923203300849599,-1.5429797616934078,-0.1422138677307681,-0.9890886843204498,7.523346394725742,0.6959337037642086,1
824,3.911601164483261,Participant4_FV_FuUp,Endomorph,Normal,upright,0.2908449609486389,-0.7332415136443848,0.097975254355931,-0.9515750408172609,7.407281325886898,0.6791470069950472,1
825,3.916348253275109,Participant4_FV_FuUp,Endomorph,Normal,upright,0.2894108515567647,-0.4470173794650443,0.6244820513992859,-0.9793901741504668,7.891414948821134,0.6756727103458813,1
826,3.921095342066958,Participant4_FV_FuUp,Endomorph,Normal,upright,0.2943487571566817,-1.1527361811161974,-0.5220535573053938,-0.9162093997001648,7.472234310095006,0.6719004729414255,1
827,3.925842430858807,Participant4_FV_FuUp,Endomorph,Normal,upright,0.2954535238555125,-1.9155244208039537,0.0867876665158245,-0.8490468263626099,4.740264678401874,0.6654465007830552,1
828,3.9305895196506553,Participant4_FV_FuUp,Endomorph,Normal,upright,0.2904316828261706,-1.90416181937127,0.8119308264491422,-0.9849830269813538,2.4656732316645504,0.682134091337731,1
829,3.935336608442504,Participant4_FV_FuUp,Endomorph,Normal,upright,0.2864865148036087,-1.6576610400786118,0.3309269199946486,-1.0122019350528717,7.218045176823944,0.6674005921629123,1
830,3.940083697234353,Participant4_FV_FuUp,Endomorph,Normal,upright,0.2875013344503372,-1.3326518007403103,0.3566897951147724,-0.9366438388824464,7.736080939135034,0.6713929318577934,1
831,3.944830786026201,Participant4_FV_FuUp,Endomorph,Normal,upright,0.2895591113915523,-0.1697362521715264,0.2078594147977826,-1.0400886535644531,9.390752401661096,0.6500783776354264,1
832,3.9495778748180497,Participant4_FV_FuUp,Endomorph,Normal,upright,0.2908684475297746,-0.3378243355989836,0.3992429555703337,-0.9889650642871856,11.190382163101786,0.6499572124472324,1
833,3.9543249636098974,Participant4_FV_FuUp,Endomorph,Normal,upright,0.283548895946033,-1.180539751264276,0.2651451263715472,-1.0556214451789856,7.327728849021519,0.6782244599067381,1
834,3.959072052401747,Participant4_FV_FuUp,Endomorph,Normal,upright,0.2806324390010462,-1.4280945316669245,-0.0263572026764247,-1.0404991507530212,6.909615107943152,0.6694170208278473,1
835,3.963819141193596,Participant4_FV_FuUp,Endomorph,Normal,upright,0.2861165201536668,-1.4357532228473189,-0.0324425093161987,-1.0811137557029724,7.954068439155292,0.6672314080613873,1
836,3.968566229985444,Participant4_FV_FuUp,Endomorph,Normal,upright,0.2874217278333962,-1.798833978799293,-0.3452882323709827,-1.100839465856552,7.524609799221682,0.672864623370955,1
837,3.9733133187772927,Participant4_FV_FuUp,Endomorph,Normal,upright,0.2872936919081039,-1.5592382339275686,0.1927579711586741,-1.1015387773513794,7.102495480731237,0.6809463589906505,1
838,3.978060407569141,Participant4_FV_FuUp,Endomorph,Normal,upright,0.2893545477680376,-1.037063332290694,0.563854370348064,-1.057133972644806,10.898716211916891,0.6428503490087725,1
839,3.98280749636099,Participant4_FV_FuUp,Endomorph,Normal,upright,0.290494331950536,-1.3224302028871202,0.3687402710919057,-1.0772660672664642,6.488742540925782,0.6630405401479567,1
840,3.9875545851528384,Participant4_FV_FuUp,Endomorph,Normal,upright,0.2907942357782259,-1.9179907144384691,0.0064611071420143,-1.0333059132099152,4.812065679971359,0.6675955029175696,1
841,3.992301673944687,Participant4_FV_FuUp,Endomorph,Normal,upright,0.2964955258902345,-1.491197955428889,0.4536218335981238,-0.890528678894043,3.0807300772975137,0.6788138703748042,1
842,3.997048762736536,Participant4_FV_FuUp,Endomorph,Normal,upright,0.2856674498751876,-1.6871274526438529,0.40398726664807,-1.085637480020523,6.614085000367207,0.6556907468356516,1
843,4.001795851528384,Participant4_FV_FuUp,Endomorph,Normal,upright,0.2908967384574233,-1.273610876364723,0.0788549376663887,-1.0619338750839231,9.912760487517104,0.6422653818891798,1
844,4.006542940320233,Participant4_FV_FuUp,Endomorph,Normal,upright,0.2760336883237723,-1.6474712062133587,-0.0884431217617565,-1.0926826000213623,9.021539290987231,0.6563099951047001,1
845,4.011290029112081,Participant4_FV_FuUp,Endomorph,Normal,upright,0.2824454421554196,-1.5524926158476002,-0.5725733231265691,-1.0437700152397156,7.026631841819201,0.670820848415166,1
846,4.01603711790393,Participant4_FV_FuUp,Endomorph,Normal,upright,0.2814492485256689,-1.542612271885457,-0.5116268841491038,-1.0798942744731903,8.589145188963956,0.6596397681196149,1
847,4.020784206695779,Participant4_FV_FuUp,Endomorph,Normal,upright,0.2876487772462544,-1.5900441311874225,-1.0226943917175713,-1.0672935843467712,8.587092912293388,0.6719670553909124,1
848,4.025531295487627,Participant4_FV_FuUp,Endomorph,Normal,upright,0.2846343622278025,-1.0846547208328596,0.2306433151776318,-1.13725483417511,8.593880215473723,0.6622057681314858,1
849,4.030278384279476,Participant4_FV_FuUp,Endomorph,Normal,upright,0.2828514953256975,-1.2126473224114842,-0.0243622519117496,-1.0238706916570663,9.49115529053189,0.6699299068863469,1
850,4.035025473071324,Participant4_FV_FuUp,Endomorph,Normal,upright,0.2760170867661629,-1.1162906903678051,-0.3218552937083039,-1.002135455608368,9.497376101011136,0.6640865810074029,1
851,4.039772561863173,Participant4_FV_FuUp,Endomorph,Normal,upright,0.2801144118963094,-1.4119686162148355,-0.5608298049804394,-1.041545793414116,8.063861953095836,0.6640348852405977,1
852,4.044519650655022,Participant4_FV_FuUp,Endomorph,Normal,upright,0.281047900812043,-1.1799421789707916,0.2367971351819328,-1.028026521205902,9.880734728312648,0.6757689166182946,1
853,4.04926673944687,Participant4_FV_FuUp,Endomorph,Normal,upright,0.2811127579470703,-1.4925387409205275,-0.0858336302194445,-1.019146740436554,8.355141027612234,0.6646250248838081,1
854,4.054013828238719,Participant4_FV_FuUp,Endomorph,Normal,upright,0.2822667884363846,-1.3997295207979297,-0.500013825383154,-0.9096708595752716,11.096308897782636,0.6580276036967785,1
855,4.058760917030567,Participant4_FV_FuUp,Endomorph,Normal,upright,0.2846977837433515,-1.2528573587577505,0.5016358877567338,-0.9002837985754013,13.067355740777932,0.6730565126213965,1
856,4.063508005822416,Participant4_FV_FuUp,Endomorph,Normal,upright,0.2851747068321509,-0.8253371765086992,0.1151177705427919,-0.9302084147930144,13.50714764240736,0.6620695531855871,1
857,4.068255094614265,Participant4_FV_FuUp,Endomorph,Normal,upright,0.2856773764154456,-1.4860621368318232,-0.1272997939654181,-0.8406667113304138,9.460880192404057,0.6674635028433521,1
858,4.073002183406113,Participant4_FV_FuUp,Endomorph,Normal,upright,0.2848601991059896,-0.8436863650107712,0.5131512678457345,-0.9983674883842468,10.661601381843182,0.6567104436870748,1
859,4.077749272197963,Participant4_FV_FuUp,Endomorph,Normal,upright,0.2862270204975679,-1.4961958130157833,0.7847029743121343,-1.073550045490265,11.982324801630496,0.653819552344373,1
860,4.082496360989811,Participant4_FV_FuUp,Endomorph,Normal,upright,0.2793448694754604,-0.440858022518111,-0.302358456029523,-1.0761365294456482,15.812543342699303,0.6297944354939369,1
861,4.08724344978166,Participant4_FV_FuUp,Endomorph,Normal,upright,0.2910773546663613,-0.5652621584141041,1.1355250218816615,-1.0703193247318268,11.79983662365277,0.635769134001061,1
862,4.0919905385735085,Participant4_FV_FuUp,Endomorph,Normal,upright,0.2930707469030328,-0.6794361813374977,0.6110290956417059,-1.0569814443588257,9.17173552861659,0.655352893951665,1
863,4.096737627365357,Participant4_FV_FuUp,Endomorph,Normal,upright,0.2872447672536264,-1.3563390274694729,0.0731650528416242,-1.088710516691208,7.002463477339807,0.6700947822613263,1
864,4.101484716157206,Participant4_FV_FuUp,Endomorph,Normal,upright,0.285577788216081,-0.90657432848878,0.2224727115362115,-0.9532388299703598,11.152460295618503,0.6438653879927739,1
865,4.106231804949054,Participant4_FV_FuUp,Endomorph,Normal,upright,0.2891944842695323,-0.6491168656156794,0.4065790540164816,-1.047069102525711,11.936558540020751,0.6454504395835847,1
866,4.110978893740903,Participant4_FV_FuUp,Endomorph,Normal,upright,0.2890205604071103,-0.7293085683805661,0.1540820818356184,-0.972655028104782,12.331748363857107,0.6471873886952102,1
867,4.115725982532752,Participant4_FV_FuUp,Endomorph,Normal,upright,0.2876031811670039,-0.9604006412723513,-0.801341037415812,-1.04444020986557,13.338421991838668,0.6571053400714739,1
868,4.1204730713246,Participant4_FV_FuUp,Endomorph,Normal,upright,0.3010095729725504,-1.8699429448788945,0.1998011465551334,-0.8734108209609985,4.099448189079766,0.6684073080164807,1
869,4.125220160116449,Participant4_FV_FuUp,Endomorph,Normal,upright,0.2917869526501141,-1.2813345195763364,0.0942543094341336,-0.9826906025409698,8.903538567351264,0.655560296756285,1
870,4.129967248908297,Participant4_FV_FuUp,Endomorph,Normal,upright,0.299487236910201,-1.7386454282760868,0.3022924673349033,-0.9479118585586548,2.8101813689698973,0.6747900528574257,1
871,4.134714337700146,Participant4_FV_FuUp,Endomorph,Normal,upright,0.2869033340500396,-1.1426520539095368,1.0376764289718767,-0.9388414621353148,4.136781872211097,0.655083478722778,1
872,4.139461426491994,Participant4_FV_FuUp,Endomorph,Normal,upright,0.288351905965951,-1.518232565311665,0.3583555869990515,-1.0149738788604736,6.226989182025998,0.6617327589544475,1
873,4.144208515283843,Participant4_FV_FuUp,Endomorph,Normal,upright,0.2909412475190718,-1.6900462433206678,0.6400514863829407,-1.0796684324741364,3.3841872864918656,0.6694554840824547,1
874,4.148955604075692,Participant4_FV_FuUp,Endomorph,Normal,upright,0.2896215893339541,-0.896992889800409,0.4021310498966643,-1.006346017122269,4.304794568797044,0.6760579911067485,1
875,4.15370269286754,Participant4_FV_FuUp,Endomorph,Normal,upright,0.2881951678065695,-1.3450130475589588,0.2171915787694195,-1.0316819697618484,10.036997138562183,0.6462169076756225,1
876,4.158449781659389,Participant4_FV_FuUp,Endomorph,Normal,upright,0.2877366073051005,-1.2544629918272363,0.5063938565261265,-1.0493349134922028,6.222550007978398,0.6641908148601381,1
877,4.163196870451237,Participant4_FV_FuUp,Endomorph,Normal,upright,0.2866489356093882,-1.2136249259648564,-0.2482417830897373,-1.0285782516002655,7.019158569533366,0.6586036196852729,1
878,4.167943959243086,Participant4_FV_FuUp,Endomorph,Normal,upright,0.2831590836161143,-1.2263708248863627,-0.0496139819050947,-1.0228140652179718,9.141199085111092,0.6614985553326035,1
879,4.172691048034935,Participant4_FV_FuUp,Endomorph,Normal,upright,0.2874612404493908,-1.344509296586088,0.2736128085279165,-0.9758881628513336,9.94251817472794,0.6632374241614032,1
880,4.177438136826783,Participant4_FV_FuUp,Endomorph,Normal,upright,0.2789886423797206,-1.215608565715417,0.4630634994642834,-0.9917050302028656,7.127874168034874,0.6629234615550517,1
881,4.182185225618632,Participant4_FV_FuUp,Endomorph,Normal,upright,0.2860866990503693,-1.2013184603735,0.3865641416636008,-1.0069000124931335,6.657094075471281,0.6514955140119579,1
882,4.18693231441048,Participant4_FV_FuUp,Endomorph,Normal,upright,0.2902658097153533,-1.8926739406863384,-0.110819596348912,-1.0043748915195465,6.407053858911946,0.6665149937524679,1
883,4.191679403202329,Participant4_FV_FuUp,Endomorph,Normal,upright,0.2958069104373544,-1.4312203851453995,-0.3451499790587024,-1.0324999392032623,7.706230645527326,0.6478785876725222,1
884,4.196426491994178,Participant4_FV_FuUp,Endomorph,Normal,upright,0.2848750442943121,-1.5439883517412178,-1.5572390557253966,-0.931604579091072,5.9464399227339655,0.6598174042985091,1
885,4.201173580786026,Participant4_FV_FuUp,Endomorph,Normal,upright,0.2851550091108968,-1.4008837764801567,-1.3781939173721716,-0.9979047179222108,6.227610480705975,0.6645315164349075,1
886,4.205920669577875,Participant4_FV_FuUp,Endomorph,Normal,upright,0.291388288197477,-2.0847600045699863,-1.066446138450601,-0.853532612323761,7.595299010821622,0.6542389190654673,1
887,4.210667758369723,Participant4_FV_FuUp,Endomorph,Normal,upright,0.2854750608596749,-1.7270516902347113,-1.6027273732700358,-0.892130434513092,7.4479051476962095,0.6728356065568111,1
888,4.215414847161572,Participant4_FV_FuUp,Endomorph,Normal,upright,0.2891756087182106,-1.5679224718331837,-1.398042599821819,-0.8635543584823608,7.462992443273753,0.6742392937347569,1
889,4.220161935953421,Participant4_FV_FuUp,Endomorph,Normal,upright,0.2834934301031324,-1.9153431793084967,-1.1933578263736029,-0.8605336546897888,5.817315148991335,0.6714480074780413,1
890,4.224909024745269,Participant4_FV_FuUp,Endomorph,Normal,upright,0.2920225863645164,-1.1675389796822335,-0.9886730529253862,-0.8620493113994598,7.524887305018945,0.6643101509218818,1
891,4.229656113537118,Participant4_FV_FuUp,Endomorph,Normal,upright,0.2940729965557331,-1.721969401002377,-0.3726383844537604,-0.8799432963132858,6.177609647902757,0.6447661224030066,1
892,4.234403202328966,Participant4_FV_FuUp,Endomorph,Normal,upright,0.2947001732709357,-1.5735295970536591,-0.2614438628963075,-0.8740250468254089,5.914826879223424,0.6461784888892654,1
893,4.239150291120815,Participant4_FV_FuUp,Endomorph,Normal,upright,0.2791802737799152,-1.241232040682549,-0.7148529460998213,-1.011050820350647,8.728314873521072,0.6608273677110899,1
894,4.243897379912664,Participant4_FV_FuUp,Endomorph,Normal,upright,0.2899596852207745,-2.182927236357672,-1.1403780828208478,-1.0308376252651217,8.616894571539504,0.6572604284363821,1
895,4.248644468704512,Participant4_FV_FuUp,Endomorph,Normal,upright,0.2812171013021259,-1.8486125670201277,-0.3062546761914032,-1.037768304347992,8.889542277763264,0.6490740787725111,1
896,4.253391557496361,Participant4_FV_FuUp,Endomorph,Normal,upright,0.28409240254197,-1.861296068527258,-0.715092094291273,-0.9988109320402144,8.851108810279781,0.6510498249168801,1
897,4.258138646288209,Participant4_FV_FuUp,Endomorph,Normal,upright,0.2920717509009591,-1.7067810756936364,-0.2848197436753883,-0.9751771688461304,6.769220553836531,0.6598056054622262,1
898,4.262885735080058,Participant4_FV_FuUp,Endomorph,Normal,upright,0.2917944179470572,-2.2179778655614397,-0.5821503464787394,-0.8477993458509445,7.987418223809631,0.6539294908748013,1
899,4.267632823871907,Participant4_FV_FuUp,Endomorph,Normal,upright,0.2808673749315107,-1.5252645034311008,-0.967576926517383,-0.9951840192079544,10.077978850483635,0.6564814686788495,1
900,4.272379912663755,Participant4_FV_FuUp,Endomorph,Normal,upright,0.2997590454623524,-1.499177726126825,-0.4782404662656612,-0.9329574704170228,5.932435736681398,0.6564220023856421,1
901,4.277127001455604,Participant4_FV_FuUp,Endomorph,Normal,upright,0.2954880081260798,-1.2840849247145136,-0.5325405074613716,-1.013518139719963,7.369952964450003,0.6582790299172986,1
902,4.281874090247452,Participant4_FV_FuUp,Endomorph,Normal,upright,0.2904503754567289,-1.6255907312283195,-0.8760695730508823,-0.9241428673267365,6.270352293852951,0.6612145350609405,1
903,4.286621179039302,Participant4_FV_FuUp,Endomorph,Normal,upright,0.2914397831139549,-1.6383044727515323,-1.188549762650865,-1.0103130638599396,5.523433693566701,0.6467447247953374,1
904,4.29136826783115,Participant4_FV_FuUp,Endomorph,Normal,upright,0.2887797735073317,-1.9888895495528012,-0.8677398446246042,-1.0057362914085388,7.062165661717573,0.6548031924523283,1
905,4.296115356622999,Participant4_FV_FuUp,Endomorph,Normal,upright,0.2856642994700058,-1.6634987041907197,-1.3722811087857076,-1.0564266592264175,9.69577413719196,0.6377797135259321,1
906,4.300862445414848,Participant4_FV_FuUp,Endomorph,Normal,upright,0.2858727936866637,-1.7713918908451465,-1.2699726379744094,-0.8310319483280182,7.705733102276377,0.6432417151296664,1
907,4.305609534206696,Participant4_FV_FuUp,Endomorph,Normal,upright,0.2874863133225283,-1.506629113421735,0.1951275110201999,-0.944867581129074,5.230967204392583,0.6620106518293097,1
908,4.310356622998545,Participant4_FV_FuUp,Endomorph,Normal,upright,0.2878474256535498,-2.079078334496661,0.0746902305422679,-0.9683506190776824,2.1881062422851256,0.6696412400672871,1
909,4.315103711790393,Participant4_FV_FuUp,Endomorph,Normal,upright,0.2902165106802091,-1.461812496925082,0.4143012997423808,-1.012181133031845,7.159907513459106,0.6497108648720599,1
910,4.319850800582242,Participant4_FV_FuUp,Endomorph,Normal,upright,0.2879482991129229,-1.774131530651758,-0.331426262829597,-0.9815446138381958,8.175834993630177,0.6670824821852909,1
911,4.324597889374091,Participant4_FV_FuUp,Endomorph,Normal,upright,0.2921900183679656,-1.898236650310715,-0.6566177813274385,-0.9004432260990143,8.4526710398684,0.6552361300636826,1
912,4.329344978165939,Participant4_FV_FuUp,Endomorph,Normal,upright,0.2868581885199823,-1.4561336429028358,-0.1327741605157585,-1.024056762456894,9.138625457323174,0.6619923441662822,1
913,4.334092066957788,Participant4_FV_FuUp,Endomorph,Normal,upright,0.2858100998765068,-1.4801803013967418,-0.7561598636372681,-1.0538131296634674,11.392479806247112,0.646468256087539,1
914,4.338839155749636,Participant4_FV_FuUp,Endomorph,Normal,upright,0.2948101597907169,-1.6986064186259446,-0.5015920871227529,-0.9384179264307022,5.749039314179354,0.6520290912740561,1
915,4.343586244541485,Participant4_FV_FuUp,Endomorph,Normal,upright,0.2893849686318502,-1.9693692684473427,-0.3488342225331076,-0.823022723197937,5.995526357209206,0.6483190407361992,1
916,4.348333333333334,Participant4_FV_FuUp,Endomorph,Normal,upright,0.2932751449946416,-1.6816416492856798,-0.603626592558004,-0.8883440941572189,4.468687358319938,0.6491603638423089,1
917,4.353080422125182,Participant4_FV_FuUp,Endomorph,Normal,upright,0.2935247199982265,-1.3539651891039908,-1.3089007768103669,-0.8047203719615936,6.696703799151733,0.6418668425264746,1
918,4.357827510917031,Participant4_FV_FuUp,Endomorph,Normal,upright,0.2861842963876799,-1.9706204645098468,-0.9378811686883712,-0.9400965422391891,2.876562959397442,0.6559000294582493,1
919,4.362574599708879,Participant4_FV_FuUp,Endomorph,Normal,upright,0.2901613834239221,-1.2169738109347996,-1.2945459428873236,-1.075472712516785,7.95799284800996,0.652208637164997,1
920,4.367321688500728,Participant4_FV_FuUp,Endomorph,Normal,upright,0.2829758194298589,-1.2583049539991582,-0.8106850725202782,-1.0917376577854156,9.18979683700054,0.6504864218913814,1
921,4.372068777292577,Participant4_FV_FuUp,Endomorph,Normal,upright,0.2789773076148045,-1.4417678657280837,-0.5814250635192839,-1.066707193851471,7.193931668239797,0.6606866239518114,1
922,4.376815866084425,Participant4_FV_FuUp,Endomorph,Normal,upright,0.2879567262578384,-1.362745802768032,-1.6183517546926005,-0.9855240881443024,8.523090972661182,0.6548271644821949,1
923,4.381562954876274,Participant4_FV_FuUp,Endomorph,Normal,upright,0.2901579840169169,-1.42991021914658,-1.01603597287417,-0.9058262556791306,6.793407910794495,0.654801814073862,1
924,4.386310043668122,Participant4_FV_FuUp,Endomorph,Normal,upright,0.2986379177530407,-1.5817666571431046,-1.00330626625157,-0.9985377490520476,7.838311746752747,0.6488755485090566,1
925,4.391057132459971,Participant4_FV_FuUp,Endomorph,Normal,upright,0.2971250250762629,-1.5170008949837237,-1.574851774906037,-0.9974526464939116,5.954086410949365,0.6495940824109367,1
926,4.39580422125182,Participant4_FV_FuUp,Endomorph,Normal,upright,0.2994389727067399,-1.517041029692189,-1.7589934532658058,-0.9158007800579072,9.486953988509578,0.6445134614984561,1
927,4.400551310043668,Participant4_FV_FuUp,Endomorph,Normal,upright,0.299822975249681,-1.4920922491787736,-1.1072947715850647,-1.032057911157608,7.07797496370313,0.6539210943757124,1
928,4.405298398835517,Participant4_FV_FuUp,Endomorph,Normal,upright,0.2880640004087149,-1.44864566742172,-1.328621841528594,-0.9925656318664552,6.722175107543334,0.668138904441679,1
929,4.410045487627365,Participant4_FV_FuUp,Endomorph,Normal,upright,0.28406133473836,-1.1945717665874258,-1.1823675124789983,-1.0069263577461245,8.08967099840906,0.6601320830074925,1
930,4.414792576419214,Participant4_FV_FuUp,Endomorph,Normal,upright,0.2868934619244342,-1.2334750875031522,-1.5401132851616577,-1.0768951773643494,4.87626182000716,0.647244946379726,1
931,4.419539665211063,Participant4_FV_FuUp,Endomorph,Normal,upright,0.2827062598360859,-2.0163978159003,-1.4013878509440942,-1.0611161291599274,4.4025427519053135,0.6544133045243249,1
932,4.424286754002911,Participant4_FV_FuUp,Endomorph,Normal,upright,0.2842501199322191,-2.3477369321228663,-0.8863521503985665,-0.9998077899217606,3.2400963835119385,0.6554895636422248,1
933,4.42903384279476,Participant4_FV_FuUp,Endomorph,Normal,upright,0.2856851673924005,-1.4345246653092485,-1.218920859512347,-1.0182930827140808,8.361196613900455,0.6593862588353061,1
934,4.433780931586608,Participant4_FV_FuUp,Endomorph,Normal,upright,0.3002212249836156,-2.180289515970524,-1.3615576544122587,-0.8537035286426544,6.559691171586867,0.6620252861797348,1
935,4.438528020378457,Participant4_FV_FuUp,Endomorph,Normal,upright,0.2876306288710233,-1.2845603232517844,-1.5041944493121704,-0.9657591432332993,12.439752566521562,0.6571101903244473,1
936,4.4432751091703055,Participant4_FV_FuUp,Endomorph,Normal,upright,0.3024301306856496,-1.2932496787023733,-1.7438403399700588,-0.9093566685914992,9.136431103045226,0.6524449151678365,1
937,4.448022197962154,Participant4_FV_FuUp,Endomorph,Normal,upright,0.2955302435476998,-1.56005757231057,-1.5378790367318818,-0.9494214951992036,8.645151525571364,0.6619508545733724,1
938,4.452769286754003,Participant4_FV_FuUp,Endomorph,Normal,upright,0.2933006801955506,-1.479169027095582,-1.331917733493705,-1.0577604472637177,8.066009738030065,0.6596329942174561,1
939,4.457516375545851,Participant4_FV_FuUp,Endomorph,Normal,upright,0.2875048348519013,-1.7882643584048186,-1.3073407266691657,-0.9874007105827332,6.5510415669156,0.6617567649355174,1
940,4.4622634643377,Participant4_FV_FuUp,Endomorph,Normal,upright,0.2817089895082521,-1.352704713848848,-1.282763719844627,-0.9170409739017488,2.880284835693871,0.6625577989916124,1
941,4.4670105531295485,Participant4_FV_FuUp,Endomorph,Normal,upright,0.2864251841894092,-0.9557148167020816,-0.6288137932726493,-0.9514092803001404,8.625155767233535,0.6628747055049621,1
942,4.471757641921397,Participant4_FV_FuUp,Endomorph,Normal,upright,0.2823325957607446,-1.5871347829067697,-1.0706026840982357,-0.8624431043863297,7.0777567189701385,0.6638157426110212,1
943,4.476504730713246,Participant4_FV_FuUp,Endomorph,Normal,upright,0.2883607880068168,-1.8467628370922349,-1.4027221153516012,-0.910801723599434,7.543322458619931,0.6631665223362352,1
944,4.481251819505094,Participant4_FV_FuUp,Endomorph,Normal,upright,0.2830585136070688,-1.812073315175597,-1.3627479773606734,-0.8102659583091736,5.635849374584316,0.6671019470461591,1
945,4.485998908296943,Participant4_FV_FuUp,Endomorph,Normal,upright,0.2855315791845406,-1.4535877457563326,-0.9398541443146362,-0.8313429951667786,4.6599816660989735,0.6587153569807841,1
946,4.490745997088792,Participant4_FV_FuUp,Endomorph,Normal,upright,0.2893267374034978,-1.9429806085932884,-1.269581079960614,-0.9947973489761353,4.690411124774361,0.6558057842331373,1
947,4.495493085880641,Participant4_FV_FuUp,Endomorph,Normal,upright,0.2899298931151489,-1.1166766214990629,-1.4029400346043532,-0.8534989804029465,7.240668274163021,0.6532411824425939,1
948,4.50024017467249,Participant4_FV_FuUp,Endomorph,Normal,upright,0.2806932297772372,-1.316218375606204,-1.6726305554949794,-0.9138979613780976,7.723547694491824,0.6555769772286613,1
949,4.504987263464338,Participant4_FV_FuUp,Endomorph,Normal,upright,0.2883814951563942,-1.8075667701485527,-1.6187498227475612,-0.8409773409366608,3.543570512494635,0.6687362373641074,1
950,4.509734352256187,Participant4_FV_FuUp,Endomorph,Normal,upright,0.2806247454334716,-1.735323252279386,-1.193402040883103,-0.8755639046430588,6.507807557943516,0.6564419208198187,1
951,4.514481441048035,Participant4_FV_FuUp,Endomorph,Normal,upright,0.2904483321031695,-2.0230155863304384,-1.2274820014179677,-0.8291021138429642,5.316539332592794,0.657320288043498,1
952,4.519228529839884,Participant4_FV_FuUp,Endomorph,Normal,upright,0.286448290954342,-1.7787208138855588,-1.4075697001741043,-0.9458764642477036,5.493694388669253,0.6484326969474368,1
953,4.523975618631733,Participant4_FV_FuUp,Endomorph,Normal,upright,0.2856096652665692,-1.2654847167760073,-1.0305842871143955,-0.947605922818184,4.732454489743876,0.6600721804786441,1
954,4.528722707423581,Participant4_FV_FuUp,Endomorph,Normal,upright,0.2851215123887108,-0.4799087224622596,-0.1422071325002075,-1.0124504268169403,8.336977616024116,0.6564354195436001,1
955,4.53346979621543,Participant4_FV_FuUp,Endomorph,Normal,upright,0.2889762010503823,-1.41174365872163,-0.847732434182459,-0.9065414667129515,4.561663067056271,0.6607536473064829,1
956,4.538216885007278,Participant4_FV_FuUp,Endomorph,Normal,upright,0.2789387361118926,-2.184681484693347,-0.9775291139868668,-1.0418645143508911,9.28304005103329,0.6378605196876672,1
957,4.542963973799127,Participant4_FV_FuUp,Endomorph,Normal,upright,0.2888657848641509,-1.5724926772276009,-0.9064413338309862,-1.047659307718277,12.718380674038317,0.6284635675021334,1
958,4.547711062590976,Participant4_FV_FuUp,Endomorph,Normal,upright,0.2891834346350809,-1.3628466277699038,-0.7610606798683515,-1.0572245717048645,11.394419586523355,0.6338603934574865,1
959,4.552458151382824,Participant4_FV_FuUp,Endomorph,Normal,upright,0.2897286664878845,-1.340146056883338,-0.8464579909792844,-1.0197838246822355,9.185102370649778,0.6341666737120788,1
960,4.557205240174673,Participant4_FV_FuUp,Endomorph,Normal,upright,0.2892014304738727,-1.462103412238959,-0.5936499831461983,-1.0451281368732452,11.43226302580641,0.6313491840452146,1
961,4.561952328966521,Participant4_FV_FuUp,Endomorph,Normal,upright,0.2940382030023072,-2.3126528186720288,-0.6059127715565619,-0.945076048374176,8.129096315007773,0.6459008707241937,1
962,4.56669941775837,Participant4_FV_FuUp,Endomorph,Normal,upright,0.302326388758003,-1.90729673206388,-0.2645231235072256,-1.0141466856002808,9.399429309336009,0.6298391367452942,1
963,4.571446506550219,Participant4_FV_FuUp,Endomorph,Normal,upright,0.3028809390600599,-1.851705608306657,-0.8457969804964655,-0.9915242791175842,8.580716904305017,0.6294868974144714,1
964,4.576193595342067,Participant4_FV_FuUp,Endomorph,Normal,upright,0.2984028743899961,-2.2888255559061625,-0.4230199202567076,-1.0153014063835144,6.722863108872628,0.6464707636530826,1
965,4.580940684133916,Participant4_FV_FuUp,Endomorph,Normal,upright,0.2871296398006057,-1.2707965777368364,-0.0225454301293128,-1.0804862082004547,10.077799876859215,0.6327947205132203,1
966,4.585687772925764,Participant4_FV_FuUp,Endomorph,Normal,upright,0.2919024889550732,-1.6605190188452346,-0.6137909167615253,-1.0267923772335052,9.62344888533241,0.6321207938019862,1
967,4.590434861717613,Participant4_FV_FuUp,Endomorph,Normal,upright,0.2860450672442818,-1.9502948175194577,-0.9154766849216206,-1.0951596796512604,10.402881159755712,0.631446867090752,1
968,4.5951819505094615,Participant4_FV_FuUp,Endomorph,Normal,upright,0.2869282836907396,-1.2045074106718483,-0.7529492065358192,-1.033109962940216,9.351106164387703,0.630772940379518,1
969,4.59992903930131,Participant4_FV_FuUp,Endomorph,Normal,upright,0.2828676651086326,-1.3074555633099092,-0.6339760075677154,-1.0436097383499146,8.902000954616849,0.6300990136682839,1
970,4.604676128093159,Participant4_FV_FuUp,Endomorph,Normal,upright,0.2850096263306611,-1.5910430460884448,-0.4812642145595947,-1.1071077585220337,4.84730985657676,0.6520122181013946,1
971,4.609423216885007,Participant4_FV_FuUp,Endomorph,Normal,upright,0.2826476819655899,-1.5925493484572342,-0.9120451975854272,-1.1085892021656036,6.030218507511492,0.6645276493736147,1
972,4.614170305676856,Participant4_FV_FuUp,Endomorph,Normal,upright,0.2788985473184818,-1.6648230910857524,-0.6309079484309962,-1.075874149799347,7.803284221874391,0.656844896967594,1
973,4.6189173944687045,Participant4_FV_FuUp,Endomorph,Normal,upright,0.2807602498394431,-1.651627120575148,-0.7343395016592245,-1.0360842049121857,7.598375414467882,0.6535381508883125,1
974,4.623664483260553,Participant4_FV_FuUp,Endomorph,Normal,upright,0.2865625306283184,-1.8808185028027669,-1.28131236394998,-1.0385940074920654,6.662840068582617,0.6558665091448659,1
975,4.628411572052402,Participant4_FV_FuUp,Endomorph,Normal,upright,0.2836619849046766,-2.026286508812378,-1.1334224151393666,-1.0124994814395905,5.104616719892405,0.6583128934583543,1
976,4.63315866084425,Participant4_FV_FuUp,Endomorph,Normal,upright,0.2872733025546514,-1.633724854330863,-1.4546222560628437,-1.0525042116641998,8.365537777497,0.6420531385034262,1
977,4.637905749636099,Participant4_FV_FuUp,Endomorph,Normal,upright,0.283757105668708,-1.6753503359889603,-0.5988972717415274,-1.044625997543335,8.162508565604526,0.6318421460433603,1
978,4.642652838427948,Participant4_FV_FuUp,Endomorph,Normal,upright,0.2738816136522051,-1.4053393171315098,-0.675689702125109,-1.0715042352676392,6.797443110297272,0.6350838788589351,1
979,4.647399927219796,Participant4_FV_FuUp,Endomorph,Normal,upright,0.280472578913383,-1.8456591562452576,-1.4274903726887012,-1.0285215973854065,8.540390653128357,0.6394710745496367,1
980,4.652147016011645,Participant4_FV_FuUp,Endomorph,Normal,upright,0.2866948309744613,-1.821275952579584,-0.7527481653213977,-0.9967987537384032,6.4701714387502784,0.6475267434233019,1
981,4.656894104803493,Participant4_FV_FuUp,Endomorph,Normal,upright,0.2826236443716844,-1.947460089466909,0.834417116200544,-1.0892934799194336,2.9366362972028197,0.655127520690609,1
982,4.661641193595342,Participant4_FV_FuUp,Endomorph,Normal,upright,0.2785526123914696,-1.468934956279262,0.3394957825225965,-1.0383433401584623,8.18450154956739,0.6511115665464801,1
983,4.666388282387191,Participant4_FV_FuUp,Endomorph,Normal,upright,0.2833064022860391,-2.063400908029893,0.1696017846362112,-1.025393694639206,3.439381074361623,0.6790657578331388,1
984,4.671135371179039,Participant4_FV_FuUp,Endomorph,Normal,upright,0.2849538059229533,-1.525219178920931,0.8174022284494923,-0.9888778626918792,4.661086200069877,0.6405008243402548,1
985,4.675882459970888,Participant4_FV_FuUp,Endomorph,Normal,upright,0.2891732223258529,-2.2169761857978463,0.5877826685299281,-0.9623383283615112,3.443621375008604,0.6574219914558728,1
986,4.680629548762736,Participant4_FV_FuUp,Endomorph,Normal,upright,0.289937748371733,-1.7830678523074657,0.3286474506017239,-1.026206761598587,4.371090533503923,0.6533845541226032,1
987,4.685376637554585,Participant4_FV_FuUp,Endomorph,Normal,upright,0.2888141630279979,-2.429921329232174,0.6876702480760689,-1.0116391479969025,5.385641641950213,0.649593862550219,1
988,4.6901237263464335,Participant4_FV_FuUp,Endomorph,Normal,upright,0.2902740910646242,-1.485655805521376,0.924792943945341,-1.0818698704242706,10.198720890170025,0.6425849492699632,1
989,4.694870815138282,Participant4_FV_FuUp,Endomorph,Normal,upright,0.2881662967091829,-1.6789687341919453,0.0073547048165112,-1.095118522644043,7.570544517769512,0.6488040791902102,1
990,4.699617903930131,Participant4_FV_FuUp,Endomorph,Normal,upright,0.2871165400335548,-1.7267740146686943,0.286115445410505,-0.8466374576091766,6.429690693068501,0.659861076209999,1
991,4.70436499272198,Participant4_FV_FuUp,Endomorph,Normal,upright,0.2815145455624848,-1.8527325861049693,-0.3350082322915431,-1.016595423221588,4.134662917507698,0.679173278681225,1
992,4.709112081513829,Participant4_FV_FuUp,Endomorph,Normal,upright,0.2868569344183835,-1.503253367933533,1.0716868125639514,-0.9459165036678314,2.650947546709105,0.6820915021098273,1
993,4.713859170305677,Participant4_FV_FuUp,Endomorph,Normal,upright,0.2872053494737415,-2.2553670968280035,0.148137668862977,-0.98423969745636,4.766221977925499,0.6681713951872458,1
994,4.718606259097526,Participant4_FV_FuUp,Endomorph,Normal,upright,0.2872488569613746,-1.7337825355920264,-0.0592503228411308,-0.9760722517967224,4.044605896400209,0.6748184607893439,1
995,4.723353347889375,Participant4_FV_FuUp,Endomorph,Normal,upright,0.2871539547214078,-1.8778790732158317,-0.2160489095402711,-1.0191352367401123,6.189930888817148,0.6538697234469082,1
996,4.728100436681223,Participant4_FV_FuUp,Endomorph,Normal,upright,0.282320770105591,-2.03015943635099,-1.0284787942217617,-0.9341152012348176,5.4274980458377895,0.6652127917179678,1
997,4.732847525473072,Participant4_FV_FuUp,Endomorph,Normal,upright,0.28670958071872,-1.2020776386415564,-0.4820587750795005,-0.9167662858963012,9.042376929032455,0.6481804107835774,1
998,4.73759461426492,Participant4_FV_FuUp,Endomorph,Normal,upright,0.2773568286265424,-1.396087553165268,-1.3423471176161716,-0.9196684062480928,4.833280519667851,0.6638930042199188,1
999,4.742341703056769,Participant4_FV_FuUp,Endomorph,Normal,upright,0.2842665295904556,-1.440755074820705,-1.1973285192556262,-1.0118804574012756,3.810601760883432,0.6575950606208503,1
1000,4.7470887918486175,Participant4_FV_FuUp,Endomorph,Normal,upright,0.2872013714388034,-1.4477510328802154,-0.0135750520139294,-0.8706477880477905,5.833180129064371,0.6524198418292759,1
1001,4.751835880640466,Participant4_FV_FuUp,Endomorph,Normal,upright,0.2895614713971547,-1.313673716850715,-0.3186506942591264,-0.995361179113388,2.6782628132121498,0.672354926233622,1
1002,4.756582969432315,Participant4_FV_FuUp,Endomorph,Normal,upright,0.2802151893481062,-1.2562156675282827,-0.0527022722432216,-0.9352889358997344,5.8399899804414135,0.6609669169285521,1
1003,4.761330058224163,Participant4_FV_FuUp,Endomorph,Normal,upright,0.2932299682424661,-1.373025844530138,-0.8653038248345012,-0.9764308035373688,7.432627901974779,0.6457711585064111,1
1004,4.766077147016012,Participant4_FV_FuUp,Endomorph,Normal,upright,0.2920631751434792,-1.3201922781384552,-0.8352055155113607,-1.0094650983810425,6.660730815684703,0.648525607452192,1
1005,4.7708242358078605,Participant4_FV_FuUp,Endomorph,Normal,upright,0.2841355350807952,-0.7973812612646687,-0.3700677874159178,-0.954095184803009,5.506646645718258,0.6742125680638494,1
1006,4.775571324599709,Participant4_FV_FuUp,Endomorph,Normal,upright,0.2943601887509247,-0.860258888583856,0.1097482021028654,-0.897087961435318,3.68700975595506,0.6720565181070168,1
1007,4.780318413391558,Participant4_FV_FuUp,Endomorph,Normal,upright,0.2977625614977187,-1.8094039648879636,-0.2384064752099959,-0.8981121778488159,1.9451971633301983,0.6619355538617994,1
1008,4.785065502183406,Participant4_FV_FuUp,Endomorph,Normal,upright,0.294232951787797,-1.739547045562666,-0.2935816273095785,-0.847909688949585,2.4011486258139505,0.6623883837536693,1
1009,4.789812590975255,Participant4_FV_FuUp,Endomorph,Normal,upright,0.2936380576720383,-2.332408534938223,-0.7002326547873148,-0.8963908851146698,1.8352864191397744,0.6762541222589249,1
1010,4.794559679767104,Participant4_FV_FuUp,Endomorph,Normal,upright,0.2894320453044224,-1.9817505318472868,-0.0893469981535295,-1.0424341261386871,2.9383146912867697,0.6831342558267098,1
1011,4.799306768558952,Participant4_FV_FuUp,Endomorph,Normal,upright,0.2913368284012768,-2.053782997367318,-0.2383059805921061,-1.0129002034664154,4.195832687077016,0.6725663783585144,1
1012,4.804053857350801,Participant4_FV_FuUp,Endomorph,Normal,upright,0.2924110377704381,-1.1024672546917578,-0.0843872783291423,-0.9927940964698792,5.529881636555,0.6660399457917405,1
1013,4.808800946142649,Participant4_FV_FuUp,Endomorph,Normal,upright,0.2985394156956771,-1.7018519628090685,-0.0679773238550706,-0.9690455198287964,4.541795111596054,0.6683371051610949,1
1014,4.813548034934498,Participant4_FV_FuUp,Endomorph,Normal,upright,0.2911977637567813,-1.5918258536012535,0.0916699283286817,-0.918365091085434,4.082471294189104,0.6659925570743844,1
1015,4.8182951237263465,Participant4_FV_FuUp,Endomorph,Normal,upright,0.2940776105935206,-0.4911859978004574,-0.0456358323996625,-1.0410438179969788,7.7541920561929105,0.6612565616052518,1
1016,4.823042212518195,Participant4_FV_FuUp,Endomorph,Normal,upright,0.288754883834909,-1.091624659836825,0.0797456613734085,-1.014492750167847,3.911096841719465,0.6773913570256705,1
1017,4.827789301310044,Participant4_FV_FuUp,Endomorph,Normal,upright,0.2922748801754112,-1.111734772919006,-0.8378795550359911,-0.991536110639572,8.328694562286863,0.6565746703344818,1
1018,4.832536390101892,Participant4_FV_FuUp,Endomorph,Normal,upright,0.2920528965143444,-1.267854156420183,0.3137815891037159,-0.9337955713272096,3.4734878749982605,0.6779649355196911,1
1019,4.837283478893741,Participant4_FV_FuUp,Endomorph,Normal,upright,0.2920133144846727,-2.211667249667043,-0.7907215208084698,-0.9110302925109864,1.8105500163026829,0.6724087337408474,1
1020,4.8420305676855895,Participant4_FV_FuUp,Endomorph,Normal,upright,0.2988135257550847,-1.5242964188492445,-0.7963559819544583,-0.7794745564460754,2.6811493039001157,0.6840399539146472,1
1021,4.846777656477438,Participant4_FV_FuUp,Endomorph,Normal,upright,0.2964645537820767,-1.8324726555478856,-0.3922338257457348,-0.806188315153122,1.9362725206765,0.6817569083819462,1
1022,4.851524745269287,Participant4_FV_FuUp,Endomorph,Normal,upright,0.2924601437893812,-1.9609895641580173,0.0202474319288486,-0.8329020738601685,2.147386624734059,0.6814924463892629,1
1023,4.856271834061135,Participant4_FV_FuUp,Endomorph,Normal,upright,0.2956807280486416,-2.003720687179211,0.5708259959090031,-0.9356343150138856,0.9430820796212136,0.6800979458198168,1
1024,4.861018922852984,Participant4_FV_FuUp,Endomorph,Normal,upright,0.2953743612630543,-2.533936613984942,-0.3227695577931293,-0.9565497636795044,0.1392129231548196,0.6650380298638233,1
1025,4.8657660116448325,Participant4_FV_FuUp,Endomorph,Normal,upright,0.2928845412194014,-2.123742916829777,0.296279801305657,-0.8569647371768951,4.111309760054056,0.6796037061713243,1
1026,4.870513100436681,Participant4_FV_FuUp,Endomorph,Normal,upright,0.2963740967598877,-1.7279296901306904,0.403691724114938,-0.9873948395252228,4.049647464815789,0.6703945634258788,1
1027,4.87526018922853,Participant4_FV_FuUp,Endomorph,Normal,upright,0.2929946564640031,-1.884496191231596,0.9690439869388184,-0.7818274199962616,3.369594848240629,0.6668796078598378,1
1028,4.880007278020378,Participant4_FV_FuUp,Endomorph,Normal,upright,0.2931895248205909,-2.202393045232892,0.4570743777733217,-0.9551242738962172,0.2782953083617314,0.6744478056224231,1
1029,4.884754366812227,Participant4_FV_FuUp,Endomorph,Normal,upright,0.2951677708872953,-2.2683132470008665,-0.6507111933893824,-0.8874915987253189,-1.247083448961888,0.6703370068799306,1
1030,4.889501455604076,Participant4_FV_FuUp,Endomorph,Normal,upright,0.2950270970851359,-2.0708154078574847,-0.3278721705024693,-0.9408240616321564,2.4532995549890675,0.6707351237347606,1
1031,4.894248544395924,Participant4_FV_FuUp,Endomorph,Normal,upright,0.2930892509011155,-2.005201612583379,-1.1508902382408106,-1.0224291682243347,2.2644216485257425,0.6688810716635119,1
1032,4.898995633187773,Participant4_FV_FuUp,Endomorph,Normal,upright,0.2948646603113876,-1.8418105490748005,-0.6448216339799321,-0.9670240581035614,0.6488014426960215,0.6614625316885071,1
1033,4.903742721979621,Participant4_FV_FuUp,Endomorph,Normal,upright,0.2945769300446951,-2.029394140742971,-0.6888522536451135,-0.9472518265247344,1.598944729607756,0.6809065971261803,1
1034,4.90848981077147,Participant4_FV_FuUp,Endomorph,Normal,upright,0.2950079413258225,-2.1671475915630145,-0.9125010617333792,-0.7823937833309174,1.324693543041339,0.6656518049134346,1
1035,4.913236899563319,Participant4_FV_FuUp,Endomorph,Normal,upright,0.2960004091376911,-2.2419477328080357,-0.1731414652724608,-1.0622565746307373,2.235572729943137,0.6801968955909695,1
1036,4.917983988355168,Participant4_FV_FuUp,Endomorph,Normal,upright,0.2909336527096174,-2.157519114848744,-0.6367239163324531,-1.0762007534503937,3.1464519168449354,0.6622785140002097,1
1037,4.9227310771470165,Participant4_FV_FuUp,Endomorph,Normal,upright,0.2962647087446589,-1.866357732399535,-0.3306422309273985,-0.9756579399108888,2.4315780909421427,0.6640265535164048,1
1038,4.927478165938865,Participant4_FV_FuUp,Endomorph,Normal,upright,0.2866278091237609,-1.5861297714377005,-0.2013363875222327,-1.0842280685901642,7.063680344201015,0.6662410366222697,1
1039,4.932225254730714,Participant4_FV_FuUp,Endomorph,Normal,upright,0.2859354564297284,-1.6961805937691157,-0.4334204402958077,-0.9730397164821624,2.963022633725854,0.6713906833068067,1
1040,4.936972343522562,Participant4_FV_FuUp,Endomorph,Normal,upright,0.2904215483919758,-2.4909539975761894,-0.3247932418634248,-0.9779581129550934,-0.7801798331663706,0.679838740160822,1
1041,4.941719432314411,Participant4_FV_FuUp,Endomorph,Normal,upright,0.2878518674723862,-2.326469529947894,-1.1624463633144213,-1.0455378592014313,3.266496182938544,0.6686981732397267,1
1042,4.94646652110626,Participant4_FV_FuUp,Endomorph,Normal,upright,0.2977358608790999,-2.009498683052854,0.3710227737212059,-1.0254819095134735,1.82238457689834,0.6701285582051484,1
1043,4.951213609898108,Participant4_FV_FuUp,Endomorph,Normal,upright,0.2903506246603823,-2.094305026035821,0.4001936843825568,-0.989613711833954,1.5028071398076548,0.6744744244072851,1
1044,4.955960698689957,Participant4_FV_FuUp,Endomorph,Normal,upright,0.2941566246016548,-1.6641543464984734,-0.1846096925837926,-0.9136668145656586,8.450773157904276,0.6653513713188961,1
1045,4.960707787481805,Participant4_FV_FuUp,Endomorph,Normal,upright,0.2885054241208625,-2.0374400020637107,-0.9893158622410704,-1.0361434817314148,7.549044541327725,0.6717457659795575,1
1046,4.965454876273654,Participant4_FV_FuUp,Endomorph,Normal,upright,0.2878087931800128,-1.1908210371378964,-0.2881044899952034,-1.0096627175807953,6.553667451555753,0.6713543604267728,1
1047,4.970201965065503,Participant4_FV_FuUp,Endomorph,Normal,upright,0.2910961993576575,-0.9063283427842864,-0.2293511676911472,-0.8867506980895996,7.67814318591439,0.6578393153241797,1
1048,4.974949053857351,Participant4_FV_FuUp,Endomorph,Normal,upright,0.2926242754168155,-1.442065128411438,-0.0395179087394753,-0.9437732100486756,3.848593759716655,0.6591578139029415,1
1049,4.9796961426492,Participant4_FV_FuUp,Endomorph,Normal,upright,0.2978399520559865,-0.9814926037063676,0.2979656137957119,-1.044833928346634,7.909772634717521,0.6525652003114479,1
1050,4.984443231441048,Participant4_FV_FuUp,Endomorph,Normal,upright,0.2936412522200959,-1.2284197570122637,-0.0235979956419834,-0.8966443538665771,3.3879968426583607,0.6682774893274548,1
1051,4.989190320232897,Participant4_FV_FuUp,Endomorph,Normal,upright,0.2888047303673903,-1.2633625363665446,0.0255182794787554,-0.946713000535965,5.815349735650878,0.665165589387695,1
1052,4.9939374090247455,Participant4_FV_FuUp,Endomorph,Normal,upright,0.2848461591288371,-1.277992100671708,0.3324777111221144,-1.0469215512275696,5.035268165824213,0.6746588692463581,1
1053,4.998684497816594,Participant4_FV_FuUp,Endomorph,Normal,upright,0.2890884923941005,-1.1341304168849762,0.4289736256634952,-0.9640205502510072,6.493578603474518,0.6814310932720098,1
1054,5.003431586608443,Participant4_FV_FuUp,Endomorph,Normal,upright,0.2887371061823138,-1.2160556376790013,-0.1116296989838387,-1.0162827968597412,6.949730005250928,0.6540800053594963,1
1055,5.008178675400291,Participant4_FV_FuUp,Endomorph,Normal,upright,0.2823552292965258,-1.3432220474136882,-0.0631135584826013,-1.0480356514453888,6.785933343733712,0.6691235779398983,1
1056,5.01292576419214,Participant4_FV_FuUp,Endomorph,Normal,upright,0.2916665163675473,-1.0787592196618,-0.5193005704125868,-1.061105489730835,5.441177598873533,0.6662137535487163,1
1057,5.0176728529839885,Participant4_FV_FuUp,Endomorph,Normal,upright,0.2921186240898344,-1.859859346876278,-1.7151574527582776,-1.040894240140915,6.993341258125058,0.6695102038567659,1
1058,5.022419941775837,Participant4_FV_FuUp,Endomorph,Normal,upright,0.2860665771059244,-1.9036620454190365,-1.046588118316312,-0.9882223308086396,7.807098588890947,0.6540673847803529,1
1059,5.027167030567686,Participant4_FV_FuUp,Endomorph,Normal,upright,0.2793082725569566,-2.274507983881405,-1.1495374127453062,-1.0896469056606293,5.943496094070117,0.657502132585206,1
1060,5.031914119359534,Participant4_FV_FuUp,Endomorph,Normal,upright,0.2865322871406825,-1.6082602915409043,-1.2524867071743004,-1.01929172873497,6.98339631646845,0.6587405828721481,1
1061,5.036661208151383,Participant4_FV_FuUp,Endomorph,Normal,upright,0.2880466826353819,-1.6739460346287136,-1.1697303465866675,-0.8655001223087311,7.728913718577837,0.6439658177752478,1
1062,5.041408296943232,Participant4_FV_FuUp,Endomorph,Normal,upright,0.2915878088626847,-1.4687208151700202,-1.086973985999035,-0.8369335830211639,10.01337525494431,0.64311848811304,1
1063,5.04615538573508,Participant4_FV_FuUp,Endomorph,Normal,upright,0.2777817171222551,-1.2467696568404212,-0.1061707610520299,-0.9993844926357268,11.249196159319755,0.6606183898506998,1
1064,5.050902474526929,Participant4_FV_FuUp,Endomorph,Normal,upright,0.2812146020589992,-1.5949815155329268,-0.0816123018071809,-0.8924082815647125,10.790845494569256,0.6574157980542478,1
1065,5.055649563318777,Participant4_FV_FuUp,Endomorph,Normal,upright,0.2857252246287846,-1.2033681140363188,-0.4641867279800789,-0.8930921256542206,9.095483378806456,0.6629760650813132,1
1066,5.060396652110626,Participant4_FV_FuUp,Endomorph,Normal,upright,0.2822315484038251,-1.559039369898349,-0.3963366728242783,-0.760013684630394,10.642399131907728,0.6715317726310792,1
1067,5.065143740902474,Participant4_FV_FuUp,Endomorph,Normal,upright,0.2766188939539514,-1.1479803617922038,-0.0998220243704966,-0.9831528663635254,11.374836426500272,0.663012424124974,1
1068,5.069890829694323,Participant4_FV_FuUp,Endomorph,Normal,upright,0.2816074553729957,-1.5074464415743325,-0.2822866164335291,-1.0643475651741028,11.602059164229155,0.6433468460014689,1
1069,5.074637918486172,Participant4_FV_FuUp,Endomorph,Normal,upright,0.2827892131700359,-0.9767741353219788,-0.4004088528128342,-0.9688544571399688,10.901899951436848,0.6525808841506141,1
1070,5.07938500727802,Participant4_FV_FuUp,Endomorph,Normal,upright,0.2849382001923923,-0.542276293892245,0.2717244757819822,-1.0646410882472992,10.615015574224016,0.6695816896519915,1
1071,5.084132096069869,Participant4_FV_FuUp,Endomorph,Normal,upright,0.2822392969811785,-0.971472342863554,-0.1179110822863012,-1.079442173242569,8.489440285904392,0.6709248700474054,1
1072,5.088879184861717,Participant4_FV_FuUp,Endomorph,Normal,upright,0.2915783475836431,-1.2724358448361015,-0.6092398080431719,-0.8799540251493454,7.903533679989278,0.6663042058562219,1
1073,5.093626273653566,Participant4_FV_FuUp,Endomorph,Normal,upright,0.2844960897148511,-0.992833777946186,-0.2951323679170197,-1.0210200548171997,10.216412947534035,0.6627240325838203,1
1074,5.098373362445415,Participant4_FV_FuUp,Endomorph,Normal,upright,0.2807524802028472,-1.5111323054487953,-1.0029118445951408,-0.923969030380249,8.931194085212113,0.6645971702264755,1
1075,5.103120451237263,Participant4_FV_FuUp,Endomorph,Normal,upright,0.2844545911003739,-1.2736423851936804,-0.4134906490362944,-1.0810285806655884,6.218401263853512,0.6649732170322525,1
1076,5.107867540029112,Participant4_FV_FuUp,Endomorph,Normal,upright,0.2834730622029377,-1.5596094537287204,-0.1609519709735668,-0.8043543994426727,5.966401704532452,0.6668209953718979,1
1077,5.11261462882096,Participant4_FV_FuUp,Endomorph,Normal,upright,0.2866811674781439,-1.4955650976315558,-1.6154602640161893,-0.9737065881490709,9.478562256259735,0.662522222990801,1
1078,5.117361717612809,Participant4_FV_FuUp,Endomorph,Normal,upright,0.2833984416850582,-1.542609349426152,-1.35188334270496,-0.9742797911167144,12.451004095643013,0.6592756893039368,1
1079,5.1221088064046585,Participant4_FV_FuUp,Endomorph,Normal,upright,0.2835301496409162,-1.4499160270526388,-1.1920708136857283,-1.004217892885208,10.498602693494714,0.6636338713401547,1
1080,5.126855895196507,Participant4_FV_FuUp,Endomorph,Normal,upright,0.2858407921921874,-0.8421259626271926,-0.8965578137921115,-1.0801332294940948,11.327107065491326,0.6516331045743973,1
1081,5.131602983988356,Participant4_FV_FuUp,Endomorph,Normal,upright,0.2886005029974246,-1.1807724874100636,-0.6746011539422597,-1.0406833589076996,7.483910146342269,0.6547544359820302,1
1082,5.136350072780204,Participant4_FV_FuUp,Endomorph,Normal,upright,0.2822297886669664,-0.7159010904514382,-0.3103038018959697,-1.0391995310783386,8.305895275552066,0.6593550446048487,1
1083,5.141097161572053,Participant4_FV_FuUp,Endomorph,Normal,upright,0.2895867408518731,-1.5288737042193017,0.3997157529245599,-0.911308079957962,8.041849457271756,0.6611716390569401,1
1084,5.1458442503639015,Participant4_FV_FuUp,Endomorph,Normal,upright,0.287330734957412,-1.5219320632083253,0.4043556606068398,-0.9408247917890548,7.458152103267696,0.6687490029676078,1
1085,5.15059133915575,Participant4_FV_FuUp,Endomorph,Normal,upright,0.2873272249210616,-1.2381743814752495,0.552092759264091,-0.953748732805252,6.110652827569045,0.6689577719933205,1
1086,5.155338427947599,Participant4_FV_FuUp,Endomorph,Normal,upright,0.289508408131518,-1.4117518283942738,0.2172887726007836,-0.8992189317941666,6.332134101108328,0.6670738541402541,1
1087,5.160085516739447,Participant4_FV_FuUp,Endomorph,Normal,upright,0.2980582876983995,-1.025892430630798,-0.0226577076504093,-0.9815768599510192,7.35095305688312,0.6587714924632208,1
1088,5.164832605531296,Participant4_FV_FuUp,Endomorph,Normal,upright,0.287770901661318,-1.529941517927094,0.1186935244665463,-0.8962621241807938,5.333156528845029,0.6732030140149271,1
1089,5.1695796943231445,Participant4_FV_FuUp,Endomorph,Normal,upright,0.2933232590897565,-1.4503672536409484,-0.2561780045329315,-0.9554820954799652,4.701673552651397,0.6689991272445999,1
1090,5.174326783114993,Participant4_FV_FuUp,Endomorph,Normal,upright,0.2846962073247222,-1.9883267410381984,-0.0164343436255341,-0.8100897520780563,4.55935956442273,0.6692660716940043,1
1091,5.179073871906842,Participant4_FV_FuUp,Endomorph,Normal,upright,0.2914192685758494,-1.2856771804615217,-0.0844300170627139,-0.9197801053524016,5.568747365349746,0.665768086115422,1
1092,5.18382096069869,Participant4_FV_FuUp,Endomorph,Normal,upright,0.2918851321935867,-1.167774581724208,-0.0809611103280569,-0.9818964898586272,6.359799281404418,0.6603594756468456,1
1093,5.188568049490539,Participant4_FV_FuUp,Endomorph,Normal,upright,0.292524808171227,-0.8391178767148955,-0.1659972100440483,-0.934369832277298,8.53200528004896,0.6631345821034168,1
1094,5.1933151382823874,Participant4_FV_FuUp,Endomorph,Normal,upright,0.2916089267681635,-0.7739907882130035,0.0294092206559497,-0.9652007818222046,8.449398819243598,0.6634874132789249,1
1095,5.198062227074236,Participant4_FV_FuUp,Endomorph,Normal,upright,0.2875328096992436,-1.4858511264877206,-0.22357063169713,-0.9648506045341492,6.807008539602214,0.6608093829568453,1
1096,5.202809315866085,Participant4_FV_FuUp,Endomorph,Normal,upright,0.297742721434087,-2.049979054349322,-0.6137546127537681,-0.9540142714977264,4.834576937542044,0.6633646654664014,1
1097,5.207556404657933,Participant4_FV_FuUp,Endomorph,Normal,upright,0.2938983577351774,-0.9949576238293012,-0.0987984868810992,-0.9432416260242462,7.85035460141476,0.6686861201228156,1
1098,5.212303493449782,Participant4_FV_FuUp,Endomorph,Normal,upright,0.2941076950833933,-1.2237530966614094,-0.0154285345746218,-1.0256949663162231,8.195812811020238,0.6614425534970656,1
1099,5.21705058224163,Participant4_FV_FuUp,Endomorph,Normal,upright,0.2912629303703328,-1.0126129815169782,-0.1862072086819142,-1.0345680713653564,8.861200667690055,0.6528934929294968,1
1100,5.221797671033479,Participant4_FV_FuUp,Endomorph,Normal,upright,0.2918209366639514,-1.821787799546081,-0.8737446893406402,-1.0247211754322052,8.78734321081595,0.6356604991854322,1
1101,5.226544759825328,Participant4_FV_FuUp,Endomorph,Normal,upright,0.2803009718496795,-1.749291003303906,-0.3561551239286203,-0.9766890406608582,5.026847098698514,0.6774192180298669,1
1102,5.231291848617176,Participant4_FV_FuUp,Endomorph,Normal,upright,0.2903481888573385,-1.4772151934701268,-0.252916650856186,-0.9750574231147766,7.643131666146422,0.6638716830963353,1
1103,5.236038937409025,Participant4_FV_FuUp,Endomorph,Normal,upright,0.296149204719607,-1.318959370634716,-0.5261649928022114,-0.9996728897094728,7.279904626932024,0.6521795122772878,1
1104,5.240786026200873,Participant4_FV_FuUp,Endomorph,Normal,upright,0.2956647013851411,-1.308873393061693,-0.0782266578757196,-1.053263008594513,3.6626172150532192,0.6492585596914269,1
1105,5.245533114992722,Participant4_FV_FuUp,Endomorph,Normal,upright,0.28903110055309,-1.4417745965237962,-0.8367482663586384,-1.052393078804016,6.191240181449212,0.6386170094342706,1
1106,5.250280203784571,Participant4_FV_FuUp,Endomorph,Normal,upright,0.2962479264782413,-1.5425442888103162,0.2495434915073572,-1.0414074659347534,4.63659371067186,0.638822105523172,1
1107,5.255027292576419,Participant4_FV_FuUp,Endomorph,Normal,upright,0.2933858010720429,-1.657362239346101,0.4453778024951198,-0.989256590604782,3.4850428498165096,0.657678274354179,1
1108,5.259774381368268,Participant4_FV_FuUp,Endomorph,Normal,upright,0.2945032503075759,-1.653248548358079,-0.1031835079976247,-0.9420982599258424,5.128802233377013,0.6597130175388479,1
1109,5.264521470160116,Participant4_FV_FuUp,Endomorph,Normal,upright,0.2941674010874987,-1.5674905647596988,-0.1237520985625923,-0.8432214707136154,5.401405265451377,0.6501294714342175,1
1110,5.269268558951965,Participant4_FV_FuUp,Endomorph,Normal,upright,0.2890576609049362,-1.4055743063714548,-0.0436695992110832,-1.0015955865383148,5.399136266555138,0.672335358611151,1
1111,5.274015647743814,Participant4_FV_FuUp,Endomorph,Normal,upright,0.2901471355337239,-1.7422872447419326,-0.0228821634397256,-0.9560099244117736,2.3314906329256275,0.666967460697167,1
1112,5.278762736535662,Participant4_FV_FuUp,Endomorph,Normal,upright,0.286207355340048,-1.555831764209389,0.0075123703371329,-0.9731100797653198,5.596030497754381,0.6581152066874845,1
1113,5.283509825327511,Participant4_FV_FuUp,Endomorph,Normal,upright,0.2840353662860267,-1.3669624725209395,-0.697690991788,-1.060326725244522,8.358896152480431,0.6760890517510078,1
1114,5.288256914119359,Participant4_FV_FuUp,Endomorph,Normal,upright,0.2895736521859327,-1.1503670911315542,-0.6516379716899584,-0.9906409382820128,10.608459204597306,0.6686436226872059,1
1115,5.293004002911208,Participant4_FV_FuUp,Endomorph,Normal,upright,0.2839249372828974,-1.2764954505709614,-0.9597580767162802,-1.024186670780182,9.642048026242689,0.6737561062855708,1
1116,5.297751091703057,Participant4_FV_FuUp,Endomorph,Normal,upright,0.2840503194385579,-1.16155041925706,-0.9213158010205584,-1.0273464024066925,11.222064579647547,0.6581697791080352,1
1117,5.302498180494905,Participant4_FV_FuUp,Endomorph,Normal,upright,0.2812772076777434,-1.3497069898600118,-0.7369401800505195,-1.0284871757030487,9.478475167336658,0.6683486132132544,1
1118,5.307245269286754,Participant4_FV_FuUp,Endomorph,Normal,upright,0.2813355182929368,-1.1986211726824834,-0.7202532495425309,-1.0198915600776672,10.774472924822298,0.659198699276699,1
1119,5.311992358078602,Participant4_FV_FuUp,Endomorph,Normal,upright,0.2823334386293881,-1.0780624949891164,-0.9336473177066232,-1.0630975663661957,11.890030038253537,0.6601498710636201,1
1120,5.316739446870451,Participant4_FV_FuUp,Endomorph,Normal,upright,0.2792807623868773,-1.4806435059695129,-0.509074677130342,-1.0431187450885773,8.82739890234674,0.6716310852760462,1
1121,5.3214865356623,Participant4_FV_FuUp,Endomorph,Normal,upright,0.2890556115607244,-1.895310595250823,-0.207490122238295,-1.114041954278946,6.56382709525411,0.6547425074866873,1
1122,5.326233624454148,Participant4_FV_FuUp,Endomorph,Normal,upright,0.2842186632225383,-1.2653649660139,-0.6237427977227689,-1.0822403728961945,9.214137799623726,0.6694627973988155,1
1123,5.330980713245998,Participant4_FV_FuUp,Endomorph,Normal,upright,0.2943371481085969,-1.1477606269129852,-1.3727734380943393,-1.0491508543491364,9.907677002208052,0.6324337043312629,1
1124,5.335727802037846,Participant4_FV_FuUp,Endomorph,Normal,upright,0.2879971157368813,-1.4057046571244771,0.0319685551001993,-0.982787698507309,8.604545673452828,0.6456751260820016,1
1125,5.340474890829695,Participant4_FV_FuUp,Endomorph,Normal,upright,0.2935428719795248,-1.603243881984584,-0.1612847100891647,-0.9297919869422911,6.067271502878998,0.6503516039615617,1
1126,5.345221979621543,Participant4_FV_FuUp,Endomorph,Normal,upright,0.2946957351097261,-1.0466482854688113,-0.117643706488112,-1.0815828144550323,9.078494665912103,0.6608169531526432,1
1127,5.349969068413392,Participant4_FV_FuUp,Endomorph,Normal,upright,0.2903818272179126,-1.040526889951802,0.514179422691461,-0.9340178668498992,7.866754337173727,0.6565640819473184,1
1128,5.354716157205241,Participant4_FV_FuUp,Endomorph,Normal,upright,0.2910577747450954,-0.5293516726359657,0.4854819043517448,-1.0493114590644836,11.591477739053412,0.6339688265059241,1
1129,5.359463245997089,Participant4_FV_FuUp,Endomorph,Normal,upright,0.2869459997220743,-1.0930426343375972,0.515005942833838,-1.0689875483512878,12.094400621133474,0.6532751829665953,1
1130,5.364210334788938,Participant4_FV_FuUp,Endomorph,Normal,upright,0.2890250789620537,-1.596415211178967,0.046321433190635,-1.0276053845882416,13.128067742108591,0.6428995133910983,1
1131,5.368957423580786,Participant4_FV_FuUp,Endomorph,Normal,upright,0.2866900906799685,-2.086188939973817,0.6155291602895476,-1.074440211057663,3.955137562585732,0.665661880107182,1
1132,5.373704512372635,Participant4_FV_FuUp,Endomorph,Normal,upright,0.29231514292282,-0.8767586907421366,0.3740289471424249,-1.1087943017482758,9.565846751972964,0.653625481280375,1
1133,5.378451601164484,Participant4_FV_FuUp,Endomorph,Normal,upright,0.2854389086040182,-0.7910685258347507,0.3628502761460944,-1.0532786548137665,6.044265604967814,0.6755472268762377,1
1134,5.383198689956332,Participant4_FV_FuUp,Endomorph,Normal,upright,0.2945043284576972,-1.8032806370513963,0.0602755961967385,-0.8763900101184845,5.508281658914756,0.6685447107222801,1
1135,5.387945778748181,Participant4_FV_FuUp,Endomorph,Normal,upright,0.2921241390135277,-1.4469546102122883,0.3542666159050446,-0.981172740459442,8.314275844755887,0.6603417334532701,1
1136,5.392692867540029,Participant4_FV_FuUp,Endomorph,Normal,upright,0.2899000482790681,-1.751242758961019,0.3711070118687938,-0.9961179196834564,7.419008362930729,0.666296136734503,1
1137,5.397439956331878,Participant4_FV_FuUp,Endomorph,Normal,upright,0.2867589646389483,-0.7529612578977843,0.1016929816082338,-1.0457536280155182,6.849350981322317,0.6705733818567464,1
1138,5.402187045123727,Participant4_FV_FuUp,Endomorph,Normal,upright,0.2838652345027795,-0.9818593181183703,0.3094757631799752,-1.053914040327072,6.365069637090168,0.6679671681665009,1
1139,5.406934133915575,Participant4_FV_FuUp,Endomorph,Normal,upright,0.2950169190287714,-1.4631102960562945,0.9389397175897698,-1.032635122537613,7.493485316778536,0.6704453070857916,1
1140,5.411681222707424,Participant4_FV_FuUp,Endomorph,Normal,upright,0.2919557169986597,-1.2383743690250488,0.6598899082884252,-0.9870864152908324,7.462414654841546,0.6661855887817814,1
1141,5.416428311499272,Participant4_FV_FuUp,Endomorph,Normal,upright,0.2858013810892249,-0.8044478557333385,0.2028349127180159,-1.113331139087677,6.945196841275065,0.6604363980743362,1
1142,5.421175400291121,Participant4_FV_FuUp,Endomorph,Normal,upright,0.2903548248218451,-1.678636941953518,0.5434733561582776,-1.0720184445381165,5.132388227646346,0.6690822740060165,1
1143,5.42592248908297,Participant4_FV_FuUp,Endomorph,Normal,upright,0.2891292782695083,-1.3049906502093258,-0.3165496419984053,-1.035026788711548,7.074305326422369,0.658342706520778,1
1144,5.430669577874818,Participant4_FV_FuUp,Endomorph,Normal,upright,0.2853922711853956,-1.9325734111434911,-0.1813336492772391,-1.0508331954479218,5.132423169550593,0.6791598547262329,1
