frame_idx,timestamp,subject_id,somatotype,bmi_category,label,h2s_ratio,shoulder_tilt_deg,head_roll_deg,forward_head_z,neck_flexion_deg,shoulder_width_norm,is_valid
0,0.0,Participant3_FV_FuSl,Endomorph,Normal,slouch,1.0,0.0,0.0,-0.1067806581063218,45.1603729001429,0.2904122948943385,0
1,0.0047465823152995,Participant3_FV_FuSl,Endomorph,Normal,slouch,1.0,0.0,0.0,-0.1067806581063218,45.1603729001429,0.2904122948943385,1
2,0.0094931646305991,Participant3_FV_FuSl,Endomorph,Normal,slouch,1.0,0.0,0.0,-0.1116180723903464,44.96071093568638,0.2956431355531132,1
3,0.0142397469458987,Participant3_FV_FuSl,Endomorph,Normal,slouch,1.0,0.0,0.0,-0.1141883340941307,45.04748778184153,0.302603613500859,1
4,0.0189863292611983,Participant3_FV_FuSl,Endomorph,Normal,slouch,1.0,0.0,0.0,-0.1639704594053681,45.07714751489985,0.2848960636139455,1
5,0.0237329115764979,Participant3_FV_FuSl,Endomorph,Normal,slouch,1.0,0.0,0.0,-0.1551257084971996,44.19082549082581,0.2938570093736795,1
6,0.0284794938917975,Participant3_FV_FuSl,Endomorph,Normal,slouch,1.0,0.0,0.0,-0.1262805789875383,45.04715631087039,0.2942949880062526,1
7,0.0332260762070971,Participant3_FV_FuSl,Endomorph,Normal,slouch,1.0,0.0,0.0,-0.1116952722640937,45.53458997213824,0.2871187833230755,1
8,0.0379726585223967,Participant3_FV_FuSl,Endomorph,Normal,slouch,1.0,0.0,0.0,-0.1808564350049883,45.071573230509166,0.2949608563757809,1
9,0.0427192408376963,Participant3_FV_FuSl,Endomorph,Normal,slouch,1.0,0.0,0.0,-0.1638139659015008,44.68381633372042,0.3016146346869236,1
10,0.0474658231529959,Participant3_FV_FuSl,Endomorph,Normal,slouch,1.0,0.0,0.0,-0.1593875532893364,45.519867239056815,0.3041868421437469,1
11,0.0522124054682955,Participant3_FV_FuSl,Endomorph,Normal,slouch,1.0,0.0,0.0,-0.1445563575017189,44.85311753911744,0.3057567665846551,1
12,0.0569589877835951,Participant3_FV_FuSl,Endomorph,Normal,slouch,1.0,0.0,0.0,-0.1482122788119964,46.15105264660852,0.307199775388843,1
13,0.0617055700988947,Participant3_FV_FuSl,Endomorph,Normal,slouch,1.0,0.0,0.0,-0.1511488434014424,45.70458313673683,0.2994990831886142,1
14,0.0664521524141943,Participant3_FV_FuSl,Endomorph,Normal,slouch,1.0,0.0,0.0,-0.1360079266511548,45.5330040847191,0.3071755256548716,1
15,0.0711987347294939,Participant3_FV_FuSl,Endomorph,Normal,slouch,1.0,0.0,0.0,-0.1498060269029936,45.191522613646775,0.3028374246416491,1
16,0.0759453170447934,Participant3_FV_FuSl,Endomorph,Normal,slouch,1.0,0.0,0.0,-0.188246640247681,45.53330318117908,0.3053117170367966,1
17,0.080691899360093,Participant3_FV_FuSl,Endomorph,Normal,slouch,1.0,0.0,0.0,-0.2094300832977794,44.52940536349232,0.3060926131968901,1
18,0.0854384816753926,Participant3_FV_FuSl,Endomorph,Normal,slouch,1.0,0.0,0.0,-0.1338976060602993,45.66387771975538,0.2928173572306156,1
19,0.0901850639906922,Participant3_FV_FuSl,Endomorph,Normal,slouch,1.0,0.0,0.0,-0.1296732711471365,45.4952107832103,0.2975559530848118,1
20,0.0949316463059918,Participant3_FV_FuSl,Endomorph,Normal,slouch,1.0,0.0,0.0,-0.1565181891782813,45.20364394314221,0.3023615997756662,1
21,0.0996782286212914,Participant3_FV_FuSl,Endomorph,Normal,slouch,1.0,0.0,0.0,-0.1707892974950086,46.12528110054565,0.3039176028942708,1
22,0.104424810936591,Participant3_FV_FuSl,Endomorph,Normal,slouch,1.0,0.0,0.0,-0.1543897387057358,46.06955510666561,0.2954698904287621,1
23,0.1091713932518906,Participant3_FV_FuSl,Endomorph,Normal,slouch,1.0,0.0,0.0,-0.1469638016831089,46.51573042462398,0.2876436368139062,1
24,0.1139179755671902,Participant3_FV_FuSl,Endomorph,Normal,slouch,1.0,0.0,0.0,-0.1453021159764361,46.41081368089516,0.2892710645244706,1
25,0.1186645578824898,Participant3_FV_FuSl,Endomorph,Normal,slouch,1.0,0.0,0.0,-0.1676563246872882,46.508251764909865,0.2948258536851728,1
26,0.1234111401977894,Participant3_FV_FuSl,Endomorph,Normal,slouch,1.0,0.0,0.0,-0.1285704173239323,47.33248537817244,0.2921460249324131,1
27,0.128157722513089,Participant3_FV_FuSl,Endomorph,Normal,slouch,1.0,0.0,0.0,-0.1338830944819166,46.56178542982383,0.296160718056688,1
28,0.1329043048283886,Participant3_FV_FuSl,Endomorph,Normal,slouch,1.0,0.0,0.0,-0.1458186801624545,46.924014503861656,0.2986985866244663,1
29,0.1376508871436882,Participant3_FV_FuSl,Endomorph,Normal,slouch,1.0,0.0,0.0,-0.1838533365204274,46.50106509179448,0.2961066427518563,1
30,0.1423974694589878,Participant3_FV_FuSl,Endomorph,Normal,slouch,1.0,0.0,0.0,-0.1727692684507531,46.76392318490614,0.2957616959313044,1
31,0.1471440517742873,Participant3_FV_FuSl,Endomorph,Normal,slouch,1.0,0.0,0.0,-0.1609604481036388,46.64723376483012,0.2980190401430989,1
32,0.1518906340895869,Participant3_FV_FuSl,Endomorph,Normal,slouch,1.0,0.0,0.0,-0.1460063734953067,45.54557965520996,0.2980430223218866,1
33,0.1566372164048865,Participant3_FV_FuSl,Endomorph,Normal,slouch,1.0,0.0,0.0,-0.1714405853116131,45.53788155522628,0.2935508619280076,1
34,0.1613837987201861,Participant3_FV_FuSl,Endomorph,Normal,slouch,1.0,0.0,0.0,-0.1853436814322173,45.2404560158431,0.2955536824865222,1
35,0.1661303810354857,Participant3_FV_FuSl,Endomorph,Normal,slouch,1.0,0.0,0.0,-0.1760352760470227,45.76284652753319,0.2964927336922989,1
36,0.1708769633507853,Participant3_FV_FuSl,Endomorph,Normal,slouch,1.0,0.0,0.0,-0.1570487076713694,45.54149965683085,0.3008600042309393,1
37,0.1756235456660849,Participant3_FV_FuSl,Endomorph,Normal,slouch,1.0,0.0,0.0,-0.2071442667123586,44.762817911487424,0.2940726650474455,1
38,0.1803701279813845,Participant3_FV_FuSl,Endomorph,Normal,slouch,1.0,0.0,0.0,-0.2018369666786271,44.96177616665258,0.2978407613470168,1
39,0.1851167102966841,Participant3_FV_FuSl,Endomorph,Normal,slouch,1.0,0.0,0.0,-0.170588072030829,45.16158851917603,0.3041484971424165,1
40,0.1898632926119837,Participant3_FV_FuSl,Endomorph,Normal,slouch,1.0,0.0,0.0,-0.1838713754774068,45.8908465510238,0.3072414957340068,1
41,0.1946098749272833,Participant3_FV_FuSl,Endomorph,Normal,slouch,1.0,0.0,0.0,-0.1100933741006447,45.58407417650603,0.3085753081333509,1
42,0.1993564572425829,Participant3_FV_FuSl,Endomorph,Normal,slouch,1.0,0.0,0.0,-0.1400363121048833,45.12879060594826,0.3141256337753355,1
43,0.2041030395578825,Participant3_FV_FuSl,Endomorph,Normal,slouch,1.0,0.0,0.0,-0.1594620295693743,46.05950534626657,0.3093406443987516,1
44,0.2088496218731821,Participant3_FV_FuSl,Endomorph,Normal,slouch,1.0,0.0,0.0,-0.1335721820534404,45.290092322807645,0.3143642311323809,1
45,0.2135962041884817,Participant3_FV_FuSl,Endomorph,Normal,slouch,1.0,0.0,0.0,-0.1188618451336839,44.82221590353078,0.3098177843543962,1
46,0.2183427865037812,Participant3_FV_FuSl,Endomorph,Normal,slouch,1.0,0.0,0.0,-0.142027654441376,44.59369545477141,0.3128855079575623,1
47,0.2230893688190808,Participant3_FV_FuSl,Endomorph,Normal,slouch,1.0,0.0,0.0,-0.1490545725535261,45.11105922000768,0.3104535680222042,1
48,0.2278359511343804,Participant3_FV_FuSl,Endomorph,Normal,slouch,1.0,0.0,0.0,-0.1405109735853805,44.73537235440282,0.3074115040596762,1
49,0.23258253344968,Participant3_FV_FuSl,Endomorph,Normal,slouch,1.0,0.0,0.0,-0.1314289287146581,45.22325665753558,0.3138758285227772,0
50,0.2373291157649796,Participant3_FV_FuSl,Endomorph,Normal,slouch,1.0,0.0,0.0,-0.1223468838439356,45.71114096066834,0.3203401529858781,1
51,0.2420756980802792,Participant3_FV_FuSl,Endomorph,Normal,slouch,1.0,0.0,0.0,-0.1386549723761366,45.61161690160439,0.2937674356385328,1
52,0.2468222803955788,Participant3_FV_FuSl,Endomorph,Normal,slouch,1.0,0.0,0.0,-0.1624302882981197,45.15983395793808,0.2942831253397815,1
53,0.2515688627108784,Participant3_FV_FuSl,Endomorph,Normal,slouch,1.0,0.0,0.0,-0.1754816954596615,44.57252828857632,0.3067440180712881,1
54,0.256315445026178,Participant3_FV_FuSl,Endomorph,Normal,slouch,1.0,0.0,0.0,-0.1855400398404454,45.26321804296543,0.3096672393599816,1
55,0.2610620273414776,Participant3_FV_FuSl,Endomorph,Normal,slouch,1.0,0.0,0.0,-0.1971117660927884,44.5553545688224,0.3072820912045414,1
56,0.2658086096567772,Participant3_FV_FuSl,Endomorph,Normal,slouch,1.0,0.0,0.0,-0.1643405573574327,46.05806014945872,0.3066350767504598,1
57,0.2705551919720768,Participant3_FV_FuSl,Endomorph,Normal,slouch,1.0,0.0,0.0,-0.1741443392960611,45.23110436352124,0.3023531537532181,1
58,0.2753017742873764,Participant3_FV_FuSl,Endomorph,Normal,slouch,1.0,0.0,0.0,-0.1712022371451488,44.83971706833648,0.3045690759013209,1
59,0.2800483566026759,Participant3_FV_FuSl,Endomorph,Normal,slouch,1.0,0.0,0.0,-0.1605649786599621,45.14240867578725,0.3004054644586012,1
60,0.2847949389179756,Participant3_FV_FuSl,Endomorph,Normal,slouch,1.0,0.0,0.0,-0.1577261052548283,44.81071560297198,0.3074916558469566,1
61,0.2895415212332751,Participant3_FV_FuSl,Endomorph,Normal,slouch,1.0,0.0,0.0,-0.1606121815514151,44.81675485928589,0.304569854744427,1
62,0.2942881035485747,Participant3_FV_FuSl,Endomorph,Normal,slouch,1.0,0.0,0.0,-0.1999765302842708,45.314739442714846,0.3117242219604965,1
63,0.2990346858638743,Participant3_FV_FuSl,Endomorph,Normal,slouch,1.0,0.0,0.0,-0.1980786530047233,45.52719322959394,0.3006857192930517,1
64,0.3037812681791739,Participant3_FV_FuSl,Endomorph,Normal,slouch,1.0,0.0,0.0,-0.200409795481019,45.6738240951967,0.3023771589540699,1
65,0.3085278504944735,Participant3_FV_FuSl,Endomorph,Normal,slouch,1.0,0.0,0.0,-0.2287353538504822,45.88779639035447,0.2932291923831157,1
66,0.3132744328097731,Participant3_FV_FuSl,Endomorph,Normal,slouch,1.0,0.0,0.0,-0.1943451912522781,46.09129479240588,0.2905260805313284,1
67,0.3180210151250727,Participant3_FV_FuSl,Endomorph,Normal,slouch,1.0,0.0,0.0,-0.2128892967144946,46.22225984378746,0.303393538235822,1
68,0.3227675974403723,Participant3_FV_FuSl,Endomorph,Normal,slouch,1.0,0.0,0.0,-0.1845613743899793,45.58803212771585,0.2936189908953229,1
69,0.3275141797556719,Participant3_FV_FuSl,Endomorph,Normal,slouch,1.0,0.0,0.0,-0.1879694303457284,46.82805287168903,0.2828209388722986,1
70,0.3322607620709715,Participant3_FV_FuSl,Endomorph,Normal,slouch,1.0,0.0,0.0,-0.1906531655959998,46.86419485957674,0.2924102146295132,1
71,0.3370073443862711,Participant3_FV_FuSl,Endomorph,Normal,slouch,1.0,0.0,0.0,-0.1811065755324106,47.71926354664673,0.3043215365459227,1
72,0.3417539267015707,Participant3_FV_FuSl,Endomorph,Normal,slouch,1.0,0.0,0.0,-0.2273552610897884,46.204132433839376,0.2960271974565191,1
73,0.3465005090168703,Participant3_FV_FuSl,Endomorph,Normal,slouch,1.0,0.0,0.0,-0.2169133888674872,46.847841755724346,0.2956749783693236,1
74,0.3512470913321698,Participant3_FV_FuSl,Endomorph,Normal,slouch,1.0,0.0,0.0,-0.1841269632348,47.24431614462833,0.2902412336476914,1
75,0.3559936736474695,Participant3_FV_FuSl,Endomorph,Normal,slouch,1.0,0.0,0.0,-0.197959840061783,46.54949686701616,0.2959543524486158,1
76,0.360740255962769,Participant3_FV_FuSl,Endomorph,Normal,slouch,1.0,0.0,0.0,-0.198682478995201,45.7072611515089,0.3011327629653406,1
77,0.3654868382780686,Participant3_FV_FuSl,Endomorph,Normal,slouch,1.0,0.0,0.0,-0.1838312278193252,46.02212662301754,0.2939907633706617,1
78,0.3702334205933682,Participant3_FV_FuSl,Endomorph,Normal,slouch,1.0,0.0,0.0,-0.2171587579668569,45.03576453172626,0.2945466393374172,1
79,0.3749800029086678,Participant3_FV_FuSl,Endomorph,Normal,slouch,1.0,0.0,0.0,-0.21991467872459,45.23153287148382,0.2953662459838905,1
80,0.3797265852239674,Participant3_FV_FuSl,Endomorph,Normal,slouch,1.0,0.0,0.0,-0.212759642894507,45.37618692618211,0.2920796383738143,1
81,0.384473167539267,Participant3_FV_FuSl,Endomorph,Normal,slouch,1.0,0.0,0.0,-0.2357239300515303,45.219671055839015,0.2933362539705194,1
82,0.3892197498545666,Participant3_FV_FuSl,Endomorph,Normal,slouch,1.0,0.0,0.0,-0.1954377024742974,44.75015892186023,0.2966325177564714,1
83,0.3939663321698662,Participant3_FV_FuSl,Endomorph,Normal,slouch,1.0,0.0,0.0,-0.1943505887160771,44.7332727823522,0.3080481764243633,1
84,0.3987129144851658,Participant3_FV_FuSl,Endomorph,Normal,slouch,1.0,0.0,0.0,-0.2024011534008001,45.08606466753023,0.3033030433882027,1
85,0.4034594968004654,Participant3_FV_FuSl,Endomorph,Normal,slouch,1.0,0.0,0.0,-0.1569109629657398,45.55930626648399,0.2897177354212012,1
86,0.408206079115765,Participant3_FV_FuSl,Endomorph,Normal,slouch,1.0,0.0,0.0,-0.1539438612062699,44.68042441999325,0.2975208690787808,1
87,0.4129526614310645,Participant3_FV_FuSl,Endomorph,Normal,slouch,1.0,0.0,0.0,-0.1445769761092447,43.96758032400632,0.2998422994567384,1
88,0.4176992437463642,Participant3_FV_FuSl,Endomorph,Normal,slouch,1.0,0.0,0.0,-0.1434133079466659,45.31926502024474,0.2913303441751395,1
89,0.4224458260616637,Participant3_FV_FuSl,Endomorph,Normal,slouch,1.0,0.0,0.0,-0.1584770892080693,45.50886731423873,0.3043482407336171,1
90,0.4271924083769634,Participant3_FV_FuSl,Endomorph,Normal,slouch,1.0,0.0,0.0,-0.1622063927136364,46.22729278884519,0.3172414783735675,1
91,0.4319389906922629,Participant3_FV_FuSl,Endomorph,Normal,slouch,1.0,0.0,0.0,-0.1803601238018113,45.49965178985315,0.3027309744841229,1
92,0.4366855730075625,Participant3_FV_FuSl,Endomorph,Normal,slouch,1.0,0.0,0.0,-0.217987418038517,46.02152196595256,0.3192614782001843,1
93,0.4414321553228621,Participant3_FV_FuSl,Endomorph,Normal,slouch,1.0,0.0,0.0,-0.2133978017244533,46.34995173388762,0.314877665471465,1
94,0.4461787376381617,Participant3_FV_FuSl,Endomorph,Normal,slouch,1.0,0.0,0.0,-0.2173691140211829,46.434307912664856,0.3099333974910812,1
95,0.4509253199534613,Participant3_FV_FuSl,Endomorph,Normal,slouch,1.0,0.0,0.0,-0.2333766248260431,46.44417800088854,0.3181577670834564,1
96,0.4556719022687609,Participant3_FV_FuSl,Endomorph,Normal,slouch,1.0,0.0,0.0,-0.2084735463604993,45.80002017983559,0.3274683948682201,1
97,0.4604184845840605,Participant3_FV_FuSl,Endomorph,Normal,slouch,1.0,0.0,0.0,-0.1601860574693128,46.43093284073361,0.3068953089527739,1
98,0.4651650668993601,Participant3_FV_FuSl,Endomorph,Normal,slouch,1.0,0.0,0.0,-0.140658570222285,46.01530926567796,0.3078108750889683,1
99,0.4699116492146597,Participant3_FV_FuSl,Endomorph,Normal,slouch,1.0,0.0,0.0,-0.1521592586700937,46.84914541816055,0.3154726681797716,1
100,0.4746582315299593,Participant3_FV_FuSl,Endomorph,Normal,slouch,1.0,0.0,0.0,-0.1854631948728551,45.577881392943375,0.323369459370332,1
101,0.4794048138452589,Participant3_FV_FuSl,Endomorph,Normal,slouch,1.0,0.0,0.0,-0.1726417334380305,45.2367146644876,0.3068176820352087,1
102,0.4841513961605584,Participant3_FV_FuSl,Endomorph,Normal,slouch,1.0,0.0,0.0,-0.1769631892959702,46.28013003832535,0.3084172388744188,1
103,0.4888979784758581,Participant3_FV_FuSl,Endomorph,Normal,slouch,1.0,0.0,0.0,-0.1277423099828313,46.45407345596791,0.3135907055320045,1
104,0.4936445607911576,Participant3_FV_FuSl,Endomorph,Normal,slouch,1.0,0.0,0.0,-0.0913175609718904,45.42706922838492,0.3080901480001735,1
105,0.4983911431064572,Participant3_FV_FuSl,Endomorph,Normal,slouch,1.0,0.0,0.0,-0.1193362503633302,46.88428029138898,0.3344638087522563,1
106,0.5031377254217568,Participant3_FV_FuSl,Endomorph,Normal,slouch,1.0,0.0,0.0,-0.1175681895139704,45.91681616097098,0.3168231641688841,1
107,0.5078843077370564,Participant3_FV_FuSl,Endomorph,Normal,slouch,1.0,0.0,0.0,-0.1429384822779963,45.509527558972586,0.3230858229850636,1
108,0.5126308900523561,Participant3_FV_FuSl,Endomorph,Normal,slouch,1.0,0.0,0.0,-0.105705210382021,45.03168767339824,0.3062806670638528,1
109,0.5173774723676556,Participant3_FV_FuSl,Endomorph,Normal,slouch,1.0,0.0,0.0,-0.1048203895693395,45.7808455187904,0.3146829632667987,1
110,0.5221240546829552,Participant3_FV_FuSl,Endomorph,Normal,slouch,1.0,0.0,0.0,-0.1207068668069599,45.64236878920097,0.3156319062134975,1
111,0.5268706369982548,Participant3_FV_FuSl,Endomorph,Normal,slouch,1.0,0.0,0.0,-0.1031844818124385,47.11137689252399,0.3068705089476258,1
112,0.5316172193135544,Participant3_FV_FuSl,Endomorph,Normal,slouch,1.0,0.0,0.0,-0.1104530910587804,47.26408716855607,0.3103787375420134,1
113,0.536363801628854,Participant3_FV_FuSl,Endomorph,Normal,slouch,1.0,0.0,0.0,-0.1604687015868019,45.71885495400758,0.3078920371742554,1
114,0.5411103839441536,Participant3_FV_FuSl,Endomorph,Normal,slouch,1.0,0.0,0.0,-0.1566980724125483,45.82748704488893,0.3111634923049815,1
115,0.5458569662594532,Participant3_FV_FuSl,Endomorph,Normal,slouch,1.0,0.0,0.0,-0.1368680625629562,45.58070705809854,0.308019376941006,1
116,0.5506035485747528,Participant3_FV_FuSl,Endomorph,Normal,slouch,1.0,0.0,0.0,-0.1131287325380268,46.01568664842178,0.3137081547322746,1
117,0.5553501308900524,Participant3_FV_FuSl,Endomorph,Normal,slouch,1.0,0.0,0.0,-0.1480545316244947,46.3133382594568,0.312397098473793,1
118,0.5600967132053519,Participant3_FV_FuSl,Endomorph,Normal,slouch,1.0,0.0,0.0,-0.1371613252002457,47.36382705940584,0.3163547161962514,1
119,0.5648432955206516,Participant3_FV_FuSl,Endomorph,Normal,slouch,1.0,0.0,0.0,-0.1315020988536389,46.34800580808779,0.3140547409848415,1
120,0.5695898778359512,Participant3_FV_FuSl,Endomorph,Normal,slouch,1.0,0.0,0.0,-0.1732312374073097,47.00559102875855,0.3125547376933436,1
121,0.5743364601512507,Participant3_FV_FuSl,Endomorph,Normal,slouch,1.0,0.0,0.0,-0.1633976932758378,46.352783126844464,0.3177588943731422,1
122,0.5790830424665503,Participant3_FV_FuSl,Endomorph,Normal,slouch,1.0,0.0,0.0,-0.1315238501739281,46.394429931904014,0.3163236530434508,1
123,0.58382962478185,Participant3_FV_FuSl,Endomorph,Normal,slouch,1.0,0.0,0.0,-0.1257398461318209,47.31931201619615,0.3144679227928283,1
124,0.5885762070971495,Participant3_FV_FuSl,Endomorph,Normal,slouch,1.0,0.0,0.0,-0.1527747774029901,46.99730888982594,0.3121559514186884,1
125,0.5933227894124491,Participant3_FV_FuSl,Endomorph,Normal,slouch,1.0,0.0,0.0,-0.1436025937667563,47.84044145373986,0.3210347928493349,1
126,0.5980693717277487,Participant3_FV_FuSl,Endomorph,Normal,slouch,1.0,0.0,0.0,-0.164601172630538,46.830410028337866,0.3170584721990923,1
127,0.6028159540430483,Participant3_FV_FuSl,Endomorph,Normal,slouch,1.0,0.0,0.0,-0.1348520202157997,46.72204611996925,0.305808111392623,1
128,0.6075625363583479,Participant3_FV_FuSl,Endomorph,Normal,slouch,1.0,0.0,0.0,-0.1399827431696465,46.72144917584541,0.3027531519234626,1
129,0.6123091186736475,Participant3_FV_FuSl,Endomorph,Normal,slouch,1.0,0.0,0.0,-0.1531091332379891,47.73763478776978,0.304611742270903,1
130,0.617055700988947,Participant3_FV_FuSl,Endomorph,Normal,slouch,1.0,0.0,0.0,-0.1130392834623861,46.77784043641165,0.3068649190708497,1
131,0.6218022833042467,Participant3_FV_FuSl,Endomorph,Normal,slouch,1.0,0.0,0.0,-0.1483364728011562,46.600963201759285,0.3029628071152063,1
132,0.6265488656195463,Participant3_FV_FuSl,Endomorph,Normal,slouch,1.0,0.0,0.0,-0.1243402812700604,46.97439201152725,0.3068355300783618,1
133,0.6312954479348458,Participant3_FV_FuSl,Endomorph,Normal,slouch,1.0,0.0,0.0,-0.140743009222275,46.91913297173081,0.2965395764861444,1
134,0.6360420302501455,Participant3_FV_FuSl,Endomorph,Normal,slouch,1.0,0.0,0.0,-0.1298464533488374,46.94309494317128,0.3128862397066272,1
135,0.6407886125654451,Participant3_FV_FuSl,Endomorph,Normal,slouch,1.0,0.0,0.0,-0.1381193747023311,47.84118120441018,0.3119861011428241,1
136,0.6455351948807446,Participant3_FV_FuSl,Endomorph,Normal,slouch,1.0,0.0,0.0,-0.2147862687596347,46.62549599135512,0.2967271039663491,1
137,0.6502817771960442,Participant3_FV_FuSl,Endomorph,Normal,slouch,1.0,0.0,0.0,-0.1457624815664521,47.3553739912311,0.3093205139750836,1
138,0.6550283595113439,Participant3_FV_FuSl,Endomorph,Normal,slouch,1.0,0.0,0.0,-0.1775420311319399,46.45290809771715,0.314838892360203,1
139,0.6597749418266434,Participant3_FV_FuSl,Endomorph,Normal,slouch,1.0,0.0,0.0,-0.1648370209818069,47.13544779717316,0.3100779263127748,1
140,0.664521524141943,Participant3_FV_FuSl,Endomorph,Normal,slouch,1.0,0.0,0.0,-0.2472275540249341,46.68621581570298,0.3055778603391882,1
141,0.6692681064572426,Participant3_FV_FuSl,Endomorph,Normal,slouch,1.0,0.0,0.0,-0.1784966386314034,47.65312862211078,0.3138420012758129,1
142,0.6740146887725422,Participant3_FV_FuSl,Endomorph,Normal,slouch,1.0,0.0,0.0,-0.1559324768609067,48.151318397205394,0.3071201350614133,1
143,0.6787612710878418,Participant3_FV_FuSl,Endomorph,Normal,slouch,1.0,0.0,0.0,-0.1513692660560189,47.211893537671976,0.3174307517583206,1
144,0.6835078534031414,Participant3_FV_FuSl,Endomorph,Normal,slouch,1.0,0.0,0.0,-0.139236830703307,47.49534416911875,0.311361113638829,1
145,0.6882544357184409,Participant3_FV_FuSl,Endomorph,Normal,slouch,1.0,0.0,0.0,-0.1538734306004742,47.97669838686007,0.3175531610956545,1
146,0.6930010180337406,Participant3_FV_FuSl,Endomorph,Normal,slouch,1.0,0.0,0.0,-0.1579237012473775,47.93723790567517,0.3008097300764226,1
147,0.6977476003490402,Participant3_FV_FuSl,Endomorph,Normal,slouch,1.0,0.0,0.0,-0.1656874908940983,48.861899690045504,0.303632917849098,1
148,0.7024941826643397,Participant3_FV_FuSl,Endomorph,Normal,slouch,1.0,0.0,0.0,-0.145204276171007,48.41917489352902,0.3134729887330038,1
149,0.7072407649796394,Participant3_FV_FuSl,Endomorph,Normal,slouch,1.0,0.0,0.0,-0.183093061358376,49.13571545937917,0.3047922543431163,1
150,0.711987347294939,Participant3_FV_FuSl,Endomorph,Normal,slouch,1.0,0.0,0.0,-0.1592912979915458,48.18533868493767,0.3190479810084616,1
151,0.7167339296102385,Participant3_FV_FuSl,Endomorph,Normal,slouch,1.0,0.0,0.0,-0.1192789963087193,48.82016970709619,0.3107398638376673,1
152,0.7214805119255381,Participant3_FV_FuSl,Endomorph,Normal,slouch,1.0,0.0,0.0,-0.1663726124624205,48.21036404088864,0.3004754930400317,1
153,0.7262270942408378,Participant3_FV_FuSl,Endomorph,Normal,slouch,1.0,0.0,0.0,-0.198750704839877,48.152176417302734,0.3093950609200958,1
154,0.7309736765561373,Participant3_FV_FuSl,Endomorph,Normal,slouch,1.0,0.0,0.0,-0.1979430493478216,47.72209011291625,0.3081110050825835,1
155,0.7357202588714369,Participant3_FV_FuSl,Endomorph,Normal,slouch,1.0,0.0,0.0,-0.1644347779793963,47.607936300894885,0.3032896761555069,1
156,0.7404668411867364,Participant3_FV_FuSl,Endomorph,Normal,slouch,1.0,0.0,0.0,-0.1863180373521569,46.70722551911737,0.3084018480168858,1
157,0.7452134235020361,Participant3_FV_FuSl,Endomorph,Normal,slouch,1.0,0.0,0.0,-0.1286383681517522,47.093866489768,0.308015161411815,1
158,0.7499600058173357,Participant3_FV_FuSl,Endomorph,Normal,slouch,1.0,0.0,0.0,-0.1657542058157222,47.482795232681084,0.3244247960053922,1
159,0.7547065881326352,Participant3_FV_FuSl,Endomorph,Normal,slouch,1.0,0.0,0.0,-0.1607719615650821,47.54204493080202,0.3097823598947165,1
160,0.7594531704479348,Participant3_FV_FuSl,Endomorph,Normal,slouch,1.0,0.0,0.0,-0.1689507576173614,46.714272095375925,0.3167139341719994,1
161,0.7641997527632345,Participant3_FV_FuSl,Endomorph,Normal,slouch,1.0,0.0,0.0,-0.1581191125872328,46.93148901931063,0.3045888560094146,1
162,0.768946335078534,Participant3_FV_FuSl,Endomorph,Normal,slouch,1.0,0.0,0.0,-0.1393400487503699,48.43184343713199,0.3273149038348573,1
163,0.7736929173938336,Participant3_FV_FuSl,Endomorph,Normal,slouch,1.0,0.0,0.0,-0.1485046199324103,47.70235108884695,0.3159543680381574,1
164,0.7784394997091332,Participant3_FV_FuSl,Endomorph,Normal,slouch,1.0,0.0,0.0,-0.1583355188960804,47.21005555055722,0.3127982748613968,1
165,0.7831860820244329,Participant3_FV_FuSl,Endomorph,Normal,slouch,1.0,0.0,0.0,-0.1619792701961316,47.45036685712383,0.3237368411757019,1
166,0.7879326643397324,Participant3_FV_FuSl,Endomorph,Normal,slouch,1.0,0.0,0.0,-0.1253205832175191,47.44357916257908,0.3266965537555662,1
167,0.792679246655032,Participant3_FV_FuSl,Endomorph,Normal,slouch,1.0,0.0,0.0,-0.1378246043078003,47.5878014640328,0.3184620742025504,1
168,0.7974258289703317,Participant3_FV_FuSl,Endomorph,Normal,slouch,1.0,0.0,0.0,-0.1608083710467857,48.29517961298059,0.3365051803194746,1
169,0.8021724112856312,Participant3_FV_FuSl,Endomorph,Normal,slouch,1.0,0.0,0.0,-0.1589585111739569,47.53586334406047,0.3278534770154092,0
170,0.8069189936009308,Participant3_FV_FuSl,Endomorph,Normal,slouch,1.0,0.0,0.0,-0.1571086513011282,46.77654707514034,0.3192017737113438,1
171,0.8116655759162303,Participant3_FV_FuSl,Endomorph,Normal,slouch,1.0,0.0,0.0,-0.1221658950445778,46.41196125965356,0.3098150527757632,1
172,0.81641215823153,Participant3_FV_FuSl,Endomorph,Normal,slouch,1.0,0.0,0.0,-0.116382387694928,46.42028219481939,0.3091416777749704,1
173,0.8211587405468296,Participant3_FV_FuSl,Endomorph,Normal,slouch,1.0,0.0,0.0,-0.1156204891650798,46.44164109930004,0.3103905261769173,1
174,0.8259053228621291,Participant3_FV_FuSl,Endomorph,Normal,slouch,1.0,0.0,0.0,-0.1195900814198996,46.45270857379895,0.3097169706006476,0
175,0.8306519051774287,Participant3_FV_FuSl,Endomorph,Normal,slouch,1.0,0.0,0.0,-0.1235596736747195,46.46377604829786,0.3090434150243779,1
176,0.8353984874927284,Participant3_FV_FuSl,Endomorph,Normal,slouch,1.0,0.0,0.0,-0.1569869644217763,47.09907815568375,0.3056155172098666,1
177,0.8401450698080279,Participant3_FV_FuSl,Endomorph,Normal,slouch,1.0,0.0,0.0,-0.1391540389748766,46.46661953359556,0.3037243865783031,1
178,0.8448916521233275,Participant3_FV_FuSl,Endomorph,Normal,slouch,1.0,0.0,0.0,-0.1525155513166907,47.65695110299267,0.309708960652926,1
179,0.8496382344386271,Participant3_FV_FuSl,Endomorph,Normal,slouch,1.0,0.0,0.0,-0.1434903577202835,47.41352701503063,0.3051415112469561,1
180,0.8543848167539267,Participant3_FV_FuSl,Endomorph,Normal,slouch,1.0,0.0,0.0,-0.1538808179513112,46.76824509204683,0.307445937767563,1
181,0.8591313990692263,Participant3_FV_FuSl,Endomorph,Normal,slouch,1.0,0.0,0.0,-0.1454826280593251,46.25874122724381,0.2961276882467327,1
182,0.8638779813845259,Participant3_FV_FuSl,Endomorph,Normal,slouch,1.0,0.0,0.0,-0.1573492950633601,45.70358498672274,0.3038149111056309,1
183,0.8686245636998255,Participant3_FV_FuSl,Endomorph,Normal,slouch,1.0,0.0,0.0,-0.1674107874120711,45.92963272128549,0.3024383579847428,1
184,0.8733711460151251,Participant3_FV_FuSl,Endomorph,Normal,slouch,1.0,0.0,0.0,-0.1683409299536687,45.76836656635283,0.3066883919148761,1
185,0.8781177283304247,Participant3_FV_FuSl,Endomorph,Normal,slouch,1.0,0.0,0.0,-0.168087301331454,45.47883924713476,0.3040292324522698,1
186,0.8828643106457242,Participant3_FV_FuSl,Endomorph,Normal,slouch,1.0,0.0,0.0,-0.164595952015209,46.20534743417506,0.3126480303583974,1
187,0.8876108929610239,Participant3_FV_FuSl,Endomorph,Normal,slouch,1.0,0.0,0.0,-0.1550789148562823,45.362239365077,0.3035558770365539,1
188,0.8923574752763235,Participant3_FV_FuSl,Endomorph,Normal,slouch,1.0,0.0,0.0,-0.1877690867456686,46.10182934857935,0.3103441246676305,1
189,0.897104057591623,Participant3_FV_FuSl,Endomorph,Normal,slouch,1.0,0.0,0.0,-0.0990214531026253,48.36548252471074,0.3245403666089558,1
190,0.9018506399069226,Participant3_FV_FuSl,Endomorph,Normal,slouch,1.0,0.0,0.0,-0.1244834338503801,47.90994433120871,0.3229414242691809,1
191,0.9065972222222224,Participant3_FV_FuSl,Endomorph,Normal,slouch,1.0,0.0,0.0,-0.1409126333250646,47.29844206190129,0.3253431059088679,1
192,0.9113438045375218,Participant3_FV_FuSl,Endomorph,Normal,slouch,1.0,0.0,0.0,-0.1760579972400855,46.5201946737285,0.3109519147907352,1
193,0.9160903868528214,Participant3_FV_FuSl,Endomorph,Normal,slouch,1.0,0.0,0.0,-0.1505044861038103,48.208165677776776,0.3195359561496257,1
194,0.920836969168121,Participant3_FV_FuSl,Endomorph,Normal,slouch,1.0,0.0,0.0,-0.1432547451912145,48.327758368396594,0.3175375480514387,1
195,0.9255835514834206,Participant3_FV_FuSl,Endomorph,Normal,slouch,1.0,0.0,0.0,-0.1613790772704331,46.92083387641494,0.3150169685111786,1
196,0.9303301337987202,Participant3_FV_FuSl,Endomorph,Normal,slouch,1.0,0.0,0.0,-0.1852920582939542,47.14305846616285,0.3204644497731942,1
197,0.9350767161140198,Participant3_FV_FuSl,Endomorph,Normal,slouch,1.0,0.0,0.0,-0.1534357227851395,47.86729589098844,0.3316205576403065,1
198,0.9398232984293194,Participant3_FV_FuSl,Endomorph,Normal,slouch,1.0,0.0,0.0,-0.1567181531367422,48.65684305520668,0.3277170141109781,1
199,0.944569880744619,Participant3_FV_FuSl,Endomorph,Normal,slouch,1.0,0.0,0.0,-0.170653269453729,47.703574950940045,0.3196608448978297,1
200,0.9493164630599186,Participant3_FV_FuSl,Endomorph,Normal,slouch,1.0,0.0,0.0,-0.1704126127599935,47.91376006629719,0.3146684859455544,1
201,0.954063045375218,Participant3_FV_FuSl,Endomorph,Normal,slouch,1.0,0.0,0.0,-0.1393851969849343,47.6914564069111,0.2997744066215014,1
202,0.9588096276905178,Participant3_FV_FuSl,Endomorph,Normal,slouch,1.0,0.0,0.0,-0.1462782351141519,46.5244961945616,0.3081775124830328,1
203,0.9635562100058174,Participant3_FV_FuSl,Endomorph,Normal,slouch,1.0,0.0,0.0,-0.1278739884793706,48.12727317524811,0.304053833538396,1
204,0.9683027923211168,Participant3_FV_FuSl,Endomorph,Normal,slouch,1.0,0.0,0.0,-0.1331342973600445,47.84850407871964,0.3028753948037418,1
205,0.9730493746364164,Participant3_FV_FuSl,Endomorph,Normal,slouch,1.0,0.0,0.0,-0.1818474724608169,47.29434960630618,0.3373157429423604,1
206,0.9777959569517162,Participant3_FV_FuSl,Endomorph,Normal,slouch,1.0,0.0,0.0,-0.1924204473215152,46.95168139061887,0.3244256619412146,1
207,0.9825425392670156,Participant3_FV_FuSl,Endomorph,Normal,slouch,1.0,0.0,0.0,-0.1699619344425693,46.34429630693933,0.3104388676234805,1
208,0.9872891215823152,Participant3_FV_FuSl,Endomorph,Normal,slouch,1.0,0.0,0.0,-0.2181270539701352,47.1346178373974,0.337021296237089,1
209,0.9920357038976148,Participant3_FV_FuSl,Endomorph,Normal,slouch,1.0,0.0,0.0,-0.1487783666952112,48.38725346234041,0.3359789970372093,1
210,0.9967822862129144,Participant3_FV_FuSl,Endomorph,Normal,slouch,1.0,0.0,0.0,-0.1487035344113935,47.8100650720773,0.3127973047605684,1
211,1.001528868528214,Participant3_FV_FuSl,Endomorph,Normal,slouch,1.0,0.0,0.0,-0.0939720635589065,47.67139370805176,0.3196596171110095,1
212,1.0062754508435137,Participant3_FV_FuSl,Endomorph,Normal,slouch,1.0,0.0,0.0,-0.1359271501478303,46.165637461781856,0.3315240788707315,1
213,1.0110220331588131,Participant3_FV_FuSl,Endomorph,Normal,slouch,1.0,0.0,0.0,-0.1121081427939929,46.55301956822112,0.3272585262023555,1
214,1.0157686154741128,Participant3_FV_FuSl,Endomorph,Normal,slouch,1.0,0.0,0.0,-0.1404009196215181,47.50624097794669,0.3269060457138661,1
215,1.0205151977894125,Participant3_FV_FuSl,Endomorph,Normal,slouch,1.0,0.0,0.0,-0.1602715104666183,46.6829931317246,0.3200995145234807,1
216,1.025261780104712,Participant3_FV_FuSl,Endomorph,Normal,slouch,1.0,0.0,0.0,-0.1783633890428465,46.47942358746237,0.3157766804709981,1
217,1.0300083624200116,Participant3_FV_FuSl,Endomorph,Normal,slouch,1.0,0.0,0.0,-0.1949326075517344,46.89370974041748,0.3092804084512616,1
218,1.0347549447353113,Participant3_FV_FuSl,Endomorph,Normal,slouch,1.0,0.0,0.0,-0.1594056144152704,47.53227648624257,0.3117133827138564,1
219,1.039501527050611,Participant3_FV_FuSl,Endomorph,Normal,slouch,1.0,0.0,0.0,-0.1662098747857722,45.73830327535333,0.3154801193957923,1
220,1.0442481093659104,Participant3_FV_FuSl,Endomorph,Normal,slouch,1.0,0.0,0.0,-0.1827004964861729,47.19177122100104,0.3155391542245231,1
221,1.04899469168121,Participant3_FV_FuSl,Endomorph,Normal,slouch,1.0,0.0,0.0,-0.1665672318471068,46.05790309361961,0.3156640461368579,1
222,1.0537412739965095,Participant3_FV_FuSl,Endomorph,Normal,slouch,1.0,0.0,0.0,-0.163326701246664,46.33861510928549,0.3127899903598531,1
223,1.0584878563118092,Participant3_FV_FuSl,Endomorph,Normal,slouch,1.0,0.0,0.0,-0.1258805517274854,46.280630425815296,0.3139300925250062,1
224,1.0632344386271089,Participant3_FV_FuSl,Endomorph,Normal,slouch,1.0,0.0,0.0,-0.1400283998249242,47.002421543893554,0.3111441661262338,1
225,1.0679810209424083,Participant3_FV_FuSl,Endomorph,Normal,slouch,1.0,0.0,0.0,-0.1326891537166867,46.83090245075676,0.3018430753655304,1
226,1.072727603257708,Participant3_FV_FuSl,Endomorph,Normal,slouch,1.0,0.0,0.0,-0.0944415349052625,48.29871969569499,0.3145614074388331,1
227,1.0774741855730077,Participant3_FV_FuSl,Endomorph,Normal,slouch,1.0,0.0,0.0,-0.1171424729784136,47.20700690463371,0.3172571329387665,1
228,1.0822207678883071,Participant3_FV_FuSl,Endomorph,Normal,slouch,1.0,0.0,0.0,-0.1323026802466125,48.37023291620358,0.3196464569485406,1
229,1.0869673502036068,Participant3_FV_FuSl,Endomorph,Normal,slouch,1.0,0.0,0.0,-0.1469262874642336,48.15079955355758,0.3142041828212556,1
230,1.0917139325189065,Participant3_FV_FuSl,Endomorph,Normal,slouch,1.0,0.0,0.0,-0.1750730751018193,48.50879902202833,0.312185696630923,1
231,1.096460514834206,Participant3_FV_FuSl,Endomorph,Normal,slouch,1.0,0.0,0.0,-0.1615013710234568,48.1873017642744,0.3182828336691303,1
232,1.1012070971495056,Participant3_FV_FuSl,Endomorph,Normal,slouch,1.0,0.0,0.0,-0.1994955078135308,47.11099745457008,0.3138836665141871,1
233,1.105953679464805,Participant3_FV_FuSl,Endomorph,Normal,slouch,1.0,0.0,0.0,-0.2208322574808715,47.00557261345132,0.3175830027040651,1
234,1.1107002617801047,Participant3_FV_FuSl,Endomorph,Normal,slouch,1.0,0.0,0.0,-0.1909018005208835,47.207785355855286,0.3110439821598556,1
235,1.1154468440954044,Participant3_FV_FuSl,Endomorph,Normal,slouch,1.0,0.0,0.0,-0.1484856862858156,48.47434176988904,0.3048974906638577,1
236,1.120193426410704,Participant3_FV_FuSl,Endomorph,Normal,slouch,1.0,0.0,0.0,-0.1354139019138651,47.885204198254826,0.3063298121013924,1
237,1.1249400087260035,Participant3_FV_FuSl,Endomorph,Normal,slouch,1.0,0.0,0.0,-0.1302601351426375,47.76758229749515,0.3157079642898083,1
238,1.1296865910413032,Participant3_FV_FuSl,Endomorph,Normal,slouch,1.0,0.0,0.0,-0.1696349139323338,48.35112687937727,0.3152186909680435,1
239,1.1344331733566029,Participant3_FV_FuSl,Endomorph,Normal,slouch,1.0,0.0,0.0,-0.1726394440703973,46.56947599015789,0.3143661189885944,1
240,1.1391797556719023,Participant3_FV_FuSl,Endomorph,Normal,slouch,1.0,0.0,0.0,-0.1816135672029322,46.68162545313547,0.3086782107038349,1
241,1.1439263379872018,Participant3_FV_FuSl,Endomorph,Normal,slouch,1.0,0.0,0.0,-0.1705541774393405,48.703366402672,0.3187059888337668,1
242,1.1486729203025017,Participant3_FV_FuSl,Endomorph,Normal,slouch,1.0,0.0,0.0,-0.1951388622394133,48.01404291706878,0.3196566964623243,1
243,1.1534195026178011,Participant3_FV_FuSl,Endomorph,Normal,slouch,1.0,0.0,0.0,-0.1652337334972679,47.69760692105595,0.3179907316067258,1
244,1.1581660849331006,Participant3_FV_FuSl,Endomorph,Normal,slouch,1.0,0.0,0.0,-0.1820884921204374,46.91576945631599,0.31191682000063,1
245,1.1629126672484005,Participant3_FV_FuSl,Endomorph,Normal,slouch,1.0,0.0,0.0,-0.1616534843222701,46.46860353506721,0.3159431581383133,1
246,1.1676592495637,Participant3_FV_FuSl,Endomorph,Normal,slouch,1.0,0.0,0.0,-0.1453696811945187,46.11117773954104,0.3113570050188844,1
247,1.1724058318789994,Participant3_FV_FuSl,Endomorph,Normal,slouch,1.0,0.0,0.0,-0.1607996185387934,47.75113110225231,0.3133204607244736,1
248,1.177152414194299,Participant3_FV_FuSl,Endomorph,Normal,slouch,1.0,0.0,0.0,-0.1949315132078218,47.62859443804343,0.3130391617555201,1
249,1.1818989965095987,Participant3_FV_FuSl,Endomorph,Normal,slouch,1.0,0.0,0.0,-0.1236743716488888,47.33838080161852,0.3134112423384333,1
250,1.1866455788248982,Participant3_FV_FuSl,Endomorph,Normal,slouch,1.0,0.0,0.0,-0.1526457067796137,46.672749001214825,0.30598523183258,1
251,1.191392161140198,Participant3_FV_FuSl,Endomorph,Normal,slouch,1.0,0.0,0.0,-0.1725858683143647,48.13383450530304,0.3179280880354069,1
252,1.1961387434554973,Participant3_FV_FuSl,Endomorph,Normal,slouch,1.0,0.0,0.0,-0.1600437097731523,47.66519255626692,0.3048144176809426,1
253,1.200885325770797,Participant3_FV_FuSl,Endomorph,Normal,slouch,1.0,0.0,0.0,-0.1834883357749454,46.66363056031871,0.3106677158603469,1
254,1.2056319080860969,Participant3_FV_FuSl,Endomorph,Normal,slouch,1.0,0.0,0.0,-0.1945623806280012,47.525162631438754,0.3192516273934693,1
255,1.210378490401396,Participant3_FV_FuSl,Endomorph,Normal,slouch,1.0,0.0,0.0,-0.2215516238032778,45.31953374006641,0.3158165835983822,1
256,1.2151250727166958,Participant3_FV_FuSl,Endomorph,Normal,slouch,1.0,0.0,0.0,-0.2209184734998511,46.41195286115783,0.3149979515838209,1
257,1.2198716550319957,Participant3_FV_FuSl,Endomorph,Normal,slouch,1.0,0.0,0.0,-0.2171820644765926,45.78661821654604,0.3074046303968061,1
258,1.224618237347295,Participant3_FV_FuSl,Endomorph,Normal,slouch,1.0,0.0,0.0,-0.197835089371688,48.45633114964961,0.3291122409361796,1
259,1.2293648196625946,Participant3_FV_FuSl,Endomorph,Normal,slouch,1.0,0.0,0.0,-0.1714104261741522,46.81201460902274,0.3066574835684722,1
260,1.234111401977894,Participant3_FV_FuSl,Endomorph,Normal,slouch,1.0,0.0,0.0,-0.1544983382826348,47.0341723410282,0.3013040298555829,1
261,1.2388579842931935,Participant3_FV_FuSl,Endomorph,Normal,slouch,1.0,0.0,0.0,-0.1830499027596352,48.00628200030855,0.3076735094821496,1
262,1.2436045666084934,Participant3_FV_FuSl,Endomorph,Normal,slouch,1.0,0.0,0.0,-0.1904127164846659,47.63309418996244,0.3167763473907837,1
263,1.2483511489237928,Participant3_FV_FuSl,Endomorph,Normal,slouch,1.0,0.0,0.0,-0.1825659205777744,48.25195438655221,0.3157023008383167,1
264,1.2530977312390923,Participant3_FV_FuSl,Endomorph,Normal,slouch,1.0,0.0,0.0,-0.1890508732152325,47.17324006098945,0.3134429679574711,1
265,1.2578443135543922,Participant3_FV_FuSl,Endomorph,Normal,slouch,1.0,0.0,0.0,-0.2047312113330264,47.16857650228061,0.3215356433770228,1
266,1.2625908958696916,Participant3_FV_FuSl,Endomorph,Normal,slouch,1.0,0.0,0.0,-0.1914082844515455,48.158916172321405,0.3196333644577085,1
267,1.267337478184991,Participant3_FV_FuSl,Endomorph,Normal,slouch,1.0,0.0,0.0,-0.1700912259908261,48.29337696743804,0.313511968920887,1
268,1.272084060500291,Participant3_FV_FuSl,Endomorph,Normal,slouch,1.0,0.0,0.0,-0.1917976045121526,47.13878972066079,0.315698614925649,1
269,1.2768306428155904,Participant3_FV_FuSl,Endomorph,Normal,slouch,1.0,0.0,0.0,-0.2074766943666918,46.13702956616268,0.3096470502584135,1
270,1.28157722513089,Participant3_FV_FuSl,Endomorph,Normal,slouch,1.0,0.0,0.0,-0.2159098485214385,46.52814622977469,0.3277750285629866,1
271,1.2863238074461896,Participant3_FV_FuSl,Endomorph,Normal,slouch,1.0,0.0,0.0,-0.2008139804682251,47.665122433135465,0.3236675295483418,1
272,1.2910703897614892,Participant3_FV_FuSl,Endomorph,Normal,slouch,1.0,0.0,0.0,-0.1927979576436114,47.21276713014832,0.3090530059885187,1
273,1.295816972076789,Participant3_FV_FuSl,Endomorph,Normal,slouch,1.0,0.0,0.0,-0.1598775443476929,47.96098280503799,0.3218123245385249,1
274,1.3005635543920884,Participant3_FV_FuSl,Endomorph,Normal,slouch,1.0,0.0,0.0,-0.1575451304178127,47.70710246305903,0.3176573121694405,1
275,1.305310136707388,Participant3_FV_FuSl,Endomorph,Normal,slouch,1.0,0.0,0.0,-0.1518579558338838,49.34792808998926,0.3228692538989672,1
276,1.3100567190226875,Participant3_FV_FuSl,Endomorph,Normal,slouch,1.0,0.0,0.0,-0.1962369196637867,46.68024431579673,0.3144491966507472,1
277,1.3148033013379872,Participant3_FV_FuSl,Endomorph,Normal,slouch,1.0,0.0,0.0,-0.1682610293343495,47.412464234729455,0.3161550360492616,1
278,1.3195498836532868,Participant3_FV_FuSl,Endomorph,Normal,slouch,1.0,0.0,0.0,-0.1477459537368137,48.63226012048409,0.3230814111693294,1
279,1.3242964659685863,Participant3_FV_FuSl,Endomorph,Normal,slouch,1.0,0.0,0.0,-0.23704533171634,48.17285459831049,0.3272560101991538,1
280,1.329043048283886,Participant3_FV_FuSl,Endomorph,Normal,slouch,1.0,0.0,0.0,-0.2361349089207916,48.31139310231399,0.3389629875553731,1
281,1.3337896305991856,Participant3_FV_FuSl,Endomorph,Normal,slouch,1.0,0.0,0.0,-0.199327165569524,49.3921572313875,0.3236600706000164,1
282,1.338536212914485,Participant3_FV_FuSl,Endomorph,Normal,slouch,1.0,0.0,0.0,-0.2032343017147507,48.1742453028563,0.317456682543451,1
283,1.3432827952297848,Participant3_FV_FuSl,Endomorph,Normal,slouch,1.0,0.0,0.0,-0.2184068387177932,47.77146596078085,0.3268987107328657,1
284,1.3480293775450845,Participant3_FV_FuSl,Endomorph,Normal,slouch,1.0,0.0,0.0,-0.1707022760255537,48.63276323667731,0.3231223921655664,1
285,1.352775959860384,Participant3_FV_FuSl,Endomorph,Normal,slouch,1.0,0.0,0.0,-0.2303580161068099,47.263033536339165,0.320890052069756,1
286,1.3575225421756836,Participant3_FV_FuSl,Endomorph,Normal,slouch,1.0,0.0,0.0,-0.2340342868089587,47.99004610378292,0.3207071780561871,1
287,1.3622691244909833,Participant3_FV_FuSl,Endomorph,Normal,slouch,1.0,0.0,0.0,-0.1615825561998917,48.66369341083437,0.3217876056127815,1
288,1.3670157068062827,Participant3_FV_FuSl,Endomorph,Normal,slouch,1.0,0.0,0.0,-0.1627012755780762,48.66217634322673,0.3145052916686615,1
289,1.3717622891215824,Participant3_FV_FuSl,Endomorph,Normal,slouch,1.0,0.0,0.0,-0.1524380927752457,48.23046454145484,0.325013152084485,1
290,1.3765088714368818,Participant3_FV_FuSl,Endomorph,Normal,slouch,1.0,0.0,0.0,-0.2274070623361734,48.36011124678258,0.3174305145517467,1
291,1.3812554537521815,Participant3_FV_FuSl,Endomorph,Normal,slouch,1.0,0.0,0.0,-0.2333553222089255,48.80319569374517,0.3309048088974704,1
292,1.3860020360674812,Participant3_FV_FuSl,Endomorph,Normal,slouch,1.0,0.0,0.0,-0.2243464534237583,48.85826165479024,0.3230786162670867,1
293,1.3907486183827806,Participant3_FV_FuSl,Endomorph,Normal,slouch,1.0,0.0,0.0,-0.2318195089166786,46.86201461976811,0.3215626538655568,1
294,1.3954952006980803,Participant3_FV_FuSl,Endomorph,Normal,slouch,1.0,0.0,0.0,-0.2155769730844716,48.19079386971676,0.322121344052201,1
295,1.40024178301338,Participant3_FV_FuSl,Endomorph,Normal,slouch,1.0,0.0,0.0,-0.2111834718137074,47.43852843245803,0.3158525572447864,1
296,1.4049883653286794,Participant3_FV_FuSl,Endomorph,Normal,slouch,1.0,0.0,0.0,-0.2322610344396866,48.12634275999995,0.3129781442290321,1
297,1.409734947643979,Participant3_FV_FuSl,Endomorph,Normal,slouch,1.0,0.0,0.0,-0.188279992947808,48.81848358121759,0.3157409181636335,1
298,1.4144815299592788,Participant3_FV_FuSl,Endomorph,Normal,slouch,1.0,0.0,0.0,-0.147825514687254,48.18332573649359,0.3141229511396928,1
299,1.4192281122745782,Participant3_FV_FuSl,Endomorph,Normal,slouch,1.0,0.0,0.0,-0.1924691703484708,48.07115454682516,0.3139127785807445,1
300,1.423974694589878,Participant3_FV_FuSl,Endomorph,Normal,slouch,1.0,0.0,0.0,-0.1599815254632184,47.89860295710024,0.3130568167273241,1
301,1.4287212769051774,Participant3_FV_FuSl,Endomorph,Normal,slouch,1.0,0.0,0.0,-0.1873239885827733,49.01835347247398,0.3142286377151151,1
302,1.433467859220477,Participant3_FV_FuSl,Endomorph,Normal,slouch,1.0,0.0,0.0,-0.233659964912183,48.15578371866015,0.3224783851661726,1
303,1.4382144415357767,Participant3_FV_FuSl,Endomorph,Normal,slouch,1.0,0.0,0.0,-0.2113538081067302,47.14276516987263,0.3210239087566505,1
304,1.4429610238510762,Participant3_FV_FuSl,Endomorph,Normal,slouch,1.0,0.0,0.0,-0.2369955400267138,47.02640920136519,0.3191046884999904,1
305,1.4477076061663758,Participant3_FV_FuSl,Endomorph,Normal,slouch,1.0,0.0,0.0,-0.2330335974294552,47.70087575171502,0.3314480960250255,1
306,1.4524541884816755,Participant3_FV_FuSl,Endomorph,Normal,slouch,1.0,0.0,0.0,-0.1780336484076831,48.6422770879653,0.3172497787661665,1
307,1.457200770796975,Participant3_FV_FuSl,Endomorph,Normal,slouch,1.0,0.0,0.0,-0.2740191188617257,47.20662671266282,0.3217571272868407,1
308,1.4619473531122746,Participant3_FV_FuSl,Endomorph,Normal,slouch,1.0,0.0,0.0,-0.2027218835974176,49.01351604707603,0.3208767643178408,1
309,1.466693935427574,Participant3_FV_FuSl,Endomorph,Normal,slouch,1.0,0.0,0.0,-0.2452091450043566,48.79485917056216,0.3188656010763527,1
310,1.4714405177428738,Participant3_FV_FuSl,Endomorph,Normal,slouch,1.0,0.0,0.0,-0.2032140893534197,48.87731265337103,0.307500559413324,1
311,1.4761871000581734,Participant3_FV_FuSl,Endomorph,Normal,slouch,1.0,0.0,0.0,-0.2189202168823045,47.78777619954555,0.3261233779514477,1
312,1.480933682373473,Participant3_FV_FuSl,Endomorph,Normal,slouch,1.0,0.0,0.0,-0.2004820871159632,48.01417726453756,0.3192875955645523,1
313,1.4856802646887726,Participant3_FV_FuSl,Endomorph,Normal,slouch,1.0,0.0,0.0,-0.1937272971698478,48.41944767524628,0.3133416146737712,1
314,1.4904268470040722,Participant3_FV_FuSl,Endomorph,Normal,slouch,1.0,0.0,0.0,-0.189826310810933,48.56284485779956,0.3199437890682261,1
315,1.4951734293193717,Participant3_FV_FuSl,Endomorph,Normal,slouch,1.0,0.0,0.0,-0.2044972504926934,48.31172800990237,0.3116998470719674,1
316,1.4999200116346714,Participant3_FV_FuSl,Endomorph,Normal,slouch,1.0,0.0,0.0,-0.1725378177677099,48.477832500425286,0.3226409630434919,1
317,1.504666593949971,Participant3_FV_FuSl,Endomorph,Normal,slouch,1.0,0.0,0.0,-0.2144805237964714,47.46517699614396,0.3205362367201385,1
318,1.5094131762652705,Participant3_FV_FuSl,Endomorph,Normal,slouch,1.0,0.0,0.0,-0.2271776490705959,47.637581827952765,0.3107965867365406,1
319,1.5141597585805702,Participant3_FV_FuSl,Endomorph,Normal,slouch,1.0,0.0,0.0,-0.228693962456675,47.1722024086597,0.3086778180131894,1
320,1.5189063408958696,Participant3_FV_FuSl,Endomorph,Normal,slouch,1.0,0.0,0.0,-0.2201402512359674,47.71713331029987,0.3103453994205625,1
321,1.5236529232111693,Participant3_FV_FuSl,Endomorph,Normal,slouch,1.0,0.0,0.0,-0.2220459432707827,47.42538219223013,0.3224922520524166,1
322,1.528399505526469,Participant3_FV_FuSl,Endomorph,Normal,slouch,1.0,0.0,0.0,-0.2695891861646818,46.76379677001602,0.3257038557614829,1
323,1.5331460878417684,Participant3_FV_FuSl,Endomorph,Normal,slouch,1.0,0.0,0.0,-0.2540057913581579,47.36259241831858,0.3302994139959658,1
324,1.537892670157068,Participant3_FV_FuSl,Endomorph,Normal,slouch,1.0,0.0,0.0,-0.2199764827641503,47.89878660705506,0.3336656080794026,1
325,1.5426392524723678,Participant3_FV_FuSl,Endomorph,Normal,slouch,1.0,0.0,0.0,-0.2980256414283596,47.24878641888506,0.3259626823210622,1
326,1.5473858347876672,Participant3_FV_FuSl,Endomorph,Normal,slouch,1.0,0.0,0.0,-0.355229705263071,47.62013060277274,0.3261992143434132,1
327,1.552132417102967,Participant3_FV_FuSl,Endomorph,Normal,slouch,1.0,0.0,0.0,-0.2955181986322335,48.6508368276249,0.3489111563232326,1
328,1.5568789994182664,Participant3_FV_FuSl,Endomorph,Normal,slouch,1.0,0.0,0.0,-0.2310984955265567,49.12380984883973,0.336587802897813,1
329,1.561625581733566,Participant3_FV_FuSl,Endomorph,Normal,slouch,1.0,0.0,0.0,-0.2601047398397277,48.6663611158796,0.3399443024999199,1
330,1.5663721640488657,Participant3_FV_FuSl,Endomorph,Normal,slouch,1.0,0.0,0.0,-0.2333457775689235,48.33208910462376,0.3361101797484288,1
331,1.5711187463641652,Participant3_FV_FuSl,Endomorph,Normal,slouch,1.0,0.0,0.0,-0.2393776759562335,48.43480814209284,0.3423672017511781,1
332,1.5758653286794648,Participant3_FV_FuSl,Endomorph,Normal,slouch,1.0,0.0,0.0,-0.211558404613779,48.49170224331218,0.3207263380561878,1
333,1.5806119109947645,Participant3_FV_FuSl,Endomorph,Normal,slouch,1.0,0.0,0.0,-0.2025389417148601,49.71009602894903,0.325347240184711,1
334,1.585358493310064,Participant3_FV_FuSl,Endomorph,Normal,slouch,1.0,0.0,0.0,-0.2062236523159687,49.30460977643987,0.3283950620503126,1
335,1.5901050756253636,Participant3_FV_FuSl,Endomorph,Normal,slouch,1.0,0.0,0.0,-0.217329584008998,48.06097956275856,0.3170543930562154,1
336,1.5948516579406633,Participant3_FV_FuSl,Endomorph,Normal,slouch,1.0,0.0,0.0,-0.1738943726399576,47.86206359082552,0.3155083661866971,1
337,1.5995982402559628,Participant3_FV_FuSl,Endomorph,Normal,slouch,1.0,0.0,0.0,-0.2045086571725316,47.87056348250337,0.3272011108977366,1
338,1.6043448225712624,Participant3_FV_FuSl,Endomorph,Normal,slouch,1.0,0.0,0.0,-0.2110380341808179,47.74000291562578,0.3279442543930284,1
339,1.609091404886562,Participant3_FV_FuSl,Endomorph,Normal,slouch,1.0,0.0,0.0,-0.2132307783933209,48.781202492664086,0.3385107303016711,1
340,1.6138379872018616,Participant3_FV_FuSl,Endomorph,Normal,slouch,1.0,0.0,0.0,-0.220257940907069,48.79528923462488,0.3313736691717744,1
341,1.6185845695171612,Participant3_FV_FuSl,Endomorph,Normal,slouch,1.0,0.0,0.0,-0.2458100094807863,47.91569810174156,0.3356813788319119,1
342,1.623331151832461,Participant3_FV_FuSl,Endomorph,Normal,slouch,1.0,0.0,0.0,-0.2250944298271532,48.0909894072933,0.323052847212717,1
343,1.6280777341477604,Participant3_FV_FuSl,Endomorph,Normal,slouch,1.0,0.0,0.0,-0.2517084577349332,47.61304141741618,0.3149632696129225,1
344,1.63282431646306,Participant3_FV_FuSl,Endomorph,Normal,slouch,1.0,0.0,0.0,-0.2617489023832144,47.87941748134557,0.334552068121808,1
345,1.6375708987783597,Participant3_FV_FuSl,Endomorph,Normal,slouch,1.0,0.0,0.0,-0.2630301153549046,47.73065745275909,0.3260901361077111,1
346,1.6423174810936592,Participant3_FV_FuSl,Endomorph,Normal,slouch,1.0,0.0,0.0,-0.2435570685572172,48.72139139979476,0.3337915635222099,1
347,1.6470640634089588,Participant3_FV_FuSl,Endomorph,Normal,slouch,1.0,0.0,0.0,-0.248676375330143,47.89558271396316,0.327112858375324,1
348,1.6518106457242585,Participant3_FV_FuSl,Endomorph,Normal,slouch,1.0,0.0,0.0,-0.240358094246317,49.02457388119049,0.329166327517788,1
349,1.656557228039558,Participant3_FV_FuSl,Endomorph,Normal,slouch,1.0,0.0,0.0,-0.2689540402934097,49.09357390340684,0.3411066746082778,1
350,1.6613038103548574,Participant3_FV_FuSl,Endomorph,Normal,slouch,1.0,0.0,0.0,-0.2523377185497027,48.23948293539678,0.3399266245595025,1
351,1.666050392670157,Participant3_FV_FuSl,Endomorph,Normal,slouch,1.0,0.0,0.0,-0.2580959264866573,47.88897447293276,0.3429457091522985,1
352,1.6707969749854568,Participant3_FV_FuSl,Endomorph,Normal,slouch,1.0,0.0,0.0,-0.253020938216036,49.82414844826719,0.3498241279913022,1
353,1.6755435573007562,Participant3_FV_FuSl,Endomorph,Normal,slouch,1.0,0.0,0.0,-0.2519459284952862,48.37479518999557,0.3444123353972589,1
354,1.680290139616056,Participant3_FV_FuSl,Endomorph,Normal,slouch,1.0,0.0,0.0,-0.2567494224824169,47.46322022156879,0.3450202965284737,1
355,1.6850367219313556,Participant3_FV_FuSl,Endomorph,Normal,slouch,1.0,0.0,0.0,-0.2447326719807104,49.10087264739602,0.3338481421450471,1
356,1.689783304246655,Participant3_FV_FuSl,Endomorph,Normal,slouch,1.0,0.0,0.0,-0.254201025930762,46.97346921510281,0.3373839634817042,1
357,1.6945298865619547,Participant3_FV_FuSl,Endomorph,Normal,slouch,1.0,0.0,0.0,-0.2754400796656088,47.38158598438294,0.3194560824421837,1
358,1.699276468877254,Participant3_FV_FuSl,Endomorph,Normal,slouch,1.0,0.0,0.0,-0.2365690636389879,48.12341717825373,0.333674005719435,1
359,1.7040230511925538,Participant3_FV_FuSl,Endomorph,Normal,slouch,1.0,0.0,0.0,-0.2590983104402621,48.80419786435179,0.3318889453575709,1
360,1.7087696335078535,Participant3_FV_FuSl,Endomorph,Normal,slouch,1.0,0.0,0.0,-0.2298651026293431,49.502656856817325,0.3380161988965809,1
361,1.713516215823153,Participant3_FV_FuSl,Endomorph,Normal,slouch,1.0,0.0,0.0,-0.2562808276652576,48.30916923449771,0.3383060429749238,1
362,1.7182627981384526,Participant3_FV_FuSl,Endomorph,Normal,slouch,1.0,0.0,0.0,-0.2841002260667512,49.082684031920834,0.3394391065929621,1
363,1.7230093804537523,Participant3_FV_FuSl,Endomorph,Normal,slouch,1.0,0.0,0.0,-0.2557979379872488,48.96891951860172,0.3423606979425022,1
364,1.7277559627690515,Participant3_FV_FuSl,Endomorph,Normal,slouch,1.0,0.0,0.0,-0.2384034068628701,48.25393451767167,0.3354986610647728,1
365,1.7325025450843514,Participant3_FV_FuSl,Endomorph,Normal,slouch,1.0,0.0,0.0,-0.2117962369421939,48.89561304488756,0.3407943066673088,1
366,1.737249127399651,Participant3_FV_FuSl,Endomorph,Normal,slouch,1.0,0.0,0.0,-0.2377384429635219,48.742112402590784,0.3477421567873986,1
367,1.7419957097149503,Participant3_FV_FuSl,Endomorph,Normal,slouch,1.0,0.0,0.0,-0.2214937502614697,48.32115434729356,0.3519300415408126,1
368,1.7467422920302502,Participant3_FV_FuSl,Endomorph,Normal,slouch,1.0,0.0,0.0,-0.2309477577531693,48.287269541858,0.3355880099927632,1
369,1.7514888743455497,Participant3_FV_FuSl,Endomorph,Normal,slouch,1.0,0.0,0.0,-0.2822866618800866,47.86687210701126,0.3507651813441511,1
370,1.7562354566608491,Participant3_FV_FuSl,Endomorph,Normal,slouch,1.0,0.0,0.0,-0.2472683703524565,47.62295343753375,0.3475705545969219,1
371,1.760982038976149,Participant3_FV_FuSl,Endomorph,Normal,slouch,1.0,0.0,0.0,-0.2699481104635776,47.80948036560783,0.3449550241938099,1
372,1.7657286212914485,Participant3_FV_FuSl,Endomorph,Normal,slouch,1.0,0.0,0.0,-0.258969690251207,47.15303416849023,0.335398631165089,1
373,1.770475203606748,Participant3_FV_FuSl,Endomorph,Normal,slouch,1.0,0.0,0.0,-0.2724952616740519,47.96852695906681,0.339141915365311,1
374,1.7752217859220478,Participant3_FV_FuSl,Endomorph,Normal,slouch,1.0,0.0,0.0,-0.2979199726116718,46.82967753908098,0.3354749111577246,1
375,1.7799683682373473,Participant3_FV_FuSl,Endomorph,Normal,slouch,1.0,0.0,0.0,-0.2720862277545018,47.61681293178015,0.3367932541913931,1
376,1.784714950552647,Participant3_FV_FuSl,Endomorph,Normal,slouch,1.0,0.0,0.0,-0.2862352053374811,47.90252720239419,0.3399332357390521,1
377,1.7894615328679464,Participant3_FV_FuSl,Endomorph,Normal,slouch,1.0,0.0,0.0,-0.2740915528251539,49.06643756134035,0.3431362944584669,1
378,1.794208115183246,Participant3_FV_FuSl,Endomorph,Normal,slouch,1.0,0.0,0.0,-0.211675657213319,49.35036263354405,0.3401141341943842,1
379,1.7989546974985458,Participant3_FV_FuSl,Endomorph,Normal,slouch,1.0,0.0,0.0,-0.211403018248702,49.320621389976246,0.3359545157097215,1
380,1.8037012798138448,Participant3_FV_FuSl,Endomorph,Normal,slouch,1.0,0.0,0.0,-0.2079389992596251,49.15090891062667,0.3350825257451056,1
381,1.8084478621291449,Participant3_FV_FuSl,Endomorph,Normal,slouch,1.0,0.0,0.0,-0.2670047264203797,48.57343245194549,0.3430109416333475,1
382,1.8131944444444448,Participant3_FV_FuSl,Endomorph,Normal,slouch,1.0,0.0,0.0,-0.2062205334126086,48.03676156183494,0.3293925812645428,1
383,1.817941026759744,Participant3_FV_FuSl,Endomorph,Normal,slouch,1.0,0.0,0.0,-0.3125466195547297,47.18816941290207,0.3419937248861922,1
384,1.822687609075044,Participant3_FV_FuSl,Endomorph,Normal,slouch,1.0,0.0,0.0,-0.3311326975891028,48.26121912239075,0.359234394059553,1
385,1.8274341913903436,Participant3_FV_FuSl,Endomorph,Normal,slouch,1.0,0.0,0.0,-0.3162976496645481,47.34053955680829,0.3444363465608774,1
386,1.8321807737056428,Participant3_FV_FuSl,Endomorph,Normal,slouch,1.0,0.0,0.0,-0.2931459500328967,47.38234026856309,0.3561642902227652,1
387,1.8369273560209425,Participant3_FV_FuSl,Endomorph,Normal,slouch,1.0,0.0,0.0,-0.3132409534605964,47.173532159324246,0.3408244202427677,1
388,1.841673938336242,Participant3_FV_FuSl,Endomorph,Normal,slouch,1.0,0.0,0.0,-0.2491804167362131,47.4432339587141,0.3411787048830574,1
389,1.8464205206515416,Participant3_FV_FuSl,Endomorph,Normal,slouch,1.0,0.0,0.0,-0.3163101204898939,46.73142100232246,0.3516752346480852,1
390,1.8511671029668413,Participant3_FV_FuSl,Endomorph,Normal,slouch,1.0,0.0,0.0,-0.3226078791856658,46.005567583684346,0.3583673071466719,1
391,1.8559136852821407,Participant3_FV_FuSl,Endomorph,Normal,slouch,1.0,0.0,0.0,-0.3284851336857544,45.66000880974413,0.3581590757116651,1
392,1.8606602675974404,Participant3_FV_FuSl,Endomorph,Normal,slouch,1.0,0.0,0.0,-0.2936684348152355,45.450554586201065,0.3569859987127213,1
393,1.86540684991274,Participant3_FV_FuSl,Endomorph,Normal,slouch,1.0,0.0,0.0,-0.2444016334192539,47.94728356518682,0.3450307989894497,1
394,1.8701534322280395,Participant3_FV_FuSl,Endomorph,Normal,slouch,1.0,0.0,0.0,-0.2816790874281656,47.49005865447848,0.3410257090596121,1
395,1.8749000145433392,Participant3_FV_FuSl,Endomorph,Normal,slouch,1.0,0.0,0.0,-0.2690718976219357,47.13058253768648,0.3486290412973383,1
396,1.8796465968586389,Participant3_FV_FuSl,Endomorph,Normal,slouch,1.0,0.0,0.0,-0.2563796994312824,46.77956166156334,0.3439616067746543,1
397,1.8843931791739383,Participant3_FV_FuSl,Endomorph,Normal,slouch,1.0,0.0,0.0,-0.2362383092715752,48.01253360749049,0.3482541424179056,1
398,1.889139761489238,Participant3_FV_FuSl,Endomorph,Normal,slouch,1.0,0.0,0.0,-0.2841906264868207,46.21426446523142,0.3388082011185777,1
399,1.8938863438045372,Participant3_FV_FuSl,Endomorph,Normal,slouch,1.0,0.0,0.0,-0.2665833703276467,46.66469673580758,0.3278626273728148,1
400,1.8986329261198367,Participant3_FV_FuSl,Endomorph,Normal,slouch,1.0,0.0,0.0,-0.3362020847202762,44.87296430113456,0.3428764293480209,1
401,1.9033795084351368,Participant3_FV_FuSl,Endomorph,Normal,slouch,1.0,0.0,0.0,-0.3117102854039344,45.3927722836218,0.3540366714366632,1
402,1.9081260907504365,Participant3_FV_FuSl,Endomorph,Normal,slouch,1.0,0.0,0.0,-0.2924881791356016,46.42489700460544,0.3491714669814934,1
403,1.912872673065736,Participant3_FV_FuSl,Endomorph,Normal,slouch,1.0,0.0,0.0,-0.3190355610520751,46.16554604071812,0.3434319773958379,1
404,1.917619255381036,Participant3_FV_FuSl,Endomorph,Normal,slouch,1.0,0.0,0.0,-0.315050895146617,45.65838680174486,0.3666364846504901,1
405,1.922365837696335,Participant3_FV_FuSl,Endomorph,Normal,slouch,1.0,0.0,0.0,-0.2755013265864547,47.46877314429359,0.3415534432205488,1
406,1.9271124200116347,Participant3_FV_FuSl,Endomorph,Normal,slouch,1.0,0.0,0.0,-0.3374831895498897,44.90433529481443,0.3409875901091961,1
407,1.9318590023269344,Participant3_FV_FuSl,Endomorph,Normal,slouch,1.0,0.0,0.0,-0.3366851764748925,44.94278854511421,0.3496444131104299,1
408,1.9366055846422336,Participant3_FV_FuSl,Endomorph,Normal,slouch,1.0,0.0,0.0,-0.2733317800203447,45.46338562791868,0.3593625575593915,1
409,1.941352166957533,Participant3_FV_FuSl,Endomorph,Normal,slouch,1.0,0.0,0.0,-0.2768237190088684,45.63647739163481,0.3487802427325086,1
410,1.946098749272833,Participant3_FV_FuSl,Endomorph,Normal,slouch,1.0,0.0,0.0,-0.2767880725534544,44.605863081356375,0.3470730327012304,1
411,1.950845331588133,Participant3_FV_FuSl,Endomorph,Normal,slouch,1.0,0.0,0.0,-0.2999730543308897,44.80080840830258,0.3550010251498868,1
412,1.9555919139034323,Participant3_FV_FuSl,Endomorph,Normal,slouch,1.0,0.0,0.0,-0.2287859092457154,46.70515060748875,0.3568606980445882,1
413,1.960338496218732,Participant3_FV_FuSl,Endomorph,Normal,slouch,1.0,0.0,0.0,-0.2642002046247325,45.85870644892634,0.3518329330332102,1
414,1.9650850785340317,Participant3_FV_FuSl,Endomorph,Normal,slouch,1.0,0.0,0.0,-0.2704185260138982,46.05140378031042,0.3467413004468861,1
415,1.9698316608493311,Participant3_FV_FuSl,Endomorph,Normal,slouch,1.0,0.0,0.0,-0.2721924412172681,45.133129023478254,0.3556871541305249,1
416,1.9745782431646304,Participant3_FV_FuSl,Endomorph,Normal,slouch,1.0,0.0,0.0,-0.2739601475945699,45.08424420329692,0.3528638149434508,1
417,1.9793248254799305,Participant3_FV_FuSl,Endomorph,Normal,slouch,1.0,0.0,0.0,-0.2869407641759922,44.435131476058736,0.3411907395375788,1
418,1.9840714077952295,Participant3_FV_FuSl,Endomorph,Normal,slouch,1.0,0.0,0.0,-0.2822891823001335,44.95465692245049,0.3410125409005016,1
419,1.9888179901105292,Participant3_FV_FuSl,Endomorph,Normal,slouch,1.0,0.0,0.0,-0.3096459310197443,44.81788870864887,0.3515928156593946,1
420,1.993564572425829,Participant3_FV_FuSl,Endomorph,Normal,slouch,1.0,0.0,0.0,-0.2986911096639665,44.33023435810458,0.3337635986489674,1
421,1.9983111547411283,Participant3_FV_FuSl,Endomorph,Normal,slouch,1.0,0.0,0.0,-0.3102204413500665,45.30019406328227,0.3467623628007317,1
422,2.003057737056428,Participant3_FV_FuSl,Endomorph,Normal,slouch,1.0,0.0,0.0,-0.294391576614789,45.22325341018871,0.350181801300139,1
423,2.007804319371728,Participant3_FV_FuSl,Endomorph,Normal,slouch,1.0,0.0,0.0,-0.3087201062803579,44.27404046476903,0.3344004430119984,1
424,2.0125509016870278,Participant3_FV_FuSl,Endomorph,Normal,slouch,1.0,0.0,0.0,-0.2811108539065087,44.64275320937893,0.3400802108988158,1
425,2.017297484002327,Participant3_FV_FuSl,Endomorph,Normal,slouch,1.0,0.0,0.0,-0.2918982814019132,45.45987871301308,0.3403054134419221,1
426,2.0220440663176267,Participant3_FV_FuSl,Endomorph,Normal,slouch,1.0,0.0,0.0,-0.2765584556439945,45.16192550630767,0.3350024042648327,1
427,2.026790648632926,Participant3_FV_FuSl,Endomorph,Normal,slouch,1.0,0.0,0.0,-0.2986636391309739,44.05608823022608,0.3530516833608528,1
428,2.0315372309482256,Participant3_FV_FuSl,Endomorph,Normal,slouch,1.0,0.0,0.0,-0.3089130071972176,44.63521045147856,0.3538269041127669,1
429,2.036283813263525,Participant3_FV_FuSl,Endomorph,Normal,slouch,1.0,0.0,0.0,-0.3267489994408848,44.52490299429741,0.3485763898661125,1
430,2.041030395578825,Participant3_FV_FuSl,Endomorph,Normal,slouch,1.0,0.0,0.0,-0.3175491333201046,43.15849460770928,0.3409284872159478,1
431,2.0457769778941244,Participant3_FV_FuSl,Endomorph,Normal,slouch,1.0,0.0,0.0,-0.2918846756032497,43.580400188431305,0.3419837558702447,1
432,2.0505235602094243,Participant3_FV_FuSl,Endomorph,Normal,slouch,1.0,0.0,0.0,-0.3006020862197036,45.01435859149756,0.3367962011650718,1
433,2.055270142524724,Participant3_FV_FuSl,Endomorph,Normal,slouch,1.0,0.0,0.0,-0.3158065877858178,44.14936750333689,0.3304481637965183,1
434,2.060016724840023,Participant3_FV_FuSl,Endomorph,Normal,slouch,1.0,0.0,0.0,-0.2864671564236389,44.2302445490546,0.3378765407721993,1
435,2.064763307155323,Participant3_FV_FuSl,Endomorph,Normal,slouch,1.0,0.0,0.0,-0.3117143279392099,44.58721785609228,0.3342457121457716,1
436,2.0695098894706225,Participant3_FV_FuSl,Endomorph,Normal,slouch,1.0,0.0,0.0,-0.3000885383690582,43.739089697944586,0.336888808554902,1
437,2.074256471785922,Participant3_FV_FuSl,Endomorph,Normal,slouch,1.0,0.0,0.0,-0.2709746834734845,44.02936121080836,0.3452439668934874,1
438,2.079003054101222,Participant3_FV_FuSl,Endomorph,Normal,slouch,1.0,0.0,0.0,-0.2971557923552943,44.656040933217554,0.3472361809104999,1
439,2.0837496364165213,Participant3_FV_FuSl,Endomorph,Normal,slouch,1.0,0.0,0.0,-0.2887167047343081,44.32542209178424,0.3396215699287021,1
440,2.088496218731821,Participant3_FV_FuSl,Endomorph,Normal,slouch,1.0,0.0,0.0,-0.2947377540013347,44.923160249081874,0.3491889429193812,1
441,2.09324280104712,Participant3_FV_FuSl,Endomorph,Normal,slouch,1.0,0.0,0.0,-0.3062146532599996,43.88950614384866,0.3367787763607058,1
442,2.09798938336242,Participant3_FV_FuSl,Endomorph,Normal,slouch,1.0,0.0,0.0,-0.3074942406362591,43.64667712178474,0.341247587999549,1
443,2.10273596567772,Participant3_FV_FuSl,Endomorph,Normal,slouch,1.0,0.0,0.0,-0.3087105703405184,44.59971596299485,0.3435887747822968,1
444,2.107482547993019,Participant3_FV_FuSl,Endomorph,Normal,slouch,1.0,0.0,0.0,-0.3192780535557166,43.57968926396291,0.3406329457896789,1
445,2.112229130308319,Participant3_FV_FuSl,Endomorph,Normal,slouch,1.0,0.0,0.0,-0.32180274018369,44.22357605811017,0.3312903318227679,1
446,2.1169757126236184,Participant3_FV_FuSl,Endomorph,Normal,slouch,1.0,0.0,0.0,-0.284768988706066,44.81002624392634,0.3439971341561279,1
447,2.121722294938918,Participant3_FV_FuSl,Endomorph,Normal,slouch,1.0,0.0,0.0,-0.3015206431446986,44.19581456069451,0.3407572902778469,1
448,2.1264688772542177,Participant3_FV_FuSl,Endomorph,Normal,slouch,1.0,0.0,0.0,-0.3002163518904885,43.26908499224639,0.3292779855660954,1
449,2.131215459569517,Participant3_FV_FuSl,Endomorph,Normal,slouch,1.0,0.0,0.0,-0.3315578745285855,43.31378095402161,0.3328271869869506,1
450,2.1359620418848166,Participant3_FV_FuSl,Endomorph,Normal,slouch,1.0,0.0,0.0,-0.3296765884063874,43.704998873937605,0.3380884907064057,1
451,2.1407086242001165,Participant3_FV_FuSl,Endomorph,Normal,slouch,1.0,0.0,0.0,-0.3165203185258453,42.87450111268068,0.3410890261104147,1
452,2.145455206515416,Participant3_FV_FuSl,Endomorph,Normal,slouch,1.0,0.0,0.0,-0.3401889553074887,42.817484950373625,0.3401969167289186,1
453,2.1502017888307154,Participant3_FV_FuSl,Endomorph,Normal,slouch,1.0,0.0,0.0,-0.3802572364507857,43.05803171745399,0.3343617636863252,1
454,2.154948371146016,Participant3_FV_FuSl,Endomorph,Normal,slouch,1.0,0.0,0.0,-0.2738923125074474,44.60376991647705,0.3452848406187774,1
455,2.159694953461315,Participant3_FV_FuSl,Endomorph,Normal,slouch,1.0,0.0,0.0,-0.4027639832083665,42.039654874811895,0.3340670674506192,1
456,2.1644415357766142,Participant3_FV_FuSl,Endomorph,Normal,slouch,1.0,0.0,0.0,-0.3054799823674365,44.33332502442664,0.3332398041368937,1
457,2.169188118091914,Participant3_FV_FuSl,Endomorph,Normal,slouch,1.0,0.0,0.0,-0.2824718130504751,43.84149096862688,0.3394013222977056,1
458,2.1739347004072136,Participant3_FV_FuSl,Endomorph,Normal,slouch,1.0,0.0,0.0,-0.2804442672553531,44.0047260886321,0.3416760615899966,1
459,2.178681282722513,Participant3_FV_FuSl,Endomorph,Normal,slouch,1.0,0.0,0.0,-0.2958497007638266,43.99783750506378,0.3539504682944309,1
460,2.183427865037813,Participant3_FV_FuSl,Endomorph,Normal,slouch,1.0,0.0,0.0,-0.3035636628121088,44.27216381130639,0.3485352749376258,1
461,2.1881744473531124,Participant3_FV_FuSl,Endomorph,Normal,slouch,1.0,0.0,0.0,-0.316130728650342,44.79676426790357,0.3534692558477883,1
462,2.192921029668412,Participant3_FV_FuSl,Endomorph,Normal,slouch,1.0,0.0,0.0,-0.3379444951777339,44.42816809983013,0.353227774974235,1
463,2.1976676119837117,Participant3_FV_FuSl,Endomorph,Normal,slouch,1.0,0.0,0.0,-0.3326160268691108,43.17388137820054,0.3575463082509267,1
464,2.202414194299011,Participant3_FV_FuSl,Endomorph,Normal,slouch,1.0,0.0,0.0,-0.3449922169740232,43.75191075692332,0.3386366815979068,1
465,2.20716077661431,Participant3_FV_FuSl,Endomorph,Normal,slouch,1.0,0.0,0.0,-0.3322098734840792,44.55601166299397,0.3574477933967482,1
466,2.21190735892961,Participant3_FV_FuSl,Endomorph,Normal,slouch,1.0,0.0,0.0,-0.2797115346749511,43.66086278584866,0.3532116660718598,1
467,2.21665394124491,Participant3_FV_FuSl,Endomorph,Normal,slouch,1.0,0.0,0.0,-0.3580750265587867,44.36165109081425,0.3427229233648178,1
468,2.221400523560209,Participant3_FV_FuSl,Endomorph,Normal,slouch,1.0,0.0,0.0,-0.3788057524732605,43.1331527448334,0.3426316618164041,1
469,2.226147105875509,Participant3_FV_FuSl,Endomorph,Normal,slouch,1.0,0.0,0.0,-0.3517762050178048,44.00300878455949,0.3550493839231671,1
470,2.230893688190809,Participant3_FV_FuSl,Endomorph,Normal,slouch,1.0,0.0,0.0,-0.31504266290239,45.02018659800303,0.3574928352572037,1
471,2.2356402705061083,Participant3_FV_FuSl,Endomorph,Normal,slouch,1.0,0.0,0.0,-0.3370940323146046,45.29404793272626,0.3440645168040299,1
472,2.240386852821408,Participant3_FV_FuSl,Endomorph,Normal,slouch,1.0,0.0,0.0,-0.3267189794539317,45.56892211833469,0.3599978528703226,1
473,2.245133435136708,Participant3_FV_FuSl,Endomorph,Normal,slouch,1.0,0.0,0.0,-0.3125041517031683,45.381429974708375,0.3511821985278784,1
474,2.249880017452007,Participant3_FV_FuSl,Endomorph,Normal,slouch,1.0,0.0,0.0,-0.4110225673553331,44.986763265578254,0.358306947820331,1
475,2.2546265997673065,Participant3_FV_FuSl,Endomorph,Normal,slouch,1.0,0.0,0.0,-0.4490231514746785,45.08402992821362,0.3368084217807393,1
476,2.2593731820826064,Participant3_FV_FuSl,Endomorph,Normal,slouch,1.0,0.0,0.0,-0.4290388928577561,45.43348169743935,0.3428146996899253,1
477,2.264119764397906,Participant3_FV_FuSl,Endomorph,Normal,slouch,1.0,0.0,0.0,-0.4347190225682609,45.88234133117066,0.3388013204699766,1
478,2.2688663467132053,Participant3_FV_FuSl,Endomorph,Normal,slouch,1.0,0.0,0.0,-0.4157039403528887,44.97493788003728,0.3444103372684504,1
479,2.273612929028505,Participant3_FV_FuSl,Endomorph,Normal,slouch,1.0,0.0,0.0,-0.443685461739513,45.41792777383699,0.3487015179097321,1
480,2.2783595113438047,Participant3_FV_FuSl,Endomorph,Normal,slouch,1.0,0.0,0.0,-0.4008502746193559,44.78130293481388,0.3521390856567955,1
481,2.283106093659104,Participant3_FV_FuSl,Endomorph,Normal,slouch,1.0,0.0,0.0,-0.4755871491579369,45.46574245241487,0.3445382177709231,1
482,2.287852675974404,Participant3_FV_FuSl,Endomorph,Normal,slouch,1.0,0.0,0.0,-0.403860328429497,45.05213533997748,0.3365529780857905,1
483,2.2925992582897035,Participant3_FV_FuSl,Endomorph,Normal,slouch,1.0,0.0,0.0,-0.4883793612828002,45.212931890099775,0.3378759314444743,1
484,2.297345840605003,Participant3_FV_FuSl,Endomorph,Normal,slouch,1.0,0.0,0.0,-0.4148195261224605,44.13349038576431,0.3451131146553525,1
485,2.3020924229203024,Participant3_FV_FuSl,Endomorph,Normal,slouch,1.0,0.0,0.0,-0.3628051796825325,44.1469272747204,0.3440418978957841,1
486,2.3068390052356023,Participant3_FV_FuSl,Endomorph,Normal,slouch,1.0,0.0,0.0,-0.3436299002118035,43.64400888352576,0.3443194899752863,1
487,2.3115855875509017,Participant3_FV_FuSl,Endomorph,Normal,slouch,1.0,0.0,0.0,-0.4335332552326427,45.051432769610464,0.3347898516038221,1
488,2.316332169866201,Participant3_FV_FuSl,Endomorph,Normal,slouch,1.0,0.0,0.0,-0.3554480750410222,45.14682519692103,0.3529085743965789,1
489,2.321078752181501,Participant3_FV_FuSl,Endomorph,Normal,slouch,1.0,0.0,0.0,-0.3811159060699634,45.18896939027569,0.3636380559922812,1
490,2.3258253344968005,Participant3_FV_FuSl,Endomorph,Normal,slouch,1.0,0.0,0.0,-0.4179422264285357,44.579234939990336,0.3493108509419795,1
491,2.3305719168121,Participant3_FV_FuSl,Endomorph,Normal,slouch,1.0,0.0,0.0,-0.421922558304021,44.99176091286421,0.3600711172274415,1
492,2.3353184991274,Participant3_FV_FuSl,Endomorph,Normal,slouch,1.0,0.0,0.0,-0.4010254650704284,45.53141141739069,0.3308908698131356,1
493,2.3400650814426998,Participant3_FV_FuSl,Endomorph,Normal,slouch,1.0,0.0,0.0,-0.450299656240046,45.23196114653447,0.3380329786161913,1
494,2.3448116637579988,Participant3_FV_FuSl,Endomorph,Normal,slouch,1.0,0.0,0.0,-0.4192679445152238,44.44883538723077,0.3295096158094519,1
495,2.3495582460732987,Participant3_FV_FuSl,Endomorph,Normal,slouch,1.0,0.0,0.0,-0.4754488371286609,44.35514706277208,0.3340843641495636,1
496,2.354304828388598,Participant3_FV_FuSl,Endomorph,Normal,slouch,1.0,0.0,0.0,-0.4147651457988962,44.52916639714902,0.3302197144153946,1
497,2.3590514107038976,Participant3_FV_FuSl,Endomorph,Normal,slouch,1.0,0.0,0.0,-0.4842015769210768,43.34821026730164,0.337621365050374,1
498,2.363797993019197,Participant3_FV_FuSl,Endomorph,Normal,slouch,1.0,0.0,0.0,-0.4362332790774151,44.08915441738329,0.3417827565864806,1
499,2.368544575334497,Participant3_FV_FuSl,Endomorph,Normal,slouch,1.0,0.0,0.0,-0.4013617553908301,45.12684508915575,0.3395205485679309,1
500,2.3732911576497964,Participant3_FV_FuSl,Endomorph,Normal,slouch,1.0,0.0,0.0,-0.4138643985582868,44.82974781071776,0.3478239982508892,1
501,2.378037739965096,Participant3_FV_FuSl,Endomorph,Normal,slouch,1.0,0.0,0.0,-0.4171066792397288,44.33192463133779,0.3359101581959693,1
502,2.382784322280396,Participant3_FV_FuSl,Endomorph,Normal,slouch,1.0,0.0,0.0,-0.440462874954434,43.3984730807121,0.3386648623921341,1
503,2.387530904595695,Participant3_FV_FuSl,Endomorph,Normal,slouch,1.0,0.0,0.0,-0.4120252625902222,44.57736390444232,0.3346720691206231,1
504,2.3922774869109946,Participant3_FV_FuSl,Endomorph,Normal,slouch,1.0,0.0,0.0,-0.3986321512969537,45.010532074735714,0.3284205882886051,1
505,2.3970240692262945,Participant3_FV_FuSl,Endomorph,Normal,slouch,1.0,0.0,0.0,-0.3971597856684775,44.57170364493129,0.3449874482486594,1
506,2.401770651541594,Participant3_FV_FuSl,Endomorph,Normal,slouch,1.0,0.0,0.0,-0.473686757648101,44.03392096505806,0.3453896371893917,1
507,2.406517233856893,Participant3_FV_FuSl,Endomorph,Normal,slouch,1.0,0.0,0.0,-0.5082345882668958,43.89700242284422,0.3486683900764222,1
508,2.4112638161721933,Participant3_FV_FuSl,Endomorph,Normal,slouch,1.0,0.0,0.0,-0.4694775437515599,44.33488930980348,0.3419422723081298,1
509,2.4160103984874928,Participant3_FV_FuSl,Endomorph,Normal,slouch,1.0,0.0,0.0,-0.4914724786062513,45.690696331296245,0.3349074902196745,1
510,2.420756980802792,Participant3_FV_FuSl,Endomorph,Normal,slouch,1.0,0.0,0.0,-0.5547591738808176,43.59194861609687,0.3409356219516602,1
511,2.425503563118092,Participant3_FV_FuSl,Endomorph,Normal,slouch,1.0,0.0,0.0,-0.5260713798469506,44.02009062275529,0.3521677284440375,1
512,2.430250145433392,Participant3_FV_FuSl,Endomorph,Normal,slouch,1.0,0.0,0.0,-0.5358101967497692,43.98482482968473,0.3521623020646995,1
513,2.434996727748691,Participant3_FV_FuSl,Endomorph,Normal,slouch,1.0,0.0,0.0,-0.5328723497046162,43.91399903395354,0.3490391181396578,1
514,2.439743310063991,Participant3_FV_FuSl,Endomorph,Normal,slouch,1.0,0.0,0.0,-0.5090842450509582,44.16671143902853,0.3411280595774105,1
515,2.4444898923792904,Participant3_FV_FuSl,Endomorph,Normal,slouch,1.0,0.0,0.0,-0.4934962941447116,44.63274230660005,0.3380363563940333,1
516,2.44923647469459,Participant3_FV_FuSl,Endomorph,Normal,slouch,1.0,0.0,0.0,-0.4905934778786283,43.81131201745756,0.3516461758845048,1
517,2.4539830570098897,Participant3_FV_FuSl,Endomorph,Normal,slouch,1.0,0.0,0.0,-0.5463750677095106,43.65998729981733,0.3447269368046253,1
518,2.458729639325189,Participant3_FV_FuSl,Endomorph,Normal,slouch,1.0,0.0,0.0,-0.4686253474684584,44.618337521654766,0.3431927681236958,1
519,2.4634762216404886,Participant3_FV_FuSl,Endomorph,Normal,slouch,1.0,0.0,0.0,-0.5047365151358968,44.568205636950445,0.3472881779526944,1
520,2.468222803955788,Participant3_FV_FuSl,Endomorph,Normal,slouch,1.0,0.0,0.0,-0.503311031329259,44.61218391926779,0.3479512511320584,1
521,2.472969386271088,Participant3_FV_FuSl,Endomorph,Normal,slouch,1.0,0.0,0.0,-0.5607149454412939,44.20056230937883,0.3443688409918416,1
522,2.4777159685863874,Participant3_FV_FuSl,Endomorph,Normal,slouch,1.0,0.0,0.0,-0.5625489849771033,42.47726200869003,0.3528250880945672,1
523,2.482462550901687,Participant3_FV_FuSl,Endomorph,Normal,slouch,1.0,0.0,0.0,-0.4895861414664405,44.173779669629845,0.3385800520783326,1
524,2.487209133216987,Participant3_FV_FuSl,Endomorph,Normal,slouch,1.0,0.0,0.0,-0.480821517092353,44.9328945161362,0.3558252664756679,1
525,2.4919557155322862,Participant3_FV_FuSl,Endomorph,Normal,slouch,1.0,0.0,0.0,-0.4955732740004756,44.02141816335052,0.3514685053067494,1
526,2.4967022978475857,Participant3_FV_FuSl,Endomorph,Normal,slouch,1.0,0.0,0.0,-0.5103250309085983,43.79813843577232,0.3558659129397038,1
527,2.5014488801628856,Participant3_FV_FuSl,Endomorph,Normal,slouch,1.0,0.0,0.0,-0.5080787193502492,43.04853355921093,0.3466905825621376,1
528,2.506195462478185,Participant3_FV_FuSl,Endomorph,Normal,slouch,1.0,0.0,0.0,-0.4775898780785991,42.44480858668816,0.3546447998384879,1
529,2.5109420447934845,Participant3_FV_FuSl,Endomorph,Normal,slouch,1.0,0.0,0.0,-0.4803502574289205,43.77609774054381,0.3432741907561116,1
530,2.5156886271087844,Participant3_FV_FuSl,Endomorph,Normal,slouch,1.0,0.0,0.0,-0.4229585628588024,44.35751211523262,0.3444672801311198,1
531,2.520435209424084,Participant3_FV_FuSl,Endomorph,Normal,slouch,1.0,0.0,0.0,-0.4047086151166743,44.204248723294505,0.335492569340761,1
532,2.5251817917393837,Participant3_FV_FuSl,Endomorph,Normal,slouch,1.0,0.0,0.0,-0.4040820199716275,45.49973057671703,0.3354258079770448,1
533,2.529928374054683,Participant3_FV_FuSl,Endomorph,Normal,slouch,1.0,0.0,0.0,-0.5375817383048637,45.27874289680431,0.339324462269344,1
534,2.534674956369982,Participant3_FV_FuSl,Endomorph,Normal,slouch,1.0,0.0,0.0,-0.438572954611068,43.30226330860722,0.3477508373524459,1
535,2.539421538685282,Participant3_FV_FuSl,Endomorph,Normal,slouch,1.0,0.0,0.0,-0.5340057060712798,43.53162321510885,0.3526440169116264,1
536,2.544168121000582,Participant3_FV_FuSl,Endomorph,Normal,slouch,1.0,0.0,0.0,-0.4370271903293864,43.93515839546025,0.3488336401080706,1
537,2.548914703315881,Participant3_FV_FuSl,Endomorph,Normal,slouch,1.0,0.0,0.0,-0.4870727222000304,43.40191566122369,0.3527646987366127,1
538,2.553661285631181,Participant3_FV_FuSl,Endomorph,Normal,slouch,1.0,0.0,0.0,-0.4318886369273114,43.24923352386416,0.3524312206199289,1
539,2.5584078679464803,Participant3_FV_FuSl,Endomorph,Normal,slouch,1.0,0.0,0.0,-0.5042381988082678,42.884835859382285,0.3397231853617024,1
540,2.56315445026178,Participant3_FV_FuSl,Endomorph,Normal,slouch,1.0,0.0,0.0,-0.5044566049786544,43.29627285806256,0.334442317722634,1
541,2.56790103257708,Participant3_FV_FuSl,Endomorph,Normal,slouch,1.0,0.0,0.0,-0.5363231145481354,43.40056912707986,0.3508093323660775,1
542,2.572647614892379,Participant3_FV_FuSl,Endomorph,Normal,slouch,1.0,0.0,0.0,-0.5090790357456006,44.39215369933178,0.356054583237029,1
543,2.577394197207679,Participant3_FV_FuSl,Endomorph,Normal,slouch,1.0,0.0,0.0,-0.4575654835825652,44.27218719751225,0.338353566114445,1
544,2.5821407795229785,Participant3_FV_FuSl,Endomorph,Normal,slouch,1.0,0.0,0.0,-0.4228342580947855,44.66555386782351,0.3466406925900528,1
545,2.586887361838278,Participant3_FV_FuSl,Endomorph,Normal,slouch,1.0,0.0,0.0,-0.4337720810411135,44.564544813142895,0.3418273876927192,1
546,2.591633944153578,Participant3_FV_FuSl,Endomorph,Normal,slouch,1.0,0.0,0.0,-0.4362178512261135,43.85526799507035,0.3482475062996262,1
547,2.5963805264688773,Participant3_FV_FuSl,Endomorph,Normal,slouch,1.0,0.0,0.0,-0.439441441816087,44.10032992574326,0.3342868723542277,1
548,2.6011271087841767,Participant3_FV_FuSl,Endomorph,Normal,slouch,1.0,0.0,0.0,-0.5336008908589673,44.54692514041108,0.3498843428803044,1
549,2.6058736910994766,Participant3_FV_FuSl,Endomorph,Normal,slouch,1.0,0.0,0.0,-0.4995581215391192,44.584273624508754,0.3526602270091696,1
550,2.610620273414776,Participant3_FV_FuSl,Endomorph,Normal,slouch,1.0,0.0,0.0,-0.4618422150963062,44.24173214703379,0.3454351840306237,1
551,2.6153668557300755,Participant3_FV_FuSl,Endomorph,Normal,slouch,1.0,0.0,0.0,-0.4822354580554435,44.21345978287993,0.3549548550585151,1
552,2.6201134380453754,Participant3_FV_FuSl,Endomorph,Normal,slouch,1.0,0.0,0.0,-0.3540510340888463,44.691027916038685,0.3493384438737233,1
553,2.624860020360675,Participant3_FV_FuSl,Endomorph,Normal,slouch,1.0,0.0,0.0,-0.3440806308391123,44.51539743838418,0.3509817448954255,1
554,2.6296066026759743,Participant3_FV_FuSl,Endomorph,Normal,slouch,1.0,0.0,0.0,-0.3511139297331199,45.43167744577338,0.3418907633878387,1
555,2.6343531849912742,Participant3_FV_FuSl,Endomorph,Normal,slouch,1.0,0.0,0.0,-0.357808603459198,44.49847564209888,0.3520349886910862,1
556,2.6390997673065737,Participant3_FV_FuSl,Endomorph,Normal,slouch,1.0,0.0,0.0,-0.3839186130567721,45.11530215122161,0.3549521562210617,1
557,2.643846349621873,Participant3_FV_FuSl,Endomorph,Normal,slouch,1.0,0.0,0.0,-0.5163917184708782,43.26860331330777,0.3524918452946656,1
558,2.6485929319371726,Participant3_FV_FuSl,Endomorph,Normal,slouch,1.0,0.0,0.0,-0.4520848235473352,44.52543996324609,0.3618644123735934,1
559,2.6533395142524725,Participant3_FV_FuSl,Endomorph,Normal,slouch,1.0,0.0,0.0,-0.4643262449453837,43.90824344375098,0.3484936034810103,1
560,2.658086096567772,Participant3_FV_FuSl,Endomorph,Normal,slouch,1.0,0.0,0.0,-0.4766769782845889,43.76295968030193,0.3522602673937931,1
561,2.6628326788830714,Participant3_FV_FuSl,Endomorph,Normal,slouch,1.0,0.0,0.0,-0.5273415789059185,44.30728104518078,0.3452467684160697,1
562,2.6675792611983717,Participant3_FV_FuSl,Endomorph,Normal,slouch,1.0,0.0,0.0,-0.4480392026900659,43.59962214261865,0.3534422114693025,1
563,2.6723258435136708,Participant3_FV_FuSl,Endomorph,Normal,slouch,1.0,0.0,0.0,-0.5290003203428458,43.58476741647798,0.3369501434933064,1
564,2.67707242582897,Participant3_FV_FuSl,Endomorph,Normal,slouch,1.0,0.0,0.0,-0.55596595252583,44.25438389956033,0.3391063647474768,1
565,2.68181900814427,Participant3_FV_FuSl,Endomorph,Normal,slouch,1.0,0.0,0.0,-0.5448688465441132,43.18556531537875,0.3353498288303415,1
566,2.6865655904595696,Participant3_FV_FuSl,Endomorph,Normal,slouch,1.0,0.0,0.0,-0.3927284701882523,43.915115058835845,0.3419862310551683,1
567,2.691312172774869,Participant3_FV_FuSl,Endomorph,Normal,slouch,1.0,0.0,0.0,-0.3211152721284468,44.59672587061026,0.3495054088096549,1
568,2.696058755090169,Participant3_FV_FuSl,Endomorph,Normal,slouch,1.0,0.0,0.0,-0.3339419194073381,45.01561193715917,0.3507620595893006,1
569,2.7008053374054684,Participant3_FV_FuSl,Endomorph,Normal,slouch,1.0,0.0,0.0,-0.3262252680078574,44.69805533798109,0.3477979948637223,1
570,2.705551919720768,Participant3_FV_FuSl,Endomorph,Normal,slouch,1.0,0.0,0.0,-0.4152712292738149,43.76564363748038,0.3542440885992413,1
571,2.710298502036068,Participant3_FV_FuSl,Endomorph,Normal,slouch,1.0,0.0,0.0,-0.4284148633642162,44.11620670435512,0.3516990142017954,1
572,2.715045084351367,Participant3_FV_FuSl,Endomorph,Normal,slouch,1.0,0.0,0.0,-0.3962891474116085,44.404282124142014,0.3589490422559043,1
573,2.7197916666666666,Participant3_FV_FuSl,Endomorph,Normal,slouch,1.0,0.0,0.0,-0.4049642032324853,43.82319157765927,0.345380625769234,1
574,2.7245382489819665,Participant3_FV_FuSl,Endomorph,Normal,slouch,1.0,0.0,0.0,-0.3246263999854342,43.98777553617085,0.3464059139864556,1
575,2.729284831297266,Participant3_FV_FuSl,Endomorph,Normal,slouch,1.0,0.0,0.0,-0.3312237115055627,43.4318080291052,0.3465242318443338,1
576,2.7340314136125654,Participant3_FV_FuSl,Endomorph,Normal,slouch,1.0,0.0,0.0,-0.4236252824768084,44.541985676265455,0.3189722625918624,1
577,2.7387779959278653,Participant3_FV_FuSl,Endomorph,Normal,slouch,1.0,0.0,0.0,-0.389950178762547,44.79984471244325,0.3234485679397963,1
578,2.7435245782431648,Participant3_FV_FuSl,Endomorph,Normal,slouch,1.0,0.0,0.0,-0.3616499910067389,43.86217373741538,0.3384106122906106,1
579,2.748271160558464,Participant3_FV_FuSl,Endomorph,Normal,slouch,1.0,0.0,0.0,-0.4227131471551222,43.50517098442386,0.339155020105668,1
580,2.753017742873764,Participant3_FV_FuSl,Endomorph,Normal,slouch,1.0,0.0,0.0,-0.3572938421018539,42.746932591691255,0.3309333414486578,1
581,2.757764325189064,Participant3_FV_FuSl,Endomorph,Normal,slouch,1.0,0.0,0.0,-0.3382354572036876,42.37982517235166,0.3404042484722587,1
582,2.762510907504363,Participant3_FV_FuSl,Endomorph,Normal,slouch,1.0,0.0,0.0,-0.2905588831957288,44.14649640202922,0.3392916773651641,1
583,2.7672574898196625,Participant3_FV_FuSl,Endomorph,Normal,slouch,1.0,0.0,0.0,-0.3854796177712226,43.87976745924092,0.3446669562661025,1
584,2.7720040721349624,Participant3_FV_FuSl,Endomorph,Normal,slouch,1.0,0.0,0.0,-0.2991781414015876,43.33554762735869,0.340692780578385,1
585,2.776750654450262,Participant3_FV_FuSl,Endomorph,Normal,slouch,1.0,0.0,0.0,-0.3440419350212721,42.839832834363065,0.3391824966550853,1
586,2.7814972367655613,Participant3_FV_FuSl,Endomorph,Normal,slouch,1.0,0.0,0.0,-0.2769893908766517,43.55590062093688,0.332863207363778,1
587,2.786243819080861,Participant3_FV_FuSl,Endomorph,Normal,slouch,1.0,0.0,0.0,-0.3849413068331124,43.40603677711077,0.3585648386623718,1
588,2.7909904013961606,Participant3_FV_FuSl,Endomorph,Normal,slouch,1.0,0.0,0.0,-0.2884510316994297,43.75678805132835,0.3597759681504444,1
589,2.79573698371146,Participant3_FV_FuSl,Endomorph,Normal,slouch,1.0,0.0,0.0,-0.3562415562925183,43.88993256549153,0.3548447807517046,1
590,2.80048356602676,Participant3_FV_FuSl,Endomorph,Normal,slouch,1.0,0.0,0.0,-0.3486627126568257,43.60138528024882,0.3610284299349986,1
591,2.8052301483420594,Participant3_FV_FuSl,Endomorph,Normal,slouch,1.0,0.0,0.0,-0.3865869815373538,44.26680356791894,0.3568145968566105,1
592,2.809976730657359,Participant3_FV_FuSl,Endomorph,Normal,slouch,1.0,0.0,0.0,-0.2788405918244276,44.2868386139105,0.3537654484521105,1
593,2.8147233129726588,Participant3_FV_FuSl,Endomorph,Normal,slouch,1.0,0.0,0.0,-0.2993351553260948,43.73888404077394,0.3476266388783051,1
594,2.819469895287958,Participant3_FV_FuSl,Endomorph,Normal,slouch,1.0,0.0,0.0,-0.2827892840582922,43.309231148062544,0.3479313374280625,1
595,2.8242164776032577,Participant3_FV_FuSl,Endomorph,Normal,slouch,1.0,0.0,0.0,-0.2793619469314089,43.26716032405278,0.3458474554394732,1
596,2.8289630599185576,Participant3_FV_FuSl,Endomorph,Normal,slouch,1.0,0.0,0.0,-0.3974282707955235,43.19960578932256,0.3556221450221806,1
597,2.833709642233857,Participant3_FV_FuSl,Endomorph,Normal,slouch,1.0,0.0,0.0,-0.4734807308062123,43.5692130228716,0.3549948946266238,1
598,2.8384562245491565,Participant3_FV_FuSl,Endomorph,Normal,slouch,1.0,0.0,0.0,-0.3655834728548524,43.99562420861636,0.3570717404884741,1
599,2.843202806864456,Participant3_FV_FuSl,Endomorph,Normal,slouch,1.0,0.0,0.0,-0.3245875166626585,44.03532738363508,0.3500845319631255,1
600,2.847949389179756,Participant3_FV_FuSl,Endomorph,Normal,slouch,1.0,0.0,0.0,-0.316207441777927,43.34540669155988,0.3523967109622692,1
601,2.8526959714950557,Participant3_FV_FuSl,Endomorph,Normal,slouch,1.0,0.0,0.0,-0.3360026465270503,44.15096772286061,0.3484237007028527,1
602,2.8574425538103547,Participant3_FV_FuSl,Endomorph,Normal,slouch,1.0,0.0,0.0,-0.3281293137192383,43.08544403892288,0.347575990978318,1
603,2.8621891361256546,Participant3_FV_FuSl,Endomorph,Normal,slouch,1.0,0.0,0.0,-0.3104915227751916,43.20663312649455,0.3483981997188355,1
604,2.866935718440954,Participant3_FV_FuSl,Endomorph,Normal,slouch,1.0,0.0,0.0,-0.396052137492431,43.17414465113787,0.3459534450276384,1
605,2.871682300756253,Participant3_FV_FuSl,Endomorph,Normal,slouch,1.0,0.0,0.0,-0.4625010524856602,43.641934910337056,0.3484087838935856,1
606,2.8764288830715534,Participant3_FV_FuSl,Endomorph,Normal,slouch,1.0,0.0,0.0,-0.4174604871398855,43.71635426768407,0.3468947771157583,1
607,2.881175465386853,Participant3_FV_FuSl,Endomorph,Normal,slouch,1.0,0.0,0.0,-0.3656548845743739,43.40233382024456,0.343763840536463,1
608,2.8859220477021523,Participant3_FV_FuSl,Endomorph,Normal,slouch,1.0,0.0,0.0,-0.4159669531056773,44.54761525348695,0.3409233358909668,1
609,2.890668630017452,Participant3_FV_FuSl,Endomorph,Normal,slouch,1.0,0.0,0.0,-0.342245578523789,43.53728139703552,0.3500837182095589,1
610,2.895415212332752,Participant3_FV_FuSl,Endomorph,Normal,slouch,1.0,0.0,0.0,-0.3371264585633492,43.48358492847344,0.3455574191005854,1
611,2.900161794648051,Participant3_FV_FuSl,Endomorph,Normal,slouch,1.0,0.0,0.0,-0.3369269345228971,43.78173297418655,0.3503633285635161,1
612,2.904908376963351,Participant3_FV_FuSl,Endomorph,Normal,slouch,1.0,0.0,0.0,-0.3128191959105449,43.57563286840927,0.343006846333609,1
613,2.9096549592786505,Participant3_FV_FuSl,Endomorph,Normal,slouch,1.0,0.0,0.0,-0.3249790124429086,44.40918471067223,0.3475863776072196,1
614,2.91440154159395,Participant3_FV_FuSl,Endomorph,Normal,slouch,1.0,0.0,0.0,-0.3850018025975082,44.74730832012688,0.3522671404580414,1
615,2.91914812390925,Participant3_FV_FuSl,Endomorph,Normal,slouch,1.0,0.0,0.0,-0.340881978905551,44.89745578774889,0.3418275016095387,1
616,2.9238947062245493,Participant3_FV_FuSl,Endomorph,Normal,slouch,1.0,0.0,0.0,-0.3288062121161617,43.61491895884657,0.3427211785917646,1
617,2.9286412885398487,Participant3_FV_FuSl,Endomorph,Normal,slouch,1.0,0.0,0.0,-0.3440995594160432,43.3243688082057,0.3440526710991274,1
618,2.933387870855148,Participant3_FV_FuSl,Endomorph,Normal,slouch,1.0,0.0,0.0,-0.3603965964830895,44.60111302583785,0.3444153148093351,1
619,2.938134453170448,Participant3_FV_FuSl,Endomorph,Normal,slouch,1.0,0.0,0.0,-0.3452427338108461,45.37591818932883,0.3446269172611121,1
620,2.9428810354857475,Participant3_FV_FuSl,Endomorph,Normal,slouch,1.0,0.0,0.0,-0.2712693259751535,45.437642264213245,0.341600354876592,1
621,2.947627617801047,Participant3_FV_FuSl,Endomorph,Normal,slouch,1.0,0.0,0.0,-0.3020498461556403,44.28964065776229,0.3582018619484197,1
622,2.952374200116347,Participant3_FV_FuSl,Endomorph,Normal,slouch,1.0,0.0,0.0,-0.4482561932008588,43.41970863086912,0.3386930319038446,1
623,2.9571207824316463,Participant3_FV_FuSl,Endomorph,Normal,slouch,1.0,0.0,0.0,-0.3788978800565241,43.445188632344006,0.3396344647315658,1
624,2.961867364746946,Participant3_FV_FuSl,Endomorph,Normal,slouch,1.0,0.0,0.0,-0.3016090248385711,43.10227458721437,0.3432551776871123,1
625,2.9666139470622457,Participant3_FV_FuSl,Endomorph,Normal,slouch,1.0,0.0,0.0,-0.3178897191054255,42.94069972831316,0.3475890631256977,1
626,2.971360529377545,Participant3_FV_FuSl,Endomorph,Normal,slouch,1.0,0.0,0.0,-0.2874154026329604,45.12748747080536,0.3469413543069622,1
627,2.9761071116928446,Participant3_FV_FuSl,Endomorph,Normal,slouch,1.0,0.0,0.0,-0.2816624593029558,43.04491933546089,0.3370047279867404,1
628,2.9808536940081445,Participant3_FV_FuSl,Endomorph,Normal,slouch,1.0,0.0,0.0,-0.277384653092396,43.8744324468389,0.3520153716169445,1
629,2.985600276323444,Participant3_FV_FuSl,Endomorph,Normal,slouch,1.0,0.0,0.0,-0.2887322892421384,44.35535763593027,0.3492539587223868,1
630,2.9903468586387434,Participant3_FV_FuSl,Endomorph,Normal,slouch,1.0,0.0,0.0,-0.2956312060119479,44.20582648066623,0.3533500372235745,1
631,2.9950934409540437,Participant3_FV_FuSl,Endomorph,Normal,slouch,1.0,0.0,0.0,-0.30751791229189,44.70397099163339,0.3486058461124448,1
632,2.9998400232693427,Participant3_FV_FuSl,Endomorph,Normal,slouch,1.0,0.0,0.0,-0.3778791923094663,43.85700497699166,0.3517228301353294,1
633,3.004586605584642,Participant3_FV_FuSl,Endomorph,Normal,slouch,1.0,0.0,0.0,-0.2819772015809305,44.03650955900637,0.3506388353999388,1
634,3.009333187899942,Participant3_FV_FuSl,Endomorph,Normal,slouch,1.0,0.0,0.0,-0.3230974942512413,44.35868767046807,0.3524618099521893,1
635,3.014079770215241,Participant3_FV_FuSl,Endomorph,Normal,slouch,1.0,0.0,0.0,-0.4081220708834894,43.99223053089492,0.3560543230587062,1
636,3.018826352530541,Participant3_FV_FuSl,Endomorph,Normal,slouch,1.0,0.0,0.0,-0.2679285307962861,43.990979686566014,0.3475598267727519,1
637,3.0235729348458404,Participant3_FV_FuSl,Endomorph,Normal,slouch,1.0,0.0,0.0,-0.3601755649582803,43.74498703299075,0.3525221085822522,1
638,3.0283195171611403,Participant3_FV_FuSl,Endomorph,Normal,slouch,1.0,0.0,0.0,-0.3013450679913201,44.51648442432216,0.3410797057257441,1
639,3.03306609947644,Participant3_FV_FuSl,Endomorph,Normal,slouch,1.0,0.0,0.0,-0.3898041125918214,43.308813958132816,0.3487938828952141,1
640,3.0378126817917392,Participant3_FV_FuSl,Endomorph,Normal,slouch,1.0,0.0,0.0,-0.2965559573911184,44.26444139076411,0.3543148505485591,1
641,3.042559264107039,Participant3_FV_FuSl,Endomorph,Normal,slouch,1.0,0.0,0.0,-0.3326340459754102,44.74215394546342,0.3503999260561294,1
642,3.0473058464223386,Participant3_FV_FuSl,Endomorph,Normal,slouch,1.0,0.0,0.0,-0.2790053018255732,45.71043527017718,0.3466492657661752,1
643,3.052052428737638,Participant3_FV_FuSl,Endomorph,Normal,slouch,1.0,0.0,0.0,-0.3090900094460921,44.514502316323096,0.3529171500842654,1
644,3.056799011052938,Participant3_FV_FuSl,Endomorph,Normal,slouch,1.0,0.0,0.0,-0.3551334350762911,43.86290526401317,0.3566667967727387,1
645,3.0615455933682374,Participant3_FV_FuSl,Endomorph,Normal,slouch,1.0,0.0,0.0,-0.3126865554679786,45.02302076500131,0.3550573661999741,1
646,3.066292175683537,Participant3_FV_FuSl,Endomorph,Normal,slouch,1.0,0.0,0.0,-0.3036074919456006,44.95653717554409,0.3554740207336825,1
647,3.0710387579988367,Participant3_FV_FuSl,Endomorph,Normal,slouch,1.0,0.0,0.0,-0.3286976078201535,43.94335080102282,0.3644251354080702,1
648,3.075785340314136,Participant3_FV_FuSl,Endomorph,Normal,slouch,1.0,0.0,0.0,-0.3164296977824832,44.24300992658922,0.3594731018423006,1
649,3.080531922629436,Participant3_FV_FuSl,Endomorph,Normal,slouch,1.0,0.0,0.0,-0.3205374165492344,44.326544705385146,0.3558678375826292,1
650,3.0852785049447355,Participant3_FV_FuSl,Endomorph,Normal,slouch,1.0,0.0,0.0,-0.3604796151602566,44.372349712704086,0.3583083339954351,1
651,3.090025087260035,Participant3_FV_FuSl,Endomorph,Normal,slouch,1.0,0.0,0.0,-0.3048385403583525,43.90412087142446,0.351259780007299,1
652,3.0947716695753344,Participant3_FV_FuSl,Endomorph,Normal,slouch,1.0,0.0,0.0,-0.3264756257609782,44.46781289773536,0.357988398695973,1
653,3.0995182518906343,Participant3_FV_FuSl,Endomorph,Normal,slouch,1.0,0.0,0.0,-0.2674670193156845,44.88939865279703,0.3605957202382341,1
654,3.104264834205934,Participant3_FV_FuSl,Endomorph,Normal,slouch,1.0,0.0,0.0,-0.3061159949975732,45.04837012725083,0.3609092849438102,1
655,3.1090114165212333,Participant3_FV_FuSl,Endomorph,Normal,slouch,1.0,0.0,0.0,-0.4227655911496673,44.06663742772019,0.3597715178802527,1
656,3.1137579988365327,Participant3_FV_FuSl,Endomorph,Normal,slouch,1.0,0.0,0.0,-0.3184309867985794,44.4817419769688,0.3678879462146529,1
657,3.1185045811518326,Participant3_FV_FuSl,Endomorph,Normal,slouch,1.0,0.0,0.0,-0.3198399837948085,44.68585485100209,0.3631911398897683,1
658,3.123251163467132,Participant3_FV_FuSl,Endomorph,Normal,slouch,1.0,0.0,0.0,-0.3057247308091882,44.73443606922522,0.357766947386162,1
659,3.1279977457824315,Participant3_FV_FuSl,Endomorph,Normal,slouch,1.0,0.0,0.0,-0.2784000144359576,44.34411989636914,0.3508740004908897,1
660,3.1327443280977314,Participant3_FV_FuSl,Endomorph,Normal,slouch,1.0,0.0,0.0,-0.3230636171126736,43.968136955593415,0.3521538314966249,1
661,3.137490910413031,Participant3_FV_FuSl,Endomorph,Normal,slouch,1.0,0.0,0.0,-0.2960195539693965,43.88587136826585,0.3578788814894311,1
662,3.1422374927283303,Participant3_FV_FuSl,Endomorph,Normal,slouch,1.0,0.0,0.0,-0.300701132485335,44.50598929575224,0.3610925784280489,1
663,3.14698407504363,Participant3_FV_FuSl,Endomorph,Normal,slouch,1.0,0.0,0.0,-0.2758750909871265,44.10746414371212,0.3600828725816077,1
664,3.1517306573589297,Participant3_FV_FuSl,Endomorph,Normal,slouch,1.0,0.0,0.0,-0.2878992104406127,44.63853151260408,0.3579724314174793,1
665,3.156477239674229,Participant3_FV_FuSl,Endomorph,Normal,slouch,1.0,0.0,0.0,-0.3163978416916007,44.63991176506848,0.3622422183385907,1
666,3.161223821989529,Participant3_FV_FuSl,Endomorph,Normal,slouch,1.0,0.0,0.0,-0.3021288565263272,44.18443227004415,0.3525791154068151,1
667,3.1659704043048285,Participant3_FV_FuSl,Endomorph,Normal,slouch,1.0,0.0,0.0,-0.2928974187072947,44.262583046161886,0.3581349350558959,1
668,3.170716986620128,Participant3_FV_FuSl,Endomorph,Normal,slouch,1.0,0.0,0.0,-0.2951365689179294,43.87914998749434,0.3536298578990959,1
669,3.175463568935428,Participant3_FV_FuSl,Endomorph,Normal,slouch,1.0,0.0,0.0,-0.2899029472167989,44.47342351486167,0.3592863849968071,1
670,3.1802101512507277,Participant3_FV_FuSl,Endomorph,Normal,slouch,1.0,0.0,0.0,-0.3592727210139589,44.324054145726606,0.3604635348429469,1
671,3.1849567335660267,Participant3_FV_FuSl,Endomorph,Normal,slouch,1.0,0.0,0.0,-0.2930821928369959,44.418401068016806,0.3573650913215073,1
672,3.1897033158813266,Participant3_FV_FuSl,Endomorph,Normal,slouch,1.0,0.0,0.0,-0.3069649978926695,44.73087393225952,0.3562010497656656,1
673,3.194449898196626,Participant3_FV_FuSl,Endomorph,Normal,slouch,1.0,0.0,0.0,-0.273962558905772,44.46021310476082,0.3539726965668657,1
674,3.199196480511925,Participant3_FV_FuSl,Endomorph,Normal,slouch,1.0,0.0,0.0,-0.281141340077726,44.974367443462256,0.3561629478383549,1
675,3.2039430628272254,Participant3_FV_FuSl,Endomorph,Normal,slouch,1.0,0.0,0.0,-0.297320061032273,45.53761590544948,0.3548465728689043,1
676,3.208689645142525,Participant3_FV_FuSl,Endomorph,Normal,slouch,1.0,0.0,0.0,-0.3073972628779592,43.78638858846675,0.3495681613901532,1
677,3.2134362274578243,Participant3_FV_FuSl,Endomorph,Normal,slouch,1.0,0.0,0.0,-0.2797580371632855,44.83089664893439,0.3604949851809333,1
678,3.218182809773124,Participant3_FV_FuSl,Endomorph,Normal,slouch,1.0,0.0,0.0,-0.3188181908006159,43.9302888846865,0.3412024969092883,1
679,3.222929392088424,Participant3_FV_FuSl,Endomorph,Normal,slouch,1.0,0.0,0.0,-0.3223180358335569,43.8419840489182,0.3568767865200763,1
680,3.227675974403723,Participant3_FV_FuSl,Endomorph,Normal,slouch,1.0,0.0,0.0,-0.2835316974692821,44.435292568551326,0.3452336191927298,1
681,3.2324225567190226,Participant3_FV_FuSl,Endomorph,Normal,slouch,1.0,0.0,0.0,-0.309900980300638,46.08153356086449,0.3411806852553659,1
682,3.2371691390343225,Participant3_FV_FuSl,Endomorph,Normal,slouch,1.0,0.0,0.0,-0.3100933128138403,43.47439643867994,0.3516420546703718,1
683,3.241915721349622,Participant3_FV_FuSl,Endomorph,Normal,slouch,1.0,0.0,0.0,-0.3576904472530645,43.38769777634353,0.3695911940734131,1
684,3.2466623036649214,Participant3_FV_FuSl,Endomorph,Normal,slouch,1.0,0.0,0.0,-0.3108620244601016,43.492386844235085,0.354712771690403,1
685,3.2514088859802213,Participant3_FV_FuSl,Endomorph,Normal,slouch,1.0,0.0,0.0,-0.2950523997451093,44.0880738165356,0.3568092930907374,1
686,3.2561554682955207,Participant3_FV_FuSl,Endomorph,Normal,slouch,1.0,0.0,0.0,-0.265675998237566,43.42356402996806,0.3560246208224216,1
687,3.26090205061082,Participant3_FV_FuSl,Endomorph,Normal,slouch,1.0,0.0,0.0,-0.3446924597508355,43.96880940909564,0.3550772992049815,1
688,3.26564863292612,Participant3_FV_FuSl,Endomorph,Normal,slouch,1.0,0.0,0.0,-0.272571140338948,43.84622001771061,0.3519161713648536,1
689,3.2703952152414195,Participant3_FV_FuSl,Endomorph,Normal,slouch,1.0,0.0,0.0,-0.3287673125088358,44.18111801337936,0.3565365637036471,1
690,3.275141797556719,Participant3_FV_FuSl,Endomorph,Normal,slouch,1.0,0.0,0.0,-0.3165498147512656,44.222406629735886,0.3547149128771767,1
691,3.279888379872019,Participant3_FV_FuSl,Endomorph,Normal,slouch,1.0,0.0,0.0,-0.3369376960039613,44.28425221357548,0.3456038840179176,1
692,3.2846349621873183,Participant3_FV_FuSl,Endomorph,Normal,slouch,1.0,0.0,0.0,-0.2930938838546632,44.47609124942371,0.3339715072426007,1
693,3.2893815445026178,Participant3_FV_FuSl,Endomorph,Normal,slouch,1.0,0.0,0.0,-0.3394122190598599,44.1293522758906,0.3516866875761843,1
694,3.2941281268179177,Participant3_FV_FuSl,Endomorph,Normal,slouch,1.0,0.0,0.0,-0.3132351236648406,43.745128918132735,0.3600938622095578,1
695,3.298874709133217,Participant3_FV_FuSl,Endomorph,Normal,slouch,1.0,0.0,0.0,-0.3991670685017962,42.60345056189371,0.3657202556850615,1
696,3.303621291448517,Participant3_FV_FuSl,Endomorph,Normal,slouch,1.0,0.0,0.0,-0.3519166623093487,44.005523505649926,0.3501056144841968,1
697,3.308367873763816,Participant3_FV_FuSl,Endomorph,Normal,slouch,1.0,0.0,0.0,-0.3208735703160046,43.017581777252325,0.3582628314976837,1
698,3.313114456079116,Participant3_FV_FuSl,Endomorph,Normal,slouch,1.0,0.0,0.0,-0.3507635204226852,43.78119837061571,0.3596972133956119,1
699,3.317861038394416,Participant3_FV_FuSl,Endomorph,Normal,slouch,1.0,0.0,0.0,-0.3219927501859791,43.14040491041955,0.3691257214827877,1
700,3.322607620709715,Participant3_FV_FuSl,Endomorph,Normal,slouch,1.0,0.0,0.0,-0.3140477106313664,44.097697873599486,0.3517507414524213,1
701,3.3273542030250147,Participant3_FV_FuSl,Endomorph,Normal,slouch,1.0,0.0,0.0,-0.3093456389785285,42.80521589458801,0.3588787485486665,1
702,3.332100785340314,Participant3_FV_FuSl,Endomorph,Normal,slouch,1.0,0.0,0.0,-0.3037550165832555,44.60828222863571,0.3614998165739856,1
703,3.3368473676556136,Participant3_FV_FuSl,Endomorph,Normal,slouch,1.0,0.0,0.0,-0.2894772625618955,43.96850221460841,0.3370711026668003,1
704,3.341593949970913,Participant3_FV_FuSl,Endomorph,Normal,slouch,1.0,0.0,0.0,-0.4195163766112403,43.62102688200895,0.3583327134315268,1
705,3.346340532286213,Participant3_FV_FuSl,Endomorph,Normal,slouch,1.0,0.0,0.0,-0.4012504063703015,42.94377931470854,0.3614896171566135,1
706,3.3510871146015124,Participant3_FV_FuSl,Endomorph,Normal,slouch,1.0,0.0,0.0,-0.3273034301081933,42.681649897044,0.3562377911370997,1
707,3.3558336969168123,Participant3_FV_FuSl,Endomorph,Normal,slouch,1.0,0.0,0.0,-0.4057825973856568,42.90971404188761,0.3536455348157467,1
708,3.360580279232112,Participant3_FV_FuSl,Endomorph,Normal,slouch,1.0,0.0,0.0,-0.2606968779252754,44.88083126600292,0.3444969585432513,1
709,3.3653268615474112,Participant3_FV_FuSl,Endomorph,Normal,slouch,1.0,0.0,0.0,-0.3661301739405731,42.91952938089523,0.3494688569580004,1
710,3.370073443862711,Participant3_FV_FuSl,Endomorph,Normal,slouch,1.0,0.0,0.0,-0.2933331763424208,43.7571922824231,0.3572383428970657,1
711,3.3748200261780106,Participant3_FV_FuSl,Endomorph,Normal,slouch,1.0,0.0,0.0,-0.3119755169169567,43.82933234451282,0.3548413233479522,1
712,3.37956660849331,Participant3_FV_FuSl,Endomorph,Normal,slouch,1.0,0.0,0.0,-0.298464984709882,43.90366291018231,0.3573558658476962,1
713,3.38431319080861,Participant3_FV_FuSl,Endomorph,Normal,slouch,1.0,0.0,0.0,-0.2871647965705246,43.38878669676183,0.3607696074837933,1
714,3.3890597731239094,Participant3_FV_FuSl,Endomorph,Normal,slouch,1.0,0.0,0.0,-0.2852697352042537,43.94702440248054,0.3636284154941236,1
715,3.393806355439209,Participant3_FV_FuSl,Endomorph,Normal,slouch,1.0,0.0,0.0,-0.3374501766179366,43.03102788451847,0.3599114895872123,1
716,3.3985529377545083,Participant3_FV_FuSl,Endomorph,Normal,slouch,1.0,0.0,0.0,-0.2643423485028872,44.34653302159914,0.3443677430961535,1
717,3.403299520069808,Participant3_FV_FuSl,Endomorph,Normal,slouch,1.0,0.0,0.0,-0.3886218144443436,44.00022105738901,0.3465763170430841,1
718,3.408046102385108,Participant3_FV_FuSl,Endomorph,Normal,slouch,1.0,0.0,0.0,-0.2922599208029329,44.52062081272747,0.3519594648748666,1
719,3.412792684700407,Participant3_FV_FuSl,Endomorph,Normal,slouch,1.0,0.0,0.0,-0.327019782493655,43.62655747202648,0.3596202596059309,1
720,3.417539267015707,Participant3_FV_FuSl,Endomorph,Normal,slouch,1.0,0.0,0.0,-0.2998007665577844,43.75130448765429,0.3567163059330612,1
721,3.4222858493310064,Participant3_FV_FuSl,Endomorph,Normal,slouch,1.0,0.0,0.0,-0.3069532086230264,43.64507033168827,0.3464113854687201,1
722,3.427032431646306,Participant3_FV_FuSl,Endomorph,Normal,slouch,1.0,0.0,0.0,-0.2853344444094741,43.91144788467638,0.3617548580647973,1
723,3.431779013961606,Participant3_FV_FuSl,Endomorph,Normal,slouch,1.0,0.0,0.0,-0.3042313908629641,44.66340866118534,0.3542005485179219,1
724,3.436525596276905,Participant3_FV_FuSl,Endomorph,Normal,slouch,1.0,0.0,0.0,-0.2779540763168655,44.64229939047142,0.3413758717201059,1
725,3.4412721785922047,Participant3_FV_FuSl,Endomorph,Normal,slouch,1.0,0.0,0.0,-0.2977685029086536,44.89305957911823,0.3614041769781698,1
726,3.4460187609075046,Participant3_FV_FuSl,Endomorph,Normal,slouch,1.0,0.0,0.0,-0.2825990011153111,44.65791981444418,0.3596401776754969,1
727,3.450765343222804,Participant3_FV_FuSl,Endomorph,Normal,slouch,1.0,0.0,0.0,-0.3518258390199023,44.07122538362411,0.3587486286142105,1
728,3.4555119255381035,Participant3_FV_FuSl,Endomorph,Normal,slouch,1.0,0.0,0.0,-0.3486769072854223,43.41834187372851,0.3532119266331765,1
729,3.4602585078534034,Participant3_FV_FuSl,Endomorph,Normal,slouch,1.0,0.0,0.0,-0.3480484386958326,43.91606749985433,0.3538535350322575,1
730,3.465005090168703,Participant3_FV_FuSl,Endomorph,Normal,slouch,1.0,0.0,0.0,-0.3066844184133145,44.3447046857285,0.3532688920265778,1
731,3.4697516724840023,Participant3_FV_FuSl,Endomorph,Normal,slouch,1.0,0.0,0.0,-0.3280158962419905,44.29943749002913,0.3553827437287312,1
732,3.474498254799302,Participant3_FV_FuSl,Endomorph,Normal,slouch,1.0,0.0,0.0,-0.2822628331402311,44.03701424780233,0.3573297803807537,1
733,3.4792448371146016,Participant3_FV_FuSl,Endomorph,Normal,slouch,1.0,0.0,0.0,-0.3334249211957659,44.469766023916776,0.3567566402239319,1
734,3.483991419429901,Participant3_FV_FuSl,Endomorph,Normal,slouch,1.0,0.0,0.0,-0.3945572690372073,43.92748056640257,0.3533764852658859,1
735,3.4887380017452005,Participant3_FV_FuSl,Endomorph,Normal,slouch,1.0,0.0,0.0,-0.2992692099757104,43.50555664075171,0.3554688503927345,1
736,3.4934845840605004,Participant3_FV_FuSl,Endomorph,Normal,slouch,1.0,0.0,0.0,-0.2853126823398509,43.2422640871807,0.3463466900714214,1
737,3.4982311663758,Participant3_FV_FuSl,Endomorph,Normal,slouch,1.0,0.0,0.0,-0.3005257688334762,43.32248560499304,0.3587768202269206,1
738,3.5029777486911,Participant3_FV_FuSl,Endomorph,Normal,slouch,1.0,0.0,0.0,-0.2698792689535686,44.20362150510102,0.3596815461194782,1
739,3.5077243310063992,Participant3_FV_FuSl,Endomorph,Normal,slouch,1.0,0.0,0.0,-0.3149509957940168,43.39427499782239,0.3668383890095348,1
740,3.5124709133216987,Participant3_FV_FuSl,Endomorph,Normal,slouch,1.0,0.0,0.0,-0.3316884231825775,42.68576141812868,0.3556505519972522,1
741,3.517217495636998,Participant3_FV_FuSl,Endomorph,Normal,slouch,1.0,0.0,0.0,-0.2955559637617395,43.8315012552994,0.3648707362818723,1
742,3.521964077952298,Participant3_FV_FuSl,Endomorph,Normal,slouch,1.0,0.0,0.0,-0.3396962838756453,43.34657820781173,0.3556962375244781,1
743,3.526710660267597,Participant3_FV_FuSl,Endomorph,Normal,slouch,1.0,0.0,0.0,-0.3699225280466518,43.89661658421728,0.3589298486320602,1
744,3.531457242582897,Participant3_FV_FuSl,Endomorph,Normal,slouch,1.0,0.0,0.0,-0.350447068141541,43.70375706286679,0.3480014072140059,1
745,3.536203824898197,Participant3_FV_FuSl,Endomorph,Normal,slouch,1.0,0.0,0.0,-0.3831514555555294,43.5577215440887,0.349300602523621,1
746,3.5409504072134963,Participant3_FV_FuSl,Endomorph,Normal,slouch,1.0,0.0,0.0,-0.4970258259804933,43.87730250928512,0.3433335227328043,1
747,3.545696989528796,Participant3_FV_FuSl,Endomorph,Normal,slouch,1.0,0.0,0.0,-0.4238520003636832,43.812835369477625,0.3427050388644033,1
748,3.550443571844096,Participant3_FV_FuSl,Endomorph,Normal,slouch,1.0,0.0,0.0,-0.3041885006334214,43.89261672805046,0.3425328057371756,1
749,3.555190154159395,Participant3_FV_FuSl,Endomorph,Normal,slouch,1.0,0.0,0.0,-0.4045014281693602,43.71967035022752,0.3552687179904276,1
750,3.5599367364746946,Participant3_FV_FuSl,Endomorph,Normal,slouch,1.0,0.0,0.0,-0.3925180881917014,43.88148796507546,0.3571652117030948,1
751,3.5646833187899944,Participant3_FV_FuSl,Endomorph,Normal,slouch,1.0,0.0,0.0,-0.3344365196200004,44.04474724104827,0.3576128920270868,1
752,3.569429901105294,Participant3_FV_FuSl,Endomorph,Normal,slouch,1.0,0.0,0.0,-0.4331067930601697,43.06420931777974,0.347162262716302,1
753,3.5741764834205934,Participant3_FV_FuSl,Endomorph,Normal,slouch,1.0,0.0,0.0,-0.3699949522193849,43.55239331450094,0.3520306332430533,1
754,3.578923065735893,Participant3_FV_FuSl,Endomorph,Normal,slouch,1.0,0.0,0.0,-0.3597935520745539,43.08768609273273,0.3560759435673616,1
755,3.5836696480511927,Participant3_FV_FuSl,Endomorph,Normal,slouch,1.0,0.0,0.0,-0.3759934133441345,42.58972113028548,0.3421793707027259,1
756,3.588416230366492,Participant3_FV_FuSl,Endomorph,Normal,slouch,1.0,0.0,0.0,-0.3091908069509687,42.32267928006864,0.3360091473308015,1
757,3.593162812681792,Participant3_FV_FuSl,Endomorph,Normal,slouch,1.0,0.0,0.0,-0.4572106724285136,43.27791557499251,0.3489653059560656,1
758,3.5979093949970915,Participant3_FV_FuSl,Endomorph,Normal,slouch,1.0,0.0,0.0,-0.3804401239873353,42.48543590472028,0.3620896817236733,1
759,3.602655977312391,Participant3_FV_FuSl,Endomorph,Normal,slouch,1.0,0.0,0.0,-0.34407458433349,43.32849882859139,0.3497940081185632,1
760,3.6074025596276895,Participant3_FV_FuSl,Endomorph,Normal,slouch,1.0,0.0,0.0,-0.410203390716824,42.9942558345765,0.3502658055395659,1
761,3.6121491419429903,Participant3_FV_FuSl,Endomorph,Normal,slouch,1.0,0.0,0.0,-0.3791620887636562,43.6955451749041,0.3629933564828931,1
762,3.6168957242582898,Participant3_FV_FuSl,Endomorph,Normal,slouch,1.0,0.0,0.0,-0.3214120665123413,41.905435872323565,0.3482492606370038,1
763,3.621642306573589,Participant3_FV_FuSl,Endomorph,Normal,slouch,1.0,0.0,0.0,-0.3118036725495989,42.46667579003869,0.3440643178475451,1
764,3.626388888888889,Participant3_FV_FuSl,Endomorph,Normal,slouch,1.0,0.0,0.0,-0.3570819649180021,42.859254400810045,0.3468467571473822,1
765,3.631135471204189,Participant3_FV_FuSl,Endomorph,Normal,slouch,1.0,0.0,0.0,-0.3775656343463816,42.98542375545227,0.3399827099289267,1
766,3.635882053519488,Participant3_FV_FuSl,Endomorph,Normal,slouch,1.0,0.0,0.0,-0.3143715147192693,43.4260948441364,0.3481206109862426,1
767,3.640628635834788,Participant3_FV_FuSl,Endomorph,Normal,slouch,1.0,0.0,0.0,-0.4285656887567759,41.863471938373465,0.3344892286985955,1
768,3.645375218150088,Participant3_FV_FuSl,Endomorph,Normal,slouch,1.0,0.0,0.0,-0.3371054655025669,41.93110427692226,0.3372118222336754,1
769,3.650121800465387,Participant3_FV_FuSl,Endomorph,Normal,slouch,1.0,0.0,0.0,-0.2993428578812082,43.25116716356676,0.3323916543529563,1
770,3.654868382780687,Participant3_FV_FuSl,Endomorph,Normal,slouch,1.0,0.0,0.0,-0.3739150381364066,43.59293190536273,0.3585396095235879,1
771,3.659614965095986,Participant3_FV_FuSl,Endomorph,Normal,slouch,1.0,0.0,0.0,-0.3095667634133335,43.22040856226425,0.3558468676216603,1
772,3.6643615474112856,Participant3_FV_FuSl,Endomorph,Normal,slouch,1.0,0.0,0.0,-0.3189943516177226,43.08661718443763,0.3516105468107431,1
773,3.6691081297265855,Participant3_FV_FuSl,Endomorph,Normal,slouch,1.0,0.0,0.0,-0.4116487862299895,43.2957951057121,0.3366095753397515,1
774,3.673854712041885,Participant3_FV_FuSl,Endomorph,Normal,slouch,1.0,0.0,0.0,-0.3298131973319705,42.81992369616397,0.3239693474361823,1
775,3.678601294357184,Participant3_FV_FuSl,Endomorph,Normal,slouch,1.0,0.0,0.0,-0.3265976095653123,43.189443325706776,0.3345486194376357,1
776,3.683347876672484,Participant3_FV_FuSl,Endomorph,Normal,slouch,1.0,0.0,0.0,-0.3169453834649248,42.32897736949755,0.3345282542222071,1
777,3.688094458987784,Participant3_FV_FuSl,Endomorph,Normal,slouch,1.0,0.0,0.0,-0.2923118741029948,42.32738792160459,0.3346585678194834,1
778,3.692841041303083,Participant3_FV_FuSl,Endomorph,Normal,slouch,1.0,0.0,0.0,-0.3267715952328621,42.73331534074045,0.3377978832494864,1
779,3.697587623618383,Participant3_FV_FuSl,Endomorph,Normal,slouch,1.0,0.0,0.0,-0.2979459170705489,43.62553354684174,0.3299530761825778,1
780,3.7023342059336826,Participant3_FV_FuSl,Endomorph,Normal,slouch,1.0,0.0,0.0,-0.3309281813782613,43.26175808344493,0.3270654407761851,1
781,3.707080788248982,Participant3_FV_FuSl,Endomorph,Normal,slouch,1.0,0.0,0.0,-0.322789841456057,43.3709138082479,0.3366917341125739,1
782,3.7118273705642815,Participant3_FV_FuSl,Endomorph,Normal,slouch,1.0,0.0,0.0,-0.3485461177522473,43.27293002954619,0.3473470959394505,1
783,3.716573952879581,Participant3_FV_FuSl,Endomorph,Normal,slouch,1.0,0.0,0.0,-0.35603317175268,43.01611686952582,0.3402126355547212,1
784,3.721320535194881,Participant3_FV_FuSl,Endomorph,Normal,slouch,1.0,0.0,0.0,-0.3412112942016466,43.98893993291534,0.363223519600316,1
785,3.72606711751018,Participant3_FV_FuSl,Endomorph,Normal,slouch,1.0,0.0,0.0,-0.388682279573509,42.600331739133786,0.3545008187573771,1
786,3.73081369982548,Participant3_FV_FuSl,Endomorph,Normal,slouch,1.0,0.0,0.0,-0.3740271044765095,43.679163065696684,0.3569759198726507,1
787,3.73556028214078,Participant3_FV_FuSl,Endomorph,Normal,slouch,1.0,0.0,0.0,-0.3728200301316399,43.26665303657539,0.3564422870975232,1
788,3.740306864456079,Participant3_FV_FuSl,Endomorph,Normal,slouch,1.0,0.0,0.0,-0.3497988704597882,43.13464273915887,0.3490033941127415,1
789,3.745053446771379,Participant3_FV_FuSl,Endomorph,Normal,slouch,1.0,0.0,0.0,-0.3447430155221548,42.94092614580733,0.3485319958179036,1
790,3.7498000290866784,Participant3_FV_FuSl,Endomorph,Normal,slouch,1.0,0.0,0.0,-0.3202602941606274,43.92304354776341,0.3526089820093646,1
791,3.754546611401978,Participant3_FV_FuSl,Endomorph,Normal,slouch,1.0,0.0,0.0,-0.3486603633497922,42.8313516298989,0.3430800531542346,1
792,3.7592931937172778,Participant3_FV_FuSl,Endomorph,Normal,slouch,1.0,0.0,0.0,-0.3533383285335608,42.45875163243542,0.3421148246428639,1
793,3.764039776032577,Participant3_FV_FuSl,Endomorph,Normal,slouch,1.0,0.0,0.0,-0.359329464992012,42.78005034366063,0.3515702185615575,1
794,3.7687863583478767,Participant3_FV_FuSl,Endomorph,Normal,slouch,1.0,0.0,0.0,-0.3574570927954453,42.748133989976,0.3496162513432768,1
795,3.773532940663176,Participant3_FV_FuSl,Endomorph,Normal,slouch,1.0,0.0,0.0,-0.3298001365105687,43.4657563671695,0.3413050578441349,1
796,3.778279522978476,Participant3_FV_FuSl,Endomorph,Normal,slouch,1.0,0.0,0.0,-0.3220977348424648,42.97612745174707,0.3391620375716583,1
797,3.783026105293776,Participant3_FV_FuSl,Endomorph,Normal,slouch,1.0,0.0,0.0,-0.3315123730416688,43.84393022992836,0.3542411383747268,1
798,3.787772687609075,Participant3_FV_FuSl,Endomorph,Normal,slouch,1.0,0.0,0.0,-0.32746804403538,43.20441279247946,0.3452101309985776,1
799,3.792519269924375,Participant3_FV_FuSl,Endomorph,Normal,slouch,1.0,0.0,0.0,-0.3255402930240865,44.23573014896898,0.3523051176965923,1
800,3.7972658522396734,Participant3_FV_FuSl,Endomorph,Normal,slouch,1.0,0.0,0.0,-0.3332406014871013,43.406115459460665,0.350342985155474,1
801,3.8020124345549737,Participant3_FV_FuSl,Endomorph,Normal,slouch,1.0,0.0,0.0,-0.3428582189550359,43.74712122350069,0.3529748956661478,1
802,3.8067590168702736,Participant3_FV_FuSl,Endomorph,Normal,slouch,1.0,0.0,0.0,-0.3543195839915287,44.50993826128629,0.3549851527936954,1
803,3.811505599185573,Participant3_FV_FuSl,Endomorph,Normal,slouch,1.0,0.0,0.0,-0.3852724272938579,43.672735402785015,0.3581484174263811,1
804,3.816252181500873,Participant3_FV_FuSl,Endomorph,Normal,slouch,1.0,0.0,0.0,-0.3541374221397333,44.29483326323949,0.3649875681172398,1
805,3.820998763816173,Participant3_FV_FuSl,Endomorph,Normal,slouch,1.0,0.0,0.0,-0.3964917776605758,44.08314124602669,0.3504071868004808,1
806,3.825745346131472,Participant3_FV_FuSl,Endomorph,Normal,slouch,1.0,0.0,0.0,-0.3354613474203589,43.436976104430784,0.3530497422173789,1
807,3.8304919284467713,Participant3_FV_FuSl,Endomorph,Normal,slouch,1.0,0.0,0.0,-0.4121077404643651,43.45172373733709,0.3548282101860675,1
808,3.8352385107620712,Participant3_FV_FuSl,Endomorph,Normal,slouch,1.0,0.0,0.0,-0.314687465157089,43.90729767467018,0.3520254714835128,1
809,3.8399850930773702,Participant3_FV_FuSl,Endomorph,Normal,slouch,1.0,0.0,0.0,-0.3720789008516049,43.83062901891915,0.3545302261845699,1
810,3.84473167539267,Participant3_FV_FuSl,Endomorph,Normal,slouch,1.0,0.0,0.0,-0.3368845290391566,43.997575569409726,0.3571555011975641,1
811,3.84947825770797,Participant3_FV_FuSl,Endomorph,Normal,slouch,1.0,0.0,0.0,-0.3708699269304083,44.42320687043928,0.3535799017446205,1
812,3.8542248400232695,Participant3_FV_FuSl,Endomorph,Normal,slouch,1.0,0.0,0.0,-0.3657492039750675,43.48866333116626,0.3468521984540233,1
813,3.858971422338569,Participant3_FV_FuSl,Endomorph,Normal,slouch,1.0,0.0,0.0,-0.4566392327304136,43.66862290312652,0.3506890218990362,1
814,3.863718004653869,Participant3_FV_FuSl,Endomorph,Normal,slouch,1.0,0.0,0.0,-0.3313431591436873,44.169405440458455,0.3568606906682654,1
815,3.868464586969168,Participant3_FV_FuSl,Endomorph,Normal,slouch,1.0,0.0,0.0,-0.3520623986271105,43.61029568714965,0.3479304659940109,1
816,3.873211169284468,Participant3_FV_FuSl,Endomorph,Normal,slouch,1.0,0.0,0.0,-0.3352437631642897,43.22460179958193,0.3629768760457275,1
817,3.877957751599767,Participant3_FV_FuSl,Endomorph,Normal,slouch,1.0,0.0,0.0,-0.3312452099333187,43.91488568822098,0.3542731631158302,1
818,3.882704333915067,Participant3_FV_FuSl,Endomorph,Normal,slouch,1.0,0.0,0.0,-0.377947977638332,44.23728680450672,0.3635478493183262,1
819,3.887450916230367,Participant3_FV_FuSl,Endomorph,Normal,slouch,1.0,0.0,0.0,-0.3634660335530448,43.9978481063781,0.3659535989419967,1
820,3.892197498545666,Participant3_FV_FuSl,Endomorph,Normal,slouch,1.0,0.0,0.0,-0.3872386574129189,43.58022848056107,0.3532388683214414,1
821,3.896944080860966,Participant3_FV_FuSl,Endomorph,Normal,slouch,1.0,0.0,0.0,-0.3020468614959634,44.11021599424472,0.3583829023237369,1
822,3.901690663176265,Participant3_FV_FuSl,Endomorph,Normal,slouch,1.0,0.0,0.0,-0.3469603224661892,44.57625543273164,0.3536026608301423,1
823,3.906437245491565,Participant3_FV_FuSl,Endomorph,Normal,slouch,1.0,0.0,0.0,-0.3028154167911737,43.89315969421327,0.3676460450751923,1
824,3.9111838278068647,Participant3_FV_FuSl,Endomorph,Normal,slouch,1.0,0.0,0.0,-0.3037097286412888,44.40575619796578,0.3618965137515462,1
825,3.915930410122164,Participant3_FV_FuSl,Endomorph,Normal,slouch,1.0,0.0,0.0,-0.3052231531968133,44.69942342553895,0.3650942523446195,1
826,3.920676992437464,Participant3_FV_FuSl,Endomorph,Normal,slouch,1.0,0.0,0.0,-0.3355973353859229,44.56132019600276,0.3495117742870408,1
827,3.925423574752764,Participant3_FV_FuSl,Endomorph,Normal,slouch,1.0,0.0,0.0,-0.3255591294839524,44.29779749757687,0.3515181159968923,1
828,3.930170157068063,Participant3_FV_FuSl,Endomorph,Normal,slouch,1.0,0.0,0.0,-0.3345420219082996,44.89879758251277,0.3440862197597137,1
829,3.9349167393833615,Participant3_FV_FuSl,Endomorph,Normal,slouch,1.0,0.0,0.0,-0.4740350200977851,44.20935659605033,0.3545665536317266,1
830,3.9396633216986623,Participant3_FV_FuSl,Endomorph,Normal,slouch,1.0,0.0,0.0,-0.4915899131232129,44.264222012643046,0.3581830319184246,1
831,3.9444099040139617,Participant3_FV_FuSl,Endomorph,Normal,slouch,1.0,0.0,0.0,-0.46286340132428,43.17736097334484,0.348538960837001,1
832,3.949156486329261,Participant3_FV_FuSl,Endomorph,Normal,slouch,1.0,0.0,0.0,-0.4311060532548395,44.54515264407379,0.3675899563007481,1
833,3.9539030686445606,Participant3_FV_FuSl,Endomorph,Normal,slouch,1.0,0.0,0.0,-0.4909596671363727,43.94151707444057,0.3735335156498022,1
834,3.958649650959861,Participant3_FV_FuSl,Endomorph,Normal,slouch,1.0,0.0,0.0,-0.2560071510380257,45.80921532041996,0.3647637976925784,1
835,3.96339623327516,Participant3_FV_FuSl,Endomorph,Normal,slouch,1.0,0.0,0.0,-0.4391824265070005,45.274735838135,0.3476433095288044,1
836,3.968142815590459,Participant3_FV_FuSl,Endomorph,Normal,slouch,1.0,0.0,0.0,-0.3374145304076935,44.93370106730418,0.3519631260033747,1
837,3.9728893979057593,Participant3_FV_FuSl,Endomorph,Normal,slouch,1.0,0.0,0.0,-0.3487464445510291,43.87717409193483,0.3632729855612768,1
838,3.977635980221059,Participant3_FV_FuSl,Endomorph,Normal,slouch,1.0,0.0,0.0,-0.3633672355631804,43.825962339116025,0.3633784295334872,1
839,3.9823825625363583,Participant3_FV_FuSl,Endomorph,Normal,slouch,1.0,0.0,0.0,-0.4262545761479498,43.69763343410661,0.3671638020460164,1
840,3.987129144851658,Participant3_FV_FuSl,Endomorph,Normal,slouch,1.0,0.0,0.0,-0.4101470684166137,44.33839958256959,0.3586985063054723,1
841,3.9918757271669576,Participant3_FV_FuSl,Endomorph,Normal,slouch,1.0,0.0,0.0,-0.4140423761433831,45.09573051867687,0.362610343931294,1
842,3.996622309482257,Participant3_FV_FuSl,Endomorph,Normal,slouch,1.0,0.0,0.0,-0.3592694920179959,44.89045824287777,0.3551573829431142,1
843,4.001368891797557,Participant3_FV_FuSl,Endomorph,Normal,slouch,1.0,0.0,0.0,-0.3824326088331939,43.7746601144483,0.3469034331680072,1
844,4.006115474112856,Participant3_FV_FuSl,Endomorph,Normal,slouch,1.0,0.0,0.0,-0.3863830051973097,43.79232723980101,0.3464373720468118,1
845,4.010862056428156,Participant3_FV_FuSl,Endomorph,Normal,slouch,1.0,0.0,0.0,-0.4106526381185985,43.89777795376234,0.3573547768792605,1
846,4.015608638743456,Participant3_FV_FuSl,Endomorph,Normal,slouch,1.0,0.0,0.0,-0.4301257983692689,43.59793583668876,0.3566359328373035,1
847,4.020355221058755,Participant3_FV_FuSl,Endomorph,Normal,slouch,1.0,0.0,0.0,-0.4601615777600681,44.04298347329794,0.3597840004751324,1
848,4.025101803374055,Participant3_FV_FuSl,Endomorph,Normal,slouch,1.0,0.0,0.0,-0.4055144487287202,44.39274286515424,0.3492726406271093,1
849,4.0298483856893546,Participant3_FV_FuSl,Endomorph,Normal,slouch,1.0,0.0,0.0,-0.4177605703464511,44.52445754453191,0.3432106664845138,1
850,4.034594968004654,Participant3_FV_FuSl,Endomorph,Normal,slouch,1.0,0.0,0.0,-0.4201693919855126,44.919628376036165,0.3485613858619996,1
851,4.0393415503199535,Participant3_FV_FuSl,Endomorph,Normal,slouch,1.0,0.0,0.0,-0.3858495159611925,44.52743788167824,0.3583869344445769,1
852,4.044088132635253,Participant3_FV_FuSl,Endomorph,Normal,slouch,1.0,0.0,0.0,-0.4869632332331617,44.01194894141287,0.3433454662241627,1
853,4.048834714950552,Participant3_FV_FuSl,Endomorph,Normal,slouch,1.0,0.0,0.0,-0.4209706749877305,43.47948020225689,0.3507207961737317,1
854,4.053581297265852,Participant3_FV_FuSl,Endomorph,Normal,slouch,1.0,0.0,0.0,-0.4956354134347024,43.71305417772211,0.3473000556588793,1
855,4.058327879581152,Participant3_FV_FuSl,Endomorph,Normal,slouch,1.0,0.0,0.0,-0.3935282878347278,43.8864632663076,0.3468702197035019,1
856,4.063074461896451,Participant3_FV_FuSl,Endomorph,Normal,slouch,1.0,0.0,0.0,-0.3663357390995392,43.62078265167224,0.3506211552207585,1
857,4.067821044211751,Participant3_FV_FuSl,Endomorph,Normal,slouch,1.0,0.0,0.0,-0.4386788464975717,43.524151262339984,0.3563449632392704,1
858,4.072567626527051,Participant3_FV_FuSl,Endomorph,Normal,slouch,1.0,0.0,0.0,-0.448591080305823,43.91608920865182,0.3677538807555951,1
859,4.07731420884235,Participant3_FV_FuSl,Endomorph,Normal,slouch,1.0,0.0,0.0,-0.4581647770359671,43.80221900747308,0.361999209308731,1
860,4.08206079115765,Participant3_FV_FuSl,Endomorph,Normal,slouch,1.0,0.0,0.0,-0.3315500457732157,44.216968636257135,0.3434509916558171,1
861,4.08680737347295,Participant3_FV_FuSl,Endomorph,Normal,slouch,1.0,0.0,0.0,-0.305933270792894,43.43715512619846,0.3301685502569769,1
862,4.091553955788249,Participant3_FV_FuSl,Endomorph,Normal,slouch,1.0,0.0,0.0,-0.3211639954909542,44.90017793747945,0.3455076515268416,1
863,4.096300538103549,Participant3_FV_FuSl,Endomorph,Normal,slouch,1.0,0.0,0.0,-0.3607078936696587,44.26941093322546,0.3509242234095103,1
864,4.101047120418849,Participant3_FV_FuSl,Endomorph,Normal,slouch,1.0,0.0,0.0,-0.3230836849712506,44.17520852671807,0.3503613611817616,1
865,4.105793702734148,Participant3_FV_FuSl,Endomorph,Normal,slouch,1.0,0.0,0.0,-0.3019879001644633,44.25577080428782,0.352248897554053,1
866,4.110540285049448,Participant3_FV_FuSl,Endomorph,Normal,slouch,1.0,0.0,0.0,-0.3268554604892026,43.99190795156157,0.353816790907091,1
867,4.115286867364747,Participant3_FV_FuSl,Endomorph,Normal,slouch,1.0,0.0,0.0,-0.3073696542871094,44.62393008021521,0.3494850687019359,1
868,4.120033449680046,Participant3_FV_FuSl,Endomorph,Normal,slouch,1.0,0.0,0.0,-0.2962813687211076,44.746450241955046,0.3479820949766596,1
869,4.124780031995346,Participant3_FV_FuSl,Endomorph,Normal,slouch,1.0,0.0,0.0,-0.2737481540079991,44.69108128920474,0.3533226678146148,1
870,4.129526614310646,Participant3_FV_FuSl,Endomorph,Normal,slouch,1.0,0.0,0.0,-0.2926976855829124,45.12236803948438,0.3529465275354309,1
871,4.134273196625945,Participant3_FV_FuSl,Endomorph,Normal,slouch,1.0,0.0,0.0,-0.329868040859776,44.87165373830314,0.3508511746194042,1
872,4.139019778941245,Participant3_FV_FuSl,Endomorph,Normal,slouch,1.0,0.0,0.0,-0.3530862621255012,44.109480143937866,0.3483454522113301,1
873,4.143766361256545,Participant3_FV_FuSl,Endomorph,Normal,slouch,1.0,0.0,0.0,-0.372742282687468,44.06635084535225,0.3476219953728283,1
874,4.148512943571844,Participant3_FV_FuSl,Endomorph,Normal,slouch,1.0,0.0,0.0,-0.3098335141714973,43.6213176952572,0.3553048816979203,1
875,4.153259525887144,Participant3_FV_FuSl,Endomorph,Normal,slouch,1.0,0.0,0.0,-0.2944482610550869,42.71388993315678,0.3531193570405951,1
876,4.158006108202444,Participant3_FV_FuSl,Endomorph,Normal,slouch,1.0,0.0,0.0,-0.315566939148768,43.87980021915057,0.3437840543766713,1
877,4.162752690517743,Participant3_FV_FuSl,Endomorph,Normal,slouch,1.0,0.0,0.0,-0.3850114088151294,44.16423643497604,0.3493818485073629,1
878,4.167499272833043,Participant3_FV_FuSl,Endomorph,Normal,slouch,1.0,0.0,0.0,-0.3041668217378853,44.10277758811769,0.3538932743654519,1
879,4.172245855148343,Participant3_FV_FuSl,Endomorph,Normal,slouch,1.0,0.0,0.0,-0.2755445296034502,43.715642408683664,0.3475399758979707,1
880,4.176992437463642,Participant3_FV_FuSl,Endomorph,Normal,slouch,1.0,0.0,0.0,-0.281635029950839,43.66654087230956,0.3478120014484611,1
881,4.1817390197789415,Participant3_FV_FuSl,Endomorph,Normal,slouch,1.0,0.0,0.0,-0.2536047040087338,44.92450680881527,0.3534995424444281,1
882,4.1864856020942405,Participant3_FV_FuSl,Endomorph,Normal,slouch,1.0,0.0,0.0,-0.2787552918597917,44.81634896456349,0.3378975266505041,1
883,4.19123218440954,Participant3_FV_FuSl,Endomorph,Normal,slouch,1.0,0.0,0.0,-0.246424396986042,44.27902515702808,0.3515655847360681,1
884,4.19597876672484,Participant3_FV_FuSl,Endomorph,Normal,slouch,1.0,0.0,0.0,-0.2962503662441419,44.149902674270855,0.3477848472100955,1
885,4.200725349040139,Participant3_FV_FuSl,Endomorph,Normal,slouch,1.0,0.0,0.0,-0.2871309005142667,43.36100053611543,0.3390902933130025,1
886,4.205471931355439,Participant3_FV_FuSl,Endomorph,Normal,slouch,1.0,0.0,0.0,-0.2836748983423865,44.753463936068165,0.3368749550013499,1
887,4.210218513670739,Participant3_FV_FuSl,Endomorph,Normal,slouch,1.0,0.0,0.0,-0.2789724708744376,43.545692900375705,0.3470643478374851,1
888,4.214965095986038,Participant3_FV_FuSl,Endomorph,Normal,slouch,1.0,0.0,0.0,-0.3004672843238664,44.70007432529492,0.3344861237816362,1
889,4.219711678301338,Participant3_FV_FuSl,Endomorph,Normal,slouch,1.0,0.0,0.0,-0.3190624107768147,43.7135656679302,0.3441490527846808,1
890,4.224458260616638,Participant3_FV_FuSl,Endomorph,Normal,slouch,1.0,0.0,0.0,-0.2748168752239992,44.24757002573622,0.3464016229278183,1
891,4.229204842931937,Participant3_FV_FuSl,Endomorph,Normal,slouch,1.0,0.0,0.0,-0.2972208452657329,44.72585648230572,0.3297064688634334,1
892,4.233951425247237,Participant3_FV_FuSl,Endomorph,Normal,slouch,1.0,0.0,0.0,-0.3342634423846589,43.7099464171728,0.3281451366457643,1
893,4.238698007562537,Participant3_FV_FuSl,Endomorph,Normal,slouch,1.0,0.0,0.0,-0.2999243733064519,43.95815377207577,0.3565342485081599,1
894,4.243444589877836,Participant3_FV_FuSl,Endomorph,Normal,slouch,1.0,0.0,0.0,-0.3174493939911008,44.313418574833335,0.3487944057724278,1
895,4.248191172193136,Participant3_FV_FuSl,Endomorph,Normal,slouch,1.0,0.0,0.0,-0.2884055567916488,44.23058209412578,0.3553277918343032,1
896,4.252937754508436,Participant3_FV_FuSl,Endomorph,Normal,slouch,1.0,0.0,0.0,-0.2638514996673908,45.01222878438445,0.3456321047283113,1
897,4.257684336823735,Participant3_FV_FuSl,Endomorph,Normal,slouch,1.0,0.0,0.0,-0.3265789783434945,44.08203463459779,0.3455278467751809,1
898,4.262430919139034,Participant3_FV_FuSl,Endomorph,Normal,slouch,1.0,0.0,0.0,-0.3081129067680243,44.34357560387828,0.3722680682321154,1
899,4.267177501454334,Participant3_FV_FuSl,Endomorph,Normal,slouch,1.0,0.0,0.0,-0.4016125662703391,43.28027381171636,0.3625949595204888,1
900,4.271924083769633,Participant3_FV_FuSl,Endomorph,Normal,slouch,1.0,0.0,0.0,-0.3043624793024674,43.35293925486881,0.3540072693554392,1
901,4.276670666084933,Participant3_FV_FuSl,Endomorph,Normal,slouch,1.0,0.0,0.0,-0.3826649419687074,43.082002176599815,0.3392515319901801,1
902,4.281417248400233,Participant3_FV_FuSl,Endomorph,Normal,slouch,1.0,0.0,0.0,-0.3039858627450252,43.43997805159272,0.3565468755969161,1
903,4.286163830715532,Participant3_FV_FuSl,Endomorph,Normal,slouch,1.0,0.0,0.0,-0.3533837329810071,43.18685238109401,0.3641475559421263,1
904,4.290910413030832,Participant3_FV_FuSl,Endomorph,Normal,slouch,1.0,0.0,0.0,-0.2970614853082041,44.386042916146295,0.3551355681326706,1
905,4.295656995346132,Participant3_FV_FuSl,Endomorph,Normal,slouch,1.0,0.0,0.0,-0.2959987524630666,43.20188012689661,0.3683291624907026,1
906,4.300403577661431,Participant3_FV_FuSl,Endomorph,Normal,slouch,1.0,0.0,0.0,-0.30565689289058,44.86320100477239,0.3431938770818044,1
907,4.305150159976731,Participant3_FV_FuSl,Endomorph,Normal,slouch,1.0,0.0,0.0,-0.3121416283127097,43.55145549610086,0.3466252019361865,1
908,4.309896742292031,Participant3_FV_FuSl,Endomorph,Normal,slouch,1.0,0.0,0.0,-0.3578320509502228,43.8811716173418,0.3635926966502658,1
909,4.31464332460733,Participant3_FV_FuSl,Endomorph,Normal,slouch,1.0,0.0,0.0,-0.3358250374843153,44.635391287704806,0.3585888143392915,1
910,4.31938990692263,Participant3_FV_FuSl,Endomorph,Normal,slouch,1.0,0.0,0.0,-0.4250417053910909,44.59199604560397,0.3517654600050406,1
911,4.3241364892379295,Participant3_FV_FuSl,Endomorph,Normal,slouch,1.0,0.0,0.0,-0.4276843424217111,44.23213497241521,0.362252334428972,1
912,4.3288830715532285,Participant3_FV_FuSl,Endomorph,Normal,slouch,1.0,0.0,0.0,-0.4165292171879051,44.44783464337887,0.3627556240328576,1
913,4.333629653868528,Participant3_FV_FuSl,Endomorph,Normal,slouch,1.0,0.0,0.0,-0.3702903207319837,44.22783075533527,0.352482262694904,1
914,4.338376236183828,Participant3_FV_FuSl,Endomorph,Normal,slouch,1.0,0.0,0.0,-0.4208781186190828,43.27243180446472,0.3498728131337343,1
915,4.343122818499127,Participant3_FV_FuSl,Endomorph,Normal,slouch,1.0,0.0,0.0,-0.3804224795149709,43.89042320851551,0.3566197027493181,1
916,4.347869400814427,Participant3_FV_FuSl,Endomorph,Normal,slouch,1.0,0.0,0.0,-0.362037846512292,43.76949820075147,0.354884426813613,1
917,4.352615983129727,Participant3_FV_FuSl,Endomorph,Normal,slouch,1.0,0.0,0.0,-0.3098824985736454,43.97075420761387,0.3553783400131068,1
918,4.357362565445026,Participant3_FV_FuSl,Endomorph,Normal,slouch,1.0,0.0,0.0,-0.3451008489462253,44.38996306453956,0.3603089433359144,1
919,4.362109147760326,Participant3_FV_FuSl,Endomorph,Normal,slouch,1.0,0.0,0.0,-0.3090723824378076,44.93907696030583,0.3584418541652218,1
920,4.366855730075626,Participant3_FV_FuSl,Endomorph,Normal,slouch,1.0,0.0,0.0,-0.3586288590704617,43.8952528734243,0.3533750794809803,1
921,4.371602312390925,Participant3_FV_FuSl,Endomorph,Normal,slouch,1.0,0.0,0.0,-0.3777002406778981,42.55173734265095,0.3443952948003488,1
922,4.376348894706225,Participant3_FV_FuSl,Endomorph,Normal,slouch,1.0,0.0,0.0,-0.3451121516396468,43.29055793413835,0.3437527982853842,1
923,4.381095477021524,Participant3_FV_FuSl,Endomorph,Normal,slouch,1.0,0.0,0.0,-0.298159231159092,43.64414596807283,0.3475206430521461,1
924,4.385842059336824,Participant3_FV_FuSl,Endomorph,Normal,slouch,1.0,0.0,0.0,-0.3572694551818437,43.11026685943247,0.3446581948898364,1
925,4.390588641652124,Participant3_FV_FuSl,Endomorph,Normal,slouch,1.0,0.0,0.0,-0.3367949199477915,42.40103632516622,0.3446534332073264,1
926,4.395335223967423,Participant3_FV_FuSl,Endomorph,Normal,slouch,1.0,0.0,0.0,-0.3110499401863374,43.11339384947073,0.3491377096442054,1
927,4.4000818062827225,Participant3_FV_FuSl,Endomorph,Normal,slouch,1.0,0.0,0.0,-0.3439050894644144,42.40843564454878,0.3468202046581284,1
928,4.404828388598022,Participant3_FV_FuSl,Endomorph,Normal,slouch,1.0,0.0,0.0,-0.2966391815404108,44.56304642871766,0.3518013771120855,1
929,4.409574970913321,Participant3_FV_FuSl,Endomorph,Normal,slouch,1.0,0.0,0.0,-0.4058174635440256,42.23138022343047,0.3413605857697612,1
930,4.414321553228621,Participant3_FV_FuSl,Endomorph,Normal,slouch,1.0,0.0,0.0,-0.3628917012911595,42.98463429915313,0.3428294276504686,1
931,4.419068135543921,Participant3_FV_FuSl,Endomorph,Normal,slouch,1.0,0.0,0.0,-0.3459981659530614,43.20332168727112,0.3617871094191845,1
932,4.42381471785922,Participant3_FV_FuSl,Endomorph,Normal,slouch,1.0,0.0,0.0,-0.3220841571240963,44.65258437774512,0.3453571879984047,1
933,4.42856130017452,Participant3_FV_FuSl,Endomorph,Normal,slouch,1.0,0.0,0.0,-0.4055671063647441,43.16394205328773,0.3410490687878572,1
934,4.43330788248982,Participant3_FV_FuSl,Endomorph,Normal,slouch,1.0,0.0,0.0,-0.3920604152185153,43.660852777392975,0.3593066698335764,1
935,4.438054464805119,Participant3_FV_FuSl,Endomorph,Normal,slouch,1.0,0.0,0.0,-0.3575759756955757,44.15907961704018,0.3617388145897386,1
936,4.442801047120419,Participant3_FV_FuSl,Endomorph,Normal,slouch,1.0,0.0,0.0,-0.3336423487095025,44.61541172431291,0.3634229627985655,1
937,4.447547629435719,Participant3_FV_FuSl,Endomorph,Normal,slouch,1.0,0.0,0.0,-0.3405063152697011,43.32246267393312,0.3529398830982834,1
938,4.452294211751018,Participant3_FV_FuSl,Endomorph,Normal,slouch,1.0,0.0,0.0,-0.3243632559622484,44.501661085962965,0.3555756302549859,1
939,4.457040794066318,Participant3_FV_FuSl,Endomorph,Normal,slouch,1.0,0.0,0.0,-0.2981557568892793,44.89588341807867,0.348768830349445,1
940,4.461787376381618,Participant3_FV_FuSl,Endomorph,Normal,slouch,1.0,0.0,0.0,-0.3713250480423028,43.81070773733764,0.3532398378834611,1
941,4.466533958696917,Participant3_FV_FuSl,Endomorph,Normal,slouch,1.0,0.0,0.0,-0.292812532679646,43.925833588486725,0.34328432493249,1
942,4.4712805410122165,Participant3_FV_FuSl,Endomorph,Normal,slouch,1.0,0.0,0.0,-0.3177694194146638,44.31467486028806,0.3424696516230688,1
943,4.476027123327516,Participant3_FV_FuSl,Endomorph,Normal,slouch,1.0,0.0,0.0,-0.2789619524232466,43.62764545844919,0.3507729158138492,1
944,4.480773705642815,Participant3_FV_FuSl,Endomorph,Normal,slouch,1.0,0.0,0.0,-0.2981206433069726,43.72948228319019,0.3500675968116675,1
945,4.485520287958115,Participant3_FV_FuSl,Endomorph,Normal,slouch,1.0,0.0,0.0,-0.313139920324001,43.226994704800376,0.3492503112119102,1
946,4.490266870273415,Participant3_FV_FuSl,Endomorph,Normal,slouch,1.0,0.0,0.0,-0.2936280238692058,43.24827166363168,0.3477650678260592,1
947,4.495013452588714,Participant3_FV_FuSl,Endomorph,Normal,slouch,1.0,0.0,0.0,-0.2675128403175097,43.86807714339557,0.3329119131123292,1
948,4.499760034904014,Participant3_FV_FuSl,Endomorph,Normal,slouch,1.0,0.0,0.0,-0.2633498687952239,43.64145108191022,0.3402857055036817,1
949,4.504506617219314,Participant3_FV_FuSl,Endomorph,Normal,slouch,1.0,0.0,0.0,-0.2548992367933472,41.62603034606087,0.3396813737034898,1
950,4.509253199534613,Participant3_FV_FuSl,Endomorph,Normal,slouch,1.0,0.0,0.0,-0.2779615820152749,42.31547706537991,0.3482484500199277,1
951,4.513999781849913,Participant3_FV_FuSl,Endomorph,Normal,slouch,1.0,0.0,0.0,-0.2845036587509599,42.00096134512569,0.340814582663239,1
952,4.518746364165213,Participant3_FV_FuSl,Endomorph,Normal,slouch,1.0,0.0,0.0,-0.2649873033609062,42.9080796546392,0.3418658763267225,1
953,4.523492946480512,Participant3_FV_FuSl,Endomorph,Normal,slouch,1.0,0.0,0.0,-0.2979748958269215,42.40808359203015,0.3501051136084942,1
954,4.528239528795812,Participant3_FV_FuSl,Endomorph,Normal,slouch,1.0,0.0,0.0,-0.2765588733807946,42.60351129662503,0.3483338745071657,1
955,4.532986111111112,Participant3_FV_FuSl,Endomorph,Normal,slouch,1.0,0.0,0.0,-0.2758525454630189,43.60165453364564,0.3376946860464863,1
956,4.537732693426411,Participant3_FV_FuSl,Endomorph,Normal,slouch,1.0,0.0,0.0,-0.2603603078672073,43.88091881008878,0.3411606411084203,1
957,4.542479275741711,Participant3_FV_FuSl,Endomorph,Normal,slouch,1.0,0.0,0.0,-0.2937249132096592,43.60383018970084,0.3356227375797727,1
958,4.54722585805701,Participant3_FV_FuSl,Endomorph,Normal,slouch,1.0,0.0,0.0,-0.2674121034643322,45.002296336392746,0.3440371803638037,1
959,4.551972440372309,Participant3_FV_FuSl,Endomorph,Normal,slouch,1.0,0.0,0.0,-0.2548454219036021,43.99400237973337,0.3509208822139752,1
960,4.556719022687609,Participant3_FV_FuSl,Endomorph,Normal,slouch,1.0,0.0,0.0,-0.3077437873394486,42.40789889505235,0.3395506782589182,1
961,4.561465605002908,Participant3_FV_FuSl,Endomorph,Normal,slouch,1.0,0.0,0.0,-0.2763999431249421,43.155910457592064,0.3537255406089033,1
962,4.566212187318208,Participant3_FV_FuSl,Endomorph,Normal,slouch,1.0,0.0,0.0,-0.2829838899666579,43.42648609154333,0.3567214370078383,1
963,4.570958769633508,Participant3_FV_FuSl,Endomorph,Normal,slouch,1.0,0.0,0.0,-0.3928748412467205,43.8198301509958,0.3532665122771953,1
964,4.575705351948807,Participant3_FV_FuSl,Endomorph,Normal,slouch,1.0,0.0,0.0,-0.3024007155178179,43.13317606484293,0.3592802658249927,1
965,4.580451934264107,Participant3_FV_FuSl,Endomorph,Normal,slouch,1.0,0.0,0.0,-0.3394458440983204,43.0747154972025,0.3579992208547234,1
966,4.585198516579407,Participant3_FV_FuSl,Endomorph,Normal,slouch,1.0,0.0,0.0,-0.4384301635581127,42.68481039927312,0.3604517120432445,1
967,4.589945098894706,Participant3_FV_FuSl,Endomorph,Normal,slouch,1.0,0.0,0.0,-0.3445416954439297,43.28528713449625,0.3549536408197932,1
968,4.594691681210006,Participant3_FV_FuSl,Endomorph,Normal,slouch,1.0,0.0,0.0,-0.275555325245122,43.34629808364178,0.3440527862977622,1
969,4.599438263525306,Participant3_FV_FuSl,Endomorph,Normal,slouch,1.0,0.0,0.0,-0.2646360110791157,42.65490665893929,0.345556500762285,1
970,4.604184845840605,Participant3_FV_FuSl,Endomorph,Normal,slouch,1.0,0.0,0.0,-0.3181137495358064,41.72989462143092,0.3252801050979129,1
971,4.608931428155905,Participant3_FV_FuSl,Endomorph,Normal,slouch,1.0,0.0,0.0,-0.3006361248917043,42.94510412971316,0.3378542408042848,1
972,4.6136780104712045,Participant3_FV_FuSl,Endomorph,Normal,slouch,1.0,0.0,0.0,-0.3197528710407983,42.8770231617108,0.3591168015503385,1
973,4.618424592786504,Participant3_FV_FuSl,Endomorph,Normal,slouch,1.0,0.0,0.0,-0.3122485129164968,43.58357046198366,0.3436414099594884,1
974,4.623171175101803,Participant3_FV_FuSl,Endomorph,Normal,slouch,1.0,0.0,0.0,-0.3829285444216603,42.56631768791037,0.3379907151899024,1
975,4.627917757417103,Participant3_FV_FuSl,Endomorph,Normal,slouch,1.0,0.0,0.0,-0.3940558443465183,43.28360309547179,0.3603471481816144,1
976,4.632664339732402,Participant3_FV_FuSl,Endomorph,Normal,slouch,1.0,0.0,0.0,-0.3034376175104634,42.72521694632587,0.355489309749706,1
977,4.637410922047702,Participant3_FV_FuSl,Endomorph,Normal,slouch,1.0,0.0,0.0,-0.289383367242639,43.014805326829446,0.3613701143292555,1
978,4.642157504363002,Participant3_FV_FuSl,Endomorph,Normal,slouch,1.0,0.0,0.0,-0.3557235207371535,43.50205635181547,0.3650873292330554,1
979,4.646904086678301,Participant3_FV_FuSl,Endomorph,Normal,slouch,1.0,0.0,0.0,-0.4579006472021937,43.08682866594642,0.3616880458565809,1
980,4.651650668993601,Participant3_FV_FuSl,Endomorph,Normal,slouch,1.0,0.0,0.0,-0.3393018873476117,43.294640213091256,0.3621838127449771,1
981,4.656397251308901,Participant3_FV_FuSl,Endomorph,Normal,slouch,1.0,0.0,0.0,-0.2848677734003384,43.84265563844549,0.3633634228266671,1
982,4.6611438336242,Participant3_FV_FuSl,Endomorph,Normal,slouch,1.0,0.0,0.0,-0.3056620189115278,42.88253506761091,0.3479174407271199,1
983,4.6658904159395,Participant3_FV_FuSl,Endomorph,Normal,slouch,1.0,0.0,0.0,-0.2934760761666034,43.356945809505866,0.3520789724093865,1
984,4.6706369982548,Participant3_FV_FuSl,Endomorph,Normal,slouch,1.0,0.0,0.0,-0.3158235577637541,42.52146774722648,0.3597746952275095,1
985,4.675383580570099,Participant3_FV_FuSl,Endomorph,Normal,slouch,1.0,0.0,0.0,-0.3167181883045048,41.86192353641224,0.3642642126848417,1
986,4.680130162885399,Participant3_FV_FuSl,Endomorph,Normal,slouch,1.0,0.0,0.0,-0.2905659219031654,42.31981334896991,0.3535775230143088,1
987,4.6848767452006985,Participant3_FV_FuSl,Endomorph,Normal,slouch,1.0,0.0,0.0,-0.2981375930118839,42.78443149591324,0.3627564745425012,1
988,4.6896233275159975,Participant3_FV_FuSl,Endomorph,Normal,slouch,1.0,0.0,0.0,-0.3113872971057865,42.92204387883748,0.3551423247909624,1
989,4.694369909831297,Participant3_FV_FuSl,Endomorph,Normal,slouch,1.0,0.0,0.0,-0.3816507244427222,42.79116175448821,0.3674611514242627,1
990,4.699116492146597,Participant3_FV_FuSl,Endomorph,Normal,slouch,1.0,0.0,0.0,-0.2813535011914319,44.09375966539245,0.3449632890372114,1
991,4.703863074461896,Participant3_FV_FuSl,Endomorph,Normal,slouch,1.0,0.0,0.0,-0.3123305433179065,41.92644358028456,0.3491535356442207,1
992,4.708609656777196,Participant3_FV_FuSl,Endomorph,Normal,slouch,1.0,0.0,0.0,-0.3733947545079533,42.029910827216064,0.3340159515347602,1
993,4.713356239092496,Participant3_FV_FuSl,Endomorph,Normal,slouch,1.0,0.0,0.0,-0.3670500411266785,42.103985737198656,0.3244345178148132,1
994,4.718102821407795,Participant3_FV_FuSl,Endomorph,Normal,slouch,1.0,0.0,0.0,-0.3176940489651338,41.85376476581804,0.3357507463449014,1
995,4.722849403723095,Participant3_FV_FuSl,Endomorph,Normal,slouch,1.0,0.0,0.0,-0.3582805280172596,42.37751003460233,0.3350941045005994,1
996,4.727595986038395,Participant3_FV_FuSl,Endomorph,Normal,slouch,1.0,0.0,0.0,-0.3376436063432031,42.70543432603432,0.3334354732858919,1
997,4.732342568353694,Participant3_FV_FuSl,Endomorph,Normal,slouch,1.0,0.0,0.0,-0.3450853035015068,43.31887137021309,0.3228320622234519,1
998,4.737089150668994,Participant3_FV_FuSl,Endomorph,Normal,slouch,1.0,0.0,0.0,-0.3060589826746598,42.722785842685006,0.3328849976358662,1
999,4.741835732984293,Participant3_FV_FuSl,Endomorph,Normal,slouch,1.0,0.0,0.0,-0.3630491642864275,43.90099620624104,0.3394729008945313,1
1000,4.746582315299593,Participant3_FV_FuSl,Endomorph,Normal,slouch,1.0,0.0,0.0,-0.3214042445319605,42.6922642090695,0.3389549229387568,1
1001,4.751328897614893,Participant3_FV_FuSl,Endomorph,Normal,slouch,1.0,0.0,0.0,-0.3010264845793511,43.207139913632055,0.3490739801526584,1
1002,4.756075479930192,Participant3_FV_FuSl,Endomorph,Normal,slouch,1.0,0.0,0.0,-0.3544881240879159,42.50879643078243,0.3528225222315018,1
1003,4.760822062245492,Participant3_FV_FuSl,Endomorph,Normal,slouch,1.0,0.0,0.0,-0.3157903812473724,42.91204133038792,0.3476499251781341,1
1004,4.765568644560791,Participant3_FV_FuSl,Endomorph,Normal,slouch,1.0,0.0,0.0,-0.3149654065548962,42.54929568899121,0.3420003632723891,1
1005,4.77031522687609,Participant3_FV_FuSl,Endomorph,Normal,slouch,1.0,0.0,0.0,-0.358330207538846,42.02702778605859,0.3453405144013234,1
1006,4.77506180919139,Participant3_FV_FuSl,Endomorph,Normal,slouch,1.0,0.0,0.0,-0.2937890103593162,43.311496157244285,0.3468759779035061,1
1007,4.77980839150669,Participant3_FV_FuSl,Endomorph,Normal,slouch,1.0,0.0,0.0,-0.3636302200511565,42.2887055061356,0.3523203066984319,1
1008,4.784554973821989,Participant3_FV_FuSl,Endomorph,Normal,slouch,1.0,0.0,0.0,-0.3174485305145912,42.59177370171856,0.3464583881415008,1
1009,4.789301556137289,Participant3_FV_FuSl,Endomorph,Normal,slouch,1.0,0.0,0.0,-0.3470018957890649,42.424274893532406,0.3378090441329915,1
1010,4.794048138452589,Participant3_FV_FuSl,Endomorph,Normal,slouch,1.0,0.0,0.0,-0.3164287550001481,43.33923781624769,0.3306715645701851,1
1011,4.798794720767888,Participant3_FV_FuSl,Endomorph,Normal,slouch,1.0,0.0,0.0,-0.3318441320454431,43.24989683886118,0.3404091144570336,1
1012,4.803541303083188,Participant3_FV_FuSl,Endomorph,Normal,slouch,1.0,0.0,0.0,-0.3738651799649152,42.78077121656903,0.3445470325214809,1
1013,4.808287885398488,Participant3_FV_FuSl,Endomorph,Normal,slouch,1.0,0.0,0.0,-0.3499291733766974,43.13268324937637,0.3342607747602652,1
1014,4.813034467713787,Participant3_FV_FuSl,Endomorph,Normal,slouch,1.0,0.0,0.0,-0.3290580536252945,42.625905555533855,0.3422972205465106,1
1015,4.817781050029087,Participant3_FV_FuSl,Endomorph,Normal,slouch,1.0,0.0,0.0,-0.3554990998999821,43.03122324069353,0.3433003723049693,1
1016,4.822527632344387,Participant3_FV_FuSl,Endomorph,Normal,slouch,1.0,0.0,0.0,-0.3704667105721889,43.901546650637385,0.3398581919806929,1
1017,4.827274214659686,Participant3_FV_FuSl,Endomorph,Normal,slouch,1.0,0.0,0.0,-0.3190395462094048,42.944123460304645,0.3497278678425251,1
1018,4.8320207969749855,Participant3_FV_FuSl,Endomorph,Normal,slouch,1.0,0.0,0.0,-0.3142808203400307,43.31972102811497,0.3381926951159987,1
1019,4.836767379290285,Participant3_FV_FuSl,Endomorph,Normal,slouch,1.0,0.0,0.0,-0.3513204571964493,42.58155376205822,0.3391719053102713,1
1020,4.841513961605584,Participant3_FV_FuSl,Endomorph,Normal,slouch,1.0,0.0,0.0,-0.388294583693749,42.14288854215141,0.3436766250745989,1
1021,4.846260543920884,Participant3_FV_FuSl,Endomorph,Normal,slouch,1.0,0.0,0.0,-0.3743931210645425,42.54089012605408,0.3255001987212508,1
1022,4.851007126236184,Participant3_FV_FuSl,Endomorph,Normal,slouch,1.0,0.0,0.0,-0.3180060791559711,42.67747733345591,0.3427517350889396,1
1023,4.855753708551483,Participant3_FV_FuSl,Endomorph,Normal,slouch,1.0,0.0,0.0,-0.3462265880538935,42.95928549915065,0.3460557574959204,1
1024,4.860500290866783,Participant3_FV_FuSl,Endomorph,Normal,slouch,1.0,0.0,0.0,-0.3474722224847245,43.48566273502124,0.3510053954215534,1
1025,4.865246873182083,Participant3_FV_FuSl,Endomorph,Normal,slouch,1.0,0.0,0.0,-0.2801271287193453,43.74623804385875,0.3441090062392443,1
1026,4.869993455497382,Participant3_FV_FuSl,Endomorph,Normal,slouch,1.0,0.0,0.0,-0.3443374183216869,43.717948583329765,0.3368750756921456,1
1027,4.874740037812682,Participant3_FV_FuSl,Endomorph,Normal,slouch,1.0,0.0,0.0,-0.3443860133830054,42.74149503740435,0.3468649596402433,1
1028,4.879486620127982,Participant3_FV_FuSl,Endomorph,Normal,slouch,1.0,0.0,0.0,-0.3355936291679964,42.75245770538683,0.3364743758294986,1
1029,4.884233202443281,Participant3_FV_FuSl,Endomorph,Normal,slouch,1.0,0.0,0.0,-0.3776997386460811,43.19645031961256,0.3423519829188816,1
1030,4.888979784758581,Participant3_FV_FuSl,Endomorph,Normal,slouch,1.0,0.0,0.0,-0.3432916944060354,44.10850379375237,0.3448030573292294,1
1031,4.893726367073881,Participant3_FV_FuSl,Endomorph,Normal,slouch,1.0,0.0,0.0,-0.3488382334427652,43.72147160194883,0.3348646431450841,1
1032,4.89847294938918,Participant3_FV_FuSl,Endomorph,Normal,slouch,1.0,0.0,0.0,-0.3543969635781248,43.74410572509444,0.3282327833581715,1
1033,4.90321953170448,Participant3_FV_FuSl,Endomorph,Normal,slouch,1.0,0.0,0.0,-0.3533919714528271,43.68584002097665,0.3288550362839194,1
1034,4.9079661140197794,Participant3_FV_FuSl,Endomorph,Normal,slouch,1.0,0.0,0.0,-0.3660040287505872,43.64008256526013,0.3286454842995235,1
1035,4.912712696335079,Participant3_FV_FuSl,Endomorph,Normal,slouch,1.0,0.0,0.0,-0.365763459283365,43.16526418937759,0.3444673682186785,1
1036,4.917459278650378,Participant3_FV_FuSl,Endomorph,Normal,slouch,1.0,0.0,0.0,-0.367391739717138,44.427303354991885,0.328205973777083,1
1037,4.922205860965678,Participant3_FV_FuSl,Endomorph,Normal,slouch,1.0,0.0,0.0,-0.4307330928629116,43.60073116493772,0.3316136264294986,1
1038,4.926952443280977,Participant3_FV_FuSl,Endomorph,Normal,slouch,1.0,0.0,0.0,-0.3200453182497097,44.88985851845322,0.3336837341758296,1
1039,4.931699025596277,Participant3_FV_FuSl,Endomorph,Normal,slouch,1.0,0.0,0.0,-0.3536978582536703,43.244556267721705,0.3360612708995077,1
1040,4.936445607911576,Participant3_FV_FuSl,Endomorph,Normal,slouch,1.0,0.0,0.0,-0.4330863098837161,43.14920711517255,0.3305708229813167,1
1041,4.941192190226876,Participant3_FV_FuSl,Endomorph,Normal,slouch,1.0,0.0,0.0,-0.395112162958777,43.13753497492768,0.3218595069335748,1
1042,4.945938772542176,Participant3_FV_FuSl,Endomorph,Normal,slouch,1.0,0.0,0.0,-0.409255670365119,43.350217447424654,0.3305930921515009,1
1043,4.950685354857475,Participant3_FV_FuSl,Endomorph,Normal,slouch,1.0,0.0,0.0,-0.3924184495447459,44.04998815115862,0.3260953281837598,1
1044,4.955431937172775,Participant3_FV_FuSl,Endomorph,Normal,slouch,1.0,0.0,0.0,-0.3445536477678664,43.319866284293525,0.3295290796450129,1
1045,4.960178519488075,Participant3_FV_FuSl,Endomorph,Normal,slouch,1.0,0.0,0.0,-0.3311282560463664,43.58369962678604,0.326411627672561,1
1046,4.964925101803374,Participant3_FV_FuSl,Endomorph,Normal,slouch,1.0,0.0,0.0,-0.3837822315062074,43.45522345639899,0.321602842337863,1
1047,4.969671684118674,Participant3_FV_FuSl,Endomorph,Normal,slouch,1.0,0.0,0.0,-0.3670556263265121,43.06434342677821,0.3217905752780454,1
1048,4.974418266433974,Participant3_FV_FuSl,Endomorph,Normal,slouch,1.0,0.0,0.0,-0.377551304708292,42.51408685051192,0.3279608670248788,1
1049,4.979164848749273,Participant3_FV_FuSl,Endomorph,Normal,slouch,1.0,0.0,0.0,-0.3711708193198509,42.982528619568896,0.3198243662412082,1
1050,4.9839114310645725,Participant3_FV_FuSl,Endomorph,Normal,slouch,1.0,0.0,0.0,-0.3870408095339284,43.318343986542224,0.3221127877472676,1
1051,4.988658013379872,Participant3_FV_FuSl,Endomorph,Normal,slouch,1.0,0.0,0.0,-0.2978802438137834,43.48936401431414,0.332149525593002,1
1052,4.993404595695171,Participant3_FV_FuSl,Endomorph,Normal,slouch,1.0,0.0,0.0,-0.3201374092348662,43.36491439151378,0.3293300450407588,1
1053,4.998151178010471,Participant3_FV_FuSl,Endomorph,Normal,slouch,1.0,0.0,0.0,-0.2957199952316532,43.60989362460114,0.3277305718592186,1
1054,5.002897760325771,Participant3_FV_FuSl,Endomorph,Normal,slouch,1.0,0.0,0.0,-0.3906367528224241,43.33979179197395,0.3380677183522871,1
1055,5.00764434264107,Participant3_FV_FuSl,Endomorph,Normal,slouch,1.0,0.0,0.0,-0.3060293157197731,43.37983590894874,0.3299681531239628,1
1056,5.01239092495637,Participant3_FV_FuSl,Endomorph,Normal,slouch,1.0,0.0,0.0,-0.3359891936607612,43.43456886811277,0.337643750391439,1
1057,5.01713750727167,Participant3_FV_FuSl,Endomorph,Normal,slouch,1.0,0.0,0.0,-0.3282593594360925,43.03197545330936,0.3363255569774261,1
1058,5.021884089586969,Participant3_FV_FuSl,Endomorph,Normal,slouch,1.0,0.0,0.0,-0.3313179655913157,42.7781701165612,0.3449849427146009,1
1059,5.026630671902269,Participant3_FV_FuSl,Endomorph,Normal,slouch,1.0,0.0,0.0,-0.3173776923799375,43.579256945306895,0.3292011732427112,1
1060,5.031377254217569,Participant3_FV_FuSl,Endomorph,Normal,slouch,1.0,0.0,0.0,-0.3145761058530794,43.271560372959065,0.3410242553765403,1
1061,5.036123836532868,Participant3_FV_FuSl,Endomorph,Normal,slouch,1.0,0.0,0.0,-0.2991383190047718,43.68422507155104,0.3320146213841065,1
1062,5.040870418848168,Participant3_FV_FuSl,Endomorph,Normal,slouch,1.0,0.0,0.0,-0.3256394560333341,42.92615091461587,0.3564949371596714,1
1063,5.045617001163468,Participant3_FV_FuSl,Endomorph,Normal,slouch,1.0,0.0,0.0,-0.2766177737123023,43.5720038385547,0.3530625023905021,1
1064,5.050363583478767,Participant3_FV_FuSl,Endomorph,Normal,slouch,1.0,0.0,0.0,-0.2901497895232159,43.40810607789994,0.3339962725611676,1
1065,5.0551101657940665,Participant3_FV_FuSl,Endomorph,Normal,slouch,1.0,0.0,0.0,-0.2939095162107537,43.274524580046965,0.349698717579133,1
1066,5.059856748109366,Participant3_FV_FuSl,Endomorph,Normal,slouch,1.0,0.0,0.0,-0.3015401288621895,43.20435348020434,0.342459069796186,1
1067,5.064603330424665,Participant3_FV_FuSl,Endomorph,Normal,slouch,1.0,0.0,0.0,-0.3736363420728602,43.05766395067479,0.3321941031921689,1
1068,5.069349912739965,Participant3_FV_FuSl,Endomorph,Normal,slouch,1.0,0.0,0.0,-0.3135951190440974,43.0401270128426,0.3553060863750121,1
1069,5.074096495055265,Participant3_FV_FuSl,Endomorph,Normal,slouch,1.0,0.0,0.0,-0.3268376745588792,42.200520172172354,0.3527912560646322,1
1070,5.078843077370564,Participant3_FV_FuSl,Endomorph,Normal,slouch,1.0,0.0,0.0,-0.3354069937755188,43.37141523203612,0.356533027637084,1
1071,5.083589659685864,Participant3_FV_FuSl,Endomorph,Normal,slouch,1.0,0.0,0.0,-0.3516339290735545,43.19477987240396,0.3538459081711237,1
1072,5.088336242001164,Participant3_FV_FuSl,Endomorph,Normal,slouch,1.0,0.0,0.0,-0.3168874145337087,43.16200292446404,0.3500951763011087,1
1073,5.093082824316463,Participant3_FV_FuSl,Endomorph,Normal,slouch,1.0,0.0,0.0,-0.331965400877704,43.25444959369899,0.3451892069606671,1
1074,5.097829406631763,Participant3_FV_FuSl,Endomorph,Normal,slouch,1.0,0.0,0.0,-0.3404325435347659,43.36815837379973,0.3428396287563561,1
1075,5.102575988947063,Participant3_FV_FuSl,Endomorph,Normal,slouch,1.0,0.0,0.0,-0.33744318343639,43.32499053281364,0.3464290218371543,1
1076,5.107322571262362,Participant3_FV_FuSl,Endomorph,Normal,slouch,1.0,0.0,0.0,-0.3066747933195312,42.5159780596964,0.3410393154667814,1
1077,5.112069153577662,Participant3_FV_FuSl,Endomorph,Normal,slouch,1.0,0.0,0.0,-0.3168779834616617,43.29132228807267,0.3510066196459814,1
1078,5.116815735892961,Participant3_FV_FuSl,Endomorph,Normal,slouch,1.0,0.0,0.0,-0.3106042667487585,43.82082656114508,0.3536799418864741,1
1079,5.121562318208261,Participant3_FV_FuSl,Endomorph,Normal,slouch,1.0,0.0,0.0,-0.3215681957309126,43.70087821677906,0.3462449295871003,1
1080,5.1263089005235605,Participant3_FV_FuSl,Endomorph,Normal,slouch,1.0,0.0,0.0,-0.3295127394132308,43.93122895458651,0.3598830378152296,1
1081,5.13105548283886,Participant3_FV_FuSl,Endomorph,Normal,slouch,1.0,0.0,0.0,-0.3153519484058208,43.43514511325596,0.3594855077527562,1
1082,5.135802065154159,Participant3_FV_FuSl,Endomorph,Normal,slouch,1.0,0.0,0.0,-0.392797722633014,43.47737237475861,0.3491897185413284,1
1083,5.140548647469459,Participant3_FV_FuSl,Endomorph,Normal,slouch,1.0,0.0,0.0,-0.2931707326369193,43.77338448983871,0.3442750657576721,1
1084,5.145295229784758,Participant3_FV_FuSl,Endomorph,Normal,slouch,1.0,0.0,0.0,-0.4270935323971794,42.61475047779504,0.354521509230269,1
1085,5.150041812100058,Participant3_FV_FuSl,Endomorph,Normal,slouch,1.0,0.0,0.0,-0.3316299573384272,42.29578188268422,0.3415323664034555,1
1086,5.154788394415358,Participant3_FV_FuSl,Endomorph,Normal,slouch,1.0,0.0,0.0,-0.2922385614856504,43.27868044925106,0.3602716757463498,1
1087,5.159534976730657,Participant3_FV_FuSl,Endomorph,Normal,slouch,1.0,0.0,0.0,-0.3029099669074421,43.68690542483111,0.3560029984152374,1
1088,5.164281559045957,Participant3_FV_FuSl,Endomorph,Normal,slouch,1.0,0.0,0.0,-0.264843712835073,42.97142772080434,0.3535500174969495,1
1089,5.169028141361257,Participant3_FV_FuSl,Endomorph,Normal,slouch,1.0,0.0,0.0,-0.4386951572453277,42.869288628670645,0.3483386595627104,1
1090,5.173774723676556,Participant3_FV_FuSl,Endomorph,Normal,slouch,1.0,0.0,0.0,-0.2913037204059301,43.28450187741026,0.3435347303981327,1
1091,5.178521305991856,Participant3_FV_FuSl,Endomorph,Normal,slouch,1.0,0.0,0.0,-0.2837974683869833,44.33476230361183,0.3345412542671031,1
1092,5.183267888307156,Participant3_FV_FuSl,Endomorph,Normal,slouch,1.0,0.0,0.0,-0.2868828036414375,43.985167406604745,0.333767133822594,1
1093,5.188014470622455,Participant3_FV_FuSl,Endomorph,Normal,slouch,1.0,0.0,0.0,-0.3023343621813865,43.28850265737945,0.3418860386083749,1
1094,5.192761052937755,Participant3_FV_FuSl,Endomorph,Normal,slouch,1.0,0.0,0.0,-0.3165543448961441,43.17542991873289,0.3441036979890577,1
1095,5.197507635253055,Participant3_FV_FuSl,Endomorph,Normal,slouch,1.0,0.0,0.0,-0.326881516369369,42.53481072982138,0.3498443915604255,1
1096,5.2022542175683535,Participant3_FV_FuSl,Endomorph,Normal,slouch,1.0,0.0,0.0,-0.3158835826532539,42.81347158439527,0.3519501685306458,1
1097,5.207000799883653,Participant3_FV_FuSl,Endomorph,Normal,slouch,1.0,0.0,0.0,-0.2957334957381945,42.16934744728281,0.3389204780304629,1
1098,5.211747382198953,Participant3_FV_FuSl,Endomorph,Normal,slouch,1.0,0.0,0.0,-0.3348683657845058,42.67444909781472,0.3347124617227551,1
1099,5.216493964514252,Participant3_FV_FuSl,Endomorph,Normal,slouch,1.0,0.0,0.0,-0.2893065574295393,42.2961826964012,0.3368694657347997,1
1100,5.221240546829552,Participant3_FV_FuSl,Endomorph,Normal,slouch,1.0,0.0,0.0,-0.3227868925786812,41.857596044221566,0.3375378397767704,1
1101,5.225987129144852,Participant3_FV_FuSl,Endomorph,Normal,slouch,1.0,0.0,0.0,-0.3080408105061978,41.99739147990967,0.342436587366647,1
1102,5.230733711460151,Participant3_FV_FuSl,Endomorph,Normal,slouch,1.0,0.0,0.0,-0.3144721835105578,43.11654914438312,0.338627533469832,1
1103,5.235480293775451,Participant3_FV_FuSl,Endomorph,Normal,slouch,1.0,0.0,0.0,-0.2804300931634151,43.827316013974205,0.3450186462163793,1
1104,5.240226876090751,Participant3_FV_FuSl,Endomorph,Normal,slouch,1.0,0.0,0.0,-0.3097204898021543,43.54174701110748,0.3415672688078158,1
1105,5.24497345840605,Participant3_FV_FuSl,Endomorph,Normal,slouch,1.0,0.0,0.0,-0.2724000410395376,43.09819099059397,0.3513211704539394,1
1106,5.24972004072135,Participant3_FV_FuSl,Endomorph,Normal,slouch,1.0,0.0,0.0,-0.2938713529771672,43.434290098475714,0.3447929253704738,1
1107,5.25446662303665,Participant3_FV_FuSl,Endomorph,Normal,slouch,1.0,0.0,0.0,-0.2577660293959485,43.64337315427996,0.3324069236558508,1
1108,5.259213205351949,Participant3_FV_FuSl,Endomorph,Normal,slouch,1.0,0.0,0.0,-0.3057986862616781,42.69121579887935,0.3263079310294876,1
1109,5.263959787667249,Participant3_FV_FuSl,Endomorph,Normal,slouch,1.0,0.0,0.0,-0.2942445193853837,43.46643981023412,0.3480130277396034,1
1110,5.2687063699825485,Participant3_FV_FuSl,Endomorph,Normal,slouch,1.0,0.0,0.0,-0.2942497495318036,42.66125560980635,0.3262221073743369,1
1111,5.273452952297848,Participant3_FV_FuSl,Endomorph,Normal,slouch,1.0,0.0,0.0,-0.2987986365668206,43.23004251386979,0.3358983017160977,1
1112,5.278199534613147,Participant3_FV_FuSl,Endomorph,Normal,slouch,1.0,0.0,0.0,-0.2765753495875076,43.50487830062414,0.3562565373930286,1
1113,5.282946116928447,Participant3_FV_FuSl,Endomorph,Normal,slouch,1.0,0.0,0.0,-0.2665717289160932,43.93243977622607,0.3518530751196619,1
1114,5.287692699243746,Participant3_FV_FuSl,Endomorph,Normal,slouch,1.0,0.0,0.0,-0.2609372466798234,43.90867397107546,0.3464179441414079,1
1115,5.292439281559046,Participant3_FV_FuSl,Endomorph,Normal,slouch,1.0,0.0,0.0,-0.2651119308495577,43.318933944356935,0.3387415264489349,1
1116,5.297185863874345,Participant3_FV_FuSl,Endomorph,Normal,slouch,1.0,0.0,0.0,-0.2715232031502028,42.88325953900799,0.3364698275779461,1
1117,5.301932446189645,Participant3_FV_FuSl,Endomorph,Normal,slouch,1.0,0.0,0.0,-0.2664472710796014,43.496669427805855,0.3375074872769057,1
1118,5.306679028504945,Participant3_FV_FuSl,Endomorph,Normal,slouch,1.0,0.0,0.0,-0.2682845699390341,42.71398839535589,0.3295254886382153,1
1119,5.311425610820244,Participant3_FV_FuSl,Endomorph,Normal,slouch,1.0,0.0,0.0,-0.2589945502733818,43.98942464947595,0.3394663900964623,1
1120,5.316172193135544,Participant3_FV_FuSl,Endomorph,Normal,slouch,1.0,0.0,0.0,-0.3012710069230201,43.36862925887375,0.3511553348210833,1
1121,5.320918775450844,Participant3_FV_FuSl,Endomorph,Normal,slouch,1.0,0.0,0.0,-0.3384493066413098,42.72814860198881,0.3389247140912664,1
1122,5.325665357766143,Participant3_FV_FuSl,Endomorph,Normal,slouch,1.0,0.0,0.0,-0.2749766530275644,44.30467654218605,0.3418564210621271,1
1123,5.330411940081443,Participant3_FV_FuSl,Endomorph,Normal,slouch,1.0,0.0,0.0,-0.2744992757360486,44.8119684575707,0.3362685517722983,1
1124,5.335158522396743,Participant3_FV_FuSl,Endomorph,Normal,slouch,1.0,0.0,0.0,-0.279465385963454,43.47688435380396,0.3471686643851763,1
1125,5.339905104712042,Participant3_FV_FuSl,Endomorph,Normal,slouch,1.0,0.0,0.0,-0.2670944774466688,43.35436335723056,0.3161121070304947,1
1126,5.3446516870273415,Participant3_FV_FuSl,Endomorph,Normal,slouch,1.0,0.0,0.0,-0.259061828613826,43.17719564699804,0.3189079577890899,1
1127,5.349398269342641,Participant3_FV_FuSl,Endomorph,Normal,slouch,1.0,0.0,0.0,-0.2887161552466423,43.23435432995984,0.3239804395204065,1
1128,5.35414485165794,Participant3_FV_FuSl,Endomorph,Normal,slouch,1.0,0.0,0.0,-0.2703186406464839,42.1084641245739,0.3263061447363365,1
1129,5.35889143397324,Participant3_FV_FuSl,Endomorph,Normal,slouch,1.0,0.0,0.0,-0.2799527348894562,42.94178741256249,0.3255403238217694,1
1130,5.36363801628854,Participant3_FV_FuSl,Endomorph,Normal,slouch,1.0,0.0,0.0,-0.2886210645059019,43.49398546653356,0.3164020643945195,1
1131,5.368384598603839,Participant3_FV_FuSl,Endomorph,Normal,slouch,1.0,0.0,0.0,-0.2930694335878772,43.05312056629079,0.3298830516856213,1
1132,5.373131180919139,Participant3_FV_FuSl,Endomorph,Normal,slouch,1.0,0.0,0.0,-0.3142066801531206,43.75827978575904,0.3352952741510988,1
1133,5.377877763234439,Participant3_FV_FuSl,Endomorph,Normal,slouch,1.0,0.0,0.0,-0.3041658883385957,44.49462280322678,0.3362190399663219,1
1134,5.382624345549738,Participant3_FV_FuSl,Endomorph,Normal,slouch,1.0,0.0,0.0,-0.3258581893141155,43.79464015785326,0.3477675353804024,1
1135,5.387370927865038,Participant3_FV_FuSl,Endomorph,Normal,slouch,1.0,0.0,0.0,-0.2843908908488913,44.239043404329294,0.3342716957278358,1
1136,5.392117510180338,Participant3_FV_FuSl,Endomorph,Normal,slouch,1.0,0.0,0.0,-0.3088649040233138,44.285188925782485,0.3341184661635002,1
1137,5.396864092495637,Participant3_FV_FuSl,Endomorph,Normal,slouch,1.0,0.0,0.0,-0.2850248381732418,43.852968754118166,0.3388956553844983,1
1138,5.401610674810937,Participant3_FV_FuSl,Endomorph,Normal,slouch,1.0,0.0,0.0,-0.259626110310565,44.01718205458181,0.3425334157438902,1
1139,5.406357257126237,Participant3_FV_FuSl,Endomorph,Normal,slouch,1.0,0.0,0.0,-0.2759855261893186,45.24064853562028,0.3463418566676637,1
1140,5.411103839441536,Participant3_FV_FuSl,Endomorph,Normal,slouch,1.0,0.0,0.0,-0.2901215992248881,44.47387456632468,0.3439700260970066,1
1141,5.415850421756836,Participant3_FV_FuSl,Endomorph,Normal,slouch,1.0,0.0,0.0,-0.2761028286459438,43.63818697758524,0.3420962404194396,1
1142,5.420597004072135,Participant3_FV_FuSl,Endomorph,Normal,slouch,1.0,0.0,0.0,-0.3133842075310921,44.30381900543534,0.3355070390910289,1
1143,5.425343586387434,Participant3_FV_FuSl,Endomorph,Normal,slouch,1.0,0.0,0.0,-0.325941177842641,43.94136928865811,0.3575100536529373,1
1144,5.430090168702734,Participant3_FV_FuSl,Endomorph,Normal,slouch,1.0,0.0,0.0,-0.2608379977212879,44.3303276141461,0.3474038715066568,1
1145,5.434836751018034,Participant3_FV_FuSl,Endomorph,Normal,slouch,1.0,0.0,0.0,-0.3157293760077431,44.17393739948832,0.3402317949304402,1
