frame_idx,timestamp,subject_id,somatotype,bmi_category,label,h2s_ratio,shoulder_tilt_deg,head_roll_deg,forward_head_z,neck_flexion_deg,shoulder_width_norm,is_valid
0,0.0,Participant4_RS_FuSl,Endomorph,Normal,slouch,1.0,0.0,0.0,-0.0191783552548053,55.901669255912815,0.2129857795733336,1
1,0.0333333333333333,Participant4_RS_FuSl,Endomorph,Normal,slouch,1.0,0.0,0.0,-0.0134838810444299,55.19162950745236,0.189051530503049,1
2,0.0666666666666666,Participant4_RS_FuSl,Endomorph,Normal,slouch,1.0,0.0,0.0,-0.0524637219350745,56.38212722446549,0.1402381558448425,1
3,0.1,Participant4_RS_FuSl,Endomorph,Normal,slouch,1.0,0.0,0.0,-0.064641570340423,56.3072705247321,0.1450483818544492,1
4,0.1333333333333333,Participant4_RS_FuSl,Endomorph,Normal,slouch,1.0,0.0,0.0,-0.0346290227005354,57.14992403170061,0.1188373150706469,1
5,0.1666666666666666,Participant4_RS_FuSl,Endomorph,Normal,slouch,1.0,0.0,0.0,-0.0220245931016424,57.00116443930371,0.1485228289061128,1
6,0.2,Participant4_RS_FuSl,Endomorph,Normal,slouch,1.0,0.0,0.0,-0.0205336905814657,56.18144329273098,0.1447925386389266,1
7,0.2333333333333333,Participant4_RS_FuSl,Endomorph,Normal,slouch,1.0,0.0,0.0,-0.0082656701336252,56.03024079313212,0.1894356329892464,1
8,0.2666666666666666,Participant4_RS_FuSl,Endomorph,Normal,slouch,1.0,0.0,0.0,0.0013436749317621,57.16416454160221,0.1560625017218068,1
9,0.3,Participant4_RS_FuSl,Endomorph,Normal,slouch,1.0,0.0,0.0,-0.0536902128110057,56.342292325445015,0.1387634474683228,1
10,0.3333333333333333,Participant4_RS_FuSl,Endomorph,Normal,slouch,1.0,0.0,0.0,-0.0802393023764614,55.40128908935987,0.0908056662305474,1
11,0.3666666666666666,Participant4_RS_FuSl,Endomorph,Normal,slouch,1.0,0.0,0.0,-0.0575468308147371,54.901389865865575,0.1171318334980243,1
12,0.4,Participant4_RS_FuSl,Endomorph,Normal,slouch,1.0,0.0,0.0,-0.0479668614976853,55.84113947602678,0.1471984392881794,1
13,0.4333333333333333,Participant4_RS_FuSl,Endomorph,Normal,slouch,1.0,0.0,0.0,-0.0633435937056428,55.90806190346914,0.1446159592478881,1
14,0.4666666666666667,Participant4_RS_FuSl,Endomorph,Normal,slouch,1.0,0.0,0.0,-0.045228427675432,55.256491619936426,0.1424940627502872,1
15,0.5,Participant4_RS_FuSl,Endomorph,Normal,slouch,1.0,0.0,0.0,-0.0518365875470629,56.796908262575634,0.1322494231235013,1
16,0.5333333333333333,Participant4_RS_FuSl,Endomorph,Normal,slouch,1.0,0.0,0.0,-0.0639841542530598,55.52043026425112,0.1146926717669437,1
17,0.5666666666666667,Participant4_RS_FuSl,Endomorph,Normal,slouch,1.0,0.0,0.0,-0.0398212811359293,57.00746678534988,0.1227225088681917,1
18,0.6,Participant4_RS_FuSl,Endomorph,Normal,slouch,1.0,0.0,0.0,-0.0570818156755968,56.28220101818137,0.1348686978555005,1
19,0.6333333333333333,Participant4_RS_FuSl,Endomorph,Normal,slouch,1.0,0.0,0.0,-0.0471097765752429,56.04175828051194,0.1383202715456297,1
20,0.6666666666666666,Participant4_RS_FuSl,Endomorph,Normal,slouch,1.0,0.0,0.0,-0.06135857797682,56.42044076592215,0.142184624747138,1
21,0.7,Participant4_RS_FuSl,Endomorph,Normal,slouch,1.0,0.0,0.0,-0.0565317353648865,55.93706590737458,0.1090763891630085,1
22,0.7333333333333333,Participant4_RS_FuSl,Endomorph,Normal,slouch,1.0,0.0,0.0,-0.0474113095007867,55.77954533547196,0.0954359452315028,1
23,0.7666666666666667,Participant4_RS_FuSl,Endomorph,Normal,slouch,1.0,0.0,0.0,-0.047414178324342,56.57285856886413,0.1501386717287768,1
24,0.8,Participant4_RS_FuSl,Endomorph,Normal,slouch,1.0,0.0,0.0,-0.0796040143002527,56.1096558884887,0.1413221135276862,1
25,0.8333333333333334,Participant4_RS_FuSl,Endomorph,Normal,slouch,1.0,0.0,0.0,-0.0868895721301421,56.33092348667862,0.0874200057702007,1
26,0.8666666666666667,Participant4_RS_FuSl,Endomorph,Normal,slouch,1.0,0.0,0.0,-0.0776719709408846,55.53208782439186,0.1156008105608911,1
27,0.9,Participant4_RS_FuSl,Endomorph,Normal,slouch,1.0,0.0,0.0,-0.0390244427623971,56.18624376556917,0.1116689550557695,1
28,0.9333333333333332,Participant4_RS_FuSl,Endomorph,Normal,slouch,1.0,0.0,0.0,-0.0585217888837112,54.66235952310641,0.1008415033445216,1
29,0.9666666666666668,Participant4_RS_FuSl,Endomorph,Normal,slouch,1.0,0.0,0.0,-0.0792043610142715,55.265126713027534,0.119630641011061,1
30,1.0,Participant4_RS_FuSl,Endomorph,Normal,slouch,1.0,0.0,0.0,-0.0421332624002614,56.06187666690813,0.1532116378243487,1
31,1.0333333333333334,Participant4_RS_FuSl,Endomorph,Normal,slouch,1.0,0.0,0.0,-0.0805898802061471,54.45042726337633,0.1073176870503565,1
32,1.0666666666666669,Participant4_RS_FuSl,Endomorph,Normal,slouch,1.0,0.0,0.0,-0.064723728713773,56.51453794686221,0.1221966718317732,1
33,1.1,Participant4_RS_FuSl,Endomorph,Normal,slouch,1.0,0.0,0.0,-0.0888946354037362,55.28053165002528,0.151163416477977,1
34,1.1333333333333333,Participant4_RS_FuSl,Endomorph,Normal,slouch,1.0,0.0,0.0,-0.0664138409691281,56.07663838970898,0.1468187222434669,1
35,1.1666666666666667,Participant4_RS_FuSl,Endomorph,Normal,slouch,1.0,0.0,0.0,-0.0523329629088337,55.18423370823404,0.1646935690762358,1
36,1.2,Participant4_RS_FuSl,Endomorph,Normal,slouch,1.0,0.0,0.0,-0.0454092383140491,55.51079198568397,0.1745536225139861,1
37,1.2333333333333334,Participant4_RS_FuSl,Endomorph,Normal,slouch,1.0,0.0,0.0,-0.0813412240839425,55.66543522013283,0.1186862880205745,1
38,1.2666666666666666,Participant4_RS_FuSl,Endomorph,Normal,slouch,1.0,0.0,0.0,-0.0741479719029701,57.086906545243295,0.1444530021244732,1
39,1.3,Participant4_RS_FuSl,Endomorph,Normal,slouch,1.0,0.0,0.0,-0.077990707741624,55.48553350297594,0.1232167965871987,1
40,1.3333333333333333,Participant4_RS_FuSl,Endomorph,Normal,slouch,1.0,0.0,0.0,-0.0994633161980484,54.97061644090575,0.1822426452130102,1
41,1.3666666666666667,Participant4_RS_FuSl,Endomorph,Normal,slouch,1.0,0.0,0.0,-0.0475536473175608,55.04366235368117,0.1486981862030863,1
42,1.4,Participant4_RS_FuSl,Endomorph,Normal,slouch,1.0,0.0,0.0,-0.0351375819083285,54.74069016260142,0.1522187010536722,1
43,1.4333333333333331,Participant4_RS_FuSl,Endomorph,Normal,slouch,1.0,0.0,0.0,-0.0572252313052456,53.63027542455455,0.1658067932884082,1
44,1.4666666666666666,Participant4_RS_FuSl,Endomorph,Normal,slouch,1.0,0.0,0.0,-0.0180719377529655,53.83245909028802,0.1815948461735155,1
45,1.5,Participant4_RS_FuSl,Endomorph,Normal,slouch,1.0,0.0,0.0,-0.0302978339057253,55.2242084015742,0.2065351015782927,1
46,1.5333333333333334,Participant4_RS_FuSl,Endomorph,Normal,slouch,1.0,0.0,0.0,-0.0559032099453945,54.55928068490135,0.2111422405355103,1
47,1.5666666666666669,Participant4_RS_FuSl,Endomorph,Normal,slouch,1.0,0.0,0.0,-0.0754328239953302,56.030022401019295,0.1883382079481216,1
48,1.6,Participant4_RS_FuSl,Endomorph,Normal,slouch,1.0,0.0,0.0,-0.0485650311973467,53.06884792198928,0.1502618412857714,1
49,1.6333333333333333,Participant4_RS_FuSl,Endomorph,Normal,slouch,1.0,0.0,0.0,-0.0792487794827139,55.71529197360601,0.107152336143799,1
50,1.6666666666666667,Participant4_RS_FuSl,Endomorph,Normal,slouch,1.0,0.0,0.0,-0.1206601702965283,53.259417993918994,0.1630180827206247,1
51,1.7,Participant4_RS_FuSl,Endomorph,Normal,slouch,1.0,0.0,0.0,-0.1242995341538143,54.01139010853795,0.1685047782347508,1
52,1.7333333333333334,Participant4_RS_FuSl,Endomorph,Normal,slouch,1.0,0.0,0.0,-0.1279388980111003,54.92281434235848,0.2026914321718327,1
53,1.7666666666666666,Participant4_RS_FuSl,Endomorph,Normal,slouch,1.0,0.0,0.0,-0.1409913593434789,54.526444452384695,0.2025340435024535,1
54,1.8,Participant4_RS_FuSl,Endomorph,Normal,slouch,1.0,0.0,0.0,-0.0506376401373221,53.1576706020961,0.1674215434865727,1
55,1.8333333333333333,Participant4_RS_FuSl,Endomorph,Normal,slouch,1.0,0.0,0.0,-0.0513202226143262,53.952289130077325,0.1892900966260743,1
56,1.8666666666666667,Participant4_RS_FuSl,Endomorph,Normal,slouch,1.0,0.0,0.0,-0.0615301467556011,53.32801353223819,0.1998825587189373,1
57,1.9,Participant4_RS_FuSl,Endomorph,Normal,slouch,1.0,0.0,0.0,-0.051109685878052,54.653592312780425,0.2199333629501229,1
58,1.9333333333333331,Participant4_RS_FuSl,Endomorph,Normal,slouch,1.0,0.0,0.0,-0.0379865048646306,54.40751230014673,0.1817138860527692,1
59,1.9666666666666663,Participant4_RS_FuSl,Endomorph,Normal,slouch,1.0,0.0,0.0,0.0003064667363547,55.20961631379655,0.2143972588373293,1
60,2.0,Participant4_RS_FuSl,Endomorph,Normal,slouch,1.0,0.0,0.0,-0.0513373075721067,52.494367699479376,0.1892749740591511,1
61,2.033333333333333,Participant4_RS_FuSl,Endomorph,Normal,slouch,1.0,0.0,0.0,-0.0648641648633368,53.62513551575944,0.2226332542431573,1
62,2.066666666666667,Participant4_RS_FuSl,Endomorph,Normal,slouch,1.0,0.0,0.0,-0.0334814996543257,54.49916483233199,0.2063814459225058,1
63,2.1,Participant4_RS_FuSl,Endomorph,Normal,slouch,1.0,0.0,0.0,-0.0696655712610504,54.76329586322016,0.1399643404491933,1
64,2.1333333333333333,Participant4_RS_FuSl,Endomorph,Normal,slouch,1.0,0.0,0.0,-0.0303875512422826,55.15092342126985,0.2167348230210325,1
65,2.1666666666666665,Participant4_RS_FuSl,Endomorph,Normal,slouch,1.0,0.0,0.0,-0.0168338070650901,55.05042058008063,0.2228586718468754,1
66,2.2,Participant4_RS_FuSl,Endomorph,Normal,slouch,1.0,0.0,0.0,-0.0488371133058268,54.48065028279255,0.1817696188870357,1
67,2.2333333333333334,Participant4_RS_FuSl,Endomorph,Normal,slouch,1.0,0.0,0.0,-0.05746923488835,54.593854684361006,0.1771633541588749,1
68,2.2666666666666666,Participant4_RS_FuSl,Endomorph,Normal,slouch,1.0,0.0,0.0,-0.0049632271955667,55.90487237381882,0.2055157075604512,1
69,2.3,Participant4_RS_FuSl,Endomorph,Normal,slouch,1.0,0.0,0.0,-0.0887596386228802,52.83575481497124,0.166174763790211,1
70,2.333333333333333,Participant4_RS_FuSl,Endomorph,Normal,slouch,1.0,0.0,0.0,-0.0225290496937003,55.65014595182815,0.2098342497479001,1
71,2.3666666666666667,Participant4_RS_FuSl,Endomorph,Normal,slouch,1.0,0.0,0.0,-0.0117308975461467,55.6715459496366,0.1773254506257394,1
72,2.4,Participant4_RS_FuSl,Endomorph,Normal,slouch,1.0,0.0,0.0,-0.0448841547013562,54.66846605519967,0.1971725421208622,1
73,2.433333333333333,Participant4_RS_FuSl,Endomorph,Normal,slouch,1.0,0.0,0.0,-0.0521090409893014,55.41963988475608,0.1985104415135563,1
74,2.466666666666667,Participant4_RS_FuSl,Endomorph,Normal,slouch,1.0,0.0,0.0,-0.0337262188822528,54.40113268886731,0.188250684283871,1
75,2.5,Participant4_RS_FuSl,Endomorph,Normal,slouch,1.0,0.0,0.0,-0.0360615687954243,55.07669801401,0.2143039011282142,1
76,2.533333333333333,Participant4_RS_FuSl,Endomorph,Normal,slouch,1.0,0.0,0.0,-0.0267833796480453,54.54228391752508,0.2263321877568957,1
77,2.566666666666667,Participant4_RS_FuSl,Endomorph,Normal,slouch,1.0,0.0,0.0,0.0032201434633968,54.84856820650674,0.2088376915231515,1
78,2.6,Participant4_RS_FuSl,Endomorph,Normal,slouch,1.0,0.0,0.0,-0.0284815604816113,55.60594886648259,0.1939201214843668,1
79,2.6333333333333333,Participant4_RS_FuSl,Endomorph,Normal,slouch,1.0,0.0,0.0,-0.0505105470315677,55.385945149932574,0.1919156838966413,1
80,2.6666666666666665,Participant4_RS_FuSl,Endomorph,Normal,slouch,1.0,0.0,0.0,-0.0571632647412311,54.5920627230296,0.187872837002589,1
81,2.7,Participant4_RS_FuSl,Endomorph,Normal,slouch,1.0,0.0,0.0,-0.0074757016311409,53.98005072183994,0.1601398531456961,1
82,2.7333333333333334,Participant4_RS_FuSl,Endomorph,Normal,slouch,1.0,0.0,0.0,-0.0390471874163427,55.17125909970953,0.1757727814239314,1
83,2.7666666666666666,Participant4_RS_FuSl,Endomorph,Normal,slouch,1.0,0.0,0.0,-0.0290049180907904,54.787042699862674,0.1832228134589051,1
84,2.8,Participant4_RS_FuSl,Endomorph,Normal,slouch,1.0,0.0,0.0,-0.0455853062665924,54.706873985787006,0.1828596887060019,1
85,2.833333333333333,Participant4_RS_FuSl,Endomorph,Normal,slouch,1.0,0.0,0.0,-0.0819448960286013,55.873552551869146,0.1157417204062695,1
86,2.8666666666666667,Participant4_RS_FuSl,Endomorph,Normal,slouch,1.0,0.0,0.0,-0.0336466554620923,56.22906346132304,0.1752047638001292,1
87,2.9,Participant4_RS_FuSl,Endomorph,Normal,slouch,1.0,0.0,0.0,-0.0428682501453191,56.15794001661881,0.1881923542734981,1
88,2.933333333333333,Participant4_RS_FuSl,Endomorph,Normal,slouch,1.0,0.0,0.0,-0.0357983703732232,54.633005250072834,0.1995163762665353,1
89,2.966666666666667,Participant4_RS_FuSl,Endomorph,Normal,slouch,1.0,0.0,0.0,-0.0832688595637193,54.35387205835513,0.1966270275437486,1
90,3.0,Participant4_RS_FuSl,Endomorph,Normal,slouch,1.0,0.0,0.0,-0.0110252092600411,54.92571016075737,0.2017880778963359,1
91,3.033333333333333,Participant4_RS_FuSl,Endomorph,Normal,slouch,1.0,0.0,0.0,-0.053343735514395,55.38497245174687,0.1961096314559147,1
92,3.066666666666667,Participant4_RS_FuSl,Endomorph,Normal,slouch,1.0,0.0,0.0,0.0202980489199616,53.8224451704917,0.177356579114966,1
93,3.1,Participant4_RS_FuSl,Endomorph,Normal,slouch,1.0,0.0,0.0,-0.0306521998939959,55.31914138645254,0.1896804224004481,1
94,3.1333333333333333,Participant4_RS_FuSl,Endomorph,Normal,slouch,1.0,0.0,0.0,-0.021185256946808,55.06145934110881,0.2145164177656306,1
95,3.1666666666666665,Participant4_RS_FuSl,Endomorph,Normal,slouch,1.0,0.0,0.0,0.0211901476906707,55.01215032506282,0.2212739154174808,1
96,3.2,Participant4_RS_FuSl,Endomorph,Normal,slouch,1.0,0.0,0.0,-0.0299122154012387,53.94123914043631,0.1632021350034724,1
97,3.2333333333333334,Participant4_RS_FuSl,Endomorph,Normal,slouch,1.0,0.0,0.0,-0.0289432364380467,54.53267760580701,0.1546966184508077,1
98,3.2666666666666666,Participant4_RS_FuSl,Endomorph,Normal,slouch,1.0,0.0,0.0,-0.0323124949377446,53.57026558733418,0.1769220701012135,1
99,3.3,Participant4_RS_FuSl,Endomorph,Normal,slouch,1.0,0.0,0.0,-0.0327380549904904,53.55264872314739,0.1776263286374308,1
100,3.333333333333333,Participant4_RS_FuSl,Endomorph,Normal,slouch,1.0,0.0,0.0,-0.0353292348274853,53.89231320693801,0.2059690621690125,1
101,3.3666666666666667,Participant4_RS_FuSl,Endomorph,Normal,slouch,1.0,0.0,0.0,-0.0363055637546232,53.68163425593811,0.183140082019955,1
102,3.4,Participant4_RS_FuSl,Endomorph,Normal,slouch,1.0,0.0,0.0,-0.0572361459505081,56.90915084001089,0.1583765272356334,1
103,3.433333333333333,Participant4_RS_FuSl,Endomorph,Normal,slouch,1.0,0.0,0.0,-0.0069015987030691,56.085801916021126,0.183393015881178,1
104,3.466666666666667,Participant4_RS_FuSl,Endomorph,Normal,slouch,1.0,0.0,0.0,-0.0141824872522941,56.34278695559406,0.2047673234184938,1
105,3.5,Participant4_RS_FuSl,Endomorph,Normal,slouch,1.0,0.0,0.0,-0.0702202429564042,54.4036960913483,0.1284229768450138,1
106,3.533333333333333,Participant4_RS_FuSl,Endomorph,Normal,slouch,1.0,0.0,0.0,-0.0462940251726877,55.01015815437926,0.1180267191837759,1
107,3.566666666666667,Participant4_RS_FuSl,Endomorph,Normal,slouch,1.0,0.0,0.0,0.0040682729631018,56.32598906262401,0.2000285383144389,1
108,3.6,Participant4_RS_FuSl,Endomorph,Normal,slouch,1.0,0.0,0.0,-0.0311144317634142,55.42650970045535,0.1551015264163985,1
109,3.633333333333333,Participant4_RS_FuSl,Endomorph,Normal,slouch,1.0,0.0,0.0,-0.0822925528074463,54.651271408100165,0.1454512130214851,1
110,3.6666666666666665,Participant4_RS_FuSl,Endomorph,Normal,slouch,1.0,0.0,0.0,-0.0101047787812829,55.95351823784014,0.1876638242639331,1
111,3.7,Participant4_RS_FuSl,Endomorph,Normal,slouch,1.0,0.0,0.0,-0.0616536437967172,55.84243752993834,0.10932224578039,1
112,3.733333333333333,Participant4_RS_FuSl,Endomorph,Normal,slouch,1.0,0.0,0.0,-0.0515733299945916,55.991158807479806,0.1210750470965399,1
113,3.7666666666666666,Participant4_RS_FuSl,Endomorph,Normal,slouch,1.0,0.0,0.0,-0.0057189657442182,53.10633869627584,0.184646109775026,1
114,3.8,Participant4_RS_FuSl,Endomorph,Normal,slouch,1.0,0.0,0.0,-0.0083474557650603,53.22678558421997,0.1641175163363572,1
115,3.8333333333333335,Participant4_RS_FuSl,Endomorph,Normal,slouch,1.0,0.0,0.0,0.0107519904923079,54.34111984121383,0.1698754251192257,1
116,3.8666666666666663,Participant4_RS_FuSl,Endomorph,Normal,slouch,1.0,0.0,0.0,-0.0506004075072876,55.380141613672606,0.118270849837108,1
117,3.9,Participant4_RS_FuSl,Endomorph,Normal,slouch,1.0,0.0,0.0,-0.0411129920231762,55.85831231119938,0.1423272733927131,1
118,3.933333333333333,Participant4_RS_FuSl,Endomorph,Normal,slouch,1.0,0.0,0.0,-0.0274076063617133,55.66740372423356,0.1360830999146525,1
119,3.966666666666667,Participant4_RS_FuSl,Endomorph,Normal,slouch,1.0,0.0,0.0,-0.018388831323843,56.390505494283296,0.1742855432847041,1
120,4.0,Participant4_RS_FuSl,Endomorph,Normal,slouch,1.0,0.0,0.0,-0.0576603505695393,56.86296322467415,0.1335834313643169,1
121,4.033333333333333,Participant4_RS_FuSl,Endomorph,Normal,slouch,1.0,0.0,0.0,-0.0321619544145068,55.39904339665661,0.1473355688429413,1
122,4.066666666666666,Participant4_RS_FuSl,Endomorph,Normal,slouch,1.0,0.0,0.0,0.0096596022942589,56.27336060233524,0.2098534776342722,1
123,4.1,Participant4_RS_FuSl,Endomorph,Normal,slouch,1.0,0.0,0.0,-0.0045773847861319,56.04576902594199,0.1965946198049449,1
124,4.133333333333334,Participant4_RS_FuSl,Endomorph,Normal,slouch,1.0,0.0,0.0,-0.028390264976238,56.70771576203188,0.2208951007347361,1
125,4.166666666666667,Participant4_RS_FuSl,Endomorph,Normal,slouch,1.0,0.0,0.0,-0.0870079862284497,55.61032824618076,0.1461493054634393,1
126,4.2,Participant4_RS_FuSl,Endomorph,Normal,slouch,1.0,0.0,0.0,-0.0528574494654173,56.72313954987056,0.126268389330312,1
127,4.233333333333333,Participant4_RS_FuSl,Endomorph,Normal,slouch,1.0,0.0,0.0,-0.0843070537636536,54.61593290242597,0.1642301461071414,1
128,4.266666666666667,Participant4_RS_FuSl,Endomorph,Normal,slouch,1.0,0.0,0.0,-0.0545197211101775,55.595835797956575,0.1882104016641519,1
129,4.3,Participant4_RS_FuSl,Endomorph,Normal,slouch,1.0,0.0,0.0,0.0236159686768606,56.20495867080536,0.2166647686094825,1
130,4.333333333333333,Participant4_RS_FuSl,Endomorph,Normal,slouch,1.0,0.0,0.0,-0.017980156075136,56.21107096169001,0.1556039304531361,1
131,4.366666666666666,Participant4_RS_FuSl,Endomorph,Normal,slouch,1.0,0.0,0.0,-0.0193523206384113,56.44759024453767,0.1908401841864062,1
132,4.4,Participant4_RS_FuSl,Endomorph,Normal,slouch,1.0,0.0,0.0,-0.0451445848404912,54.83756817170149,0.1498012805405245,1
133,4.433333333333334,Participant4_RS_FuSl,Endomorph,Normal,slouch,1.0,0.0,0.0,-0.0545648919250957,55.48893340045691,0.1282845274712731,1
134,4.466666666666667,Participant4_RS_FuSl,Endomorph,Normal,slouch,1.0,0.0,0.0,-0.0656092466046776,54.33421740782276,0.16077668648055,1
135,4.5,Participant4_RS_FuSl,Endomorph,Normal,slouch,1.0,0.0,0.0,-0.0498428218599769,55.38377665315908,0.1615578380068686,1
136,4.533333333333333,Participant4_RS_FuSl,Endomorph,Normal,slouch,1.0,0.0,0.0,-0.0451265476544835,54.553799003045945,0.1704190668929591,1
137,4.566666666666666,Participant4_RS_FuSl,Endomorph,Normal,slouch,1.0,0.0,0.0,-0.0868599436106947,54.470276568648565,0.1186704786123549,1
138,4.6,Participant4_RS_FuSl,Endomorph,Normal,slouch,1.0,0.0,0.0,-0.0139913262445445,55.34534483809973,0.173937536560231,1
139,4.633333333333334,Participant4_RS_FuSl,Endomorph,Normal,slouch,1.0,0.0,0.0,-0.0557476524360286,56.21006074646165,0.1405144375929692,1
140,4.666666666666667,Participant4_RS_FuSl,Endomorph,Normal,slouch,1.0,0.0,0.0,-0.0047483762226868,55.83036348796016,0.1711805946422788,1
141,4.7,Participant4_RS_FuSl,Endomorph,Normal,slouch,1.0,0.0,0.0,-0.022288075162017,55.65985737708694,0.1726007123094357,1
142,4.733333333333333,Participant4_RS_FuSl,Endomorph,Normal,slouch,1.0,0.0,0.0,0.0230884696532426,55.321552786459804,0.1872409959639147,1
143,4.766666666666667,Participant4_RS_FuSl,Endomorph,Normal,slouch,1.0,0.0,0.0,-0.0136478133594694,55.48230762328752,0.1654967571534952,1
144,4.8,Participant4_RS_FuSl,Endomorph,Normal,slouch,1.0,0.0,0.0,-0.0333953710504902,56.55017023056976,0.143333211657163,1
145,4.833333333333333,Participant4_RS_FuSl,Endomorph,Normal,slouch,1.0,0.0,0.0,-0.045721717644917,55.32573697311492,0.1376386956371291,1
146,4.866666666666666,Participant4_RS_FuSl,Endomorph,Normal,slouch,1.0,0.0,0.0,-0.056221443452005,55.70131855363031,0.1328551671787568,1
147,4.9,Participant4_RS_FuSl,Endomorph,Normal,slouch,1.0,0.0,0.0,-0.0380045216522105,55.33303291805774,0.1380517621758265,1
148,4.933333333333334,Participant4_RS_FuSl,Endomorph,Normal,slouch,1.0,0.0,0.0,-0.0229952628720705,56.22690133148382,0.1361274234538231,1
149,4.966666666666667,Participant4_RS_FuSl,Endomorph,Normal,slouch,1.0,0.0,0.0,-0.0186284475813127,55.714608172160574,0.1490889847932761,1
150,5.0,Participant4_RS_FuSl,Endomorph,Normal,slouch,1.0,0.0,0.0,-0.0645540747962498,55.65157674131012,0.0982015366888219,1
151,5.033333333333333,Participant4_RS_FuSl,Endomorph,Normal,slouch,1.0,0.0,0.0,-0.0626879541928958,55.633142090703096,0.0964305650544555,1
152,5.066666666666666,Participant4_RS_FuSl,Endomorph,Normal,slouch,1.0,0.0,0.0,-0.0155352904063245,56.95487616595653,0.1708536373507969,1
153,5.1,Participant4_RS_FuSl,Endomorph,Normal,slouch,1.0,0.0,0.0,-0.0504315994647249,56.11047543095672,0.1732283437482319,1
154,5.133333333333334,Participant4_RS_FuSl,Endomorph,Normal,slouch,1.0,0.0,0.0,-0.0281263976176096,55.483302018513896,0.167667872930787,1
155,5.166666666666667,Participant4_RS_FuSl,Endomorph,Normal,slouch,1.0,0.0,0.0,-0.103998638692783,55.28442125063803,0.0988478599371854,1
156,5.2,Participant4_RS_FuSl,Endomorph,Normal,slouch,1.0,0.0,0.0,-0.0732252417499016,55.169288099472894,0.1236682807177373,1
157,5.233333333333333,Participant4_RS_FuSl,Endomorph,Normal,slouch,1.0,0.0,0.0,-0.0548199469029924,55.107894414237016,0.1299503481052731,1
158,5.266666666666667,Participant4_RS_FuSl,Endomorph,Normal,slouch,1.0,0.0,0.0,-0.0561446494145342,56.1738740617457,0.1046816029455032,1
159,5.3,Participant4_RS_FuSl,Endomorph,Normal,slouch,1.0,0.0,0.0,-0.0407090123575573,56.231904052467605,0.1417826250003039,1
160,5.333333333333333,Participant4_RS_FuSl,Endomorph,Normal,slouch,1.0,0.0,0.0,-0.0606003545098,55.62680527480051,0.118661152753159,1
161,5.366666666666666,Participant4_RS_FuSl,Endomorph,Normal,slouch,1.0,0.0,0.0,-0.0389881971878239,57.208842208183135,0.1027469134884805,1
162,5.4,Participant4_RS_FuSl,Endomorph,Normal,slouch,1.0,0.0,0.0,-0.0506250538481635,54.37829260012879,0.107183609982117,1
163,5.433333333333334,Participant4_RS_FuSl,Endomorph,Normal,slouch,1.0,0.0,0.0,-0.0533354560334798,54.9247315882152,0.1035522566169377,1
164,5.466666666666667,Participant4_RS_FuSl,Endomorph,Normal,slouch,1.0,0.0,0.0,-0.024217247548929,56.31449953594502,0.1514375819410672,1
165,5.5,Participant4_RS_FuSl,Endomorph,Normal,slouch,1.0,0.0,0.0,-0.0278040975455769,56.53406570018349,0.1534597121869733,1
166,5.533333333333333,Participant4_RS_FuSl,Endomorph,Normal,slouch,1.0,0.0,0.0,-0.0434639517410236,55.25721745213267,0.1394265127121873,1
167,5.566666666666666,Participant4_RS_FuSl,Endomorph,Normal,slouch,1.0,0.0,0.0,-0.0248902522133812,56.56082467768926,0.1488419456339745,1
168,5.6,Participant4_RS_FuSl,Endomorph,Normal,slouch,1.0,0.0,0.0,-0.0504539693145186,56.20505760847173,0.1454953941880807,1
169,5.633333333333334,Participant4_RS_FuSl,Endomorph,Normal,slouch,1.0,0.0,0.0,-0.0537271521678743,55.12777854653223,0.1349555974821478,1
170,5.666666666666667,Participant4_RS_FuSl,Endomorph,Normal,slouch,1.0,0.0,0.0,-0.0735183461967193,55.98669663398052,0.1292551246195331,1
171,5.7,Participant4_RS_FuSl,Endomorph,Normal,slouch,1.0,0.0,0.0,-0.0760349612861528,55.61888770277148,0.1165161667439985,1
172,5.733333333333333,Participant4_RS_FuSl,Endomorph,Normal,slouch,1.0,0.0,0.0,-0.0708286661807594,54.83653057467323,0.1073378443560608,1
173,5.766666666666667,Participant4_RS_FuSl,Endomorph,Normal,slouch,1.0,0.0,0.0,-0.0475548471420778,55.72084316169103,0.1225852985160811,1
174,5.8,Participant4_RS_FuSl,Endomorph,Normal,slouch,1.0,0.0,0.0,-0.0683753511917727,55.1629703200561,0.1133587691444866,1
175,5.833333333333333,Participant4_RS_FuSl,Endomorph,Normal,slouch,1.0,0.0,0.0,-0.0509909430033023,55.77345653160796,0.1052597065236574,1
176,5.866666666666666,Participant4_RS_FuSl,Endomorph,Normal,slouch,1.0,0.0,0.0,-0.0406558919241008,55.503079056959294,0.1159337124473761,1
177,5.9,Participant4_RS_FuSl,Endomorph,Normal,slouch,1.0,0.0,0.0,-0.0393090267178823,56.1036485181256,0.1215651200439111,1
178,5.933333333333334,Participant4_RS_FuSl,Endomorph,Normal,slouch,1.0,0.0,0.0,-0.072998731350117,54.79398550931473,0.1099765541565657,1
179,5.966666666666667,Participant4_RS_FuSl,Endomorph,Normal,slouch,1.0,0.0,0.0,-0.0459051461646246,57.018389063920935,0.1487884463990534,1
180,6.0,Participant4_RS_FuSl,Endomorph,Normal,slouch,1.0,0.0,0.0,-0.0324682271319496,55.55358914251552,0.1247683567647373,1
181,6.033333333333333,Participant4_RS_FuSl,Endomorph,Normal,slouch,1.0,0.0,0.0,-0.0733734559519999,56.3358153858478,0.1146937188813516,1
182,6.066666666666666,Participant4_RS_FuSl,Endomorph,Normal,slouch,1.0,0.0,0.0,-0.0347629607608238,56.346144470924926,0.1582486956983043,1
183,6.1,Participant4_RS_FuSl,Endomorph,Normal,slouch,1.0,0.0,0.0,-0.0367884284321356,56.60582852623857,0.1626218817220149,1
184,6.133333333333334,Participant4_RS_FuSl,Endomorph,Normal,slouch,1.0,0.0,0.0,-0.043538202673459,55.65794123203622,0.153101612134829,1
185,6.166666666666667,Participant4_RS_FuSl,Endomorph,Normal,slouch,1.0,0.0,0.0,-0.0583724794866321,56.027456836418494,0.1202476183050731,1
186,6.2,Participant4_RS_FuSl,Endomorph,Normal,slouch,1.0,0.0,0.0,-0.0989215604175901,55.20574779688073,0.1027857975305004,1
187,6.233333333333333,Participant4_RS_FuSl,Endomorph,Normal,slouch,1.0,0.0,0.0,-0.0528894474143243,55.00279551188692,0.1254305777451062,1
188,6.266666666666667,Participant4_RS_FuSl,Endomorph,Normal,slouch,1.0,0.0,0.0,-0.0943568465249945,55.06683513527804,0.1153626177313535,1
189,6.3,Participant4_RS_FuSl,Endomorph,Normal,slouch,1.0,0.0,0.0,-0.0497984569437189,54.81008410823629,0.1156327038287266,1
190,6.333333333333333,Participant4_RS_FuSl,Endomorph,Normal,slouch,1.0,0.0,0.0,-0.0472648287727047,53.73043059669033,0.1739718947296575,1
191,6.366666666666666,Participant4_RS_FuSl,Endomorph,Normal,slouch,1.0,0.0,0.0,-0.051745158427234,54.74523197304358,0.149554074150496,1
192,6.4,Participant4_RS_FuSl,Endomorph,Normal,slouch,1.0,0.0,0.0,-0.0682825361961711,56.18665745168006,0.1412130274082498,1
193,6.433333333333334,Participant4_RS_FuSl,Endomorph,Normal,slouch,1.0,0.0,0.0,-0.074508428165289,54.7270743855664,0.1051959186333513,1
194,6.466666666666667,Participant4_RS_FuSl,Endomorph,Normal,slouch,1.0,0.0,0.0,-0.0747240715614504,55.57713224737169,0.1328759832430245,1
195,6.5,Participant4_RS_FuSl,Endomorph,Normal,slouch,1.0,0.0,0.0,-0.0082609463716424,55.11658654997299,0.1772308801870664,1
196,6.533333333333333,Participant4_RS_FuSl,Endomorph,Normal,slouch,1.0,0.0,0.0,-0.0503024954679426,55.83789960561638,0.1380510397053504,1
197,6.566666666666666,Participant4_RS_FuSl,Endomorph,Normal,slouch,1.0,0.0,0.0,-0.0327146709134298,55.467866611479934,0.1726278107495973,1
198,6.6,Participant4_RS_FuSl,Endomorph,Normal,slouch,1.0,0.0,0.0,-0.0469016635670827,56.3889449124334,0.1514955367999089,1
199,6.633333333333334,Participant4_RS_FuSl,Endomorph,Normal,slouch,1.0,0.0,0.0,-0.0076560662768092,56.50924030886696,0.1497440502892456,1
200,6.666666666666667,Participant4_RS_FuSl,Endomorph,Normal,slouch,1.0,0.0,0.0,-0.0464579742433526,56.53364808442071,0.1293829010226796,1
201,6.7,Participant4_RS_FuSl,Endomorph,Normal,slouch,1.0,0.0,0.0,-0.0419382148434438,55.59195516617675,0.108254528196127,1
202,6.733333333333333,Participant4_RS_FuSl,Endomorph,Normal,slouch,1.0,0.0,0.0,-0.0748498592822024,54.76800108116837,0.1147378882955105,1
203,6.766666666666667,Participant4_RS_FuSl,Endomorph,Normal,slouch,1.0,0.0,0.0,-0.0614785652452595,55.11405263589235,0.1115717819063364,1
204,6.8,Participant4_RS_FuSl,Endomorph,Normal,slouch,1.0,0.0,0.0,-0.0703960420103546,54.44866465208945,0.1105740706847407,1
205,6.833333333333333,Participant4_RS_FuSl,Endomorph,Normal,slouch,1.0,0.0,0.0,-0.0586921074763799,56.02753578295616,0.1366068369838932,1
206,6.866666666666666,Participant4_RS_FuSl,Endomorph,Normal,slouch,1.0,0.0,0.0,-0.0286014074426259,56.45372531888761,0.1433298970157605,1
207,6.9,Participant4_RS_FuSl,Endomorph,Normal,slouch,1.0,0.0,0.0,-0.0348217801352769,55.291958989927856,0.1692158293120678,1
208,6.933333333333334,Participant4_RS_FuSl,Endomorph,Normal,slouch,1.0,0.0,0.0,-0.0197637323517338,54.49996155500412,0.1739527467026048,1
209,6.966666666666667,Participant4_RS_FuSl,Endomorph,Normal,slouch,1.0,0.0,0.0,-0.0370414474200199,55.62392430411458,0.107693084043597,1
210,7.0,Participant4_RS_FuSl,Endomorph,Normal,slouch,1.0,0.0,0.0,-0.0574531203691434,56.02061048783301,0.1369106123595518,1
211,7.033333333333333,Participant4_RS_FuSl,Endomorph,Normal,slouch,1.0,0.0,0.0,-0.0454970001657267,54.896450001586615,0.1307550368673162,1
212,7.066666666666666,Participant4_RS_FuSl,Endomorph,Normal,slouch,1.0,0.0,0.0,-0.0524554307277696,55.31257017394039,0.1439739849128304,1
213,7.1,Participant4_RS_FuSl,Endomorph,Normal,slouch,1.0,0.0,0.0,-0.059093861874832,56.44914241231492,0.1489415161748686,1
214,7.133333333333334,Participant4_RS_FuSl,Endomorph,Normal,slouch,1.0,0.0,0.0,-0.07650863308129,55.295403222408325,0.131021210395804,1
215,7.166666666666667,Participant4_RS_FuSl,Endomorph,Normal,slouch,1.0,0.0,0.0,-0.0434868882918962,57.16111942683697,0.1447492001902448,1
216,7.2,Participant4_RS_FuSl,Endomorph,Normal,slouch,1.0,0.0,0.0,-0.0767866280471716,53.75729936073005,0.1107065546678727,1
217,7.233333333333333,Participant4_RS_FuSl,Endomorph,Normal,slouch,1.0,0.0,0.0,-0.054026517968269,54.37259764865785,0.1707273294900125,1
218,7.266666666666667,Participant4_RS_FuSl,Endomorph,Normal,slouch,1.0,0.0,0.0,-0.058626183696239,55.39531073808568,0.1473137934560643,1
219,7.3,Participant4_RS_FuSl,Endomorph,Normal,slouch,1.0,0.0,0.0,-0.0533089301391786,54.21317173227016,0.1753560508128115,1
220,7.333333333333333,Participant4_RS_FuSl,Endomorph,Normal,slouch,1.0,0.0,0.0,-0.0741311174917394,52.00739329672015,0.1462262433567595,1
221,7.366666666666666,Participant4_RS_FuSl,Endomorph,Normal,slouch,1.0,0.0,0.0,-0.0764803827084297,52.0292941260543,0.1467704379529977,1
222,7.4,Participant4_RS_FuSl,Endomorph,Normal,slouch,1.0,0.0,0.0,-0.0890237089300718,53.73000209437864,0.1220679906311495,1
223,7.433333333333334,Participant4_RS_FuSl,Endomorph,Normal,slouch,1.0,0.0,0.0,-0.031215847145415,54.25082080649048,0.1621732561032312,1
224,7.466666666666667,Participant4_RS_FuSl,Endomorph,Normal,slouch,1.0,0.0,0.0,-0.0714244460861053,54.22046234583088,0.150127614988532,1
225,7.5,Participant4_RS_FuSl,Endomorph,Normal,slouch,1.0,0.0,0.0,-0.0930571184802216,54.78758444181575,0.1289357271037804,1
226,7.533333333333333,Participant4_RS_FuSl,Endomorph,Normal,slouch,1.0,0.0,0.0,-0.0626143377513285,54.080452453974175,0.1451676046874975,1
227,7.566666666666666,Participant4_RS_FuSl,Endomorph,Normal,slouch,1.0,0.0,0.0,0.022548897563673,54.84826681330165,0.1479185372863225,1
228,7.6,Participant4_RS_FuSl,Endomorph,Normal,slouch,1.0,0.0,0.0,-0.0902518457694358,53.64569749393005,0.0687643639817391,1
229,7.633333333333334,Participant4_RS_FuSl,Endomorph,Normal,slouch,1.0,0.0,0.0,-0.0347540554981212,53.55706208716073,0.1233481728693575,1
230,7.666666666666667,Participant4_RS_FuSl,Endomorph,Normal,slouch,1.0,0.0,0.0,0.0332610161202056,54.44625922569519,0.1493117522931576,1
231,7.7,Participant4_RS_FuSl,Endomorph,Normal,slouch,1.0,0.0,0.0,0.0378361457498563,54.46408042225253,0.1903084007385135,1
232,7.733333333333333,Participant4_RS_FuSl,Endomorph,Normal,slouch,1.0,0.0,0.0,0.0039811769091846,55.03304715697189,0.1449179956740712,1
233,7.766666666666667,Participant4_RS_FuSl,Endomorph,Normal,slouch,1.0,0.0,0.0,-0.0174178306883857,55.45564485276559,0.1308135425429125,1
234,7.8,Participant4_RS_FuSl,Endomorph,Normal,slouch,1.0,0.0,0.0,-0.0091253955168608,54.27195638678408,0.1366623634729919,1
235,7.833333333333333,Participant4_RS_FuSl,Endomorph,Normal,slouch,1.0,0.0,0.0,-0.0072735825092311,54.61872611254929,0.1512573001681792,1
236,7.866666666666666,Participant4_RS_FuSl,Endomorph,Normal,slouch,1.0,0.0,0.0,0.0147906759455671,54.75266682879907,0.1530277125234392,1
237,7.9,Participant4_RS_FuSl,Endomorph,Normal,slouch,1.0,0.0,0.0,-0.0600313585100808,52.84077282509031,0.0779796375494895,1
238,7.933333333333334,Participant4_RS_FuSl,Endomorph,Normal,slouch,1.0,0.0,0.0,-0.0711974756782348,52.11253471033774,0.0781336705793196,1
239,7.966666666666667,Participant4_RS_FuSl,Endomorph,Normal,slouch,1.0,0.0,0.0,-0.0439979458412754,52.06588029767692,0.1524533326041821,1
240,8.0,Participant4_RS_FuSl,Endomorph,Normal,slouch,1.0,0.0,0.0,-0.0809626769308288,53.799941237101855,0.1350022742446273,1
241,8.033333333333333,Participant4_RS_FuSl,Endomorph,Normal,slouch,1.0,0.0,0.0,-0.0710492891509018,51.36822977488171,0.0891276750926197,1
242,8.066666666666666,Participant4_RS_FuSl,Endomorph,Normal,slouch,1.0,0.0,0.0,-0.0606940283398796,52.36766063779424,0.0847375261864852,1
243,8.1,Participant4_RS_FuSl,Endomorph,Normal,slouch,1.0,0.0,0.0,-0.0605517445484812,51.90697283891451,0.0808252723628621,1
244,8.133333333333333,Participant4_RS_FuSl,Endomorph,Normal,slouch,1.0,0.0,0.0,-0.0959507467113487,52.15671903205901,0.1003816339223496,1
245,8.166666666666666,Participant4_RS_FuSl,Endomorph,Normal,slouch,1.0,0.0,0.0,-0.0882586903343876,52.95840853659703,0.0718480915204514,1
246,8.2,Participant4_RS_FuSl,Endomorph,Normal,slouch,1.0,0.0,0.0,-0.0675880386150878,52.63404050875874,0.0909019755949001,1
247,8.233333333333333,Participant4_RS_FuSl,Endomorph,Normal,slouch,1.0,0.0,0.0,-0.0778749134183232,52.380882762657386,0.0820241331091872,1
248,8.266666666666667,Participant4_RS_FuSl,Endomorph,Normal,slouch,1.0,0.0,0.0,-0.0251065401472576,53.88822868313476,0.1307446055423091,1
249,8.3,Participant4_RS_FuSl,Endomorph,Normal,slouch,1.0,0.0,0.0,-0.0346559102252588,53.57333111668817,0.1227727478200103,1
250,8.333333333333334,Participant4_RS_FuSl,Endomorph,Normal,slouch,1.0,0.0,0.0,-0.0192207832273302,53.36382610977708,0.1196163588398237,1
251,8.366666666666667,Participant4_RS_FuSl,Endomorph,Normal,slouch,1.0,0.0,0.0,-0.0378525159495195,52.82083116274695,0.1234870900266802,1
252,8.4,Participant4_RS_FuSl,Endomorph,Normal,slouch,1.0,0.0,0.0,-0.0177942162885252,53.26144457956159,0.1379914668740663,1
253,8.433333333333334,Participant4_RS_FuSl,Endomorph,Normal,slouch,1.0,0.0,0.0,-0.0605914525425889,52.935092333631005,0.0739292825330981,1
254,8.466666666666667,Participant4_RS_FuSl,Endomorph,Normal,slouch,1.0,0.0,0.0,-0.0524396603164344,52.68957821105239,0.0753483661827069,1
255,8.5,Participant4_RS_FuSl,Endomorph,Normal,slouch,1.0,0.0,0.0,-0.0335076721993766,52.56654054265361,0.0750948023549797,1
256,8.533333333333333,Participant4_RS_FuSl,Endomorph,Normal,slouch,1.0,0.0,0.0,-0.0599719686165544,54.19030726854073,0.1023042888399554,1
257,8.566666666666666,Participant4_RS_FuSl,Endomorph,Normal,slouch,1.0,0.0,0.0,-0.0343899126694807,52.32126807474295,0.1009220501526282,1
258,8.6,Participant4_RS_FuSl,Endomorph,Normal,slouch,1.0,0.0,0.0,-0.020505171683935,52.216959684492565,0.1503284941071032,1
259,8.633333333333333,Participant4_RS_FuSl,Endomorph,Normal,slouch,1.0,0.0,0.0,-0.0728726507483309,52.3302039230733,0.1303572570573648,1
260,8.666666666666666,Participant4_RS_FuSl,Endomorph,Normal,slouch,1.0,0.0,0.0,-0.0746296094179294,53.56543622524741,0.1377959079203888,1
261,8.7,Participant4_RS_FuSl,Endomorph,Normal,slouch,1.0,0.0,0.0,-0.0807693050995425,54.68710055494625,0.100355663767763,1
262,8.733333333333333,Participant4_RS_FuSl,Endomorph,Normal,slouch,1.0,0.0,0.0,-0.0876461131363661,53.55324757992846,0.0988419088110619,1
263,8.766666666666667,Participant4_RS_FuSl,Endomorph,Normal,slouch,1.0,0.0,0.0,-0.103157836303604,51.37864437449156,0.080892226212531,1
264,8.8,Participant4_RS_FuSl,Endomorph,Normal,slouch,1.0,0.0,0.0,-0.0648272968340712,51.29003208862737,0.1226603370626136,1
265,8.833333333333334,Participant4_RS_FuSl,Endomorph,Normal,slouch,1.0,0.0,0.0,-0.0765941400789863,52.14352303849181,0.091473366243257,1
266,8.866666666666667,Participant4_RS_FuSl,Endomorph,Normal,slouch,1.0,0.0,0.0,-0.0064578303015782,53.87641966960586,0.1520753533585923,1
267,8.9,Participant4_RS_FuSl,Endomorph,Normal,slouch,1.0,0.0,0.0,-0.0073802436890955,53.64434661370029,0.1514814984531493,1
268,8.933333333333334,Participant4_RS_FuSl,Endomorph,Normal,slouch,1.0,0.0,0.0,-0.0822952931049072,52.44817018907658,0.1174767611250321,1
269,8.966666666666667,Participant4_RS_FuSl,Endomorph,Normal,slouch,1.0,0.0,0.0,-0.0571053782408292,54.14416762923161,0.1378132134732667,1
270,9.0,Participant4_RS_FuSl,Endomorph,Normal,slouch,1.0,0.0,0.0,-0.0074366014362191,53.71234427595023,0.1696574209098522,1
271,9.033333333333331,Participant4_RS_FuSl,Endomorph,Normal,slouch,1.0,0.0,0.0,-0.0483562463247782,53.96335790333534,0.1346317390343476,1
272,9.066666666666666,Participant4_RS_FuSl,Endomorph,Normal,slouch,1.0,0.0,0.0,-0.090137118644679,53.43609271356316,0.1153055925571742,1
273,9.1,Participant4_RS_FuSl,Endomorph,Normal,slouch,1.0,0.0,0.0,-0.0147187808305695,54.790701384959306,0.1260407611291385,1
274,9.133333333333333,Participant4_RS_FuSl,Endomorph,Normal,slouch,1.0,0.0,0.0,-0.001769199436286,55.13061150314034,0.1749809216622415,1
275,9.166666666666666,Participant4_RS_FuSl,Endomorph,Normal,slouch,1.0,0.0,0.0,-0.0184938774374644,54.0121872931375,0.1332241347889731,1
276,9.2,Participant4_RS_FuSl,Endomorph,Normal,slouch,1.0,0.0,0.0,0.0771284998921437,53.134958051546064,0.17899570699142,1
277,9.233333333333333,Participant4_RS_FuSl,Endomorph,Normal,slouch,1.0,0.0,0.0,-0.0486402726298127,54.67971928091751,0.1505215800328503,1
278,9.266666666666667,Participant4_RS_FuSl,Endomorph,Normal,slouch,1.0,0.0,0.0,0.0457084845066812,54.36235760159881,0.1670571259027081,1
279,9.3,Participant4_RS_FuSl,Endomorph,Normal,slouch,1.0,0.0,0.0,0.0450959193303182,54.29374933600087,0.1625216401604982,1
280,9.333333333333334,Participant4_RS_FuSl,Endomorph,Normal,slouch,1.0,0.0,0.0,0.0196087145808649,54.76003434927389,0.1554755930048597,1
281,9.366666666666667,Participant4_RS_FuSl,Endomorph,Normal,slouch,1.0,0.0,0.0,0.0045790596145528,54.93104945928202,0.1513229690278157,1
282,9.4,Participant4_RS_FuSl,Endomorph,Normal,slouch,1.0,0.0,0.0,-0.0555723595489365,53.00097511757026,0.1165875929563765,1
283,9.433333333333334,Participant4_RS_FuSl,Endomorph,Normal,slouch,1.0,0.0,0.0,0.0732993471021948,54.48694738420005,0.175644894122512,1
284,9.466666666666669,Participant4_RS_FuSl,Endomorph,Normal,slouch,1.0,0.0,0.0,0.0368987572184791,54.98238924149131,0.1612648723703587,1
285,9.5,Participant4_RS_FuSl,Endomorph,Normal,slouch,1.0,0.0,0.0,0.01033088905365,52.84722887728231,0.179511091551521,1
286,9.533333333333331,Participant4_RS_FuSl,Endomorph,Normal,slouch,1.0,0.0,0.0,-0.0928390719175488,52.588477343118,0.1298281053272258,1
287,9.566666666666666,Participant4_RS_FuSl,Endomorph,Normal,slouch,1.0,0.0,0.0,-0.0379138438188353,52.7338324406981,0.1658827882108773,1
288,9.6,Participant4_RS_FuSl,Endomorph,Normal,slouch,1.0,0.0,0.0,0.0644895490795204,53.79085977997545,0.1687066247877492,1
289,9.633333333333333,Participant4_RS_FuSl,Endomorph,Normal,slouch,1.0,0.0,0.0,-0.0685889485174376,54.758943322134,0.0974547877495446,1
290,9.666666666666666,Participant4_RS_FuSl,Endomorph,Normal,slouch,1.0,0.0,0.0,-0.0729726936813373,53.73887054244725,0.1129168055085867,1
291,9.7,Participant4_RS_FuSl,Endomorph,Normal,slouch,1.0,0.0,0.0,-0.0522392665132464,53.40670117410996,0.1121727862038648,1
292,9.733333333333333,Participant4_RS_FuSl,Endomorph,Normal,slouch,1.0,0.0,0.0,-0.1037703950377361,53.23808773353907,0.0882917074781239,1
293,9.766666666666667,Participant4_RS_FuSl,Endomorph,Normal,slouch,1.0,0.0,0.0,-0.1008383614168799,54.34358742107843,0.0706273766078044,1
294,9.8,Participant4_RS_FuSl,Endomorph,Normal,slouch,1.0,0.0,0.0,-0.1258825040037081,54.00568049515565,0.038244973033597,1
295,9.833333333333334,Participant4_RS_FuSl,Endomorph,Normal,slouch,1.0,0.0,0.0,-0.1126531220849303,53.667773569232864,0.06823043008633,1
296,9.866666666666667,Participant4_RS_FuSl,Endomorph,Normal,slouch,1.0,0.0,0.0,-0.1159185485729317,54.02615240924399,0.0226865607413884,1
297,9.9,Participant4_RS_FuSl,Endomorph,Normal,slouch,1.0,0.0,0.0,-0.1248338245346821,53.409999411211295,0.0520699087648595,1
298,9.933333333333334,Participant4_RS_FuSl,Endomorph,Normal,slouch,1.0,0.0,0.0,-0.0862050675414929,54.117689516205125,0.1041499405180593,1
299,9.966666666666669,Participant4_RS_FuSl,Endomorph,Normal,slouch,1.0,0.0,0.0,-0.0830042056953869,53.03611620156337,0.0748440335160551,1
300,10.0,Participant4_RS_FuSl,Endomorph,Normal,slouch,1.0,0.0,0.0,-0.0472835009562312,54.63804593782054,0.1374937605343586,1
301,10.033333333333331,Participant4_RS_FuSl,Endomorph,Normal,slouch,1.0,0.0,0.0,-0.07542196234233,52.90730356483036,0.0890894184582107,1
302,10.066666666666666,Participant4_RS_FuSl,Endomorph,Normal,slouch,1.0,0.0,0.0,-0.0682930957939716,52.0532625075412,0.1045759794896794,1
303,10.1,Participant4_RS_FuSl,Endomorph,Normal,slouch,1.0,0.0,0.0,-0.065902903636498,53.3167445772816,0.1348783144937729,1
304,10.133333333333333,Participant4_RS_FuSl,Endomorph,Normal,slouch,1.0,0.0,0.0,0.002488343256037,51.67291747789298,0.165845343571696,1
305,10.166666666666666,Participant4_RS_FuSl,Endomorph,Normal,slouch,1.0,0.0,0.0,-0.0895650954280312,52.94524919615344,0.0907428016792749,1
306,10.2,Participant4_RS_FuSl,Endomorph,Normal,slouch,1.0,0.0,0.0,-0.0780164421766287,53.2328724434541,0.0677853161565068,1
307,10.233333333333333,Participant4_RS_FuSl,Endomorph,Normal,slouch,1.0,0.0,0.0,-0.0754324629806835,53.34139304665292,0.0816575568808677,1
308,10.266666666666667,Participant4_RS_FuSl,Endomorph,Normal,slouch,1.0,0.0,0.0,-0.1088101679848407,55.75371445918452,0.0537716726083082,1
309,10.3,Participant4_RS_FuSl,Endomorph,Normal,slouch,1.0,0.0,0.0,-0.0781242698581986,53.165757509380406,0.0926490490918581,1
310,10.333333333333334,Participant4_RS_FuSl,Endomorph,Normal,slouch,1.0,0.0,0.0,-0.0991872816888038,53.17179735676749,0.086483370915094,1
311,10.366666666666667,Participant4_RS_FuSl,Endomorph,Normal,slouch,1.0,0.0,0.0,-0.0883517512636269,54.0467346149251,0.0958759050194607,1
312,10.4,Participant4_RS_FuSl,Endomorph,Normal,slouch,1.0,0.0,0.0,-0.0369418865660428,54.21105084112096,0.1250161981230501,1
313,10.433333333333334,Participant4_RS_FuSl,Endomorph,Normal,slouch,1.0,0.0,0.0,-0.0187263886424552,53.73127109215881,0.1166748461411868,1
314,10.466666666666669,Participant4_RS_FuSl,Endomorph,Normal,slouch,1.0,0.0,0.0,0.0171365040882944,54.37448644995372,0.1489462682496166,1
315,10.5,Participant4_RS_FuSl,Endomorph,Normal,slouch,1.0,0.0,0.0,-0.0720167676868984,53.587339912173896,0.0885195971106494,1
316,10.533333333333331,Participant4_RS_FuSl,Endomorph,Normal,slouch,1.0,0.0,0.0,-0.060517973650063,53.62207968647648,0.1011701752681425,1
317,10.566666666666666,Participant4_RS_FuSl,Endomorph,Normal,slouch,1.0,0.0,0.0,-0.1017505539732596,53.275735600219846,0.0666024126730595,1
318,10.6,Participant4_RS_FuSl,Endomorph,Normal,slouch,1.0,0.0,0.0,-0.0935232788095907,51.5818500962296,0.0451194778443967,1
319,10.633333333333333,Participant4_RS_FuSl,Endomorph,Normal,slouch,1.0,0.0,0.0,-0.0768798023841783,54.64465462221378,0.0882159282522288,1
320,10.666666666666666,Participant4_RS_FuSl,Endomorph,Normal,slouch,1.0,0.0,0.0,-0.1041601377720076,54.81722728749685,0.0877161486810409,1
321,10.7,Participant4_RS_FuSl,Endomorph,Normal,slouch,1.0,0.0,0.0,-0.0698061680477675,52.20315327066578,0.0474876020714943,1
322,10.733333333333333,Participant4_RS_FuSl,Endomorph,Normal,slouch,1.0,0.0,0.0,-0.0775200046760496,52.57303567763124,0.0275223686788279,1
323,10.766666666666667,Participant4_RS_FuSl,Endomorph,Normal,slouch,1.0,0.0,0.0,-0.0511160201316775,54.40171685604366,0.1023405631915249,1
324,10.8,Participant4_RS_FuSl,Endomorph,Normal,slouch,1.0,0.0,0.0,-0.0765746637275815,55.54645679195071,0.057493318220885,1
325,10.833333333333334,Participant4_RS_FuSl,Endomorph,Normal,slouch,1.0,0.0,0.0,-0.0471235784103005,53.25099472667573,0.0971278306852674,1
326,10.866666666666667,Participant4_RS_FuSl,Endomorph,Normal,slouch,1.0,0.0,0.0,-0.0687774969134126,53.58505904124792,0.0944905395576687,1
327,10.9,Participant4_RS_FuSl,Endomorph,Normal,slouch,1.0,0.0,0.0,-0.0714333942826593,53.2131095994337,0.0981010539430767,1
328,10.933333333333334,Participant4_RS_FuSl,Endomorph,Normal,slouch,1.0,0.0,0.0,-0.0221831581215124,54.255146356962925,0.1085964376652325,1
329,10.966666666666669,Participant4_RS_FuSl,Endomorph,Normal,slouch,1.0,0.0,0.0,-0.0251821953922926,54.70430344713755,0.1316692011211844,1
330,11.0,Participant4_RS_FuSl,Endomorph,Normal,slouch,1.0,0.0,0.0,-0.017031480091344,54.12610087365361,0.1134755220667339,1
331,11.033333333333331,Participant4_RS_FuSl,Endomorph,Normal,slouch,1.0,0.0,0.0,0.0465425882979792,53.6427734807417,0.1576102423874326,1
332,11.066666666666666,Participant4_RS_FuSl,Endomorph,Normal,slouch,1.0,0.0,0.0,-0.0098861013692182,55.33851574860743,0.1385815529161891,1
333,11.1,Participant4_RS_FuSl,Endomorph,Normal,slouch,1.0,0.0,0.0,-0.0006517087169348,57.34569734928988,0.1157732827035796,1
334,11.133333333333333,Participant4_RS_FuSl,Endomorph,Normal,slouch,1.0,0.0,0.0,0.0414146513298087,54.393331146155,0.1555498116389793,1
335,11.166666666666666,Participant4_RS_FuSl,Endomorph,Normal,slouch,1.0,0.0,0.0,-0.0255718952895822,55.703706053529096,0.1086069845959988,1
336,11.2,Participant4_RS_FuSl,Endomorph,Normal,slouch,1.0,0.0,0.0,0.0295893167179343,53.13040575858038,0.1426093716422022,1
337,11.233333333333333,Participant4_RS_FuSl,Endomorph,Normal,slouch,1.0,0.0,0.0,0.0035888496804727,53.03576451684667,0.153869041521498,1
338,11.266666666666667,Participant4_RS_FuSl,Endomorph,Normal,slouch,1.0,0.0,0.0,-0.0788471268314965,54.51533879594966,0.0521201277471189,1
339,11.3,Participant4_RS_FuSl,Endomorph,Normal,slouch,1.0,0.0,0.0,-0.0312699382558694,53.63771246587115,0.087682442327781,1
340,11.333333333333334,Participant4_RS_FuSl,Endomorph,Normal,slouch,1.0,0.0,0.0,-0.0349220800935661,54.57462760115434,0.1139892145676412,1
341,11.366666666666667,Participant4_RS_FuSl,Endomorph,Normal,slouch,1.0,0.0,0.0,-0.0290463929732291,56.066611055630815,0.1134241239460028,1
342,11.4,Participant4_RS_FuSl,Endomorph,Normal,slouch,1.0,0.0,0.0,-0.0651770583808999,53.71214190766453,0.0899695101198399,1
343,11.433333333333334,Participant4_RS_FuSl,Endomorph,Normal,slouch,1.0,0.0,0.0,-0.0472191442702892,55.265825611558775,0.1322103706125095,1
344,11.466666666666669,Participant4_RS_FuSl,Endomorph,Normal,slouch,1.0,0.0,0.0,0.0071658387685065,56.05684864282976,0.14470418262235,1
345,11.5,Participant4_RS_FuSl,Endomorph,Normal,slouch,1.0,0.0,0.0,-0.0001963204651704,55.03371059156442,0.1420656094625883,1
346,11.533333333333331,Participant4_RS_FuSl,Endomorph,Normal,slouch,1.0,0.0,0.0,-0.0049194099888326,54.51192416436578,0.1467575002343965,1
347,11.566666666666666,Participant4_RS_FuSl,Endomorph,Normal,slouch,1.0,0.0,0.0,-0.016004585567731,54.35119659058625,0.1906812838674518,1
348,11.6,Participant4_RS_FuSl,Endomorph,Normal,slouch,1.0,0.0,0.0,-0.0380394333966463,54.79926288614612,0.1686168197428109,1
349,11.633333333333333,Participant4_RS_FuSl,Endomorph,Normal,slouch,1.0,0.0,0.0,-0.0345579134857909,54.44207741555675,0.172569212423852,1
350,11.666666666666666,Participant4_RS_FuSl,Endomorph,Normal,slouch,1.0,0.0,0.0,-0.010111444652609,53.90394212405064,0.1375722466369199,1
351,11.7,Participant4_RS_FuSl,Endomorph,Normal,slouch,1.0,0.0,0.0,-0.0477006101755702,55.89230745422259,0.0920395395295728,1
352,11.733333333333333,Participant4_RS_FuSl,Endomorph,Normal,slouch,1.0,0.0,0.0,-0.065647005985607,54.68309803450373,0.1240204728635629,1
353,11.766666666666667,Participant4_RS_FuSl,Endomorph,Normal,slouch,1.0,0.0,0.0,-0.0597054815095734,55.26398458159218,0.1187850534843395,1
354,11.8,Participant4_RS_FuSl,Endomorph,Normal,slouch,1.0,0.0,0.0,-0.0733808561293573,55.95980283238701,0.1063235702612258,1
355,11.833333333333334,Participant4_RS_FuSl,Endomorph,Normal,slouch,1.0,0.0,0.0,-0.0895400345253366,55.244791736793054,0.1220157730048816,1
356,11.866666666666667,Participant4_RS_FuSl,Endomorph,Normal,slouch,1.0,0.0,0.0,-0.0699128338984771,53.98074710358984,0.1118110839714692,1
357,11.9,Participant4_RS_FuSl,Endomorph,Normal,slouch,1.0,0.0,0.0,-0.0690104528256774,54.626330717079,0.1181137399804335,1
358,11.933333333333334,Participant4_RS_FuSl,Endomorph,Normal,slouch,1.0,0.0,0.0,-0.0700576787473999,54.55926853705877,0.1139433808353075,1
359,11.966666666666669,Participant4_RS_FuSl,Endomorph,Normal,slouch,1.0,0.0,0.0,-0.0619356215384975,54.575899610560086,0.1137866393763588,1
360,12.0,Participant4_RS_FuSl,Endomorph,Normal,slouch,1.0,0.0,0.0,-0.0425435430405397,54.277896527250455,0.0928747500024565,1
361,12.033333333333331,Participant4_RS_FuSl,Endomorph,Normal,slouch,1.0,0.0,0.0,-0.0409651560157056,55.76253376361292,0.1265805635022555,1
362,12.066666666666666,Participant4_RS_FuSl,Endomorph,Normal,slouch,1.0,0.0,0.0,-0.0089795352278196,54.300683049711125,0.0611155263014652,1
363,12.1,Participant4_RS_FuSl,Endomorph,Normal,slouch,1.0,0.0,0.0,-0.1041617506534174,55.84944506796036,0.0199705878849874,1
364,12.133333333333333,Participant4_RS_FuSl,Endomorph,Normal,slouch,1.0,0.0,0.0,0.0089176838880479,56.68509761208532,0.1659610938391232,1
365,12.166666666666666,Participant4_RS_FuSl,Endomorph,Normal,slouch,1.0,0.0,0.0,-0.0117575641132881,54.72706354551643,0.1440248699130058,1
366,12.2,Participant4_RS_FuSl,Endomorph,Normal,slouch,1.0,0.0,0.0,-0.0690460240358353,54.48266574538987,0.1105938818325441,1
367,12.233333333333333,Participant4_RS_FuSl,Endomorph,Normal,slouch,1.0,0.0,0.0,0.0119541195221539,56.00745259182672,0.1580867276631451,1
368,12.266666666666667,Participant4_RS_FuSl,Endomorph,Normal,slouch,1.0,0.0,0.0,-0.0298722692155402,54.69696937998672,0.1136938425086495,1
369,12.3,Participant4_RS_FuSl,Endomorph,Normal,slouch,1.0,0.0,0.0,-0.0202723939486419,54.228290845778815,0.1193816798665136,1
370,12.333333333333334,Participant4_RS_FuSl,Endomorph,Normal,slouch,1.0,0.0,0.0,-0.0197101138410241,54.37376060883531,0.1222413864531678,1
371,12.366666666666667,Participant4_RS_FuSl,Endomorph,Normal,slouch,1.0,0.0,0.0,-0.0361614842652021,55.00430922971746,0.1278415483764659,1
372,12.4,Participant4_RS_FuSl,Endomorph,Normal,slouch,1.0,0.0,0.0,-0.0443441400606277,54.27800862821157,0.1193985816789398,1
373,12.433333333333334,Participant4_RS_FuSl,Endomorph,Normal,slouch,1.0,0.0,0.0,-0.067883069941378,55.00838625376871,0.128264173249831,1
374,12.466666666666669,Participant4_RS_FuSl,Endomorph,Normal,slouch,1.0,0.0,0.0,-0.0908516993402002,55.80185789039128,0.1125323748915735,1
375,12.5,Participant4_RS_FuSl,Endomorph,Normal,slouch,1.0,0.0,0.0,-0.0230501216134146,54.33468036018298,0.1205989950588516,1
376,12.533333333333331,Participant4_RS_FuSl,Endomorph,Normal,slouch,1.0,0.0,0.0,-0.0326190820910027,54.95069837592212,0.1011020248542479,1
377,12.566666666666666,Participant4_RS_FuSl,Endomorph,Normal,slouch,1.0,0.0,0.0,-0.0428546782063432,55.640655838980855,0.0977369218909744,1
378,12.6,Participant4_RS_FuSl,Endomorph,Normal,slouch,1.0,0.0,0.0,-0.030363796571967,53.12972645548548,0.0809324130662601,1
379,12.633333333333333,Participant4_RS_FuSl,Endomorph,Normal,slouch,1.0,0.0,0.0,-0.0328307208870159,53.48897430682667,0.0737764545685442,1
380,12.666666666666666,Participant4_RS_FuSl,Endomorph,Normal,slouch,1.0,0.0,0.0,-0.0511834351559857,54.58252498855688,0.1486650079436358,1
381,12.7,Participant4_RS_FuSl,Endomorph,Normal,slouch,1.0,0.0,0.0,-0.0438806467369605,54.63870435496009,0.1374937828357784,1
382,12.733333333333333,Participant4_RS_FuSl,Endomorph,Normal,slouch,1.0,0.0,0.0,-0.0068043702008432,54.622584467502,0.2009875824911315,1
383,12.766666666666667,Participant4_RS_FuSl,Endomorph,Normal,slouch,1.0,0.0,0.0,-0.0121888329348545,54.66451195600163,0.137281924803281,1
384,12.8,Participant4_RS_FuSl,Endomorph,Normal,slouch,1.0,0.0,0.0,-0.0296625285169576,52.59774520729438,0.1591317995727313,1
385,12.833333333333334,Participant4_RS_FuSl,Endomorph,Normal,slouch,1.0,0.0,0.0,-0.0595525545829972,53.7547971000276,0.0255014774130333,1
386,12.866666666666667,Participant4_RS_FuSl,Endomorph,Normal,slouch,1.0,0.0,0.0,-0.0694488554497265,53.70427287904077,0.0152559210853692,1
387,12.9,Participant4_RS_FuSl,Endomorph,Normal,slouch,1.0,0.0,0.0,-0.0451033935742654,55.56073067073376,0.0726154526919964,1
388,12.933333333333334,Participant4_RS_FuSl,Endomorph,Normal,slouch,1.0,0.0,0.0,0.0005714781896125,55.77315659556452,0.1327012814777132,1
389,12.966666666666669,Participant4_RS_FuSl,Endomorph,Normal,slouch,1.0,0.0,0.0,-0.0346680166800416,56.09537111384082,0.1836034055621848,1
390,13.0,Participant4_RS_FuSl,Endomorph,Normal,slouch,1.0,0.0,0.0,0.0257008377359202,54.0910490463054,0.1451711008343197,1
391,13.033333333333331,Participant4_RS_FuSl,Endomorph,Normal,slouch,1.0,0.0,0.0,0.0231048555107081,55.85989768054931,0.1126991899821367,1
392,13.066666666666666,Participant4_RS_FuSl,Endomorph,Normal,slouch,1.0,0.0,0.0,0.0106267854190372,54.84382638456528,0.1176479091722594,1
393,13.1,Participant4_RS_FuSl,Endomorph,Normal,slouch,1.0,0.0,0.0,-0.0273560075179197,54.78298038669913,0.0713500938098202,1
394,13.133333333333333,Participant4_RS_FuSl,Endomorph,Normal,slouch,1.0,0.0,0.0,-0.0372820048166869,55.23321040063955,0.1144325550101061,1
395,13.166666666666666,Participant4_RS_FuSl,Endomorph,Normal,slouch,1.0,0.0,0.0,-0.0394742058980386,54.462346950877816,0.1231466979257098,1
396,13.2,Participant4_RS_FuSl,Endomorph,Normal,slouch,1.0,0.0,0.0,-0.0205297049708429,53.25027107632888,0.0735274703887652,1
397,13.233333333333333,Participant4_RS_FuSl,Endomorph,Normal,slouch,1.0,0.0,0.0,-0.0348388672142634,52.09239088369608,0.0841291263345676,1
398,13.266666666666667,Participant4_RS_FuSl,Endomorph,Normal,slouch,1.0,0.0,0.0,-0.0246317600841662,53.49094721177223,0.1516952523200628,1
399,13.3,Participant4_RS_FuSl,Endomorph,Normal,slouch,1.0,0.0,0.0,-0.035867994642578,55.40053260844818,0.1249485304897275,1
400,13.333333333333334,Participant4_RS_FuSl,Endomorph,Normal,slouch,1.0,0.0,0.0,-0.0267478598439981,55.368838711779176,0.1396021628292632,1
401,13.366666666666667,Participant4_RS_FuSl,Endomorph,Normal,slouch,1.0,0.0,0.0,-0.0589869982532247,54.766641228135086,0.1383029900119791,1
402,13.4,Participant4_RS_FuSl,Endomorph,Normal,slouch,1.0,0.0,0.0,-0.0409627270386893,55.71059958863443,0.1285822878764347,1
403,13.433333333333334,Participant4_RS_FuSl,Endomorph,Normal,slouch,1.0,0.0,0.0,-0.0712492832744984,52.76108547463315,0.093855196322318,1
404,13.466666666666669,Participant4_RS_FuSl,Endomorph,Normal,slouch,1.0,0.0,0.0,-0.0700846906971789,52.55782127882832,0.0761469314508914,1
405,13.5,Participant4_RS_FuSl,Endomorph,Normal,slouch,1.0,0.0,0.0,-0.0609216514203326,52.583238563264175,0.0881675630090814,1
406,13.533333333333331,Participant4_RS_FuSl,Endomorph,Normal,slouch,1.0,0.0,0.0,-0.0423006219505098,53.122412231950406,0.1036199732101648,1
407,13.566666666666666,Participant4_RS_FuSl,Endomorph,Normal,slouch,1.0,0.0,0.0,-0.044401286862624,53.30517875851594,0.0924288429405758,1
408,13.6,Participant4_RS_FuSl,Endomorph,Normal,slouch,1.0,0.0,0.0,-0.0492993461773126,54.93596727500134,0.1314337183860357,1
409,13.633333333333333,Participant4_RS_FuSl,Endomorph,Normal,slouch,1.0,0.0,0.0,-0.0598036313556776,53.69373792916522,0.1302673723290581,1
410,13.666666666666666,Participant4_RS_FuSl,Endomorph,Normal,slouch,1.0,0.0,0.0,-0.0779838345562322,51.91247797090085,0.0795382425284699,1
411,13.7,Participant4_RS_FuSl,Endomorph,Normal,slouch,1.0,0.0,0.0,-0.092436747415917,54.92665536871383,0.1187322445441215,1
412,13.733333333333333,Participant4_RS_FuSl,Endomorph,Normal,slouch,1.0,0.0,0.0,-0.0779427355819563,55.440056326556864,0.1489090258682994,1
413,13.766666666666667,Participant4_RS_FuSl,Endomorph,Normal,slouch,1.0,0.0,0.0,-0.0272754149225786,54.563065711938414,0.21070143240594,1
414,13.8,Participant4_RS_FuSl,Endomorph,Normal,slouch,1.0,0.0,0.0,-0.0600570780645644,55.47329857593739,0.150726165034944,1
415,13.833333333333334,Participant4_RS_FuSl,Endomorph,Normal,slouch,1.0,0.0,0.0,-0.0655753888270498,53.76117653596321,0.16725546679028,1
416,13.866666666666667,Participant4_RS_FuSl,Endomorph,Normal,slouch,1.0,0.0,0.0,-0.0281686043048029,53.1621647349745,0.1503873944164059,1
417,13.9,Participant4_RS_FuSl,Endomorph,Normal,slouch,1.0,0.0,0.0,-0.0229366831194333,56.19880665948106,0.1685351896213323,1
418,13.933333333333334,Participant4_RS_FuSl,Endomorph,Normal,slouch,1.0,0.0,0.0,-0.0568091491929993,54.183993956196616,0.1393373161805603,1
419,13.966666666666669,Participant4_RS_FuSl,Endomorph,Normal,slouch,1.0,0.0,0.0,-0.0290789156630064,53.87714288779399,0.1473189630345182,1
420,14.0,Participant4_RS_FuSl,Endomorph,Normal,slouch,1.0,0.0,0.0,-0.0395700125741941,54.40204222771131,0.1553188939385942,1
421,14.033333333333331,Participant4_RS_FuSl,Endomorph,Normal,slouch,1.0,0.0,0.0,-0.0361325132191354,52.4546089558956,0.1741125403965334,1
422,14.066666666666666,Participant4_RS_FuSl,Endomorph,Normal,slouch,1.0,0.0,0.0,-0.0652598440428967,54.70188545859289,0.1935571220012182,1
423,14.1,Participant4_RS_FuSl,Endomorph,Normal,slouch,1.0,0.0,0.0,-0.0364542652815595,51.58096786587549,0.0866417915104471,1
424,14.133333333333333,Participant4_RS_FuSl,Endomorph,Normal,slouch,1.0,0.0,0.0,-0.0209570940240226,54.59408454782209,0.1434894138281157,1
425,14.166666666666666,Participant4_RS_FuSl,Endomorph,Normal,slouch,1.0,0.0,0.0,-0.0152228161230143,55.64568704071996,0.1553167396920432,1
426,14.2,Participant4_RS_FuSl,Endomorph,Normal,slouch,1.0,0.0,0.0,-0.0527733635054705,53.93637813273507,0.1035069194367662,1
427,14.233333333333333,Participant4_RS_FuSl,Endomorph,Normal,slouch,1.0,0.0,0.0,-0.034186717754861,54.06058047160184,0.1728864122325944,1
428,14.266666666666667,Participant4_RS_FuSl,Endomorph,Normal,slouch,1.0,0.0,0.0,-0.0230789755298653,52.28179140929313,0.0916946152975917,1
429,14.3,Participant4_RS_FuSl,Endomorph,Normal,slouch,1.0,0.0,0.0,-0.0256623269245755,54.3835099024726,0.1349179868007288,1
430,14.333333333333334,Participant4_RS_FuSl,Endomorph,Normal,slouch,1.0,0.0,0.0,-0.0669621893484219,55.0985114421138,0.1249506423034023,1
431,14.366666666666667,Participant4_RS_FuSl,Endomorph,Normal,slouch,1.0,0.0,0.0,-0.0727816122526753,54.43804939309009,0.1384169067756531,1
432,14.4,Participant4_RS_FuSl,Endomorph,Normal,slouch,1.0,0.0,0.0,-0.0110044783072705,54.31619051755624,0.1912966646690931,1
433,14.433333333333334,Participant4_RS_FuSl,Endomorph,Normal,slouch,1.0,0.0,0.0,-0.0334923383833382,55.337956914435146,0.1627226515459973,1
434,14.466666666666669,Participant4_RS_FuSl,Endomorph,Normal,slouch,1.0,0.0,0.0,-0.0112775405548079,53.95621446762732,0.1300334863024302,1
435,14.5,Participant4_RS_FuSl,Endomorph,Normal,slouch,1.0,0.0,0.0,-0.0056248590730871,52.90391562330295,0.1630188874466052,1
436,14.533333333333331,Participant4_RS_FuSl,Endomorph,Normal,slouch,1.0,0.0,0.0,-0.0142198687853168,53.7214621939532,0.1887814066426154,1
437,14.566666666666666,Participant4_RS_FuSl,Endomorph,Normal,slouch,1.0,0.0,0.0,-0.009593415941078,53.32459077804008,0.1924930142095319,1
438,14.6,Participant4_RS_FuSl,Endomorph,Normal,slouch,1.0,0.0,0.0,0.0756425846021121,53.249358936016016,0.2085714714297719,1
439,14.633333333333333,Participant4_RS_FuSl,Endomorph,Normal,slouch,1.0,0.0,0.0,-0.0314658055288842,55.64861405067591,0.1639789464804892,1
440,14.666666666666666,Participant4_RS_FuSl,Endomorph,Normal,slouch,1.0,0.0,0.0,-0.0274825125083683,56.54294786995015,0.1715725629157198,1
441,14.7,Participant4_RS_FuSl,Endomorph,Normal,slouch,1.0,0.0,0.0,0.0193349436011314,54.48036726754926,0.2045862743858167,1
442,14.733333333333333,Participant4_RS_FuSl,Endomorph,Normal,slouch,1.0,0.0,0.0,0.0106341509074986,54.30536230145788,0.1885508275465968,1
443,14.766666666666667,Participant4_RS_FuSl,Endomorph,Normal,slouch,1.0,0.0,0.0,0.032956788691985,54.91891573942714,0.2005297968507146,1
444,14.8,Participant4_RS_FuSl,Endomorph,Normal,slouch,1.0,0.0,0.0,0.0544945175733415,55.60839351200486,0.1596063717043604,1
445,14.833333333333334,Participant4_RS_FuSl,Endomorph,Normal,slouch,1.0,0.0,0.0,-0.0447433984599299,54.36158661857851,0.1366734439826691,1
446,14.866666666666667,Participant4_RS_FuSl,Endomorph,Normal,slouch,1.0,0.0,0.0,-0.0081246402401748,53.1141012001553,0.1265633498107122,1
447,14.9,Participant4_RS_FuSl,Endomorph,Normal,slouch,1.0,0.0,0.0,0.0069351675892588,55.347337261176776,0.1137831855470574,1
448,14.933333333333334,Participant4_RS_FuSl,Endomorph,Normal,slouch,1.0,0.0,0.0,-0.0282891853295098,55.1272109229376,0.1373879674212485,1
449,14.966666666666669,Participant4_RS_FuSl,Endomorph,Normal,slouch,1.0,0.0,0.0,-0.0386330862662573,55.364294964469934,0.1033863580238406,1
450,15.0,Participant4_RS_FuSl,Endomorph,Normal,slouch,1.0,0.0,0.0,-0.0377440345164174,53.35748726303881,0.0995226994462965,1
451,15.033333333333331,Participant4_RS_FuSl,Endomorph,Normal,slouch,1.0,0.0,0.0,-0.0086986412146514,53.02302415471968,0.0795603517175807,1
452,15.066666666666666,Participant4_RS_FuSl,Endomorph,Normal,slouch,1.0,0.0,0.0,-0.0387636525712425,54.32558648777783,0.1122571786240329,1
453,15.1,Participant4_RS_FuSl,Endomorph,Normal,slouch,1.0,0.0,0.0,-0.0241757776943313,55.708299726184464,0.1078214282197678,1
454,15.133333333333333,Participant4_RS_FuSl,Endomorph,Normal,slouch,1.0,0.0,0.0,-0.0363878772403026,55.88460578418228,0.1355022580643182,1
455,15.166666666666666,Participant4_RS_FuSl,Endomorph,Normal,slouch,1.0,0.0,0.0,0.0387905626250483,54.66864064532757,0.1738372609867944,1
456,15.2,Participant4_RS_FuSl,Endomorph,Normal,slouch,1.0,0.0,0.0,0.0288125369354256,56.04813203314741,0.1586138169134775,1
457,15.233333333333333,Participant4_RS_FuSl,Endomorph,Normal,slouch,1.0,0.0,0.0,-0.0486372866853907,55.39146455629579,0.0436379020098489,1
458,15.266666666666667,Participant4_RS_FuSl,Endomorph,Normal,slouch,1.0,0.0,0.0,-0.0481436257210333,55.6329448283545,0.0512186975898047,1
459,15.3,Participant4_RS_FuSl,Endomorph,Normal,slouch,1.0,0.0,0.0,-0.0543338303065595,56.40467713253711,0.0604272654528056,1
460,15.333333333333334,Participant4_RS_FuSl,Endomorph,Normal,slouch,1.0,0.0,0.0,-0.0529896877276218,56.3349555143958,0.1107525463414048,1
461,15.366666666666667,Participant4_RS_FuSl,Endomorph,Normal,slouch,1.0,0.0,0.0,-0.0510956954858887,55.39591672938473,0.125957944313437,1
462,15.4,Participant4_RS_FuSl,Endomorph,Normal,slouch,1.0,0.0,0.0,-0.0385373105792179,53.93746812917399,0.0974755858039531,1
463,15.433333333333334,Participant4_RS_FuSl,Endomorph,Normal,slouch,1.0,0.0,0.0,0.0007101359964296,54.21986376578841,0.1284929362778957,1
464,15.466666666666669,Participant4_RS_FuSl,Endomorph,Normal,slouch,1.0,0.0,0.0,-0.0560966658476246,56.04815049646412,0.1100513238144109,1
465,15.5,Participant4_RS_FuSl,Endomorph,Normal,slouch,1.0,0.0,0.0,-0.0128974431511994,55.43587620440167,0.1078952728782779,1
466,15.533333333333331,Participant4_RS_FuSl,Endomorph,Normal,slouch,1.0,0.0,0.0,-0.0349157100318454,55.57141130859661,0.081529348834861,1
467,15.566666666666666,Participant4_RS_FuSl,Endomorph,Normal,slouch,1.0,0.0,0.0,0.0430920727910513,54.44516538973549,0.1833782406003381,1
468,15.6,Participant4_RS_FuSl,Endomorph,Normal,slouch,1.0,0.0,0.0,-0.0146225535326174,53.72466749667677,0.1190804359480937,1
469,15.633333333333333,Participant4_RS_FuSl,Endomorph,Normal,slouch,1.0,0.0,0.0,0.0010737820035588,55.6521848396954,0.1239826523091098,1
470,15.666666666666666,Participant4_RS_FuSl,Endomorph,Normal,slouch,1.0,0.0,0.0,-0.0284973817958829,54.02435329807418,0.1276490221728285,1
471,15.7,Participant4_RS_FuSl,Endomorph,Normal,slouch,1.0,0.0,0.0,-0.0166615267856212,53.53731768913503,0.1539583917867255,1
472,15.733333333333333,Participant4_RS_FuSl,Endomorph,Normal,slouch,1.0,0.0,0.0,-0.0509060029104189,53.79953724113473,0.1519083668418413,1
473,15.766666666666667,Participant4_RS_FuSl,Endomorph,Normal,slouch,1.0,0.0,0.0,-0.0360659777330001,54.23617206097578,0.0897178031896453,1
474,15.8,Participant4_RS_FuSl,Endomorph,Normal,slouch,1.0,0.0,0.0,-0.0122724422457561,53.74247936905115,0.1971124050631116,1
475,15.833333333333334,Participant4_RS_FuSl,Endomorph,Normal,slouch,1.0,0.0,0.0,-0.0567260748508799,54.21048515331604,0.1633512780647863,1
476,15.866666666666667,Participant4_RS_FuSl,Endomorph,Normal,slouch,1.0,0.0,0.0,-0.0286952183185562,54.44237651392309,0.207012208929865,1
477,15.9,Participant4_RS_FuSl,Endomorph,Normal,slouch,1.0,0.0,0.0,-0.0562124095341537,51.5028760285858,0.0964466383945664,1
478,15.933333333333334,Participant4_RS_FuSl,Endomorph,Normal,slouch,1.0,0.0,0.0,-0.0244253672086137,54.36675365390644,0.1944955664882945,1
479,15.966666666666669,Participant4_RS_FuSl,Endomorph,Normal,slouch,1.0,0.0,0.0,-0.0798117725084059,53.6370704789332,0.1441461816718316,1
480,16.0,Participant4_RS_FuSl,Endomorph,Normal,slouch,1.0,0.0,0.0,-0.0262559808364988,53.86890514994717,0.2056006007817559,1
481,16.033333333333335,Participant4_RS_FuSl,Endomorph,Normal,slouch,1.0,0.0,0.0,-0.0299435738665593,53.879113439832125,0.2028986194137376,1
482,16.066666666666666,Participant4_RS_FuSl,Endomorph,Normal,slouch,1.0,0.0,0.0,-0.0419753016591871,54.6443244729048,0.1441086671873886,1
483,16.1,Participant4_RS_FuSl,Endomorph,Normal,slouch,1.0,0.0,0.0,-0.0450930969630766,54.46591581271206,0.1427257045791364,1
484,16.133333333333333,Participant4_RS_FuSl,Endomorph,Normal,slouch,1.0,0.0,0.0,-0.0723881088777324,53.7283202354926,0.1348691793320458,1
485,16.166666666666668,Participant4_RS_FuSl,Endomorph,Normal,slouch,1.0,0.0,0.0,-0.0297186313152318,55.40028292802736,0.1798822002477776,1
486,16.2,Participant4_RS_FuSl,Endomorph,Normal,slouch,1.0,0.0,0.0,-0.0050009641460708,54.03300770998584,0.2047817919775504,1
487,16.233333333333334,Participant4_RS_FuSl,Endomorph,Normal,slouch,1.0,0.0,0.0,-0.0636682189024669,54.7472024507135,0.1509909728055833,1
488,16.266666666666666,Participant4_RS_FuSl,Endomorph,Normal,slouch,1.0,0.0,0.0,-0.0668784162831074,53.682742397811296,0.1687465096551718,1
489,16.3,Participant4_RS_FuSl,Endomorph,Normal,slouch,1.0,0.0,0.0,-0.0420193888930121,54.35902713670043,0.1460426220789895,1
490,16.333333333333332,Participant4_RS_FuSl,Endomorph,Normal,slouch,1.0,0.0,0.0,-0.0306088629230662,52.60958596016128,0.1660701444956532,1
491,16.366666666666667,Participant4_RS_FuSl,Endomorph,Normal,slouch,1.0,0.0,0.0,-0.0118448224603848,54.380671593493325,0.2124572521331226,1
492,16.4,Participant4_RS_FuSl,Endomorph,Normal,slouch,1.0,0.0,0.0,-0.0374262881290861,53.38322966069972,0.1532692737072524,1
493,16.433333333333334,Participant4_RS_FuSl,Endomorph,Normal,slouch,1.0,0.0,0.0,-0.0274729087553879,53.56870650489781,0.1704667282153813,1
494,16.466666666666665,Participant4_RS_FuSl,Endomorph,Normal,slouch,1.0,0.0,0.0,-0.0265771316502795,53.61831080931546,0.1451907107913674,1
495,16.5,Participant4_RS_FuSl,Endomorph,Normal,slouch,1.0,0.0,0.0,-0.0725055079183984,53.52098578156789,0.1761034389651187,1
496,16.533333333333335,Participant4_RS_FuSl,Endomorph,Normal,slouch,1.0,0.0,0.0,-0.0871208079424313,54.43184131708468,0.1436934620099975,1
497,16.566666666666666,Participant4_RS_FuSl,Endomorph,Normal,slouch,1.0,0.0,0.0,-0.0145683350221426,54.200792171808274,0.1970675958472351,1
498,16.6,Participant4_RS_FuSl,Endomorph,Normal,slouch,1.0,0.0,0.0,-0.0675850076853391,53.0168081186266,0.1511697453316026,1
499,16.633333333333333,Participant4_RS_FuSl,Endomorph,Normal,slouch,1.0,0.0,0.0,-0.0430904524389448,53.42825798373723,0.1516493393388608,1
500,16.666666666666668,Participant4_RS_FuSl,Endomorph,Normal,slouch,1.0,0.0,0.0,-0.0986040664806335,53.23807424846616,0.0326416683702641,1
501,16.7,Participant4_RS_FuSl,Endomorph,Normal,slouch,1.0,0.0,0.0,-0.0635368808220793,53.04789051319508,0.1479987188988988,1
502,16.733333333333334,Participant4_RS_FuSl,Endomorph,Normal,slouch,1.0,0.0,0.0,-0.0549407527661259,53.94839818692624,0.144390109229874,1
503,16.766666666666666,Participant4_RS_FuSl,Endomorph,Normal,slouch,1.0,0.0,0.0,-0.0886027397495583,54.24257282673293,0.1407399626914963,1
504,16.8,Participant4_RS_FuSl,Endomorph,Normal,slouch,1.0,0.0,0.0,-0.101322531862775,52.37184157298613,0.111309906100846,1
505,16.833333333333332,Participant4_RS_FuSl,Endomorph,Normal,slouch,1.0,0.0,0.0,-0.0554286428350058,55.65772106112347,0.1768913269580847,1
506,16.866666666666667,Participant4_RS_FuSl,Endomorph,Normal,slouch,1.0,0.0,0.0,0.0076580235385781,54.3006953815369,0.2056623319153716,1
507,16.9,Participant4_RS_FuSl,Endomorph,Normal,slouch,1.0,0.0,0.0,-0.0284737030982125,55.132681636242,0.1384196096819207,1
508,16.933333333333334,Participant4_RS_FuSl,Endomorph,Normal,slouch,1.0,0.0,0.0,-0.0049490898958604,55.628480779431705,0.1991911805794878,1
509,16.966666666666665,Participant4_RS_FuSl,Endomorph,Normal,slouch,1.0,0.0,0.0,-0.0410780545483621,54.33320976752531,0.1435792154766367,1
510,17.0,Participant4_RS_FuSl,Endomorph,Normal,slouch,1.0,0.0,0.0,-0.0248806575183815,54.805189147645066,0.1852613538324074,1
511,17.033333333333335,Participant4_RS_FuSl,Endomorph,Normal,slouch,1.0,0.0,0.0,-0.0367988378921863,54.52637041430274,0.1404947739867051,1
512,17.066666666666666,Participant4_RS_FuSl,Endomorph,Normal,slouch,1.0,0.0,0.0,-0.0532543755424317,51.42213665496799,0.1076199919183135,1
513,17.1,Participant4_RS_FuSl,Endomorph,Normal,slouch,1.0,0.0,0.0,-0.0244107351712555,54.91857311040077,0.2072015589290183,1
514,17.133333333333333,Participant4_RS_FuSl,Endomorph,Normal,slouch,1.0,0.0,0.0,-0.0390091624792208,55.24066781235293,0.1884740316206969,1
515,17.166666666666668,Participant4_RS_FuSl,Endomorph,Normal,slouch,1.0,0.0,0.0,-0.0241711933111847,56.51616404751741,0.1601967222272351,1
516,17.2,Participant4_RS_FuSl,Endomorph,Normal,slouch,1.0,0.0,0.0,0.0182312117677743,54.228743802956345,0.1848238852333665,1
517,17.233333333333334,Participant4_RS_FuSl,Endomorph,Normal,slouch,1.0,0.0,0.0,0.0150014337813159,55.37086054442236,0.1906490269274311,1
518,17.266666666666666,Participant4_RS_FuSl,Endomorph,Normal,slouch,1.0,0.0,0.0,0.024406869284501,54.75950988893581,0.1993505519905162,1
519,17.3,Participant4_RS_FuSl,Endomorph,Normal,slouch,1.0,0.0,0.0,0.0160633515242757,55.11397051031356,0.1881263542916656,1
520,17.333333333333332,Participant4_RS_FuSl,Endomorph,Normal,slouch,1.0,0.0,0.0,-0.0010597870501444,54.46681505469754,0.1968610472380028,1
521,17.366666666666667,Participant4_RS_FuSl,Endomorph,Normal,slouch,1.0,0.0,0.0,-0.0090023033239531,54.74813696444664,0.1957804207633482,1
522,17.4,Participant4_RS_FuSl,Endomorph,Normal,slouch,1.0,0.0,0.0,-0.0137039018398146,54.34242466202674,0.1864216203405313,1
523,17.433333333333334,Participant4_RS_FuSl,Endomorph,Normal,slouch,1.0,0.0,0.0,0.0010539215396489,53.77290970538623,0.1914905548327122,1
524,17.466666666666665,Participant4_RS_FuSl,Endomorph,Normal,slouch,1.0,0.0,0.0,0.0114665257238315,55.2688656287102,0.1931200303653688,1
525,17.5,Participant4_RS_FuSl,Endomorph,Normal,slouch,1.0,0.0,0.0,0.00616301426836,54.13485921121711,0.2017705513003503,1
526,17.533333333333335,Participant4_RS_FuSl,Endomorph,Normal,slouch,1.0,0.0,0.0,-0.0559704479957801,54.66297434622672,0.1709057357188068,1
527,17.566666666666666,Participant4_RS_FuSl,Endomorph,Normal,slouch,1.0,0.0,0.0,-0.0222692081390959,56.75207690334121,0.1560696651908291,1
528,17.6,Participant4_RS_FuSl,Endomorph,Normal,slouch,1.0,0.0,0.0,-0.0286383918804145,54.49981857759089,0.1780128559913014,1
529,17.633333333333333,Participant4_RS_FuSl,Endomorph,Normal,slouch,1.0,0.0,0.0,-0.0170279112429262,54.23575880997884,0.183497308202282,1
530,17.666666666666668,Participant4_RS_FuSl,Endomorph,Normal,slouch,1.0,0.0,0.0,0.0001952858397893,55.36253139177936,0.2026526241660111,1
531,17.7,Participant4_RS_FuSl,Endomorph,Normal,slouch,1.0,0.0,0.0,-0.0265253356360417,54.29075213784812,0.1645925436201509,1
532,17.733333333333334,Participant4_RS_FuSl,Endomorph,Normal,slouch,1.0,0.0,0.0,-0.0326828192237811,54.99616662172593,0.0522618069945718,1
533,17.766666666666666,Participant4_RS_FuSl,Endomorph,Normal,slouch,1.0,0.0,0.0,-0.0182196182235002,55.43879848155861,0.120958856140237,1
534,17.8,Participant4_RS_FuSl,Endomorph,Normal,slouch,1.0,0.0,0.0,-0.0257486946778385,53.60363443106692,0.0726972103335332,1
535,17.833333333333332,Participant4_RS_FuSl,Endomorph,Normal,slouch,1.0,0.0,0.0,-0.0039807400399445,54.2375941924882,0.0761862466338843,1
536,17.866666666666667,Participant4_RS_FuSl,Endomorph,Normal,slouch,1.0,0.0,0.0,-0.0379645733472768,52.90404661157835,0.0654474154140187,1
537,17.9,Participant4_RS_FuSl,Endomorph,Normal,slouch,1.0,0.0,0.0,0.0214913191532586,55.08134815552359,0.1687342507794871,1
538,17.933333333333334,Participant4_RS_FuSl,Endomorph,Normal,slouch,1.0,0.0,0.0,-0.0646494877584188,54.68211218943863,0.183449444247594,1
539,17.966666666666665,Participant4_RS_FuSl,Endomorph,Normal,slouch,1.0,0.0,0.0,0.0177658928965325,57.41243916782571,0.148281305557084,1
540,18.0,Participant4_RS_FuSl,Endomorph,Normal,slouch,1.0,0.0,0.0,-0.0048810411583489,55.767982191778586,0.1746539141535305,1
541,18.03333333333333,Participant4_RS_FuSl,Endomorph,Normal,slouch,1.0,0.0,0.0,-0.0316089527985801,51.80386612520447,0.0712938068540834,1
542,18.066666666666663,Participant4_RS_FuSl,Endomorph,Normal,slouch,1.0,0.0,0.0,0.0118290748978223,52.51223755626887,0.1428532944448834,1
543,18.1,Participant4_RS_FuSl,Endomorph,Normal,slouch,1.0,0.0,0.0,-0.0109761045765185,53.72058405150617,0.115925921582335,1
544,18.133333333333333,Participant4_RS_FuSl,Endomorph,Normal,slouch,1.0,0.0,0.0,-0.0524555826024633,55.18479946561258,0.0966260036080087,1
545,18.166666666666668,Participant4_RS_FuSl,Endomorph,Normal,slouch,1.0,0.0,0.0,-0.0324504268070751,55.77598665457766,0.0970910223138449,1
546,18.2,Participant4_RS_FuSl,Endomorph,Normal,slouch,1.0,0.0,0.0,-0.0349175678081336,53.85843323105918,0.054527103773344,1
547,18.23333333333333,Participant4_RS_FuSl,Endomorph,Normal,slouch,1.0,0.0,0.0,-0.0294575487187879,55.35121539878116,0.1075260553361558,1
548,18.266666666666666,Participant4_RS_FuSl,Endomorph,Normal,slouch,1.0,0.0,0.0,-0.0190304506570914,54.416047867078525,0.0995153437740686,1
549,18.3,Participant4_RS_FuSl,Endomorph,Normal,slouch,1.0,0.0,0.0,-0.0089868966399755,54.73214726124312,0.1723691858244323,1
550,18.33333333333333,Participant4_RS_FuSl,Endomorph,Normal,slouch,1.0,0.0,0.0,-0.0380290913277576,55.09343667039354,0.1187719790537645,1
551,18.366666666666667,Participant4_RS_FuSl,Endomorph,Normal,slouch,1.0,0.0,0.0,-0.0206032089821234,54.79165195835581,0.0970186369347351,1
552,18.4,Participant4_RS_FuSl,Endomorph,Normal,slouch,1.0,0.0,0.0,-0.0129186969203398,54.95078202157987,0.0995225583686777,1
553,18.433333333333334,Participant4_RS_FuSl,Endomorph,Normal,slouch,1.0,0.0,0.0,-0.0414927085825903,54.68211820981279,0.1127066155399936,1
554,18.466666666666665,Participant4_RS_FuSl,Endomorph,Normal,slouch,1.0,0.0,0.0,-0.0032404270473749,55.375091300738255,0.1349982183577236,1
555,18.5,Participant4_RS_FuSl,Endomorph,Normal,slouch,1.0,0.0,0.0,-0.0640430321839958,55.440546552892826,0.1352313850202994,1
556,18.53333333333333,Participant4_RS_FuSl,Endomorph,Normal,slouch,1.0,0.0,0.0,-0.0222511405738089,55.61641892806873,0.1287591450328379,1
557,18.566666666666663,Participant4_RS_FuSl,Endomorph,Normal,slouch,1.0,0.0,0.0,0.0196488091020941,56.09940549785364,0.1262660850818071,1
558,18.6,Participant4_RS_FuSl,Endomorph,Normal,slouch,1.0,0.0,0.0,0.0426944927708868,56.10849883069971,0.1754180335871824,1
559,18.633333333333333,Participant4_RS_FuSl,Endomorph,Normal,slouch,1.0,0.0,0.0,0.0446417695812813,56.28503953997948,0.1294903976200469,1
560,18.666666666666668,Participant4_RS_FuSl,Endomorph,Normal,slouch,1.0,0.0,0.0,-0.0320345196150347,54.65993749353797,0.1100857780408179,1
561,18.7,Participant4_RS_FuSl,Endomorph,Normal,slouch,1.0,0.0,0.0,-0.0248193428628772,53.80444959837423,0.1524008231563811,1
562,18.73333333333333,Participant4_RS_FuSl,Endomorph,Normal,slouch,1.0,0.0,0.0,-0.0487732411471468,54.94496948459146,0.1201404064176299,1
563,18.766666666666666,Participant4_RS_FuSl,Endomorph,Normal,slouch,1.0,0.0,0.0,-0.0178666194667954,55.140709381153385,0.1141860935614239,1
564,18.8,Participant4_RS_FuSl,Endomorph,Normal,slouch,1.0,0.0,0.0,0.0117976624509991,55.70074808598159,0.0914733908942207,1
565,18.83333333333333,Participant4_RS_FuSl,Endomorph,Normal,slouch,1.0,0.0,0.0,0.003800171050394,56.02072969491667,0.0853922299473627,1
566,18.866666666666667,Participant4_RS_FuSl,Endomorph,Normal,slouch,1.0,0.0,0.0,-0.0094377559428884,55.41539755028544,0.0314988539108718,1
567,18.9,Participant4_RS_FuSl,Endomorph,Normal,slouch,1.0,0.0,0.0,-0.0336457737923274,57.297349786999696,0.0286471058604523,1
568,18.933333333333334,Participant4_RS_FuSl,Endomorph,Normal,slouch,1.0,0.0,0.0,-0.0053605458095212,54.63697575278996,0.1465913596641493,1
569,18.966666666666665,Participant4_RS_FuSl,Endomorph,Normal,slouch,1.0,0.0,0.0,-0.0347506218373923,55.46642141409016,0.1062044604032117,1
570,19.0,Participant4_RS_FuSl,Endomorph,Normal,slouch,1.0,0.0,0.0,-0.0028349062320051,56.39782409788247,0.1187479658402,1
571,19.03333333333333,Participant4_RS_FuSl,Endomorph,Normal,slouch,1.0,0.0,0.0,-0.0445146702492006,55.48266896241992,0.0968152860398664,1
572,19.066666666666663,Participant4_RS_FuSl,Endomorph,Normal,slouch,1.0,0.0,0.0,-0.0110037383749866,52.90243292007581,0.0613517941687509,1
573,19.1,Participant4_RS_FuSl,Endomorph,Normal,slouch,1.0,0.0,0.0,-0.0065578965041227,53.09591746894094,0.0616653134203802,1
574,19.133333333333333,Participant4_RS_FuSl,Endomorph,Normal,slouch,1.0,0.0,0.0,-0.0301120863262869,54.90848178192442,0.0665780616635544,1
575,19.166666666666668,Participant4_RS_FuSl,Endomorph,Normal,slouch,1.0,0.0,0.0,0.0023214014443244,57.03737538635352,0.1429095587154284,1
576,19.2,Participant4_RS_FuSl,Endomorph,Normal,slouch,1.0,0.0,0.0,0.0268330961396593,55.60880770817906,0.1219684818722019,1
577,19.23333333333333,Participant4_RS_FuSl,Endomorph,Normal,slouch,1.0,0.0,0.0,-0.02754689710971,55.25039375275588,0.0937519766434982,1
578,19.266666666666666,Participant4_RS_FuSl,Endomorph,Normal,slouch,1.0,0.0,0.0,-0.0243401073247191,56.020509415826496,0.1179843464263014,1
579,19.3,Participant4_RS_FuSl,Endomorph,Normal,slouch,1.0,0.0,0.0,-0.0476426511675706,53.41256457408763,0.0572923623125203,1
580,19.33333333333333,Participant4_RS_FuSl,Endomorph,Normal,slouch,1.0,0.0,0.0,-0.0058954314069569,55.96512023267994,0.0938915142748961,1
581,19.366666666666667,Participant4_RS_FuSl,Endomorph,Normal,slouch,1.0,0.0,0.0,-0.034657144550418,53.34750436639491,0.0915386546048233,1
582,19.4,Participant4_RS_FuSl,Endomorph,Normal,slouch,1.0,0.0,0.0,-0.0249068113143265,54.585007182439874,0.1174126639333784,1
583,19.433333333333334,Participant4_RS_FuSl,Endomorph,Normal,slouch,1.0,0.0,0.0,0.0235401339265595,56.535970618549705,0.103015612738877,1
584,19.466666666666665,Participant4_RS_FuSl,Endomorph,Normal,slouch,1.0,0.0,0.0,5.30654152169352e-05,55.654938065965375,0.1186736392323524,1
585,19.5,Participant4_RS_FuSl,Endomorph,Normal,slouch,1.0,0.0,0.0,-0.0212457046744234,56.39567156866024,0.1081640066650648,1
586,19.53333333333333,Participant4_RS_FuSl,Endomorph,Normal,slouch,1.0,0.0,0.0,0.0248836851721652,55.40415446487031,0.130482351967534,1
587,19.566666666666663,Participant4_RS_FuSl,Endomorph,Normal,slouch,1.0,0.0,0.0,0.0241049422390467,55.28921387976335,0.1272039163987014,1
588,19.6,Participant4_RS_FuSl,Endomorph,Normal,slouch,1.0,0.0,0.0,0.0066921263534831,55.52718056811078,0.0882534807235454,1
589,19.633333333333333,Participant4_RS_FuSl,Endomorph,Normal,slouch,1.0,0.0,0.0,-0.0101811188516471,55.82788872402083,0.0726531735376422,1
590,19.666666666666668,Participant4_RS_FuSl,Endomorph,Normal,slouch,1.0,0.0,0.0,-0.0239106533255034,55.84846504484533,0.0679140390573609,1
591,19.7,Participant4_RS_FuSl,Endomorph,Normal,slouch,1.0,0.0,0.0,-0.0450414693382426,54.76555835815002,0.0406061170754097,1
592,19.73333333333333,Participant4_RS_FuSl,Endomorph,Normal,slouch,1.0,0.0,0.0,0.0124483948305197,56.9088701382964,0.0914701728310235,1
593,19.766666666666666,Participant4_RS_FuSl,Endomorph,Normal,slouch,1.0,0.0,0.0,-0.0456468754670462,54.98323251106027,0.0299154696615092,1
594,19.8,Participant4_RS_FuSl,Endomorph,Normal,slouch,1.0,0.0,0.0,-0.0358283542877127,55.21654316402552,0.115712640339957,1
595,19.83333333333333,Participant4_RS_FuSl,Endomorph,Normal,slouch,1.0,0.0,0.0,-0.0241183801338522,55.17415394139034,0.095121071048418,1
596,19.866666666666667,Participant4_RS_FuSl,Endomorph,Normal,slouch,1.0,0.0,0.0,-0.0488399411636982,55.60314526063466,0.1059870242152447,1
597,19.9,Participant4_RS_FuSl,Endomorph,Normal,slouch,1.0,0.0,0.0,-0.0075073348691002,53.81635757808455,0.0685386796800848,1
598,19.933333333333334,Participant4_RS_FuSl,Endomorph,Normal,slouch,1.0,0.0,0.0,-0.0092020247135951,55.75062613447896,0.0841534816358006,1
599,19.966666666666665,Participant4_RS_FuSl,Endomorph,Normal,slouch,1.0,0.0,0.0,-0.0346980734580796,53.99358297675392,0.0531720897819361,1
600,20.0,Participant4_RS_FuSl,Endomorph,Normal,slouch,1.0,0.0,0.0,-0.0402637885141856,54.829377542879854,0.1073556030078575,1
601,20.03333333333333,Participant4_RS_FuSl,Endomorph,Normal,slouch,1.0,0.0,0.0,0.0276838635393877,55.08551320984391,0.1282329125913921,1
602,20.066666666666663,Participant4_RS_FuSl,Endomorph,Normal,slouch,1.0,0.0,0.0,-0.0183319603313895,55.80810616493348,0.111256410611009,1
603,20.1,Participant4_RS_FuSl,Endomorph,Normal,slouch,1.0,0.0,0.0,-0.0042896081047909,54.68418623046683,0.178462244257213,1
604,20.133333333333333,Participant4_RS_FuSl,Endomorph,Normal,slouch,1.0,0.0,0.0,-0.0309023602818642,56.175253633655736,0.0909367058635668,1
605,20.166666666666668,Participant4_RS_FuSl,Endomorph,Normal,slouch,1.0,0.0,0.0,-0.0232571001495519,55.54963228311312,0.0534607241426956,1
606,20.2,Participant4_RS_FuSl,Endomorph,Normal,slouch,1.0,0.0,0.0,-0.0361054069220241,55.2840914958559,0.098615786645633,1
607,20.23333333333333,Participant4_RS_FuSl,Endomorph,Normal,slouch,1.0,0.0,0.0,-0.0354101139576841,52.42893351179655,0.0839160361961684,1
608,20.266666666666666,Participant4_RS_FuSl,Endomorph,Normal,slouch,1.0,0.0,0.0,-0.0391397842548768,54.53054449926677,0.1039108459333826,1
609,20.3,Participant4_RS_FuSl,Endomorph,Normal,slouch,1.0,0.0,0.0,-0.033035400919068,53.90853761323137,0.1372219502681949,1
610,20.33333333333333,Participant4_RS_FuSl,Endomorph,Normal,slouch,1.0,0.0,0.0,-0.0401156881165259,52.10581386769129,0.0950149849098195,1
611,20.366666666666667,Participant4_RS_FuSl,Endomorph,Normal,slouch,1.0,0.0,0.0,-0.0459336032620523,51.85414079314626,0.1585372791694821,1
612,20.4,Participant4_RS_FuSl,Endomorph,Normal,slouch,1.0,0.0,0.0,-0.0024823519649806,53.29274480509466,0.1457704022813712,1
613,20.433333333333334,Participant4_RS_FuSl,Endomorph,Normal,slouch,1.0,0.0,0.0,-0.0470246065014452,53.43614244280217,0.1403438805753352,1
614,20.466666666666665,Participant4_RS_FuSl,Endomorph,Normal,slouch,1.0,0.0,0.0,-0.028446223836888,53.99223947893349,0.1436727675266479,1
615,20.5,Participant4_RS_FuSl,Endomorph,Normal,slouch,1.0,0.0,0.0,-0.0314516006717331,55.78703343492418,0.11232657602664,1
616,20.53333333333333,Participant4_RS_FuSl,Endomorph,Normal,slouch,1.0,0.0,0.0,-0.0346571275953139,52.58278338076053,0.0628704660850656,1
617,20.566666666666663,Participant4_RS_FuSl,Endomorph,Normal,slouch,1.0,0.0,0.0,-0.0182518671220179,53.8204143537355,0.0762201230195843,1
618,20.6,Participant4_RS_FuSl,Endomorph,Normal,slouch,1.0,0.0,0.0,-0.0177896465308142,54.12771462098456,0.1184273761628484,1
619,20.633333333333333,Participant4_RS_FuSl,Endomorph,Normal,slouch,1.0,0.0,0.0,-0.0228105017210091,53.47677512996166,0.1150263131680446,1
620,20.666666666666668,Participant4_RS_FuSl,Endomorph,Normal,slouch,1.0,0.0,0.0,-0.042521609547581,53.89530025001866,0.0572837157445352,1
621,20.7,Participant4_RS_FuSl,Endomorph,Normal,slouch,1.0,0.0,0.0,-0.0341922125760181,54.825692431060055,0.1118603874721847,1
622,20.73333333333333,Participant4_RS_FuSl,Endomorph,Normal,slouch,1.0,0.0,0.0,0.0043676821190677,53.1335748810734,0.1857941987337142,1
623,20.766666666666666,Participant4_RS_FuSl,Endomorph,Normal,slouch,1.0,0.0,0.0,-0.0187388942939403,56.17583533772924,0.1211614102163092,1
624,20.8,Participant4_RS_FuSl,Endomorph,Normal,slouch,1.0,0.0,0.0,-0.0197757342061207,56.04863862995739,0.1050491591745082,1
625,20.83333333333333,Participant4_RS_FuSl,Endomorph,Normal,slouch,1.0,0.0,0.0,-0.032843308356087,53.95777266976624,0.1141000308222864,1
626,20.866666666666667,Participant4_RS_FuSl,Endomorph,Normal,slouch,1.0,0.0,0.0,0.0188172152086822,53.49873176361004,0.1409079548127467,1
627,20.9,Participant4_RS_FuSl,Endomorph,Normal,slouch,1.0,0.0,0.0,-0.0492687256909262,55.37894070991999,0.0608440285097957,1
628,20.933333333333334,Participant4_RS_FuSl,Endomorph,Normal,slouch,1.0,0.0,0.0,-0.0472462435077988,52.7758783417063,0.0454018105870528,1
629,20.966666666666665,Participant4_RS_FuSl,Endomorph,Normal,slouch,1.0,0.0,0.0,0.0454280301624988,57.20221915178895,0.1407461958096988,1
630,21.0,Participant4_RS_FuSl,Endomorph,Normal,slouch,1.0,0.0,0.0,-0.061474025261716,55.7564420437966,0.0969587688181234,1
631,21.03333333333333,Participant4_RS_FuSl,Endomorph,Normal,slouch,1.0,0.0,0.0,-0.000235949976958,56.02840963158278,0.0950599760575231,1
632,21.066666666666663,Participant4_RS_FuSl,Endomorph,Normal,slouch,1.0,0.0,0.0,-0.0382911532812668,53.14106959643473,0.0364597091381056,1
633,21.1,Participant4_RS_FuSl,Endomorph,Normal,slouch,1.0,0.0,0.0,-0.0320722910402008,54.30208095221667,0.0914602180975497,1
634,21.133333333333333,Participant4_RS_FuSl,Endomorph,Normal,slouch,1.0,0.0,0.0,-0.0451382787758469,53.51558931487398,0.0688560994505424,1
635,21.166666666666668,Participant4_RS_FuSl,Endomorph,Normal,slouch,1.0,0.0,0.0,-0.0433206362578365,52.92035284971189,0.0612012217358265,1
636,21.2,Participant4_RS_FuSl,Endomorph,Normal,slouch,1.0,0.0,0.0,-0.0403780993516041,55.58627536601155,0.0949508050235636,1
637,21.23333333333333,Participant4_RS_FuSl,Endomorph,Normal,slouch,1.0,0.0,0.0,-0.0156751052827545,54.84009658821701,0.0766907493633563,1
638,21.266666666666666,Participant4_RS_FuSl,Endomorph,Normal,slouch,1.0,0.0,0.0,-0.0345226592090826,54.6962395850388,0.1076444914834126,1
639,21.3,Participant4_RS_FuSl,Endomorph,Normal,slouch,1.0,0.0,0.0,-0.0458877901334721,54.884914144963766,0.0986679768191477,1
640,21.33333333333333,Participant4_RS_FuSl,Endomorph,Normal,slouch,1.0,0.0,0.0,-0.0460882721239414,56.861404520277006,0.0869592412815711,1
641,21.366666666666667,Participant4_RS_FuSl,Endomorph,Normal,slouch,1.0,0.0,0.0,-0.0642398414596767,55.60791869185695,0.0189587500609193,1
642,21.4,Participant4_RS_FuSl,Endomorph,Normal,slouch,1.0,0.0,0.0,-0.0295265789520802,53.71019033081122,0.0364610425557933,1
643,21.433333333333334,Participant4_RS_FuSl,Endomorph,Normal,slouch,1.0,0.0,0.0,-0.0253196390492888,54.86537663883404,0.1135539499953085,1
644,21.466666666666665,Participant4_RS_FuSl,Endomorph,Normal,slouch,1.0,0.0,0.0,-0.0207861692325757,56.49611680939256,0.0933932957115293,1
645,21.5,Participant4_RS_FuSl,Endomorph,Normal,slouch,1.0,0.0,0.0,-0.0483669622969319,54.875768477406176,0.0222921124046361,1
646,21.53333333333333,Participant4_RS_FuSl,Endomorph,Normal,slouch,1.0,0.0,0.0,0.0575945212301595,54.88951753323347,0.1302349556348485,1
647,21.566666666666663,Participant4_RS_FuSl,Endomorph,Normal,slouch,1.0,0.0,0.0,0.0294564522619174,55.24381031326956,0.1305510733323664,1
648,21.6,Participant4_RS_FuSl,Endomorph,Normal,slouch,1.0,0.0,0.0,0.0223786399607734,55.98542096547464,0.1212722668552951,1
649,21.633333333333333,Participant4_RS_FuSl,Endomorph,Normal,slouch,1.0,0.0,0.0,-0.0648003394268025,52.75391764579444,0.0563551671922883,1
650,21.666666666666668,Participant4_RS_FuSl,Endomorph,Normal,slouch,1.0,0.0,0.0,-0.0304424550669449,53.20001661865259,0.0847919417648984,1
651,21.7,Participant4_RS_FuSl,Endomorph,Normal,slouch,1.0,0.0,0.0,0.0425623669295354,55.76019932342375,0.1188398950699264,1
652,21.73333333333333,Participant4_RS_FuSl,Endomorph,Normal,slouch,1.0,0.0,0.0,0.0495557135887114,54.681547538661945,0.1365904477086961,1
653,21.766666666666666,Participant4_RS_FuSl,Endomorph,Normal,slouch,1.0,0.0,0.0,0.0049415699691215,54.133043531045416,0.1419043572235442,1
654,21.8,Participant4_RS_FuSl,Endomorph,Normal,slouch,1.0,0.0,0.0,0.0275063942547708,55.393658346493474,0.1609005640225098,1
655,21.83333333333333,Participant4_RS_FuSl,Endomorph,Normal,slouch,1.0,0.0,0.0,-0.0245445191407847,55.62261688142023,0.0808765586073772,1
656,21.866666666666667,Participant4_RS_FuSl,Endomorph,Normal,slouch,1.0,0.0,0.0,-0.0038502803887431,54.18538981051479,0.1460378384561456,1
657,21.9,Participant4_RS_FuSl,Endomorph,Normal,slouch,1.0,0.0,0.0,-0.0273154738883593,54.97446788348537,0.1229426879875811,1
658,21.933333333333334,Participant4_RS_FuSl,Endomorph,Normal,slouch,1.0,0.0,0.0,-0.0584847593171208,54.73222449122876,0.1097260199854425,1
659,21.966666666666665,Participant4_RS_FuSl,Endomorph,Normal,slouch,1.0,0.0,0.0,-0.0521208427199758,55.41650707270844,0.0929322283884497,1
660,22.0,Participant4_RS_FuSl,Endomorph,Normal,slouch,1.0,0.0,0.0,-0.0406233471631698,56.26819159707574,0.1009627502570331,1
661,22.03333333333333,Participant4_RS_FuSl,Endomorph,Normal,slouch,1.0,0.0,0.0,-0.0336122036266615,53.78364554954094,0.1086437918052796,1
662,22.066666666666663,Participant4_RS_FuSl,Endomorph,Normal,slouch,1.0,0.0,0.0,-0.0391341104568947,54.10017354809221,0.046781948793734,1
663,22.1,Participant4_RS_FuSl,Endomorph,Normal,slouch,1.0,0.0,0.0,-0.0590895245096987,54.679938401287,0.1076278359016974,1
664,22.133333333333333,Participant4_RS_FuSl,Endomorph,Normal,slouch,1.0,0.0,0.0,-0.0694872435434919,53.68699861391504,0.0372125111226018,1
665,22.166666666666668,Participant4_RS_FuSl,Endomorph,Normal,slouch,1.0,0.0,0.0,-0.0693297692534958,53.54639136118104,0.0395021256907497,1
666,22.2,Participant4_RS_FuSl,Endomorph,Normal,slouch,1.0,0.0,0.0,-0.0583237140227421,54.56068257888229,0.058848067918892,1
667,22.23333333333333,Participant4_RS_FuSl,Endomorph,Normal,slouch,1.0,0.0,0.0,-0.0434122019471553,54.53720755517428,0.1027952018513318,1
668,22.266666666666666,Participant4_RS_FuSl,Endomorph,Normal,slouch,1.0,0.0,0.0,-0.0057466417553139,55.76261273719313,0.1136752328087594,1
669,22.3,Participant4_RS_FuSl,Endomorph,Normal,slouch,1.0,0.0,0.0,-0.039386841079514,55.46005311103943,0.1056293348538964,1
670,22.33333333333333,Participant4_RS_FuSl,Endomorph,Normal,slouch,1.0,0.0,0.0,-0.0274003875464737,54.304553284099526,0.1150649581861629,1
671,22.366666666666667,Participant4_RS_FuSl,Endomorph,Normal,slouch,1.0,0.0,0.0,-0.0261233168348973,53.1548831020781,0.0797157269559102,1
672,22.4,Participant4_RS_FuSl,Endomorph,Normal,slouch,1.0,0.0,0.0,-0.0235206061848769,53.25559447864358,0.0801620455980174,1
673,22.433333333333334,Participant4_RS_FuSl,Endomorph,Normal,slouch,1.0,0.0,0.0,0.0348403029476774,56.127520107697016,0.1230819904608641,1
674,22.466666666666665,Participant4_RS_FuSl,Endomorph,Normal,slouch,1.0,0.0,0.0,-0.0055353546364497,56.17815565464296,0.1505863935164278,1
675,22.5,Participant4_RS_FuSl,Endomorph,Normal,slouch,1.0,0.0,0.0,-0.0251563558190287,55.6168217382121,0.1159705912595612,1
676,22.53333333333333,Participant4_RS_FuSl,Endomorph,Normal,slouch,1.0,0.0,0.0,-0.0556988710792028,54.595301482166725,0.0330476455080274,1
677,22.566666666666663,Participant4_RS_FuSl,Endomorph,Normal,slouch,1.0,0.0,0.0,-0.0479971147699987,53.09428345947486,0.0648936127897876,1
678,22.6,Participant4_RS_FuSl,Endomorph,Normal,slouch,1.0,0.0,0.0,-0.006181593106075,56.05365564296085,0.0933407905184998,1
679,22.633333333333333,Participant4_RS_FuSl,Endomorph,Normal,slouch,1.0,0.0,0.0,-0.023191727970751,55.83208041292741,0.0844341731066574,1
680,22.666666666666668,Participant4_RS_FuSl,Endomorph,Normal,slouch,1.0,0.0,0.0,-0.0292543532564152,55.02744295687456,0.0733996058121629,1
681,22.7,Participant4_RS_FuSl,Endomorph,Normal,slouch,1.0,0.0,0.0,-0.0302141936078192,57.17040458476407,0.1420011827655045,1
682,22.73333333333333,Participant4_RS_FuSl,Endomorph,Normal,slouch,1.0,0.0,0.0,-0.0226626219301959,55.95614100701837,0.0561972406085429,1
683,22.766666666666666,Participant4_RS_FuSl,Endomorph,Normal,slouch,1.0,0.0,0.0,-0.0821852587964359,55.55029195473952,0.1026951594915858,1
684,22.8,Participant4_RS_FuSl,Endomorph,Normal,slouch,1.0,0.0,0.0,-0.0259689049544446,54.07278703612898,0.0686428302383975,1
685,22.83333333333333,Participant4_RS_FuSl,Endomorph,Normal,slouch,1.0,0.0,0.0,-0.0757400623027234,55.90349337850926,0.0932382864154704,1
686,22.866666666666667,Participant4_RS_FuSl,Endomorph,Normal,slouch,1.0,0.0,0.0,-0.0528247805015148,55.07440514923857,0.0803475034693876,1
687,22.9,Participant4_RS_FuSl,Endomorph,Normal,slouch,1.0,0.0,0.0,-0.0690310867619108,55.13098215518285,0.08085838772678,1
688,22.933333333333334,Participant4_RS_FuSl,Endomorph,Normal,slouch,1.0,0.0,0.0,-0.0637930946071889,54.88604499536204,0.0816657145996177,1
689,22.966666666666665,Participant4_RS_FuSl,Endomorph,Normal,slouch,1.0,0.0,0.0,-0.049736374253475,55.30159833772654,0.1085675565162709,1
690,23.0,Participant4_RS_FuSl,Endomorph,Normal,slouch,1.0,0.0,0.0,-0.0447144627357652,55.37803818461053,0.0922254411216099,1
691,23.03333333333333,Participant4_RS_FuSl,Endomorph,Normal,slouch,1.0,0.0,0.0,-0.0435959940547773,56.48457822468683,0.0868048875189748,1
692,23.066666666666663,Participant4_RS_FuSl,Endomorph,Normal,slouch,1.0,0.0,0.0,-0.0401640429274383,54.60044660625388,0.0914005541664682,1
693,23.1,Participant4_RS_FuSl,Endomorph,Normal,slouch,1.0,0.0,0.0,-0.0621848473930246,55.09868580127739,0.0236867511574574,1
694,23.133333333333333,Participant4_RS_FuSl,Endomorph,Normal,slouch,1.0,0.0,0.0,-0.0560241423864708,55.17293398888607,0.0254779152270234,1
695,23.166666666666668,Participant4_RS_FuSl,Endomorph,Normal,slouch,1.0,0.0,0.0,-0.0625411136273797,55.105011411201495,0.0877633472239395,1
696,23.2,Participant4_RS_FuSl,Endomorph,Normal,slouch,1.0,0.0,0.0,-0.0517917430286776,56.06752726662612,0.0850175753037501,1
697,23.23333333333333,Participant4_RS_FuSl,Endomorph,Normal,slouch,1.0,0.0,0.0,-0.0600427354347903,55.34225087607983,0.0948762475906805,1
698,23.266666666666666,Participant4_RS_FuSl,Endomorph,Normal,slouch,1.0,0.0,0.0,-0.0117353740796475,57.03163253345332,0.0797365665613008,1
699,23.3,Participant4_RS_FuSl,Endomorph,Normal,slouch,1.0,0.0,0.0,-0.0394995912778159,55.32821192155719,0.1086312571661633,1
700,23.33333333333333,Participant4_RS_FuSl,Endomorph,Normal,slouch,1.0,0.0,0.0,-0.0614434028284163,55.584238070067535,0.1137625400863343,1
701,23.366666666666667,Participant4_RS_FuSl,Endomorph,Normal,slouch,1.0,0.0,0.0,-0.0634361391287379,57.02031642234601,0.0938156428064522,1
702,23.4,Participant4_RS_FuSl,Endomorph,Normal,slouch,1.0,0.0,0.0,-0.0419324864273871,55.28169704441088,0.0406909042100282,1
703,23.433333333333334,Participant4_RS_FuSl,Endomorph,Normal,slouch,1.0,0.0,0.0,-0.0130069311438683,55.32495949022578,0.0525366621618064,1
704,23.466666666666665,Participant4_RS_FuSl,Endomorph,Normal,slouch,1.0,0.0,0.0,-0.0403146538653378,54.899099247126586,0.0992371752319471,1
705,23.5,Participant4_RS_FuSl,Endomorph,Normal,slouch,1.0,0.0,0.0,0.0063885853769342,55.886111252819454,0.0978389560053884,1
706,23.53333333333333,Participant4_RS_FuSl,Endomorph,Normal,slouch,1.0,0.0,0.0,-0.0184879630911977,55.75220222955353,0.1028388329343553,1
707,23.566666666666663,Participant4_RS_FuSl,Endomorph,Normal,slouch,1.0,0.0,0.0,-0.0373915612443782,54.772189685176784,0.0214374660128936,1
708,23.6,Participant4_RS_FuSl,Endomorph,Normal,slouch,1.0,0.0,0.0,-0.0454362882281589,52.99980146822472,0.0502733750414346,1
709,23.633333333333333,Participant4_RS_FuSl,Endomorph,Normal,slouch,1.0,0.0,0.0,-0.0189359727674326,52.457942430454736,0.0717869721754684,1
710,23.666666666666668,Participant4_RS_FuSl,Endomorph,Normal,slouch,1.0,0.0,0.0,0.0132674227838798,54.61732587049551,0.1102247441649183,1
711,23.7,Participant4_RS_FuSl,Endomorph,Normal,slouch,1.0,0.0,0.0,-0.023179400876883,55.39351721143159,0.1194045837423756,1
712,23.73333333333333,Participant4_RS_FuSl,Endomorph,Normal,slouch,1.0,0.0,0.0,-0.0795569909047674,54.32165577976493,0.1243556147372753,1
713,23.766666666666666,Participant4_RS_FuSl,Endomorph,Normal,slouch,1.0,0.0,0.0,0.0205199254871919,53.0815396140282,0.1644179288463305,1
714,23.8,Participant4_RS_FuSl,Endomorph,Normal,slouch,1.0,0.0,0.0,-0.0298472490816257,54.162998846589446,0.1676627883363135,1
715,23.83333333333333,Participant4_RS_FuSl,Endomorph,Normal,slouch,1.0,0.0,0.0,-0.0686166019556899,54.37501005092242,0.0418771831591756,1
716,23.866666666666667,Participant4_RS_FuSl,Endomorph,Normal,slouch,1.0,0.0,0.0,-0.064107987840352,53.10380871749526,0.0618341513864577,1
717,23.9,Participant4_RS_FuSl,Endomorph,Normal,slouch,1.0,0.0,0.0,-0.023575818432977,54.17369132356115,0.1250552519287893,1
718,23.933333333333334,Participant4_RS_FuSl,Endomorph,Normal,slouch,1.0,0.0,0.0,-0.0600862166995956,54.35751906763908,0.027410037530031,1
719,23.966666666666665,Participant4_RS_FuSl,Endomorph,Normal,slouch,1.0,0.0,0.0,-0.066335492205314,54.27064405718135,0.0427011880239578,1
720,24.0,Participant4_RS_FuSl,Endomorph,Normal,slouch,1.0,0.0,0.0,-0.0663804016130693,54.94614032229933,0.1151984287948115,1
721,24.03333333333333,Participant4_RS_FuSl,Endomorph,Normal,slouch,1.0,0.0,0.0,-0.0622095800400653,54.14736145997306,0.1337558452758321,1
722,24.066666666666663,Participant4_RS_FuSl,Endomorph,Normal,slouch,1.0,0.0,0.0,-0.0694997739273211,53.899569192453725,0.1508022577174209,1
723,24.1,Participant4_RS_FuSl,Endomorph,Normal,slouch,1.0,0.0,0.0,-0.0635184916866519,53.04598009265956,0.0990393488937089,1
724,24.133333333333333,Participant4_RS_FuSl,Endomorph,Normal,slouch,1.0,0.0,0.0,-0.1003744898296611,55.38632504024034,0.1256584089299345,1
725,24.166666666666668,Participant4_RS_FuSl,Endomorph,Normal,slouch,1.0,0.0,0.0,-0.0543086881783986,54.772981384062966,0.1397956523072147,1
726,24.2,Participant4_RS_FuSl,Endomorph,Normal,slouch,1.0,0.0,0.0,-0.0675232831689066,52.36748484742382,0.1171226914010217,1
727,24.23333333333333,Participant4_RS_FuSl,Endomorph,Normal,slouch,1.0,0.0,0.0,-0.0823693479566978,52.86148969910975,0.0870332746711287,1
728,24.266666666666666,Participant4_RS_FuSl,Endomorph,Normal,slouch,1.0,0.0,0.0,-0.0916159843232469,53.752342360441205,0.084553088374098,1
729,24.3,Participant4_RS_FuSl,Endomorph,Normal,slouch,1.0,0.0,0.0,-0.0896597875254878,53.908492121754165,0.0849166608298383,1
730,24.33333333333333,Participant4_RS_FuSl,Endomorph,Normal,slouch,1.0,0.0,0.0,-0.0571434879022865,51.73875446886587,0.1131188891680251,1
731,24.366666666666667,Participant4_RS_FuSl,Endomorph,Normal,slouch,1.0,0.0,0.0,-0.0669438720609367,52.27821504107598,0.1379098875455881,1
732,24.4,Participant4_RS_FuSl,Endomorph,Normal,slouch,1.0,0.0,0.0,-0.0609538780428969,53.0563243514265,0.1472985377724528,1
733,24.433333333333334,Participant4_RS_FuSl,Endomorph,Normal,slouch,1.0,0.0,0.0,-0.0385776609260755,54.32415778497304,0.1388926893644078,1
734,24.466666666666665,Participant4_RS_FuSl,Endomorph,Normal,slouch,1.0,0.0,0.0,-0.0101576362409091,54.99703005462031,0.1469608345059787,1
735,24.5,Participant4_RS_FuSl,Endomorph,Normal,slouch,1.0,0.0,0.0,-0.0138103009876669,54.29445881150693,0.1134744080355247,1
736,24.53333333333333,Participant4_RS_FuSl,Endomorph,Normal,slouch,1.0,0.0,0.0,0.0102915618508308,53.1543055852276,0.1559207919055532,1
737,24.566666666666663,Participant4_RS_FuSl,Endomorph,Normal,slouch,1.0,0.0,0.0,-0.0606310750906016,52.08941522206477,0.0795606796670586,1
738,24.6,Participant4_RS_FuSl,Endomorph,Normal,slouch,1.0,0.0,0.0,0.0354475179037511,53.08100393192522,0.1170709212213433,1
739,24.633333333333333,Participant4_RS_FuSl,Endomorph,Normal,slouch,1.0,0.0,0.0,0.0542054508275956,53.90184812724844,0.1409677167019861,1
740,24.666666666666668,Participant4_RS_FuSl,Endomorph,Normal,slouch,1.0,0.0,0.0,-0.0108051706488073,53.76113195554911,0.0935668135637321,1
741,24.7,Participant4_RS_FuSl,Endomorph,Normal,slouch,1.0,0.0,0.0,-0.0188846287397325,54.35767100299188,0.1021841791520415,1
742,24.73333333333333,Participant4_RS_FuSl,Endomorph,Normal,slouch,1.0,0.0,0.0,0.007124685087518,56.060598169854565,0.0995227661639239,1
743,24.766666666666666,Participant4_RS_FuSl,Endomorph,Normal,slouch,1.0,0.0,0.0,0.0419113171514438,56.97279184340084,0.1070642933395047,1
744,24.8,Participant4_RS_FuSl,Endomorph,Normal,slouch,1.0,0.0,0.0,-0.0086760016718757,54.11921085232614,0.1366613507905257,1
745,24.83333333333333,Participant4_RS_FuSl,Endomorph,Normal,slouch,1.0,0.0,0.0,-0.0453158281658529,53.30206885337116,0.0452144392109327,1
746,24.866666666666667,Participant4_RS_FuSl,Endomorph,Normal,slouch,1.0,0.0,0.0,-0.0166912172524996,54.5556710472803,0.1069762517259494,1
747,24.9,Participant4_RS_FuSl,Endomorph,Normal,slouch,1.0,0.0,0.0,-0.0405910338560557,54.29707368990488,0.1367202854009836,1
748,24.933333333333334,Participant4_RS_FuSl,Endomorph,Normal,slouch,1.0,0.0,0.0,-0.0582024164020922,53.63000276106096,0.0441002342387973,1
749,24.966666666666665,Participant4_RS_FuSl,Endomorph,Normal,slouch,1.0,0.0,0.0,-0.0540933362033522,54.16037749690752,0.0257370037452557,1
750,25.0,Participant4_RS_FuSl,Endomorph,Normal,slouch,1.0,0.0,0.0,-0.0558839924173552,54.77930033313479,0.1035211594396285,1
751,25.03333333333333,Participant4_RS_FuSl,Endomorph,Normal,slouch,1.0,0.0,0.0,0.0198462523918653,53.51196342713444,0.1468230259360707,1
752,25.066666666666663,Participant4_RS_FuSl,Endomorph,Normal,slouch,1.0,0.0,0.0,0.0066127191595725,53.60008284121786,0.1491106705139072,1
753,25.1,Participant4_RS_FuSl,Endomorph,Normal,slouch,1.0,0.0,0.0,-0.0556745345189055,54.186780211701645,0.1202979302500046,1
754,25.133333333333333,Participant4_RS_FuSl,Endomorph,Normal,slouch,1.0,0.0,0.0,-0.066311052969296,52.60033066511735,0.0838576147789529,1
755,25.166666666666668,Participant4_RS_FuSl,Endomorph,Normal,slouch,1.0,0.0,0.0,-0.0731869930448636,53.4254901887854,0.0827479093347412,1
756,25.2,Participant4_RS_FuSl,Endomorph,Normal,slouch,1.0,0.0,0.0,-0.0227035620219308,53.22397437706294,0.0923732213914456,1
757,25.23333333333333,Participant4_RS_FuSl,Endomorph,Normal,slouch,1.0,0.0,0.0,-0.0327019220419499,53.28865702235255,0.0879344206975672,1
758,25.266666666666666,Participant4_RS_FuSl,Endomorph,Normal,slouch,1.0,0.0,0.0,-0.0129140185471702,54.40956199917371,0.1180004872203018,1
759,25.3,Participant4_RS_FuSl,Endomorph,Normal,slouch,1.0,0.0,0.0,0.0059289872701927,54.225249522617446,0.1467116097769588,1
760,25.33333333333333,Participant4_RS_FuSl,Endomorph,Normal,slouch,1.0,0.0,0.0,-0.0478292629792057,53.131008691478485,0.1004371705415389,1
761,25.366666666666667,Participant4_RS_FuSl,Endomorph,Normal,slouch,1.0,0.0,0.0,-0.0500892668589234,53.48299310611853,0.1163449216037465,1
762,25.4,Participant4_RS_FuSl,Endomorph,Normal,slouch,1.0,0.0,0.0,-0.0460617093278257,52.34266649265432,0.0820893371231688,1
763,25.433333333333334,Participant4_RS_FuSl,Endomorph,Normal,slouch,1.0,0.0,0.0,-0.061600308462592,51.16455140272554,0.0877293948241608,1
764,25.466666666666665,Participant4_RS_FuSl,Endomorph,Normal,slouch,1.0,0.0,0.0,-0.0356620384824871,53.71376159456745,0.1164624023028209,1
765,25.5,Participant4_RS_FuSl,Endomorph,Normal,slouch,1.0,0.0,0.0,-0.0535657779833184,52.060478195055325,0.0929176203513379,1
766,25.53333333333333,Participant4_RS_FuSl,Endomorph,Normal,slouch,1.0,0.0,0.0,-0.04347209078905,53.5374172760348,0.1326260259822592,1
767,25.566666666666663,Participant4_RS_FuSl,Endomorph,Normal,slouch,1.0,0.0,0.0,-0.070204475235565,52.407402681504,0.0974354997817669,1
768,25.6,Participant4_RS_FuSl,Endomorph,Normal,slouch,1.0,0.0,0.0,-0.0203767346243465,55.23217111976855,0.1324574040953613,1
769,25.633333333333333,Participant4_RS_FuSl,Endomorph,Normal,slouch,1.0,0.0,0.0,0.0275077610542304,54.998302079660725,0.1147192695908165,1
770,25.666666666666668,Participant4_RS_FuSl,Endomorph,Normal,slouch,1.0,0.0,0.0,0.0699419313009351,55.32533903703078,0.1781995337522813,1
771,25.7,Participant4_RS_FuSl,Endomorph,Normal,slouch,1.0,0.0,0.0,0.0161191505643388,54.51614643267588,0.1529353378127325,1
772,25.73333333333333,Participant4_RS_FuSl,Endomorph,Normal,slouch,1.0,0.0,0.0,-0.0254289661397905,55.53837916296175,0.0960635565160671,1
773,25.766666666666666,Participant4_RS_FuSl,Endomorph,Normal,slouch,1.0,0.0,0.0,-0.0299482363954713,53.37739521174484,0.0728781499903524,1
774,25.8,Participant4_RS_FuSl,Endomorph,Normal,slouch,1.0,0.0,0.0,-0.0127321253217079,53.59329165454516,0.1045489112629584,1
775,25.83333333333333,Participant4_RS_FuSl,Endomorph,Normal,slouch,1.0,0.0,0.0,0.0012649759677628,53.90373781092844,0.1142485301005979,1
776,25.866666666666667,Participant4_RS_FuSl,Endomorph,Normal,slouch,1.0,0.0,0.0,-0.0115638429622114,54.97232183999314,0.0977880794209421,1
777,25.9,Participant4_RS_FuSl,Endomorph,Normal,slouch,1.0,0.0,0.0,-0.0466985529008776,53.71841278192995,0.1241560358385755,1
778,25.933333333333334,Participant4_RS_FuSl,Endomorph,Normal,slouch,1.0,0.0,0.0,-0.0443469267540577,53.25734402140962,0.1342637234440561,1
779,25.966666666666665,Participant4_RS_FuSl,Endomorph,Normal,slouch,1.0,0.0,0.0,-0.0459345080515711,52.88169586176984,0.0967002232636286,1
780,26.0,Participant4_RS_FuSl,Endomorph,Normal,slouch,1.0,0.0,0.0,-0.0370871034437303,53.9291312133627,0.1265344987122761,1
781,26.03333333333333,Participant4_RS_FuSl,Endomorph,Normal,slouch,1.0,0.0,0.0,-0.0458691122248225,52.17477723930683,0.0892212879682596,1
782,26.066666666666663,Participant4_RS_FuSl,Endomorph,Normal,slouch,1.0,0.0,0.0,0.0355226717048288,52.419765765503605,0.1605231312333388,1
783,26.1,Participant4_RS_FuSl,Endomorph,Normal,slouch,1.0,0.0,0.0,-0.0245907896916254,52.49033567825246,0.1545656665230659,1
784,26.133333333333333,Participant4_RS_FuSl,Endomorph,Normal,slouch,1.0,0.0,0.0,0.0017322459949454,53.24190178485974,0.1564081483690601,1
785,26.166666666666668,Participant4_RS_FuSl,Endomorph,Normal,slouch,1.0,0.0,0.0,0.0223398312707706,52.26637602359196,0.1689076263454952,1
786,26.2,Participant4_RS_FuSl,Endomorph,Normal,slouch,1.0,0.0,0.0,0.1011611092922635,54.19315739412404,0.1974000294965788,1
787,26.23333333333333,Participant4_RS_FuSl,Endomorph,Normal,slouch,1.0,0.0,0.0,0.0475758972138244,53.75522391603956,0.1689145429482947,1
788,26.266666666666666,Participant4_RS_FuSl,Endomorph,Normal,slouch,1.0,0.0,0.0,0.0032862989894301,54.3543827760786,0.1239222408995766,1
789,26.3,Participant4_RS_FuSl,Endomorph,Normal,slouch,1.0,0.0,0.0,-0.0238283047149803,52.9845516059963,0.1492082947455122,1
790,26.33333333333333,Participant4_RS_FuSl,Endomorph,Normal,slouch,1.0,0.0,0.0,-0.0093631540201975,53.98116306722007,0.1494480667830346,1
791,26.366666666666667,Participant4_RS_FuSl,Endomorph,Normal,slouch,1.0,0.0,0.0,-0.0070477298523514,55.32441440384322,0.1276570143275608,1
792,26.4,Participant4_RS_FuSl,Endomorph,Normal,slouch,1.0,0.0,0.0,0.0246043447025673,53.92448840975727,0.1406823136121619,1
793,26.433333333333334,Participant4_RS_FuSl,Endomorph,Normal,slouch,1.0,0.0,0.0,-0.0323446462740346,53.34516918009969,0.173573691568036,1
794,26.466666666666665,Participant4_RS_FuSl,Endomorph,Normal,slouch,1.0,0.0,0.0,-0.0193475290193852,53.87219494270009,0.1651843566720205,1
795,26.5,Participant4_RS_FuSl,Endomorph,Normal,slouch,1.0,0.0,0.0,0.0023373572699565,53.67272077581982,0.1734341663125485,1
796,26.53333333333333,Participant4_RS_FuSl,Endomorph,Normal,slouch,1.0,0.0,0.0,0.0234600469215238,54.84250243410556,0.1283607476089468,1
797,26.566666666666663,Participant4_RS_FuSl,Endomorph,Normal,slouch,1.0,0.0,0.0,0.0166458040953542,53.84535356564092,0.1896566485786625,1
798,26.6,Participant4_RS_FuSl,Endomorph,Normal,slouch,1.0,0.0,0.0,0.0002625828414663,54.30749549454676,0.131232148544994,1
799,26.633333333333333,Participant4_RS_FuSl,Endomorph,Normal,slouch,1.0,0.0,0.0,-0.0138700171835479,53.10517686150553,0.0942809948784514,1
800,26.666666666666668,Participant4_RS_FuSl,Endomorph,Normal,slouch,1.0,0.0,0.0,0.0580638837949265,53.92805450235012,0.2028330653907535,1
801,26.7,Participant4_RS_FuSl,Endomorph,Normal,slouch,1.0,0.0,0.0,0.0071853884355483,54.753201763745146,0.1287754743391736,1
802,26.73333333333333,Participant4_RS_FuSl,Endomorph,Normal,slouch,1.0,0.0,0.0,-0.0293466165794546,53.23205338259937,0.0785449838262002,1
803,26.766666666666666,Participant4_RS_FuSl,Endomorph,Normal,slouch,1.0,0.0,0.0,-0.0232990760977591,52.32325795274653,0.0880567462664574,1
804,26.8,Participant4_RS_FuSl,Endomorph,Normal,slouch,1.0,0.0,0.0,-0.0298708765404845,51.75145023513628,0.0899895387481389,1
805,26.83333333333333,Participant4_RS_FuSl,Endomorph,Normal,slouch,1.0,0.0,0.0,0.0234083918069341,55.22240248488903,0.1304398987374851,1
806,26.866666666666667,Participant4_RS_FuSl,Endomorph,Normal,slouch,1.0,0.0,0.0,0.0505725864504333,54.215651585008025,0.1552051531113072,1
807,26.9,Participant4_RS_FuSl,Endomorph,Normal,slouch,1.0,0.0,0.0,-0.007320701716778,53.91004949294889,0.1603146309895247,1
808,26.933333333333334,Participant4_RS_FuSl,Endomorph,Normal,slouch,1.0,0.0,0.0,-0.001998498752706,54.675099257473526,0.1275243928851137,1
809,26.966666666666665,Participant4_RS_FuSl,Endomorph,Normal,slouch,1.0,0.0,0.0,-0.0009564674594287,54.44386647009398,0.1634893705227371,1
810,27.0,Participant4_RS_FuSl,Endomorph,Normal,slouch,1.0,0.0,0.0,-0.0275176271628988,54.970252886323856,0.1340687519470645,1
811,27.03333333333333,Participant4_RS_FuSl,Endomorph,Normal,slouch,1.0,0.0,0.0,-0.0249491218785556,56.08690875865211,0.1098568072570788,1
812,27.066666666666663,Participant4_RS_FuSl,Endomorph,Normal,slouch,1.0,0.0,0.0,-0.0637248049418096,53.93541656312524,0.1241872197183526,1
813,27.1,Participant4_RS_FuSl,Endomorph,Normal,slouch,1.0,0.0,0.0,-0.0310960060757807,53.081788872172346,0.1100325581259197,1
814,27.133333333333333,Participant4_RS_FuSl,Endomorph,Normal,slouch,1.0,0.0,0.0,-0.0326488521674355,55.06483528137344,0.1337691663879676,1
815,27.166666666666668,Participant4_RS_FuSl,Endomorph,Normal,slouch,1.0,0.0,0.0,0.0247150290808356,52.32372841507029,0.1541054983320015,1
816,27.2,Participant4_RS_FuSl,Endomorph,Normal,slouch,1.0,0.0,0.0,-0.0155114850523966,55.05960432583725,0.1109055280744527,1
817,27.23333333333333,Participant4_RS_FuSl,Endomorph,Normal,slouch,1.0,0.0,0.0,-0.0307484656016714,54.75450500050746,0.081981853294312,1
818,27.266666666666666,Participant4_RS_FuSl,Endomorph,Normal,slouch,1.0,0.0,0.0,-0.0341453277637673,54.800429087896006,0.1108407744287076,1
819,27.3,Participant4_RS_FuSl,Endomorph,Normal,slouch,1.0,0.0,0.0,0.0367746356274301,54.681252797290256,0.1247806892885184,1
820,27.33333333333333,Participant4_RS_FuSl,Endomorph,Normal,slouch,1.0,0.0,0.0,0.0277408911922788,54.53520728967765,0.1005677987157985,1
821,27.366666666666667,Participant4_RS_FuSl,Endomorph,Normal,slouch,1.0,0.0,0.0,0.0175556889928365,53.6522695612293,0.1395916836031351,1
822,27.4,Participant4_RS_FuSl,Endomorph,Normal,slouch,1.0,0.0,0.0,0.0092040729068995,55.46677067501133,0.1681630570395861,1
823,27.433333333333334,Participant4_RS_FuSl,Endomorph,Normal,slouch,1.0,0.0,0.0,-0.0263289157537725,54.56838814428413,0.1179751480838725,1
824,27.466666666666665,Participant4_RS_FuSl,Endomorph,Normal,slouch,1.0,0.0,0.0,0.0024152456099895,54.53875207086445,0.1312947999926289,1
825,27.5,Participant4_RS_FuSl,Endomorph,Normal,slouch,1.0,0.0,0.0,0.0222605351392574,53.15927393928449,0.1589284626305647,1
826,27.53333333333333,Participant4_RS_FuSl,Endomorph,Normal,slouch,1.0,0.0,0.0,0.0407036038800048,54.05985207865271,0.1824227422309612,1
827,27.566666666666663,Participant4_RS_FuSl,Endomorph,Normal,slouch,1.0,0.0,0.0,0.0705961269131819,54.66616584199952,0.1817395966386055,1
828,27.6,Participant4_RS_FuSl,Endomorph,Normal,slouch,1.0,0.0,0.0,-0.0184945780998134,55.68961046397385,0.1316269826356124,1
829,27.633333333333333,Participant4_RS_FuSl,Endomorph,Normal,slouch,1.0,0.0,0.0,0.0246252215586712,54.046034235772,0.1515266595564175,1
830,27.666666666666668,Participant4_RS_FuSl,Endomorph,Normal,slouch,1.0,0.0,0.0,0.0462922611347605,54.821371551966216,0.1344120842016267,1
831,27.7,Participant4_RS_FuSl,Endomorph,Normal,slouch,1.0,0.0,0.0,0.0307602459760582,54.40956804702177,0.1830258845546599,1
832,27.73333333333333,Participant4_RS_FuSl,Endomorph,Normal,slouch,1.0,0.0,0.0,0.0304253131630288,54.365717503841,0.1733696165838895,1
833,27.766666666666666,Participant4_RS_FuSl,Endomorph,Normal,slouch,1.0,0.0,0.0,0.0212213559118485,54.88681474132718,0.1273906051880012,1
834,27.8,Participant4_RS_FuSl,Endomorph,Normal,slouch,1.0,0.0,0.0,-0.0408124231041954,53.2446283417028,0.1092917041803198,1
835,27.83333333333333,Participant4_RS_FuSl,Endomorph,Normal,slouch,1.0,0.0,0.0,-0.0182549841324456,53.25231606551489,0.1278680890852428,1
836,27.866666666666667,Participant4_RS_FuSl,Endomorph,Normal,slouch,1.0,0.0,0.0,0.0243210433631025,54.27335680735455,0.1269254655275651,1
837,27.9,Participant4_RS_FuSl,Endomorph,Normal,slouch,1.0,0.0,0.0,0.0011608731784215,54.60277350892903,0.1330273775321741,1
838,27.933333333333334,Participant4_RS_FuSl,Endomorph,Normal,slouch,1.0,0.0,0.0,0.0137909608979803,55.32621093581267,0.1166938433745474,1
839,27.966666666666665,Participant4_RS_FuSl,Endomorph,Normal,slouch,1.0,0.0,0.0,-0.0270202545844699,53.86495994517884,0.0670306529456904,1
840,28.0,Participant4_RS_FuSl,Endomorph,Normal,slouch,1.0,0.0,0.0,-0.0577537175954897,52.52354818059361,0.0866411271240149,1
841,28.03333333333333,Participant4_RS_FuSl,Endomorph,Normal,slouch,1.0,0.0,0.0,-0.0503921572186767,52.89371483204229,0.1017768273989229,1
842,28.066666666666663,Participant4_RS_FuSl,Endomorph,Normal,slouch,1.0,0.0,0.0,0.0079150970028796,52.96503643901771,0.1531515900452833,1
843,28.1,Participant4_RS_FuSl,Endomorph,Normal,slouch,1.0,0.0,0.0,-0.059592364829219,53.18451339960823,0.1057229968529524,1
844,28.133333333333333,Participant4_RS_FuSl,Endomorph,Normal,slouch,1.0,0.0,0.0,-0.0318421238655556,52.91269016224774,0.0784034287755501,1
845,28.166666666666668,Participant4_RS_FuSl,Endomorph,Normal,slouch,1.0,0.0,0.0,-0.0605178693566743,51.95333171803976,0.0868522681171766,1
846,28.2,Participant4_RS_FuSl,Endomorph,Normal,slouch,1.0,0.0,0.0,-0.0568733064373361,52.90824105707912,0.0976488080762926,1
847,28.23333333333333,Participant4_RS_FuSl,Endomorph,Normal,slouch,1.0,0.0,0.0,-0.0328333839093837,52.516189979104205,0.0836960445979235,1
848,28.266666666666666,Participant4_RS_FuSl,Endomorph,Normal,slouch,1.0,0.0,0.0,-0.0508606149738333,52.8248475674025,0.068560588973873,1
849,28.3,Participant4_RS_FuSl,Endomorph,Normal,slouch,1.0,0.0,0.0,-0.0121686801223629,52.70840870639385,0.0864508363576402,1
850,28.33333333333333,Participant4_RS_FuSl,Endomorph,Normal,slouch,1.0,0.0,0.0,-0.0129969137199867,53.72194114205656,0.1249672932158705,1
851,28.366666666666667,Participant4_RS_FuSl,Endomorph,Normal,slouch,1.0,0.0,0.0,0.0013703348665618,54.56106590464248,0.1219666363684932,1
852,28.4,Participant4_RS_FuSl,Endomorph,Normal,slouch,1.0,0.0,0.0,-0.0155830588495314,55.28140550237342,0.1149288821040423,1
853,28.433333333333334,Participant4_RS_FuSl,Endomorph,Normal,slouch,1.0,0.0,0.0,-0.0112086768377189,53.11804963971818,0.1259659076936623,1
854,28.466666666666665,Participant4_RS_FuSl,Endomorph,Normal,slouch,1.0,0.0,0.0,-0.0071717993084878,54.50308339550625,0.1307365930512011,1
855,28.5,Participant4_RS_FuSl,Endomorph,Normal,slouch,1.0,0.0,0.0,0.0044815006004947,54.780818067596186,0.1117345967889735,1
856,28.53333333333333,Participant4_RS_FuSl,Endomorph,Normal,slouch,1.0,0.0,0.0,0.007304201228438,55.35719004024341,0.1822489760783109,1
857,28.566666666666663,Participant4_RS_FuSl,Endomorph,Normal,slouch,1.0,0.0,0.0,-0.0295068400416719,54.05271744918624,0.1439000370631108,1
858,28.6,Participant4_RS_FuSl,Endomorph,Normal,slouch,1.0,0.0,0.0,-0.0532132594146767,55.61822434775447,0.1811187044127367,1
859,28.633333333333333,Participant4_RS_FuSl,Endomorph,Normal,slouch,1.0,0.0,0.0,-0.0443973877714087,53.86123073061548,0.1377074472453604,1
860,28.666666666666668,Participant4_RS_FuSl,Endomorph,Normal,slouch,1.0,0.0,0.0,-0.0310355549040383,54.25474515908637,0.1426623903318295,1
861,28.7,Participant4_RS_FuSl,Endomorph,Normal,slouch,1.0,0.0,0.0,0.0253397736373142,55.29506931176985,0.2104014006854837,1
862,28.73333333333333,Participant4_RS_FuSl,Endomorph,Normal,slouch,1.0,0.0,0.0,-0.0258174477349621,53.9710989879164,0.1356907977880985,1
863,28.766666666666666,Participant4_RS_FuSl,Endomorph,Normal,slouch,1.0,0.0,0.0,-0.0278612238435675,54.20845608137758,0.1239960282015383,1
864,28.8,Participant4_RS_FuSl,Endomorph,Normal,slouch,1.0,0.0,0.0,-0.0259057992615142,54.34633053544818,0.1198694774916261,1
865,28.83333333333333,Participant4_RS_FuSl,Endomorph,Normal,slouch,1.0,0.0,0.0,0.0151265208077615,54.21135796567413,0.1322329722131578,1
866,28.866666666666667,Participant4_RS_FuSl,Endomorph,Normal,slouch,1.0,0.0,0.0,0.0093293335356794,54.11226379386521,0.1303691851265707,1
867,28.9,Participant4_RS_FuSl,Endomorph,Normal,slouch,1.0,0.0,0.0,-0.0571635631798299,54.28920884048095,0.0341902303149145,1
868,28.933333333333334,Participant4_RS_FuSl,Endomorph,Normal,slouch,1.0,0.0,0.0,0.0197445378758845,55.89595036471407,0.1121739490879537,1
869,28.966666666666665,Participant4_RS_FuSl,Endomorph,Normal,slouch,1.0,0.0,0.0,0.0219762105654282,57.87794972187248,0.0995040378749016,1
870,29.0,Participant4_RS_FuSl,Endomorph,Normal,slouch,1.0,0.0,0.0,0.0264820922415615,56.83900116469548,0.1098971776266268,1
871,29.03333333333333,Participant4_RS_FuSl,Endomorph,Normal,slouch,1.0,0.0,0.0,0.059304446484498,56.67844275027096,0.1745470845984703,1
872,29.066666666666663,Participant4_RS_FuSl,Endomorph,Normal,slouch,1.0,0.0,0.0,0.0921268007274345,54.72044513037849,0.148293282908195,1
873,29.1,Participant4_RS_FuSl,Endomorph,Normal,slouch,1.0,0.0,0.0,0.076920784237887,55.46696327737367,0.185788764105082,1
874,29.133333333333333,Participant4_RS_FuSl,Endomorph,Normal,slouch,1.0,0.0,0.0,0.0527959906515453,55.46420616686275,0.1628277816743852,1
875,29.166666666666668,Participant4_RS_FuSl,Endomorph,Normal,slouch,1.0,0.0,0.0,0.0588774064008365,56.70282716819645,0.1140434807696336,1
876,29.2,Participant4_RS_FuSl,Endomorph,Normal,slouch,1.0,0.0,0.0,0.0342366858351451,55.185565404392015,0.1324875157276394,1
877,29.23333333333333,Participant4_RS_FuSl,Endomorph,Normal,slouch,1.0,0.0,0.0,0.0342360731223121,56.35079050184133,0.1049486515707305,1
878,29.266666666666666,Participant4_RS_FuSl,Endomorph,Normal,slouch,1.0,0.0,0.0,0.0700745768882517,56.41949565587359,0.1006522164984918,1
879,29.3,Participant4_RS_FuSl,Endomorph,Normal,slouch,1.0,0.0,0.0,0.0746147926943858,54.93840092896129,0.1432434764521044,1
880,29.33333333333333,Participant4_RS_FuSl,Endomorph,Normal,slouch,1.0,0.0,0.0,0.0148565766468484,55.76765183686706,0.1048034148852599,1
881,29.366666666666667,Participant4_RS_FuSl,Endomorph,Normal,slouch,1.0,0.0,0.0,0.0416055701225411,56.14010406947372,0.1068686299451256,1
882,29.4,Participant4_RS_FuSl,Endomorph,Normal,slouch,1.0,0.0,0.0,0.0360981545635094,56.500702188573314,0.1046362124964671,1
883,29.433333333333334,Participant4_RS_FuSl,Endomorph,Normal,slouch,1.0,0.0,0.0,-0.0018843202212859,56.34901301628985,0.0633055061398291,1
884,29.466666666666665,Participant4_RS_FuSl,Endomorph,Normal,slouch,1.0,0.0,0.0,0.1005691897518593,54.55460414522763,0.1491242683557777,1
885,29.5,Participant4_RS_FuSl,Endomorph,Normal,slouch,1.0,0.0,0.0,0.0081701291928216,56.67950542487625,0.0748751131451116,1
886,29.53333333333333,Participant4_RS_FuSl,Endomorph,Normal,slouch,1.0,0.0,0.0,-0.0189130779912062,55.09883475497358,0.0391002706831341,1
887,29.566666666666663,Participant4_RS_FuSl,Endomorph,Normal,slouch,1.0,0.0,0.0,0.0201498890236412,56.54846345430583,0.0820241429700474,1
888,29.6,Participant4_RS_FuSl,Endomorph,Normal,slouch,1.0,0.0,0.0,-0.0234096916841201,56.408506773950926,0.0803329413466852,1
889,29.633333333333333,Participant4_RS_FuSl,Endomorph,Normal,slouch,1.0,0.0,0.0,0.0558316341466224,56.456051874778304,0.1097450448474316,1
890,29.666666666666668,Participant4_RS_FuSl,Endomorph,Normal,slouch,1.0,0.0,0.0,0.0986466904790409,54.36497435058367,0.1613133366838882,1
891,29.7,Participant4_RS_FuSl,Endomorph,Normal,slouch,1.0,0.0,0.0,0.0603293835366205,55.15032559095049,0.1315847539101645,1
892,29.73333333333333,Participant4_RS_FuSl,Endomorph,Normal,slouch,1.0,0.0,0.0,0.0683890246478051,54.97547791833144,0.1395571185342815,1
893,29.766666666666666,Participant4_RS_FuSl,Endomorph,Normal,slouch,1.0,0.0,0.0,0.0559319228177223,56.6032687043563,0.1165303827011328,1
894,29.8,Participant4_RS_FuSl,Endomorph,Normal,slouch,1.0,0.0,0.0,0.0065861281536417,56.31735568276237,0.0759764166899958,1
895,29.83333333333333,Participant4_RS_FuSl,Endomorph,Normal,slouch,1.0,0.0,0.0,0.02780753735426,56.71177804827718,0.0823548868784325,1
896,29.866666666666667,Participant4_RS_FuSl,Endomorph,Normal,slouch,1.0,0.0,0.0,0.0408216559256813,56.30440407336916,0.1155557770015374,1
897,29.9,Participant4_RS_FuSl,Endomorph,Normal,slouch,1.0,0.0,0.0,0.0203614136106038,55.13256280931552,0.124865590548613,1
898,29.933333333333334,Participant4_RS_FuSl,Endomorph,Normal,slouch,1.0,0.0,0.0,-0.0152472438985281,56.73373549667756,0.0834919401139882,1
899,29.966666666666665,Participant4_RS_FuSl,Endomorph,Normal,slouch,1.0,0.0,0.0,0.0365933372441616,55.826696739173286,0.1101687418087873,1
900,30.0,Participant4_RS_FuSl,Endomorph,Normal,slouch,1.0,0.0,0.0,0.0214394963926441,56.74747118935407,0.081581403784344,1
901,30.03333333333333,Participant4_RS_FuSl,Endomorph,Normal,slouch,1.0,0.0,0.0,0.089121593701593,54.85819869735542,0.1751352644285967,1
902,30.066666666666663,Participant4_RS_FuSl,Endomorph,Normal,slouch,1.0,0.0,0.0,0.048407542462065,55.13007721668289,0.1113876486753547,1
903,30.1,Participant4_RS_FuSl,Endomorph,Normal,slouch,1.0,0.0,0.0,0.0102614564868043,57.23149427993207,0.0902013788546728,1
904,30.133333333333333,Participant4_RS_FuSl,Endomorph,Normal,slouch,1.0,0.0,0.0,0.0682000751523318,56.78799407081412,0.1048389963204118,1
905,30.166666666666668,Participant4_RS_FuSl,Endomorph,Normal,slouch,1.0,0.0,0.0,0.0900387637471958,55.90409773166349,0.1072378018958195,1
906,30.2,Participant4_RS_FuSl,Endomorph,Normal,slouch,1.0,0.0,0.0,0.1048912581400567,55.9776375984541,0.1560914055297605,1
907,30.23333333333333,Participant4_RS_FuSl,Endomorph,Normal,slouch,1.0,0.0,0.0,0.0249811362470326,57.13951363536602,0.1022402634853669,1
908,30.266666666666666,Participant4_RS_FuSl,Endomorph,Normal,slouch,1.0,0.0,0.0,0.0206329055147853,56.41456252642211,0.1025887793552977,1
909,30.3,Participant4_RS_FuSl,Endomorph,Normal,slouch,1.0,0.0,0.0,-0.0108552568688991,56.32287701898328,0.0863719850059199,1
910,30.33333333333333,Participant4_RS_FuSl,Endomorph,Normal,slouch,1.0,0.0,0.0,0.0062705372508418,56.16918490179357,0.0883955237303949,1
911,30.366666666666667,Participant4_RS_FuSl,Endomorph,Normal,slouch,1.0,0.0,0.0,-0.0198953596231201,56.19815797452985,0.1112970007134602,1
912,30.4,Participant4_RS_FuSl,Endomorph,Normal,slouch,1.0,0.0,0.0,-0.0166562106797876,56.82887256191621,0.0893112640677587,1
913,30.433333333333334,Participant4_RS_FuSl,Endomorph,Normal,slouch,1.0,0.0,0.0,-0.0436083165613953,53.74736383909924,0.0684625414631746,1
914,30.466666666666665,Participant4_RS_FuSl,Endomorph,Normal,slouch,1.0,0.0,0.0,-0.0159729501963855,54.62777767986608,0.1264783351927514,1
915,30.5,Participant4_RS_FuSl,Endomorph,Normal,slouch,1.0,0.0,0.0,-0.0377080094132677,55.56781489532494,0.0617913293261595,1
916,30.53333333333333,Participant4_RS_FuSl,Endomorph,Normal,slouch,1.0,0.0,0.0,-0.0627562730520825,54.82658107965826,0.0362757296012534,1
917,30.566666666666663,Participant4_RS_FuSl,Endomorph,Normal,slouch,1.0,0.0,0.0,-0.0050516979971222,56.68055549951529,0.1009533505871805,1
918,30.6,Participant4_RS_FuSl,Endomorph,Normal,slouch,1.0,0.0,0.0,0.0434512170369814,55.156423401952,0.1445258399093522,1
919,30.633333333333333,Participant4_RS_FuSl,Endomorph,Normal,slouch,1.0,0.0,0.0,-0.0343624031826289,55.02822825012039,0.0650409953384573,1
920,30.666666666666668,Participant4_RS_FuSl,Endomorph,Normal,slouch,1.0,0.0,0.0,-0.0356850019711703,55.03222626528152,0.0921082361605598,1
921,30.7,Participant4_RS_FuSl,Endomorph,Normal,slouch,1.0,0.0,0.0,-0.0455520169277774,54.326354095881726,0.0517632057250825,1
922,30.73333333333333,Participant4_RS_FuSl,Endomorph,Normal,slouch,1.0,0.0,0.0,-0.0059031913760091,56.23858073295442,0.0807481170424005,1
923,30.766666666666666,Participant4_RS_FuSl,Endomorph,Normal,slouch,1.0,0.0,0.0,-0.0190634010255821,56.38294073734632,0.0964532550273237,1
924,30.8,Participant4_RS_FuSl,Endomorph,Normal,slouch,1.0,0.0,0.0,0.0157983973237503,56.60812306839384,0.0982378753844315,1
925,30.83333333333333,Participant4_RS_FuSl,Endomorph,Normal,slouch,1.0,0.0,0.0,-0.0105904643773476,56.67023329752627,0.1076083799898052,1
926,30.866666666666667,Participant4_RS_FuSl,Endomorph,Normal,slouch,1.0,0.0,0.0,-0.0126830742175865,55.01660526037789,0.1125092680276188,1
927,30.9,Participant4_RS_FuSl,Endomorph,Normal,slouch,1.0,0.0,0.0,0.0332629154236711,56.123755183977735,0.1113755114736156,1
928,30.933333333333334,Participant4_RS_FuSl,Endomorph,Normal,slouch,1.0,0.0,0.0,-0.056326130078208,55.2686739895428,0.0835343824697,1
929,30.966666666666665,Participant4_RS_FuSl,Endomorph,Normal,slouch,1.0,0.0,0.0,-0.0375889021755745,56.71157397979482,0.0735866130702854,1
930,31.0,Participant4_RS_FuSl,Endomorph,Normal,slouch,1.0,0.0,0.0,0.0323110119885154,55.28196376005665,0.1450966380059269,1
931,31.03333333333333,Participant4_RS_FuSl,Endomorph,Normal,slouch,1.0,0.0,0.0,0.0099502020470873,55.64540262579079,0.1044054875189437,1
932,31.066666666666663,Participant4_RS_FuSl,Endomorph,Normal,slouch,1.0,0.0,0.0,0.0462267036560084,53.43695660255021,0.1440518314422001,1
933,31.1,Participant4_RS_FuSl,Endomorph,Normal,slouch,1.0,0.0,0.0,0.0233410071832069,55.95877049626477,0.1008976773349645,1
934,31.133333333333333,Participant4_RS_FuSl,Endomorph,Normal,slouch,1.0,0.0,0.0,0.0163899846926256,54.69956219760095,0.1467259229400113,1
935,31.166666666666668,Participant4_RS_FuSl,Endomorph,Normal,slouch,1.0,0.0,0.0,0.1105902745560291,56.152971929364405,0.112058037303163,1
936,31.2,Participant4_RS_FuSl,Endomorph,Normal,slouch,1.0,0.0,0.0,0.025113161500062,54.41181495217434,0.0573279774127364,1
937,31.23333333333333,Participant4_RS_FuSl,Endomorph,Normal,slouch,1.0,0.0,0.0,0.0036313981028545,55.74577504307795,0.0920416599857195,1
938,31.266666666666666,Participant4_RS_FuSl,Endomorph,Normal,slouch,1.0,0.0,0.0,0.0933436507099587,56.761989974449264,0.1784750567543027,1
939,31.3,Participant4_RS_FuSl,Endomorph,Normal,slouch,1.0,0.0,0.0,0.1086404559038454,55.81029382007516,0.193117566151356,1
940,31.33333333333333,Participant4_RS_FuSl,Endomorph,Normal,slouch,1.0,0.0,0.0,-0.06822214345587,55.1751670574448,0.0200061977617394,1
941,31.366666666666667,Participant4_RS_FuSl,Endomorph,Normal,slouch,1.0,0.0,0.0,-0.0579521285593082,53.34460119812699,0.0273620659958808,1
942,31.4,Participant4_RS_FuSl,Endomorph,Normal,slouch,1.0,0.0,0.0,0.009083078498145,53.79785160378902,0.1256582111061663,1
943,31.433333333333334,Participant4_RS_FuSl,Endomorph,Normal,slouch,1.0,0.0,0.0,-0.0448525744285716,54.58198037373894,0.1099458213799794,1
944,31.466666666666665,Participant4_RS_FuSl,Endomorph,Normal,slouch,1.0,0.0,0.0,-0.0131103215400483,54.85077720754794,0.1131459892997477,1
945,31.5,Participant4_RS_FuSl,Endomorph,Normal,slouch,1.0,0.0,0.0,-0.0706918545728493,53.42936846145917,0.1075524802352869,1
946,31.53333333333333,Participant4_RS_FuSl,Endomorph,Normal,slouch,1.0,0.0,0.0,-0.0563984176239663,53.86660015924564,0.0931142372684168,1
947,31.566666666666663,Participant4_RS_FuSl,Endomorph,Normal,slouch,1.0,0.0,0.0,0.0021231092757437,53.33718076082158,0.1404307960086593,1
948,31.6,Participant4_RS_FuSl,Endomorph,Normal,slouch,1.0,0.0,0.0,-0.008492634718573,53.672881201844056,0.1236990430841036,1
949,31.633333333333333,Participant4_RS_FuSl,Endomorph,Normal,slouch,1.0,0.0,0.0,0.04737027340624,56.82966353835676,0.1751800645297692,1
950,31.666666666666668,Participant4_RS_FuSl,Endomorph,Normal,slouch,1.0,0.0,0.0,0.1032331815310531,54.19275429850666,0.1484958718680948,1
951,31.7,Participant4_RS_FuSl,Endomorph,Normal,slouch,1.0,0.0,0.0,-0.0265752617486651,55.12297372296928,0.0968441475114038,1
952,31.73333333333333,Participant4_RS_FuSl,Endomorph,Normal,slouch,1.0,0.0,0.0,0.008421189615747,55.63915489578418,0.1069312699134138,1
953,31.766666666666666,Participant4_RS_FuSl,Endomorph,Normal,slouch,1.0,0.0,0.0,0.0493032129078344,54.03158154505106,0.1448818916499278,1
954,31.8,Participant4_RS_FuSl,Endomorph,Normal,slouch,1.0,0.0,0.0,0.0343625827375362,55.95999281067289,0.0981319550699279,1
955,31.83333333333333,Participant4_RS_FuSl,Endomorph,Normal,slouch,1.0,0.0,0.0,0.0400234762840174,54.73681797604997,0.1469665526546001,1
956,31.866666666666667,Participant4_RS_FuSl,Endomorph,Normal,slouch,1.0,0.0,0.0,0.0311526218847692,54.29631762474749,0.1474952168035162,1
957,31.9,Participant4_RS_FuSl,Endomorph,Normal,slouch,1.0,0.0,0.0,-0.058619563405826,53.987661991920206,0.104997530016346,1
958,31.933333333333334,Participant4_RS_FuSl,Endomorph,Normal,slouch,1.0,0.0,0.0,-0.0024478914888831,54.98682003452471,0.1158535578748337,1
959,31.966666666666665,Participant4_RS_FuSl,Endomorph,Normal,slouch,1.0,0.0,0.0,-0.0202863753446944,54.78913093124009,0.1179068962249284,1
960,32.0,Participant4_RS_FuSl,Endomorph,Normal,slouch,1.0,0.0,0.0,-0.0036427365655372,55.55095737692254,0.1281255656515687,1
961,32.03333333333333,Participant4_RS_FuSl,Endomorph,Normal,slouch,1.0,0.0,0.0,-0.0118161475384888,52.72953925223285,0.128257965757098,1
962,32.06666666666667,Participant4_RS_FuSl,Endomorph,Normal,slouch,1.0,0.0,0.0,-0.0240467711252234,56.75572150786407,0.1006763438967435,1
963,32.1,Participant4_RS_FuSl,Endomorph,Normal,slouch,1.0,0.0,0.0,0.0855688205661343,55.77148585536489,0.1346473839048989,1
964,32.13333333333333,Participant4_RS_FuSl,Endomorph,Normal,slouch,1.0,0.0,0.0,0.0793710961063502,55.58313057022695,0.1406722306355416,1
965,32.166666666666664,Participant4_RS_FuSl,Endomorph,Normal,slouch,1.0,0.0,0.0,-0.019069887263587,56.37541727391046,0.073721780367328,1
966,32.2,Participant4_RS_FuSl,Endomorph,Normal,slouch,1.0,0.0,0.0,-0.0341391802120041,55.55803408164716,0.1241755924169588,1
967,32.233333333333334,Participant4_RS_FuSl,Endomorph,Normal,slouch,1.0,0.0,0.0,0.0076764579042525,56.28050126393501,0.095414624407221,1
968,32.266666666666666,Participant4_RS_FuSl,Endomorph,Normal,slouch,1.0,0.0,0.0,0.0051538928794198,57.3404334138055,0.1672579298117178,1
969,32.3,Participant4_RS_FuSl,Endomorph,Normal,slouch,1.0,0.0,0.0,-0.0515146393760359,56.34379446108285,0.1128768546533807,1
970,32.333333333333336,Participant4_RS_FuSl,Endomorph,Normal,slouch,1.0,0.0,0.0,0.0045086182756633,57.53499633912213,0.0855880340413066,1
971,32.36666666666667,Participant4_RS_FuSl,Endomorph,Normal,slouch,1.0,0.0,0.0,-0.027002329967715,56.95880867943516,0.103276832186836,1
972,32.4,Participant4_RS_FuSl,Endomorph,Normal,slouch,1.0,0.0,0.0,-0.017022220366851,57.18924320654042,0.1171033236696915,1
973,32.43333333333333,Participant4_RS_FuSl,Endomorph,Normal,slouch,1.0,0.0,0.0,-0.0026487074235304,54.44140822349227,0.1304840003758272,1
974,32.46666666666667,Participant4_RS_FuSl,Endomorph,Normal,slouch,1.0,0.0,0.0,-0.0250847145058472,56.2379384660228,0.1036126408774903,1
975,32.5,Participant4_RS_FuSl,Endomorph,Normal,slouch,1.0,0.0,0.0,0.0345623246721294,55.43096542008061,0.1299125098357117,1
976,32.53333333333333,Participant4_RS_FuSl,Endomorph,Normal,slouch,1.0,0.0,0.0,0.0232281792085695,56.42438148515847,0.1296958674184152,1
977,32.56666666666667,Participant4_RS_FuSl,Endomorph,Normal,slouch,1.0,0.0,0.0,0.0143963944587614,55.80619485380764,0.1384895222949849,1
978,32.6,Participant4_RS_FuSl,Endomorph,Normal,slouch,1.0,0.0,0.0,0.0024259149926915,56.52827595314179,0.1072487867785112,1
979,32.63333333333333,Participant4_RS_FuSl,Endomorph,Normal,slouch,1.0,0.0,0.0,0.0017122028176145,55.94843191427984,0.1108981376643818,1
980,32.666666666666664,Participant4_RS_FuSl,Endomorph,Normal,slouch,1.0,0.0,0.0,0.0031263498847448,54.8516136038063,0.106323891610883,1
981,32.7,Participant4_RS_FuSl,Endomorph,Normal,slouch,1.0,0.0,0.0,-0.0137848846968021,55.643752895690994,0.1203639409349967,1
982,32.733333333333334,Participant4_RS_FuSl,Endomorph,Normal,slouch,1.0,0.0,0.0,0.0134728501267034,56.71427878960738,0.120958271966273,1
983,32.766666666666666,Participant4_RS_FuSl,Endomorph,Normal,slouch,1.0,0.0,0.0,-0.0247995314887861,55.21783052336284,0.0930546872408084,1
984,32.8,Participant4_RS_FuSl,Endomorph,Normal,slouch,1.0,0.0,0.0,-0.0580604237626365,55.39777374976946,0.0758087652991363,1
985,32.833333333333336,Participant4_RS_FuSl,Endomorph,Normal,slouch,1.0,0.0,0.0,-0.0566029053811593,55.0497654668584,0.076249667998375,1
986,32.86666666666667,Participant4_RS_FuSl,Endomorph,Normal,slouch,1.0,0.0,0.0,-0.0714383305327692,54.81372614731221,0.0767887998455432,1
987,32.9,Participant4_RS_FuSl,Endomorph,Normal,slouch,1.0,0.0,0.0,-0.0381778106525542,55.63201572064681,0.0765909315886569,1
988,32.93333333333333,Participant4_RS_FuSl,Endomorph,Normal,slouch,1.0,0.0,0.0,-0.0556659803771267,54.27495443961817,0.0335874767284987,1
989,32.96666666666667,Participant4_RS_FuSl,Endomorph,Normal,slouch,1.0,0.0,0.0,0.0014546891829552,54.612130463438746,0.1132583473218743,1
990,33.0,Participant4_RS_FuSl,Endomorph,Normal,slouch,1.0,0.0,0.0,-0.0152689236522861,56.69860670386152,0.0917246069813441,1
991,33.03333333333333,Participant4_RS_FuSl,Endomorph,Normal,slouch,1.0,0.0,0.0,-0.0161683197631602,54.16149408534025,0.10415452377171,1
992,33.06666666666667,Participant4_RS_FuSl,Endomorph,Normal,slouch,1.0,0.0,0.0,0.0033640664226244,54.25547417360114,0.1450653470319576,1
993,33.1,Participant4_RS_FuSl,Endomorph,Normal,slouch,1.0,0.0,0.0,-0.0223324462625804,54.5851384559989,0.0575287932786096,1
994,33.13333333333333,Participant4_RS_FuSl,Endomorph,Normal,slouch,1.0,0.0,0.0,-0.0135808874627032,54.31981208228493,0.1148469281796239,1
995,33.166666666666664,Participant4_RS_FuSl,Endomorph,Normal,slouch,1.0,0.0,0.0,0.0804349169478621,54.98044606749155,0.175105134181176,1
996,33.2,Participant4_RS_FuSl,Endomorph,Normal,slouch,1.0,0.0,0.0,0.0218759575145559,55.02344535071053,0.1579289486925504,1
997,33.233333333333334,Participant4_RS_FuSl,Endomorph,Normal,slouch,1.0,0.0,0.0,0.0185929289275954,56.20016125439726,0.1312704794193691,1
998,33.266666666666666,Participant4_RS_FuSl,Endomorph,Normal,slouch,1.0,0.0,0.0,0.078465542939344,57.542361748743545,0.1792026184687124,1
999,33.3,Participant4_RS_FuSl,Endomorph,Normal,slouch,1.0,0.0,0.0,0.016231779961427,56.13359010498383,0.1191441977280698,1
1000,33.333333333333336,Participant4_RS_FuSl,Endomorph,Normal,slouch,1.0,0.0,0.0,0.0030037517445655,55.87654116745458,0.1338776030825272,1
1001,33.36666666666667,Participant4_RS_FuSl,Endomorph,Normal,slouch,1.0,0.0,0.0,0.0259828915342432,56.45380956931496,0.1041268776762316,1
1002,33.4,Participant4_RS_FuSl,Endomorph,Normal,slouch,1.0,0.0,0.0,0.069340540284632,56.66956323505711,0.1192961348496512,1
1003,33.43333333333333,Participant4_RS_FuSl,Endomorph,Normal,slouch,1.0,0.0,0.0,0.049797006070323,56.97053787383977,0.1173610258979835,1
1004,33.46666666666667,Participant4_RS_FuSl,Endomorph,Normal,slouch,1.0,0.0,0.0,0.07869055460223,57.08934401694167,0.1818855359077108,1
1005,33.5,Participant4_RS_FuSl,Endomorph,Normal,slouch,1.0,0.0,0.0,0.0470960547109914,56.84020249495042,0.1365494065303181,1
1006,33.53333333333333,Participant4_RS_FuSl,Endomorph,Normal,slouch,1.0,0.0,0.0,0.0743503327824104,56.4863838557431,0.1872059461262608,1
1007,33.56666666666667,Participant4_RS_FuSl,Endomorph,Normal,slouch,1.0,0.0,0.0,0.0201047168493003,56.000994014818495,0.1212388769693792,1
1008,33.6,Participant4_RS_FuSl,Endomorph,Normal,slouch,1.0,0.0,0.0,0.0988423286679504,56.3015560974865,0.1782934584704107,1
1009,33.63333333333333,Participant4_RS_FuSl,Endomorph,Normal,slouch,1.0,0.0,0.0,0.0525467215486027,56.16926321439122,0.1362360952831817,1
1010,33.666666666666664,Participant4_RS_FuSl,Endomorph,Normal,slouch,1.0,0.0,0.0,0.0588759324606323,57.07341296751631,0.1532914260762123,1
1011,33.7,Participant4_RS_FuSl,Endomorph,Normal,slouch,1.0,0.0,0.0,0.061573501955226,57.50814152011209,0.1555213877216474,1
1012,33.733333333333334,Participant4_RS_FuSl,Endomorph,Normal,slouch,1.0,0.0,0.0,0.0722226805727286,55.98398459407984,0.1737912288058847,1
1013,33.766666666666666,Participant4_RS_FuSl,Endomorph,Normal,slouch,1.0,0.0,0.0,0.1078980433563212,55.542178832098855,0.2094133346386569,1
1014,33.8,Participant4_RS_FuSl,Endomorph,Normal,slouch,1.0,0.0,0.0,0.044723169062439,56.46785988416844,0.1213808801511766,1
1015,33.833333333333336,Participant4_RS_FuSl,Endomorph,Normal,slouch,1.0,0.0,0.0,0.1048986825798908,57.29522821615947,0.1780733395712441,1
1016,33.86666666666667,Participant4_RS_FuSl,Endomorph,Normal,slouch,1.0,0.0,0.0,0.0397967071184735,55.84766200034586,0.1343285935712997,1
1017,33.9,Participant4_RS_FuSl,Endomorph,Normal,slouch,1.0,0.0,0.0,0.1040697470310934,58.5479766154378,0.1524644653345323,1
1018,33.93333333333333,Participant4_RS_FuSl,Endomorph,Normal,slouch,1.0,0.0,0.0,0.0380503491703135,57.55068114324109,0.1506332171405864,1
1019,33.96666666666667,Participant4_RS_FuSl,Endomorph,Normal,slouch,1.0,0.0,0.0,0.0480258096154508,56.862082212035446,0.1629187188497381,1
1020,34.0,Participant4_RS_FuSl,Endomorph,Normal,slouch,1.0,0.0,0.0,0.0622439750523161,57.00729057614608,0.1786904017115183,1
1021,34.03333333333333,Participant4_RS_FuSl,Endomorph,Normal,slouch,1.0,0.0,0.0,0.0487291061027075,56.231121969088,0.1818954091076672,1
1022,34.06666666666667,Participant4_RS_FuSl,Endomorph,Normal,slouch,1.0,0.0,0.0,0.0311793943179913,56.41217938416108,0.1788160128595227,1
1023,34.1,Participant4_RS_FuSl,Endomorph,Normal,slouch,1.0,0.0,0.0,0.0656839062880759,56.29818644074244,0.1780530213340569,1
1024,34.13333333333333,Participant4_RS_FuSl,Endomorph,Normal,slouch,1.0,0.0,0.0,0.0680529823301997,56.10574098917519,0.1859947774778289,1
1025,34.166666666666664,Participant4_RS_FuSl,Endomorph,Normal,slouch,1.0,0.0,0.0,0.0704220583723236,57.65672881536336,0.1060588582715714,1
1026,34.2,Participant4_RS_FuSl,Endomorph,Normal,slouch,1.0,0.0,0.0,0.0420012138329083,55.40930072897572,0.1729239974000389,1
1027,34.233333333333334,Participant4_RS_FuSl,Endomorph,Normal,slouch,1.0,0.0,0.0,0.0599233627649857,55.99263422151158,0.1931983140580028,1
1028,34.266666666666666,Participant4_RS_FuSl,Endomorph,Normal,slouch,1.0,0.0,0.0,0.057192988243552,54.78160242288183,0.1514907919856918,1
1029,34.3,Participant4_RS_FuSl,Endomorph,Normal,slouch,1.0,0.0,0.0,0.0779189687656757,56.01211545198583,0.1749196765490179,1
1030,34.333333333333336,Participant4_RS_FuSl,Endomorph,Normal,slouch,1.0,0.0,0.0,-0.025469006587979,56.752953870143706,0.083089039660025,1
1031,34.36666666666667,Participant4_RS_FuSl,Endomorph,Normal,slouch,1.0,0.0,0.0,0.0960902673601238,56.325395194304384,0.176671742503367,1
1032,34.4,Participant4_RS_FuSl,Endomorph,Normal,slouch,1.0,0.0,0.0,0.0505891343338578,55.85155320282264,0.1696982754120237,1
1033,34.43333333333333,Participant4_RS_FuSl,Endomorph,Normal,slouch,1.0,0.0,0.0,0.0830583631775719,57.028735876860864,0.1723613313457318,1
1034,34.46666666666667,Participant4_RS_FuSl,Endomorph,Normal,slouch,1.0,0.0,0.0,0.0848002892316993,57.09257195094569,0.1702294364257809,1
1035,34.5,Participant4_RS_FuSl,Endomorph,Normal,slouch,1.0,0.0,0.0,0.0865422152858267,56.1704333058217,0.1683514338365185,1
1036,34.53333333333333,Participant4_RS_FuSl,Endomorph,Normal,slouch,1.0,0.0,0.0,0.0474433622113498,55.88861470935015,0.1762789159333804,1
1037,34.56666666666667,Participant4_RS_FuSl,Endomorph,Normal,slouch,1.0,0.0,0.0,0.0083445091368729,55.22721862691958,0.1059560422727531,1
1038,34.6,Participant4_RS_FuSl,Endomorph,Normal,slouch,1.0,0.0,0.0,0.069463197112833,54.48215550831797,0.187286532390461,1
1039,34.63333333333333,Participant4_RS_FuSl,Endomorph,Normal,slouch,1.0,0.0,0.0,0.0950264127986304,54.95829677585145,0.1731405372604816,1
1040,34.666666666666664,Participant4_RS_FuSl,Endomorph,Normal,slouch,1.0,0.0,0.0,0.0339529687234381,55.12604396597681,0.0995290089385664,1
1041,34.7,Participant4_RS_FuSl,Endomorph,Normal,slouch,1.0,0.0,0.0,0.0032205585104146,54.58291868958742,0.1207326558889868,1
1042,34.733333333333334,Participant4_RS_FuSl,Endomorph,Normal,slouch,1.0,0.0,0.0,0.0446269595005455,54.43329409561567,0.1263687546059962,1
1043,34.766666666666666,Participant4_RS_FuSl,Endomorph,Normal,slouch,1.0,0.0,0.0,0.0426256912940979,54.598658872133576,0.1187134942955383,1
1044,34.8,Participant4_RS_FuSl,Endomorph,Normal,slouch,1.0,0.0,0.0,-0.0222034244153435,56.14181355259124,0.0991138842001558,1
1045,34.833333333333336,Participant4_RS_FuSl,Endomorph,Normal,slouch,1.0,0.0,0.0,0.0546981092121927,54.46691946239487,0.1206000016348205,1
1046,34.86666666666667,Participant4_RS_FuSl,Endomorph,Normal,slouch,1.0,0.0,0.0,0.0017306866082197,55.22256229513734,0.0857922961737936,1
1047,34.9,Participant4_RS_FuSl,Endomorph,Normal,slouch,1.0,0.0,0.0,-0.0022924776889126,55.02490768585864,0.0913921873854354,1
1048,34.93333333333333,Participant4_RS_FuSl,Endomorph,Normal,slouch,1.0,0.0,0.0,-0.0275279077380218,55.13251404190537,0.0831351893628208,1
1049,34.96666666666667,Participant4_RS_FuSl,Endomorph,Normal,slouch,1.0,0.0,0.0,0.006671005495389,56.11174921411519,0.0996806884904655,1
1050,35.0,Participant4_RS_FuSl,Endomorph,Normal,slouch,1.0,0.0,0.0,-0.0557056162877138,54.37121669779586,0.0145159517065087,1
1051,35.03333333333333,Participant4_RS_FuSl,Endomorph,Normal,slouch,1.0,0.0,0.0,0.0058618345164962,55.757136802576326,0.0800408200518858,1
1052,35.06666666666667,Participant4_RS_FuSl,Endomorph,Normal,slouch,1.0,0.0,0.0,-0.0411359551500117,54.755674394824325,0.0712988967340955,1
1053,35.1,Participant4_RS_FuSl,Endomorph,Normal,slouch,1.0,0.0,0.0,0.0057451148134737,55.57925218780747,0.0867799398679391,1
1054,35.13333333333333,Participant4_RS_FuSl,Endomorph,Normal,slouch,1.0,0.0,0.0,0.0729976840156086,54.73298230872564,0.1371301128404946,1
1055,35.166666666666664,Participant4_RS_FuSl,Endomorph,Normal,slouch,1.0,0.0,0.0,0.1035255461764137,55.08593826227987,0.1755466128929141,1
1056,35.2,Participant4_RS_FuSl,Endomorph,Normal,slouch,1.0,0.0,0.0,0.0724184746080216,54.3353086493486,0.1174955658948635,1
1057,35.233333333333334,Participant4_RS_FuSl,Endomorph,Normal,slouch,1.0,0.0,0.0,0.0992916119630827,54.65780097649101,0.1682910505747036,1
1058,35.266666666666666,Participant4_RS_FuSl,Endomorph,Normal,slouch,1.0,0.0,0.0,0.0760807316512407,55.01780842493374,0.1692903895058483,1
1059,35.3,Participant4_RS_FuSl,Endomorph,Normal,slouch,1.0,0.0,0.0,0.0327186544559048,53.43071523512342,0.1303360886456155,1
1060,35.333333333333336,Participant4_RS_FuSl,Endomorph,Normal,slouch,1.0,0.0,0.0,0.0676886676931578,53.42833209516388,0.1627838647993036,1
1061,35.36666666666667,Participant4_RS_FuSl,Endomorph,Normal,slouch,1.0,0.0,0.0,-0.0049752194614174,53.28484765398024,0.1360546038765654,1
1062,35.4,Participant4_RS_FuSl,Endomorph,Normal,slouch,1.0,0.0,0.0,-0.0431917272169389,52.19107846137943,0.1359907730828651,1
1063,35.43333333333333,Participant4_RS_FuSl,Endomorph,Normal,slouch,1.0,0.0,0.0,0.0915192097316606,54.49409470628621,0.1864805409117546,1
1064,35.46666666666667,Participant4_RS_FuSl,Endomorph,Normal,slouch,1.0,0.0,0.0,0.0857159954214361,54.86903046701738,0.1929779240722144,1
1065,35.5,Participant4_RS_FuSl,Endomorph,Normal,slouch,1.0,0.0,0.0,0.0805703395600496,54.14605049791748,0.1409093643733154,1
1066,35.53333333333333,Participant4_RS_FuSl,Endomorph,Normal,slouch,1.0,0.0,0.0,0.0077643692491693,52.63323094624831,0.1098970816161981,1
1067,35.56666666666667,Participant4_RS_FuSl,Endomorph,Normal,slouch,1.0,0.0,0.0,0.0636091758647312,54.41943185190302,0.137908930024708,1
1068,35.6,Participant4_RS_FuSl,Endomorph,Normal,slouch,1.0,0.0,0.0,-0.0062590967868489,55.67353751104282,0.0967290520365269,1
1069,35.63333333333333,Participant4_RS_FuSl,Endomorph,Normal,slouch,1.0,0.0,0.0,0.039064239908306,55.06255715894737,0.1067758522188549,1
1070,35.666666666666664,Participant4_RS_FuSl,Endomorph,Normal,slouch,1.0,0.0,0.0,-0.0475080568975948,54.66148616475045,0.0669742669722863,1
1071,35.7,Participant4_RS_FuSl,Endomorph,Normal,slouch,1.0,0.0,0.0,-0.0085957288496629,52.85502308170313,0.1293567731654306,1
1072,35.733333333333334,Participant4_RS_FuSl,Endomorph,Normal,slouch,1.0,0.0,0.0,0.1116830032386545,55.28589010304584,0.1698883566023628,1
1073,35.766666666666666,Participant4_RS_FuSl,Endomorph,Normal,slouch,1.0,0.0,0.0,0.0626653237579394,54.31794299223336,0.1360461546760383,1
1074,35.8,Participant4_RS_FuSl,Endomorph,Normal,slouch,1.0,0.0,0.0,-0.0390048340565199,51.93083393164334,0.1443102800676746,1
1075,35.833333333333336,Participant4_RS_FuSl,Endomorph,Normal,slouch,1.0,0.0,0.0,-0.0382935245856603,52.31517000126074,0.1433934852349845,1
1076,35.86666666666667,Participant4_RS_FuSl,Endomorph,Normal,slouch,1.0,0.0,0.0,0.0108841157473456,53.72000308766755,0.1822318276059632,1
1077,35.9,Participant4_RS_FuSl,Endomorph,Normal,slouch,1.0,0.0,0.0,-0.0381513530208094,52.92658827945312,0.1313979015379788,1
1078,35.93333333333333,Participant4_RS_FuSl,Endomorph,Normal,slouch,1.0,0.0,0.0,0.0428964013936808,55.35967283681105,0.1385225469704583,1
1079,35.96666666666667,Participant4_RS_FuSl,Endomorph,Normal,slouch,1.0,0.0,0.0,0.0744616868384509,54.25403331801325,0.1566720861524528,1
1080,36.0,Participant4_RS_FuSl,Endomorph,Normal,slouch,1.0,0.0,0.0,0.0278432514410888,53.96901599856988,0.1885630867853219,1
1081,36.03333333333333,Participant4_RS_FuSl,Endomorph,Normal,slouch,1.0,0.0,0.0,0.0560444058994198,54.89356466080344,0.1704298998321302,1
1082,36.06666666666667,Participant4_RS_FuSl,Endomorph,Normal,slouch,1.0,0.0,0.0,-0.0080926229324319,55.56948393709602,0.1065813714731212,1
1083,36.1,Participant4_RS_FuSl,Endomorph,Normal,slouch,1.0,0.0,0.0,0.0590970214379959,54.76978314629237,0.1539278774649295,1
1084,36.13333333333333,Participant4_RS_FuSl,Endomorph,Normal,slouch,1.0,0.0,0.0,-0.027246868527771,55.533866893088,0.1024985449315696,1
1085,36.16666666666666,Participant4_RS_FuSl,Endomorph,Normal,slouch,1.0,0.0,0.0,0.0669299793470767,55.32861344130004,0.1867797247964247,1
1086,36.2,Participant4_RS_FuSl,Endomorph,Normal,slouch,1.0,0.0,0.0,-0.0150553628259132,55.93806693392992,0.1654275354478085,1
1087,36.23333333333333,Participant4_RS_FuSl,Endomorph,Normal,slouch,1.0,0.0,0.0,-0.0203335323285343,53.32435584376365,0.1475825366091898,1
1088,36.266666666666666,Participant4_RS_FuSl,Endomorph,Normal,slouch,1.0,0.0,0.0,0.055868107781396,53.838610149632565,0.1477909728405495,1
1089,36.3,Participant4_RS_FuSl,Endomorph,Normal,slouch,1.0,0.0,0.0,0.1004565878079649,55.45433041550497,0.1820650155125537,1
1090,36.333333333333336,Participant4_RS_FuSl,Endomorph,Normal,slouch,1.0,0.0,0.0,0.0042309864319432,54.16709748403394,0.1420080612122229,1
1091,36.36666666666667,Participant4_RS_FuSl,Endomorph,Normal,slouch,1.0,0.0,0.0,0.027587684518258,53.94343797868506,0.1499541471791933,1
1092,36.4,Participant4_RS_FuSl,Endomorph,Normal,slouch,1.0,0.0,0.0,0.0719171405675846,53.62464263088383,0.1391372456401069,1
1093,36.43333333333333,Participant4_RS_FuSl,Endomorph,Normal,slouch,1.0,0.0,0.0,0.0958353248631148,52.51142393846322,0.1692217937535601,1
1094,36.46666666666667,Participant4_RS_FuSl,Endomorph,Normal,slouch,1.0,0.0,0.0,0.0205893147106664,52.798674540429154,0.1492854320826886,1
1095,36.5,Participant4_RS_FuSl,Endomorph,Normal,slouch,1.0,0.0,0.0,0.0556939484140993,52.9624729282697,0.1381952494084723,1
1096,36.53333333333333,Participant4_RS_FuSl,Endomorph,Normal,slouch,1.0,0.0,0.0,0.0313694237822185,52.48128741286949,0.1585193390531502,1
1097,36.56666666666667,Participant4_RS_FuSl,Endomorph,Normal,slouch,1.0,0.0,0.0,0.0269139137704919,53.55647454955731,0.1342941097221872,1
1098,36.6,Participant4_RS_FuSl,Endomorph,Normal,slouch,1.0,0.0,0.0,-0.0096484510392415,52.26213132856132,0.1634190098677498,1
1099,36.63333333333333,Participant4_RS_FuSl,Endomorph,Normal,slouch,1.0,0.0,0.0,-0.0845443009455042,52.7217202518512,0.1285306363488288,1
1100,36.66666666666666,Participant4_RS_FuSl,Endomorph,Normal,slouch,1.0,0.0,0.0,-0.0644969671170209,53.95015843542542,0.0919354454299567,1
1101,36.7,Participant4_RS_FuSl,Endomorph,Normal,slouch,1.0,0.0,0.0,-0.0131082232688544,53.35934774525534,0.1406204446565743,1
1102,36.73333333333333,Participant4_RS_FuSl,Endomorph,Normal,slouch,1.0,0.0,0.0,-0.059858767758654,53.17732800756124,0.1845477734444398,1
1103,36.766666666666666,Participant4_RS_FuSl,Endomorph,Normal,slouch,1.0,0.0,0.0,-0.0458284467110996,52.00291211194791,0.1588342294175413,1
1104,36.8,Participant4_RS_FuSl,Endomorph,Normal,slouch,1.0,0.0,0.0,-0.0355447222316395,54.101786294814815,0.1246622750428524,1
1105,36.833333333333336,Participant4_RS_FuSl,Endomorph,Normal,slouch,1.0,0.0,0.0,0.0903095109281075,54.45842428906684,0.194654511666138,1
1106,36.86666666666667,Participant4_RS_FuSl,Endomorph,Normal,slouch,1.0,0.0,0.0,0.0309013522800675,53.349937605129945,0.1954329077267922,1
1107,36.9,Participant4_RS_FuSl,Endomorph,Normal,slouch,1.0,0.0,0.0,0.065348944675611,52.96286347022805,0.1874338792943994,1
1108,36.93333333333333,Participant4_RS_FuSl,Endomorph,Normal,slouch,1.0,0.0,0.0,0.0091383013298404,51.38536186788441,0.1166621178125663,1
1109,36.96666666666667,Participant4_RS_FuSl,Endomorph,Normal,slouch,1.0,0.0,0.0,0.0482643830063319,53.99292724503149,0.150851603362469,1
1110,37.0,Participant4_RS_FuSl,Endomorph,Normal,slouch,1.0,0.0,0.0,0.0527388575686913,55.91660315442456,0.1114891422086687,1
1111,37.03333333333333,Participant4_RS_FuSl,Endomorph,Normal,slouch,1.0,0.0,0.0,-0.0602472430073575,53.75262360404872,0.0575200730558394,1
1112,37.06666666666667,Participant4_RS_FuSl,Endomorph,Normal,slouch,1.0,0.0,0.0,-0.0567136256347413,55.11057303411898,0.1105943072556736,1
1113,37.1,Participant4_RS_FuSl,Endomorph,Normal,slouch,1.0,0.0,0.0,0.00809952235468,53.20344096051278,0.1551737660409683,1
1114,37.13333333333333,Participant4_RS_FuSl,Endomorph,Normal,slouch,1.0,0.0,0.0,-0.0517971650557767,51.998194266707166,0.1465640834737545,1
1115,37.16666666666666,Participant4_RS_FuSl,Endomorph,Normal,slouch,1.0,0.0,0.0,-0.0216034025036428,54.95615302787325,0.1415819171775078,1
1116,37.2,Participant4_RS_FuSl,Endomorph,Normal,slouch,1.0,0.0,0.0,0.0253977436305145,54.4541469314394,0.1313732876990409,1
1117,37.23333333333333,Participant4_RS_FuSl,Endomorph,Normal,slouch,1.0,0.0,0.0,0.0252993760677108,55.177498127719936,0.183209392013784,1
1118,37.266666666666666,Participant4_RS_FuSl,Endomorph,Normal,slouch,1.0,0.0,0.0,-0.0095988585340532,54.64723111891684,0.1532363685941464,1
1119,37.3,Participant4_RS_FuSl,Endomorph,Normal,slouch,1.0,0.0,0.0,0.0075238905284843,53.98709074222239,0.1417244276575552,1
1120,37.333333333333336,Participant4_RS_FuSl,Endomorph,Normal,slouch,1.0,0.0,0.0,-0.0595148819231906,52.585493983077946,0.0640064675495384,1
1121,37.36666666666667,Participant4_RS_FuSl,Endomorph,Normal,slouch,1.0,0.0,0.0,0.0538834663344847,55.93469104948813,0.1088940036359563,1
1122,37.4,Participant4_RS_FuSl,Endomorph,Normal,slouch,1.0,0.0,0.0,-0.0322525647454682,56.21556521448656,0.1078668235665352,1
1123,37.43333333333333,Participant4_RS_FuSl,Endomorph,Normal,slouch,1.0,0.0,0.0,-0.0103720976270425,55.94887479481302,0.1112900825018897,1
1124,37.46666666666667,Participant4_RS_FuSl,Endomorph,Normal,slouch,1.0,0.0,0.0,-0.0162703938668629,53.845049975289015,0.1320800296370176,1
1125,37.5,Participant4_RS_FuSl,Endomorph,Normal,slouch,1.0,0.0,0.0,0.0727349616373018,52.44416985077266,0.1834515448252333,1
1126,37.53333333333333,Participant4_RS_FuSl,Endomorph,Normal,slouch,1.0,0.0,0.0,-0.0051947886423783,54.09760086557012,0.1584795122186787,1
1127,37.56666666666667,Participant4_RS_FuSl,Endomorph,Normal,slouch,1.0,0.0,0.0,0.0182818799822134,53.19120061366393,0.1551157725340388,1
1128,37.6,Participant4_RS_FuSl,Endomorph,Normal,slouch,1.0,0.0,0.0,-0.0447330862605513,55.119866745868784,0.1152544211708692,1
1129,37.63333333333333,Participant4_RS_FuSl,Endomorph,Normal,slouch,1.0,0.0,0.0,-0.0293269769027041,53.530755229748905,0.1622842231385354,1
1130,37.66666666666666,Participant4_RS_FuSl,Endomorph,Normal,slouch,1.0,0.0,0.0,-0.0089099892319091,53.10919054451775,0.1593018727519039,1
