frame_idx,timestamp,subject_id,somatotype,bmi_category,label,h2s_ratio,shoulder_tilt_deg,head_roll_deg,forward_head_z,neck_flexion_deg,shoulder_width_norm,is_valid
0,0.0,Participant4_LS_FuUp,Endomorph,Normal,upright,1.0,0.0,0.0,-0.1568183009624099,-48.73633791865016,0.2385693278753525,1
1,0.0333333333333333,Participant4_LS_FuUp,Endomorph,Normal,upright,1.0,0.0,0.0,-0.1584212716840503,-48.57306417943165,0.2011144777859082,1
2,0.0666666666666666,Participant4_LS_FuUp,Endomorph,Normal,upright,1.0,0.0,0.0,-0.1548488293481673,-48.64969289370263,0.2087625427271042,1
3,0.1,Participant4_LS_FuUp,Endomorph,Normal,upright,1.0,0.0,0.0,-0.179109062461799,-46.72073542224075,0.2249231842479235,1
4,0.1333333333333333,Participant4_LS_FuUp,Endomorph,Normal,upright,1.0,0.0,0.0,-0.1903021493887212,-46.651807822456185,0.2311220097604786,1
5,0.1666666666666666,Participant4_LS_FuUp,Endomorph,Normal,upright,1.0,0.0,0.0,-0.2029903879784106,-47.32115488442147,0.2484962392726011,1
6,0.2,Participant4_LS_FuUp,Endomorph,Normal,upright,1.0,0.0,0.0,-0.1966339756292842,-47.15286904124552,0.244103776611433,1
7,0.2333333333333333,Participant4_LS_FuUp,Endomorph,Normal,upright,1.0,0.0,0.0,-0.18246023104919,-46.56141589517718,0.2328318708560035,1
8,0.2666666666666666,Participant4_LS_FuUp,Endomorph,Normal,upright,1.0,0.0,0.0,-0.2087788602021459,-47.98519516457993,0.1959459323029972,1
9,0.3,Participant4_LS_FuUp,Endomorph,Normal,upright,1.0,0.0,0.0,-0.1813055591652405,-49.22640625729305,0.2622821421877769,1
10,0.3333333333333333,Participant4_LS_FuUp,Endomorph,Normal,upright,1.0,0.0,0.0,-0.2144260513867585,-46.12003469578829,0.2097242859704172,1
11,0.3666666666666666,Participant4_LS_FuUp,Endomorph,Normal,upright,1.0,0.0,0.0,-0.1921414176902639,-46.47809209131485,0.2394290538575227,1
12,0.4,Participant4_LS_FuUp,Endomorph,Normal,upright,1.0,0.0,0.0,-0.2125327509340672,-46.28304173183319,0.2266733727089178,1
13,0.4333333333333333,Participant4_LS_FuUp,Endomorph,Normal,upright,1.0,0.0,0.0,-0.1810576802314952,-47.42094089341654,0.2365024132721239,1
14,0.4666666666666667,Participant4_LS_FuUp,Endomorph,Normal,upright,1.0,0.0,0.0,-0.1760518967355762,-47.90193753531172,0.2575523962926306,1
15,0.5,Participant4_LS_FuUp,Endomorph,Normal,upright,1.0,0.0,0.0,-0.1657417441935528,-47.400928930209865,0.2547758723807244,1
16,0.5333333333333333,Participant4_LS_FuUp,Endomorph,Normal,upright,1.0,0.0,0.0,-0.2117202093979751,-46.43595128089169,0.2719673701697033,1
17,0.5666666666666667,Participant4_LS_FuUp,Endomorph,Normal,upright,1.0,0.0,0.0,-0.2064464400513673,-46.49792530568108,0.2278064768905061,1
18,0.6,Participant4_LS_FuUp,Endomorph,Normal,upright,1.0,0.0,0.0,-0.2107897426389529,-46.4121237885308,0.2369797384077546,1
19,0.6333333333333333,Participant4_LS_FuUp,Endomorph,Normal,upright,1.0,0.0,0.0,-0.2045536397379261,-46.202913982587326,0.2683207169396802,1
20,0.6666666666666666,Participant4_LS_FuUp,Endomorph,Normal,upright,1.0,0.0,0.0,-0.1981920879400602,-46.46925622518896,0.2669164053513371,1
21,0.7,Participant4_LS_FuUp,Endomorph,Normal,upright,1.0,0.0,0.0,-0.204032428444563,-48.91870318380743,0.275571127088464,1
22,0.7333333333333333,Participant4_LS_FuUp,Endomorph,Normal,upright,1.0,0.0,0.0,-0.1913737759587456,-46.23689587443102,0.2769737169064653,1
23,0.7666666666666667,Participant4_LS_FuUp,Endomorph,Normal,upright,1.0,0.0,0.0,-0.1576300590470548,-46.2613647439152,0.2515125952853687,1
24,0.8,Participant4_LS_FuUp,Endomorph,Normal,upright,1.0,0.0,0.0,-0.1676677433595905,-48.57932991091626,0.2341266197387366,1
25,0.8333333333333334,Participant4_LS_FuUp,Endomorph,Normal,upright,1.0,0.0,0.0,-0.1855134196790109,-47.292916573156575,0.251655780866619,1
26,0.8666666666666667,Participant4_LS_FuUp,Endomorph,Normal,upright,1.0,0.0,0.0,-0.1872318610062181,-48.46248638910357,0.2447319883010732,1
27,0.9,Participant4_LS_FuUp,Endomorph,Normal,upright,1.0,0.0,0.0,-0.2009525371535385,-48.08239417346248,0.2514514416803472,1
28,0.9333333333333332,Participant4_LS_FuUp,Endomorph,Normal,upright,1.0,0.0,0.0,-0.2237205926163045,-45.35717065254976,0.2358514953390632,1
29,0.9666666666666668,Participant4_LS_FuUp,Endomorph,Normal,upright,1.0,0.0,0.0,-0.1865494488898398,-47.67414281164116,0.2555486357667261,1
30,1.0,Participant4_LS_FuUp,Endomorph,Normal,upright,1.0,0.0,0.0,-0.2144371946957252,-47.52629905181243,0.2490177876688736,1
31,1.0333333333333334,Participant4_LS_FuUp,Endomorph,Normal,upright,1.0,0.0,0.0,-0.2341371607287821,-46.83725321040296,0.2174578834904423,1
32,1.0666666666666669,Participant4_LS_FuUp,Endomorph,Normal,upright,1.0,0.0,0.0,-0.2219557076090759,-46.77096752277833,0.2618971534217305,1
33,1.1,Participant4_LS_FuUp,Endomorph,Normal,upright,1.0,0.0,0.0,-0.2273649915030344,-46.137977789748895,0.2609182458716051,1
34,1.1333333333333333,Participant4_LS_FuUp,Endomorph,Normal,upright,1.0,0.0,0.0,-0.2177354319150728,-46.87039749782095,0.2617901611826286,1
35,1.1666666666666667,Participant4_LS_FuUp,Endomorph,Normal,upright,1.0,0.0,0.0,-0.2353205310717051,-45.08556182159994,0.2506540958013882,1
36,1.2,Participant4_LS_FuUp,Endomorph,Normal,upright,1.0,0.0,0.0,-0.1893752899202337,-49.805534630378745,0.2323887594040396,1
37,1.2333333333333334,Participant4_LS_FuUp,Endomorph,Normal,upright,1.0,0.0,0.0,-0.1867016196193001,-49.59241671722069,0.2421330922640259,1
38,1.2666666666666666,Participant4_LS_FuUp,Endomorph,Normal,upright,1.0,0.0,0.0,-0.1990366123548654,-49.15915120414208,0.2333665553480636,1
39,1.3,Participant4_LS_FuUp,Endomorph,Normal,upright,1.0,0.0,0.0,-0.1786039660019819,-48.40835816478386,0.2294156507943892,1
40,1.3333333333333333,Participant4_LS_FuUp,Endomorph,Normal,upright,1.0,0.0,0.0,-0.1762659687418241,-48.69365864963197,0.2181810055996849,1
41,1.3666666666666667,Participant4_LS_FuUp,Endomorph,Normal,upright,1.0,0.0,0.0,-0.1971468739515538,-46.69639127432531,0.2442683239112117,1
42,1.4,Participant4_LS_FuUp,Endomorph,Normal,upright,1.0,0.0,0.0,-0.1928992300028552,-47.951380598160185,0.2353840910340602,1
43,1.4333333333333331,Participant4_LS_FuUp,Endomorph,Normal,upright,1.0,0.0,0.0,-0.2004949188624986,-49.5781576986167,0.2272855295743856,1
44,1.4666666666666666,Participant4_LS_FuUp,Endomorph,Normal,upright,1.0,0.0,0.0,-0.1910020849822449,-49.28547105762691,0.2346929314154144,1
45,1.5,Participant4_LS_FuUp,Endomorph,Normal,upright,1.0,0.0,0.0,-0.2144330700440138,-48.22198555806643,0.2621252258385935,1
46,1.5333333333333334,Participant4_LS_FuUp,Endomorph,Normal,upright,1.0,0.0,0.0,-0.2026161505232013,-48.77783819229284,0.2317576433820905,1
47,1.5666666666666669,Participant4_LS_FuUp,Endomorph,Normal,upright,1.0,0.0,0.0,-0.206681104147558,-46.43094416091731,0.249550425689001,1
48,1.6,Participant4_LS_FuUp,Endomorph,Normal,upright,1.0,0.0,0.0,-0.190891011395819,-49.26800406848205,0.2289092324746559,1
49,1.6333333333333333,Participant4_LS_FuUp,Endomorph,Normal,upright,1.0,0.0,0.0,-0.1820973155816055,-49.96157893877452,0.239388700380315,1
50,1.6666666666666667,Participant4_LS_FuUp,Endomorph,Normal,upright,1.0,0.0,0.0,-0.1886343055654453,-49.72884742724917,0.2364680127213487,1
51,1.7,Participant4_LS_FuUp,Endomorph,Normal,upright,1.0,0.0,0.0,-0.1800839429816769,-49.16110764296671,0.227929453686083,1
52,1.7333333333333334,Participant4_LS_FuUp,Endomorph,Normal,upright,1.0,0.0,0.0,-0.1665693589144965,-48.868645760115264,0.227842133382372,1
53,1.7666666666666666,Participant4_LS_FuUp,Endomorph,Normal,upright,1.0,0.0,0.0,-0.2307947030703885,-47.09151722472791,0.2408586554312093,1
54,1.8,Participant4_LS_FuUp,Endomorph,Normal,upright,1.0,0.0,0.0,-0.1961730020516038,-45.22115675915731,0.2035359134685113,1
55,1.8333333333333333,Participant4_LS_FuUp,Endomorph,Normal,upright,1.0,0.0,0.0,-0.2144221595470626,-44.91661093822112,0.2036254214583798,1
56,1.8666666666666667,Participant4_LS_FuUp,Endomorph,Normal,upright,1.0,0.0,0.0,-0.1897761447877683,-47.77950015924405,0.1914395480439812,1
57,1.9,Participant4_LS_FuUp,Endomorph,Normal,upright,1.0,0.0,0.0,-0.2279364482438189,-45.104702259491205,0.2216461934344675,1
58,1.9333333333333331,Participant4_LS_FuUp,Endomorph,Normal,upright,1.0,0.0,0.0,-0.1971793838684366,-46.007446782700285,0.2165003334740902,1
59,1.9666666666666663,Participant4_LS_FuUp,Endomorph,Normal,upright,1.0,0.0,0.0,-0.1814121123331501,-46.72252438619796,0.2120112585619054,1
60,2.0,Participant4_LS_FuUp,Endomorph,Normal,upright,1.0,0.0,0.0,-0.1758491691189542,-47.71130431202418,0.2639773898334904,1
61,2.033333333333333,Participant4_LS_FuUp,Endomorph,Normal,upright,1.0,0.0,0.0,-0.2029286360909361,-46.94774190967821,0.2479078349786451,1
62,2.066666666666667,Participant4_LS_FuUp,Endomorph,Normal,upright,1.0,0.0,0.0,-0.2297464466461034,-44.69849058947327,0.2574774222709138,1
63,2.1,Participant4_LS_FuUp,Endomorph,Normal,upright,1.0,0.0,0.0,-0.1922741334151781,-47.519470126953934,0.273343433527664,1
64,2.1333333333333333,Participant4_LS_FuUp,Endomorph,Normal,upright,1.0,0.0,0.0,-0.1872779008968478,-46.90626135275893,0.2764119846381501,1
65,2.1666666666666665,Participant4_LS_FuUp,Endomorph,Normal,upright,1.0,0.0,0.0,-0.2050903557976263,-45.8026301231778,0.2228189595964903,1
66,2.2,Participant4_LS_FuUp,Endomorph,Normal,upright,1.0,0.0,0.0,-0.1847317659058993,-47.356187752661256,0.209292791521825,1
67,2.2333333333333334,Participant4_LS_FuUp,Endomorph,Normal,upright,1.0,0.0,0.0,-0.1847432729221277,-47.39754127788665,0.2140722981725896,1
68,2.2666666666666666,Participant4_LS_FuUp,Endomorph,Normal,upright,1.0,0.0,0.0,-0.1886877978384605,-48.29016466149016,0.2559900793941363,1
69,2.3,Participant4_LS_FuUp,Endomorph,Normal,upright,1.0,0.0,0.0,-0.1862828699077477,-48.89581833871085,0.2178542037911753,1
70,2.333333333333333,Participant4_LS_FuUp,Endomorph,Normal,upright,1.0,0.0,0.0,-0.2157210181911115,-47.31626378345462,0.2345275314961373,1
71,2.3666666666666667,Participant4_LS_FuUp,Endomorph,Normal,upright,1.0,0.0,0.0,-0.2063489379764235,-48.29876742777399,0.2484145591714389,1
72,2.4,Participant4_LS_FuUp,Endomorph,Normal,upright,1.0,0.0,0.0,-0.2059943594823252,-47.2149754493359,0.2394342041820939,1
73,2.433333333333333,Participant4_LS_FuUp,Endomorph,Normal,upright,1.0,0.0,0.0,-0.1911220362788456,-47.85933935729052,0.1962378219584558,1
74,2.466666666666667,Participant4_LS_FuUp,Endomorph,Normal,upright,1.0,0.0,0.0,-0.188124725244537,-47.057565285029646,0.1959370727654449,1
75,2.5,Participant4_LS_FuUp,Endomorph,Normal,upright,1.0,0.0,0.0,-0.213812579621189,-46.30123010002117,0.2053205742343052,1
76,2.533333333333333,Participant4_LS_FuUp,Endomorph,Normal,upright,1.0,0.0,0.0,-0.20422471624488,-48.001555161715686,0.2417435359973767,1
77,2.566666666666667,Participant4_LS_FuUp,Endomorph,Normal,upright,1.0,0.0,0.0,-0.2076808037626105,-48.24644061362729,0.2410089539206978,1
78,2.6,Participant4_LS_FuUp,Endomorph,Normal,upright,1.0,0.0,0.0,-0.1799035548666784,-47.44089802262498,0.1969819449800336,1
79,2.6333333333333333,Participant4_LS_FuUp,Endomorph,Normal,upright,1.0,0.0,0.0,-0.199592355139865,-46.55361442246371,0.1993890205367796,1
80,2.6666666666666665,Participant4_LS_FuUp,Endomorph,Normal,upright,1.0,0.0,0.0,-0.1975908890426222,-46.8791847287554,0.1969307392428358,1
81,2.7,Participant4_LS_FuUp,Endomorph,Normal,upright,1.0,0.0,0.0,-0.2034975689325808,-47.02136922810271,0.233302040753293,1
82,2.7333333333333334,Participant4_LS_FuUp,Endomorph,Normal,upright,1.0,0.0,0.0,-0.1786901165432749,-47.90759940115449,0.2616296888370945,1
83,2.7666666666666666,Participant4_LS_FuUp,Endomorph,Normal,upright,1.0,0.0,0.0,-0.1772618959434569,-47.72864999724301,0.2474728036460024,1
84,2.8,Participant4_LS_FuUp,Endomorph,Normal,upright,1.0,0.0,0.0,-0.1962831115972402,-46.81554985106897,0.2330602724941494,1
85,2.833333333333333,Participant4_LS_FuUp,Endomorph,Normal,upright,1.0,0.0,0.0,-0.1970465462587018,-46.98622828859286,0.1873165733455991,1
86,2.8666666666666667,Participant4_LS_FuUp,Endomorph,Normal,upright,1.0,0.0,0.0,-0.1708932374435214,-47.986004157645446,0.2345563465444585,1
87,2.9,Participant4_LS_FuUp,Endomorph,Normal,upright,1.0,0.0,0.0,-0.1681604490397811,-45.20479089922696,0.2252303082660578,1
88,2.933333333333333,Participant4_LS_FuUp,Endomorph,Normal,upright,1.0,0.0,0.0,-0.1775412275270323,-45.50306221019966,0.2091634264468239,1
89,2.966666666666667,Participant4_LS_FuUp,Endomorph,Normal,upright,1.0,0.0,0.0,-0.2017471534878041,-46.885826999090426,0.2094963737055063,1
90,3.0,Participant4_LS_FuUp,Endomorph,Normal,upright,1.0,0.0,0.0,-0.1807393669190272,-47.20974908924756,0.1946046061778201,1
91,3.033333333333333,Participant4_LS_FuUp,Endomorph,Normal,upright,1.0,0.0,0.0,-0.1949589704049593,-44.98105019854098,0.2268578242658009,1
92,3.066666666666667,Participant4_LS_FuUp,Endomorph,Normal,upright,1.0,0.0,0.0,-0.1824897084135778,-45.38817603771273,0.2272765301364782,1
93,3.1,Participant4_LS_FuUp,Endomorph,Normal,upright,1.0,0.0,0.0,-0.2046381005796648,-42.62421414341454,0.2292683225754739,1
94,3.1333333333333333,Participant4_LS_FuUp,Endomorph,Normal,upright,1.0,0.0,0.0,-0.2063225062117698,-43.37277714721899,0.2286535578639214,1
95,3.1666666666666665,Participant4_LS_FuUp,Endomorph,Normal,upright,1.0,0.0,0.0,-0.1879269624893534,-46.06128156597882,0.209557756577001,1
96,3.2,Participant4_LS_FuUp,Endomorph,Normal,upright,1.0,0.0,0.0,-0.1850473511608789,-45.50608123321757,0.2114479328546883,1
97,3.2333333333333334,Participant4_LS_FuUp,Endomorph,Normal,upright,1.0,0.0,0.0,-0.2274318817767586,-43.35158596560831,0.2047095143437789,1
98,3.2666666666666666,Participant4_LS_FuUp,Endomorph,Normal,upright,1.0,0.0,0.0,-0.2060931413426611,-45.871493596349296,0.2521596176628971,1
99,3.3,Participant4_LS_FuUp,Endomorph,Normal,upright,1.0,0.0,0.0,-0.1931795646477556,-44.60364561916484,0.2117014727358321,1
100,3.333333333333333,Participant4_LS_FuUp,Endomorph,Normal,upright,1.0,0.0,0.0,-0.2189083544617359,-45.5955679044548,0.2472635643207079,1
101,3.3666666666666667,Participant4_LS_FuUp,Endomorph,Normal,upright,1.0,0.0,0.0,-0.2067857621287242,-46.59447698092831,0.257502173425735,1
102,3.4,Participant4_LS_FuUp,Endomorph,Normal,upright,1.0,0.0,0.0,-0.2005039745984774,-45.05717187810911,0.1975906319982774,1
103,3.433333333333333,Participant4_LS_FuUp,Endomorph,Normal,upright,1.0,0.0,0.0,-0.2211937878053046,-45.08615072122428,0.199093341271736,1
104,3.466666666666667,Participant4_LS_FuUp,Endomorph,Normal,upright,1.0,0.0,0.0,-0.199838606204477,-43.36709047682236,0.2309325633853373,1
105,3.5,Participant4_LS_FuUp,Endomorph,Normal,upright,1.0,0.0,0.0,-0.2157805570730265,-44.00588854074954,0.2155032726785179,1
106,3.533333333333333,Participant4_LS_FuUp,Endomorph,Normal,upright,1.0,0.0,0.0,-0.2102650077607634,-44.7951774430761,0.1819609189614041,1
107,3.566666666666667,Participant4_LS_FuUp,Endomorph,Normal,upright,1.0,0.0,0.0,-0.2047494584485002,-43.84906198199579,0.2026077142677509,1
108,3.6,Participant4_LS_FuUp,Endomorph,Normal,upright,1.0,0.0,0.0,-0.199233909136237,-44.986300904938496,0.1867828216097124,1
109,3.633333333333333,Participant4_LS_FuUp,Endomorph,Normal,upright,1.0,0.0,0.0,-0.212531777115919,-45.69030006243408,0.1875739842813456,1
110,3.6666666666666665,Participant4_LS_FuUp,Endomorph,Normal,upright,1.0,0.0,0.0,-0.1766247367404956,-47.10021592767482,0.1895662671095056,1
111,3.7,Participant4_LS_FuUp,Endomorph,Normal,upright,1.0,0.0,0.0,-0.200045974884926,-46.34992144786971,0.1850561731297718,1
112,3.733333333333333,Participant4_LS_FuUp,Endomorph,Normal,upright,1.0,0.0,0.0,-0.1916404648499925,-46.84966383745653,0.2052987720700267,1
113,3.7666666666666666,Participant4_LS_FuUp,Endomorph,Normal,upright,1.0,0.0,0.0,-0.196043041480232,-44.67904638536879,0.1912865474071259,1
114,3.8,Participant4_LS_FuUp,Endomorph,Normal,upright,1.0,0.0,0.0,-0.1739299354249961,-45.63661595908549,0.1928956818102216,1
115,3.8333333333333335,Participant4_LS_FuUp,Endomorph,Normal,upright,1.0,0.0,0.0,-0.1783420154960253,-45.61456383602992,0.1819247188622051,1
116,3.8666666666666663,Participant4_LS_FuUp,Endomorph,Normal,upright,1.0,0.0,0.0,-0.1835932856691329,-44.74997346395804,0.2047192369032975,1
117,3.9,Participant4_LS_FuUp,Endomorph,Normal,upright,1.0,0.0,0.0,-0.1902190501223931,-46.64500273230814,0.2194601412370742,1
118,3.933333333333333,Participant4_LS_FuUp,Endomorph,Normal,upright,1.0,0.0,0.0,-0.207945934305629,-46.762305950277664,0.2300873480753044,1
119,3.966666666666667,Participant4_LS_FuUp,Endomorph,Normal,upright,1.0,0.0,0.0,-0.1847170324090207,-45.689023713822976,0.2178219401491586,1
120,4.0,Participant4_LS_FuUp,Endomorph,Normal,upright,1.0,0.0,0.0,-0.1866445468611817,-42.424485655520606,0.1942379271593949,1
121,4.033333333333333,Participant4_LS_FuUp,Endomorph,Normal,upright,1.0,0.0,0.0,-0.1675751663691076,-46.73168181439034,0.2114804285123823,1
122,4.066666666666666,Participant4_LS_FuUp,Endomorph,Normal,upright,1.0,0.0,0.0,-0.1760221304734223,-47.24732778278654,0.2110808193255084,1
123,4.1,Participant4_LS_FuUp,Endomorph,Normal,upright,1.0,0.0,0.0,-0.1947219994171107,-45.088831889063854,0.2148275261868083,1
124,4.133333333333334,Participant4_LS_FuUp,Endomorph,Normal,upright,1.0,0.0,0.0,-0.214306679530474,-46.585561117260696,0.2074144190657098,1
125,4.166666666666667,Participant4_LS_FuUp,Endomorph,Normal,upright,1.0,0.0,0.0,-0.2101527595951871,-46.977319407376406,0.2078426143887905,1
126,4.2,Participant4_LS_FuUp,Endomorph,Normal,upright,1.0,0.0,0.0,-0.2237883231887334,-46.72952785314279,0.1997889470528686,1
127,4.233333333333333,Participant4_LS_FuUp,Endomorph,Normal,upright,1.0,0.0,0.0,-0.2284191928126009,-47.37706227748267,0.2100023308092993,1
128,4.266666666666667,Participant4_LS_FuUp,Endomorph,Normal,upright,1.0,0.0,0.0,-0.1808706131217841,-47.00848730507447,0.1986269635185165,1
129,4.3,Participant4_LS_FuUp,Endomorph,Normal,upright,1.0,0.0,0.0,-0.2048951376438935,-44.25796294678195,0.2294566464551525,1
130,4.333333333333333,Participant4_LS_FuUp,Endomorph,Normal,upright,1.0,0.0,0.0,-0.1810512430782349,-46.675727760007085,0.2011410865990739,1
131,4.366666666666666,Participant4_LS_FuUp,Endomorph,Normal,upright,1.0,0.0,0.0,-0.1891343047922161,-47.0439027565366,0.1951033656237743,1
132,4.4,Participant4_LS_FuUp,Endomorph,Normal,upright,1.0,0.0,0.0,-0.191438131141903,-46.3972200408753,0.2490674624400402,1
133,4.433333333333334,Participant4_LS_FuUp,Endomorph,Normal,upright,1.0,0.0,0.0,-0.1829142294579615,-46.60942466890769,0.2077551449982009,1
134,4.466666666666667,Participant4_LS_FuUp,Endomorph,Normal,upright,1.0,0.0,0.0,-0.1864695492602166,-46.82063659983575,0.208102950861261,1
135,4.5,Participant4_LS_FuUp,Endomorph,Normal,upright,1.0,0.0,0.0,-0.1870973740679774,-48.12018568009167,0.1992566955114761,1
136,4.533333333333333,Participant4_LS_FuUp,Endomorph,Normal,upright,1.0,0.0,0.0,-0.1622368498940983,-47.29061939918029,0.201419707208513,1
137,4.566666666666666,Participant4_LS_FuUp,Endomorph,Normal,upright,1.0,0.0,0.0,-0.1552229802723683,-47.87826903271634,0.1963667418756071,1
138,4.6,Participant4_LS_FuUp,Endomorph,Normal,upright,1.0,0.0,0.0,-0.1592650134812143,-47.98312441926619,0.2006189114591181,1
139,4.633333333333334,Participant4_LS_FuUp,Endomorph,Normal,upright,1.0,0.0,0.0,-0.1790861620846513,-46.42555685950403,0.1835252461195503,1
140,4.666666666666667,Participant4_LS_FuUp,Endomorph,Normal,upright,1.0,0.0,0.0,-0.189110108101152,-45.05473118000883,0.2063028210320919,1
141,4.7,Participant4_LS_FuUp,Endomorph,Normal,upright,1.0,0.0,0.0,-0.1877318754306898,-44.96319072929728,0.2047405885180254,1
142,4.733333333333333,Participant4_LS_FuUp,Endomorph,Normal,upright,1.0,0.0,0.0,-0.1875791638994581,-46.720421543406005,0.2089649772189141,1
143,4.766666666666667,Participant4_LS_FuUp,Endomorph,Normal,upright,1.0,0.0,0.0,-0.1708736931341593,-46.36183625709397,0.1959700050625587,1
144,4.8,Participant4_LS_FuUp,Endomorph,Normal,upright,1.0,0.0,0.0,-0.162569252465962,-47.2251533561322,0.197730820545293,1
145,4.833333333333333,Participant4_LS_FuUp,Endomorph,Normal,upright,1.0,0.0,0.0,-0.1570502384400779,-47.129662155962045,0.2011906102092949,1
146,4.866666666666666,Participant4_LS_FuUp,Endomorph,Normal,upright,1.0,0.0,0.0,-0.1792760463672136,-46.111983343464765,0.198334048648452,1
147,4.9,Participant4_LS_FuUp,Endomorph,Normal,upright,1.0,0.0,0.0,-0.1738692940484331,-47.30746807354653,0.2134961418468866,1
148,4.933333333333334,Participant4_LS_FuUp,Endomorph,Normal,upright,1.0,0.0,0.0,-0.1920700567526552,-45.56420204370322,0.1920243820918208,1
149,4.966666666666667,Participant4_LS_FuUp,Endomorph,Normal,upright,1.0,0.0,0.0,-0.163239590331198,-45.529553661152725,0.2023191944470137,1
150,5.0,Participant4_LS_FuUp,Endomorph,Normal,upright,1.0,0.0,0.0,-0.1905606145608414,-47.0462648298522,0.194015049629017,1
151,5.033333333333333,Participant4_LS_FuUp,Endomorph,Normal,upright,1.0,0.0,0.0,-0.1985973576300242,-45.46409477056196,0.2020772106962034,1
152,5.066666666666666,Participant4_LS_FuUp,Endomorph,Normal,upright,1.0,0.0,0.0,-0.1735627530375506,-45.36739661233664,0.2369379018647992,1
153,5.1,Participant4_LS_FuUp,Endomorph,Normal,upright,1.0,0.0,0.0,-0.2111584648919608,-46.90228928700936,0.1925066594706914,1
154,5.133333333333334,Participant4_LS_FuUp,Endomorph,Normal,upright,1.0,0.0,0.0,-0.17961994614835,-46.93739215319318,0.1909795795009156,1
155,5.166666666666667,Participant4_LS_FuUp,Endomorph,Normal,upright,1.0,0.0,0.0,-0.1571623925210865,-47.91966513734248,0.1981975160858559,1
156,5.2,Participant4_LS_FuUp,Endomorph,Normal,upright,1.0,0.0,0.0,-0.1776808504778856,-47.24023810924656,0.1861799894569846,1
157,5.233333333333333,Participant4_LS_FuUp,Endomorph,Normal,upright,1.0,0.0,0.0,-0.1752475901710524,-46.6803749874028,0.1790794270774119,1
158,5.266666666666667,Participant4_LS_FuUp,Endomorph,Normal,upright,1.0,0.0,0.0,-0.1984680542812297,-47.77584044815034,0.2309056344808102,1
159,5.3,Participant4_LS_FuUp,Endomorph,Normal,upright,1.0,0.0,0.0,-0.1913854262577221,-46.616000379234364,0.1830690328260769,1
160,5.333333333333333,Participant4_LS_FuUp,Endomorph,Normal,upright,1.0,0.0,0.0,-0.1999150534336937,-45.098278421463895,0.1909525060499814,1
161,5.366666666666666,Participant4_LS_FuUp,Endomorph,Normal,upright,1.0,0.0,0.0,-0.1840118220681766,-45.38989254844568,0.1968370683001362,1
162,5.4,Participant4_LS_FuUp,Endomorph,Normal,upright,1.0,0.0,0.0,-0.1900715665053991,-45.82978510825431,0.189211651173954,1
163,5.433333333333334,Participant4_LS_FuUp,Endomorph,Normal,upright,1.0,0.0,0.0,-0.2059881567851033,-45.27824943158884,0.2110492221617848,1
164,5.466666666666667,Participant4_LS_FuUp,Endomorph,Normal,upright,1.0,0.0,0.0,-0.1669472355008507,-45.89710316664653,0.2108181347595503,1
165,5.5,Participant4_LS_FuUp,Endomorph,Normal,upright,1.0,0.0,0.0,-0.1917668670333661,-46.10856374493297,0.2208093186163368,1
166,5.533333333333333,Participant4_LS_FuUp,Endomorph,Normal,upright,1.0,0.0,0.0,-0.1811231353226517,-46.66148059691852,0.2085952865219024,1
167,5.566666666666666,Participant4_LS_FuUp,Endomorph,Normal,upright,1.0,0.0,0.0,-0.1704555317393927,-47.36328808825328,0.2026668485974268,1
168,5.6,Participant4_LS_FuUp,Endomorph,Normal,upright,1.0,0.0,0.0,-0.1838832229554894,-46.049750061080346,0.1856755377174071,1
169,5.633333333333334,Participant4_LS_FuUp,Endomorph,Normal,upright,1.0,0.0,0.0,-0.1853434169180748,-46.12085722914561,0.1845633320541885,1
170,5.666666666666667,Participant4_LS_FuUp,Endomorph,Normal,upright,1.0,0.0,0.0,-0.1986016808448742,-45.83722523750578,0.198694448814715,1
171,5.7,Participant4_LS_FuUp,Endomorph,Normal,upright,1.0,0.0,0.0,-0.1827061255771424,-47.33533538361302,0.2118971547262196,1
172,5.733333333333333,Participant4_LS_FuUp,Endomorph,Normal,upright,1.0,0.0,0.0,-0.1773290661450464,-45.75360110909409,0.2176975512576698,1
173,5.766666666666667,Participant4_LS_FuUp,Endomorph,Normal,upright,1.0,0.0,0.0,-0.1767765342223464,-47.66848010391332,0.1926873508474026,1
174,5.8,Participant4_LS_FuUp,Endomorph,Normal,upright,1.0,0.0,0.0,-0.1791120031425906,-46.67472905805364,0.2254540616356438,1
175,5.833333333333333,Participant4_LS_FuUp,Endomorph,Normal,upright,1.0,0.0,0.0,-0.1657955642109307,-48.805367114638834,0.2461749829567655,1
176,5.866666666666666,Participant4_LS_FuUp,Endomorph,Normal,upright,1.0,0.0,0.0,-0.1717119981515231,-43.458304909708495,0.2027167491874132,1
177,5.9,Participant4_LS_FuUp,Endomorph,Normal,upright,1.0,0.0,0.0,-0.1613941876908149,-46.77382506949925,0.2294583585635135,1
178,5.933333333333334,Participant4_LS_FuUp,Endomorph,Normal,upright,1.0,0.0,0.0,-0.1602527961966376,-46.78969988860565,0.2228145440792052,1
179,5.966666666666667,Participant4_LS_FuUp,Endomorph,Normal,upright,1.0,0.0,0.0,-0.1838753687837817,-47.09807457863416,0.2401461310734992,1
180,6.0,Participant4_LS_FuUp,Endomorph,Normal,upright,1.0,0.0,0.0,-0.1528559434790369,-46.76956189015091,0.223482166997915,1
181,6.033333333333333,Participant4_LS_FuUp,Endomorph,Normal,upright,1.0,0.0,0.0,-0.1897503557180712,-47.61586278323547,0.2407516553890389,1
182,6.066666666666666,Participant4_LS_FuUp,Endomorph,Normal,upright,1.0,0.0,0.0,-0.1674254339994575,-45.76938673546414,0.2709926370879258,1
183,6.1,Participant4_LS_FuUp,Endomorph,Normal,upright,1.0,0.0,0.0,-0.1858796523538868,-44.93121393287815,0.2641134928860042,1
184,6.133333333333334,Participant4_LS_FuUp,Endomorph,Normal,upright,1.0,0.0,0.0,-0.1862800161495137,-48.17636648759438,0.2564387914758007,1
185,6.166666666666667,Participant4_LS_FuUp,Endomorph,Normal,upright,1.0,0.0,0.0,-0.1725803506653563,-47.473963491093606,0.2576116967780307,1
186,6.2,Participant4_LS_FuUp,Endomorph,Normal,upright,1.0,0.0,0.0,-0.1754653111099556,-46.136051086327534,0.2419475890185916,1
187,6.233333333333333,Participant4_LS_FuUp,Endomorph,Normal,upright,1.0,0.0,0.0,-0.1818907440283568,-46.297035152082834,0.2334229285197806,1
188,6.266666666666667,Participant4_LS_FuUp,Endomorph,Normal,upright,1.0,0.0,0.0,-0.183087695091117,-46.44846674845965,0.248152984423027,1
189,6.3,Participant4_LS_FuUp,Endomorph,Normal,upright,1.0,0.0,0.0,-0.1714155092518066,-47.60066227543024,0.2543748445693302,1
190,6.333333333333333,Participant4_LS_FuUp,Endomorph,Normal,upright,1.0,0.0,0.0,-0.1563508237184128,-46.83134039401645,0.2441235323648564,1
191,6.366666666666666,Participant4_LS_FuUp,Endomorph,Normal,upright,1.0,0.0,0.0,-0.1706334573713552,-44.709255725767385,0.2346736277543243,1
192,6.4,Participant4_LS_FuUp,Endomorph,Normal,upright,1.0,0.0,0.0,-0.182908027898812,-47.01677454021915,0.2257005963228867,1
193,6.433333333333334,Participant4_LS_FuUp,Endomorph,Normal,upright,1.0,0.0,0.0,-0.1730225959437534,-47.81449181244637,0.2266949761214752,1
194,6.466666666666667,Participant4_LS_FuUp,Endomorph,Normal,upright,1.0,0.0,0.0,-0.18631979771031,-46.15503826505735,0.2580814460025784,1
195,6.5,Participant4_LS_FuUp,Endomorph,Normal,upright,1.0,0.0,0.0,-0.1811665200377732,-47.74036248085543,0.2313322235709028,1
196,6.533333333333333,Participant4_LS_FuUp,Endomorph,Normal,upright,1.0,0.0,0.0,-0.1658985796920645,-48.24769961479248,0.2187871280265419,1
197,6.566666666666666,Participant4_LS_FuUp,Endomorph,Normal,upright,1.0,0.0,0.0,-0.1768312652544202,-47.842610029156745,0.2155408467407196,1
198,6.6,Participant4_LS_FuUp,Endomorph,Normal,upright,1.0,0.0,0.0,-0.2007132748679072,-45.03209658514877,0.2297189008716539,1
199,6.633333333333334,Participant4_LS_FuUp,Endomorph,Normal,upright,1.0,0.0,0.0,-0.1794461734328912,-46.29345836949029,0.241037998073475,1
200,6.666666666666667,Participant4_LS_FuUp,Endomorph,Normal,upright,1.0,0.0,0.0,-0.1751586518679302,-44.49996521911672,0.264379999364644,1
201,6.7,Participant4_LS_FuUp,Endomorph,Normal,upright,1.0,0.0,0.0,-0.1780873273250389,-45.0580518473288,0.2652226036425995,1
202,6.733333333333333,Participant4_LS_FuUp,Endomorph,Normal,upright,1.0,0.0,0.0,-0.1897633906082413,-43.59926254183933,0.2169080649523147,1
203,6.766666666666667,Participant4_LS_FuUp,Endomorph,Normal,upright,1.0,0.0,0.0,-0.1889313057378548,-46.59897240782061,0.2196064506719864,1
204,6.8,Participant4_LS_FuUp,Endomorph,Normal,upright,1.0,0.0,0.0,-0.1759533266147429,-48.43763664494418,0.2048155754136661,1
205,6.833333333333333,Participant4_LS_FuUp,Endomorph,Normal,upright,1.0,0.0,0.0,-0.2026040488047793,-47.47986442391114,0.237385853946712,1
206,6.866666666666666,Participant4_LS_FuUp,Endomorph,Normal,upright,1.0,0.0,0.0,-0.1892472342384261,-47.455318209335616,0.237566784914653,1
207,6.9,Participant4_LS_FuUp,Endomorph,Normal,upright,1.0,0.0,0.0,-0.1608333746306443,-46.03951727950493,0.2086694340449084,1
208,6.933333333333334,Participant4_LS_FuUp,Endomorph,Normal,upright,1.0,0.0,0.0,-0.1747979021823291,-47.66442924964389,0.2276968985161251,1
209,6.966666666666667,Participant4_LS_FuUp,Endomorph,Normal,upright,1.0,0.0,0.0,-0.1652637686594805,-45.85563996277307,0.2373849623481093,1
210,7.0,Participant4_LS_FuUp,Endomorph,Normal,upright,1.0,0.0,0.0,-0.1835808212133581,-47.58893615544457,0.2363758772509905,1
211,7.033333333333333,Participant4_LS_FuUp,Endomorph,Normal,upright,1.0,0.0,0.0,-0.1523536161634398,-48.08688144057082,0.2058435721144451,1
212,7.066666666666666,Participant4_LS_FuUp,Endomorph,Normal,upright,1.0,0.0,0.0,-0.1935294752374468,-47.1674899668946,0.2281867091965351,1
213,7.1,Participant4_LS_FuUp,Endomorph,Normal,upright,1.0,0.0,0.0,-0.1856279764049564,-45.07673319535362,0.2266060122528018,1
214,7.133333333333334,Participant4_LS_FuUp,Endomorph,Normal,upright,1.0,0.0,0.0,-0.1888195879180608,-47.46645893861242,0.2147425897742379,1
215,7.166666666666667,Participant4_LS_FuUp,Endomorph,Normal,upright,1.0,0.0,0.0,-0.1865010025425747,-49.36341836178309,0.2349516673364864,1
216,7.2,Participant4_LS_FuUp,Endomorph,Normal,upright,1.0,0.0,0.0,-0.1889547430211621,-49.45972502812311,0.2285478680080542,1
217,7.233333333333333,Participant4_LS_FuUp,Endomorph,Normal,upright,1.0,0.0,0.0,-0.1717321869819482,-50.30529851992682,0.2249863651905749,1
218,7.266666666666667,Participant4_LS_FuUp,Endomorph,Normal,upright,1.0,0.0,0.0,-0.1902373207709628,-49.53283791676494,0.2535114352908703,1
219,7.3,Participant4_LS_FuUp,Endomorph,Normal,upright,1.0,0.0,0.0,-0.2042614024049653,-46.98960863079675,0.2326647285300553,1
220,7.333333333333333,Participant4_LS_FuUp,Endomorph,Normal,upright,1.0,0.0,0.0,-0.1843680067934271,-47.47536653968361,0.2441523864356963,1
221,7.366666666666666,Participant4_LS_FuUp,Endomorph,Normal,upright,1.0,0.0,0.0,-0.1854306394716114,-47.18002852883311,0.254322682857373,1
222,7.4,Participant4_LS_FuUp,Endomorph,Normal,upright,1.0,0.0,0.0,-0.197295101989733,-48.81654556259938,0.2443282778654218,1
223,7.433333333333334,Participant4_LS_FuUp,Endomorph,Normal,upright,1.0,0.0,0.0,-0.1497829628532356,-49.34868441245461,0.2119023542529173,1
224,7.466666666666667,Participant4_LS_FuUp,Endomorph,Normal,upright,1.0,0.0,0.0,-0.1835130952912008,-49.298057390342336,0.2715691581794919,1
225,7.5,Participant4_LS_FuUp,Endomorph,Normal,upright,1.0,0.0,0.0,-0.1455176467860329,-48.85846796574769,0.2417480798720946,1
226,7.533333333333333,Participant4_LS_FuUp,Endomorph,Normal,upright,1.0,0.0,0.0,-0.1838918681126176,-46.932461446966286,0.249927885818252,1
227,7.566666666666666,Participant4_LS_FuUp,Endomorph,Normal,upright,1.0,0.0,0.0,-0.1846714820453603,-46.52206820226591,0.25851137629277,1
228,7.6,Participant4_LS_FuUp,Endomorph,Normal,upright,1.0,0.0,0.0,-0.1838607119792457,-47.3128058099218,0.2666192062285515,1
229,7.633333333333334,Participant4_LS_FuUp,Endomorph,Normal,upright,1.0,0.0,0.0,-0.1842633309097741,-47.08648735050227,0.2372987708393581,1
230,7.666666666666667,Participant4_LS_FuUp,Endomorph,Normal,upright,1.0,0.0,0.0,-0.1777200965733244,-47.33386622619954,0.2292493904730135,1
231,7.7,Participant4_LS_FuUp,Endomorph,Normal,upright,1.0,0.0,0.0,-0.1755479269571971,-46.15387317659773,0.2106257034848784,1
232,7.733333333333333,Participant4_LS_FuUp,Endomorph,Normal,upright,1.0,0.0,0.0,-0.1836229985056898,-46.16862876007632,0.2233785351390657,1
233,7.766666666666667,Participant4_LS_FuUp,Endomorph,Normal,upright,1.0,0.0,0.0,-0.1823498560080115,-46.75317848451619,0.2309444598407189,1
234,7.8,Participant4_LS_FuUp,Endomorph,Normal,upright,1.0,0.0,0.0,-0.1824962694599916,-47.18972677027126,0.240908315125204,1
235,7.833333333333333,Participant4_LS_FuUp,Endomorph,Normal,upright,1.0,0.0,0.0,-0.163208250434138,-46.92018792792709,0.2257818048153627,1
236,7.866666666666666,Participant4_LS_FuUp,Endomorph,Normal,upright,1.0,0.0,0.0,-0.1646480406065822,-47.70177965162417,0.2519293867027066,1
237,7.9,Participant4_LS_FuUp,Endomorph,Normal,upright,1.0,0.0,0.0,-0.1739742219136997,-47.20983919902402,0.2404275095050372,1
238,7.933333333333334,Participant4_LS_FuUp,Endomorph,Normal,upright,1.0,0.0,0.0,-0.1714849458320178,-48.28176448847218,0.2379856890353326,1
239,7.966666666666667,Participant4_LS_FuUp,Endomorph,Normal,upright,1.0,0.0,0.0,-0.2013107023932973,-46.764886857498645,0.2595850026296677,1
240,8.0,Participant4_LS_FuUp,Endomorph,Normal,upright,1.0,0.0,0.0,-0.1913353050745301,-47.778163039675874,0.2426534972698656,1
241,8.033333333333333,Participant4_LS_FuUp,Endomorph,Normal,upright,1.0,0.0,0.0,-0.1784476663300499,-45.83282819175004,0.2133146707534557,1
242,8.066666666666666,Participant4_LS_FuUp,Endomorph,Normal,upright,1.0,0.0,0.0,-0.1607830754365941,-46.93525034878856,0.2380179260140261,1
243,8.1,Participant4_LS_FuUp,Endomorph,Normal,upright,1.0,0.0,0.0,-0.177278227083775,-46.3030844395184,0.2296083336272573,1
244,8.133333333333333,Participant4_LS_FuUp,Endomorph,Normal,upright,1.0,0.0,0.0,-0.1590376109226911,-45.54682169650624,0.2148812792918612,1
245,8.166666666666666,Participant4_LS_FuUp,Endomorph,Normal,upright,1.0,0.0,0.0,-0.1670817924253247,-44.44878447834689,0.2212432161181796,1
246,8.2,Participant4_LS_FuUp,Endomorph,Normal,upright,1.0,0.0,0.0,-0.1781181184678449,-44.44220140590933,0.2184698810670911,1
247,8.233333333333333,Participant4_LS_FuUp,Endomorph,Normal,upright,1.0,0.0,0.0,-0.1746479345452019,-46.06918135427505,0.2243020221327211,1
248,8.266666666666667,Participant4_LS_FuUp,Endomorph,Normal,upright,1.0,0.0,0.0,-0.1842421229412095,-45.441452701878056,0.2172269489114952,1
249,8.3,Participant4_LS_FuUp,Endomorph,Normal,upright,1.0,0.0,0.0,-0.1694939980251588,-43.34941575467595,0.2108937016899514,1
250,8.333333333333334,Participant4_LS_FuUp,Endomorph,Normal,upright,1.0,0.0,0.0,-0.1715406710365274,-44.81407337239772,0.2009601145040506,1
251,8.366666666666667,Participant4_LS_FuUp,Endomorph,Normal,upright,1.0,0.0,0.0,-0.1643356214820001,-44.817072667745485,0.2006532899989712,1
252,8.4,Participant4_LS_FuUp,Endomorph,Normal,upright,1.0,0.0,0.0,-0.1739434202829609,-44.94974490611484,0.2556383825264697,1
253,8.433333333333334,Participant4_LS_FuUp,Endomorph,Normal,upright,1.0,0.0,0.0,-0.1831879768323304,-45.231600845681626,0.2450109782065015,1
254,8.466666666666667,Participant4_LS_FuUp,Endomorph,Normal,upright,1.0,0.0,0.0,-0.1795288882999954,-42.724364377336464,0.210617583191074,1
255,8.5,Participant4_LS_FuUp,Endomorph,Normal,upright,1.0,0.0,0.0,-0.175273093790594,-45.62638059106639,0.2263589987530775,1
256,8.533333333333333,Participant4_LS_FuUp,Endomorph,Normal,upright,1.0,0.0,0.0,-0.1688726956510525,-44.27731199595711,0.2333105153322394,1
257,8.566666666666666,Participant4_LS_FuUp,Endomorph,Normal,upright,1.0,0.0,0.0,-0.1736642154488421,-44.15536491742283,0.2358360616086724,1
258,8.6,Participant4_LS_FuUp,Endomorph,Normal,upright,1.0,0.0,0.0,-0.1881101171765705,-45.245301615363566,0.2080777108906793,1
259,8.633333333333333,Participant4_LS_FuUp,Endomorph,Normal,upright,1.0,0.0,0.0,-0.1947679953552219,-43.83963348591287,0.2393835659788966,1
260,8.666666666666666,Participant4_LS_FuUp,Endomorph,Normal,upright,1.0,0.0,0.0,-0.1771465366791809,-46.39949846328201,0.2055977563595024,1
261,8.7,Participant4_LS_FuUp,Endomorph,Normal,upright,1.0,0.0,0.0,-0.1765761091412767,-45.78222493462371,0.2302417086437355,1
262,8.733333333333333,Participant4_LS_FuUp,Endomorph,Normal,upright,1.0,0.0,0.0,-0.1992565071608379,-43.69752772077697,0.2240725437943174,1
263,8.766666666666667,Participant4_LS_FuUp,Endomorph,Normal,upright,1.0,0.0,0.0,-0.1763401015568375,-44.01535049116544,0.2091443920439885,1
264,8.8,Participant4_LS_FuUp,Endomorph,Normal,upright,1.0,0.0,0.0,-0.1713293453114662,-45.69737278978112,0.1952274897032003,1
265,8.833333333333334,Participant4_LS_FuUp,Endomorph,Normal,upright,1.0,0.0,0.0,-0.181992896244125,-46.13019426000269,0.191833628353233,1
266,8.866666666666667,Participant4_LS_FuUp,Endomorph,Normal,upright,1.0,0.0,0.0,-0.1926659809560093,-46.30063087209694,0.1927962187169974,1
267,8.9,Participant4_LS_FuUp,Endomorph,Normal,upright,1.0,0.0,0.0,-0.2121864008775117,-44.19760646100704,0.1888719629590273,1
268,8.933333333333334,Participant4_LS_FuUp,Endomorph,Normal,upright,1.0,0.0,0.0,-0.1639977256521037,-46.570717314826375,0.1846626858644739,1
269,8.966666666666667,Participant4_LS_FuUp,Endomorph,Normal,upright,1.0,0.0,0.0,-0.1743190115240047,-45.57334727162053,0.2285822889985091,1
270,9.0,Participant4_LS_FuUp,Endomorph,Normal,upright,1.0,0.0,0.0,-0.1869053599627649,-44.40998520806347,0.2134565690725392,1
271,9.033333333333331,Participant4_LS_FuUp,Endomorph,Normal,upright,1.0,0.0,0.0,-0.1635215919487548,-45.87213069115256,0.2022767498937555,1
272,9.066666666666666,Participant4_LS_FuUp,Endomorph,Normal,upright,1.0,0.0,0.0,-0.1657471336248378,-47.38510433245696,0.1767346149549814,1
273,9.1,Participant4_LS_FuUp,Endomorph,Normal,upright,1.0,0.0,0.0,-0.1872063417063814,-45.141251773086665,0.1827454430697317,1
274,9.133333333333333,Participant4_LS_FuUp,Endomorph,Normal,upright,1.0,0.0,0.0,-0.1676871933177597,-45.7222156114139,0.1858582485447879,1
275,9.166666666666666,Participant4_LS_FuUp,Endomorph,Normal,upright,1.0,0.0,0.0,-0.1633680483983449,-45.713748319653575,0.1890609445995079,1
276,9.2,Participant4_LS_FuUp,Endomorph,Normal,upright,1.0,0.0,0.0,-0.2058249518821713,-42.92212665480616,0.2148680437131677,1
277,9.233333333333333,Participant4_LS_FuUp,Endomorph,Normal,upright,1.0,0.0,0.0,-0.2028195628378492,-42.50033653802441,0.21188268299395,1
278,9.266666666666667,Participant4_LS_FuUp,Endomorph,Normal,upright,1.0,0.0,0.0,-0.1835913217213897,-43.50642996058452,0.1893884780221895,1
279,9.3,Participant4_LS_FuUp,Endomorph,Normal,upright,1.0,0.0,0.0,-0.1793293098664496,-44.379865124968326,0.1742822590822291,1
280,9.333333333333334,Participant4_LS_FuUp,Endomorph,Normal,upright,1.0,0.0,0.0,-0.1564525034044208,-44.81751741061843,0.2179142810108957,1
281,9.366666666666667,Participant4_LS_FuUp,Endomorph,Normal,upright,1.0,0.0,0.0,-0.1810612177582274,-44.28730531377538,0.2396357831609647,1
282,9.4,Participant4_LS_FuUp,Endomorph,Normal,upright,1.0,0.0,0.0,-0.1782913024180741,-45.06098944815249,0.2208236960790573,1
283,9.433333333333334,Participant4_LS_FuUp,Endomorph,Normal,upright,1.0,0.0,0.0,-0.169940123509021,-44.6665006770344,0.200812710681414,1
284,9.466666666666669,Participant4_LS_FuUp,Endomorph,Normal,upright,1.0,0.0,0.0,-0.1923113189716543,-42.36152683658481,0.2341436509088161,1
285,9.5,Participant4_LS_FuUp,Endomorph,Normal,upright,1.0,0.0,0.0,-0.1819239698689614,-44.23889110763774,0.2142002838272297,1
286,9.533333333333331,Participant4_LS_FuUp,Endomorph,Normal,upright,1.0,0.0,0.0,-0.1783549181447618,-44.10026918596431,0.2031771513036001,1
287,9.566666666666666,Participant4_LS_FuUp,Endomorph,Normal,upright,1.0,0.0,0.0,-0.1626781693645459,-44.30721558680559,0.2009703125846206,1
288,9.6,Participant4_LS_FuUp,Endomorph,Normal,upright,1.0,0.0,0.0,-0.2096623976729335,-43.19694028778489,0.236917305411931,1
289,9.633333333333333,Participant4_LS_FuUp,Endomorph,Normal,upright,1.0,0.0,0.0,-0.1922573276065262,-43.30564169206804,0.2359748153793176,1
290,9.666666666666666,Participant4_LS_FuUp,Endomorph,Normal,upright,1.0,0.0,0.0,-0.1869170183613712,-44.98659029448616,0.2204228876899083,1
291,9.7,Participant4_LS_FuUp,Endomorph,Normal,upright,1.0,0.0,0.0,-0.1964862576884493,-43.55678044632985,0.2536414793490176,1
292,9.733333333333333,Participant4_LS_FuUp,Endomorph,Normal,upright,1.0,0.0,0.0,-0.1979146460379807,-43.85897961502954,0.2580815733054433,1
293,9.766666666666667,Participant4_LS_FuUp,Endomorph,Normal,upright,1.0,0.0,0.0,-0.1976565718741203,-45.56752090746837,0.2446784565201513,1
294,9.8,Participant4_LS_FuUp,Endomorph,Normal,upright,1.0,0.0,0.0,-0.1993384384250475,-45.62290270852749,0.2376093879792583,1
295,9.833333333333334,Participant4_LS_FuUp,Endomorph,Normal,upright,1.0,0.0,0.0,-0.1517089661283093,-45.19614631285994,0.2199009360784038,1
296,9.866666666666667,Participant4_LS_FuUp,Endomorph,Normal,upright,1.0,0.0,0.0,-0.1639606140376722,-46.88217916509311,0.237066762062204,1
297,9.9,Participant4_LS_FuUp,Endomorph,Normal,upright,1.0,0.0,0.0,-0.1516281288484171,-46.83380615347634,0.2545446392576307,1
298,9.933333333333334,Participant4_LS_FuUp,Endomorph,Normal,upright,1.0,0.0,0.0,-0.1573851866726136,-44.1921266376358,0.2264897944773714,1
299,9.966666666666669,Participant4_LS_FuUp,Endomorph,Normal,upright,1.0,0.0,0.0,-0.1438260153545879,-44.81356707885319,0.2100638722556195,1
300,10.0,Participant4_LS_FuUp,Endomorph,Normal,upright,1.0,0.0,0.0,-0.1930337560757218,-44.409466641277874,0.261005736886069,1
301,10.033333333333331,Participant4_LS_FuUp,Endomorph,Normal,upright,1.0,0.0,0.0,-0.1663200429884986,-44.24892350471757,0.1803691481631859,1
302,10.066666666666666,Participant4_LS_FuUp,Endomorph,Normal,upright,1.0,0.0,0.0,-0.1773056300605999,-46.04972773323479,0.2020995455361048,1
303,10.1,Participant4_LS_FuUp,Endomorph,Normal,upright,1.0,0.0,0.0,-0.1848550658146356,-45.13129069084126,0.194424828896725,1
304,10.133333333333333,Participant4_LS_FuUp,Endomorph,Normal,upright,1.0,0.0,0.0,-0.1628660245193578,-45.09944716463635,0.1987856465427482,1
305,10.166666666666666,Participant4_LS_FuUp,Endomorph,Normal,upright,1.0,0.0,0.0,-0.1712223899048526,-45.9181929292815,0.2424146651768147,1
306,10.2,Participant4_LS_FuUp,Endomorph,Normal,upright,1.0,0.0,0.0,-0.2016022835707205,-42.271484828333946,0.2198192781408486,1
307,10.233333333333333,Participant4_LS_FuUp,Endomorph,Normal,upright,1.0,0.0,0.0,-0.2178359347863048,-43.38603524459282,0.2408980969753719,1
308,10.266666666666667,Participant4_LS_FuUp,Endomorph,Normal,upright,1.0,0.0,0.0,-0.2184936441577877,-43.513491039255314,0.2389111651480697,1
309,10.3,Participant4_LS_FuUp,Endomorph,Normal,upright,1.0,0.0,0.0,-0.177025271389594,-45.4958785906025,0.194696045032441,1
310,10.333333333333334,Participant4_LS_FuUp,Endomorph,Normal,upright,1.0,0.0,0.0,-0.1764925835582128,-44.3009048607581,0.1975256069339198,1
311,10.366666666666667,Participant4_LS_FuUp,Endomorph,Normal,upright,1.0,0.0,0.0,-0.1813782004079452,-46.34410131770678,0.2174426631159748,1
312,10.4,Participant4_LS_FuUp,Endomorph,Normal,upright,1.0,0.0,0.0,-0.1931899997493326,-45.75430053922296,0.2329007031323912,1
313,10.433333333333334,Participant4_LS_FuUp,Endomorph,Normal,upright,1.0,0.0,0.0,-0.1984387503524421,-46.73660452771744,0.220502533333225,1
314,10.466666666666669,Participant4_LS_FuUp,Endomorph,Normal,upright,1.0,0.0,0.0,-0.1656480829860902,-44.74735484067018,0.232951402889684,1
315,10.5,Participant4_LS_FuUp,Endomorph,Normal,upright,1.0,0.0,0.0,-0.1648103158935707,-45.93327492600644,0.2206275267574253,1
316,10.533333333333331,Participant4_LS_FuUp,Endomorph,Normal,upright,1.0,0.0,0.0,-0.1737950516631912,-46.96039981013198,0.2159099681861289,1
317,10.566666666666666,Participant4_LS_FuUp,Endomorph,Normal,upright,1.0,0.0,0.0,-0.1759977839656268,-45.89881900182163,0.2326436345040764,1
318,10.6,Participant4_LS_FuUp,Endomorph,Normal,upright,1.0,0.0,0.0,-0.1751442661268109,-46.37387346608601,0.2334563532297358,1
319,10.633333333333333,Participant4_LS_FuUp,Endomorph,Normal,upright,1.0,0.0,0.0,-0.170955396146335,-45.07072214533677,0.2560018430459889,1
320,10.666666666666666,Participant4_LS_FuUp,Endomorph,Normal,upright,1.0,0.0,0.0,-0.1695948073320267,-46.21409192010381,0.2326911327184125,1
321,10.7,Participant4_LS_FuUp,Endomorph,Normal,upright,1.0,0.0,0.0,-0.1715321913472374,-46.825847744625655,0.2435512797714621,1
322,10.733333333333333,Participant4_LS_FuUp,Endomorph,Normal,upright,1.0,0.0,0.0,-0.1767736498553737,-45.27299043294033,0.2148060461727353,1
323,10.766666666666667,Participant4_LS_FuUp,Endomorph,Normal,upright,1.0,0.0,0.0,-0.1657052302231187,-45.666118785934856,0.2156965347918812,1
324,10.8,Participant4_LS_FuUp,Endomorph,Normal,upright,1.0,0.0,0.0,-0.1950559597614842,-43.72421739969354,0.2537565031347855,1
325,10.833333333333334,Participant4_LS_FuUp,Endomorph,Normal,upright,1.0,0.0,0.0,-0.1799687906709566,-43.82225755745778,0.2420388061345606,1
326,10.866666666666667,Participant4_LS_FuUp,Endomorph,Normal,upright,1.0,0.0,0.0,-0.1915494234379433,-44.018342266221495,0.2582115932510657,1
327,10.9,Participant4_LS_FuUp,Endomorph,Normal,upright,1.0,0.0,0.0,-0.1917946813237193,-45.541166000501015,0.2554240298777471,1
328,10.933333333333334,Participant4_LS_FuUp,Endomorph,Normal,upright,1.0,0.0,0.0,-0.1743753161058832,-45.859751742021416,0.2046881929724447,1
329,10.966666666666669,Participant4_LS_FuUp,Endomorph,Normal,upright,1.0,0.0,0.0,-0.1772803696775133,-46.57581208033802,0.2315098218377832,1
330,11.0,Participant4_LS_FuUp,Endomorph,Normal,upright,1.0,0.0,0.0,-0.1777537259366189,-45.95751051405631,0.2283852251309884,1
331,11.033333333333331,Participant4_LS_FuUp,Endomorph,Normal,upright,1.0,0.0,0.0,-0.1711125686751487,-46.1877583494271,0.2433167333720742,1
332,11.066666666666666,Participant4_LS_FuUp,Endomorph,Normal,upright,1.0,0.0,0.0,-0.1806787171451551,-46.15175708830605,0.2104668939909104,1
333,11.1,Participant4_LS_FuUp,Endomorph,Normal,upright,1.0,0.0,0.0,-0.1923457798210887,-47.11641168993147,0.2391694090161728,1
334,11.133333333333333,Participant4_LS_FuUp,Endomorph,Normal,upright,1.0,0.0,0.0,-0.177002532458863,-47.14222207583367,0.2375421475128579,1
335,11.166666666666666,Participant4_LS_FuUp,Endomorph,Normal,upright,1.0,0.0,0.0,-0.1659150323501402,-47.29321982941859,0.2286379040924462,1
336,11.2,Participant4_LS_FuUp,Endomorph,Normal,upright,1.0,0.0,0.0,-0.1729324880140258,-44.66158028502351,0.2343868586178308,1
337,11.233333333333333,Participant4_LS_FuUp,Endomorph,Normal,upright,1.0,0.0,0.0,-0.1680437083550839,-47.42380787296953,0.2316645776470603,1
338,11.266666666666667,Participant4_LS_FuUp,Endomorph,Normal,upright,1.0,0.0,0.0,-0.1554943046105144,-44.56836491732813,0.2183784044099469,1
339,11.3,Participant4_LS_FuUp,Endomorph,Normal,upright,1.0,0.0,0.0,-0.1626246471978261,-45.98552098272855,0.2412921059570562,1
340,11.333333333333334,Participant4_LS_FuUp,Endomorph,Normal,upright,1.0,0.0,0.0,-0.1725331526191213,-43.83452904250451,0.2587960343646655,1
341,11.366666666666667,Participant4_LS_FuUp,Endomorph,Normal,upright,1.0,0.0,0.0,-0.1672020297431245,-43.99783401013245,0.2200034434528335,1
342,11.4,Participant4_LS_FuUp,Endomorph,Normal,upright,1.0,0.0,0.0,-0.1687366982636984,-44.10023536663913,0.208769512849131,1
343,11.433333333333334,Participant4_LS_FuUp,Endomorph,Normal,upright,1.0,0.0,0.0,-0.1673722553372707,-47.30150137524569,0.2372797621485144,1
344,11.466666666666669,Participant4_LS_FuUp,Endomorph,Normal,upright,1.0,0.0,0.0,-0.1486080160239483,-47.28346910452356,0.2344166629385643,1
345,11.5,Participant4_LS_FuUp,Endomorph,Normal,upright,1.0,0.0,0.0,-0.1486482076945235,-48.29436336049878,0.2190872949027305,1
346,11.533333333333331,Participant4_LS_FuUp,Endomorph,Normal,upright,1.0,0.0,0.0,-0.1651339544111341,-47.22510968986918,0.2303215608714225,1
347,11.566666666666666,Participant4_LS_FuUp,Endomorph,Normal,upright,1.0,0.0,0.0,-0.1497655859925323,-44.32508048624396,0.1978072073730989,1
348,11.6,Participant4_LS_FuUp,Endomorph,Normal,upright,1.0,0.0,0.0,-0.1656302340708954,-47.82735406957587,0.2518566880465191,1
349,11.633333333333333,Participant4_LS_FuUp,Endomorph,Normal,upright,1.0,0.0,0.0,-0.1791006867172735,-47.40458711801053,0.2312534162195837,1
350,11.666666666666666,Participant4_LS_FuUp,Endomorph,Normal,upright,1.0,0.0,0.0,-0.1574297577404622,-47.93608904174058,0.2214545241134835,1
351,11.7,Participant4_LS_FuUp,Endomorph,Normal,upright,1.0,0.0,0.0,-0.1558361504244167,-44.650556626981874,0.1980842888306882,1
352,11.733333333333333,Participant4_LS_FuUp,Endomorph,Normal,upright,1.0,0.0,0.0,-0.156969855328649,-46.6012061864357,0.2114594030461564,1
353,11.766666666666667,Participant4_LS_FuUp,Endomorph,Normal,upright,1.0,0.0,0.0,-0.1784286816126562,-45.28588641487416,0.225960199266062,1
354,11.8,Participant4_LS_FuUp,Endomorph,Normal,upright,1.0,0.0,0.0,-0.1421162986427411,-46.51186937351893,0.2381379484993412,1
355,11.833333333333334,Participant4_LS_FuUp,Endomorph,Normal,upright,1.0,0.0,0.0,-0.1515727349953218,-46.03400828933915,0.2329599801051408,1
356,11.866666666666667,Participant4_LS_FuUp,Endomorph,Normal,upright,1.0,0.0,0.0,-0.1455325890799865,-46.53851996597801,0.231573601483621,1
357,11.9,Participant4_LS_FuUp,Endomorph,Normal,upright,1.0,0.0,0.0,-0.1735116403369669,-44.469547479918646,0.2039166991437787,1
358,11.933333333333334,Participant4_LS_FuUp,Endomorph,Normal,upright,1.0,0.0,0.0,-0.1551068265398554,-46.8757282977459,0.2498245240041967,1
359,11.966666666666669,Participant4_LS_FuUp,Endomorph,Normal,upright,1.0,0.0,0.0,-0.1755609115721625,-47.51768885991914,0.2448622431380349,1
360,12.0,Participant4_LS_FuUp,Endomorph,Normal,upright,1.0,0.0,0.0,-0.1705599414068461,-44.92986125723077,0.2159987905938028,1
361,12.033333333333331,Participant4_LS_FuUp,Endomorph,Normal,upright,1.0,0.0,0.0,-0.1711351554783494,-45.12503434076902,0.2604143226016583,1
362,12.066666666666666,Participant4_LS_FuUp,Endomorph,Normal,upright,1.0,0.0,0.0,-0.162455645801161,-45.56606601010085,0.2200068617861635,1
363,12.1,Participant4_LS_FuUp,Endomorph,Normal,upright,1.0,0.0,0.0,-0.1742974757551634,-47.56793207296259,0.2348361115337618,1
364,12.133333333333333,Participant4_LS_FuUp,Endomorph,Normal,upright,1.0,0.0,0.0,-0.1880782272641158,-47.606581843420194,0.2342532459558992,1
365,12.166666666666666,Participant4_LS_FuUp,Endomorph,Normal,upright,1.0,0.0,0.0,-0.1555859860622588,-45.83914026768508,0.2222541095821048,1
366,12.2,Participant4_LS_FuUp,Endomorph,Normal,upright,1.0,0.0,0.0,-0.1812677933995029,-46.57893594886536,0.2346419875665347,1
367,12.233333333333333,Participant4_LS_FuUp,Endomorph,Normal,upright,1.0,0.0,0.0,-0.2025209281697325,-46.6861881237389,0.2530441348094425,1
368,12.266666666666667,Participant4_LS_FuUp,Endomorph,Normal,upright,1.0,0.0,0.0,-0.1811754516015439,-46.78475122146013,0.209047491695076,1
369,12.3,Participant4_LS_FuUp,Endomorph,Normal,upright,1.0,0.0,0.0,-0.1800184818668521,-48.52984740758358,0.2353444826784685,1
370,12.333333333333334,Participant4_LS_FuUp,Endomorph,Normal,upright,1.0,0.0,0.0,-0.171998095358501,-47.13169856526735,0.209942752830874,1
371,12.366666666666667,Participant4_LS_FuUp,Endomorph,Normal,upright,1.0,0.0,0.0,-0.1752126416072477,-46.051647720061766,0.2377490395785466,1
372,12.4,Participant4_LS_FuUp,Endomorph,Normal,upright,1.0,0.0,0.0,-0.1753490802316667,-42.99196307172208,0.2047864624846774,1
373,12.433333333333334,Participant4_LS_FuUp,Endomorph,Normal,upright,1.0,0.0,0.0,-0.1565273826402912,-46.067832670101566,0.2267758398186459,1
374,12.466666666666669,Participant4_LS_FuUp,Endomorph,Normal,upright,1.0,0.0,0.0,-0.1667738197080779,-45.269749330360085,0.2380489771944317,1
375,12.5,Participant4_LS_FuUp,Endomorph,Normal,upright,1.0,0.0,0.0,-0.1784372595053529,-45.2219431505568,0.2378541932168475,1
376,12.533333333333331,Participant4_LS_FuUp,Endomorph,Normal,upright,1.0,0.0,0.0,-0.1534903087906763,-46.29862920660729,0.2133809734995903,1
377,12.566666666666666,Participant4_LS_FuUp,Endomorph,Normal,upright,1.0,0.0,0.0,-0.1884748964288777,-44.5831193104091,0.2280291827298251,1
378,12.6,Participant4_LS_FuUp,Endomorph,Normal,upright,1.0,0.0,0.0,-0.1614455908409993,-46.06489248035087,0.219618922809086,1
379,12.633333333333333,Participant4_LS_FuUp,Endomorph,Normal,upright,1.0,0.0,0.0,-0.1703369379638715,-45.922094706077466,0.237892003618993,1
380,12.666666666666666,Participant4_LS_FuUp,Endomorph,Normal,upright,1.0,0.0,0.0,-0.1693109859738445,-46.64541048939165,0.2074301691892225,1
381,12.7,Participant4_LS_FuUp,Endomorph,Normal,upright,1.0,0.0,0.0,-0.1680835862306856,-49.40725387822881,0.2348504406868018,1
382,12.733333333333333,Participant4_LS_FuUp,Endomorph,Normal,upright,1.0,0.0,0.0,-0.1889316640465048,-48.23560560158535,0.2313225849906902,1
383,12.766666666666667,Participant4_LS_FuUp,Endomorph,Normal,upright,1.0,0.0,0.0,-0.1711071032031467,-46.91935672214972,0.2577204258891139,1
384,12.8,Participant4_LS_FuUp,Endomorph,Normal,upright,1.0,0.0,0.0,-0.1811517490083822,-47.78734876089925,0.263196731193147,1
385,12.833333333333334,Participant4_LS_FuUp,Endomorph,Normal,upright,1.0,0.0,0.0,-0.1628776888914455,-47.71146702848791,0.2715665691070806,1
386,12.866666666666667,Participant4_LS_FuUp,Endomorph,Normal,upright,1.0,0.0,0.0,-0.1593894981861492,-48.22746238879868,0.2538852372433119,1
387,12.9,Participant4_LS_FuUp,Endomorph,Normal,upright,1.0,0.0,0.0,-0.1574269621141494,-49.56926439049398,0.2387722959595174,1
388,12.933333333333334,Participant4_LS_FuUp,Endomorph,Normal,upright,1.0,0.0,0.0,-0.1606931895586816,-47.18156213323308,0.2057897580110196,1
389,12.966666666666669,Participant4_LS_FuUp,Endomorph,Normal,upright,1.0,0.0,0.0,-0.1485317489892385,-47.92970272655383,0.194735912754263,1
390,13.0,Participant4_LS_FuUp,Endomorph,Normal,upright,1.0,0.0,0.0,-0.1510929070870622,-47.5952314902823,0.1908341091452211,1
391,13.033333333333331,Participant4_LS_FuUp,Endomorph,Normal,upright,1.0,0.0,0.0,-0.1552285727916813,-47.49852325883223,0.1963826520947048,1
392,13.066666666666666,Participant4_LS_FuUp,Endomorph,Normal,upright,1.0,0.0,0.0,-0.1421201645611012,-50.04602487483631,0.2328057003775676,1
393,13.1,Participant4_LS_FuUp,Endomorph,Normal,upright,1.0,0.0,0.0,-0.1662197560683663,-46.41469651113398,0.2013159820858187,1
394,13.133333333333333,Participant4_LS_FuUp,Endomorph,Normal,upright,1.0,0.0,0.0,-0.1737879102386915,-47.5819231029745,0.2007143627578682,1
395,13.166666666666666,Participant4_LS_FuUp,Endomorph,Normal,upright,1.0,0.0,0.0,-0.1697405906554725,-49.17995033595477,0.2124154319936165,1
396,13.2,Participant4_LS_FuUp,Endomorph,Normal,upright,1.0,0.0,0.0,-0.1233108579886449,-50.32586044598464,0.2134381702308279,1
397,13.233333333333333,Participant4_LS_FuUp,Endomorph,Normal,upright,1.0,0.0,0.0,-0.1627151708111573,-48.1869229459667,0.1903187733061368,1
398,13.266666666666667,Participant4_LS_FuUp,Endomorph,Normal,upright,1.0,0.0,0.0,-0.1848501450290419,-46.7311295727754,0.1765974305305757,1
399,13.3,Participant4_LS_FuUp,Endomorph,Normal,upright,1.0,0.0,0.0,-0.1645542643120917,-47.67518634184589,0.2093130296611177,1
400,13.333333333333334,Participant4_LS_FuUp,Endomorph,Normal,upright,1.0,0.0,0.0,-0.1666749353396324,-48.423060089441975,0.1957183255745503,1
401,13.366666666666667,Participant4_LS_FuUp,Endomorph,Normal,upright,1.0,0.0,0.0,-0.1648706741445395,-48.31502558402639,0.1989756378474307,1
402,13.4,Participant4_LS_FuUp,Endomorph,Normal,upright,1.0,0.0,0.0,-0.1556925013699557,-48.55715602114324,0.2141074935249902,1
403,13.433333333333334,Participant4_LS_FuUp,Endomorph,Normal,upright,1.0,0.0,0.0,-0.1568011074133142,-47.663160115707946,0.2005879141432988,1
404,13.466666666666669,Participant4_LS_FuUp,Endomorph,Normal,upright,1.0,0.0,0.0,-0.1611923745926804,-47.7568345126965,0.1957662128777791,1
405,13.5,Participant4_LS_FuUp,Endomorph,Normal,upright,1.0,0.0,0.0,-0.159835680079051,-47.53060060332441,0.2272672523474344,1
406,13.533333333333331,Participant4_LS_FuUp,Endomorph,Normal,upright,1.0,0.0,0.0,-0.149394251963537,-48.234219804847136,0.2232059604271757,1
407,13.566666666666666,Participant4_LS_FuUp,Endomorph,Normal,upright,1.0,0.0,0.0,-0.1564512877552877,-48.10942244381904,0.2056478554963835,1
408,13.6,Participant4_LS_FuUp,Endomorph,Normal,upright,1.0,0.0,0.0,-0.1699682374118667,-47.20384653977346,0.2305704938568947,1
409,13.633333333333333,Participant4_LS_FuUp,Endomorph,Normal,upright,1.0,0.0,0.0,-0.1618806084753688,-46.72366395066876,0.224560042345512,1
410,13.666666666666666,Participant4_LS_FuUp,Endomorph,Normal,upright,1.0,0.0,0.0,-0.1469694768638808,-47.171206504189726,0.1976928372646909,1
411,13.7,Participant4_LS_FuUp,Endomorph,Normal,upright,1.0,0.0,0.0,-0.1284013657263351,-47.83621286201561,0.2018509217191869,1
412,13.733333333333333,Participant4_LS_FuUp,Endomorph,Normal,upright,1.0,0.0,0.0,-0.136351424306773,-48.29151250055741,0.1804657531539094,1
413,13.766666666666667,Participant4_LS_FuUp,Endomorph,Normal,upright,1.0,0.0,0.0,-0.1404219234177409,-46.72345915264655,0.2031800567129999,1
414,13.8,Participant4_LS_FuUp,Endomorph,Normal,upright,1.0,0.0,0.0,-0.1406246286137052,-46.92477249672967,0.2201650555915251,1
415,13.833333333333334,Participant4_LS_FuUp,Endomorph,Normal,upright,1.0,0.0,0.0,-0.1497597054541824,-46.86623126596405,0.1998710016243886,1
416,13.866666666666667,Participant4_LS_FuUp,Endomorph,Normal,upright,1.0,0.0,0.0,-0.1479485840590713,-46.5377169102852,0.2342419788904521,1
417,13.9,Participant4_LS_FuUp,Endomorph,Normal,upright,1.0,0.0,0.0,-0.1542840901907538,-47.604971859418,0.2090090752926113,1
418,13.933333333333334,Participant4_LS_FuUp,Endomorph,Normal,upright,1.0,0.0,0.0,-0.1554297412162191,-47.63996148928767,0.211771078129076,1
419,13.966666666666669,Participant4_LS_FuUp,Endomorph,Normal,upright,1.0,0.0,0.0,-0.1384373932823258,-47.30369194911825,0.19833250851712,1
420,14.0,Participant4_LS_FuUp,Endomorph,Normal,upright,1.0,0.0,0.0,-0.1713688572389022,-45.85214252607095,0.2051459439522841,1
421,14.033333333333331,Participant4_LS_FuUp,Endomorph,Normal,upright,1.0,0.0,0.0,-0.1423094796069496,-47.89331907396725,0.2017666952904247,1
422,14.066666666666666,Participant4_LS_FuUp,Endomorph,Normal,upright,1.0,0.0,0.0,-0.1372567874002709,-46.92338397052309,0.2085824941949632,1
423,14.1,Participant4_LS_FuUp,Endomorph,Normal,upright,1.0,0.0,0.0,-0.1375708430837255,-47.23122744620241,0.2079080298480002,1
424,14.133333333333333,Participant4_LS_FuUp,Endomorph,Normal,upright,1.0,0.0,0.0,-0.1263275361446565,-48.12819078433181,0.1903611003625715,1
425,14.166666666666666,Participant4_LS_FuUp,Endomorph,Normal,upright,1.0,0.0,0.0,-0.1436104138181489,-45.92434247602133,0.2044271904281736,1
426,14.2,Participant4_LS_FuUp,Endomorph,Normal,upright,1.0,0.0,0.0,-0.1557003891990156,-45.42922089763662,0.2040918258547637,1
427,14.233333333333333,Participant4_LS_FuUp,Endomorph,Normal,upright,1.0,0.0,0.0,-0.1411309427165861,-48.46988650099212,0.207727259829386,1
428,14.266666666666667,Participant4_LS_FuUp,Endomorph,Normal,upright,1.0,0.0,0.0,-0.1434546983208886,-48.22544729375822,0.2096197028353438,1
429,14.3,Participant4_LS_FuUp,Endomorph,Normal,upright,1.0,0.0,0.0,-0.150328711446323,-46.02309190246585,0.2332227640347662,1
430,14.333333333333334,Participant4_LS_FuUp,Endomorph,Normal,upright,1.0,0.0,0.0,-0.172212793324728,-46.02925612101416,0.2341696285833831,1
431,14.366666666666667,Participant4_LS_FuUp,Endomorph,Normal,upright,1.0,0.0,0.0,-0.1618737087287357,-46.40111615105175,0.2345316885211386,1
432,14.4,Participant4_LS_FuUp,Endomorph,Normal,upright,1.0,0.0,0.0,-0.1574772178261915,-46.94610465902544,0.238107338161614,1
433,14.433333333333334,Participant4_LS_FuUp,Endomorph,Normal,upright,1.0,0.0,0.0,-0.160802195893296,-46.55766672634344,0.2515737442171829,1
434,14.466666666666669,Participant4_LS_FuUp,Endomorph,Normal,upright,1.0,0.0,0.0,-0.1652448887662326,-46.02298887008086,0.202342241024367,1
435,14.5,Participant4_LS_FuUp,Endomorph,Normal,upright,1.0,0.0,0.0,-0.1740052075654883,-45.42818663349655,0.2107111287571835,1
436,14.533333333333331,Participant4_LS_FuUp,Endomorph,Normal,upright,1.0,0.0,0.0,-0.1635953362582431,-48.2403790547891,0.2144715222612667,1
437,14.566666666666666,Participant4_LS_FuUp,Endomorph,Normal,upright,1.0,0.0,0.0,-0.1549672134023162,-45.99293324796061,0.210308858867748,1
438,14.6,Participant4_LS_FuUp,Endomorph,Normal,upright,1.0,0.0,0.0,-0.1722037687143083,-45.677473355522814,0.2441333162438546,1
439,14.633333333333333,Participant4_LS_FuUp,Endomorph,Normal,upright,1.0,0.0,0.0,-0.1683161358377087,-48.14521216099468,0.2217420807822109,1
440,14.666666666666666,Participant4_LS_FuUp,Endomorph,Normal,upright,1.0,0.0,0.0,-0.184394424802557,-45.013498662649,0.227958273908245,1
441,14.7,Participant4_LS_FuUp,Endomorph,Normal,upright,1.0,0.0,0.0,-0.1729628119572124,-43.94107168931944,0.2299428101585947,1
442,14.733333333333333,Participant4_LS_FuUp,Endomorph,Normal,upright,1.0,0.0,0.0,-0.1794236114703746,-45.29841965943191,0.2185548868524153,1
443,14.766666666666667,Participant4_LS_FuUp,Endomorph,Normal,upright,1.0,0.0,0.0,-0.1678615202488609,-46.13947762286982,0.2579507851527948,1
444,14.8,Participant4_LS_FuUp,Endomorph,Normal,upright,1.0,0.0,0.0,-0.1614085837442793,-46.4773218908654,0.2080015698545946,1
445,14.833333333333334,Participant4_LS_FuUp,Endomorph,Normal,upright,1.0,0.0,0.0,-0.1531671377729838,-47.37887409093869,0.2001624445013838,1
446,14.866666666666667,Participant4_LS_FuUp,Endomorph,Normal,upright,1.0,0.0,0.0,-0.1836317030326304,-45.2772933532339,0.2340434234196328,1
447,14.9,Participant4_LS_FuUp,Endomorph,Normal,upright,1.0,0.0,0.0,-0.1708473934779107,-44.81274496848718,0.2221489813174532,1
448,14.933333333333334,Participant4_LS_FuUp,Endomorph,Normal,upright,1.0,0.0,0.0,-0.1498815330907935,-48.39333685781795,0.1907845052346106,1
449,14.966666666666669,Participant4_LS_FuUp,Endomorph,Normal,upright,1.0,0.0,0.0,-0.175454964567019,-47.86914020114372,0.1979481772172841,1
450,15.0,Participant4_LS_FuUp,Endomorph,Normal,upright,1.0,0.0,0.0,-0.1781148005169233,-47.42364506740496,0.2383194914557182,1
451,15.033333333333331,Participant4_LS_FuUp,Endomorph,Normal,upright,1.0,0.0,0.0,-0.1605235804555711,-46.32838432447678,0.2194783356312274,1
452,15.066666666666666,Participant4_LS_FuUp,Endomorph,Normal,upright,1.0,0.0,0.0,-0.1693695981673739,-46.49841852048029,0.1788773865458856,1
453,15.1,Participant4_LS_FuUp,Endomorph,Normal,upright,1.0,0.0,0.0,-0.1504307901782615,-47.66262379772754,0.1980613866824785,1
454,15.133333333333333,Participant4_LS_FuUp,Endomorph,Normal,upright,1.0,0.0,0.0,-0.1211627964493551,-50.44859147675677,0.1675722884276224,1
455,15.166666666666666,Participant4_LS_FuUp,Endomorph,Normal,upright,1.0,0.0,0.0,-0.1291731913134333,-49.442606131596456,0.1712930800488201,1
456,15.2,Participant4_LS_FuUp,Endomorph,Normal,upright,1.0,0.0,0.0,-0.1332597869815741,-46.83974299057652,0.2186548228137125,1
457,15.233333333333333,Participant4_LS_FuUp,Endomorph,Normal,upright,1.0,0.0,0.0,-0.1549856485825782,-48.20638751237677,0.1788512283104359,1
458,15.266666666666667,Participant4_LS_FuUp,Endomorph,Normal,upright,1.0,0.0,0.0,-0.128813159044275,-49.04194547702279,0.1744679746149486,1
459,15.3,Participant4_LS_FuUp,Endomorph,Normal,upright,1.0,0.0,0.0,-0.2039661304598191,-43.302160556605166,0.2210479911061363,1
460,15.333333333333334,Participant4_LS_FuUp,Endomorph,Normal,upright,1.0,0.0,0.0,-0.1586788668224454,-46.51925592141525,0.1848747943960497,1
461,15.366666666666667,Participant4_LS_FuUp,Endomorph,Normal,upright,1.0,0.0,0.0,-0.1703213689827283,-45.51771978120596,0.2059719820820009,1
462,15.4,Participant4_LS_FuUp,Endomorph,Normal,upright,1.0,0.0,0.0,-0.1941456153156646,-45.3735946061052,0.222128236127019,1
463,15.433333333333334,Participant4_LS_FuUp,Endomorph,Normal,upright,1.0,0.0,0.0,-0.1838908718627502,-47.00421396073157,0.22672849797466,1
464,15.466666666666669,Participant4_LS_FuUp,Endomorph,Normal,upright,1.0,0.0,0.0,-0.1616847999396392,-45.97084010033123,0.2064772798760505,1
465,15.5,Participant4_LS_FuUp,Endomorph,Normal,upright,1.0,0.0,0.0,-0.1654394058778769,-45.961796039731865,0.2215470906330397,1
466,15.533333333333331,Participant4_LS_FuUp,Endomorph,Normal,upright,1.0,0.0,0.0,-0.1758203013154177,-45.18071312224176,0.2138118419839588,1
467,15.566666666666666,Participant4_LS_FuUp,Endomorph,Normal,upright,1.0,0.0,0.0,-0.157361925424862,-46.02370225517965,0.2257862030616954,1
468,15.6,Participant4_LS_FuUp,Endomorph,Normal,upright,1.0,0.0,0.0,-0.1470139044976959,-46.09037065241539,0.2181481480979051,1
469,15.633333333333333,Participant4_LS_FuUp,Endomorph,Normal,upright,1.0,0.0,0.0,-0.1671196143767784,-47.880293456573845,0.21537063361111,1
470,15.666666666666666,Participant4_LS_FuUp,Endomorph,Normal,upright,1.0,0.0,0.0,-0.1634723710088815,-46.98690134873796,0.2065013101252503,1
471,15.7,Participant4_LS_FuUp,Endomorph,Normal,upright,1.0,0.0,0.0,-0.1564955157278345,-46.44607055357014,0.2113444080243036,1
472,15.733333333333333,Participant4_LS_FuUp,Endomorph,Normal,upright,1.0,0.0,0.0,-0.1511764345252683,-46.43353319185641,0.1984400959861234,1
473,15.766666666666667,Participant4_LS_FuUp,Endomorph,Normal,upright,1.0,0.0,0.0,-0.1684040110389089,-46.60882381958835,0.2231984736433771,1
474,15.8,Participant4_LS_FuUp,Endomorph,Normal,upright,1.0,0.0,0.0,-0.1603946287427052,-45.99613494977618,0.2143992869684305,1
475,15.833333333333334,Participant4_LS_FuUp,Endomorph,Normal,upright,1.0,0.0,0.0,-0.1609048551347421,-48.0769064854906,0.2054121017916008,1
476,15.866666666666667,Participant4_LS_FuUp,Endomorph,Normal,upright,1.0,0.0,0.0,-0.1629280427111726,-47.81048054681276,0.20678311880978,1
477,15.9,Participant4_LS_FuUp,Endomorph,Normal,upright,1.0,0.0,0.0,-0.1805092963672108,-45.75825072219428,0.2158873400442114,1
478,15.933333333333334,Participant4_LS_FuUp,Endomorph,Normal,upright,1.0,0.0,0.0,-0.1623444477826108,-48.685384685625245,0.1971678279955662,1
479,15.966666666666669,Participant4_LS_FuUp,Endomorph,Normal,upright,1.0,0.0,0.0,-0.1535816916948335,-45.602356081184574,0.2168131638277303,1
480,16.0,Participant4_LS_FuUp,Endomorph,Normal,upright,1.0,0.0,0.0,-0.1822618357264367,-43.41247906143998,0.19428949863082,1
481,16.033333333333335,Participant4_LS_FuUp,Endomorph,Normal,upright,1.0,0.0,0.0,-0.1848093298062969,-41.97932694033887,0.2139236016175546,1
482,16.066666666666666,Participant4_LS_FuUp,Endomorph,Normal,upright,1.0,0.0,0.0,-0.1487814103584172,-45.22902485119824,0.1930984375392166,1
483,16.1,Participant4_LS_FuUp,Endomorph,Normal,upright,1.0,0.0,0.0,-0.1572406797172518,-46.65806245880594,0.2138833879055827,1
484,16.133333333333333,Participant4_LS_FuUp,Endomorph,Normal,upright,1.0,0.0,0.0,-0.1495354524287568,-46.75725995227278,0.2070300377915475,1
485,16.166666666666668,Participant4_LS_FuUp,Endomorph,Normal,upright,1.0,0.0,0.0,-0.1531229581855633,-46.68805283200876,0.2154280856955122,1
486,16.2,Participant4_LS_FuUp,Endomorph,Normal,upright,1.0,0.0,0.0,-0.1574394054986817,-48.802766759528566,0.2293211915853616,1
487,16.233333333333334,Participant4_LS_FuUp,Endomorph,Normal,upright,1.0,0.0,0.0,-0.1536362727146584,-45.40910240877415,0.1970624259418296,1
488,16.266666666666666,Participant4_LS_FuUp,Endomorph,Normal,upright,1.0,0.0,0.0,-0.1626248511964081,-47.57198900228463,0.2173816742142961,1
489,16.3,Participant4_LS_FuUp,Endomorph,Normal,upright,1.0,0.0,0.0,-0.1572077988455176,-48.2400544028289,0.2093263689852819,1
490,16.333333333333332,Participant4_LS_FuUp,Endomorph,Normal,upright,1.0,0.0,0.0,-0.1453610583414384,-45.89616240596133,0.2105244350886562,1
491,16.366666666666667,Participant4_LS_FuUp,Endomorph,Normal,upright,1.0,0.0,0.0,-0.1462256946290971,-46.56966979480373,0.221188791475956,1
492,16.4,Participant4_LS_FuUp,Endomorph,Normal,upright,1.0,0.0,0.0,-0.1689117066971925,-45.10766390264271,0.2292745529275985,1
493,16.433333333333334,Participant4_LS_FuUp,Endomorph,Normal,upright,1.0,0.0,0.0,-0.1803097162414184,-45.96894628972807,0.2454535617474038,1
494,16.466666666666665,Participant4_LS_FuUp,Endomorph,Normal,upright,1.0,0.0,0.0,-0.1761370371426552,-45.09448618003239,0.2295390283216684,1
495,16.5,Participant4_LS_FuUp,Endomorph,Normal,upright,1.0,0.0,0.0,-0.1505133447071923,-48.0985312757694,0.224758061576022,1
496,16.533333333333335,Participant4_LS_FuUp,Endomorph,Normal,upright,1.0,0.0,0.0,-0.1534378343069375,-46.737586813993,0.2351534756688535,1
497,16.566666666666666,Participant4_LS_FuUp,Endomorph,Normal,upright,1.0,0.0,0.0,-0.1593440659124056,-46.782801218814015,0.2059971519828898,1
498,16.6,Participant4_LS_FuUp,Endomorph,Normal,upright,1.0,0.0,0.0,-0.1561756940365058,-48.70241663914969,0.2226062168132778,1
499,16.633333333333333,Participant4_LS_FuUp,Endomorph,Normal,upright,1.0,0.0,0.0,-0.1510986920323744,-48.29139861836273,0.2381143750576855,1
500,16.666666666666668,Participant4_LS_FuUp,Endomorph,Normal,upright,1.0,0.0,0.0,-0.1363098570855732,-49.75805412695775,0.2329153432256897,1
501,16.7,Participant4_LS_FuUp,Endomorph,Normal,upright,1.0,0.0,0.0,-0.1282109481020527,-47.65896655732509,0.1923725938509966,1
502,16.733333333333334,Participant4_LS_FuUp,Endomorph,Normal,upright,1.0,0.0,0.0,-0.1501061624213429,-47.23203651990853,0.2059251836005852,1
503,16.766666666666666,Participant4_LS_FuUp,Endomorph,Normal,upright,1.0,0.0,0.0,-0.1698395736176934,-44.40996888855755,0.2117412374017153,1
504,16.8,Participant4_LS_FuUp,Endomorph,Normal,upright,1.0,0.0,0.0,-0.1432678806701246,-46.950631562255225,0.2137983171540827,1
505,16.833333333333332,Participant4_LS_FuUp,Endomorph,Normal,upright,1.0,0.0,0.0,-0.1413699691150595,-48.43136151807416,0.2376831185196028,1
506,16.866666666666667,Participant4_LS_FuUp,Endomorph,Normal,upright,1.0,0.0,0.0,-0.1441833870705165,-48.329460383837095,0.2300549495553805,1
507,16.9,Participant4_LS_FuUp,Endomorph,Normal,upright,1.0,0.0,0.0,-0.1392825995514048,-49.98755656192521,0.1890292974185373,1
508,16.933333333333334,Participant4_LS_FuUp,Endomorph,Normal,upright,1.0,0.0,0.0,-0.1386971186770857,-47.19830590838007,0.2053748623611384,1
509,16.966666666666665,Participant4_LS_FuUp,Endomorph,Normal,upright,1.0,0.0,0.0,-0.1359674941652457,-48.23478573258031,0.2083528885359469,1
510,17.0,Participant4_LS_FuUp,Endomorph,Normal,upright,1.0,0.0,0.0,-0.1332378696534056,-49.27126555678056,0.2022078130229678,1
511,17.033333333333335,Participant4_LS_FuUp,Endomorph,Normal,upright,1.0,0.0,0.0,-0.14360833564663,-49.13446632388873,0.2131687848087888,1
512,17.066666666666666,Participant4_LS_FuUp,Endomorph,Normal,upright,1.0,0.0,0.0,-0.1491078831232352,-47.07315906277755,0.2410230963780171,1
513,17.1,Participant4_LS_FuUp,Endomorph,Normal,upright,1.0,0.0,0.0,-0.1430621247778403,-49.89906947076143,0.2263593744752443,1
514,17.133333333333333,Participant4_LS_FuUp,Endomorph,Normal,upright,1.0,0.0,0.0,-0.142243280845623,-49.530732117631054,0.2234971350339878,1
515,17.166666666666668,Participant4_LS_FuUp,Endomorph,Normal,upright,1.0,0.0,0.0,-0.1726151304133667,-45.519757005547376,0.219091533165864,1
516,17.2,Participant4_LS_FuUp,Endomorph,Normal,upright,1.0,0.0,0.0,-0.1808443975772801,-46.17303403497113,0.1974669731285148,1
517,17.233333333333334,Participant4_LS_FuUp,Endomorph,Normal,upright,1.0,0.0,0.0,-0.153152655127819,-47.766833545045685,0.2080362917541587,1
518,17.266666666666666,Participant4_LS_FuUp,Endomorph,Normal,upright,1.0,0.0,0.0,-0.1496368535900298,-46.92796232221553,0.2073677985933267,1
519,17.3,Participant4_LS_FuUp,Endomorph,Normal,upright,1.0,0.0,0.0,-0.1552254749350301,-45.39242537339759,0.2090879474815193,1
520,17.333333333333332,Participant4_LS_FuUp,Endomorph,Normal,upright,1.0,0.0,0.0,-0.1477972391863116,-51.1820488374124,0.1600989902278875,1
521,17.366666666666667,Participant4_LS_FuUp,Endomorph,Normal,upright,1.0,0.0,0.0,-0.1625603356862003,-47.10293302629239,0.2021046834875224,1
522,17.4,Participant4_LS_FuUp,Endomorph,Normal,upright,1.0,0.0,0.0,-0.1816774552715836,-47.84836454360397,0.2196589079569228,1
523,17.433333333333334,Participant4_LS_FuUp,Endomorph,Normal,upright,1.0,0.0,0.0,-0.1812779103044187,-47.00231074439128,0.2081788251171197,1
524,17.466666666666665,Participant4_LS_FuUp,Endomorph,Normal,upright,1.0,0.0,0.0,-0.1637061201958047,-46.95530054339015,0.2159349378272375,1
525,17.5,Participant4_LS_FuUp,Endomorph,Normal,upright,1.0,0.0,0.0,-0.1827404165697203,-46.7076839770343,0.2450385839577553,1
526,17.533333333333335,Participant4_LS_FuUp,Endomorph,Normal,upright,1.0,0.0,0.0,-0.1733501604645269,-47.69242793593453,0.2215328654503309,1
527,17.566666666666666,Participant4_LS_FuUp,Endomorph,Normal,upright,1.0,0.0,0.0,-0.1667227199307284,-47.338654546446726,0.2145903971915124,1
528,17.6,Participant4_LS_FuUp,Endomorph,Normal,upright,1.0,0.0,0.0,-0.1887702971817151,-47.37099622188466,0.1985961609071436,1
529,17.633333333333333,Participant4_LS_FuUp,Endomorph,Normal,upright,1.0,0.0,0.0,-0.1447286670907924,-47.65033514698525,0.2097316625649365,1
530,17.666666666666668,Participant4_LS_FuUp,Endomorph,Normal,upright,1.0,0.0,0.0,-0.1657515939550096,-48.18254669475401,0.2182162351535805,1
531,17.7,Participant4_LS_FuUp,Endomorph,Normal,upright,1.0,0.0,0.0,-0.1723576779155269,-47.72804046560381,0.206599967750139,1
532,17.733333333333334,Participant4_LS_FuUp,Endomorph,Normal,upright,1.0,0.0,0.0,-0.1725270661985976,-49.894492985812974,0.2243226795051326,1
533,17.766666666666666,Participant4_LS_FuUp,Endomorph,Normal,upright,1.0,0.0,0.0,-0.1741341142762605,-46.30019633227919,0.2249805262150668,1
534,17.8,Participant4_LS_FuUp,Endomorph,Normal,upright,1.0,0.0,0.0,-0.1595670774741109,-49.3285704365666,0.2096361333243977,1
535,17.833333333333332,Participant4_LS_FuUp,Endomorph,Normal,upright,1.0,0.0,0.0,-0.1663062131342388,-50.201560243869146,0.2480394417003495,1
536,17.866666666666667,Participant4_LS_FuUp,Endomorph,Normal,upright,1.0,0.0,0.0,-0.1842358380561752,-46.70806178510588,0.2090297663334195,1
537,17.9,Participant4_LS_FuUp,Endomorph,Normal,upright,1.0,0.0,0.0,-0.1504583501986509,-49.62224482433573,0.195919761199851,1
538,17.933333333333334,Participant4_LS_FuUp,Endomorph,Normal,upright,1.0,0.0,0.0,-0.145555870430342,-48.53878198888517,0.1845451471252273,1
539,17.966666666666665,Participant4_LS_FuUp,Endomorph,Normal,upright,1.0,0.0,0.0,-0.1418956092780245,-49.40206431382218,0.1833341317163421,1
540,18.0,Participant4_LS_FuUp,Endomorph,Normal,upright,1.0,0.0,0.0,-0.1340671805580927,-49.1888470362875,0.1744804604353006,1
541,18.03333333333333,Participant4_LS_FuUp,Endomorph,Normal,upright,1.0,0.0,0.0,-0.1225373949185346,-49.1230659557971,0.1866906898397905,1
542,18.066666666666663,Participant4_LS_FuUp,Endomorph,Normal,upright,1.0,0.0,0.0,-0.1427592248422882,-49.20716611330413,0.1824759616724377,1
543,18.1,Participant4_LS_FuUp,Endomorph,Normal,upright,1.0,0.0,0.0,-0.1629810547660417,-46.64779202159826,0.2123369710710435,1
544,18.133333333333333,Participant4_LS_FuUp,Endomorph,Normal,upright,1.0,0.0,0.0,-0.1410282843396416,-48.4047373969763,0.1982141143565214,1
545,18.166666666666668,Participant4_LS_FuUp,Endomorph,Normal,upright,1.0,0.0,0.0,-0.1401274275326653,-48.35050213391008,0.1905262389381165,1
546,18.2,Participant4_LS_FuUp,Endomorph,Normal,upright,1.0,0.0,0.0,-0.1340985529283472,-49.88060894109324,0.1865595544518962,1
547,18.23333333333333,Participant4_LS_FuUp,Endomorph,Normal,upright,1.0,0.0,0.0,-0.1542254352398793,-47.8099561328535,0.2011065456585002,1
548,18.266666666666666,Participant4_LS_FuUp,Endomorph,Normal,upright,1.0,0.0,0.0,-0.1564972084253355,-49.28056391528421,0.2455115195240503,1
549,18.3,Participant4_LS_FuUp,Endomorph,Normal,upright,1.0,0.0,0.0,-0.1377233950957809,-48.537279519996375,0.1991725447748782,1
550,18.33333333333333,Participant4_LS_FuUp,Endomorph,Normal,upright,1.0,0.0,0.0,-0.1453724747089007,-49.28191228952216,0.2232304134203106,1
551,18.366666666666667,Participant4_LS_FuUp,Endomorph,Normal,upright,1.0,0.0,0.0,-0.1619105585589741,-49.010313701072086,0.2043643260479896,1
552,18.4,Participant4_LS_FuUp,Endomorph,Normal,upright,1.0,0.0,0.0,-0.1683845721636729,-48.167904655929895,0.1979375053385195,1
553,18.433333333333334,Participant4_LS_FuUp,Endomorph,Normal,upright,1.0,0.0,0.0,-0.1212332528270629,-48.496590994900735,0.1817260316299336,1
554,18.466666666666665,Participant4_LS_FuUp,Endomorph,Normal,upright,1.0,0.0,0.0,-0.1210658677736462,-47.69718993694431,0.1905132802763695,1
555,18.5,Participant4_LS_FuUp,Endomorph,Normal,upright,1.0,0.0,0.0,-0.1561730081625038,-49.30953897354933,0.2170366854880327,1
556,18.53333333333333,Participant4_LS_FuUp,Endomorph,Normal,upright,1.0,0.0,0.0,-0.1702813425824655,-49.18966475699877,0.2175421222497985,1
557,18.566666666666663,Participant4_LS_FuUp,Endomorph,Normal,upright,1.0,0.0,0.0,-0.1408543360521542,-47.9943947406489,0.1600528513090089,1
558,18.6,Participant4_LS_FuUp,Endomorph,Normal,upright,1.0,0.0,0.0,-0.1746582981360324,-46.79912472429902,0.2097458031859535,1
559,18.633333333333333,Participant4_LS_FuUp,Endomorph,Normal,upright,1.0,0.0,0.0,-0.162459990104045,-48.70993913349661,0.2035803352194417,1
560,18.666666666666668,Participant4_LS_FuUp,Endomorph,Normal,upright,1.0,0.0,0.0,-0.1487231861614809,-48.96821291996582,0.2074779557768649,1
561,18.7,Participant4_LS_FuUp,Endomorph,Normal,upright,1.0,0.0,0.0,-0.1495432430590526,-48.91742455581196,0.2069751652632331,1
562,18.73333333333333,Participant4_LS_FuUp,Endomorph,Normal,upright,1.0,0.0,0.0,-0.1553501277281705,-49.07275360057659,0.2540692975318342,1
563,18.766666666666666,Participant4_LS_FuUp,Endomorph,Normal,upright,1.0,0.0,0.0,-0.157117910831203,-49.20192711113889,0.256620056783241,1
564,18.8,Participant4_LS_FuUp,Endomorph,Normal,upright,1.0,0.0,0.0,-0.128039334793619,-49.81117974236809,0.2052658728885329,1
565,18.83333333333333,Participant4_LS_FuUp,Endomorph,Normal,upright,1.0,0.0,0.0,-0.1331519688727415,-48.83501169304142,0.2169732538954688,1
566,18.866666666666667,Participant4_LS_FuUp,Endomorph,Normal,upright,1.0,0.0,0.0,-0.1474788301327906,-47.90901696456967,0.1952485595755222,1
567,18.9,Participant4_LS_FuUp,Endomorph,Normal,upright,1.0,0.0,0.0,-0.1780454801285989,-48.56386673129347,0.1889757220240519,1
568,18.933333333333334,Participant4_LS_FuUp,Endomorph,Normal,upright,1.0,0.0,0.0,-0.1541779846736087,-49.30402096530078,0.1876234393098238,1
569,18.966666666666665,Participant4_LS_FuUp,Endomorph,Normal,upright,1.0,0.0,0.0,-0.1537060333023686,-47.90896873040821,0.1861074448416509,1
570,19.0,Participant4_LS_FuUp,Endomorph,Normal,upright,1.0,0.0,0.0,-0.1613949523231039,-48.50581399570338,0.1790832588239979,1
571,19.03333333333333,Participant4_LS_FuUp,Endomorph,Normal,upright,1.0,0.0,0.0,-0.1712164390240054,-49.38712984735665,0.2025485934478216,1
572,19.066666666666663,Participant4_LS_FuUp,Endomorph,Normal,upright,1.0,0.0,0.0,-0.1517922673321242,-48.35708638810818,0.1924827885987562,1
573,19.1,Participant4_LS_FuUp,Endomorph,Normal,upright,1.0,0.0,0.0,-0.1704644476034658,-47.68482845356017,0.213476863557905,1
574,19.133333333333333,Participant4_LS_FuUp,Endomorph,Normal,upright,1.0,0.0,0.0,-0.1507109555482905,-49.782739523864464,0.1908157895838182,1
575,19.166666666666668,Participant4_LS_FuUp,Endomorph,Normal,upright,1.0,0.0,0.0,-0.1395129960684237,-51.54365722574663,0.1988476794724097,1
576,19.2,Participant4_LS_FuUp,Endomorph,Normal,upright,1.0,0.0,0.0,-0.1639283081964871,-49.71216602176344,0.2013826774266744,1
577,19.23333333333333,Participant4_LS_FuUp,Endomorph,Normal,upright,1.0,0.0,0.0,-0.1464355266756619,-49.338837156195616,0.2373972879378514,1
578,19.266666666666666,Participant4_LS_FuUp,Endomorph,Normal,upright,1.0,0.0,0.0,-0.1453399357079116,-48.85642805215304,0.2484314274058444,1
579,19.3,Participant4_LS_FuUp,Endomorph,Normal,upright,1.0,0.0,0.0,-0.1480113863944987,-49.65968246853759,0.1960388834852526,1
580,19.33333333333333,Participant4_LS_FuUp,Endomorph,Normal,upright,1.0,0.0,0.0,-0.1586250147279347,-49.757022998626304,0.2381434351111051,1
581,19.366666666666667,Participant4_LS_FuUp,Endomorph,Normal,upright,1.0,0.0,0.0,-0.1391205834421722,-47.78166884623525,0.2316858874652427,1
582,19.4,Participant4_LS_FuUp,Endomorph,Normal,upright,1.0,0.0,0.0,-0.130869132070483,-50.15838003147634,0.2228134593105004,1
583,19.433333333333334,Participant4_LS_FuUp,Endomorph,Normal,upright,1.0,0.0,0.0,-0.1439842188722107,-49.4360847610569,0.2402930342128903,1
584,19.466666666666665,Participant4_LS_FuUp,Endomorph,Normal,upright,1.0,0.0,0.0,-0.1239011381900583,-49.97622053402431,0.2078046043662615,1
585,19.5,Participant4_LS_FuUp,Endomorph,Normal,upright,1.0,0.0,0.0,-0.1228344512105829,-49.937113561032525,0.2521190800150004,1
586,19.53333333333333,Participant4_LS_FuUp,Endomorph,Normal,upright,1.0,0.0,0.0,-0.1469121675955182,-48.46607736326961,0.2503249984619556,1
587,19.566666666666663,Participant4_LS_FuUp,Endomorph,Normal,upright,1.0,0.0,0.0,-0.145292217309811,-48.44359584827309,0.2525412088059647,1
588,19.6,Participant4_LS_FuUp,Endomorph,Normal,upright,1.0,0.0,0.0,-0.1494132932124278,-49.66939472132416,0.2293482265797056,1
589,19.633333333333333,Participant4_LS_FuUp,Endomorph,Normal,upright,1.0,0.0,0.0,-0.1553559131718338,-49.63076935291959,0.2513656778561951,1
590,19.666666666666668,Participant4_LS_FuUp,Endomorph,Normal,upright,1.0,0.0,0.0,-0.1401862529567064,-47.92542789353426,0.2181743244289054,1
591,19.7,Participant4_LS_FuUp,Endomorph,Normal,upright,1.0,0.0,0.0,-0.150933036636384,-47.814972925527776,0.2602939483270011,1
592,19.73333333333333,Participant4_LS_FuUp,Endomorph,Normal,upright,1.0,0.0,0.0,-0.1526802136796454,-48.26770750212996,0.2151375624178108,1
593,19.766666666666666,Participant4_LS_FuUp,Endomorph,Normal,upright,1.0,0.0,0.0,-0.13852014481092,-48.586818171636864,0.2193631753315733,1
594,19.8,Participant4_LS_FuUp,Endomorph,Normal,upright,1.0,0.0,0.0,-0.1625223575293204,-48.85675148115333,0.2519483468320085,1
595,19.83333333333333,Participant4_LS_FuUp,Endomorph,Normal,upright,1.0,0.0,0.0,-0.1745213192571076,-46.01575831521422,0.2130251877306316,1
596,19.866666666666667,Participant4_LS_FuUp,Endomorph,Normal,upright,1.0,0.0,0.0,-0.1711354074741666,-45.8434447222799,0.2067170579013437,1
597,19.9,Participant4_LS_FuUp,Endomorph,Normal,upright,1.0,0.0,0.0,-0.1639039632093819,-48.480433455048384,0.2025493136259362,1
598,19.933333333333334,Participant4_LS_FuUp,Endomorph,Normal,upright,1.0,0.0,0.0,-0.1892921969586503,-47.43699323428898,0.2437448589534649,1
599,19.966666666666665,Participant4_LS_FuUp,Endomorph,Normal,upright,1.0,0.0,0.0,-0.176119818771974,-49.22858086392982,0.245715171701339,1
600,20.0,Participant4_LS_FuUp,Endomorph,Normal,upright,1.0,0.0,0.0,-0.1753624372677125,-47.23932866811165,0.2172115224947531,1
601,20.03333333333333,Participant4_LS_FuUp,Endomorph,Normal,upright,1.0,0.0,0.0,-0.1746721734943628,-47.378978581723416,0.2463473587876349,1
602,20.066666666666663,Participant4_LS_FuUp,Endomorph,Normal,upright,1.0,0.0,0.0,-0.1634299905870189,-48.04384029888911,0.2466445577457185,1
603,20.1,Participant4_LS_FuUp,Endomorph,Normal,upright,1.0,0.0,0.0,-0.1639646693152912,-47.78242415725865,0.24801530373694,1
604,20.133333333333333,Participant4_LS_FuUp,Endomorph,Normal,upright,1.0,0.0,0.0,-0.170015246835974,-46.54890480031269,0.2252770714086439,1
605,20.166666666666668,Participant4_LS_FuUp,Endomorph,Normal,upright,1.0,0.0,0.0,-0.1796824352194945,-47.21003589195777,0.2502307213703241,1
606,20.2,Participant4_LS_FuUp,Endomorph,Normal,upright,1.0,0.0,0.0,-0.1649761458928125,-45.546080097027726,0.2255047158487978,1
607,20.23333333333333,Participant4_LS_FuUp,Endomorph,Normal,upright,1.0,0.0,0.0,-0.1798097150576272,-47.53765367719883,0.2552802001682768,1
608,20.266666666666666,Participant4_LS_FuUp,Endomorph,Normal,upright,1.0,0.0,0.0,-0.175782864673997,-47.51104050050181,0.2532551755636167,1
609,20.3,Participant4_LS_FuUp,Endomorph,Normal,upright,1.0,0.0,0.0,-0.1703057626724482,-48.47164348960818,0.2597266523914366,1
610,20.33333333333333,Participant4_LS_FuUp,Endomorph,Normal,upright,1.0,0.0,0.0,-0.1647915194750567,-49.36413726445673,0.2355271389935011,1
611,20.366666666666667,Participant4_LS_FuUp,Endomorph,Normal,upright,1.0,0.0,0.0,-0.1592026784518852,-47.0754281965407,0.2444796478088408,1
612,20.4,Participant4_LS_FuUp,Endomorph,Normal,upright,1.0,0.0,0.0,-0.1600585205369815,-47.18237087688185,0.2548251973550809,1
613,20.433333333333334,Participant4_LS_FuUp,Endomorph,Normal,upright,1.0,0.0,0.0,-0.178563644695006,-47.02341357107368,0.2477886436628371,1
614,20.466666666666665,Participant4_LS_FuUp,Endomorph,Normal,upright,1.0,0.0,0.0,-0.1650846986059552,-50.97689104801956,0.2099971162707455,1
615,20.5,Participant4_LS_FuUp,Endomorph,Normal,upright,1.0,0.0,0.0,-0.175340710716115,-47.12267074169876,0.2510550832115381,1
616,20.53333333333333,Participant4_LS_FuUp,Endomorph,Normal,upright,1.0,0.0,0.0,-0.1902640491794596,-46.35995417032285,0.2536230330256688,1
617,20.566666666666663,Participant4_LS_FuUp,Endomorph,Normal,upright,1.0,0.0,0.0,-0.1899263592840849,-46.45257707299888,0.253100005532192,1
618,20.6,Participant4_LS_FuUp,Endomorph,Normal,upright,1.0,0.0,0.0,-0.198630087242674,-45.991840369004805,0.2453073574531269,1
619,20.633333333333333,Participant4_LS_FuUp,Endomorph,Normal,upright,1.0,0.0,0.0,-0.2085548115589846,-45.64933619206685,0.2399436321569496,1
620,20.666666666666668,Participant4_LS_FuUp,Endomorph,Normal,upright,1.0,0.0,0.0,-0.1834274975290036,-46.69409885331866,0.2316024661387266,1
621,20.7,Participant4_LS_FuUp,Endomorph,Normal,upright,1.0,0.0,0.0,-0.1612702449509923,-47.93428775755952,0.2485297291687548,1
622,20.73333333333333,Participant4_LS_FuUp,Endomorph,Normal,upright,1.0,0.0,0.0,-0.1835587698202586,-46.41031476232853,0.2285878449530265,1
623,20.766666666666666,Participant4_LS_FuUp,Endomorph,Normal,upright,1.0,0.0,0.0,-0.1747290618489669,-46.616902675352016,0.2523059781985103,1
624,20.8,Participant4_LS_FuUp,Endomorph,Normal,upright,1.0,0.0,0.0,-0.2024397470998816,-47.99733004516296,0.2267983209272427,1
625,20.83333333333333,Participant4_LS_FuUp,Endomorph,Normal,upright,1.0,0.0,0.0,-0.1856091920560152,-45.33010618378659,0.2178528046035331,1
626,20.866666666666667,Participant4_LS_FuUp,Endomorph,Normal,upright,1.0,0.0,0.0,-0.1723306773668662,-48.01350642534528,0.198547291156266,1
627,20.9,Participant4_LS_FuUp,Endomorph,Normal,upright,1.0,0.0,0.0,-0.1567862791671005,-46.78723466122933,0.2459087576673643,1
628,20.933333333333334,Participant4_LS_FuUp,Endomorph,Normal,upright,1.0,0.0,0.0,-0.1618613446163989,-47.21174657172447,0.2489822905700495,1
629,20.966666666666665,Participant4_LS_FuUp,Endomorph,Normal,upright,1.0,0.0,0.0,-0.1748730358999942,-46.96812655344399,0.2403960576031596,1
630,21.0,Participant4_LS_FuUp,Endomorph,Normal,upright,1.0,0.0,0.0,-0.162924752057302,-47.1336290825136,0.2573286056815541,1
631,21.03333333333333,Participant4_LS_FuUp,Endomorph,Normal,upright,1.0,0.0,0.0,-0.1532650397911536,-46.98503199300054,0.2565841460736041,1
632,21.066666666666663,Participant4_LS_FuUp,Endomorph,Normal,upright,1.0,0.0,0.0,-0.177169785013104,-46.06262464151583,0.2485880815786017,1
633,21.1,Participant4_LS_FuUp,Endomorph,Normal,upright,1.0,0.0,0.0,-0.179815580646201,-49.07460274727392,0.2318796372877473,1
634,21.133333333333333,Participant4_LS_FuUp,Endomorph,Normal,upright,1.0,0.0,0.0,-0.1705225486899493,-46.69626845413288,0.2507614874466568,1
635,21.166666666666668,Participant4_LS_FuUp,Endomorph,Normal,upright,1.0,0.0,0.0,-0.2039274092308004,-46.54301933380991,0.2406429751415059,1
636,21.2,Participant4_LS_FuUp,Endomorph,Normal,upright,1.0,0.0,0.0,-0.1824424742458225,-50.0244413370982,0.2123169137162759,1
637,21.23333333333333,Participant4_LS_FuUp,Endomorph,Normal,upright,1.0,0.0,0.0,-0.1871536524818837,-49.31930871504318,0.2477676568000827,1
638,21.266666666666666,Participant4_LS_FuUp,Endomorph,Normal,upright,1.0,0.0,0.0,-0.170067999468874,-47.4212580243422,0.2387447517600034,1
639,21.3,Participant4_LS_FuUp,Endomorph,Normal,upright,1.0,0.0,0.0,-0.1873419479614532,-48.678752244868384,0.2243714292748688,1
640,21.33333333333333,Participant4_LS_FuUp,Endomorph,Normal,upright,1.0,0.0,0.0,-0.1593853024834171,-48.71181316646455,0.2381030327520271,1
641,21.366666666666667,Participant4_LS_FuUp,Endomorph,Normal,upright,1.0,0.0,0.0,-0.1465062783552628,-48.94931300617273,0.2464856478425099,1
642,21.4,Participant4_LS_FuUp,Endomorph,Normal,upright,1.0,0.0,0.0,-0.1566383213616312,-48.13951983279389,0.2597162212448817,1
643,21.433333333333334,Participant4_LS_FuUp,Endomorph,Normal,upright,1.0,0.0,0.0,-0.1744251739789215,-47.87995307117352,0.2582612705395223,1
644,21.466666666666665,Participant4_LS_FuUp,Endomorph,Normal,upright,1.0,0.0,0.0,-0.1599601182727269,-47.408947611937045,0.2437331387890013,1
645,21.5,Participant4_LS_FuUp,Endomorph,Normal,upright,1.0,0.0,0.0,-0.1811962130538215,-48.29169768812292,0.2262407356285801,1
646,21.53333333333333,Participant4_LS_FuUp,Endomorph,Normal,upright,1.0,0.0,0.0,-0.1680598937652517,-45.29906488494443,0.2531588055948411,1
647,21.566666666666663,Participant4_LS_FuUp,Endomorph,Normal,upright,1.0,0.0,0.0,-0.1744696924841137,-45.34892764600043,0.2437988815449688,1
648,21.6,Participant4_LS_FuUp,Endomorph,Normal,upright,1.0,0.0,0.0,-0.1836674295561396,-45.22471177228001,0.2771003793222012,1
649,21.633333333333333,Participant4_LS_FuUp,Endomorph,Normal,upright,1.0,0.0,0.0,-0.2057574612510625,-45.254817280817726,0.2251001687257,1
650,21.666666666666668,Participant4_LS_FuUp,Endomorph,Normal,upright,1.0,0.0,0.0,-0.204804643688091,-45.58715306395509,0.2358643022461509,1
651,21.7,Participant4_LS_FuUp,Endomorph,Normal,upright,1.0,0.0,0.0,-0.1955982725293819,-45.32011343527582,0.2237730373414499,1
652,21.73333333333333,Participant4_LS_FuUp,Endomorph,Normal,upright,1.0,0.0,0.0,-0.1821887135651395,-45.435738847968224,0.2533583155564767,1
653,21.766666666666666,Participant4_LS_FuUp,Endomorph,Normal,upright,1.0,0.0,0.0,-0.2123729705639607,-44.356152406299664,0.2368039757996294,1
654,21.8,Participant4_LS_FuUp,Endomorph,Normal,upright,1.0,0.0,0.0,-0.2269545652710736,-43.13809455076817,0.2367954591398002,1
655,21.83333333333333,Participant4_LS_FuUp,Endomorph,Normal,upright,1.0,0.0,0.0,-0.1791919359189253,-45.82681501734489,0.260886605840459,1
656,21.866666666666667,Participant4_LS_FuUp,Endomorph,Normal,upright,1.0,0.0,0.0,-0.1671602120707226,-46.23350659133062,0.2413363591445794,1
657,21.9,Participant4_LS_FuUp,Endomorph,Normal,upright,1.0,0.0,0.0,-0.1719583398296111,-45.8384964844438,0.2384701600744786,1
658,21.933333333333334,Participant4_LS_FuUp,Endomorph,Normal,upright,1.0,0.0,0.0,-0.1628037545506986,-46.5210196920279,0.235208417964583,1
659,21.966666666666665,Participant4_LS_FuUp,Endomorph,Normal,upright,1.0,0.0,0.0,-0.1373739742695153,-49.1982373956125,0.2220920506712217,1
660,22.0,Participant4_LS_FuUp,Endomorph,Normal,upright,1.0,0.0,0.0,-0.1652006131774367,-48.65474137721928,0.2267390128108141,1
661,22.03333333333333,Participant4_LS_FuUp,Endomorph,Normal,upright,1.0,0.0,0.0,-0.1800314091369389,-46.64352812253135,0.2397517985487334,1
662,22.066666666666663,Participant4_LS_FuUp,Endomorph,Normal,upright,1.0,0.0,0.0,-0.1725753030927156,-45.632486012702174,0.2410319053627156,1
663,22.1,Participant4_LS_FuUp,Endomorph,Normal,upright,1.0,0.0,0.0,-0.1743479793388792,-48.05243858815778,0.2231651437776737,1
664,22.133333333333333,Participant4_LS_FuUp,Endomorph,Normal,upright,1.0,0.0,0.0,-0.1670000296628582,-47.98779998530957,0.221942264210786,1
665,22.166666666666668,Participant4_LS_FuUp,Endomorph,Normal,upright,1.0,0.0,0.0,-0.1764194087086786,-45.42979177238856,0.2352415256840527,1
666,22.2,Participant4_LS_FuUp,Endomorph,Normal,upright,1.0,0.0,0.0,-0.1682179092099121,-46.27418853898416,0.2534591247701379,1
667,22.23333333333333,Participant4_LS_FuUp,Endomorph,Normal,upright,1.0,0.0,0.0,-0.1933108642199549,-44.896690354762725,0.2412220164077662,1
668,22.266666666666666,Participant4_LS_FuUp,Endomorph,Normal,upright,1.0,0.0,0.0,-0.1825628829646924,-46.068001032505954,0.2365534784964307,1
669,22.3,Participant4_LS_FuUp,Endomorph,Normal,upright,1.0,0.0,0.0,-0.1588805565975635,-48.06629377506818,0.2169377805571352,1
670,22.33333333333333,Participant4_LS_FuUp,Endomorph,Normal,upright,1.0,0.0,0.0,-0.1872461380947069,-48.326297052215786,0.2251608805060073,1
671,22.366666666666667,Participant4_LS_FuUp,Endomorph,Normal,upright,1.0,0.0,0.0,-0.1912618759758506,-46.66261944376639,0.2463844666147096,1
672,22.4,Participant4_LS_FuUp,Endomorph,Normal,upright,1.0,0.0,0.0,-0.2089217848692229,-45.43551656033223,0.2480930426614729,1
673,22.433333333333334,Participant4_LS_FuUp,Endomorph,Normal,upright,1.0,0.0,0.0,-0.2091374322978096,-42.75954065757185,0.2392024246427645,1
674,22.466666666666665,Participant4_LS_FuUp,Endomorph,Normal,upright,1.0,0.0,0.0,-0.1903570914085001,-43.33121645164982,0.2363048844512412,1
675,22.5,Participant4_LS_FuUp,Endomorph,Normal,upright,1.0,0.0,0.0,-0.2090645182119688,-42.36198964653556,0.2316724603983197,1
676,22.53333333333333,Participant4_LS_FuUp,Endomorph,Normal,upright,1.0,0.0,0.0,-0.1936379601178887,-45.692307075405225,0.1978139767707749,1
677,22.566666666666663,Participant4_LS_FuUp,Endomorph,Normal,upright,1.0,0.0,0.0,-0.1966293866578286,-45.783978759367066,0.2016147830112767,1
678,22.6,Participant4_LS_FuUp,Endomorph,Normal,upright,1.0,0.0,0.0,-0.1806731298535465,-45.36097050411252,0.2294508777828942,1
679,22.633333333333333,Participant4_LS_FuUp,Endomorph,Normal,upright,1.0,0.0,0.0,-0.2128051134172951,-44.89105717002357,0.2494358800676208,1
680,22.666666666666668,Participant4_LS_FuUp,Endomorph,Normal,upright,1.0,0.0,0.0,-0.2072804291012545,-43.35119908355591,0.2255745382501608,1
681,22.7,Participant4_LS_FuUp,Endomorph,Normal,upright,1.0,0.0,0.0,-0.1922788278807448,-44.549696247459856,0.2004403532495174,1
682,22.73333333333333,Participant4_LS_FuUp,Endomorph,Normal,upright,1.0,0.0,0.0,-0.1999290388056553,-45.36175916122872,0.2471327496482977,1
683,22.766666666666666,Participant4_LS_FuUp,Endomorph,Normal,upright,1.0,0.0,0.0,-0.1817298169472641,-46.78465109024841,0.2271980603530455,1
684,22.8,Participant4_LS_FuUp,Endomorph,Normal,upright,1.0,0.0,0.0,-0.1735500911802759,-46.79743760125034,0.2498238780004507,1
685,22.83333333333333,Participant4_LS_FuUp,Endomorph,Normal,upright,1.0,0.0,0.0,-0.1772931788357684,-47.359869220540766,0.2510820808458873,1
686,22.866666666666667,Participant4_LS_FuUp,Endomorph,Normal,upright,1.0,0.0,0.0,-0.1559770341501354,-49.21015894218729,0.2255308254997618,1
687,22.9,Participant4_LS_FuUp,Endomorph,Normal,upright,1.0,0.0,0.0,-0.151793303791683,-48.93947053511691,0.2178614681166039,1
688,22.933333333333334,Participant4_LS_FuUp,Endomorph,Normal,upright,1.0,0.0,0.0,-0.1610650917710835,-48.54730783122794,0.2427188012728766,1
689,22.966666666666665,Participant4_LS_FuUp,Endomorph,Normal,upright,1.0,0.0,0.0,-0.1650794195764626,-48.43032582456192,0.2309462496012962,1
690,23.0,Participant4_LS_FuUp,Endomorph,Normal,upright,1.0,0.0,0.0,-0.1832645025145175,-47.32518971739125,0.2484150410323259,1
691,23.03333333333333,Participant4_LS_FuUp,Endomorph,Normal,upright,1.0,0.0,0.0,-0.1570302453179629,-47.45509518398243,0.2191385042641501,1
692,23.066666666666663,Participant4_LS_FuUp,Endomorph,Normal,upright,1.0,0.0,0.0,-0.175050693519603,-48.74263971702087,0.2440217677477208,1
693,23.1,Participant4_LS_FuUp,Endomorph,Normal,upright,1.0,0.0,0.0,-0.1770911496635948,-45.92134214182352,0.280559822902235,1
694,23.133333333333333,Participant4_LS_FuUp,Endomorph,Normal,upright,1.0,0.0,0.0,-0.1769048384746268,-46.551232522970345,0.275503794885912,1
695,23.166666666666668,Participant4_LS_FuUp,Endomorph,Normal,upright,1.0,0.0,0.0,-0.1779258615534604,-46.58513887535101,0.2713257755194133,1
696,23.2,Participant4_LS_FuUp,Endomorph,Normal,upright,1.0,0.0,0.0,-0.1853189633759269,-47.02792255796529,0.2516125789618713,1
697,23.23333333333333,Participant4_LS_FuUp,Endomorph,Normal,upright,1.0,0.0,0.0,-0.1560852280044368,-47.78041071990345,0.2641802440513099,1
698,23.266666666666666,Participant4_LS_FuUp,Endomorph,Normal,upright,1.0,0.0,0.0,-0.1923992404010778,-43.78332628814762,0.2445155171522525,1
699,23.3,Participant4_LS_FuUp,Endomorph,Normal,upright,1.0,0.0,0.0,-0.2026393493587313,-44.19348345252511,0.2383736829999623,1
700,23.33333333333333,Participant4_LS_FuUp,Endomorph,Normal,upright,1.0,0.0,0.0,-0.1799465573193449,-46.72078416227637,0.2259796453937606,1
701,23.366666666666667,Participant4_LS_FuUp,Endomorph,Normal,upright,1.0,0.0,0.0,-0.2125201604340687,-44.907188602322194,0.2434203743622431,1
702,23.4,Participant4_LS_FuUp,Endomorph,Normal,upright,1.0,0.0,0.0,-0.2055152685263245,-45.88452398643175,0.2588160521635375,1
703,23.433333333333334,Participant4_LS_FuUp,Endomorph,Normal,upright,1.0,0.0,0.0,-0.2044895581332927,-45.280157945212174,0.250415645511174,1
704,23.466666666666665,Participant4_LS_FuUp,Endomorph,Normal,upright,1.0,0.0,0.0,-0.2072995873427623,-43.93818805003278,0.2323766913687132,1
705,23.5,Participant4_LS_FuUp,Endomorph,Normal,upright,1.0,0.0,0.0,-0.204492528154778,-47.069650260742286,0.2326265426927791,1
706,23.53333333333333,Participant4_LS_FuUp,Endomorph,Normal,upright,1.0,0.0,0.0,-0.2112894324391377,-45.66388922625716,0.2545607812708031,1
707,23.566666666666663,Participant4_LS_FuUp,Endomorph,Normal,upright,1.0,0.0,0.0,-0.2198267681173633,-44.67334977908911,0.2581863923684812,1
708,23.6,Participant4_LS_FuUp,Endomorph,Normal,upright,1.0,0.0,0.0,-0.2019886719303949,-46.32291434732174,0.2399067257145263,1
709,23.633333333333333,Participant4_LS_FuUp,Endomorph,Normal,upright,1.0,0.0,0.0,-0.2125389731015284,-45.65409615978411,0.2399175269818543,1
710,23.666666666666668,Participant4_LS_FuUp,Endomorph,Normal,upright,1.0,0.0,0.0,-0.1935555308387211,-45.56790776919273,0.2516960146555557,1
711,23.7,Participant4_LS_FuUp,Endomorph,Normal,upright,1.0,0.0,0.0,-0.1697322156463077,-45.78946080589804,0.2252367514715326,1
712,23.73333333333333,Participant4_LS_FuUp,Endomorph,Normal,upright,1.0,0.0,0.0,-0.2191346059543709,-44.277011688464064,0.2584201647903159,1
713,23.766666666666666,Participant4_LS_FuUp,Endomorph,Normal,upright,1.0,0.0,0.0,-0.1891759568111582,-48.088606895630114,0.2346385864483441,1
714,23.8,Participant4_LS_FuUp,Endomorph,Normal,upright,1.0,0.0,0.0,-0.2122848689927112,-44.766922163456776,0.2445119109142489,1
715,23.83333333333333,Participant4_LS_FuUp,Endomorph,Normal,upright,1.0,0.0,0.0,-0.2025647857402344,-43.10957518771301,0.2376539070042295,1
716,23.866666666666667,Participant4_LS_FuUp,Endomorph,Normal,upright,1.0,0.0,0.0,-0.1865476545176697,-44.53022173337706,0.2487786020175069,1
717,23.9,Participant4_LS_FuUp,Endomorph,Normal,upright,1.0,0.0,0.0,-0.2064113080781491,-44.219268829600246,0.233221366407144,1
718,23.933333333333334,Participant4_LS_FuUp,Endomorph,Normal,upright,1.0,0.0,0.0,-0.1894547813693564,-44.63576201218831,0.242037610049162,1
719,23.966666666666665,Participant4_LS_FuUp,Endomorph,Normal,upright,1.0,0.0,0.0,-0.195232949115653,-44.21219558559349,0.2558143038371892,1
720,24.0,Participant4_LS_FuUp,Endomorph,Normal,upright,1.0,0.0,0.0,-0.1719244093210886,-45.98962031234988,0.2498194855112732,1
721,24.03333333333333,Participant4_LS_FuUp,Endomorph,Normal,upright,1.0,0.0,0.0,-0.1694678007485573,-47.84498577396089,0.2371924322571643,1
722,24.066666666666663,Participant4_LS_FuUp,Endomorph,Normal,upright,1.0,0.0,0.0,-0.1991767185986546,-45.4775534757998,0.2541092620928002,1
723,24.1,Participant4_LS_FuUp,Endomorph,Normal,upright,1.0,0.0,0.0,-0.1948359280111505,-45.39923929921324,0.2562931848148936,1
724,24.133333333333333,Participant4_LS_FuUp,Endomorph,Normal,upright,1.0,0.0,0.0,-0.1818286110288279,-45.09313196809911,0.2497538033197558,1
725,24.166666666666668,Participant4_LS_FuUp,Endomorph,Normal,upright,1.0,0.0,0.0,-0.1744002261174482,-45.38293593095011,0.2414401096497384,1
726,24.2,Participant4_LS_FuUp,Endomorph,Normal,upright,1.0,0.0,0.0,-0.1828592588217498,-47.57366141805449,0.2579766238006745,1
727,24.23333333333333,Participant4_LS_FuUp,Endomorph,Normal,upright,1.0,0.0,0.0,-0.1882457831075588,-47.13189555842379,0.2270194358091422,1
728,24.266666666666666,Participant4_LS_FuUp,Endomorph,Normal,upright,1.0,0.0,0.0,-0.170517274545675,-48.1724794917888,0.2112560609828476,1
729,24.3,Participant4_LS_FuUp,Endomorph,Normal,upright,1.0,0.0,0.0,-0.1589767263124809,-48.30512838342529,0.2332470088789375,1
730,24.33333333333333,Participant4_LS_FuUp,Endomorph,Normal,upright,1.0,0.0,0.0,-0.1726311851217192,-47.81706284277521,0.23963302785761,1
731,24.366666666666667,Participant4_LS_FuUp,Endomorph,Normal,upright,1.0,0.0,0.0,-0.1768067934538564,-45.481037201656655,0.2049163734042918,1
732,24.4,Participant4_LS_FuUp,Endomorph,Normal,upright,1.0,0.0,0.0,-0.1709432909838171,-47.650973385531,0.2275163399811226,1
733,24.433333333333334,Participant4_LS_FuUp,Endomorph,Normal,upright,1.0,0.0,0.0,-0.1776874614668071,-48.43500271867983,0.2207374939880542,1
734,24.466666666666665,Participant4_LS_FuUp,Endomorph,Normal,upright,1.0,0.0,0.0,-0.1912606084655793,-46.383529253652846,0.2011755563163504,1
735,24.5,Participant4_LS_FuUp,Endomorph,Normal,upright,1.0,0.0,0.0,-0.1702817516440211,-48.41837329757161,0.2258592119584429,1
736,24.53333333333333,Participant4_LS_FuUp,Endomorph,Normal,upright,1.0,0.0,0.0,-0.1811398222122396,-46.37118712888278,0.2363996697317909,1
737,24.566666666666663,Participant4_LS_FuUp,Endomorph,Normal,upright,1.0,0.0,0.0,-0.1811487149859332,-47.39228382325203,0.2303149774366178,1
738,24.6,Participant4_LS_FuUp,Endomorph,Normal,upright,1.0,0.0,0.0,-0.1767781511060153,-47.19679264230231,0.2305214879692149,1
739,24.633333333333333,Participant4_LS_FuUp,Endomorph,Normal,upright,1.0,0.0,0.0,-0.1870241631830692,-47.86707567230912,0.2404012359609547,1
740,24.666666666666668,Participant4_LS_FuUp,Endomorph,Normal,upright,1.0,0.0,0.0,-0.1826720104690267,-48.05356805183653,0.2372820032407488,1
741,24.7,Participant4_LS_FuUp,Endomorph,Normal,upright,1.0,0.0,0.0,-0.178840933506729,-47.5322252764236,0.236012279794793,1
742,24.73333333333333,Participant4_LS_FuUp,Endomorph,Normal,upright,1.0,0.0,0.0,-0.1875354843747356,-46.622525054463686,0.2327037677759462,1
743,24.766666666666666,Participant4_LS_FuUp,Endomorph,Normal,upright,1.0,0.0,0.0,-0.1825390158282179,-47.128072593558656,0.2237829435139985,1
744,24.8,Participant4_LS_FuUp,Endomorph,Normal,upright,1.0,0.0,0.0,-0.1986577845906847,-46.03533991867363,0.2611841575962501,1
745,24.83333333333333,Participant4_LS_FuUp,Endomorph,Normal,upright,1.0,0.0,0.0,-0.1930983049592293,-46.53130993750501,0.2358416837677346,1
746,24.866666666666667,Participant4_LS_FuUp,Endomorph,Normal,upright,1.0,0.0,0.0,-0.1807918966736331,-46.97415727378911,0.234033207519923,1
747,24.9,Participant4_LS_FuUp,Endomorph,Normal,upright,1.0,0.0,0.0,-0.1942148730565329,-45.25739549646873,0.2268588878540111,1
748,24.933333333333334,Participant4_LS_FuUp,Endomorph,Normal,upright,1.0,0.0,0.0,-0.1896837396968594,-44.802061465510185,0.2164057376605614,1
749,24.966666666666665,Participant4_LS_FuUp,Endomorph,Normal,upright,1.0,0.0,0.0,-0.184060708139044,-44.799468664376384,0.2164295432426889,1
750,25.0,Participant4_LS_FuUp,Endomorph,Normal,upright,1.0,0.0,0.0,-0.1899179360108709,-46.8508303427815,0.2303008759215526,1
751,25.03333333333333,Participant4_LS_FuUp,Endomorph,Normal,upright,1.0,0.0,0.0,-0.1978597341567585,-45.58717054663946,0.2362213367328323,1
752,25.066666666666663,Participant4_LS_FuUp,Endomorph,Normal,upright,1.0,0.0,0.0,-0.177902073577792,-45.081339607683816,0.2135974760210258,1
753,25.1,Participant4_LS_FuUp,Endomorph,Normal,upright,1.0,0.0,0.0,-0.2116402309023828,-45.10934045723442,0.2577557284148964,1
754,25.133333333333333,Participant4_LS_FuUp,Endomorph,Normal,upright,1.0,0.0,0.0,-0.2070036576134787,-43.44009891834964,0.2404864276651225,1
755,25.166666666666668,Participant4_LS_FuUp,Endomorph,Normal,upright,1.0,0.0,0.0,-0.2042050982098121,-43.4734252803588,0.2422170180331945,1
756,25.2,Participant4_LS_FuUp,Endomorph,Normal,upright,1.0,0.0,0.0,-0.2258409952156009,-44.8566571304053,0.2560200963269952,1
757,25.23333333333333,Participant4_LS_FuUp,Endomorph,Normal,upright,1.0,0.0,0.0,-0.2249383931086149,-44.885252702355416,0.2552511736502829,1
758,25.266666666666666,Participant4_LS_FuUp,Endomorph,Normal,upright,1.0,0.0,0.0,-0.2077483008406372,-42.59705055156612,0.2357117355568677,1
759,25.3,Participant4_LS_FuUp,Endomorph,Normal,upright,1.0,0.0,0.0,-0.1948005933991639,-43.957656763322326,0.2408440020473875,1
760,25.33333333333333,Participant4_LS_FuUp,Endomorph,Normal,upright,1.0,0.0,0.0,-0.1956499162142569,-45.12290291003221,0.2413037568858763,1
761,25.366666666666667,Participant4_LS_FuUp,Endomorph,Normal,upright,1.0,0.0,0.0,-0.2073229999664597,-43.0933934074081,0.2143477297701907,1
762,25.4,Participant4_LS_FuUp,Endomorph,Normal,upright,1.0,0.0,0.0,-0.1709061363470063,-45.2331049207552,0.2463676409970418,1
763,25.433333333333334,Participant4_LS_FuUp,Endomorph,Normal,upright,1.0,0.0,0.0,-0.1950769778589807,-45.4278040641438,0.244044330041358,1
764,25.466666666666665,Participant4_LS_FuUp,Endomorph,Normal,upright,1.0,0.0,0.0,-0.1592630278999646,-44.73048525400572,0.2661603997897416,1
765,25.5,Participant4_LS_FuUp,Endomorph,Normal,upright,1.0,0.0,0.0,-0.1631462648285363,-43.78856288756602,0.2340627537198243,1
766,25.53333333333333,Participant4_LS_FuUp,Endomorph,Normal,upright,1.0,0.0,0.0,-0.1609929254546662,-44.07238117866649,0.2454901489731868,1
767,25.566666666666663,Participant4_LS_FuUp,Endomorph,Normal,upright,1.0,0.0,0.0,-0.2026679676379387,-43.88617253499461,0.2486716128296741,1
768,25.6,Participant4_LS_FuUp,Endomorph,Normal,upright,1.0,0.0,0.0,-0.1872097577621855,-46.33651812157285,0.2050029892869141,1
769,25.633333333333333,Participant4_LS_FuUp,Endomorph,Normal,upright,1.0,0.0,0.0,-0.1942513696594691,-44.757617349537824,0.2323057524091698,1
770,25.666666666666668,Participant4_LS_FuUp,Endomorph,Normal,upright,1.0,0.0,0.0,-0.2122043312094598,-43.57727456363304,0.2215561093764526,1
771,25.7,Participant4_LS_FuUp,Endomorph,Normal,upright,1.0,0.0,0.0,-0.2030850419115782,-44.71515412190183,0.2018971609713457,1
772,25.73333333333333,Participant4_LS_FuUp,Endomorph,Normal,upright,1.0,0.0,0.0,-0.1942281571849859,-45.32446967019137,0.2705131727149276,1
773,25.766666666666666,Participant4_LS_FuUp,Endomorph,Normal,upright,1.0,0.0,0.0,-0.1996103383220189,-46.37653121778335,0.2701778859587294,1
774,25.8,Participant4_LS_FuUp,Endomorph,Normal,upright,1.0,0.0,0.0,-0.1711062847940063,-44.37868414155204,0.2548968994282141,1
775,25.83333333333333,Participant4_LS_FuUp,Endomorph,Normal,upright,1.0,0.0,0.0,-0.1739733648177669,-44.66530053855051,0.2249835602072685,1
776,25.866666666666667,Participant4_LS_FuUp,Endomorph,Normal,upright,1.0,0.0,0.0,-0.2133256868119601,-43.73166962404484,0.2262007811902381,1
777,25.9,Participant4_LS_FuUp,Endomorph,Normal,upright,1.0,0.0,0.0,-0.1656261364030247,-45.60430262135342,0.2531891365228337,1
778,25.933333333333334,Participant4_LS_FuUp,Endomorph,Normal,upright,1.0,0.0,0.0,-0.1865219185435553,-42.9729848849501,0.2445975531985195,1
779,25.966666666666665,Participant4_LS_FuUp,Endomorph,Normal,upright,1.0,0.0,0.0,-0.2067970220210296,-45.45709106182614,0.2580218229907146,1
780,26.0,Participant4_LS_FuUp,Endomorph,Normal,upright,1.0,0.0,0.0,-0.2226658538989557,-43.44024785331193,0.2241422197857153,1
781,26.03333333333333,Participant4_LS_FuUp,Endomorph,Normal,upright,1.0,0.0,0.0,-0.1990247773942924,-44.6214087976704,0.2154892467026295,1
782,26.066666666666663,Participant4_LS_FuUp,Endomorph,Normal,upright,1.0,0.0,0.0,-0.1759436555213294,-46.26853355464718,0.1951591347221423,1
783,26.1,Participant4_LS_FuUp,Endomorph,Normal,upright,1.0,0.0,0.0,-0.2019141905589323,-45.463475940053705,0.2664978029230607,1
784,26.133333333333333,Participant4_LS_FuUp,Endomorph,Normal,upright,1.0,0.0,0.0,-0.1780958796005308,-46.854357069262704,0.2407013880722118,1
785,26.166666666666668,Participant4_LS_FuUp,Endomorph,Normal,upright,1.0,0.0,0.0,-0.1848462128336931,-45.10299507660415,0.2539856488388929,1
786,26.2,Participant4_LS_FuUp,Endomorph,Normal,upright,1.0,0.0,0.0,-0.2169226093305662,-43.81511085760327,0.236067584399725,1
787,26.23333333333333,Participant4_LS_FuUp,Endomorph,Normal,upright,1.0,0.0,0.0,-0.2152697109937879,-44.54417664978128,0.2331957780632792,1
788,26.266666666666666,Participant4_LS_FuUp,Endomorph,Normal,upright,1.0,0.0,0.0,-0.2317110733197515,-44.35475160756834,0.2107262581084617,1
789,26.3,Participant4_LS_FuUp,Endomorph,Normal,upright,1.0,0.0,0.0,-0.1698260250349843,-44.28845770495408,0.2180917042310345,1
790,26.33333333333333,Participant4_LS_FuUp,Endomorph,Normal,upright,1.0,0.0,0.0,-0.1651886255634836,-45.87462776600098,0.2087280421785667,1
791,26.366666666666667,Participant4_LS_FuUp,Endomorph,Normal,upright,1.0,0.0,0.0,-0.1685052201305893,-44.31214052917961,0.2599730534900031,1
792,26.4,Participant4_LS_FuUp,Endomorph,Normal,upright,1.0,0.0,0.0,-0.2135560685135779,-46.9754663936719,0.2713299696220002,1
793,26.433333333333334,Participant4_LS_FuUp,Endomorph,Normal,upright,1.0,0.0,0.0,-0.157163661199815,-45.86884001763826,0.2158389635192897,1
794,26.466666666666665,Participant4_LS_FuUp,Endomorph,Normal,upright,1.0,0.0,0.0,-0.1746566953711663,-48.46126091917579,0.2390441289347245,1
795,26.5,Participant4_LS_FuUp,Endomorph,Normal,upright,1.0,0.0,0.0,-0.1573563808336631,-46.00274606038271,0.2624649900948677,1
796,26.53333333333333,Participant4_LS_FuUp,Endomorph,Normal,upright,1.0,0.0,0.0,-0.1827500047916223,-46.40087082781108,0.2132665541370541,1
797,26.566666666666663,Participant4_LS_FuUp,Endomorph,Normal,upright,1.0,0.0,0.0,-0.1904370587374656,-43.63400365597064,0.2252803064975189,1
798,26.6,Participant4_LS_FuUp,Endomorph,Normal,upright,1.0,0.0,0.0,-0.2005825303896496,-46.00528500468804,0.2751522700562567,1
799,26.633333333333333,Participant4_LS_FuUp,Endomorph,Normal,upright,1.0,0.0,0.0,-0.2155759496119854,-46.312242988888165,0.2560447399819384,1
800,26.666666666666668,Participant4_LS_FuUp,Endomorph,Normal,upright,1.0,0.0,0.0,-0.1778348176863777,-44.33375008083118,0.2390032275488351,1
801,26.7,Participant4_LS_FuUp,Endomorph,Normal,upright,1.0,0.0,0.0,-0.1789865898070699,-43.69527985968672,0.2364966214623043,1
802,26.73333333333333,Participant4_LS_FuUp,Endomorph,Normal,upright,1.0,0.0,0.0,-0.2226971889344058,-44.89663015925197,0.2546871324983583,1
803,26.766666666666666,Participant4_LS_FuUp,Endomorph,Normal,upright,1.0,0.0,0.0,-0.2183596409206146,-44.14881276709968,0.2342461828344694,1
804,26.8,Participant4_LS_FuUp,Endomorph,Normal,upright,1.0,0.0,0.0,-0.2294318936944839,-43.39608507672796,0.2380510764510768,1
805,26.83333333333333,Participant4_LS_FuUp,Endomorph,Normal,upright,1.0,0.0,0.0,-0.2082978537984025,-45.018897732312965,0.2404604988947281,1
806,26.866666666666667,Participant4_LS_FuUp,Endomorph,Normal,upright,1.0,0.0,0.0,-0.1816453127348263,-43.05476509037736,0.2384599471461223,1
807,26.9,Participant4_LS_FuUp,Endomorph,Normal,upright,1.0,0.0,0.0,-0.1797701074385719,-44.75380806725078,0.2309684665102235,1
808,26.933333333333334,Participant4_LS_FuUp,Endomorph,Normal,upright,1.0,0.0,0.0,-0.1835870128914833,-44.31012317382399,0.2385931783092482,1
809,26.966666666666665,Participant4_LS_FuUp,Endomorph,Normal,upright,1.0,0.0,0.0,-0.163902048585313,-47.011706557456094,0.2292422981021591,1
810,27.0,Participant4_LS_FuUp,Endomorph,Normal,upright,1.0,0.0,0.0,-0.1691188845530819,-46.64810177241834,0.2339935162875424,1
811,27.03333333333333,Participant4_LS_FuUp,Endomorph,Normal,upright,1.0,0.0,0.0,-0.1674888897492695,-45.96303752399962,0.2366541508034748,1
812,27.066666666666663,Participant4_LS_FuUp,Endomorph,Normal,upright,1.0,0.0,0.0,-0.1723242686935829,-46.62517395160263,0.2699556373718965,1
813,27.1,Participant4_LS_FuUp,Endomorph,Normal,upright,1.0,0.0,0.0,-0.1562037970480466,-46.87026942314946,0.2077808021844446,1
814,27.133333333333333,Participant4_LS_FuUp,Endomorph,Normal,upright,1.0,0.0,0.0,-0.1544806196538455,-46.396674788842176,0.2109443604907689,1
815,27.166666666666668,Participant4_LS_FuUp,Endomorph,Normal,upright,1.0,0.0,0.0,-0.1670141529951206,-44.99557614524914,0.2370942835817295,1
816,27.2,Participant4_LS_FuUp,Endomorph,Normal,upright,1.0,0.0,0.0,-0.139293560062666,-47.32017742919691,0.2104169744961752,1
817,27.23333333333333,Participant4_LS_FuUp,Endomorph,Normal,upright,1.0,0.0,0.0,-0.1815894642569741,-49.09765706160964,0.2307433448597032,1
818,27.266666666666666,Participant4_LS_FuUp,Endomorph,Normal,upright,1.0,0.0,0.0,-0.1735442419422228,-47.04519487543974,0.2103202338454028,1
819,27.3,Participant4_LS_FuUp,Endomorph,Normal,upright,1.0,0.0,0.0,-0.1559643690103035,-46.93184625989814,0.2078352025287975,1
820,27.33333333333333,Participant4_LS_FuUp,Endomorph,Normal,upright,1.0,0.0,0.0,-0.1403131228505646,-48.209879169070256,0.2156655647201451,1
821,27.366666666666667,Participant4_LS_FuUp,Endomorph,Normal,upright,1.0,0.0,0.0,-0.1677360424296474,-47.59284686212959,0.2514628586964436,1
822,27.4,Participant4_LS_FuUp,Endomorph,Normal,upright,1.0,0.0,0.0,-0.1660279351060505,-46.45894489266829,0.2153802442118111,1
823,27.433333333333334,Participant4_LS_FuUp,Endomorph,Normal,upright,1.0,0.0,0.0,-0.1719026400040885,-46.75735319870013,0.210605339880523,1
824,27.466666666666665,Participant4_LS_FuUp,Endomorph,Normal,upright,1.0,0.0,0.0,-0.1893327289872656,-45.86578623616093,0.2214005637364202,1
825,27.5,Participant4_LS_FuUp,Endomorph,Normal,upright,1.0,0.0,0.0,-0.1786687747614225,-45.74299263236479,0.21565411044592,1
826,27.53333333333333,Participant4_LS_FuUp,Endomorph,Normal,upright,1.0,0.0,0.0,-0.1848439821744381,-44.80837276592245,0.1928809720260948,1
827,27.566666666666663,Participant4_LS_FuUp,Endomorph,Normal,upright,1.0,0.0,0.0,-0.1839339177835569,-44.8493578766964,0.2398015991894715,1
828,27.6,Participant4_LS_FuUp,Endomorph,Normal,upright,1.0,0.0,0.0,-0.1416285575434299,-46.555205713461895,0.1994509516349246,1
829,27.633333333333333,Participant4_LS_FuUp,Endomorph,Normal,upright,1.0,0.0,0.0,-0.1799215469874596,-45.81867760928483,0.2135367719173691,1
830,27.666666666666668,Participant4_LS_FuUp,Endomorph,Normal,upright,1.0,0.0,0.0,-0.1688503192691913,-44.90030291093593,0.2177404254163626,1
831,27.7,Participant4_LS_FuUp,Endomorph,Normal,upright,1.0,0.0,0.0,-0.1723691575134557,-45.591425768606285,0.2152803802982647,1
832,27.73333333333333,Participant4_LS_FuUp,Endomorph,Normal,upright,1.0,0.0,0.0,-0.1525833418941942,-46.10803609877722,0.1959162496772088,1
833,27.766666666666666,Participant4_LS_FuUp,Endomorph,Normal,upright,1.0,0.0,0.0,-0.1617808067087179,-45.53935434967355,0.1938476935377053,1
834,27.8,Participant4_LS_FuUp,Endomorph,Normal,upright,1.0,0.0,0.0,-0.1826865043377799,-45.89863690852706,0.199792129545049,1
835,27.83333333333333,Participant4_LS_FuUp,Endomorph,Normal,upright,1.0,0.0,0.0,-0.1757058466293162,-46.04480758075189,0.2033073127567578,1
836,27.866666666666667,Participant4_LS_FuUp,Endomorph,Normal,upright,1.0,0.0,0.0,-0.1818146328015695,-49.43260283651474,0.2280761171482011,1
837,27.9,Participant4_LS_FuUp,Endomorph,Normal,upright,1.0,0.0,0.0,-0.1598865842809295,-46.21247564456883,0.1913951596576967,1
838,27.933333333333334,Participant4_LS_FuUp,Endomorph,Normal,upright,1.0,0.0,0.0,-0.1553851731750697,-46.4968566630429,0.2022725450456774,1
839,27.966666666666665,Participant4_LS_FuUp,Endomorph,Normal,upright,1.0,0.0,0.0,-0.1799623111381955,-46.57334707562813,0.1981405397016308,1
840,28.0,Participant4_LS_FuUp,Endomorph,Normal,upright,1.0,0.0,0.0,-0.1697603340559191,-45.582618896812654,0.237185780838997,1
841,28.03333333333333,Participant4_LS_FuUp,Endomorph,Normal,upright,1.0,0.0,0.0,-0.1739259483668367,-46.03163591372345,0.2218830779684799,1
842,28.066666666666663,Participant4_LS_FuUp,Endomorph,Normal,upright,1.0,0.0,0.0,-0.1589762178906877,-46.19955920745707,0.2310985571231507,1
843,28.1,Participant4_LS_FuUp,Endomorph,Normal,upright,1.0,0.0,0.0,-0.2148198208844078,-43.54781978131258,0.2366463906016153,1
844,28.133333333333333,Participant4_LS_FuUp,Endomorph,Normal,upright,1.0,0.0,0.0,-0.1973899187637092,-43.78428729850574,0.2420127355222692,1
845,28.166666666666668,Participant4_LS_FuUp,Endomorph,Normal,upright,1.0,0.0,0.0,-0.1773598653000476,-45.25448247578259,0.2177043425296937,1
846,28.2,Participant4_LS_FuUp,Endomorph,Normal,upright,1.0,0.0,0.0,-0.1834482346597297,-45.116608238168254,0.2235896008883786,1
847,28.23333333333333,Participant4_LS_FuUp,Endomorph,Normal,upright,1.0,0.0,0.0,-0.1901683111797069,-45.55185924944541,0.2178476088399883,1
848,28.266666666666666,Participant4_LS_FuUp,Endomorph,Normal,upright,1.0,0.0,0.0,-0.2009009912711556,-43.82664254538726,0.2451189747183253,1
849,28.3,Participant4_LS_FuUp,Endomorph,Normal,upright,1.0,0.0,0.0,-0.1921438217164802,-44.50210849113824,0.2406608394436503,1
850,28.33333333333333,Participant4_LS_FuUp,Endomorph,Normal,upright,1.0,0.0,0.0,-0.1869610242903356,-45.67480293930671,0.2253211558030156,1
851,28.366666666666667,Participant4_LS_FuUp,Endomorph,Normal,upright,1.0,0.0,0.0,-0.1843811124553049,-44.32539039567127,0.2128244394122853,1
852,28.4,Participant4_LS_FuUp,Endomorph,Normal,upright,1.0,0.0,0.0,-0.2107742161519897,-42.7758854104337,0.1977185223088907,1
853,28.433333333333334,Participant4_LS_FuUp,Endomorph,Normal,upright,1.0,0.0,0.0,-0.2024289591625859,-43.27801051428983,0.2201364535983953,1
854,28.466666666666665,Participant4_LS_FuUp,Endomorph,Normal,upright,1.0,0.0,0.0,-0.2147584771976092,-43.83007945195859,0.2306392377117804,1
855,28.5,Participant4_LS_FuUp,Endomorph,Normal,upright,1.0,0.0,0.0,-0.1902234060599529,-44.01420131533031,0.2352533614161537,1
856,28.53333333333333,Participant4_LS_FuUp,Endomorph,Normal,upright,1.0,0.0,0.0,-0.1956879486646996,-44.481056071303335,0.2222236967702583,1
857,28.566666666666663,Participant4_LS_FuUp,Endomorph,Normal,upright,1.0,0.0,0.0,-0.1855540348967553,-43.78812700613328,0.2211347497860751,1
858,28.6,Participant4_LS_FuUp,Endomorph,Normal,upright,1.0,0.0,0.0,-0.2012757957945478,-45.98003455110744,0.2156974569038015,1
859,28.633333333333333,Participant4_LS_FuUp,Endomorph,Normal,upright,1.0,0.0,0.0,-0.1866412091370177,-45.42011613858561,0.2245133203113628,1
860,28.666666666666668,Participant4_LS_FuUp,Endomorph,Normal,upright,1.0,0.0,0.0,-0.1984951681512107,-44.31864437761104,0.2408194399740918,1
861,28.7,Participant4_LS_FuUp,Endomorph,Normal,upright,1.0,0.0,0.0,-0.1972941861839088,-46.16981579158196,0.2826710955232995,1
862,28.73333333333333,Participant4_LS_FuUp,Endomorph,Normal,upright,1.0,0.0,0.0,-0.1853918193532878,-45.703388413792446,0.1947028023907957,1
863,28.766666666666666,Participant4_LS_FuUp,Endomorph,Normal,upright,1.0,0.0,0.0,-0.2137273757871836,-45.0005955829467,0.2428411566173761,1
864,28.8,Participant4_LS_FuUp,Endomorph,Normal,upright,1.0,0.0,0.0,-0.2000545939049348,-45.26428709302326,0.2235565471087554,1
865,28.83333333333333,Participant4_LS_FuUp,Endomorph,Normal,upright,1.0,0.0,0.0,-0.1953705433064386,-47.2320030941459,0.225917589656964,1
866,28.866666666666667,Participant4_LS_FuUp,Endomorph,Normal,upright,1.0,0.0,0.0,-0.1901653272036043,-44.96576340982842,0.1954881933821921,1
867,28.9,Participant4_LS_FuUp,Endomorph,Normal,upright,1.0,0.0,0.0,-0.1917630559083596,-43.39931068301411,0.199573287311301,1
868,28.933333333333334,Participant4_LS_FuUp,Endomorph,Normal,upright,1.0,0.0,0.0,-0.2098847580480312,-45.86937276895436,0.1866166342614801,1
869,28.966666666666665,Participant4_LS_FuUp,Endomorph,Normal,upright,1.0,0.0,0.0,-0.2041415653045986,-44.03879915996882,0.1878149060866532,1
870,29.0,Participant4_LS_FuUp,Endomorph,Normal,upright,1.0,0.0,0.0,-0.1889731240987697,-44.64137792182371,0.1956974334547255,1
871,29.03333333333333,Participant4_LS_FuUp,Endomorph,Normal,upright,1.0,0.0,0.0,-0.2203007063385739,-44.152103619462,0.2151604789818023,1
872,29.066666666666663,Participant4_LS_FuUp,Endomorph,Normal,upright,1.0,0.0,0.0,-0.1993898284502021,-45.038459773579504,0.2079639607921476,1
873,29.1,Participant4_LS_FuUp,Endomorph,Normal,upright,1.0,0.0,0.0,-0.1985473027164414,-45.47759971152565,0.1987936924790757,1
874,29.133333333333333,Participant4_LS_FuUp,Endomorph,Normal,upright,1.0,0.0,0.0,-0.19557763594745,-45.7840584328965,0.1899938258028024,1
875,29.166666666666668,Participant4_LS_FuUp,Endomorph,Normal,upright,1.0,0.0,0.0,-0.1699196597621863,-45.57649206802879,0.2130246378660514,1
876,29.2,Participant4_LS_FuUp,Endomorph,Normal,upright,1.0,0.0,0.0,-0.195361142009499,-45.76724233565302,0.2124132117325111,1
877,29.23333333333333,Participant4_LS_FuUp,Endomorph,Normal,upright,1.0,0.0,0.0,-0.1954621110514783,-48.37809026936775,0.2474367810193977,1
878,29.266666666666666,Participant4_LS_FuUp,Endomorph,Normal,upright,1.0,0.0,0.0,-0.1823222121395379,-48.134106093378016,0.2393241563858059,1
879,29.3,Participant4_LS_FuUp,Endomorph,Normal,upright,1.0,0.0,0.0,-0.1831244955171339,-48.05517249329362,0.2365885181504991,1
880,29.33333333333333,Participant4_LS_FuUp,Endomorph,Normal,upright,1.0,0.0,0.0,-0.1701107833364517,-46.44193387929288,0.2211421373992587,1
881,29.366666666666667,Participant4_LS_FuUp,Endomorph,Normal,upright,1.0,0.0,0.0,-0.1740347270594642,-47.27642402905656,0.2388214469465144,1
882,29.4,Participant4_LS_FuUp,Endomorph,Normal,upright,1.0,0.0,0.0,-0.190254873949432,-46.16001926821334,0.2138983924748735,1
883,29.433333333333334,Participant4_LS_FuUp,Endomorph,Normal,upright,1.0,0.0,0.0,-0.1789515267357787,-47.99149210392476,0.2438512114253321,1
884,29.466666666666665,Participant4_LS_FuUp,Endomorph,Normal,upright,1.0,0.0,0.0,-0.1942242111600464,-46.35733377255638,0.2428239814930501,1
885,29.5,Participant4_LS_FuUp,Endomorph,Normal,upright,1.0,0.0,0.0,-0.1730988716029048,-43.99453039543132,0.2614989977376877,1
886,29.53333333333333,Participant4_LS_FuUp,Endomorph,Normal,upright,1.0,0.0,0.0,-0.1647988859567556,-45.35691132855197,0.2106802312791434,1
887,29.566666666666663,Participant4_LS_FuUp,Endomorph,Normal,upright,1.0,0.0,0.0,-0.196589098188156,-46.05325533562608,0.200279876540157,1
888,29.6,Participant4_LS_FuUp,Endomorph,Normal,upright,1.0,0.0,0.0,-0.1627396315037115,-46.749599342700186,0.1953553219708703,1
889,29.633333333333333,Participant4_LS_FuUp,Endomorph,Normal,upright,1.0,0.0,0.0,-0.1784480471346918,-44.89941990666974,0.2028497194787098,1
890,29.666666666666668,Participant4_LS_FuUp,Endomorph,Normal,upright,1.0,0.0,0.0,-0.1856063110089414,-43.358936756049374,0.2169047174169325,1
891,29.7,Participant4_LS_FuUp,Endomorph,Normal,upright,1.0,0.0,0.0,-0.1677155475958095,-45.6251098282448,0.2057131513668656,1
892,29.73333333333333,Participant4_LS_FuUp,Endomorph,Normal,upright,1.0,0.0,0.0,-0.1916740175628143,-42.72460833569816,0.1955670232913259,1
893,29.766666666666666,Participant4_LS_FuUp,Endomorph,Normal,upright,1.0,0.0,0.0,-0.1865025690826864,-42.108098141861234,0.1972349012869892,1
894,29.8,Participant4_LS_FuUp,Endomorph,Normal,upright,1.0,0.0,0.0,-0.1823165418318598,-44.002349993235775,0.1985620622492281,1
895,29.83333333333333,Participant4_LS_FuUp,Endomorph,Normal,upright,1.0,0.0,0.0,-0.1720206828816536,-43.92236622633385,0.1910713399196543,1
896,29.866666666666667,Participant4_LS_FuUp,Endomorph,Normal,upright,1.0,0.0,0.0,-0.1908769255169082,-44.456160764749306,0.1900536231410391,1
897,29.9,Participant4_LS_FuUp,Endomorph,Normal,upright,1.0,0.0,0.0,-0.1858246623049724,-43.94294802631026,0.2170715056226019,1
898,29.933333333333334,Participant4_LS_FuUp,Endomorph,Normal,upright,1.0,0.0,0.0,-0.1771827780457489,-46.508149805223816,0.201223047315043,1
899,29.966666666666665,Participant4_LS_FuUp,Endomorph,Normal,upright,1.0,0.0,0.0,-0.20867695326103,-43.36816212770679,0.2304467399014234,1
900,30.0,Participant4_LS_FuUp,Endomorph,Normal,upright,1.0,0.0,0.0,-0.2192380687524701,-43.43252326327362,0.2293368865615399,1
901,30.03333333333333,Participant4_LS_FuUp,Endomorph,Normal,upright,1.0,0.0,0.0,-0.2006471486993882,-43.30264091405471,0.2350551879846623,1
902,30.066666666666663,Participant4_LS_FuUp,Endomorph,Normal,upright,1.0,0.0,0.0,-0.1950485309804303,-43.93864529917006,0.2266201685694002,1
903,30.1,Participant4_LS_FuUp,Endomorph,Normal,upright,1.0,0.0,0.0,-0.19109258029448,-43.73046654848533,0.2301371568246712,1
904,30.133333333333333,Participant4_LS_FuUp,Endomorph,Normal,upright,1.0,0.0,0.0,-0.1997340606745604,-43.64046603565401,0.2250621175500134,1
905,30.166666666666668,Participant4_LS_FuUp,Endomorph,Normal,upright,1.0,0.0,0.0,-0.1816072787205527,-43.36256688487678,0.1778100994584786,1
906,30.2,Participant4_LS_FuUp,Endomorph,Normal,upright,1.0,0.0,0.0,-0.1790327573358021,-42.33400862697875,0.1823284060666943,1
907,30.23333333333333,Participant4_LS_FuUp,Endomorph,Normal,upright,1.0,0.0,0.0,-0.1634004262256482,-44.360361076360526,0.1858527914286657,1
908,30.266666666666666,Participant4_LS_FuUp,Endomorph,Normal,upright,1.0,0.0,0.0,-0.1589184365105334,-44.662726935977695,0.1855891793669788,1
909,30.3,Participant4_LS_FuUp,Endomorph,Normal,upright,1.0,0.0,0.0,-0.1837040034882266,-43.35242130039899,0.189832836663566,1
910,30.33333333333333,Participant4_LS_FuUp,Endomorph,Normal,upright,1.0,0.0,0.0,-0.174439263664812,-43.772349949171534,0.1930653484149438,1
911,30.366666666666667,Participant4_LS_FuUp,Endomorph,Normal,upright,1.0,0.0,0.0,-0.1733970707521828,-44.0110348050832,0.1877127391436817,1
912,30.4,Participant4_LS_FuUp,Endomorph,Normal,upright,1.0,0.0,0.0,-0.1908092560231787,-44.276591730501046,0.1914682928916797,1
913,30.433333333333334,Participant4_LS_FuUp,Endomorph,Normal,upright,1.0,0.0,0.0,-0.181027992868679,-44.202757747376936,0.2002700538557776,1
914,30.466666666666665,Participant4_LS_FuUp,Endomorph,Normal,upright,1.0,0.0,0.0,-0.17079090962119,-44.66333704934099,0.1888096748829466,1
915,30.5,Participant4_LS_FuUp,Endomorph,Normal,upright,1.0,0.0,0.0,-0.1912758533852935,-44.42944631365807,0.1832572882481154,1
916,30.53333333333333,Participant4_LS_FuUp,Endomorph,Normal,upright,1.0,0.0,0.0,-0.1877900240542842,-44.61498026206832,0.1829097900476179,1
917,30.566666666666663,Participant4_LS_FuUp,Endomorph,Normal,upright,1.0,0.0,0.0,-0.1986271407551818,-42.74802610135162,0.1969420137526751,1
918,30.6,Participant4_LS_FuUp,Endomorph,Normal,upright,1.0,0.0,0.0,-0.1656992558139029,-44.61766690112131,0.1963606857714588,1
919,30.633333333333333,Participant4_LS_FuUp,Endomorph,Normal,upright,1.0,0.0,0.0,-0.1591807127479249,-44.75987880670195,0.1895959825800299,1
920,30.666666666666668,Participant4_LS_FuUp,Endomorph,Normal,upright,1.0,0.0,0.0,-0.1530791047034767,-44.491255199498816,0.1869572385560433,1
921,30.7,Participant4_LS_FuUp,Endomorph,Normal,upright,1.0,0.0,0.0,-0.1668195985614088,-43.303709071776325,0.1999340060583627,1
922,30.73333333333333,Participant4_LS_FuUp,Endomorph,Normal,upright,1.0,0.0,0.0,-0.1558984984825557,-45.09701515469796,0.1828302315356811,1
923,30.766666666666666,Participant4_LS_FuUp,Endomorph,Normal,upright,1.0,0.0,0.0,-0.1694247285465846,-43.88711895426104,0.2056449310950972,1
924,30.8,Participant4_LS_FuUp,Endomorph,Normal,upright,1.0,0.0,0.0,-0.1607361148181556,-46.3242322554324,0.193644545696902,1
925,30.83333333333333,Participant4_LS_FuUp,Endomorph,Normal,upright,1.0,0.0,0.0,-0.1636598251123328,-44.09619821780584,0.1894681039865471,1
926,30.866666666666667,Participant4_LS_FuUp,Endomorph,Normal,upright,1.0,0.0,0.0,-0.1547038284103374,-45.00311708204634,0.1843561468795061,1
927,30.9,Participant4_LS_FuUp,Endomorph,Normal,upright,1.0,0.0,0.0,-0.1759885710261644,-45.17542495383621,0.1818540504839421,1
928,30.933333333333334,Participant4_LS_FuUp,Endomorph,Normal,upright,1.0,0.0,0.0,-0.1540446859695184,-43.34398444340457,0.1884613881740872,1
929,30.966666666666665,Participant4_LS_FuUp,Endomorph,Normal,upright,1.0,0.0,0.0,-0.1834126606799218,-44.48669822097818,0.2062228774754051,1
930,31.0,Participant4_LS_FuUp,Endomorph,Normal,upright,1.0,0.0,0.0,-0.1772810147602603,-45.36954575873638,0.1963930764224812,1
931,31.03333333333333,Participant4_LS_FuUp,Endomorph,Normal,upright,1.0,0.0,0.0,-0.1911729161766314,-43.2740659748446,0.1908150038684262,1
932,31.066666666666663,Participant4_LS_FuUp,Endomorph,Normal,upright,1.0,0.0,0.0,-0.1620432967323735,-45.431515300284616,0.2104579209827635,1
933,31.1,Participant4_LS_FuUp,Endomorph,Normal,upright,1.0,0.0,0.0,-0.1445114018864635,-43.72409216564228,0.1993539240893951,1
934,31.133333333333333,Participant4_LS_FuUp,Endomorph,Normal,upright,1.0,0.0,0.0,-0.1608020779336006,-43.479823196822274,0.2051409927027281,1
935,31.166666666666668,Participant4_LS_FuUp,Endomorph,Normal,upright,1.0,0.0,0.0,-0.1604584942148846,-45.04601196128884,0.2136785423253654,1
936,31.2,Participant4_LS_FuUp,Endomorph,Normal,upright,1.0,0.0,0.0,-0.1674672228880833,-43.568666449713085,0.2045991197615208,1
937,31.23333333333333,Participant4_LS_FuUp,Endomorph,Normal,upright,1.0,0.0,0.0,-0.1666962953963245,-43.64568943819482,0.1969515116261562,1
938,31.266666666666666,Participant4_LS_FuUp,Endomorph,Normal,upright,1.0,0.0,0.0,-0.1797578507767494,-44.76089927091437,0.209741896868877,1
939,31.3,Participant4_LS_FuUp,Endomorph,Normal,upright,1.0,0.0,0.0,-0.1790765586795772,-44.60841394606965,0.2079140918398027,1
940,31.33333333333333,Participant4_LS_FuUp,Endomorph,Normal,upright,1.0,0.0,0.0,-0.1597962090493308,-44.61994347813949,0.182055247868742,1
941,31.366666666666667,Participant4_LS_FuUp,Endomorph,Normal,upright,1.0,0.0,0.0,-0.1482074588720393,-44.16968732965503,0.1847956618566019,1
942,31.4,Participant4_LS_FuUp,Endomorph,Normal,upright,1.0,0.0,0.0,-0.1750511668226077,-44.9921326278224,0.1903970482905223,1
943,31.433333333333334,Participant4_LS_FuUp,Endomorph,Normal,upright,1.0,0.0,0.0,-0.18404754442116,-45.6865890257274,0.1904174212931565,1
944,31.466666666666665,Participant4_LS_FuUp,Endomorph,Normal,upright,1.0,0.0,0.0,-0.1795117270788658,-46.98887356848218,0.2041592377596745,1
945,31.5,Participant4_LS_FuUp,Endomorph,Normal,upright,1.0,0.0,0.0,-0.1544388605878618,-44.98481290836073,0.2074185673573523,1
946,31.53333333333333,Participant4_LS_FuUp,Endomorph,Normal,upright,1.0,0.0,0.0,-0.1589287904424688,-46.10312761831702,0.1888032050543716,1
947,31.566666666666663,Participant4_LS_FuUp,Endomorph,Normal,upright,1.0,0.0,0.0,-0.1772105160318799,-44.58778552216228,0.2027480256779618,1
948,31.6,Participant4_LS_FuUp,Endomorph,Normal,upright,1.0,0.0,0.0,-0.1888471224731895,-45.03826932580487,0.1992875442050247,1
949,31.633333333333333,Participant4_LS_FuUp,Endomorph,Normal,upright,1.0,0.0,0.0,-0.1830145539810004,-44.91947001399483,0.1962004933546537,1
950,31.666666666666668,Participant4_LS_FuUp,Endomorph,Normal,upright,1.0,0.0,0.0,-0.182596416785058,-44.224951788339546,0.1928655085880152,1
951,31.7,Participant4_LS_FuUp,Endomorph,Normal,upright,1.0,0.0,0.0,-0.1895945912478744,-44.54760984163112,0.2026971382335106,1
952,31.73333333333333,Participant4_LS_FuUp,Endomorph,Normal,upright,1.0,0.0,0.0,-0.1716939988949222,-46.58556627252099,0.1992658936638567,1
953,31.766666666666666,Participant4_LS_FuUp,Endomorph,Normal,upright,1.0,0.0,0.0,-0.1922612978697174,-43.27205231791096,0.1998429930953917,1
954,31.8,Participant4_LS_FuUp,Endomorph,Normal,upright,1.0,0.0,0.0,-0.1985828970216757,-42.46502545070423,0.1964808236891824,1
955,31.83333333333333,Participant4_LS_FuUp,Endomorph,Normal,upright,1.0,0.0,0.0,-0.1720751811879954,-45.25779397433121,0.2086827251102615,1
956,31.866666666666667,Participant4_LS_FuUp,Endomorph,Normal,upright,1.0,0.0,0.0,-0.1711942169549581,-45.06355547390029,0.2010419490021049,1
957,31.9,Participant4_LS_FuUp,Endomorph,Normal,upright,1.0,0.0,0.0,-0.1806156017189656,-44.840452898397245,0.2046882688394252,1
958,31.933333333333334,Participant4_LS_FuUp,Endomorph,Normal,upright,1.0,0.0,0.0,-0.1852344493364081,-43.94573163925572,0.2000263008282536,1
959,31.966666666666665,Participant4_LS_FuUp,Endomorph,Normal,upright,1.0,0.0,0.0,-0.1857235322792905,-42.70750586947661,0.2239071277960658,1
960,32.0,Participant4_LS_FuUp,Endomorph,Normal,upright,1.0,0.0,0.0,-0.1935584109547564,-43.0163733473275,0.2021995149669412,1
961,32.03333333333333,Participant4_LS_FuUp,Endomorph,Normal,upright,1.0,0.0,0.0,-0.1952686867230105,-43.86570773579207,0.2145203527424222,1
962,32.06666666666667,Participant4_LS_FuUp,Endomorph,Normal,upright,1.0,0.0,0.0,-0.1895079193150676,-42.5992616767347,0.1950222630369001,1
963,32.1,Participant4_LS_FuUp,Endomorph,Normal,upright,1.0,0.0,0.0,-0.1938935342562203,-43.54413218653484,0.2012765686565636,1
964,32.13333333333333,Participant4_LS_FuUp,Endomorph,Normal,upright,1.0,0.0,0.0,-0.194612831796148,-45.78212174689479,0.2579722486550505,1
965,32.166666666666664,Participant4_LS_FuUp,Endomorph,Normal,upright,1.0,0.0,0.0,-0.1779255574281282,-46.50747513324517,0.239730828542749,1
966,32.2,Participant4_LS_FuUp,Endomorph,Normal,upright,1.0,0.0,0.0,-0.1799839254340148,-46.23951155569888,0.2383820323712408,1
967,32.233333333333334,Participant4_LS_FuUp,Endomorph,Normal,upright,1.0,0.0,0.0,-0.2041952680893372,-44.10203568651078,0.2653371730811913,1
968,32.266666666666666,Participant4_LS_FuUp,Endomorph,Normal,upright,1.0,0.0,0.0,-0.2007713115575663,-43.73176736685557,0.2623881394333719,1
969,32.3,Participant4_LS_FuUp,Endomorph,Normal,upright,1.0,0.0,0.0,-0.2182415172433705,-43.17002927426372,0.2636406598368693,1
970,32.333333333333336,Participant4_LS_FuUp,Endomorph,Normal,upright,1.0,0.0,0.0,-0.2109361389912707,-42.7782777977104,0.2223683668563705,1
971,32.36666666666667,Participant4_LS_FuUp,Endomorph,Normal,upright,1.0,0.0,0.0,-0.1940554088401265,-46.46850300061701,0.2160899488090447,1
972,32.4,Participant4_LS_FuUp,Endomorph,Normal,upright,1.0,0.0,0.0,-0.1914793614830067,-46.38634359617499,0.2187892420988566,1
973,32.43333333333333,Participant4_LS_FuUp,Endomorph,Normal,upright,1.0,0.0,0.0,-0.1999486858227476,-47.028339931459165,0.2222423114262144,1
974,32.46666666666667,Participant4_LS_FuUp,Endomorph,Normal,upright,1.0,0.0,0.0,-0.2054174422889468,-45.30087741586519,0.237266155478385,1
975,32.5,Participant4_LS_FuUp,Endomorph,Normal,upright,1.0,0.0,0.0,-0.1602339665816939,-46.96227265284674,0.1815879429379966,1
976,32.53333333333333,Participant4_LS_FuUp,Endomorph,Normal,upright,1.0,0.0,0.0,-0.1573548238573717,-46.23905790516516,0.2011633333181104,1
977,32.56666666666667,Participant4_LS_FuUp,Endomorph,Normal,upright,1.0,0.0,0.0,-0.2300151973328638,-42.915244912724944,0.2466582548517925,1
978,32.6,Participant4_LS_FuUp,Endomorph,Normal,upright,1.0,0.0,0.0,-0.2214637010055824,-43.5549623117644,0.2451675891366507,1
979,32.63333333333333,Participant4_LS_FuUp,Endomorph,Normal,upright,1.0,0.0,0.0,-0.1746715486847294,-47.46316073858061,0.2190805682756947,1
980,32.666666666666664,Participant4_LS_FuUp,Endomorph,Normal,upright,1.0,0.0,0.0,-0.2083204935451338,-44.59649351952752,0.2627148470128705,1
981,32.7,Participant4_LS_FuUp,Endomorph,Normal,upright,1.0,0.0,0.0,-0.2014680721649889,-44.2754728789519,0.2430012736463178,1
982,32.733333333333334,Participant4_LS_FuUp,Endomorph,Normal,upright,1.0,0.0,0.0,-0.1902494125197408,-44.93215998034383,0.2587169975805662,1
983,32.766666666666666,Participant4_LS_FuUp,Endomorph,Normal,upright,1.0,0.0,0.0,-0.2098379434836038,-44.976295022979016,0.2681539821453038,1
984,32.8,Participant4_LS_FuUp,Endomorph,Normal,upright,1.0,0.0,0.0,-0.2035460400651351,-44.61461571353584,0.2676543426237126,1
985,32.833333333333336,Participant4_LS_FuUp,Endomorph,Normal,upright,1.0,0.0,0.0,-0.171760589340942,-46.13707490387259,0.2124639774018271,1
986,32.86666666666667,Participant4_LS_FuUp,Endomorph,Normal,upright,1.0,0.0,0.0,-0.1708389242823428,-46.60668910570392,0.2143344672268855,1
987,32.9,Participant4_LS_FuUp,Endomorph,Normal,upright,1.0,0.0,0.0,-0.195407740505781,-43.18149510618466,0.2511178379299971,1
988,32.93333333333333,Participant4_LS_FuUp,Endomorph,Normal,upright,1.0,0.0,0.0,-0.2077404402849311,-44.68082959273272,0.2784863148320246,1
989,32.96666666666667,Participant4_LS_FuUp,Endomorph,Normal,upright,1.0,0.0,0.0,-0.1945634383886905,-44.224705166030006,0.2353376665087717,1
990,33.0,Participant4_LS_FuUp,Endomorph,Normal,upright,1.0,0.0,0.0,-0.2047663126006746,-44.27574251569714,0.258367426183384,1
991,33.03333333333333,Participant4_LS_FuUp,Endomorph,Normal,upright,1.0,0.0,0.0,-0.2038680583320881,-45.01353355451011,0.2784108105899856,1
992,33.06666666666667,Participant4_LS_FuUp,Endomorph,Normal,upright,1.0,0.0,0.0,-0.2186000215027725,-42.7121509928956,0.2646061478949034,1
993,33.1,Participant4_LS_FuUp,Endomorph,Normal,upright,1.0,0.0,0.0,-0.1956993245363942,-44.817752042122095,0.2793513269821314,1
994,33.13333333333333,Participant4_LS_FuUp,Endomorph,Normal,upright,1.0,0.0,0.0,-0.213740437687594,-44.14679966249915,0.2691385594719351,1
995,33.166666666666664,Participant4_LS_FuUp,Endomorph,Normal,upright,1.0,0.0,0.0,-0.2032918512563758,-42.38099026333379,0.2727792485915705,1
996,33.2,Participant4_LS_FuUp,Endomorph,Normal,upright,1.0,0.0,0.0,-0.2015011847950111,-44.33508412047763,0.2764199377112058,1
997,33.233333333333334,Participant4_LS_FuUp,Endomorph,Normal,upright,1.0,0.0,0.0,-0.1908844546140956,-44.97345505535532,0.2465816222971746,1
998,33.266666666666666,Participant4_LS_FuUp,Endomorph,Normal,upright,1.0,0.0,0.0,-0.2158623508170694,-41.98782639771576,0.2456526135889628,1
999,33.3,Participant4_LS_FuUp,Endomorph,Normal,upright,1.0,0.0,0.0,-0.2051297402352321,-43.01011762421426,0.2907659655209022,1
1000,33.333333333333336,Participant4_LS_FuUp,Endomorph,Normal,upright,1.0,0.0,0.0,-0.1926027568421356,-42.17500738919905,0.2289624139753992,1
1001,33.36666666666667,Participant4_LS_FuUp,Endomorph,Normal,upright,1.0,0.0,0.0,-0.181538275398793,-42.5318337023836,0.2343219184347608,1
1002,33.4,Participant4_LS_FuUp,Endomorph,Normal,upright,1.0,0.0,0.0,-0.1847460830702294,-41.97046795232888,0.2396814228941225,1
1003,33.43333333333333,Participant4_LS_FuUp,Endomorph,Normal,upright,1.0,0.0,0.0,-0.1883468777826523,-44.49063102460504,0.2450409273534841,1
1004,33.46666666666667,Participant4_LS_FuUp,Endomorph,Normal,upright,1.0,0.0,0.0,-0.1884405409956565,-44.967156554123314,0.2760640879679181,1
1005,33.5,Participant4_LS_FuUp,Endomorph,Normal,upright,1.0,0.0,0.0,-0.1803832087906607,-45.77450556614297,0.2669830833902698,1
1006,33.53333333333333,Participant4_LS_FuUp,Endomorph,Normal,upright,1.0,0.0,0.0,-0.1958083925361941,-44.39141170549031,0.2558007174625269,1
1007,33.56666666666667,Participant4_LS_FuUp,Endomorph,Normal,upright,1.0,0.0,0.0,-0.2151581546646902,-44.2641891605058,0.2629622637555773,1
1008,33.6,Participant4_LS_FuUp,Endomorph,Normal,upright,1.0,0.0,0.0,-0.2018780372788794,-43.43714942398354,0.2602422646950057,1
1009,33.63333333333333,Participant4_LS_FuUp,Endomorph,Normal,upright,1.0,0.0,0.0,-0.2068798013485275,-42.955128620502265,0.2283266884574349,1
1010,33.666666666666664,Participant4_LS_FuUp,Endomorph,Normal,upright,1.0,0.0,0.0,-0.1922785840266123,-43.60591033543316,0.2312598606379182,1
1011,33.7,Participant4_LS_FuUp,Endomorph,Normal,upright,1.0,0.0,0.0,-0.2021605985710045,-45.5069872695261,0.246318722057125,1
1012,33.733333333333334,Participant4_LS_FuUp,Endomorph,Normal,upright,1.0,0.0,0.0,-0.2041634370775868,-46.19664685661149,0.2493896822803449,1
1013,33.766666666666666,Participant4_LS_FuUp,Endomorph,Normal,upright,1.0,0.0,0.0,-0.2007429849937003,-44.85333934616865,0.2135763474062987,1
1014,33.8,Participant4_LS_FuUp,Endomorph,Normal,upright,1.0,0.0,0.0,-0.2129287780783811,-46.56674376622785,0.2514409093747698,1
1015,33.833333333333336,Participant4_LS_FuUp,Endomorph,Normal,upright,1.0,0.0,0.0,-0.1965101368072733,-43.56012690451425,0.2388631703690544,1
1016,33.86666666666667,Participant4_LS_FuUp,Endomorph,Normal,upright,1.0,0.0,0.0,-0.1941603633327212,-43.77593404508892,0.2517253840596886,1
1017,33.9,Participant4_LS_FuUp,Endomorph,Normal,upright,1.0,0.0,0.0,-0.2043176924717635,-44.02734561417672,0.2415048897594724,1
1018,33.93333333333333,Participant4_LS_FuUp,Endomorph,Normal,upright,1.0,0.0,0.0,-0.2242413403861327,-44.09782958677776,0.2147797300691188,1
1019,33.96666666666667,Participant4_LS_FuUp,Endomorph,Normal,upright,1.0,0.0,0.0,-0.1944398100615015,-43.89595310229152,0.1881045549437889,1
1020,34.0,Participant4_LS_FuUp,Endomorph,Normal,upright,1.0,0.0,0.0,-0.2198672657191546,-43.68116904212995,0.2354431550903321,1
1021,34.03333333333333,Participant4_LS_FuUp,Endomorph,Normal,upright,1.0,0.0,0.0,-0.2206943616902116,-44.16745963880204,0.2224037830213776,1
1022,34.06666666666667,Participant4_LS_FuUp,Endomorph,Normal,upright,1.0,0.0,0.0,-0.2189666147463216,-43.98578002848956,0.2117645294686876,1
1023,34.1,Participant4_LS_FuUp,Endomorph,Normal,upright,1.0,0.0,0.0,-0.1856375456766613,-46.17864384141119,0.2076724063767506,1
1024,34.13333333333333,Participant4_LS_FuUp,Endomorph,Normal,upright,1.0,0.0,0.0,-0.2051609370314819,-46.30395641565748,0.224062151991245,1
1025,34.166666666666664,Participant4_LS_FuUp,Endomorph,Normal,upright,1.0,0.0,0.0,-0.1831127313348447,-46.308993535346815,0.2252114781262719,1
1026,34.2,Participant4_LS_FuUp,Endomorph,Normal,upright,1.0,0.0,0.0,-0.1841507736769906,-46.12717525386975,0.2371194773509093,1
1027,34.233333333333334,Participant4_LS_FuUp,Endomorph,Normal,upright,1.0,0.0,0.0,-0.1827577980313343,-44.86025905449176,0.243579955042832,1
1028,34.266666666666666,Participant4_LS_FuUp,Endomorph,Normal,upright,1.0,0.0,0.0,-0.1824389116896037,-46.45098589731687,0.2624561252919841,1
1029,34.3,Participant4_LS_FuUp,Endomorph,Normal,upright,1.0,0.0,0.0,-0.1830471485466334,-46.42155156952834,0.2208764879090478,1
1030,34.333333333333336,Participant4_LS_FuUp,Endomorph,Normal,upright,1.0,0.0,0.0,-0.2030787820446058,-45.01251850652741,0.2320898738033012,1
1031,34.36666666666667,Participant4_LS_FuUp,Endomorph,Normal,upright,1.0,0.0,0.0,-0.201894402299104,-45.32926506499997,0.2473764843435738,1
1032,34.4,Participant4_LS_FuUp,Endomorph,Normal,upright,1.0,0.0,0.0,-0.1959233431557787,-46.54710281460091,0.2548198764476275,1
1033,34.43333333333333,Participant4_LS_FuUp,Endomorph,Normal,upright,1.0,0.0,0.0,-0.1981239127442852,-46.0779388863983,0.2778742544999175,1
1034,34.46666666666667,Participant4_LS_FuUp,Endomorph,Normal,upright,1.0,0.0,0.0,-0.2135624300854669,-46.38926204907708,0.2537648392491468,1
1035,34.5,Participant4_LS_FuUp,Endomorph,Normal,upright,1.0,0.0,0.0,-0.2101737628156001,-42.33255638641632,0.2314408460692757,1
1036,34.53333333333333,Participant4_LS_FuUp,Endomorph,Normal,upright,1.0,0.0,0.0,-0.2270184370919266,-42.754662844009815,0.2202887541823701,1
1037,34.56666666666667,Participant4_LS_FuUp,Endomorph,Normal,upright,1.0,0.0,0.0,-0.2110938438464134,-45.92878241650203,0.2067360978198337,1
1038,34.6,Participant4_LS_FuUp,Endomorph,Normal,upright,1.0,0.0,0.0,-0.2139103564085892,-45.99371627251989,0.2232762936954939,1
1039,34.63333333333333,Participant4_LS_FuUp,Endomorph,Normal,upright,1.0,0.0,0.0,-0.2097233556717462,-46.48025229974088,0.2115520366021883,1
1040,34.666666666666664,Participant4_LS_FuUp,Endomorph,Normal,upright,1.0,0.0,0.0,-0.1824334968705419,-46.59512320631036,0.1973387655870568,1
1041,34.7,Participant4_LS_FuUp,Endomorph,Normal,upright,1.0,0.0,0.0,-0.1984404242241216,-47.7067917043652,0.2416064308407712,1
1042,34.733333333333334,Participant4_LS_FuUp,Endomorph,Normal,upright,1.0,0.0,0.0,-0.1796517665013146,-46.15092861693584,0.2713545176661844,1
1043,34.766666666666666,Participant4_LS_FuUp,Endomorph,Normal,upright,1.0,0.0,0.0,-0.1979924076584488,-45.915711828340974,0.2265278829210608,1
1044,34.8,Participant4_LS_FuUp,Endomorph,Normal,upright,1.0,0.0,0.0,-0.2011071178529572,-45.88580465931189,0.2296163896555077,1
1045,34.833333333333336,Participant4_LS_FuUp,Endomorph,Normal,upright,1.0,0.0,0.0,-0.1899346603085229,-47.87140371211563,0.2737263724540683,1
1046,34.86666666666667,Participant4_LS_FuUp,Endomorph,Normal,upright,1.0,0.0,0.0,-0.1867852545053803,-47.469796967097736,0.268042595590705,1
1047,34.9,Participant4_LS_FuUp,Endomorph,Normal,upright,1.0,0.0,0.0,-0.1981462436786876,-45.76785837070065,0.2693146863866277,1
1048,34.93333333333333,Participant4_LS_FuUp,Endomorph,Normal,upright,1.0,0.0,0.0,-0.2099628542397531,-46.54245355305103,0.2020760593405032,1
1049,34.96666666666667,Participant4_LS_FuUp,Endomorph,Normal,upright,1.0,0.0,0.0,-0.211278348025211,-45.567293575778166,0.2007926369891738,1
1050,35.0,Participant4_LS_FuUp,Endomorph,Normal,upright,1.0,0.0,0.0,-0.2153728040984535,-46.13565869728984,0.2038810701026998,1
1051,35.03333333333333,Participant4_LS_FuUp,Endomorph,Normal,upright,1.0,0.0,0.0,-0.2069064098386823,-43.59102724309363,0.1969568141489701,1
1052,35.06666666666667,Participant4_LS_FuUp,Endomorph,Normal,upright,1.0,0.0,0.0,-0.1837930407984624,-43.857541436212486,0.1750338502633723,1
1053,35.1,Participant4_LS_FuUp,Endomorph,Normal,upright,1.0,0.0,0.0,-0.1924366703083734,-44.56809664422096,0.1888506079669031,1
1054,35.13333333333333,Participant4_LS_FuUp,Endomorph,Normal,upright,1.0,0.0,0.0,-0.1991373209311664,-45.34222162214458,0.2002495665393298,1
1055,35.166666666666664,Participant4_LS_FuUp,Endomorph,Normal,upright,1.0,0.0,0.0,-0.1927867491846697,-46.30538214757449,0.2594104421422024,1
1056,35.2,Participant4_LS_FuUp,Endomorph,Normal,upright,1.0,0.0,0.0,-0.1899961105878248,-47.94424062672531,0.2223393625735235,1
1057,35.233333333333334,Participant4_LS_FuUp,Endomorph,Normal,upright,1.0,0.0,0.0,-0.168538841940477,-48.59704404734466,0.2195758855254491,1
1058,35.266666666666666,Participant4_LS_FuUp,Endomorph,Normal,upright,1.0,0.0,0.0,-0.1683063973255417,-49.454351634961455,0.2238256921914277,1
1059,35.3,Participant4_LS_FuUp,Endomorph,Normal,upright,1.0,0.0,0.0,-0.1871716479453317,-46.90176657047476,0.2374190214651826,1
1060,35.333333333333336,Participant4_LS_FuUp,Endomorph,Normal,upright,1.0,0.0,0.0,-0.177543355023576,-46.99428986303832,0.2280430087617598,1
1061,35.36666666666667,Participant4_LS_FuUp,Endomorph,Normal,upright,1.0,0.0,0.0,-0.1768348425010413,-46.70044454010291,0.2273303606909185,1
1062,35.4,Participant4_LS_FuUp,Endomorph,Normal,upright,1.0,0.0,0.0,-0.1777181797521435,-45.70686299945175,0.2101217435517654,1
1063,35.43333333333333,Participant4_LS_FuUp,Endomorph,Normal,upright,1.0,0.0,0.0,-0.1787346384103588,-47.03222210092931,0.2461024674168571,1
1064,35.46666666666667,Participant4_LS_FuUp,Endomorph,Normal,upright,1.0,0.0,0.0,-0.1897745529531489,-48.66263309108745,0.2284875394987562,1
1065,35.5,Participant4_LS_FuUp,Endomorph,Normal,upright,1.0,0.0,0.0,-0.1726402642508,-46.92520269284892,0.2448840691429637,1
1066,35.53333333333333,Participant4_LS_FuUp,Endomorph,Normal,upright,1.0,0.0,0.0,-0.1892061340841713,-45.53601796130126,0.2530428532197986,1
1067,35.56666666666667,Participant4_LS_FuUp,Endomorph,Normal,upright,1.0,0.0,0.0,-0.1887421293698062,-44.91125007077218,0.2122256246282406,1
1068,35.6,Participant4_LS_FuUp,Endomorph,Normal,upright,1.0,0.0,0.0,-0.1817915254808603,-45.9398543707843,0.2107904255544805,1
1069,35.63333333333333,Participant4_LS_FuUp,Endomorph,Normal,upright,1.0,0.0,0.0,-0.1636026843320315,-46.34451789140165,0.2166413961315901,1
1070,35.666666666666664,Participant4_LS_FuUp,Endomorph,Normal,upright,1.0,0.0,0.0,-0.1624339803738266,-45.784874342245054,0.2131421437152109,1
1071,35.7,Participant4_LS_FuUp,Endomorph,Normal,upright,1.0,0.0,0.0,-0.1748167892015363,-44.50278758979763,0.2074609187553095,1
1072,35.733333333333334,Participant4_LS_FuUp,Endomorph,Normal,upright,1.0,0.0,0.0,-0.1834374078967862,-45.20861959749796,0.2059724769006159,1
1073,35.766666666666666,Participant4_LS_FuUp,Endomorph,Normal,upright,1.0,0.0,0.0,-0.1703942422867685,-45.99001760664853,0.20040690788585,1
1074,35.8,Participant4_LS_FuUp,Endomorph,Normal,upright,1.0,0.0,0.0,-0.2010813256861118,-44.30962828940453,0.2075499217490133,1
1075,35.833333333333336,Participant4_LS_FuUp,Endomorph,Normal,upright,1.0,0.0,0.0,-0.1741351864782552,-45.50200363322704,0.1909490997900971,1
1076,35.86666666666667,Participant4_LS_FuUp,Endomorph,Normal,upright,1.0,0.0,0.0,-0.2045895839520698,-45.31562463549094,0.2070788132270133,1
1077,35.9,Participant4_LS_FuUp,Endomorph,Normal,upright,1.0,0.0,0.0,-0.1724565333520054,-44.51296135158775,0.202846076536509,1
1078,35.93333333333333,Participant4_LS_FuUp,Endomorph,Normal,upright,1.0,0.0,0.0,-0.1590441047396832,-46.58642641679084,0.1808000558123469,1
1079,35.96666666666667,Participant4_LS_FuUp,Endomorph,Normal,upright,1.0,0.0,0.0,-0.1821240430011105,-44.57712606010184,0.2303616423581739,1
1080,36.0,Participant4_LS_FuUp,Endomorph,Normal,upright,1.0,0.0,0.0,-0.1861305879107961,-44.831793658424274,0.2229861513949664,1
1081,36.03333333333333,Participant4_LS_FuUp,Endomorph,Normal,upright,1.0,0.0,0.0,-0.1338676011885157,-48.08309938834549,0.2085420087941613,1
1082,36.06666666666667,Participant4_LS_FuUp,Endomorph,Normal,upright,1.0,0.0,0.0,-0.1517891282845118,-47.4094101715548,0.2128491883032156,1
1083,36.1,Participant4_LS_FuUp,Endomorph,Normal,upright,1.0,0.0,0.0,-0.146664771467976,-45.340234019813074,0.2098025165529408,1
1084,36.13333333333333,Participant4_LS_FuUp,Endomorph,Normal,upright,1.0,0.0,0.0,-0.1404318967086086,-46.34987568571395,0.2351718290192775,1
1085,36.16666666666666,Participant4_LS_FuUp,Endomorph,Normal,upright,1.0,0.0,0.0,-0.1615779258637359,-45.44023360011077,0.2059953412693455,1
1086,36.2,Participant4_LS_FuUp,Endomorph,Normal,upright,1.0,0.0,0.0,-0.1560866933912108,-45.46229132518239,0.2333197989705226,1
1087,36.23333333333333,Participant4_LS_FuUp,Endomorph,Normal,upright,1.0,0.0,0.0,-0.1628406652437433,-46.28247286899671,0.2051459458867308,1
1088,36.266666666666666,Participant4_LS_FuUp,Endomorph,Normal,upright,1.0,0.0,0.0,-0.1581356871285377,-47.6580247433247,0.2229506894532445,1
1089,36.3,Participant4_LS_FuUp,Endomorph,Normal,upright,1.0,0.0,0.0,-0.1600380714860273,-47.3946237344198,0.1957934327242015,1
1090,36.333333333333336,Participant4_LS_FuUp,Endomorph,Normal,upright,1.0,0.0,0.0,-0.1738844073375631,-46.70203368343076,0.2238186555956126,1
1091,36.36666666666667,Participant4_LS_FuUp,Endomorph,Normal,upright,1.0,0.0,0.0,-0.1731682773462573,-46.90663130290088,0.2124107301220272,1
1092,36.4,Participant4_LS_FuUp,Endomorph,Normal,upright,1.0,0.0,0.0,-0.1890391530859484,-46.40627795213127,0.2149652426457436,1
1093,36.43333333333333,Participant4_LS_FuUp,Endomorph,Normal,upright,1.0,0.0,0.0,-0.2133071654243973,-45.29247398174365,0.2285505432109296,1
1094,36.46666666666667,Participant4_LS_FuUp,Endomorph,Normal,upright,1.0,0.0,0.0,-0.2218844103912896,-44.10763666579904,0.226738758235717,1
1095,36.5,Participant4_LS_FuUp,Endomorph,Normal,upright,1.0,0.0,0.0,-0.222334204509348,-44.39375831257982,0.2190519595664418,1
1096,36.53333333333333,Participant4_LS_FuUp,Endomorph,Normal,upright,1.0,0.0,0.0,-0.1838303507377492,-46.845504015336594,0.2304377203468595,1
1097,36.56666666666667,Participant4_LS_FuUp,Endomorph,Normal,upright,1.0,0.0,0.0,-0.1894691557057386,-46.02770129003751,0.2455930196863404,1
1098,36.6,Participant4_LS_FuUp,Endomorph,Normal,upright,1.0,0.0,0.0,-0.227450494133399,-43.43158717336845,0.2287807107724305,1
1099,36.63333333333333,Participant4_LS_FuUp,Endomorph,Normal,upright,1.0,0.0,0.0,-0.1928498998756903,-45.18758671846403,0.2335150402071332,1
1100,36.66666666666666,Participant4_LS_FuUp,Endomorph,Normal,upright,1.0,0.0,0.0,-0.1984296716863289,-46.35248194798443,0.2628577159774101,1
1101,36.7,Participant4_LS_FuUp,Endomorph,Normal,upright,1.0,0.0,0.0,-0.2007582407988754,-46.43281630739828,0.2251739811840876,1
1102,36.73333333333333,Participant4_LS_FuUp,Endomorph,Normal,upright,1.0,0.0,0.0,-0.1839601551410379,-46.83847355796563,0.2600774134371996,1
1103,36.766666666666666,Participant4_LS_FuUp,Endomorph,Normal,upright,1.0,0.0,0.0,-0.1818610311625236,-46.340293234794494,0.2213083189380029,1
1104,36.8,Participant4_LS_FuUp,Endomorph,Normal,upright,1.0,0.0,0.0,-0.1845028535574615,-45.923996908430745,0.2107339496256615,1
1105,36.833333333333336,Participant4_LS_FuUp,Endomorph,Normal,upright,1.0,0.0,0.0,-0.1844732950889187,-45.24517604426224,0.2517416123086449,1
1106,36.86666666666667,Participant4_LS_FuUp,Endomorph,Normal,upright,1.0,0.0,0.0,-0.1878851434055702,-47.901397577638285,0.2081488607268727,1
