frame_idx,timestamp,subject_id,somatotype,bmi_category,label,h2s_ratio,shoulder_tilt_deg,head_roll_deg,forward_head_z,neck_flexion_deg,shoulder_width_norm,is_valid
0,0.0,Participant4_RS_SlSl,Endomorph,Normal,slouch,1.0,0.0,0.0,-0.0369474147117473,55.13849604513658,0.1364522080322308,1
1,0.0333333333333333,Participant4_RS_SlSl,Endomorph,Normal,slouch,1.0,0.0,0.0,-0.0615638963612084,53.31581456847815,0.08396081915321,1
2,0.0666666666666666,Participant4_RS_SlSl,Endomorph,Normal,slouch,1.0,0.0,0.0,-0.0597217532640125,53.01671581998564,0.1060705306899807,1
3,0.1,Participant4_RS_SlSl,Endomorph,Normal,slouch,1.0,0.0,0.0,-0.0474170394276455,55.158399167009705,0.0507424600285584,1
4,0.1333333333333333,Participant4_RS_SlSl,Endomorph,Normal,slouch,1.0,0.0,0.0,-0.0455882389979237,53.79875270607295,0.0680109966653652,1
5,0.1666666666666666,Participant4_RS_SlSl,Endomorph,Normal,slouch,1.0,0.0,0.0,-0.1025164033522233,52.95320124113928,0.0608815674743282,1
6,0.2,Participant4_RS_SlSl,Endomorph,Normal,slouch,1.0,0.0,0.0,-0.0706190900297327,54.18046167683341,0.0392930767529831,1
7,0.2333333333333333,Participant4_RS_SlSl,Endomorph,Normal,slouch,1.0,0.0,0.0,-0.0462604510168277,55.63401653345744,0.0357256706184586,1
8,0.2666666666666666,Participant4_RS_SlSl,Endomorph,Normal,slouch,1.0,0.0,0.0,-0.0771852612483045,54.959205443922656,0.0387026396206042,1
9,0.3,Participant4_RS_SlSl,Endomorph,Normal,slouch,1.0,0.0,0.0,-0.0849852074528764,52.21400861941986,0.0604256780883157,1
10,0.3333333333333333,Participant4_RS_SlSl,Endomorph,Normal,slouch,1.0,0.0,0.0,-0.0922732092767375,53.44442773587091,0.0653714604754575,1
11,0.3666666666666666,Participant4_RS_SlSl,Endomorph,Normal,slouch,1.0,0.0,0.0,-0.0922931429146643,52.840557376335376,0.0765460956649205,1
12,0.4,Participant4_RS_SlSl,Endomorph,Normal,slouch,1.0,0.0,0.0,-0.0907534900021522,52.52374622236681,0.0617904258138147,1
13,0.4333333333333333,Participant4_RS_SlSl,Endomorph,Normal,slouch,1.0,0.0,0.0,-0.0532778795203284,54.94951272422825,0.0425347014584568,1
14,0.4666666666666667,Participant4_RS_SlSl,Endomorph,Normal,slouch,1.0,0.0,0.0,-0.0734045439146514,51.27936554645582,0.0633028204709044,1
15,0.5,Participant4_RS_SlSl,Endomorph,Normal,slouch,1.0,0.0,0.0,-0.0762167476776318,52.924943995299536,0.0518444033794004,1
16,0.5333333333333333,Participant4_RS_SlSl,Endomorph,Normal,slouch,1.0,0.0,0.0,-0.0867235419906926,50.65912494414939,0.0652268398967937,1
17,0.5666666666666667,Participant4_RS_SlSl,Endomorph,Normal,slouch,1.0,0.0,0.0,-0.1070099261700159,50.54746007777094,0.0743991663401093,1
18,0.6,Participant4_RS_SlSl,Endomorph,Normal,slouch,1.0,0.0,0.0,-0.1302361698238394,49.00187803646646,0.1145059396639191,1
19,0.6333333333333333,Participant4_RS_SlSl,Endomorph,Normal,slouch,1.0,0.0,0.0,-0.1018947545135538,51.12250375615998,0.0490143232299758,1
20,0.6666666666666666,Participant4_RS_SlSl,Endomorph,Normal,slouch,1.0,0.0,0.0,-0.1268855881947532,51.35849772961459,0.0517387301797712,1
21,0.7,Participant4_RS_SlSl,Endomorph,Normal,slouch,1.0,0.0,0.0,-0.0802212507353472,53.79011852197323,0.0368978020946798,1
22,0.7333333333333333,Participant4_RS_SlSl,Endomorph,Normal,slouch,1.0,0.0,0.0,-0.0906408938039691,51.16156165323923,0.0487183099841586,1
23,0.7666666666666667,Participant4_RS_SlSl,Endomorph,Normal,slouch,1.0,0.0,0.0,-0.121756196448313,52.42611868839227,0.0787130209170963,1
24,0.8,Participant4_RS_SlSl,Endomorph,Normal,slouch,1.0,0.0,0.0,-0.1149131778274791,51.69914482247938,0.0512771385007075,1
25,0.8333333333333334,Participant4_RS_SlSl,Endomorph,Normal,slouch,1.0,0.0,0.0,-0.0873601046791547,52.23150021261087,0.0607880250948761,1
26,0.8666666666666667,Participant4_RS_SlSl,Endomorph,Normal,slouch,1.0,0.0,0.0,-0.0821151636718512,53.20353806029029,0.0485458445030009,1
27,0.9,Participant4_RS_SlSl,Endomorph,Normal,slouch,1.0,0.0,0.0,-0.0924809444786772,51.36481577361284,0.0489321155426051,1
28,0.9333333333333332,Participant4_RS_SlSl,Endomorph,Normal,slouch,1.0,0.0,0.0,-0.0722824056898748,51.12373081460245,0.0525197461882036,1
29,0.9666666666666668,Participant4_RS_SlSl,Endomorph,Normal,slouch,1.0,0.0,0.0,-0.0659049442083237,51.69420140473897,0.0975561279388713,1
30,1.0,Participant4_RS_SlSl,Endomorph,Normal,slouch,1.0,0.0,0.0,-0.0769016813320048,53.63251517335289,0.0541598199848274,1
31,1.0333333333333334,Participant4_RS_SlSl,Endomorph,Normal,slouch,1.0,0.0,0.0,-0.0734244129553031,50.88178863235264,0.038895512167493,1
32,1.0666666666666669,Participant4_RS_SlSl,Endomorph,Normal,slouch,1.0,0.0,0.0,-0.0693228516023456,52.706747055652,0.106366349383047,1
33,1.1,Participant4_RS_SlSl,Endomorph,Normal,slouch,1.0,0.0,0.0,-0.0643822558702453,53.22284237777139,0.0421442700347104,1
34,1.1333333333333333,Participant4_RS_SlSl,Endomorph,Normal,slouch,1.0,0.0,0.0,-0.0594212947823553,52.0735593273234,0.0988835787737896,1
35,1.1666666666666667,Participant4_RS_SlSl,Endomorph,Normal,slouch,1.0,0.0,0.0,-0.0822659762288128,51.72789302169456,0.0412390495304136,1
36,1.2,Participant4_RS_SlSl,Endomorph,Normal,slouch,1.0,0.0,0.0,-0.0990322837635668,51.03916926620522,0.0485598282419019,1
37,1.2333333333333334,Participant4_RS_SlSl,Endomorph,Normal,slouch,1.0,0.0,0.0,-0.080210588016816,54.32196681039186,0.0349034700234737,1
38,1.2666666666666666,Participant4_RS_SlSl,Endomorph,Normal,slouch,1.0,0.0,0.0,-0.0685730394463501,53.82404229949591,0.0394339662462334,1
39,1.3,Participant4_RS_SlSl,Endomorph,Normal,slouch,1.0,0.0,0.0,-0.0750735322741022,54.19012731886126,0.0333606484979004,1
40,1.3333333333333333,Participant4_RS_SlSl,Endomorph,Normal,slouch,1.0,0.0,0.0,-0.0733736576855805,51.48761495237357,0.0523850025725033,1
41,1.3666666666666667,Participant4_RS_SlSl,Endomorph,Normal,slouch,1.0,0.0,0.0,-0.0894648500999365,50.418908931286815,0.0366279832111168,1
42,1.4,Participant4_RS_SlSl,Endomorph,Normal,slouch,1.0,0.0,0.0,-0.0847850179946078,54.68886991401388,0.1144351649334678,1
43,1.4333333333333331,Participant4_RS_SlSl,Endomorph,Normal,slouch,1.0,0.0,0.0,-0.0801305802292737,51.60789091440788,0.0588716222010845,1
44,1.4666666666666666,Participant4_RS_SlSl,Endomorph,Normal,slouch,1.0,0.0,0.0,-0.0834173872438178,50.66426639750058,0.0686995821849526,1
45,1.5,Participant4_RS_SlSl,Endomorph,Normal,slouch,1.0,0.0,0.0,-0.0784693209006979,50.37825583124484,0.0477339031472763,1
46,1.5333333333333334,Participant4_RS_SlSl,Endomorph,Normal,slouch,1.0,0.0,0.0,-0.0993047360570638,52.65846841914185,0.05209074503124,1
47,1.5666666666666669,Participant4_RS_SlSl,Endomorph,Normal,slouch,1.0,0.0,0.0,-0.048159251211456,54.16739909163586,0.0451402565405299,1
48,1.6,Participant4_RS_SlSl,Endomorph,Normal,slouch,1.0,0.0,0.0,-0.0663809521626592,51.94904874446659,0.0727166914992975,1
49,1.6333333333333333,Participant4_RS_SlSl,Endomorph,Normal,slouch,1.0,0.0,0.0,-0.0992540311215928,50.98789551797828,0.0471986456716988,1
50,1.6666666666666667,Participant4_RS_SlSl,Endomorph,Normal,slouch,1.0,0.0,0.0,-0.0643447997737545,54.19833357168535,0.0475849747475862,1
51,1.7,Participant4_RS_SlSl,Endomorph,Normal,slouch,1.0,0.0,0.0,-0.0873036126441264,52.0512767033615,0.0337637982267691,1
52,1.7333333333333334,Participant4_RS_SlSl,Endomorph,Normal,slouch,1.0,0.0,0.0,-0.0899730079093036,51.91008564376406,0.0540859633169465,1
53,1.7666666666666666,Participant4_RS_SlSl,Endomorph,Normal,slouch,1.0,0.0,0.0,-0.0824943381047688,53.599396182595775,0.0643096237694767,1
54,1.8,Participant4_RS_SlSl,Endomorph,Normal,slouch,1.0,0.0,0.0,-0.0819754641072659,52.11206465712024,0.0349485144755367,1
55,1.8333333333333333,Participant4_RS_SlSl,Endomorph,Normal,slouch,1.0,0.0,0.0,-0.0925831464728523,51.51615325312766,0.0448785819540846,1
56,1.8666666666666667,Participant4_RS_SlSl,Endomorph,Normal,slouch,1.0,0.0,0.0,-0.0751117678649824,55.323528881408215,0.0505731452508744,1
57,1.9,Participant4_RS_SlSl,Endomorph,Normal,slouch,1.0,0.0,0.0,-0.0771813861962981,55.17707790705253,0.0456656959795221,1
58,1.9333333333333331,Participant4_RS_SlSl,Endomorph,Normal,slouch,1.0,0.0,0.0,-0.0746645147181591,52.55340785426463,0.0532428858978601,1
59,1.9666666666666663,Participant4_RS_SlSl,Endomorph,Normal,slouch,1.0,0.0,0.0,-0.0709885708309018,52.245317897685815,0.0468681739001982,1
60,2.0,Participant4_RS_SlSl,Endomorph,Normal,slouch,1.0,0.0,0.0,-0.0969739127147586,50.273308587512446,0.0633896737754762,1
61,2.033333333333333,Participant4_RS_SlSl,Endomorph,Normal,slouch,1.0,0.0,0.0,-0.1326135189701015,49.88480229930626,0.0774144038676102,1
62,2.066666666666667,Participant4_RS_SlSl,Endomorph,Normal,slouch,1.0,0.0,0.0,-0.1167776739749277,51.68758265393467,0.0666272439093625,1
63,2.1,Participant4_RS_SlSl,Endomorph,Normal,slouch,1.0,0.0,0.0,-0.1201284820405115,49.320234949742726,0.079184817872588,1
64,2.1333333333333333,Participant4_RS_SlSl,Endomorph,Normal,slouch,1.0,0.0,0.0,-0.1128843480549607,50.20566585755762,0.081138453288131,1
65,2.1666666666666665,Participant4_RS_SlSl,Endomorph,Normal,slouch,1.0,0.0,0.0,-0.1205121636751708,50.65048247341593,0.0542275923634237,1
66,2.2,Participant4_RS_SlSl,Endomorph,Normal,slouch,1.0,0.0,0.0,-0.1203781871687776,52.071813750023146,0.0903382290028436,1
67,2.2333333333333334,Participant4_RS_SlSl,Endomorph,Normal,slouch,1.0,0.0,0.0,-0.0943964892908987,52.09981756549219,0.0682529662506882,1
68,2.2666666666666666,Participant4_RS_SlSl,Endomorph,Normal,slouch,1.0,0.0,0.0,-0.0953035351015132,53.35929512167986,0.1062189881351925,1
69,2.3,Participant4_RS_SlSl,Endomorph,Normal,slouch,1.0,0.0,0.0,-0.1335701240012435,52.18458123952925,0.1003212121521537,1
70,2.333333333333333,Participant4_RS_SlSl,Endomorph,Normal,slouch,1.0,0.0,0.0,-0.1246993198548582,51.51055578161309,0.1133662032602444,1
71,2.3666666666666667,Participant4_RS_SlSl,Endomorph,Normal,slouch,1.0,0.0,0.0,-0.1070498571802058,50.44549439739936,0.0603916410647074,1
72,2.4,Participant4_RS_SlSl,Endomorph,Normal,slouch,1.0,0.0,0.0,-0.1008126983847072,49.71516160552279,0.0541893081246627,1
73,2.433333333333333,Participant4_RS_SlSl,Endomorph,Normal,slouch,1.0,0.0,0.0,-0.1395628948362408,50.20653021310245,0.1167124748106979,1
74,2.466666666666667,Participant4_RS_SlSl,Endomorph,Normal,slouch,1.0,0.0,0.0,-0.1465989085351264,51.01793056153455,0.1123911634960648,1
75,2.5,Participant4_RS_SlSl,Endomorph,Normal,slouch,1.0,0.0,0.0,-0.125137574796066,51.25586388692049,0.0726583302949075,1
76,2.533333333333333,Participant4_RS_SlSl,Endomorph,Normal,slouch,1.0,0.0,0.0,-0.1421056524004157,49.31839113388648,0.090159056340955,1
77,2.566666666666667,Participant4_RS_SlSl,Endomorph,Normal,slouch,1.0,0.0,0.0,-0.1144685172380228,50.55201597682517,0.0930376526739058,1
78,2.6,Participant4_RS_SlSl,Endomorph,Normal,slouch,1.0,0.0,0.0,-0.133355197315338,50.60949721597783,0.0976761798441204,1
79,2.6333333333333333,Participant4_RS_SlSl,Endomorph,Normal,slouch,1.0,0.0,0.0,-0.1190537048467749,50.17801608621452,0.0249050161654875,1
80,2.6666666666666665,Participant4_RS_SlSl,Endomorph,Normal,slouch,1.0,0.0,0.0,-0.1105392591648874,52.20640375487982,0.0255159770736183,1
81,2.7,Participant4_RS_SlSl,Endomorph,Normal,slouch,1.0,0.0,0.0,-0.106303300833937,52.266021487386354,0.0295966327151651,1
82,2.7333333333333334,Participant4_RS_SlSl,Endomorph,Normal,slouch,1.0,0.0,0.0,-0.1166928171359825,50.88166863718946,0.0324118209089501,1
83,2.7666666666666666,Participant4_RS_SlSl,Endomorph,Normal,slouch,1.0,0.0,0.0,-0.0999601704836836,50.635234605983904,0.038690363075531,1
84,2.8,Participant4_RS_SlSl,Endomorph,Normal,slouch,1.0,0.0,0.0,-0.1091080955805758,50.46971803494898,0.0472856403547175,1
85,2.833333333333333,Participant4_RS_SlSl,Endomorph,Normal,slouch,1.0,0.0,0.0,-0.1277691406553427,54.09784053512461,0.0316745324232962,1
86,2.8666666666666667,Participant4_RS_SlSl,Endomorph,Normal,slouch,1.0,0.0,0.0,-0.1421545468862031,49.78123578108959,0.0955383334633795,1
87,2.9,Participant4_RS_SlSl,Endomorph,Normal,slouch,1.0,0.0,0.0,-0.1514042384291088,49.9470197515019,0.0980955598515867,1
88,2.933333333333333,Participant4_RS_SlSl,Endomorph,Normal,slouch,1.0,0.0,0.0,-0.1254916685954332,49.52432419740997,0.0917244020114563,1
89,2.966666666666667,Participant4_RS_SlSl,Endomorph,Normal,slouch,1.0,0.0,0.0,-0.1151709649661449,49.59954099811967,0.0740381819473582,1
90,3.0,Participant4_RS_SlSl,Endomorph,Normal,slouch,1.0,0.0,0.0,-0.0762115747355095,50.77986872490618,0.0477704740818214,1
91,3.033333333333333,Participant4_RS_SlSl,Endomorph,Normal,slouch,1.0,0.0,0.0,-0.0933849054833404,51.58407503449126,0.0625212938341744,1
92,3.066666666666667,Participant4_RS_SlSl,Endomorph,Normal,slouch,1.0,0.0,0.0,-0.1183886218948576,49.27771647553388,0.0609228998400981,1
93,3.1,Participant4_RS_SlSl,Endomorph,Normal,slouch,1.0,0.0,0.0,-0.1204267476713446,51.406134238067125,0.1068615480395948,1
94,3.1333333333333333,Participant4_RS_SlSl,Endomorph,Normal,slouch,1.0,0.0,0.0,-0.1315874433767513,50.686679190450704,0.112366354187365,1
95,3.1666666666666665,Participant4_RS_SlSl,Endomorph,Normal,slouch,1.0,0.0,0.0,-0.1189859085040214,49.7203441200494,0.0579004457737267,1
96,3.2,Participant4_RS_SlSl,Endomorph,Normal,slouch,1.0,0.0,0.0,-0.1172723527704233,50.59280980859064,0.088585359974927,1
97,3.2333333333333334,Participant4_RS_SlSl,Endomorph,Normal,slouch,1.0,0.0,0.0,-0.1326133207955148,50.23520700894344,0.1012899075085978,1
98,3.2666666666666666,Participant4_RS_SlSl,Endomorph,Normal,slouch,1.0,0.0,0.0,-0.1252089327985676,51.50419356498611,0.0900494965819071,1
99,3.3,Participant4_RS_SlSl,Endomorph,Normal,slouch,1.0,0.0,0.0,-0.1081345541950019,51.60921354828256,0.0999238512937878,1
100,3.333333333333333,Participant4_RS_SlSl,Endomorph,Normal,slouch,1.0,0.0,0.0,-0.1115409624638769,50.6724144817465,0.0769590860487332,1
101,3.3666666666666667,Participant4_RS_SlSl,Endomorph,Normal,slouch,1.0,0.0,0.0,-0.1113049818610997,51.514394070775886,0.0925583700559089,1
102,3.4,Participant4_RS_SlSl,Endomorph,Normal,slouch,1.0,0.0,0.0,-0.1166676505790007,51.02762838163992,0.1187496792003649,1
103,3.433333333333333,Participant4_RS_SlSl,Endomorph,Normal,slouch,1.0,0.0,0.0,-0.1052847724254038,51.4511476016301,0.0757967067681089,1
104,3.466666666666667,Participant4_RS_SlSl,Endomorph,Normal,slouch,1.0,0.0,0.0,-0.0944860306411002,51.967861227210456,0.0857879035831956,1
105,3.5,Participant4_RS_SlSl,Endomorph,Normal,slouch,1.0,0.0,0.0,-0.088670135365122,51.91436440922585,0.0470094312098406,1
106,3.533333333333333,Participant4_RS_SlSl,Endomorph,Normal,slouch,1.0,0.0,0.0,-0.075614540547897,51.59229356265154,0.0525731404140702,1
107,3.566666666666667,Participant4_RS_SlSl,Endomorph,Normal,slouch,1.0,0.0,0.0,-0.1078616514199976,52.08968584645057,0.044794605392034,1
108,3.6,Participant4_RS_SlSl,Endomorph,Normal,slouch,1.0,0.0,0.0,-0.1460932069086274,49.780379455497936,0.0701477901816698,1
109,3.633333333333333,Participant4_RS_SlSl,Endomorph,Normal,slouch,1.0,0.0,0.0,-0.1126875823512635,52.898401236998254,0.0363977892898045,1
110,3.6666666666666665,Participant4_RS_SlSl,Endomorph,Normal,slouch,1.0,0.0,0.0,-0.1142502074444151,49.81947176717601,0.0647658813553266,1
111,3.7,Participant4_RS_SlSl,Endomorph,Normal,slouch,1.0,0.0,0.0,-0.0909163543784393,52.68115415889408,0.0380179011096231,1
112,3.733333333333333,Participant4_RS_SlSl,Endomorph,Normal,slouch,1.0,0.0,0.0,-0.0541796693607806,54.51948681133397,0.0450881588347406,1
113,3.7666666666666666,Participant4_RS_SlSl,Endomorph,Normal,slouch,1.0,0.0,0.0,-0.0991111161947523,49.70749260056253,0.0776054877684825,1
114,3.8,Participant4_RS_SlSl,Endomorph,Normal,slouch,1.0,0.0,0.0,-0.0924185448118752,49.88332217207659,0.0473368033216597,1
115,3.8333333333333335,Participant4_RS_SlSl,Endomorph,Normal,slouch,1.0,0.0,0.0,-0.0701433920551375,51.68581968177677,0.0527245677700628,1
116,3.8666666666666663,Participant4_RS_SlSl,Endomorph,Normal,slouch,1.0,0.0,0.0,-0.0960321240991899,50.64738038053335,0.0675531484464356,1
117,3.9,Participant4_RS_SlSl,Endomorph,Normal,slouch,1.0,0.0,0.0,-0.0724038886156188,52.57612136880168,0.0586320715877138,1
118,3.933333333333333,Participant4_RS_SlSl,Endomorph,Normal,slouch,1.0,0.0,0.0,-0.1020947658118824,50.542986607952216,0.0889611630454716,1
119,3.966666666666667,Participant4_RS_SlSl,Endomorph,Normal,slouch,1.0,0.0,0.0,-0.0913144194706161,52.44752753561984,0.0562471311427709,1
120,4.0,Participant4_RS_SlSl,Endomorph,Normal,slouch,1.0,0.0,0.0,-0.0992402841424791,51.88828508832471,0.077991296702507,1
121,4.033333333333333,Participant4_RS_SlSl,Endomorph,Normal,slouch,1.0,0.0,0.0,-0.072119613307082,51.17493869294287,0.0475833275368299,1
122,4.066666666666666,Participant4_RS_SlSl,Endomorph,Normal,slouch,1.0,0.0,0.0,-0.0800405886918766,49.925228092162605,0.0751708151248724,1
123,4.1,Participant4_RS_SlSl,Endomorph,Normal,slouch,1.0,0.0,0.0,-0.0815016686946303,50.37775428896381,0.0580469770604081,1
124,4.133333333333334,Participant4_RS_SlSl,Endomorph,Normal,slouch,1.0,0.0,0.0,-0.0917488158915881,51.70161113325809,0.0514906130384741,1
125,4.166666666666667,Participant4_RS_SlSl,Endomorph,Normal,slouch,1.0,0.0,0.0,-0.0799192364993063,52.12704076217293,0.0626704086320579,1
126,4.2,Participant4_RS_SlSl,Endomorph,Normal,slouch,1.0,0.0,0.0,-0.1175763370449954,50.45518777597631,0.1061872696648499,1
127,4.233333333333333,Participant4_RS_SlSl,Endomorph,Normal,slouch,1.0,0.0,0.0,-0.0779948035666215,51.51938296181105,0.0890287063341171,1
128,4.266666666666667,Participant4_RS_SlSl,Endomorph,Normal,slouch,1.0,0.0,0.0,-0.0762686321219232,54.35092685849153,0.0259582069571243,1
129,4.3,Participant4_RS_SlSl,Endomorph,Normal,slouch,1.0,0.0,0.0,-0.1226600161566399,50.27270115495592,0.0832634673609482,1
130,4.333333333333333,Participant4_RS_SlSl,Endomorph,Normal,slouch,1.0,0.0,0.0,-0.1294769531096229,50.30790860289926,0.0739658373684622,1
131,4.366666666666666,Participant4_RS_SlSl,Endomorph,Normal,slouch,1.0,0.0,0.0,-0.1003666407493328,50.74087814349936,0.0731612375382954,1
132,4.4,Participant4_RS_SlSl,Endomorph,Normal,slouch,1.0,0.0,0.0,-0.0882180120467971,50.96679426681053,0.0434445427210353,1
133,4.433333333333334,Participant4_RS_SlSl,Endomorph,Normal,slouch,1.0,0.0,0.0,-0.1173267132294847,51.14616555496959,0.0756848234260478,1
134,4.466666666666667,Participant4_RS_SlSl,Endomorph,Normal,slouch,1.0,0.0,0.0,-0.1021263138256406,51.36502521897924,0.0488128695401826,1
135,4.5,Participant4_RS_SlSl,Endomorph,Normal,slouch,1.0,0.0,0.0,-0.1341248342329224,50.81910722854072,0.0476497673698086,1
136,4.533333333333333,Participant4_RS_SlSl,Endomorph,Normal,slouch,1.0,0.0,0.0,-0.1175613067234022,51.576065898430166,0.0642418356347712,1
137,4.566666666666666,Participant4_RS_SlSl,Endomorph,Normal,slouch,1.0,0.0,0.0,-0.0984942413026171,52.82662817171824,0.0696191646550303,1
138,4.6,Participant4_RS_SlSl,Endomorph,Normal,slouch,1.0,0.0,0.0,-0.1014248670689865,49.81162723909973,0.070367057887835,1
139,4.633333333333334,Participant4_RS_SlSl,Endomorph,Normal,slouch,1.0,0.0,0.0,-0.0907423010607015,50.91078068198206,0.0487441145295236,1
140,4.666666666666667,Participant4_RS_SlSl,Endomorph,Normal,slouch,1.0,0.0,0.0,-0.0881972695411392,51.52925449173231,0.0551369537631359,1
141,4.7,Participant4_RS_SlSl,Endomorph,Normal,slouch,1.0,0.0,0.0,-0.0859050943063913,53.10611665776596,0.0418024999682132,1
142,4.733333333333333,Participant4_RS_SlSl,Endomorph,Normal,slouch,1.0,0.0,0.0,-0.0995590346647125,52.36906782377369,0.0371101381975628,1
143,4.766666666666667,Participant4_RS_SlSl,Endomorph,Normal,slouch,1.0,0.0,0.0,-0.1074201147210478,52.242201259940224,0.0419224502690429,1
144,4.8,Participant4_RS_SlSl,Endomorph,Normal,slouch,1.0,0.0,0.0,-0.0708729684102989,52.11795421036162,0.0527358559270543,1
145,4.833333333333333,Participant4_RS_SlSl,Endomorph,Normal,slouch,1.0,0.0,0.0,-0.0833326344592398,48.2471925372337,0.0528493278525644,1
146,4.866666666666666,Participant4_RS_SlSl,Endomorph,Normal,slouch,1.0,0.0,0.0,-0.0854566121074666,50.51928647267773,0.042171728065749,1
147,4.9,Participant4_RS_SlSl,Endomorph,Normal,slouch,1.0,0.0,0.0,-0.0888884416133495,52.04120737568342,0.1001276860490669,1
148,4.933333333333334,Participant4_RS_SlSl,Endomorph,Normal,slouch,1.0,0.0,0.0,-0.0866039885181103,51.572120828867455,0.1030741754846002,1
149,4.966666666666667,Participant4_RS_SlSl,Endomorph,Normal,slouch,1.0,0.0,0.0,-0.0915348877194082,52.35068839906271,0.1058270207514248,1
150,5.0,Participant4_RS_SlSl,Endomorph,Normal,slouch,1.0,0.0,0.0,-0.0767497355588608,52.85407294497492,0.1037218223872673,1
151,5.033333333333333,Participant4_RS_SlSl,Endomorph,Normal,slouch,1.0,0.0,0.0,-0.0831711269573083,50.03039392835325,0.0653166312045091,1
152,5.066666666666666,Participant4_RS_SlSl,Endomorph,Normal,slouch,1.0,0.0,0.0,-0.0907445945557988,50.75411888215786,0.0666919431348885,1
153,5.1,Participant4_RS_SlSl,Endomorph,Normal,slouch,1.0,0.0,0.0,-0.0904509558975329,50.606124539649066,0.0832549953660836,1
154,5.133333333333334,Participant4_RS_SlSl,Endomorph,Normal,slouch,1.0,0.0,0.0,-0.0675791758225755,50.29420487878296,0.0598102941006783,1
155,5.166666666666667,Participant4_RS_SlSl,Endomorph,Normal,slouch,1.0,0.0,0.0,-0.0625811495144186,52.40346857115648,0.0336273795438305,1
156,5.2,Participant4_RS_SlSl,Endomorph,Normal,slouch,1.0,0.0,0.0,-0.0929726531590066,52.56329524096865,0.0447204416195876,1
157,5.233333333333333,Participant4_RS_SlSl,Endomorph,Normal,slouch,1.0,0.0,0.0,-0.0561851727154447,54.92321147601832,0.0228173714436097,1
158,5.266666666666667,Participant4_RS_SlSl,Endomorph,Normal,slouch,1.0,0.0,0.0,-0.0776279157837178,51.46148498068757,0.0521627366760677,1
159,5.3,Participant4_RS_SlSl,Endomorph,Normal,slouch,1.0,0.0,0.0,-0.092606400425921,51.54497685736452,0.0718415595815307,1
160,5.333333333333333,Participant4_RS_SlSl,Endomorph,Normal,slouch,1.0,0.0,0.0,-0.0348519128230416,54.11948880793317,0.1111506354977385,1
161,5.366666666666666,Participant4_RS_SlSl,Endomorph,Normal,slouch,1.0,0.0,0.0,-0.0492540436967798,53.60711858121269,0.10962166094197,1
162,5.4,Participant4_RS_SlSl,Endomorph,Normal,slouch,1.0,0.0,0.0,-0.0298055135241807,53.2761208804305,0.1215667856816083,1
163,5.433333333333334,Participant4_RS_SlSl,Endomorph,Normal,slouch,1.0,0.0,0.0,-0.0685404149345777,51.51836776261087,0.0513224781983934,1
164,5.466666666666667,Participant4_RS_SlSl,Endomorph,Normal,slouch,1.0,0.0,0.0,-0.0343276640704698,52.70371478693026,0.0626217113360043,1
165,5.5,Participant4_RS_SlSl,Endomorph,Normal,slouch,1.0,0.0,0.0,-0.0582844557135997,54.43284425410563,0.0463916180091982,1
166,5.533333333333333,Participant4_RS_SlSl,Endomorph,Normal,slouch,1.0,0.0,0.0,-0.0514570856568507,53.24112812036982,0.1127690522700437,1
167,5.566666666666666,Participant4_RS_SlSl,Endomorph,Normal,slouch,1.0,0.0,0.0,-0.0964177279654405,53.28661508569923,0.0357347652457136,1
168,5.6,Participant4_RS_SlSl,Endomorph,Normal,slouch,1.0,0.0,0.0,-0.0814480047254632,54.152253090328905,0.0245749421586105,1
169,5.633333333333334,Participant4_RS_SlSl,Endomorph,Normal,slouch,1.0,0.0,0.0,-0.0595416972641631,53.34095894970604,0.0531068145399261,1
170,5.666666666666667,Participant4_RS_SlSl,Endomorph,Normal,slouch,1.0,0.0,0.0,-0.0602855012983231,49.70925616524204,0.0439080977062096,1
171,5.7,Participant4_RS_SlSl,Endomorph,Normal,slouch,1.0,0.0,0.0,-0.087481559679693,52.782819924961935,0.0582183434721116,1
172,5.733333333333333,Participant4_RS_SlSl,Endomorph,Normal,slouch,1.0,0.0,0.0,-0.077171871189425,51.78519526895696,0.0684441382752467,1
173,5.766666666666667,Participant4_RS_SlSl,Endomorph,Normal,slouch,1.0,0.0,0.0,-0.0839898409286254,51.97760662641683,0.0539512860473921,1
174,5.8,Participant4_RS_SlSl,Endomorph,Normal,slouch,1.0,0.0,0.0,-0.0866753329707948,50.980488295578446,0.0673212859697176,1
175,5.833333333333333,Participant4_RS_SlSl,Endomorph,Normal,slouch,1.0,0.0,0.0,-0.0964247875920401,51.33532488034026,0.0964785861330196,1
176,5.866666666666666,Participant4_RS_SlSl,Endomorph,Normal,slouch,1.0,0.0,0.0,-0.0938260367527845,52.81809815959206,0.0742271490263893,1
177,5.9,Participant4_RS_SlSl,Endomorph,Normal,slouch,1.0,0.0,0.0,-0.108382233493591,52.30125107971353,0.1000633143293436,1
178,5.933333333333334,Participant4_RS_SlSl,Endomorph,Normal,slouch,1.0,0.0,0.0,-0.089503929325755,52.222415726133846,0.0654064745532174,1
179,5.966666666666667,Participant4_RS_SlSl,Endomorph,Normal,slouch,1.0,0.0,0.0,-0.1277415917271561,49.8805837318374,0.0478701897448197,1
180,6.0,Participant4_RS_SlSl,Endomorph,Normal,slouch,1.0,0.0,0.0,-0.1110083743706571,50.641961187039016,0.0427067614034654,1
181,6.033333333333333,Participant4_RS_SlSl,Endomorph,Normal,slouch,1.0,0.0,0.0,-0.1011823912543735,51.43993144350263,0.1255049530214473,1
182,6.066666666666666,Participant4_RS_SlSl,Endomorph,Normal,slouch,1.0,0.0,0.0,-0.1196735917325977,51.02067375083031,0.1157210951110479,1
183,6.1,Participant4_RS_SlSl,Endomorph,Normal,slouch,1.0,0.0,0.0,-0.1037613591193127,50.24264874698617,0.0612730180510328,1
184,6.133333333333334,Participant4_RS_SlSl,Endomorph,Normal,slouch,1.0,0.0,0.0,-0.0849107372074283,54.21089808020657,0.0197040187232674,1
185,6.166666666666667,Participant4_RS_SlSl,Endomorph,Normal,slouch,1.0,0.0,0.0,-0.106649587968544,50.21582900432948,0.0744242759782214,1
186,6.2,Participant4_RS_SlSl,Endomorph,Normal,slouch,1.0,0.0,0.0,-0.0982996031893229,48.95533048400021,0.0866545747778345,1
187,6.233333333333333,Participant4_RS_SlSl,Endomorph,Normal,slouch,1.0,0.0,0.0,-0.1059623968966635,49.32098562492093,0.0429254619111272,1
188,6.266666666666667,Participant4_RS_SlSl,Endomorph,Normal,slouch,1.0,0.0,0.0,-0.1141216224399357,50.59756235562874,0.0515863486942594,1
189,6.3,Participant4_RS_SlSl,Endomorph,Normal,slouch,1.0,0.0,0.0,-0.1156092976660407,51.44978210616637,0.049588063026324,1
190,6.333333333333333,Participant4_RS_SlSl,Endomorph,Normal,slouch,1.0,0.0,0.0,-0.1067069090315748,51.88533941605208,0.0994099859808992,1
191,6.366666666666666,Participant4_RS_SlSl,Endomorph,Normal,slouch,1.0,0.0,0.0,-0.1160469817279447,50.89465812030936,0.1274593758926369,1
192,6.4,Participant4_RS_SlSl,Endomorph,Normal,slouch,1.0,0.0,0.0,-0.092775567016864,52.99198715706962,0.1122296964851533,1
193,6.433333333333334,Participant4_RS_SlSl,Endomorph,Normal,slouch,1.0,0.0,0.0,-0.0970431879289019,51.72667847156798,0.142283369343934,1
194,6.466666666666667,Participant4_RS_SlSl,Endomorph,Normal,slouch,1.0,0.0,0.0,-0.1220310685784715,50.91757439557983,0.0668977623262333,1
195,6.5,Participant4_RS_SlSl,Endomorph,Normal,slouch,1.0,0.0,0.0,-0.1281812716553933,51.6317261269152,0.1307200927164958,1
196,6.533333333333333,Participant4_RS_SlSl,Endomorph,Normal,slouch,1.0,0.0,0.0,-0.101702118936989,51.08301034468088,0.0542962313687971,1
197,6.566666666666666,Participant4_RS_SlSl,Endomorph,Normal,slouch,1.0,0.0,0.0,-0.1220833419529303,51.65055101054463,0.0676730675881592,1
198,6.6,Participant4_RS_SlSl,Endomorph,Normal,slouch,1.0,0.0,0.0,-0.1386424202681461,50.69570214473242,0.0834283772411471,1
199,6.633333333333334,Participant4_RS_SlSl,Endomorph,Normal,slouch,1.0,0.0,0.0,-0.0963564819076706,50.93404517990247,0.0599172372359726,1
200,6.666666666666667,Participant4_RS_SlSl,Endomorph,Normal,slouch,1.0,0.0,0.0,-0.1146832827574624,50.88410200169515,0.0596522499243177,1
201,6.7,Participant4_RS_SlSl,Endomorph,Normal,slouch,1.0,0.0,0.0,-0.0936067276167529,52.96292136731326,0.0282131043192743,1
202,6.733333333333333,Participant4_RS_SlSl,Endomorph,Normal,slouch,1.0,0.0,0.0,-0.0915114512950973,52.46576408417559,0.0325939999344928,1
203,6.766666666666667,Participant4_RS_SlSl,Endomorph,Normal,slouch,1.0,0.0,0.0,-0.1028713436646379,53.7458445193997,0.0255131809515383,1
204,6.8,Participant4_RS_SlSl,Endomorph,Normal,slouch,1.0,0.0,0.0,-0.0862016490511641,53.675388662557616,0.0254636525203245,1
205,6.833333333333333,Participant4_RS_SlSl,Endomorph,Normal,slouch,1.0,0.0,0.0,-0.1239570649394829,54.38658954904073,0.0242135189614619,1
206,6.866666666666666,Participant4_RS_SlSl,Endomorph,Normal,slouch,1.0,0.0,0.0,-0.0907085804701776,54.16582590584365,0.1069234242535347,1
207,6.9,Participant4_RS_SlSl,Endomorph,Normal,slouch,1.0,0.0,0.0,-0.0994623868764419,51.438065854188096,0.064724716674348,1
208,6.933333333333334,Participant4_RS_SlSl,Endomorph,Normal,slouch,1.0,0.0,0.0,-0.1014331949168766,54.482498487058464,0.0269293624273609,1
209,6.966666666666667,Participant4_RS_SlSl,Endomorph,Normal,slouch,1.0,0.0,0.0,-0.1046746729184414,54.07142711970165,0.0259088304980971,1
210,7.0,Participant4_RS_SlSl,Endomorph,Normal,slouch,1.0,0.0,0.0,-0.0910879922762267,53.80226418864296,0.0674862883719153,1
211,7.033333333333333,Participant4_RS_SlSl,Endomorph,Normal,slouch,1.0,0.0,0.0,-0.1183455186783981,51.41332218955955,0.0673348081855921,1
212,7.066666666666666,Participant4_RS_SlSl,Endomorph,Normal,slouch,1.0,0.0,0.0,-0.0909728011455536,53.32569082565409,0.0354305217041163,1
213,7.1,Participant4_RS_SlSl,Endomorph,Normal,slouch,1.0,0.0,0.0,-0.1388368653184936,51.2296862779321,0.0727938865801253,1
214,7.133333333333334,Participant4_RS_SlSl,Endomorph,Normal,slouch,1.0,0.0,0.0,-0.1337767538253776,51.744908725533165,0.0511284201319119,1
215,7.166666666666667,Participant4_RS_SlSl,Endomorph,Normal,slouch,1.0,0.0,0.0,-0.0979166046268776,52.66248911965956,0.049197891980137,1
216,7.2,Participant4_RS_SlSl,Endomorph,Normal,slouch,1.0,0.0,0.0,-0.0996968631538825,52.22884310247774,0.0360293923519643,1
217,7.233333333333333,Participant4_RS_SlSl,Endomorph,Normal,slouch,1.0,0.0,0.0,-0.1263303033669179,50.27928818122317,0.0653264802505211,1
218,7.266666666666667,Participant4_RS_SlSl,Endomorph,Normal,slouch,1.0,0.0,0.0,-0.0946937496527329,54.76517906348778,0.02959394003537,1
219,7.3,Participant4_RS_SlSl,Endomorph,Normal,slouch,1.0,0.0,0.0,-0.0947999194884148,52.30983777492702,0.0663974063249063,1
220,7.333333333333333,Participant4_RS_SlSl,Endomorph,Normal,slouch,1.0,0.0,0.0,-0.0817202831529971,52.243128757463374,0.0562366581818643,1
221,7.366666666666666,Participant4_RS_SlSl,Endomorph,Normal,slouch,1.0,0.0,0.0,-0.0957985780228306,51.66646800174156,0.0529299684759685,1
222,7.4,Participant4_RS_SlSl,Endomorph,Normal,slouch,1.0,0.0,0.0,-0.0894305609095346,50.51073332375825,0.0523862750526917,1
223,7.433333333333334,Participant4_RS_SlSl,Endomorph,Normal,slouch,1.0,0.0,0.0,-0.0893599954203654,50.87166675077815,0.0552235620822005,1
224,7.466666666666667,Participant4_RS_SlSl,Endomorph,Normal,slouch,1.0,0.0,0.0,-0.10090837507102,51.011693700845285,0.0871599160761685,1
225,7.5,Participant4_RS_SlSl,Endomorph,Normal,slouch,1.0,0.0,0.0,-0.0842040683492295,53.931633641997806,0.0275348654723843,1
226,7.533333333333333,Participant4_RS_SlSl,Endomorph,Normal,slouch,1.0,0.0,0.0,-0.113439057583768,51.80013110014799,0.1253236799290902,1
227,7.566666666666666,Participant4_RS_SlSl,Endomorph,Normal,slouch,1.0,0.0,0.0,-0.0988283022968036,55.10739468182541,0.02297459314368,1
228,7.6,Participant4_RS_SlSl,Endomorph,Normal,slouch,1.0,0.0,0.0,-0.069997979682285,54.17161885332823,0.0311335564434426,1
229,7.633333333333334,Participant4_RS_SlSl,Endomorph,Normal,slouch,1.0,0.0,0.0,-0.0631961636625769,54.37558706030489,0.0342119906438478,1
230,7.666666666666667,Participant4_RS_SlSl,Endomorph,Normal,slouch,1.0,0.0,0.0,-0.0691143011361237,54.20142048278113,0.0362702669805004,1
231,7.7,Participant4_RS_SlSl,Endomorph,Normal,slouch,1.0,0.0,0.0,-0.0763452083869281,53.948189701871854,0.0411556338035595,1
232,7.733333333333333,Participant4_RS_SlSl,Endomorph,Normal,slouch,1.0,0.0,0.0,-0.0767533161856349,54.54251662930803,0.0317030104751629,1
233,7.766666666666667,Participant4_RS_SlSl,Endomorph,Normal,slouch,1.0,0.0,0.0,-0.0623790892908711,51.5454738223408,0.0634578747279878,1
234,7.8,Participant4_RS_SlSl,Endomorph,Normal,slouch,1.0,0.0,0.0,-0.0900174687198022,55.62045349702113,0.0576054609153131,1
235,7.833333333333333,Participant4_RS_SlSl,Endomorph,Normal,slouch,1.0,0.0,0.0,-0.0905714630460171,50.51165486810946,0.0914782383853637,1
236,7.866666666666666,Participant4_RS_SlSl,Endomorph,Normal,slouch,1.0,0.0,0.0,-0.0738068502840761,53.916335373783,0.0839671619653405,1
237,7.9,Participant4_RS_SlSl,Endomorph,Normal,slouch,1.0,0.0,0.0,-0.0822907961640341,54.056632962388186,0.0805297000417482,1
238,7.933333333333334,Participant4_RS_SlSl,Endomorph,Normal,slouch,1.0,0.0,0.0,-0.0535978204229309,52.53333674350127,0.0356361410409066,1
239,7.966666666666667,Participant4_RS_SlSl,Endomorph,Normal,slouch,1.0,0.0,0.0,-0.0614784985871558,51.89528735036652,0.0385123255061907,1
240,8.0,Participant4_RS_SlSl,Endomorph,Normal,slouch,1.0,0.0,0.0,-0.0803515353270182,52.878794408236274,0.0366847040660817,1
241,8.033333333333333,Participant4_RS_SlSl,Endomorph,Normal,slouch,1.0,0.0,0.0,-0.0944011299293712,53.49608965794204,0.0335926404736948,1
242,8.066666666666666,Participant4_RS_SlSl,Endomorph,Normal,slouch,1.0,0.0,0.0,-0.0621623743141647,52.64748555714343,0.0431773413223535,1
243,8.1,Participant4_RS_SlSl,Endomorph,Normal,slouch,1.0,0.0,0.0,-0.0694120271917977,51.08247865738789,0.0541818114456774,1
244,8.133333333333333,Participant4_RS_SlSl,Endomorph,Normal,slouch,1.0,0.0,0.0,-0.07103498085946,53.85384748144748,0.0412768362765764,1
245,8.166666666666666,Participant4_RS_SlSl,Endomorph,Normal,slouch,1.0,0.0,0.0,-0.0496259946748554,52.65452912257707,0.0319381929006612,1
246,8.2,Participant4_RS_SlSl,Endomorph,Normal,slouch,1.0,0.0,0.0,-0.0386343142714968,53.7590120538032,0.10300037871808,1
247,8.233333333333333,Participant4_RS_SlSl,Endomorph,Normal,slouch,1.0,0.0,0.0,-0.0790434071604044,53.232358611290095,0.033741228902113,1
248,8.266666666666667,Participant4_RS_SlSl,Endomorph,Normal,slouch,1.0,0.0,0.0,-0.0609762329409582,52.57813832333151,0.0266938980583522,1
249,8.3,Participant4_RS_SlSl,Endomorph,Normal,slouch,1.0,0.0,0.0,-0.074138964409523,53.26120627238363,0.0304440618829503,1
250,8.333333333333334,Participant4_RS_SlSl,Endomorph,Normal,slouch,1.0,0.0,0.0,-0.0643864196142006,52.36922840980424,0.0297554182123889,1
251,8.366666666666667,Participant4_RS_SlSl,Endomorph,Normal,slouch,1.0,0.0,0.0,-0.077548010880984,55.5382448975943,0.08858566317117,1
252,8.4,Participant4_RS_SlSl,Endomorph,Normal,slouch,1.0,0.0,0.0,-0.0832463617675043,53.96341550472248,0.0298678142004521,1
253,8.433333333333334,Participant4_RS_SlSl,Endomorph,Normal,slouch,1.0,0.0,0.0,-0.0873181969734067,56.08494757787309,0.0690376274118354,1
254,8.466666666666667,Participant4_RS_SlSl,Endomorph,Normal,slouch,1.0,0.0,0.0,-0.0834241935664352,55.74689039544415,0.0687565306532491,1
255,8.5,Participant4_RS_SlSl,Endomorph,Normal,slouch,1.0,0.0,0.0,-0.0920838430906471,53.86860066871485,0.0285387893292612,1
256,8.533333333333333,Participant4_RS_SlSl,Endomorph,Normal,slouch,1.0,0.0,0.0,-0.0733869629575617,52.78591036528132,0.1039052676466283,1
257,8.566666666666666,Participant4_RS_SlSl,Endomorph,Normal,slouch,1.0,0.0,0.0,-0.0861556127231466,51.833132404196455,0.0851826497281615,1
258,8.6,Participant4_RS_SlSl,Endomorph,Normal,slouch,1.0,0.0,0.0,-0.1122753994109577,51.08851553099299,0.1056948892011982,1
259,8.633333333333333,Participant4_RS_SlSl,Endomorph,Normal,slouch,1.0,0.0,0.0,-0.0728099806472962,54.14792240963602,0.0322926335313727,1
260,8.666666666666666,Participant4_RS_SlSl,Endomorph,Normal,slouch,1.0,0.0,0.0,-0.0646820334031758,53.8554471800725,0.0231365747434081,1
261,8.7,Participant4_RS_SlSl,Endomorph,Normal,slouch,1.0,0.0,0.0,-0.1083958735185154,53.15019880877185,0.0318788276174063,1
262,8.733333333333333,Participant4_RS_SlSl,Endomorph,Normal,slouch,1.0,0.0,0.0,-0.0928836224085402,53.17480388005894,0.0434775527501142,1
263,8.766666666666667,Participant4_RS_SlSl,Endomorph,Normal,slouch,1.0,0.0,0.0,-0.1008380329514532,53.85240833861106,0.0311253112030525,1
264,8.8,Participant4_RS_SlSl,Endomorph,Normal,slouch,1.0,0.0,0.0,-0.0775043614891831,51.71631739118615,0.0747108228290634,1
265,8.833333333333334,Participant4_RS_SlSl,Endomorph,Normal,slouch,1.0,0.0,0.0,-0.0886561759353174,52.55858562818642,0.074026851565257,1
266,8.866666666666667,Participant4_RS_SlSl,Endomorph,Normal,slouch,1.0,0.0,0.0,-0.0759391571304142,54.3199757737136,0.0295881446862312,1
267,8.9,Participant4_RS_SlSl,Endomorph,Normal,slouch,1.0,0.0,0.0,-0.1141681829787116,53.70420378744478,0.1029760308322165,1
268,8.933333333333334,Participant4_RS_SlSl,Endomorph,Normal,slouch,1.0,0.0,0.0,-0.0883653314701283,53.73426495261021,0.0283228749866442,1
269,8.966666666666667,Participant4_RS_SlSl,Endomorph,Normal,slouch,1.0,0.0,0.0,-0.0772004069258678,53.44254844514935,0.0415372762631159,1
270,9.0,Participant4_RS_SlSl,Endomorph,Normal,slouch,1.0,0.0,0.0,-0.0751247697695936,55.52270066406815,0.0253293088300685,1
271,9.033333333333331,Participant4_RS_SlSl,Endomorph,Normal,slouch,1.0,0.0,0.0,-0.0778605302705334,54.885809763093626,0.0254894482073842,1
272,9.066666666666666,Participant4_RS_SlSl,Endomorph,Normal,slouch,1.0,0.0,0.0,-0.1148297836547527,51.98827696532519,0.0719325979325972,1
273,9.1,Participant4_RS_SlSl,Endomorph,Normal,slouch,1.0,0.0,0.0,-0.0938483023172904,53.10973855087011,0.0549122433627934,1
274,9.133333333333333,Participant4_RS_SlSl,Endomorph,Normal,slouch,1.0,0.0,0.0,-0.1001713259481855,52.92280729850777,0.0496047496405265,1
275,9.166666666666666,Participant4_RS_SlSl,Endomorph,Normal,slouch,1.0,0.0,0.0,-0.0703085336260549,51.25462801296881,0.0406277446540576,1
276,9.2,Participant4_RS_SlSl,Endomorph,Normal,slouch,1.0,0.0,0.0,-0.064466730919811,50.9466005775589,0.0490067861270114,1
277,9.233333333333333,Participant4_RS_SlSl,Endomorph,Normal,slouch,1.0,0.0,0.0,-0.0735032885660233,54.555015830085146,0.0342850285629276,1
278,9.266666666666667,Participant4_RS_SlSl,Endomorph,Normal,slouch,1.0,0.0,0.0,-0.0527361783603984,54.60032415444898,0.0265296190195084,1
279,9.3,Participant4_RS_SlSl,Endomorph,Normal,slouch,1.0,0.0,0.0,-0.0870853953483994,52.73017272819517,0.0827504187652011,1
280,9.333333333333334,Participant4_RS_SlSl,Endomorph,Normal,slouch,1.0,0.0,0.0,-0.100657607150909,51.80747365632352,0.1183502318059522,1
281,9.366666666666667,Participant4_RS_SlSl,Endomorph,Normal,slouch,1.0,0.0,0.0,-0.10617326328297,51.25149875505556,0.0738930845883867,1
282,9.4,Participant4_RS_SlSl,Endomorph,Normal,slouch,1.0,0.0,0.0,-0.0864165261607963,53.73127251250435,0.0306484159634918,1
283,9.433333333333334,Participant4_RS_SlSl,Endomorph,Normal,slouch,1.0,0.0,0.0,-0.0856255217865791,51.479798386147806,0.06069316774768,1
284,9.466666666666669,Participant4_RS_SlSl,Endomorph,Normal,slouch,1.0,0.0,0.0,-0.0613078163683885,55.38352445096641,0.0297539953360162,1
285,9.5,Participant4_RS_SlSl,Endomorph,Normal,slouch,1.0,0.0,0.0,-0.0711766798152696,52.751975367702784,0.0562014470414145,1
286,9.533333333333331,Participant4_RS_SlSl,Endomorph,Normal,slouch,1.0,0.0,0.0,-0.0701114937211593,52.68637095160176,0.0537789295088704,1
287,9.566666666666666,Participant4_RS_SlSl,Endomorph,Normal,slouch,1.0,0.0,0.0,-0.1132833379158222,51.33453795237989,0.052721335214709,1
288,9.6,Participant4_RS_SlSl,Endomorph,Normal,slouch,1.0,0.0,0.0,-0.1043877788744008,53.896781530138014,0.0381580997840383,1
289,9.633333333333333,Participant4_RS_SlSl,Endomorph,Normal,slouch,1.0,0.0,0.0,-0.0924801336239345,54.59241608837005,0.0494685447518856,1
290,9.666666666666666,Participant4_RS_SlSl,Endomorph,Normal,slouch,1.0,0.0,0.0,-0.1020215695388496,52.05162192014824,0.0617737082996198,1
291,9.7,Participant4_RS_SlSl,Endomorph,Normal,slouch,1.0,0.0,0.0,-0.0741235609196674,54.790408625893015,0.0289644387297786,1
292,9.733333333333333,Participant4_RS_SlSl,Endomorph,Normal,slouch,1.0,0.0,0.0,-0.0913596103230263,51.9737941935638,0.0834931360101682,1
293,9.766666666666667,Participant4_RS_SlSl,Endomorph,Normal,slouch,1.0,0.0,0.0,-0.0718854028604137,53.983061262445226,0.0545226152555555,1
294,9.8,Participant4_RS_SlSl,Endomorph,Normal,slouch,1.0,0.0,0.0,-0.0947006510017612,51.77150434993666,0.0462250126211777,1
295,9.833333333333334,Participant4_RS_SlSl,Endomorph,Normal,slouch,1.0,0.0,0.0,-0.1050426600677867,51.965734127071656,0.0936289137620511,1
296,9.866666666666667,Participant4_RS_SlSl,Endomorph,Normal,slouch,1.0,0.0,0.0,-0.0978977134424228,51.845290772473504,0.0793883608736891,1
297,9.9,Participant4_RS_SlSl,Endomorph,Normal,slouch,1.0,0.0,0.0,-0.0820401740250904,53.89622112342214,0.06463053297417,1
298,9.933333333333334,Participant4_RS_SlSl,Endomorph,Normal,slouch,1.0,0.0,0.0,-0.0918222439059832,54.01172953837892,0.0320915367747583,1
299,9.966666666666669,Participant4_RS_SlSl,Endomorph,Normal,slouch,1.0,0.0,0.0,-0.0947371859435445,53.59002073575652,0.028997825832705,1
300,10.0,Participant4_RS_SlSl,Endomorph,Normal,slouch,1.0,0.0,0.0,-0.1097109815041482,50.377131524212686,0.0550685808277668,1
301,10.033333333333331,Participant4_RS_SlSl,Endomorph,Normal,slouch,1.0,0.0,0.0,-0.0901337371621748,51.286052318117136,0.0964376207182919,1
302,10.066666666666666,Participant4_RS_SlSl,Endomorph,Normal,slouch,1.0,0.0,0.0,-0.1017568475303687,53.0841084005686,0.0306237901567946,1
303,10.1,Participant4_RS_SlSl,Endomorph,Normal,slouch,1.0,0.0,0.0,-0.0720165569175274,55.01664996534694,0.0295274122566784,1
304,10.133333333333333,Participant4_RS_SlSl,Endomorph,Normal,slouch,1.0,0.0,0.0,-0.0761263726713681,54.17836325464848,0.0399746588697103,1
305,10.166666666666666,Participant4_RS_SlSl,Endomorph,Normal,slouch,1.0,0.0,0.0,-0.0874272450763468,51.56086041564439,0.0349175427871861,1
306,10.2,Participant4_RS_SlSl,Endomorph,Normal,slouch,1.0,0.0,0.0,-0.1041018957900928,52.215804004467685,0.0859058178773218,1
307,10.233333333333333,Participant4_RS_SlSl,Endomorph,Normal,slouch,1.0,0.0,0.0,-0.0954032761972861,52.13929488420914,0.096726151539158,1
308,10.266666666666667,Participant4_RS_SlSl,Endomorph,Normal,slouch,1.0,0.0,0.0,-0.1070721461144775,52.11139565922863,0.1067875001751687,1
309,10.3,Participant4_RS_SlSl,Endomorph,Normal,slouch,1.0,0.0,0.0,-0.1397914857117693,51.07321642157475,0.0656674871090749,1
310,10.333333333333334,Participant4_RS_SlSl,Endomorph,Normal,slouch,1.0,0.0,0.0,-0.1097472598865905,52.8632675466362,0.1258564245905212,1
311,10.366666666666667,Participant4_RS_SlSl,Endomorph,Normal,slouch,1.0,0.0,0.0,-0.1218898010245126,51.16177236114584,0.0823016965754421,1
312,10.4,Participant4_RS_SlSl,Endomorph,Normal,slouch,1.0,0.0,0.0,-0.0957595071933197,52.864712674803336,0.0232902477828005,1
313,10.433333333333334,Participant4_RS_SlSl,Endomorph,Normal,slouch,1.0,0.0,0.0,-0.1200496941532506,50.334774597639054,0.0655293991019826,1
314,10.466666666666669,Participant4_RS_SlSl,Endomorph,Normal,slouch,1.0,0.0,0.0,-0.0948549864852117,53.48831413300224,0.0192157870476995,1
315,10.5,Participant4_RS_SlSl,Endomorph,Normal,slouch,1.0,0.0,0.0,-0.0967650275747965,50.73946737062912,0.0631600555274888,1
316,10.533333333333331,Participant4_RS_SlSl,Endomorph,Normal,slouch,1.0,0.0,0.0,-0.1210670619588397,53.17097222086713,0.0296277854687261,1
317,10.566666666666666,Participant4_RS_SlSl,Endomorph,Normal,slouch,1.0,0.0,0.0,-0.1311062803031029,50.41285486147261,0.0674261670269887,1
318,10.6,Participant4_RS_SlSl,Endomorph,Normal,slouch,1.0,0.0,0.0,-0.1400557235172408,53.483178446231335,0.0238701170231905,1
319,10.633333333333333,Participant4_RS_SlSl,Endomorph,Normal,slouch,1.0,0.0,0.0,-0.1037130652904332,53.186331319663566,0.0448283926196112,1
320,10.666666666666666,Participant4_RS_SlSl,Endomorph,Normal,slouch,1.0,0.0,0.0,-0.0923537083488307,53.94278504539886,0.0296894534921154,1
321,10.7,Participant4_RS_SlSl,Endomorph,Normal,slouch,1.0,0.0,0.0,-0.1190472246304027,51.247118743472754,0.0901446594048679,1
322,10.733333333333333,Participant4_RS_SlSl,Endomorph,Normal,slouch,1.0,0.0,0.0,-0.1204213078497337,51.5762512607196,0.0953738005645894,1
323,10.766666666666667,Participant4_RS_SlSl,Endomorph,Normal,slouch,1.0,0.0,0.0,-0.1132975521489855,55.80190067415525,0.0747604656699364,1
324,10.8,Participant4_RS_SlSl,Endomorph,Normal,slouch,1.0,0.0,0.0,-0.1354837439219022,50.41323379849906,0.0870322405531536,1
325,10.833333333333334,Participant4_RS_SlSl,Endomorph,Normal,slouch,1.0,0.0,0.0,-0.1256018237230484,50.33804426600316,0.0825915653719734,1
326,10.866666666666667,Participant4_RS_SlSl,Endomorph,Normal,slouch,1.0,0.0,0.0,-0.1223885356111154,53.58229631462318,0.0201597048372621,1
327,10.9,Participant4_RS_SlSl,Endomorph,Normal,slouch,1.0,0.0,0.0,-0.144586740449758,51.96120547899432,0.1051154410115175,1
328,10.933333333333334,Participant4_RS_SlSl,Endomorph,Normal,slouch,1.0,0.0,0.0,-0.1119525443520016,53.65951032020247,0.0518468191383585,1
329,10.966666666666669,Participant4_RS_SlSl,Endomorph,Normal,slouch,1.0,0.0,0.0,-0.1075054186841307,53.72077495119751,0.0457675139564895,1
330,11.0,Participant4_RS_SlSl,Endomorph,Normal,slouch,1.0,0.0,0.0,-0.0942288013631042,54.33717487379176,0.0232155499776541,1
331,11.033333333333331,Participant4_RS_SlSl,Endomorph,Normal,slouch,1.0,0.0,0.0,-0.1106671268245291,53.8822709459196,0.0319849899080762,1
332,11.066666666666666,Participant4_RS_SlSl,Endomorph,Normal,slouch,1.0,0.0,0.0,-0.1209256547622493,51.25557906990508,0.0274277684383514,1
333,11.1,Participant4_RS_SlSl,Endomorph,Normal,slouch,1.0,0.0,0.0,-0.1198570419142163,53.02280075594359,0.0289670881586346,1
334,11.133333333333333,Participant4_RS_SlSl,Endomorph,Normal,slouch,1.0,0.0,0.0,-0.1217920916313417,50.6899804359683,0.0648310206538953,1
335,11.166666666666666,Participant4_RS_SlSl,Endomorph,Normal,slouch,1.0,0.0,0.0,-0.105919033211226,52.73559629589855,0.0555923910751523,1
336,11.2,Participant4_RS_SlSl,Endomorph,Normal,slouch,1.0,0.0,0.0,-0.1264745433832146,51.07415217400762,0.1156192477487306,1
337,11.233333333333333,Participant4_RS_SlSl,Endomorph,Normal,slouch,1.0,0.0,0.0,-0.1174423180856847,50.49906640624092,0.0877228616591648,1
338,11.266666666666667,Participant4_RS_SlSl,Endomorph,Normal,slouch,1.0,0.0,0.0,-0.1363775444357608,51.69498589026059,0.073460659603019,1
339,11.3,Participant4_RS_SlSl,Endomorph,Normal,slouch,1.0,0.0,0.0,-0.1199476008496853,50.82416384441781,0.0596086611671347,1
340,11.333333333333334,Participant4_RS_SlSl,Endomorph,Normal,slouch,1.0,0.0,0.0,-0.108534468140455,50.68400393394918,0.0664851385445468,1
341,11.366666666666667,Participant4_RS_SlSl,Endomorph,Normal,slouch,1.0,0.0,0.0,-0.1066270319901641,51.68485700300307,0.0510238346305419,1
342,11.4,Participant4_RS_SlSl,Endomorph,Normal,slouch,1.0,0.0,0.0,-0.1174735233915044,52.86009869852513,0.0160843315028823,1
343,11.433333333333334,Participant4_RS_SlSl,Endomorph,Normal,slouch,1.0,0.0,0.0,-0.1376762177700033,52.78995879897913,0.0245899946123303,1
344,11.466666666666669,Participant4_RS_SlSl,Endomorph,Normal,slouch,1.0,0.0,0.0,-0.1234071181858137,52.94835300109361,0.1215116160824973,1
345,11.5,Participant4_RS_SlSl,Endomorph,Normal,slouch,1.0,0.0,0.0,-0.1034358625052346,51.593479918582965,0.0701071322168232,1
346,11.533333333333331,Participant4_RS_SlSl,Endomorph,Normal,slouch,1.0,0.0,0.0,-0.0832016749883698,53.77223848329186,0.1125843064264943,1
347,11.566666666666666,Participant4_RS_SlSl,Endomorph,Normal,slouch,1.0,0.0,0.0,-0.0914777866174873,51.85371412145084,0.0711674786949582,1
348,11.6,Participant4_RS_SlSl,Endomorph,Normal,slouch,1.0,0.0,0.0,-0.0956419519536325,53.53184329093399,0.1273019323471276,1
349,11.633333333333333,Participant4_RS_SlSl,Endomorph,Normal,slouch,1.0,0.0,0.0,-0.1056835394146474,53.84686123768622,0.0344228979989197,1
350,11.666666666666666,Participant4_RS_SlSl,Endomorph,Normal,slouch,1.0,0.0,0.0,-0.1134415561779367,52.54899020575065,0.0392427884466089,1
351,11.7,Participant4_RS_SlSl,Endomorph,Normal,slouch,1.0,0.0,0.0,-0.1002707485836948,53.447342402613415,0.0312339301746278,1
352,11.733333333333333,Participant4_RS_SlSl,Endomorph,Normal,slouch,1.0,0.0,0.0,-0.1507395142746444,51.86066390365311,0.0370661175868681,1
353,11.766666666666667,Participant4_RS_SlSl,Endomorph,Normal,slouch,1.0,0.0,0.0,-0.1321252950366946,49.99455894769803,0.0592755214934843,1
354,11.8,Participant4_RS_SlSl,Endomorph,Normal,slouch,1.0,0.0,0.0,-0.1361107172100278,50.68808166622225,0.0557653078321887,1
355,11.833333333333334,Participant4_RS_SlSl,Endomorph,Normal,slouch,1.0,0.0,0.0,-0.1410683633050768,49.22118819515605,0.0899757368693646,1
356,11.866666666666667,Participant4_RS_SlSl,Endomorph,Normal,slouch,1.0,0.0,0.0,-0.1177501489147774,54.06334203511219,0.0251243579206264,1
357,11.9,Participant4_RS_SlSl,Endomorph,Normal,slouch,1.0,0.0,0.0,-0.156146552767971,50.58126381336567,0.102470873730544,1
358,11.933333333333334,Participant4_RS_SlSl,Endomorph,Normal,slouch,1.0,0.0,0.0,-0.1595471102437781,50.66043953214793,0.0874966594184068,1
359,11.966666666666669,Participant4_RS_SlSl,Endomorph,Normal,slouch,1.0,0.0,0.0,-0.140816053495655,51.575514730965374,0.0793390434785751,1
360,12.0,Participant4_RS_SlSl,Endomorph,Normal,slouch,1.0,0.0,0.0,-0.1063048405498619,51.59772833057839,0.0672261132066575,1
361,12.033333333333331,Participant4_RS_SlSl,Endomorph,Normal,slouch,1.0,0.0,0.0,-0.1236400193095073,49.95831014740655,0.0899219587117777,1
362,12.066666666666666,Participant4_RS_SlSl,Endomorph,Normal,slouch,1.0,0.0,0.0,-0.134393097206052,50.03523105946542,0.0877236067896325,1
363,12.1,Participant4_RS_SlSl,Endomorph,Normal,slouch,1.0,0.0,0.0,-0.1205969283173934,50.393249101175535,0.0722555026972563,1
364,12.133333333333333,Participant4_RS_SlSl,Endomorph,Normal,slouch,1.0,0.0,0.0,-0.0964932121869422,50.45902459651278,0.0548668936091689,1
365,12.166666666666666,Participant4_RS_SlSl,Endomorph,Normal,slouch,1.0,0.0,0.0,-0.1063697201361322,50.20015110958845,0.0813912112597121,1
366,12.2,Participant4_RS_SlSl,Endomorph,Normal,slouch,1.0,0.0,0.0,-0.1163411403252621,50.42534756394349,0.0554785692261587,1
367,12.233333333333333,Participant4_RS_SlSl,Endomorph,Normal,slouch,1.0,0.0,0.0,-0.1194412586484413,50.27367716221958,0.0630752923574889,1
368,12.266666666666667,Participant4_RS_SlSl,Endomorph,Normal,slouch,1.0,0.0,0.0,-0.1144065818429668,50.65406200951369,0.0720301193264459,1
369,12.3,Participant4_RS_SlSl,Endomorph,Normal,slouch,1.0,0.0,0.0,-0.0750932433870817,53.4408462171972,0.0353178269943288,1
370,12.333333333333334,Participant4_RS_SlSl,Endomorph,Normal,slouch,1.0,0.0,0.0,-0.0917576090694474,53.71432981656288,0.1365888941158111,1
371,12.366666666666667,Participant4_RS_SlSl,Endomorph,Normal,slouch,1.0,0.0,0.0,-0.0862928887765641,50.941699115950925,0.0470547440245188,1
372,12.4,Participant4_RS_SlSl,Endomorph,Normal,slouch,1.0,0.0,0.0,-0.092768567078268,52.47122171586162,0.0504594049330941,1
373,12.433333333333334,Participant4_RS_SlSl,Endomorph,Normal,slouch,1.0,0.0,0.0,-0.0903636548936132,52.305546155035294,0.0522665117595652,1
374,12.466666666666669,Participant4_RS_SlSl,Endomorph,Normal,slouch,1.0,0.0,0.0,-0.1276205508650608,53.2294704672615,0.0323648676578136,1
375,12.5,Participant4_RS_SlSl,Endomorph,Normal,slouch,1.0,0.0,0.0,-0.1325910728767359,53.47769025782931,0.0291901873224852,1
376,12.533333333333331,Participant4_RS_SlSl,Endomorph,Normal,slouch,1.0,0.0,0.0,-0.116262744942772,53.86424038600449,0.0320841180534362,1
377,12.566666666666666,Participant4_RS_SlSl,Endomorph,Normal,slouch,1.0,0.0,0.0,-0.1168265075054926,51.888814857405,0.0874585286831282,1
378,12.6,Participant4_RS_SlSl,Endomorph,Normal,slouch,1.0,0.0,0.0,-0.1389279464998974,53.58317032461989,0.0298054460149935,1
379,12.633333333333333,Participant4_RS_SlSl,Endomorph,Normal,slouch,1.0,0.0,0.0,-0.1180793418770746,52.66397457276239,0.0370070067137014,1
380,12.666666666666666,Participant4_RS_SlSl,Endomorph,Normal,slouch,1.0,0.0,0.0,-0.0957950474607611,53.3292559405638,0.0247392489493549,1
381,12.7,Participant4_RS_SlSl,Endomorph,Normal,slouch,1.0,0.0,0.0,-0.0850042846353357,53.99078190743484,0.1254585940913051,1
382,12.733333333333333,Participant4_RS_SlSl,Endomorph,Normal,slouch,1.0,0.0,0.0,-0.09974369949472,50.84282604067616,0.0416295818892644,1
383,12.766666666666667,Participant4_RS_SlSl,Endomorph,Normal,slouch,1.0,0.0,0.0,-0.0794953360069301,50.63090252936013,0.0547584065355216,1
384,12.8,Participant4_RS_SlSl,Endomorph,Normal,slouch,1.0,0.0,0.0,-0.0961478639117456,50.41278285338583,0.0583581560067632,1
385,12.833333333333334,Participant4_RS_SlSl,Endomorph,Normal,slouch,1.0,0.0,0.0,-0.0927147355901297,49.00164304029844,0.0412495993273127,1
386,12.866666666666667,Participant4_RS_SlSl,Endomorph,Normal,slouch,1.0,0.0,0.0,-0.0952329542183337,50.81928302908165,0.0468323418463549,1
387,12.9,Participant4_RS_SlSl,Endomorph,Normal,slouch,1.0,0.0,0.0,-0.0988672740769176,51.5873051329759,0.0310025897903579,1
388,12.933333333333334,Participant4_RS_SlSl,Endomorph,Normal,slouch,1.0,0.0,0.0,-0.1070673355858272,53.32791289809943,0.0353182004351603,1
389,12.966666666666669,Participant4_RS_SlSl,Endomorph,Normal,slouch,1.0,0.0,0.0,-0.0758241037290951,52.68214419880053,0.031362899595946,1
390,13.0,Participant4_RS_SlSl,Endomorph,Normal,slouch,1.0,0.0,0.0,-0.0593022365900877,52.294879861633554,0.0748124709180119,1
391,13.033333333333331,Participant4_RS_SlSl,Endomorph,Normal,slouch,1.0,0.0,0.0,-0.1188520486332667,53.68874984984007,0.0286396462923167,1
392,13.066666666666666,Participant4_RS_SlSl,Endomorph,Normal,slouch,1.0,0.0,0.0,-0.0924600963671978,53.48118554429379,0.0301297527129692,1
393,13.1,Participant4_RS_SlSl,Endomorph,Normal,slouch,1.0,0.0,0.0,-0.1103795271532213,53.36606077952526,0.0328204879165208,1
394,13.133333333333333,Participant4_RS_SlSl,Endomorph,Normal,slouch,1.0,0.0,0.0,-0.0851179187052705,52.95221211917284,0.0279730835657148,1
395,13.166666666666666,Participant4_RS_SlSl,Endomorph,Normal,slouch,1.0,0.0,0.0,-0.1144423295217669,53.8666574099214,0.0302655153345727,1
396,13.2,Participant4_RS_SlSl,Endomorph,Normal,slouch,1.0,0.0,0.0,-0.1236620423068925,54.07502540569958,0.0318916199748658,1
397,13.233333333333333,Participant4_RS_SlSl,Endomorph,Normal,slouch,1.0,0.0,0.0,-0.102067699694374,53.21121625078077,0.028466622182671,1
398,13.266666666666667,Participant4_RS_SlSl,Endomorph,Normal,slouch,1.0,0.0,0.0,-0.1018207650313669,52.64306402436446,0.0279006524787131,1
399,13.3,Participant4_RS_SlSl,Endomorph,Normal,slouch,1.0,0.0,0.0,-0.0777070247773972,50.44635047980821,0.0393382574896111,1
400,13.333333333333334,Participant4_RS_SlSl,Endomorph,Normal,slouch,1.0,0.0,0.0,-0.0791101826297708,52.14744231195577,0.0753876628028085,1
401,13.366666666666667,Participant4_RS_SlSl,Endomorph,Normal,slouch,1.0,0.0,0.0,-0.0780702347261415,53.00151734864699,0.0330415470506874,1
402,13.4,Participant4_RS_SlSl,Endomorph,Normal,slouch,1.0,0.0,0.0,-0.0661868340093144,52.539967546513886,0.0364406471843994,1
403,13.433333333333334,Participant4_RS_SlSl,Endomorph,Normal,slouch,1.0,0.0,0.0,-0.0520671334295564,51.43985543612058,0.134880552938491,1
404,13.466666666666669,Participant4_RS_SlSl,Endomorph,Normal,slouch,1.0,0.0,0.0,-0.0927676373585409,51.00917331861578,0.0738928962889121,1
405,13.5,Participant4_RS_SlSl,Endomorph,Normal,slouch,1.0,0.0,0.0,-0.0833776124685877,53.13518444853507,0.0478301354544167,1
406,13.533333333333331,Participant4_RS_SlSl,Endomorph,Normal,slouch,1.0,0.0,0.0,-0.1097918779542234,52.71243893797018,0.0313453889198303,1
407,13.566666666666666,Participant4_RS_SlSl,Endomorph,Normal,slouch,1.0,0.0,0.0,-0.0798273771166632,51.70842173098124,0.0728105802168298,1
408,13.6,Participant4_RS_SlSl,Endomorph,Normal,slouch,1.0,0.0,0.0,-0.0749168702980538,50.51885471121296,0.0722892869708837,1
409,13.633333333333333,Participant4_RS_SlSl,Endomorph,Normal,slouch,1.0,0.0,0.0,-0.0854734782304141,52.63881067056269,0.051402411918251,1
410,13.666666666666666,Participant4_RS_SlSl,Endomorph,Normal,slouch,1.0,0.0,0.0,-0.0906211074141212,51.89823152866997,0.0319914067889269,1
411,13.7,Participant4_RS_SlSl,Endomorph,Normal,slouch,1.0,0.0,0.0,-0.0877239150792639,53.28241155322917,0.0521029231333568,1
412,13.733333333333333,Participant4_RS_SlSl,Endomorph,Normal,slouch,1.0,0.0,0.0,-0.0857797061756305,51.852864254441,0.0499368399157507,1
413,13.766666666666667,Participant4_RS_SlSl,Endomorph,Normal,slouch,1.0,0.0,0.0,-0.0746812944853546,52.6964920901361,0.0564500851470168,1
414,13.8,Participant4_RS_SlSl,Endomorph,Normal,slouch,1.0,0.0,0.0,-0.0793306955833963,53.63539919592425,0.0247609592684713,1
415,13.833333333333334,Participant4_RS_SlSl,Endomorph,Normal,slouch,1.0,0.0,0.0,-0.0880550545379311,52.073347163603486,0.0766176891156436,1
416,13.866666666666667,Participant4_RS_SlSl,Endomorph,Normal,slouch,1.0,0.0,0.0,-0.0937256012401281,51.22409661864555,0.0591418367695456,1
417,13.9,Participant4_RS_SlSl,Endomorph,Normal,slouch,1.0,0.0,0.0,-0.1195161420712795,51.60725198297684,0.0616619747502123,1
418,13.933333333333334,Participant4_RS_SlSl,Endomorph,Normal,slouch,1.0,0.0,0.0,-0.1252575947590523,51.01530934951686,0.0642942767176253,1
419,13.966666666666669,Participant4_RS_SlSl,Endomorph,Normal,slouch,1.0,0.0,0.0,-0.1055497357861214,53.28662558758319,0.0406392558077601,1
420,14.0,Participant4_RS_SlSl,Endomorph,Normal,slouch,1.0,0.0,0.0,-0.1062007148552355,51.09633120743413,0.0596555914535203,1
421,14.033333333333331,Participant4_RS_SlSl,Endomorph,Normal,slouch,1.0,0.0,0.0,-0.1149227489885829,53.2712745644851,0.0255383634611937,1
422,14.066666666666666,Participant4_RS_SlSl,Endomorph,Normal,slouch,1.0,0.0,0.0,-0.1010221198041552,51.401475881452825,0.1009036601569221,1
423,14.1,Participant4_RS_SlSl,Endomorph,Normal,slouch,1.0,0.0,0.0,-0.1016271112766193,51.23049121756778,0.0695469354203821,1
424,14.133333333333333,Participant4_RS_SlSl,Endomorph,Normal,slouch,1.0,0.0,0.0,-0.0940079656526902,52.65852211831846,0.026909397929059,1
425,14.166666666666666,Participant4_RS_SlSl,Endomorph,Normal,slouch,1.0,0.0,0.0,-0.1020334729886469,52.82382003532454,0.0273451528711701,1
426,14.2,Participant4_RS_SlSl,Endomorph,Normal,slouch,1.0,0.0,0.0,-0.1168577815577404,49.77898450348779,0.046618081214037,1
427,14.233333333333333,Participant4_RS_SlSl,Endomorph,Normal,slouch,1.0,0.0,0.0,-0.0936144307351836,51.66765263427645,0.0291390151187089,1
428,14.266666666666667,Participant4_RS_SlSl,Endomorph,Normal,slouch,1.0,0.0,0.0,-0.072000853226896,52.593344652213325,0.0507313935272557,1
429,14.3,Participant4_RS_SlSl,Endomorph,Normal,slouch,1.0,0.0,0.0,-0.0969235167289966,49.79907946407013,0.052413326167446,1
430,14.333333333333334,Participant4_RS_SlSl,Endomorph,Normal,slouch,1.0,0.0,0.0,-0.072195741935967,53.71380760986428,0.0938522040405479,1
431,14.366666666666667,Participant4_RS_SlSl,Endomorph,Normal,slouch,1.0,0.0,0.0,-0.0942739732864754,53.403246494369405,0.0318739739425946,1
432,14.4,Participant4_RS_SlSl,Endomorph,Normal,slouch,1.0,0.0,0.0,-0.0989441024448447,52.195154582973146,0.0660630549082572,1
433,14.433333333333334,Participant4_RS_SlSl,Endomorph,Normal,slouch,1.0,0.0,0.0,-0.1101545696356378,52.125729490090414,0.0800721649593785,1
434,14.466666666666669,Participant4_RS_SlSl,Endomorph,Normal,slouch,1.0,0.0,0.0,-0.1174763888807668,51.25466537845338,0.0672981384971004,1
435,14.5,Participant4_RS_SlSl,Endomorph,Normal,slouch,1.0,0.0,0.0,-0.1256653897828483,50.25780591660467,0.0882755436413097,1
436,14.533333333333331,Participant4_RS_SlSl,Endomorph,Normal,slouch,1.0,0.0,0.0,-0.1012557088732125,54.12193081490405,0.0334838431065329,1
437,14.566666666666666,Participant4_RS_SlSl,Endomorph,Normal,slouch,1.0,0.0,0.0,-0.0881751929468716,53.5305225459339,0.0344429660351897,1
438,14.6,Participant4_RS_SlSl,Endomorph,Normal,slouch,1.0,0.0,0.0,-0.0835323588851487,54.130227617167264,0.0376031868595168,1
439,14.633333333333333,Participant4_RS_SlSl,Endomorph,Normal,slouch,1.0,0.0,0.0,-0.0949663549082895,50.12234675861807,0.0849841505648908,1
440,14.666666666666666,Participant4_RS_SlSl,Endomorph,Normal,slouch,1.0,0.0,0.0,-0.0790383140358546,53.51936665191883,0.0288623254729022,1
441,14.7,Participant4_RS_SlSl,Endomorph,Normal,slouch,1.0,0.0,0.0,-0.0944843000772045,50.87837935549249,0.0762643498637473,1
442,14.733333333333333,Participant4_RS_SlSl,Endomorph,Normal,slouch,1.0,0.0,0.0,-0.0726554081432775,53.32206006097682,0.0964124669848394,1
443,14.766666666666667,Participant4_RS_SlSl,Endomorph,Normal,slouch,1.0,0.0,0.0,-0.1165908597293123,53.36075642762078,0.0288520889814465,1
444,14.8,Participant4_RS_SlSl,Endomorph,Normal,slouch,1.0,0.0,0.0,-0.1342076817523753,52.94568439635844,0.0294671864631635,1
445,14.833333333333334,Participant4_RS_SlSl,Endomorph,Normal,slouch,1.0,0.0,0.0,-0.0795419739584807,54.91266175877575,0.0744578025405407,1
446,14.866666666666667,Participant4_RS_SlSl,Endomorph,Normal,slouch,1.0,0.0,0.0,-0.1199981036203021,55.07246749469629,0.0770560579369319,1
447,14.9,Participant4_RS_SlSl,Endomorph,Normal,slouch,1.0,0.0,0.0,-0.1139124211901183,54.77052347592923,0.1214091981744766,1
448,14.933333333333334,Participant4_RS_SlSl,Endomorph,Normal,slouch,1.0,0.0,0.0,-0.0872391648851094,55.86779841844959,0.0833310166029964,1
449,14.966666666666669,Participant4_RS_SlSl,Endomorph,Normal,slouch,1.0,0.0,0.0,-0.0929705168684014,53.49508443164755,0.0487426212997414,1
450,15.0,Participant4_RS_SlSl,Endomorph,Normal,slouch,1.0,0.0,0.0,-0.1188459462692749,51.231452064944186,0.0309437032831314,1
451,15.033333333333331,Participant4_RS_SlSl,Endomorph,Normal,slouch,1.0,0.0,0.0,-0.0805320934455839,53.92605803013745,0.1273509415430013,1
452,15.066666666666666,Participant4_RS_SlSl,Endomorph,Normal,slouch,1.0,0.0,0.0,-0.1192894455765492,52.0275065120096,0.0481662568537182,1
453,15.1,Participant4_RS_SlSl,Endomorph,Normal,slouch,1.0,0.0,0.0,-0.0994315458672857,51.92358203121411,0.0414280186188815,1
454,15.133333333333333,Participant4_RS_SlSl,Endomorph,Normal,slouch,1.0,0.0,0.0,-0.0848080665164915,53.71363184388915,0.0373621579056934,1
455,15.166666666666666,Participant4_RS_SlSl,Endomorph,Normal,slouch,1.0,0.0,0.0,-0.0883983019259986,54.9513553650394,0.0608183572689362,1
456,15.2,Participant4_RS_SlSl,Endomorph,Normal,slouch,1.0,0.0,0.0,-0.0839796655076702,54.35788125232831,0.1039704702387219,1
457,15.233333333333333,Participant4_RS_SlSl,Endomorph,Normal,slouch,1.0,0.0,0.0,-0.102811088845608,53.93995521585244,0.0809037253606146,1
458,15.266666666666667,Participant4_RS_SlSl,Endomorph,Normal,slouch,1.0,0.0,0.0,-0.1113371240742888,52.4433429348692,0.0383461041820413,1
459,15.3,Participant4_RS_SlSl,Endomorph,Normal,slouch,1.0,0.0,0.0,-0.1109165879845874,52.32237548987876,0.0408209224230675,1
460,15.333333333333334,Participant4_RS_SlSl,Endomorph,Normal,slouch,1.0,0.0,0.0,-0.0946414408933924,54.45591762015131,0.0332341437407566,1
461,15.366666666666667,Participant4_RS_SlSl,Endomorph,Normal,slouch,1.0,0.0,0.0,-0.094766225488636,55.09833438681774,0.1047212152227913,1
462,15.4,Participant4_RS_SlSl,Endomorph,Normal,slouch,1.0,0.0,0.0,-0.1113175156698499,50.61784141396658,0.0620619984435117,1
463,15.433333333333334,Participant4_RS_SlSl,Endomorph,Normal,slouch,1.0,0.0,0.0,-0.0878080297180411,53.6031266517887,0.0345392658244533,1
464,15.466666666666669,Participant4_RS_SlSl,Endomorph,Normal,slouch,1.0,0.0,0.0,-0.0972446396636339,50.18197809063803,0.0695665460250176,1
465,15.5,Participant4_RS_SlSl,Endomorph,Normal,slouch,1.0,0.0,0.0,-0.0935830579282435,51.3867871167836,0.070955122630407,1
466,15.533333333333331,Participant4_RS_SlSl,Endomorph,Normal,slouch,1.0,0.0,0.0,-0.1238810660517968,50.56929280001712,0.0668471244551934,1
467,15.566666666666666,Participant4_RS_SlSl,Endomorph,Normal,slouch,1.0,0.0,0.0,-0.0829639264203429,52.292918125862855,0.0239140327699391,1
468,15.6,Participant4_RS_SlSl,Endomorph,Normal,slouch,1.0,0.0,0.0,-0.0841491146199812,53.28044108353606,0.0340712903633631,1
469,15.633333333333333,Participant4_RS_SlSl,Endomorph,Normal,slouch,1.0,0.0,0.0,-0.0891880814025786,53.43655206284595,0.0220413102352521,1
470,15.666666666666666,Participant4_RS_SlSl,Endomorph,Normal,slouch,1.0,0.0,0.0,-0.0818402133694955,52.9502149274024,0.0459557450960552,1
471,15.7,Participant4_RS_SlSl,Endomorph,Normal,slouch,1.0,0.0,0.0,-0.0716199981026511,53.46169378922375,0.0275886138972975,1
472,15.733333333333333,Participant4_RS_SlSl,Endomorph,Normal,slouch,1.0,0.0,0.0,-0.0853592121793617,51.59337846325192,0.0354602550031371,1
473,15.766666666666667,Participant4_RS_SlSl,Endomorph,Normal,slouch,1.0,0.0,0.0,-0.078169124838331,53.28843083274701,0.036362314951677,1
474,15.8,Participant4_RS_SlSl,Endomorph,Normal,slouch,1.0,0.0,0.0,-0.092601196545543,53.79538248137946,0.023665462154683,1
475,15.833333333333334,Participant4_RS_SlSl,Endomorph,Normal,slouch,1.0,0.0,0.0,-0.0876984396644013,51.92330071571879,0.0385731041231452,1
476,15.866666666666667,Participant4_RS_SlSl,Endomorph,Normal,slouch,1.0,0.0,0.0,-0.1107873438156365,51.99207774876545,0.0662669829434881,1
477,15.9,Participant4_RS_SlSl,Endomorph,Normal,slouch,1.0,0.0,0.0,-0.0973295617583412,50.74837323123992,0.0688810813179778,1
478,15.933333333333334,Participant4_RS_SlSl,Endomorph,Normal,slouch,1.0,0.0,0.0,-0.071691406620912,52.81279230313915,0.0356099402030853,1
479,15.966666666666669,Participant4_RS_SlSl,Endomorph,Normal,slouch,1.0,0.0,0.0,-0.0813693092494276,52.37794910360885,0.0373936881029332,1
480,16.0,Participant4_RS_SlSl,Endomorph,Normal,slouch,1.0,0.0,0.0,-0.1119410833704382,53.59399432846142,0.0236436948796161,1
481,16.033333333333335,Participant4_RS_SlSl,Endomorph,Normal,slouch,1.0,0.0,0.0,-0.0732316359033912,52.53250908013921,0.0695497303843944,1
482,16.066666666666666,Participant4_RS_SlSl,Endomorph,Normal,slouch,1.0,0.0,0.0,-0.1001707431921934,53.21365055290899,0.0384265649586462,1
483,16.1,Participant4_RS_SlSl,Endomorph,Normal,slouch,1.0,0.0,0.0,-0.1047445265540476,50.82811142266084,0.0402929475814393,1
484,16.133333333333333,Participant4_RS_SlSl,Endomorph,Normal,slouch,1.0,0.0,0.0,-0.1043143212211898,50.97978971042471,0.0410872610284544,1
485,16.166666666666668,Participant4_RS_SlSl,Endomorph,Normal,slouch,1.0,0.0,0.0,-0.110928687171408,51.160769166513006,0.0351347778432795,1
486,16.2,Participant4_RS_SlSl,Endomorph,Normal,slouch,1.0,0.0,0.0,-0.1296551053059389,51.49398594654263,0.0373819589260356,1
487,16.233333333333334,Participant4_RS_SlSl,Endomorph,Normal,slouch,1.0,0.0,0.0,-0.1022954040015122,53.30299651967746,0.019542426794868,1
488,16.266666666666666,Participant4_RS_SlSl,Endomorph,Normal,slouch,1.0,0.0,0.0,-0.1030634736487622,54.62539968277128,0.0270317082300928,1
489,16.3,Participant4_RS_SlSl,Endomorph,Normal,slouch,1.0,0.0,0.0,-0.1204275953194281,50.435946165532044,0.0703659108310864,1
490,16.333333333333332,Participant4_RS_SlSl,Endomorph,Normal,slouch,1.0,0.0,0.0,-0.1030095710287092,49.93417691587482,0.0648443577839018,1
491,16.366666666666667,Participant4_RS_SlSl,Endomorph,Normal,slouch,1.0,0.0,0.0,-0.0953587513885382,53.41941376618403,0.0287527906780811,1
492,16.4,Participant4_RS_SlSl,Endomorph,Normal,slouch,1.0,0.0,0.0,-0.1001177303352615,52.90544031303941,0.0294950075772981,1
493,16.433333333333334,Participant4_RS_SlSl,Endomorph,Normal,slouch,1.0,0.0,0.0,-0.09013773861824,52.38904742312624,0.0514633917904574,1
494,16.466666666666665,Participant4_RS_SlSl,Endomorph,Normal,slouch,1.0,0.0,0.0,-0.0793588373764453,53.560968467689015,0.0203314109064027,1
495,16.5,Participant4_RS_SlSl,Endomorph,Normal,slouch,1.0,0.0,0.0,-0.1181493764408364,53.54012549542394,0.0257695007247958,1
496,16.533333333333335,Participant4_RS_SlSl,Endomorph,Normal,slouch,1.0,0.0,0.0,-0.0863317717395549,53.59310305133128,0.0190244746077097,1
497,16.566666666666666,Participant4_RS_SlSl,Endomorph,Normal,slouch,1.0,0.0,0.0,-0.0815850567579726,53.22319604013917,0.0280438721938572,1
498,16.6,Participant4_RS_SlSl,Endomorph,Normal,slouch,1.0,0.0,0.0,-0.1286577068991443,50.4448663322606,0.0823483837896237,1
499,16.633333333333333,Participant4_RS_SlSl,Endomorph,Normal,slouch,1.0,0.0,0.0,-0.096748966306484,52.51943046307057,0.0205318581746961,1
500,16.666666666666668,Participant4_RS_SlSl,Endomorph,Normal,slouch,1.0,0.0,0.0,-0.102329449201801,50.60696335709903,0.0977276244097717,1
501,16.7,Participant4_RS_SlSl,Endomorph,Normal,slouch,1.0,0.0,0.0,-0.1060256100384979,52.66023143425436,0.026006756157598,1
502,16.733333333333334,Participant4_RS_SlSl,Endomorph,Normal,slouch,1.0,0.0,0.0,-0.0755898725448753,49.393897171671405,0.0548745984364698,1
503,16.766666666666666,Participant4_RS_SlSl,Endomorph,Normal,slouch,1.0,0.0,0.0,-0.0487274723651217,50.77958495385535,0.0853736589978274,1
504,16.8,Participant4_RS_SlSl,Endomorph,Normal,slouch,1.0,0.0,0.0,-0.0712613013345379,50.71948099577938,0.0818595779637231,1
505,16.833333333333332,Participant4_RS_SlSl,Endomorph,Normal,slouch,1.0,0.0,0.0,-0.1451788886078315,49.79121039876571,0.0589825879306115,1
506,16.866666666666667,Participant4_RS_SlSl,Endomorph,Normal,slouch,1.0,0.0,0.0,-0.073751489855537,54.6613477571048,0.1135072055041001,1
507,16.9,Participant4_RS_SlSl,Endomorph,Normal,slouch,1.0,0.0,0.0,-0.1047432323043078,54.13354816165394,0.1333116630195589,1
508,16.933333333333334,Participant4_RS_SlSl,Endomorph,Normal,slouch,1.0,0.0,0.0,-0.0757521548327928,53.1704156315948,0.0729496474517232,1
509,16.966666666666665,Participant4_RS_SlSl,Endomorph,Normal,slouch,1.0,0.0,0.0,-0.079397519728346,52.52548874472097,0.0372791881913559,1
510,17.0,Participant4_RS_SlSl,Endomorph,Normal,slouch,1.0,0.0,0.0,-0.096567954509758,52.82894086126499,0.0486599055432707,1
511,17.033333333333335,Participant4_RS_SlSl,Endomorph,Normal,slouch,1.0,0.0,0.0,-0.1195624454000871,52.98729502481319,0.0567225916376068,1
512,17.066666666666666,Participant4_RS_SlSl,Endomorph,Normal,slouch,1.0,0.0,0.0,-0.0812456941360587,53.37057192381676,0.0748772322492862,1
513,17.1,Participant4_RS_SlSl,Endomorph,Normal,slouch,1.0,0.0,0.0,-0.1316120755660328,50.71960194858615,0.026200937969912,1
514,17.133333333333333,Participant4_RS_SlSl,Endomorph,Normal,slouch,1.0,0.0,0.0,-0.1118861877844843,53.72002706994294,0.0596010213525432,1
515,17.166666666666668,Participant4_RS_SlSl,Endomorph,Normal,slouch,1.0,0.0,0.0,-0.1253855121044596,53.196548675990655,0.0684215536139699,1
516,17.2,Participant4_RS_SlSl,Endomorph,Normal,slouch,1.0,0.0,0.0,-0.1194561903976345,53.55664911401647,0.0627669621905803,1
517,17.233333333333334,Participant4_RS_SlSl,Endomorph,Normal,slouch,1.0,0.0,0.0,-0.0932734091052232,51.29950981944595,0.0719326872591288,1
518,17.266666666666666,Participant4_RS_SlSl,Endomorph,Normal,slouch,1.0,0.0,0.0,-0.1198201052362382,50.75536001831588,0.0389599991486831,1
519,17.3,Participant4_RS_SlSl,Endomorph,Normal,slouch,1.0,0.0,0.0,-0.10076423105679,50.87602417696456,0.0283185263196594,1
520,17.333333333333332,Participant4_RS_SlSl,Endomorph,Normal,slouch,1.0,0.0,0.0,-0.0766606547000156,53.24605770451734,0.0670244601589944,1
521,17.366666666666667,Participant4_RS_SlSl,Endomorph,Normal,slouch,1.0,0.0,0.0,-0.0808362371104767,52.55864104301424,0.0852331894920084,1
522,17.4,Participant4_RS_SlSl,Endomorph,Normal,slouch,1.0,0.0,0.0,-0.0972043055641994,51.048960621856615,0.0292002892297135,1
523,17.433333333333334,Participant4_RS_SlSl,Endomorph,Normal,slouch,1.0,0.0,0.0,-0.0912400526626071,51.6766131736854,0.0321137154871205,1
524,17.466666666666665,Participant4_RS_SlSl,Endomorph,Normal,slouch,1.0,0.0,0.0,-0.0855682739708011,53.57577116339526,0.0648264483343892,1
525,17.5,Participant4_RS_SlSl,Endomorph,Normal,slouch,1.0,0.0,0.0,-0.0786192730957464,52.67668184495164,0.0474493394119726,1
526,17.533333333333335,Participant4_RS_SlSl,Endomorph,Normal,slouch,1.0,0.0,0.0,-0.0950301885583376,53.71556676828456,0.0521901303709226,1
527,17.566666666666666,Participant4_RS_SlSl,Endomorph,Normal,slouch,1.0,0.0,0.0,-0.1085269395370468,50.96075580776694,0.0460726458417306,1
528,17.6,Participant4_RS_SlSl,Endomorph,Normal,slouch,1.0,0.0,0.0,-0.0902432659675142,53.2379826734147,0.0535085761392718,1
529,17.633333333333333,Participant4_RS_SlSl,Endomorph,Normal,slouch,1.0,0.0,0.0,-0.1071127127211077,53.94876051597388,0.0338168410852857,1
530,17.666666666666668,Participant4_RS_SlSl,Endomorph,Normal,slouch,1.0,0.0,0.0,-0.0997315255468229,51.31809114300155,0.0292047134201008,1
531,17.7,Participant4_RS_SlSl,Endomorph,Normal,slouch,1.0,0.0,0.0,-0.082697895668573,51.57850167425252,0.0751832971385174,1
532,17.733333333333334,Participant4_RS_SlSl,Endomorph,Normal,slouch,1.0,0.0,0.0,-0.0777931405594325,50.47022537612891,0.025533814956654,1
533,17.766666666666666,Participant4_RS_SlSl,Endomorph,Normal,slouch,1.0,0.0,0.0,-0.0833745476692432,50.94443776393427,0.0774396843312122,1
534,17.8,Participant4_RS_SlSl,Endomorph,Normal,slouch,1.0,0.0,0.0,-0.0692366756577867,50.68952354537279,0.0918222599997191,1
535,17.833333333333332,Participant4_RS_SlSl,Endomorph,Normal,slouch,1.0,0.0,0.0,-0.0669335424305589,50.86051732866803,0.081548367675946,1
536,17.866666666666667,Participant4_RS_SlSl,Endomorph,Normal,slouch,1.0,0.0,0.0,-0.0456128728555396,51.48460995060547,0.1457338824741572,1
537,17.9,Participant4_RS_SlSl,Endomorph,Normal,slouch,1.0,0.0,0.0,-0.0468902342777542,52.87208863525489,0.1442929284186118,1
538,17.933333333333334,Participant4_RS_SlSl,Endomorph,Normal,slouch,1.0,0.0,0.0,-0.0451653112320977,51.38344820191441,0.1504958148144031,1
539,17.966666666666665,Participant4_RS_SlSl,Endomorph,Normal,slouch,1.0,0.0,0.0,-0.0441620220691448,52.251683714024175,0.1494612904760408,1
540,18.0,Participant4_RS_SlSl,Endomorph,Normal,slouch,1.0,0.0,0.0,-0.0639647729224807,50.86839546984436,0.0663941342252529,1
541,18.03333333333333,Participant4_RS_SlSl,Endomorph,Normal,slouch,1.0,0.0,0.0,-0.0605498686401496,51.17559132560135,0.0778746476869996,1
542,18.066666666666663,Participant4_RS_SlSl,Endomorph,Normal,slouch,1.0,0.0,0.0,-0.0422386747887371,51.53033549646147,0.1030238202761926,1
543,18.1,Participant4_RS_SlSl,Endomorph,Normal,slouch,1.0,0.0,0.0,-0.0785330344431755,50.885547024006286,0.055660090677596,1
544,18.133333333333333,Participant4_RS_SlSl,Endomorph,Normal,slouch,1.0,0.0,0.0,-0.0668683973592705,51.67107262037184,0.057225840586378,1
545,18.166666666666668,Participant4_RS_SlSl,Endomorph,Normal,slouch,1.0,0.0,0.0,-0.0510044866092152,50.76901041206506,0.0785323462420793,1
546,18.2,Participant4_RS_SlSl,Endomorph,Normal,slouch,1.0,0.0,0.0,-0.0739029552153048,51.54503360234661,0.0509702465134319,1
547,18.23333333333333,Participant4_RS_SlSl,Endomorph,Normal,slouch,1.0,0.0,0.0,-0.0506999401767345,51.240005804383294,0.1085075770164159,1
548,18.266666666666666,Participant4_RS_SlSl,Endomorph,Normal,slouch,1.0,0.0,0.0,-0.0480071326556049,50.89246469887904,0.1121679208490039,1
549,18.3,Participant4_RS_SlSl,Endomorph,Normal,slouch,1.0,0.0,0.0,-0.0722967043021573,50.94266263253986,0.0451136759894165,1
550,18.33333333333333,Participant4_RS_SlSl,Endomorph,Normal,slouch,1.0,0.0,0.0,-0.0700248123119075,54.02578726373965,0.0519868365119612,1
551,18.366666666666667,Participant4_RS_SlSl,Endomorph,Normal,slouch,1.0,0.0,0.0,-0.0599657451334464,51.3690164431566,0.0931905174485643,1
552,18.4,Participant4_RS_SlSl,Endomorph,Normal,slouch,1.0,0.0,0.0,-0.0416609215599883,50.44737661799494,0.1091948048939457,1
553,18.433333333333334,Participant4_RS_SlSl,Endomorph,Normal,slouch,1.0,0.0,0.0,-0.0397352897530606,50.32751445509562,0.113233138419486,1
554,18.466666666666665,Participant4_RS_SlSl,Endomorph,Normal,slouch,1.0,0.0,0.0,-0.0284585396322911,50.364165198619816,0.1043910946813022,1
555,18.5,Participant4_RS_SlSl,Endomorph,Normal,slouch,1.0,0.0,0.0,-0.0621962085981703,50.38230879537387,0.1036427711789094,1
556,18.53333333333333,Participant4_RS_SlSl,Endomorph,Normal,slouch,1.0,0.0,0.0,-0.068453863961048,52.31885058465588,0.1009095256743803,1
557,18.566666666666663,Participant4_RS_SlSl,Endomorph,Normal,slouch,1.0,0.0,0.0,-0.0602980997649679,49.95038952305472,0.0978417469335028,1
558,18.6,Participant4_RS_SlSl,Endomorph,Normal,slouch,1.0,0.0,0.0,-0.039872641631847,52.11048035120018,0.105999348595068,1
559,18.633333333333333,Participant4_RS_SlSl,Endomorph,Normal,slouch,1.0,0.0,0.0,-0.0554459080660302,50.80808129258341,0.1028365114802567,1
560,18.666666666666668,Participant4_RS_SlSl,Endomorph,Normal,slouch,1.0,0.0,0.0,-0.0518036998703707,50.42822341963748,0.1109288486231136,1
561,18.7,Participant4_RS_SlSl,Endomorph,Normal,slouch,1.0,0.0,0.0,-0.0088208277734012,52.98978101334038,0.1097911807836173,1
562,18.73333333333333,Participant4_RS_SlSl,Endomorph,Normal,slouch,1.0,0.0,0.0,-0.0451200747080335,52.51552084514684,0.1099832809090466,1
563,18.766666666666666,Participant4_RS_SlSl,Endomorph,Normal,slouch,1.0,0.0,0.0,-0.0403484568089039,52.04393078252357,0.0945133961505413,1
564,18.8,Participant4_RS_SlSl,Endomorph,Normal,slouch,1.0,0.0,0.0,-0.0367192610153039,52.7557138515615,0.0960289855826877,1
565,18.83333333333333,Participant4_RS_SlSl,Endomorph,Normal,slouch,1.0,0.0,0.0,-0.0314390052167089,52.557869894062286,0.0827957390732237,1
566,18.866666666666667,Participant4_RS_SlSl,Endomorph,Normal,slouch,1.0,0.0,0.0,-0.0636493615164388,50.94012959735986,0.0401203774385817,1
567,18.9,Participant4_RS_SlSl,Endomorph,Normal,slouch,1.0,0.0,0.0,-0.0475510065180247,51.86962483955498,0.0479567088552239,1
568,18.933333333333334,Participant4_RS_SlSl,Endomorph,Normal,slouch,1.0,0.0,0.0,-0.0697469498430295,48.98348516063172,0.0486031932009366,1
569,18.966666666666665,Participant4_RS_SlSl,Endomorph,Normal,slouch,1.0,0.0,0.0,-0.0774657780426451,53.14179048967191,0.0661887400253763,1
570,19.0,Participant4_RS_SlSl,Endomorph,Normal,slouch,1.0,0.0,0.0,-0.0599930949141344,50.93083467523015,0.0381493852479219,1
571,19.03333333333333,Participant4_RS_SlSl,Endomorph,Normal,slouch,1.0,0.0,0.0,-0.0672207243935011,51.567043203258265,0.0369946279066912,1
572,19.066666666666663,Participant4_RS_SlSl,Endomorph,Normal,slouch,1.0,0.0,0.0,-0.0900589624688146,51.711382496614014,0.0352385956030021,1
573,19.1,Participant4_RS_SlSl,Endomorph,Normal,slouch,1.0,0.0,0.0,-0.1055647730656993,52.93460190666617,0.0375129393313049,1
574,19.133333333333333,Participant4_RS_SlSl,Endomorph,Normal,slouch,1.0,0.0,0.0,-0.1063303246475234,52.75743800346535,0.0390162292411252,1
575,19.166666666666668,Participant4_RS_SlSl,Endomorph,Normal,slouch,1.0,0.0,0.0,-0.0785889864017193,53.77628303231307,0.0384827751506454,1
576,19.2,Participant4_RS_SlSl,Endomorph,Normal,slouch,1.0,0.0,0.0,-0.109739784081688,51.65447553327199,0.033175776845211,1
577,19.23333333333333,Participant4_RS_SlSl,Endomorph,Normal,slouch,1.0,0.0,0.0,-0.0946921489677394,52.5238536337284,0.0319786452453553,1
578,19.266666666666666,Participant4_RS_SlSl,Endomorph,Normal,slouch,1.0,0.0,0.0,-0.1049714538293284,52.99262572089954,0.0356387636921924,1
579,19.3,Participant4_RS_SlSl,Endomorph,Normal,slouch,1.0,0.0,0.0,-0.0945394467750251,51.33953216132504,0.0255814284800395,1
580,19.33333333333333,Participant4_RS_SlSl,Endomorph,Normal,slouch,1.0,0.0,0.0,-0.1163228324333679,51.12059148462119,0.0684760546309218,1
581,19.366666666666667,Participant4_RS_SlSl,Endomorph,Normal,slouch,1.0,0.0,0.0,-0.1283199785774917,50.37986465665481,0.080902724836765,1
582,19.4,Participant4_RS_SlSl,Endomorph,Normal,slouch,1.0,0.0,0.0,-0.0974546960792958,53.41274547876536,0.0270414010909935,1
583,19.433333333333334,Participant4_RS_SlSl,Endomorph,Normal,slouch,1.0,0.0,0.0,-0.0967592613474606,53.85743711779531,0.0321666442638182,1
584,19.466666666666665,Participant4_RS_SlSl,Endomorph,Normal,slouch,1.0,0.0,0.0,-0.0791734155544948,52.67134378563397,0.0654051472268817,1
585,19.5,Participant4_RS_SlSl,Endomorph,Normal,slouch,1.0,0.0,0.0,-0.1024391047276601,51.25921544467375,0.0539011174977143,1
586,19.53333333333333,Participant4_RS_SlSl,Endomorph,Normal,slouch,1.0,0.0,0.0,-0.0842924525040967,50.64033083093389,0.0430593615503938,1
587,19.566666666666663,Participant4_RS_SlSl,Endomorph,Normal,slouch,1.0,0.0,0.0,-0.07428176463798,51.76439261712634,0.0630186093702756,1
588,19.6,Participant4_RS_SlSl,Endomorph,Normal,slouch,1.0,0.0,0.0,-0.0985159542765485,50.89481211240068,0.0571409645048928,1
589,19.633333333333333,Participant4_RS_SlSl,Endomorph,Normal,slouch,1.0,0.0,0.0,-0.1098840635131179,50.537636458030846,0.0854010116569998,1
590,19.666666666666668,Participant4_RS_SlSl,Endomorph,Normal,slouch,1.0,0.0,0.0,-0.0839349231479059,52.59340660360311,0.0179835505907218,1
591,19.7,Participant4_RS_SlSl,Endomorph,Normal,slouch,1.0,0.0,0.0,-0.072654014914105,54.84008864899772,0.0241352829653525,1
592,19.73333333333333,Participant4_RS_SlSl,Endomorph,Normal,slouch,1.0,0.0,0.0,-0.0827079182227442,54.99818271104906,0.0270717051015348,1
593,19.766666666666666,Participant4_RS_SlSl,Endomorph,Normal,slouch,1.0,0.0,0.0,-0.1362990269043982,50.25533444109703,0.0535967537140755,1
594,19.8,Participant4_RS_SlSl,Endomorph,Normal,slouch,1.0,0.0,0.0,-0.1188607579676812,50.35936664208741,0.040955026214771,1
595,19.83333333333333,Participant4_RS_SlSl,Endomorph,Normal,slouch,1.0,0.0,0.0,-0.0861865657212354,53.651086860712,0.0269945381360994,1
596,19.866666666666667,Participant4_RS_SlSl,Endomorph,Normal,slouch,1.0,0.0,0.0,-0.1320332914828364,50.07041454723856,0.0846219547094297,1
597,19.9,Participant4_RS_SlSl,Endomorph,Normal,slouch,1.0,0.0,0.0,-0.1055919060884287,51.07174447372808,0.0299317568551758,1
598,19.933333333333334,Participant4_RS_SlSl,Endomorph,Normal,slouch,1.0,0.0,0.0,-0.0894351323327402,51.285481914913866,0.0395673806668804,1
599,19.966666666666665,Participant4_RS_SlSl,Endomorph,Normal,slouch,1.0,0.0,0.0,-0.1227266139641193,50.84854758062748,0.0538028917812565,1
600,20.0,Participant4_RS_SlSl,Endomorph,Normal,slouch,1.0,0.0,0.0,-0.1317974826940841,50.25271544171676,0.0535804761995236,1
601,20.03333333333333,Participant4_RS_SlSl,Endomorph,Normal,slouch,1.0,0.0,0.0,-0.0924421538797453,53.16565751486103,0.071573993896585,1
602,20.066666666666663,Participant4_RS_SlSl,Endomorph,Normal,slouch,1.0,0.0,0.0,-0.0993963921819396,53.433869580896456,0.0446630554983567,1
603,20.1,Participant4_RS_SlSl,Endomorph,Normal,slouch,1.0,0.0,0.0,-0.1100904941708391,50.33332201665586,0.0589706309110863,1
604,20.133333333333333,Participant4_RS_SlSl,Endomorph,Normal,slouch,1.0,0.0,0.0,-0.1265538162452829,49.220723070372486,0.0663868002480172,1
605,20.166666666666668,Participant4_RS_SlSl,Endomorph,Normal,slouch,1.0,0.0,0.0,-0.1134113940862904,53.76942587774875,0.0283710779313388,1
606,20.2,Participant4_RS_SlSl,Endomorph,Normal,slouch,1.0,0.0,0.0,-0.0959539940193036,53.425311609429855,0.0239484726216316,1
607,20.23333333333333,Participant4_RS_SlSl,Endomorph,Normal,slouch,1.0,0.0,0.0,-0.1108348469567586,49.961373038140906,0.067633414164331,1
608,20.266666666666666,Participant4_RS_SlSl,Endomorph,Normal,slouch,1.0,0.0,0.0,-0.1132473127024016,51.24362970061071,0.0564983769627495,1
609,20.3,Participant4_RS_SlSl,Endomorph,Normal,slouch,1.0,0.0,0.0,-0.0815116720190359,53.55422203503109,0.0236444605185272,1
610,20.33333333333333,Participant4_RS_SlSl,Endomorph,Normal,slouch,1.0,0.0,0.0,-0.1106236569282435,50.73743585744535,0.0584586837999033,1
611,20.366666666666667,Participant4_RS_SlSl,Endomorph,Normal,slouch,1.0,0.0,0.0,-0.1129836211989488,51.15132313189902,0.0654744101438104,1
612,20.4,Participant4_RS_SlSl,Endomorph,Normal,slouch,1.0,0.0,0.0,-0.1017753346793474,51.13418306624576,0.0516087503639839,1
613,20.433333333333334,Participant4_RS_SlSl,Endomorph,Normal,slouch,1.0,0.0,0.0,-0.0985102041132574,51.82810121222716,0.043917971777266,1
614,20.466666666666665,Participant4_RS_SlSl,Endomorph,Normal,slouch,1.0,0.0,0.0,-0.1078361696266853,50.56862878869289,0.0498190108868427,1
615,20.5,Participant4_RS_SlSl,Endomorph,Normal,slouch,1.0,0.0,0.0,-0.0786518697591832,53.18999935375914,0.044688708442556,1
616,20.53333333333333,Participant4_RS_SlSl,Endomorph,Normal,slouch,1.0,0.0,0.0,-0.0528018693195662,53.08680054805762,0.1230126483375461,1
617,20.566666666666663,Participant4_RS_SlSl,Endomorph,Normal,slouch,1.0,0.0,0.0,-0.0768823353812341,53.54589265524484,0.0631453788359002,1
618,20.6,Participant4_RS_SlSl,Endomorph,Normal,slouch,1.0,0.0,0.0,-0.0643173801776735,53.20785337243543,0.0856576783767646,1
619,20.633333333333333,Participant4_RS_SlSl,Endomorph,Normal,slouch,1.0,0.0,0.0,-0.0898212384983952,50.80148972683549,0.0477544755740521,1
620,20.666666666666668,Participant4_RS_SlSl,Endomorph,Normal,slouch,1.0,0.0,0.0,-0.0651812927429623,50.944944922510096,0.0773775884924685,1
621,20.7,Participant4_RS_SlSl,Endomorph,Normal,slouch,1.0,0.0,0.0,-0.1310907371578764,50.30257562515841,0.062892583340843,1
622,20.73333333333333,Participant4_RS_SlSl,Endomorph,Normal,slouch,1.0,0.0,0.0,-0.1356852345069265,49.58906726432415,0.0561387314193286,1
623,20.766666666666666,Participant4_RS_SlSl,Endomorph,Normal,slouch,1.0,0.0,0.0,-0.1026921336868127,50.08526159456033,0.08887180090177,1
624,20.8,Participant4_RS_SlSl,Endomorph,Normal,slouch,1.0,0.0,0.0,-0.0985093065836382,50.31302091363733,0.0925654556255127,1
625,20.83333333333333,Participant4_RS_SlSl,Endomorph,Normal,slouch,1.0,0.0,0.0,-0.0700862503029282,50.05974946347499,0.0518170953169381,1
626,20.866666666666667,Participant4_RS_SlSl,Endomorph,Normal,slouch,1.0,0.0,0.0,-0.0461726674680769,53.27794933917707,0.1285441313905373,1
627,20.9,Participant4_RS_SlSl,Endomorph,Normal,slouch,1.0,0.0,0.0,-0.0475383694661835,52.55456463781642,0.12280909063816,1
628,20.933333333333334,Participant4_RS_SlSl,Endomorph,Normal,slouch,1.0,0.0,0.0,-0.0645099336514127,52.70970845972533,0.1189053323663264,1
629,20.966666666666665,Participant4_RS_SlSl,Endomorph,Normal,slouch,1.0,0.0,0.0,-0.0657650600055716,51.69540778124836,0.0380077338279502,1
630,21.0,Participant4_RS_SlSl,Endomorph,Normal,slouch,1.0,0.0,0.0,-0.0796191887218514,51.738332538602734,0.0333626572128476,1
631,21.03333333333333,Participant4_RS_SlSl,Endomorph,Normal,slouch,1.0,0.0,0.0,-0.0505270090021153,52.60009597800726,0.0424841719661263,1
632,21.066666666666663,Participant4_RS_SlSl,Endomorph,Normal,slouch,1.0,0.0,0.0,-0.1061751377503282,51.88412836435962,0.0369143048662108,1
633,21.1,Participant4_RS_SlSl,Endomorph,Normal,slouch,1.0,0.0,0.0,-0.0775059301467464,50.62753590373467,0.0510376390494122,1
634,21.133333333333333,Participant4_RS_SlSl,Endomorph,Normal,slouch,1.0,0.0,0.0,-0.0667077897961112,51.708927552817535,0.048208853024504,1
635,21.166666666666668,Participant4_RS_SlSl,Endomorph,Normal,slouch,1.0,0.0,0.0,-0.0822678374291885,51.53203325117784,0.0550363011158329,1
636,21.2,Participant4_RS_SlSl,Endomorph,Normal,slouch,1.0,0.0,0.0,-0.0759871271557967,51.59165422047184,0.0520783492527888,1
637,21.23333333333333,Participant4_RS_SlSl,Endomorph,Normal,slouch,1.0,0.0,0.0,-0.0574654933538937,51.380444642633535,0.1122953057762771,1
638,21.266666666666666,Participant4_RS_SlSl,Endomorph,Normal,slouch,1.0,0.0,0.0,-0.0732948556071434,50.90326679216994,0.0569701659927731,1
639,21.3,Participant4_RS_SlSl,Endomorph,Normal,slouch,1.0,0.0,0.0,-0.0637525155095735,51.88793644518256,0.035747923083413,1
640,21.33333333333333,Participant4_RS_SlSl,Endomorph,Normal,slouch,1.0,0.0,0.0,-0.0597450804412524,51.444241143762575,0.0652224164188283,1
641,21.366666666666667,Participant4_RS_SlSl,Endomorph,Normal,slouch,1.0,0.0,0.0,-0.062327082893327,51.21035480708697,0.0490607433812751,1
642,21.4,Participant4_RS_SlSl,Endomorph,Normal,slouch,1.0,0.0,0.0,-0.0663002350230019,52.2425353206424,0.0280949291684534,1
643,21.433333333333334,Participant4_RS_SlSl,Endomorph,Normal,slouch,1.0,0.0,0.0,-0.0455796794733113,52.30037809698785,0.0778201589290006,1
644,21.466666666666665,Participant4_RS_SlSl,Endomorph,Normal,slouch,1.0,0.0,0.0,-0.048770692809618,53.34028279997283,0.1066144376049654,1
645,21.5,Participant4_RS_SlSl,Endomorph,Normal,slouch,1.0,0.0,0.0,-0.0657544751947227,51.44985337987684,0.0889820587993519,1
646,21.53333333333333,Participant4_RS_SlSl,Endomorph,Normal,slouch,1.0,0.0,0.0,-0.0567536426725673,52.7623696059473,0.0439599556502744,1
647,21.566666666666663,Participant4_RS_SlSl,Endomorph,Normal,slouch,1.0,0.0,0.0,-0.0507367112755124,52.42375433822902,0.1355846251403415,1
648,21.6,Participant4_RS_SlSl,Endomorph,Normal,slouch,1.0,0.0,0.0,-0.109205971503453,51.9510999036049,0.0341414779911608,1
649,21.633333333333333,Participant4_RS_SlSl,Endomorph,Normal,slouch,1.0,0.0,0.0,-0.0641981711919549,51.09966488145147,0.0746133755710503,1
650,21.666666666666668,Participant4_RS_SlSl,Endomorph,Normal,slouch,1.0,0.0,0.0,-0.097161578983517,52.70333367505924,0.1080647624398879,1
651,21.7,Participant4_RS_SlSl,Endomorph,Normal,slouch,1.0,0.0,0.0,-0.0924136154179414,52.71423157877691,0.1109210583444248,1
652,21.73333333333333,Participant4_RS_SlSl,Endomorph,Normal,slouch,1.0,0.0,0.0,-0.0827511104741798,52.64605372189617,0.0546783610761761,1
653,21.766666666666666,Participant4_RS_SlSl,Endomorph,Normal,slouch,1.0,0.0,0.0,-0.1238061634773582,48.98516108619015,0.0464703649385292,1
654,21.8,Participant4_RS_SlSl,Endomorph,Normal,slouch,1.0,0.0,0.0,-0.1202364433505889,49.38788159792136,0.0605167503897935,1
655,21.83333333333333,Participant4_RS_SlSl,Endomorph,Normal,slouch,1.0,0.0,0.0,-0.1246256969189457,50.81105400766379,0.0337730441774083,1
656,21.866666666666667,Participant4_RS_SlSl,Endomorph,Normal,slouch,1.0,0.0,0.0,-0.1169513824426858,50.84492877762848,0.0329136280697165,1
657,21.9,Participant4_RS_SlSl,Endomorph,Normal,slouch,1.0,0.0,0.0,-0.0773887151813702,54.655817660423146,0.1025764365522901,1
658,21.933333333333334,Participant4_RS_SlSl,Endomorph,Normal,slouch,1.0,0.0,0.0,-0.0767985080615802,54.2696797090575,0.1133569827594846,1
659,21.966666666666665,Participant4_RS_SlSl,Endomorph,Normal,slouch,1.0,0.0,0.0,-0.0894439501261193,53.91905178978118,0.1193978998274089,1
660,22.0,Participant4_RS_SlSl,Endomorph,Normal,slouch,1.0,0.0,0.0,-0.1009489703181229,51.37978509604616,0.0983646945253724,1
661,22.03333333333333,Participant4_RS_SlSl,Endomorph,Normal,slouch,1.0,0.0,0.0,-0.113292195884308,50.658542866029045,0.0682850485099543,1
662,22.066666666666663,Participant4_RS_SlSl,Endomorph,Normal,slouch,1.0,0.0,0.0,-0.0899332603019307,52.9231427785785,0.015019442522321,1
663,22.1,Participant4_RS_SlSl,Endomorph,Normal,slouch,1.0,0.0,0.0,-0.0932100341539262,53.75483435268664,0.0206817347785911,1
664,22.133333333333333,Participant4_RS_SlSl,Endomorph,Normal,slouch,1.0,0.0,0.0,-0.1212282798345473,53.189243951404976,0.0314819366612394,1
665,22.166666666666668,Participant4_RS_SlSl,Endomorph,Normal,slouch,1.0,0.0,0.0,-0.0764546787682484,50.498029255792,0.0481191921693006,1
666,22.2,Participant4_RS_SlSl,Endomorph,Normal,slouch,1.0,0.0,0.0,-0.1022338724184368,50.632638536583016,0.071622775158567,1
667,22.23333333333333,Participant4_RS_SlSl,Endomorph,Normal,slouch,1.0,0.0,0.0,-0.1038897559275885,50.65656441602666,0.0628773419445494,1
668,22.266666666666666,Participant4_RS_SlSl,Endomorph,Normal,slouch,1.0,0.0,0.0,-0.1091039846308248,49.43935479065198,0.0591456214391689,1
669,22.3,Participant4_RS_SlSl,Endomorph,Normal,slouch,1.0,0.0,0.0,-0.1003543227539415,52.59729645861472,0.0286116799751951,1
670,22.33333333333333,Participant4_RS_SlSl,Endomorph,Normal,slouch,1.0,0.0,0.0,-0.090107969493609,52.82793923134637,0.0268866151324506,1
671,22.366666666666667,Participant4_RS_SlSl,Endomorph,Normal,slouch,1.0,0.0,0.0,-0.1222947874352627,49.0832612650384,0.0851405542286759,1
672,22.4,Participant4_RS_SlSl,Endomorph,Normal,slouch,1.0,0.0,0.0,-0.1337454167718446,49.8173232462468,0.0644060316480316,1
673,22.433333333333334,Participant4_RS_SlSl,Endomorph,Normal,slouch,1.0,0.0,0.0,-0.1133473177029156,49.64013135791398,0.074897900046493,1
674,22.466666666666665,Participant4_RS_SlSl,Endomorph,Normal,slouch,1.0,0.0,0.0,-0.1211534290139285,51.30913726468114,0.0805123822892471,1
675,22.5,Participant4_RS_SlSl,Endomorph,Normal,slouch,1.0,0.0,0.0,-0.117825347432437,51.22658437154348,0.0567635626468767,1
676,22.53333333333333,Participant4_RS_SlSl,Endomorph,Normal,slouch,1.0,0.0,0.0,-0.1101914156321579,51.63967499584289,0.0853249875054773,1
677,22.566666666666663,Participant4_RS_SlSl,Endomorph,Normal,slouch,1.0,0.0,0.0,-0.0913712269147064,52.418744608279326,0.077221901039594,1
678,22.6,Participant4_RS_SlSl,Endomorph,Normal,slouch,1.0,0.0,0.0,-0.1080539072390991,54.01114746379763,0.0407644813547556,1
679,22.633333333333333,Participant4_RS_SlSl,Endomorph,Normal,slouch,1.0,0.0,0.0,-0.082404343619485,51.14146157326997,0.0485568122855116,1
680,22.666666666666668,Participant4_RS_SlSl,Endomorph,Normal,slouch,1.0,0.0,0.0,-0.1278229202721156,50.50183534351145,0.0495761533253957,1
681,22.7,Participant4_RS_SlSl,Endomorph,Normal,slouch,1.0,0.0,0.0,-0.0762468757196688,52.0215436547732,0.0430517645981097,1
682,22.73333333333333,Participant4_RS_SlSl,Endomorph,Normal,slouch,1.0,0.0,0.0,-0.0887197494283355,53.72986105584755,0.0250292870213531,1
683,22.766666666666666,Participant4_RS_SlSl,Endomorph,Normal,slouch,1.0,0.0,0.0,-0.0706367944958795,52.225622423358274,0.0375179796409431,1
684,22.8,Participant4_RS_SlSl,Endomorph,Normal,slouch,1.0,0.0,0.0,-0.0673079526254706,52.251612409485176,0.0396583071646644,1
685,22.83333333333333,Participant4_RS_SlSl,Endomorph,Normal,slouch,1.0,0.0,0.0,-0.100389133170389,52.853171735075904,0.030161696389732,1
686,22.866666666666667,Participant4_RS_SlSl,Endomorph,Normal,slouch,1.0,0.0,0.0,-0.1210467578155014,53.56610778190927,0.0203872086921043,1
687,22.9,Participant4_RS_SlSl,Endomorph,Normal,slouch,1.0,0.0,0.0,-0.1092487111174193,52.75421713577336,0.0723496335057713,1
688,22.933333333333334,Participant4_RS_SlSl,Endomorph,Normal,slouch,1.0,0.0,0.0,-0.1119395269730796,51.44580083685524,0.1289595699777272,1
689,22.966666666666665,Participant4_RS_SlSl,Endomorph,Normal,slouch,1.0,0.0,0.0,-0.1097173185515691,50.93379076246626,0.0425652664048048,1
690,23.0,Participant4_RS_SlSl,Endomorph,Normal,slouch,1.0,0.0,0.0,-0.0672488028876694,51.38082435122001,0.0303956118255549,1
691,23.03333333333333,Participant4_RS_SlSl,Endomorph,Normal,slouch,1.0,0.0,0.0,-0.1394141426154311,51.83044714354461,0.050230432343581,1
692,23.066666666666663,Participant4_RS_SlSl,Endomorph,Normal,slouch,1.0,0.0,0.0,-0.1082028898765369,49.6037614650517,0.0333306985559789,1
693,23.1,Participant4_RS_SlSl,Endomorph,Normal,slouch,1.0,0.0,0.0,-0.1352676446428338,50.8235469207683,0.0259552459244733,1
694,23.133333333333333,Participant4_RS_SlSl,Endomorph,Normal,slouch,1.0,0.0,0.0,-0.102319520580732,51.501497665367815,0.0268648384036712,1
695,23.166666666666668,Participant4_RS_SlSl,Endomorph,Normal,slouch,1.0,0.0,0.0,-0.1086709403435187,52.01079260007789,0.06622005630088,1
696,23.2,Participant4_RS_SlSl,Endomorph,Normal,slouch,1.0,0.0,0.0,-0.0632677758143773,51.79747493662569,0.0709077611794867,1
697,23.23333333333333,Participant4_RS_SlSl,Endomorph,Normal,slouch,1.0,0.0,0.0,-0.0973004473760013,53.43452939983905,0.1360056297950676,1
698,23.266666666666666,Participant4_RS_SlSl,Endomorph,Normal,slouch,1.0,0.0,0.0,-0.0805458981918978,53.69885123315973,0.1261029523350381,1
699,23.3,Participant4_RS_SlSl,Endomorph,Normal,slouch,1.0,0.0,0.0,-0.0984819764829446,53.37018561477256,0.0921382703297385,1
700,23.33333333333333,Participant4_RS_SlSl,Endomorph,Normal,slouch,1.0,0.0,0.0,-0.0677845036971208,54.55430463325125,0.1209781224437027,1
701,23.366666666666667,Participant4_RS_SlSl,Endomorph,Normal,slouch,1.0,0.0,0.0,-0.0980604220223492,54.833164715094526,0.0296809077311355,1
702,23.4,Participant4_RS_SlSl,Endomorph,Normal,slouch,1.0,0.0,0.0,-0.1097357069968483,54.10069250583642,0.0509201408305298,1
703,23.433333333333334,Participant4_RS_SlSl,Endomorph,Normal,slouch,1.0,0.0,0.0,-0.1072260911582262,51.74291631409523,0.0828026597103498,1
704,23.466666666666665,Participant4_RS_SlSl,Endomorph,Normal,slouch,1.0,0.0,0.0,-0.0881718566975442,51.71750499078652,0.0299744098227636,1
705,23.5,Participant4_RS_SlSl,Endomorph,Normal,slouch,1.0,0.0,0.0,-0.0776671677119377,54.37094503050636,0.0447797037002065,1
706,23.53333333333333,Participant4_RS_SlSl,Endomorph,Normal,slouch,1.0,0.0,0.0,-0.0838644341364717,56.154115910059495,0.0504100353590959,1
707,23.566666666666663,Participant4_RS_SlSl,Endomorph,Normal,slouch,1.0,0.0,0.0,-0.092294596087937,53.76532555304273,0.0760417566554745,1
708,23.6,Participant4_RS_SlSl,Endomorph,Normal,slouch,1.0,0.0,0.0,-0.0952870426961552,52.17576157357007,0.0498709039881904,1
709,23.633333333333333,Participant4_RS_SlSl,Endomorph,Normal,slouch,1.0,0.0,0.0,-0.1250598658352428,51.252756892231794,0.0450034341437304,1
710,23.666666666666668,Participant4_RS_SlSl,Endomorph,Normal,slouch,1.0,0.0,0.0,-0.099482379428553,52.58168759851096,0.026095592116289,1
711,23.7,Participant4_RS_SlSl,Endomorph,Normal,slouch,1.0,0.0,0.0,-0.0843603214992267,52.35096221820115,0.0370556490782727,1
712,23.73333333333333,Participant4_RS_SlSl,Endomorph,Normal,slouch,1.0,0.0,0.0,-0.0871809345810016,51.42607718997391,0.0337611085040794,1
713,23.766666666666666,Participant4_RS_SlSl,Endomorph,Normal,slouch,1.0,0.0,0.0,-0.0766724814110871,53.198913596443546,0.0387205999007985,1
714,23.8,Participant4_RS_SlSl,Endomorph,Normal,slouch,1.0,0.0,0.0,-0.0651685756165054,54.00683876619728,0.0597875693878328,1
715,23.83333333333333,Participant4_RS_SlSl,Endomorph,Normal,slouch,1.0,0.0,0.0,-0.0877800561413816,51.409695242703975,0.0269330925856395,1
716,23.866666666666667,Participant4_RS_SlSl,Endomorph,Normal,slouch,1.0,0.0,0.0,-0.0810541118880295,52.14299399167942,0.0262209196950224,1
717,23.9,Participant4_RS_SlSl,Endomorph,Normal,slouch,1.0,0.0,0.0,-0.1062405816887574,50.27269498599869,0.0527885075694199,1
718,23.933333333333334,Participant4_RS_SlSl,Endomorph,Normal,slouch,1.0,0.0,0.0,-0.081875620899382,50.40251455843856,0.0427255780615036,1
719,23.966666666666665,Participant4_RS_SlSl,Endomorph,Normal,slouch,1.0,0.0,0.0,-0.0958629418050248,50.76569066162331,0.0519173745093004,1
720,24.0,Participant4_RS_SlSl,Endomorph,Normal,slouch,1.0,0.0,0.0,-0.0864668245551403,51.07113782963789,0.0563100375845554,1
721,24.03333333333333,Participant4_RS_SlSl,Endomorph,Normal,slouch,1.0,0.0,0.0,-0.1046335904363086,50.29907752836245,0.0823605879771174,1
722,24.066666666666663,Participant4_RS_SlSl,Endomorph,Normal,slouch,1.0,0.0,0.0,-0.0925182319296679,52.305259370816295,0.0347917770464351,1
723,24.1,Participant4_RS_SlSl,Endomorph,Normal,slouch,1.0,0.0,0.0,-0.0862747201579996,52.28354768538804,0.0836253744256366,1
724,24.133333333333333,Participant4_RS_SlSl,Endomorph,Normal,slouch,1.0,0.0,0.0,-0.082450288156648,50.30194967972383,0.0241721187955542,1
725,24.166666666666668,Participant4_RS_SlSl,Endomorph,Normal,slouch,1.0,0.0,0.0,-0.1155444770254296,51.44891746082805,0.0274505927588347,1
726,24.2,Participant4_RS_SlSl,Endomorph,Normal,slouch,1.0,0.0,0.0,-0.1043767399884131,53.65477213094708,0.0569230572010693,1
727,24.23333333333333,Participant4_RS_SlSl,Endomorph,Normal,slouch,1.0,0.0,0.0,-0.0719442169316046,53.39252841969231,0.0947229480838577,1
728,24.266666666666666,Participant4_RS_SlSl,Endomorph,Normal,slouch,1.0,0.0,0.0,-0.111717492112392,51.14362397416914,0.0360153850904771,1
729,24.3,Participant4_RS_SlSl,Endomorph,Normal,slouch,1.0,0.0,0.0,-0.1287277340790779,50.90091817675902,0.0227040389090701,1
730,24.33333333333333,Participant4_RS_SlSl,Endomorph,Normal,slouch,1.0,0.0,0.0,-0.1153413831780407,52.65846038745805,0.068566746825309,1
731,24.366666666666667,Participant4_RS_SlSl,Endomorph,Normal,slouch,1.0,0.0,0.0,-0.1148320211737379,51.2974629081357,0.0466891439065341,1
732,24.4,Participant4_RS_SlSl,Endomorph,Normal,slouch,1.0,0.0,0.0,-0.121670656692699,51.16992518726208,0.0523388116613305,1
733,24.433333333333334,Participant4_RS_SlSl,Endomorph,Normal,slouch,1.0,0.0,0.0,-0.0936905867761349,52.156124440399,0.0484654526658638,1
734,24.466666666666665,Participant4_RS_SlSl,Endomorph,Normal,slouch,1.0,0.0,0.0,-0.1448521970484929,51.07335949607155,0.0374864336024408,1
735,24.5,Participant4_RS_SlSl,Endomorph,Normal,slouch,1.0,0.0,0.0,-0.1054067442762837,51.18835765914693,0.0217275120154177,1
736,24.53333333333333,Participant4_RS_SlSl,Endomorph,Normal,slouch,1.0,0.0,0.0,-0.1205158963538697,51.20524515905718,0.0412603854560305,1
737,24.566666666666663,Participant4_RS_SlSl,Endomorph,Normal,slouch,1.0,0.0,0.0,-0.0918356509653234,54.18028281206348,0.0557046003237639,1
738,24.6,Participant4_RS_SlSl,Endomorph,Normal,slouch,1.0,0.0,0.0,-0.0913577679429051,50.81778374157616,0.0407605552371393,1
739,24.633333333333333,Participant4_RS_SlSl,Endomorph,Normal,slouch,1.0,0.0,0.0,-0.1012540045361523,50.873568648878845,0.0472447382841058,1
740,24.666666666666668,Participant4_RS_SlSl,Endomorph,Normal,slouch,1.0,0.0,0.0,-0.1208742611440756,50.51828910410667,0.0415791718071513,1
741,24.7,Participant4_RS_SlSl,Endomorph,Normal,slouch,1.0,0.0,0.0,-0.1163946434714937,49.42841000788957,0.0669630411359902,1
742,24.73333333333333,Participant4_RS_SlSl,Endomorph,Normal,slouch,1.0,0.0,0.0,-0.1189757711729037,51.18627710347542,0.0616019929681229,1
743,24.766666666666666,Participant4_RS_SlSl,Endomorph,Normal,slouch,1.0,0.0,0.0,-0.1054240651564162,51.79249891911896,0.0571549890530437,1
744,24.8,Participant4_RS_SlSl,Endomorph,Normal,slouch,1.0,0.0,0.0,-0.0907707881879563,50.9324634263209,0.0540581767880629,1
745,24.83333333333333,Participant4_RS_SlSl,Endomorph,Normal,slouch,1.0,0.0,0.0,-0.1102729741091611,50.35663435795991,0.0534931734883519,1
746,24.866666666666667,Participant4_RS_SlSl,Endomorph,Normal,slouch,1.0,0.0,0.0,-0.0794530236478561,50.03538770136574,0.0480868960104821,1
747,24.9,Participant4_RS_SlSl,Endomorph,Normal,slouch,1.0,0.0,0.0,-0.0898280770034254,49.974771368353,0.0427171062552893,1
748,24.933333333333334,Participant4_RS_SlSl,Endomorph,Normal,slouch,1.0,0.0,0.0,-0.1099671628530837,50.9330300881164,0.0701795542454936,1
749,24.966666666666665,Participant4_RS_SlSl,Endomorph,Normal,slouch,1.0,0.0,0.0,-0.1026546105629844,50.815567296505016,0.0558868792148403,1
750,25.0,Participant4_RS_SlSl,Endomorph,Normal,slouch,1.0,0.0,0.0,-0.1140373117926701,49.78135025357562,0.0358832455883684,1
751,25.03333333333333,Participant4_RS_SlSl,Endomorph,Normal,slouch,1.0,0.0,0.0,-0.1300894657147574,49.46290481016303,0.120247928372841,1
752,25.066666666666663,Participant4_RS_SlSl,Endomorph,Normal,slouch,1.0,0.0,0.0,-0.1114463423273255,50.72488421727456,0.0761955091350305,1
753,25.1,Participant4_RS_SlSl,Endomorph,Normal,slouch,1.0,0.0,0.0,-0.1035337296192032,51.46452622286164,0.0563093828405898,1
754,25.133333333333333,Participant4_RS_SlSl,Endomorph,Normal,slouch,1.0,0.0,0.0,-0.1221206316109813,50.58918904615513,0.147157666564356,1
755,25.166666666666668,Participant4_RS_SlSl,Endomorph,Normal,slouch,1.0,0.0,0.0,-0.0741369722034571,51.55178482154704,0.0561539523341445,1
756,25.2,Participant4_RS_SlSl,Endomorph,Normal,slouch,1.0,0.0,0.0,-0.0866938247330927,50.197717112815056,0.0563224984761303,1
757,25.23333333333333,Participant4_RS_SlSl,Endomorph,Normal,slouch,1.0,0.0,0.0,-0.0893346441006091,50.06480128866932,0.0600732859662019,1
758,25.266666666666666,Participant4_RS_SlSl,Endomorph,Normal,slouch,1.0,0.0,0.0,-0.0664031448153574,49.994519469720025,0.0423668359240272,1
759,25.3,Participant4_RS_SlSl,Endomorph,Normal,slouch,1.0,0.0,0.0,-0.1019728489904986,50.44122019453849,0.0453609621753885,1
760,25.33333333333333,Participant4_RS_SlSl,Endomorph,Normal,slouch,1.0,0.0,0.0,-0.0921522892492657,52.34281020745674,0.0671968829599653,1
761,25.366666666666667,Participant4_RS_SlSl,Endomorph,Normal,slouch,1.0,0.0,0.0,-0.1194487199309781,50.27262034425,0.0804230070623597,1
762,25.4,Participant4_RS_SlSl,Endomorph,Normal,slouch,1.0,0.0,0.0,-0.1276371374487369,50.53070827257927,0.0750663567573043,1
763,25.433333333333334,Participant4_RS_SlSl,Endomorph,Normal,slouch,1.0,0.0,0.0,-0.1137520025692436,50.76289018993721,0.0874374089782028,1
764,25.466666666666665,Participant4_RS_SlSl,Endomorph,Normal,slouch,1.0,0.0,0.0,-0.1237786420860295,52.84271681672948,0.1084436833976861,1
765,25.5,Participant4_RS_SlSl,Endomorph,Normal,slouch,1.0,0.0,0.0,-0.1371235288946133,50.7030038645304,0.0457543898828656,1
766,25.53333333333333,Participant4_RS_SlSl,Endomorph,Normal,slouch,1.0,0.0,0.0,-0.0887534834849084,51.44596083539381,0.0523530272174459,1
767,25.566666666666663,Participant4_RS_SlSl,Endomorph,Normal,slouch,1.0,0.0,0.0,-0.0980341008858932,51.5260473050427,0.060444325239169,1
768,25.6,Participant4_RS_SlSl,Endomorph,Normal,slouch,1.0,0.0,0.0,-0.0863145766133877,51.94271503281704,0.0486056279350693,1
769,25.633333333333333,Participant4_RS_SlSl,Endomorph,Normal,slouch,1.0,0.0,0.0,-0.1144419109502467,51.85305160141809,0.0486775687878983,1
770,25.666666666666668,Participant4_RS_SlSl,Endomorph,Normal,slouch,1.0,0.0,0.0,-0.057643738351472,52.08103403841744,0.0283902470693115,1
771,25.7,Participant4_RS_SlSl,Endomorph,Normal,slouch,1.0,0.0,0.0,-0.0923197712527373,50.14183118599471,0.0324773699230175,1
772,25.73333333333333,Participant4_RS_SlSl,Endomorph,Normal,slouch,1.0,0.0,0.0,-0.0758009118405305,51.14617752590696,0.0292765714822218,1
773,25.766666666666666,Participant4_RS_SlSl,Endomorph,Normal,slouch,1.0,0.0,0.0,-0.076571362288817,50.76403516831059,0.0251692749585546,1
774,25.8,Participant4_RS_SlSl,Endomorph,Normal,slouch,1.0,0.0,0.0,-0.0909503773313536,52.41711597924316,0.0434371226565235,1
775,25.83333333333333,Participant4_RS_SlSl,Endomorph,Normal,slouch,1.0,0.0,0.0,-0.0440485973393955,51.9198508300305,0.108266220010734,1
776,25.866666666666667,Participant4_RS_SlSl,Endomorph,Normal,slouch,1.0,0.0,0.0,-0.0498455923889018,51.994192511025744,0.1012752473406145,1
777,25.9,Participant4_RS_SlSl,Endomorph,Normal,slouch,1.0,0.0,0.0,-0.060669074820413,53.87630465756008,0.1457027147929429,1
778,25.933333333333334,Participant4_RS_SlSl,Endomorph,Normal,slouch,1.0,0.0,0.0,-0.0631169354693035,53.748933883213766,0.1479252962071376,1
779,25.966666666666665,Participant4_RS_SlSl,Endomorph,Normal,slouch,1.0,0.0,0.0,-0.0821893447347571,52.70513930236246,0.0716259118789739,1
780,26.0,Participant4_RS_SlSl,Endomorph,Normal,slouch,1.0,0.0,0.0,-0.0462546042337034,50.70736691991299,0.1151323059514609,1
781,26.03333333333333,Participant4_RS_SlSl,Endomorph,Normal,slouch,1.0,0.0,0.0,-0.0756554313183675,50.28080073697978,0.056882350515311,1
782,26.066666666666663,Participant4_RS_SlSl,Endomorph,Normal,slouch,1.0,0.0,0.0,-0.0481328429102195,52.01956669305997,0.0657004490092173,1
783,26.1,Participant4_RS_SlSl,Endomorph,Normal,slouch,1.0,0.0,0.0,-0.0513751275205307,51.13573931345287,0.0786078326773432,1
784,26.133333333333333,Participant4_RS_SlSl,Endomorph,Normal,slouch,1.0,0.0,0.0,-0.0328307210590759,51.04579568289292,0.1020945433857968,1
785,26.166666666666668,Participant4_RS_SlSl,Endomorph,Normal,slouch,1.0,0.0,0.0,-0.0441648612300019,52.0950132517726,0.0771066165899366,1
786,26.2,Participant4_RS_SlSl,Endomorph,Normal,slouch,1.0,0.0,0.0,-0.0403206787061912,53.20004612986138,0.0566403439391742,1
787,26.23333333333333,Participant4_RS_SlSl,Endomorph,Normal,slouch,1.0,0.0,0.0,-0.0390793515680784,50.348167889221294,0.0990683401587758,1
788,26.266666666666666,Participant4_RS_SlSl,Endomorph,Normal,slouch,1.0,0.0,0.0,-0.0377042644676298,49.90746506358203,0.0936133881621624,1
789,26.3,Participant4_RS_SlSl,Endomorph,Normal,slouch,1.0,0.0,0.0,-0.0464472867310634,50.21686619036353,0.0351891647937849,1
790,26.33333333333333,Participant4_RS_SlSl,Endomorph,Normal,slouch,1.0,0.0,0.0,-0.0415979662544094,51.58815793189338,0.06753654334127,1
791,26.366666666666667,Participant4_RS_SlSl,Endomorph,Normal,slouch,1.0,0.0,0.0,-0.0678613440887278,50.10026777718838,0.0750234648355704,1
792,26.4,Participant4_RS_SlSl,Endomorph,Normal,slouch,1.0,0.0,0.0,-0.0490159167766322,51.02938629126636,0.0770157141091768,1
793,26.433333333333334,Participant4_RS_SlSl,Endomorph,Normal,slouch,1.0,0.0,0.0,-0.0629425716836647,50.461946964932125,0.0949806989093162,1
794,26.466666666666665,Participant4_RS_SlSl,Endomorph,Normal,slouch,1.0,0.0,0.0,-0.0673526761419783,50.390848494310376,0.0704536244178206,1
795,26.5,Participant4_RS_SlSl,Endomorph,Normal,slouch,1.0,0.0,0.0,-0.0596323405976391,52.96351567177581,0.0862019486744616,1
796,26.53333333333333,Participant4_RS_SlSl,Endomorph,Normal,slouch,1.0,0.0,0.0,-0.0759850817459039,50.398712342027686,0.0974841486165259,1
797,26.566666666666663,Participant4_RS_SlSl,Endomorph,Normal,slouch,1.0,0.0,0.0,-0.0484245023597221,51.91325925871463,0.0895226866031286,1
798,26.6,Participant4_RS_SlSl,Endomorph,Normal,slouch,1.0,0.0,0.0,-0.0581271647874364,48.38927725576266,0.0636317798919693,1
799,26.633333333333333,Participant4_RS_SlSl,Endomorph,Normal,slouch,1.0,0.0,0.0,-0.0421613368458168,49.00531586453336,0.0655738748789113,1
800,26.666666666666668,Participant4_RS_SlSl,Endomorph,Normal,slouch,1.0,0.0,0.0,-0.0696637104070352,49.68950212833443,0.0476802449171998,1
801,26.7,Participant4_RS_SlSl,Endomorph,Normal,slouch,1.0,0.0,0.0,-0.0308256111828897,51.34972445032027,0.0926627653604405,1
802,26.73333333333333,Participant4_RS_SlSl,Endomorph,Normal,slouch,1.0,0.0,0.0,-0.0517432258808433,51.35422193138971,0.0922678240206022,1
803,26.766666666666666,Participant4_RS_SlSl,Endomorph,Normal,slouch,1.0,0.0,0.0,-0.0880894929438932,48.51648145197533,0.0587598353484797,1
804,26.8,Participant4_RS_SlSl,Endomorph,Normal,slouch,1.0,0.0,0.0,-0.0617035585347606,48.92253025642066,0.0511312041237009,1
805,26.83333333333333,Participant4_RS_SlSl,Endomorph,Normal,slouch,1.0,0.0,0.0,-0.0400291654669797,49.2080981521036,0.0493388190796336,1
806,26.866666666666667,Participant4_RS_SlSl,Endomorph,Normal,slouch,1.0,0.0,0.0,-0.0411847910324437,48.73495909457526,0.0473177133617346,1
807,26.9,Participant4_RS_SlSl,Endomorph,Normal,slouch,1.0,0.0,0.0,-0.0278227908282472,49.35752520695763,0.1255202751851129,1
808,26.933333333333334,Participant4_RS_SlSl,Endomorph,Normal,slouch,1.0,0.0,0.0,-0.0225015225017503,49.35149000019608,0.1285806194591572,1
809,26.966666666666665,Participant4_RS_SlSl,Endomorph,Normal,slouch,1.0,0.0,0.0,-0.0387919250753534,51.70172028239463,0.0691872860326906,1
810,27.0,Participant4_RS_SlSl,Endomorph,Normal,slouch,1.0,0.0,0.0,-0.05701740678822,50.277790944770295,0.0829876190998806,1
811,27.03333333333333,Participant4_RS_SlSl,Endomorph,Normal,slouch,1.0,0.0,0.0,-0.0325580877282501,50.64455602737692,0.085280345866685,1
812,27.066666666666663,Participant4_RS_SlSl,Endomorph,Normal,slouch,1.0,0.0,0.0,-0.0527454155248152,48.48763717822536,0.0612132760034117,1
813,27.1,Participant4_RS_SlSl,Endomorph,Normal,slouch,1.0,0.0,0.0,-0.0442360120044362,51.86660433537183,0.0886512320602704,1
814,27.133333333333333,Participant4_RS_SlSl,Endomorph,Normal,slouch,1.0,0.0,0.0,-0.0455051459062231,48.59585576004336,0.0569917441580264,1
815,27.166666666666668,Participant4_RS_SlSl,Endomorph,Normal,slouch,1.0,0.0,0.0,-0.0472083209804171,48.343819890994354,0.0513462565128996,1
816,27.2,Participant4_RS_SlSl,Endomorph,Normal,slouch,1.0,0.0,0.0,-0.0310243701585087,52.516114821025226,0.0895406692202882,1
817,27.23333333333333,Participant4_RS_SlSl,Endomorph,Normal,slouch,1.0,0.0,0.0,-0.0495221350682015,51.82901064092797,0.0847853826826902,1
818,27.266666666666666,Participant4_RS_SlSl,Endomorph,Normal,slouch,1.0,0.0,0.0,-0.0377721809420386,51.9336607975144,0.0730420770205787,1
819,27.3,Participant4_RS_SlSl,Endomorph,Normal,slouch,1.0,0.0,0.0,-0.0598820895911615,47.98588866595424,0.0637639826939622,1
820,27.33333333333333,Participant4_RS_SlSl,Endomorph,Normal,slouch,1.0,0.0,0.0,-0.0479020604174666,51.927438429734224,0.0534392622219155,1
821,27.366666666666667,Participant4_RS_SlSl,Endomorph,Normal,slouch,1.0,0.0,0.0,-0.0427603087580004,52.08383368722971,0.0686454668496428,1
822,27.4,Participant4_RS_SlSl,Endomorph,Normal,slouch,1.0,0.0,0.0,-0.0449319993223543,51.91693858132246,0.0790216489859457,1
823,27.433333333333334,Participant4_RS_SlSl,Endomorph,Normal,slouch,1.0,0.0,0.0,-0.0504746442617627,51.146382274907126,0.0528132167406492,1
824,27.466666666666665,Participant4_RS_SlSl,Endomorph,Normal,slouch,1.0,0.0,0.0,-0.0518794161356118,51.14446328076685,0.0742229402542198,1
825,27.5,Participant4_RS_SlSl,Endomorph,Normal,slouch,1.0,0.0,0.0,-0.012012937241454,52.9749195282729,0.109409145097344,1
826,27.53333333333333,Participant4_RS_SlSl,Endomorph,Normal,slouch,1.0,0.0,0.0,-0.0005858396064778,53.82924806338426,0.1445953499404681,1
827,27.566666666666663,Participant4_RS_SlSl,Endomorph,Normal,slouch,1.0,0.0,0.0,-0.027301965060066,52.18748095753594,0.0788680204104502,1
828,27.6,Participant4_RS_SlSl,Endomorph,Normal,slouch,1.0,0.0,0.0,-0.0477417656573882,51.11568654625961,0.0563796731911784,1
829,27.633333333333333,Participant4_RS_SlSl,Endomorph,Normal,slouch,1.0,0.0,0.0,-0.0500635055693943,48.36399434059539,0.0524070642061073,1
830,27.666666666666668,Participant4_RS_SlSl,Endomorph,Normal,slouch,1.0,0.0,0.0,-0.0457005843965732,52.42794455094599,0.0709109410441462,1
831,27.7,Participant4_RS_SlSl,Endomorph,Normal,slouch,1.0,0.0,0.0,-0.0604051611443895,48.90645185771182,0.0508785913712777,1
832,27.73333333333333,Participant4_RS_SlSl,Endomorph,Normal,slouch,1.0,0.0,0.0,-0.0398881726116081,51.6027117279689,0.0619965222274949,1
833,27.766666666666666,Participant4_RS_SlSl,Endomorph,Normal,slouch,1.0,0.0,0.0,-0.081966337443536,48.01048970268126,0.0430596300868783,1
834,27.8,Participant4_RS_SlSl,Endomorph,Normal,slouch,1.0,0.0,0.0,-0.0573884182038976,51.42757596465024,0.0565669918017127,1
835,27.83333333333333,Participant4_RS_SlSl,Endomorph,Normal,slouch,1.0,0.0,0.0,-0.05183021686107,52.35538223030677,0.0570971972015826,1
836,27.866666666666667,Participant4_RS_SlSl,Endomorph,Normal,slouch,1.0,0.0,0.0,-0.055137857186322,48.07838875754952,0.0517828401407371,1
837,27.9,Participant4_RS_SlSl,Endomorph,Normal,slouch,1.0,0.0,0.0,-0.0642202136341394,51.046545842681816,0.061091787598093,1
838,27.933333333333334,Participant4_RS_SlSl,Endomorph,Normal,slouch,1.0,0.0,0.0,-0.0505913800431145,51.25143946508753,0.0384646295770054,1
839,27.966666666666665,Participant4_RS_SlSl,Endomorph,Normal,slouch,1.0,0.0,0.0,-0.059635013408397,51.28372187254508,0.0541117872472457,1
840,28.0,Participant4_RS_SlSl,Endomorph,Normal,slouch,1.0,0.0,0.0,-0.0610232568277872,51.23210258217785,0.0514224977157177,1
841,28.03333333333333,Participant4_RS_SlSl,Endomorph,Normal,slouch,1.0,0.0,0.0,-0.0787504201373719,48.921093048297706,0.0578002816507855,1
842,28.066666666666663,Participant4_RS_SlSl,Endomorph,Normal,slouch,1.0,0.0,0.0,-0.0448509700271829,51.53629697036733,0.082195805465733,1
843,28.1,Participant4_RS_SlSl,Endomorph,Normal,slouch,1.0,0.0,0.0,-0.0277125065250863,50.41252090916534,0.1045521709628477,1
844,28.133333333333333,Participant4_RS_SlSl,Endomorph,Normal,slouch,1.0,0.0,0.0,-0.0331846563198443,51.31507003815445,0.0503739610419972,1
845,28.166666666666668,Participant4_RS_SlSl,Endomorph,Normal,slouch,1.0,0.0,0.0,-0.0453692583979331,50.933445364849234,0.0595969342833187,1
846,28.2,Participant4_RS_SlSl,Endomorph,Normal,slouch,1.0,0.0,0.0,-0.0792471978011957,51.8203275505565,0.0821460119094047,1
847,28.23333333333333,Participant4_RS_SlSl,Endomorph,Normal,slouch,1.0,0.0,0.0,-0.0283398413168327,51.78888861069874,0.0688199207832621,1
848,28.266666666666666,Participant4_RS_SlSl,Endomorph,Normal,slouch,1.0,0.0,0.0,-0.0364232711998284,51.48328979181082,0.0770630133091914,1
849,28.3,Participant4_RS_SlSl,Endomorph,Normal,slouch,1.0,0.0,0.0,-0.0383079226981747,52.814649081876986,0.0975776471982158,1
850,28.33333333333333,Participant4_RS_SlSl,Endomorph,Normal,slouch,1.0,0.0,0.0,-0.0550675632508874,49.14028447723351,0.048490101107478,1
851,28.366666666666667,Participant4_RS_SlSl,Endomorph,Normal,slouch,1.0,0.0,0.0,-0.0197061188343528,52.56965765898326,0.0804453487691996,1
852,28.4,Participant4_RS_SlSl,Endomorph,Normal,slouch,1.0,0.0,0.0,-0.0368274606632622,50.9422601059149,0.101243964761504,1
853,28.433333333333334,Participant4_RS_SlSl,Endomorph,Normal,slouch,1.0,0.0,0.0,-0.0561459092804136,49.14962286651844,0.0570642928113492,1
854,28.466666666666665,Participant4_RS_SlSl,Endomorph,Normal,slouch,1.0,0.0,0.0,-0.0655435898798927,50.14537340338604,0.0778934248330098,1
855,28.5,Participant4_RS_SlSl,Endomorph,Normal,slouch,1.0,0.0,0.0,-0.129463984576742,49.53221159374172,0.1130975254375388,1
856,28.53333333333333,Participant4_RS_SlSl,Endomorph,Normal,slouch,1.0,0.0,0.0,-0.0415170587705845,52.36463721285296,0.0620707947554853,1
857,28.566666666666663,Participant4_RS_SlSl,Endomorph,Normal,slouch,1.0,0.0,0.0,-0.056066591092627,53.06251022413401,0.0662298870278847,1
858,28.6,Participant4_RS_SlSl,Endomorph,Normal,slouch,1.0,0.0,0.0,-0.0549666324590475,52.71158545898622,0.0610574436521249,1
859,28.633333333333333,Participant4_RS_SlSl,Endomorph,Normal,slouch,1.0,0.0,0.0,-0.0442699250603608,50.76591469826857,0.0654176669444217,1
860,28.666666666666668,Participant4_RS_SlSl,Endomorph,Normal,slouch,1.0,0.0,0.0,-0.0343381051586755,50.75834225410904,0.0568918288918692,1
861,28.7,Participant4_RS_SlSl,Endomorph,Normal,slouch,1.0,0.0,0.0,-0.0584508705289452,52.0052830203309,0.0767826818798717,1
862,28.73333333333333,Participant4_RS_SlSl,Endomorph,Normal,slouch,1.0,0.0,0.0,-0.0320249278279228,50.25603240290147,0.1019841662547169,1
863,28.766666666666666,Participant4_RS_SlSl,Endomorph,Normal,slouch,1.0,0.0,0.0,-0.0348207470167407,50.61374493843493,0.0576465620682544,1
864,28.8,Participant4_RS_SlSl,Endomorph,Normal,slouch,1.0,0.0,0.0,-0.0204880050914649,50.42270544321506,0.1054484621766343,1
865,28.83333333333333,Participant4_RS_SlSl,Endomorph,Normal,slouch,1.0,0.0,0.0,-0.0463992944068554,51.62085564504141,0.0609747159236899,1
866,28.866666666666667,Participant4_RS_SlSl,Endomorph,Normal,slouch,1.0,0.0,0.0,-0.0411430914258782,51.71159498134665,0.0863414333979567,1
867,28.9,Participant4_RS_SlSl,Endomorph,Normal,slouch,1.0,0.0,0.0,-0.0371975672245679,51.97677014916094,0.0734677951819949,1
868,28.933333333333334,Participant4_RS_SlSl,Endomorph,Normal,slouch,1.0,0.0,0.0,-0.0335283224421784,52.69632819820726,0.0569098912763017,1
869,28.966666666666665,Participant4_RS_SlSl,Endomorph,Normal,slouch,1.0,0.0,0.0,-0.0385869528696591,51.17260450688591,0.0641237864831413,1
870,29.0,Participant4_RS_SlSl,Endomorph,Normal,slouch,1.0,0.0,0.0,-0.0266504666823768,49.71035229088687,0.097759153649915,1
871,29.03333333333333,Participant4_RS_SlSl,Endomorph,Normal,slouch,1.0,0.0,0.0,-0.0247309436504067,51.2741500836984,0.116417128029346,1
872,29.066666666666663,Participant4_RS_SlSl,Endomorph,Normal,slouch,1.0,0.0,0.0,-0.0326961838558379,52.20158537148491,0.1044556482023011,1
873,29.1,Participant4_RS_SlSl,Endomorph,Normal,slouch,1.0,0.0,0.0,-0.0470037928734981,52.31388729515013,0.0865321113909502,1
874,29.133333333333333,Participant4_RS_SlSl,Endomorph,Normal,slouch,1.0,0.0,0.0,-0.0414719307837148,51.77652192727359,0.1250576843228804,1
875,29.166666666666668,Participant4_RS_SlSl,Endomorph,Normal,slouch,1.0,0.0,0.0,-0.03375210516566,51.09720337717041,0.1017388761095446,1
876,29.2,Participant4_RS_SlSl,Endomorph,Normal,slouch,1.0,0.0,0.0,-0.0396461784233325,53.410411560818766,0.0561565387710303,1
877,29.23333333333333,Participant4_RS_SlSl,Endomorph,Normal,slouch,1.0,0.0,0.0,-0.0078826450634522,51.8911571913156,0.1194358114466457,1
878,29.266666666666666,Participant4_RS_SlSl,Endomorph,Normal,slouch,1.0,0.0,0.0,-0.0030333238522565,52.96609785990651,0.1397838608677584,1
879,29.3,Participant4_RS_SlSl,Endomorph,Normal,slouch,1.0,0.0,0.0,-0.0400747522057879,50.984247231439326,0.1107619450286994,1
880,29.33333333333333,Participant4_RS_SlSl,Endomorph,Normal,slouch,1.0,0.0,0.0,-0.0354916301610972,49.735778384325535,0.0687211977198939,1
881,29.366666666666667,Participant4_RS_SlSl,Endomorph,Normal,slouch,1.0,0.0,0.0,0.0044492459985087,51.54741087776485,0.1235757763222062,1
882,29.4,Participant4_RS_SlSl,Endomorph,Normal,slouch,1.0,0.0,0.0,-0.0311275671715622,51.282798205060885,0.0851062230125488,1
883,29.433333333333334,Participant4_RS_SlSl,Endomorph,Normal,slouch,1.0,0.0,0.0,-0.0375411608519243,53.3316510894392,0.1150699641642435,1
884,29.466666666666665,Participant4_RS_SlSl,Endomorph,Normal,slouch,1.0,0.0,0.0,-0.0425945951013104,52.055727630434575,0.1025187477170996,1
885,29.5,Participant4_RS_SlSl,Endomorph,Normal,slouch,1.0,0.0,0.0,-0.0283415773800072,53.1044926046406,0.1107987419970312,1
886,29.53333333333333,Participant4_RS_SlSl,Endomorph,Normal,slouch,1.0,0.0,0.0,-0.0385113891400134,51.04973796992319,0.1204015984781029,1
887,29.566666666666663,Participant4_RS_SlSl,Endomorph,Normal,slouch,1.0,0.0,0.0,-0.0408840386137027,53.2700648162659,0.0860927427217486,1
888,29.6,Participant4_RS_SlSl,Endomorph,Normal,slouch,1.0,0.0,0.0,-0.0374061483229568,52.18334769088904,0.1243066987021455,1
889,29.633333333333333,Participant4_RS_SlSl,Endomorph,Normal,slouch,1.0,0.0,0.0,-0.0266780628831618,52.55973407975597,0.1026993418926814,1
890,29.666666666666668,Participant4_RS_SlSl,Endomorph,Normal,slouch,1.0,0.0,0.0,-0.0474474059412882,52.66494480775909,0.0635651629802917,1
891,29.7,Participant4_RS_SlSl,Endomorph,Normal,slouch,1.0,0.0,0.0,-0.0515972169254882,51.41227873113265,0.1007539990108661,1
892,29.73333333333333,Participant4_RS_SlSl,Endomorph,Normal,slouch,1.0,0.0,0.0,-0.0351299625417648,53.95039919147863,0.0800557325779899,1
893,29.766666666666666,Participant4_RS_SlSl,Endomorph,Normal,slouch,1.0,0.0,0.0,-0.0442086379789483,52.94034086932864,0.1115533349368316,1
894,29.8,Participant4_RS_SlSl,Endomorph,Normal,slouch,1.0,0.0,0.0,-0.0301428784818775,53.44426464450519,0.0531256597790737,1
895,29.83333333333333,Participant4_RS_SlSl,Endomorph,Normal,slouch,1.0,0.0,0.0,-0.0498854183842558,52.67973486164672,0.0644768327969105,1
896,29.866666666666667,Participant4_RS_SlSl,Endomorph,Normal,slouch,1.0,0.0,0.0,-0.0510875031593036,49.568312820016935,0.1076381651665682,1
897,29.9,Participant4_RS_SlSl,Endomorph,Normal,slouch,1.0,0.0,0.0,-0.0477421553012631,51.86074780044761,0.1145826407279122,1
898,29.933333333333334,Participant4_RS_SlSl,Endomorph,Normal,slouch,1.0,0.0,0.0,-0.0497548582276683,50.56440416343131,0.1036818271979658,1
899,29.966666666666665,Participant4_RS_SlSl,Endomorph,Normal,slouch,1.0,0.0,0.0,-0.0471231832107392,52.74844076506564,0.0803792561062782,1
900,30.0,Participant4_RS_SlSl,Endomorph,Normal,slouch,1.0,0.0,0.0,-0.0462316815401759,52.31054488933258,0.0856205084262611,1
901,30.03333333333333,Participant4_RS_SlSl,Endomorph,Normal,slouch,1.0,0.0,0.0,-0.0274438118109652,53.35924134527165,0.0702320273499342,1
902,30.066666666666663,Participant4_RS_SlSl,Endomorph,Normal,slouch,1.0,0.0,0.0,-0.0430131090370295,50.16484795311032,0.125784808179939,1
903,30.1,Participant4_RS_SlSl,Endomorph,Normal,slouch,1.0,0.0,0.0,-0.0573321010529123,51.95912986125765,0.0938503787151668,1
904,30.133333333333333,Participant4_RS_SlSl,Endomorph,Normal,slouch,1.0,0.0,0.0,-0.0387253352195499,50.28232368499761,0.094343555300305,1
905,30.166666666666668,Participant4_RS_SlSl,Endomorph,Normal,slouch,1.0,0.0,0.0,-0.0787745621083215,50.017906053752526,0.0473518015268294,1
906,30.2,Participant4_RS_SlSl,Endomorph,Normal,slouch,1.0,0.0,0.0,-0.0510090687244045,50.60417564000981,0.1137383842169704,1
907,30.23333333333333,Participant4_RS_SlSl,Endomorph,Normal,slouch,1.0,0.0,0.0,-0.0129748838293853,50.9823897578362,0.1217583866593186,1
908,30.266666666666666,Participant4_RS_SlSl,Endomorph,Normal,slouch,1.0,0.0,0.0,-0.0638011074882962,50.450149211453535,0.0974066564647096,1
909,30.3,Participant4_RS_SlSl,Endomorph,Normal,slouch,1.0,0.0,0.0,-0.0386363705760872,52.29044472075949,0.1022415076657773,1
910,30.33333333333333,Participant4_RS_SlSl,Endomorph,Normal,slouch,1.0,0.0,0.0,-0.0376933790678742,50.107489876351686,0.1245587702408845,1
911,30.366666666666667,Participant4_RS_SlSl,Endomorph,Normal,slouch,1.0,0.0,0.0,-0.0512133678033782,52.01878275342585,0.0578072180365909,1
912,30.4,Participant4_RS_SlSl,Endomorph,Normal,slouch,1.0,0.0,0.0,-0.056492307254071,52.98429449587843,0.058431134742788,1
913,30.433333333333334,Participant4_RS_SlSl,Endomorph,Normal,slouch,1.0,0.0,0.0,-0.057308325665501,51.85756346213045,0.0351422294057392,1
914,30.466666666666665,Participant4_RS_SlSl,Endomorph,Normal,slouch,1.0,0.0,0.0,-0.0461959228204578,51.631633833863205,0.0309023531409137,1
915,30.5,Participant4_RS_SlSl,Endomorph,Normal,slouch,1.0,0.0,0.0,-0.0607020800345295,51.17399956487052,0.0283204831897505,1
916,30.53333333333333,Participant4_RS_SlSl,Endomorph,Normal,slouch,1.0,0.0,0.0,-0.0316924818676013,51.71844183778976,0.1104425536658332,1
917,30.566666666666663,Participant4_RS_SlSl,Endomorph,Normal,slouch,1.0,0.0,0.0,-0.0501605745906862,51.10070305477909,0.0974529463323996,1
918,30.6,Participant4_RS_SlSl,Endomorph,Normal,slouch,1.0,0.0,0.0,-0.0468678604293761,49.48976147879826,0.1100132402938549,1
919,30.633333333333333,Participant4_RS_SlSl,Endomorph,Normal,slouch,1.0,0.0,0.0,-0.0459111007381872,50.60507782364753,0.09448695548425,1
920,30.666666666666668,Participant4_RS_SlSl,Endomorph,Normal,slouch,1.0,0.0,0.0,-0.0538091818876227,51.780198017283794,0.0771139881228636,1
921,30.7,Participant4_RS_SlSl,Endomorph,Normal,slouch,1.0,0.0,0.0,-0.0353250846659597,53.94853898494095,0.0723100901203308,1
922,30.73333333333333,Participant4_RS_SlSl,Endomorph,Normal,slouch,1.0,0.0,0.0,-0.0363105956984793,51.100128425248606,0.1058712399549199,1
923,30.766666666666666,Participant4_RS_SlSl,Endomorph,Normal,slouch,1.0,0.0,0.0,-0.0445047270458482,51.18960485445679,0.1012724903334035,1
924,30.8,Participant4_RS_SlSl,Endomorph,Normal,slouch,1.0,0.0,0.0,-0.024481844849023,55.263463697717455,0.0734966842574056,1
925,30.83333333333333,Participant4_RS_SlSl,Endomorph,Normal,slouch,1.0,0.0,0.0,-0.0330949785974806,53.03246460409004,0.1168604202751423,1
926,30.866666666666667,Participant4_RS_SlSl,Endomorph,Normal,slouch,1.0,0.0,0.0,-0.0435601008947159,52.41870571576149,0.0804947544754461,1
927,30.9,Participant4_RS_SlSl,Endomorph,Normal,slouch,1.0,0.0,0.0,-0.0475744632215376,53.47440823878113,0.1056616227159962,1
928,30.933333333333334,Participant4_RS_SlSl,Endomorph,Normal,slouch,1.0,0.0,0.0,-0.0684458885426321,52.032876048272094,0.1029182071012637,1
929,30.966666666666665,Participant4_RS_SlSl,Endomorph,Normal,slouch,1.0,0.0,0.0,-0.0546673964271919,53.31032611645368,0.0573487285963006,1
930,31.0,Participant4_RS_SlSl,Endomorph,Normal,slouch,1.0,0.0,0.0,-0.0494995712182399,52.62496798995795,0.0979377920997959,1
931,31.03333333333333,Participant4_RS_SlSl,Endomorph,Normal,slouch,1.0,0.0,0.0,-0.0404110429701258,54.26572628592006,0.1380348868785541,1
932,31.066666666666663,Participant4_RS_SlSl,Endomorph,Normal,slouch,1.0,0.0,0.0,-0.0779123495714814,53.87828704331799,0.0569075067532059,1
933,31.1,Participant4_RS_SlSl,Endomorph,Normal,slouch,1.0,0.0,0.0,-0.0727728022238336,51.739949656098055,0.0733041365435198,1
934,31.133333333333333,Participant4_RS_SlSl,Endomorph,Normal,slouch,1.0,0.0,0.0,-0.0497823289984219,53.51188396416593,0.0582937253313506,1
935,31.166666666666668,Participant4_RS_SlSl,Endomorph,Normal,slouch,1.0,0.0,0.0,-0.0460892847363029,53.50476485347259,0.0596851229815867,1
936,31.2,Participant4_RS_SlSl,Endomorph,Normal,slouch,1.0,0.0,0.0,-0.0356158214189728,52.72795683820341,0.0644335049804345,1
937,31.23333333333333,Participant4_RS_SlSl,Endomorph,Normal,slouch,1.0,0.0,0.0,-0.0340335225081518,53.22285923742045,0.0317386250841067,1
938,31.266666666666666,Participant4_RS_SlSl,Endomorph,Normal,slouch,1.0,0.0,0.0,-0.0466606294259802,53.317892009919575,0.0235444313577489,1
939,31.3,Participant4_RS_SlSl,Endomorph,Normal,slouch,1.0,0.0,0.0,-0.0820984075466024,50.96411061369035,0.0278701897331431,1
940,31.33333333333333,Participant4_RS_SlSl,Endomorph,Normal,slouch,1.0,0.0,0.0,-0.0549623986104311,52.69523964817883,0.0459745392063925,1
941,31.366666666666667,Participant4_RS_SlSl,Endomorph,Normal,slouch,1.0,0.0,0.0,-0.0607053460868819,53.19062482923346,0.0629809980389713,1
942,31.4,Participant4_RS_SlSl,Endomorph,Normal,slouch,1.0,0.0,0.0,-0.0834527548614416,50.954146115954266,0.0448573738642504,1
943,31.433333333333334,Participant4_RS_SlSl,Endomorph,Normal,slouch,1.0,0.0,0.0,-0.0724236794914018,50.60416006691581,0.0437681637921808,1
944,31.466666666666665,Participant4_RS_SlSl,Endomorph,Normal,slouch,1.0,0.0,0.0,-0.0681156188605078,48.53547998354374,0.0383172177865136,1
945,31.5,Participant4_RS_SlSl,Endomorph,Normal,slouch,1.0,0.0,0.0,-0.0796954908450493,49.9452568427966,0.0397372722254527,1
946,31.53333333333333,Participant4_RS_SlSl,Endomorph,Normal,slouch,1.0,0.0,0.0,-0.0609860478473363,50.32130709604235,0.0289835461544428,1
947,31.566666666666663,Participant4_RS_SlSl,Endomorph,Normal,slouch,1.0,0.0,0.0,-0.074001606482088,50.14343107148073,0.032330423678945,1
948,31.6,Participant4_RS_SlSl,Endomorph,Normal,slouch,1.0,0.0,0.0,-0.0493812334739017,52.46548477131675,0.0665374479672346,1
949,31.633333333333333,Participant4_RS_SlSl,Endomorph,Normal,slouch,1.0,0.0,0.0,-0.0620755202003859,52.81340396658497,0.050965226862225,1
950,31.666666666666668,Participant4_RS_SlSl,Endomorph,Normal,slouch,1.0,0.0,0.0,-0.0880576553077057,51.698147205321206,0.0355161408283421,1
951,31.7,Participant4_RS_SlSl,Endomorph,Normal,slouch,1.0,0.0,0.0,-0.0722201015185572,49.82145260819804,0.0551445907039719,1
952,31.73333333333333,Participant4_RS_SlSl,Endomorph,Normal,slouch,1.0,0.0,0.0,-0.0611519830524102,49.72927679851844,0.0408425423787163,1
953,31.766666666666666,Participant4_RS_SlSl,Endomorph,Normal,slouch,1.0,0.0,0.0,-0.0473436189460362,52.44602958402057,0.049806262247169,1
954,31.8,Participant4_RS_SlSl,Endomorph,Normal,slouch,1.0,0.0,0.0,-0.0465642980993241,54.23184194505247,0.044450145003748,1
955,31.83333333333333,Participant4_RS_SlSl,Endomorph,Normal,slouch,1.0,0.0,0.0,-0.0545117347074238,52.56984209303764,0.061474218557987,1
956,31.866666666666667,Participant4_RS_SlSl,Endomorph,Normal,slouch,1.0,0.0,0.0,-0.0654819202496971,52.46244871231542,0.0433820160907466,1
957,31.9,Participant4_RS_SlSl,Endomorph,Normal,slouch,1.0,0.0,0.0,-0.0529312052230817,53.23105021787331,0.0361367777540993,1
958,31.933333333333334,Participant4_RS_SlSl,Endomorph,Normal,slouch,1.0,0.0,0.0,-0.051503871239619,52.16520977676166,0.0563327304024956,1
959,31.966666666666665,Participant4_RS_SlSl,Endomorph,Normal,slouch,1.0,0.0,0.0,-0.0644273473774473,52.2885846395898,0.0292746889437136,1
960,32.0,Participant4_RS_SlSl,Endomorph,Normal,slouch,1.0,0.0,0.0,-0.0580463821614523,52.45953783750948,0.0296359646598227,1
961,32.03333333333333,Participant4_RS_SlSl,Endomorph,Normal,slouch,1.0,0.0,0.0,-0.0497915036846285,54.84354751837488,0.0984192924705686,1
962,32.06666666666667,Participant4_RS_SlSl,Endomorph,Normal,slouch,1.0,0.0,0.0,-0.022280975884497,54.08670852922684,0.1386035767855132,1
963,32.1,Participant4_RS_SlSl,Endomorph,Normal,slouch,1.0,0.0,0.0,-0.0541254247714534,55.46315634953103,0.1019778175214722,1
964,32.13333333333333,Participant4_RS_SlSl,Endomorph,Normal,slouch,1.0,0.0,0.0,-0.0341910308823392,52.92757652666106,0.0592976199576288,1
965,32.166666666666664,Participant4_RS_SlSl,Endomorph,Normal,slouch,1.0,0.0,0.0,-0.0374252791953735,53.354858767736914,0.0497015721539362,1
966,32.2,Participant4_RS_SlSl,Endomorph,Normal,slouch,1.0,0.0,0.0,-0.0568968791559433,52.39028602009399,0.0372018155724665,1
967,32.233333333333334,Participant4_RS_SlSl,Endomorph,Normal,slouch,1.0,0.0,0.0,-0.0584087487306001,53.33033974145916,0.0437697212359661,1
968,32.266666666666666,Participant4_RS_SlSl,Endomorph,Normal,slouch,1.0,0.0,0.0,-0.0310062192712725,52.61162698551334,0.0728910864910142,1
969,32.3,Participant4_RS_SlSl,Endomorph,Normal,slouch,1.0,0.0,0.0,-0.0502659182055534,51.49225692392877,0.1024663610250693,1
970,32.333333333333336,Participant4_RS_SlSl,Endomorph,Normal,slouch,1.0,0.0,0.0,-0.0467907083712917,53.324288494870224,0.0521821239449139,1
971,32.36666666666667,Participant4_RS_SlSl,Endomorph,Normal,slouch,1.0,0.0,0.0,-0.0434608694848411,52.8856870139522,0.0640678153926111,1
972,32.4,Participant4_RS_SlSl,Endomorph,Normal,slouch,1.0,0.0,0.0,-0.0445492260357959,53.40764741852924,0.0835210668328198,1
973,32.43333333333333,Participant4_RS_SlSl,Endomorph,Normal,slouch,1.0,0.0,0.0,-0.0560254822717576,53.59009200931656,0.0505638716759788,1
974,32.46666666666667,Participant4_RS_SlSl,Endomorph,Normal,slouch,1.0,0.0,0.0,-0.0526323527550537,52.52643936579437,0.0769704057983252,1
975,32.5,Participant4_RS_SlSl,Endomorph,Normal,slouch,1.0,0.0,0.0,-0.0777624982105861,50.05732121161592,0.0521780593237195,1
976,32.53333333333333,Participant4_RS_SlSl,Endomorph,Normal,slouch,1.0,0.0,0.0,-0.0755083040759129,50.03909621506873,0.054667069441212,1
977,32.56666666666667,Participant4_RS_SlSl,Endomorph,Normal,slouch,1.0,0.0,0.0,-0.0567356659586328,50.97592585355686,0.0756600905672233,1
978,32.6,Participant4_RS_SlSl,Endomorph,Normal,slouch,1.0,0.0,0.0,-0.0405691119168419,52.90246323549829,0.0431325554769616,1
979,32.63333333333333,Participant4_RS_SlSl,Endomorph,Normal,slouch,1.0,0.0,0.0,-0.034420345759481,53.5168626804802,0.0500442342407064,1
980,32.666666666666664,Participant4_RS_SlSl,Endomorph,Normal,slouch,1.0,0.0,0.0,-0.0490345023201884,52.2708746320819,0.0671994598357922,1
981,32.7,Participant4_RS_SlSl,Endomorph,Normal,slouch,1.0,0.0,0.0,-0.0506325938347232,51.5705613807243,0.0680818856026723,1
982,32.733333333333334,Participant4_RS_SlSl,Endomorph,Normal,slouch,1.0,0.0,0.0,-0.0706860902659007,51.11773229589316,0.0664055215453783,1
983,32.766666666666666,Participant4_RS_SlSl,Endomorph,Normal,slouch,1.0,0.0,0.0,-0.0882852424013325,51.34118565547054,0.0918370507207718,1
984,32.8,Participant4_RS_SlSl,Endomorph,Normal,slouch,1.0,0.0,0.0,-0.0552538135328731,51.24506137968304,0.0538138760080799,1
985,32.833333333333336,Participant4_RS_SlSl,Endomorph,Normal,slouch,1.0,0.0,0.0,-0.0699147514562298,51.75869594151951,0.0618274079072405,1
986,32.86666666666667,Participant4_RS_SlSl,Endomorph,Normal,slouch,1.0,0.0,0.0,-0.075752017012065,52.45020641663741,0.0531995055020855,1
987,32.9,Participant4_RS_SlSl,Endomorph,Normal,slouch,1.0,0.0,0.0,-0.0827229089599089,51.274781999651616,0.0797974778055084,1
988,32.93333333333333,Participant4_RS_SlSl,Endomorph,Normal,slouch,1.0,0.0,0.0,-0.0560792239380643,51.97049259554469,0.0704337940025344,1
989,32.96666666666667,Participant4_RS_SlSl,Endomorph,Normal,slouch,1.0,0.0,0.0,-0.0400175251888093,51.341069749266026,0.0747320801814154,1
990,33.0,Participant4_RS_SlSl,Endomorph,Normal,slouch,1.0,0.0,0.0,-0.0262165668538558,53.609219203383525,0.149505964359056,1
991,33.03333333333333,Participant4_RS_SlSl,Endomorph,Normal,slouch,1.0,0.0,0.0,-0.0334719030277776,50.79954175075788,0.1084704555283039,1
992,33.06666666666667,Participant4_RS_SlSl,Endomorph,Normal,slouch,1.0,0.0,0.0,-0.0426657105188991,51.04059681819124,0.1031304727788552,1
993,33.1,Participant4_RS_SlSl,Endomorph,Normal,slouch,1.0,0.0,0.0,-0.0371302026600267,52.49127064313441,0.1179964174150837,1
994,33.13333333333333,Participant4_RS_SlSl,Endomorph,Normal,slouch,1.0,0.0,0.0,-0.0497296517436674,53.35815525005484,0.0614139305234161,1
995,33.166666666666664,Participant4_RS_SlSl,Endomorph,Normal,slouch,1.0,0.0,0.0,-0.0576071574522492,53.08585475956083,0.0667621205780416,1
996,33.2,Participant4_RS_SlSl,Endomorph,Normal,slouch,1.0,0.0,0.0,-0.0349893888205193,52.030332841053,0.1142644831394406,1
997,33.233333333333334,Participant4_RS_SlSl,Endomorph,Normal,slouch,1.0,0.0,0.0,-0.0563533260751976,52.1643660587069,0.1132522773299814,1
998,33.266666666666666,Participant4_RS_SlSl,Endomorph,Normal,slouch,1.0,0.0,0.0,-0.0316445843790736,52.97070857871272,0.0814244252463105,1
999,33.3,Participant4_RS_SlSl,Endomorph,Normal,slouch,1.0,0.0,0.0,-0.0303194699836447,53.28030500049936,0.0744478441506071,1
1000,33.333333333333336,Participant4_RS_SlSl,Endomorph,Normal,slouch,1.0,0.0,0.0,-0.0617261672019902,49.76577679732564,0.0404158954046679,1
1001,33.36666666666667,Participant4_RS_SlSl,Endomorph,Normal,slouch,1.0,0.0,0.0,-0.0575885906445126,53.36628706442834,0.0642890825153513,1
1002,33.4,Participant4_RS_SlSl,Endomorph,Normal,slouch,1.0,0.0,0.0,-0.063237342872138,51.90002821973172,0.1244329359575064,1
1003,33.43333333333333,Participant4_RS_SlSl,Endomorph,Normal,slouch,1.0,0.0,0.0,-0.0688860950997635,51.66020736611086,0.0838773330565558,1
1004,33.46666666666667,Participant4_RS_SlSl,Endomorph,Normal,slouch,1.0,0.0,0.0,-0.0625885404676355,51.13939545696287,0.0473612718765401,1
1005,33.5,Participant4_RS_SlSl,Endomorph,Normal,slouch,1.0,0.0,0.0,-0.0729997770058232,50.62364033292272,0.039896181560248,1
1006,33.53333333333333,Participant4_RS_SlSl,Endomorph,Normal,slouch,1.0,0.0,0.0,-0.0652452997345093,52.25803934661864,0.0646240339556987,1
1007,33.56666666666667,Participant4_RS_SlSl,Endomorph,Normal,slouch,1.0,0.0,0.0,-0.0375311631345289,52.82908154137934,0.0923641678333131,1
1008,33.6,Participant4_RS_SlSl,Endomorph,Normal,slouch,1.0,0.0,0.0,-0.0494790044133864,52.98282083436061,0.0646016775875289,1
1009,33.63333333333333,Participant4_RS_SlSl,Endomorph,Normal,slouch,1.0,0.0,0.0,-0.0508053857957008,53.36469455450784,0.071807458675848,1
1010,33.666666666666664,Participant4_RS_SlSl,Endomorph,Normal,slouch,1.0,0.0,0.0,-0.0472357020172422,51.58169607218985,0.063661725340062,1
1011,33.7,Participant4_RS_SlSl,Endomorph,Normal,slouch,1.0,0.0,0.0,-0.0452743531227333,52.50655203513484,0.0566698742643024,1
1012,33.733333333333334,Participant4_RS_SlSl,Endomorph,Normal,slouch,1.0,0.0,0.0,-0.0584479412826577,51.83851368583011,0.0608370837664835,1
1013,33.766666666666666,Participant4_RS_SlSl,Endomorph,Normal,slouch,1.0,0.0,0.0,-0.0926865006419088,50.235391618737125,0.0552682118505117,1
1014,33.8,Participant4_RS_SlSl,Endomorph,Normal,slouch,1.0,0.0,0.0,-0.0645340989636263,52.56651195230132,0.0650656960732047,1
1015,33.833333333333336,Participant4_RS_SlSl,Endomorph,Normal,slouch,1.0,0.0,0.0,-0.0550287306560415,51.724026915384805,0.0634640007967745,1
1016,33.86666666666667,Participant4_RS_SlSl,Endomorph,Normal,slouch,1.0,0.0,0.0,-0.0776911829104592,50.18164118751469,0.0447902600435902,1
1017,33.9,Participant4_RS_SlSl,Endomorph,Normal,slouch,1.0,0.0,0.0,-0.0819679109165208,50.78273330302994,0.0387566566852085,1
1018,33.93333333333333,Participant4_RS_SlSl,Endomorph,Normal,slouch,1.0,0.0,0.0,-0.0659659470671421,52.76805401430792,0.0765958733266485,1
1019,33.96666666666667,Participant4_RS_SlSl,Endomorph,Normal,slouch,1.0,0.0,0.0,-0.0820729745941117,50.286413789537214,0.0430397340900808,1
1020,34.0,Participant4_RS_SlSl,Endomorph,Normal,slouch,1.0,0.0,0.0,-0.0639871533298402,49.75210528147329,0.051521679498998,1
1021,34.03333333333333,Participant4_RS_SlSl,Endomorph,Normal,slouch,1.0,0.0,0.0,-0.0693814011136997,49.5716633642242,0.0496534069007125,1
1022,34.06666666666667,Participant4_RS_SlSl,Endomorph,Normal,slouch,1.0,0.0,0.0,-0.0707129920030314,50.25466275752124,0.0539078514333656,1
1023,34.1,Participant4_RS_SlSl,Endomorph,Normal,slouch,1.0,0.0,0.0,-0.0749375814276594,50.67923528174299,0.0449475654662246,1
1024,34.13333333333333,Participant4_RS_SlSl,Endomorph,Normal,slouch,1.0,0.0,0.0,-0.0628192557972291,52.75426157597576,0.0660112838127728,1
1025,34.166666666666664,Participant4_RS_SlSl,Endomorph,Normal,slouch,1.0,0.0,0.0,-0.052785367810973,52.00322725174578,0.0694945162933853,1
1026,34.2,Participant4_RS_SlSl,Endomorph,Normal,slouch,1.0,0.0,0.0,-0.0606202471448831,51.16789408249791,0.0451334626052531,1
1027,34.233333333333334,Participant4_RS_SlSl,Endomorph,Normal,slouch,1.0,0.0,0.0,-0.0516057865963983,53.49595849918762,0.0625580917102261,1
1028,34.266666666666666,Participant4_RS_SlSl,Endomorph,Normal,slouch,1.0,0.0,0.0,-0.0201396409069022,52.14379383569906,0.0996951240339314,1
1029,34.3,Participant4_RS_SlSl,Endomorph,Normal,slouch,1.0,0.0,0.0,-0.0513964749494163,53.08439900573798,0.0663667122187205,1
1030,34.333333333333336,Participant4_RS_SlSl,Endomorph,Normal,slouch,1.0,0.0,0.0,-0.0583446094381751,53.54875384110738,0.0811895234220493,1
1031,34.36666666666667,Participant4_RS_SlSl,Endomorph,Normal,slouch,1.0,0.0,0.0,-0.066867374122932,52.25037136693077,0.1178444368414392,1
1032,34.4,Participant4_RS_SlSl,Endomorph,Normal,slouch,1.0,0.0,0.0,-0.0428615145346254,53.56884595440157,0.0654692843194479,1
1033,34.43333333333333,Participant4_RS_SlSl,Endomorph,Normal,slouch,1.0,0.0,0.0,-0.0540708909412739,51.43444887199311,0.0500666050037027,1
1034,34.46666666666667,Participant4_RS_SlSl,Endomorph,Normal,slouch,1.0,0.0,0.0,-0.0522728655858221,52.567248508980825,0.079137705838766,1
1035,34.5,Participant4_RS_SlSl,Endomorph,Normal,slouch,1.0,0.0,0.0,-0.0307838707237942,53.3628412969538,0.0738243233853425,1
1036,34.53333333333333,Participant4_RS_SlSl,Endomorph,Normal,slouch,1.0,0.0,0.0,-0.0503833786777736,50.529660596188535,0.047649742658228,1
1037,34.56666666666667,Participant4_RS_SlSl,Endomorph,Normal,slouch,1.0,0.0,0.0,-0.0352089759985824,51.91157175825678,0.1084210608498244,1
1038,34.6,Participant4_RS_SlSl,Endomorph,Normal,slouch,1.0,0.0,0.0,-0.0391503302504114,51.13074205578218,0.1097837437980745,1
1039,34.63333333333333,Participant4_RS_SlSl,Endomorph,Normal,slouch,1.0,0.0,0.0,-0.0455388212542721,52.32777280993925,0.0839558915479908,1
1040,34.666666666666664,Participant4_RS_SlSl,Endomorph,Normal,slouch,1.0,0.0,0.0,-0.0406604662041488,51.1282362201502,0.0464171970449596,1
1041,34.7,Participant4_RS_SlSl,Endomorph,Normal,slouch,1.0,0.0,0.0,0.0002581956102575,52.90525851965401,0.0929322814250004,1
1042,34.733333333333334,Participant4_RS_SlSl,Endomorph,Normal,slouch,1.0,0.0,0.0,-0.0330458815980465,52.35022864567126,0.0445047672356258,1
1043,34.766666666666666,Participant4_RS_SlSl,Endomorph,Normal,slouch,1.0,0.0,0.0,-0.0527604658168041,51.594753363958056,0.0502139327447063,1
1044,34.8,Participant4_RS_SlSl,Endomorph,Normal,slouch,1.0,0.0,0.0,-0.0439860656706738,51.45805650801468,0.0588434537783238,1
1045,34.833333333333336,Participant4_RS_SlSl,Endomorph,Normal,slouch,1.0,0.0,0.0,-0.0669521774634177,51.5139791243842,0.0591500631283759,1
1046,34.86666666666667,Participant4_RS_SlSl,Endomorph,Normal,slouch,1.0,0.0,0.0,-0.0565879745246646,50.74784909254369,0.04627599175082,1
1047,34.9,Participant4_RS_SlSl,Endomorph,Normal,slouch,1.0,0.0,0.0,-0.0783615686775719,50.67769722035517,0.0465425057915511,1
1048,34.93333333333333,Participant4_RS_SlSl,Endomorph,Normal,slouch,1.0,0.0,0.0,-0.0874712647965489,52.65493008557426,0.080709598210021,1
1049,34.96666666666667,Participant4_RS_SlSl,Endomorph,Normal,slouch,1.0,0.0,0.0,-0.0948082100584126,50.92224900892661,0.0524405196662357,1
1050,35.0,Participant4_RS_SlSl,Endomorph,Normal,slouch,1.0,0.0,0.0,-0.0724547299025109,50.49183680490995,0.0434068754780235,1
1051,35.03333333333333,Participant4_RS_SlSl,Endomorph,Normal,slouch,1.0,0.0,0.0,-0.0676429020580862,50.83582977565066,0.0447281965543726,1
1052,35.06666666666667,Participant4_RS_SlSl,Endomorph,Normal,slouch,1.0,0.0,0.0,-0.114916407614945,48.97756726414815,0.0536209828905519,1
1053,35.1,Participant4_RS_SlSl,Endomorph,Normal,slouch,1.0,0.0,0.0,-0.0674481487375333,50.26891325690557,0.0496502677131977,1
1054,35.13333333333333,Participant4_RS_SlSl,Endomorph,Normal,slouch,1.0,0.0,0.0,-0.0646788838430464,50.98936994560994,0.1014801805964202,1
1055,35.166666666666664,Participant4_RS_SlSl,Endomorph,Normal,slouch,1.0,0.0,0.0,-0.1017385036256521,52.34931821016183,0.0807515767104085,1
1056,35.2,Participant4_RS_SlSl,Endomorph,Normal,slouch,1.0,0.0,0.0,-0.0745950449656952,52.29528153208821,0.0622310980688971,1
1057,35.233333333333334,Participant4_RS_SlSl,Endomorph,Normal,slouch,1.0,0.0,0.0,-0.0940540252810598,50.28232573045232,0.0478704162662877,1
1058,35.266666666666666,Participant4_RS_SlSl,Endomorph,Normal,slouch,1.0,0.0,0.0,-0.1013867319318594,49.34932702642313,0.0552775878452948,1
1059,35.3,Participant4_RS_SlSl,Endomorph,Normal,slouch,1.0,0.0,0.0,-0.1148375722572788,50.77397217472856,0.0504289123469795,1
1060,35.333333333333336,Participant4_RS_SlSl,Endomorph,Normal,slouch,1.0,0.0,0.0,-0.0901033871142059,50.61176415445093,0.048687089349855,1
1061,35.36666666666667,Participant4_RS_SlSl,Endomorph,Normal,slouch,1.0,0.0,0.0,-0.1306289276785496,51.24300388722857,0.050773212274514,1
1062,35.4,Participant4_RS_SlSl,Endomorph,Normal,slouch,1.0,0.0,0.0,-0.05956847605676,50.30816709923239,0.1238921774281878,1
1063,35.43333333333333,Participant4_RS_SlSl,Endomorph,Normal,slouch,1.0,0.0,0.0,-0.0553647734257389,52.38665968548184,0.0705317951254951,1
1064,35.46666666666667,Participant4_RS_SlSl,Endomorph,Normal,slouch,1.0,0.0,0.0,-0.0646255171441038,52.65846396259653,0.1125218736630949,1
1065,35.5,Participant4_RS_SlSl,Endomorph,Normal,slouch,1.0,0.0,0.0,-0.0676090303520797,51.3956119084823,0.1178939289476243,1
1066,35.53333333333333,Participant4_RS_SlSl,Endomorph,Normal,slouch,1.0,0.0,0.0,-0.083723106108374,50.58650353388644,0.0543150608309311,1
1067,35.56666666666667,Participant4_RS_SlSl,Endomorph,Normal,slouch,1.0,0.0,0.0,-0.0696421390349507,50.50343650286032,0.0505434289491803,1
1068,35.6,Participant4_RS_SlSl,Endomorph,Normal,slouch,1.0,0.0,0.0,-0.0855833932341262,52.76691994714916,0.053497683006768,1
1069,35.63333333333333,Participant4_RS_SlSl,Endomorph,Normal,slouch,1.0,0.0,0.0,-0.0829251565282247,50.0241283353612,0.0443023247657067,1
1070,35.666666666666664,Participant4_RS_SlSl,Endomorph,Normal,slouch,1.0,0.0,0.0,-0.0844917799782986,50.0791223558643,0.0482415098180284,1
1071,35.7,Participant4_RS_SlSl,Endomorph,Normal,slouch,1.0,0.0,0.0,-0.0626756036229888,53.121943366916575,0.1241463960371442,1
1072,35.733333333333334,Participant4_RS_SlSl,Endomorph,Normal,slouch,1.0,0.0,0.0,-0.0565608863923028,52.07153677277628,0.1061734340531295,1
1073,35.766666666666666,Participant4_RS_SlSl,Endomorph,Normal,slouch,1.0,0.0,0.0,-0.0780033660516082,52.54412938279848,0.0693927748431533,1
1074,35.8,Participant4_RS_SlSl,Endomorph,Normal,slouch,1.0,0.0,0.0,-0.0662792926536107,53.58005492345166,0.0483626933361509,1
1075,35.833333333333336,Participant4_RS_SlSl,Endomorph,Normal,slouch,1.0,0.0,0.0,-0.0588130844828178,52.9041814856317,0.0909921760982636,1
1076,35.86666666666667,Participant4_RS_SlSl,Endomorph,Normal,slouch,1.0,0.0,0.0,-0.0438574616539678,51.4990477942173,0.1280438389257192,1
1077,35.9,Participant4_RS_SlSl,Endomorph,Normal,slouch,1.0,0.0,0.0,-0.0805695950057337,52.042204608246514,0.1114192444610619,1
1078,35.93333333333333,Participant4_RS_SlSl,Endomorph,Normal,slouch,1.0,0.0,0.0,-0.0610486530916336,52.51130237123832,0.1034345415527268,1
1079,35.96666666666667,Participant4_RS_SlSl,Endomorph,Normal,slouch,1.0,0.0,0.0,-0.0727421322322605,53.84480371674525,0.0672328473105119,1
1080,36.0,Participant4_RS_SlSl,Endomorph,Normal,slouch,1.0,0.0,0.0,-0.0793635255114864,50.2357189034533,0.0396996431244746,1
1081,36.03333333333333,Participant4_RS_SlSl,Endomorph,Normal,slouch,1.0,0.0,0.0,-0.0877425935810297,48.80635179552748,0.057810792625649,1
1082,36.06666666666667,Participant4_RS_SlSl,Endomorph,Normal,slouch,1.0,0.0,0.0,-0.1070139684500187,51.31722965384536,0.0459882978721294,1
1083,36.1,Participant4_RS_SlSl,Endomorph,Normal,slouch,1.0,0.0,0.0,-0.0360218051101475,51.95974516635283,0.0583846734075233,1
1084,36.13333333333333,Participant4_RS_SlSl,Endomorph,Normal,slouch,1.0,0.0,0.0,-0.0595486227709719,53.19852755320076,0.0686275427731695,1
1085,36.16666666666666,Participant4_RS_SlSl,Endomorph,Normal,slouch,1.0,0.0,0.0,-0.043292570400467,51.91396105361999,0.0912279303780035,1
1086,36.2,Participant4_RS_SlSl,Endomorph,Normal,slouch,1.0,0.0,0.0,-0.0800614854475345,50.01489597403717,0.0795513964838506,1
1087,36.23333333333333,Participant4_RS_SlSl,Endomorph,Normal,slouch,1.0,0.0,0.0,-0.0670240667418549,48.40631693453479,0.0503385632961171,1
1088,36.266666666666666,Participant4_RS_SlSl,Endomorph,Normal,slouch,1.0,0.0,0.0,-0.0725012535814059,53.22767604595545,0.0485984992588519,1
1089,36.3,Participant4_RS_SlSl,Endomorph,Normal,slouch,1.0,0.0,0.0,-0.0240182499510457,53.459926097462905,0.0370652665010974,1
1090,36.333333333333336,Participant4_RS_SlSl,Endomorph,Normal,slouch,1.0,0.0,0.0,-0.0491261953146545,52.88954742094548,0.0631906511127755,1
1091,36.36666666666667,Participant4_RS_SlSl,Endomorph,Normal,slouch,1.0,0.0,0.0,0.0027205798357509,54.49448236614739,0.1505999240512627,1
1092,36.4,Participant4_RS_SlSl,Endomorph,Normal,slouch,1.0,0.0,0.0,-0.0317364763216272,54.90744315821645,0.0670470611904158,1
1093,36.43333333333333,Participant4_RS_SlSl,Endomorph,Normal,slouch,1.0,0.0,0.0,-0.0157104704951213,54.90744315821645,0.0986304190051662,1
1094,36.46666666666667,Participant4_RS_SlSl,Endomorph,Normal,slouch,1.0,0.0,0.0,-0.0336459240917614,54.90744315821645,0.1302137768199166,1
1095,36.5,Participant4_RS_SlSl,Endomorph,Normal,slouch,1.0,0.0,0.0,-0.0515813776884014,54.90744315821645,0.0613816178220339,1
