frame_idx,timestamp,subject_id,somatotype,bmi_category,label,h2s_ratio,shoulder_tilt_deg,head_roll_deg,forward_head_z,neck_flexion_deg,shoulder_width_norm,is_valid
0,0.0,Participant3_RS_SlUp,Endomorph,Normal,upright,1.0,0.0,0.0,-0.5204132094382561,49.08266574548756,0.3901764005113415,1
1,0.0047252593215587,Participant3_RS_SlUp,Endomorph,Normal,upright,1.0,0.0,0.0,-0.5399038475085746,49.40547651659048,0.3917386177833034,1
2,0.0094505186431174,Participant3_RS_SlUp,Endomorph,Normal,upright,1.0,0.0,0.0,-0.5040199957348065,49.43026832864736,0.3875138237098997,1
3,0.0141757779646761,Participant3_RS_SlUp,Endomorph,Normal,upright,1.0,0.0,0.0,-0.5277013415631743,48.98860421770603,0.3854945009927343,1
4,0.0189010372862349,Participant3_RS_SlUp,Endomorph,Normal,upright,1.0,0.0,0.0,-0.5314974180411591,48.53181249573682,0.3750317209835004,1
5,0.0236262966077936,Participant3_RS_SlUp,Endomorph,Normal,upright,1.0,0.0,0.0,-0.5227793473470389,48.915996417119736,0.3796500819079227,1
6,0.0283515559293523,Participant3_RS_SlUp,Endomorph,Normal,upright,1.0,0.0,0.0,-0.4798979995443124,48.440124883729375,0.378570154974579,1
7,0.0330768152509111,Participant3_RS_SlUp,Endomorph,Normal,upright,1.0,0.0,0.0,-0.4432868578644291,48.91052529551328,0.3774379945529133,1
8,0.0378020745724698,Participant3_RS_SlUp,Endomorph,Normal,upright,1.0,0.0,0.0,-0.4588811069964058,49.34157668575397,0.3776401275482897,1
9,0.0425273338940285,Participant3_RS_SlUp,Endomorph,Normal,upright,1.0,0.0,0.0,-0.4663984932491092,49.301342008769545,0.3832579544029657,1
10,0.0472525932155873,Participant3_RS_SlUp,Endomorph,Normal,upright,1.0,0.0,0.0,-0.4428894316695444,49.17954922872941,0.3762007588546029,1
11,0.051977852537146,Participant3_RS_SlUp,Endomorph,Normal,upright,1.0,0.0,0.0,-0.4290936863562822,49.07455866354532,0.3838078245837538,1
12,0.0567031118587047,Participant3_RS_SlUp,Endomorph,Normal,upright,1.0,0.0,0.0,-0.4497705349307549,48.39574554201642,0.3830720769901601,1
13,0.0614283711802635,Participant3_RS_SlUp,Endomorph,Normal,upright,1.0,0.0,0.0,-0.4403060746837949,48.59572586942456,0.3760624640439013,1
14,0.0661536305018222,Participant3_RS_SlUp,Endomorph,Normal,upright,1.0,0.0,0.0,-0.4591331848656842,49.73869369215844,0.3756417678081139,1
15,0.0708788898233809,Participant3_RS_SlUp,Endomorph,Normal,upright,1.0,0.0,0.0,-0.409340613043279,49.53167129477589,0.3825016993755885,1
16,0.0756041491449397,Participant3_RS_SlUp,Endomorph,Normal,upright,1.0,0.0,0.0,-0.4110024045134192,48.91938768867772,0.3721402917937051,1
17,0.0803294084664984,Participant3_RS_SlUp,Endomorph,Normal,upright,1.0,0.0,0.0,-0.4186558902210275,50.08643065183678,0.3767529362043321,1
18,0.0850546677880571,Participant3_RS_SlUp,Endomorph,Normal,upright,1.0,0.0,0.0,-0.4545316030604508,49.01298447228534,0.3818881050498182,1
19,0.0897799271096159,Participant3_RS_SlUp,Endomorph,Normal,upright,1.0,0.0,0.0,-0.4175886559191095,49.62328068044136,0.3848293224515007,1
20,0.0945051864311746,Participant3_RS_SlUp,Endomorph,Normal,upright,1.0,0.0,0.0,-0.4474510854580679,49.32898387238599,0.3756168995898067,1
21,0.0992304457527333,Participant3_RS_SlUp,Endomorph,Normal,upright,1.0,0.0,0.0,-0.4349946146549459,49.2616289570267,0.381450893685721,1
22,0.1039557050742921,Participant3_RS_SlUp,Endomorph,Normal,upright,1.0,0.0,0.0,-0.3922865367562476,49.779211228792775,0.3767331211305831,1
23,0.1086809643958508,Participant3_RS_SlUp,Endomorph,Normal,upright,1.0,0.0,0.0,-0.3854835563129356,50.255929486894914,0.3690829015285932,1
24,0.1134062237174095,Participant3_RS_SlUp,Endomorph,Normal,upright,1.0,0.0,0.0,-0.3736903694608188,49.06769496650763,0.3783320757205398,1
25,0.1181314830389683,Participant3_RS_SlUp,Endomorph,Normal,upright,1.0,0.0,0.0,-0.4904437119322276,48.4623828366199,0.3592910831588716,1
26,0.122856742360527,Participant3_RS_SlUp,Endomorph,Normal,upright,1.0,0.0,0.0,-0.5212294572684922,48.90948532606161,0.3671298830045737,1
27,0.1275820016820857,Participant3_RS_SlUp,Endomorph,Normal,upright,1.0,0.0,0.0,-0.5035795553488308,49.825522871860514,0.3729126533669317,1
28,0.1323072610036445,Participant3_RS_SlUp,Endomorph,Normal,upright,1.0,0.0,0.0,-0.475378207815596,49.845662257204296,0.3719683482719895,1
29,0.1370325203252032,Participant3_RS_SlUp,Endomorph,Normal,upright,1.0,0.0,0.0,-0.5648988302427373,48.556254402739285,0.3721890669972235,1
30,0.1417577796467619,Participant3_RS_SlUp,Endomorph,Normal,upright,1.0,0.0,0.0,-0.3755365485027211,48.98620374997186,0.3766201863409356,1
31,0.1464830389683207,Participant3_RS_SlUp,Endomorph,Normal,upright,1.0,0.0,0.0,-0.5132179590196044,49.26282718658338,0.3738106503776692,1
32,0.1512082982898794,Participant3_RS_SlUp,Endomorph,Normal,upright,1.0,0.0,0.0,-0.4947014859627024,49.40937555337189,0.3758129922643932,1
33,0.1559335576114381,Participant3_RS_SlUp,Endomorph,Normal,upright,1.0,0.0,0.0,-0.5743037498119256,48.47407729178318,0.3741367351288625,1
34,0.1606588169329969,Participant3_RS_SlUp,Endomorph,Normal,upright,1.0,0.0,0.0,-0.5392315670085897,48.71012758036858,0.3806578237062842,1
35,0.1653840762545556,Participant3_RS_SlUp,Endomorph,Normal,upright,1.0,0.0,0.0,-0.5374124278104326,48.17360325932899,0.388548217101544,1
36,0.1701093355761143,Participant3_RS_SlUp,Endomorph,Normal,upright,1.0,0.0,0.0,-0.5006129205969635,47.42254325256378,0.3820825515101216,1
37,0.1748345948976731,Participant3_RS_SlUp,Endomorph,Normal,upright,1.0,0.0,0.0,-0.4720925872810007,48.67594957200367,0.376912109296056,1
38,0.1795598542192318,Participant3_RS_SlUp,Endomorph,Normal,upright,1.0,0.0,0.0,-0.5718191801816697,48.634267249487806,0.3717256858752586,1
39,0.1842851135407905,Participant3_RS_SlUp,Endomorph,Normal,upright,1.0,0.0,0.0,-0.4812783238232764,49.85101619997818,0.3748129579074759,1
40,0.1890103728623493,Participant3_RS_SlUp,Endomorph,Normal,upright,1.0,0.0,0.0,-0.4057124162645632,49.57962809381196,0.3763025368857088,1
41,0.193735632183908,Participant3_RS_SlUp,Endomorph,Normal,upright,1.0,0.0,0.0,-0.4521876372318767,49.57436553276423,0.3711646450795553,1
42,0.1984608915054667,Participant3_RS_SlUp,Endomorph,Normal,upright,1.0,0.0,0.0,-0.4372856379404801,49.11666963366121,0.3801549130346769,1
43,0.2031861508270255,Participant3_RS_SlUp,Endomorph,Normal,upright,1.0,0.0,0.0,-0.4464732475277725,48.99858052549183,0.3905700197397858,1
44,0.2079114101485842,Participant3_RS_SlUp,Endomorph,Normal,upright,1.0,0.0,0.0,-0.4983966459100371,49.0505119264294,0.383454185670935,1
45,0.2126366694701429,Participant3_RS_SlUp,Endomorph,Normal,upright,1.0,0.0,0.0,-0.5537824827714617,49.1929229001605,0.3893286742374666,1
46,0.2173619287917017,Participant3_RS_SlUp,Endomorph,Normal,upright,1.0,0.0,0.0,-0.4817688236157138,49.9617020175107,0.3920210951309759,1
47,0.2220871881132604,Participant3_RS_SlUp,Endomorph,Normal,upright,1.0,0.0,0.0,-0.4787251931086178,49.29642982564282,0.3948324099515857,1
48,0.2268124474348191,Participant3_RS_SlUp,Endomorph,Normal,upright,1.0,0.0,0.0,-0.4756815626015217,49.840760173249386,0.3910887672554058,1
49,0.2315377067563779,Participant3_RS_SlUp,Endomorph,Normal,upright,1.0,0.0,0.0,-0.5704939820974934,49.0609360320696,0.3873254095372477,1
50,0.2362629660779366,Participant3_RS_SlUp,Endomorph,Normal,upright,1.0,0.0,0.0,-0.51573146551649,49.43061249911417,0.3894426674696001,1
51,0.2409882253994953,Participant3_RS_SlUp,Endomorph,Normal,upright,1.0,0.0,0.0,-0.5286836815898008,49.16929152129153,0.3918626130987674,1
52,0.2457134847210541,Participant3_RS_SlUp,Endomorph,Normal,upright,1.0,0.0,0.0,-0.4674627598424934,50.12969389978105,0.3905192882668891,1
53,0.2504387440426128,Participant3_RS_SlUp,Endomorph,Normal,upright,1.0,0.0,0.0,-0.477809306370531,49.34219093653746,0.3863289465436954,1
54,0.2551640033641715,Participant3_RS_SlUp,Endomorph,Normal,upright,1.0,0.0,0.0,-0.5607923110939144,49.762799945033024,0.3844625952980316,1
55,0.2598892626857303,Participant3_RS_SlUp,Endomorph,Normal,upright,1.0,0.0,0.0,-0.5214025415373705,49.67327930401616,0.3887955787883403,1
56,0.264614522007289,Participant3_RS_SlUp,Endomorph,Normal,upright,1.0,0.0,0.0,-0.4796609224244462,49.800713205312015,0.3917277951053132,1
57,0.2693397813288478,Participant3_RS_SlUp,Endomorph,Normal,upright,1.0,0.0,0.0,-0.4658494188208417,49.42324815938626,0.3893565031878865,1
58,0.2740650406504065,Participant3_RS_SlUp,Endomorph,Normal,upright,1.0,0.0,0.0,-0.5453986645727464,49.66624598150447,0.3822973200331793,1
59,0.2787902999719652,Participant3_RS_SlUp,Endomorph,Normal,upright,1.0,0.0,0.0,-0.4822175629281255,48.49502514208904,0.387386935696686,1
60,0.2835155592935239,Participant3_RS_SlUp,Endomorph,Normal,upright,1.0,0.0,0.0,-0.4114383685752963,49.13770814770257,0.3812060071165602,1
61,0.2882408186150827,Participant3_RS_SlUp,Endomorph,Normal,upright,1.0,0.0,0.0,-0.4572767832312286,49.58624629027971,0.3828539551724927,1
62,0.2929660779366414,Participant3_RS_SlUp,Endomorph,Normal,upright,1.0,0.0,0.0,-0.4310552670448115,49.70793859303667,0.378024858063082,1
63,0.2976913372582001,Participant3_RS_SlUp,Endomorph,Normal,upright,1.0,0.0,0.0,-0.4255126583159125,50.026445305481225,0.3783196750214579,1
64,0.3024165965797589,Participant3_RS_SlUp,Endomorph,Normal,upright,1.0,0.0,0.0,-0.4433876858362974,49.446753953804105,0.383832609897243,1
65,0.3071418559013176,Participant3_RS_SlUp,Endomorph,Normal,upright,1.0,0.0,0.0,-0.3971836365632445,49.65814646511674,0.3768510929017941,1
66,0.3118671152228763,Participant3_RS_SlUp,Endomorph,Normal,upright,1.0,0.0,0.0,-0.4366470734977123,49.59475473960802,0.3775919112218274,1
67,0.316592374544435,Participant3_RS_SlUp,Endomorph,Normal,upright,1.0,0.0,0.0,-0.4150723435558301,49.88709691303962,0.3811973541845516,1
68,0.3213176338659938,Participant3_RS_SlUp,Endomorph,Normal,upright,1.0,0.0,0.0,-0.4815643595218524,48.265258746075816,0.380402265713572,1
69,0.3260428931875525,Participant3_RS_SlUp,Endomorph,Normal,upright,1.0,0.0,0.0,-0.3786598319141077,49.355223252757,0.3766615474405801,1
70,0.3307681525091113,Participant3_RS_SlUp,Endomorph,Normal,upright,1.0,0.0,0.0,-0.4919363597741871,48.01122710707088,0.3738160212469616,1
71,0.33549341183067,Participant3_RS_SlUp,Endomorph,Normal,upright,1.0,0.0,0.0,-0.4621598983005831,49.94407000783548,0.3633240337738388,1
72,0.3402186711522287,Participant3_RS_SlUp,Endomorph,Normal,upright,1.0,0.0,0.0,-0.4483785061109318,48.29638457564471,0.3683244631028375,1
73,0.3449439304737874,Participant3_RS_SlUp,Endomorph,Normal,upright,1.0,0.0,0.0,-0.5042419337886815,48.77006581001349,0.3742652248067895,1
74,0.3496691897953462,Participant3_RS_SlUp,Endomorph,Normal,upright,1.0,0.0,0.0,-0.5154652359031422,48.81654520898627,0.3726660686363653,1
75,0.3543944491169049,Participant3_RS_SlUp,Endomorph,Normal,upright,1.0,0.0,0.0,-0.42453875618882,49.34534099828982,0.3592903785880543,1
76,0.3591197084384637,Participant3_RS_SlUp,Endomorph,Normal,upright,1.0,0.0,0.0,-0.4875263517453061,49.21470724512447,0.3720623618015053,1
77,0.3638449677600224,Participant3_RS_SlUp,Endomorph,Normal,upright,1.0,0.0,0.0,-0.4744688198493579,48.67181610891171,0.374848293720561,1
78,0.3685702270815811,Participant3_RS_SlUp,Endomorph,Normal,upright,1.0,0.0,0.0,-0.4476829790577246,48.62764677046864,0.3705667782594318,1
79,0.3732954864031398,Participant3_RS_SlUp,Endomorph,Normal,upright,1.0,0.0,0.0,-0.4077847291668364,49.02281498772601,0.3738745403582271,1
80,0.3780207457246986,Participant3_RS_SlUp,Endomorph,Normal,upright,1.0,0.0,0.0,-0.4341079094673641,48.06831942819099,0.3872537548858604,1
81,0.3827460050462573,Participant3_RS_SlUp,Endomorph,Normal,upright,1.0,0.0,0.0,-0.3929761204459887,49.16863809187793,0.3744452400496552,1
82,0.3874712643678161,Participant3_RS_SlUp,Endomorph,Normal,upright,1.0,0.0,0.0,-0.4913455465665574,48.91972393283402,0.36700272344699,1
83,0.3921965236893748,Participant3_RS_SlUp,Endomorph,Normal,upright,1.0,0.0,0.0,-0.4957838535661193,48.655056339571104,0.3693623893117131,1
84,0.3969217830109335,Participant3_RS_SlUp,Endomorph,Normal,upright,1.0,0.0,0.0,-0.4864047128637366,49.00308294791683,0.3635925554936526,1
85,0.4016470423324922,Participant3_RS_SlUp,Endomorph,Normal,upright,1.0,0.0,0.0,-0.4722598207367536,48.31690751119677,0.3726428772350676,1
86,0.406372301654051,Participant3_RS_SlUp,Endomorph,Normal,upright,1.0,0.0,0.0,-0.4582931655188257,48.443877366442,0.3706767697886169,1
87,0.4110975609756097,Participant3_RS_SlUp,Endomorph,Normal,upright,1.0,0.0,0.0,-0.4946440517164649,49.06236729112975,0.3743690793352888,1
88,0.4158228202971685,Participant3_RS_SlUp,Endomorph,Normal,upright,1.0,0.0,0.0,-0.4762874563331881,49.30492528806125,0.386788318033192,1
89,0.4205480796187272,Participant3_RS_SlUp,Endomorph,Normal,upright,1.0,0.0,0.0,-0.4907684654320055,48.86191659796395,0.3812521190806391,1
90,0.4252733389402859,Participant3_RS_SlUp,Endomorph,Normal,upright,1.0,0.0,0.0,-0.4937837772895977,48.63421683577811,0.383169611385483,1
91,0.4299985982618446,Participant3_RS_SlUp,Endomorph,Normal,upright,1.0,0.0,0.0,-0.4601999916175697,48.71003930469536,0.3726188079144864,1
92,0.4347238575834034,Participant3_RS_SlUp,Endomorph,Normal,upright,1.0,0.0,0.0,-0.4384303682754006,49.01973274281274,0.3807606777484929,1
93,0.4394491169049621,Participant3_RS_SlUp,Endomorph,Normal,upright,1.0,0.0,0.0,-0.4841303078908786,49.025750863670616,0.3889408793955438,1
94,0.4441743762265208,Participant3_RS_SlUp,Endomorph,Normal,upright,1.0,0.0,0.0,-0.4956393693280341,48.982632158375246,0.3786987802049119,1
95,0.4488996355480796,Participant3_RS_SlUp,Endomorph,Normal,upright,1.0,0.0,0.0,-0.4818903743331783,48.69870657372737,0.3760436753484389,1
96,0.4536248948696383,Participant3_RS_SlUp,Endomorph,Normal,upright,1.0,0.0,0.0,-0.4286374067368523,49.4421359798454,0.3825465993098047,1
97,0.458350154191197,Participant3_RS_SlUp,Endomorph,Normal,upright,1.0,0.0,0.0,-0.4605870486364275,49.29378417112746,0.3839164715257337,1
98,0.4630754135127558,Participant3_RS_SlUp,Endomorph,Normal,upright,1.0,0.0,0.0,-0.4598292798103534,48.85083923202755,0.3768473289643591,1
99,0.4678006728343145,Participant3_RS_SlUp,Endomorph,Normal,upright,1.0,0.0,0.0,-0.4250588419589614,49.67106755756159,0.3695842715232435,1
100,0.4725259321558732,Participant3_RS_SlUp,Endomorph,Normal,upright,1.0,0.0,0.0,-0.4479239468499323,48.64107444027862,0.3858940906909592,1
101,0.477251191477432,Participant3_RS_SlUp,Endomorph,Normal,upright,1.0,0.0,0.0,-0.4960724461303446,48.88539379264085,0.3760632390292976,1
102,0.4819764507989907,Participant3_RS_SlUp,Endomorph,Normal,upright,1.0,0.0,0.0,-0.4601801307451338,48.87904548500776,0.3924806197041861,1
103,0.4867017101205494,Participant3_RS_SlUp,Endomorph,Normal,upright,1.0,0.0,0.0,-0.4644036137082835,48.99003722785856,0.3823290618303058,1
104,0.4914269694421082,Participant3_RS_SlUp,Endomorph,Normal,upright,1.0,0.0,0.0,-0.4743129487971799,48.99586624497876,0.385903487303205,1
105,0.4961522287636669,Participant3_RS_SlUp,Endomorph,Normal,upright,1.0,0.0,0.0,-0.5010800896200415,48.68146237045388,0.3758541588653173,1
106,0.5008774880852257,Participant3_RS_SlUp,Endomorph,Normal,upright,1.0,0.0,0.0,-0.4605677222048572,48.86616327255859,0.388823411930522,1
107,0.5056027474067843,Participant3_RS_SlUp,Endomorph,Normal,upright,1.0,0.0,0.0,-0.5112907986738938,49.12017200154878,0.3768655382077779,1
108,0.5103280067283431,Participant3_RS_SlUp,Endomorph,Normal,upright,1.0,0.0,0.0,-0.4546150985620494,48.96836123626184,0.3797715865972334,1
109,0.5150532660499019,Participant3_RS_SlUp,Endomorph,Normal,upright,1.0,0.0,0.0,-0.4894058135252069,48.724465486688366,0.386559881686528,1
110,0.5197785253714606,Participant3_RS_SlUp,Endomorph,Normal,upright,1.0,0.0,0.0,-0.4485791677341304,49.2905578021432,0.3824733700174836,1
111,0.5245037846930193,Participant3_RS_SlUp,Endomorph,Normal,upright,1.0,0.0,0.0,-0.450855715251822,48.70414374534155,0.3905233729631439,1
112,0.529229044014578,Participant3_RS_SlUp,Endomorph,Normal,upright,1.0,0.0,0.0,-0.4517859356737923,49.08561036074923,0.3836180917936145,1
113,0.5339543033361368,Participant3_RS_SlUp,Endomorph,Normal,upright,1.0,0.0,0.0,-0.4597672474901589,49.29059364038361,0.3905469254874825,1
114,0.5386795626576956,Participant3_RS_SlUp,Endomorph,Normal,upright,1.0,0.0,0.0,-0.4459061002721836,49.00363364790593,0.3895091302275494,1
115,0.5434048219792542,Participant3_RS_SlUp,Endomorph,Normal,upright,1.0,0.0,0.0,-0.5024032223059453,48.7490461071926,0.392602748617309,1
116,0.548130081300813,Participant3_RS_SlUp,Endomorph,Normal,upright,1.0,0.0,0.0,-0.472197287315207,48.318791754719854,0.3776603597446705,1
117,0.5528553406223717,Participant3_RS_SlUp,Endomorph,Normal,upright,1.0,0.0,0.0,-0.4514348355968017,49.23939970733963,0.384994834054205,1
118,0.5575805999439305,Participant3_RS_SlUp,Endomorph,Normal,upright,1.0,0.0,0.0,-0.4806309250219567,49.19893725373429,0.3873004018081983,1
119,0.5623058592654891,Participant3_RS_SlUp,Endomorph,Normal,upright,1.0,0.0,0.0,-0.4622950738007323,49.23597848284561,0.3849612083065119,1
120,0.5670311185870479,Participant3_RS_SlUp,Endomorph,Normal,upright,1.0,0.0,0.0,-0.4502275490255767,49.25006920219521,0.3863991003350094,1
121,0.5717563779086067,Participant3_RS_SlUp,Endomorph,Normal,upright,1.0,0.0,0.0,-0.4498667749856848,48.96190153930561,0.3784197587333391,1
122,0.5764816372301654,Participant3_RS_SlUp,Endomorph,Normal,upright,1.0,0.0,0.0,-0.3671055882208209,49.601871051125165,0.3832361655864817,1
123,0.5812068965517241,Participant3_RS_SlUp,Endomorph,Normal,upright,1.0,0.0,0.0,-0.4411095340529968,48.62720642232159,0.3887954399829048,1
124,0.5859321558732828,Participant3_RS_SlUp,Endomorph,Normal,upright,1.0,0.0,0.0,-0.4808709684818576,48.65930687693618,0.3736117202230762,1
125,0.5906574151948416,Participant3_RS_SlUp,Endomorph,Normal,upright,1.0,0.0,0.0,-0.4560279178159365,49.1731965047656,0.3821359628916015,1
126,0.5953826745164003,Participant3_RS_SlUp,Endomorph,Normal,upright,1.0,0.0,0.0,-0.4773709480550482,49.26941685865131,0.3868258289147684,1
127,0.600107933837959,Participant3_RS_SlUp,Endomorph,Normal,upright,1.0,0.0,0.0,-0.483057149565992,48.63881016527132,0.38588247773035,1
128,0.6048331931595178,Participant3_RS_SlUp,Endomorph,Normal,upright,1.0,0.0,0.0,-0.4432936154426667,49.79273073091295,0.3775079115056888,1
129,0.6095584524810765,Participant3_RS_SlUp,Endomorph,Normal,upright,1.0,0.0,0.0,-0.5010210052572367,49.27441009353735,0.3784603671087812,1
130,0.6142837118026352,Participant3_RS_SlUp,Endomorph,Normal,upright,1.0,0.0,0.0,-0.4336978792272887,49.387713174487146,0.3670226042986573,1
131,0.619008971124194,Participant3_RS_SlUp,Endomorph,Normal,upright,1.0,0.0,0.0,-0.4934819579687753,48.66932560393112,0.3825014757492591,1
132,0.6237342304457527,Participant3_RS_SlUp,Endomorph,Normal,upright,1.0,0.0,0.0,-0.4558812895753595,48.95506850048445,0.3703091583057322,1
133,0.6284594897673115,Participant3_RS_SlUp,Endomorph,Normal,upright,1.0,0.0,0.0,-0.4831714710073843,49.06078518001705,0.3815678302880602,1
134,0.6331847490888701,Participant3_RS_SlUp,Endomorph,Normal,upright,1.0,0.0,0.0,-0.4978784243961285,49.801299942016,0.364882521900727,1
135,0.6379100084104289,Participant3_RS_SlUp,Endomorph,Normal,upright,1.0,0.0,0.0,-0.4739302829825796,49.03486640281913,0.3734070180905555,1
136,0.6426352677319876,Participant3_RS_SlUp,Endomorph,Normal,upright,1.0,0.0,0.0,-0.4540872209203153,49.2036432480848,0.3647788018082016,1
137,0.6473605270535464,Participant3_RS_SlUp,Endomorph,Normal,upright,1.0,0.0,0.0,-0.4942352198992334,49.16329352135112,0.370725362205086,1
138,0.6520857863751051,Participant3_RS_SlUp,Endomorph,Normal,upright,1.0,0.0,0.0,-0.5194767490051856,49.43578106375003,0.3655998256825634,1
139,0.6568110456966638,Participant3_RS_SlUp,Endomorph,Normal,upright,1.0,0.0,0.0,-0.4985513131987786,49.18262248081189,0.3679992530217529,1
140,0.6615363050182226,Participant3_RS_SlUp,Endomorph,Normal,upright,1.0,0.0,0.0,-0.5545283842468243,49.91411044282682,0.3731572194456914,1
141,0.6662615643397813,Participant3_RS_SlUp,Endomorph,Normal,upright,1.0,0.0,0.0,-0.541809297959265,48.78820948870555,0.3623918076129706,1
142,0.67098682366134,Participant3_RS_SlUp,Endomorph,Normal,upright,1.0,0.0,0.0,-0.5310593399928734,48.71932427408449,0.3668015172190068,1
143,0.6757120829828988,Participant3_RS_SlUp,Endomorph,Normal,upright,1.0,0.0,0.0,-0.4968788617342883,49.26395943129406,0.3622444661729526,1
144,0.6804373423044575,Participant3_RS_SlUp,Endomorph,Normal,upright,1.0,0.0,0.0,-0.3960897617839959,49.61166088160299,0.3760243563278279,1
145,0.6851626016260163,Participant3_RS_SlUp,Endomorph,Normal,upright,1.0,0.0,0.0,-0.3710947875208564,50.020657508966586,0.370328544025916,1
146,0.6898878609475749,Participant3_RS_SlUp,Endomorph,Normal,upright,1.0,0.0,0.0,-0.3871409465322315,50.07056883255805,0.3763764798290819,1
147,0.6946131202691337,Participant3_RS_SlUp,Endomorph,Normal,upright,1.0,0.0,0.0,-0.5502216563442573,48.62778482092048,0.3926913636183331,1
148,0.6993383795906924,Participant3_RS_SlUp,Endomorph,Normal,upright,1.0,0.0,0.0,-0.5088814952248334,48.79156113999287,0.3854076034537305,1
149,0.7040636389122512,Participant3_RS_SlUp,Endomorph,Normal,upright,1.0,0.0,0.0,-0.5039227180294858,49.72866854261512,0.383720377384392,1
150,0.7087888982338099,Participant3_RS_SlUp,Endomorph,Normal,upright,1.0,0.0,0.0,-0.5045026165992473,50.3788114393182,0.3967940917944327,1
151,0.7135141575553686,Participant3_RS_SlUp,Endomorph,Normal,upright,1.0,0.0,0.0,-0.4577531960175595,49.06716827398498,0.3852364877763475,1
152,0.7182394168769274,Participant3_RS_SlUp,Endomorph,Normal,upright,1.0,0.0,0.0,-0.4446137085792818,48.90989209434407,0.3931905056703477,1
153,0.722964676198486,Participant3_RS_SlUp,Endomorph,Normal,upright,1.0,0.0,0.0,-0.4776425561264812,49.49419628518297,0.3907785934077908,1
154,0.7276899355200448,Participant3_RS_SlUp,Endomorph,Normal,upright,1.0,0.0,0.0,-0.4515885030713902,49.02804902081695,0.3764789359053901,1
155,0.7324151948416036,Participant3_RS_SlUp,Endomorph,Normal,upright,1.0,0.0,0.0,-0.4566077341011859,49.13328148531178,0.3884731750446548,1
156,0.7371404541631623,Participant3_RS_SlUp,Endomorph,Normal,upright,1.0,0.0,0.0,-0.3657044717044404,49.41994304094527,0.3875650575659932,1
157,0.741865713484721,Participant3_RS_SlUp,Endomorph,Normal,upright,1.0,0.0,0.0,-0.4525715161577719,49.26595352953698,0.3861613477746833,1
158,0.7465909728062797,Participant3_RS_SlUp,Endomorph,Normal,upright,1.0,0.0,0.0,-0.4113380979487157,50.127330155942914,0.3973072503526738,1
159,0.7513162321278385,Participant3_RS_SlUp,Endomorph,Normal,upright,1.0,0.0,0.0,-0.4415448807647795,48.84490745353546,0.3864322607281271,1
160,0.7560414914493973,Participant3_RS_SlUp,Endomorph,Normal,upright,1.0,0.0,0.0,-0.4300441768003987,49.17173658470973,0.3864307538206231,1
161,0.7607667507709559,Participant3_RS_SlUp,Endomorph,Normal,upright,1.0,0.0,0.0,-0.4639039318391708,49.39251287874298,0.3909435497461987,1
162,0.7654920100925147,Participant3_RS_SlUp,Endomorph,Normal,upright,1.0,0.0,0.0,-0.449010869840431,48.5726569100888,0.3833138597844382,1
163,0.7702172694140734,Participant3_RS_SlUp,Endomorph,Normal,upright,1.0,0.0,0.0,-0.4198220017267243,49.10402265187329,0.370849209647618,1
164,0.7749425287356322,Participant3_RS_SlUp,Endomorph,Normal,upright,1.0,0.0,0.0,-0.4903075523481384,48.24967489133343,0.3705001264025062,1
165,0.7796677880571908,Participant3_RS_SlUp,Endomorph,Normal,upright,1.0,0.0,0.0,-0.4778469284233655,49.24645198227721,0.3715439924430947,1
166,0.7843930473787496,Participant3_RS_SlUp,Endomorph,Normal,upright,1.0,0.0,0.0,-0.5342371078526228,48.73648610895043,0.3889131420468537,1
167,0.7891183067003084,Participant3_RS_SlUp,Endomorph,Normal,upright,1.0,0.0,0.0,-0.5561001776190923,49.31198938712779,0.3900234231849197,1
168,0.7938435660218671,Participant3_RS_SlUp,Endomorph,Normal,upright,1.0,0.0,0.0,-0.5156098731440135,48.95579284271651,0.3727346312665786,1
169,0.7985688253434258,Participant3_RS_SlUp,Endomorph,Normal,upright,1.0,0.0,0.0,-0.478769181623443,47.79943924493029,0.3848279929238291,1
170,0.8032940846649845,Participant3_RS_SlUp,Endomorph,Normal,upright,1.0,0.0,0.0,-0.45111084492093,47.22099599840427,0.3805361698768916,1
171,0.8080193439865433,Participant3_RS_SlUp,Endomorph,Normal,upright,1.0,0.0,0.0,-0.5184051898841177,48.55816514909627,0.3610378235259911,1
172,0.812744603308102,Participant3_RS_SlUp,Endomorph,Normal,upright,1.0,0.0,0.0,-0.447506363048012,49.51544457666457,0.3741209034338328,1
173,0.8174698626296607,Participant3_RS_SlUp,Endomorph,Normal,upright,1.0,0.0,0.0,-0.4025847472241848,48.41542355861341,0.3699616663697921,1
174,0.8221951219512195,Participant3_RS_SlUp,Endomorph,Normal,upright,1.0,0.0,0.0,-0.4002455120180198,49.35756167221009,0.3812420697597922,1
175,0.8269203812727782,Participant3_RS_SlUp,Endomorph,Normal,upright,1.0,0.0,0.0,-0.4697848089802012,48.71245261343204,0.3625202837513391,1
176,0.831645640594337,Participant3_RS_SlUp,Endomorph,Normal,upright,1.0,0.0,0.0,-0.5844001004915738,47.65643150018397,0.3733307728818096,1
177,0.8363708999158956,Participant3_RS_SlUp,Endomorph,Normal,upright,1.0,0.0,0.0,-0.519814670064531,47.80631368779544,0.3759750497042711,1
178,0.8410961592374544,Participant3_RS_SlUp,Endomorph,Normal,upright,1.0,0.0,0.0,-0.5332175999051076,47.417449342570464,0.3748540787651555,1
179,0.8458214185590132,Participant3_RS_SlUp,Endomorph,Normal,upright,1.0,0.0,0.0,-0.5257716954898448,47.32173840496208,0.3836648948335693,1
180,0.8505466778805719,Participant3_RS_SlUp,Endomorph,Normal,upright,1.0,0.0,0.0,-0.5066342236515952,47.33399147759104,0.3940478635351748,1
181,0.8552719372021306,Participant3_RS_SlUp,Endomorph,Normal,upright,1.0,0.0,0.0,-0.5453782988427476,47.04161390496045,0.3783722461098682,1
182,0.8599971965236893,Participant3_RS_SlUp,Endomorph,Normal,upright,1.0,0.0,0.0,-0.4821302304923092,47.042219036772536,0.3764026406457182,1
183,0.8647224558452481,Participant3_RS_SlUp,Endomorph,Normal,upright,1.0,0.0,0.0,-0.5368383939493302,47.04282416858463,0.3787690139210403,1
184,0.8694477151668067,Participant3_RS_SlUp,Endomorph,Normal,upright,1.0,0.0,0.0,-0.5293864748012138,47.77626221277144,0.3827786835174443,1
185,0.8741729744883655,Participant3_RS_SlUp,Endomorph,Normal,upright,1.0,0.0,0.0,-0.555245160733296,47.842575248087535,0.3870074962588078,1
186,0.8788982338099243,Participant3_RS_SlUp,Endomorph,Normal,upright,1.0,0.0,0.0,-0.4595661816869647,48.56966533920759,0.3857933544621518,1
187,0.883623493131483,Participant3_RS_SlUp,Endomorph,Normal,upright,1.0,0.0,0.0,-0.4977659633745424,48.304545418078206,0.3883102028756551,1
188,0.8883487524530417,Participant3_RS_SlUp,Endomorph,Normal,upright,1.0,0.0,0.0,-0.5551464827010366,47.50940639312012,0.3912128068611181,1
189,0.8930740117746004,Participant3_RS_SlUp,Endomorph,Normal,upright,1.0,0.0,0.0,-0.5392815071006836,47.56380401968989,0.3861026726064556,1
190,0.8977992710961592,Participant3_RS_SlUp,Endomorph,Normal,upright,1.0,0.0,0.0,-0.4965551458541861,49.04257825613725,0.3753806693490545,1
191,0.902524530417718,Participant3_RS_SlUp,Endomorph,Normal,upright,1.0,0.0,0.0,-0.5200395479686072,49.75830056131966,0.3848130668246369,1
192,0.9072497897392766,Participant3_RS_SlUp,Endomorph,Normal,upright,1.0,0.0,0.0,-0.4736408032048189,49.220901707705,0.3860677044031286,1
193,0.9119750490608354,Participant3_RS_SlUp,Endomorph,Normal,upright,1.0,0.0,0.0,-0.4942768581526721,48.12829195776119,0.3904754093296227,1
194,0.916700308382394,Participant3_RS_SlUp,Endomorph,Normal,upright,1.0,0.0,0.0,-0.5701136634321387,48.06541834448632,0.3819798461585769,1
195,0.9214255677039528,Participant3_RS_SlUp,Endomorph,Normal,upright,1.0,0.0,0.0,-0.4176971090062468,48.87960091741765,0.3866460581803046,1
196,0.9261508270255115,Participant3_RS_SlUp,Endomorph,Normal,upright,1.0,0.0,0.0,-0.4276569770724616,48.78442671572294,0.3733176406318271,1
197,0.9308760863470704,Participant3_RS_SlUp,Endomorph,Normal,upright,1.0,0.0,0.0,-0.4894531194955559,48.1003393629091,0.3802372504964084,1
198,0.9356013456686292,Participant3_RS_SlUp,Endomorph,Normal,upright,1.0,0.0,0.0,-0.4827615496259578,47.21576793527756,0.3760009771425774,1
199,0.9403266049901878,Participant3_RS_SlUp,Endomorph,Normal,upright,1.0,0.0,0.0,-0.4760699797563597,48.62100941625112,0.3778397835552159,1
200,0.9450518643117464,Participant3_RS_SlUp,Endomorph,Normal,upright,1.0,0.0,0.0,-0.43730946750649,49.93241976591636,0.3741753529483704,1
201,0.9497771236333052,Participant3_RS_SlUp,Endomorph,Normal,upright,1.0,0.0,0.0,-0.3984062567877093,49.89048136542949,0.3740087541132066,1
202,0.954502382954864,Participant3_RS_SlUp,Endomorph,Normal,upright,1.0,0.0,0.0,-0.4792381586469572,49.45750153617248,0.3805875881275901,1
203,0.9592276422764228,Participant3_RS_SlUp,Endomorph,Normal,upright,1.0,0.0,0.0,-0.5489812086815221,48.71097868767583,0.3865327205968375,1
204,0.9639529015979814,Participant3_RS_SlUp,Endomorph,Normal,upright,1.0,0.0,0.0,-0.5345980715053888,47.64105256558846,0.3809037873143128,1
205,0.9686781609195402,Participant3_RS_SlUp,Endomorph,Normal,upright,1.0,0.0,0.0,-0.5202149343292557,47.99494136294366,0.3796963793112147,1
206,0.9734034202410988,Participant3_RS_SlUp,Endomorph,Normal,upright,1.0,0.0,0.0,-0.5390708398986477,47.91048710595167,0.3851753207950389,1
207,0.9781286795626576,Participant3_RS_SlUp,Endomorph,Normal,upright,1.0,0.0,0.0,-0.5579267454680397,47.89644237847568,0.3962482186204161,1
208,0.9828539388842163,Participant3_RS_SlUp,Endomorph,Normal,upright,1.0,0.0,0.0,-0.4522694794507159,47.8823976509997,0.384141725047421,1
209,0.9875791982057752,Participant3_RS_SlUp,Endomorph,Normal,upright,1.0,0.0,0.0,-0.4873350472060459,47.91515285249364,0.4011126740029233,1
210,0.992304457527334,Participant3_RS_SlUp,Endomorph,Normal,upright,1.0,0.0,0.0,-0.4616757070381139,47.65865798266202,0.3898786890903458,1
211,0.9970297168488926,Participant3_RS_SlUp,Endomorph,Normal,upright,1.0,0.0,0.0,-0.4611711427550367,47.62446207212512,0.3895807169720963,1
212,1.0017549761704514,Participant3_RS_SlUp,Endomorph,Normal,upright,1.0,0.0,0.0,-0.4014519503248566,47.865796232106725,0.3925432167699582,1
213,1.0064802354920102,Participant3_RS_SlUp,Endomorph,Normal,upright,1.0,0.0,0.0,-0.4049412363159602,48.63385944844814,0.4050142876355743,1
214,1.0112054948135687,Participant3_RS_SlUp,Endomorph,Normal,upright,1.0,0.0,0.0,-0.4168358510439252,48.398633366780565,0.401147794511994,1
215,1.0159307541351277,Participant3_RS_SlUp,Endomorph,Normal,upright,1.0,0.0,0.0,-0.3732820211729264,48.36865951828001,0.3897697710782052,1
216,1.0206560134566862,Participant3_RS_SlUp,Endomorph,Normal,upright,1.0,0.0,0.0,-0.462497600445748,47.81946337044817,0.3900319934533283,1
217,1.025381272778245,Participant3_RS_SlUp,Endomorph,Normal,upright,1.0,0.0,0.0,-0.4361320324632982,47.43966945899465,0.3875925936498134,1
218,1.0301065320998035,Participant3_RS_SlUp,Endomorph,Normal,upright,1.0,0.0,0.0,-0.425486636526784,48.17976985797573,0.4015158837256973,1
219,1.0348317914213625,Participant3_RS_SlUp,Endomorph,Normal,upright,1.0,0.0,0.0,-0.3882462528332718,48.4705620861136,0.3868954052411298,1
220,1.0395570507429213,Participant3_RS_SlUp,Endomorph,Normal,upright,1.0,0.0,0.0,-0.4683722437700498,48.200746185942975,0.388858821074122,1
221,1.0442823100644798,Participant3_RS_SlUp,Endomorph,Normal,upright,1.0,0.0,0.0,-0.4498882347242171,48.01928941906935,0.3823902469413461,1
222,1.0490075693860386,Participant3_RS_SlUp,Endomorph,Normal,upright,1.0,0.0,0.0,-0.4189913302935083,48.240775451680506,0.3997729561406007,1
223,1.053732828707597,Participant3_RS_SlUp,Endomorph,Normal,upright,1.0,0.0,0.0,-0.4530843376175075,48.29775002640569,0.4083613190662452,1
224,1.058458088029156,Participant3_RS_SlUp,Endomorph,Normal,upright,1.0,0.0,0.0,-0.381558561583901,48.63713096990202,0.3955778984942829,1
225,1.0631833473507148,Participant3_RS_SlUp,Endomorph,Normal,upright,1.0,0.0,0.0,-0.4287215197895387,48.237513548568046,0.4046536257963973,1
226,1.0679086066722736,Participant3_RS_SlUp,Endomorph,Normal,upright,1.0,0.0,0.0,-0.4293158834849712,47.70659171356391,0.3877277806913554,1
227,1.0726338659938324,Participant3_RS_SlUp,Endomorph,Normal,upright,1.0,0.0,0.0,-0.4183069702674643,47.59919482540892,0.387870458679674,1
228,1.0773591253153911,Participant3_RS_SlUp,Endomorph,Normal,upright,1.0,0.0,0.0,-0.4023780616036871,47.560860022739085,0.3902458015638733,1
229,1.0820843846369497,Participant3_RS_SlUp,Endomorph,Normal,upright,1.0,0.0,0.0,-0.4311348954906309,48.006105710538,0.3868540852970336,1
230,1.0868096439585084,Participant3_RS_SlUp,Endomorph,Normal,upright,1.0,0.0,0.0,-0.3900781959235955,48.45135139833691,0.3929892663154865,1
231,1.0915349032800672,Participant3_RS_SlUp,Endomorph,Normal,upright,1.0,0.0,0.0,-0.427781455030487,47.67135313264046,0.3856460486279219,1
232,1.096260162601626,Participant3_RS_SlUp,Endomorph,Normal,upright,1.0,0.0,0.0,-0.458805295532993,48.21023472842965,0.3813828236870611,1
233,1.1009854219231847,Participant3_RS_SlUp,Endomorph,Normal,upright,1.0,0.0,0.0,-0.4007773165888254,47.60893739754459,0.3948062826814592,1
234,1.1057106812447437,Participant3_RS_SlUp,Endomorph,Normal,upright,1.0,0.0,0.0,-0.4062978989307666,48.59744966188568,0.4017006883452245,1
235,1.1104359405663022,Participant3_RS_SlUp,Endomorph,Normal,upright,1.0,0.0,0.0,-0.3853986796439107,48.50810337881969,0.4075732375105892,1
236,1.115161199887861,Participant3_RS_SlUp,Endomorph,Normal,upright,1.0,0.0,0.0,-0.3796715162730687,48.03625359389243,0.398065324947097,1
237,1.1198864592094195,Participant3_RS_SlUp,Endomorph,Normal,upright,1.0,0.0,0.0,-0.4002492112475678,48.78595286155105,0.3958339688130715,1
238,1.1246117185309783,Participant3_RS_SlUp,Endomorph,Normal,upright,1.0,0.0,0.0,-0.4094718533335658,48.67814354773674,0.3953146753349808,1
239,1.129336977852537,Participant3_RS_SlUp,Endomorph,Normal,upright,1.0,0.0,0.0,-0.3780588407780803,48.87724600819392,0.4024962886277812,1
240,1.1340622371740958,Participant3_RS_SlUp,Endomorph,Normal,upright,1.0,0.0,0.0,-0.372679178651227,48.282878270604094,0.4096779019205817,1
241,1.1387874964956546,Participant3_RS_SlUp,Endomorph,Normal,upright,1.0,0.0,0.0,-0.3889185262558107,48.1221714301307,0.3925796883669586,1
242,1.1435127558172131,Participant3_RS_SlUp,Endomorph,Normal,upright,1.0,0.0,0.0,-0.4244576567644688,48.02740361446673,0.3939964857898632,1
243,1.148238015138772,Participant3_RS_SlUp,Endomorph,Normal,upright,1.0,0.0,0.0,-0.4154421464199994,48.507561177425934,0.4098697362960996,1
244,1.1529632744603309,Participant3_RS_SlUp,Endomorph,Normal,upright,1.0,0.0,0.0,-0.3592441613139251,48.24300317235339,0.397368791663701,1
245,1.1576885337818894,Participant3_RS_SlUp,Endomorph,Normal,upright,1.0,0.0,0.0,-0.4002787569223046,48.39679507937253,0.3963255753443808,1
246,1.1624137931034482,Participant3_RS_SlUp,Endomorph,Normal,upright,1.0,0.0,0.0,-0.4151534370865823,48.26446235141137,0.3924904876411662,1
247,1.167139052425007,Participant3_RS_SlUp,Endomorph,Normal,upright,1.0,0.0,0.0,-0.4821274630156128,49.49226928941826,0.3812691511102244,1
248,1.1718643117465657,Participant3_RS_SlUp,Endomorph,Normal,upright,1.0,0.0,0.0,-0.3961564013295825,49.62740454832915,0.3800498410969967,1
249,1.1765895710681245,Participant3_RS_SlUp,Endomorph,Normal,upright,1.0,0.0,0.0,-0.4311139466104016,49.63129649710325,0.3796193058990434,1
250,1.1813148303896832,Participant3_RS_SlUp,Endomorph,Normal,upright,1.0,0.0,0.0,-0.4194082800043249,49.71032695500332,0.3816405993743536,1
251,1.186040089711242,Participant3_RS_SlUp,Endomorph,Normal,upright,1.0,0.0,0.0,-0.4476501599557052,49.823443280646345,0.3823712522315323,1
252,1.1907653490328003,Participant3_RS_SlUp,Endomorph,Normal,upright,1.0,0.0,0.0,-0.4108193806238903,49.88094184264023,0.380782791861737,1
253,1.1954906083543593,Participant3_RS_SlUp,Endomorph,Normal,upright,1.0,0.0,0.0,-0.3708143879114257,49.93108502075301,0.3855888920067223,1
254,1.200215867675918,Participant3_RS_SlUp,Endomorph,Normal,upright,1.0,0.0,0.0,-0.4110443369233596,49.54836803770244,0.3852257278069004,1
255,1.2049411269974768,Participant3_RS_SlUp,Endomorph,Normal,upright,1.0,0.0,0.0,-0.4077232920175961,50.074623343663966,0.3776210440590602,1
256,1.2096663863190356,Participant3_RS_SlUp,Endomorph,Normal,upright,1.0,0.0,0.0,-0.3971058649085663,49.676624668805495,0.3815701242259389,1
257,1.2143916456405943,Participant3_RS_SlUp,Endomorph,Normal,upright,1.0,0.0,0.0,-0.3819201111349827,49.17003189880671,0.372008987741596,1
258,1.219116904962153,Participant3_RS_SlUp,Endomorph,Normal,upright,1.0,0.0,0.0,-0.4323747843454616,49.64407548105756,0.3818478877020879,1
259,1.2238421642837118,Participant3_RS_SlUp,Endomorph,Normal,upright,1.0,0.0,0.0,-0.4152230882751825,49.64010298919707,0.3815215815789399,1
260,1.2285674236052704,Participant3_RS_SlUp,Endomorph,Normal,upright,1.0,0.0,0.0,-0.3915887518165227,50.15087281026402,0.3744282556243934,1
261,1.2332926829268291,Participant3_RS_SlUp,Endomorph,Normal,upright,1.0,0.0,0.0,-0.4469082015896671,49.25752827534021,0.3676562366692079,1
262,1.238017942248388,Participant3_RS_SlUp,Endomorph,Normal,upright,1.0,0.0,0.0,-0.4371201823812578,49.63189996727304,0.3759268476174202,1
263,1.2427432015699469,Participant3_RS_SlUp,Endomorph,Normal,upright,1.0,0.0,0.0,-0.4466996569714113,49.80116153687528,0.3833690831473507,1
264,1.2474684608915054,Participant3_RS_SlUp,Endomorph,Normal,upright,1.0,0.0,0.0,-0.4710327986745479,49.60303394669662,0.379611922984783,1
265,1.2521937202130642,Participant3_RS_SlUp,Endomorph,Normal,upright,1.0,0.0,0.0,-0.487729476679734,49.557698303156734,0.3900537602868257,1
266,1.256918979534623,Participant3_RS_SlUp,Endomorph,Normal,upright,1.0,0.0,0.0,-0.4714973796971905,49.02288298771117,0.3845072706443774,1
267,1.2616442388561817,Participant3_RS_SlUp,Endomorph,Normal,upright,1.0,0.0,0.0,-0.454980256822065,49.86974343907057,0.376424932645201,1
268,1.2663694981777402,Participant3_RS_SlUp,Endomorph,Normal,upright,1.0,0.0,0.0,-0.4315643080863368,49.370075320499495,0.3797441425188128,1
269,1.271094757499299,Participant3_RS_SlUp,Endomorph,Normal,upright,1.0,0.0,0.0,-0.4622924303101015,48.98633936418124,0.3792847466742132,1
270,1.2758200168208578,Participant3_RS_SlUp,Endomorph,Normal,upright,1.0,0.0,0.0,-0.4241059469449928,49.46830669064696,0.3720748460573188,1
271,1.2805452761424163,Participant3_RS_SlUp,Endomorph,Normal,upright,1.0,0.0,0.0,-0.3915641485436613,49.276757039925926,0.3815371098664829,1
272,1.2852705354639753,Participant3_RS_SlUp,Endomorph,Normal,upright,1.0,0.0,0.0,-0.435300185685147,49.22137072628824,0.3799968149023208,1
273,1.289995794785534,Participant3_RS_SlUp,Endomorph,Normal,upright,1.0,0.0,0.0,-0.4571090992347496,49.22426756519129,0.3807917272619531,1
274,1.2947210541070928,Participant3_RS_SlUp,Endomorph,Normal,upright,1.0,0.0,0.0,-0.4400298621788459,49.58740813697972,0.3742042823056619,1
275,1.2994463134286516,Participant3_RS_SlUp,Endomorph,Normal,upright,1.0,0.0,0.0,-0.4482146936724291,49.326361791134985,0.3782014065523083,1
276,1.30417157275021,Participant3_RS_SlUp,Endomorph,Normal,upright,1.0,0.0,0.0,-0.5161332439764652,49.9337374680414,0.3784104947480327,1
277,1.3088968320717689,Participant3_RS_SlUp,Endomorph,Normal,upright,1.0,0.0,0.0,-0.550551240866444,49.24271109598008,0.3812142436514517,1
278,1.3136220913933276,Participant3_RS_SlUp,Endomorph,Normal,upright,1.0,0.0,0.0,-0.4894291501886291,49.30742899552499,0.3819414118361222,1
279,1.3183473507148864,Participant3_RS_SlUp,Endomorph,Normal,upright,1.0,0.0,0.0,-0.4458621641933482,48.56707642609204,0.3789720503494762,1
280,1.3230726100364452,Participant3_RS_SlUp,Endomorph,Normal,upright,1.0,0.0,0.0,-0.4433692593471549,50.2417499078429,0.3771225500056242,1
281,1.327797869358004,Participant3_RS_SlUp,Endomorph,Normal,upright,1.0,0.0,0.0,-0.4543231771143783,49.72521101550876,0.3878859227118227,1
282,1.332523128679563,Participant3_RS_SlUp,Endomorph,Normal,upright,1.0,0.0,0.0,-0.4292275710079283,50.37085787566099,0.3831979383889377,1
283,1.3372483880011212,Participant3_RS_SlUp,Endomorph,Normal,upright,1.0,0.0,0.0,-0.4883297455807839,49.37355497970696,0.3753400006947994,1
284,1.34197364732268,Participant3_RS_SlUp,Endomorph,Normal,upright,1.0,0.0,0.0,-0.4452948109165648,49.91841585808467,0.3807109199052815,1
285,1.3466989066442387,Participant3_RS_SlUp,Endomorph,Normal,upright,1.0,0.0,0.0,-0.5048559791500606,49.835159417413045,0.3712574864816743,1
286,1.3514241659657975,Participant3_RS_SlUp,Endomorph,Normal,upright,1.0,0.0,0.0,-0.46892892399518,49.65269889283567,0.3674075624956354,1
287,1.3561494252873565,Participant3_RS_SlUp,Endomorph,Normal,upright,1.0,0.0,0.0,-0.4942888750284614,49.698629489874094,0.3703824141318511,1
288,1.360874684608915,Participant3_RS_SlUp,Endomorph,Normal,upright,1.0,0.0,0.0,-0.4663409852062133,48.652639823994,0.3859734077042898,1
289,1.3655999439304738,Participant3_RS_SlUp,Endomorph,Normal,upright,1.0,0.0,0.0,-0.443874786015241,48.87091898106648,0.3832871427743095,1
290,1.3703252032520326,Participant3_RS_SlUp,Endomorph,Normal,upright,1.0,0.0,0.0,-0.4324154234314508,49.84107681092178,0.3707630646296314,1
291,1.375050462573591,Participant3_RS_SlUp,Endomorph,Normal,upright,1.0,0.0,0.0,-0.4561397119185888,49.83485647145053,0.3839389182210004,1
292,1.37977572189515,Participant3_RS_SlUp,Endomorph,Normal,upright,1.0,0.0,0.0,-0.4203973812535869,50.00274127495005,0.3767835795993161,1
293,1.3845009812167086,Participant3_RS_SlUp,Endomorph,Normal,upright,1.0,0.0,0.0,-0.493354992659748,49.05597978645542,0.3803519300729855,1
294,1.3892262405382674,Participant3_RS_SlUp,Endomorph,Normal,upright,1.0,0.0,0.0,-0.5295340177201358,49.29501267117468,0.3898706245397261,1
295,1.393951499859826,Participant3_RS_SlUp,Endomorph,Normal,upright,1.0,0.0,0.0,-0.4532763593221822,49.514528020836245,0.382861098555362,1
296,1.398676759181385,Participant3_RS_SlUp,Endomorph,Normal,upright,1.0,0.0,0.0,-0.3838029921697816,49.96485343141804,0.3903580951266217,1
297,1.4034020185029437,Participant3_RS_SlUp,Endomorph,Normal,upright,1.0,0.0,0.0,-0.5621225653989597,49.07691510540569,0.3939835683975391,1
298,1.4081272778245024,Participant3_RS_SlUp,Endomorph,Normal,upright,1.0,0.0,0.0,-0.4994188234747635,49.7100841661555,0.3722903164083541,1
299,1.412852537146061,Participant3_RS_SlUp,Endomorph,Normal,upright,1.0,0.0,0.0,-0.5034654597102248,49.49350231623716,0.3959928792464982,1
300,1.4175777964676195,Participant3_RS_SlUp,Endomorph,Normal,upright,1.0,0.0,0.0,-0.5415750775692818,49.46089665902539,0.3841568206156335,1
301,1.4223030557891785,Participant3_RS_SlUp,Endomorph,Normal,upright,1.0,0.0,0.0,-0.4925898449770456,49.105241890538046,0.3751983293117199,1
302,1.4270283151107372,Participant3_RS_SlUp,Endomorph,Normal,upright,1.0,0.0,0.0,-0.4787378712017185,48.90566307304749,0.393230480074496,1
303,1.431753574432296,Participant3_RS_SlUp,Endomorph,Normal,upright,1.0,0.0,0.0,-0.5192193480350342,49.49094316245606,0.3988576687208172,1
304,1.4364788337538548,Participant3_RS_SlUp,Endomorph,Normal,upright,1.0,0.0,0.0,-0.4668626648995455,48.55230296799008,0.3925195712892647,1
305,1.4412040930754135,Participant3_RS_SlUp,Endomorph,Normal,upright,1.0,0.0,0.0,-0.49233784425961,48.4482732775944,0.3979568259245079,1
306,1.445929352396972,Participant3_RS_SlUp,Endomorph,Normal,upright,1.0,0.0,0.0,-0.4095401427611654,48.26215932406805,0.3941034921406157,1
307,1.4506546117185308,Participant3_RS_SlUp,Endomorph,Normal,upright,1.0,0.0,0.0,-0.4701075636824288,48.95150421784594,0.4007561151624901,1
308,1.4553798710400896,Participant3_RS_SlUp,Endomorph,Normal,upright,1.0,0.0,0.0,-0.4422576014941577,49.28742785467824,0.3881389805233506,1
309,1.4601051303616484,Participant3_RS_SlUp,Endomorph,Normal,upright,1.0,0.0,0.0,-0.4573067329057706,49.25414205758988,0.3867452026398968,1
310,1.4648303896832071,Participant3_RS_SlUp,Endomorph,Normal,upright,1.0,0.0,0.0,-0.3926553766840623,49.20962057347743,0.3920444508741195,1
311,1.469555649004766,Participant3_RS_SlUp,Endomorph,Normal,upright,1.0,0.0,0.0,-0.4655620662976497,48.698500427244845,0.3894084195673417,1
312,1.4742809083263246,Participant3_RS_SlUp,Endomorph,Normal,upright,1.0,0.0,0.0,-0.4336777104307923,49.53779442468696,0.3900372103254129,1
313,1.4790061676478834,Participant3_RS_SlUp,Endomorph,Normal,upright,1.0,0.0,0.0,-0.4384689270241477,50.14667780071743,0.3851609921917951,1
314,1.483731426969442,Participant3_RS_SlUp,Endomorph,Normal,upright,1.0,0.0,0.0,-0.3703808235862457,50.24187674812204,0.3980812126475804,1
315,1.4884566862910007,Participant3_RS_SlUp,Endomorph,Normal,upright,1.0,0.0,0.0,-0.4006514712534367,49.00957702557239,0.3979292297943569,1
316,1.4931819456125597,Participant3_RS_SlUp,Endomorph,Normal,upright,1.0,0.0,0.0,-0.3985407065500435,49.601122627389415,0.4008213903438681,1
317,1.4979072049341182,Participant3_RS_SlUp,Endomorph,Normal,upright,1.0,0.0,0.0,-0.3918199134249908,50.11863264831887,0.3920393694756128,1
318,1.502632464255677,Participant3_RS_SlUp,Endomorph,Normal,upright,1.0,0.0,0.0,-0.3971306099191438,49.72561029531868,0.3927960089890311,1
319,1.5073577235772355,Participant3_RS_SlUp,Endomorph,Normal,upright,1.0,0.0,0.0,-0.4024145948712694,50.05993048397304,0.3774036157598227,1
320,1.5120829828987945,Participant3_RS_SlUp,Endomorph,Normal,upright,1.0,0.0,0.0,-0.419346124914947,50.553157420886286,0.3707566717424318,1
321,1.5168082422203533,Participant3_RS_SlUp,Endomorph,Normal,upright,1.0,0.0,0.0,-0.4243972296259928,49.97855376589177,0.3824572857362255,1
322,1.5215335015419118,Participant3_RS_SlUp,Endomorph,Normal,upright,1.0,0.0,0.0,-0.4572381741399832,49.653240524550725,0.3862323770845581,1
323,1.5262587608634706,Participant3_RS_SlUp,Endomorph,Normal,upright,1.0,0.0,0.0,-0.5020501789446898,49.87061545280944,0.391875710057835,1
324,1.530984020185029,Participant3_RS_SlUp,Endomorph,Normal,upright,1.0,0.0,0.0,-0.4995884162612777,48.910595195164376,0.3995725028728275,1
325,1.535709279506588,Participant3_RS_SlUp,Endomorph,Normal,upright,1.0,0.0,0.0,-0.4971266535778655,48.63827685317123,0.4012393631571645,1
326,1.5404345388281468,Participant3_RS_SlUp,Endomorph,Normal,upright,1.0,0.0,0.0,-0.492590538443395,48.06194458421091,0.3966316090887107,1
327,1.5451597981497056,Participant3_RS_SlUp,Endomorph,Normal,upright,1.0,0.0,0.0,-0.442320033641153,48.78984102952437,0.396021573935951,1
328,1.5498850574712644,Participant3_RS_SlUp,Endomorph,Normal,upright,1.0,0.0,0.0,-0.4691951168861046,48.88801918685148,0.3986998534685936,1
329,1.5546103167928231,Participant3_RS_SlUp,Endomorph,Normal,upright,1.0,0.0,0.0,-0.4890068054636558,48.78891241347196,0.3990174947628947,1
330,1.5593355761143817,Participant3_RS_SlUp,Endomorph,Normal,upright,1.0,0.0,0.0,-0.4336933973798882,49.58950315855783,0.3940038303983925,1
331,1.5640608354359404,Participant3_RS_SlUp,Endomorph,Normal,upright,1.0,0.0,0.0,-0.4591389614913406,49.074216355913,0.3960300191912768,1
332,1.5687860947574992,Participant3_RS_SlUp,Endomorph,Normal,upright,1.0,0.0,0.0,-0.5324533818512074,49.85333363864901,0.3983168682512343,1
333,1.573511354079058,Participant3_RS_SlUp,Endomorph,Normal,upright,1.0,0.0,0.0,-0.4410961996231131,48.907977498253,0.4029906209250476,1
334,1.5782366134006167,Participant3_RS_SlUp,Endomorph,Normal,upright,1.0,0.0,0.0,-0.443245936741422,48.9242999345467,0.3971600404890656,1
335,1.5829618727221757,Participant3_RS_SlUp,Endomorph,Normal,upright,1.0,0.0,0.0,-0.4524078213502747,48.86188237987666,0.3959278519418287,1
336,1.5876871320437342,Participant3_RS_SlUp,Endomorph,Normal,upright,1.0,0.0,0.0,-0.4452084867845888,49.32210132621129,0.3971475400857105,1
337,1.5924123913652928,Participant3_RS_SlUp,Endomorph,Normal,upright,1.0,0.0,0.0,-0.414453939848908,49.50315553984329,0.3980246424423048,1
338,1.5971376506868515,Participant3_RS_SlUp,Endomorph,Normal,upright,1.0,0.0,0.0,-0.434011500607747,48.730939569831015,0.3954881609116606,1
339,1.6018629100084103,Participant3_RS_SlUp,Endomorph,Normal,upright,1.0,0.0,0.0,-0.4596326854574677,48.754872797505655,0.3957031312270074,1
340,1.606588169329969,Participant3_RS_SlUp,Endomorph,Normal,upright,1.0,0.0,0.0,-0.4845650449506231,49.16915335007143,0.3903541847775212,1
341,1.6113134286515278,Participant3_RS_SlUp,Endomorph,Normal,upright,1.0,0.0,0.0,-0.5144068113403142,48.51373644248826,0.3984613681462658,1
342,1.6160386879730866,Participant3_RS_SlUp,Endomorph,Normal,upright,1.0,0.0,0.0,-0.561793069703353,48.47913155343991,0.3952321983670748,1
343,1.6207639472946451,Participant3_RS_SlUp,Endomorph,Normal,upright,1.0,0.0,0.0,-0.5199319232616414,48.36915569205625,0.3954786886687874,1
344,1.625489206616204,Participant3_RS_SlUp,Endomorph,Normal,upright,1.0,0.0,0.0,-0.4695136202289357,49.58905975291875,0.3953676819122135,1
345,1.6302144659377626,Participant3_RS_SlUp,Endomorph,Normal,upright,1.0,0.0,0.0,-0.38127352165985,48.789201672362594,0.3922140319429103,1
346,1.6349397252593214,Participant3_RS_SlUp,Endomorph,Normal,upright,1.0,0.0,0.0,-0.4126687415567416,49.1389446431398,0.3955671348531137,1
347,1.6396649845808802,Participant3_RS_SlUp,Endomorph,Normal,upright,1.0,0.0,0.0,-0.4334246572944149,48.709671187325775,0.3963918513899967,1
348,1.644390243902439,Participant3_RS_SlUp,Endomorph,Normal,upright,1.0,0.0,0.0,-0.4360955169800204,48.704659267906685,0.4001223995371785,1
349,1.6491155032239977,Participant3_RS_SlUp,Endomorph,Normal,upright,1.0,0.0,0.0,-0.4866089096679666,47.97775984282856,0.4033764631165387,1
350,1.6538407625455565,Participant3_RS_SlUp,Endomorph,Normal,upright,1.0,0.0,0.0,-0.5371223023559129,49.25572310739069,0.398139212152871,1
351,1.6585660218671152,Participant3_RS_SlUp,Endomorph,Normal,upright,1.0,0.0,0.0,-0.504063896259551,49.73709646378472,0.3866782993103561,1
352,1.663291281188674,Participant3_RS_SlUp,Endomorph,Normal,upright,1.0,0.0,0.0,-0.5488044248062045,49.46977831205727,0.3988299572734451,1
353,1.6680165405102323,Participant3_RS_SlUp,Endomorph,Normal,upright,1.0,0.0,0.0,-0.5386026142019598,48.34855647253757,0.4029492214521106,1
354,1.6727417998317913,Participant3_RS_SlUp,Endomorph,Normal,upright,1.0,0.0,0.0,-0.5284008035977151,48.35126202351049,0.3975960244089067,1
355,1.67746705915335,Participant3_RS_SlUp,Endomorph,Normal,upright,1.0,0.0,0.0,-0.4481808839720602,48.54695800804889,0.4018514088465686,1
356,1.6821923184749088,Participant3_RS_SlUp,Endomorph,Normal,upright,1.0,0.0,0.0,-0.4650905544354777,48.018313584750445,0.4026739352620768,1
357,1.6869175777964676,Participant3_RS_SlUp,Endomorph,Normal,upright,1.0,0.0,0.0,-0.4470570311388135,48.31692550219681,0.4013682373894322,1
358,1.6916428371180263,Participant3_RS_SlUp,Endomorph,Normal,upright,1.0,0.0,0.0,-0.4290235078421492,48.9068400513968,0.4059253876361549,1
359,1.696368096439585,Participant3_RS_SlUp,Endomorph,Normal,upright,1.0,0.0,0.0,-0.5482838070635354,49.2981459153629,0.3987173591378405,1
360,1.7010933557611438,Participant3_RS_SlUp,Endomorph,Normal,upright,1.0,0.0,0.0,-0.3900877104659355,49.15934640203509,0.3977329331081826,1
361,1.7058186150827024,Participant3_RS_SlUp,Endomorph,Normal,upright,1.0,0.0,0.0,-0.4069641295988395,49.26910992506843,0.3974085787211541,1
362,1.7105438744042611,Participant3_RS_SlUp,Endomorph,Normal,upright,1.0,0.0,0.0,-0.4168900160082207,48.89808755543245,0.3892865586699428,1
363,1.71526913372582,Participant3_RS_SlUp,Endomorph,Normal,upright,1.0,0.0,0.0,-0.4147666959250171,49.29507018977003,0.403556904853578,1
364,1.7199943930473789,Participant3_RS_SlUp,Endomorph,Normal,upright,1.0,0.0,0.0,-0.4378537077097061,49.758002232527126,0.3899924077362629,1
365,1.7247196523689374,Participant3_RS_SlUp,Endomorph,Normal,upright,1.0,0.0,0.0,-0.4594833581287512,48.333590405500686,0.4054041352388721,1
366,1.7294449116904962,Participant3_RS_SlUp,Endomorph,Normal,upright,1.0,0.0,0.0,-0.3722304330508714,49.73804471564132,0.3981827658328127,1
367,1.734170171012055,Participant3_RS_SlUp,Endomorph,Normal,upright,1.0,0.0,0.0,-0.4398302019798229,48.29993575810244,0.3846040912280105,1
368,1.7388954303336135,Participant3_RS_SlUp,Endomorph,Normal,upright,1.0,0.0,0.0,-0.4333418989837271,49.071884514604974,0.3997617546068939,1
369,1.7436206896551725,Participant3_RS_SlUp,Endomorph,Normal,upright,1.0,0.0,0.0,-0.4367376578683583,49.40113168626008,0.3786714659692828,1
370,1.748345948976731,Participant3_RS_SlUp,Endomorph,Normal,upright,1.0,0.0,0.0,-0.4278457369097613,50.268313526570296,0.383557796664667,1
371,1.7530712082982898,Participant3_RS_SlUp,Endomorph,Normal,upright,1.0,0.0,0.0,-0.4459096885479424,49.94799539143565,0.3855836724251235,1
372,1.7577964676198483,Participant3_RS_SlUp,Endomorph,Normal,upright,1.0,0.0,0.0,-0.40163010255795,50.691266860324646,0.3848279429912505,1
373,1.7625217269414073,Participant3_RS_SlUp,Endomorph,Normal,upright,1.0,0.0,0.0,-0.4661846652849086,50.50342873326007,0.3776865552171972,1
374,1.767246986262966,Participant3_RS_SlUp,Endomorph,Normal,upright,1.0,0.0,0.0,-0.4487202161782382,49.97530695350806,0.3796160215449536,1
375,1.7719722455845248,Participant3_RS_SlUp,Endomorph,Normal,upright,1.0,0.0,0.0,-0.4146428744635605,50.67478476100048,0.3831406850478123,1
376,1.7766975049060834,Participant3_RS_SlUp,Endomorph,Normal,upright,1.0,0.0,0.0,-0.4679400208689742,50.02074337791397,0.3821421047861034,1
377,1.781422764227642,Participant3_RS_SlUp,Endomorph,Normal,upright,1.0,0.0,0.0,-0.4267164185932058,50.44865323378293,0.3823537409173703,1
378,1.7861480235492009,Participant3_RS_SlUp,Endomorph,Normal,upright,1.0,0.0,0.0,-0.3818030330359853,50.75593951240174,0.3817202728392991,1
379,1.7908732828707596,Participant3_RS_SlUp,Endomorph,Normal,upright,1.0,0.0,0.0,-0.4077898494273899,50.70876823601131,0.3881453036614258,1
380,1.7955985421923184,Participant3_RS_SlUp,Endomorph,Normal,upright,1.0,0.0,0.0,-0.3745172784551744,50.82158920031491,0.3922816515325156,1
381,1.8003238015138772,Participant3_RS_SlUp,Endomorph,Normal,upright,1.0,0.0,0.0,-0.4029990328826653,50.43486670076231,0.3876201253089893,1
382,1.805049060835436,Participant3_RS_SlUp,Endomorph,Normal,upright,1.0,0.0,0.0,-0.4142346676856706,50.03576668426464,0.3832566611887298,1
383,1.809774320156995,Participant3_RS_SlUp,Endomorph,Normal,upright,1.0,0.0,0.0,-0.3990697372595412,50.46679615625936,0.387417236332777,1
384,1.8144995794785528,Participant3_RS_SlUp,Endomorph,Normal,upright,1.0,0.0,0.0,-0.4094353273779869,50.6787267390625,0.3784745567583016,1
385,1.819224838800112,Participant3_RS_SlUp,Endomorph,Normal,upright,1.0,0.0,0.0,-0.5027637672586934,50.76960372286773,0.3687781986787343,1
386,1.8239500981216707,Participant3_RS_SlUp,Endomorph,Normal,upright,1.0,0.0,0.0,-0.3719690914315849,51.141295751102014,0.3801921879801768,1
387,1.8286753574432293,Participant3_RS_SlUp,Endomorph,Normal,upright,1.0,0.0,0.0,-0.4049388510941998,49.99248183884054,0.3916230248901376,1
388,1.8334006167647885,Participant3_RS_SlUp,Endomorph,Normal,upright,1.0,0.0,0.0,-0.3183273084645159,51.09334012217259,0.3849986816377104,1
389,1.838125876086347,Participant3_RS_SlUp,Endomorph,Normal,upright,1.0,0.0,0.0,-0.4052840307396842,50.645917738739975,0.3866933415503494,1
390,1.8428511354079056,Participant3_RS_SlUp,Endomorph,Normal,upright,1.0,0.0,0.0,-0.4677914449073133,50.48609666454492,0.3923062833605323,1
391,1.8475763947294648,Participant3_RS_SlUp,Endomorph,Normal,upright,1.0,0.0,0.0,-0.4465970510616885,50.30961812982858,0.3890597122543483,1
392,1.852301654051023,Participant3_RS_SlUp,Endomorph,Normal,upright,1.0,0.0,0.0,-0.3827415169237901,50.92842281111005,0.3863131487366339,1
393,1.8570269133725816,Participant3_RS_SlUp,Endomorph,Normal,upright,1.0,0.0,0.0,-0.4297521619872645,50.527989672890094,0.3854969930226836,1
394,1.8617521726941408,Participant3_RS_SlUp,Endomorph,Normal,upright,1.0,0.0,0.0,-0.4355154138195108,51.098835109222975,0.3946224689137576,1
395,1.8664774320156996,Participant3_RS_SlUp,Endomorph,Normal,upright,1.0,0.0,0.0,-0.4172418430480726,50.5111977542126,0.3885611477496515,1
396,1.871202691337258,Participant3_RS_SlUp,Endomorph,Normal,upright,1.0,0.0,0.0,-0.4107038257188895,50.779049793262345,0.3883750099789465,1
397,1.875927950658817,Participant3_RS_SlUp,Endomorph,Normal,upright,1.0,0.0,0.0,-0.4598649918764335,50.27244888305917,0.3856275493277121,1
398,1.880653209980376,Participant3_RS_SlUp,Endomorph,Normal,upright,1.0,0.0,0.0,-0.4082429125237002,50.90509779338891,0.3842825136193789,1
399,1.8853784693019344,Participant3_RS_SlUp,Endomorph,Normal,upright,1.0,0.0,0.0,-0.4146643149551479,50.869422441415765,0.3820016380238922,1
400,1.890103728623493,Participant3_RS_SlUp,Endomorph,Normal,upright,1.0,0.0,0.0,-0.3817142878263939,50.4863775876757,0.376909080481198,1
401,1.894828987945052,Participant3_RS_SlUp,Endomorph,Normal,upright,1.0,0.0,0.0,-0.4234336657669931,50.754870889466375,0.3853834765330815,1
402,1.8995542472666105,Participant3_RS_SlUp,Endomorph,Normal,upright,1.0,0.0,0.0,-0.4153358174118409,50.95408307870032,0.3755064364764552,1
403,1.9042795065881688,Participant3_RS_SlUp,Endomorph,Normal,upright,1.0,0.0,0.0,-0.4333277585112293,50.34900942870813,0.3869076299618837,1
404,1.909004765909728,Participant3_RS_SlUp,Endomorph,Normal,upright,1.0,0.0,0.0,-0.350620744822826,51.13397355675602,0.3861802215492707,1
405,1.9137300252312868,Participant3_RS_SlUp,Endomorph,Normal,upright,1.0,0.0,0.0,-0.3726878143328896,51.18720006344917,0.3893714016338,1
406,1.9184552845528453,Participant3_RS_SlUp,Endomorph,Normal,upright,1.0,0.0,0.0,-0.340490141482089,51.43395770142988,0.3902138117873995,1
407,1.923180543874404,Participant3_RS_SlUp,Endomorph,Normal,upright,1.0,0.0,0.0,-0.3425469464674721,51.70923851680006,0.3864078510698134,1
408,1.9279058031959628,Participant3_RS_SlUp,Endomorph,Normal,upright,1.0,0.0,0.0,-0.3440478861267997,51.38272924298578,0.3857438287481977,1
409,1.9326310625175216,Participant3_RS_SlUp,Endomorph,Normal,upright,1.0,0.0,0.0,-0.3391338714767026,51.59181031950752,0.3818946775352191,1
410,1.9373563218390804,Participant3_RS_SlUp,Endomorph,Normal,upright,1.0,0.0,0.0,-0.4100327966747669,50.41319008619488,0.3839474161876912,1
411,1.9420815811606391,Participant3_RS_SlUp,Endomorph,Normal,upright,1.0,0.0,0.0,-0.4432489374720544,50.85671232373263,0.3845102814727879,1
412,1.9468068404821977,Participant3_RS_SlUp,Endomorph,Normal,upright,1.0,0.0,0.0,-0.4192511141921506,51.09453735285822,0.3784022215539104,1
413,1.9515320998037569,Participant3_RS_SlUp,Endomorph,Normal,upright,1.0,0.0,0.0,-0.4445198255763779,50.97118857153674,0.3721414930890636,1
414,1.9562573591253156,Participant3_RS_SlUp,Endomorph,Normal,upright,1.0,0.0,0.0,-0.5325699103384863,50.38941014171529,0.3738156719070011,1
415,1.960982618446874,Participant3_RS_SlUp,Endomorph,Normal,upright,1.0,0.0,0.0,-0.4500904957387939,51.04422271662477,0.3873747978878104,1
416,1.9657078777684327,Participant3_RS_SlUp,Endomorph,Normal,upright,1.0,0.0,0.0,-0.4286463832820871,51.79877177303031,0.3912101898972101,1
417,1.9704331370899917,Participant3_RS_SlUp,Endomorph,Normal,upright,1.0,0.0,0.0,-0.5081356652646462,50.61448888543936,0.3827805609332294,1
418,1.9751583964115504,Participant3_RS_SlUp,Endomorph,Normal,upright,1.0,0.0,0.0,-0.4086819410852427,52.08042428807084,0.3888876719940208,1
419,1.979883655733109,Participant3_RS_SlUp,Endomorph,Normal,upright,1.0,0.0,0.0,-0.4655415642199983,50.98398142750392,0.383417998492543,1
420,1.984608915054668,Participant3_RS_SlUp,Endomorph,Normal,upright,1.0,0.0,0.0,-0.4375508059557801,50.76359596855247,0.3846287225214964,1
421,1.9893341743762265,Participant3_RS_SlUp,Endomorph,Normal,upright,1.0,0.0,0.0,-0.4930612483411226,50.53385942767666,0.3901222222330082,1
422,1.9940594336977853,Participant3_RS_SlUp,Endomorph,Normal,upright,1.0,0.0,0.0,-0.4746755440860692,49.95869118038483,0.3947924827634191,1
423,1.998784693019344,Participant3_RS_SlUp,Endomorph,Normal,upright,1.0,0.0,0.0,-0.5137968243179182,49.93718059882216,0.3893846829373816,1
424,2.003509952340903,Participant3_RS_SlUp,Endomorph,Normal,upright,1.0,0.0,0.0,-0.4527727271559653,49.41483529484269,0.3857211958045795,1
425,2.0082352116624613,Participant3_RS_SlUp,Endomorph,Normal,upright,1.0,0.0,0.0,-0.4291426268477165,50.33709727783383,0.3902075472963081,1
426,2.0129604709840203,Participant3_RS_SlUp,Endomorph,Normal,upright,1.0,0.0,0.0,-0.3930651704107688,50.11392644093576,0.3816835405718757,1
427,2.017685730305579,Participant3_RS_SlUp,Endomorph,Normal,upright,1.0,0.0,0.0,-0.482277236106153,50.27430122049821,0.3901721740606184,1
428,2.0224109896271374,Participant3_RS_SlUp,Endomorph,Normal,upright,1.0,0.0,0.0,-0.4484498720194716,50.54375493774796,0.3800450422449468,1
429,2.0271362489486964,Participant3_RS_SlUp,Endomorph,Normal,upright,1.0,0.0,0.0,-0.4631214818989572,51.04006575369275,0.3844649458065644,1
430,2.031861508270255,Participant3_RS_SlUp,Endomorph,Normal,upright,1.0,0.0,0.0,-0.4552791075381591,50.758821304342455,0.3871601753307276,1
431,2.036586767591814,Participant3_RS_SlUp,Endomorph,Normal,upright,1.0,0.0,0.0,-0.4642326129487103,50.87897235864072,0.3766348560109115,1
432,2.0413120269133724,Participant3_RS_SlUp,Endomorph,Normal,upright,1.0,0.0,0.0,-0.4620745774748519,50.67353584068806,0.3845406139281718,1
433,2.0460372862349314,Participant3_RS_SlUp,Endomorph,Normal,upright,1.0,0.0,0.0,-0.4227616887215772,50.55355681619142,0.3845265797320827,1
434,2.05076254555649,Participant3_RS_SlUp,Endomorph,Normal,upright,1.0,0.0,0.0,-0.3811937560094407,50.81402218564258,0.3829809931021715,1
435,2.0554878048780485,Participant3_RS_SlUp,Endomorph,Normal,upright,1.0,0.0,0.0,-0.4358543758887622,49.851978491921926,0.3733548526904667,1
436,2.0602130641996075,Participant3_RS_SlUp,Endomorph,Normal,upright,1.0,0.0,0.0,-0.4109560794860256,50.176972472265824,0.3705487165945175,1
437,2.064938323521166,Participant3_RS_SlUp,Endomorph,Normal,upright,1.0,0.0,0.0,-0.3802243097687058,50.75510968111215,0.3725070395818038,1
438,2.069663582842725,Participant3_RS_SlUp,Endomorph,Normal,upright,1.0,0.0,0.0,-0.4020848043739287,50.95495955143954,0.3852758537142258,1
439,2.0743888421642835,Participant3_RS_SlUp,Endomorph,Normal,upright,1.0,0.0,0.0,-0.4390417213876565,50.59513448581166,0.3698371457860179,1
440,2.0791141014858425,Participant3_RS_SlUp,Endomorph,Normal,upright,1.0,0.0,0.0,-0.410112224992925,50.359968419596406,0.3823896082998749,1
441,2.083839360807401,Participant3_RS_SlUp,Endomorph,Normal,upright,1.0,0.0,0.0,-0.4363231799236118,50.50574497609215,0.3850030709188395,1
442,2.08856462012896,Participant3_RS_SlUp,Endomorph,Normal,upright,1.0,0.0,0.0,-0.3862397789318589,51.433503544481255,0.3793826013891329,1
443,2.0932898794505186,Participant3_RS_SlUp,Endomorph,Normal,upright,1.0,0.0,0.0,-0.4244911462634578,51.435711951131545,0.3925967538381318,1
444,2.098015138772077,Participant3_RS_SlUp,Endomorph,Normal,upright,1.0,0.0,0.0,-0.3684726660105725,51.75284642402763,0.3835596930081296,1
445,2.102740398093636,Participant3_RS_SlUp,Endomorph,Normal,upright,1.0,0.0,0.0,-0.4580695803968482,51.014020669825086,0.3783614704919263,1
446,2.107465657415194,Participant3_RS_SlUp,Endomorph,Normal,upright,1.0,0.0,0.0,-0.4325934960765329,50.70425025122565,0.3791161111296603,1
447,2.1121909167367536,Participant3_RS_SlUp,Endomorph,Normal,upright,1.0,0.0,0.0,-0.5523215989164607,50.60407926476039,0.3582344411213236,1
448,2.116916176058312,Participant3_RS_SlUp,Endomorph,Normal,upright,1.0,0.0,0.0,-0.4057132547229869,51.00777681291158,0.3804750893905614,1
449,2.121641435379871,Participant3_RS_SlUp,Endomorph,Normal,upright,1.0,0.0,0.0,-0.4832458455357786,50.842725373451415,0.3760065849247813,1
450,2.1263666947014297,Participant3_RS_SlUp,Endomorph,Normal,upright,1.0,0.0,0.0,-0.3958476017917004,51.05307893970268,0.370827882570041,1
451,2.131091954022988,Participant3_RS_SlUp,Endomorph,Normal,upright,1.0,0.0,0.0,-0.5295283864553795,50.50086607837443,0.3692387853471615,1
452,2.135817213344547,Participant3_RS_SlUp,Endomorph,Normal,upright,1.0,0.0,0.0,-0.4405055417571277,51.06968277410834,0.3729414117512617,1
453,2.1405424726661058,Participant3_RS_SlUp,Endomorph,Normal,upright,1.0,0.0,0.0,-0.5528567508780545,50.82742534823817,0.3686235572164593,1
454,2.1452677319876647,Participant3_RS_SlUp,Endomorph,Normal,upright,1.0,0.0,0.0,-0.5220726603182366,50.539624795775055,0.3714665337341276,1
455,2.1499929913092237,Participant3_RS_SlUp,Endomorph,Normal,upright,1.0,0.0,0.0,-0.5796910775239676,50.30714265538285,0.3790164320806176,1
456,2.1547182506307823,Participant3_RS_SlUp,Endomorph,Normal,upright,1.0,0.0,0.0,-0.5334687082802808,50.738203914199,0.365665637431916,1
457,2.159443509952341,Participant3_RS_SlUp,Endomorph,Normal,upright,1.0,0.0,0.0,-0.4469511654756845,51.56162506644583,0.3769192994175712,1
458,2.1641687692739,Participant3_RS_SlUp,Endomorph,Normal,upright,1.0,0.0,0.0,-0.4049559230149124,51.85249509151438,0.3839466607879577,1
459,2.1688940285954583,Participant3_RS_SlUp,Endomorph,Normal,upright,1.0,0.0,0.0,-0.3560028077942748,52.69606743385128,0.3688076004563156,1
460,2.173619287917017,Participant3_RS_SlUp,Endomorph,Normal,upright,1.0,0.0,0.0,-0.3596024461597268,52.32635792195654,0.3865843243226416,1
461,2.178344547238576,Participant3_RS_SlUp,Endomorph,Normal,upright,1.0,0.0,0.0,-0.3943352372620036,51.825617350193056,0.3770629375847377,1
462,2.1830698065601344,Participant3_RS_SlUp,Endomorph,Normal,upright,1.0,0.0,0.0,-0.3274098619655959,52.19822796786503,0.3765129862293767,1
463,2.1877950658816934,Participant3_RS_SlUp,Endomorph,Normal,upright,1.0,0.0,0.0,-0.3583640546847962,52.38545119114956,0.3787902349315345,1
464,2.192520325203252,Participant3_RS_SlUp,Endomorph,Normal,upright,1.0,0.0,0.0,-0.3827518933112431,51.840575929129926,0.3781394149927962,1
465,2.1972455845248104,Participant3_RS_SlUp,Endomorph,Normal,upright,1.0,0.0,0.0,-0.3657577432794873,52.04299710912039,0.3778110451490437,1
466,2.201970843846369,Participant3_RS_SlUp,Endomorph,Normal,upright,1.0,0.0,0.0,-0.4264653016967555,51.33493695091196,0.377450704431766,1
467,2.206696103167928,Participant3_RS_SlUp,Endomorph,Normal,upright,1.0,0.0,0.0,-0.423070503798117,51.0657082925346,0.3854408442725213,1
468,2.211421362489487,Participant3_RS_SlUp,Endomorph,Normal,upright,1.0,0.0,0.0,-0.3947171668350644,51.41193221142293,0.3817382308174923,1
469,2.216146621811045,Participant3_RS_SlUp,Endomorph,Normal,upright,1.0,0.0,0.0,-0.4256670894975255,51.18117080839932,0.3894880013940206,1
470,2.2208718811326045,Participant3_RS_SlUp,Endomorph,Normal,upright,1.0,0.0,0.0,-0.3606306641044452,51.94408496014283,0.3859485224612244,1
471,2.225597140454163,Participant3_RS_SlUp,Endomorph,Normal,upright,1.0,0.0,0.0,-0.3964612017356286,51.63679358671741,0.3785347557540211,1
472,2.230322399775722,Participant3_RS_SlUp,Endomorph,Normal,upright,1.0,0.0,0.0,-0.4293171390390272,51.5150948241616,0.3697146127515534,1
473,2.2350476590972805,Participant3_RS_SlUp,Endomorph,Normal,upright,1.0,0.0,0.0,-0.4302933831043432,51.99817668387449,0.3728819912957906,1
474,2.239772918418839,Participant3_RS_SlUp,Endomorph,Normal,upright,1.0,0.0,0.0,-0.400598591249748,51.31492008497261,0.382114293107863,1
475,2.244498177740398,Participant3_RS_SlUp,Endomorph,Normal,upright,1.0,0.0,0.0,-0.3961813401340868,51.98128554099675,0.370292748654154,1
476,2.2492234370619566,Participant3_RS_SlUp,Endomorph,Normal,upright,1.0,0.0,0.0,-0.3764055362230292,51.737320707945656,0.3798175071036751,1
477,2.253948696383516,Participant3_RS_SlUp,Endomorph,Normal,upright,1.0,0.0,0.0,-0.412213024883181,50.40652208864076,0.3898226034850457,1
478,2.258673955705074,Participant3_RS_SlUp,Endomorph,Normal,upright,1.0,0.0,0.0,-0.3907829899533657,50.15597834176963,0.3808076564371416,1
479,2.263399215026633,Participant3_RS_SlUp,Endomorph,Normal,upright,1.0,0.0,0.0,-0.399492853328276,50.59908979545873,0.3808201539319142,1
480,2.268124474348192,Participant3_RS_SlUp,Endomorph,Normal,upright,1.0,0.0,0.0,-0.388019216381895,50.501395972668526,0.3931036531162529,1
481,2.27284973366975,Participant3_RS_SlUp,Endomorph,Normal,upright,1.0,0.0,0.0,-0.4113196218396857,51.26027998941069,0.3708653517854315,1
482,2.277574992991309,Participant3_RS_SlUp,Endomorph,Normal,upright,1.0,0.0,0.0,-0.3915372547058662,51.77811368247278,0.3710290283023871,1
483,2.282300252312868,Participant3_RS_SlUp,Endomorph,Normal,upright,1.0,0.0,0.0,-0.4135339921070503,51.21073984954351,0.3689133004171219,1
484,2.2870255116344267,Participant3_RS_SlUp,Endomorph,Normal,upright,1.0,0.0,0.0,-0.4462461210786087,51.410823152654274,0.375015626293708,1
485,2.291750770955985,Participant3_RS_SlUp,Endomorph,Normal,upright,1.0,0.0,0.0,-0.395751079610606,52.51365504301097,0.3665287405295909,1
486,2.296476030277544,Participant3_RS_SlUp,Endomorph,Normal,upright,1.0,0.0,0.0,-0.4295557031495751,50.81594571768261,0.374070665571389,1
487,2.3012012895991028,Participant3_RS_SlUp,Endomorph,Normal,upright,1.0,0.0,0.0,-0.4670022517847049,52.076404561836405,0.3698924565316225,1
488,2.3059265489206617,Participant3_RS_SlUp,Endomorph,Normal,upright,1.0,0.0,0.0,-0.4121030964799779,51.61792895175103,0.374311667471142,1
489,2.3106518082422203,Participant3_RS_SlUp,Endomorph,Normal,upright,1.0,0.0,0.0,-0.3914299797297844,51.60243385719335,0.3714653110602844,1
490,2.315377067563779,Participant3_RS_SlUp,Endomorph,Normal,upright,1.0,0.0,0.0,-0.444638586040051,51.97611875391581,0.3765616190822794,1
491,2.320102326885338,Participant3_RS_SlUp,Endomorph,Normal,upright,1.0,0.0,0.0,-0.4270932584289849,52.40972369974877,0.3739172542848296,1
492,2.3248275862068963,Participant3_RS_SlUp,Endomorph,Normal,upright,1.0,0.0,0.0,-0.3677480518312915,51.02155144881111,0.3908410262025217,1
493,2.3295528455284558,Participant3_RS_SlUp,Endomorph,Normal,upright,1.0,0.0,0.0,-0.3624909663572736,51.39808898096093,0.3678387066312015,1
494,2.334278104850014,Participant3_RS_SlUp,Endomorph,Normal,upright,1.0,0.0,0.0,-0.4672122783752097,50.2441802729192,0.3673109013887274,1
495,2.339003364171573,Participant3_RS_SlUp,Endomorph,Normal,upright,1.0,0.0,0.0,-0.4917235439896085,51.267581802548825,0.3634444118944845,1
496,2.3437286234931314,Participant3_RS_SlUp,Endomorph,Normal,upright,1.0,0.0,0.0,-0.4464118712775792,50.968176447549865,0.3725829472166868,1
497,2.34845388281469,Participant3_RS_SlUp,Endomorph,Normal,upright,1.0,0.0,0.0,-0.3915434606060756,51.19183058827245,0.3665240836014536,1
498,2.353179142136249,Participant3_RS_SlUp,Endomorph,Normal,upright,1.0,0.0,0.0,-0.500675378687229,50.71281809947877,0.369399493946459,1
499,2.3579044014578074,Participant3_RS_SlUp,Endomorph,Normal,upright,1.0,0.0,0.0,-0.4564086776129087,51.535596264144914,0.3671191195497241,1
500,2.3626296607793664,Participant3_RS_SlUp,Endomorph,Normal,upright,1.0,0.0,0.0,-0.4921606388235655,50.54451884800036,0.3782825904174441,1
501,2.367354920100925,Participant3_RS_SlUp,Endomorph,Normal,upright,1.0,0.0,0.0,-0.4215238382275702,51.80886247989177,0.3626044681225547,1
502,2.372080179422484,Participant3_RS_SlUp,Endomorph,Normal,upright,1.0,0.0,0.0,-0.4604283269649146,51.23899356763424,0.3636391109408552,1
503,2.3768054387440425,Participant3_RS_SlUp,Endomorph,Normal,upright,1.0,0.0,0.0,-0.3894786164426624,50.94766506262586,0.3726168860997062,1
504,2.381530698065601,Participant3_RS_SlUp,Endomorph,Normal,upright,1.0,0.0,0.0,-0.4023218719797562,50.83892806876956,0.3872309723842769,1
505,2.38625595738716,Participant3_RS_SlUp,Endomorph,Normal,upright,1.0,0.0,0.0,-0.4200802853729758,51.12540952606096,0.376265764240417,1
506,2.3909812167087185,Participant3_RS_SlUp,Endomorph,Normal,upright,1.0,0.0,0.0,-0.3901075705121061,51.35634248887611,0.3824053325106685,1
507,2.395706476030277,Participant3_RS_SlUp,Endomorph,Normal,upright,1.0,0.0,0.0,-0.4658902218339732,50.87900932261542,0.3838154163875942,1
508,2.400431735351836,Participant3_RS_SlUp,Endomorph,Normal,upright,1.0,0.0,0.0,-0.4486560423944403,50.72536149901769,0.3892097492756307,1
509,2.405156994673395,Participant3_RS_SlUp,Endomorph,Normal,upright,1.0,0.0,0.0,-0.4536616336715805,50.53293873587296,0.3843352313509441,1
510,2.4098822539949536,Participant3_RS_SlUp,Endomorph,Normal,upright,1.0,0.0,0.0,-0.4265240685158608,51.33132903497715,0.3796321399991605,1
511,2.414607513316513,Participant3_RS_SlUp,Endomorph,Normal,upright,1.0,0.0,0.0,-0.4640338855228578,51.03199490799793,0.3846819349009038,1
512,2.419332772638071,Participant3_RS_SlUp,Endomorph,Normal,upright,1.0,0.0,0.0,-0.435807927590322,50.63326224086291,0.3844569554796783,1
513,2.4240580319596297,Participant3_RS_SlUp,Endomorph,Normal,upright,1.0,0.0,0.0,-0.4369977746246625,50.7879155550438,0.3779707940515678,1
514,2.4287832912811886,Participant3_RS_SlUp,Endomorph,Normal,upright,1.0,0.0,0.0,-0.4381368949243757,50.54547735433794,0.3781145381488416,1
515,2.433508550602747,Participant3_RS_SlUp,Endomorph,Normal,upright,1.0,0.0,0.0,-0.3843661975208975,50.65081624702087,0.3743598127996529,1
516,2.438233809924306,Participant3_RS_SlUp,Endomorph,Normal,upright,1.0,0.0,0.0,-0.3421072388303926,51.51555693290082,0.3724053126067952,1
517,2.4429590692458647,Participant3_RS_SlUp,Endomorph,Normal,upright,1.0,0.0,0.0,-0.4231578842565568,50.61418623955552,0.3783200054100713,1
518,2.447684328567424,Participant3_RS_SlUp,Endomorph,Normal,upright,1.0,0.0,0.0,-0.4164908655804287,50.24258536967298,0.3857164647612159,1
519,2.4524095878889822,Participant3_RS_SlUp,Endomorph,Normal,upright,1.0,0.0,0.0,-0.4074865505112683,50.47409906097332,0.3807811700812865,1
520,2.4571348472105408,Participant3_RS_SlUp,Endomorph,Normal,upright,1.0,0.0,0.0,-0.4114875401237489,51.000808511590606,0.3868590173454673,1
521,2.4618601065321,Participant3_RS_SlUp,Endomorph,Normal,upright,1.0,0.0,0.0,-0.3794321973720552,51.714518988488045,0.3815398359560148,1
522,2.4665853658536583,Participant3_RS_SlUp,Endomorph,Normal,upright,1.0,0.0,0.0,-0.3731713273787005,51.46543030009505,0.3825428648395176,1
523,2.4713106251752173,Participant3_RS_SlUp,Endomorph,Normal,upright,1.0,0.0,0.0,-0.3751238303460381,52.57088321999979,0.3763868560687479,1
524,2.476035884496776,Participant3_RS_SlUp,Endomorph,Normal,upright,1.0,0.0,0.0,-0.436738763375738,50.56269906029446,0.3893562801842104,1
525,2.480761143818335,Participant3_RS_SlUp,Endomorph,Normal,upright,1.0,0.0,0.0,-0.390955407671736,51.05538323497544,0.375786542995997,1
526,2.4854864031398933,Participant3_RS_SlUp,Endomorph,Normal,upright,1.0,0.0,0.0,-0.4025402388535016,50.66383109200682,0.3842520406243157,1
527,2.490211662461452,Participant3_RS_SlUp,Endomorph,Normal,upright,1.0,0.0,0.0,-0.384211371740798,51.163610916999474,0.3802660226342383,1
528,2.494936921783011,Participant3_RS_SlUp,Endomorph,Normal,upright,1.0,0.0,0.0,-0.418388709273233,51.16043486425692,0.373052835970883,1
529,2.4996621811045694,Participant3_RS_SlUp,Endomorph,Normal,upright,1.0,0.0,0.0,-0.3875887354549696,51.24202559854701,0.3804129134049571,1
530,2.5043874404261284,Participant3_RS_SlUp,Endomorph,Normal,upright,1.0,0.0,0.0,-0.3662377836356308,50.71183911497961,0.3884363538923229,1
531,2.509112699747687,Participant3_RS_SlUp,Endomorph,Normal,upright,1.0,0.0,0.0,-0.4042039458662952,51.24952609505937,0.3900441661803227,1
532,2.513837959069246,Participant3_RS_SlUp,Endomorph,Normal,upright,1.0,0.0,0.0,-0.3767207513715931,50.9454316952225,0.3869649133269879,1
533,2.5185632183908044,Participant3_RS_SlUp,Endomorph,Normal,upright,1.0,0.0,0.0,-0.4232808841948816,50.8724409282245,0.3857613794629422,1
534,2.5232884777123634,Participant3_RS_SlUp,Endomorph,Normal,upright,1.0,0.0,0.0,-0.4720448605291425,50.15636551820357,0.3888079490167644,1
535,2.528013737033922,Participant3_RS_SlUp,Endomorph,Normal,upright,1.0,0.0,0.0,-0.4591394527353575,51.0129797250229,0.3681424194372523,1
536,2.5327389963554805,Participant3_RS_SlUp,Endomorph,Normal,upright,1.0,0.0,0.0,-0.442918711793865,50.88437597573644,0.384955575815149,1
537,2.5374642556770395,Participant3_RS_SlUp,Endomorph,Normal,upright,1.0,0.0,0.0,-0.419055370165639,51.07108814388626,0.3823427368537,1
538,2.542189514998598,Participant3_RS_SlUp,Endomorph,Normal,upright,1.0,0.0,0.0,-0.3717899497596435,51.444135384189806,0.3795300220152166,1
539,2.546914774320157,Participant3_RS_SlUp,Endomorph,Normal,upright,1.0,0.0,0.0,-0.42638176063591,50.76349603025504,0.3897611587610676,1
540,2.5516400336417155,Participant3_RS_SlUp,Endomorph,Normal,upright,1.0,0.0,0.0,-0.395270765102915,50.82047072161082,0.3905264749665371,1
541,2.5563652929632745,Participant3_RS_SlUp,Endomorph,Normal,upright,1.0,0.0,0.0,-0.4672124635023282,50.79953989914031,0.3706377270777877,1
542,2.561090552284833,Participant3_RS_SlUp,Endomorph,Normal,upright,1.0,0.0,0.0,-0.4645615877822178,50.19394816186203,0.3853474992620845,1
543,2.565815811606392,Participant3_RS_SlUp,Endomorph,Normal,upright,1.0,0.0,0.0,-0.4708277582003867,50.72054412903203,0.3782861318751195,1
544,2.5705410709279506,Participant3_RS_SlUp,Endomorph,Normal,upright,1.0,0.0,0.0,-0.4150752642802402,50.84039671490832,0.3864074552351101,1
545,2.575266330249509,Participant3_RS_SlUp,Endomorph,Normal,upright,1.0,0.0,0.0,-0.4383689391363897,50.57858619991134,0.3784018425029296,1
546,2.579991589571068,Participant3_RS_SlUp,Endomorph,Normal,upright,1.0,0.0,0.0,-0.4360642244276386,50.20926162165114,0.3731728455877995,1
547,2.5847168488926267,Participant3_RS_SlUp,Endomorph,Normal,upright,1.0,0.0,0.0,-0.5171845714973339,50.4813506263351,0.3764927217993004,1
548,2.5894421082141856,Participant3_RS_SlUp,Endomorph,Normal,upright,1.0,0.0,0.0,-0.4469384429809347,50.70601747654796,0.3733091462255624,1
549,2.594167367535744,Participant3_RS_SlUp,Endomorph,Normal,upright,1.0,0.0,0.0,-0.4293370093256863,51.0754334457632,0.3755534679259709,1
550,2.598892626857303,Participant3_RS_SlUp,Endomorph,Normal,upright,1.0,0.0,0.0,-0.4506540680774986,50.61223485779245,0.3716361305785945,1
551,2.6036178861788617,Participant3_RS_SlUp,Endomorph,Normal,upright,1.0,0.0,0.0,-0.4444223082569957,50.73127883006392,0.3754517018742249,1
552,2.60834314550042,Participant3_RS_SlUp,Endomorph,Normal,upright,1.0,0.0,0.0,-0.3726385596694705,51.33049063699142,0.3735466564184111,1
553,2.613068404821979,Participant3_RS_SlUp,Endomorph,Normal,upright,1.0,0.0,0.0,-0.5170577028602786,51.31834683627102,0.3744400501144121,1
554,2.6177936641435378,Participant3_RS_SlUp,Endomorph,Normal,upright,1.0,0.0,0.0,-0.4244376383411701,50.94251420762621,0.3774558989125063,1
555,2.6225189234650967,Participant3_RS_SlUp,Endomorph,Normal,upright,1.0,0.0,0.0,-0.4699435549668286,51.42104973656999,0.3781795495610706,1
556,2.6272441827866557,Participant3_RS_SlUp,Endomorph,Normal,upright,1.0,0.0,0.0,-0.4220393296311154,51.52164274317928,0.3810316303644012,1
557,2.6319694421082143,Participant3_RS_SlUp,Endomorph,Normal,upright,1.0,0.0,0.0,-0.3930707562529711,51.45333660343228,0.3791915236229012,1
558,2.636694701429773,Participant3_RS_SlUp,Endomorph,Normal,upright,1.0,0.0,0.0,-0.4227426728082258,51.71615364455623,0.3783897348515605,1
559,2.641419960751332,Participant3_RS_SlUp,Endomorph,Normal,upright,1.0,0.0,0.0,-0.403731497177219,51.40189136870655,0.3757687528923371,1
560,2.6461452200728903,Participant3_RS_SlUp,Endomorph,Normal,upright,1.0,0.0,0.0,-0.3834919055557687,50.790378153288565,0.3767033611923272,1
561,2.650870479394449,Participant3_RS_SlUp,Endomorph,Normal,upright,1.0,0.0,0.0,-0.4188474349318318,51.16184406204219,0.3747677075489471,1
562,2.655595738716008,Participant3_RS_SlUp,Endomorph,Normal,upright,1.0,0.0,0.0,-0.4130147397573008,50.9541835793512,0.3792663444172134,1
563,2.6603209980375664,Participant3_RS_SlUp,Endomorph,Normal,upright,1.0,0.0,0.0,-0.4125764396721263,50.60410135281707,0.3741720843803912,1
564,2.6650462573591254,Participant3_RS_SlUp,Endomorph,Normal,upright,1.0,0.0,0.0,-0.4062937799733486,51.04173545494601,0.3688776687621223,1
565,2.669771516680684,Participant3_RS_SlUp,Endomorph,Normal,upright,1.0,0.0,0.0,-0.4315829520112126,51.65424628721704,0.3740725415853812,1
566,2.6744967760022424,Participant3_RS_SlUp,Endomorph,Normal,upright,1.0,0.0,0.0,-0.4241119615699622,51.24482966493454,0.3616684335390646,1
567,2.679222035323801,Participant3_RS_SlUp,Endomorph,Normal,upright,1.0,0.0,0.0,-0.4220830350709895,52.10015631644918,0.3606048956093681,1
568,2.68394729464536,Participant3_RS_SlUp,Endomorph,Normal,upright,1.0,0.0,0.0,-0.418821735654186,52.07298426542362,0.3687663829992931,1
569,2.688672553966919,Participant3_RS_SlUp,Endomorph,Normal,upright,1.0,0.0,0.0,-0.4195911107624215,51.49828292010371,0.3699044486626846,1
570,2.693397813288477,Participant3_RS_SlUp,Endomorph,Normal,upright,1.0,0.0,0.0,-0.3656957154004299,51.45055440173336,0.3738180035308198,1
571,2.6981230726100365,Participant3_RS_SlUp,Endomorph,Normal,upright,1.0,0.0,0.0,-0.4066797129938273,51.45544481618196,0.3705609465540346,1
572,2.702848331931595,Participant3_RS_SlUp,Endomorph,Normal,upright,1.0,0.0,0.0,-0.4107333985949346,51.35358609995963,0.3822749790987104,1
573,2.707573591253154,Participant3_RS_SlUp,Endomorph,Normal,upright,1.0,0.0,0.0,-0.4099275280566951,51.50452574074346,0.3767588181294587,1
574,2.7122988505747125,Participant3_RS_SlUp,Endomorph,Normal,upright,1.0,0.0,0.0,-0.4036363442703252,51.80538966792647,0.368142445309343,1
575,2.717024109896271,Participant3_RS_SlUp,Endomorph,Normal,upright,1.0,0.0,0.0,-0.4168983839858184,51.04527768537929,0.3683041073696801,1
576,2.72174936921783,Participant3_RS_SlUp,Endomorph,Normal,upright,1.0,0.0,0.0,-0.3852620900814857,52.25091662827012,0.3646332687447796,1
577,2.7264746285393886,Participant3_RS_SlUp,Endomorph,Normal,upright,1.0,0.0,0.0,-0.4021219659565259,50.76440937348015,0.3592288469971754,1
578,2.731199887860948,Participant3_RS_SlUp,Endomorph,Normal,upright,1.0,0.0,0.0,-0.3307272114558098,51.257127306720605,0.3637565597824239,1
579,2.735925147182506,Participant3_RS_SlUp,Endomorph,Normal,upright,1.0,0.0,0.0,-0.4092349420668941,51.87557040721301,0.3662589441648975,1
580,2.740650406504065,Participant3_RS_SlUp,Endomorph,Normal,upright,1.0,0.0,0.0,-0.4331741586008014,52.069057360549294,0.377698117766802,1
581,2.745375665825624,Participant3_RS_SlUp,Endomorph,Normal,upright,1.0,0.0,0.0,-0.4527271065210119,51.47319305035536,0.3733657019315271,1
582,2.750100925147182,Participant3_RS_SlUp,Endomorph,Normal,upright,1.0,0.0,0.0,-0.3956789318451045,52.56069361181223,0.3689072344288642,1
583,2.754826184468741,Participant3_RS_SlUp,Endomorph,Normal,upright,1.0,0.0,0.0,-0.3929706294527566,51.94164158223624,0.3705357942830976,1
584,2.7595514437903,Participant3_RS_SlUp,Endomorph,Normal,upright,1.0,0.0,0.0,-0.3737308887899072,51.46049002493322,0.3825903282206528,1
585,2.7642767031118587,Participant3_RS_SlUp,Endomorph,Normal,upright,1.0,0.0,0.0,-0.4134656231665363,51.26658537433499,0.3607825870418697,1
586,2.769001962433417,Participant3_RS_SlUp,Endomorph,Normal,upright,1.0,0.0,0.0,-0.4073940382269563,51.155896479840045,0.3764424440835588,1
587,2.773727221754976,Participant3_RS_SlUp,Endomorph,Normal,upright,1.0,0.0,0.0,-0.4440282270184881,51.14993626108184,0.3730796333891085,1
588,2.7784524810765348,Participant3_RS_SlUp,Endomorph,Normal,upright,1.0,0.0,0.0,-0.3554606284199408,51.73712518126596,0.3751622813844229,1
589,2.7831777403980933,Participant3_RS_SlUp,Endomorph,Normal,upright,1.0,0.0,0.0,-0.379060359094475,52.18551168450378,0.3760838852703303,1
590,2.7879029997196523,Participant3_RS_SlUp,Endomorph,Normal,upright,1.0,0.0,0.0,-0.4296293799520132,51.717736953672464,0.3796793057529488,1
591,2.792628259041211,Participant3_RS_SlUp,Endomorph,Normal,upright,1.0,0.0,0.0,-0.4161732929695988,51.87876487411648,0.3749299286386518,1
592,2.79735351836277,Participant3_RS_SlUp,Endomorph,Normal,upright,1.0,0.0,0.0,-0.3844000538993941,51.92230365060017,0.3706686387667194,1
593,2.8020787776843283,Participant3_RS_SlUp,Endomorph,Normal,upright,1.0,0.0,0.0,-0.3775738877521424,51.859606777024425,0.3711660589902796,1
594,2.8068040370058878,Participant3_RS_SlUp,Endomorph,Normal,upright,1.0,0.0,0.0,-0.4041344250216481,52.05143097412732,0.3769428565372931,1
595,2.811529296327446,Participant3_RS_SlUp,Endomorph,Normal,upright,1.0,0.0,0.0,-0.376778287564425,52.00583432906231,0.3761700489237163,1
596,2.816254555649005,Participant3_RS_SlUp,Endomorph,Normal,upright,1.0,0.0,0.0,-0.4095500330171491,50.99174651806717,0.3879029181740031,1
597,2.8209798149705634,Participant3_RS_SlUp,Endomorph,Normal,upright,1.0,0.0,0.0,-0.4019972482668439,51.58764996705808,0.3875231789623841,1
598,2.825705074292122,Participant3_RS_SlUp,Endomorph,Normal,upright,1.0,0.0,0.0,-0.416441786260272,51.73079695133616,0.3832127484826838,1
599,2.830430333613681,Participant3_RS_SlUp,Endomorph,Normal,upright,1.0,0.0,0.0,-0.3937368636626672,51.6920119166282,0.3796299291689026,1
600,2.8351555929352394,Participant3_RS_SlUp,Endomorph,Normal,upright,1.0,0.0,0.0,-0.4458339526492184,51.9568801162063,0.3743008684589425,1
601,2.8398808522567984,Participant3_RS_SlUp,Endomorph,Normal,upright,1.0,0.0,0.0,-0.4003740364698481,52.1535993280776,0.3827380549709266,1
602,2.844606111578357,Participant3_RS_SlUp,Endomorph,Normal,upright,1.0,0.0,0.0,-0.4208835186530706,51.37783318779879,0.3780117447175955,1
603,2.849331370899916,Participant3_RS_SlUp,Endomorph,Normal,upright,1.0,0.0,0.0,-0.462715799186845,51.13367660984744,0.3897229583293939,1
604,2.8540566302214745,Participant3_RS_SlUp,Endomorph,Normal,upright,1.0,0.0,0.0,-0.4145431330536584,51.441984598065545,0.3843772207584804,1
605,2.858781889543033,Participant3_RS_SlUp,Endomorph,Normal,upright,1.0,0.0,0.0,-0.4173817845494558,51.95804781538695,0.3744973505889645,1
606,2.863507148864592,Participant3_RS_SlUp,Endomorph,Normal,upright,1.0,0.0,0.0,-0.4279272906609486,51.25412941868764,0.3741466105582061,1
607,2.8682324081861506,Participant3_RS_SlUp,Endomorph,Normal,upright,1.0,0.0,0.0,-0.4684839386018921,50.57201884377695,0.39032500919241,1
608,2.872957667507709,Participant3_RS_SlUp,Endomorph,Normal,upright,1.0,0.0,0.0,-0.3959445324656134,51.085920255105314,0.3681125613735576,1
609,2.877682926829268,Participant3_RS_SlUp,Endomorph,Normal,upright,1.0,0.0,0.0,-0.4392856356529527,51.731313620020266,0.3717213127292035,1
610,2.882408186150827,Participant3_RS_SlUp,Endomorph,Normal,upright,1.0,0.0,0.0,-0.4386656878277735,51.99375900347119,0.3861992840963262,1
611,2.8871334454723856,Participant3_RS_SlUp,Endomorph,Normal,upright,1.0,0.0,0.0,-0.3937229748949352,51.61075137952525,0.3835577138521723,1
612,2.891858704793944,Participant3_RS_SlUp,Endomorph,Normal,upright,1.0,0.0,0.0,-0.4094967828581956,51.12190685919455,0.3889939825621626,1
613,2.896583964115503,Participant3_RS_SlUp,Endomorph,Normal,upright,1.0,0.0,0.0,-0.4029888776781064,51.93925482295074,0.382707054700989,1
614,2.9013092234370617,Participant3_RS_SlUp,Endomorph,Normal,upright,1.0,0.0,0.0,-0.4319014365161376,51.61908523700676,0.3885392390505031,1
615,2.9060344827586206,Participant3_RS_SlUp,Endomorph,Normal,upright,1.0,0.0,0.0,-0.4145859414778863,51.48983961491893,0.3774629704949043,1
616,2.910759742080179,Participant3_RS_SlUp,Endomorph,Normal,upright,1.0,0.0,0.0,-0.425317403396874,51.28896378175257,0.3834701768298267,1
617,2.915485001401738,Participant3_RS_SlUp,Endomorph,Normal,upright,1.0,0.0,0.0,-0.4624482053451205,50.696489692828585,0.3951347100745961,1
618,2.9202102607232967,Participant3_RS_SlUp,Endomorph,Normal,upright,1.0,0.0,0.0,-0.4906453491286362,50.98926620603258,0.3851614836522786,1
619,2.924935520044856,Participant3_RS_SlUp,Endomorph,Normal,upright,1.0,0.0,0.0,-0.4933441099235838,50.6326842498267,0.3770848812902351,1
620,2.9296607793664142,Participant3_RS_SlUp,Endomorph,Normal,upright,1.0,0.0,0.0,-0.4069954327904435,51.29411669584859,0.3700722415120082,1
621,2.9343860386879728,Participant3_RS_SlUp,Endomorph,Normal,upright,1.0,0.0,0.0,-0.3925104573142972,51.49228333275612,0.3672909958070116,1
622,2.939111298009532,Participant3_RS_SlUp,Endomorph,Normal,upright,1.0,0.0,0.0,-0.4706663247414815,51.19989438776245,0.3702399922413436,1
623,2.9438365573310903,Participant3_RS_SlUp,Endomorph,Normal,upright,1.0,0.0,0.0,-0.4833534020657164,50.95844683570659,0.3696042152767237,1
624,2.9485618166526493,Participant3_RS_SlUp,Endomorph,Normal,upright,1.0,0.0,0.0,-0.4076437645828707,51.63869034807192,0.3907590510851921,1
625,2.953287075974208,Participant3_RS_SlUp,Endomorph,Normal,upright,1.0,0.0,0.0,-0.486769641805519,50.86181401107955,0.3832730024914418,1
626,2.958012335295767,Participant3_RS_SlUp,Endomorph,Normal,upright,1.0,0.0,0.0,-0.4795081101642242,50.70298231060011,0.3889194269980962,1
627,2.9627375946173253,Participant3_RS_SlUp,Endomorph,Normal,upright,1.0,0.0,0.0,-0.5050785070744509,51.6751857123094,0.40008315937999,1
628,2.967462853938884,Participant3_RS_SlUp,Endomorph,Normal,upright,1.0,0.0,0.0,-0.5393836068702116,50.61543101977588,0.3796969427679334,1
629,2.972188113260443,Participant3_RS_SlUp,Endomorph,Normal,upright,1.0,0.0,0.0,-0.5469744700407693,51.290836841410986,0.3817522019622044,1
630,2.9769133725820014,Participant3_RS_SlUp,Endomorph,Normal,upright,1.0,0.0,0.0,-0.5539213232620556,50.69951434976913,0.3886207035994021,1
631,2.9816386319035604,Participant3_RS_SlUp,Endomorph,Normal,upright,1.0,0.0,0.0,-0.5259467978175174,50.53310330733079,0.381557665743753,1
632,2.986363891225119,Participant3_RS_SlUp,Endomorph,Normal,upright,1.0,0.0,0.0,-0.4979722723729793,50.8065862001972,0.3745170098107058,1
633,2.991089150546678,Participant3_RS_SlUp,Endomorph,Normal,upright,1.0,0.0,0.0,-0.4382749830688129,50.53995748683637,0.3787737577608861,1
634,2.9958144098682364,Participant3_RS_SlUp,Endomorph,Normal,upright,1.0,0.0,0.0,-0.4799490797281609,48.7895962756074,0.3977461700969497,1
635,3.0005396691897954,Participant3_RS_SlUp,Endomorph,Normal,upright,1.0,0.0,0.0,-0.428494474628475,50.07088990560809,0.3908796809636277,1
636,3.005264928511354,Participant3_RS_SlUp,Endomorph,Normal,upright,1.0,0.0,0.0,-0.5014229098966468,50.047457583349214,0.3924470921630874,1
637,3.0099901878329125,Participant3_RS_SlUp,Endomorph,Normal,upright,1.0,0.0,0.0,-0.4334923736674466,50.20106381986973,0.3926977341978941,1
638,3.0147154471544715,Participant3_RS_SlUp,Endomorph,Normal,upright,1.0,0.0,0.0,-0.3990205123553277,50.49570583572854,0.3942748743035972,1
639,3.01944070647603,Participant3_RS_SlUp,Endomorph,Normal,upright,1.0,0.0,0.0,-0.4458562691019576,50.06989005082562,0.3931750064733401,1
640,3.024165965797589,Participant3_RS_SlUp,Endomorph,Normal,upright,1.0,0.0,0.0,-0.437865765870044,50.46755607490325,0.3897944048393307,1
641,3.0288912251191475,Participant3_RS_SlUp,Endomorph,Normal,upright,1.0,0.0,0.0,-0.4624267734461664,49.37986995197394,0.3953246972509654,1
642,3.0336164844407065,Participant3_RS_SlUp,Endomorph,Normal,upright,1.0,0.0,0.0,-0.4386943997072822,49.27795123479201,0.3975004350408308,1
643,3.038341743762265,Participant3_RS_SlUp,Endomorph,Normal,upright,1.0,0.0,0.0,-0.3944700313876572,50.39870197328489,0.39035819615448,1
644,3.043067003083824,Participant3_RS_SlUp,Endomorph,Normal,upright,1.0,0.0,0.0,-0.4239565076588728,49.92550369791748,0.3889371022528063,1
645,3.0477922624053826,Participant3_RS_SlUp,Endomorph,Normal,upright,1.0,0.0,0.0,-0.4503057627959715,49.57931510892619,0.3916720933990364,1
646,3.052517521726941,Participant3_RS_SlUp,Endomorph,Normal,upright,1.0,0.0,0.0,-0.4270549169710179,49.85229666384773,0.3938012305555352,1
647,3.0572427810485,Participant3_RS_SlUp,Endomorph,Normal,upright,1.0,0.0,0.0,-0.4125253561578689,49.98299421276146,0.3922500401109932,1
648,3.0619680403700587,Participant3_RS_SlUp,Endomorph,Normal,upright,1.0,0.0,0.0,-0.5025867719238314,49.01585628220238,0.3931721931880556,1
649,3.0666932996916176,Participant3_RS_SlUp,Endomorph,Normal,upright,1.0,0.0,0.0,-0.4152121004336498,50.303173356948015,0.389316328495346,1
650,3.071418559013176,Participant3_RS_SlUp,Endomorph,Normal,upright,1.0,0.0,0.0,-0.3743745474147952,51.49412368875942,0.3909327267658658,1
651,3.0761438183347347,Participant3_RS_SlUp,Endomorph,Normal,upright,1.0,0.0,0.0,-0.3633445601120187,50.7913387782305,0.3952596173228467,1
652,3.0808690776562937,Participant3_RS_SlUp,Endomorph,Normal,upright,1.0,0.0,0.0,-0.3943918298652241,51.43660904515869,0.39066569248819,1
653,3.085594336977852,Participant3_RS_SlUp,Endomorph,Normal,upright,1.0,0.0,0.0,-0.495389190835425,50.72940519323684,0.3865478760253678,1
654,3.090319596299411,Participant3_RS_SlUp,Endomorph,Normal,upright,1.0,0.0,0.0,-0.4805311186804395,50.9162956119518,0.3844794016265822,1
655,3.0950448556209698,Participant3_RS_SlUp,Endomorph,Normal,upright,1.0,0.0,0.0,-0.4956309731833203,50.15972759209806,0.390054929393916,1
656,3.0997701149425287,Participant3_RS_SlUp,Endomorph,Normal,upright,1.0,0.0,0.0,-0.4493108856913854,49.27829079692933,0.3901693267588194,1
657,3.1044953742640877,Participant3_RS_SlUp,Endomorph,Normal,upright,1.0,0.0,0.0,-0.4450234412410648,50.58223643977559,0.3871148657329699,1
658,3.1092206335856463,Participant3_RS_SlUp,Endomorph,Normal,upright,1.0,0.0,0.0,-0.4760337569218431,50.11950465984814,0.3927315305677637,1
659,3.113945892907205,Participant3_RS_SlUp,Endomorph,Normal,upright,1.0,0.0,0.0,-0.4204456905657316,50.21869928627636,0.3907588150789673,1
660,3.118671152228764,Participant3_RS_SlUp,Endomorph,Normal,upright,1.0,0.0,0.0,-0.4293469028350452,51.07985639414825,0.3857253412160316,1
661,3.1233964115503223,Participant3_RS_SlUp,Endomorph,Normal,upright,1.0,0.0,0.0,-0.4136110987160732,51.025035760713,0.3802908654497864,1
662,3.128121670871881,Participant3_RS_SlUp,Endomorph,Normal,upright,1.0,0.0,0.0,-0.4033540662471486,51.13424282171815,0.383899493864632,1
663,3.13284693019344,Participant3_RS_SlUp,Endomorph,Normal,upright,1.0,0.0,0.0,-0.4458898465087557,51.16087611648006,0.3852084876651083,1
664,3.1375721895149984,Participant3_RS_SlUp,Endomorph,Normal,upright,1.0,0.0,0.0,-0.4404616195035844,50.70409599748369,0.3847250520497273,1
665,3.1422974488365574,Participant3_RS_SlUp,Endomorph,Normal,upright,1.0,0.0,0.0,-0.4570463089681928,50.44055563664033,0.3908896741289113,1
666,3.147022708158116,Participant3_RS_SlUp,Endomorph,Normal,upright,1.0,0.0,0.0,-0.4598710050547837,50.72616791534131,0.3851031177802043,1
667,3.1517479674796745,Participant3_RS_SlUp,Endomorph,Normal,upright,1.0,0.0,0.0,-0.4401240831315632,50.88147862676466,0.3912884227768572,1
668,3.156473226801233,Participant3_RS_SlUp,Endomorph,Normal,upright,1.0,0.0,0.0,-0.4096423762414179,50.38503305759183,0.3847296591496441,1
669,3.161198486122792,Participant3_RS_SlUp,Endomorph,Normal,upright,1.0,0.0,0.0,-0.4646086959598092,51.435130965543,0.3898210732910745,1
670,3.165923745444351,Participant3_RS_SlUp,Endomorph,Normal,upright,1.0,0.0,0.0,-0.5329315149026084,50.74834233540274,0.3793700532721455,1
671,3.170649004765909,Participant3_RS_SlUp,Endomorph,Normal,upright,1.0,0.0,0.0,-0.5440223832398072,50.712256214242274,0.3805499133071282,1
672,3.1753742640874685,Participant3_RS_SlUp,Endomorph,Normal,upright,1.0,0.0,0.0,-0.4772623770578189,51.02455712573657,0.38059722964584,1
673,3.180099523409027,Participant3_RS_SlUp,Endomorph,Normal,upright,1.0,0.0,0.0,-0.5474483360382267,49.873514394183694,0.3897926156531317,1
674,3.1848247827305856,Participant3_RS_SlUp,Endomorph,Normal,upright,1.0,0.0,0.0,-0.499224095515977,50.19683863818619,0.3907493749985683,1
675,3.1895500420521445,Participant3_RS_SlUp,Endomorph,Normal,upright,1.0,0.0,0.0,-0.494163102796908,49.93523380068909,0.3929646441637759,1
676,3.194275301373703,Participant3_RS_SlUp,Endomorph,Normal,upright,1.0,0.0,0.0,-0.4840813296719974,49.90058647360672,0.3902465480255795,1
677,3.199000560695262,Participant3_RS_SlUp,Endomorph,Normal,upright,1.0,0.0,0.0,-0.4551892390017744,50.76949123990014,0.3885460225624342,1
678,3.2037258200168206,Participant3_RS_SlUp,Endomorph,Normal,upright,1.0,0.0,0.0,-0.4513957443882954,49.54407149095755,0.3910345728133224,1
679,3.20845107933838,Participant3_RS_SlUp,Endomorph,Normal,upright,1.0,0.0,0.0,-0.4477594260034708,50.70403350075843,0.3935790754161278,1
680,3.213176338659938,Participant3_RS_SlUp,Endomorph,Normal,upright,1.0,0.0,0.0,-0.4951068775180095,50.162028917565,0.3912657840383278,1
681,3.217901597981497,Participant3_RS_SlUp,Endomorph,Normal,upright,1.0,0.0,0.0,-0.460103772185553,49.38483382609885,0.39447049151406,1
682,3.222626857303056,Participant3_RS_SlUp,Endomorph,Normal,upright,1.0,0.0,0.0,-0.4414451907170227,49.45832594954623,0.3890152760932751,1
683,3.227352116624614,Participant3_RS_SlUp,Endomorph,Normal,upright,1.0,0.0,0.0,-0.4640631836962855,49.329194261349805,0.3861234808569289,1
684,3.232077375946173,Participant3_RS_SlUp,Endomorph,Normal,upright,1.0,0.0,0.0,-0.4680363825363318,50.40342371438516,0.3986617846584233,1
685,3.236802635267732,Participant3_RS_SlUp,Endomorph,Normal,upright,1.0,0.0,0.0,-0.4532320582460887,50.54300100217202,0.3979741504160844,1
686,3.2415278945892907,Participant3_RS_SlUp,Endomorph,Normal,upright,1.0,0.0,0.0,-0.4591062758633942,50.39320563887788,0.3905650635813517,1
687,3.246253153910849,Participant3_RS_SlUp,Endomorph,Normal,upright,1.0,0.0,0.0,-0.4713045049131261,50.36553271859616,0.405551137684851,1
688,3.250978413232408,Participant3_RS_SlUp,Endomorph,Normal,upright,1.0,0.0,0.0,-0.449831339561199,50.189875578527605,0.3849293573611295,1
689,3.2557036725539668,Participant3_RS_SlUp,Endomorph,Normal,upright,1.0,0.0,0.0,-0.4647522691549368,50.08461539858973,0.3848810746360018,1
690,3.2604289318755253,Participant3_RS_SlUp,Endomorph,Normal,upright,1.0,0.0,0.0,-0.4457279437232317,49.65213265387603,0.3951140323813634,1
691,3.2651541911970843,Participant3_RS_SlUp,Endomorph,Normal,upright,1.0,0.0,0.0,-0.4637352555675077,50.23218744085842,0.4053046356552003,1
692,3.269879450518643,Participant3_RS_SlUp,Endomorph,Normal,upright,1.0,0.0,0.0,-0.4436594027014251,49.12690496829139,0.4032185399493561,1
693,3.274604709840202,Participant3_RS_SlUp,Endomorph,Normal,upright,1.0,0.0,0.0,-0.4797677066945912,49.33586951677067,0.4056053702932475,1
694,3.2793299691617603,Participant3_RS_SlUp,Endomorph,Normal,upright,1.0,0.0,0.0,-0.4153295102137903,50.34742401098288,0.3900147532218103,1
695,3.2840552284833198,Participant3_RS_SlUp,Endomorph,Normal,upright,1.0,0.0,0.0,-0.4135355964287663,50.22722497321785,0.3958452312825968,1
696,3.288780487804878,Participant3_RS_SlUp,Endomorph,Normal,upright,1.0,0.0,0.0,-0.4076213770105469,48.66866668669059,0.3887668910453377,1
697,3.293505747126437,Participant3_RS_SlUp,Endomorph,Normal,upright,1.0,0.0,0.0,-0.4136729302372808,50.25212703833585,0.3954835649060249,1
698,3.2982310064479954,Participant3_RS_SlUp,Endomorph,Normal,upright,1.0,0.0,0.0,-0.4374053871223827,50.47643006337517,0.3962414068219989,1
699,3.302956265769554,Participant3_RS_SlUp,Endomorph,Normal,upright,1.0,0.0,0.0,-0.4810727136084654,50.302875651930464,0.4005795357424282,1
700,3.307681525091113,Participant3_RS_SlUp,Endomorph,Normal,upright,1.0,0.0,0.0,-0.4542197235575393,50.38425970503164,0.388606432158963,1
701,3.3124067844126714,Participant3_RS_SlUp,Endomorph,Normal,upright,1.0,0.0,0.0,-0.4077618486704844,50.17302841031763,0.3908983511772803,1
702,3.3171320437342304,Participant3_RS_SlUp,Endomorph,Normal,upright,1.0,0.0,0.0,-0.3800357703575188,51.242603955909615,0.3819500204785703,1
703,3.321857303055789,Participant3_RS_SlUp,Endomorph,Normal,upright,1.0,0.0,0.0,-0.4085905989703717,50.51659415722822,0.3836214702990003,1
704,3.326582562377348,Participant3_RS_SlUp,Endomorph,Normal,upright,1.0,0.0,0.0,-0.4680330379412227,50.23496402698059,0.3827722538314566,1
705,3.3313078216989065,Participant3_RS_SlUp,Endomorph,Normal,upright,1.0,0.0,0.0,-0.3782934187119028,50.826205057414406,0.399190381329958,1
706,3.336033081020465,Participant3_RS_SlUp,Endomorph,Normal,upright,1.0,0.0,0.0,-0.3829960357251708,50.55659155716126,0.3927300691792341,1
707,3.340758340342024,Participant3_RS_SlUp,Endomorph,Normal,upright,1.0,0.0,0.0,-0.3847407037414052,50.6921161230155,0.3867802787946709,1
708,3.3454835996635826,Participant3_RS_SlUp,Endomorph,Normal,upright,1.0,0.0,0.0,-0.5261494853427988,49.72955713429419,0.3945962856950287,1
709,3.350208858985141,Participant3_RS_SlUp,Endomorph,Normal,upright,1.0,0.0,0.0,-0.5401647781036802,49.46952205511712,0.3907193083890489,1
710,3.3549341183067,Participant3_RS_SlUp,Endomorph,Normal,upright,1.0,0.0,0.0,-0.4840733923099347,49.40590386797253,0.4007538174811274,1
711,3.359659377628259,Participant3_RS_SlUp,Endomorph,Normal,upright,1.0,0.0,0.0,-0.4767338953670557,49.499434272031046,0.4056209358067981,1
712,3.3643846369498176,Participant3_RS_SlUp,Endomorph,Normal,upright,1.0,0.0,0.0,-0.3980678647300171,49.05646594264482,0.398468355485472,1
713,3.369109896271376,Participant3_RS_SlUp,Endomorph,Normal,upright,1.0,0.0,0.0,-0.4437339030389399,50.15409752084906,0.3975929498727044,1
714,3.373835155592935,Participant3_RS_SlUp,Endomorph,Normal,upright,1.0,0.0,0.0,-0.4683820988489924,49.76848490849952,0.3905894201930116,1
715,3.3785604149144937,Participant3_RS_SlUp,Endomorph,Normal,upright,1.0,0.0,0.0,-0.4684320495045578,50.25873738959114,0.4020467732968761,1
716,3.3832856742360526,Participant3_RS_SlUp,Endomorph,Normal,upright,1.0,0.0,0.0,-0.4159840630381685,49.98502046763391,0.3964786876886789,1
717,3.388010933557611,Participant3_RS_SlUp,Endomorph,Normal,upright,1.0,0.0,0.0,-0.4541835298423344,50.31834508920675,0.4020053862898573,1
718,3.39273619287917,Participant3_RS_SlUp,Endomorph,Normal,upright,1.0,0.0,0.0,-0.4022263874745827,50.40378643635171,0.3874627883996097,1
719,3.3974614522007287,Participant3_RS_SlUp,Endomorph,Normal,upright,1.0,0.0,0.0,-0.4016859280082183,50.73771204104951,0.3919913345779282,1
720,3.402186711522288,Participant3_RS_SlUp,Endomorph,Normal,upright,1.0,0.0,0.0,-0.3864837344415504,50.49230031826721,0.393115795544567,1
721,3.4069119708438462,Participant3_RS_SlUp,Endomorph,Normal,upright,1.0,0.0,0.0,-0.3819723923077652,51.48192659138209,0.3902990762407379,1
722,3.4116372301654048,Participant3_RS_SlUp,Endomorph,Normal,upright,1.0,0.0,0.0,-0.5210208673858581,49.72957571619343,0.3986685540535379,1
723,3.416362489486964,Participant3_RS_SlUp,Endomorph,Normal,upright,1.0,0.0,0.0,-0.451923582280773,50.206795208822754,0.4009401886239365,1
724,3.4210877488085223,Participant3_RS_SlUp,Endomorph,Normal,upright,1.0,0.0,0.0,-0.4256687715157133,50.885184414301925,0.393847375786451,1
725,3.4258130081300813,Participant3_RS_SlUp,Endomorph,Normal,upright,1.0,0.0,0.0,-0.428985219266546,50.71440266609147,0.3941747790791238,1
726,3.43053826745164,Participant3_RS_SlUp,Endomorph,Normal,upright,1.0,0.0,0.0,-0.4141376119277972,50.36227482525409,0.3806435240402075,1
727,3.435263526773199,Participant3_RS_SlUp,Endomorph,Normal,upright,1.0,0.0,0.0,-0.4718040576817262,50.0500291893053,0.3887595736588842,1
728,3.4399887860947573,Participant3_RS_SlUp,Endomorph,Normal,upright,1.0,0.0,0.0,-0.445284914739145,50.42016029696349,0.3845819914885211,1
729,3.444714045416316,Participant3_RS_SlUp,Endomorph,Normal,upright,1.0,0.0,0.0,-0.4173425692411405,50.14095300164733,0.3976113190059699,1
730,3.449439304737875,Participant3_RS_SlUp,Endomorph,Normal,upright,1.0,0.0,0.0,-0.4630372167021868,50.088767318916105,0.3925827891869893,1
731,3.4541645640594334,Participant3_RS_SlUp,Endomorph,Normal,upright,1.0,0.0,0.0,-0.474780422717268,49.653434385452016,0.3876159153615202,1
732,3.4588898233809924,Participant3_RS_SlUp,Endomorph,Normal,upright,1.0,0.0,0.0,-0.4993486726762417,50.6125722494745,0.3970108427012405,1
733,3.463615082702551,Participant3_RS_SlUp,Endomorph,Normal,upright,1.0,0.0,0.0,-0.4022135683750308,50.52360899837514,0.3924531523892994,1
734,3.46834034202411,Participant3_RS_SlUp,Endomorph,Normal,upright,1.0,0.0,0.0,-0.3886456175870865,51.65883312361466,0.3885502625942622,1
735,3.4730656013456684,Participant3_RS_SlUp,Endomorph,Normal,upright,1.0,0.0,0.0,-0.3993526037521918,51.14228943397264,0.3897116603128394,1
736,3.477790860667227,Participant3_RS_SlUp,Endomorph,Normal,upright,1.0,0.0,0.0,-0.3539951690305259,51.18343585148752,0.4032307500122492,1
737,3.482516119988786,Participant3_RS_SlUp,Endomorph,Normal,upright,1.0,0.0,0.0,-0.3929231057852476,51.42497041744943,0.3868308032734988,1
738,3.4872413793103445,Participant3_RS_SlUp,Endomorph,Normal,upright,1.0,0.0,0.0,-0.4579003612407544,51.04661163518259,0.3918409840823875,1
739,3.4919666386319035,Participant3_RS_SlUp,Endomorph,Normal,upright,1.0,0.0,0.0,-0.4228590801487981,51.03776297360346,0.3969365672631018,1
740,3.496691897953462,Participant3_RS_SlUp,Endomorph,Normal,upright,1.0,0.0,0.0,-0.4296249120700546,50.94754494608983,0.3949913517062959,1
741,3.501417157275021,Participant3_RS_SlUp,Endomorph,Normal,upright,1.0,0.0,0.0,-0.4493497395404094,49.99990073165857,0.3967252094989945,1
742,3.5061424165965795,Participant3_RS_SlUp,Endomorph,Normal,upright,1.0,0.0,0.0,-0.3849890409700298,51.225577604712726,0.4028045167620426,1
743,3.5108676759181385,Participant3_RS_SlUp,Endomorph,Normal,upright,1.0,0.0,0.0,-0.4202167989596543,51.01590302073774,0.3996804090581545,1
744,3.515592935239697,Participant3_RS_SlUp,Endomorph,Normal,upright,1.0,0.0,0.0,-0.4096046919634295,50.06246335366032,0.3999911597733299,1
745,3.520318194561256,Participant3_RS_SlUp,Endomorph,Normal,upright,1.0,0.0,0.0,-0.4252789839935311,50.67365023930277,0.3794345213572784,1
746,3.5250434538828146,Participant3_RS_SlUp,Endomorph,Normal,upright,1.0,0.0,0.0,-0.3977046728443645,51.21134357116897,0.3867225491716273,1
747,3.529768713204373,Participant3_RS_SlUp,Endomorph,Normal,upright,1.0,0.0,0.0,-0.4154628847275645,50.45000050157158,0.3822742769931201,1
748,3.534493972525932,Participant3_RS_SlUp,Endomorph,Normal,upright,1.0,0.0,0.0,-0.4138957607200373,50.13417929247306,0.3954210342607435,1
749,3.5392192318474907,Participant3_RS_SlUp,Endomorph,Normal,upright,1.0,0.0,0.0,-0.4170183917611335,50.68433402623534,0.3942344153479903,1
750,3.5439444911690496,Participant3_RS_SlUp,Endomorph,Normal,upright,1.0,0.0,0.0,-0.435785264983796,51.2376162778934,0.3973589129783999,1
751,3.548669750490608,Participant3_RS_SlUp,Endomorph,Normal,upright,1.0,0.0,0.0,-0.4486454528080339,50.277294090211385,0.3915594979874605,1
752,3.5533950098121667,Participant3_RS_SlUp,Endomorph,Normal,upright,1.0,0.0,0.0,-0.4589218657974286,49.8859915006874,0.3930441608062243,1
753,3.5581202691337257,Participant3_RS_SlUp,Endomorph,Normal,upright,1.0,0.0,0.0,-0.4930353998697218,49.987538657904935,0.3929370962333853,1
754,3.562845528455284,Participant3_RS_SlUp,Endomorph,Normal,upright,1.0,0.0,0.0,-0.4131761442895499,50.67972393650073,0.3959643092115735,1
755,3.567570787776843,Participant3_RS_SlUp,Endomorph,Normal,upright,1.0,0.0,0.0,-0.4336817784127779,50.76660605311871,0.3892401055268576,1
756,3.5722960470984018,Participant3_RS_SlUp,Endomorph,Normal,upright,1.0,0.0,0.0,-0.399486356412824,51.48970383332096,0.3903799007822925,1
757,3.5770213064199607,Participant3_RS_SlUp,Endomorph,Normal,upright,1.0,0.0,0.0,-0.4489397446225375,51.26379295364434,0.3917272061109416,1
758,3.5817465657415197,Participant3_RS_SlUp,Endomorph,Normal,upright,1.0,0.0,0.0,-0.4713030019223446,50.17275548189425,0.3880089084684334,1
759,3.5864718250630783,Participant3_RS_SlUp,Endomorph,Normal,upright,1.0,0.0,0.0,-0.4320695717110163,50.78410783295844,0.3925287240419035,1
760,3.591197084384637,Participant3_RS_SlUp,Endomorph,Normal,upright,1.0,0.0,0.0,-0.4625135323347501,50.47294942560635,0.3918950690781935,1
761,3.595922343706196,Participant3_RS_SlUp,Endomorph,Normal,upright,1.0,0.0,0.0,-0.4528729723077119,49.92759890385565,0.3928385380351061,1
762,3.6006476030277543,Participant3_RS_SlUp,Endomorph,Normal,upright,1.0,0.0,0.0,-0.4833469016287766,50.22226320419368,0.3912245613703415,1
763,3.605372862349313,Participant3_RS_SlUp,Endomorph,Normal,upright,1.0,0.0,0.0,-0.4408990364673834,50.49274795002512,0.3933888143757024,1
764,3.610098121670872,Participant3_RS_SlUp,Endomorph,Normal,upright,1.0,0.0,0.0,-0.3815989824651188,51.37380219892029,0.3929896190791709,1
765,3.6148233809924304,Participant3_RS_SlUp,Endomorph,Normal,upright,1.0,0.0,0.0,-0.4038128776339152,51.33259094891415,0.3871874311737941,1
766,3.619548640313989,Participant3_RS_SlUp,Endomorph,Normal,upright,1.0,0.0,0.0,-0.4395113732062276,50.23265562988186,0.3889259872202946,1
767,3.624273899635548,Participant3_RS_SlUp,Endomorph,Normal,upright,1.0,0.0,0.0,-0.4373283219093847,50.75009911037561,0.3886193896721438,1
768,3.6289991589571065,Participant3_RS_SlUp,Endomorph,Normal,upright,1.0,0.0,0.0,-0.4841424730511695,49.97393348943931,0.3971580619608628,1
769,3.6337244182786654,Participant3_RS_SlUp,Endomorph,Normal,upright,1.0,0.0,0.0,-0.450215590897,49.79546809314949,0.3963873622930633,1
770,3.638449677600224,Participant3_RS_SlUp,Endomorph,Normal,upright,1.0,0.0,0.0,-0.4659084434133455,50.109208763172965,0.3938816026563249,1
771,3.643174936921783,Participant3_RS_SlUp,Endomorph,Normal,upright,1.0,0.0,0.0,-0.427424533021521,51.43578924996237,0.3959778212832894,1
772,3.6479001962433415,Participant3_RS_SlUp,Endomorph,Normal,upright,1.0,0.0,0.0,-0.4303877020095999,50.78591181150874,0.3879924623817959,1
773,3.652625455564901,Participant3_RS_SlUp,Endomorph,Normal,upright,1.0,0.0,0.0,-0.4351920335068797,51.09848643560685,0.3774988859939271,1
774,3.657350714886459,Participant3_RS_SlUp,Endomorph,Normal,upright,1.0,0.0,0.0,-0.5430682694704007,50.88087619935213,0.3855594516841862,1
775,3.6620759742080176,Participant3_RS_SlUp,Endomorph,Normal,upright,1.0,0.0,0.0,-0.5075454314359492,50.53220884127439,0.3869152975830526,1
776,3.666801233529577,Participant3_RS_SlUp,Endomorph,Normal,upright,1.0,0.0,0.0,-0.4891510949833477,50.64446850927096,0.3818257131800732,1
777,3.671526492851135,Participant3_RS_SlUp,Endomorph,Normal,upright,1.0,0.0,0.0,-0.472338917916355,50.92053370812975,0.388847018161171,1
778,3.676251752172694,Participant3_RS_SlUp,Endomorph,Normal,upright,1.0,0.0,0.0,-0.4662146911484149,50.56126260482517,0.3843827649094481,1
779,3.6809770114942526,Participant3_RS_SlUp,Endomorph,Normal,upright,1.0,0.0,0.0,-0.5039944690648295,50.32344251247898,0.3818492195263304,1
780,3.685702270815812,Participant3_RS_SlUp,Endomorph,Normal,upright,1.0,0.0,0.0,-0.4570274083202499,50.92472372177973,0.3809766799175702,1
781,3.69042753013737,Participant3_RS_SlUp,Endomorph,Normal,upright,1.0,0.0,0.0,-0.4984911904882814,50.57972180223168,0.3861450462996815,1
782,3.695152789458929,Participant3_RS_SlUp,Endomorph,Normal,upright,1.0,0.0,0.0,-0.5196649260138996,50.57279965105348,0.3906764972964339,1
783,3.699878048780488,Participant3_RS_SlUp,Endomorph,Normal,upright,1.0,0.0,0.0,-0.5619936049683423,50.29286600366715,0.3866796001521134,1
784,3.704603308102046,Participant3_RS_SlUp,Endomorph,Normal,upright,1.0,0.0,0.0,-0.4217488378941653,50.127511041444805,0.3785606973772131,1
785,3.709328567423605,Participant3_RS_SlUp,Endomorph,Normal,upright,1.0,0.0,0.0,-0.4812851113863778,50.84075997325224,0.3913264957106981,1
786,3.714053826745164,Participant3_RS_SlUp,Endomorph,Normal,upright,1.0,0.0,0.0,-0.4442037157318427,50.78955074598495,0.386910351919917,1
787,3.7187790860667223,Participant3_RS_SlUp,Endomorph,Normal,upright,1.0,0.0,0.0,-0.4621980242396611,51.79565103095697,0.3814968942232684,1
788,3.723504345388281,Participant3_RS_SlUp,Endomorph,Normal,upright,1.0,0.0,0.0,-0.4305031707868855,50.67603013085832,0.378857581574641,1
789,3.72822960470984,Participant3_RS_SlUp,Endomorph,Normal,upright,1.0,0.0,0.0,-0.5406559482699201,50.466841616441066,0.3844050654958897,1
790,3.732954864031399,Participant3_RS_SlUp,Endomorph,Normal,upright,1.0,0.0,0.0,-0.4346644440795019,50.59519716339343,0.3792362964759631,1
791,3.737680123352957,Participant3_RS_SlUp,Endomorph,Normal,upright,1.0,0.0,0.0,-0.4655133549648431,50.34611694555153,0.3736609132648381,1
792,3.742405382674516,Participant3_RS_SlUp,Endomorph,Normal,upright,1.0,0.0,0.0,-0.5002041839502598,50.63467323050845,0.3799563038776618,1
793,3.747130641996075,Participant3_RS_SlUp,Endomorph,Normal,upright,1.0,0.0,0.0,-0.479385702309311,50.7434688770557,0.3810959106031404,1
794,3.751855901317634,Participant3_RS_SlUp,Endomorph,Normal,upright,1.0,0.0,0.0,-0.5051181128529774,51.03797833091016,0.3923529073932491,1
795,3.756581160639192,Participant3_RS_SlUp,Endomorph,Normal,upright,1.0,0.0,0.0,-0.4681505345432806,50.23451211388127,0.3773643199201644,1
796,3.7613064199607513,Participant3_RS_SlUp,Endomorph,Normal,upright,1.0,0.0,0.0,-0.3658501539316814,51.41993433342137,0.3877731602715418,1
797,3.76603167928231,Participant3_RS_SlUp,Endomorph,Normal,upright,1.0,0.0,0.0,-0.454659372897231,50.98452989420509,0.3891917779521603,1
798,3.770756938603869,Participant3_RS_SlUp,Endomorph,Normal,upright,1.0,0.0,0.0,-0.403875131690192,52.08735306920348,0.3843684399975455,1
799,3.7754821979254274,Participant3_RS_SlUp,Endomorph,Normal,upright,1.0,0.0,0.0,-0.5619651264564433,50.61693542333092,0.3928575058167369,1
800,3.780207457246986,Participant3_RS_SlUp,Endomorph,Normal,upright,1.0,0.0,0.0,-0.5090470912212127,50.28075617616645,0.3807620911113572,1
801,3.784932716568545,Participant3_RS_SlUp,Endomorph,Normal,upright,1.0,0.0,0.0,-0.5251624003936772,50.146414816979714,0.3818209142252345,1
802,3.789657975890104,Participant3_RS_SlUp,Endomorph,Normal,upright,1.0,0.0,0.0,-0.5451820515518296,51.144650628212965,0.3806259898842766,1
803,3.7943832352116624,Participant3_RS_SlUp,Endomorph,Normal,upright,1.0,0.0,0.0,-0.4764832240328776,50.40893825532621,0.3740469473471027,1
804,3.799108494533221,Participant3_RS_SlUp,Endomorph,Normal,upright,1.0,0.0,0.0,-0.5264712357699453,50.68701646161334,0.3715253828492355,1
805,3.80383375385478,Participant3_RS_SlUp,Endomorph,Normal,upright,1.0,0.0,0.0,-0.4757599023834187,50.60198029552553,0.3813578651074171,1
806,3.8085590131763385,Participant3_RS_SlUp,Endomorph,Normal,upright,1.0,0.0,0.0,-0.4559079470463872,50.43886947676731,0.3794567252049628,1
807,3.813284272497897,Participant3_RS_SlUp,Endomorph,Normal,upright,1.0,0.0,0.0,-0.471155249228798,50.383704442766536,0.3818395988857714,1
808,3.818009531819456,Participant3_RS_SlUp,Endomorph,Normal,upright,1.0,0.0,0.0,-0.4079429107310873,50.52251526980613,0.3736010067539024,1
809,3.822734791141015,Participant3_RS_SlUp,Endomorph,Normal,upright,1.0,0.0,0.0,-0.464287102288917,50.16974193512039,0.3796843374542575,1
810,3.8274600504625735,Participant3_RS_SlUp,Endomorph,Normal,upright,1.0,0.0,0.0,-0.5253374990070822,49.989633402615326,0.3883402646432037,1
811,3.832185309784132,Participant3_RS_SlUp,Endomorph,Normal,upright,1.0,0.0,0.0,-0.4322570098092134,50.31493676477628,0.3774015739547622,1
812,3.836910569105691,Participant3_RS_SlUp,Endomorph,Normal,upright,1.0,0.0,0.0,-0.4906028211668946,50.87823635157401,0.3815963648868685,1
813,3.8416358284272496,Participant3_RS_SlUp,Endomorph,Normal,upright,1.0,0.0,0.0,-0.4833056601587869,50.1045219714894,0.3844871015477492,1
814,3.846361087748808,Participant3_RS_SlUp,Endomorph,Normal,upright,1.0,0.0,0.0,-0.3913241558517,50.684696785794735,0.3772499882230126,1
815,3.851086347070367,Participant3_RS_SlUp,Endomorph,Normal,upright,1.0,0.0,0.0,-0.4227236546809995,50.667067448219896,0.3828938717322098,1
816,3.8558116063919257,Participant3_RS_SlUp,Endomorph,Normal,upright,1.0,0.0,0.0,-0.3761893797518756,51.23173011871827,0.3962623593645932,1
817,3.8605368657134846,Participant3_RS_SlUp,Endomorph,Normal,upright,1.0,0.0,0.0,-0.4375685358682222,51.07492712373205,0.3966240045816305,1
818,3.865262125035043,Participant3_RS_SlUp,Endomorph,Normal,upright,1.0,0.0,0.0,-0.4495487208021151,50.72629291108994,0.3711643649921226,1
819,3.869987384356602,Participant3_RS_SlUp,Endomorph,Normal,upright,1.0,0.0,0.0,-0.4508761028211775,50.702448878723786,0.3691627466802502,1
820,3.8747126436781607,Participant3_RS_SlUp,Endomorph,Normal,upright,1.0,0.0,0.0,-0.4005455791229206,51.60830087219073,0.3903102777726687,1
821,3.87943790299972,Participant3_RS_SlUp,Endomorph,Normal,upright,1.0,0.0,0.0,-0.5059736939891523,50.61236782679301,0.3981020696919623,1
822,3.8841631623212782,Participant3_RS_SlUp,Endomorph,Normal,upright,1.0,0.0,0.0,-0.4348628916819668,50.91507569901818,0.3937288477430121,1
823,3.8888884216428368,Participant3_RS_SlUp,Endomorph,Normal,upright,1.0,0.0,0.0,-0.4096966305724446,51.33097773319545,0.3978267510467107,1
824,3.893613680964396,Participant3_RS_SlUp,Endomorph,Normal,upright,1.0,0.0,0.0,-0.4209412129609462,50.48941907848853,0.3841466845102542,1
825,3.8983389402859534,Participant3_RS_SlUp,Endomorph,Normal,upright,1.0,0.0,0.0,-0.3903672632060001,51.4404143853714,0.3981512975485873,1
826,3.903064199607513,Participant3_RS_SlUp,Endomorph,Normal,upright,1.0,0.0,0.0,-0.4355514359953185,50.8399965727354,0.3766396980005574,1
827,3.907789458929072,Participant3_RS_SlUp,Endomorph,Normal,upright,1.0,0.0,0.0,-0.4080151749936309,51.31617624798569,0.3777585945749055,1
828,3.912514718250631,Participant3_RS_SlUp,Endomorph,Normal,upright,1.0,0.0,0.0,-0.4115344088952969,51.24307715438217,0.3966714945602434,1
829,3.917239977572189,Participant3_RS_SlUp,Endomorph,Normal,upright,1.0,0.0,0.0,-0.4144522782461638,50.99399404608562,0.3839454493819309,1
830,3.921965236893748,Participant3_RS_SlUp,Endomorph,Normal,upright,1.0,0.0,0.0,-0.3739215029400679,51.99600425303751,0.37572420377767,1
831,3.926690496215307,Participant3_RS_SlUp,Endomorph,Normal,upright,1.0,0.0,0.0,-0.4205388612838381,51.20049441402112,0.3758508565850768,1
832,3.9314157555368654,Participant3_RS_SlUp,Endomorph,Normal,upright,1.0,0.0,0.0,-0.3888285126718359,50.672826958494205,0.3814247852027217,1
833,3.936141014858424,Participant3_RS_SlUp,Endomorph,Normal,upright,1.0,0.0,0.0,-0.3845890432341935,50.792224241644384,0.3852233454301146,1
834,3.940866274179983,Participant3_RS_SlUp,Endomorph,Normal,upright,1.0,0.0,0.0,-0.3778204862702418,50.87125402644307,0.3860239260873628,1
835,3.945591533501542,Participant3_RS_SlUp,Endomorph,Normal,upright,1.0,0.0,0.0,-0.3918965622250629,51.14556882172895,0.3757978108422953,1
836,3.950316792823101,Participant3_RS_SlUp,Endomorph,Normal,upright,1.0,0.0,0.0,-0.4092590951543469,49.95611154391467,0.384202165405544,1
837,3.955042052144659,Participant3_RS_SlUp,Endomorph,Normal,upright,1.0,0.0,0.0,-0.4130126636448497,50.879101610591455,0.3827284717834697,1
838,3.959767311466218,Participant3_RS_SlUp,Endomorph,Normal,upright,1.0,0.0,0.0,-0.5014968415307197,50.258873533517175,0.3866756025010341,1
839,3.964492570787777,Participant3_RS_SlUp,Endomorph,Normal,upright,1.0,0.0,0.0,-0.4844623021283218,50.04417496008454,0.3793674184437888,1
840,3.969217830109336,Participant3_RS_SlUp,Endomorph,Normal,upright,1.0,0.0,0.0,-0.4599922555844145,50.12531139670698,0.3974186580008035,1
841,3.973943089430894,Participant3_RS_SlUp,Endomorph,Normal,upright,1.0,0.0,0.0,-0.39694892101208,50.33981669230821,0.3929462700558481,1
842,3.978668348752453,Participant3_RS_SlUp,Endomorph,Normal,upright,1.0,0.0,0.0,-0.4127287174949575,50.12297705432345,0.3782046948918406,1
843,3.983393608074012,Participant3_RS_SlUp,Endomorph,Normal,upright,1.0,0.0,0.0,-0.3789722570781011,50.21937542430158,0.3924462297503611,1
844,3.9881188673955705,Participant3_RS_SlUp,Endomorph,Normal,upright,1.0,0.0,0.0,-0.3421791339259925,50.573119624426994,0.3743044381678334,1
845,3.992844126717129,Participant3_RS_SlUp,Endomorph,Normal,upright,1.0,0.0,0.0,-0.3741575039001785,50.133602039500296,0.3775736878507577,1
846,3.997569386038688,Participant3_RS_SlUp,Endomorph,Normal,upright,1.0,0.0,0.0,-0.3729499252205656,51.06354122936008,0.3735984288159272,1
847,4.002294645360246,Participant3_RS_SlUp,Endomorph,Normal,upright,1.0,0.0,0.0,-0.3779156318171013,50.55495029420787,0.375505896353364,1
848,4.007019904681806,Participant3_RS_SlUp,Endomorph,Normal,upright,1.0,0.0,0.0,-0.4062019506385717,51.07974700520737,0.3857031981816307,1
849,4.011745164003364,Participant3_RS_SlUp,Endomorph,Normal,upright,1.0,0.0,0.0,-0.3581847078171766,51.32852838432228,0.3911455258852083,1
850,4.016470423324923,Participant3_RS_SlUp,Endomorph,Normal,upright,1.0,0.0,0.0,-0.3567487659814384,51.04418922430138,0.3850128976826937,1
851,4.021195682646481,Participant3_RS_SlUp,Endomorph,Normal,upright,1.0,0.0,0.0,-0.4203387399053738,49.78700087168421,0.3975996584354,1
852,4.025920941968041,Participant3_RS_SlUp,Endomorph,Normal,upright,1.0,0.0,0.0,-0.3946274064613649,50.95296413770466,0.3881938997390858,1
853,4.030646201289599,Participant3_RS_SlUp,Endomorph,Normal,upright,1.0,0.0,0.0,-0.3970555638273314,50.69935438485111,0.3820949406398218,1
854,4.035371460611158,Participant3_RS_SlUp,Endomorph,Normal,upright,1.0,0.0,0.0,-0.4303484445133758,49.785039924352425,0.3956571961239011,1
855,4.040096719932716,Participant3_RS_SlUp,Endomorph,Normal,upright,1.0,0.0,0.0,-0.4247124592074465,49.97541709577053,0.3864324485046931,1
856,4.044821979254275,Participant3_RS_SlUp,Endomorph,Normal,upright,1.0,0.0,0.0,-0.4322771043246595,49.72559409811508,0.3906746324218735,1
857,4.049547238575834,Participant3_RS_SlUp,Endomorph,Normal,upright,1.0,0.0,0.0,-0.466950991486747,49.07224616405753,0.3895594964537905,1
858,4.054272497897393,Participant3_RS_SlUp,Endomorph,Normal,upright,1.0,0.0,0.0,-0.3886937584503872,50.664754375819726,0.3939187767473672,1
859,4.058997757218951,Participant3_RS_SlUp,Endomorph,Normal,upright,1.0,0.0,0.0,-0.3475217781030295,50.84366280653921,0.3917510073775743,1
860,4.06372301654051,Participant3_RS_SlUp,Endomorph,Normal,upright,1.0,0.0,0.0,-0.4263451309836951,50.64701746896889,0.3959977376713608,1
861,4.068448275862068,Participant3_RS_SlUp,Endomorph,Normal,upright,1.0,0.0,0.0,-0.434349282658624,50.277938170526006,0.397956191230551,1
862,4.073173535183628,Participant3_RS_SlUp,Endomorph,Normal,upright,1.0,0.0,0.0,-0.4585203597697892,51.08867082195653,0.3856029958300931,1
863,4.077898794505186,Participant3_RS_SlUp,Endomorph,Normal,upright,1.0,0.0,0.0,-0.3785547610059054,51.12950424093237,0.3837282340291084,1
864,4.082624053826745,Participant3_RS_SlUp,Endomorph,Normal,upright,1.0,0.0,0.0,-0.4768644361623328,50.6944485085842,0.3887459131114035,1
865,4.087349313148303,Participant3_RS_SlUp,Endomorph,Normal,upright,1.0,0.0,0.0,-0.4964438367031538,50.58549179522532,0.3947969658456012,1
866,4.092074572469863,Participant3_RS_SlUp,Endomorph,Normal,upright,1.0,0.0,0.0,-0.4443145238538341,50.58065164994644,0.3944325710007252,1
867,4.096799831791421,Participant3_RS_SlUp,Endomorph,Normal,upright,1.0,0.0,0.0,-0.4588993685852537,50.21703009231363,0.3892069808088912,1
868,4.10152509111298,Participant3_RS_SlUp,Endomorph,Normal,upright,1.0,0.0,0.0,-0.4655353728054705,49.91179332042151,0.3985283767147971,1
869,4.1062503504345385,Participant3_RS_SlUp,Endomorph,Normal,upright,1.0,0.0,0.0,-0.5214673708980084,50.535165461742125,0.3986369758985953,1
870,4.110975609756097,Participant3_RS_SlUp,Endomorph,Normal,upright,1.0,0.0,0.0,-0.4926533739484279,50.60204680583623,0.3972371935927926,1
871,4.115700869077656,Participant3_RS_SlUp,Endomorph,Normal,upright,1.0,0.0,0.0,-0.4591894833087471,49.91899025957321,0.3952760725386522,1
872,4.120426128399215,Participant3_RS_SlUp,Endomorph,Normal,upright,1.0,0.0,0.0,-0.4615682895174562,49.85364814665503,0.3899961806544865,1
873,4.1251513877207735,Participant3_RS_SlUp,Endomorph,Normal,upright,1.0,0.0,0.0,-0.4348713577318635,49.55968677296525,0.3804804757437978,1
874,4.129876647042332,Participant3_RS_SlUp,Endomorph,Normal,upright,1.0,0.0,0.0,-0.4487909810088668,49.60873015392238,0.393096449817623,1
875,4.134601906363892,Participant3_RS_SlUp,Endomorph,Normal,upright,1.0,0.0,0.0,-0.4743789861655673,49.2274407873875,0.3949563836045133,1
876,4.13932716568545,Participant3_RS_SlUp,Endomorph,Normal,upright,1.0,0.0,0.0,-0.5240618560395732,49.28972447678755,0.3960422660889614,1
877,4.1440524250070085,Participant3_RS_SlUp,Endomorph,Normal,upright,1.0,0.0,0.0,-0.5312012791976589,49.33133067599967,0.3867847255858752,1
878,4.148777684328567,Participant3_RS_SlUp,Endomorph,Normal,upright,1.0,0.0,0.0,-0.4503434962918816,50.17331627367235,0.3900261235045408,1
879,4.153502943650126,Participant3_RS_SlUp,Endomorph,Normal,upright,1.0,0.0,0.0,-0.4429990363836777,50.31143311683526,0.3805042395068876,1
880,4.158228202971685,Participant3_RS_SlUp,Endomorph,Normal,upright,1.0,0.0,0.0,-0.550873367858248,49.37451822621142,0.388242533341425,1
881,4.162953462293244,Participant3_RS_SlUp,Endomorph,Normal,upright,1.0,0.0,0.0,-0.4803517268814363,50.8849033270103,0.3822363913385183,1
882,4.167678721614802,Participant3_RS_SlUp,Endomorph,Normal,upright,1.0,0.0,0.0,-0.4070007676565635,51.154487316764005,0.4000448789791413,1
883,4.172403980936361,Participant3_RS_SlUp,Endomorph,Normal,upright,1.0,0.0,0.0,-0.4472836776940331,50.89593394098581,0.3962833203908,1
884,4.177129240257919,Participant3_RS_SlUp,Endomorph,Normal,upright,1.0,0.0,0.0,-0.4692085726883384,50.03813510515355,0.3976974575379107,1
885,4.181854499579479,Participant3_RS_SlUp,Endomorph,Normal,upright,1.0,0.0,0.0,-0.472190777590887,49.88071759476174,0.3910288672415242,1
886,4.186579758901037,Participant3_RS_SlUp,Endomorph,Normal,upright,1.0,0.0,0.0,-0.4841118993707723,50.10345929282785,0.3936650566278343,1
887,4.191305018222596,Participant3_RS_SlUp,Endomorph,Normal,upright,1.0,0.0,0.0,-0.4248602532148896,50.9589503217593,0.3943701719840036,1
888,4.196030277544154,Participant3_RS_SlUp,Endomorph,Normal,upright,1.0,0.0,0.0,-0.4408954863276884,51.22697916095317,0.4008526949112719,1
889,4.200755536865714,Participant3_RS_SlUp,Endomorph,Normal,upright,1.0,0.0,0.0,-0.4333039216561597,51.208017126657126,0.3899150619767667,1
890,4.205480796187272,Participant3_RS_SlUp,Endomorph,Normal,upright,1.0,0.0,0.0,-0.466238492047533,50.30527519386719,0.3838329052989718,1
891,4.210206055508831,Participant3_RS_SlUp,Endomorph,Normal,upright,1.0,0.0,0.0,-0.4329649833208432,51.36633216081056,0.3901750092586765,1
892,4.214931314830389,Participant3_RS_SlUp,Endomorph,Normal,upright,1.0,0.0,0.0,-0.4974430396570393,50.47860025893416,0.3865391174367491,1
893,4.219656574151948,Participant3_RS_SlUp,Endomorph,Normal,upright,1.0,0.0,0.0,-0.4498299653016292,50.542460146095294,0.3894797945329882,1
894,4.224381833473507,Participant3_RS_SlUp,Endomorph,Normal,upright,1.0,0.0,0.0,-0.4358685063001283,51.171532071579605,0.3723156947538128,1
895,4.229107092795066,Participant3_RS_SlUp,Endomorph,Normal,upright,1.0,0.0,0.0,-0.3964767634679336,50.84383540013855,0.3873075939252803,1
896,4.233832352116624,Participant3_RS_SlUp,Endomorph,Normal,upright,1.0,0.0,0.0,-0.3971182056277031,50.83683697898864,0.3867250810329637,1
897,4.238557611438183,Participant3_RS_SlUp,Endomorph,Normal,upright,1.0,0.0,0.0,-0.3878770032563957,51.22711765288503,0.3941453110192723,1
898,4.243282870759742,Participant3_RS_SlUp,Endomorph,Normal,upright,1.0,0.0,0.0,-0.375365377658214,51.35104803811168,0.3903410368043221,1
899,4.248008130081301,Participant3_RS_SlUp,Endomorph,Normal,upright,1.0,0.0,0.0,-0.4062584130092158,50.30175869362502,0.3827812066346792,1
900,4.252733389402859,Participant3_RS_SlUp,Endomorph,Normal,upright,1.0,0.0,0.0,-0.4768824856818932,49.70892816582332,0.3821755354636875,1
901,4.257458648724418,Participant3_RS_SlUp,Endomorph,Normal,upright,1.0,0.0,0.0,-0.4906695400866911,50.02789720003005,0.3873607989914695,1
902,4.2621839080459765,Participant3_RS_SlUp,Endomorph,Normal,upright,1.0,0.0,0.0,-0.5055042260682899,49.43729331015561,0.3860580841796616,1
903,4.266909167367536,Participant3_RS_SlUp,Endomorph,Normal,upright,1.0,0.0,0.0,-0.496759928329473,49.98151527031554,0.3833644060351815,1
904,4.271634426689094,Participant3_RS_SlUp,Endomorph,Normal,upright,1.0,0.0,0.0,-0.5298435328393325,50.32820580055503,0.3889525337513448,1
905,4.276359686010653,Participant3_RS_SlUp,Endomorph,Normal,upright,1.0,0.0,0.0,-0.4842179983761415,50.44648740547253,0.3771153792383039,1
906,4.281084945332212,Participant3_RS_SlUp,Endomorph,Normal,upright,1.0,0.0,0.0,-0.4455582834490307,50.50755624687723,0.3898452662000132,1
907,4.28581020465377,Participant3_RS_SlUp,Endomorph,Normal,upright,1.0,0.0,0.0,-0.41979951316344,50.78122950499645,0.3906978936205331,1
908,4.2905354639753295,Participant3_RS_SlUp,Endomorph,Normal,upright,1.0,0.0,0.0,-0.4371979183637492,51.17713959971269,0.3858965423402965,1
909,4.295260723296888,Participant3_RS_SlUp,Endomorph,Normal,upright,1.0,0.0,0.0,-0.4628204648962638,50.51290605827582,0.379997685830105,1
910,4.299985982618447,Participant3_RS_SlUp,Endomorph,Normal,upright,1.0,0.0,0.0,-0.519713049755242,49.790140459694776,0.3818223927829712,1
911,4.304711241940005,Participant3_RS_SlUp,Endomorph,Normal,upright,1.0,0.0,0.0,-0.475949719327045,51.130114041747575,0.3911099309676568,1
912,4.3094365012615645,Participant3_RS_SlUp,Endomorph,Normal,upright,1.0,0.0,0.0,-0.4149396260462504,51.85936987831422,0.3801307021691646,1
913,4.314161760583123,Participant3_RS_SlUp,Endomorph,Normal,upright,1.0,0.0,0.0,-0.3875475510349045,51.81894919990515,0.3822561310318075,1
914,4.318887019904682,Participant3_RS_SlUp,Endomorph,Normal,upright,1.0,0.0,0.0,-0.3986437975976344,50.90836368939129,0.373136681954252,1
915,4.32361227922624,Participant3_RS_SlUp,Endomorph,Normal,upright,1.0,0.0,0.0,-0.4869924779436588,50.33805654475891,0.3859003465349862,1
916,4.328337538547799,Participant3_RS_SlUp,Endomorph,Normal,upright,1.0,0.0,0.0,-0.4339321160228073,50.869397218800025,0.3884914389746172,1
917,4.333062797869358,Participant3_RS_SlUp,Endomorph,Normal,upright,1.0,0.0,0.0,-0.4261972313102822,51.13861552410752,0.367503724504191,1
918,4.337788057190917,Participant3_RS_SlUp,Endomorph,Normal,upright,1.0,0.0,0.0,-0.4127206313075273,50.97128590100272,0.3777505405358915,1
919,4.342513316512475,Participant3_RS_SlUp,Endomorph,Normal,upright,1.0,0.0,0.0,-0.4719833448435412,51.28821897625183,0.3863127029892632,1
920,4.347238575834034,Participant3_RS_SlUp,Endomorph,Normal,upright,1.0,0.0,0.0,-0.3824618343653528,50.87539056126102,0.3794372351253582,1
921,4.351963835155593,Participant3_RS_SlUp,Endomorph,Normal,upright,1.0,0.0,0.0,-0.4616579288373392,50.74311370719062,0.3768216791980702,1
922,4.356689094477152,Participant3_RS_SlUp,Endomorph,Normal,upright,1.0,0.0,0.0,-0.4588107115075579,48.872369837122285,0.3968002713742238,1
923,4.36141435379871,Participant3_RS_SlUp,Endomorph,Normal,upright,1.0,0.0,0.0,-0.4388051263244893,49.39666063887677,0.3918769167731479,1
924,4.366139613120269,Participant3_RS_SlUp,Endomorph,Normal,upright,1.0,0.0,0.0,-0.4474266412803762,51.0172431857832,0.3766858785993812,1
925,4.370864872441827,Participant3_RS_SlUp,Endomorph,Normal,upright,1.0,0.0,0.0,-0.5066557894220971,50.98798255525208,0.3836709108802703,1
926,4.375590131763387,Participant3_RS_SlUp,Endomorph,Normal,upright,1.0,0.0,0.0,-0.4856939340451194,50.831951048633385,0.3713865562708331,1
927,4.380315391084945,Participant3_RS_SlUp,Endomorph,Normal,upright,1.0,0.0,0.0,-0.4555558292528742,51.17687275781291,0.3813943876755095,1
928,4.385040650406504,Participant3_RS_SlUp,Endomorph,Normal,upright,1.0,0.0,0.0,-0.4399788561738332,50.745619047205246,0.3765190844029364,1
929,4.389765909728062,Participant3_RS_SlUp,Endomorph,Normal,upright,1.0,0.0,0.0,-0.462502334128523,50.9272607076938,0.3787169373917552,1
930,4.394491169049621,Participant3_RS_SlUp,Endomorph,Normal,upright,1.0,0.0,0.0,-0.4516481909298084,50.87139859737153,0.3772266936616028,1
931,4.39921642837118,Participant3_RS_SlUp,Endomorph,Normal,upright,1.0,0.0,0.0,-0.4555846905305347,51.01597183784914,0.3758316751920117,1
932,4.403941687692739,Participant3_RS_SlUp,Endomorph,Normal,upright,1.0,0.0,0.0,-0.4571753015957456,50.293984636386256,0.4006174615057484,1
933,4.408666947014297,Participant3_RS_SlUp,Endomorph,Normal,upright,1.0,0.0,0.0,-0.4383708441341967,51.2263373164663,0.3877732147886416,1
934,4.413392206335856,Participant3_RS_SlUp,Endomorph,Normal,upright,1.0,0.0,0.0,-0.4241994338295637,51.13281290336501,0.3862585961845083,1
935,4.418117465657415,Participant3_RS_SlUp,Endomorph,Normal,upright,1.0,0.0,0.0,-0.4724455443510771,50.32872756489073,0.3872345386453485,1
936,4.422842724978974,Participant3_RS_SlUp,Endomorph,Normal,upright,1.0,0.0,0.0,-0.4584475285275258,50.48492128486307,0.3858924415553209,1
937,4.4275679843005324,Participant3_RS_SlUp,Endomorph,Normal,upright,1.0,0.0,0.0,-0.4482669718479266,50.941636256171314,0.3875997467094279,1
938,4.432293243622091,Participant3_RS_SlUp,Endomorph,Normal,upright,1.0,0.0,0.0,-0.4422738193018229,51.03404604389596,0.3843620548057115,1
939,4.4370185029436495,Participant3_RS_SlUp,Endomorph,Normal,upright,1.0,0.0,0.0,-0.4044829157774587,50.22242121726646,0.3857535698232046,1
940,4.441743762265209,Participant3_RS_SlUp,Endomorph,Normal,upright,1.0,0.0,0.0,-0.4816392179314744,50.099450867777385,0.3877266646314321,1
941,4.446469021586768,Participant3_RS_SlUp,Endomorph,Normal,upright,1.0,0.0,0.0,-0.3989300037636006,50.81556734257845,0.3797670336434367,1
942,4.451194280908326,Participant3_RS_SlUp,Endomorph,Normal,upright,1.0,0.0,0.0,-0.4297169742678984,49.787450596815184,0.3925300617904181,1
943,4.455919540229885,Participant3_RS_SlUp,Endomorph,Normal,upright,1.0,0.0,0.0,-0.447034618118559,49.85546628913077,0.3942951455581949,1
944,4.460644799551444,Participant3_RS_SlUp,Endomorph,Normal,upright,1.0,0.0,0.0,-0.5102361533587528,49.300320691026926,0.389788628866928,1
945,4.4653700588730025,Participant3_RS_SlUp,Endomorph,Normal,upright,1.0,0.0,0.0,-0.4422815182887882,49.58325535811316,0.3911468671855179,1
946,4.470095318194561,Participant3_RS_SlUp,Endomorph,Normal,upright,1.0,0.0,0.0,-0.4175361807369785,50.84237118615104,0.3883933404669926,1
947,4.47482057751612,Participant3_RS_SlUp,Endomorph,Normal,upright,1.0,0.0,0.0,-0.3836334408439488,51.2020454672371,0.3840620315493705,1
948,4.479545836837678,Participant3_RS_SlUp,Endomorph,Normal,upright,1.0,0.0,0.0,-0.4805482424920787,49.96212725242678,0.3984476115546136,1
949,4.484271096159238,Participant3_RS_SlUp,Endomorph,Normal,upright,1.0,0.0,0.0,-0.476345992076698,51.07096856518925,0.3896675038725494,1
950,4.488996355480796,Participant3_RS_SlUp,Endomorph,Normal,upright,1.0,0.0,0.0,-0.433173369911414,50.9708202928275,0.37766326049984,1
951,4.493721614802355,Participant3_RS_SlUp,Endomorph,Normal,upright,1.0,0.0,0.0,-0.4135988475346934,51.04189231518603,0.3871288435263045,1
952,4.498446874123913,Participant3_RS_SlUp,Endomorph,Normal,upright,1.0,0.0,0.0,-0.4363048965944193,51.509821604327946,0.3845290107584806,1
953,4.503172133445472,Participant3_RS_SlUp,Endomorph,Normal,upright,1.0,0.0,0.0,-0.497973908502158,51.04129524543586,0.3788718775527037,1
954,4.507897392767031,Participant3_RS_SlUp,Endomorph,Normal,upright,1.0,0.0,0.0,-0.4528980339455249,51.19681989987178,0.3829682627362056,1
955,4.51262265208859,Participant3_RS_SlUp,Endomorph,Normal,upright,1.0,0.0,0.0,-0.4734888201565683,50.9969417137162,0.3784008612468984,1
956,4.517347911410148,Participant3_RS_SlUp,Endomorph,Normal,upright,1.0,0.0,0.0,-0.4167279522948708,51.461880701253286,0.3792234475069628,1
957,4.522073170731707,Participant3_RS_SlUp,Endomorph,Normal,upright,1.0,0.0,0.0,-0.434836987957753,50.84642097421698,0.377500043868944,1
958,4.526798430053266,Participant3_RS_SlUp,Endomorph,Normal,upright,1.0,0.0,0.0,-0.5396082784255648,50.67644576183957,0.3871217329325464,1
959,4.531523689374825,Participant3_RS_SlUp,Endomorph,Normal,upright,1.0,0.0,0.0,-0.4538457185109684,51.719915569339605,0.3860963843618066,1
960,4.536248948696383,Participant3_RS_SlUp,Endomorph,Normal,upright,1.0,0.0,0.0,-0.4213914908683487,51.599429316150086,0.3909456002227601,1
961,4.540974208017942,Participant3_RS_SlUp,Endomorph,Normal,upright,1.0,0.0,0.0,-0.373366270582018,51.57670503818727,0.3822311659226363,1
962,4.5456994673395,Participant3_RS_SlUp,Endomorph,Normal,upright,1.0,0.0,0.0,-0.3892734866860332,51.128404060602186,0.3768265820852287,1
963,4.55042472666106,Participant3_RS_SlUp,Endomorph,Normal,upright,1.0,0.0,0.0,-0.4223261798575285,51.32418700053362,0.3859945339974889,1
964,4.555149985982618,Participant3_RS_SlUp,Endomorph,Normal,upright,1.0,0.0,0.0,-0.4059175555631904,50.64246319423653,0.3743080303072001,1
965,4.559875245304177,Participant3_RS_SlUp,Endomorph,Normal,upright,1.0,0.0,0.0,-0.3931745218819127,51.86013626181485,0.3737228806441441,1
966,4.564600504625735,Participant3_RS_SlUp,Endomorph,Normal,upright,1.0,0.0,0.0,-0.4067590790192172,50.87591757961735,0.3933855683708222,1
967,4.569325763947295,Participant3_RS_SlUp,Endomorph,Normal,upright,1.0,0.0,0.0,-0.3879676422301981,50.11747229040488,0.3891189419735156,1
968,4.574051023268853,Participant3_RS_SlUp,Endomorph,Normal,upright,1.0,0.0,0.0,-0.3919405634651134,51.100777492725136,0.3952042087257865,1
969,4.578776282590412,Participant3_RS_SlUp,Endomorph,Normal,upright,1.0,0.0,0.0,-0.3923927137283671,50.49255661372806,0.3785853967470179,1
970,4.5835015419119705,Participant3_RS_SlUp,Endomorph,Normal,upright,1.0,0.0,0.0,-0.3960533979867778,50.68933271163136,0.3952069303982051,1
971,4.588226801233529,Participant3_RS_SlUp,Endomorph,Normal,upright,1.0,0.0,0.0,-0.3930344076793108,49.994088783231696,0.3845682085298746,1
972,4.592952060555088,Participant3_RS_SlUp,Endomorph,Normal,upright,1.0,0.0,0.0,-0.38418694112935,50.99463351143783,0.3813262022740563,1
973,4.597677319876647,Participant3_RS_SlUp,Endomorph,Normal,upright,1.0,0.0,0.0,-0.3689881438195346,51.34677428030521,0.3728720177747455,1
974,4.6024025791982055,Participant3_RS_SlUp,Endomorph,Normal,upright,1.0,0.0,0.0,-0.3782846719442631,51.44707145001615,0.3836905291628074,1
975,4.607127838519764,Participant3_RS_SlUp,Endomorph,Normal,upright,1.0,0.0,0.0,-0.4150813125529904,51.51459816028317,0.3777782396842255,1
976,4.611853097841324,Participant3_RS_SlUp,Endomorph,Normal,upright,1.0,0.0,0.0,-0.4172428360696499,51.66800184357735,0.388172095677038,1
977,4.616578357162882,Participant3_RS_SlUp,Endomorph,Normal,upright,1.0,0.0,0.0,-0.3914425942765684,50.86907306231189,0.3830659664275714,1
978,4.6213036164844405,Participant3_RS_SlUp,Endomorph,Normal,upright,1.0,0.0,0.0,-0.4326918384937251,49.91927526706408,0.3840877402669009,1
979,4.626028875805999,Participant3_RS_SlUp,Endomorph,Normal,upright,1.0,0.0,0.0,-0.4145537986346247,50.76111841011896,0.3911736969010885,1
980,4.630754135127558,Participant3_RS_SlUp,Endomorph,Normal,upright,1.0,0.0,0.0,-0.4289250966610689,50.88281998040832,0.3839544408413027,1
981,4.635479394449117,Participant3_RS_SlUp,Endomorph,Normal,upright,1.0,0.0,0.0,-0.444283093061122,50.34593098911492,0.3818295296525502,1
982,4.640204653770676,Participant3_RS_SlUp,Endomorph,Normal,upright,1.0,0.0,0.0,-0.464634407663305,50.53295252936493,0.3975292548692359,1
983,4.644929913092234,Participant3_RS_SlUp,Endomorph,Normal,upright,1.0,0.0,0.0,-0.429823804380589,50.22957110240835,0.3896883739953473,1
984,4.649655172413793,Participant3_RS_SlUp,Endomorph,Normal,upright,1.0,0.0,0.0,-0.4282027890803458,51.31460980638709,0.3951888037309727,1
985,4.654380431735351,Participant3_RS_SlUp,Endomorph,Normal,upright,1.0,0.0,0.0,-0.3999374080718738,51.35978824525898,0.3917125019566082,1
986,4.659105691056911,Participant3_RS_SlUp,Endomorph,Normal,upright,1.0,0.0,0.0,-0.4161897976412981,50.456614698820005,0.3903815243253285,1
987,4.663830950378469,Participant3_RS_SlUp,Endomorph,Normal,upright,1.0,0.0,0.0,-0.3785218903106414,50.553178494908025,0.3798242051788976,1
988,4.668556209700028,Participant3_RS_SlUp,Endomorph,Normal,upright,1.0,0.0,0.0,-0.4000990727998335,50.6710001226361,0.383844561450822,1
989,4.673281469021586,Participant3_RS_SlUp,Endomorph,Normal,upright,1.0,0.0,0.0,-0.3946894145212496,50.5641879671845,0.3841696175929916,1
990,4.678006728343146,Participant3_RS_SlUp,Endomorph,Normal,upright,1.0,0.0,0.0,-0.4353148581095885,50.80487158398369,0.3728334822181497,1
991,4.682731987664704,Participant3_RS_SlUp,Endomorph,Normal,upright,1.0,0.0,0.0,-0.4153998404128854,49.770561409431984,0.3847959926985531,1
992,4.687457246986263,Participant3_RS_SlUp,Endomorph,Normal,upright,1.0,0.0,0.0,-0.4552016381593835,50.09883127919548,0.3890588862156181,1
993,4.692182506307821,Participant3_RS_SlUp,Endomorph,Normal,upright,1.0,0.0,0.0,-0.4284902531413007,50.91245785140619,0.3784222007460364,1
994,4.69690776562938,Participant3_RS_SlUp,Endomorph,Normal,upright,1.0,0.0,0.0,-0.4555704586750141,50.4421866941489,0.382864233553172,1
995,4.701633024950939,Participant3_RS_SlUp,Endomorph,Normal,upright,1.0,0.0,0.0,-0.38923303294618,51.06381257923144,0.3948341551792099,1
996,4.706358284272498,Participant3_RS_SlUp,Endomorph,Normal,upright,1.0,0.0,0.0,-0.4787707754615454,50.7327233351466,0.3944989024085997,1
997,4.711083543594056,Participant3_RS_SlUp,Endomorph,Normal,upright,1.0,0.0,0.0,-0.4478197255362435,50.48172336261273,0.3975538899739946,1
998,4.715808802915615,Participant3_RS_SlUp,Endomorph,Normal,upright,1.0,0.0,0.0,-0.4359870337863684,50.47819791970455,0.4053904832773228,1
999,4.720534062237174,Participant3_RS_SlUp,Endomorph,Normal,upright,1.0,0.0,0.0,-0.3864872989495216,51.32234304066375,0.3802303114254856,1
1000,4.725259321558733,Participant3_RS_SlUp,Endomorph,Normal,upright,1.0,0.0,0.0,-0.4221926654763301,49.84115945269279,0.3865957329460739,1
1001,4.729984580880291,Participant3_RS_SlUp,Endomorph,Normal,upright,1.0,0.0,0.0,-0.4427352601292441,50.06684983037888,0.4007624789610768,1
1002,4.73470984020185,Participant3_RS_SlUp,Endomorph,Normal,upright,1.0,0.0,0.0,-0.4005644903211603,49.997768334081535,0.3856409656196878,1
1003,4.7394350995234085,Participant3_RS_SlUp,Endomorph,Normal,upright,1.0,0.0,0.0,-0.4322549563069552,50.24934934459395,0.4020416487967977,1
1004,4.744160358844968,Participant3_RS_SlUp,Endomorph,Normal,upright,1.0,0.0,0.0,-0.4788339661335579,50.244318911351954,0.396640000709255,1
1005,4.748885618166526,Participant3_RS_SlUp,Endomorph,Normal,upright,1.0,0.0,0.0,-0.473306553929279,50.06196727146156,0.383385730140788,1
1006,4.753610877488085,Participant3_RS_SlUp,Endomorph,Normal,upright,1.0,0.0,0.0,-0.4182222179930115,49.91120967319699,0.4015608301429983,1
1007,4.758336136809644,Participant3_RS_SlUp,Endomorph,Normal,upright,1.0,0.0,0.0,-0.4342703687838136,50.26672878810593,0.4010068321670979,1
1008,4.763061396131202,Participant3_RS_SlUp,Endomorph,Normal,upright,1.0,0.0,0.0,-0.4761668137810892,49.88431189051205,0.3978330063444957,1
1009,4.7677866554527615,Participant3_RS_SlUp,Endomorph,Normal,upright,1.0,0.0,0.0,-0.4454858787778281,49.98697647871178,0.394117470064122,1
1010,4.77251191477432,Participant3_RS_SlUp,Endomorph,Normal,upright,1.0,0.0,0.0,-0.4205006100716389,50.2146524121358,0.3882194849204997,1
1011,4.777237174095879,Participant3_RS_SlUp,Endomorph,Normal,upright,1.0,0.0,0.0,-0.4597104025332482,50.08088133639462,0.3841825889539627,1
1012,4.781962433417437,Participant3_RS_SlUp,Endomorph,Normal,upright,1.0,0.0,0.0,-0.4796576033421365,50.16930456270023,0.3896722480223725,1
1013,4.7866876927389965,Participant3_RS_SlUp,Endomorph,Normal,upright,1.0,0.0,0.0,-0.4376344336253858,50.06320614754422,0.3913068767483804,1
1014,4.791412952060555,Participant3_RS_SlUp,Endomorph,Normal,upright,1.0,0.0,0.0,-0.4315266689884924,49.73936743982589,0.4048613129774592,1
1015,4.796138211382114,Participant3_RS_SlUp,Endomorph,Normal,upright,1.0,0.0,0.0,-0.4020124283183838,49.985287836403465,0.39877940723217,1
1016,4.800863470703672,Participant3_RS_SlUp,Endomorph,Normal,upright,1.0,0.0,0.0,-0.4925786481398314,49.83285169841282,0.3818713464404005,1
1017,4.805588730025231,Participant3_RS_SlUp,Endomorph,Normal,upright,1.0,0.0,0.0,-0.3918341916732751,50.21995726036453,0.3843605234518913,1
1018,4.81031398934679,Participant3_RS_SlUp,Endomorph,Normal,upright,1.0,0.0,0.0,-0.4112962381892868,50.31907246531922,0.3864493424485816,1
1019,4.815039248668349,Participant3_RS_SlUp,Endomorph,Normal,upright,1.0,0.0,0.0,-0.4197968308253311,50.362435725094166,0.3968321784006237,1
1020,4.819764507989907,Participant3_RS_SlUp,Endomorph,Normal,upright,1.0,0.0,0.0,-0.4116528909262894,50.109746152895525,0.3925879975078237,1
1021,4.824489767311466,Participant3_RS_SlUp,Endomorph,Normal,upright,1.0,0.0,0.0,-0.4125520639547678,50.54199355106044,0.3846876522423655,1
1022,4.829215026633025,Participant3_RS_SlUp,Endomorph,Normal,upright,1.0,0.0,0.0,-0.4088114537096258,50.34780594475715,0.3867298008418512,1
1023,4.833940285954584,Participant3_RS_SlUp,Endomorph,Normal,upright,1.0,0.0,0.0,-0.4602389953804595,49.57047177043696,0.3807323740031084,1
1024,4.838665545276142,Participant3_RS_SlUp,Endomorph,Normal,upright,1.0,0.0,0.0,-0.3940941641959989,50.08279276758348,0.3982080656148537,1
1025,4.843390804597701,Participant3_RS_SlUp,Endomorph,Normal,upright,1.0,0.0,0.0,-0.4259428129111753,49.98281701708017,0.3948126378884257,1
1026,4.848116063919259,Participant3_RS_SlUp,Endomorph,Normal,upright,1.0,0.0,0.0,-0.4551273476468213,49.81854718630751,0.3869401699797228,1
1027,4.852841323240819,Participant3_RS_SlUp,Endomorph,Normal,upright,1.0,0.0,0.0,-0.4426607263762885,50.28314896949733,0.3937957730132371,1
1028,4.857566582562377,Participant3_RS_SlUp,Endomorph,Normal,upright,1.0,0.0,0.0,-0.3850150130324088,50.33555408937525,0.3824901700537058,1
1029,4.862291841883936,Participant3_RS_SlUp,Endomorph,Normal,upright,1.0,0.0,0.0,-0.3934544944968384,50.44970217579727,0.3869474690763678,1
1030,4.867017101205494,Participant3_RS_SlUp,Endomorph,Normal,upright,1.0,0.0,0.0,-0.4197190820778292,50.73583497501064,0.3912463528564453,1
1031,4.871742360527053,Participant3_RS_SlUp,Endomorph,Normal,upright,1.0,0.0,0.0,-0.3817718275224796,50.860268011876734,0.3931452282000189,1
1032,4.876467619848612,Participant3_RS_SlUp,Endomorph,Normal,upright,1.0,0.0,0.0,-0.3949508376172691,50.66400269088807,0.3879589387764168,1
1033,4.881192879170171,Participant3_RS_SlUp,Endomorph,Normal,upright,1.0,0.0,0.0,-0.44393390107113,49.78084367692964,0.3827049471222726,1
1034,4.885918138491729,Participant3_RS_SlUp,Endomorph,Normal,upright,1.0,0.0,0.0,-0.4241513198372149,49.81052212050442,0.3909247279775799,1
1035,4.890643397813288,Participant3_RS_SlUp,Endomorph,Normal,upright,1.0,0.0,0.0,-0.4224481804818465,49.75810962323206,0.3825465478328337,1
1036,4.895368657134847,Participant3_RS_SlUp,Endomorph,Normal,upright,1.0,0.0,0.0,-0.433612869401322,50.55297680595721,0.3966951951224954,1
1037,4.900093916456406,Participant3_RS_SlUp,Endomorph,Normal,upright,1.0,0.0,0.0,-0.3876880232298948,50.37064421065322,0.3821755584505081,1
1038,4.9048191757779644,Participant3_RS_SlUp,Endomorph,Normal,upright,1.0,0.0,0.0,-0.398042182461394,50.84361622167038,0.3962599202580233,1
1039,4.909544435099523,Participant3_RS_SlUp,Endomorph,Normal,upright,1.0,0.0,0.0,-0.3815794633023922,50.60085957364512,0.3931885782142966,1
1040,4.9142696944210815,Participant3_RS_SlUp,Endomorph,Normal,upright,1.0,0.0,0.0,-0.4143694097531625,50.68983408051823,0.3879951003774691,1
1041,4.918994953742641,Participant3_RS_SlUp,Endomorph,Normal,upright,1.0,0.0,0.0,-0.3816729073226061,51.00634057113837,0.3721578489816483,1
1042,4.9237202130642,Participant3_RS_SlUp,Endomorph,Normal,upright,1.0,0.0,0.0,-0.4313584394656781,50.85016902896424,0.3914201916134917,1
1043,4.928445472385758,Participant3_RS_SlUp,Endomorph,Normal,upright,1.0,0.0,0.0,-0.4360594265967777,49.47646920792297,0.4029317210970992,1
1044,4.933170731707317,Participant3_RS_SlUp,Endomorph,Normal,upright,1.0,0.0,0.0,-0.3879119390203189,50.73227116821114,0.3804088397066715,1
1045,4.937895991028876,Participant3_RS_SlUp,Endomorph,Normal,upright,1.0,0.0,0.0,-0.3688001509822969,51.42876797024046,0.3901593560135187,1
1046,4.9426212503504345,Participant3_RS_SlUp,Endomorph,Normal,upright,1.0,0.0,0.0,-0.4630984471612207,50.21886348311688,0.380273091194627,1
1047,4.947346509671993,Participant3_RS_SlUp,Endomorph,Normal,upright,1.0,0.0,0.0,-0.4526120480970222,49.52269427263573,0.3932139459497368,1
1048,4.952071768993552,Participant3_RS_SlUp,Endomorph,Normal,upright,1.0,0.0,0.0,-0.5456499589633473,49.7737423751045,0.4040668541347885,1
1049,4.95679702831511,Participant3_RS_SlUp,Endomorph,Normal,upright,1.0,0.0,0.0,-0.4417518816743789,49.947050202045496,0.4081095753011796,1
1050,4.96152228763667,Participant3_RS_SlUp,Endomorph,Normal,upright,1.0,0.0,0.0,-0.4455265421292387,49.25433036405238,0.4056980448023961,1
1051,4.966247546958228,Participant3_RS_SlUp,Endomorph,Normal,upright,1.0,0.0,0.0,-0.4232824944384846,49.13318147409834,0.3960957119201034,1
1052,4.970972806279787,Participant3_RS_SlUp,Endomorph,Normal,upright,1.0,0.0,0.0,-0.4279305795591461,50.25599767398493,0.3995344851952929,1
1053,4.975698065601345,Participant3_RS_SlUp,Endomorph,Normal,upright,1.0,0.0,0.0,-0.4176331764621611,50.47599230324184,0.3993923999779848,1
1054,4.980423324922904,Participant3_RS_SlUp,Endomorph,Normal,upright,1.0,0.0,0.0,-0.4361741798478364,49.49283846801153,0.3973213097219322,1
1055,4.985148584244463,Participant3_RS_SlUp,Endomorph,Normal,upright,1.0,0.0,0.0,-0.4404912318882974,49.5404568769174,0.4092403558117218,1
1056,4.989873843566022,Participant3_RS_SlUp,Endomorph,Normal,upright,1.0,0.0,0.0,-0.4640844301480783,48.979874348263166,0.4059729635268556,1
1057,4.99459910288758,Participant3_RS_SlUp,Endomorph,Normal,upright,1.0,0.0,0.0,-0.41129815285682,50.37110697774157,0.3771442317901077,1
1058,4.999324362209139,Participant3_RS_SlUp,Endomorph,Normal,upright,1.0,0.0,0.0,-0.4270488811594067,50.19512216352471,0.3772117486644618,1
1059,5.004049621530698,Participant3_RS_SlUp,Endomorph,Normal,upright,1.0,0.0,0.0,-0.4416783935600707,50.47759121148723,0.3791163925778733,1
1060,5.008774880852257,Participant3_RS_SlUp,Endomorph,Normal,upright,1.0,0.0,0.0,-0.4819611273536623,50.21234193289876,0.3925357605312741,1
1061,5.013500140173815,Participant3_RS_SlUp,Endomorph,Normal,upright,1.0,0.0,0.0,-0.4087012170889993,50.174621783914425,0.3811708467927339,1
1062,5.018225399495374,Participant3_RS_SlUp,Endomorph,Normal,upright,1.0,0.0,0.0,-0.4833293454067934,50.42614542676196,0.4013526063091343,1
1063,5.022950658816932,Participant3_RS_SlUp,Endomorph,Normal,upright,1.0,0.0,0.0,-0.3973701335694578,50.3009306327639,0.3893289040109992,1
1064,5.027675918138492,Participant3_RS_SlUp,Endomorph,Normal,upright,1.0,0.0,0.0,-0.4360079689159568,50.58109473159909,0.379881437660993,1
1065,5.03240117746005,Participant3_RS_SlUp,Endomorph,Normal,upright,1.0,0.0,0.0,-0.4324613760970142,50.51949396913483,0.3888246430852557,1
1066,5.037126436781609,Participant3_RS_SlUp,Endomorph,Normal,upright,1.0,0.0,0.0,-0.3767809708222683,50.911292770584026,0.3782002033252526,1
1067,5.041851696103167,Participant3_RS_SlUp,Endomorph,Normal,upright,1.0,0.0,0.0,-0.4240729271711713,49.283591162335206,0.4089771592641262,1
1068,5.046576955424727,Participant3_RS_SlUp,Endomorph,Normal,upright,1.0,0.0,0.0,-0.5077899004790373,49.560195978715,0.3775485275020778,1
1069,5.051302214746285,Participant3_RS_SlUp,Endomorph,Normal,upright,1.0,0.0,0.0,-0.4638463078345772,50.19200617183064,0.38215274877582,1
1070,5.056027474067844,Participant3_RS_SlUp,Endomorph,Normal,upright,1.0,0.0,0.0,-0.4708783779538124,50.38145269987107,0.3736683777328479,1
1071,5.0607527333894025,Participant3_RS_SlUp,Endomorph,Normal,upright,1.0,0.0,0.0,-0.4548246068366069,50.572756824286486,0.3713050347008688,1
1072,5.065477992710961,Participant3_RS_SlUp,Endomorph,Normal,upright,1.0,0.0,0.0,-0.4806235657185586,50.58625224797504,0.3737324327996589,1
1073,5.07020325203252,Participant3_RS_SlUp,Endomorph,Normal,upright,1.0,0.0,0.0,-0.4278567450705796,50.717340386010335,0.3685110393675987,1
1074,5.074928511354079,Participant3_RS_SlUp,Endomorph,Normal,upright,1.0,0.0,0.0,-0.5237885551924842,50.455818300872494,0.370280551484718,1
1075,5.0796537706756375,Participant3_RS_SlUp,Endomorph,Normal,upright,1.0,0.0,0.0,-0.5111991015451107,49.81612906698056,0.3757794903576049,1
1076,5.084379029997196,Participant3_RS_SlUp,Endomorph,Normal,upright,1.0,0.0,0.0,-0.4984306637181845,49.998392566893166,0.3684155712150088,1
1077,5.089104289318755,Participant3_RS_SlUp,Endomorph,Normal,upright,1.0,0.0,0.0,-0.4765850615304879,49.88371027367809,0.3704443990606533,1
1078,5.093829548640314,Participant3_RS_SlUp,Endomorph,Normal,upright,1.0,0.0,0.0,-0.4813929095273002,50.06057879327162,0.3744204340888986,1
1079,5.0985548079618725,Participant3_RS_SlUp,Endomorph,Normal,upright,1.0,0.0,0.0,-0.4919020122304359,49.70485612333753,0.3745984860992342,1
1080,5.103280067283431,Participant3_RS_SlUp,Endomorph,Normal,upright,1.0,0.0,0.0,-0.5709888666916808,50.08770373885288,0.3680909395717641,1
1081,5.10800532660499,Participant3_RS_SlUp,Endomorph,Normal,upright,1.0,0.0,0.0,-0.3762103776935405,50.74926299345872,0.3842559506909191,1
1082,5.112730585926549,Participant3_RS_SlUp,Endomorph,Normal,upright,1.0,0.0,0.0,-0.5050988299289558,49.24112101433707,0.3767041023898226,1
1083,5.117455845248108,Participant3_RS_SlUp,Endomorph,Normal,upright,1.0,0.0,0.0,-0.463947024920387,49.38739072149229,0.4057566615295392,1
1084,5.122181104569666,Participant3_RS_SlUp,Endomorph,Normal,upright,1.0,0.0,0.0,-0.413397785344254,49.2517477192559,0.3956323488852504,1
1085,5.126906363891225,Participant3_RS_SlUp,Endomorph,Normal,upright,1.0,0.0,0.0,-0.4945371334787871,49.59565702456149,0.3748103976230796,1
1086,5.131631623212783,Participant3_RS_SlUp,Endomorph,Normal,upright,1.0,0.0,0.0,-0.4965917471006259,49.78959501620746,0.3776104266079355,1
1087,5.136356882534343,Participant3_RS_SlUp,Endomorph,Normal,upright,1.0,0.0,0.0,-0.4570837069467427,49.77978549757455,0.3758019957390286,1
1088,5.141082141855901,Participant3_RS_SlUp,Endomorph,Normal,upright,1.0,0.0,0.0,-0.4642240004138449,49.51158238457101,0.3709036485878514,1
1089,5.14580740117746,Participant3_RS_SlUp,Endomorph,Normal,upright,1.0,0.0,0.0,-0.4723148367002551,49.50867428267789,0.3786565243322827,1
1090,5.150532660499018,Participant3_RS_SlUp,Endomorph,Normal,upright,1.0,0.0,0.0,-0.531196783929089,49.32445081549888,0.3765070726012601,1
1091,5.155257919820578,Participant3_RS_SlUp,Endomorph,Normal,upright,1.0,0.0,0.0,-0.5068202562155525,49.60986375108099,0.3744177563585602,1
1092,5.159983179142136,Participant3_RS_SlUp,Endomorph,Normal,upright,1.0,0.0,0.0,-0.3461314643178729,50.09171807639059,0.3792265175186123,1
1093,5.164708438463695,Participant3_RS_SlUp,Endomorph,Normal,upright,1.0,0.0,0.0,-0.350067262813882,51.12456539852453,0.376560267002765,1
1094,5.169433697785253,Participant3_RS_SlUp,Endomorph,Normal,upright,1.0,0.0,0.0,-0.4608990706206981,49.979732234137806,0.3784308104373803,1
1095,5.174158957106812,Participant3_RS_SlUp,Endomorph,Normal,upright,1.0,0.0,0.0,-0.3937261065605872,50.57735626204283,0.3677031884237537,1
1096,5.178884216428371,Participant3_RS_SlUp,Endomorph,Normal,upright,1.0,0.0,0.0,-0.3965497500794479,50.34009419771285,0.3839598455503038,1
1097,5.18360947574993,Participant3_RS_SlUp,Endomorph,Normal,upright,1.0,0.0,0.0,-0.3685393210371539,51.04974793702549,0.3805911298490326,1
1098,5.188334735071488,Participant3_RS_SlUp,Endomorph,Normal,upright,1.0,0.0,0.0,-0.3634549388815323,50.91184024455391,0.3700830999292445,1
1099,5.193059994393047,Participant3_RS_SlUp,Endomorph,Normal,upright,1.0,0.0,0.0,-0.4413428839601381,49.950907924287264,0.3782694251515164,1
1100,5.197785253714606,Participant3_RS_SlUp,Endomorph,Normal,upright,1.0,0.0,0.0,-0.5110025594367057,49.602126343943326,0.3783953800556741,1
1101,5.202510513036165,Participant3_RS_SlUp,Endomorph,Normal,upright,1.0,0.0,0.0,-0.454017701882586,49.99965668060127,0.3710704353876918,1
1102,5.207235772357723,Participant3_RS_SlUp,Endomorph,Normal,upright,1.0,0.0,0.0,-0.3799069437063311,50.63501822101236,0.3780284324861949,1
1103,5.211961031679282,Participant3_RS_SlUp,Endomorph,Normal,upright,1.0,0.0,0.0,-0.3720579871915888,50.33215177163499,0.3837438377827299,1
1104,5.2166862910008405,Participant3_RS_SlUp,Endomorph,Normal,upright,1.0,0.0,0.0,-0.4479553566846932,49.74275347138077,0.3831360026847016,1
1105,5.2214115503224,Participant3_RS_SlUp,Endomorph,Normal,upright,1.0,0.0,0.0,-0.3829528042255683,49.59234012731159,0.3862222011164608,1
1106,5.226136809643958,Participant3_RS_SlUp,Endomorph,Normal,upright,1.0,0.0,0.0,-0.4112383890517664,49.93409839837848,0.374457899846938,1
1107,5.230862068965517,Participant3_RS_SlUp,Endomorph,Normal,upright,1.0,0.0,0.0,-0.4144458961445723,50.03359170627757,0.3742742500579162,1
1108,5.235587328287076,Participant3_RS_SlUp,Endomorph,Normal,upright,1.0,0.0,0.0,-0.4487216594854685,50.08872084328079,0.3776108018404225,1
1109,5.240312587608634,Participant3_RS_SlUp,Endomorph,Normal,upright,1.0,0.0,0.0,-0.4141776434405018,49.48477724561766,0.3872855334307056,1
1110,5.2450378469301935,Participant3_RS_SlUp,Endomorph,Normal,upright,1.0,0.0,0.0,-0.3842303479096189,50.644518186278205,0.3855951799787376,1
1111,5.249763106251752,Participant3_RS_SlUp,Endomorph,Normal,upright,1.0,0.0,0.0,-0.4379569117150453,50.0050086491533,0.3860308722998558,1
1112,5.254488365573311,Participant3_RS_SlUp,Endomorph,Normal,upright,1.0,0.0,0.0,-0.4376443823530322,49.297765997373375,0.3889954255450601,1
1113,5.259213624894869,Participant3_RS_SlUp,Endomorph,Normal,upright,1.0,0.0,0.0,-0.4084657191489196,50.23911205130281,0.3823170317556869,1
1114,5.2639388842164285,Participant3_RS_SlUp,Endomorph,Normal,upright,1.0,0.0,0.0,-0.5080882000263098,49.17011086585042,0.3860417465991611,1
1115,5.268664143537987,Participant3_RS_SlUp,Endomorph,Normal,upright,1.0,0.0,0.0,-0.4116329219412187,50.5623710285929,0.3792115565278799,1
1116,5.273389402859546,Participant3_RS_SlUp,Endomorph,Normal,upright,1.0,0.0,0.0,-0.3879272870448829,50.75757558308258,0.3826813090044256,1
1117,5.278114662181104,Participant3_RS_SlUp,Endomorph,Normal,upright,1.0,0.0,0.0,-0.4159540808000529,50.38241649845981,0.3805488584908572,1
1118,5.282839921502663,Participant3_RS_SlUp,Endomorph,Normal,upright,1.0,0.0,0.0,-0.3810557810979261,50.64368420836149,0.3782209019575385,1
1119,5.287565180824222,Participant3_RS_SlUp,Endomorph,Normal,upright,1.0,0.0,0.0,-0.3735707197256127,50.58574950366533,0.3687617283696396,1
1120,5.292290440145781,Participant3_RS_SlUp,Endomorph,Normal,upright,1.0,0.0,0.0,-0.3835351932930317,50.71148388710622,0.3675138575652406,1
1121,5.297015699467339,Participant3_RS_SlUp,Endomorph,Normal,upright,1.0,0.0,0.0,-0.3673532003385017,51.20283211008081,0.3615184766861247,1
1122,5.301740958788898,Participant3_RS_SlUp,Endomorph,Normal,upright,1.0,0.0,0.0,-0.4274689216301158,50.84694481916908,0.3943957177965942,1
1123,5.306466218110457,Participant3_RS_SlUp,Endomorph,Normal,upright,1.0,0.0,0.0,-0.4050592970145572,50.139485575008855,0.3944870572256008,1
1124,5.311191477432016,Participant3_RS_SlUp,Endomorph,Normal,upright,1.0,0.0,0.0,-0.404232021323526,50.30910733412066,0.4068399075833436,1
1125,5.315916736753574,Participant3_RS_SlUp,Endomorph,Normal,upright,1.0,0.0,0.0,-0.3933205067894448,50.54777199647278,0.3927688582249415,1
1126,5.320641996075133,Participant3_RS_SlUp,Endomorph,Normal,upright,1.0,0.0,0.0,-0.3758046232685176,50.90654159799722,0.3688082025206139,1
1127,5.325367255396691,Participant3_RS_SlUp,Endomorph,Normal,upright,1.0,0.0,0.0,-0.4168664090429501,50.24676411733737,0.3742795200154963,1
1128,5.330092514718251,Participant3_RS_SlUp,Endomorph,Normal,upright,1.0,0.0,0.0,-0.3786116095810263,51.04870777952348,0.3641779805286387,1
1129,5.334817774039809,Participant3_RS_SlUp,Endomorph,Normal,upright,1.0,0.0,0.0,-0.4029507524762798,50.90109765628558,0.3731818432183286,1
1130,5.339543033361368,Participant3_RS_SlUp,Endomorph,Normal,upright,1.0,0.0,0.0,-0.3724376369172866,50.73870458217882,0.3775651690989014,1
1131,5.344268292682926,Participant3_RS_SlUp,Endomorph,Normal,upright,1.0,0.0,0.0,-0.4580429031741202,50.407168861403086,0.3838997489486418,1
1132,5.348993552004485,Participant3_RS_SlUp,Endomorph,Normal,upright,1.0,0.0,0.0,-0.3951549566300814,50.94001339196871,0.3859158605324344,1
1133,5.353718811326044,Participant3_RS_SlUp,Endomorph,Normal,upright,1.0,0.0,0.0,-0.3689880691678483,51.48312223179224,0.371021884226953,1
1134,5.358444070647603,Participant3_RS_SlUp,Endomorph,Normal,upright,1.0,0.0,0.0,-0.435626905589705,50.93388942475801,0.390891523734486,1
1135,5.363169329969161,Participant3_RS_SlUp,Endomorph,Normal,upright,1.0,0.0,0.0,-0.4286558956693592,50.68988027462826,0.3857478500255568,1
1136,5.36789458929072,Participant3_RS_SlUp,Endomorph,Normal,upright,1.0,0.0,0.0,-0.4340912564728488,50.853224946049735,0.3819335647266136,1
1137,5.372619848612279,Participant3_RS_SlUp,Endomorph,Normal,upright,1.0,0.0,0.0,-0.4153968747617215,50.86898266588514,0.3766301357214796,1
1138,5.377345107933838,Participant3_RS_SlUp,Endomorph,Normal,upright,1.0,0.0,0.0,-0.4602447845835545,51.10840579064766,0.3918614745055571,1
1139,5.3820703672553964,Participant3_RS_SlUp,Endomorph,Normal,upright,1.0,0.0,0.0,-0.418222707688228,50.55728631610633,0.3785122498969767,1
1140,5.386795626576955,Participant3_RS_SlUp,Endomorph,Normal,upright,1.0,0.0,0.0,-0.5099915198156715,49.72403718823249,0.3958258722327581,1
1141,5.3915208858985135,Participant3_RS_SlUp,Endomorph,Normal,upright,1.0,0.0,0.0,-0.4230055160488808,50.90039244469405,0.3886811701188162,1
1142,5.396246145220073,Participant3_RS_SlUp,Endomorph,Normal,upright,1.0,0.0,0.0,-0.4697826736409972,49.99698773791337,0.385606466680351,1
1143,5.400971404541632,Participant3_RS_SlUp,Endomorph,Normal,upright,1.0,0.0,0.0,-0.4194460696835217,50.24934241326782,0.3858357869174703,1
1144,5.40569666386319,Participant3_RS_SlUp,Endomorph,Normal,upright,1.0,0.0,0.0,-0.4244237745095978,51.06438135221726,0.380169122980467,1
1145,5.410421923184749,Participant3_RS_SlUp,Endomorph,Normal,upright,1.0,0.0,0.0,-0.4941209135445821,49.68531242808452,0.3835885105627594,1
1146,5.415147182506308,Participant3_RS_SlUp,Endomorph,Normal,upright,1.0,0.0,0.0,-0.4889393272078598,50.35328978469721,0.3830669097427323,1
1147,5.4198724418278665,Participant3_RS_SlUp,Endomorph,Normal,upright,1.0,0.0,0.0,-0.4731973818120749,49.64804764083352,0.3814892874160692,1
1148,5.424597701149425,Participant3_RS_SlUp,Endomorph,Normal,upright,1.0,0.0,0.0,-0.4205723850116256,50.560306577855975,0.383208640814385,1
1149,5.429322960470984,Participant3_RS_SlUp,Endomorph,Normal,upright,1.0,0.0,0.0,-0.441287216556265,49.46837266954915,0.3914261078384895,1
1150,5.434048219792542,Participant3_RS_SlUp,Endomorph,Normal,upright,1.0,0.0,0.0,-0.4841058457017657,49.39467903511861,0.3913209779292181,1
1151,5.438773479114102,Participant3_RS_SlUp,Endomorph,Normal,upright,1.0,0.0,0.0,-0.411730292754823,49.8586268744879,0.3953211778749788,1
1152,5.44349873843566,Participant3_RS_SlUp,Endomorph,Normal,upright,1.0,0.0,0.0,-0.4211297371922557,50.7292501981491,0.4001876115402875,1
1153,5.448223997757219,Participant3_RS_SlUp,Endomorph,Normal,upright,1.0,0.0,0.0,-0.3968887915219311,50.936778417343895,0.3851808756239739,1
1154,5.452949257078777,Participant3_RS_SlUp,Endomorph,Normal,upright,1.0,0.0,0.0,-0.3931831203314915,51.28432367973991,0.3750159840938759,1
1155,5.457674516400336,Participant3_RS_SlUp,Endomorph,Normal,upright,1.0,0.0,0.0,-0.4526933571086828,49.47080275834059,0.3880032129172605,1
1156,5.462399775721895,Participant3_RS_SlUp,Endomorph,Normal,upright,1.0,0.0,0.0,-0.4707198046875497,49.62404033184412,0.3852673926049513,1
1157,5.467125035043454,Participant3_RS_SlUp,Endomorph,Normal,upright,1.0,0.0,0.0,-0.4216248083679782,50.76594240057154,0.3841186569882209,1
1158,5.471850294365012,Participant3_RS_SlUp,Endomorph,Normal,upright,1.0,0.0,0.0,-0.401930226835182,50.74060692161269,0.3762302197027467,1
1159,5.476575553686571,Participant3_RS_SlUp,Endomorph,Normal,upright,1.0,0.0,0.0,-0.4035813117682582,50.72616107798501,0.3691755611008381,1
1160,5.48130081300813,Participant3_RS_SlUp,Endomorph,Normal,upright,1.0,0.0,0.0,-0.4243240047677734,51.142568248691575,0.3673978333286119,1
1161,5.486026072329689,Participant3_RS_SlUp,Endomorph,Normal,upright,1.0,0.0,0.0,-0.4364163958540489,50.78339082436442,0.3623072128725806,1
1162,5.490751331651247,Participant3_RS_SlUp,Endomorph,Normal,upright,1.0,0.0,0.0,-0.4599378232653651,50.54172034297454,0.3684014109974901,1
1163,5.495476590972806,Participant3_RS_SlUp,Endomorph,Normal,upright,1.0,0.0,0.0,-0.4699050734476092,50.09654469514315,0.3702194325531533,1
1164,5.500201850294364,Participant3_RS_SlUp,Endomorph,Normal,upright,1.0,0.0,0.0,-0.4990872319870032,49.600437379854405,0.380318260162266,1
1165,5.504927109615924,Participant3_RS_SlUp,Endomorph,Normal,upright,1.0,0.0,0.0,-0.417484241791254,50.002839922782,0.3855904880989373,1
1166,5.509652368937482,Participant3_RS_SlUp,Endomorph,Normal,upright,1.0,0.0,0.0,-0.4590566065744684,50.173458499085285,0.373250454463745,1
1167,5.514377628259041,Participant3_RS_SlUp,Endomorph,Normal,upright,1.0,0.0,0.0,-0.4756969563331547,50.21451335099442,0.3805981394220664,1
1168,5.519102887580599,Participant3_RS_SlUp,Endomorph,Normal,upright,1.0,0.0,0.0,-0.4092232704191931,50.92540130616482,0.389299262361359,1
1169,5.523828146902159,Participant3_RS_SlUp,Endomorph,Normal,upright,1.0,0.0,0.0,-0.4601484729143804,50.096321687358525,0.3908692166412312,1
1170,5.528553406223717,Participant3_RS_SlUp,Endomorph,Normal,upright,1.0,0.0,0.0,-0.4820123855456366,50.54193520501353,0.3826077801333971,1
1171,5.533278665545276,Participant3_RS_SlUp,Endomorph,Normal,upright,1.0,0.0,0.0,-0.3895917005216939,50.13701949669981,0.3954726083327433,1
1172,5.5380039248668345,Participant3_RS_SlUp,Endomorph,Normal,upright,1.0,0.0,0.0,-0.5405622261756794,48.47499957111496,0.3958814335746727,1
1173,5.542729184188393,Participant3_RS_SlUp,Endomorph,Normal,upright,1.0,0.0,0.0,-0.4923160854419764,48.50462744106749,0.3858651934486591,1
1174,5.547454443509952,Participant3_RS_SlUp,Endomorph,Normal,upright,1.0,0.0,0.0,-0.4705519493236083,49.41712006646163,0.3981782661308105,1
1175,5.552179702831511,Participant3_RS_SlUp,Endomorph,Normal,upright,1.0,0.0,0.0,-0.4335957537564863,50.06304942313065,0.4057594936704697,1
1176,5.5569049621530695,Participant3_RS_SlUp,Endomorph,Normal,upright,1.0,0.0,0.0,-0.4919384459677433,49.10405438812594,0.4092256838161143,1
1177,5.561630221474628,Participant3_RS_SlUp,Endomorph,Normal,upright,1.0,0.0,0.0,-0.4037415368056419,49.91973119227437,0.403076210523109,1
1178,5.566355480796187,Participant3_RS_SlUp,Endomorph,Normal,upright,1.0,0.0,0.0,-0.4361639701598933,48.63652393579274,0.3910392617767494,1
1179,5.571080740117746,Participant3_RS_SlUp,Endomorph,Normal,upright,1.0,0.0,0.0,-0.4051328807614706,49.59844766956586,0.3998032338280843,1
1180,5.5758059994393045,Participant3_RS_SlUp,Endomorph,Normal,upright,1.0,0.0,0.0,-0.4278385347434108,49.17120955537149,0.4046823795118762,1
1181,5.580531258760863,Participant3_RS_SlUp,Endomorph,Normal,upright,1.0,0.0,0.0,-0.45219894569223,49.427080687306415,0.4059485922751453,1
1182,5.585256518082422,Participant3_RS_SlUp,Endomorph,Normal,upright,1.0,0.0,0.0,-0.4899851739242931,49.31469888387107,0.3977250070504163,1
1183,5.589981777403981,Participant3_RS_SlUp,Endomorph,Normal,upright,1.0,0.0,0.0,-0.4812463102095279,49.23178891594721,0.3829631618736561,1
1184,5.59470703672554,Participant3_RS_SlUp,Endomorph,Normal,upright,1.0,0.0,0.0,-0.5523712939741425,48.31491695446943,0.3993751498454592,1
1185,5.599432296047098,Participant3_RS_SlUp,Endomorph,Normal,upright,1.0,0.0,0.0,-0.4826278719097514,49.590114246302456,0.3807794978975658,1
1186,5.604157555368657,Participant3_RS_SlUp,Endomorph,Normal,upright,1.0,0.0,0.0,-0.5693941764161675,49.62897342364742,0.3795952522229834,1
1187,5.608882814690215,Participant3_RS_SlUp,Endomorph,Normal,upright,1.0,0.0,0.0,-0.5103318431593853,49.45270544701366,0.3847973558153569,1
1188,5.613608074011775,Participant3_RS_SlUp,Endomorph,Normal,upright,1.0,0.0,0.0,-0.5052941365032445,49.08233823189845,0.3855860276173228,1
