frame_idx,timestamp,subject_id,somatotype,bmi_category,label,h2s_ratio,shoulder_tilt_deg,head_roll_deg,forward_head_z,neck_flexion_deg,shoulder_width_norm,is_valid
0,0.0,Participant4_LS_SlSl,Endomorph,Normal,slouch,1.0,0.0,0.0,-0.0990080426847744,-47.31330075799399,0.2451049535767135,1
1,0.0333333333333333,Participant4_LS_SlSl,Endomorph,Normal,slouch,1.0,0.0,0.0,-0.1065380066752454,-47.45342487125132,0.2349589935251138,1
2,0.0666666666666666,Participant4_LS_SlSl,Endomorph,Normal,slouch,1.0,0.0,0.0,-0.1061336033259604,-47.476732996479065,0.2348339866900883,1
3,0.1,Participant4_LS_SlSl,Endomorph,Normal,slouch,1.0,0.0,0.0,-0.1062307960948545,-45.432693033637406,0.2695273344872692,1
4,0.1333333333333333,Participant4_LS_SlSl,Endomorph,Normal,slouch,1.0,0.0,0.0,-0.1064388640312926,-44.72284958148016,0.2678810873993483,1
5,0.1666666666666666,Participant4_LS_SlSl,Endomorph,Normal,slouch,1.0,0.0,0.0,-0.1347574210177034,-47.17863940437201,0.2674003212277038,1
6,0.2,Participant4_LS_SlSl,Endomorph,Normal,slouch,1.0,0.0,0.0,-0.0988925246940831,-44.22188691248189,0.2653187335639928,1
7,0.2333333333333333,Participant4_LS_SlSl,Endomorph,Normal,slouch,1.0,0.0,0.0,-0.1572909699490472,-43.93992097367006,0.2594918192836364,1
8,0.2666666666666666,Participant4_LS_SlSl,Endomorph,Normal,slouch,1.0,0.0,0.0,-0.1170231892117052,-44.70027310402577,0.2846150870425372,1
9,0.3,Participant4_LS_SlSl,Endomorph,Normal,slouch,1.0,0.0,0.0,-0.1454268601300072,-45.99903533678474,0.2693746898822574,1
10,0.3333333333333333,Participant4_LS_SlSl,Endomorph,Normal,slouch,1.0,0.0,0.0,-0.1321952066944628,-45.73714414702031,0.2965301446576434,1
11,0.3666666666666666,Participant4_LS_SlSl,Endomorph,Normal,slouch,1.0,0.0,0.0,-0.0746038169241692,-48.1085899099499,0.2622510325034319,1
12,0.4,Participant4_LS_SlSl,Endomorph,Normal,slouch,1.0,0.0,0.0,-0.1273565852099202,-46.824860917420025,0.2700974740028015,1
13,0.4333333333333333,Participant4_LS_SlSl,Endomorph,Normal,slouch,1.0,0.0,0.0,-0.1267785974582694,-44.98393410089712,0.2779439155021711,1
14,0.4666666666666667,Participant4_LS_SlSl,Endomorph,Normal,slouch,1.0,0.0,0.0,-0.1464718102859338,-43.64599996772733,0.2856416809475228,1
15,0.5,Participant4_LS_SlSl,Endomorph,Normal,slouch,1.0,0.0,0.0,-0.1528290102005725,-44.187487716151125,0.2897958231033152,1
16,0.5333333333333333,Participant4_LS_SlSl,Endomorph,Normal,slouch,1.0,0.0,0.0,-0.1189967161945192,-47.835938944897606,0.2794898746035044,1
17,0.5666666666666667,Participant4_LS_SlSl,Endomorph,Normal,slouch,1.0,0.0,0.0,-0.1158838586769668,-46.1334875214244,0.2534400083448557,1
18,0.6,Participant4_LS_SlSl,Endomorph,Normal,slouch,1.0,0.0,0.0,-0.1215680597338539,-47.5040200259044,0.2473795708481088,1
19,0.6333333333333333,Participant4_LS_SlSl,Endomorph,Normal,slouch,1.0,0.0,0.0,-0.11558794411413,-47.43717859347832,0.2487663374293505,1
20,0.6666666666666666,Participant4_LS_SlSl,Endomorph,Normal,slouch,1.0,0.0,0.0,-0.1152235219668845,-47.04375517721419,0.2800636019551917,1
21,0.7,Participant4_LS_SlSl,Endomorph,Normal,slouch,1.0,0.0,0.0,-0.1107421520131657,-48.10520157714054,0.2569101710927843,1
22,0.7333333333333333,Participant4_LS_SlSl,Endomorph,Normal,slouch,1.0,0.0,0.0,-0.1267043758023271,-47.62097176778836,0.2806275947830617,1
23,0.7666666666666667,Participant4_LS_SlSl,Endomorph,Normal,slouch,1.0,0.0,0.0,-0.1019184048380957,-46.32226796167642,0.2928782497181007,1
24,0.8,Participant4_LS_SlSl,Endomorph,Normal,slouch,1.0,0.0,0.0,-0.1655502608078294,-45.93348007244542,0.2510615413158845,1
25,0.8333333333333334,Participant4_LS_SlSl,Endomorph,Normal,slouch,1.0,0.0,0.0,-0.1382717270575263,-47.17453188236704,0.276699376782608,1
26,0.8666666666666667,Participant4_LS_SlSl,Endomorph,Normal,slouch,1.0,0.0,0.0,-0.11952570333234,-47.69235640387501,0.2443478885251928,1
27,0.9,Participant4_LS_SlSl,Endomorph,Normal,slouch,1.0,0.0,0.0,-0.1007061042064967,-49.32214883165972,0.2599709165121307,1
28,0.9333333333333332,Participant4_LS_SlSl,Endomorph,Normal,slouch,1.0,0.0,0.0,-0.1005882281021934,-48.46315354816661,0.2737994782633365,1
29,0.9666666666666668,Participant4_LS_SlSl,Endomorph,Normal,slouch,1.0,0.0,0.0,-0.1579362758703146,-46.0015730764596,0.2846148125263646,1
30,1.0,Participant4_LS_SlSl,Endomorph,Normal,slouch,1.0,0.0,0.0,-0.1384161138574773,-44.815928077870346,0.2712256262613496,1
31,1.0333333333333334,Participant4_LS_SlSl,Endomorph,Normal,slouch,1.0,0.0,0.0,-0.1158360096327728,-45.36441066700821,0.2991378301983209,1
32,1.0666666666666669,Participant4_LS_SlSl,Endomorph,Normal,slouch,1.0,0.0,0.0,-0.1265867242554715,-46.11730510485402,0.2885948166608068,1
33,1.1,Participant4_LS_SlSl,Endomorph,Normal,slouch,1.0,0.0,0.0,-0.1604986233816444,-45.29584360499985,0.2558422804147662,1
34,1.1333333333333333,Participant4_LS_SlSl,Endomorph,Normal,slouch,1.0,0.0,0.0,-0.1550362202400514,-45.43151889123845,0.2531523417019341,1
35,1.1666666666666667,Participant4_LS_SlSl,Endomorph,Normal,slouch,1.0,0.0,0.0,-0.1429634482938649,-46.24540955314565,0.2446979617651896,1
36,1.2,Participant4_LS_SlSl,Endomorph,Normal,slouch,1.0,0.0,0.0,-0.124790886601846,-43.98761953863465,0.2563352705774732,1
37,1.2333333333333334,Participant4_LS_SlSl,Endomorph,Normal,slouch,1.0,0.0,0.0,-0.1160427489016393,-43.70585910223455,0.281614021617023,1
38,1.2666666666666666,Participant4_LS_SlSl,Endomorph,Normal,slouch,1.0,0.0,0.0,-0.1436631929756199,-45.76883503370147,0.2574106773848463,1
39,1.3,Participant4_LS_SlSl,Endomorph,Normal,slouch,1.0,0.0,0.0,-0.1558593358440478,-45.58729900316765,0.2518305214628974,1
40,1.3333333333333333,Participant4_LS_SlSl,Endomorph,Normal,slouch,1.0,0.0,0.0,-0.1542959188097688,-44.08340786952953,0.2631548979301139,1
41,1.3666666666666667,Participant4_LS_SlSl,Endomorph,Normal,slouch,1.0,0.0,0.0,-0.1470340434389977,-44.24756457435077,0.2635890240178837,1
42,1.4,Participant4_LS_SlSl,Endomorph,Normal,slouch,1.0,0.0,0.0,-0.1421763765452912,-44.67321346625653,0.2535873693670804,1
43,1.4333333333333331,Participant4_LS_SlSl,Endomorph,Normal,slouch,1.0,0.0,0.0,-0.1292524878036526,-46.49766522590056,0.2738519373876113,1
44,1.4666666666666666,Participant4_LS_SlSl,Endomorph,Normal,slouch,1.0,0.0,0.0,-0.1271023772714787,-46.58756765495973,0.2679309578736001,1
45,1.5,Participant4_LS_SlSl,Endomorph,Normal,slouch,1.0,0.0,0.0,-0.1251259991267145,-47.514355848804,0.237496213561411,1
46,1.5333333333333334,Participant4_LS_SlSl,Endomorph,Normal,slouch,1.0,0.0,0.0,-0.1130203280283594,-45.83400983011942,0.2509271031309579,1
47,1.5666666666666669,Participant4_LS_SlSl,Endomorph,Normal,slouch,1.0,0.0,0.0,-0.1267528121590613,-46.53654044588132,0.2342136966262308,1
48,1.6,Participant4_LS_SlSl,Endomorph,Normal,slouch,1.0,0.0,0.0,-0.0936498420992888,-47.82508602591901,0.2291234447214928,1
49,1.6333333333333333,Participant4_LS_SlSl,Endomorph,Normal,slouch,1.0,0.0,0.0,-0.1539534171183182,-45.24123399716205,0.243971779750727,1
50,1.6666666666666667,Participant4_LS_SlSl,Endomorph,Normal,slouch,1.0,0.0,0.0,-0.1713135680346578,-45.39144133194733,0.2019526300257653,1
51,1.7,Participant4_LS_SlSl,Endomorph,Normal,slouch,1.0,0.0,0.0,-0.1458409551741376,-45.941221353597776,0.2637728284806709,1
52,1.7333333333333334,Participant4_LS_SlSl,Endomorph,Normal,slouch,1.0,0.0,0.0,-0.1173048976052448,-46.64099779407452,0.2558416980016422,1
53,1.7666666666666666,Participant4_LS_SlSl,Endomorph,Normal,slouch,1.0,0.0,0.0,-0.160553163821512,-44.80343068477056,0.2636178876322459,1
54,1.8,Participant4_LS_SlSl,Endomorph,Normal,slouch,1.0,0.0,0.0,-0.1355235910040547,-47.62715196558253,0.2227466169471517,1
55,1.8333333333333333,Participant4_LS_SlSl,Endomorph,Normal,slouch,1.0,0.0,0.0,-0.1320958577541285,-43.656017684086095,0.2528839114858938,1
56,1.8666666666666667,Participant4_LS_SlSl,Endomorph,Normal,slouch,1.0,0.0,0.0,-0.1362521959310387,-45.91287419893158,0.2557971443655444,1
57,1.9,Participant4_LS_SlSl,Endomorph,Normal,slouch,1.0,0.0,0.0,-0.1360482187438862,-44.98882052964456,0.2562947047464666,1
58,1.9333333333333331,Participant4_LS_SlSl,Endomorph,Normal,slouch,1.0,0.0,0.0,-0.1529233729895029,-45.51253800190452,0.2248244996973815,1
59,1.9666666666666663,Participant4_LS_SlSl,Endomorph,Normal,slouch,1.0,0.0,0.0,-0.1130486915635724,-46.73245506901264,0.224323562883434,1
60,2.0,Participant4_LS_SlSl,Endomorph,Normal,slouch,1.0,0.0,0.0,-0.1421346085592151,-46.26167501246754,0.2131495665830369,1
61,2.033333333333333,Participant4_LS_SlSl,Endomorph,Normal,slouch,1.0,0.0,0.0,-0.1401842884540053,-46.21597858729562,0.2198443749409546,1
62,2.066666666666667,Participant4_LS_SlSl,Endomorph,Normal,slouch,1.0,0.0,0.0,-0.1324249683632427,-46.38833394032467,0.2241089478874169,1
63,2.1,Participant4_LS_SlSl,Endomorph,Normal,slouch,1.0,0.0,0.0,-0.1270617704506871,-45.67810169926487,0.207493419123675,1
64,2.1333333333333333,Participant4_LS_SlSl,Endomorph,Normal,slouch,1.0,0.0,0.0,-0.1324037384584789,-45.18377879089472,0.1990360538542405,1
65,2.1666666666666665,Participant4_LS_SlSl,Endomorph,Normal,slouch,1.0,0.0,0.0,-0.1666617463254841,-45.00862101274166,0.2727135281467607,1
66,2.2,Participant4_LS_SlSl,Endomorph,Normal,slouch,1.0,0.0,0.0,-0.1515349081760839,-46.82967521352194,0.2256559381682598,1
67,2.2333333333333334,Participant4_LS_SlSl,Endomorph,Normal,slouch,1.0,0.0,0.0,-0.1326446806083834,-45.602200816189146,0.2679437295859528,1
68,2.2666666666666666,Participant4_LS_SlSl,Endomorph,Normal,slouch,1.0,0.0,0.0,-0.1498824456898913,-44.07972348570235,0.2718042724030445,1
69,2.3,Participant4_LS_SlSl,Endomorph,Normal,slouch,1.0,0.0,0.0,-0.1441233246677632,-47.26355241221447,0.2273798820645611,1
70,2.333333333333333,Participant4_LS_SlSl,Endomorph,Normal,slouch,1.0,0.0,0.0,-0.1315797467271084,-47.40125846866712,0.2329056382638536,1
71,2.3666666666666667,Participant4_LS_SlSl,Endomorph,Normal,slouch,1.0,0.0,0.0,-0.1512839247406036,-45.580269539253976,0.2641268436373137,1
72,2.4,Participant4_LS_SlSl,Endomorph,Normal,slouch,1.0,0.0,0.0,-0.1433247901703469,-45.735337901561046,0.2593967401331669,1
73,2.433333333333333,Participant4_LS_SlSl,Endomorph,Normal,slouch,1.0,0.0,0.0,-0.1388548358258591,-46.18652557566653,0.2198347927956823,1
74,2.466666666666667,Participant4_LS_SlSl,Endomorph,Normal,slouch,1.0,0.0,0.0,-0.155409276181498,-44.120696287135445,0.2426999859836236,1
75,2.5,Participant4_LS_SlSl,Endomorph,Normal,slouch,1.0,0.0,0.0,-0.1313852009743178,-44.94685305328647,0.253088851304265,1
76,2.533333333333333,Participant4_LS_SlSl,Endomorph,Normal,slouch,1.0,0.0,0.0,-0.12941199341623,-45.13783479380784,0.2500739250339781,1
77,2.566666666666667,Participant4_LS_SlSl,Endomorph,Normal,slouch,1.0,0.0,0.0,-0.1301657022177609,-43.51333283088963,0.2697632359300742,1
78,2.6,Participant4_LS_SlSl,Endomorph,Normal,slouch,1.0,0.0,0.0,-0.1321453034621453,-43.69904241880009,0.2684284051531241,1
79,2.6333333333333333,Participant4_LS_SlSl,Endomorph,Normal,slouch,1.0,0.0,0.0,-0.1013434521915706,-44.57004548971031,0.2348826408884975,1
80,2.6666666666666665,Participant4_LS_SlSl,Endomorph,Normal,slouch,1.0,0.0,0.0,-0.1412122760224718,-45.08396969512348,0.2693938836239369,1
81,2.7,Participant4_LS_SlSl,Endomorph,Normal,slouch,1.0,0.0,0.0,-0.1430698183082601,-43.60206625000314,0.25540826033517,1
82,2.7333333333333334,Participant4_LS_SlSl,Endomorph,Normal,slouch,1.0,0.0,0.0,-0.1616775008539915,-44.363141590916,0.2488938478939331,1
83,2.7666666666666666,Participant4_LS_SlSl,Endomorph,Normal,slouch,1.0,0.0,0.0,-0.1520464403009176,-44.82463783841942,0.261044734444501,1
84,2.8,Participant4_LS_SlSl,Endomorph,Normal,slouch,1.0,0.0,0.0,-0.1745774884910744,-44.5096723534223,0.2437238732446049,1
85,2.833333333333333,Participant4_LS_SlSl,Endomorph,Normal,slouch,1.0,0.0,0.0,-0.1699817351973341,-44.37253778525596,0.2607273516014976,1
86,2.8666666666666667,Participant4_LS_SlSl,Endomorph,Normal,slouch,1.0,0.0,0.0,-0.1358797033761662,-42.97790922041703,0.2746421067026113,1
87,2.9,Participant4_LS_SlSl,Endomorph,Normal,slouch,1.0,0.0,0.0,-0.1535033107410944,-43.37185541930892,0.2705923493670895,1
88,2.933333333333333,Participant4_LS_SlSl,Endomorph,Normal,slouch,1.0,0.0,0.0,-0.1587158816796626,-42.35569405703004,0.2711565473114297,1
89,2.966666666666667,Participant4_LS_SlSl,Endomorph,Normal,slouch,1.0,0.0,0.0,-0.1172713232536116,-46.38506666326371,0.2623795576406995,1
90,3.0,Participant4_LS_SlSl,Endomorph,Normal,slouch,1.0,0.0,0.0,-0.1545085064671369,-44.36373842172438,0.2756804304905788,1
91,3.033333333333333,Participant4_LS_SlSl,Endomorph,Normal,slouch,1.0,0.0,0.0,-0.1147828332956052,-45.88627574064855,0.250974428734632,1
92,3.066666666666667,Participant4_LS_SlSl,Endomorph,Normal,slouch,1.0,0.0,0.0,-0.1116397946037383,-47.340091344869705,0.2223882982313107,1
93,3.1,Participant4_LS_SlSl,Endomorph,Normal,slouch,1.0,0.0,0.0,-0.1319755353190781,-45.61904983204541,0.282649501211179,1
94,3.1333333333333333,Participant4_LS_SlSl,Endomorph,Normal,slouch,1.0,0.0,0.0,-0.1286320236060734,-45.766357386685385,0.2773782820230311,1
95,3.1666666666666665,Participant4_LS_SlSl,Endomorph,Normal,slouch,1.0,0.0,0.0,-0.1187609540984062,-47.44088091168146,0.2581510949924249,1
96,3.2,Participant4_LS_SlSl,Endomorph,Normal,slouch,1.0,0.0,0.0,-0.127045501443768,-45.775840179424165,0.2463413537237447,1
97,3.2333333333333334,Participant4_LS_SlSl,Endomorph,Normal,slouch,1.0,0.0,0.0,-0.1295857153342552,-48.78969293508239,0.2595896027145226,1
98,3.2666666666666666,Participant4_LS_SlSl,Endomorph,Normal,slouch,1.0,0.0,0.0,-0.1227464142382381,-46.30315131946685,0.2890851676831384,1
99,3.3,Participant4_LS_SlSl,Endomorph,Normal,slouch,1.0,0.0,0.0,-0.1171008624328387,-45.37059078978554,0.273564981779122,1
100,3.333333333333333,Participant4_LS_SlSl,Endomorph,Normal,slouch,1.0,0.0,0.0,-0.1150344796644038,-47.06808503909987,0.2517344906304681,1
101,3.3666666666666667,Participant4_LS_SlSl,Endomorph,Normal,slouch,1.0,0.0,0.0,-0.1444173265502206,-45.53950708288657,0.2903527436884414,1
102,3.4,Participant4_LS_SlSl,Endomorph,Normal,slouch,1.0,0.0,0.0,-0.1337787513583077,-46.59592387431788,0.239652647493656,1
103,3.433333333333333,Participant4_LS_SlSl,Endomorph,Normal,slouch,1.0,0.0,0.0,-0.1104052390067018,-46.208457854400685,0.230124117911367,1
104,3.466666666666667,Participant4_LS_SlSl,Endomorph,Normal,slouch,1.0,0.0,0.0,-0.0890309135603312,-45.75977271562383,0.2531264848122133,1
105,3.5,Participant4_LS_SlSl,Endomorph,Normal,slouch,1.0,0.0,0.0,-0.1159289483718586,-44.59304148847116,0.258232273545195,1
106,3.533333333333333,Participant4_LS_SlSl,Endomorph,Normal,slouch,1.0,0.0,0.0,-0.1451609658006097,-42.488096574278,0.2778615102562276,1
107,3.566666666666667,Participant4_LS_SlSl,Endomorph,Normal,slouch,1.0,0.0,0.0,-0.1301939253301561,-44.29211922633197,0.2394100253875686,1
108,3.6,Participant4_LS_SlSl,Endomorph,Normal,slouch,1.0,0.0,0.0,-0.1271304403584879,-44.933829265411575,0.2396984492813255,1
109,3.633333333333333,Participant4_LS_SlSl,Endomorph,Normal,slouch,1.0,0.0,0.0,-0.088031830756499,-44.42604934232664,0.2720474304198866,1
110,3.6666666666666665,Participant4_LS_SlSl,Endomorph,Normal,slouch,1.0,0.0,0.0,-0.0941609255877575,-43.914223677147824,0.2750875660762992,1
111,3.7,Participant4_LS_SlSl,Endomorph,Normal,slouch,1.0,0.0,0.0,-0.1379297219186562,-44.99163402670037,0.2424902040768153,1
112,3.733333333333333,Participant4_LS_SlSl,Endomorph,Normal,slouch,1.0,0.0,0.0,-0.1399155317933468,-44.01303998600012,0.2809856928704021,1
113,3.7666666666666666,Participant4_LS_SlSl,Endomorph,Normal,slouch,1.0,0.0,0.0,-0.132895371221898,-44.215162684627884,0.2577963320573084,1
114,3.8,Participant4_LS_SlSl,Endomorph,Normal,slouch,1.0,0.0,0.0,-0.1326625024862499,-44.22211584521673,0.2594774902744008,1
115,3.8333333333333335,Participant4_LS_SlSl,Endomorph,Normal,slouch,1.0,0.0,0.0,-0.1796762022139967,-45.61131864372212,0.2182965571503929,1
116,3.8666666666666663,Participant4_LS_SlSl,Endomorph,Normal,slouch,1.0,0.0,0.0,-0.1688963793085238,-44.00909850902411,0.2605468629565909,1
117,3.9,Participant4_LS_SlSl,Endomorph,Normal,slouch,1.0,0.0,0.0,-0.1397639054056478,-45.59070770451972,0.2397413348828894,1
118,3.933333333333333,Participant4_LS_SlSl,Endomorph,Normal,slouch,1.0,0.0,0.0,-0.1717911478685925,-43.08815677303427,0.2516167418135454,1
119,3.966666666666667,Participant4_LS_SlSl,Endomorph,Normal,slouch,1.0,0.0,0.0,-0.1646587349686973,-44.48565585989434,0.2098232321129723,1
120,4.0,Participant4_LS_SlSl,Endomorph,Normal,slouch,1.0,0.0,0.0,-0.159653636998503,-44.0497981317955,0.2635430901482394,1
121,4.033333333333333,Participant4_LS_SlSl,Endomorph,Normal,slouch,1.0,0.0,0.0,-0.1781994202471533,-42.86428822850551,0.2460690454382756,1
122,4.066666666666666,Participant4_LS_SlSl,Endomorph,Normal,slouch,1.0,0.0,0.0,-0.182084965231908,-42.3914893436378,0.2501619575079799,1
123,4.1,Participant4_LS_SlSl,Endomorph,Normal,slouch,1.0,0.0,0.0,-0.1859705102166627,-42.90619623053809,0.2344764798706704,1
124,4.133333333333334,Participant4_LS_SlSl,Endomorph,Normal,slouch,1.0,0.0,0.0,-0.1549186868425823,-44.03150000338626,0.2632051858935114,1
125,4.166666666666667,Participant4_LS_SlSl,Endomorph,Normal,slouch,1.0,0.0,0.0,-0.1645282026621362,-43.67043255667855,0.2634594107677104,1
126,4.2,Participant4_LS_SlSl,Endomorph,Normal,slouch,1.0,0.0,0.0,-0.1563602845019978,-44.59597811053701,0.235470451640353,1
127,4.233333333333333,Participant4_LS_SlSl,Endomorph,Normal,slouch,1.0,0.0,0.0,-0.1644144321487147,-44.653096801449166,0.228846789771118,1
128,4.266666666666667,Participant4_LS_SlSl,Endomorph,Normal,slouch,1.0,0.0,0.0,-0.1408485335760352,-44.29263421621848,0.2470519721942136,1
129,4.3,Participant4_LS_SlSl,Endomorph,Normal,slouch,1.0,0.0,0.0,-0.103249028270674,-43.22830475222939,0.2524958638074013,1
130,4.333333333333333,Participant4_LS_SlSl,Endomorph,Normal,slouch,1.0,0.0,0.0,-0.1116167707668432,-43.68757440167652,0.249544389175846,1
131,4.366666666666666,Participant4_LS_SlSl,Endomorph,Normal,slouch,1.0,0.0,0.0,-0.1422823415551355,-43.70122974278265,0.2306924544085176,1
132,4.4,Participant4_LS_SlSl,Endomorph,Normal,slouch,1.0,0.0,0.0,-0.0847853920753026,-45.634292829323165,0.268105415863514,1
133,4.433333333333334,Participant4_LS_SlSl,Endomorph,Normal,slouch,1.0,0.0,0.0,-0.1457531938887426,-44.98648296859284,0.2349861711306362,1
134,4.466666666666667,Participant4_LS_SlSl,Endomorph,Normal,slouch,1.0,0.0,0.0,-0.1421279125050181,-45.02487553922039,0.2344217090506168,1
135,4.5,Participant4_LS_SlSl,Endomorph,Normal,slouch,1.0,0.0,0.0,-0.0672589581068396,-46.25605457897293,0.241468157941021,1
136,4.533333333333333,Participant4_LS_SlSl,Endomorph,Normal,slouch,1.0,0.0,0.0,-0.0942815141106371,-45.10163261835298,0.2567589921441413,1
137,4.566666666666666,Participant4_LS_SlSl,Endomorph,Normal,slouch,1.0,0.0,0.0,-0.1712713013272604,-44.19360148012837,0.2458351047199622,1
138,4.6,Participant4_LS_SlSl,Endomorph,Normal,slouch,1.0,0.0,0.0,-0.1459836522350822,-43.7389874680727,0.2269689493780106,1
139,4.633333333333334,Participant4_LS_SlSl,Endomorph,Normal,slouch,1.0,0.0,0.0,-0.1323355425662865,-43.84673114464451,0.2243064721789493,1
140,4.666666666666667,Participant4_LS_SlSl,Endomorph,Normal,slouch,1.0,0.0,0.0,-0.1478854157903902,-44.62999532730536,0.2222611065936548,1
141,4.7,Participant4_LS_SlSl,Endomorph,Normal,slouch,1.0,0.0,0.0,-0.1471720558254164,-44.56876946040372,0.2238873856921404,1
142,4.733333333333333,Participant4_LS_SlSl,Endomorph,Normal,slouch,1.0,0.0,0.0,-0.1147496130649816,-46.75858592320518,0.2176755484454357,1
143,4.766666666666667,Participant4_LS_SlSl,Endomorph,Normal,slouch,1.0,0.0,0.0,-0.1372094267704854,-47.17531559256418,0.2240784652692615,1
144,4.8,Participant4_LS_SlSl,Endomorph,Normal,slouch,1.0,0.0,0.0,-0.1928026992692633,-44.31437098413197,0.2488382216348264,1
145,4.833333333333333,Participant4_LS_SlSl,Endomorph,Normal,slouch,1.0,0.0,0.0,-0.1652412485053189,-45.24235465224454,0.244625819873904,1
146,4.866666666666666,Participant4_LS_SlSl,Endomorph,Normal,slouch,1.0,0.0,0.0,-0.1454704621065158,-46.05401943109361,0.2144413694826636,1
147,4.9,Participant4_LS_SlSl,Endomorph,Normal,slouch,1.0,0.0,0.0,-0.154481672644979,-45.1487113325725,0.2189631944631744,1
148,4.933333333333334,Participant4_LS_SlSl,Endomorph,Normal,slouch,1.0,0.0,0.0,-0.1495712393959398,-44.56973319806775,0.2243020404245069,1
149,4.966666666666667,Participant4_LS_SlSl,Endomorph,Normal,slouch,1.0,0.0,0.0,-0.1572610098754836,-43.813827913127085,0.2177990531411452,1
150,5.0,Participant4_LS_SlSl,Endomorph,Normal,slouch,1.0,0.0,0.0,-0.1572084603905896,-46.169966633376966,0.2173323180342292,1
151,5.033333333333333,Participant4_LS_SlSl,Endomorph,Normal,slouch,1.0,0.0,0.0,-0.1241011632809021,-48.53216684797211,0.2113399725060484,1
152,5.066666666666666,Participant4_LS_SlSl,Endomorph,Normal,slouch,1.0,0.0,0.0,-0.1385137426367436,-46.55807953627176,0.211562205310206,1
153,5.1,Participant4_LS_SlSl,Endomorph,Normal,slouch,1.0,0.0,0.0,-0.1111622513107122,-45.69888282150036,0.2295873043873942,1
154,5.133333333333334,Participant4_LS_SlSl,Endomorph,Normal,slouch,1.0,0.0,0.0,-0.1081453858737155,-45.8679183586405,0.2259469861040143,1
155,5.166666666666667,Participant4_LS_SlSl,Endomorph,Normal,slouch,1.0,0.0,0.0,-0.1258898285739486,-46.03352031867794,0.2210389157218525,1
156,5.2,Participant4_LS_SlSl,Endomorph,Normal,slouch,1.0,0.0,0.0,-0.1116319124489996,-46.01483592104472,0.2340071628823136,1
157,5.233333333333333,Participant4_LS_SlSl,Endomorph,Normal,slouch,1.0,0.0,0.0,-0.1112180349358817,-46.39764077283177,0.2406017478774759,1
158,5.266666666666667,Participant4_LS_SlSl,Endomorph,Normal,slouch,1.0,0.0,0.0,-0.1168696542534286,-46.38104779037661,0.2164491800159915,1
159,5.3,Participant4_LS_SlSl,Endomorph,Normal,slouch,1.0,0.0,0.0,-0.103037346244804,-45.16965652927423,0.2068015079429785,1
160,5.333333333333333,Participant4_LS_SlSl,Endomorph,Normal,slouch,1.0,0.0,0.0,-0.114790606127277,-45.69556530988005,0.2032932902843703,1
161,5.366666666666666,Participant4_LS_SlSl,Endomorph,Normal,slouch,1.0,0.0,0.0,-0.1436365993721348,-46.34123196803231,0.2250715567298156,1
162,5.4,Participant4_LS_SlSl,Endomorph,Normal,slouch,1.0,0.0,0.0,-0.128940642820472,-46.1603027992,0.2473841823759406,1
163,5.433333333333334,Participant4_LS_SlSl,Endomorph,Normal,slouch,1.0,0.0,0.0,-0.1827712778416743,-43.67808620064703,0.242456788281591,1
164,5.466666666666667,Participant4_LS_SlSl,Endomorph,Normal,slouch,1.0,0.0,0.0,-0.1401853548852001,-45.93104435728529,0.217112868745008,1
165,5.5,Participant4_LS_SlSl,Endomorph,Normal,slouch,1.0,0.0,0.0,-0.1275635415253768,-48.07509412153581,0.2213673201613016,1
166,5.533333333333333,Participant4_LS_SlSl,Endomorph,Normal,slouch,1.0,0.0,0.0,-0.1398925521674935,-45.20354034527094,0.2352738716400204,1
167,5.566666666666666,Participant4_LS_SlSl,Endomorph,Normal,slouch,1.0,0.0,0.0,-0.1166117580386116,-48.33143971585551,0.211740316538242,1
168,5.6,Participant4_LS_SlSl,Endomorph,Normal,slouch,1.0,0.0,0.0,-0.148105106989684,-47.468049606997326,0.2354398975906803,1
169,5.633333333333334,Participant4_LS_SlSl,Endomorph,Normal,slouch,1.0,0.0,0.0,-0.1422634701520809,-46.63879504441107,0.2236045171759708,1
170,5.666666666666667,Participant4_LS_SlSl,Endomorph,Normal,slouch,1.0,0.0,0.0,-0.1605917117562512,-45.89668020120538,0.2198631768229041,1
171,5.7,Participant4_LS_SlSl,Endomorph,Normal,slouch,1.0,0.0,0.0,-0.1247522066623159,-48.540948271283774,0.195989970745666,1
172,5.733333333333333,Participant4_LS_SlSl,Endomorph,Normal,slouch,1.0,0.0,0.0,-0.1286358688827982,-48.17552494071224,0.1913483155515761,1
173,5.766666666666667,Participant4_LS_SlSl,Endomorph,Normal,slouch,1.0,0.0,0.0,-0.1303602981194542,-46.57794401571455,0.2339049754996496,1
174,5.8,Participant4_LS_SlSl,Endomorph,Normal,slouch,1.0,0.0,0.0,-0.1327679543663459,-47.82588696215541,0.2309347770531405,1
175,5.833333333333333,Participant4_LS_SlSl,Endomorph,Normal,slouch,1.0,0.0,0.0,-0.1405547263824679,-48.47913182655934,0.2166655535061288,1
176,5.866666666666666,Participant4_LS_SlSl,Endomorph,Normal,slouch,1.0,0.0,0.0,-0.1271569866471386,-48.67707494025262,0.2261954930146678,1
177,5.9,Participant4_LS_SlSl,Endomorph,Normal,slouch,1.0,0.0,0.0,-0.1191658500172219,-46.63343634753639,0.2283265509045743,1
178,5.933333333333334,Participant4_LS_SlSl,Endomorph,Normal,slouch,1.0,0.0,0.0,-0.1137260212432115,-46.86166087254115,0.2250679513519969,1
179,5.966666666666667,Participant4_LS_SlSl,Endomorph,Normal,slouch,1.0,0.0,0.0,-0.1380511480592698,-46.63483756952969,0.2191616558909453,1
180,6.0,Participant4_LS_SlSl,Endomorph,Normal,slouch,1.0,0.0,0.0,-0.1141429061693504,-48.2391023445928,0.2042686630601439,1
181,6.033333333333333,Participant4_LS_SlSl,Endomorph,Normal,slouch,1.0,0.0,0.0,-0.1392461868556432,-46.71683943044143,0.2088163511130811,1
182,6.066666666666666,Participant4_LS_SlSl,Endomorph,Normal,slouch,1.0,0.0,0.0,-0.1181945577529166,-47.54454234237286,0.2285695816758656,1
183,6.1,Participant4_LS_SlSl,Endomorph,Normal,slouch,1.0,0.0,0.0,-0.1258806751812705,-45.68902706918755,0.2452196450550591,1
184,6.133333333333334,Participant4_LS_SlSl,Endomorph,Normal,slouch,1.0,0.0,0.0,-0.1192309316409571,-46.36483590181304,0.2321188402570425,1
185,6.166666666666667,Participant4_LS_SlSl,Endomorph,Normal,slouch,1.0,0.0,0.0,-0.1263481748965311,-46.40939933550408,0.2072698475723514,1
186,6.2,Participant4_LS_SlSl,Endomorph,Normal,slouch,1.0,0.0,0.0,-0.0976392995465099,-47.79764438597528,0.2092323563399518,1
187,6.233333333333333,Participant4_LS_SlSl,Endomorph,Normal,slouch,1.0,0.0,0.0,-0.0906396732259308,-47.7695937352279,0.2121092989533067,1
188,6.266666666666667,Participant4_LS_SlSl,Endomorph,Normal,slouch,1.0,0.0,0.0,-0.1161959255915852,-45.74020905675029,0.2014273166241994,1
189,6.3,Participant4_LS_SlSl,Endomorph,Normal,slouch,1.0,0.0,0.0,-0.1030529543367547,-45.63128940201153,0.2350388335715469,1
190,6.333333333333333,Participant4_LS_SlSl,Endomorph,Normal,slouch,1.0,0.0,0.0,-0.1363572500208943,-44.395098725109065,0.2107520609652314,1
191,6.366666666666666,Participant4_LS_SlSl,Endomorph,Normal,slouch,1.0,0.0,0.0,-0.1245986780205395,-46.612891347842485,0.2298058854066277,1
192,6.4,Participant4_LS_SlSl,Endomorph,Normal,slouch,1.0,0.0,0.0,-0.1371179069126447,-44.12907738148712,0.1971643729237238,1
193,6.433333333333334,Participant4_LS_SlSl,Endomorph,Normal,slouch,1.0,0.0,0.0,-0.1432763594755675,-44.90177873899025,0.2239099374399896,1
194,6.466666666666667,Participant4_LS_SlSl,Endomorph,Normal,slouch,1.0,0.0,0.0,-0.1368933460735715,-45.74400071681014,0.2496824703549281,1
195,6.5,Participant4_LS_SlSl,Endomorph,Normal,slouch,1.0,0.0,0.0,-0.1498662689487623,-45.26820458981821,0.2545289635770573,1
196,6.533333333333333,Participant4_LS_SlSl,Endomorph,Normal,slouch,1.0,0.0,0.0,-0.1526413730258601,-45.212437373249976,0.2434877649869393,1
197,6.566666666666666,Participant4_LS_SlSl,Endomorph,Normal,slouch,1.0,0.0,0.0,-0.1353761025300342,-44.72990736940147,0.2347856362996894,1
198,6.6,Participant4_LS_SlSl,Endomorph,Normal,slouch,1.0,0.0,0.0,-0.1393259635541776,-45.80947759040101,0.2479293043136762,1
199,6.633333333333334,Participant4_LS_SlSl,Endomorph,Normal,slouch,1.0,0.0,0.0,-0.1143839443667594,-48.16180493677837,0.2092991575579622,1
200,6.666666666666667,Participant4_LS_SlSl,Endomorph,Normal,slouch,1.0,0.0,0.0,-0.1125608845000764,-48.39967772926013,0.2117159967243849,1
201,6.7,Participant4_LS_SlSl,Endomorph,Normal,slouch,1.0,0.0,0.0,-0.1452917550639077,-47.3056629789876,0.216513455194906,1
202,6.733333333333333,Participant4_LS_SlSl,Endomorph,Normal,slouch,1.0,0.0,0.0,-0.0969148684829867,-50.54657518573996,0.1790409426617593,1
203,6.766666666666667,Participant4_LS_SlSl,Endomorph,Normal,slouch,1.0,0.0,0.0,-0.1275204409250191,-48.98246976285857,0.2064534381520283,1
204,6.8,Participant4_LS_SlSl,Endomorph,Normal,slouch,1.0,0.0,0.0,-0.1253584086306576,-45.68648198224361,0.2302148048425259,1
205,6.833333333333333,Participant4_LS_SlSl,Endomorph,Normal,slouch,1.0,0.0,0.0,-0.0987964148518558,-46.302290433285584,0.215214101136497,1
206,6.866666666666666,Participant4_LS_SlSl,Endomorph,Normal,slouch,1.0,0.0,0.0,-0.1206005247101966,-46.056639120248754,0.2233536495141742,1
207,6.9,Participant4_LS_SlSl,Endomorph,Normal,slouch,1.0,0.0,0.0,-0.1260436010996786,-47.3329459139898,0.2143819151047145,1
208,6.933333333333334,Participant4_LS_SlSl,Endomorph,Normal,slouch,1.0,0.0,0.0,-0.0933583951342788,-47.09626281832868,0.2302999375879182,1
209,6.966666666666667,Participant4_LS_SlSl,Endomorph,Normal,slouch,1.0,0.0,0.0,-0.1316038680911943,-47.318607763333,0.2103161327374007,1
210,7.0,Participant4_LS_SlSl,Endomorph,Normal,slouch,1.0,0.0,0.0,-0.1168528169972625,-46.5867092411896,0.268422079686749,1
211,7.033333333333333,Participant4_LS_SlSl,Endomorph,Normal,slouch,1.0,0.0,0.0,-0.1105820512867908,-49.00087075563037,0.2255752656812457,1
212,7.066666666666666,Participant4_LS_SlSl,Endomorph,Normal,slouch,1.0,0.0,0.0,-0.1573469463367007,-46.79327338310223,0.2633666616732884,1
213,7.1,Participant4_LS_SlSl,Endomorph,Normal,slouch,1.0,0.0,0.0,-0.1247421698362923,-45.560165865498256,0.2479640418169253,1
214,7.133333333333334,Participant4_LS_SlSl,Endomorph,Normal,slouch,1.0,0.0,0.0,-0.129087400236696,-44.04862734190707,0.2179926790863869,1
215,7.166666666666667,Participant4_LS_SlSl,Endomorph,Normal,slouch,1.0,0.0,0.0,-0.1344119274130223,-45.394431994493154,0.1997135403306781,1
216,7.2,Participant4_LS_SlSl,Endomorph,Normal,slouch,1.0,0.0,0.0,-0.1330722231874359,-45.92349038078518,0.1864617241457298,1
217,7.233333333333333,Participant4_LS_SlSl,Endomorph,Normal,slouch,1.0,0.0,0.0,-0.1026126442757546,-48.601797631958014,0.1951040631231299,1
218,7.266666666666667,Participant4_LS_SlSl,Endomorph,Normal,slouch,1.0,0.0,0.0,-0.1194528007082037,-48.320822940491446,0.1966538001830403,1
219,7.3,Participant4_LS_SlSl,Endomorph,Normal,slouch,1.0,0.0,0.0,-0.1041943824333416,-47.22097439138441,0.1959298076367428,1
220,7.333333333333333,Participant4_LS_SlSl,Endomorph,Normal,slouch,1.0,0.0,0.0,-0.1221671009964519,-46.741664208551526,0.2093984630719952,1
221,7.366666666666666,Participant4_LS_SlSl,Endomorph,Normal,slouch,1.0,0.0,0.0,-0.1442975026770688,-45.99858376011608,0.2365757503394916,1
222,7.4,Participant4_LS_SlSl,Endomorph,Normal,slouch,1.0,0.0,0.0,-0.1235970356103439,-47.71905843579484,0.2342911445178638,1
223,7.433333333333334,Participant4_LS_SlSl,Endomorph,Normal,slouch,1.0,0.0,0.0,-0.1554456800241003,-48.42320727588922,0.2097080721837883,1
224,7.466666666666667,Participant4_LS_SlSl,Endomorph,Normal,slouch,1.0,0.0,0.0,-0.1444186882380069,-49.14205851279304,0.1852552972998361,1
225,7.5,Participant4_LS_SlSl,Endomorph,Normal,slouch,1.0,0.0,0.0,-0.1402204659393284,-47.18866277273222,0.1720836473673658,1
226,7.533333333333333,Participant4_LS_SlSl,Endomorph,Normal,slouch,1.0,0.0,0.0,-0.1715374035336807,-46.83857542106504,0.2271233476262376,1
227,7.566666666666666,Participant4_LS_SlSl,Endomorph,Normal,slouch,1.0,0.0,0.0,-0.1353733388691731,-48.59747031788103,0.1898992394119295,1
228,7.6,Participant4_LS_SlSl,Endomorph,Normal,slouch,1.0,0.0,0.0,-0.1361373915037269,-43.72561507974135,0.2141696895608396,1
229,7.633333333333334,Participant4_LS_SlSl,Endomorph,Normal,slouch,1.0,0.0,0.0,-0.0993357082531729,-47.88146985092207,0.1787084744461423,1
230,7.666666666666667,Participant4_LS_SlSl,Endomorph,Normal,slouch,1.0,0.0,0.0,-0.1319080064120555,-47.77143497270561,0.2215318515666371,1
231,7.7,Participant4_LS_SlSl,Endomorph,Normal,slouch,1.0,0.0,0.0,-0.0963029637050543,-48.0949867256872,0.1897867713405616,1
232,7.733333333333333,Participant4_LS_SlSl,Endomorph,Normal,slouch,1.0,0.0,0.0,-0.1227315614126073,-48.88493192563636,0.2184397495335349,1
233,7.766666666666667,Participant4_LS_SlSl,Endomorph,Normal,slouch,1.0,0.0,0.0,-0.1054950377502054,-49.88504127934924,0.209506731582295,1
234,7.8,Participant4_LS_SlSl,Endomorph,Normal,slouch,1.0,0.0,0.0,-0.1337083356402014,-46.08242247742656,0.2209786231622718,1
235,7.833333333333333,Participant4_LS_SlSl,Endomorph,Normal,slouch,1.0,0.0,0.0,-0.083880416174959,-47.887610419586096,0.249083159032293,1
236,7.866666666666666,Participant4_LS_SlSl,Endomorph,Normal,slouch,1.0,0.0,0.0,-0.0817074381190208,-47.853860186381496,0.2073435871261943,1
237,7.9,Participant4_LS_SlSl,Endomorph,Normal,slouch,1.0,0.0,0.0,-0.1016949638864951,-49.021312260284496,0.2129392441907323,1
238,7.933333333333334,Participant4_LS_SlSl,Endomorph,Normal,slouch,1.0,0.0,0.0,-0.1078194831538434,-47.01635531650296,0.2541755849932187,1
239,7.966666666666667,Participant4_LS_SlSl,Endomorph,Normal,slouch,1.0,0.0,0.0,-0.1571009309571368,-46.19021411781646,0.2537136195386563,1
240,8.0,Participant4_LS_SlSl,Endomorph,Normal,slouch,1.0,0.0,0.0,-0.1259429710762789,-46.46836280927098,0.2464577662260668,1
241,8.033333333333333,Participant4_LS_SlSl,Endomorph,Normal,slouch,1.0,0.0,0.0,-0.1254470814555881,-49.24586573620833,0.2228699862280203,1
242,8.066666666666666,Participant4_LS_SlSl,Endomorph,Normal,slouch,1.0,0.0,0.0,-0.1177717896579669,-48.05285894405905,0.2367567308756054,1
243,8.1,Participant4_LS_SlSl,Endomorph,Normal,slouch,1.0,0.0,0.0,-0.0944716042873341,-49.431396001613805,0.2152610272698192,1
244,8.133333333333333,Participant4_LS_SlSl,Endomorph,Normal,slouch,1.0,0.0,0.0,-0.1187198788433858,-48.35688234459118,0.1976064514038373,1
245,8.166666666666666,Participant4_LS_SlSl,Endomorph,Normal,slouch,1.0,0.0,0.0,-0.126892373563943,-48.6580026938277,0.2121491704608993,1
246,8.2,Participant4_LS_SlSl,Endomorph,Normal,slouch,1.0,0.0,0.0,-0.1265727849876715,-49.30361685874225,0.1837553411400147,1
247,8.233333333333333,Participant4_LS_SlSl,Endomorph,Normal,slouch,1.0,0.0,0.0,-0.0682703940850225,-48.88077771524938,0.2140026911961191,1
248,8.266666666666667,Participant4_LS_SlSl,Endomorph,Normal,slouch,1.0,0.0,0.0,-0.1063791293654865,-49.42027826980361,0.2209478655472313,1
249,8.3,Participant4_LS_SlSl,Endomorph,Normal,slouch,1.0,0.0,0.0,-0.154320337124499,-46.39671530895621,0.239293588425221,1
250,8.333333333333334,Participant4_LS_SlSl,Endomorph,Normal,slouch,1.0,0.0,0.0,-0.1355052029840072,-48.917562348190245,0.2278439313951066,1
251,8.366666666666667,Participant4_LS_SlSl,Endomorph,Normal,slouch,1.0,0.0,0.0,-0.1134663149036223,-47.38472830285115,0.2057021425557639,1
252,8.4,Participant4_LS_SlSl,Endomorph,Normal,slouch,1.0,0.0,0.0,-0.1458359195944728,-46.29174820538103,0.2062642233204526,1
253,8.433333333333334,Participant4_LS_SlSl,Endomorph,Normal,slouch,1.0,0.0,0.0,-0.15000816993545,-46.061502895786006,0.2073381712621629,1
254,8.466666666666667,Participant4_LS_SlSl,Endomorph,Normal,slouch,1.0,0.0,0.0,-0.0919642890579388,-48.70798307291566,0.2043603346168437,1
255,8.5,Participant4_LS_SlSl,Endomorph,Normal,slouch,1.0,0.0,0.0,-0.0924647278062717,-50.32195995129567,0.2228857456241214,1
256,8.533333333333333,Participant4_LS_SlSl,Endomorph,Normal,slouch,1.0,0.0,0.0,-0.1200037430492066,-47.84816918724902,0.2125730893437772,1
257,8.566666666666666,Participant4_LS_SlSl,Endomorph,Normal,slouch,1.0,0.0,0.0,-0.1444600071177413,-46.78408721382561,0.197646334996782,1
258,8.6,Participant4_LS_SlSl,Endomorph,Normal,slouch,1.0,0.0,0.0,-0.1427346574243337,-47.0103656083644,0.2460974321574738,1
259,8.633333333333333,Participant4_LS_SlSl,Endomorph,Normal,slouch,1.0,0.0,0.0,-0.1541778668145645,-47.91318136806685,0.2068460318147877,1
260,8.666666666666666,Participant4_LS_SlSl,Endomorph,Normal,slouch,1.0,0.0,0.0,-0.0743035571983674,-48.00562692860784,0.2069315992276649,1
261,8.7,Participant4_LS_SlSl,Endomorph,Normal,slouch,1.0,0.0,0.0,-0.1216138219112376,-50.02535396334476,0.223229167186439,1
262,8.733333333333333,Participant4_LS_SlSl,Endomorph,Normal,slouch,1.0,0.0,0.0,-0.110019020730775,-49.47818653727578,0.2389062672768543,1
263,8.766666666666667,Participant4_LS_SlSl,Endomorph,Normal,slouch,1.0,0.0,0.0,-0.1024953069514897,-51.31812062511196,0.1986763016774236,1
264,8.8,Participant4_LS_SlSl,Endomorph,Normal,slouch,1.0,0.0,0.0,-0.0872041004870048,-49.60012087743908,0.2165925171406401,1
265,8.833333333333334,Participant4_LS_SlSl,Endomorph,Normal,slouch,1.0,0.0,0.0,-0.0890351486133181,-50.15571025808655,0.1972681208637044,1
266,8.866666666666667,Participant4_LS_SlSl,Endomorph,Normal,slouch,1.0,0.0,0.0,-0.1289718985416575,-46.307154635195054,0.2507193774039044,1
267,8.9,Participant4_LS_SlSl,Endomorph,Normal,slouch,1.0,0.0,0.0,-0.1117118795884127,-45.449610007053344,0.2102221726250857,1
268,8.933333333333334,Participant4_LS_SlSl,Endomorph,Normal,slouch,1.0,0.0,0.0,-0.1135710452284246,-46.65430270841388,0.200439268135899,1
269,8.966666666666667,Participant4_LS_SlSl,Endomorph,Normal,slouch,1.0,0.0,0.0,-0.1543713947842382,-43.6155719865581,0.2033724879527741,1
270,9.0,Participant4_LS_SlSl,Endomorph,Normal,slouch,1.0,0.0,0.0,-0.0868311015745729,-47.00225151388828,0.200797258942459,1
271,9.033333333333331,Participant4_LS_SlSl,Endomorph,Normal,slouch,1.0,0.0,0.0,-0.1294362604289173,-49.30758253066896,0.2071820904071805,1
272,9.066666666666666,Participant4_LS_SlSl,Endomorph,Normal,slouch,1.0,0.0,0.0,-0.0975797068047557,-48.81959713607596,0.2200360376202908,1
273,9.1,Participant4_LS_SlSl,Endomorph,Normal,slouch,1.0,0.0,0.0,-0.1286133347758402,-47.91929121354619,0.2270906805812519,1
274,9.133333333333333,Participant4_LS_SlSl,Endomorph,Normal,slouch,1.0,0.0,0.0,-0.1108723719008527,-48.98549259081386,0.227968237412281,1
275,9.166666666666666,Participant4_LS_SlSl,Endomorph,Normal,slouch,1.0,0.0,0.0,-0.1089311634651668,-49.03205377353905,0.224413039660297,1
276,9.2,Participant4_LS_SlSl,Endomorph,Normal,slouch,1.0,0.0,0.0,-0.1408717162237111,-45.79170516828755,0.2434380905414366,1
277,9.233333333333333,Participant4_LS_SlSl,Endomorph,Normal,slouch,1.0,0.0,0.0,-0.1315540998439155,-44.18042550378704,0.2700249264705116,1
278,9.266666666666667,Participant4_LS_SlSl,Endomorph,Normal,slouch,1.0,0.0,0.0,-0.0991395657805072,-47.67371149996362,0.2162130960027061,1
279,9.3,Participant4_LS_SlSl,Endomorph,Normal,slouch,1.0,0.0,0.0,-0.107752061199897,-47.27565821722374,0.2193565783798476,1
280,9.333333333333334,Participant4_LS_SlSl,Endomorph,Normal,slouch,1.0,0.0,0.0,-0.1356684824745017,-46.04037642583007,0.2000765289418608,1
281,9.366666666666667,Participant4_LS_SlSl,Endomorph,Normal,slouch,1.0,0.0,0.0,-0.1213280935106532,-47.17148547376426,0.2198751211742429,1
282,9.4,Participant4_LS_SlSl,Endomorph,Normal,slouch,1.0,0.0,0.0,-0.1441925057995262,-47.09446071654684,0.2313185317861151,1
283,9.433333333333334,Participant4_LS_SlSl,Endomorph,Normal,slouch,1.0,0.0,0.0,-0.1298623270507373,-45.85230065510815,0.2129972576519355,1
284,9.466666666666669,Participant4_LS_SlSl,Endomorph,Normal,slouch,1.0,0.0,0.0,-0.1566428665040281,-43.98010799687431,0.2274367416034766,1
285,9.5,Participant4_LS_SlSl,Endomorph,Normal,slouch,1.0,0.0,0.0,-0.1219345978108578,-45.49738381927887,0.1984751652065727,1
286,9.533333333333331,Participant4_LS_SlSl,Endomorph,Normal,slouch,1.0,0.0,0.0,-0.1049234951273342,-47.62065234444406,0.2173107857546474,1
287,9.566666666666666,Participant4_LS_SlSl,Endomorph,Normal,slouch,1.0,0.0,0.0,-0.1650972868234593,-47.59180228681821,0.2195002476670705,1
288,9.6,Participant4_LS_SlSl,Endomorph,Normal,slouch,1.0,0.0,0.0,-0.1326073821671293,-44.57191311407553,0.2230568418573579,1
289,9.633333333333333,Participant4_LS_SlSl,Endomorph,Normal,slouch,1.0,0.0,0.0,-0.131558501258199,-50.23989299551312,0.2151397726809335,1
290,9.666666666666666,Participant4_LS_SlSl,Endomorph,Normal,slouch,1.0,0.0,0.0,-0.1460749150076175,-45.4649502775587,0.2402765080308044,1
291,9.7,Participant4_LS_SlSl,Endomorph,Normal,slouch,1.0,0.0,0.0,-0.117378852930274,-46.301694717464926,0.181531208856911,1
292,9.733333333333333,Participant4_LS_SlSl,Endomorph,Normal,slouch,1.0,0.0,0.0,-0.1285107838567828,-46.84310233519111,0.1995509135824586,1
293,9.766666666666667,Participant4_LS_SlSl,Endomorph,Normal,slouch,1.0,0.0,0.0,-0.1355069115528415,-46.862381941201086,0.2153448707052188,1
294,9.8,Participant4_LS_SlSl,Endomorph,Normal,slouch,1.0,0.0,0.0,-0.0934404031488733,-46.41651688039812,0.1890247083332296,1
295,9.833333333333334,Participant4_LS_SlSl,Endomorph,Normal,slouch,1.0,0.0,0.0,-0.0998723180056929,-47.44134810381411,0.1953562080044903,1
296,9.866666666666667,Participant4_LS_SlSl,Endomorph,Normal,slouch,1.0,0.0,0.0,-0.1249194841901556,-47.90289987373359,0.201687707675751,1
297,9.9,Participant4_LS_SlSl,Endomorph,Normal,slouch,1.0,0.0,0.0,-0.0940699487762743,-48.11172278231357,0.220307309154644,1
298,9.933333333333334,Participant4_LS_SlSl,Endomorph,Normal,slouch,1.0,0.0,0.0,-0.0895168729426739,-48.52818505836775,0.2071339993102368,1
299,9.966666666666669,Participant4_LS_SlSl,Endomorph,Normal,slouch,1.0,0.0,0.0,-0.0796959813826682,-48.76885753851814,0.2450194024328966,1
300,10.0,Participant4_LS_SlSl,Endomorph,Normal,slouch,1.0,0.0,0.0,-0.095201408363601,-47.616939772045406,0.2612307226756973,1
301,10.033333333333331,Participant4_LS_SlSl,Endomorph,Normal,slouch,1.0,0.0,0.0,-0.0778289920086571,-48.90103309896442,0.2439793276733057,1
302,10.066666666666666,Participant4_LS_SlSl,Endomorph,Normal,slouch,1.0,0.0,0.0,-0.0517525190068075,-48.21747552193894,0.2349624963519496,1
303,10.1,Participant4_LS_SlSl,Endomorph,Normal,slouch,1.0,0.0,0.0,-0.0854068453873882,-50.285576950626016,0.2224533430678023,1
304,10.133333333333333,Participant4_LS_SlSl,Endomorph,Normal,slouch,1.0,0.0,0.0,-0.0789784401017343,-50.33939975244173,0.226079590201223,1
305,10.166666666666666,Participant4_LS_SlSl,Endomorph,Normal,slouch,1.0,0.0,0.0,-0.0795239040259446,-48.40919858480073,0.2384398194437694,1
306,10.2,Participant4_LS_SlSl,Endomorph,Normal,slouch,1.0,0.0,0.0,-0.0830711947318521,-50.44059777403946,0.2071772707736176,1
307,10.233333333333333,Participant4_LS_SlSl,Endomorph,Normal,slouch,1.0,0.0,0.0,-0.0767620766473891,-49.50013299479216,0.2504320398723916,1
308,10.266666666666667,Participant4_LS_SlSl,Endomorph,Normal,slouch,1.0,0.0,0.0,-0.0861093968000498,-50.65229725056915,0.235259985130713,1
309,10.3,Participant4_LS_SlSl,Endomorph,Normal,slouch,1.0,0.0,0.0,-0.0650465251506322,-49.40962609247968,0.2630580347630935,1
310,10.333333333333334,Participant4_LS_SlSl,Endomorph,Normal,slouch,1.0,0.0,0.0,-0.0675979282994062,-49.09836270947988,0.260708415873439,1
311,10.366666666666667,Participant4_LS_SlSl,Endomorph,Normal,slouch,1.0,0.0,0.0,-0.0919145160049668,-46.96323085118235,0.253799751795165,1
312,10.4,Participant4_LS_SlSl,Endomorph,Normal,slouch,1.0,0.0,0.0,-0.1192131334378276,-49.33757224742801,0.2565041741979987,1
313,10.433333333333334,Participant4_LS_SlSl,Endomorph,Normal,slouch,1.0,0.0,0.0,-0.1045865092486373,-48.68797706275752,0.2462069025567901,1
314,10.466666666666669,Participant4_LS_SlSl,Endomorph,Normal,slouch,1.0,0.0,0.0,-0.0647778829398139,-49.8103561268868,0.2667590262312042,1
315,10.5,Participant4_LS_SlSl,Endomorph,Normal,slouch,1.0,0.0,0.0,-0.0729405654848494,-49.75068967264202,0.2141722107031411,1
316,10.533333333333331,Participant4_LS_SlSl,Endomorph,Normal,slouch,1.0,0.0,0.0,-0.1019538120413641,-49.234215930141545,0.2160954576632888,1
317,10.566666666666666,Participant4_LS_SlSl,Endomorph,Normal,slouch,1.0,0.0,0.0,-0.0749088755767371,-48.448422395932106,0.2214861654581495,1
318,10.6,Participant4_LS_SlSl,Endomorph,Normal,slouch,1.0,0.0,0.0,-0.1266824238831958,-49.99871935090112,0.1985320333005772,1
319,10.633333333333333,Participant4_LS_SlSl,Endomorph,Normal,slouch,1.0,0.0,0.0,-0.135071819002206,-48.22078067116296,0.2248260603049571,1
320,10.666666666666666,Participant4_LS_SlSl,Endomorph,Normal,slouch,1.0,0.0,0.0,-0.0767290947973953,-47.96361356697376,0.2519534675291213,1
321,10.7,Participant4_LS_SlSl,Endomorph,Normal,slouch,1.0,0.0,0.0,-0.1155954413978501,-48.159268188231934,0.2173568301772386,1
322,10.733333333333333,Participant4_LS_SlSl,Endomorph,Normal,slouch,1.0,0.0,0.0,-0.09320398650234,-47.66513676291409,0.2283092623506161,1
323,10.766666666666667,Participant4_LS_SlSl,Endomorph,Normal,slouch,1.0,0.0,0.0,-0.0804986404372817,-47.97474109317674,0.233547372540899,1
324,10.8,Participant4_LS_SlSl,Endomorph,Normal,slouch,1.0,0.0,0.0,-0.1220094652099665,-49.61562320255359,0.2033835478383579,1
325,10.833333333333334,Participant4_LS_SlSl,Endomorph,Normal,slouch,1.0,0.0,0.0,-0.1212921393059139,-47.97840935077426,0.2549091830646842,1
326,10.866666666666667,Participant4_LS_SlSl,Endomorph,Normal,slouch,1.0,0.0,0.0,-0.102059131787917,-47.9027515313606,0.2278964812405569,1
327,10.9,Participant4_LS_SlSl,Endomorph,Normal,slouch,1.0,0.0,0.0,-0.1024808056713011,-48.07874746768248,0.249827837269765,1
328,10.933333333333334,Participant4_LS_SlSl,Endomorph,Normal,slouch,1.0,0.0,0.0,-0.1304788770288943,-49.31588196762847,0.255640416597683,1
329,10.966666666666669,Participant4_LS_SlSl,Endomorph,Normal,slouch,1.0,0.0,0.0,-0.1132459473908409,-47.023956016757694,0.2483707204885635,1
330,11.0,Participant4_LS_SlSl,Endomorph,Normal,slouch,1.0,0.0,0.0,-0.0943918594350759,-47.85217443911276,0.2015414689444669,1
331,11.033333333333331,Participant4_LS_SlSl,Endomorph,Normal,slouch,1.0,0.0,0.0,-0.1009464820055084,-49.54120389190764,0.2327979319170801,1
332,11.066666666666666,Participant4_LS_SlSl,Endomorph,Normal,slouch,1.0,0.0,0.0,-0.1503358386576144,-46.48041475611002,0.2432069751294483,1
333,11.1,Participant4_LS_SlSl,Endomorph,Normal,slouch,1.0,0.0,0.0,-0.1491459590704901,-45.724923116711736,0.2402227585449834,1
334,11.133333333333333,Participant4_LS_SlSl,Endomorph,Normal,slouch,1.0,0.0,0.0,-0.1313602728980774,-47.54534874867486,0.251057116387832,1
335,11.166666666666666,Participant4_LS_SlSl,Endomorph,Normal,slouch,1.0,0.0,0.0,-0.1452121169604765,-44.59402972692875,0.2502453626879758,1
336,11.2,Participant4_LS_SlSl,Endomorph,Normal,slouch,1.0,0.0,0.0,-0.1448895306558693,-46.36329309564461,0.2387694860533019,1
337,11.233333333333333,Participant4_LS_SlSl,Endomorph,Normal,slouch,1.0,0.0,0.0,-0.1337765687100975,-48.580083731698494,0.2041278724703311,1
338,11.266666666666667,Participant4_LS_SlSl,Endomorph,Normal,slouch,1.0,0.0,0.0,-0.1226407192620477,-49.887707603320095,0.1978412738848988,1
339,11.3,Participant4_LS_SlSl,Endomorph,Normal,slouch,1.0,0.0,0.0,-0.1502613877278801,-48.540623445031926,0.1986493079167539,1
340,11.333333333333334,Participant4_LS_SlSl,Endomorph,Normal,slouch,1.0,0.0,0.0,-0.0963465861992244,-49.06697821389467,0.2208946684984123,1
341,11.366666666666667,Participant4_LS_SlSl,Endomorph,Normal,slouch,1.0,0.0,0.0,-0.1190479934320701,-49.935824680492,0.2037221967439476,1
342,11.4,Participant4_LS_SlSl,Endomorph,Normal,slouch,1.0,0.0,0.0,-0.1421231651352646,-48.49098213569389,0.2073054971480222,1
343,11.433333333333334,Participant4_LS_SlSl,Endomorph,Normal,slouch,1.0,0.0,0.0,-0.1420700926335066,-49.4743856913332,0.1854343179085529,1
344,11.466666666666669,Participant4_LS_SlSl,Endomorph,Normal,slouch,1.0,0.0,0.0,-0.0954717113547523,-51.647972144616375,0.2112336802845717,1
345,11.5,Participant4_LS_SlSl,Endomorph,Normal,slouch,1.0,0.0,0.0,-0.1026417268113903,-51.76405026437581,0.2321748052994767,1
346,11.533333333333331,Participant4_LS_SlSl,Endomorph,Normal,slouch,1.0,0.0,0.0,-0.1205040259544141,-49.45846663077778,0.2384384476484315,1
347,11.566666666666666,Participant4_LS_SlSl,Endomorph,Normal,slouch,1.0,0.0,0.0,-0.0999897650937464,-51.30861163247846,0.1973322657313498,1
348,11.6,Participant4_LS_SlSl,Endomorph,Normal,slouch,1.0,0.0,0.0,-0.1046665372286041,-49.30261872182294,0.221795150657677,1
349,11.633333333333333,Participant4_LS_SlSl,Endomorph,Normal,slouch,1.0,0.0,0.0,-0.0936435610905689,-49.80885828248916,0.2085509821678986,1
350,11.666666666666666,Participant4_LS_SlSl,Endomorph,Normal,slouch,1.0,0.0,0.0,-0.115123245922915,-50.44420823111433,0.2060934885446374,1
351,11.7,Participant4_LS_SlSl,Endomorph,Normal,slouch,1.0,0.0,0.0,-0.131521499693219,-51.74610514012929,0.2236498731961862,1
352,11.733333333333333,Participant4_LS_SlSl,Endomorph,Normal,slouch,1.0,0.0,0.0,-0.0974394551026304,-52.27527863433955,0.2180978066872302,1
353,11.766666666666667,Participant4_LS_SlSl,Endomorph,Normal,slouch,1.0,0.0,0.0,-0.0982273155769987,-51.57017296964309,0.2386311859362577,1
354,11.8,Participant4_LS_SlSl,Endomorph,Normal,slouch,1.0,0.0,0.0,-0.0934465655765018,-52.532344739052846,0.2287482432435489,1
355,11.833333333333334,Participant4_LS_SlSl,Endomorph,Normal,slouch,1.0,0.0,0.0,-0.0949123079900518,-52.17479988447858,0.2259867310619393,1
356,11.866666666666667,Participant4_LS_SlSl,Endomorph,Normal,slouch,1.0,0.0,0.0,-0.1126910017881954,-48.12823508392523,0.1996734686438174,1
357,11.9,Participant4_LS_SlSl,Endomorph,Normal,slouch,1.0,0.0,0.0,-0.0928243906272053,-51.38325384397174,0.2026602240528915,1
358,11.933333333333334,Participant4_LS_SlSl,Endomorph,Normal,slouch,1.0,0.0,0.0,-0.0983336627900494,-51.20753327820951,0.2064331775033265,1
359,11.966666666666669,Participant4_LS_SlSl,Endomorph,Normal,slouch,1.0,0.0,0.0,-0.1093981181457074,-51.80728142300004,0.1967383136279183,1
360,12.0,Participant4_LS_SlSl,Endomorph,Normal,slouch,1.0,0.0,0.0,-0.1141789987477724,-51.23742289845298,0.2514516806629488,1
361,12.033333333333331,Participant4_LS_SlSl,Endomorph,Normal,slouch,1.0,0.0,0.0,-0.0842303800996847,-52.13094960111419,0.2417718405891939,1
362,12.066666666666666,Participant4_LS_SlSl,Endomorph,Normal,slouch,1.0,0.0,0.0,-0.1178614059792887,-50.365094164109,0.2244228633548381,1
363,12.1,Participant4_LS_SlSl,Endomorph,Normal,slouch,1.0,0.0,0.0,-0.1171447750609384,-49.6403532426425,0.2240319706986547,1
364,12.133333333333333,Participant4_LS_SlSl,Endomorph,Normal,slouch,1.0,0.0,0.0,-0.0705608772712929,-53.0304435112088,0.2087850018025448,1
365,12.166666666666666,Participant4_LS_SlSl,Endomorph,Normal,slouch,1.0,0.0,0.0,-0.0898229940221549,-51.52991263896364,0.2404398837013076,1
366,12.2,Participant4_LS_SlSl,Endomorph,Normal,slouch,1.0,0.0,0.0,-0.1115125568282154,-50.81819363213619,0.2430270688130361,1
367,12.233333333333333,Participant4_LS_SlSl,Endomorph,Normal,slouch,1.0,0.0,0.0,-0.1132822363674862,-50.78318330643091,0.2444532703872142,1
368,12.266666666666667,Participant4_LS_SlSl,Endomorph,Normal,slouch,1.0,0.0,0.0,-0.1193150563693953,-47.17654333975712,0.2682912143821405,1
369,12.3,Participant4_LS_SlSl,Endomorph,Normal,slouch,1.0,0.0,0.0,-0.1159805862226467,-47.43401791594787,0.2708647505171476,1
370,12.333333333333334,Participant4_LS_SlSl,Endomorph,Normal,slouch,1.0,0.0,0.0,-0.1011501570045398,-50.950744847861394,0.2029998236741808,1
371,12.366666666666667,Participant4_LS_SlSl,Endomorph,Normal,slouch,1.0,0.0,0.0,-0.1184257536298769,-50.74030750133337,0.2374485055503203,1
372,12.4,Participant4_LS_SlSl,Endomorph,Normal,slouch,1.0,0.0,0.0,-0.1375051589019195,-50.97726657937133,0.2089545713419861,1
373,12.433333333333334,Participant4_LS_SlSl,Endomorph,Normal,slouch,1.0,0.0,0.0,-0.1126227204911274,-50.41598213978505,0.2370738535648269,1
374,12.466666666666669,Participant4_LS_SlSl,Endomorph,Normal,slouch,1.0,0.0,0.0,-0.0943081392083649,-51.44234713311076,0.239289290741965,1
375,12.5,Participant4_LS_SlSl,Endomorph,Normal,slouch,1.0,0.0,0.0,-0.1246078939973416,-50.37198386575085,0.2187289458890487,1
376,12.533333333333331,Participant4_LS_SlSl,Endomorph,Normal,slouch,1.0,0.0,0.0,-0.1295300345283129,-48.585550931925205,0.2214380631264557,1
377,12.566666666666666,Participant4_LS_SlSl,Endomorph,Normal,slouch,1.0,0.0,0.0,-0.133657779201391,-48.93023331236968,0.2586304726100064,1
378,12.6,Participant4_LS_SlSl,Endomorph,Normal,slouch,1.0,0.0,0.0,-0.1172063093978675,-51.41072578878526,0.1974171053741783,1
379,12.633333333333333,Participant4_LS_SlSl,Endomorph,Normal,slouch,1.0,0.0,0.0,-0.0965424043304976,-51.51975837986383,0.2329035558839616,1
380,12.666666666666666,Participant4_LS_SlSl,Endomorph,Normal,slouch,1.0,0.0,0.0,-0.1164786124151689,-51.61392957781136,0.2217215279744784,1
381,12.7,Participant4_LS_SlSl,Endomorph,Normal,slouch,1.0,0.0,0.0,-0.1247264077463831,-49.21277418511447,0.2239155362497733,1
382,12.733333333333333,Participant4_LS_SlSl,Endomorph,Normal,slouch,1.0,0.0,0.0,-0.1184407373310982,-47.32762211299705,0.2536144298660552,1
383,12.766666666666667,Participant4_LS_SlSl,Endomorph,Normal,slouch,1.0,0.0,0.0,-0.1049347610920473,-47.72676213549357,0.2536779243497705,1
384,12.8,Participant4_LS_SlSl,Endomorph,Normal,slouch,1.0,0.0,0.0,-0.1171192082404709,-49.39385226238487,0.2382242759956123,1
385,12.833333333333334,Participant4_LS_SlSl,Endomorph,Normal,slouch,1.0,0.0,0.0,-0.1306252493868058,-49.7626479669526,0.255978134102278,1
386,12.866666666666667,Participant4_LS_SlSl,Endomorph,Normal,slouch,1.0,0.0,0.0,-0.1379229461707416,-50.36092185720319,0.2542525115268871,1
387,12.9,Participant4_LS_SlSl,Endomorph,Normal,slouch,1.0,0.0,0.0,-0.0849453231927075,-51.62027248430752,0.2143964179932533,1
388,12.933333333333334,Participant4_LS_SlSl,Endomorph,Normal,slouch,1.0,0.0,0.0,-0.0962533018580795,-48.73610874362642,0.2083321189612606,1
389,12.966666666666669,Participant4_LS_SlSl,Endomorph,Normal,slouch,1.0,0.0,0.0,-0.0930219061961579,-49.54386855904063,0.2397495875427788,1
390,13.0,Participant4_LS_SlSl,Endomorph,Normal,slouch,1.0,0.0,0.0,-0.1068209965145604,-49.31991298578669,0.2346866577008744,1
391,13.033333333333331,Participant4_LS_SlSl,Endomorph,Normal,slouch,1.0,0.0,0.0,-0.1133610425438007,-51.11731460858488,0.2196778285900705,1
392,13.066666666666666,Participant4_LS_SlSl,Endomorph,Normal,slouch,1.0,0.0,0.0,-0.1170294529748051,-51.42355356632437,0.2311380119099652,1
393,13.1,Participant4_LS_SlSl,Endomorph,Normal,slouch,1.0,0.0,0.0,-0.1387914753506114,-48.87166548377701,0.2053973789197769,1
394,13.133333333333333,Participant4_LS_SlSl,Endomorph,Normal,slouch,1.0,0.0,0.0,-0.1358310472560284,-49.83704342383913,0.2138880654077504,1
395,13.166666666666666,Participant4_LS_SlSl,Endomorph,Normal,slouch,1.0,0.0,0.0,-0.1314117214347356,-48.240830697901735,0.2336867467720079,1
396,13.2,Participant4_LS_SlSl,Endomorph,Normal,slouch,1.0,0.0,0.0,-0.1389159290606872,-49.51297784825674,0.2266749615069404,1
397,13.233333333333333,Participant4_LS_SlSl,Endomorph,Normal,slouch,1.0,0.0,0.0,-0.1484345248016324,-49.29226783305948,0.223070133775833,1
398,13.266666666666667,Participant4_LS_SlSl,Endomorph,Normal,slouch,1.0,0.0,0.0,-0.1603335009697351,-48.02117762642551,0.2528633560207126,1
399,13.3,Participant4_LS_SlSl,Endomorph,Normal,slouch,1.0,0.0,0.0,-0.1700473975196804,-45.88567205793641,0.2495623098202883,1
400,13.333333333333334,Participant4_LS_SlSl,Endomorph,Normal,slouch,1.0,0.0,0.0,-0.160773088901973,-46.82512301894272,0.2504196810014261,1
401,13.366666666666667,Participant4_LS_SlSl,Endomorph,Normal,slouch,1.0,0.0,0.0,-0.1388281502785222,-49.092976002766086,0.224391422491949,1
402,13.4,Participant4_LS_SlSl,Endomorph,Normal,slouch,1.0,0.0,0.0,-0.1448964514242661,-48.86221431496842,0.2273434884776638,1
403,13.433333333333334,Participant4_LS_SlSl,Endomorph,Normal,slouch,1.0,0.0,0.0,-0.1357944592138791,-48.64511561003594,0.1991545294750129,1
404,13.466666666666669,Participant4_LS_SlSl,Endomorph,Normal,slouch,1.0,0.0,0.0,-0.1278082378911456,-48.956740100220365,0.1998162275185843,1
405,13.5,Participant4_LS_SlSl,Endomorph,Normal,slouch,1.0,0.0,0.0,-0.133222927284894,-46.62392283103183,0.2642654947637176,1
406,13.533333333333331,Participant4_LS_SlSl,Endomorph,Normal,slouch,1.0,0.0,0.0,-0.1744024666897583,-47.20639326293409,0.2544700605039795,1
407,13.566666666666666,Participant4_LS_SlSl,Endomorph,Normal,slouch,1.0,0.0,0.0,-0.1364297947649523,-45.254192784059,0.2689068455007544,1
408,13.6,Participant4_LS_SlSl,Endomorph,Normal,slouch,1.0,0.0,0.0,-0.1485581074678376,-45.1919317100698,0.249696223127713,1
409,13.633333333333333,Participant4_LS_SlSl,Endomorph,Normal,slouch,1.0,0.0,0.0,-0.1173285471120903,-48.02244459831656,0.2119483265050734,1
410,13.666666666666666,Participant4_LS_SlSl,Endomorph,Normal,slouch,1.0,0.0,0.0,-0.0992387769913767,-49.89079789070184,0.2228925731527043,1
411,13.7,Participant4_LS_SlSl,Endomorph,Normal,slouch,1.0,0.0,0.0,-0.1111067856690193,-46.4663440293344,0.2737792493525636,1
412,13.733333333333333,Participant4_LS_SlSl,Endomorph,Normal,slouch,1.0,0.0,0.0,-0.0867868039693547,-49.98187959931083,0.2368635029464033,1
413,13.766666666666667,Participant4_LS_SlSl,Endomorph,Normal,slouch,1.0,0.0,0.0,-0.1106671236225746,-48.93000705431469,0.2310641794395243,1
414,13.8,Participant4_LS_SlSl,Endomorph,Normal,slouch,1.0,0.0,0.0,-0.1056685897140269,-47.83952696568899,0.253668097690326,1
415,13.833333333333334,Participant4_LS_SlSl,Endomorph,Normal,slouch,1.0,0.0,0.0,-0.1181365704484203,-47.31038118683795,0.2472919656134428,1
416,13.866666666666667,Participant4_LS_SlSl,Endomorph,Normal,slouch,1.0,0.0,0.0,-0.1356978360767142,-47.81413595513505,0.2487705032576571,1
417,13.9,Participant4_LS_SlSl,Endomorph,Normal,slouch,1.0,0.0,0.0,-0.099065666052818,-49.66515437597416,0.2252318200646881,1
418,13.933333333333334,Participant4_LS_SlSl,Endomorph,Normal,slouch,1.0,0.0,0.0,-0.1032066188318961,-49.48153191296725,0.2411608553388522,1
419,13.966666666666669,Participant4_LS_SlSl,Endomorph,Normal,slouch,1.0,0.0,0.0,-0.1089829957275728,-49.06853777592092,0.2339979878502574,1
420,14.0,Participant4_LS_SlSl,Endomorph,Normal,slouch,1.0,0.0,0.0,-0.1054749289848112,-47.82920445827595,0.2454903727641565,1
421,14.033333333333331,Participant4_LS_SlSl,Endomorph,Normal,slouch,1.0,0.0,0.0,-0.1231852197111013,-49.902481630404914,0.2253078397899927,1
422,14.066666666666666,Participant4_LS_SlSl,Endomorph,Normal,slouch,1.0,0.0,0.0,-0.1081899925080068,-47.76320667149305,0.2588216730441749,1
423,14.1,Participant4_LS_SlSl,Endomorph,Normal,slouch,1.0,0.0,0.0,-0.1067164004896462,-50.091772173225024,0.2095625567460068,1
424,14.133333333333333,Participant4_LS_SlSl,Endomorph,Normal,slouch,1.0,0.0,0.0,-0.0919871159182075,-50.17479602278036,0.2149247739091754,1
425,14.166666666666666,Participant4_LS_SlSl,Endomorph,Normal,slouch,1.0,0.0,0.0,-0.1216377253980263,-49.33550022059999,0.1878709231325045,1
426,14.2,Participant4_LS_SlSl,Endomorph,Normal,slouch,1.0,0.0,0.0,-0.1127894825505234,-51.17165741196408,0.225313203763484,1
427,14.233333333333333,Participant4_LS_SlSl,Endomorph,Normal,slouch,1.0,0.0,0.0,-0.1103057870440639,-48.51124563846084,0.2042974437547408,1
428,14.266666666666667,Participant4_LS_SlSl,Endomorph,Normal,slouch,1.0,0.0,0.0,-0.1349428178745321,-48.20474471547895,0.2560385422763315,1
429,14.3,Participant4_LS_SlSl,Endomorph,Normal,slouch,1.0,0.0,0.0,-0.1349773895979933,-46.32917730809214,0.2251331383522069,1
430,14.333333333333334,Participant4_LS_SlSl,Endomorph,Normal,slouch,1.0,0.0,0.0,-0.1052346712002328,-49.69102563475555,0.2429478173917276,1
431,14.366666666666667,Participant4_LS_SlSl,Endomorph,Normal,slouch,1.0,0.0,0.0,-0.1012752895944514,-50.090843539880375,0.243979194499105,1
432,14.4,Participant4_LS_SlSl,Endomorph,Normal,slouch,1.0,0.0,0.0,-0.1174874207482292,-49.62016393707193,0.2135967845490664,1
433,14.433333333333334,Participant4_LS_SlSl,Endomorph,Normal,slouch,1.0,0.0,0.0,-0.1029853036780741,-49.96973305378373,0.2294049602191305,1
434,14.466666666666669,Participant4_LS_SlSl,Endomorph,Normal,slouch,1.0,0.0,0.0,-0.0940549188748059,-50.26166149663582,0.2323602239377582,1
435,14.5,Participant4_LS_SlSl,Endomorph,Normal,slouch,1.0,0.0,0.0,-0.1039118410250304,-50.86125253729921,0.2122845900751254,1
436,14.533333333333331,Participant4_LS_SlSl,Endomorph,Normal,slouch,1.0,0.0,0.0,-0.1034161792352382,-46.38516157035252,0.2479712520334555,1
437,14.566666666666666,Participant4_LS_SlSl,Endomorph,Normal,slouch,1.0,0.0,0.0,-0.1420280283415744,-50.398707334910014,0.2276497529050294,1
438,14.6,Participant4_LS_SlSl,Endomorph,Normal,slouch,1.0,0.0,0.0,-0.1264063513178007,-48.141686667993845,0.2464275611604799,1
439,14.633333333333333,Participant4_LS_SlSl,Endomorph,Normal,slouch,1.0,0.0,0.0,-0.113814974803768,-48.46527623960117,0.2717709275703985,1
440,14.666666666666666,Participant4_LS_SlSl,Endomorph,Normal,slouch,1.0,0.0,0.0,-0.0939091341717651,-50.50943633068363,0.2220751958081086,1
441,14.7,Participant4_LS_SlSl,Endomorph,Normal,slouch,1.0,0.0,0.0,-0.090033954401158,-49.73330045129822,0.2400560536461222,1
442,14.733333333333333,Participant4_LS_SlSl,Endomorph,Normal,slouch,1.0,0.0,0.0,-0.1140768633560247,-47.13557182706464,0.2534678806199691,1
443,14.766666666666667,Participant4_LS_SlSl,Endomorph,Normal,slouch,1.0,0.0,0.0,-0.1055934732438215,-46.831038116041455,0.2614424750134131,1
444,14.8,Participant4_LS_SlSl,Endomorph,Normal,slouch,1.0,0.0,0.0,-0.1022387325947573,-49.398500418816695,0.2551719448660665,1
445,14.833333333333334,Participant4_LS_SlSl,Endomorph,Normal,slouch,1.0,0.0,0.0,-0.1172048276708253,-49.360196220682575,0.212360894479735,1
446,14.866666666666667,Participant4_LS_SlSl,Endomorph,Normal,slouch,1.0,0.0,0.0,-0.1227650013730274,-49.13106956087572,0.2451352919989917,1
447,14.9,Participant4_LS_SlSl,Endomorph,Normal,slouch,1.0,0.0,0.0,-0.102325198746415,-50.89710694676688,0.2254399888962238,1
448,14.933333333333334,Participant4_LS_SlSl,Endomorph,Normal,slouch,1.0,0.0,0.0,-0.0852528961504613,-47.84179225556005,0.2385057921055623,1
449,14.966666666666669,Participant4_LS_SlSl,Endomorph,Normal,slouch,1.0,0.0,0.0,-0.0866887529690123,-50.74443368946935,0.2266569698793586,1
450,15.0,Participant4_LS_SlSl,Endomorph,Normal,slouch,1.0,0.0,0.0,-0.0995850360041465,-49.54439025858176,0.2342454035321676,1
451,15.033333333333331,Participant4_LS_SlSl,Endomorph,Normal,slouch,1.0,0.0,0.0,-0.1033428535757142,-48.26115540246685,0.2210906338725255,1
452,15.066666666666666,Participant4_LS_SlSl,Endomorph,Normal,slouch,1.0,0.0,0.0,-0.0858680918975461,-48.859264312252215,0.2288544113103052,1
453,15.1,Participant4_LS_SlSl,Endomorph,Normal,slouch,1.0,0.0,0.0,-0.0903303445846057,-49.9359850144782,0.2192127856224552,1
454,15.133333333333333,Participant4_LS_SlSl,Endomorph,Normal,slouch,1.0,0.0,0.0,-0.1152404842198466,-48.55636947185101,0.2416208919998231,1
455,15.166666666666666,Participant4_LS_SlSl,Endomorph,Normal,slouch,1.0,0.0,0.0,-0.118568028381997,-49.249448551107335,0.2088101984736269,1
456,15.2,Participant4_LS_SlSl,Endomorph,Normal,slouch,1.0,0.0,0.0,-0.1103085578239914,-50.315071099645714,0.2266959899906663,1
457,15.233333333333333,Participant4_LS_SlSl,Endomorph,Normal,slouch,1.0,0.0,0.0,-0.1356083055167454,-50.925838241426696,0.2246486052763185,1
458,15.266666666666667,Participant4_LS_SlSl,Endomorph,Normal,slouch,1.0,0.0,0.0,-0.1021647003524446,-50.40162447069809,0.2269591110811026,1
459,15.3,Participant4_LS_SlSl,Endomorph,Normal,slouch,1.0,0.0,0.0,-0.1258411756665898,-48.48956383874307,0.2369731108285592,1
460,15.333333333333334,Participant4_LS_SlSl,Endomorph,Normal,slouch,1.0,0.0,0.0,-0.1189815704822032,-48.55400241802934,0.2509909052254855,1
461,15.366666666666667,Participant4_LS_SlSl,Endomorph,Normal,slouch,1.0,0.0,0.0,-0.1368404596152943,-49.35695893585218,0.2383444641654511,1
462,15.4,Participant4_LS_SlSl,Endomorph,Normal,slouch,1.0,0.0,0.0,-0.143057601055395,-49.209169947958806,0.2282454630806631,1
463,15.433333333333334,Participant4_LS_SlSl,Endomorph,Normal,slouch,1.0,0.0,0.0,-0.1054513830222659,-51.190465569414215,0.2500587140701745,1
464,15.466666666666669,Participant4_LS_SlSl,Endomorph,Normal,slouch,1.0,0.0,0.0,-0.1245819052496011,-49.42873764026906,0.2206942757116219,1
465,15.5,Participant4_LS_SlSl,Endomorph,Normal,slouch,1.0,0.0,0.0,-0.0962117571619252,-47.624321301442286,0.2624406311983142,1
466,15.533333333333331,Participant4_LS_SlSl,Endomorph,Normal,slouch,1.0,0.0,0.0,-0.0813714474860816,-48.92840636779285,0.2461736636784549,1
467,15.566666666666666,Participant4_LS_SlSl,Endomorph,Normal,slouch,1.0,0.0,0.0,-0.1099702239868287,-49.64481886685166,0.2260106481870621,1
468,15.6,Participant4_LS_SlSl,Endomorph,Normal,slouch,1.0,0.0,0.0,-0.096694531806848,-48.919730638897576,0.1858189245329702,1
469,15.633333333333333,Participant4_LS_SlSl,Endomorph,Normal,slouch,1.0,0.0,0.0,-0.0721670346578899,-50.5140988837885,0.2440958176464773,1
470,15.666666666666666,Participant4_LS_SlSl,Endomorph,Normal,slouch,1.0,0.0,0.0,-0.1219812188782699,-50.412151445799566,0.2371323247003369,1
471,15.7,Participant4_LS_SlSl,Endomorph,Normal,slouch,1.0,0.0,0.0,-0.1103736131757637,-49.891422424204144,0.2272271377116666,1
472,15.733333333333333,Participant4_LS_SlSl,Endomorph,Normal,slouch,1.0,0.0,0.0,-0.12801068157603,-49.21128243191187,0.2331738343394291,1
473,15.766666666666667,Participant4_LS_SlSl,Endomorph,Normal,slouch,1.0,0.0,0.0,-0.1116121531237239,-49.16255073185784,0.2243018069098152,1
474,15.8,Participant4_LS_SlSl,Endomorph,Normal,slouch,1.0,0.0,0.0,-0.1224144036609038,-50.51408153931122,0.2338552189475512,1
475,15.833333333333334,Participant4_LS_SlSl,Endomorph,Normal,slouch,1.0,0.0,0.0,-0.092218202048645,-50.93564847444139,0.2358596680034163,1
476,15.866666666666667,Participant4_LS_SlSl,Endomorph,Normal,slouch,1.0,0.0,0.0,-0.0976605812051074,-51.02455598107399,0.2239305196135965,1
477,15.9,Participant4_LS_SlSl,Endomorph,Normal,slouch,1.0,0.0,0.0,-0.116025239465109,-49.40851190310463,0.2644958673111001,1
478,15.933333333333334,Participant4_LS_SlSl,Endomorph,Normal,slouch,1.0,0.0,0.0,-0.1351062285591693,-49.975898750445175,0.2149102462096229,1
479,15.966666666666669,Participant4_LS_SlSl,Endomorph,Normal,slouch,1.0,0.0,0.0,-0.1054018795103737,-51.65932860821894,0.2144275323030446,1
480,16.0,Participant4_LS_SlSl,Endomorph,Normal,slouch,1.0,0.0,0.0,-0.1330382294622549,-49.798839965857695,0.2225328123488429,1
481,16.033333333333335,Participant4_LS_SlSl,Endomorph,Normal,slouch,1.0,0.0,0.0,-0.0979329294067875,-50.16282939184749,0.2249502946826701,1
482,16.066666666666666,Participant4_LS_SlSl,Endomorph,Normal,slouch,1.0,0.0,0.0,-0.098127313445556,-48.36242502779734,0.2424005485978318,1
483,16.1,Participant4_LS_SlSl,Endomorph,Normal,slouch,1.0,0.0,0.0,-0.1102292167949002,-46.3672974826943,0.2187668523680766,1
484,16.133333333333333,Participant4_LS_SlSl,Endomorph,Normal,slouch,1.0,0.0,0.0,-0.0647576458320916,-50.2553589748866,0.2863651981856631,1
485,16.166666666666668,Participant4_LS_SlSl,Endomorph,Normal,slouch,1.0,0.0,0.0,-0.1031920202523192,-47.80708196184237,0.2237339154688578,1
486,16.2,Participant4_LS_SlSl,Endomorph,Normal,slouch,1.0,0.0,0.0,-0.0894357010624924,-49.84631777030195,0.2082413428792814,1
487,16.233333333333334,Participant4_LS_SlSl,Endomorph,Normal,slouch,1.0,0.0,0.0,-0.1071213926587162,-46.9061960616006,0.2365140702235597,1
488,16.266666666666666,Participant4_LS_SlSl,Endomorph,Normal,slouch,1.0,0.0,0.0,-0.0928261891569409,-48.68039699566815,0.2365589148847987,1
489,16.3,Participant4_LS_SlSl,Endomorph,Normal,slouch,1.0,0.0,0.0,-0.0838087252152897,-50.55706974275239,0.2319226946526683,1
490,16.333333333333332,Participant4_LS_SlSl,Endomorph,Normal,slouch,1.0,0.0,0.0,-0.1071572131810001,-50.72820059883594,0.2208539300650077,1
491,16.366666666666667,Participant4_LS_SlSl,Endomorph,Normal,slouch,1.0,0.0,0.0,-0.075330280515757,-51.02094580242328,0.2351237479226785,1
492,16.4,Participant4_LS_SlSl,Endomorph,Normal,slouch,1.0,0.0,0.0,-0.0922591756714238,-49.645014039047695,0.2395882999758515,1
493,16.433333333333334,Participant4_LS_SlSl,Endomorph,Normal,slouch,1.0,0.0,0.0,-0.0884036391829199,-51.88866526333661,0.2103795550489698,1
494,16.466666666666665,Participant4_LS_SlSl,Endomorph,Normal,slouch,1.0,0.0,0.0,-0.0906903329306429,-50.85557575445404,0.2164733388581722,1
495,16.5,Participant4_LS_SlSl,Endomorph,Normal,slouch,1.0,0.0,0.0,-0.074904104842993,-50.68103144598192,0.2402177677534631,1
496,16.533333333333335,Participant4_LS_SlSl,Endomorph,Normal,slouch,1.0,0.0,0.0,-0.0884272536315592,-50.536330038716905,0.2045362425269971,1
497,16.566666666666666,Participant4_LS_SlSl,Endomorph,Normal,slouch,1.0,0.0,0.0,-0.0927328499096749,-51.21364367942718,0.2114989765222155,1
498,16.6,Participant4_LS_SlSl,Endomorph,Normal,slouch,1.0,0.0,0.0,-0.1068789392984486,-50.97825736072735,0.207817783723239,1
499,16.633333333333333,Participant4_LS_SlSl,Endomorph,Normal,slouch,1.0,0.0,0.0,-0.1164463522987349,-49.55625576630223,0.2472683197333791,1
500,16.666666666666668,Participant4_LS_SlSl,Endomorph,Normal,slouch,1.0,0.0,0.0,-0.1118960909920962,-51.87796284364654,0.2259500209027681,1
501,16.7,Participant4_LS_SlSl,Endomorph,Normal,slouch,1.0,0.0,0.0,-0.0961473764212122,-48.893132973375856,0.2108812421443872,1
502,16.733333333333334,Participant4_LS_SlSl,Endomorph,Normal,slouch,1.0,0.0,0.0,-0.0910783106961168,-50.14825215718849,0.2045671374831341,1
503,16.766666666666666,Participant4_LS_SlSl,Endomorph,Normal,slouch,1.0,0.0,0.0,-0.1066037552822221,-48.09088341488578,0.2489112261030687,1
504,16.8,Participant4_LS_SlSl,Endomorph,Normal,slouch,1.0,0.0,0.0,-0.0914316793645046,-50.96061058162572,0.207171395798637,1
505,16.833333333333332,Participant4_LS_SlSl,Endomorph,Normal,slouch,1.0,0.0,0.0,-0.1289790668247206,-49.51648087902639,0.224505868533821,1
506,16.866666666666667,Participant4_LS_SlSl,Endomorph,Normal,slouch,1.0,0.0,0.0,-0.1180261994893325,-50.74047990143151,0.2328848260164712,1
507,16.9,Participant4_LS_SlSl,Endomorph,Normal,slouch,1.0,0.0,0.0,-0.1011923234637448,-50.12790170042157,0.2173435621153227,1
508,16.933333333333334,Participant4_LS_SlSl,Endomorph,Normal,slouch,1.0,0.0,0.0,-0.1029160507738363,-48.63596589385055,0.2116783651204115,1
509,16.966666666666665,Participant4_LS_SlSl,Endomorph,Normal,slouch,1.0,0.0,0.0,-0.1021760721414958,-49.01943702259074,0.2875536013182714,1
510,17.0,Participant4_LS_SlSl,Endomorph,Normal,slouch,1.0,0.0,0.0,-0.1102954932786447,-49.79252619431682,0.2250276706916847,1
511,17.033333333333335,Participant4_LS_SlSl,Endomorph,Normal,slouch,1.0,0.0,0.0,-0.089538028462275,-48.434755817672446,0.2381630172220372,1
512,17.066666666666666,Participant4_LS_SlSl,Endomorph,Normal,slouch,1.0,0.0,0.0,-0.0724993313243766,-49.40213339830528,0.2728279466181038,1
513,17.1,Participant4_LS_SlSl,Endomorph,Normal,slouch,1.0,0.0,0.0,-0.0803005651830944,-50.1514097618621,0.2323096699021086,1
514,17.133333333333333,Participant4_LS_SlSl,Endomorph,Normal,slouch,1.0,0.0,0.0,-0.0928466822729722,-49.89703386820842,0.2294368642497905,1
515,17.166666666666668,Participant4_LS_SlSl,Endomorph,Normal,slouch,1.0,0.0,0.0,-0.0724883676976216,-47.74971204859396,0.2691757457458765,1
516,17.2,Participant4_LS_SlSl,Endomorph,Normal,slouch,1.0,0.0,0.0,-0.0813208224235358,-50.8015317732054,0.2237255013175498,1
517,17.233333333333334,Participant4_LS_SlSl,Endomorph,Normal,slouch,1.0,0.0,0.0,-0.0780724459585815,-50.19992883756956,0.2244177934728956,1
518,17.266666666666666,Participant4_LS_SlSl,Endomorph,Normal,slouch,1.0,0.0,0.0,-0.1118750077282416,-47.34470371377317,0.2630718776696243,1
519,17.3,Participant4_LS_SlSl,Endomorph,Normal,slouch,1.0,0.0,0.0,-0.1173766643771246,-49.828996118889926,0.2235775492832343,1
520,17.333333333333332,Participant4_LS_SlSl,Endomorph,Normal,slouch,1.0,0.0,0.0,-0.0991252702100711,-48.58805760409808,0.2354799193481765,1
521,17.366666666666667,Participant4_LS_SlSl,Endomorph,Normal,slouch,1.0,0.0,0.0,-0.0786998474850627,-50.03700120679797,0.2354171549751991,1
522,17.4,Participant4_LS_SlSl,Endomorph,Normal,slouch,1.0,0.0,0.0,-0.0944175356058154,-51.65074321985593,0.2127317846671565,1
523,17.433333333333334,Participant4_LS_SlSl,Endomorph,Normal,slouch,1.0,0.0,0.0,-0.0992063040356636,-52.44457794801917,0.2101924680867934,1
524,17.466666666666665,Participant4_LS_SlSl,Endomorph,Normal,slouch,1.0,0.0,0.0,-0.1192141570598696,-50.48956755702298,0.2079377480777392,1
525,17.5,Participant4_LS_SlSl,Endomorph,Normal,slouch,1.0,0.0,0.0,-0.1229141045454019,-49.73931273773267,0.208881173173451,1
526,17.533333333333335,Participant4_LS_SlSl,Endomorph,Normal,slouch,1.0,0.0,0.0,-0.080593111012389,-51.2209886617375,0.2260325602531382,1
527,17.566666666666666,Participant4_LS_SlSl,Endomorph,Normal,slouch,1.0,0.0,0.0,-0.1103471192647508,-46.927741193908105,0.2423965790829991,1
528,17.6,Participant4_LS_SlSl,Endomorph,Normal,slouch,1.0,0.0,0.0,-0.1020409636507265,-49.8196876106429,0.2333373963427806,1
529,17.633333333333333,Participant4_LS_SlSl,Endomorph,Normal,slouch,1.0,0.0,0.0,-0.1066513470631084,-47.30630594658124,0.238215332312517,1
530,17.666666666666668,Participant4_LS_SlSl,Endomorph,Normal,slouch,1.0,0.0,0.0,-0.1045912872196561,-47.751568918300194,0.2425858382863646,1
531,17.7,Participant4_LS_SlSl,Endomorph,Normal,slouch,1.0,0.0,0.0,-0.0710137523028759,-52.42771886428858,0.1980700967030745,1
532,17.733333333333334,Participant4_LS_SlSl,Endomorph,Normal,slouch,1.0,0.0,0.0,-0.07888602608557,-50.49985014903927,0.2283512908261139,1
533,17.766666666666666,Participant4_LS_SlSl,Endomorph,Normal,slouch,1.0,0.0,0.0,-0.0979530473080005,-47.40737862153372,0.2491632475011773,1
534,17.8,Participant4_LS_SlSl,Endomorph,Normal,slouch,1.0,0.0,0.0,-0.0800015886164824,-47.48962376542977,0.2342363145957013,1
535,17.833333333333332,Participant4_LS_SlSl,Endomorph,Normal,slouch,1.0,0.0,0.0,-0.077622763657015,-49.76087842093593,0.2535535265820576,1
536,17.866666666666667,Participant4_LS_SlSl,Endomorph,Normal,slouch,1.0,0.0,0.0,-0.091373107028139,-50.071042130810255,0.2282872940921813,1
537,17.9,Participant4_LS_SlSl,Endomorph,Normal,slouch,1.0,0.0,0.0,-0.067227487727498,-51.35198768720033,0.2288770740273376,1
538,17.933333333333334,Participant4_LS_SlSl,Endomorph,Normal,slouch,1.0,0.0,0.0,-0.0808195160132888,-51.49528401512624,0.1999443369360308,1
539,17.966666666666665,Participant4_LS_SlSl,Endomorph,Normal,slouch,1.0,0.0,0.0,-0.0718821562513602,-52.1849264411599,0.2102624381531752,1
540,18.0,Participant4_LS_SlSl,Endomorph,Normal,slouch,1.0,0.0,0.0,-0.0833916253556343,-49.83391140288799,0.2389961123709751,1
541,18.03333333333333,Participant4_LS_SlSl,Endomorph,Normal,slouch,1.0,0.0,0.0,-0.083575724441605,-49.85261254944798,0.2550549550034457,1
542,18.066666666666663,Participant4_LS_SlSl,Endomorph,Normal,slouch,1.0,0.0,0.0,-0.0837598235275758,-49.0911520846999,0.2514195031196501,1
543,18.1,Participant4_LS_SlSl,Endomorph,Normal,slouch,1.0,0.0,0.0,-0.0839439226135466,-47.5581557207654,0.2480888750234823,1
544,18.133333333333333,Participant4_LS_SlSl,Endomorph,Normal,slouch,1.0,0.0,0.0,-0.0468091518705156,-49.7723955588471,0.2604105356184746,1
545,18.166666666666668,Participant4_LS_SlSl,Endomorph,Normal,slouch,1.0,0.0,0.0,-0.0896524360083977,-49.66121042885109,0.2115410064173209,1
546,18.2,Participant4_LS_SlSl,Endomorph,Normal,slouch,1.0,0.0,0.0,-0.0631770548378702,-50.95953277641161,0.2508334535489581,1
547,18.23333333333333,Participant4_LS_SlSl,Endomorph,Normal,slouch,1.0,0.0,0.0,-0.099334117785258,-50.66454983771801,0.2408801371758208,1
548,18.266666666666666,Participant4_LS_SlSl,Endomorph,Normal,slouch,1.0,0.0,0.0,-0.1221719313230942,-48.5862958675081,0.2510098821607678,1
549,18.3,Participant4_LS_SlSl,Endomorph,Normal,slouch,1.0,0.0,0.0,-0.1077410194521559,-50.90811809351518,0.2548240299966068,1
550,18.33333333333333,Participant4_LS_SlSl,Endomorph,Normal,slouch,1.0,0.0,0.0,-0.1202461589130596,-47.79529458134324,0.2469132747305411,1
551,18.366666666666667,Participant4_LS_SlSl,Endomorph,Normal,slouch,1.0,0.0,0.0,-0.1102231002341685,-51.11872826928101,0.2188640370732627,1
552,18.4,Participant4_LS_SlSl,Endomorph,Normal,slouch,1.0,0.0,0.0,-0.1120344888583794,-50.341962693946805,0.2334938882427353,1
553,18.433333333333334,Participant4_LS_SlSl,Endomorph,Normal,slouch,1.0,0.0,0.0,-0.1128633703728212,-50.80546341452156,0.2175912522745689,1
554,18.466666666666665,Participant4_LS_SlSl,Endomorph,Normal,slouch,1.0,0.0,0.0,-0.1167392971825517,-51.090197362322655,0.21333289591416,1
555,18.5,Participant4_LS_SlSl,Endomorph,Normal,slouch,1.0,0.0,0.0,-0.0816529973739318,-51.52157843100596,0.2301114621310079,1
556,18.53333333333333,Participant4_LS_SlSl,Endomorph,Normal,slouch,1.0,0.0,0.0,-0.0867877137572934,-51.31054104097263,0.218932172133912,1
557,18.566666666666663,Participant4_LS_SlSl,Endomorph,Normal,slouch,1.0,0.0,0.0,-0.0919774498693332,-49.868206037498304,0.2384201673040316,1
558,18.6,Participant4_LS_SlSl,Endomorph,Normal,slouch,1.0,0.0,0.0,-0.0988836270834307,-49.24420083122974,0.2218342355199575,1
559,18.633333333333333,Participant4_LS_SlSl,Endomorph,Normal,slouch,1.0,0.0,0.0,-0.0937382341352822,-50.98680106219488,0.238254441613969,1
560,18.666666666666668,Participant4_LS_SlSl,Endomorph,Normal,slouch,1.0,0.0,0.0,-0.1116787969090017,-47.69670557715325,0.2604707502720764,1
561,18.7,Participant4_LS_SlSl,Endomorph,Normal,slouch,1.0,0.0,0.0,-0.1326865410142383,-49.05399384313197,0.2598586932570515,1
562,18.73333333333333,Participant4_LS_SlSl,Endomorph,Normal,slouch,1.0,0.0,0.0,-0.1085391007035871,-49.00854532176072,0.214794053738603,1
563,18.766666666666666,Participant4_LS_SlSl,Endomorph,Normal,slouch,1.0,0.0,0.0,-0.1279801632569279,-47.99482488124373,0.2456007965990495,1
564,18.8,Participant4_LS_SlSl,Endomorph,Normal,slouch,1.0,0.0,0.0,-0.133984412344108,-50.28580782368498,0.2078713530936765,1
565,18.83333333333333,Participant4_LS_SlSl,Endomorph,Normal,slouch,1.0,0.0,0.0,-0.1188060696463239,-47.80319635721259,0.2421428096518068,1
566,18.866666666666667,Participant4_LS_SlSl,Endomorph,Normal,slouch,1.0,0.0,0.0,-0.1393652949371032,-48.11351763243703,0.2409353309394715,1
567,18.9,Participant4_LS_SlSl,Endomorph,Normal,slouch,1.0,0.0,0.0,-0.1275977977914244,-49.27629907247445,0.2365386941375618,1
568,18.933333333333334,Participant4_LS_SlSl,Endomorph,Normal,slouch,1.0,0.0,0.0,-0.1347955149725964,-49.53337347584494,0.1998093627386097,1
569,18.966666666666665,Participant4_LS_SlSl,Endomorph,Normal,slouch,1.0,0.0,0.0,-0.100522505597678,-50.51553092002079,0.2361387888104353,1
570,19.0,Participant4_LS_SlSl,Endomorph,Normal,slouch,1.0,0.0,0.0,-0.1059572038670915,-50.07541695020613,0.2355361778090409,1
571,19.03333333333333,Participant4_LS_SlSl,Endomorph,Normal,slouch,1.0,0.0,0.0,-0.1248334335102877,-48.78102387130774,0.2183265186135079,1
572,19.066666666666663,Participant4_LS_SlSl,Endomorph,Normal,slouch,1.0,0.0,0.0,-0.0969779385626015,-49.65706726998827,0.235724042986701,1
573,19.1,Participant4_LS_SlSl,Endomorph,Normal,slouch,1.0,0.0,0.0,-0.1000707410252754,-51.1248429912053,0.2347651390466417,1
574,19.133333333333333,Participant4_LS_SlSl,Endomorph,Normal,slouch,1.0,0.0,0.0,-0.1494499338884262,-47.898272871601705,0.2273904543003393,1
575,19.166666666666668,Participant4_LS_SlSl,Endomorph,Normal,slouch,1.0,0.0,0.0,-0.1436832632844317,-50.04589851126442,0.2117771690543703,1
576,19.2,Participant4_LS_SlSl,Endomorph,Normal,slouch,1.0,0.0,0.0,-0.1190250164061956,-47.66435325743036,0.2427998183530081,1
577,19.23333333333333,Participant4_LS_SlSl,Endomorph,Normal,slouch,1.0,0.0,0.0,-0.1374348414716489,-49.78633547139801,0.2346831281721476,1
578,19.266666666666666,Participant4_LS_SlSl,Endomorph,Normal,slouch,1.0,0.0,0.0,-0.1105308314262267,-51.69408095931156,0.2297338724026087,1
579,19.3,Participant4_LS_SlSl,Endomorph,Normal,slouch,1.0,0.0,0.0,-0.1132595594631158,-49.23041164717057,0.2415174595730708,1
580,19.33333333333333,Participant4_LS_SlSl,Endomorph,Normal,slouch,1.0,0.0,0.0,-0.1125904470610847,-49.64383822333059,0.2335447185631765,1
581,19.366666666666667,Participant4_LS_SlSl,Endomorph,Normal,slouch,1.0,0.0,0.0,-0.1321132443118897,-49.81061459509804,0.2399544021152631,1
582,19.4,Participant4_LS_SlSl,Endomorph,Normal,slouch,1.0,0.0,0.0,-0.1507305718158494,-48.64080024666539,0.257394611371188,1
583,19.433333333333334,Participant4_LS_SlSl,Endomorph,Normal,slouch,1.0,0.0,0.0,-0.1301842562742997,-50.480279771316674,0.2479332004378987,1
584,19.466666666666665,Participant4_LS_SlSl,Endomorph,Normal,slouch,1.0,0.0,0.0,-0.1154190399673787,-49.17396937795583,0.2442421868337638,1
585,19.5,Participant4_LS_SlSl,Endomorph,Normal,slouch,1.0,0.0,0.0,-0.1223748296263917,-48.160418848114496,0.2179176028344484,1
586,19.53333333333333,Participant4_LS_SlSl,Endomorph,Normal,slouch,1.0,0.0,0.0,-0.1027935493602911,-51.36478172664742,0.2058692729648828,1
587,19.566666666666663,Participant4_LS_SlSl,Endomorph,Normal,slouch,1.0,0.0,0.0,-0.09381260886095,-52.960693935604574,0.2147276538744824,1
588,19.6,Participant4_LS_SlSl,Endomorph,Normal,slouch,1.0,0.0,0.0,-0.1381376966374318,-50.789197827959605,0.2254455350386003,1
589,19.633333333333333,Participant4_LS_SlSl,Endomorph,Normal,slouch,1.0,0.0,0.0,-0.1310766721462555,-50.69973087939682,0.2456997184349512,1
590,19.666666666666668,Participant4_LS_SlSl,Endomorph,Normal,slouch,1.0,0.0,0.0,-0.1092233905133409,-51.77655220906664,0.218456736708014,1
591,19.7,Participant4_LS_SlSl,Endomorph,Normal,slouch,1.0,0.0,0.0,-0.1050156114946602,-51.785283844898544,0.2162551229564014,1
592,19.73333333333333,Participant4_LS_SlSl,Endomorph,Normal,slouch,1.0,0.0,0.0,-0.1313142724335425,-50.59697949063015,0.2414942642325811,1
593,19.766666666666666,Participant4_LS_SlSl,Endomorph,Normal,slouch,1.0,0.0,0.0,-0.1341843759089777,-48.80217525093923,0.238389818373007,1
594,19.8,Participant4_LS_SlSl,Endomorph,Normal,slouch,1.0,0.0,0.0,-0.0792572033312663,-51.2191276155345,0.2252530024474341,1
595,19.83333333333333,Participant4_LS_SlSl,Endomorph,Normal,slouch,1.0,0.0,0.0,-0.1110817505956719,-48.56392144073276,0.2158982857985171,1
596,19.866666666666667,Participant4_LS_SlSl,Endomorph,Normal,slouch,1.0,0.0,0.0,-0.1043889486065707,-50.93095173382536,0.2024342648783567,1
597,19.9,Participant4_LS_SlSl,Endomorph,Normal,slouch,1.0,0.0,0.0,-0.0975986130987904,-51.93773366784226,0.2243100331475977,1
598,19.933333333333334,Participant4_LS_SlSl,Endomorph,Normal,slouch,1.0,0.0,0.0,-0.1162144901840604,-52.57603671479816,0.2293280148984381,1
599,19.966666666666665,Participant4_LS_SlSl,Endomorph,Normal,slouch,1.0,0.0,0.0,-0.122108671175853,-51.86752162383654,0.2299943831544456,1
600,20.0,Participant4_LS_SlSl,Endomorph,Normal,slouch,1.0,0.0,0.0,-0.1117570660693249,-50.914644935848166,0.211672086924797,1
601,20.03333333333333,Participant4_LS_SlSl,Endomorph,Normal,slouch,1.0,0.0,0.0,-0.1117662534046682,-50.94821873706213,0.2180578778510546,1
602,20.066666666666663,Participant4_LS_SlSl,Endomorph,Normal,slouch,1.0,0.0,0.0,-0.1256172744713134,-50.52222370726014,0.219878253422814,1
603,20.1,Participant4_LS_SlSl,Endomorph,Normal,slouch,1.0,0.0,0.0,-0.1058210602871886,-50.77715717532296,0.252269262804442,1
604,20.133333333333333,Participant4_LS_SlSl,Endomorph,Normal,slouch,1.0,0.0,0.0,-0.1092544652736272,-49.603520911293664,0.233524022667323,1
605,20.166666666666668,Participant4_LS_SlSl,Endomorph,Normal,slouch,1.0,0.0,0.0,-0.114630171472442,-48.02820968634581,0.2451074652375944,1
606,20.2,Participant4_LS_SlSl,Endomorph,Normal,slouch,1.0,0.0,0.0,-0.10313882623785,-49.40166549618062,0.2339148179295567,1
607,20.23333333333333,Participant4_LS_SlSl,Endomorph,Normal,slouch,1.0,0.0,0.0,-0.1268160964028565,-50.40843480041882,0.2132068529332769,1
608,20.266666666666666,Participant4_LS_SlSl,Endomorph,Normal,slouch,1.0,0.0,0.0,-0.1341639853406758,-46.38010601407576,0.2491701078849829,1
609,20.3,Participant4_LS_SlSl,Endomorph,Normal,slouch,1.0,0.0,0.0,-0.1432563165145077,-46.52727754217447,0.2453449809881108,1
610,20.33333333333333,Participant4_LS_SlSl,Endomorph,Normal,slouch,1.0,0.0,0.0,-0.1577092842811506,-48.57988060032667,0.2188015692278261,1
611,20.366666666666667,Participant4_LS_SlSl,Endomorph,Normal,slouch,1.0,0.0,0.0,-0.1403009000920939,-49.40175378773152,0.2288979702837784,1
612,20.4,Participant4_LS_SlSl,Endomorph,Normal,slouch,1.0,0.0,0.0,-0.1739640157976338,-49.58239634056464,0.2069701068811016,1
613,20.433333333333334,Participant4_LS_SlSl,Endomorph,Normal,slouch,1.0,0.0,0.0,-0.1323311029010498,-50.445130763694536,0.2075851985871836,1
614,20.466666666666665,Participant4_LS_SlSl,Endomorph,Normal,slouch,1.0,0.0,0.0,-0.1570832170221278,-48.61157106143911,0.2412563238643819,1
615,20.5,Participant4_LS_SlSl,Endomorph,Normal,slouch,1.0,0.0,0.0,-0.1576416944496148,-49.1392776973435,0.2062054089241469,1
616,20.53333333333333,Participant4_LS_SlSl,Endomorph,Normal,slouch,1.0,0.0,0.0,-0.1745217165115913,-46.11919729851248,0.2258539911033901,1
617,20.566666666666663,Participant4_LS_SlSl,Endomorph,Normal,slouch,1.0,0.0,0.0,-0.1412523424483303,-50.517186609018246,0.20135596601271,1
618,20.6,Participant4_LS_SlSl,Endomorph,Normal,slouch,1.0,0.0,0.0,-0.1545415530767034,-46.7227490395123,0.205514600182769,1
619,20.633333333333333,Participant4_LS_SlSl,Endomorph,Normal,slouch,1.0,0.0,0.0,-0.1519209007804117,-47.14791424695648,0.2714798676427417,1
620,20.666666666666668,Participant4_LS_SlSl,Endomorph,Normal,slouch,1.0,0.0,0.0,-0.1711345470808339,-49.776682663967655,0.2068022758263256,1
621,20.7,Participant4_LS_SlSl,Endomorph,Normal,slouch,1.0,0.0,0.0,-0.1671747629384311,-49.61975214074292,0.2127670036106177,1
622,20.73333333333333,Participant4_LS_SlSl,Endomorph,Normal,slouch,1.0,0.0,0.0,-0.1800567187159962,-49.532570103697005,0.1964686800951842,1
623,20.766666666666666,Participant4_LS_SlSl,Endomorph,Normal,slouch,1.0,0.0,0.0,-0.1584535046099442,-47.41095075772527,0.2480301333945788,1
624,20.8,Participant4_LS_SlSl,Endomorph,Normal,slouch,1.0,0.0,0.0,-0.1503459192966605,-47.49515538972111,0.247370201611149,1
625,20.83333333333333,Participant4_LS_SlSl,Endomorph,Normal,slouch,1.0,0.0,0.0,-0.1290245851004235,-49.74051889037771,0.2270901132643362,1
626,20.866666666666667,Participant4_LS_SlSl,Endomorph,Normal,slouch,1.0,0.0,0.0,-0.1271916774933954,-49.41104806536805,0.2298575651722184,1
627,20.9,Participant4_LS_SlSl,Endomorph,Normal,slouch,1.0,0.0,0.0,-0.1341763089740442,-47.009392388142,0.2248037361877592,1
628,20.933333333333334,Participant4_LS_SlSl,Endomorph,Normal,slouch,1.0,0.0,0.0,-0.1165944302984255,-49.09809035573902,0.2444851033271237,1
629,20.966666666666665,Participant4_LS_SlSl,Endomorph,Normal,slouch,1.0,0.0,0.0,-0.1203601556417406,-48.91158356901437,0.2492841878290642,1
630,21.0,Participant4_LS_SlSl,Endomorph,Normal,slouch,1.0,0.0,0.0,-0.1268504615640096,-49.9660061305884,0.232976780182905,1
631,21.03333333333333,Participant4_LS_SlSl,Endomorph,Normal,slouch,1.0,0.0,0.0,-0.1535108360084733,-50.18824975164876,0.2274018445948527,1
632,21.066666666666663,Participant4_LS_SlSl,Endomorph,Normal,slouch,1.0,0.0,0.0,-0.1467325180043764,-48.8308350693644,0.2341228956584986,1
633,21.1,Participant4_LS_SlSl,Endomorph,Normal,slouch,1.0,0.0,0.0,-0.1371518118236241,-48.69672197698421,0.2449178506693638,1
634,21.133333333333333,Participant4_LS_SlSl,Endomorph,Normal,slouch,1.0,0.0,0.0,-0.1287313397230418,-47.52723118020853,0.2571437097468824,1
635,21.166666666666668,Participant4_LS_SlSl,Endomorph,Normal,slouch,1.0,0.0,0.0,-0.1215416861133821,-47.06670576075755,0.2622049218980049,1
636,21.2,Participant4_LS_SlSl,Endomorph,Normal,slouch,1.0,0.0,0.0,-0.1353274034179149,-47.73014787334136,0.2602975828692273,1
637,21.23333333333333,Participant4_LS_SlSl,Endomorph,Normal,slouch,1.0,0.0,0.0,-0.1305479343562712,-50.03638257376373,0.2194546764074722,1
638,21.266666666666666,Participant4_LS_SlSl,Endomorph,Normal,slouch,1.0,0.0,0.0,-0.1224198710190985,-50.28409256006904,0.2201284745962429,1
639,21.3,Participant4_LS_SlSl,Endomorph,Normal,slouch,1.0,0.0,0.0,-0.1326808765294161,-50.51149275510737,0.2324755916246597,1
640,21.33333333333333,Participant4_LS_SlSl,Endomorph,Normal,slouch,1.0,0.0,0.0,-0.1205512297628781,-49.94373223104389,0.2274017161825788,1
641,21.366666666666667,Participant4_LS_SlSl,Endomorph,Normal,slouch,1.0,0.0,0.0,-0.1130027496332826,-46.71037155625687,0.2618865183006371,1
642,21.4,Participant4_LS_SlSl,Endomorph,Normal,slouch,1.0,0.0,0.0,-0.1234237893153388,-50.6205663137711,0.2175308172078398,1
643,21.433333333333334,Participant4_LS_SlSl,Endomorph,Normal,slouch,1.0,0.0,0.0,-0.1097416495635978,-48.775278004770165,0.2417292890828987,1
644,21.466666666666665,Participant4_LS_SlSl,Endomorph,Normal,slouch,1.0,0.0,0.0,-0.1115048100341392,-48.59451014558181,0.2449029603657044,1
645,21.5,Participant4_LS_SlSl,Endomorph,Normal,slouch,1.0,0.0,0.0,-0.1067364363564111,-46.896355999415,0.262623888681176,1
646,21.53333333333333,Participant4_LS_SlSl,Endomorph,Normal,slouch,1.0,0.0,0.0,-0.1264829819666698,-49.43086302617291,0.2297707893125836,1
647,21.566666666666663,Participant4_LS_SlSl,Endomorph,Normal,slouch,1.0,0.0,0.0,-0.1201619824417167,-49.982831993439405,0.2274920575759537,1
648,21.6,Participant4_LS_SlSl,Endomorph,Normal,slouch,1.0,0.0,0.0,-0.1086223810606313,-50.28954723744573,0.2336072900825574,1
649,21.633333333333333,Participant4_LS_SlSl,Endomorph,Normal,slouch,1.0,0.0,0.0,-0.144300551344525,-50.08799585213637,0.2166901337025262,1
650,21.666666666666668,Participant4_LS_SlSl,Endomorph,Normal,slouch,1.0,0.0,0.0,-0.1189575286258969,-51.53204533252947,0.2357350931067853,1
651,21.7,Participant4_LS_SlSl,Endomorph,Normal,slouch,1.0,0.0,0.0,-0.1064989261471679,-50.29129535711044,0.2346849687914759,1
652,21.73333333333333,Participant4_LS_SlSl,Endomorph,Normal,slouch,1.0,0.0,0.0,-0.1392879150638903,-49.55637221165339,0.2325306930649505,1
653,21.766666666666666,Participant4_LS_SlSl,Endomorph,Normal,slouch,1.0,0.0,0.0,-0.15349889912403,-49.8304434866339,0.2149606027907227,1
654,21.8,Participant4_LS_SlSl,Endomorph,Normal,slouch,1.0,0.0,0.0,-0.1379884982888992,-49.50691310707704,0.2268485635321695,1
655,21.83333333333333,Participant4_LS_SlSl,Endomorph,Normal,slouch,1.0,0.0,0.0,-0.1458596838370116,-50.23797912094864,0.2188678495712983,1
656,21.866666666666667,Participant4_LS_SlSl,Endomorph,Normal,slouch,1.0,0.0,0.0,-0.1498166761950684,-49.13419266904351,0.2290165498568939,1
657,21.9,Participant4_LS_SlSl,Endomorph,Normal,slouch,1.0,0.0,0.0,-0.1419651537173497,-49.72667543213706,0.2242094346899506,1
658,21.933333333333334,Participant4_LS_SlSl,Endomorph,Normal,slouch,1.0,0.0,0.0,-0.1488683358644275,-49.58415153668641,0.2150472008532025,1
659,21.966666666666665,Participant4_LS_SlSl,Endomorph,Normal,slouch,1.0,0.0,0.0,-0.137152766386974,-50.200032382614125,0.2171526582914898,1
660,22.0,Participant4_LS_SlSl,Endomorph,Normal,slouch,1.0,0.0,0.0,-0.1156013501138176,-47.45397112244541,0.2470616185658771,1
661,22.03333333333333,Participant4_LS_SlSl,Endomorph,Normal,slouch,1.0,0.0,0.0,-0.1369497400836174,-47.04511333559791,0.2487328155873585,1
662,22.066666666666663,Participant4_LS_SlSl,Endomorph,Normal,slouch,1.0,0.0,0.0,-0.1128161336343666,-51.04300460375153,0.2134310578779774,1
663,22.1,Participant4_LS_SlSl,Endomorph,Normal,slouch,1.0,0.0,0.0,-0.1109739411157797,-49.15059447653557,0.2396321335774381,1
664,22.133333333333333,Participant4_LS_SlSl,Endomorph,Normal,slouch,1.0,0.0,0.0,-0.1186790516878195,-49.327199175707534,0.2348552920790169,1
665,22.166666666666668,Participant4_LS_SlSl,Endomorph,Normal,slouch,1.0,0.0,0.0,-0.0818188849749081,-50.852815215549214,0.2268480512529851,1
666,22.2,Participant4_LS_SlSl,Endomorph,Normal,slouch,1.0,0.0,0.0,-0.1460176764758767,-49.99127762341572,0.2260936075152299,1
667,22.23333333333333,Participant4_LS_SlSl,Endomorph,Normal,slouch,1.0,0.0,0.0,-0.1197982449325199,-51.003430104213656,0.2447966633720381,1
668,22.266666666666666,Participant4_LS_SlSl,Endomorph,Normal,slouch,1.0,0.0,0.0,-0.1461126098146481,-49.96254091707929,0.2118672322915956,1
669,22.3,Participant4_LS_SlSl,Endomorph,Normal,slouch,1.0,0.0,0.0,-0.1277632522461586,-51.30198774405173,0.2393423440882238,1
670,22.33333333333333,Participant4_LS_SlSl,Endomorph,Normal,slouch,1.0,0.0,0.0,-0.1198749726820111,-49.62910253295351,0.2333464853263235,1
671,22.366666666666667,Participant4_LS_SlSl,Endomorph,Normal,slouch,1.0,0.0,0.0,-0.1086891067761157,-51.28593646339391,0.220228039792892,1
672,22.4,Participant4_LS_SlSl,Endomorph,Normal,slouch,1.0,0.0,0.0,-0.0993509386881431,-49.0282888529494,0.2577404321781452,1
673,22.433333333333334,Participant4_LS_SlSl,Endomorph,Normal,slouch,1.0,0.0,0.0,-0.1291263709472003,-50.0370846527625,0.2625368253423573,1
674,22.466666666666665,Participant4_LS_SlSl,Endomorph,Normal,slouch,1.0,0.0,0.0,-0.1141885297187811,-50.84077278143035,0.2469721365180551,1
675,22.5,Participant4_LS_SlSl,Endomorph,Normal,slouch,1.0,0.0,0.0,-0.1077713057422516,-51.45610648073768,0.2256679698728391,1
676,22.53333333333333,Participant4_LS_SlSl,Endomorph,Normal,slouch,1.0,0.0,0.0,-0.1095595901340705,-51.578267092257256,0.2302109900224156,1
677,22.566666666666663,Participant4_LS_SlSl,Endomorph,Normal,slouch,1.0,0.0,0.0,-0.1479306828687543,-50.06530371799069,0.247170748378633,1
678,22.6,Participant4_LS_SlSl,Endomorph,Normal,slouch,1.0,0.0,0.0,-0.1477341398660711,-48.78351458958912,0.2355466435833135,1
679,22.633333333333333,Participant4_LS_SlSl,Endomorph,Normal,slouch,1.0,0.0,0.0,-0.1270565878673129,-49.20809243018131,0.1971167417151815,1
680,22.666666666666668,Participant4_LS_SlSl,Endomorph,Normal,slouch,1.0,0.0,0.0,-0.1296709761995721,-48.852124879002695,0.2136922578001813,1
681,22.7,Participant4_LS_SlSl,Endomorph,Normal,slouch,1.0,0.0,0.0,-0.1356096025789899,-49.25343827814015,0.1777172712293207,1
682,22.73333333333333,Participant4_LS_SlSl,Endomorph,Normal,slouch,1.0,0.0,0.0,-0.1720038489732958,-47.853236962069154,0.2318704733271583,1
683,22.766666666666666,Participant4_LS_SlSl,Endomorph,Normal,slouch,1.0,0.0,0.0,-0.1504897258049389,-49.16215476818748,0.2019870504063588,1
684,22.8,Participant4_LS_SlSl,Endomorph,Normal,slouch,1.0,0.0,0.0,-0.1651832077248348,-45.62808616914941,0.229761738795903,1
685,22.83333333333333,Participant4_LS_SlSl,Endomorph,Normal,slouch,1.0,0.0,0.0,-0.1683007245320955,-47.31103820445699,0.2206832465193482,1
686,22.866666666666667,Participant4_LS_SlSl,Endomorph,Normal,slouch,1.0,0.0,0.0,-0.1564472781696379,-45.16442417413568,0.2232483078572947,1
687,22.9,Participant4_LS_SlSl,Endomorph,Normal,slouch,1.0,0.0,0.0,-0.1534529860754472,-47.50852627396616,0.2147128172006202,1
688,22.933333333333334,Participant4_LS_SlSl,Endomorph,Normal,slouch,1.0,0.0,0.0,-0.143395629518233,-46.80127012566168,0.2742681315303907,1
689,22.966666666666665,Participant4_LS_SlSl,Endomorph,Normal,slouch,1.0,0.0,0.0,-0.1031144775516886,-49.40638009063336,0.2125540686534212,1
690,23.0,Participant4_LS_SlSl,Endomorph,Normal,slouch,1.0,0.0,0.0,-0.1152810211966705,-48.79089640391668,0.2365294832215705,1
691,23.03333333333333,Participant4_LS_SlSl,Endomorph,Normal,slouch,1.0,0.0,0.0,-0.1237267393481481,-48.10770835264109,0.2376275452407133,1
692,23.066666666666663,Participant4_LS_SlSl,Endomorph,Normal,slouch,1.0,0.0,0.0,-0.132895651822669,-48.953343723012,0.2545648790819791,1
693,23.1,Participant4_LS_SlSl,Endomorph,Normal,slouch,1.0,0.0,0.0,-0.1462092319126657,-49.02206843669548,0.235410123245752,1
694,23.133333333333333,Participant4_LS_SlSl,Endomorph,Normal,slouch,1.0,0.0,0.0,-0.1564628558464948,-48.82528297100329,0.2573107770391611,1
695,23.166666666666668,Participant4_LS_SlSl,Endomorph,Normal,slouch,1.0,0.0,0.0,-0.1430646082148968,-47.66642338487247,0.2512076732608904,1
696,23.2,Participant4_LS_SlSl,Endomorph,Normal,slouch,1.0,0.0,0.0,-0.1436734855709263,-45.13206905367431,0.2442569166464427,1
697,23.23333333333333,Participant4_LS_SlSl,Endomorph,Normal,slouch,1.0,0.0,0.0,-0.1442823629269558,-48.56959487838133,0.2508068588678732,1
698,23.266666666666666,Participant4_LS_SlSl,Endomorph,Normal,slouch,1.0,0.0,0.0,-0.1447370302431403,-48.39669478528598,0.2509171928864971,1
699,23.3,Participant4_LS_SlSl,Endomorph,Normal,slouch,1.0,0.0,0.0,-0.1315415147552652,-49.8802124027601,0.2510963213980298,1
700,23.33333333333333,Participant4_LS_SlSl,Endomorph,Normal,slouch,1.0,0.0,0.0,-0.1242471405631636,-48.14443137121433,0.2552874155436605,1
701,23.366666666666667,Participant4_LS_SlSl,Endomorph,Normal,slouch,1.0,0.0,0.0,-0.1256712782962472,-50.10197629500314,0.2220551844448881,1
702,23.4,Participant4_LS_SlSl,Endomorph,Normal,slouch,1.0,0.0,0.0,-0.1309053032325618,-49.083868104238014,0.2240969637574975,1
703,23.433333333333334,Participant4_LS_SlSl,Endomorph,Normal,slouch,1.0,0.0,0.0,-0.112368534210742,-49.91164316156946,0.2301722083986881,1
704,23.466666666666665,Participant4_LS_SlSl,Endomorph,Normal,slouch,1.0,0.0,0.0,-0.1193676253519384,-49.301125230973824,0.2506708806188624,1
705,23.5,Participant4_LS_SlSl,Endomorph,Normal,slouch,1.0,0.0,0.0,-0.1134910452875503,-49.67394597263158,0.2027815803700919,1
706,23.53333333333333,Participant4_LS_SlSl,Endomorph,Normal,slouch,1.0,0.0,0.0,-0.1198922807033317,-51.69386959731368,0.201102978984616,1
707,23.566666666666663,Participant4_LS_SlSl,Endomorph,Normal,slouch,1.0,0.0,0.0,-0.1329179251828603,-50.993016786770646,0.2149954262537414,1
708,23.6,Participant4_LS_SlSl,Endomorph,Normal,slouch,1.0,0.0,0.0,-0.1154800735666556,-48.52822606030211,0.2569218359422627,1
709,23.633333333333333,Participant4_LS_SlSl,Endomorph,Normal,slouch,1.0,0.0,0.0,-0.1236044348700007,-49.41927053435688,0.2514049691296914,1
710,23.666666666666668,Participant4_LS_SlSl,Endomorph,Normal,slouch,1.0,0.0,0.0,-0.1199003388723979,-51.04746554525504,0.2187057827579254,1
711,23.7,Participant4_LS_SlSl,Endomorph,Normal,slouch,1.0,0.0,0.0,-0.1301580289221545,-50.47351829794769,0.2512277068802148,1
712,23.73333333333333,Participant4_LS_SlSl,Endomorph,Normal,slouch,1.0,0.0,0.0,-0.1166386932947609,-51.19582130638011,0.1800308189437699,1
713,23.766666666666666,Participant4_LS_SlSl,Endomorph,Normal,slouch,1.0,0.0,0.0,-0.0911301272135543,-50.39789867121976,0.1944857736859073,1
714,23.8,Participant4_LS_SlSl,Endomorph,Normal,slouch,1.0,0.0,0.0,-0.0634993871662443,-53.50873413999324,0.1951835827492257,1
715,23.83333333333333,Participant4_LS_SlSl,Endomorph,Normal,slouch,1.0,0.0,0.0,-0.0748253790212089,-53.19913753557832,0.2018196434831647,1
716,23.866666666666667,Participant4_LS_SlSl,Endomorph,Normal,slouch,1.0,0.0,0.0,-0.051261788273123,-52.947081769791865,0.2022272467476696,1
717,23.9,Participant4_LS_SlSl,Endomorph,Normal,slouch,1.0,0.0,0.0,-0.0647938702686256,-52.69502600400541,0.2026348500121746,1
718,23.933333333333334,Participant4_LS_SlSl,Endomorph,Normal,slouch,1.0,0.0,0.0,-0.1348580951311052,-50.5681131997587,0.2168878488250334,1
719,23.966666666666665,Participant4_LS_SlSl,Endomorph,Normal,slouch,1.0,0.0,0.0,-0.1031516853555217,-50.87590736324631,0.2146767951572006,1
720,24.0,Participant4_LS_SlSl,Endomorph,Normal,slouch,1.0,0.0,0.0,-0.0909589951307522,-48.67903027996232,0.1748323261913486,1
721,24.03333333333333,Participant4_LS_SlSl,Endomorph,Normal,slouch,1.0,0.0,0.0,-0.0894288465962952,-48.78186070698416,0.1692240449629695,1
722,24.066666666666663,Participant4_LS_SlSl,Endomorph,Normal,slouch,1.0,0.0,0.0,-0.1000412196457887,-51.28243094404396,0.2260881853836527,1
723,24.1,Participant4_LS_SlSl,Endomorph,Normal,slouch,1.0,0.0,0.0,-0.1168570859934753,-49.27056113443521,0.2186821140596368,1
724,24.133333333333333,Participant4_LS_SlSl,Endomorph,Normal,slouch,1.0,0.0,0.0,-0.1344072120803101,-49.71697289452579,0.208273074876665,1
725,24.166666666666668,Participant4_LS_SlSl,Endomorph,Normal,slouch,1.0,0.0,0.0,-0.114116181421192,-49.23091885603622,0.2114970411282957,1
726,24.2,Participant4_LS_SlSl,Endomorph,Normal,slouch,1.0,0.0,0.0,-0.1377648562356356,-48.689991907571226,0.1946694726323648,1
727,24.23333333333333,Participant4_LS_SlSl,Endomorph,Normal,slouch,1.0,0.0,0.0,-0.1266867552123798,-50.34173578421085,0.2127635561333321,1
728,24.266666666666666,Participant4_LS_SlSl,Endomorph,Normal,slouch,1.0,0.0,0.0,-0.1095967030470737,-51.194463314518906,0.2148182584440878,1
729,24.3,Participant4_LS_SlSl,Endomorph,Normal,slouch,1.0,0.0,0.0,-0.0969912558871261,-51.93860054994122,0.2090296648547116,1
730,24.33333333333333,Participant4_LS_SlSl,Endomorph,Normal,slouch,1.0,0.0,0.0,-0.1273119425097894,-49.787724084274736,0.1975537146139398,1
731,24.366666666666667,Participant4_LS_SlSl,Endomorph,Normal,slouch,1.0,0.0,0.0,-0.1284687414787416,-48.43167019364146,0.1881824513512381,1
732,24.4,Participant4_LS_SlSl,Endomorph,Normal,slouch,1.0,0.0,0.0,-0.1596780386103183,-48.69279500792926,0.2162608408693374,1
733,24.433333333333334,Participant4_LS_SlSl,Endomorph,Normal,slouch,1.0,0.0,0.0,-0.1253108072049762,-50.07632068296405,0.2341613100348806,1
734,24.466666666666665,Participant4_LS_SlSl,Endomorph,Normal,slouch,1.0,0.0,0.0,-0.1364086394253074,-49.05939322397191,0.2324409280597532,1
735,24.5,Participant4_LS_SlSl,Endomorph,Normal,slouch,1.0,0.0,0.0,-0.1407281148043498,-49.531159983294415,0.2264335230965716,1
736,24.53333333333333,Participant4_LS_SlSl,Endomorph,Normal,slouch,1.0,0.0,0.0,-0.1186560582800212,-49.89287728605391,0.2325886478126069,1
737,24.566666666666663,Participant4_LS_SlSl,Endomorph,Normal,slouch,1.0,0.0,0.0,-0.1272997895858238,-50.767136374676014,0.2096702882394095,1
738,24.6,Participant4_LS_SlSl,Endomorph,Normal,slouch,1.0,0.0,0.0,-0.1813493867271566,-45.50027368778098,0.2376316067956822,1
739,24.633333333333333,Participant4_LS_SlSl,Endomorph,Normal,slouch,1.0,0.0,0.0,-0.1659321272116026,-46.32724074785912,0.2391540752388524,1
740,24.666666666666668,Participant4_LS_SlSl,Endomorph,Normal,slouch,1.0,0.0,0.0,-0.1411841671251509,-48.15048796228921,0.2463848724908834,1
741,24.7,Participant4_LS_SlSl,Endomorph,Normal,slouch,1.0,0.0,0.0,-0.1701739870311812,-49.4631926458753,0.2174940667900615,1
742,24.73333333333333,Participant4_LS_SlSl,Endomorph,Normal,slouch,1.0,0.0,0.0,-0.1132742767516615,-50.34519393867439,0.2035110829239553,1
743,24.766666666666666,Participant4_LS_SlSl,Endomorph,Normal,slouch,1.0,0.0,0.0,-0.1479780636070153,-47.92853228865199,0.2060221329256149,1
744,24.8,Participant4_LS_SlSl,Endomorph,Normal,slouch,1.0,0.0,0.0,-0.1608492443697946,-48.487979249771286,0.2257987684777894,1
745,24.83333333333333,Participant4_LS_SlSl,Endomorph,Normal,slouch,1.0,0.0,0.0,-0.1754165436993843,-46.4031178767076,0.2461754658887353,1
746,24.866666666666667,Participant4_LS_SlSl,Endomorph,Normal,slouch,1.0,0.0,0.0,-0.1774983230856466,-47.02206209565126,0.239990137879247,1
747,24.9,Participant4_LS_SlSl,Endomorph,Normal,slouch,1.0,0.0,0.0,-0.159039702352875,-48.37667725790292,0.2195183782708773,1
748,24.933333333333334,Participant4_LS_SlSl,Endomorph,Normal,slouch,1.0,0.0,0.0,-0.1271252411084947,-46.78775539217967,0.2090751138928684,1
749,24.966666666666665,Participant4_LS_SlSl,Endomorph,Normal,slouch,1.0,0.0,0.0,-0.1393396658664498,-48.93935468194746,0.2225076208973858,1
750,25.0,Participant4_LS_SlSl,Endomorph,Normal,slouch,1.0,0.0,0.0,-0.119692989711412,-48.66715059191117,0.1943613328877894,1
751,25.03333333333333,Participant4_LS_SlSl,Endomorph,Normal,slouch,1.0,0.0,0.0,-0.1418905819327929,-48.17074560980917,0.1950051365186831,1
752,25.066666666666663,Participant4_LS_SlSl,Endomorph,Normal,slouch,1.0,0.0,0.0,-0.0850778818109595,-51.68240550098534,0.2027245312438569,1
753,25.1,Participant4_LS_SlSl,Endomorph,Normal,slouch,1.0,0.0,0.0,-0.1365990792877648,-48.51851678270199,0.2104439259690306,1
754,25.133333333333333,Participant4_LS_SlSl,Endomorph,Normal,slouch,1.0,0.0,0.0,-0.122823789363239,-49.985687432795714,0.2134025836170242,1
755,25.166666666666668,Participant4_LS_SlSl,Endomorph,Normal,slouch,1.0,0.0,0.0,-0.1360327762494276,-48.27776684779471,0.2332966149990149,1
756,25.2,Participant4_LS_SlSl,Endomorph,Normal,slouch,1.0,0.0,0.0,-0.1073161033453804,-49.17404942325177,0.2314646799304144,1
757,25.23333333333333,Participant4_LS_SlSl,Endomorph,Normal,slouch,1.0,0.0,0.0,-0.1094796255749067,-49.265740520806666,0.2117275257522262,1
758,25.266666666666666,Participant4_LS_SlSl,Endomorph,Normal,slouch,1.0,0.0,0.0,-0.1508235633190576,-47.76598487889824,0.2126670138851114,1
759,25.3,Participant4_LS_SlSl,Endomorph,Normal,slouch,1.0,0.0,0.0,-0.1038660613984211,-50.751822399764826,0.1923623818038655,1
760,25.33333333333333,Participant4_LS_SlSl,Endomorph,Normal,slouch,1.0,0.0,0.0,-0.1047887906088173,-51.71713322103157,0.1720577497226197,1
761,25.366666666666667,Participant4_LS_SlSl,Endomorph,Normal,slouch,1.0,0.0,0.0,-0.1326119456394926,-49.21206645382294,0.1823079217212341,1
762,25.4,Participant4_LS_SlSl,Endomorph,Normal,slouch,1.0,0.0,0.0,-0.1488877219778748,-49.10554419414434,0.1929086870284451,1
763,25.433333333333334,Participant4_LS_SlSl,Endomorph,Normal,slouch,1.0,0.0,0.0,-0.1344757129043495,-46.94322672138594,0.1839733378772223,1
764,25.466666666666665,Participant4_LS_SlSl,Endomorph,Normal,slouch,1.0,0.0,0.0,-0.1235937921718414,-47.56789213176682,0.2059676834494386,1
765,25.5,Participant4_LS_SlSl,Endomorph,Normal,slouch,1.0,0.0,0.0,-0.1144570438980452,-46.36567267855488,0.2003128320648975,1
766,25.53333333333333,Participant4_LS_SlSl,Endomorph,Normal,slouch,1.0,0.0,0.0,-0.1381341925366707,-47.58603377360959,0.1921678933972631,1
767,25.566666666666663,Participant4_LS_SlSl,Endomorph,Normal,slouch,1.0,0.0,0.0,-0.1292646630758177,-47.10036773009588,0.1952782239407463,1
768,25.6,Participant4_LS_SlSl,Endomorph,Normal,slouch,1.0,0.0,0.0,-0.1387674519309711,-47.093161430800215,0.2041053003118337,1
769,25.633333333333333,Participant4_LS_SlSl,Endomorph,Normal,slouch,1.0,0.0,0.0,-0.1289008516553538,-47.07062399332324,0.2107642148624993,1
770,25.666666666666668,Participant4_LS_SlSl,Endomorph,Normal,slouch,1.0,0.0,0.0,-0.1185155663939629,-47.982954971577065,0.2074295096351161,1
771,25.7,Participant4_LS_SlSl,Endomorph,Normal,slouch,1.0,0.0,0.0,-0.1279753064833041,-49.86928789953395,0.2349571516999051,1
772,25.73333333333333,Participant4_LS_SlSl,Endomorph,Normal,slouch,1.0,0.0,0.0,-0.1166124967444106,-49.297300146987965,0.2438156904568424,1
773,25.766666666666666,Participant4_LS_SlSl,Endomorph,Normal,slouch,1.0,0.0,0.0,-0.1397140815866001,-49.5325028513418,0.2176010771534931,1
774,25.8,Participant4_LS_SlSl,Endomorph,Normal,slouch,1.0,0.0,0.0,-0.1239680893111724,-48.44092996311458,0.1830696827166329,1
775,25.83333333333333,Participant4_LS_SlSl,Endomorph,Normal,slouch,1.0,0.0,0.0,-0.1399866795081706,-47.6673590552885,0.1922938916790475,1
776,25.866666666666667,Participant4_LS_SlSl,Endomorph,Normal,slouch,1.0,0.0,0.0,-0.1602192716020753,-50.2741264244748,0.2289091861841954,1
777,25.9,Participant4_LS_SlSl,Endomorph,Normal,slouch,1.0,0.0,0.0,-0.1210705166671029,-47.76765388097474,0.2061443369807902,1
778,25.933333333333334,Participant4_LS_SlSl,Endomorph,Normal,slouch,1.0,0.0,0.0,-0.140625833542749,-47.213036262821554,0.1846940002205375,1
779,25.966666666666665,Participant4_LS_SlSl,Endomorph,Normal,slouch,1.0,0.0,0.0,-0.0990460352895452,-49.19119226699023,0.2086331908035557,1
780,26.0,Participant4_LS_SlSl,Endomorph,Normal,slouch,1.0,0.0,0.0,-0.1168561390029448,-48.85336699433147,0.2131676402746391,1
781,26.03333333333333,Participant4_LS_SlSl,Endomorph,Normal,slouch,1.0,0.0,0.0,-0.1275278892933192,-48.74191589873197,0.208696820221055,1
782,26.066666666666663,Participant4_LS_SlSl,Endomorph,Normal,slouch,1.0,0.0,0.0,-0.1263053685480882,-47.78650387235078,0.1959462255654994,1
783,26.1,Participant4_LS_SlSl,Endomorph,Normal,slouch,1.0,0.0,0.0,-0.1166270439615627,-49.25823386560935,0.2067896643646651,1
784,26.133333333333333,Participant4_LS_SlSl,Endomorph,Normal,slouch,1.0,0.0,0.0,-0.1111279697983269,-47.54770709338969,0.2105522901615138,1
785,26.166666666666668,Participant4_LS_SlSl,Endomorph,Normal,slouch,1.0,0.0,0.0,-0.1098964811634041,-47.65263837964592,0.2087463676465833,1
786,26.2,Participant4_LS_SlSl,Endomorph,Normal,slouch,1.0,0.0,0.0,-0.1375333647808042,-47.46337128589212,0.2215678097322016,1
787,26.23333333333333,Participant4_LS_SlSl,Endomorph,Normal,slouch,1.0,0.0,0.0,-0.146862154978492,-46.59419489456332,0.2378176882165878,1
788,26.266666666666666,Participant4_LS_SlSl,Endomorph,Normal,slouch,1.0,0.0,0.0,-0.1016067106586502,-49.28946386892461,0.2199391770721234,1
789,26.3,Participant4_LS_SlSl,Endomorph,Normal,slouch,1.0,0.0,0.0,-0.1041531590248148,-48.64607256723451,0.2085307143519101,1
790,26.33333333333333,Participant4_LS_SlSl,Endomorph,Normal,slouch,1.0,0.0,0.0,-0.1030752125709869,-48.41563306378863,0.2433366091349137,1
791,26.366666666666667,Participant4_LS_SlSl,Endomorph,Normal,slouch,1.0,0.0,0.0,-0.0911640247882247,-47.72751296189555,0.2389297565357979,1
792,26.4,Participant4_LS_SlSl,Endomorph,Normal,slouch,1.0,0.0,0.0,-0.0933577337514874,-50.16499710691748,0.2058273743649113,1
793,26.433333333333334,Participant4_LS_SlSl,Endomorph,Normal,slouch,1.0,0.0,0.0,-0.0884161808829535,-48.78391503420277,0.2496555249888563,1
794,26.466666666666665,Participant4_LS_SlSl,Endomorph,Normal,slouch,1.0,0.0,0.0,-0.0923846974895574,-48.075128632107216,0.2295178760856303,1
795,26.5,Participant4_LS_SlSl,Endomorph,Normal,slouch,1.0,0.0,0.0,-0.1058955522826046,-48.158465721750375,0.2231248848180683,1
796,26.53333333333333,Participant4_LS_SlSl,Endomorph,Normal,slouch,1.0,0.0,0.0,-0.1069219423591907,-49.78174649029236,0.2415820737291495,1
797,26.566666666666663,Participant4_LS_SlSl,Endomorph,Normal,slouch,1.0,0.0,0.0,-0.093498092324093,-49.706287482746085,0.239320729447847,1
798,26.6,Participant4_LS_SlSl,Endomorph,Normal,slouch,1.0,0.0,0.0,-0.1285811080473798,-47.78805933577952,0.2273097158505446,1
799,26.633333333333333,Participant4_LS_SlSl,Endomorph,Normal,slouch,1.0,0.0,0.0,-0.0981620065649701,-50.29406113797365,0.1985923490031042,1
800,26.666666666666668,Participant4_LS_SlSl,Endomorph,Normal,slouch,1.0,0.0,0.0,-0.0894677830246516,-51.6203981184239,0.1749219522754874,1
801,26.7,Participant4_LS_SlSl,Endomorph,Normal,slouch,1.0,0.0,0.0,-0.1273565793962406,-47.05778573726335,0.2150981313922491,1
802,26.73333333333333,Participant4_LS_SlSl,Endomorph,Normal,slouch,1.0,0.0,0.0,-0.1573668099118297,-47.71575560500572,0.2259277404430215,1
803,26.766666666666666,Participant4_LS_SlSl,Endomorph,Normal,slouch,1.0,0.0,0.0,-0.1189024071116938,-48.65635837111039,0.2151815517163539,1
804,26.8,Participant4_LS_SlSl,Endomorph,Normal,slouch,1.0,0.0,0.0,-0.1228386288966872,-47.92781581016355,0.2383083255823004,1
805,26.83333333333333,Participant4_LS_SlSl,Endomorph,Normal,slouch,1.0,0.0,0.0,-0.1337607875013102,-47.43743276088119,0.2577237194215919,1
806,26.866666666666667,Participant4_LS_SlSl,Endomorph,Normal,slouch,1.0,0.0,0.0,-0.1147546050360125,-48.21907700144995,0.2301390436890653,1
807,26.9,Participant4_LS_SlSl,Endomorph,Normal,slouch,1.0,0.0,0.0,-0.1173219614259329,-49.4068144642068,0.2277888312569632,1
808,26.933333333333334,Participant4_LS_SlSl,Endomorph,Normal,slouch,1.0,0.0,0.0,-0.1161921271409407,-46.95541365334361,0.2157941802509261,1
809,26.966666666666665,Participant4_LS_SlSl,Endomorph,Normal,slouch,1.0,0.0,0.0,-0.1290882924934671,-48.79792704721992,0.2130215436622819,1
810,27.0,Participant4_LS_SlSl,Endomorph,Normal,slouch,1.0,0.0,0.0,-0.1301064852185649,-48.454883023118335,0.2222778538346016,1
811,27.03333333333333,Participant4_LS_SlSl,Endomorph,Normal,slouch,1.0,0.0,0.0,-0.132589332244429,-48.17522873143311,0.2192457574963199,1
812,27.066666666666663,Participant4_LS_SlSl,Endomorph,Normal,slouch,1.0,0.0,0.0,-0.1139750488282837,-49.95277680244339,0.1843995905620188,1
813,27.1,Participant4_LS_SlSl,Endomorph,Normal,slouch,1.0,0.0,0.0,-0.1221913565606809,-47.92908397972653,0.2237092593944669,1
814,27.133333333333333,Participant4_LS_SlSl,Endomorph,Normal,slouch,1.0,0.0,0.0,-0.1393152173762586,-47.84362328441566,0.2198708442398925,1
815,27.166666666666668,Participant4_LS_SlSl,Endomorph,Normal,slouch,1.0,0.0,0.0,-0.0984911417587841,-47.37430911594207,0.2187931908862047,1
816,27.2,Participant4_LS_SlSl,Endomorph,Normal,slouch,1.0,0.0,0.0,-0.1170943730039697,-46.587232573662,0.2238921280621069,1
817,27.23333333333333,Participant4_LS_SlSl,Endomorph,Normal,slouch,1.0,0.0,0.0,-0.0774842699300232,-51.29217583627327,0.1857206935211088,1
818,27.266666666666666,Participant4_LS_SlSl,Endomorph,Normal,slouch,1.0,0.0,0.0,-0.0932944911069947,-50.15123697581036,0.1883220042190552,1
819,27.3,Participant4_LS_SlSl,Endomorph,Normal,slouch,1.0,0.0,0.0,-0.1480972272863114,-47.15975033107806,0.2342611459246587,1
820,27.33333333333333,Participant4_LS_SlSl,Endomorph,Normal,slouch,1.0,0.0,0.0,-0.1117604230810556,-47.25029898528752,0.2143840768493297,1
821,27.366666666666667,Participant4_LS_SlSl,Endomorph,Normal,slouch,1.0,0.0,0.0,-0.1061466081449022,-47.24139805187389,0.2133632053999656,1
822,27.4,Participant4_LS_SlSl,Endomorph,Normal,slouch,1.0,0.0,0.0,-0.0642849234757517,-48.53055110833401,0.2005014442060392,1
823,27.433333333333334,Participant4_LS_SlSl,Endomorph,Normal,slouch,1.0,0.0,0.0,-0.1151428780742109,-47.70119820868385,0.2094199963805276,1
824,27.466666666666665,Participant4_LS_SlSl,Endomorph,Normal,slouch,1.0,0.0,0.0,-0.1194734792320966,-50.59790392277522,0.2011647419892362,1
825,27.5,Participant4_LS_SlSl,Endomorph,Normal,slouch,1.0,0.0,0.0,-0.1001920868747868,-48.50114038699438,0.2226324396398039,1
826,27.53333333333333,Participant4_LS_SlSl,Endomorph,Normal,slouch,1.0,0.0,0.0,-0.1060687960054537,-48.385669252047805,0.2069644814745689,1
827,27.566666666666663,Participant4_LS_SlSl,Endomorph,Normal,slouch,1.0,0.0,0.0,-0.0952944309130426,-48.62732729640156,0.2782027230001642,1
828,27.6,Participant4_LS_SlSl,Endomorph,Normal,slouch,1.0,0.0,0.0,-0.0934589625121464,-47.00065657057886,0.2536008839752673,1
829,27.633333333333333,Participant4_LS_SlSl,Endomorph,Normal,slouch,1.0,0.0,0.0,-0.0842282636322408,-47.509740287279314,0.2139074755918803,1
830,27.666666666666668,Participant4_LS_SlSl,Endomorph,Normal,slouch,1.0,0.0,0.0,-0.1037949502290994,-47.77285014945048,0.2364210390283425,1
831,27.7,Participant4_LS_SlSl,Endomorph,Normal,slouch,1.0,0.0,0.0,-0.0968212074230884,-48.404319746449,0.2691965000892554,1
832,27.73333333333333,Participant4_LS_SlSl,Endomorph,Normal,slouch,1.0,0.0,0.0,-0.0925623867240857,-47.431673307133536,0.2658785568953346,1
833,27.766666666666666,Participant4_LS_SlSl,Endomorph,Normal,slouch,1.0,0.0,0.0,-0.0939125197206815,-46.64651798191718,0.2461324091172934,1
834,27.8,Participant4_LS_SlSl,Endomorph,Normal,slouch,1.0,0.0,0.0,-0.1098239150165546,-48.0694286371112,0.2272630092848941,1
835,27.83333333333333,Participant4_LS_SlSl,Endomorph,Normal,slouch,1.0,0.0,0.0,-0.1146284894578845,-46.79349798257498,0.2012129111349845,1
836,27.866666666666667,Participant4_LS_SlSl,Endomorph,Normal,slouch,1.0,0.0,0.0,-0.0597474729823259,-49.788854709052735,0.1959888173696739,1
837,27.9,Participant4_LS_SlSl,Endomorph,Normal,slouch,1.0,0.0,0.0,-0.1306724221009589,-47.98128933845165,0.223080909477614,1
838,27.933333333333334,Participant4_LS_SlSl,Endomorph,Normal,slouch,1.0,0.0,0.0,-0.0869127681771045,-47.18788160706549,0.1818818440575129,1
839,27.966666666666665,Participant4_LS_SlSl,Endomorph,Normal,slouch,1.0,0.0,0.0,-0.1164081123614652,-47.76038108027079,0.2198423813735558,1
840,28.0,Participant4_LS_SlSl,Endomorph,Normal,slouch,1.0,0.0,0.0,-0.1429656782637843,-45.58781307096648,0.2485334306838503,1
841,28.03333333333333,Participant4_LS_SlSl,Endomorph,Normal,slouch,1.0,0.0,0.0,-0.0948069886096816,-47.79869383434048,0.2207122009831512,1
842,28.066666666666663,Participant4_LS_SlSl,Endomorph,Normal,slouch,1.0,0.0,0.0,-0.1221885817427689,-46.729562408152646,0.228157722307689,1
843,28.1,Participant4_LS_SlSl,Endomorph,Normal,slouch,1.0,0.0,0.0,-0.1098306022530931,-49.06362776098241,0.2365355449696722,1
844,28.133333333333333,Participant4_LS_SlSl,Endomorph,Normal,slouch,1.0,0.0,0.0,-0.0835707998643974,-47.886425859265074,0.2165874004968554,1
845,28.166666666666668,Participant4_LS_SlSl,Endomorph,Normal,slouch,1.0,0.0,0.0,-0.0837516794662289,-47.766774298193326,0.2162829747904684,1
846,28.2,Participant4_LS_SlSl,Endomorph,Normal,slouch,1.0,0.0,0.0,-0.1047145956461095,-48.46473354701703,0.2440600267008659,1
847,28.23333333333333,Participant4_LS_SlSl,Endomorph,Normal,slouch,1.0,0.0,0.0,-0.1237576146997151,-45.74241148918492,0.2418870349601046,1
848,28.266666666666666,Participant4_LS_SlSl,Endomorph,Normal,slouch,1.0,0.0,0.0,-0.1166793264708112,-45.620700882048766,0.2194772819794969,1
849,28.3,Participant4_LS_SlSl,Endomorph,Normal,slouch,1.0,0.0,0.0,-0.1298327231784488,-43.97004608030275,0.2340664004559625,1
850,28.33333333333333,Participant4_LS_SlSl,Endomorph,Normal,slouch,1.0,0.0,0.0,-0.100247657186744,-46.76064975128547,0.2473509314586051,1
851,28.366666666666667,Participant4_LS_SlSl,Endomorph,Normal,slouch,1.0,0.0,0.0,-0.115672346383076,-47.89582782925658,0.2442970549269424,1
852,28.4,Participant4_LS_SlSl,Endomorph,Normal,slouch,1.0,0.0,0.0,-0.134432460351511,-45.0273821113262,0.2692883776743376,1
853,28.433333333333334,Participant4_LS_SlSl,Endomorph,Normal,slouch,1.0,0.0,0.0,-0.099525748655004,-47.73488275027111,0.2268627573595251,1
854,28.466666666666665,Participant4_LS_SlSl,Endomorph,Normal,slouch,1.0,0.0,0.0,-0.1172232908756717,-47.882702016483165,0.2430447670971235,1
855,28.5,Participant4_LS_SlSl,Endomorph,Normal,slouch,1.0,0.0,0.0,-0.1451246512097775,-45.25380200961058,0.2515430246299593,1
856,28.53333333333333,Participant4_LS_SlSl,Endomorph,Normal,slouch,1.0,0.0,0.0,-0.1068174918274579,-47.01622422922494,0.2628191629251072,1
857,28.566666666666663,Participant4_LS_SlSl,Endomorph,Normal,slouch,1.0,0.0,0.0,-0.119254969980847,-46.961440726852935,0.2216491467831304,1
858,28.6,Participant4_LS_SlSl,Endomorph,Normal,slouch,1.0,0.0,0.0,-0.1165520477441235,-44.030381784285765,0.2705248676910153,1
859,28.633333333333333,Participant4_LS_SlSl,Endomorph,Normal,slouch,1.0,0.0,0.0,-0.1032994638757861,-44.637586090437736,0.27852909253165,1
860,28.666666666666668,Participant4_LS_SlSl,Endomorph,Normal,slouch,1.0,0.0,0.0,-0.0914491428360096,-47.27635411246194,0.2403612762806114,1
861,28.7,Participant4_LS_SlSl,Endomorph,Normal,slouch,1.0,0.0,0.0,-0.1146634192416344,-44.9155828640441,0.271451369906023,1
862,28.73333333333333,Participant4_LS_SlSl,Endomorph,Normal,slouch,1.0,0.0,0.0,-0.1162874975527274,-44.85131354919081,0.2557405222587808,1
863,28.766666666666666,Participant4_LS_SlSl,Endomorph,Normal,slouch,1.0,0.0,0.0,-0.1010127862501442,-45.64413756471491,0.2865380457803866,1
864,28.8,Participant4_LS_SlSl,Endomorph,Normal,slouch,1.0,0.0,0.0,-0.1070043460968533,-47.79479453280081,0.2421186559461022,1
865,28.83333333333333,Participant4_LS_SlSl,Endomorph,Normal,slouch,1.0,0.0,0.0,-0.1231292152856269,-46.09331315631449,0.2497777147713899,1
866,28.866666666666667,Participant4_LS_SlSl,Endomorph,Normal,slouch,1.0,0.0,0.0,-0.1083849097824589,-47.13480917102445,0.2409054717464724,1
867,28.9,Participant4_LS_SlSl,Endomorph,Normal,slouch,1.0,0.0,0.0,-0.1190070443236537,-45.94043509984533,0.2694817251554916,1
868,28.933333333333334,Participant4_LS_SlSl,Endomorph,Normal,slouch,1.0,0.0,0.0,-0.1244361833698909,-47.33724764616423,0.2279800147292832,1
869,28.966666666666665,Participant4_LS_SlSl,Endomorph,Normal,slouch,1.0,0.0,0.0,-0.096563047142716,-49.19905850188707,0.2141970216565061,1
870,29.0,Participant4_LS_SlSl,Endomorph,Normal,slouch,1.0,0.0,0.0,-0.1018650017828975,-48.08632721538687,0.2443136877038455,1
871,29.03333333333333,Participant4_LS_SlSl,Endomorph,Normal,slouch,1.0,0.0,0.0,-0.1173831185224844,-48.41908280522328,0.2446715388322468,1
872,29.066666666666663,Participant4_LS_SlSl,Endomorph,Normal,slouch,1.0,0.0,0.0,-0.1011138180350926,-49.13315789336602,0.251173992552071,1
873,29.1,Participant4_LS_SlSl,Endomorph,Normal,slouch,1.0,0.0,0.0,-0.1178382472223281,-48.74005473890509,0.2403472047838919,1
874,29.133333333333333,Participant4_LS_SlSl,Endomorph,Normal,slouch,1.0,0.0,0.0,-0.0992590305077518,-48.82650069961873,0.2714702158919725,1
875,29.166666666666668,Participant4_LS_SlSl,Endomorph,Normal,slouch,1.0,0.0,0.0,-0.0894559601838665,-49.99327964290171,0.2596489022339002,1
876,29.2,Participant4_LS_SlSl,Endomorph,Normal,slouch,1.0,0.0,0.0,-0.0817881335100063,-51.003846468736256,0.2402184129816934,1
877,29.23333333333333,Participant4_LS_SlSl,Endomorph,Normal,slouch,1.0,0.0,0.0,-0.1023685503944396,-49.57592385270395,0.2272250965519248,1
878,29.266666666666666,Participant4_LS_SlSl,Endomorph,Normal,slouch,1.0,0.0,0.0,-0.1021620366147492,-49.76257430840334,0.2301047494470844,1
879,29.3,Participant4_LS_SlSl,Endomorph,Normal,slouch,1.0,0.0,0.0,-0.1066306424872036,-51.34256636805575,0.2381834704594796,1
880,29.33333333333333,Participant4_LS_SlSl,Endomorph,Normal,slouch,1.0,0.0,0.0,-0.1133280809306117,-51.614588033386056,0.2436150039881229,1
881,29.366666666666667,Participant4_LS_SlSl,Endomorph,Normal,slouch,1.0,0.0,0.0,-0.0903548634283144,-50.510319307970335,0.2696035286495974,1
882,29.4,Participant4_LS_SlSl,Endomorph,Normal,slouch,1.0,0.0,0.0,-0.1237706810293897,-48.07193507658684,0.2613184888794232,1
883,29.433333333333334,Participant4_LS_SlSl,Endomorph,Normal,slouch,1.0,0.0,0.0,-0.0871931064433194,-48.06809074497112,0.2521387528929736,1
884,29.466666666666665,Participant4_LS_SlSl,Endomorph,Normal,slouch,1.0,0.0,0.0,-0.07507054758688,-47.89531223555561,0.2754699405072358,1
885,29.5,Participant4_LS_SlSl,Endomorph,Normal,slouch,1.0,0.0,0.0,-0.0904876898526887,-50.81681824613083,0.2305631547321514,1
886,29.53333333333333,Participant4_LS_SlSl,Endomorph,Normal,slouch,1.0,0.0,0.0,-0.1213604100667083,-49.25534920044332,0.1937842789523693,1
887,29.566666666666663,Participant4_LS_SlSl,Endomorph,Normal,slouch,1.0,0.0,0.0,-0.137012609064252,-49.48457373438468,0.2042859568867624,1
888,29.6,Participant4_LS_SlSl,Endomorph,Normal,slouch,1.0,0.0,0.0,-0.0883964934886942,-48.62771127210079,0.228440595394282,1
889,29.633333333333333,Participant4_LS_SlSl,Endomorph,Normal,slouch,1.0,0.0,0.0,-0.0860226707946366,-47.94668511997877,0.2637994781105626,1
890,29.666666666666668,Participant4_LS_SlSl,Endomorph,Normal,slouch,1.0,0.0,0.0,-0.0926682656394219,-49.381231751082176,0.2288737536297976,1
891,29.7,Participant4_LS_SlSl,Endomorph,Normal,slouch,1.0,0.0,0.0,-0.0984248092259584,-48.830734573160974,0.2496879639037586,1
892,29.73333333333333,Participant4_LS_SlSl,Endomorph,Normal,slouch,1.0,0.0,0.0,-0.0988943911199518,-47.53441121020469,0.2642063730169511,1
893,29.766666666666666,Participant4_LS_SlSl,Endomorph,Normal,slouch,1.0,0.0,0.0,-0.1010271250307427,-48.39256647592425,0.2404760672151557,1
894,29.8,Participant4_LS_SlSl,Endomorph,Normal,slouch,1.0,0.0,0.0,-0.1136261480433434,-47.97271408038215,0.2503584788321376,1
895,29.83333333333333,Participant4_LS_SlSl,Endomorph,Normal,slouch,1.0,0.0,0.0,-0.0983461149822796,-49.131677450387805,0.2198254798102146,1
896,29.866666666666667,Participant4_LS_SlSl,Endomorph,Normal,slouch,1.0,0.0,0.0,-0.114025923170366,-50.12466964629803,0.2315190022704792,1
897,29.9,Participant4_LS_SlSl,Endomorph,Normal,slouch,1.0,0.0,0.0,-0.0870212938631206,-49.116971350900286,0.2273497134846568,1
898,29.933333333333334,Participant4_LS_SlSl,Endomorph,Normal,slouch,1.0,0.0,0.0,-0.111551773375934,-48.27920634879657,0.2082262995345407,1
899,29.966666666666665,Participant4_LS_SlSl,Endomorph,Normal,slouch,1.0,0.0,0.0,-0.1184967527507341,-46.90922391288949,0.2682049212482672,1
900,30.0,Participant4_LS_SlSl,Endomorph,Normal,slouch,1.0,0.0,0.0,-0.1016633297458014,-49.51934920596721,0.2547090076517961,1
901,30.03333333333333,Participant4_LS_SlSl,Endomorph,Normal,slouch,1.0,0.0,0.0,-0.0972231805988129,-48.62834044290274,0.2533142845016837,1
902,30.066666666666663,Participant4_LS_SlSl,Endomorph,Normal,slouch,1.0,0.0,0.0,-0.0908513886164492,-48.658115850961,0.224852993816067,1
903,30.1,Participant4_LS_SlSl,Endomorph,Normal,slouch,1.0,0.0,0.0,-0.0694697508076772,-47.88859507313327,0.2738946795445529,1
904,30.133333333333333,Participant4_LS_SlSl,Endomorph,Normal,slouch,1.0,0.0,0.0,-0.0896055441260497,-47.58797169383702,0.2637382480543312,1
905,30.166666666666668,Participant4_LS_SlSl,Endomorph,Normal,slouch,1.0,0.0,0.0,-0.1119859289733053,-50.84269185521801,0.2292310165643498,1
906,30.2,Participant4_LS_SlSl,Endomorph,Normal,slouch,1.0,0.0,0.0,-0.0975729824719493,-48.22443603054513,0.2595232292557773,1
907,30.23333333333333,Participant4_LS_SlSl,Endomorph,Normal,slouch,1.0,0.0,0.0,-0.080557528933528,-47.38554991835176,0.2799718604701277,1
908,30.266666666666666,Participant4_LS_SlSl,Endomorph,Normal,slouch,1.0,0.0,0.0,-0.1020711951888396,-47.92308393453877,0.2698497456460598,1
909,30.3,Participant4_LS_SlSl,Endomorph,Normal,slouch,1.0,0.0,0.0,-0.0701213564993919,-47.804705474573886,0.2796819249742198,1
910,30.33333333333333,Participant4_LS_SlSl,Endomorph,Normal,slouch,1.0,0.0,0.0,-0.0987107723852301,-46.4134336505056,0.2620187244468155,1
911,30.366666666666667,Participant4_LS_SlSl,Endomorph,Normal,slouch,1.0,0.0,0.0,-0.0994217107744045,-48.406939415542205,0.2647903910144835,1
912,30.4,Participant4_LS_SlSl,Endomorph,Normal,slouch,1.0,0.0,0.0,-0.1117351249617774,-49.64814184079005,0.2603593932742215,1
913,30.433333333333334,Participant4_LS_SlSl,Endomorph,Normal,slouch,1.0,0.0,0.0,-0.142198193411037,-45.30391146449855,0.2760470493068439,1
914,30.466666666666665,Participant4_LS_SlSl,Endomorph,Normal,slouch,1.0,0.0,0.0,-0.1160299774834279,-48.34860544839953,0.2763510508375745,1
915,30.5,Participant4_LS_SlSl,Endomorph,Normal,slouch,1.0,0.0,0.0,-0.1095781021890821,-47.58287113736054,0.2541115837682132,1
916,30.53333333333333,Participant4_LS_SlSl,Endomorph,Normal,slouch,1.0,0.0,0.0,-0.1093825859895213,-48.42864968480823,0.2622781047300254,1
917,30.566666666666663,Participant4_LS_SlSl,Endomorph,Normal,slouch,1.0,0.0,0.0,-0.1326616115411986,-50.66090082250463,0.2611837999959234,1
918,30.6,Participant4_LS_SlSl,Endomorph,Normal,slouch,1.0,0.0,0.0,-0.1097259669502431,-46.93432681237712,0.2568137720160146,1
919,30.633333333333333,Participant4_LS_SlSl,Endomorph,Normal,slouch,1.0,0.0,0.0,-0.1335195882426336,-47.2643345976425,0.2611121437699686,1
920,30.666666666666668,Participant4_LS_SlSl,Endomorph,Normal,slouch,1.0,0.0,0.0,-0.1156595088912336,-47.57755589894657,0.2650061731419963,1
921,30.7,Participant4_LS_SlSl,Endomorph,Normal,slouch,1.0,0.0,0.0,-0.1149535224155015,-50.05455531040581,0.2562331119774859,1
922,30.73333333333333,Participant4_LS_SlSl,Endomorph,Normal,slouch,1.0,0.0,0.0,-0.0911865851720639,-48.08289636102293,0.2694325858619416,1
923,30.766666666666666,Participant4_LS_SlSl,Endomorph,Normal,slouch,1.0,0.0,0.0,-0.0909200961791829,-48.02854867585231,0.2056199872411411,1
924,30.8,Participant4_LS_SlSl,Endomorph,Normal,slouch,1.0,0.0,0.0,-0.0806599575984433,-50.09494620211861,0.2351001313214899,1
925,30.83333333333333,Participant4_LS_SlSl,Endomorph,Normal,slouch,1.0,0.0,0.0,-0.0763380036106483,-50.25687171074884,0.2372774357349423,1
926,30.866666666666667,Participant4_LS_SlSl,Endomorph,Normal,slouch,1.0,0.0,0.0,-0.1072750064891996,-47.56521840756125,0.225935504101531,1
927,30.9,Participant4_LS_SlSl,Endomorph,Normal,slouch,1.0,0.0,0.0,-0.0794153836308418,-47.24741300913421,0.2339703230123381,1
928,30.933333333333334,Participant4_LS_SlSl,Endomorph,Normal,slouch,1.0,0.0,0.0,-0.0596418281753987,-46.274280436556666,0.2787310203490951,1
929,30.966666666666665,Participant4_LS_SlSl,Endomorph,Normal,slouch,1.0,0.0,0.0,-0.1164962249300152,-47.41475931691864,0.2587835824631603,1
930,31.0,Participant4_LS_SlSl,Endomorph,Normal,slouch,1.0,0.0,0.0,-0.112945311317207,-47.48095576571172,0.272021643836901,1
931,31.03333333333333,Participant4_LS_SlSl,Endomorph,Normal,slouch,1.0,0.0,0.0,-0.1613493574904702,-47.437755284681295,0.2099811014727642,1
932,31.066666666666663,Participant4_LS_SlSl,Endomorph,Normal,slouch,1.0,0.0,0.0,-0.1436410788812018,-46.29318816372251,0.2615757587731547,1
933,31.1,Participant4_LS_SlSl,Endomorph,Normal,slouch,1.0,0.0,0.0,-0.1393074063336687,-47.8369930907812,0.2486665038312947,1
934,31.133333333333333,Participant4_LS_SlSl,Endomorph,Normal,slouch,1.0,0.0,0.0,-0.1494554878569529,-47.02551640830278,0.2675373845904368,1
935,31.166666666666668,Participant4_LS_SlSl,Endomorph,Normal,slouch,1.0,0.0,0.0,-0.1245965542116883,-46.08612399702288,0.2420489066338848,1
936,31.2,Participant4_LS_SlSl,Endomorph,Normal,slouch,1.0,0.0,0.0,-0.1453659695033617,-45.497245122458665,0.2333721857117077,1
937,31.23333333333333,Participant4_LS_SlSl,Endomorph,Normal,slouch,1.0,0.0,0.0,-0.1718137566480913,-47.50421770350442,0.2375696155137284,1
938,31.266666666666666,Participant4_LS_SlSl,Endomorph,Normal,slouch,1.0,0.0,0.0,-0.160069576503962,-47.42084755766007,0.2368931156010271,1
939,31.3,Participant4_LS_SlSl,Endomorph,Normal,slouch,1.0,0.0,0.0,-0.1646974909199133,-45.99510906492036,0.2720374365500379,1
940,31.33333333333333,Participant4_LS_SlSl,Endomorph,Normal,slouch,1.0,0.0,0.0,-0.1675188382758376,-45.28575382777995,0.2605444797706845,1
941,31.366666666666667,Participant4_LS_SlSl,Endomorph,Normal,slouch,1.0,0.0,0.0,-0.1703401856317619,-45.17376251797981,0.2414722513488196,1
942,31.4,Participant4_LS_SlSl,Endomorph,Normal,slouch,1.0,0.0,0.0,-0.1544718669411446,-48.173467519548986,0.2118213951467932,1
943,31.433333333333334,Participant4_LS_SlSl,Endomorph,Normal,slouch,1.0,0.0,0.0,-0.1110570247570624,-46.85110855411321,0.2658384481790364,1
944,31.466666666666665,Participant4_LS_SlSl,Endomorph,Normal,slouch,1.0,0.0,0.0,-0.1537133041175508,-46.03954549753915,0.2359616455862414,1
945,31.5,Participant4_LS_SlSl,Endomorph,Normal,slouch,1.0,0.0,0.0,-0.1434044387532487,-48.62496995667132,0.182367260129693,1
946,31.53333333333333,Participant4_LS_SlSl,Endomorph,Normal,slouch,1.0,0.0,0.0,-0.1605427445696606,-45.14857108134744,0.2237266843751602,1
947,31.566666666666663,Participant4_LS_SlSl,Endomorph,Normal,slouch,1.0,0.0,0.0,-0.1607914287876285,-46.217617394695424,0.2172174778348935,1
948,31.6,Participant4_LS_SlSl,Endomorph,Normal,slouch,1.0,0.0,0.0,-0.1565821368675158,-45.29926626044094,0.2351566118553205,1
949,31.633333333333333,Participant4_LS_SlSl,Endomorph,Normal,slouch,1.0,0.0,0.0,-0.1527349290193423,-47.11690813838041,0.235669855541893,1
950,31.666666666666668,Participant4_LS_SlSl,Endomorph,Normal,slouch,1.0,0.0,0.0,-0.1597225333001889,-46.64360983922641,0.2399691214481738,1
951,31.7,Participant4_LS_SlSl,Endomorph,Normal,slouch,1.0,0.0,0.0,-0.1897920439200099,-46.03178841488232,0.2632572077444526,1
952,31.73333333333333,Participant4_LS_SlSl,Endomorph,Normal,slouch,1.0,0.0,0.0,-0.1891444875832243,-46.26847253333877,0.2584737513385208,1
953,31.766666666666666,Participant4_LS_SlSl,Endomorph,Normal,slouch,1.0,0.0,0.0,-0.1648232372374393,-45.06147555124675,0.2519556906696362,1
954,31.8,Participant4_LS_SlSl,Endomorph,Normal,slouch,1.0,0.0,0.0,-0.1501597365200743,-45.62474584946924,0.2450381932585678,1
955,31.83333333333333,Participant4_LS_SlSl,Endomorph,Normal,slouch,1.0,0.0,0.0,-0.164282055172692,-45.58300136128213,0.2305807961841846,1
956,31.866666666666667,Participant4_LS_SlSl,Endomorph,Normal,slouch,1.0,0.0,0.0,-0.1664934952024492,-45.53534394643332,0.2167829735624778,1
957,31.9,Participant4_LS_SlSl,Endomorph,Normal,slouch,1.0,0.0,0.0,-0.1649263176175554,-44.64556816387813,0.2401935212612279,1
958,31.933333333333334,Participant4_LS_SlSl,Endomorph,Normal,slouch,1.0,0.0,0.0,-0.1205341938608658,-46.5621477541999,0.2594687469593998,1
959,31.966666666666665,Participant4_LS_SlSl,Endomorph,Normal,slouch,1.0,0.0,0.0,-0.1608477242441242,-45.79150104898612,0.249595327627114,1
960,32.0,Participant4_LS_SlSl,Endomorph,Normal,slouch,1.0,0.0,0.0,-0.1265220515421998,-47.51810096760236,0.2118790397165925,1
961,32.03333333333333,Participant4_LS_SlSl,Endomorph,Normal,slouch,1.0,0.0,0.0,-0.1307346291679775,-47.5514555648381,0.2125065368108796,1
962,32.06666666666667,Participant4_LS_SlSl,Endomorph,Normal,slouch,1.0,0.0,0.0,-0.110913968394807,-47.114080477905446,0.2127253522249429,1
963,32.1,Participant4_LS_SlSl,Endomorph,Normal,slouch,1.0,0.0,0.0,-0.1218220422185908,-48.72884225795541,0.2265875909367897,1
964,32.13333333333333,Participant4_LS_SlSl,Endomorph,Normal,slouch,1.0,0.0,0.0,-0.1378841922343773,-47.01959540267889,0.2035939759168326,1
965,32.166666666666664,Participant4_LS_SlSl,Endomorph,Normal,slouch,1.0,0.0,0.0,-0.140920339864883,-44.38843129538685,0.2332502509176414,1
966,32.2,Participant4_LS_SlSl,Endomorph,Normal,slouch,1.0,0.0,0.0,-0.1729167414084219,-43.79627362074918,0.2407391015482781,1
967,32.233333333333334,Participant4_LS_SlSl,Endomorph,Normal,slouch,1.0,0.0,0.0,-0.1436286649490759,-44.86221578919182,0.2397409884052276,1
968,32.266666666666666,Participant4_LS_SlSl,Endomorph,Normal,slouch,1.0,0.0,0.0,-0.1531466096554163,-46.025625306953245,0.2332622245470118,1
969,32.3,Participant4_LS_SlSl,Endomorph,Normal,slouch,1.0,0.0,0.0,-0.1706533495819565,-43.91435481127313,0.246804074251798,1
970,32.333333333333336,Participant4_LS_SlSl,Endomorph,Normal,slouch,1.0,0.0,0.0,-0.1359206914202612,-46.082904185457856,0.2619712208851792,1
971,32.36666666666667,Participant4_LS_SlSl,Endomorph,Normal,slouch,1.0,0.0,0.0,-0.1339672023173722,-46.98291677375967,0.25125370325616,1
972,32.4,Participant4_LS_SlSl,Endomorph,Normal,slouch,1.0,0.0,0.0,-0.1154682469607447,-46.67208819660264,0.2585407476905778,1
973,32.43333333333333,Participant4_LS_SlSl,Endomorph,Normal,slouch,1.0,0.0,0.0,-0.1497748925248471,-47.831935579534544,0.2019968880176315,1
974,32.46666666666667,Participant4_LS_SlSl,Endomorph,Normal,slouch,1.0,0.0,0.0,-0.1219172974126064,-48.25502086979199,0.2246802502647003,1
975,32.5,Participant4_LS_SlSl,Endomorph,Normal,slouch,1.0,0.0,0.0,-0.150345775365016,-48.372806575739496,0.221218506367324,1
976,32.53333333333333,Participant4_LS_SlSl,Endomorph,Normal,slouch,1.0,0.0,0.0,-0.0924125096144048,-49.59082753503678,0.2073622849837552,1
977,32.56666666666667,Participant4_LS_SlSl,Endomorph,Normal,slouch,1.0,0.0,0.0,-0.1729873527896841,-46.98626065243594,0.2531660204737342,1
978,32.6,Participant4_LS_SlSl,Endomorph,Normal,slouch,1.0,0.0,0.0,-0.1525723439703961,-45.91680859311717,0.2452278477175549,1
979,32.63333333333333,Participant4_LS_SlSl,Endomorph,Normal,slouch,1.0,0.0,0.0,-0.1691239076429828,-44.86788991158889,0.2319324424910341,1
980,32.666666666666664,Participant4_LS_SlSl,Endomorph,Normal,slouch,1.0,0.0,0.0,-0.1682187135966639,-44.57189994501808,0.2298438910089079,1
981,32.7,Participant4_LS_SlSl,Endomorph,Normal,slouch,1.0,0.0,0.0,-0.0962253835081674,-47.01554280155285,0.2713167938279477,1
982,32.733333333333334,Participant4_LS_SlSl,Endomorph,Normal,slouch,1.0,0.0,0.0,-0.135504866559547,-46.463582792461246,0.2681450641255667,1
983,32.766666666666666,Participant4_LS_SlSl,Endomorph,Normal,slouch,1.0,0.0,0.0,-0.1329255767743316,-47.05000437890503,0.2722447855392333,1
984,32.8,Participant4_LS_SlSl,Endomorph,Normal,slouch,1.0,0.0,0.0,-0.1411806613395504,-45.640800745635815,0.2567181087520465,1
985,32.833333333333336,Participant4_LS_SlSl,Endomorph,Normal,slouch,1.0,0.0,0.0,-0.1018569940560271,-46.74098632572657,0.274469692958337,1
986,32.86666666666667,Participant4_LS_SlSl,Endomorph,Normal,slouch,1.0,0.0,0.0,-0.1295226508947469,-47.5320039283384,0.2073918760607514,1
987,32.9,Participant4_LS_SlSl,Endomorph,Normal,slouch,1.0,0.0,0.0,-0.1223198029970729,-49.50620430506879,0.2438211931457449,1
988,32.93333333333333,Participant4_LS_SlSl,Endomorph,Normal,slouch,1.0,0.0,0.0,-0.135185393235205,-46.33460999512789,0.2557238861386059,1
989,32.96666666666667,Participant4_LS_SlSl,Endomorph,Normal,slouch,1.0,0.0,0.0,-0.1404597770124037,-47.36546149543637,0.2507729624498479,1
990,33.0,Participant4_LS_SlSl,Endomorph,Normal,slouch,1.0,0.0,0.0,-0.1151083447693209,-47.90240158509475,0.2383923548268107,1
991,33.03333333333333,Participant4_LS_SlSl,Endomorph,Normal,slouch,1.0,0.0,0.0,-0.1142348994500228,-45.98917545303954,0.2426568321776246,1
992,33.06666666666667,Participant4_LS_SlSl,Endomorph,Normal,slouch,1.0,0.0,0.0,-0.0741519471643485,-49.049071643879536,0.2462316963540672,1
993,33.1,Participant4_LS_SlSl,Endomorph,Normal,slouch,1.0,0.0,0.0,-0.1022869656203345,-47.207137306860176,0.2639436695681182,1
994,33.13333333333333,Participant4_LS_SlSl,Endomorph,Normal,slouch,1.0,0.0,0.0,-0.1080471366638578,-48.01060864739812,0.2457838456052572,1
995,33.166666666666664,Participant4_LS_SlSl,Endomorph,Normal,slouch,1.0,0.0,0.0,-0.1156058096195075,-47.57191159035092,0.2475785401922773,1
996,33.2,Participant4_LS_SlSl,Endomorph,Normal,slouch,1.0,0.0,0.0,-0.1109795750480087,-47.64384172152677,0.2383277198797239,1
997,33.233333333333334,Participant4_LS_SlSl,Endomorph,Normal,slouch,1.0,0.0,0.0,-0.112564457669362,-49.03281942614868,0.2556078872755533,1
998,33.266666666666666,Participant4_LS_SlSl,Endomorph,Normal,slouch,1.0,0.0,0.0,-0.115661701638792,-48.90786496967397,0.2567280637442313,1
999,33.3,Participant4_LS_SlSl,Endomorph,Normal,slouch,1.0,0.0,0.0,-0.0823338963131903,-49.11635086329812,0.2490690670200313,1
1000,33.333333333333336,Participant4_LS_SlSl,Endomorph,Normal,slouch,1.0,0.0,0.0,-0.0985605967577888,-47.892553527807685,0.2685648351236593,1
1001,33.36666666666667,Participant4_LS_SlSl,Endomorph,Normal,slouch,1.0,0.0,0.0,-0.150020560173375,-46.49035645099087,0.2520231998146114,1
1002,33.4,Participant4_LS_SlSl,Endomorph,Normal,slouch,1.0,0.0,0.0,-0.1517536141661598,-46.57631208938218,0.2681425105139113,1
1003,33.43333333333333,Participant4_LS_SlSl,Endomorph,Normal,slouch,1.0,0.0,0.0,-0.1342433455573904,-46.30438123682679,0.2659092362007251,1
1004,33.46666666666667,Participant4_LS_SlSl,Endomorph,Normal,slouch,1.0,0.0,0.0,-0.1340800989200492,-48.21175698104129,0.2577523175070399,1
1005,33.5,Participant4_LS_SlSl,Endomorph,Normal,slouch,1.0,0.0,0.0,-0.1048335336594843,-46.15287946275679,0.2498983758770789,1
1006,33.53333333333333,Participant4_LS_SlSl,Endomorph,Normal,slouch,1.0,0.0,0.0,-0.087954768600258,-46.30552303877429,0.2444725097662289,1
1007,33.56666666666667,Participant4_LS_SlSl,Endomorph,Normal,slouch,1.0,0.0,0.0,-0.1045293695822017,-47.57760766137663,0.2342172037732312,1
1008,33.6,Participant4_LS_SlSl,Endomorph,Normal,slouch,1.0,0.0,0.0,-0.1089052508196743,-46.824587895411696,0.2395256207636654,1
1009,33.63333333333333,Participant4_LS_SlSl,Endomorph,Normal,slouch,1.0,0.0,0.0,-0.0972500395384569,-47.824490150197626,0.2710177024889138,1
1010,33.666666666666664,Participant4_LS_SlSl,Endomorph,Normal,slouch,1.0,0.0,0.0,-0.1077106510254494,-46.89714824495677,0.2491369832134441,1
1011,33.7,Participant4_LS_SlSl,Endomorph,Normal,slouch,1.0,0.0,0.0,-0.1152689558194974,-48.09398433486554,0.2208751264837252,1
1012,33.733333333333334,Participant4_LS_SlSl,Endomorph,Normal,slouch,1.0,0.0,0.0,-0.1103012881320781,-48.61199500009021,0.2034561973744343,1
1013,33.766666666666666,Participant4_LS_SlSl,Endomorph,Normal,slouch,1.0,0.0,0.0,-0.1083752566868199,-47.004652249574185,0.2612338150992325,1
1014,33.8,Participant4_LS_SlSl,Endomorph,Normal,slouch,1.0,0.0,0.0,-0.1048451192801893,-48.19031532530423,0.22084002231677,1
1015,33.833333333333336,Participant4_LS_SlSl,Endomorph,Normal,slouch,1.0,0.0,0.0,-0.1070759855279896,-48.49343423445395,0.2018168722430528,1
1016,33.86666666666667,Participant4_LS_SlSl,Endomorph,Normal,slouch,1.0,0.0,0.0,-0.1225914428535376,-46.19529692313472,0.2488714166394037,1
1017,33.9,Participant4_LS_SlSl,Endomorph,Normal,slouch,1.0,0.0,0.0,-0.1071184518670612,-47.059984105220025,0.2205650000280472,1
1018,33.93333333333333,Participant4_LS_SlSl,Endomorph,Normal,slouch,1.0,0.0,0.0,-0.1211012222724443,-45.851031587705045,0.2492543082273676,1
1019,33.96666666666667,Participant4_LS_SlSl,Endomorph,Normal,slouch,1.0,0.0,0.0,-0.1203111093648501,-47.08855172992407,0.237141006865497,1
1020,34.0,Participant4_LS_SlSl,Endomorph,Normal,slouch,1.0,0.0,0.0,-0.1264202770392202,-49.51331069810161,0.2467125885113597,1
1021,34.03333333333333,Participant4_LS_SlSl,Endomorph,Normal,slouch,1.0,0.0,0.0,-0.1239017640829645,-49.35870048549256,0.2492289359327064,1
1022,34.06666666666667,Participant4_LS_SlSl,Endomorph,Normal,slouch,1.0,0.0,0.0,-0.1049010131571947,-46.8484966667545,0.2369223628579062,1
1023,34.1,Participant4_LS_SlSl,Endomorph,Normal,slouch,1.0,0.0,0.0,-0.1111635705694463,-46.345014181293394,0.2174772170202751,1
1024,34.13333333333333,Participant4_LS_SlSl,Endomorph,Normal,slouch,1.0,0.0,0.0,-0.1213647076628747,-47.5452744483374,0.2359405795506656,1
1025,34.166666666666664,Participant4_LS_SlSl,Endomorph,Normal,slouch,1.0,0.0,0.0,-0.1593910619739764,-47.399317198369616,0.2291620699583835,1
1026,34.2,Participant4_LS_SlSl,Endomorph,Normal,slouch,1.0,0.0,0.0,-0.1248733689132509,-47.63238945766342,0.2329905904486778,1
1027,34.233333333333334,Participant4_LS_SlSl,Endomorph,Normal,slouch,1.0,0.0,0.0,-0.1245138743669747,-46.94600277372502,0.2325775257392895,1
1028,34.266666666666666,Participant4_LS_SlSl,Endomorph,Normal,slouch,1.0,0.0,0.0,-0.1090651604565851,-47.22785375361973,0.2526801535754874,1
1029,34.3,Participant4_LS_SlSl,Endomorph,Normal,slouch,1.0,0.0,0.0,-0.1142150975592459,-46.081371369523374,0.2430308298063018,1
1030,34.333333333333336,Participant4_LS_SlSl,Endomorph,Normal,slouch,1.0,0.0,0.0,-0.1414020157562798,-45.043581447876,0.2349037552953073,1
1031,34.36666666666667,Participant4_LS_SlSl,Endomorph,Normal,slouch,1.0,0.0,0.0,-0.1261435443837165,-43.55918841261879,0.2397923650269618,1
1032,34.4,Participant4_LS_SlSl,Endomorph,Normal,slouch,1.0,0.0,0.0,-0.1288498978670665,-48.16520720059175,0.2317450911200777,1
1033,34.43333333333333,Participant4_LS_SlSl,Endomorph,Normal,slouch,1.0,0.0,0.0,-0.1205528707843555,-45.01915994546405,0.222175220865631,1
1034,34.46666666666667,Participant4_LS_SlSl,Endomorph,Normal,slouch,1.0,0.0,0.0,-0.1320936655545046,-44.30844301550624,0.237734348414245,1
1035,34.5,Participant4_LS_SlSl,Endomorph,Normal,slouch,1.0,0.0,0.0,-0.1148797801457268,-46.44947226890254,0.2472045439824066,1
1036,34.53333333333333,Participant4_LS_SlSl,Endomorph,Normal,slouch,1.0,0.0,0.0,-0.1271143471546796,-48.192282675861456,0.2148659629558502,1
1037,34.56666666666667,Participant4_LS_SlSl,Endomorph,Normal,slouch,1.0,0.0,0.0,-0.0896110143818144,-49.84181899314181,0.225850528636057,1
1038,34.6,Participant4_LS_SlSl,Endomorph,Normal,slouch,1.0,0.0,0.0,-0.0912623054385489,-48.16494387932988,0.2570413998259165,1
1039,34.63333333333333,Participant4_LS_SlSl,Endomorph,Normal,slouch,1.0,0.0,0.0,-0.0963627827922991,-48.49071401593899,0.2528851189968519,1
1040,34.666666666666664,Participant4_LS_SlSl,Endomorph,Normal,slouch,1.0,0.0,0.0,-0.1028259985533917,-47.32172738886057,0.2578654608876878,1
1041,34.7,Participant4_LS_SlSl,Endomorph,Normal,slouch,1.0,0.0,0.0,-0.0981305691793757,-47.8909683818432,0.2154229894119317,1
1042,34.733333333333334,Participant4_LS_SlSl,Endomorph,Normal,slouch,1.0,0.0,0.0,-0.0990956706868501,-48.553059883317296,0.2632253965280406,1
1043,34.766666666666666,Participant4_LS_SlSl,Endomorph,Normal,slouch,1.0,0.0,0.0,-0.082037601994394,-49.34473311827574,0.2248677892018249,1
1044,34.8,Participant4_LS_SlSl,Endomorph,Normal,slouch,1.0,0.0,0.0,-0.11080046313066,-47.22072661814292,0.2331594715838081,1
1045,34.833333333333336,Participant4_LS_SlSl,Endomorph,Normal,slouch,1.0,0.0,0.0,-0.0895166903828069,-48.65969857080313,0.1874543136984024,1
1046,34.86666666666667,Participant4_LS_SlSl,Endomorph,Normal,slouch,1.0,0.0,0.0,-0.1066003715030634,-48.02612302161564,0.2494357542741965,1
1047,34.9,Participant4_LS_SlSl,Endomorph,Normal,slouch,1.0,0.0,0.0,-0.1343542843337259,-47.38420159212268,0.2357601825838206,1
1048,34.93333333333333,Participant4_LS_SlSl,Endomorph,Normal,slouch,1.0,0.0,0.0,-0.0951473888846355,-46.52267407853847,0.24799508174374,1
1049,34.96666666666667,Participant4_LS_SlSl,Endomorph,Normal,slouch,1.0,0.0,0.0,-0.1308307153435901,-46.74014935120271,0.2333750356841949,1
1050,35.0,Participant4_LS_SlSl,Endomorph,Normal,slouch,1.0,0.0,0.0,-0.1623951575549882,-43.97594817794716,0.2097245518059511,1
1051,35.03333333333333,Participant4_LS_SlSl,Endomorph,Normal,slouch,1.0,0.0,0.0,-0.1212500398373737,-45.62851133712304,0.258125973444696,1
1052,35.06666666666667,Participant4_LS_SlSl,Endomorph,Normal,slouch,1.0,0.0,0.0,-0.1385204369748971,-46.53523580892833,0.2477339710957458,1
1053,35.1,Participant4_LS_SlSl,Endomorph,Normal,slouch,1.0,0.0,0.0,-0.1392246038825009,-48.32852894993188,0.2384099348142679,1
1054,35.13333333333333,Participant4_LS_SlSl,Endomorph,Normal,slouch,1.0,0.0,0.0,-0.1641143496007983,-46.19954696022327,0.2448722511167891,1
1055,35.166666666666664,Participant4_LS_SlSl,Endomorph,Normal,slouch,1.0,0.0,0.0,-0.1108857088306023,-46.03001935295034,0.283850552771309,1
1056,35.2,Participant4_LS_SlSl,Endomorph,Normal,slouch,1.0,0.0,0.0,-0.1327571487871772,-46.20473071577167,0.2755516918844639,1
1057,35.233333333333334,Participant4_LS_SlSl,Endomorph,Normal,slouch,1.0,0.0,0.0,-0.1109445940305686,-48.64185469351336,0.2379027476053532,1
1058,35.266666666666666,Participant4_LS_SlSl,Endomorph,Normal,slouch,1.0,0.0,0.0,-0.1086029880849994,-49.186031136642576,0.2441109404046381,1
1059,35.3,Participant4_LS_SlSl,Endomorph,Normal,slouch,1.0,0.0,0.0,-0.120715338408305,-49.32492809045797,0.2375990360597704,1
1060,35.333333333333336,Participant4_LS_SlSl,Endomorph,Normal,slouch,1.0,0.0,0.0,-0.1444761992280907,-45.77067858340866,0.240271998610001,1
1061,35.36666666666667,Participant4_LS_SlSl,Endomorph,Normal,slouch,1.0,0.0,0.0,-0.1463229660065039,-46.09528112693927,0.2695469351579665,1
1062,35.4,Participant4_LS_SlSl,Endomorph,Normal,slouch,1.0,0.0,0.0,-0.1308382131859622,-47.287206380634736,0.2478274054496644,1
1063,35.43333333333333,Participant4_LS_SlSl,Endomorph,Normal,slouch,1.0,0.0,0.0,-0.130282312626966,-47.77574926236358,0.2461479380063804,1
1064,35.46666666666667,Participant4_LS_SlSl,Endomorph,Normal,slouch,1.0,0.0,0.0,-0.1225751857867961,-46.26064088348674,0.2459986705868204,1
1065,35.5,Participant4_LS_SlSl,Endomorph,Normal,slouch,1.0,0.0,0.0,-0.11048696588347,-46.9136774203415,0.2362261615215119,1
1066,35.53333333333333,Participant4_LS_SlSl,Endomorph,Normal,slouch,1.0,0.0,0.0,-0.1165851123521472,-46.70888633077272,0.2497833550215921,1
1067,35.56666666666667,Participant4_LS_SlSl,Endomorph,Normal,slouch,1.0,0.0,0.0,-0.1209172143325515,-47.26793547371534,0.2614892102271222,1
1068,35.6,Participant4_LS_SlSl,Endomorph,Normal,slouch,1.0,0.0,0.0,-0.1190080689481596,-47.1674487620429,0.2261967355183446,1
1069,35.63333333333333,Participant4_LS_SlSl,Endomorph,Normal,slouch,1.0,0.0,0.0,-0.1327481311617562,-48.37088743697529,0.2266836382241001,1
1070,35.666666666666664,Participant4_LS_SlSl,Endomorph,Normal,slouch,1.0,0.0,0.0,-0.1030230834566912,-48.715321162372575,0.2491863225446348,1
1071,35.7,Participant4_LS_SlSl,Endomorph,Normal,slouch,1.0,0.0,0.0,-0.1166446325734159,-46.27461911016912,0.2552087938655034,1
1072,35.733333333333334,Participant4_LS_SlSl,Endomorph,Normal,slouch,1.0,0.0,0.0,-0.1249072209074124,-46.81729596492206,0.2625218220273748,1
1073,35.766666666666666,Participant4_LS_SlSl,Endomorph,Normal,slouch,1.0,0.0,0.0,-0.1267673549350159,-47.373985586629765,0.2684923577141843,1
1074,35.8,Participant4_LS_SlSl,Endomorph,Normal,slouch,1.0,0.0,0.0,-0.121576454001483,-46.77913319591014,0.2533796000705181,1
1075,35.833333333333336,Participant4_LS_SlSl,Endomorph,Normal,slouch,1.0,0.0,0.0,-0.1223004870699009,-49.48395215778844,0.2333080313767136,1
1076,35.86666666666667,Participant4_LS_SlSl,Endomorph,Normal,slouch,1.0,0.0,0.0,-0.1511775620975186,-47.35462400778293,0.249415977286495,1
1077,35.9,Participant4_LS_SlSl,Endomorph,Normal,slouch,1.0,0.0,0.0,-0.1308381802619085,-47.73835010008129,0.2507454701753999,1
1078,35.93333333333333,Participant4_LS_SlSl,Endomorph,Normal,slouch,1.0,0.0,0.0,-0.1484774684563894,-47.82154880921669,0.2540942330257782,1
1079,35.96666666666667,Participant4_LS_SlSl,Endomorph,Normal,slouch,1.0,0.0,0.0,-0.1529194918817522,-46.47297941891349,0.2303814726854468,1
1080,36.0,Participant4_LS_SlSl,Endomorph,Normal,slouch,1.0,0.0,0.0,-0.101044242944536,-47.08431073022662,0.263265870990339,1
1081,36.03333333333333,Participant4_LS_SlSl,Endomorph,Normal,slouch,1.0,0.0,0.0,-0.1044647388904387,-46.466793315044704,0.2384534592761867,1
1082,36.06666666666667,Participant4_LS_SlSl,Endomorph,Normal,slouch,1.0,0.0,0.0,-0.139060344165348,-45.36999774212817,0.2122430527849426,1
1083,36.1,Participant4_LS_SlSl,Endomorph,Normal,slouch,1.0,0.0,0.0,-0.1595857861417982,-45.90093346458911,0.2768138996129172,1
1084,36.13333333333333,Participant4_LS_SlSl,Endomorph,Normal,slouch,1.0,0.0,0.0,-0.1512811500555482,-47.99442684104671,0.2330472837704831,1
1085,36.16666666666666,Participant4_LS_SlSl,Endomorph,Normal,slouch,1.0,0.0,0.0,-0.1133135060530687,-45.36079241902514,0.2399042361913145,1
1086,36.2,Participant4_LS_SlSl,Endomorph,Normal,slouch,1.0,0.0,0.0,-0.1267444803417102,-45.70782072958916,0.2310930502959854,1
1087,36.23333333333333,Participant4_LS_SlSl,Endomorph,Normal,slouch,1.0,0.0,0.0,-0.1335244174386249,-46.73695850469667,0.2293472945673381,1
1088,36.266666666666666,Participant4_LS_SlSl,Endomorph,Normal,slouch,1.0,0.0,0.0,-0.1372319999833678,-47.337577430189626,0.2438903337852043,1
1089,36.3,Participant4_LS_SlSl,Endomorph,Normal,slouch,1.0,0.0,0.0,-0.1351327428142347,-45.00471916430283,0.2385989713695908,1
1090,36.333333333333336,Participant4_LS_SlSl,Endomorph,Normal,slouch,1.0,0.0,0.0,-0.1589621375031722,-48.74573547681292,0.207462477420115,1
1091,36.36666666666667,Participant4_LS_SlSl,Endomorph,Normal,slouch,1.0,0.0,0.0,-0.1571531900571675,-47.71510614869075,0.2070587677574686,1
1092,36.4,Participant4_LS_SlSl,Endomorph,Normal,slouch,1.0,0.0,0.0,-0.1223203416730416,-43.76260518769148,0.2645961071734338,1
1093,36.43333333333333,Participant4_LS_SlSl,Endomorph,Normal,slouch,1.0,0.0,0.0,-0.1198903804098132,-46.355469762828605,0.2608526364867604,1
1094,36.46666666666667,Participant4_LS_SlSl,Endomorph,Normal,slouch,1.0,0.0,0.0,-0.1395968133467839,-44.741780794700176,0.2668352354381575,1
1095,36.5,Participant4_LS_SlSl,Endomorph,Normal,slouch,1.0,0.0,0.0,-0.065431907675281,-46.84489152258013,0.2704183310247281,1
1096,36.53333333333333,Participant4_LS_SlSl,Endomorph,Normal,slouch,1.0,0.0,0.0,-0.1632839733317186,-45.43453568576616,0.2411265907360165,1
1097,36.56666666666667,Participant4_LS_SlSl,Endomorph,Normal,slouch,1.0,0.0,0.0,-0.0743691203720358,-48.244197295055166,0.2545523722495611,1
1098,36.6,Participant4_LS_SlSl,Endomorph,Normal,slouch,1.0,0.0,0.0,-0.0886327998138645,-46.38114692347987,0.2677926935291704,1
1099,36.63333333333333,Participant4_LS_SlSl,Endomorph,Normal,slouch,1.0,0.0,0.0,-0.1149277395341852,-45.93936057873345,0.2561900003216678,1
1100,36.66666666666666,Participant4_LS_SlSl,Endomorph,Normal,slouch,1.0,0.0,0.0,-0.0903014943061737,-46.00947036966425,0.2444852139551261,1
1101,36.7,Participant4_LS_SlSl,Endomorph,Normal,slouch,1.0,0.0,0.0,-0.1099740077066327,-46.77485561383246,0.2705455291221401,1
1102,36.73333333333333,Participant4_LS_SlSl,Endomorph,Normal,slouch,1.0,0.0,0.0,-0.1547252643477155,-47.17743044316148,0.2668680957135412,1
1103,36.766666666666666,Participant4_LS_SlSl,Endomorph,Normal,slouch,1.0,0.0,0.0,-0.1137934993922172,-45.45661359842153,0.2707966143870592,1
1104,36.8,Participant4_LS_SlSl,Endomorph,Normal,slouch,1.0,0.0,0.0,-0.100053129223549,-45.42280137687993,0.2919366447192741,1
1105,36.833333333333336,Participant4_LS_SlSl,Endomorph,Normal,slouch,1.0,0.0,0.0,-0.1077427693344143,-47.34549660604237,0.2738960356421624,1
1106,36.86666666666667,Participant4_LS_SlSl,Endomorph,Normal,slouch,1.0,0.0,0.0,-0.0767994281290888,-47.85457800466906,0.2658251568804552,1
1107,36.9,Participant4_LS_SlSl,Endomorph,Normal,slouch,1.0,0.0,0.0,-0.123488005863892,-48.33815118450461,0.232453379294027,1
1108,36.93333333333333,Participant4_LS_SlSl,Endomorph,Normal,slouch,1.0,0.0,0.0,-0.163200955929596,-45.69090475988569,0.2902518092699414,1
1109,36.96666666666667,Participant4_LS_SlSl,Endomorph,Normal,slouch,1.0,0.0,0.0,-0.1397822660456232,-46.82271975023446,0.2226664401720818,1
1110,37.0,Participant4_LS_SlSl,Endomorph,Normal,slouch,1.0,0.0,0.0,-0.1275267304886537,-47.58911970102621,0.2575713452795234,1
1111,37.03333333333333,Participant4_LS_SlSl,Endomorph,Normal,slouch,1.0,0.0,0.0,-0.1508448245498067,-45.76284258654253,0.2352897775935547,1
1112,37.06666666666667,Participant4_LS_SlSl,Endomorph,Normal,slouch,1.0,0.0,0.0,-0.0945674198375932,-49.88458191561681,0.2029311140594841,1
1113,37.1,Participant4_LS_SlSl,Endomorph,Normal,slouch,1.0,0.0,0.0,-0.1078226564095637,-50.47080246675019,0.23024427313254,1
1114,37.13333333333333,Participant4_LS_SlSl,Endomorph,Normal,slouch,1.0,0.0,0.0,-0.1481047029673496,-47.211614922960585,0.2362294888346879,1
1115,37.16666666666666,Participant4_LS_SlSl,Endomorph,Normal,slouch,1.0,0.0,0.0,-0.1642488741776239,-46.0894655180168,0.2497622308231288,1
1116,37.2,Participant4_LS_SlSl,Endomorph,Normal,slouch,1.0,0.0,0.0,-0.1760421901986953,-47.542617128767525,0.2483105293620134,1
1117,37.23333333333333,Participant4_LS_SlSl,Endomorph,Normal,slouch,1.0,0.0,0.0,-0.1878355062197668,-48.889429641462414,0.2575293159243857,1
1118,37.266666666666666,Participant4_LS_SlSl,Endomorph,Normal,slouch,1.0,0.0,0.0,-0.1650585914712908,-46.07024597804589,0.2555580025339601,1
1119,37.3,Participant4_LS_SlSl,Endomorph,Normal,slouch,1.0,0.0,0.0,-0.1915405894576286,-47.33587358965092,0.2494399103640541,1
1120,37.333333333333336,Participant4_LS_SlSl,Endomorph,Normal,slouch,1.0,0.0,0.0,-0.1313762870013232,-49.36381110029266,0.2516916246861266,1
1121,37.36666666666667,Participant4_LS_SlSl,Endomorph,Normal,slouch,1.0,0.0,0.0,-0.1933791009078352,-47.38003350552871,0.2544481766088121,1
1122,37.4,Participant4_LS_SlSl,Endomorph,Normal,slouch,1.0,0.0,0.0,-0.1708488720053103,-47.64775880056521,0.2760805299779393,1
1123,37.43333333333333,Participant4_LS_SlSl,Endomorph,Normal,slouch,1.0,0.0,0.0,-0.1819576394148637,-48.29079285551298,0.2706320070364442,1
1124,37.46666666666667,Participant4_LS_SlSl,Endomorph,Normal,slouch,1.0,0.0,0.0,-0.1952663973100861,-49.30050999620983,0.2563400287255564,1
1125,37.5,Participant4_LS_SlSl,Endomorph,Normal,slouch,1.0,0.0,0.0,-0.1823525264842212,-46.05056529252827,0.2474825323886315,1
1126,37.53333333333333,Participant4_LS_SlSl,Endomorph,Normal,slouch,1.0,0.0,0.0,-0.1694386556583562,-47.85469108256237,0.2682511052371865,1
1127,37.56666666666667,Participant4_LS_SlSl,Endomorph,Normal,slouch,1.0,0.0,0.0,-0.1446820358416372,-46.15971061165986,0.2793755306059188,1
1128,37.6,Participant4_LS_SlSl,Endomorph,Normal,slouch,1.0,0.0,0.0,-0.1265698575273171,-46.77426335571959,0.2809898374183259,1
1129,37.63333333333333,Participant4_LS_SlSl,Endomorph,Normal,slouch,1.0,0.0,0.0,-0.1519987824357601,-47.92403385830509,0.2497214745571382,1
