frame_idx,timestamp,subject_id,participant_id,somatotype,bmi_category,label,h2s_ratio,shoulder_tilt_deg,head_roll_deg,forward_head_z,neck_flexion_deg,shoulder_width_norm,is_valid,view_angle
0,0.0,Participant1_IMG_4744,Participant1,Mesomorph,Normal,upright,1.1176351499751511,176.88042473894654,-172.77264759278304,-0.6854117512702942,-1.0233096044858356,0.3557891530652954,1,Front
1,0.0166623263888888,Participant1_IMG_4744,Participant1,Mesomorph,Normal,upright,1.1228640133984975,173.8878006297166,-170.7060412042663,-0.6622375547885895,-0.3797970143112029,0.3527331889637382,1,Front
2,0.0333246527777777,Participant1_IMG_4744,Participant1,Mesomorph,Normal,upright,1.1430832115180458,176.2314939951239,-171.72361861605583,-0.6858964413404465,-0.2691345154418849,0.3538030845135808,1,Front
3,0.0499869791666666,Participant1_IMG_4744,Participant1,Mesomorph,Normal,upright,1.1485899604328351,177.10291634022204,-169.15026401736316,-0.6461232900619507,-0.7587684255600211,0.3516032237155942,1,Front
4,0.0666493055555555,Participant1_IMG_4744,Participant1,Mesomorph,Normal,upright,1.1100516299091714,176.49244312463787,-170.59153750462178,-0.6453370451927185,-1.1317820043793745,0.3557922770604182,1,Front
5,0.0833116319444444,Participant1_IMG_4744,Participant1,Mesomorph,Normal,upright,1.1519477826537976,176.81688643094847,-171.31344827083487,-0.6445508003234863,-0.9180928470684692,0.3484141512200802,1,Front
6,0.0999739583333333,Participant1_IMG_4744,Participant1,Mesomorph,Normal,upright,1.1572289007977776,176.01017971843294,-169.05033286204898,-0.604124441742897,-0.9517848009732922,0.3436093883999256,1,Front
7,0.1166362847222222,Participant1_IMG_4744,Participant1,Mesomorph,Normal,upright,1.1491687868888714,175.3395842655982,-169.77092289241662,-0.6641574203968048,-1.0008468841053535,0.3503083252076934,1,Front
8,0.1332986111111111,Participant1_IMG_4744,Participant1,Mesomorph,Normal,upright,1.1174719867528236,178.39014515654097,-172.91570051700106,-0.649233877658844,-1.2275666694713083,0.3471290582622201,1,Front
9,0.1499609375,Participant1_IMG_4744,Participant1,Mesomorph,Normal,upright,1.114510538033602,176.97158525105007,-171.4989460788798,-0.6351421549916267,-1.4209531141802878,0.3523882325404805,1,Front
10,0.1666232638888888,Participant1_IMG_4744,Participant1,Mesomorph,Normal,upright,1.1297597700144264,177.58211693579008,-171.98677593078278,-0.6189440414309502,-1.3250952557416833,0.3525034899557034,1,Front
11,0.1832855902777777,Participant1_IMG_4744,Participant1,Mesomorph,Normal,upright,1.1165494805423797,178.16091264429346,-170.35722532060447,-0.6288952305912971,-1.2292373973030788,0.35052992488649,1,Front
12,0.1999479166666666,Participant1_IMG_4744,Participant1,Mesomorph,Normal,upright,1.139568053879004,176.36334307490958,-171.6641855068978,-0.5704583823680878,-1.133379538864474,0.3472608719280312,1,Front
13,0.2166102430555555,Participant1_IMG_4744,Participant1,Mesomorph,Normal,upright,1.1257164333741811,178.24357751922363,-170.46902682203037,-0.5233923941850662,-1.0375216804258698,0.3484173672860197,1,Front
14,0.2332725694444444,Participant1_IMG_4744,Participant1,Mesomorph,Normal,upright,1.18810793976904,178.69338877249146,-170.95455378369144,-0.4543905220925808,-0.9416638219872652,0.3435593080113072,1,Front
15,0.2499348958333333,Participant1_IMG_4744,Participant1,Mesomorph,Normal,upright,1.1340578185802512,-174.708212706872,-171.4616677989717,-0.4411128684878349,-0.8705884101878733,0.3592531470784563,1,Front
16,0.2665972222222222,Participant1_IMG_4744,Participant1,Mesomorph,Normal,upright,1.1580185536848626,-177.11464057538765,-170.07957149699206,-0.4420633092522621,-0.7995129983884813,0.3435247852336478,1,Front
17,0.2832595486111111,Participant1_IMG_4744,Participant1,Mesomorph,Normal,upright,1.1504206250587157,175.66686243501297,-168.42211777570972,-0.4324439167976379,1.0870603679907624,0.3341974173633235,1,Front
18,0.299921875,Participant1_IMG_4744,Participant1,Mesomorph,Normal,upright,1.166623525769837,-179.00091667888998,-169.47246716355707,-0.4580467864871025,-0.1272632672795857,0.3267239530046118,1,Front
19,0.3165842013888889,Participant1_IMG_4744,Participant1,Mesomorph,Normal,upright,1.1828264264809585,-179.24384687529513,-171.16551315759207,-0.5958792567253113,-0.9709918611237488,0.3343366667293813,1,Front
20,0.3332465277777777,Participant1_IMG_4744,Participant1,Mesomorph,Normal,upright,1.1667178188978826,-179.1514209455647,-173.58438264936237,-0.5596851035952568,-0.876277825216972,0.3411399842867012,1,Front
21,0.3499088541666666,Participant1_IMG_4744,Participant1,Mesomorph,Normal,upright,1.1635868177880144,179.99232875705638,-172.19178952684527,-0.6166695952415466,-1.2089855529971494,0.3441252143232753,1,Front
22,0.3665711805555555,Participant1_IMG_4744,Participant1,Mesomorph,Normal,upright,1.1532122076812312,177.35966676327183,-172.66162431813422,-0.622812308371067,-1.215642831470222,0.3520871687334638,1,Front
23,0.3832335069444444,Participant1_IMG_4744,Participant1,Mesomorph,Normal,upright,1.1763178581701146,178.22347311818856,-170.43748886131627,-0.5890139639377594,-1.1512323171861616,0.3496841413781623,1,Front
24,0.3998958333333333,Participant1_IMG_4744,Participant1,Mesomorph,Normal,upright,1.1732891866625863,178.68190384058525,-170.10972595066872,-0.5643896609544754,-0.138178305705929,0.3470001492573102,1,Front
25,0.4165581597222222,Participant1_IMG_4744,Participant1,Mesomorph,Normal,upright,1.1935263599262904,179.52505149236492,-170.2700738237926,-0.6343528553843498,-0.3587734629006878,0.3426649282677502,1,Front
26,0.4332204861111111,Participant1_IMG_4744,Participant1,Mesomorph,Normal,upright,1.16307008206867,-178.27326748280473,-171.9233492122693,-0.6074810326099396,-0.3187403531725424,0.3465197035272384,1,Front
27,0.4498828125,Participant1_IMG_4744,Participant1,Mesomorph,Normal,upright,1.159387079781828,-176.9984731108878,-170.97134832868903,-0.5705804526805878,-0.4114658051741668,0.3540576690542176,1,Front
28,0.4665451388888889,Participant1_IMG_4744,Participant1,Mesomorph,Normal,upright,1.1886598967562958,-176.52221126699945,-168.54679401505365,-0.5866818651556969,0.0004693897809867,0.3488882562189612,1,Front
29,0.4832074652777777,Participant1_IMG_4744,Participant1,Mesomorph,Normal,upright,1.200980785476684,-178.66896642933972,-172.30396272546147,-0.610892191529274,0.3598181610618191,0.3462349998496346,1,Front
30,0.4998697916666667,Participant1_IMG_4744,Participant1,Mesomorph,Normal,upright,1.1927542234956312,-175.87948107394658,-172.49879474885088,-0.6223213970661163,0.1271690751584498,0.3404080295182033,1,Front
31,0.5165321180555555,Participant1_IMG_4744,Participant1,Mesomorph,Normal,upright,1.1791526375226524,-177.3651996338222,-172.7362455539726,-0.6199562251567841,-0.1148408214106996,0.3418813477273095,1,Front
32,0.5331944444444444,Participant1_IMG_4744,Participant1,Mesomorph,Normal,upright,1.1789825591596867,-176.42128601401177,-172.49893261448457,-0.6377760171890259,0.1502836657932851,0.3389753906661976,1,Front
33,0.5498567708333333,Participant1_IMG_4744,Participant1,Mesomorph,Normal,upright,1.1698185679784976,-174.63927165677944,-171.80400353159527,-0.5916738659143448,0.2662062726280731,0.3458573147504237,1,Front
34,0.5665190972222222,Participant1_IMG_4744,Participant1,Mesomorph,Normal,upright,1.1843514057344262,-176.59590862441877,-173.5135199645352,-0.5939589738845825,0.0215232724079651,0.335264770248553,1,Front
35,0.5831814236111111,Participant1_IMG_4744,Participant1,Mesomorph,Normal,upright,1.1789121031149412,-175.6142328619676,-172.69954370321454,-0.5588454306125641,0.4113288769483134,0.3324324810956623,1,Front
36,0.59984375,Participant1_IMG_4744,Participant1,Mesomorph,Normal,upright,1.1692208300558964,-176.47829494088631,-171.7848186897174,-0.5870985835790634,0.3139836063801574,0.3319188286768211,1,Front
37,0.6165060763888889,Participant1_IMG_4744,Participant1,Mesomorph,Normal,upright,1.1724190502872829,-176.4638089281572,-173.1071538361715,-0.5572704523801804,0.4928767672100005,0.3288020482509555,1,Front
38,0.6331684027777778,Participant1_IMG_4744,Participant1,Mesomorph,Normal,upright,1.1677523697729624,-176.32413533206247,-170.92401267683894,-0.554254524409771,1.0861856276634023,0.3238792937586724,1,Front
39,0.6498307291666666,Participant1_IMG_4744,Participant1,Mesomorph,Normal,upright,1.1649165271894295,-175.61994934034988,-173.08452036186398,-0.5458029210567474,1.022210012932074,0.3195181919523297,1,Front
40,0.6664930555555555,Participant1_IMG_4744,Participant1,Mesomorph,Normal,upright,1.1669856196251296,-176.8851831619329,-173.67754899202703,-0.5715759545564651,0.8490984457201943,0.320377636648355,1,Front
41,0.6831553819444445,Participant1_IMG_4744,Participant1,Mesomorph,Normal,upright,1.1649870661452713,-177.49216337906702,-172.4631073223421,-0.5619797259569168,1.1407154680648024,0.3169889759469678,1,Front
42,0.6998177083333333,Participant1_IMG_4744,Participant1,Mesomorph,Normal,upright,1.1632860728221492,-176.10791949883762,-170.91797982566564,-0.5626315623521805,0.8280945977216322,0.3121742131139207,1,Front
43,0.7164800347222222,Participant1_IMG_4744,Participant1,Mesomorph,Normal,upright,1.15122291738231,-177.1700732052345,-170.89510587035326,-0.5488063842058182,1.1852556156969192,0.314435682930086,1,Front
44,0.7331423611111111,Participant1_IMG_4744,Participant1,Mesomorph,Normal,upright,1.1569033095210666,-176.8734672255967,-172.97596527880933,-0.5697464048862457,1.0523943278425338,0.3097831651342608,1,Front
45,0.7498046875,Participant1_IMG_4744,Participant1,Mesomorph,Normal,upright,1.1574360938875896,-177.43854092890965,-169.96901628069222,-0.567799761891365,0.9338913173120088,0.3115416358177666,1,Front
46,0.7664670138888888,Participant1_IMG_4744,Participant1,Mesomorph,Normal,upright,1.167961868738628,-177.7650729752399,-172.454187930777,-0.5425982624292374,1.515519441171143,0.3023629029604247,1,Front
47,0.7831293402777778,Participant1_IMG_4744,Participant1,Mesomorph,Normal,upright,1.128569875679596,-177.45000735203752,-172.27678240251493,-0.5506613254547119,1.3883260225664504,0.3026205579664213,1,Front
48,0.7997916666666667,Participant1_IMG_4744,Participant1,Mesomorph,Normal,upright,1.146659693629474,-177.8826341650441,-172.1325105194732,-0.5139173939824104,0.915040356684355,0.2996171743193656,1,Front
49,0.8164539930555555,Participant1_IMG_4744,Participant1,Mesomorph,Normal,upright,1.138029605348418,-177.16430980646714,-171.77934101059947,-0.5594311356544495,1.0575798591993146,0.2992790774784365,1,Front
50,0.8331163194444444,Participant1_IMG_4744,Participant1,Mesomorph,Normal,upright,1.1349354164529308,-176.63648224910858,-172.18699113743585,-0.5687383562326431,0.8812702550453246,0.2981291485519731,1,Front
51,0.8497786458333333,Participant1_IMG_4744,Participant1,Mesomorph,Normal,upright,1.1311819628559203,-175.38928043054008,-172.92815686530622,-0.5519230216741562,0.3402483621124439,0.2985488926248674,1,Front
52,0.8664409722222222,Participant1_IMG_4744,Participant1,Mesomorph,Normal,upright,1.1304384352654415,-175.230441227311,-172.53801606869453,-0.5482341200113297,0.0396630024007429,0.2984626678895262,1,Front
53,0.8831032986111111,Participant1_IMG_4744,Participant1,Mesomorph,Normal,upright,1.1218081545241545,-176.2321734214123,-171.7895463822873,-0.5429912358522415,0.2900216270188656,0.2985085230555324,1,Front
54,0.899765625,Participant1_IMG_4744,Participant1,Mesomorph,Normal,upright,1.1431035166012278,-176.384778254563,-171.36548903964638,-0.5305865705013275,-0.0606115737082691,0.2954706979870895,1,Front
55,0.9164279513888888,Participant1_IMG_4744,Participant1,Mesomorph,Normal,upright,1.1548250578672246,-175.89931790242645,-169.42729376057198,-0.4912396073341369,-0.2330709095745306,0.2926506749483103,1,Front
56,0.9330902777777778,Participant1_IMG_4744,Participant1,Mesomorph,Normal,upright,1.125679363012576,-175.01309522281358,-170.79677627707375,-0.5004497617483139,-0.2444430514346653,0.2899526051625437,1,Front
57,0.9497526041666666,Participant1_IMG_4744,Participant1,Mesomorph,Normal,upright,1.130757096339008,-174.9556939891326,-170.4526399597176,-0.5207676142454147,-0.0316253869550647,0.2924886856372942,1,Front
58,0.9664149305555556,Participant1_IMG_4744,Participant1,Mesomorph,Normal,upright,1.1306491536195131,-174.51814797135813,-170.49744457196903,-0.4893910735845566,-0.8067864203656143,0.288740767158781,1,Front
59,0.9830772569444444,Participant1_IMG_4744,Participant1,Mesomorph,Normal,upright,1.1299035292763069,-174.56563659682524,-170.97840925069423,-0.5131477117538452,-0.7882599546889709,0.2903858640802629,1,Front
60,0.9997395833333332,Participant1_IMG_4744,Participant1,Mesomorph,Normal,upright,1.1186927810271212,-174.9614116176936,-171.6170896709396,-0.5135824978351593,-0.8689476030934239,0.2881451085756607,1,Front
61,1.016401909722222,Participant1_IMG_4744,Participant1,Mesomorph,Normal,upright,1.1104754492909266,-175.05656347137196,-171.08691730380266,-0.5162982940673828,-0.4587728231163424,0.2886478985670249,1,Front
62,1.033064236111111,Participant1_IMG_4744,Participant1,Mesomorph,Normal,upright,1.1001698281371408,-175.84505318992484,-169.5384385163133,-0.5377565175294876,-0.5387387497949353,0.2877459548687159,1,Front
63,1.0497265625,Participant1_IMG_4744,Participant1,Mesomorph,Normal,upright,1.1038336722342994,-176.3172784284435,-171.09847097464475,-0.5264009088277817,-0.5674094682497198,0.2841140602525276,1,Front
64,1.0663888888888888,Participant1_IMG_4744,Participant1,Mesomorph,Normal,upright,1.0975545971422578,-176.0810673412779,-171.52751972596042,-0.5438474267721176,-0.1044622571141312,0.284489054420607,1,Front
65,1.0830512152777778,Participant1_IMG_4744,Participant1,Mesomorph,Normal,upright,1.121681930458185,-175.0961395431942,-171.4181766039089,-0.5111340135335922,-0.6602799702110386,0.2890123383208176,1,Front
66,1.0997135416666666,Participant1_IMG_4744,Participant1,Mesomorph,Normal,upright,1.1227598831133645,-175.47276669657464,-171.06738112257406,-0.5043492317199707,-0.2289202452324377,0.2880172480793265,1,Front
67,1.1163758680555556,Participant1_IMG_4744,Participant1,Mesomorph,Normal,upright,1.1333843557359105,-177.22209201626137,-171.51042672143214,-0.4859966039657593,-0.1496302424345953,0.2867980124454523,1,Front
68,1.1330381944444443,Participant1_IMG_4744,Participant1,Mesomorph,Normal,upright,1.1168664368029482,-176.5713623239306,-172.85886383535524,-0.5068966001272202,-0.6940235713426925,0.2853932031906336,1,Front
69,1.1497005208333333,Participant1_IMG_4744,Participant1,Mesomorph,Normal,upright,1.1201534996905165,-176.0630365903053,-172.65064452351157,-0.5225967764854431,-0.7218612208885238,0.2828765133040686,1,Front
70,1.1663628472222225,Participant1_IMG_4744,Participant1,Mesomorph,Normal,upright,1.123670502670354,-176.5833760095019,-172.4801285023203,-0.5146682858467102,-0.6887179477686625,0.2828400040161782,1,Front
71,1.183025173611111,Participant1_IMG_4744,Participant1,Mesomorph,Normal,upright,1.1092939277803806,-177.45077537911203,-170.78740330195018,-0.5294026881456375,-0.3601980172598336,0.2788578513243386,1,Front
72,1.1996875,Participant1_IMG_4744,Participant1,Mesomorph,Normal,upright,1.1189863978477892,-175.91148803253537,-171.5621274310737,-0.5265785157680511,-0.2715564292359442,0.2811182574858369,1,Front
73,1.2163498263888888,Participant1_IMG_4744,Participant1,Mesomorph,Normal,upright,1.131024626954668,-175.63003716447724,-172.7572815148749,-0.5087309926748276,-0.6643616388617776,0.2840196976235827,1,Front
74,1.2330121527777778,Participant1_IMG_4744,Participant1,Mesomorph,Normal,upright,1.1211959646557943,-175.64337109037442,-172.06955709029356,-0.503646656870842,-0.527080889693498,0.2851422946376967,1,Front
75,1.2496744791666667,Participant1_IMG_4744,Participant1,Mesomorph,Normal,upright,1.1236937080503224,-176.1532381457936,-173.79433241843873,-0.5181569308042526,-0.3183580631713516,0.284667876812303,1,Front
76,1.2663368055555555,Participant1_IMG_4744,Participant1,Mesomorph,Normal,upright,1.1140517884486076,-176.50183968524806,-173.84753708911924,-0.5171722918748856,-0.1029715589997409,0.2837234854437789,1,Front
77,1.2829991319444445,Participant1_IMG_4744,Participant1,Mesomorph,Normal,upright,1.1215567060237948,-175.89288563160295,-174.7290801749584,-0.5006253719329834,-0.2395329883946232,0.2846374080553177,1,Front
78,1.2996614583333332,Participant1_IMG_4744,Participant1,Mesomorph,Normal,upright,1.121760810636775,-176.69165594345156,-173.4841953385872,-0.4816223978996277,-0.3303714429135538,0.2837089986942133,1,Front
79,1.3163237847222222,Participant1_IMG_4744,Participant1,Mesomorph,Normal,upright,1.129164355526571,-176.23167490660146,-173.35664540979155,-0.4658076092600822,-0.3691840547554862,0.2830215735990996,1,Front
80,1.332986111111111,Participant1_IMG_4744,Participant1,Mesomorph,Normal,upright,1.1195985943738862,-177.20872584337448,-174.1558538195,-0.46589545160532,-0.2324774032371729,0.2845028668485976,1,Front
81,1.3496484375,Participant1_IMG_4744,Participant1,Mesomorph,Normal,upright,1.1149369432031924,-177.60723578452394,-172.76974072572108,-0.4786083102226257,-0.2660893811345601,0.2835446391317265,1,Front
82,1.366310763888889,Participant1_IMG_4744,Participant1,Mesomorph,Normal,upright,1.121494095362508,-176.3045818374517,-172.6869607017432,-0.4782989621162414,-0.4601193557336594,0.2857878391576308,1,Front
83,1.3829730902777777,Participant1_IMG_4744,Participant1,Mesomorph,Normal,upright,1.112195489111044,-175.7868365711188,-173.19286265531838,-0.5038902759552002,-0.4022869793069235,0.2854231064184718,1,Front
84,1.399635416666667,Participant1_IMG_4744,Participant1,Mesomorph,Normal,upright,1.1267554731538734,-176.43986106150328,-173.46155297742806,-0.5148133188486099,-0.056486517210653,0.2842222637309147,1,Front
85,1.4162977430555554,Participant1_IMG_4744,Participant1,Mesomorph,Normal,upright,1.117909964384812,-175.777699923358,-174.53445415033076,-0.5118436813354492,-0.3746209921814127,0.28641679984445,1,Front
86,1.4329600694444444,Participant1_IMG_4744,Participant1,Mesomorph,Normal,upright,1.1146867833057046,-175.07987997370256,-173.99770942295498,-0.5365888476371765,-0.0862489343614878,0.2861109007289756,1,Front
87,1.4496223958333332,Participant1_IMG_4744,Participant1,Mesomorph,Normal,upright,1.1383556752132782,-175.64354480060993,-171.3458758890063,-0.5364265888929367,0.5879200865986032,0.2881793368663406,1,Front
88,1.4662847222222222,Participant1_IMG_4744,Participant1,Mesomorph,Normal,upright,1.1500282471848695,-177.29446322630707,-171.83354465749676,-0.5263219922780991,0.8632541128756619,0.2832847703417087,1,Front
89,1.4829470486111112,Participant1_IMG_4744,Participant1,Mesomorph,Normal,upright,1.1223545794379897,-177.5423217010803,-172.0436875819428,-0.5481396615505219,0.9560566053484236,0.2899444391349041,1,Front
90,1.499609375,Participant1_IMG_4744,Participant1,Mesomorph,Normal,upright,1.1317556964334758,-175.4240373187174,-170.52900045583584,-0.5374276041984558,0.8702264971024576,0.2909580757504145,1,Front
91,1.516271701388889,Participant1_IMG_4744,Participant1,Mesomorph,Normal,upright,1.1499973693476475,-177.1726578783134,-172.8376236589024,-0.4992192834615707,0.6132830752726357,0.2866802087367893,1,Front
92,1.5329340277777777,Participant1_IMG_4744,Participant1,Mesomorph,Normal,upright,1.129497982379436,-177.25020267678377,-173.03730017249563,-0.517968937754631,0.7221565960399388,0.2885497934276136,1,Front
93,1.5495963541666666,Participant1_IMG_4744,Participant1,Mesomorph,Normal,upright,1.1477724216301948,-177.83690609179573,-172.59898452409638,-0.5037093013525009,0.5545686903509948,0.2885754629219674,1,Front
94,1.5662586805555556,Participant1_IMG_4744,Participant1,Mesomorph,Normal,upright,1.1316377950092438,-177.91426825618026,-174.08189393889293,-0.53603795170784,0.7318901960580458,0.2937123563133254,1,Front
95,1.5829210069444444,Participant1_IMG_4744,Participant1,Mesomorph,Normal,upright,1.1379887314471322,-178.3850668427459,-172.65328067122869,-0.5269552320241928,0.7189521108078412,0.2959910594816582,1,Front
96,1.5995833333333334,Participant1_IMG_4744,Participant1,Mesomorph,Normal,upright,1.1099243419585545,-178.22202450526655,-171.22739168808096,-0.5468348115682602,0.3055364383230466,0.2913210726512916,1,Front
97,1.616245659722222,Participant1_IMG_4744,Participant1,Mesomorph,Normal,upright,1.1138663831102251,-178.4065137871835,-173.01445474103582,-0.5653801262378693,0.639729437764695,0.2910571032174455,1,Front
98,1.632907986111111,Participant1_IMG_4744,Participant1,Mesomorph,Normal,upright,1.1031511346519702,-178.64229347317803,-172.7809793483284,-0.5377217084169388,1.4023786129877769,0.2884108103821505,1,Front
99,1.6495703125,Participant1_IMG_4744,Participant1,Mesomorph,Normal,upright,1.104056038624025,-178.60695080650834,-172.05317889475234,-0.5509467273950577,1.1738793247835648,0.2933317723941363,1,Front
100,1.6662326388888888,Participant1_IMG_4744,Participant1,Mesomorph,Normal,upright,1.119453734210448,-178.10763142284418,-174.0348045688574,-0.5536182671785355,1.078410430981245,0.291411005448109,1,Front
101,1.6828949652777778,Participant1_IMG_4744,Participant1,Mesomorph,Normal,upright,1.1251805722888466,-179.48596849463752,-172.42721846574526,-0.5484185814857483,0.6502267966572535,0.2920563335022348,1,Front
102,1.6995572916666666,Participant1_IMG_4744,Participant1,Mesomorph,Normal,upright,1.1289954670357034,-178.7016510549503,-172.3233071840303,-0.5558483824133873,0.6530731492266227,0.2916950839279151,1,Front
103,1.7162196180555556,Participant1_IMG_4744,Participant1,Mesomorph,Normal,upright,1.1281494686316975,-179.51439820920334,-171.55775160991655,-0.523828499019146,1.0241349897401704,0.2924515438398237,1,Front
104,1.7328819444444443,Participant1_IMG_4744,Participant1,Mesomorph,Normal,upright,1.1132920089781242,-176.51844538652844,-172.4834286466758,-0.5390633270144463,0.6571542203568113,0.2948008908326727,1,Front
105,1.7495442708333333,Participant1_IMG_4744,Participant1,Mesomorph,Normal,upright,1.1193847772860954,-178.04402140785467,-172.06580872850992,-0.5308210030198097,0.686363921869074,0.2947852383753921,1,Front
106,1.7662065972222225,Participant1_IMG_4744,Participant1,Mesomorph,Normal,upright,1.1351464868098178,-179.58967605057447,-172.5619424097118,-0.529109887778759,1.313064961862324,0.2958657913872391,1,Front
107,1.782868923611111,Participant1_IMG_4744,Participant1,Mesomorph,Normal,upright,1.12758218854194,-179.33390294608049,-172.0455867103592,-0.5498057901859283,1.380101008017982,0.2959281508079872,1,Front
108,1.79953125,Participant1_IMG_4744,Participant1,Mesomorph,Normal,upright,1.14313507573692,-177.2839089945074,-172.23107734844697,-0.5178221836686134,0.938909046508316,0.2973504238560089,1,Front
109,1.8161935763888888,Participant1_IMG_4744,Participant1,Mesomorph,Normal,upright,1.1100587833615705,-178.49128416601582,-173.11143663202665,-0.5266945734620094,1.2022749029916393,0.3007351229137102,1,Front
110,1.832855902777777,Participant1_IMG_4744,Participant1,Mesomorph,Normal,upright,1.1471538474726777,-176.06446208954833,-170.92529844625534,-0.5323441103100777,0.8020293887712284,0.301599919884908,1,Front
111,1.8495182291666663,Participant1_IMG_4744,Participant1,Mesomorph,Normal,upright,1.135941241702396,-176.48986627591677,-171.20184767977082,-0.5508356615900993,0.6345828147230745,0.3010291267610897,1,Front
112,1.8661805555555555,Participant1_IMG_4744,Participant1,Mesomorph,Normal,upright,1.1462070709196674,-177.95116078067832,-173.34315716033342,-0.5570284724235535,0.6887128981099033,0.2994372599690935,1,Front
113,1.8828428819444445,Participant1_IMG_4744,Participant1,Mesomorph,Normal,upright,1.1571560695311385,-176.217966091444,-171.96734479828993,-0.548614151775837,0.6665110274806151,0.302744627295834,1,Front
114,1.8995052083333333,Participant1_IMG_4744,Participant1,Mesomorph,Normal,upright,1.1548358578535178,-177.34294989450308,-171.47915643155645,-0.5652009323239326,0.7462612425784201,0.3046393874735506,1,Front
115,1.9161675347222225,Participant1_IMG_4744,Participant1,Mesomorph,Normal,upright,1.138331043841916,-176.65466766792042,-171.83976081636766,-0.5621031373739243,0.6584222259595944,0.3054485610432303,1,Front
116,1.932829861111111,Participant1_IMG_4744,Participant1,Mesomorph,Normal,upright,1.1521393014792345,-176.3689911943373,-171.75791664891094,-0.5849643647670746,0.7101467055014028,0.306385256234826,1,Front
117,1.9494921875,Participant1_IMG_4744,Participant1,Mesomorph,Normal,upright,1.1311188054440011,-175.94041352339232,-172.0920269373309,-0.551596000790596,0.4706402243652593,0.3108381397514653,1,Front
118,1.9661545138888887,Participant1_IMG_4744,Participant1,Mesomorph,Normal,upright,1.1242211328202565,-177.76434127756795,-170.3029387464143,-0.5655832290649414,0.6892595524582369,0.3103483460223507,1,Front
119,1.9828168402777773,Participant1_IMG_4744,Participant1,Mesomorph,Normal,upright,1.1293112483344738,-175.20492795022054,-170.79933620869664,-0.5642558336257935,0.1796684228511368,0.3131114068993414,1,Front
120,1.9994791666666667,Participant1_IMG_4744,Participant1,Mesomorph,Normal,upright,1.11194245619376,-175.7098672707923,-171.0385670473958,-0.5524393171072006,0.7703464226982929,0.3089454943575621,1,Front
121,2.016141493055556,Participant1_IMG_4744,Participant1,Mesomorph,Normal,upright,1.1054648777839444,-175.27425979117717,-171.54571296206043,-0.5549996793270111,0.419901612673742,0.3094164090773842,1,Front
122,2.032803819444444,Participant1_IMG_4744,Participant1,Mesomorph,Normal,upright,1.1211660255084035,-175.48149947210933,-171.61821827847646,-0.5792944580316544,0.2453021422916882,0.3132896615086633,1,Front
123,2.049466145833333,Participant1_IMG_4744,Participant1,Mesomorph,Normal,upright,1.1254624207661192,-174.19215536088527,-171.374451376133,-0.5736012607812881,0.3804139698885728,0.3158708642218121,1,Front
124,2.066128472222222,Participant1_IMG_4744,Participant1,Mesomorph,Normal,upright,1.1297243392915386,-174.8715683210391,-172.1350296388581,-0.5809811651706696,0.3090515057145441,0.3137806442334208,1,Front
125,2.082790798611111,Participant1_IMG_4744,Participant1,Mesomorph,Normal,upright,1.1190982875375592,-174.58506120338228,-171.15364684777612,-0.5879940092563629,0.4788732828433613,0.3168490243411899,1,Front
126,2.099453125,Participant1_IMG_4744,Participant1,Mesomorph,Normal,upright,1.1062262801616358,-176.14476546739502,-172.4360216398263,-0.6142968833446503,-0.3658825505252285,0.3151851281645916,1,Front
127,2.1161154513888887,Participant1_IMG_4744,Participant1,Mesomorph,Normal,upright,1.110337653599027,-174.86979808733895,-171.91762524301726,-0.6008996963500977,0.0834769697743719,0.3187752883658196,1,Front
128,2.1327777777777777,Participant1_IMG_4744,Participant1,Mesomorph,Normal,upright,1.0932476608109611,-177.4502597046443,-172.1356040846904,-0.5825063288211823,0.5886726283773048,0.3166637854363218,1,Front
129,2.149440104166666,Participant1_IMG_4744,Participant1,Mesomorph,Normal,upright,1.0968632935916245,-173.41619680426527,-172.61223609547525,-0.5950770974159241,0.5649919373227619,0.3209198861498664,1,Front
130,2.166102430555556,Participant1_IMG_4744,Participant1,Mesomorph,Normal,upright,1.0984913918625063,-175.84970042988564,-172.73008162938248,-0.5885869264602661,0.5258610258935295,0.3159052479858446,1,Front
131,2.1827647569444446,Participant1_IMG_4744,Participant1,Mesomorph,Normal,upright,1.0849041830149029,-176.86055840927716,-172.33342048576463,-0.5856608599424362,1.0291105051198508,0.3134920273882327,1,Front
132,2.199427083333333,Participant1_IMG_4744,Participant1,Mesomorph,Normal,upright,1.0865675733178792,-176.83223290929743,-171.83396193808247,-0.5663178563117981,0.6455943769845588,0.317907672984269,1,Front
133,2.216089409722222,Participant1_IMG_4744,Participant1,Mesomorph,Normal,upright,1.084620044701907,-176.5718268865727,-171.3949403097058,-0.5769417732954025,0.4704329542261804,0.3200669330465592,1,Front
134,2.232751736111111,Participant1_IMG_4744,Participant1,Mesomorph,Normal,upright,1.0806332770952978,-177.07033827318654,-170.045488066251,-0.5740036815404892,0.5818771224986367,0.3213836594101671,1,Front
135,2.2494140625,Participant1_IMG_4744,Participant1,Mesomorph,Normal,upright,1.0990837523563508,-176.34832346122224,-172.3771795841036,-0.5799487829208374,0.4853857102120248,0.3209915111646961,1,Front
136,2.2660763888888886,Participant1_IMG_4744,Participant1,Mesomorph,Normal,upright,1.1041322153688105,-176.6517311220451,-172.74312552318472,-0.5849349647760391,1.0431328188578384,0.3225321817896573,1,Front
137,2.2827387152777776,Participant1_IMG_4744,Participant1,Mesomorph,Normal,upright,1.0969566048790296,-177.25943045009893,-172.732702570284,-0.5894502550363541,0.9008454876441406,0.3186574335588978,1,Front
138,2.2994010416666666,Participant1_IMG_4744,Participant1,Mesomorph,Normal,upright,1.0907943479988085,-176.01560157144775,-173.83188196314936,-0.6044201850891113,0.6693754648766698,0.3222252644896673,1,Front
139,2.316063368055556,Participant1_IMG_4744,Participant1,Mesomorph,Normal,upright,1.0775310559336295,-177.08601311553343,-170.49766952449517,-0.5875668078660965,0.2809804699243834,0.3209043433402904,1,Front
140,2.332725694444445,Participant1_IMG_4744,Participant1,Mesomorph,Normal,upright,1.0762043742756788,-175.86460206946302,-171.10399867929218,-0.5718704164028168,-0.04404996298631,0.3235952199701517,1,Front
141,2.349388020833333,Participant1_IMG_4744,Participant1,Mesomorph,Normal,upright,1.0853307215838972,-176.4884268401859,-169.57599084951192,-0.5611720383167267,0.054402659853138,0.3242017562600491,1,Front
142,2.366050347222222,Participant1_IMG_4744,Participant1,Mesomorph,Normal,upright,1.089335364291154,-177.52647823077177,-169.06457132641137,-0.5456259101629257,-0.1746043396752803,0.3230907610827113,1,Front
143,2.382712673611111,Participant1_IMG_4744,Participant1,Mesomorph,Normal,upright,1.0784036067156657,-177.90400212320358,-170.1854531477145,-0.5829219818115234,0.592842651989613,0.3236038316584285,1,Front
144,2.399375,Participant1_IMG_4744,Participant1,Mesomorph,Normal,upright,1.0756916074500549,-177.71224506939714,-170.8525944893724,-0.5982753336429596,0.450408379932344,0.3246102204016047,1,Front
145,2.416037326388889,Participant1_IMG_4744,Participant1,Mesomorph,Normal,upright,1.076009819147144,-177.0803986830989,-169.87368866922887,-0.5811084806919098,0.7275178380448887,0.3212754375065024,1,Front
146,2.4326996527777776,Participant1_IMG_4744,Participant1,Mesomorph,Normal,upright,1.0806373341619548,-176.19067404316448,-169.26981080799732,-0.6009301841259003,0.3842936677246303,0.3275351263571741,1,Front
147,2.4493619791666665,Participant1_IMG_4744,Participant1,Mesomorph,Normal,upright,1.0808445435466876,-176.04511124340146,-170.36212165883134,-0.6059609204530716,0.5571692002616407,0.3246887941831909,1,Front
148,2.4660243055555555,Participant1_IMG_4744,Participant1,Mesomorph,Normal,upright,1.06646389747963,-174.71241270985996,-171.36276071436995,-0.6074689626693726,0.4952727604833454,0.3237140594228102,1,Front
149,2.4826866319444445,Participant1_IMG_4744,Participant1,Mesomorph,Normal,upright,1.087686381824558,-176.581037339753,-170.0179850878708,-0.5796379745006561,0.6254824588466517,0.3217896797973263,1,Front
150,2.499348958333333,Participant1_IMG_4744,Participant1,Mesomorph,Normal,upright,1.081973670300389,-176.36338829869214,-171.31472125298578,-0.5878297537565231,0.8046946474647736,0.3226906251253259,1,Front
151,2.516011284722222,Participant1_IMG_4744,Participant1,Mesomorph,Normal,upright,1.0584131195560766,-176.07537554283596,-171.9879985675893,-0.5831503719091415,0.6407781570924429,0.325061141572485,1,Front
152,2.532673611111111,Participant1_IMG_4744,Participant1,Mesomorph,Normal,upright,1.0557219465842416,-176.6482126793845,-172.16409914288232,-0.5691690295934677,0.5621517344122806,0.3201642358203123,1,Front
153,2.5493359375,Participant1_IMG_4744,Participant1,Mesomorph,Normal,upright,1.05659560827877,-176.03941629510632,-172.09058828874308,-0.5646368265151978,0.7079860616779448,0.3228255360084147,1,Front
154,2.565998263888889,Participant1_IMG_4744,Participant1,Mesomorph,Normal,upright,1.05877546387922,-176.41644739798227,-172.0464324645779,-0.5704021453857422,0.7554022303893831,0.3233386811856193,1,Front
155,2.582660590277777,Participant1_IMG_4744,Participant1,Mesomorph,Normal,upright,1.0595798233575051,-177.10649593698378,-172.48051462261563,-0.5960192382335663,0.7332030358068999,0.3234326279455991,1,Front
156,2.5993229166666665,Participant1_IMG_4744,Participant1,Mesomorph,Normal,upright,1.0814332544309062,-175.73717383130662,-170.53969548765144,-0.5822080373764038,0.3585528338045448,0.3274586698824903,1,Front
157,2.6159852430555555,Participant1_IMG_4744,Participant1,Mesomorph,Normal,upright,1.0808453891033545,-175.91590993767613,-171.61437011896913,-0.5726994574069977,0.495581055034406,0.3238430643837542,1,Front
158,2.6326475694444444,Participant1_IMG_4744,Participant1,Mesomorph,Normal,upright,1.070848035435814,-176.35538899675356,-171.34848175582218,-0.570012778043747,0.2170598891969655,0.3221642944048007,1,Front
159,2.649309895833333,Participant1_IMG_4744,Participant1,Mesomorph,Normal,upright,1.061645141572849,-176.2075845351848,-170.96055304592704,-0.5756547003984451,0.4710706908608305,0.321999531005227,1,Front
160,2.665972222222222,Participant1_IMG_4744,Participant1,Mesomorph,Normal,upright,1.07646014949316,-175.32174860605275,-171.58807242979915,-0.5577363073825836,0.1731354582246759,0.326678131142062,1,Front
161,2.682634548611111,Participant1_IMG_4744,Participant1,Mesomorph,Normal,upright,1.0655680374287442,-175.04561550343772,-171.34017130176514,-0.5806170850992203,0.1272138089125333,0.324761671255239,1,Front
162,2.699296875,Participant1_IMG_4744,Participant1,Mesomorph,Normal,upright,1.0592321069445838,-175.5374223073072,-171.84841266330278,-0.5784682482481003,0.4679635583129582,0.3261281940528534,1,Front
163,2.715959201388889,Participant1_IMG_4744,Participant1,Mesomorph,Normal,upright,1.059318638318969,-175.27106094723163,-171.417865616384,-0.5829925090074539,0.5549357414697617,0.3265087298769937,1,Front
164,2.732621527777778,Participant1_IMG_4744,Participant1,Mesomorph,Normal,upright,1.0711427673083656,-174.0092687579332,-171.94099018299852,-0.5809679180383682,0.406588977674431,0.3243351483621949,1,Front
165,2.7492838541666664,Participant1_IMG_4744,Participant1,Mesomorph,Normal,upright,1.0722208499884016,-175.49469625675755,-170.96788134226028,-0.5850884169340134,0.3740766947990402,0.3276642424587876,1,Front
166,2.7659461805555554,Participant1_IMG_4744,Participant1,Mesomorph,Normal,upright,1.070569520861549,-175.82448591540611,-171.02344519271503,-0.581774428486824,0.3979887028603762,0.3303993551855245,1,Front
167,2.7826085069444444,Participant1_IMG_4744,Participant1,Mesomorph,Normal,upright,1.0601318759513716,-175.29737610959398,-171.55249747245685,-0.567235141992569,0.2314194964604657,0.3271001007941406,1,Front
168,2.7992708333333334,Participant1_IMG_4744,Participant1,Mesomorph,Normal,upright,1.0649750954543749,-175.84933801970672,-172.0238582750888,-0.5689978301525116,0.2095019322088745,0.3266540763258874,1,Front
169,2.8159331597222224,Participant1_IMG_4744,Participant1,Mesomorph,Normal,upright,1.0585639090047183,-175.30821283823752,-171.4675398799488,-0.5718999207019806,-0.0114989329526347,0.3260124864060384,1,Front
170,2.832595486111111,Participant1_IMG_4744,Participant1,Mesomorph,Normal,upright,1.0621592317558792,-174.4200781070316,-172.2371829882028,-0.5766626447439194,0.0944059851922917,0.3279740431348252,1,Front
171,2.8492578125,Participant1_IMG_4744,Participant1,Mesomorph,Normal,upright,1.070460924447957,-175.34869794919862,-172.08687253157575,-0.5670302659273148,-0.16132463488427,0.3270392939113292,1,Front
172,2.865920138888889,Participant1_IMG_4744,Participant1,Mesomorph,Normal,upright,1.0696775190776506,-176.04198435560826,-171.80402126351922,-0.563220664858818,-0.50065528481819,0.3233351635382086,1,Front
173,2.882582465277778,Participant1_IMG_4744,Participant1,Mesomorph,Normal,upright,1.0558764583138864,-175.47858643873113,-170.7293041086183,-0.5622941702604294,-0.817623963693185,0.3221773159926328,1,Front
174,2.8992447916666664,Participant1_IMG_4744,Participant1,Mesomorph,Normal,upright,1.0667949124435785,-175.73346283792216,-170.82329849628968,-0.5562881231307983,-0.4889101453729045,0.3223416738602773,1,Front
175,2.915907118055556,Participant1_IMG_4744,Participant1,Mesomorph,Normal,upright,1.0763198240998493,-176.52421990500855,-170.37543007467934,-0.553295686841011,0.0049429693743614,0.3227197583209937,1,Front
176,2.9325694444444443,Participant1_IMG_4744,Participant1,Mesomorph,Normal,upright,1.082585912363577,-176.9307549045372,-170.60884125365754,-0.5648690462112427,0.143813953568947,0.3223134753850248,1,Front
177,2.9492317708333333,Participant1_IMG_4744,Participant1,Mesomorph,Normal,upright,1.0560510855469354,-176.64168510425992,-172.2493679584046,-0.5577829778194427,0.3361390015572738,0.3214758720151761,1,Front
178,2.9658940972222223,Participant1_IMG_4744,Participant1,Mesomorph,Normal,upright,1.0698722441431097,-176.44162853408363,-172.2707062083907,-0.5728469491004944,0.2806768788759145,0.3254788293620678,1,Front
179,2.982556423611111,Participant1_IMG_4744,Participant1,Mesomorph,Normal,upright,1.072035055498932,-177.45251356073578,-171.90377132037807,-0.5691220462322235,0.2414700182378644,0.3230453875376332,1,Front
180,2.99921875,Participant1_IMG_4744,Participant1,Mesomorph,Normal,upright,1.0672708591848932,-174.68326917290867,-170.7225970308373,-0.5763056725263596,0.0875297367472029,0.3273325658400824,1,Front
181,3.015881076388889,Participant1_IMG_4744,Participant1,Mesomorph,Normal,upright,1.0753955711017813,-174.677835930132,-172.4269390533896,-0.5695531070232391,0.1821468198754753,0.3276567392150745,1,Front
182,3.032543402777778,Participant1_IMG_4744,Participant1,Mesomorph,Normal,upright,1.0724256140387256,-174.88688614442307,-172.25621465154816,-0.5597283095121384,0.2712406779168315,0.3262910091349589,1,Front
183,3.0492057291666668,Participant1_IMG_4744,Participant1,Mesomorph,Normal,upright,1.065234678645992,-175.56087412517022,-170.7911547333446,-0.5611042976379395,0.0274780320847356,0.3207351223543394,1,Front
184,3.065868055555556,Participant1_IMG_4744,Participant1,Mesomorph,Normal,upright,1.0610302562297176,-176.13532331528705,-171.53344158978183,-0.5590934157371521,0.4577898752206694,0.318799019575547,1,Front
185,3.0825303819444443,Participant1_IMG_4744,Participant1,Mesomorph,Normal,upright,1.066758423433594,-176.6156031963179,-172.13575424310108,-0.5737466365098953,0.3694758487274359,0.3217959936604527,1,Front
186,3.0991927083333333,Participant1_IMG_4744,Participant1,Mesomorph,Normal,upright,1.0674863946429494,-176.97749084251106,-172.05595429519184,-0.5704299509525299,0.4572563374585964,0.3208175604360631,1,Front
187,3.1158550347222222,Participant1_IMG_4744,Participant1,Mesomorph,Normal,upright,1.0613062559411093,-176.4805010646059,-171.02008208392573,-0.5794209837913513,0.4877449360071264,0.3203956541543501,1,Front
188,3.1325173611111112,Participant1_IMG_4744,Participant1,Mesomorph,Normal,upright,1.0742292555837865,-177.5003227783277,-171.13590724107058,-0.5600281357765198,0.3885779452548537,0.3219945038971685,1,Front
189,3.1491796875,Participant1_IMG_4744,Participant1,Mesomorph,Normal,upright,1.0645564653748134,-175.1454016589554,-171.46806813180797,-0.5666567087173462,-0.0969238420850821,0.3271250225371586,1,Front
190,3.1658420138888888,Participant1_IMG_4744,Participant1,Mesomorph,Normal,upright,1.0746667673935586,-174.72123252812108,-171.40419883766904,-0.5566507279872894,-0.0007245747724992,0.3245468721390573,1,Front
191,3.1825043402777777,Participant1_IMG_4744,Participant1,Mesomorph,Normal,upright,1.0687100690163565,-175.80621269092433,-171.5686952533364,-0.5551549643278122,0.2424829240597659,0.3242781981491903,1,Front
192,3.1991666666666667,Participant1_IMG_4744,Participant1,Mesomorph,Normal,upright,1.083533957064198,-175.0589885685434,-170.74026326085536,-0.5528631955385208,0.0268323821798077,0.3240509459295522,1,Front
193,3.215828993055556,Participant1_IMG_4744,Participant1,Mesomorph,Normal,upright,1.077980835274373,-175.2920928587727,-170.82167499221782,-0.5305273830890656,0.0621280914778577,0.3260439497836728,1,Front
194,3.232491319444444,Participant1_IMG_4744,Participant1,Mesomorph,Normal,upright,1.0851417295543748,-176.48792931786429,-169.04217355550128,-0.55300073325634,0.377350332437152,0.3254470541232521,1,Front
195,3.249153645833333,Participant1_IMG_4744,Participant1,Mesomorph,Normal,upright,1.069667293159491,-174.94262880221174,-171.6303164158192,-0.5567524582147598,0.0049520806424995,0.3249352643631367,1,Front
196,3.265815972222222,Participant1_IMG_4744,Participant1,Mesomorph,Normal,upright,1.0713931454599677,-175.7136360173916,-171.3303276361903,-0.5564990639686584,0.2062710558486831,0.3235401318118164,1,Front
197,3.282478298611111,Participant1_IMG_4744,Participant1,Mesomorph,Normal,upright,1.077582146777964,-175.2717252168022,-169.80562016968892,-0.5446820184588432,0.0440495955452284,0.3236158538304488,1,Front
198,3.299140625,Participant1_IMG_4744,Participant1,Mesomorph,Normal,upright,1.0722912712180848,-175.01904039347065,-172.15021559203154,-0.5448997765779495,-0.1322541916878422,0.3230264249279109,1,Front
199,3.3158029513888887,Participant1_IMG_4744,Participant1,Mesomorph,Normal,upright,1.05956046486176,-174.14756254842925,-171.6937761277086,-0.5850496292114258,-0.0346593428958583,0.3234576354340171,1,Front
200,3.3324652777777777,Participant1_IMG_4744,Participant1,Mesomorph,Normal,upright,1.0767134037336623,-174.58275432280172,-171.46354567387468,-0.5404649525880814,-0.0592434129631568,0.3233563208283495,1,Front
201,3.3491276041666667,Participant1_IMG_4744,Participant1,Mesomorph,Normal,upright,1.0537771564661085,-174.2550057865329,-171.28954990569767,-0.5457205176353455,0.2459209426952504,0.3243152633542575,1,Front
202,3.365789930555556,Participant1_IMG_4744,Participant1,Mesomorph,Normal,upright,1.0531531004356929,-173.666428070772,-171.7848073328186,-0.5863830000162125,0.1857066847608083,0.3259280933273912,1,Front
203,3.382452256944444,Participant1_IMG_4744,Participant1,Mesomorph,Normal,upright,1.0447797073658889,-173.54566018439934,-171.97875106511145,-0.5952463746070862,0.1199347992595653,0.3236835539689061,1,Front
204,3.399114583333333,Participant1_IMG_4744,Participant1,Mesomorph,Normal,upright,1.0552774612846452,-173.8360101410595,-172.5615183607521,-0.5869399458169937,0.0658989913406502,0.3242146500906617,1,Front
205,3.415776909722222,Participant1_IMG_4744,Participant1,Mesomorph,Normal,upright,1.046765987322779,-175.13792945289453,-172.21756998005375,-0.5756243020296097,0.4130176468669341,0.3237402103443673,1,Front
206,3.432439236111111,Participant1_IMG_4744,Participant1,Mesomorph,Normal,upright,1.0608545603837205,-174.57724321792898,-172.68592782551832,-0.581943467259407,0.3934403617064513,0.3250393869436758,1,Front
207,3.4491015625,Participant1_IMG_4744,Participant1,Mesomorph,Normal,upright,1.074842436114292,-176.15242072192183,-172.77735726799432,-0.5621683150529861,0.0592874356698951,0.3275372449326861,1,Front
208,3.4657638888888886,Participant1_IMG_4744,Participant1,Mesomorph,Normal,upright,1.0789686804747372,-176.24173831351672,-172.2030891341906,-0.5747173577547073,-0.0081128147415726,0.3286943551623699,1,Front
209,3.4824262152777776,Participant1_IMG_4744,Participant1,Mesomorph,Normal,upright,1.0793087638451984,-175.92584794055605,-171.84283895338203,-0.5594207495450974,0.279365638042073,0.3277038748521393,1,Front
210,3.4990885416666666,Participant1_IMG_4744,Participant1,Mesomorph,Normal,upright,1.0771025699765395,-175.91395126077597,-171.8667249885531,-0.5746543258428574,0.0300652978227686,0.3300839910882367,1,Front
211,3.515750868055556,Participant1_IMG_4744,Participant1,Mesomorph,Normal,upright,1.0667009849959748,-175.502027032993,-171.98002124195384,-0.575992152094841,0.2267075102619034,0.3303032176175987,1,Front
212,3.532413194444445,Participant1_IMG_4744,Participant1,Mesomorph,Normal,upright,1.0742056352889304,-175.29696367872154,-172.0211652904588,-0.5691245049238205,0.1126625990888754,0.3295787751171274,1,Front
213,3.549075520833333,Participant1_IMG_4744,Participant1,Mesomorph,Normal,upright,1.066417487979746,-175.51614758074672,-172.02585366051264,-0.577771857380867,0.2988600849805548,0.3296288766886308,1,Front
214,3.565737847222222,Participant1_IMG_4744,Participant1,Mesomorph,Normal,upright,1.0749517684399743,-176.7461142602493,-171.88575516825088,-0.5619829148054123,0.4870157211338842,0.3287331175237981,1,Front
215,3.582400173611111,Participant1_IMG_4744,Participant1,Mesomorph,Normal,upright,1.0720868824176302,-176.69298130134618,-171.93192316075317,-0.5564349442720413,0.4454199021890445,0.329367393835517,1,Front
216,3.5990625,Participant1_IMG_4744,Participant1,Mesomorph,Normal,upright,1.0714427235283512,-175.93733816008384,-170.95907678394062,-0.5532089471817017,0.74691405317716,0.3243401442925181,1,Front
217,3.6157248263888886,Participant1_IMG_4744,Participant1,Mesomorph,Normal,upright,1.0651891425666271,-176.15651085373207,-171.13223791078858,-0.5273946225643158,0.70431840759297,0.3261219795761731,1,Front
218,3.6323871527777776,Participant1_IMG_4744,Participant1,Mesomorph,Normal,upright,1.067068415885882,-176.40048856899648,-170.3481592207997,-0.5220498368144035,0.4659133918676109,0.3246374447555848,1,Front
219,3.6490494791666666,Participant1_IMG_4744,Participant1,Mesomorph,Normal,upright,1.0639726233999574,-176.02263785281016,-170.99862213496075,-0.5275574177503586,0.5224025656846194,0.3249005899314274,1,Front
220,3.665711805555556,Participant1_IMG_4744,Participant1,Mesomorph,Normal,upright,1.0692361669602826,-176.37807827653853,-170.70838892774788,-0.5335166603326797,0.3426994810309602,0.3262215421812064,1,Front
221,3.682374131944445,Participant1_IMG_4744,Participant1,Mesomorph,Normal,upright,1.0707725873208658,-176.41032211595802,-170.76543889969625,-0.5419103056192398,0.5054615787804797,0.3258435503399026,1,Front
222,3.699036458333333,Participant1_IMG_4744,Participant1,Mesomorph,Normal,upright,1.083979211813879,-175.89098400079115,-171.20359764736895,-0.5658087432384491,0.2834564328408621,0.326656653396723,1,Front
223,3.715698784722222,Participant1_IMG_4744,Participant1,Mesomorph,Normal,upright,1.0833771789055888,-176.0122915643166,-170.88018901796778,-0.5701645910739899,0.4570796263899359,0.3273545152872952,1,Front
224,3.732361111111111,Participant1_IMG_4744,Participant1,Mesomorph,Normal,upright,1.0705618338338885,-175.27910073959762,-171.3340478831122,-0.5505016893148422,0.3936913364116333,0.325958361915754,1,Front
225,3.7490234375,Participant1_IMG_4744,Participant1,Mesomorph,Normal,upright,1.0862992612806974,-175.6265065231457,-170.6471102957764,-0.5503478199243546,0.3924720958879503,0.3264634430169647,1,Front
226,3.765685763888889,Participant1_IMG_4744,Participant1,Mesomorph,Normal,upright,1.0833040352240215,-176.10014965997732,-171.27297144424708,-0.559516504406929,0.4024658062013234,0.3245945555304238,1,Front
227,3.7823480902777775,Participant1_IMG_4744,Participant1,Mesomorph,Normal,upright,1.082137212173104,-176.0570418430011,-170.5014377164882,-0.5715215802192688,0.4078626326148913,0.3282874420338214,1,Front
228,3.7990104166666665,Participant1_IMG_4744,Participant1,Mesomorph,Normal,upright,1.0670883151332524,-175.53573384176082,-170.18192898034658,-0.552888497710228,-0.0997756698294142,0.3262187428829075,1,Front
229,3.815672743055556,Participant1_IMG_4744,Participant1,Mesomorph,Normal,upright,1.0770855346565027,-176.1581250341629,-170.67052733796905,-0.576526090502739,0.4322521178809992,0.32682723720072,1,Front
230,3.832335069444445,Participant1_IMG_4744,Participant1,Mesomorph,Normal,upright,1.0667663240611165,-174.8902080546165,-171.00194783817986,-0.5507243126630783,-0.1729933813546352,0.3258045630545075,1,Front
231,3.848997395833333,Participant1_IMG_4744,Participant1,Mesomorph,Normal,upright,1.0800711878095062,-175.7099376814666,-171.5858941340164,-0.5638694316148758,0.3200179057169635,0.327444099862368,1,Front
232,3.865659722222222,Participant1_IMG_4744,Participant1,Mesomorph,Normal,upright,1.0797140799326377,-176.1773736585335,-170.26526381640878,-0.5698234885931015,0.4548478979678113,0.326905904484101,1,Front
233,3.882322048611111,Participant1_IMG_4744,Participant1,Mesomorph,Normal,upright,1.0560538118386835,-173.6864069844169,-169.55812568444938,-0.5570985227823257,0.0773257564856378,0.3248116315251142,1,Front
234,3.898984375,Participant1_IMG_4744,Participant1,Mesomorph,Normal,upright,1.0602107633675315,-174.54681584631575,-171.37118825081564,-0.5406083762645721,-0.0179269692041965,0.3250889608379992,1,Front
235,3.915646701388889,Participant1_IMG_4744,Participant1,Mesomorph,Normal,upright,1.0574969430632928,-174.44920910174508,-171.68094078075657,-0.5373114496469498,0.0590176713970975,0.3248144074658667,1,Front
236,3.9323090277777775,Participant1_IMG_4744,Participant1,Mesomorph,Normal,upright,1.0581370951050082,-174.12335906686388,-171.2306961248238,-0.5206603929400444,0.1881653007426106,0.3241035819795294,1,Front
237,3.9489713541666656,Participant1_IMG_4744,Participant1,Mesomorph,Normal,upright,1.088881624559174,-176.41192497002342,-171.5632419130216,-0.5448880642652512,0.6309031241623734,0.3243774376485399,1,Front
238,3.965633680555555,Participant1_IMG_4744,Participant1,Mesomorph,Normal,upright,1.078341145770033,-174.6170878943293,-170.99637278092317,-0.561859592795372,0.6487142289341058,0.3249920263719851,1,Front
239,3.982296006944445,Participant1_IMG_4744,Participant1,Mesomorph,Normal,upright,1.0826108023405197,-175.6855178132855,-171.28822421201878,-0.5670280084013939,0.82940286443511,0.3241063266091409,1,Front
240,3.998958333333333,Participant1_IMG_4744,Participant1,Mesomorph,Normal,upright,1.0769872661122994,-175.87474209251258,-173.27274674942905,-0.5354358032345772,0.5902303535054865,0.3250231006611556,1,Front
241,4.015620659722222,Participant1_IMG_4744,Participant1,Mesomorph,Normal,upright,1.0753978201265522,-176.66845166651606,-172.09643640303258,-0.5425463318824768,0.7193611505354119,0.3259511603612899,1,Front
242,4.032282986111111,Participant1_IMG_4744,Participant1,Mesomorph,Normal,upright,1.0731472633809298,-175.7813892432862,-172.1111993156788,-0.5490692108869553,0.6257354675063946,0.3270154704160269,1,Front
243,4.0489453125,Participant1_IMG_4744,Participant1,Mesomorph,Normal,upright,1.0796966245790778,-175.8257406675621,-171.2704928400515,-0.5433096289634705,0.4498218455446754,0.3297607056730151,1,Front
244,4.065607638888888,Participant1_IMG_4744,Participant1,Mesomorph,Normal,upright,1.075103738526939,-176.25926708640802,-171.54421760737753,-0.5811436027288437,0.6335357807379346,0.3297299076606002,1,Front
245,4.082269965277778,Participant1_IMG_4744,Participant1,Mesomorph,Normal,upright,1.0694935093741338,-175.49201583410118,-170.42022935198435,-0.5691851228475571,0.2281343167842566,0.3260016552713289,1,Front
246,4.098932291666666,Participant1_IMG_4744,Participant1,Mesomorph,Normal,upright,1.066232316654558,-175.05816342770126,-170.77116809741565,-0.5618187785148621,0.2719352563805776,0.3246743583183903,1,Front
247,4.115594618055556,Participant1_IMG_4744,Participant1,Mesomorph,Normal,upright,1.0630827855466565,-174.7061092321855,-170.67779870946893,-0.5543296784162521,0.0489194421196138,0.3234479276849084,1,Front
248,4.132256944444444,Participant1_IMG_4744,Participant1,Mesomorph,Normal,upright,1.0607229131403886,-175.71537813653066,-171.1079145368522,-0.5581564605236053,0.4616276960865043,0.3244540808585779,1,Front
249,4.148919270833333,Participant1_IMG_4744,Participant1,Mesomorph,Normal,upright,1.0745046182783669,-176.02257963178477,-170.26327989328593,-0.5509756654500961,0.4631987740917246,0.3263729964380563,1,Front
250,4.165581597222222,Participant1_IMG_4744,Participant1,Mesomorph,Normal,upright,1.0642254547443573,-175.56891445603165,-170.24426795500332,-0.5486505329608917,0.1548229677150151,0.3277531844677078,1,Front
251,4.182243923611111,Participant1_IMG_4744,Participant1,Mesomorph,Normal,upright,1.0772256614543758,-175.6309125753729,-170.68710725799122,-0.5467279404401779,0.5383203059432384,0.3212971816930507,1,Front
252,4.19890625,Participant1_IMG_4744,Participant1,Mesomorph,Normal,upright,1.0718820557922772,-175.3060756120453,-169.7978266875245,-0.5559960603713989,0.3528066746067539,0.3272868874834602,1,Front
253,4.215568576388889,Participant1_IMG_4744,Participant1,Mesomorph,Normal,upright,1.083090650092539,-176.4030222633696,-169.72882879916986,-0.529916301369667,0.2167320967062928,0.3250311272076367,1,Front
254,4.232230902777777,Participant1_IMG_4744,Participant1,Mesomorph,Normal,upright,1.0839664693289628,-175.72680778396858,-170.0817352182948,-0.5507270991802216,0.1513855323282243,0.3283728327350547,1,Front
255,4.248893229166667,Participant1_IMG_4744,Participant1,Mesomorph,Normal,upright,1.0875073941093611,-175.2493768763181,-169.85297648527862,-0.5414600223302841,-0.1214254693945641,0.325161405699938,1,Front
256,4.265555555555555,Participant1_IMG_4744,Participant1,Mesomorph,Normal,upright,1.0662948835788484,-174.2278743807605,-169.21688053232967,-0.5355623960494995,-0.4415319951338717,0.3238740093631771,1,Front
257,4.282217881944445,Participant1_IMG_4744,Participant1,Mesomorph,Normal,upright,1.0661724233398358,-175.23399255195991,-170.45926352690225,-0.5379164963960648,-0.2386830741321245,0.3247562733182649,1,Front
258,4.298880208333333,Participant1_IMG_4744,Participant1,Mesomorph,Normal,upright,1.0661268588784711,-175.67288145475752,-170.2203719949798,-0.5329856872558594,-0.2734619512565151,0.3246302160108394,1,Front
259,4.315542534722222,Participant1_IMG_4744,Participant1,Mesomorph,Normal,upright,1.0829080690902848,-176.678582409832,-169.5801475794069,-0.5260416865348816,0.3142938359733475,0.3253475669846504,1,Front
260,4.332204861111111,Participant1_IMG_4744,Participant1,Mesomorph,Normal,upright,1.073779891771933,-175.8693870223315,-169.75169616637038,-0.5189463198184967,0.0289608893910886,0.3251726011573913,1,Front
261,4.3488671875,Participant1_IMG_4744,Participant1,Mesomorph,Normal,upright,1.092503892355692,-175.5170743965267,-169.97523215051237,-0.5239836126565933,0.2261340781564072,0.3228222433857209,1,Front
262,4.365529513888889,Participant1_IMG_4744,Participant1,Mesomorph,Normal,upright,1.0826658015152384,-175.95448787770846,-169.9542394901182,-0.5379353612661362,0.1219841618103735,0.3267874607200776,1,Front
263,4.382191840277778,Participant1_IMG_4744,Participant1,Mesomorph,Normal,upright,1.0876660894594106,-176.16428856992266,-170.09065953665834,-0.5388849526643753,0.4714589211443987,0.3270736290506739,1,Front
264,4.398854166666666,Participant1_IMG_4744,Participant1,Mesomorph,Normal,upright,1.072088353695025,-176.44210982188775,-169.63677214295154,-0.5195043236017227,0.1682368582422008,0.3249839708224117,1,Front
265,4.415516493055556,Participant1_IMG_4744,Participant1,Mesomorph,Normal,upright,1.0876833335136336,-176.10711042018613,-170.83758458879416,-0.5368160605430603,0.5598033276685248,0.324095947291514,1,Front
266,4.432178819444444,Participant1_IMG_4744,Participant1,Mesomorph,Normal,upright,1.0901486537862777,-174.77210392900247,-169.61741922384175,-0.5417433679103851,0.2524247915900314,0.323635741851405,1,Front
267,4.448841145833333,Participant1_IMG_4744,Participant1,Mesomorph,Normal,upright,1.0855124601586166,-174.74888736354904,-170.11704740134084,-0.5452539175748825,0.0298675247635206,0.3234807700063744,1,Front
268,4.465503472222222,Participant1_IMG_4744,Participant1,Mesomorph,Normal,upright,1.0835905436282185,-174.47740240120433,-169.94333833557445,-0.542726457118988,0.3165399308602872,0.3228628502679546,1,Front
269,4.482165798611111,Participant1_IMG_4744,Participant1,Mesomorph,Normal,upright,1.0799682370060764,-174.42438695258443,-170.1273896855518,-0.527989000082016,0.3164030450167866,0.3240084572169737,1,Front
270,4.498828125,Participant1_IMG_4744,Participant1,Mesomorph,Normal,upright,1.0846186443267265,-174.82779683559943,-169.55403593441784,-0.5318467617034912,0.3831821859287307,0.3223656796917044,1,Front
271,4.515490451388889,Participant1_IMG_4744,Participant1,Mesomorph,Normal,upright,1.0700239009654249,-173.97512595813407,-169.42669819277364,-0.5192227810621262,-0.367607795513186,0.3235425214983242,1,Front
272,4.532152777777777,Participant1_IMG_4744,Participant1,Mesomorph,Normal,upright,1.093088253374504,-174.92797408034028,-169.25294396198902,-0.509411633014679,0.0967682683155463,0.322763056146237,1,Front
273,4.548815104166667,Participant1_IMG_4744,Participant1,Mesomorph,Normal,upright,1.0831961281158098,-174.6081191019417,-169.1994819374558,-0.5276740193367004,-0.1824322044981061,0.3216861576101525,1,Front
274,4.565477430555555,Participant1_IMG_4744,Participant1,Mesomorph,Normal,upright,1.096687050455719,-174.55707101248737,-168.46794938933695,-0.5274475812911987,-0.0871007146030047,0.321667924204335,1,Front
275,4.582139756944445,Participant1_IMG_4744,Participant1,Mesomorph,Normal,upright,1.0864734079403946,-173.88502980414768,-169.0716353453577,-0.5377120226621628,-0.3257559236109689,0.3228684062375031,1,Front
276,4.598802083333333,Participant1_IMG_4744,Participant1,Mesomorph,Normal,upright,1.0967058850741518,-175.44092841037502,-168.95347404212254,-0.5591260343790054,0.0751534742233954,0.3251891748572086,1,Front
277,4.615464409722222,Participant1_IMG_4744,Participant1,Mesomorph,Normal,upright,1.0869764018861636,-174.69281553841725,-170.19931700874113,-0.5473263561725616,0.0008922090502076,0.3257299774577057,1,Front
278,4.632126736111111,Participant1_IMG_4744,Participant1,Mesomorph,Normal,upright,1.0790308990238904,-173.56997757575206,-169.7331322759784,-0.5593814849853516,0.1666784493544888,0.3214307451397835,1,Front
279,4.6487890625,Participant1_IMG_4744,Participant1,Mesomorph,Normal,upright,1.0803604764521502,-174.11394125051316,-169.1684324177991,-0.549332469701767,0.1274726405555188,0.3209974850880966,1,Front
280,4.665451388888889,Participant1_IMG_4744,Participant1,Mesomorph,Normal,upright,1.0665658112551084,-173.60985974384988,-168.67818864061542,-0.5499831885099411,0.1607149003129919,0.3244583033291231,1,Front
281,4.682113715277778,Participant1_IMG_4744,Participant1,Mesomorph,Normal,upright,1.071512091555,-174.1268594244552,-168.96194557745946,-0.5665674805641174,0.3486334547845375,0.3245541140512969,1,Front
282,4.698776041666666,Participant1_IMG_4744,Participant1,Mesomorph,Normal,upright,1.0787135067502382,-175.40854973965153,-170.3551170133572,-0.5530663356184959,0.4347261800549075,0.3209120141549935,1,Front
283,4.715438368055556,Participant1_IMG_4744,Participant1,Mesomorph,Normal,upright,1.076128556050881,-174.82511854366828,-170.65401708855532,-0.5541453659534454,0.3585601048828404,0.3219613903520338,1,Front
284,4.732100694444444,Participant1_IMG_4744,Participant1,Mesomorph,Normal,upright,1.056782637083252,-173.76824174280844,-172.0003356971067,-0.5537433251738548,0.4900884701134778,0.3230719580397645,1,Front
285,4.748763020833334,Participant1_IMG_4744,Participant1,Mesomorph,Normal,upright,1.068584385923809,-174.65898797289412,-171.71856725908404,-0.561764121055603,0.6661776337723713,0.3227194116717255,1,Front
286,4.765425347222222,Participant1_IMG_4744,Participant1,Mesomorph,Normal,upright,1.057721902653788,-174.73213291847105,-170.8089321171224,-0.5602671504020691,0.7897800496056419,0.3213570257234185,1,Front
287,4.782087673611111,Participant1_IMG_4744,Participant1,Mesomorph,Normal,upright,1.0558663543749154,-174.4090898248059,-171.02703724800887,-0.5708005577325821,0.9028105658472774,0.321958659735823,1,Front
288,4.79875,Participant1_IMG_4744,Participant1,Mesomorph,Normal,upright,1.054309422774983,-173.92735559674762,-171.51229261105155,-0.5603446960449219,0.509942720069837,0.3243806103302062,1,Front
289,4.815412326388889,Participant1_IMG_4744,Participant1,Mesomorph,Normal,upright,1.0715345450639782,-175.7512021222244,-172.44247936830052,-0.5774951577186584,0.5890796947697043,0.3245249239067702,1,Front
290,4.832074652777778,Participant1_IMG_4744,Participant1,Mesomorph,Normal,upright,1.068915165220402,-175.4328112781253,-171.40193976556367,-0.5732093006372452,0.1120789422749761,0.3221310437534775,1,Front
291,4.848736979166667,Participant1_IMG_4744,Participant1,Mesomorph,Normal,upright,1.0694118039962042,-174.10483518823062,-171.2631321403712,-0.5687853693962097,0.3079462829315518,0.3226935548221858,1,Front
292,4.865399305555555,Participant1_IMG_4744,Participant1,Mesomorph,Normal,upright,1.086488323307177,-176.85357149464346,-169.67254242641647,-0.5456728115677834,0.856879468541359,0.3254954937437878,1,Front
293,4.8820616319444445,Participant1_IMG_4744,Participant1,Mesomorph,Normal,upright,1.0883569616172293,-176.30107788131568,-169.6361386032418,-0.5602836310863495,0.6151361672950837,0.3260087326869503,1,Front
294,4.898723958333333,Participant1_IMG_4744,Participant1,Mesomorph,Normal,upright,1.0897799670161448,-175.83285327145805,-169.8538758046646,-0.5705203264951706,0.7178746133366513,0.3258349607342596,1,Front
295,4.915386284722223,Participant1_IMG_4744,Participant1,Mesomorph,Normal,upright,1.0820105933259976,-174.96212207621164,-170.27405115504948,-0.5560223758220673,0.485404647262413,0.3241353683104518,1,Front
296,4.932048611111111,Participant1_IMG_4744,Participant1,Mesomorph,Normal,upright,1.0715610140879994,-175.39603335232053,-171.54958538030604,-0.5716112554073334,0.4203018020757824,0.3227807952908144,1,Front
297,4.9487109375,Participant1_IMG_4744,Participant1,Mesomorph,Normal,upright,1.0886438401698402,-172.7169396187255,-171.6425767961148,-0.585275188088417,-0.022376216397956,0.3276339922868576,1,Front
298,4.965373263888889,Participant1_IMG_4744,Participant1,Mesomorph,Normal,upright,1.081608568416858,-173.66141001484144,-171.5624966416158,-0.566587284207344,-0.4548606955664228,0.3272750989592586,1,Front
299,4.9820355902777775,Participant1_IMG_4744,Participant1,Mesomorph,Normal,upright,1.0897207851804174,-173.6704421806704,-172.36000437502753,-0.5763229876756668,0.4782448653569441,0.3276450555263498,1,Front
300,4.998697916666667,Participant1_IMG_4744,Participant1,Mesomorph,Normal,upright,1.0911219163676151,-174.27753048372654,-169.53798662165212,-0.571432501077652,0.2220616322932836,0.3276720150807189,1,Front
301,5.015360243055556,Participant1_IMG_4744,Participant1,Mesomorph,Normal,upright,1.089983214114438,-173.4460560007241,-169.10072197425754,-0.5478156059980392,0.1218793927007131,0.3320834790616652,1,Front
302,5.032022569444444,Participant1_IMG_4744,Participant1,Mesomorph,Normal,upright,1.0705217830269396,-172.87423367710127,-170.70349085706425,-0.5729133486747742,0.3357619001036483,0.3295647189170787,1,Front
303,5.0486848958333335,Participant1_IMG_4744,Participant1,Mesomorph,Normal,upright,1.0641714999412608,-170.62834993132722,-170.1950655250223,-0.5902104377746582,-0.0180215585661762,0.333130582953406,1,Front
304,5.065347222222222,Participant1_IMG_4744,Participant1,Mesomorph,Normal,upright,1.0776796658675512,-172.7382083753665,-168.59272753776335,-0.5634296834468842,-0.0700691645935362,0.3314143831338447,1,Front
305,5.082009548611111,Participant1_IMG_4744,Participant1,Mesomorph,Normal,upright,1.061564154544269,-171.4848364028531,-169.49408963460928,-0.5820914655923843,0.2850992100203554,0.3357393547380344,1,Front
306,5.098671875,Participant1_IMG_4744,Participant1,Mesomorph,Normal,upright,1.0654051526335355,-172.6356695987231,-169.6812720738872,-0.5933164209127426,0.3741414828286546,0.3379772054368433,1,Front
307,5.1153342013888885,Participant1_IMG_4744,Participant1,Mesomorph,Normal,upright,1.070978259291633,-172.61021358604972,-170.87354032047892,-0.6071481108665466,0.2611729328911814,0.3425106576104146,1,Front
308,5.131996527777778,Participant1_IMG_4744,Participant1,Mesomorph,Normal,upright,1.06223593102014,-173.28029901011843,-169.79692297773357,-0.5671056807041168,0.1057423243157326,0.33918833566755,1,Front
309,5.1486588541666665,Participant1_IMG_4744,Participant1,Mesomorph,Normal,upright,1.0577407870783393,-174.2721848707896,-169.22845123977504,-0.6074616312980652,-0.0415194155563721,0.3357994335854813,1,Front
310,5.165321180555555,Participant1_IMG_4744,Participant1,Mesomorph,Normal,upright,1.061991398680047,-173.9487775070323,-169.57738485758486,-0.5832888931035995,-0.431417812970804,0.3387547978584003,1,Front
311,5.181983506944444,Participant1_IMG_4744,Participant1,Mesomorph,Normal,upright,1.0634714307527555,-176.70864980835975,-170.53250852120277,-0.5501358732581139,0.4201661254686796,0.3347665286007523,1,Front
312,5.198645833333333,Participant1_IMG_4744,Participant1,Mesomorph,Normal,upright,1.059438123421987,-175.73447918098518,-171.68491300339855,-0.5841584205627441,0.3210018354149505,0.3364783350384942,1,Front
313,5.215308159722222,Participant1_IMG_4744,Participant1,Mesomorph,Normal,upright,1.0546205833182098,-174.07941068748664,-171.17970935744327,-0.5659312605857849,0.072386409643988,0.3349435047804298,1,Front
314,5.231970486111111,Participant1_IMG_4744,Participant1,Mesomorph,Normal,upright,1.047507763296566,-173.97802457874047,-171.9888596120846,-0.5856697410345078,0.115296951851175,0.3370145684512463,1,Front
315,5.2486328125,Participant1_IMG_4744,Participant1,Mesomorph,Normal,upright,1.054680008062792,-174.11505288248574,-171.33242189385143,-0.5479395836591721,0.2113167433656101,0.3369852338421308,1,Front
316,5.265295138888889,Participant1_IMG_4744,Participant1,Mesomorph,Normal,upright,1.053728924204462,-177.39576506729173,-172.30962709018576,-0.5289198234677315,0.5271738406843517,0.3356406233479471,1,Front
317,5.281957465277777,Participant1_IMG_4744,Participant1,Mesomorph,Normal,upright,1.0791969738695733,-178.35939060364896,-173.05243227076735,-0.5348202511668205,0.2745540423208784,0.3365992864142642,1,Front
318,5.298619791666667,Participant1_IMG_4744,Participant1,Mesomorph,Normal,upright,1.053568652765417,179.5897054562996,-172.90113552645855,-0.449155755341053,0.7259030684004799,0.3292895644057789,1,Front
319,5.315282118055555,Participant1_IMG_4744,Participant1,Mesomorph,Normal,upright,1.0416350775034242,178.53487588168497,-173.87649153165657,-0.4838934987783432,1.3063360257940029,0.3281181275630692,1,Front
320,5.331944444444444,Participant1_IMG_4744,Participant1,Mesomorph,Normal,upright,1.0423932657641606,-178.17676729006436,-169.46537492199758,-0.6077981367707253,0.0782537509743567,0.3227481422477397,1,Front
321,5.348606770833333,Participant1_IMG_4744,Participant1,Mesomorph,Normal,upright,1.040071298222221,179.53039636079097,-168.23951365178982,-0.4760185331106186,0.459402587873759,0.3346236983128287,1,Front
322,5.365269097222222,Participant1_IMG_4744,Participant1,Mesomorph,Normal,upright,1.030149636081074,178.7113904621521,-166.78330264311344,-0.4708225131034851,-0.7203888685729611,0.3353628475303631,1,Front
323,5.381931423611111,Participant1_IMG_4744,Participant1,Mesomorph,Normal,upright,1.0354973241569867,178.766589486691,-168.97788195835466,-0.5251399651169777,0.3839347106646155,0.3341312917416043,1,Front
324,5.39859375,Participant1_IMG_4744,Participant1,Mesomorph,Normal,upright,1.0284843990471746,179.1049629951007,-172.89077438495994,-0.5291445702314377,-0.4752493677212629,0.3305733015215928,1,Front
325,5.415256076388888,Participant1_IMG_4744,Participant1,Mesomorph,Normal,upright,1.0504191021594165,178.38583734657703,-172.43876196219085,-0.5454711252823472,0.2820693265453022,0.3249224226277367,1,Front
326,5.431918402777778,Participant1_IMG_4744,Participant1,Mesomorph,Normal,upright,1.0527013926457869,179.8112329663236,-172.2748344587621,-0.5396904643857852,0.3040586678388885,0.3338265059032929,1,Front
327,5.448580729166666,Participant1_IMG_4744,Participant1,Mesomorph,Normal,upright,1.0601185524084626,179.38941318158982,-169.0517338689038,-0.498907221481204,0.2787233769477514,0.3323503801256013,1,Front
328,5.465243055555556,Participant1_IMG_4744,Participant1,Mesomorph,Normal,upright,1.0573268253472985,178.9395661881054,-170.52791531238069,-0.4956519333645701,-0.4642201037912131,0.3258978987994192,1,Front
329,5.481905381944444,Participant1_IMG_4744,Participant1,Mesomorph,Normal,upright,1.0893463194216255,178.08384943688503,-169.0220928897855,-0.514339741319418,0.056089335630004,0.3252265781685418,1,Front
330,5.498567708333333,Participant1_IMG_4744,Participant1,Mesomorph,Normal,upright,1.1381013496428114,177.94755220535205,-166.38065242796503,-0.4844496287405491,0.0918411628550753,0.3183130666770947,1,Front
331,5.515230034722222,Participant1_IMG_4744,Participant1,Mesomorph,Normal,upright,1.1675055373379393,177.56601727938647,-167.95107487930238,-0.4159579100087285,-0.1773901361742833,0.3182966872447542,1,Front
332,5.531892361111111,Participant1_IMG_4744,Participant1,Mesomorph,Normal,upright,1.111876865972271,178.04990798499128,-168.06572965168024,-0.4263276024721563,-0.2484040519702117,0.3307379864641857,1,Front
333,5.5485546875,Participant1_IMG_4744,Participant1,Mesomorph,Normal,upright,1.0858004782917514,176.58185131718045,-167.09383564346246,-0.436697294935584,-0.1481708355103188,0.3305895948620568,1,Front
334,5.565217013888889,Participant1_IMG_4744,Participant1,Mesomorph,Normal,upright,1.0809205157309196,178.61385754070983,-165.70212519179563,-0.4509656578302383,0.6260012324029267,0.3237399106100503,1,Front
335,5.581879340277777,Participant1_IMG_4744,Participant1,Mesomorph,Normal,upright,1.0430359246428391,175.91692561259765,-166.29215219762344,-0.4807166792452335,0.9327185040875854,0.3223287880618249,1,Front
336,5.598541666666667,Participant1_IMG_4744,Participant1,Mesomorph,Normal,upright,1.1158366687085677,176.25846331036868,-167.90147486019308,-0.4885175414383411,-0.0681813041940349,0.3302346166500698,1,Front
337,5.615203993055555,Participant1_IMG_4744,Participant1,Mesomorph,Normal,upright,1.116912288411129,177.114232075981,-167.38798132302463,-0.5632555708289146,-0.7529539402211488,0.3333062642649304,1,Front
338,5.631866319444445,Participant1_IMG_4744,Participant1,Mesomorph,Normal,upright,1.1363695952833002,176.5750910741723,-167.86381900852132,-0.5640925318002701,-0.5172461581717384,0.3275662363554349,1,Front
339,5.648528645833333,Participant1_IMG_4744,Participant1,Mesomorph,Normal,upright,1.105197625245421,176.43548613433688,-168.41798402099505,-0.5813295915722847,-0.0411740876019138,0.3312240517010355,1,Front
340,5.665190972222222,Participant1_IMG_4744,Participant1,Mesomorph,Normal,upright,1.1068222542241426,176.31430253438572,-168.08188319780385,-0.5217077061533928,0.2564127417032957,0.3303182822527032,1,Front
341,5.681853298611111,Participant1_IMG_4744,Participant1,Mesomorph,Normal,upright,1.119166600889956,176.43948662139684,-168.33529568462276,-0.5390895158052444,0.6382176823346964,0.3307108121913814,1,Front
342,5.698515625,Participant1_IMG_4744,Participant1,Mesomorph,Normal,upright,1.1175697611329545,175.69205139109297,-167.2475608545072,-0.5700068548321724,0.3859000392358244,0.3266370112371813,1,Front
343,5.715177951388889,Participant1_IMG_4744,Participant1,Mesomorph,Normal,upright,1.1340995318916645,173.74450057774914,-168.0650604466163,-0.5677864253520966,1.6370680280531436,0.3282923859807298,1,Front
344,5.731840277777778,Participant1_IMG_4744,Participant1,Mesomorph,Normal,upright,1.144707632757875,174.5711272657743,-168.74930513153453,-0.5402894541621208,0.5674610850979123,0.3294528833172879,1,Front
345,5.748502604166666,Participant1_IMG_4744,Participant1,Mesomorph,Normal,upright,1.144478676706251,173.21055465456797,-166.34588375681008,-0.5255938917398453,1.305804614367059,0.3339287578258686,1,Front
346,5.765164930555556,Participant1_IMG_4744,Participant1,Mesomorph,Normal,upright,1.1511760683322256,172.36355622516035,-166.00380578794716,-0.5304215624928474,1.1778708100315836,0.3302231465607014,1,Front
347,5.781827256944444,Participant1_IMG_4744,Participant1,Mesomorph,Normal,upright,1.1295071660601348,173.71379910284395,-165.66172781908426,-0.6164926514029503,0.9928991557871032,0.3321613324745343,1,Front
348,5.798489583333333,Participant1_IMG_4744,Participant1,Mesomorph,Normal,upright,1.1389013302523503,172.9934444061669,-166.2326689538482,-0.6499023288488388,0.7976821498624685,0.3377618672574739,1,Front
349,5.815151909722222,Participant1_IMG_4744,Participant1,Mesomorph,Normal,upright,1.147646266738221,171.1189689323988,-165.90614536629192,-0.6548319905996323,1.0316055839641107,0.3345421742603155,1,Front
350,5.831814236111111,Participant1_IMG_4744,Participant1,Mesomorph,Normal,upright,1.1219194230489806,169.59238377845466,-165.57962177873563,-0.6130564510822296,1.2521369825766908,0.3402551321343823,1,Front
351,5.8484765625,Participant1_IMG_4744,Participant1,Mesomorph,Normal,upright,1.118636202413098,170.69189878766096,-167.50740468528952,-0.6131577044725418,0.6165518012889942,0.3446517183191049,1,Front
352,5.865138888888889,Participant1_IMG_4744,Participant1,Mesomorph,Normal,upright,1.1383780317400254,172.50033507719107,-167.0133683697784,-0.5706522166728973,-0.0917353497796006,0.3431622485051305,1,Front
353,5.881801215277777,Participant1_IMG_4744,Participant1,Mesomorph,Normal,upright,1.1195533559688895,172.56176249297684,-166.38267766281686,-0.6241826564073563,0.1501715298158289,0.3442152726681109,1,Front
354,5.898463541666667,Participant1_IMG_4744,Participant1,Mesomorph,Normal,upright,1.1237930870608293,175.40615929062642,-166.5933237751886,-0.6738317012786865,0.1948695650840395,0.3453941748929316,1,Front
355,5.915125868055555,Participant1_IMG_4744,Participant1,Mesomorph,Normal,upright,1.1175882528098775,171.3320421056989,-168.26257517938356,-0.6426268666982651,1.3022706461044824,0.3440401752296412,1,Front
356,5.931788194444445,Participant1_IMG_4744,Participant1,Mesomorph,Normal,upright,1.110473611423988,173.27713097835297,-168.95932092717405,-0.6580288112163544,0.6637671102808678,0.3490177224699662,1,Front
357,5.948450520833333,Participant1_IMG_4744,Participant1,Mesomorph,Normal,upright,1.105364776288407,172.3590674472922,-166.03797970206642,-0.645756721496582,1.0634646234365603,0.3419324497908731,1,Front
358,5.965112847222222,Participant1_IMG_4744,Participant1,Mesomorph,Normal,upright,1.1154235197037776,174.18675901404075,-167.63278877260353,-0.6446473151445389,0.0621272684622667,0.3443887389919085,1,Front
359,5.981775173611111,Participant1_IMG_4744,Participant1,Mesomorph,Normal,upright,1.1155263771456132,173.4888696355522,-166.36263831841126,-0.6337531507015228,0.1012536231624152,0.3459654971194297,1,Front
360,5.9984375,Participant1_IMG_4744,Participant1,Mesomorph,Normal,upright,1.093497636516318,172.52134761907678,-165.8593969624859,-0.6605156660079956,0.422733447846875,0.3436767094366013,1,Front
361,6.015099826388889,Participant1_IMG_4744,Participant1,Mesomorph,Normal,upright,1.090382399709589,172.79184739932762,-168.58578885683178,-0.6632404774427414,1.1430357239357498,0.345414546518304,1,Front
362,6.031762152777778,Participant1_IMG_4744,Participant1,Mesomorph,Normal,upright,1.0749991625065247,171.44072823869627,-167.9140694654576,-0.6935583800077438,1.100829260113223,0.3466683970479859,1,Front
363,6.048424479166666,Participant1_IMG_4744,Participant1,Mesomorph,Normal,upright,1.1012948124060813,173.79266039183835,-168.06833773237742,-0.670967772603035,-0.2158350944711774,0.3486727130153277,1,Front
364,6.065086805555556,Participant1_IMG_4744,Participant1,Mesomorph,Normal,upright,1.0758083028734198,173.2155302189246,-168.8042944027036,-0.6787564158439636,0.4081209897940465,0.3445702241418275,1,Front
365,6.081749131944444,Participant1_IMG_4744,Participant1,Mesomorph,Normal,upright,1.0711416782365004,173.95413756178496,-168.3717854771783,-0.6792227774858475,0.3040831913394156,0.3507525910229659,1,Front
366,6.0984114583333335,Participant1_IMG_4744,Participant1,Mesomorph,Normal,upright,1.0747290560152796,173.6768333625788,-168.77087441441842,-0.6355878114700317,0.6293999677888351,0.3477586314543665,1,Front
367,6.115073784722222,Participant1_IMG_4744,Participant1,Mesomorph,Normal,upright,1.076239510784395,172.0554873432847,-168.1305750975832,-0.6771780550479889,0.8753475274515342,0.3489911855533456,1,Front
368,6.131736111111111,Participant1_IMG_4744,Participant1,Mesomorph,Normal,upright,1.0658627964848773,173.56626546071402,-169.2891784064335,-0.7063699811697006,0.2358141142708432,0.3497882461412809,1,Front
369,6.1483984375,Participant1_IMG_4744,Participant1,Mesomorph,Normal,upright,1.0723825802293658,172.4978549354759,-169.06009385809216,-0.6750707700848579,0.0678895515800374,0.3501236708585387,1,Front
370,6.165060763888889,Participant1_IMG_4744,Participant1,Mesomorph,Normal,upright,1.0750089381591788,172.24732903528465,-170.60672545786264,-0.6437715590000153,0.2693353604447911,0.3507536456687905,1,Front
371,6.181723090277778,Participant1_IMG_4744,Participant1,Mesomorph,Normal,upright,1.0953132273509771,172.0901594341638,-168.5701839387853,-0.6504120528697968,0.5683086104538455,0.353181824848696,1,Front
372,6.1983854166666665,Participant1_IMG_4744,Participant1,Mesomorph,Normal,upright,1.0774007154504048,173.52634081325434,-168.39459764805997,-0.6518538892269135,0.1287705956112776,0.3484442123356037,1,Front
373,6.215047743055555,Participant1_IMG_4744,Participant1,Mesomorph,Normal,upright,1.063745242499584,173.12170040456456,-167.5087925546487,-0.6824420988559723,0.2861436679278478,0.3498832110284172,1,Front
374,6.2317100694444445,Participant1_IMG_4744,Participant1,Mesomorph,Normal,upright,1.073177615231863,174.77380408544423,-168.65192730726227,-0.7130303084850311,0.3884488719161802,0.3466552538054249,1,Front
375,6.248372395833333,Participant1_IMG_4744,Participant1,Mesomorph,Normal,upright,1.0785482504258892,173.4408599164977,-168.9416254052877,-0.7128408402204514,0.4431348925119641,0.3464544180006749,1,Front
376,6.265034722222223,Participant1_IMG_4744,Participant1,Mesomorph,Normal,upright,1.0853800615156146,174.06153045780678,-167.97527463606974,-0.6870973706245422,0.0802028300869326,0.3451065243489366,1,Front
377,6.281697048611111,Participant1_IMG_4744,Participant1,Mesomorph,Normal,upright,1.0665990897511444,171.68503123383763,-167.69718919608195,-0.6707109063863754,0.6088571329232886,0.3468806358123725,1,Front
378,6.298359375,Participant1_IMG_4744,Participant1,Mesomorph,Normal,upright,1.08902885976695,172.89976466916218,-167.0022612569557,-0.6723567247390747,0.586477740273876,0.3459093719220977,1,Front
379,6.315021701388889,Participant1_IMG_4744,Participant1,Mesomorph,Normal,upright,1.0674072976572762,172.87224445444355,-169.60398912300545,-0.7083573043346405,-0.1039462785279056,0.3478634847486199,1,Front
380,6.3316840277777775,Participant1_IMG_4744,Participant1,Mesomorph,Normal,upright,1.0849204441456843,173.38343722521,-170.62622312979056,-0.6783739775419235,0.2795970178797262,0.3467834413760018,1,Front
381,6.348346354166667,Participant1_IMG_4744,Participant1,Mesomorph,Normal,upright,1.0799449326122816,174.5973181447074,-171.20028421028337,-0.7002026438713074,-0.5360108642803442,0.3490465921537958,1,Front
382,6.365008680555556,Participant1_IMG_4744,Participant1,Mesomorph,Normal,upright,1.0852726133298505,173.85181979494794,-170.91222259548272,-0.6979970335960388,-0.2511410267823818,0.346147702409027,1,Front
383,6.381671006944444,Participant1_IMG_4744,Participant1,Mesomorph,Normal,upright,1.05185719752857,173.07528439334155,-173.72653274703336,-0.6758091598749161,-0.0161374083323186,0.3416251532861768,1,Front
0,0.0,Participant8_WIN_20260730_09_53_53_Pro,Participant8,Mesomorph,Normal,upright,0.7690888566872963,-172.12736598764403,-172.89545783061916,-0.3534335494041443,-5.566605289995094,0.2148059761694555,1,Front
1,0.0333987249544626,Participant8_WIN_20260730_09_53_53_Pro,Participant8,Mesomorph,Normal,upright,0.790619586104477,-175.92985775228107,-173.39184798219864,-0.3534335494041443,-3.4450429296220992,0.2175675088088902,1,Front
2,0.0667974499089253,Participant8_WIN_20260730_09_53_53_Pro,Participant8,Mesomorph,Normal,upright,0.7853966888075498,-173.4436935076133,-169.16697504899022,-0.3680789768695831,-2.2163690696393163,0.2224648015882306,1,Front
3,0.1001961748633879,Participant8_WIN_20260730_09_53_53_Pro,Participant8,Mesomorph,Normal,upright,0.8367416185119549,-175.31388370483262,-171.2976826302003,-0.3588045611977577,-3.0560536242206062,0.2188555600245584,1,Front
4,0.1335948998178506,Participant8_WIN_20260730_09_53_53_Pro,Participant8,Mesomorph,Normal,upright,0.7995053874965127,-176.42158992120565,-170.13309732698517,-0.3606219887733459,-3.230763437733412,0.2195750983543642,1,Front
5,0.1669936247723133,Participant8_WIN_20260730_09_53_53_Pro,Participant8,Mesomorph,Normal,upright,0.8248596287447599,-174.9547920632708,-171.76593217677885,-0.3547966033220291,-1.5264481333909887,0.2219866468821066,1,Front
6,0.2003923497267759,Participant8_WIN_20260730_09_53_53_Pro,Participant8,Mesomorph,Normal,upright,0.8157709648946506,-174.15143076681346,-170.92646690023255,-0.3566365242004394,-2.169154390050521,0.2206421390161595,1,Front
7,0.2337910746812386,Participant8_WIN_20260730_09_53_53_Pro,Participant8,Mesomorph,Normal,upright,0.8371628922002814,-177.6432199731983,-172.82975915320458,-0.3427031338214874,-2.9273802486598046,0.2228863264173277,1,Front
8,0.2671897996357013,Participant8_WIN_20260730_09_53_53_Pro,Participant8,Mesomorph,Normal,upright,0.8314587088937778,-177.2604417550038,-173.46025669893487,-0.3414604365825653,-2.869256693208133,0.22150920735312,1,Front
9,0.3005885245901639,Participant8_WIN_20260730_09_53_53_Pro,Participant8,Mesomorph,Normal,upright,0.8098020995177098,-174.08547852766918,-172.61040183496883,-0.3620795235037803,-3.5303525164152725,0.2207192989367342,1,Front
10,0.3339872495446266,Participant8_WIN_20260730_09_53_53_Pro,Participant8,Mesomorph,Normal,upright,0.8440161110511313,-178.20149323835292,-171.91807381044617,-0.3679511398077011,-4.386191801950851,0.2194158692072541,1,Front
11,0.3673859744990893,Participant8_WIN_20260730_09_53_53_Pro,Participant8,Mesomorph,Normal,upright,0.826477590017473,-174.20869094113715,-171.65508186946423,-0.3619236126542091,-4.119537260044667,0.2171017243281248,1,Front
12,0.4007846994535519,Participant8_WIN_20260730_09_53_53_Pro,Participant8,Mesomorph,Normal,upright,0.8536614218984238,-178.31314176736475,-172.0505416533871,-0.3807818442583084,-4.191673887383309,0.2211531052854884,1,Front
13,0.4341834244080146,Participant8_WIN_20260730_09_53_53_Pro,Participant8,Mesomorph,Normal,upright,0.8103366314969425,-177.02199973010647,-170.19030402105025,-0.3806579113006592,-4.648769949651513,0.2176227336699956,1,Front
14,0.4675821493624773,Participant8_WIN_20260730_09_53_53_Pro,Participant8,Mesomorph,Normal,upright,0.7725704667317899,-174.43582695923917,-170.41124510219237,-0.395372211933136,-4.4222476955967,0.215033441671226,1,Front
15,0.5009808743169399,Participant8_WIN_20260730_09_53_53_Pro,Participant8,Mesomorph,Normal,upright,0.7787589937280078,-176.29860282746458,-173.20863988833815,-0.4003327786922455,-4.146201535581757,0.2180336069693843,1,Front
16,0.5343795992714026,Participant8_WIN_20260730_09_53_53_Pro,Participant8,Mesomorph,Normal,upright,0.7639067281847003,-176.91298640236533,-174.25977500290193,-0.4062769412994385,-4.506262196649503,0.2210958996380307,1,Front
17,0.5677783242258653,Participant8_WIN_20260730_09_53_53_Pro,Participant8,Mesomorph,Normal,upright,0.7816083519712773,-176.24476516670669,-171.3670562494264,-0.4007276743650436,-3.830777637501628,0.2211652238348086,1,Front
18,0.6011770491803279,Participant8_WIN_20260730_09_53_53_Pro,Participant8,Mesomorph,Normal,upright,0.807160369200988,-177.38993824700253,-172.560591186438,-0.3931879252195358,-5.00625568627661,0.217836762861358,1,Front
19,0.6345757741347906,Participant8_WIN_20260730_09_53_53_Pro,Participant8,Mesomorph,Normal,upright,0.786914075788988,-178.38976609367882,-173.90880823277834,-0.3820624649524688,-4.625549630996118,0.2202536289402718,1,Front
20,0.6679744990892532,Participant8_WIN_20260730_09_53_53_Pro,Participant8,Mesomorph,Normal,upright,0.7690029899046845,-176.7608939583878,-173.84064493813722,-0.38263601064682,-4.186907257927449,0.2213874931840272,1,Front
21,0.7013732240437158,Participant8_WIN_20260730_09_53_53_Pro,Participant8,Mesomorph,Normal,upright,0.767391820151208,-176.9967975732434,-171.696958511105,-0.3950601369142532,-2.85970718105647,0.2262328737230695,1,Front
22,0.7347719489981785,Participant8_WIN_20260730_09_53_53_Pro,Participant8,Mesomorph,Normal,upright,0.7873242226126079,-176.3069471832249,-171.3423001531822,-0.3844160437583923,-3.084644997699523,0.2192344010330041,1,Front
23,0.7681706739526412,Participant8_WIN_20260730_09_53_53_Pro,Participant8,Mesomorph,Normal,upright,0.8019622017891084,-177.36662082823952,-171.7194765028159,-0.3731308579444885,-1.4137307178483505,0.227351488515766,1,Front
24,0.8015693989071039,Participant8_WIN_20260730_09_53_53_Pro,Participant8,Mesomorph,Normal,upright,0.8267344167967564,-176.53428498673813,-172.3211233144743,-0.3834151476621628,-4.067470214018146,0.2197645029806609,1,Front
25,0.8349681238615665,Participant8_WIN_20260730_09_53_53_Pro,Participant8,Mesomorph,Normal,upright,0.8208838248751227,-173.18434315467624,-171.77360707555,-0.3679624572396278,-2.961190278603075,0.2161788485334948,1,Front
26,0.8683668488160292,Participant8_WIN_20260730_09_53_53_Pro,Participant8,Mesomorph,Normal,upright,0.81169583006193,-176.13760737639865,-171.16439664532857,-0.3673252463340759,-3.3380841940241512,0.2152983039840734,1,Front
27,0.9017655737704918,Participant8_WIN_20260730_09_53_53_Pro,Participant8,Mesomorph,Normal,upright,0.8188801622949767,-175.98122607672516,-171.9777781603619,-0.3534250035881996,-2.4690772298794155,0.2191693099671365,1,Front
28,0.9351642987249544,Participant8_WIN_20260730_09_53_53_Pro,Participant8,Mesomorph,Normal,upright,0.8544246160070066,-176.9017767115078,-172.64014655047055,-0.409292533993721,-2.071856813053213,0.2163607896138755,1,Front
29,0.9685630236794172,Participant8_WIN_20260730_09_53_53_Pro,Participant8,Mesomorph,Normal,upright,0.8089796078046503,-176.13314507078354,-171.66783098648895,-0.384835422039032,-2.982751980505701,0.2216419219587499,1,Front
30,1.00196174863388,Participant8_WIN_20260730_09_53_53_Pro,Participant8,Mesomorph,Normal,upright,0.7575193443144855,-175.8595634585843,-170.41263160499932,-0.3867249637842178,-3.657367696493101,0.2195662980923079,1,Front
31,1.0353604735883424,Participant8_WIN_20260730_09_53_53_Pro,Participant8,Mesomorph,Normal,upright,0.8463126688978632,-175.07721693849223,-173.59996055809307,-0.3752752169966697,-3.020559451152745,0.2156379322322593,1,Front
32,1.068759198542805,Participant8_WIN_20260730_09_53_53_Pro,Participant8,Mesomorph,Normal,upright,0.846301384545753,-175.91332267051268,-173.62562875277033,-0.3812825977802276,-1.9142470205336823,0.2192145448608363,1,Front
33,1.1021579234972678,Participant8_WIN_20260730_09_53_53_Pro,Participant8,Mesomorph,Normal,upright,0.7707269749442855,-175.36703725014058,-171.64132732543806,-0.3813032060861587,-3.1342454341761674,0.2197787701935128,1,Front
34,1.1355566484517303,Participant8_WIN_20260730_09_53_53_Pro,Participant8,Mesomorph,Normal,upright,0.7601576984782622,-176.83702189676654,-173.5813631443467,-0.3975236415863037,-2.420461363091113,0.2253168013537542,1,Front
35,1.168955373406193,Participant8_WIN_20260730_09_53_53_Pro,Participant8,Mesomorph,Normal,upright,0.8204916450792711,-175.44626785182146,-173.41471459718372,-0.3624453097581863,-3.2625938994702715,0.2160854915815947,1,Front
36,1.2023540983606558,Participant8_WIN_20260730_09_53_53_Pro,Participant8,Mesomorph,Normal,upright,0.831682691287241,-174.26752411655315,-172.94366377628006,-0.3808427453041076,-3.769482174873892,0.215385619091003,1,Front
37,1.2357528233151185,Participant8_WIN_20260730_09_53_53_Pro,Participant8,Mesomorph,Normal,upright,0.840019861337259,-178.29019490557295,-171.25497653789958,-0.3852696418762207,-0.5158447687005322,0.2163261115733781,1,Front
38,1.2691515482695812,Participant8_WIN_20260730_09_53_53_Pro,Participant8,Mesomorph,Normal,upright,0.7996132685346863,-174.3659264132597,-172.25805785830983,-0.3861781731247902,-3.7535098821192574,0.2169195886290674,1,Front
39,1.3025502732240437,Participant8_WIN_20260730_09_53_53_Pro,Participant8,Mesomorph,Normal,upright,0.8181211559443435,-176.79757704564443,-171.3052361965037,-0.3864558711647987,-2.820793199204084,0.2192026344440156,1,Front
40,1.3359489981785064,Participant8_WIN_20260730_09_53_53_Pro,Participant8,Mesomorph,Normal,upright,0.8446575294191174,-177.71911170368205,-172.2624078071901,-0.3842308521270752,-1.5034545556292949,0.2150176493750186,1,Front
41,1.3693477231329692,Participant8_WIN_20260730_09_53_53_Pro,Participant8,Mesomorph,Normal,upright,0.8416910372268545,-177.71530691104695,-174.42197816425846,-0.3783812969923019,-1.5368786254707256,0.2158394485198726,1,Front
42,1.4027464480874317,Participant8_WIN_20260730_09_53_53_Pro,Participant8,Mesomorph,Normal,upright,0.8477517031223629,-175.73974291761004,-173.76418732433626,-0.3609609603881836,-2.445855801452839,0.2152833885562575,1,Front
43,1.4361451730418944,Participant8_WIN_20260730_09_53_53_Pro,Participant8,Mesomorph,Normal,upright,0.8351606311723632,-177.18972042941428,-172.55413301509552,-0.3612236902117729,-3.4637419769777886,0.2184362344833038,1,Front
44,1.469543897996357,Participant8_WIN_20260730_09_53_53_Pro,Participant8,Mesomorph,Normal,upright,0.8121308013352532,-177.63677000745133,-172.6870288442876,-0.3896464258432388,-3.587679128923667,0.2176426084727089,1,Front
45,1.5029426229508198,Participant8_WIN_20260730_09_53_53_Pro,Participant8,Mesomorph,Normal,upright,0.8016994654707783,-177.02511315645972,-173.2755532054311,-0.4029425382614136,-3.3919580784967023,0.217597618072421,1,Front
46,1.5363413479052823,Participant8_WIN_20260730_09_53_53_Pro,Participant8,Mesomorph,Normal,upright,0.7841497200310851,-178.22411243285563,-171.7574178633431,-0.4028316885232925,-2.6399359381719014,0.2254523785050691,1,Front
47,1.569740072859745,Participant8_WIN_20260730_09_53_53_Pro,Participant8,Mesomorph,Normal,upright,0.8063405678115043,-177.24142180593446,-172.31548026062416,-0.3936080485582351,-3.503340240800928,0.2249481287502649,1,Front
48,1.6031387978142078,Participant8_WIN_20260730_09_53_53_Pro,Participant8,Mesomorph,Normal,upright,0.7863146374440421,-176.99769196082298,-171.59674199106277,-0.3885598853230476,-3.088306476544947,0.2235132191736938,1,Front
49,1.6365375227686705,Participant8_WIN_20260730_09_53_53_Pro,Participant8,Mesomorph,Normal,upright,0.7868474158298726,-174.0527244758177,-172.20804761963217,-0.4071038514375686,-3.9588983394939032,0.2199446643483287,1,Front
50,1.669936247723133,Participant8_WIN_20260730_09_53_53_Pro,Participant8,Mesomorph,Normal,upright,0.7777263681349939,-176.35537717974083,-172.8780249657325,-0.4117040336132049,-2.902720775115804,0.2209780885803353,1,Front
51,1.7033349726775957,Participant8_WIN_20260730_09_53_53_Pro,Participant8,Mesomorph,Normal,upright,0.850081622578054,-177.29046154585427,-171.71892780278816,-0.3819088116288185,-1.2687489549888449,0.2185095249301581,1,Front
52,1.7367336976320584,Participant8_WIN_20260730_09_53_53_Pro,Participant8,Mesomorph,Normal,upright,0.8351869923537358,-176.2203046258283,-170.9831173812954,-0.3934613466262817,-2.621407887223055,0.2175614122802276,1,Front
53,1.770132422586521,Participant8_WIN_20260730_09_53_53_Pro,Participant8,Mesomorph,Normal,upright,0.8206125005251965,-176.75116915288515,-169.4385094625486,-0.3701450228691101,-2.598851947356235,0.2210715381853222,1,Front
54,1.803531147540984,Participant8_WIN_20260730_09_53_53_Pro,Participant8,Mesomorph,Normal,upright,0.8003556072342558,-177.35254373399485,-169.23298916954425,-0.4006046950817108,-2.718810948676715,0.2236916820104856,1,Front
55,1.8369298724954464,Participant8_WIN_20260730_09_53_53_Pro,Participant8,Mesomorph,Normal,upright,0.8169436027689055,-177.92048349869393,-168.56586750816814,-0.3950782418251037,-2.727069904396671,0.2237602663008766,1,Front
56,1.870328597449909,Participant8_WIN_20260730_09_53_53_Pro,Participant8,Mesomorph,Normal,upright,0.8284932725472204,-177.72667225183693,-170.0073268762145,-0.376507893204689,-3.4638688438541787,0.2204356297221379,1,Front
57,1.903727322404372,Participant8_WIN_20260730_09_53_53_Pro,Participant8,Mesomorph,Normal,upright,0.820126824094926,-177.5212373190632,-169.87095338830355,-0.3961618095636368,-3.524679549531292,0.217407935212866,1,Front
58,1.9371260473588343,Participant8_WIN_20260730_09_53_53_Pro,Participant8,Mesomorph,Normal,upright,0.8267256522104522,-177.18734830660995,-170.76965236979984,-0.4043886810541153,-3.1434429280325986,0.2241907199954432,1,Front
59,1.970524772313297,Participant8_WIN_20260730_09_53_53_Pro,Participant8,Mesomorph,Normal,upright,0.8061254059488693,-175.03293345911092,-169.94318227339147,-0.4036035537719726,-2.2837858678986938,0.2238067606635319,1,Front
60,2.00392349726776,Participant8_WIN_20260730_09_53_53_Pro,Participant8,Mesomorph,Normal,upright,0.7931650532512274,-176.81494195839537,-170.51868309818954,-0.3934350460767746,-1.0320739216344317,0.2214520958799915,1,Front
61,2.0373222222222225,Participant8_WIN_20260730_09_53_53_Pro,Participant8,Mesomorph,Normal,upright,0.8066698493153039,-176.9525289515071,-170.52359582055627,-0.4036016538739204,-0.6586514149068977,0.2201545148324223,1,Front
62,2.0707209471766848,Participant8_WIN_20260730_09_53_53_Pro,Participant8,Mesomorph,Normal,upright,0.8230914625472007,-176.93773506659474,-170.72046894592685,-0.3828933462500572,-0.7526769865634899,0.2198328057468971,1,Front
63,2.1041196721311475,Participant8_WIN_20260730_09_53_53_Pro,Participant8,Mesomorph,Normal,upright,0.8033171352235804,-175.58472794767707,-169.19873236457795,-0.4013134017586708,-0.9764650927137262,0.2161753435576672,1,Front
64,2.13751839708561,Participant8_WIN_20260730_09_53_53_Pro,Participant8,Mesomorph,Normal,upright,0.7987061273223913,-177.3152984879976,-171.15910184126307,-0.3908312171697616,-0.5920141346305201,0.221413922365035,1,Front
65,2.170917122040073,Participant8_WIN_20260730_09_53_53_Pro,Participant8,Mesomorph,Normal,upright,0.802307593689108,-178.2085260571245,-172.26733573085036,-0.3996295928955078,-2.225012734274021,0.2159546551116238,1,Front
66,2.204315846994536,Participant8_WIN_20260730_09_53_53_Pro,Participant8,Mesomorph,Normal,upright,0.8405808203640751,-179.20001961996385,-173.2049435157802,-0.377790242433548,-0.6054382245197647,0.2217931567048735,1,Front
67,2.2377145719489984,Participant8_WIN_20260730_09_53_53_Pro,Participant8,Mesomorph,Normal,upright,0.8216942435274351,-175.41877916925324,-171.45843005775023,-0.3888295590877533,-1.9090682836798567,0.2195430279920657,1,Front
68,2.271113296903461,Participant8_WIN_20260730_09_53_53_Pro,Participant8,Mesomorph,Normal,upright,0.8224755633579859,-178.6634122940341,-173.06702630601538,-0.3969895988702774,-1.132199395919513,0.2217912333140929,1,Front
69,2.304512021857924,Participant8_WIN_20260730_09_53_53_Pro,Participant8,Mesomorph,Normal,upright,0.818592409578075,-178.32680384342711,-172.41581873797625,-0.3851156681776047,-1.2191697895780296,0.2185306679726886,1,Front
70,2.337910746812386,Participant8_WIN_20260730_09_53_53_Pro,Participant8,Mesomorph,Normal,upright,0.836299253533176,-179.1185136427674,-171.95476431083577,-0.3696577101945877,-1.2818679531488777,0.220058078924883,1,Front
71,2.371309471766849,Participant8_WIN_20260730_09_53_53_Pro,Participant8,Mesomorph,Normal,upright,0.8193119742111713,-176.60750556550482,-173.7710076039219,-0.3871823698282242,-1.987110765538855,0.2185259635539667,1,Front
72,2.4047081967213115,Participant8_WIN_20260730_09_53_53_Pro,Participant8,Mesomorph,Normal,upright,0.8343561560349114,-177.9709459307186,-176.07634006815178,-0.3744686469435692,-1.4754910035099116,0.2211984307023355,1,Front
73,2.4381069216757743,Participant8_WIN_20260730_09_53_53_Pro,Participant8,Mesomorph,Normal,upright,0.8169685195104983,-176.9917399101711,-173.64353431315757,-0.4152513742446899,-1.5038018399755393,0.2205897505144405,1,Front
74,2.471505646630237,Participant8_WIN_20260730_09_53_53_Pro,Participant8,Mesomorph,Normal,upright,0.7852122384943309,-176.74350329189875,-173.01159620920413,-0.3999753668904304,-1.8128590297825973,0.2166064464387986,1,Front
75,2.5049043715847,Participant8_WIN_20260730_09_53_53_Pro,Participant8,Mesomorph,Normal,upright,0.8345023959258341,-176.95075720158275,-171.50649745425977,-0.3905170783400535,-1.9487785649507343,0.2172859480571217,1,Front
76,2.5383030965391624,Participant8_WIN_20260730_09_53_53_Pro,Participant8,Mesomorph,Normal,upright,0.7914700814497002,-173.17937712473258,-170.98145561447268,-0.4033334031701088,-3.049855933344679,0.2155649762050956,1,Front
77,2.5717018214936247,Participant8_WIN_20260730_09_53_53_Pro,Participant8,Mesomorph,Normal,upright,0.8161238260836323,-173.8883773876818,-170.58998252857594,-0.373874731361866,-2.8810748878264105,0.2158482565992933,1,Front
78,2.6051005464480874,Participant8_WIN_20260730_09_53_53_Pro,Participant8,Mesomorph,Normal,upright,0.795817618912279,-173.24540746072353,-171.0059807155484,-0.3930687457323074,-2.272139155659544,0.2154720871591222,1,Front
79,2.63849927140255,Participant8_WIN_20260730_09_53_53_Pro,Participant8,Mesomorph,Normal,upright,0.7756656945758269,-171.69199842143234,-170.73645270246138,-0.4124075397849083,-3.703601880898596,0.2145565882330558,1,Front
80,2.671897996357013,Participant8_WIN_20260730_09_53_53_Pro,Participant8,Mesomorph,Normal,upright,0.7647238504581202,-173.31517608934587,-172.57370937515853,-0.4168360978364944,-2.98780786266552,0.2128093811599374,1,Front
81,2.705296721311476,Participant8_WIN_20260730_09_53_53_Pro,Participant8,Mesomorph,Normal,upright,0.8217882762740298,-175.97161449823793,-172.3805472181187,-0.3760860934853554,-0.3553245114167145,0.219357397073239,1,Front
82,2.7386954462659383,Participant8_WIN_20260730_09_53_53_Pro,Participant8,Mesomorph,Normal,upright,0.7637936578929647,-171.79022162158907,-172.18738506107883,-0.4025016278028488,-4.372427548566629,0.2132455031841728,1,Front
83,2.772094171220401,Participant8_WIN_20260730_09_53_53_Pro,Participant8,Mesomorph,Normal,upright,0.7586382246495165,-172.6964930930063,-171.67758301354684,-0.4033972471952438,-3.433126064569847,0.216847365484108,1,Front
84,2.805492896174864,Participant8_WIN_20260730_09_53_53_Pro,Participant8,Mesomorph,Normal,upright,0.7907268818712084,-174.03458597419268,-168.6658506653564,-0.4068172201514244,-1.4879234587810033,0.2164720818391252,1,Front
85,2.838891621129326,Participant8_WIN_20260730_09_53_53_Pro,Participant8,Mesomorph,Normal,upright,0.7655025348798078,-173.12827248147036,-170.58866257312323,-0.4063735157251358,-3.2781578925177217,0.2135728962139229,1,Front
86,2.8722903460837887,Participant8_WIN_20260730_09_53_53_Pro,Participant8,Mesomorph,Normal,upright,0.7934056263171592,-171.43829730268388,-170.18238761219033,-0.3954072594642639,-3.175127069464621,0.2139101549647242,1,Front
87,2.9056890710382515,Participant8_WIN_20260730_09_53_53_Pro,Participant8,Mesomorph,Normal,upright,0.7884467632622985,-173.72048341629215,-169.33409662845318,-0.404287151992321,-1.9070803699608976,0.2163939466440556,1,Front
88,2.939087795992714,Participant8_WIN_20260730_09_53_53_Pro,Participant8,Mesomorph,Normal,upright,0.80150594669599,-175.276268592426,-171.0389376328331,-0.3956415876746177,-1.4392765638739404,0.2157958068677709,1,Front
89,2.972486520947177,Participant8_WIN_20260730_09_53_53_Pro,Participant8,Mesomorph,Normal,upright,0.805628487815483,-176.52220846120457,-174.67580134455332,-0.3805984482169151,-1.6400019174099223,0.2157617761716836,1,Front
90,3.00588524590164,Participant8_WIN_20260730_09_53_53_Pro,Participant8,Mesomorph,Normal,upright,0.7932964987921175,-175.44198952099595,-172.91136478680343,-0.3770730495452881,-2.271558557086913,0.21688364859282,1,Front
91,3.039283970856102,Participant8_WIN_20260730_09_53_53_Pro,Participant8,Mesomorph,Normal,upright,0.8297049800548134,-175.83657885378383,-172.95401386188982,-0.3623482659459114,-1.6919678870359056,0.2201443788197505,1,Front
92,3.0726826958105646,Participant8_WIN_20260730_09_53_53_Pro,Participant8,Mesomorph,Normal,upright,0.806558904983956,-177.02725505397208,-171.61222571904148,-0.3627834767103195,-2.042223313890326,0.2201275991298237,1,Front
93,3.106081420765028,Participant8_WIN_20260730_09_53_53_Pro,Participant8,Mesomorph,Normal,upright,0.7886634306238536,-176.8924281553664,-172.19143955490128,-0.3899287208914757,-1.98119988189468,0.2198116717331225,1,Front
94,3.13948014571949,Participant8_WIN_20260730_09_53_53_Pro,Participant8,Mesomorph,Normal,upright,0.8292304330218707,-175.44203185130797,-172.25382831703098,-0.3728174418210983,-2.262643923109151,0.2185530174096575,1,Front
95,3.172878870673953,Participant8_WIN_20260730_09_53_53_Pro,Participant8,Mesomorph,Normal,upright,0.8349765829518808,-178.6383553206864,-171.4072928030312,-0.3862680941820144,-1.2631763217937613,0.2157691545720556,1,Front
96,3.2062775956284155,Participant8_WIN_20260730_09_53_53_Pro,Participant8,Mesomorph,Normal,upright,0.8033835645509874,-178.14799213425513,-172.10109630532753,-0.3900236338376999,-0.257819088617257,0.2183062548896528,1,Front
97,3.2396763205828782,Participant8_WIN_20260730_09_53_53_Pro,Participant8,Mesomorph,Normal,upright,0.8129448993763924,-177.43483990533448,-171.17879650790016,-0.3806462362408638,-0.5486099013615129,0.2159725294619832,1,Front
98,3.2730750455373405,Participant8_WIN_20260730_09_53_53_Pro,Participant8,Mesomorph,Normal,upright,0.8158161072398721,-175.54173484562023,-171.10292382024767,-0.4184346497058868,-0.3418630879920777,0.2216438392118389,1,Front
99,3.3064737704918032,Participant8_WIN_20260730_09_53_53_Pro,Participant8,Mesomorph,Normal,upright,0.8143862124166981,-177.20255994565088,-173.39306450127827,-0.406728558242321,-1.938597906225373,0.2177147740864635,1,Front
100,3.339872495446266,Participant8_WIN_20260730_09_53_53_Pro,Participant8,Mesomorph,Normal,upright,0.8156633133184858,-176.94106431324275,-171.87161181204257,-0.3902637064456939,-2.0438113605055075,0.2229189751964261,1,Front
101,3.3732712204007287,Participant8_WIN_20260730_09_53_53_Pro,Participant8,Mesomorph,Normal,upright,0.8440034251343405,-177.44818650094635,-172.7793445949083,-0.4112239480018616,-1.9750612783199315,0.2217441272994764,1,Front
102,3.4066699453551914,Participant8_WIN_20260730_09_53_53_Pro,Participant8,Mesomorph,Normal,upright,0.794444603198812,-178.29158408471636,-170.85003571267117,-0.3998723328113556,-1.7005457054543769,0.2212682445228956,1,Front
103,3.440068670309654,Participant8_WIN_20260730_09_53_53_Pro,Participant8,Mesomorph,Normal,upright,0.8255017020014845,-177.0988798579229,-171.1223150441409,-0.3892020285129547,-1.4416061807971905,0.2239028160164422,1,Front
104,3.473467395264117,Participant8_WIN_20260730_09_53_53_Pro,Participant8,Mesomorph,Normal,upright,0.8081406252671623,-175.56961457561238,-170.94265833831042,-0.4123188853263855,-1.8935169122978863,0.2204578756126255,1,Front
105,3.50686612021858,Participant8_WIN_20260730_09_53_53_Pro,Participant8,Mesomorph,Normal,upright,0.8075288073383073,-174.11828944065823,-171.2897785863066,-0.3851981461048126,-2.750466208702292,0.2196300768822879,1,Front
106,3.540264845173042,Participant8_WIN_20260730_09_53_53_Pro,Participant8,Mesomorph,Normal,upright,0.7612599991833465,-176.7928526483674,-170.02538215660462,-0.4117205142974853,-2.61093185179952,0.219596012543878,1,Front
107,3.573663570127505,Participant8_WIN_20260730_09_53_53_Pro,Participant8,Mesomorph,Normal,upright,0.7870518481198094,-175.9951208365225,-169.64507940835423,-0.415746659040451,-1.1470794492151493,0.2219724241243675,1,Front
108,3.6070622950819673,Participant8_WIN_20260730_09_53_53_Pro,Participant8,Mesomorph,Normal,upright,0.7499399822281698,-175.56294710667106,-170.91384978407288,-0.4382787495851517,-2.8401080557841816,0.2175763117758195,1,Front
109,3.64046102003643,Participant8_WIN_20260730_09_53_53_Pro,Participant8,Mesomorph,Normal,upright,0.792869809009624,-174.99538871605577,-169.77176792581793,-0.3973046690225601,-1.2482432160168728,0.2208009931872764,1,Front
110,3.6738597449908927,Participant8_WIN_20260730_09_53_53_Pro,Participant8,Mesomorph,Normal,upright,0.7639852268621455,-175.4784177111085,-169.31698923579373,-0.4289206266403198,-1.5306888373137495,0.2226639704974378,1,Front
111,3.707258469945356,Participant8_WIN_20260730_09_53_53_Pro,Participant8,Mesomorph,Normal,upright,0.7767661839391939,-176.8277044235964,-170.73755971758905,-0.4183157384395599,-1.3048969829342694,0.2228860331504432,1,Front
112,3.740657194899818,Participant8_WIN_20260730_09_53_53_Pro,Participant8,Mesomorph,Normal,upright,0.799878215576189,-174.79501782427235,-171.23216548640676,-0.4095677733421325,-2.205429800701299,0.218972184117982,1,Front
113,3.774055919854281,Participant8_WIN_20260730_09_53_53_Pro,Participant8,Mesomorph,Normal,upright,0.7924686400023707,-174.32901369259957,-171.03984092273083,-0.4165132641792297,-2.248512116469924,0.2199963250315417,1,Front
114,3.807454644808743,Participant8_WIN_20260730_09_53_53_Pro,Participant8,Mesomorph,Normal,upright,0.7875894285060155,-173.82232527844295,-169.2852575839052,-0.4318961948156357,-2.3443080725395715,0.2215810842591718,1,Front
115,3.840853369763206,Participant8_WIN_20260730_09_53_53_Pro,Participant8,Mesomorph,Normal,upright,0.7927716832158096,-177.43119409802992,-172.00774213698466,-0.4162487536668777,-2.0176505302099588,0.2197928733060601,1,Front
116,3.8742520947176686,Participant8_WIN_20260730_09_53_53_Pro,Participant8,Mesomorph,Normal,upright,0.80046666445727,-177.67431320484732,-171.4148811941077,-0.4096317440271377,-1.2397669025258646,0.2242914176274614,1,Front
117,3.9076508196721313,Participant8_WIN_20260730_09_53_53_Pro,Participant8,Mesomorph,Normal,upright,0.7729939247455756,-175.74449796773527,-170.97601982148478,-0.355269506573677,-1.3618968001141425,0.2198417781674203,1,Front
118,3.941049544626594,Participant8_WIN_20260730_09_53_53_Pro,Participant8,Mesomorph,Normal,upright,0.7560409583580026,-177.233726803376,-173.95418659449984,-0.419629231095314,-1.4146881484327951,0.2221936835643742,1,Front
119,3.974448269581057,Participant8_WIN_20260730_09_53_53_Pro,Participant8,Mesomorph,Normal,upright,0.7681026127112057,-174.37722742569846,-171.8060121512818,-0.4427150189876556,-2.9646181012451627,0.2220931660276688,1,Front
120,4.00784699453552,Participant8_WIN_20260730_09_53_53_Pro,Participant8,Mesomorph,Normal,upright,0.7219824119240439,-174.8674229675664,-170.90973588193728,-0.4407838582992553,-4.679685204274898,0.2177173777477793,1,Front
121,4.041245719489982,Participant8_WIN_20260730_09_53_53_Pro,Participant8,Mesomorph,Normal,upright,0.689206693482199,-173.4029094611168,-172.14326056434984,-0.4432521164417267,-1.875236690289921,0.2212542794975774,1,Front
122,4.074644444444445,Participant8_WIN_20260730_09_53_53_Pro,Participant8,Mesomorph,Normal,upright,0.6732377166021339,-170.96169515215087,-172.45189935365653,-0.4361886978149414,-3.3081062129441383,0.2167545522089204,1,Front
123,4.108043169398908,Participant8_WIN_20260730_09_53_53_Pro,Participant8,Mesomorph,Normal,upright,0.6967528284409366,-172.938514107548,-172.74629408614854,-0.448217362165451,-3.479558556501997,0.2175377633523902,1,Front
124,4.1414418943533695,Participant8_WIN_20260730_09_53_53_Pro,Participant8,Mesomorph,Normal,upright,0.734623515949672,-174.4226821166716,-174.0847801226027,-0.4246385991573334,-2.3011640454999456,0.2187623686217162,1,Front
125,4.174840619307832,Participant8_WIN_20260730_09_53_53_Pro,Participant8,Mesomorph,Normal,upright,0.7147631388594625,-172.2847751657419,-172.82851698467027,-0.4337049275636673,-3.8555426321381634,0.2166167261568417,1,Front
126,4.208239344262295,Participant8_WIN_20260730_09_53_53_Pro,Participant8,Mesomorph,Normal,upright,0.7626361148418059,-175.49693980550077,-171.6910574408378,-0.4191644936800003,-4.239964372787383,0.2153340525006808,1,Front
127,4.241638069216758,Participant8_WIN_20260730_09_53_53_Pro,Participant8,Mesomorph,Normal,upright,0.7189383807844606,-172.7679491719525,-172.95539869425212,-0.439400315284729,-3.6186502947766224,0.2156252251810591,1,Front
128,4.27503679417122,Participant8_WIN_20260730_09_53_53_Pro,Participant8,Mesomorph,Normal,upright,0.7200947112401759,-172.56310805494394,-173.70492295036576,-0.4398873299360275,-3.8617814411622025,0.2203437086480013,1,Front
129,4.308435519125683,Participant8_WIN_20260730_09_53_53_Pro,Participant8,Mesomorph,Normal,upright,0.7173677014172815,-171.30927824407246,-173.80699705765943,-0.429608404636383,-3.469954117603112,0.2167199988914316,1,Front
130,4.341834244080146,Participant8_WIN_20260730_09_53_53_Pro,Participant8,Mesomorph,Normal,upright,0.7242925957788142,-170.95212798731464,-174.35454960803347,-0.4353122115135193,-3.472423080406815,0.2174914909626586,1,Front
131,4.375232969034609,Participant8_WIN_20260730_09_53_53_Pro,Participant8,Mesomorph,Normal,upright,0.7259184617211485,-173.2713914371459,-172.88057306868322,-0.4334799647331238,-3.524217006927451,0.2162754011526178,1,Front
132,4.408631693989071,Participant8_WIN_20260730_09_53_53_Pro,Participant8,Mesomorph,Normal,upright,0.7099841138134554,-173.58071098247157,-173.47797510624054,-0.4339439123868942,-2.918711064741476,0.2175581694409029,1,Front
133,4.442030418943534,Participant8_WIN_20260730_09_53_53_Pro,Participant8,Mesomorph,Normal,upright,0.7668570542833847,-176.25027273093144,-172.38845999417532,-0.4451038539409637,-3.23433176990593,0.2228968191720422,1,Front
134,4.475429143897997,Participant8_WIN_20260730_09_53_53_Pro,Participant8,Mesomorph,Normal,upright,0.7552914290452051,-176.81336887285792,-172.23553561634762,-0.453557401895523,-4.07973156880885,0.2202556298397088,1,Front
135,4.50882786885246,Participant8_WIN_20260730_09_53_53_Pro,Participant8,Mesomorph,Normal,upright,0.7001288958127191,-173.49127413222968,-171.53373306981786,-0.404973641037941,-3.842650171589544,0.2173802607726816,1,Front
136,4.542226593806922,Participant8_WIN_20260730_09_53_53_Pro,Participant8,Mesomorph,Normal,upright,0.7146607912793825,-173.0151405772596,-171.10433116903664,-0.3926343396306038,-4.329298002409653,0.2148510036209653,1,Front
137,4.575625318761385,Participant8_WIN_20260730_09_53_53_Pro,Participant8,Mesomorph,Normal,upright,0.7748852538292899,-175.18273368693372,-171.26285110616956,-0.4361719936132431,-2.3042897722792866,0.2241512281896092,1,Front
138,4.609024043715847,Participant8_WIN_20260730_09_53_53_Pro,Participant8,Mesomorph,Normal,upright,0.7780070786989126,-176.87964893624832,-171.13180710774623,-0.4300212413072586,-1.81671377316374,0.2213607495584085,1,Front
139,4.6424227686703095,Participant8_WIN_20260730_09_53_53_Pro,Participant8,Mesomorph,Normal,upright,0.7503146322239509,-175.2254429652451,-171.28900331553038,-0.406365156173706,-2.208507065838652,0.2190586460009347,1,Front
140,4.675821493624772,Participant8_WIN_20260730_09_53_53_Pro,Participant8,Mesomorph,Normal,upright,0.7046883572829327,-175.5357984549381,-173.46436680186324,-0.4128913283348083,-1.748629538980487,0.2207623521770654,1,Front
141,4.709220218579235,Participant8_WIN_20260730_09_53_53_Pro,Participant8,Mesomorph,Normal,upright,0.7278704317173105,-175.36616755070625,-173.2328467081184,-0.4255004823207855,-4.054390025320615,0.2199294378409282,1,Front
142,4.742618943533698,Participant8_WIN_20260730_09_53_53_Pro,Participant8,Mesomorph,Normal,upright,0.7182098952633659,-173.12234661592854,-172.01053744230774,-0.4377027750015259,-2.507247810545986,0.2225601958348448,1,Front
143,4.77601766848816,Participant8_WIN_20260730_09_53_53_Pro,Participant8,Mesomorph,Normal,upright,0.7369028806911776,-175.73294818218355,-172.1129562638496,-0.4268262684345245,-2.0967028667860377,0.2217487948905303,1,Front
144,4.809416393442623,Participant8_WIN_20260730_09_53_53_Pro,Participant8,Mesomorph,Normal,upright,0.7216141685402393,-174.53572294542593,-172.1876237076976,-0.4185204058885574,-0.6733446746908455,0.2198524458552492,1,Front
145,4.842815118397086,Participant8_WIN_20260730_09_53_53_Pro,Participant8,Mesomorph,Normal,upright,0.7215400760556301,-175.2621428075364,-171.52234195301017,-0.4326969087123871,-1.554068698502439,0.2218643350285506,1,Front
146,4.8762138433515485,Participant8_WIN_20260730_09_53_53_Pro,Participant8,Mesomorph,Normal,upright,0.7324070729461374,-177.76259720119134,-172.4905487544944,-0.4360755831003189,-2.1844678231232626,0.2236693966018844,1,Front
147,4.909612568306011,Participant8_WIN_20260730_09_53_53_Pro,Participant8,Mesomorph,Normal,upright,0.718918933572093,-174.66206137103154,-173.29440042565207,-0.4270392805337906,-2.008871468406575,0.2184769410672953,1,Front
148,4.943011293260474,Participant8_WIN_20260730_09_53_53_Pro,Participant8,Mesomorph,Normal,upright,0.7326513342918922,-174.26828735703856,-173.34892728268352,-0.4394284635782242,-1.54077933652374,0.2209007650514954,1,Front
149,4.976410018214937,Participant8_WIN_20260730_09_53_53_Pro,Participant8,Mesomorph,Normal,upright,0.7164861382853778,-172.36508322844497,-171.90417704437803,-0.4331265687942505,-2.1032171809377465,0.220445409240417,1,Front
150,5.009808743169399,Participant8_WIN_20260730_09_53_53_Pro,Participant8,Mesomorph,Normal,upright,0.7293288767926853,-173.4241018830774,-172.66961707077712,-0.4507699906826019,-2.083670241603668,0.2229749424802516,1,Front
151,5.043207468123862,Participant8_WIN_20260730_09_53_53_Pro,Participant8,Mesomorph,Normal,upright,0.7179220080003161,-171.97537318039696,-172.96954512741212,-0.4358554482460022,-2.122845892311436,0.221396986441888,1,Front
152,5.076606193078325,Participant8_WIN_20260730_09_53_53_Pro,Participant8,Mesomorph,Normal,upright,0.7584253649912198,-175.23790838912493,-172.6899250249282,-0.4318694323301315,-2.5317759007178107,0.2199222307187742,1,Front
153,5.110004918032787,Participant8_WIN_20260730_09_53_53_Pro,Participant8,Mesomorph,Normal,upright,0.7045555773759075,-174.84409545854726,-173.6815276046656,-0.4104345589876175,-1.8557977673806847,0.2198582677620398,1,Front
154,5.143403642987249,Participant8_WIN_20260730_09_53_53_Pro,Participant8,Mesomorph,Normal,upright,0.7279961616048435,-177.36748997730376,-172.32771291045347,-0.4160920977592468,-1.5265475563034472,0.2238369671329066,1,Front
155,5.176802367941712,Participant8_WIN_20260730_09_53_53_Pro,Participant8,Mesomorph,Normal,upright,0.7176177071289995,-178.5303269249329,-173.66068460356993,-0.4376160353422165,-1.9822705769950373,0.2262798454728292,1,Front
156,5.210201092896175,Participant8_WIN_20260730_09_53_53_Pro,Participant8,Mesomorph,Normal,upright,0.7274122413977433,-173.9079183720158,-171.75662525976912,-0.4279289245605469,-3.926273924763244,0.222230178752576,1,Front
157,5.243599817850638,Participant8_WIN_20260730_09_53_53_Pro,Participant8,Mesomorph,Normal,upright,0.7662318794566897,-174.78781090663503,-170.65274713421633,-0.4190720245242119,-1.7059225668291786,0.2248902398176424,1,Front
158,5.2769985428051,Participant8_WIN_20260730_09_53_53_Pro,Participant8,Mesomorph,Normal,upright,0.748028386600402,-176.00168348338693,-173.2555400886841,-0.4404954761266708,-2.778986986873164,0.2250647730785489,1,Front
159,5.310397267759563,Participant8_WIN_20260730_09_53_53_Pro,Participant8,Mesomorph,Normal,upright,0.7643008872003052,-176.60140975168684,-172.4804446903364,-0.4142637550830841,-2.2655340205025825,0.22160627147296,1,Front
160,5.343795992714026,Participant8_WIN_20260730_09_53_53_Pro,Participant8,Mesomorph,Normal,upright,0.7526479293033084,-176.05688669993228,-173.24016924038722,-0.4287769943475723,-1.3812787675562208,0.2270959052431922,1,Front
161,5.377194717668488,Participant8_WIN_20260730_09_53_53_Pro,Participant8,Mesomorph,Normal,upright,0.7634433592989216,-175.70419669043784,-171.7236063849521,-0.4274619221687317,-2.4733465250338296,0.2221922699092268,1,Front
162,5.410593442622951,Participant8_WIN_20260730_09_53_53_Pro,Participant8,Mesomorph,Normal,upright,0.7535231081505304,-176.33978704232103,-173.05753298786328,-0.4278939664363861,-1.9338947450947035,0.2248474541287267,1,Front
163,5.443992167577414,Participant8_WIN_20260730_09_53_53_Pro,Participant8,Mesomorph,Normal,upright,0.8135323022930351,-177.46014231490744,-169.72201833855334,-0.4112355336546898,-1.0679551978876638,0.2223433861104492,1,Front
164,5.477390892531877,Participant8_WIN_20260730_09_53_53_Pro,Participant8,Mesomorph,Normal,upright,0.769632808183316,-178.09181171641862,-174.45391067570063,-0.3854678124189377,-1.490119775027482,0.2194870710788268,1,Front
165,5.510789617486339,Participant8_WIN_20260730_09_53_53_Pro,Participant8,Mesomorph,Normal,upright,0.7991742380198823,-175.423173687882,-170.2560275781211,-0.4251741468906402,-1.801696455700612,0.2226471193373404,1,Front
166,5.544188342440802,Participant8_WIN_20260730_09_53_53_Pro,Participant8,Mesomorph,Normal,upright,0.8093815198589377,-177.4850793825127,-170.21578813562522,-0.4194000214338302,-0.9673845366320308,0.2268286884208729,1,Front
167,5.577587067395264,Participant8_WIN_20260730_09_53_53_Pro,Participant8,Mesomorph,Normal,upright,0.773662616066586,-178.27447337482832,-170.7805126805639,-0.4304566234350204,-0.0292457551165703,0.2243262597209012,1,Front
168,5.610985792349727,Participant8_WIN_20260730_09_53_53_Pro,Participant8,Mesomorph,Normal,upright,0.7450074056121845,-177.3466442287427,-174.40936874026048,-0.4165883362293243,-1.6113502706177611,0.2204766694934402,1,Front
169,5.644384517304189,Participant8_WIN_20260730_09_53_53_Pro,Participant8,Mesomorph,Normal,upright,0.7319585384805259,-176.06233464323,-175.39153877034553,-0.4231249839067459,-2.9223436144686885,0.2245036359302357,1,Front
170,5.677783242258652,Participant8_WIN_20260730_09_53_53_Pro,Participant8,Mesomorph,Normal,upright,0.753188169011406,-178.3071341772946,-174.29156968181044,-0.4173858761787414,-2.1621164013952225,0.2284612597645876,1,Front
171,5.711181967213115,Participant8_WIN_20260730_09_53_53_Pro,Participant8,Mesomorph,Normal,upright,0.7646501260865645,-178.43409142645288,-174.70136522338564,-0.3993830382823944,-1.481174886651689,0.2240819355119316,1,Front
172,5.7445806921675775,Participant8_WIN_20260730_09_53_53_Pro,Participant8,Mesomorph,Normal,upright,0.766178283917342,-178.56104867561118,-174.01293058021537,-0.4071236550807953,-1.9965035353374003,0.222268340437851,1,Front
173,5.77797941712204,Participant8_WIN_20260730_09_53_53_Pro,Participant8,Mesomorph,Normal,upright,0.7421746333773965,-175.27744704605075,-172.80475349018468,-0.407398372888565,-0.763385085686478,0.2249953877401537,1,Front
174,5.811378142076503,Participant8_WIN_20260730_09_53_53_Pro,Participant8,Mesomorph,Normal,upright,0.7521735572418774,-176.1809423353381,-175.10255855198048,-0.4110383838415146,-1.6323505399622986,0.2209305757481474,1,Front
175,5.844776867030966,Participant8_WIN_20260730_09_53_53_Pro,Participant8,Mesomorph,Normal,upright,0.736610516437378,-177.13622244422294,-173.9837972949158,-0.4031427204608917,-1.627949145039431,0.223254036734253,1,Front
176,5.878175591985428,Participant8_WIN_20260730_09_53_53_Pro,Participant8,Mesomorph,Normal,upright,0.7520113565317448,-176.04150229609232,-173.98095030160889,-0.4075458347797394,-2.2473174412695207,0.2193799441579579,1,Front
177,5.911574316939891,Participant8_WIN_20260730_09_53_53_Pro,Participant8,Mesomorph,Normal,upright,0.7804102181995889,-179.45848060630806,-173.32058788516352,-0.4254077225923538,-0.8406289810583036,0.225069889437442,1,Front
178,5.944973041894354,Participant8_WIN_20260730_09_53_53_Pro,Participant8,Mesomorph,Normal,upright,0.7528421586082579,-175.70459993559402,-173.6250925268553,-0.4317309409379959,-3.790021696307072,0.2221565877893814,1,Front
179,5.9783717668488165,Participant8_WIN_20260730_09_53_53_Pro,Participant8,Mesomorph,Normal,upright,0.7445116030857738,-175.52242425384887,-173.4702017625002,-0.4033773764967918,-2.57529580489032,0.2197981291006933,1,Front
180,6.011770491803279,Participant8_WIN_20260730_09_53_53_Pro,Participant8,Mesomorph,Normal,upright,0.7795562137287322,-178.02257240232638,-174.14352503900128,-0.3803553655743599,-2.609152217928917,0.2236234062492276,1,Front
181,6.045169216757742,Participant8_WIN_20260730_09_53_53_Pro,Participant8,Mesomorph,Normal,upright,0.7518164503860116,-175.46283328577147,-173.12844541995796,-0.4130539447069168,-2.614660581770341,0.2250563234437534,1,Front
182,6.078567941712204,Participant8_WIN_20260730_09_53_53_Pro,Participant8,Mesomorph,Normal,upright,0.7563028251951496,-176.15434767239,-174.94194923152693,-0.4172616004943847,-3.854130572142944,0.2236041414764171,1,Front
0,0.0,Participant9_WIN_20260730_10_08_44_Pro,Participant9,Endomorph,Overweight,upright,0.8656097745962438,-178.55868726206506,179.2028425119529,-0.4741353988647461,-2.0735036966524603,0.2537030385892322,1,Front
1,0.0335445109780439,Participant9_WIN_20260730_10_08_44_Pro,Participant9,Endomorph,Overweight,upright,0.8784615457241084,-177.8346103926405,179.25341633585214,-0.4729979485273361,-1.8964975101035348,0.2535488350711861,1,Front
2,0.0670890219560878,Participant9_WIN_20260730_10_08_44_Pro,Participant9,Endomorph,Overweight,upright,0.8885667259586875,-177.40033750134313,179.30399015975138,-0.4711703509092331,-1.8681386882073097,0.2546907732333338,1,Front
3,0.1006335329341317,Participant9_WIN_20260730_10_08_44_Pro,Participant9,Endomorph,Overweight,upright,0.874693271508237,-177.74587672571258,179.05644110311346,-0.4773033112287521,-1.765494914972653,0.2550794159663923,1,Front
4,0.1341780439121756,Participant9_WIN_20260730_10_08_44_Pro,Participant9,Endomorph,Overweight,upright,0.8555314328574294,-176.73028064258085,179.0814862798989,-0.4832017421722412,-2.328154190166067,0.2561604476610664,1,Front
5,0.1677225548902195,Participant9_WIN_20260730_10_08_44_Pro,Participant9,Endomorph,Overweight,upright,0.8591169969813993,-176.15522493487026,178.89605271656498,-0.4910302460193634,-2.467075543395908,0.2571501015975369,1,Front
6,0.2012670658682634,Participant9_WIN_20260730_10_08_44_Pro,Participant9,Endomorph,Overweight,upright,0.8670760563539028,-176.97179475935656,178.8458547729212,-0.4945136904716491,-2.449592793219739,0.2571253562384106,1,Front
7,0.2348115768463074,Participant9_WIN_20260730_10_08_44_Pro,Participant9,Endomorph,Overweight,upright,0.8686391325312569,-177.3426135112839,178.56351200936416,-0.4896827787160873,-2.271816661650351,0.2573951383066465,1,Front
8,0.2683560878243513,Participant9_WIN_20260730_10_08_44_Pro,Participant9,Endomorph,Overweight,upright,0.8767304900902196,-176.29202708830078,178.2614594256794,-0.4749733954668045,-2.2019233133089564,0.2568096158325352,1,Front
9,0.3019005988023952,Participant9_WIN_20260730_10_08_44_Pro,Participant9,Endomorph,Overweight,upright,0.8553397724411599,-176.89590124174407,178.00466297712964,-0.4786399602890014,-2.1695117749205943,0.2565486780226149,1,Front
10,0.3354451097804391,Participant9_WIN_20260730_10_08_44_Pro,Participant9,Endomorph,Overweight,upright,0.8544310649880188,-177.75622421149478,178.73606564722323,-0.4581742286682129,-1.9104350075743723,0.2585235495956524,1,Front
11,0.3689896207584831,Participant9_WIN_20260730_10_08_44_Pro,Participant9,Endomorph,Overweight,upright,0.8757542373472443,-177.79138056491033,179.05424704930854,-0.4764090776443481,-1.8901238131345952,0.2565644763112266,1,Front
12,0.4025341317365269,Participant9_WIN_20260730_10_08_44_Pro,Participant9,Endomorph,Overweight,upright,0.8654589524098509,-177.6365895771275,178.05800817271768,-0.4865991771221161,-2.1218801655067177,0.2550646415760397,1,Front
13,0.4360786427145708,Participant9_WIN_20260730_10_08_44_Pro,Participant9,Endomorph,Overweight,upright,0.8647861062884853,-177.6920061024961,178.04139796624222,-0.4875572919845581,-2.103423658018388,0.2549795060082837,1,Front
14,0.4696231536926148,Participant9_WIN_20260730_10_08_44_Pro,Participant9,Endomorph,Overweight,upright,0.8786583414273411,-177.81739409333116,177.81384020236166,-0.491677924990654,-1.904422813163145,0.25616675162543,1,Front
15,0.5031676646706587,Participant9_WIN_20260730_10_08_44_Pro,Participant9,Endomorph,Overweight,upright,0.8823235046068676,-177.55961625945565,177.84781380062995,-0.4897615611553192,-1.90539671557016,0.257462710441019,1,Front
16,0.5367121756487027,Participant9_WIN_20260730_10_08_44_Pro,Participant9,Endomorph,Overweight,upright,0.8637780249683096,-177.1446225366745,177.4182885678492,-0.4781952649354934,-2.451161822437673,0.2555784945799512,1,Front
17,0.5702566866267466,Participant9_WIN_20260730_10_08_44_Pro,Participant9,Endomorph,Overweight,upright,0.8757717932852487,-176.33386773066323,177.3548709605523,-0.46609628200531,-2.215928279343176,0.2584482027167262,1,Front
18,0.6038011976047905,Participant9_WIN_20260730_10_08_44_Pro,Participant9,Endomorph,Overweight,upright,0.8877655616021878,-177.12909005193555,177.6440517742938,-0.4622462838888168,-2.0724715697594376,0.2577158616818325,1,Front
19,0.6373457085828343,Participant9_WIN_20260730_10_08_44_Pro,Participant9,Endomorph,Overweight,upright,0.8524777554021384,-176.46800642098833,178.32898960840976,-0.4799876809120178,-2.3265071085017985,0.2543027384468679,1,Front
20,0.6708902195608782,Participant9_WIN_20260730_10_08_44_Pro,Participant9,Endomorph,Overweight,upright,0.8344407452818212,-176.98397351682104,178.45136969254838,-0.487200990319252,-2.0711182885475146,0.2573549528958311,1,Front
21,0.7044347305389221,Participant9_WIN_20260730_10_08_44_Pro,Participant9,Endomorph,Overweight,upright,0.832002934856041,-176.75170567547744,178.83934233740132,-0.4901886880397796,-2.1450331621771515,0.255683358936376,1,Front
22,0.7379792415169661,Participant9_WIN_20260730_10_08_44_Pro,Participant9,Endomorph,Overweight,upright,0.8461336639878306,-175.83497622553585,178.47656122122515,-0.4766075164079666,-2.774593149788211,0.2548980225864692,1,Front
23,0.77152375249501,Participant9_WIN_20260730_10_08_44_Pro,Participant9,Endomorph,Overweight,upright,0.8548393798620767,-176.92792678602996,177.74143576179387,-0.4886534512042999,-2.293334332088181,0.2557338079455367,1,Front
24,0.8050682634730539,Participant9_WIN_20260730_10_08_44_Pro,Participant9,Endomorph,Overweight,upright,0.8647096452223233,-176.29147597067058,178.14941277165283,-0.4840915501117706,-2.269676588399826,0.253599632079513,1,Front
25,0.8386127744510978,Participant9_WIN_20260730_10_08_44_Pro,Participant9,Endomorph,Overweight,upright,0.8622488871537174,-175.98092550848887,179.17691560396312,-0.4853395223617553,-2.3000112376241506,0.2547064084311599,1,Front
26,0.8721572854291417,Participant9_WIN_20260730_10_08_44_Pro,Participant9,Endomorph,Overweight,upright,0.8750972892584642,-176.18612265856342,177.47924158337278,-0.4841517955064773,-2.5662777791197624,0.2559335064445412,1,Front
27,0.9057017964071856,Participant9_WIN_20260730_10_08_44_Pro,Participant9,Endomorph,Overweight,upright,0.8643041960231157,-177.43161152144836,178.5050725440144,-0.490577831864357,-2.4401579176763075,0.2570357313110447,1,Front
28,0.9392463073852296,Participant9_WIN_20260730_10_08_44_Pro,Participant9,Endomorph,Overweight,upright,0.8665417830195519,-176.65452582589495,177.60376773844217,-0.4841237664222717,-2.393770732504472,0.2570921865469674,1,Front
29,0.9727908183632736,Participant9_WIN_20260730_10_08_44_Pro,Participant9,Endomorph,Overweight,upright,0.8612334294289297,-177.22280391708392,177.70133761949091,-0.4889053851366043,-2.1894113525165486,0.2567838956718092,1,Front
30,1.0063353293413173,Participant9_WIN_20260730_10_08_44_Pro,Participant9,Endomorph,Overweight,upright,0.8642336691511109,-177.0860969716237,178.16516864886205,-0.5035933405160904,-2.0030404442386507,0.255942698104482,1,Front
31,1.0398798403193614,Participant9_WIN_20260730_10_08_44_Pro,Participant9,Endomorph,Overweight,upright,0.864664127613097,-177.08089178284015,178.1915323111919,-0.5034797489643097,-2.022695893632154,0.2558471977280763,1,Front
32,1.073424351297405,Participant9_WIN_20260730_10_08_44_Pro,Participant9,Endomorph,Overweight,upright,0.8633783291671016,-176.21809022889929,178.6050658265048,-0.4838982969522476,-2.5127224811947224,0.2541862247712715,1,Front
33,1.1069688622754492,Participant9_WIN_20260730_10_08_44_Pro,Participant9,Endomorph,Overweight,upright,0.8627342571826622,-176.40507712538636,178.3672997672115,-0.4859190434217453,-2.508081459789332,0.2551726068184701,1,Front
34,1.1405133732534931,Participant9_WIN_20260730_10_08_44_Pro,Participant9,Endomorph,Overweight,upright,0.8506223146677787,-177.32087591860335,178.66001144224714,-0.4964976161718368,-2.2519938579569976,0.2555913045773418,1,Front
35,1.174057884231537,Participant9_WIN_20260730_10_08_44_Pro,Participant9,Endomorph,Overweight,upright,0.8595100020801121,-177.47118693676748,178.38049559577604,-0.4902456849813461,-2.0425811283181226,0.2543875137812038,1,Front
36,1.207602395209581,Participant9_WIN_20260730_10_08_44_Pro,Participant9,Endomorph,Overweight,upright,0.8632513080207905,-176.84275359031392,178.28599919956682,-0.4978345483541488,-2.0763978829204803,0.2549701592277509,1,Front
37,1.2411469061876248,Participant9_WIN_20260730_10_08_44_Pro,Participant9,Endomorph,Overweight,upright,0.8783852384731927,-177.34477851149012,177.29082188214088,-0.4984404742717743,-2.40410626225147,0.2543342194740217,1,Front
38,1.2746914171656687,Participant9_WIN_20260730_10_08_44_Pro,Participant9,Endomorph,Overweight,upright,0.8756806916150734,-177.4532484912249,177.57554836779482,-0.4940307587385177,-2.4475683927903287,0.2545727492152569,1,Front
39,1.3082359281437126,Participant9_WIN_20260730_10_08_44_Pro,Participant9,Endomorph,Overweight,upright,0.8743355981647163,-178.10445968921707,178.01060157552124,-0.4966638684272766,-2.1422323858171306,0.2546335869518742,1,Front
40,1.3417804391217565,Participant9_WIN_20260730_10_08_44_Pro,Participant9,Endomorph,Overweight,upright,0.8669002774707597,-177.16991149769947,178.11721595903015,-0.4930308908224106,-2.1398511950664765,0.2556379415621772,1,Front
41,1.3753249500998004,Participant9_WIN_20260730_10_08_44_Pro,Participant9,Endomorph,Overweight,upright,0.8821369471712811,-178.0015568370367,177.61926493303693,-0.4910998940467834,-2.118696594001402,0.2548965839827536,1,Front
42,1.4088694610778445,Participant9_WIN_20260730_10_08_44_Pro,Participant9,Endomorph,Overweight,upright,0.8800928640926183,-178.34126991015023,177.95790729076523,-0.4965427368879318,-2.064313897708611,0.255258232858583,1,Front
43,1.4424139720558884,Participant9_WIN_20260730_10_08_44_Pro,Participant9,Endomorph,Overweight,upright,0.8702941364606267,-177.74777037508284,177.06916966532648,-0.4984961897134781,-2.1976298785159245,0.2556775003321886,1,Front
44,1.4759584830339323,Participant9_WIN_20260730_10_08_44_Pro,Participant9,Endomorph,Overweight,upright,0.8704544666627236,-176.4732805250933,176.994133944107,-0.5040905326604843,-2.338782740491081,0.2542620302629813,1,Front
45,1.5095029940119762,Participant9_WIN_20260730_10_08_44_Pro,Participant9,Endomorph,Overweight,upright,0.8613151783097521,-176.3816575350024,177.75574600983833,-0.4965090304613113,-2.362989441826325,0.2550059823934486,1,Front
46,1.54304750499002,Participant9_WIN_20260730_10_08_44_Pro,Participant9,Endomorph,Overweight,upright,0.8623186078719929,-177.80668994946294,178.67456290038038,-0.4953772574663162,-2.0756174787328683,0.2550339790986717,1,Front
47,1.576592015968064,Participant9_WIN_20260730_10_08_44_Pro,Participant9,Endomorph,Overweight,upright,0.8552341970676967,-177.95050233418297,178.0519356426416,-0.4873155504465103,-1.9193042900105828,0.2551261838158631,1,Front
48,1.610136526946108,Participant9_WIN_20260730_10_08_44_Pro,Participant9,Endomorph,Overweight,upright,0.8541757644485569,-177.89363685496392,178.14773781339898,-0.4897041618824005,-1.8969783435293084,0.2550915320783983,1,Front
49,1.6436810379241518,Participant9_WIN_20260730_10_08_44_Pro,Participant9,Endomorph,Overweight,upright,0.8543830364344005,-177.6124518590825,178.24131461142653,-0.4862125664949417,-2.021226326262242,0.2564950967427093,1,Front
50,1.6772255489021957,Participant9_WIN_20260730_10_08_44_Pro,Participant9,Endomorph,Overweight,upright,0.8707831783831449,-177.66238486508294,177.82021071660157,-0.4859852194786072,-2.065766920885188,0.2557864874202147,1,Front
51,1.7107700598802396,Participant9_WIN_20260730_10_08_44_Pro,Participant9,Endomorph,Overweight,upright,0.8897745090126679,-176.42279182989896,177.8632601928446,-0.4735545367002487,-2.544158813011156,0.2557419994152854,1,Front
52,1.7443145708582837,Participant9_WIN_20260730_10_08_44_Pro,Participant9,Endomorph,Overweight,upright,0.8621421531719697,-176.59937856799627,177.33245058727528,-0.4785988479852676,-2.623347789097023,0.2566265854101324,1,Front
53,1.7778590818363271,Participant9_WIN_20260730_10_08_44_Pro,Participant9,Endomorph,Overweight,upright,0.8792258140103079,-176.5847214726782,178.12313454616552,-0.4754914045333862,-2.393746865872881,0.2565290762288685,1,Front
54,1.8114035928143712,Participant9_WIN_20260730_10_08_44_Pro,Participant9,Endomorph,Overweight,upright,0.8786009672061903,-176.434855207949,177.56401906485067,-0.479851558804512,-2.5736419440904217,0.2565947283048587,1,Front
55,1.844948103792416,Participant9_WIN_20260730_10_08_44_Pro,Participant9,Endomorph,Overweight,upright,0.8604815447538472,-177.22960669947366,178.90928116946776,-0.488773450255394,-2.627764778196246,0.2550918430791749,1,Front
56,1.87849261477046,Participant9_WIN_20260730_10_08_44_Pro,Participant9,Endomorph,Overweight,upright,0.8481418267632341,-177.36199760777774,178.384132851457,-0.4844656139612198,-2.422151410217447,0.2539806745237097,1,Front
57,1.9120371257485032,Participant9_WIN_20260730_10_08_44_Pro,Participant9,Endomorph,Overweight,upright,0.8768134833388045,-176.14962386424398,177.60911363443347,-0.4830313622951507,-2.689521151611281,0.2553084706094723,1,Front
58,1.945581636726547,Participant9_WIN_20260730_10_08_44_Pro,Participant9,Endomorph,Overweight,upright,0.8538307207693454,-174.85402926035565,178.0441670007913,-0.4789917767047882,-2.796551781644353,0.2567998642944842,1,Front
59,1.979126147704591,Participant9_WIN_20260730_10_08_44_Pro,Participant9,Endomorph,Overweight,upright,0.858679923577862,-175.82593912100708,178.33576334889105,-0.4825900495052337,-2.420948013136092,0.2550980524574692,1,Front
60,2.0126706586826346,Participant9_WIN_20260730_10_08_44_Pro,Participant9,Endomorph,Overweight,upright,0.8491191797363534,-176.51276211826487,178.01487890010597,-0.4818340390920639,-2.774500365725587,0.2565795294218065,1,Front
61,2.046215169660679,Participant9_WIN_20260730_10_08_44_Pro,Participant9,Endomorph,Overweight,upright,0.8545643631425447,-176.3799703590218,177.7671928246883,-0.4842026531696319,-2.6777038816950083,0.257718396146687,1,Front
62,2.079759680638723,Participant9_WIN_20260730_10_08_44_Pro,Participant9,Endomorph,Overweight,upright,0.8516567968334738,-175.89760161307356,178.28894543850592,-0.4860782772302627,-2.621146395695824,0.2571893476147141,1,Front
63,2.1133041916167667,Participant9_WIN_20260730_10_08_44_Pro,Participant9,Endomorph,Overweight,upright,0.8536705638450098,-176.11843297435703,178.0806944021494,-0.481860414147377,-2.5703122022902827,0.2564914286310016,1,Front
64,2.14684870259481,Participant9_WIN_20260730_10_08_44_Pro,Participant9,Endomorph,Overweight,upright,0.8529793729938411,-176.42357578027273,178.20158545227824,-0.4807817488908767,-2.6761963484431206,0.2560750833220444,1,Front
65,2.1803932135728545,Participant9_WIN_20260730_10_08_44_Pro,Participant9,Endomorph,Overweight,upright,0.8632613732326212,-175.89220780329177,178.73177701601827,-0.4795192331075668,-2.305857513652558,0.2563130287725306,1,Front
66,2.2139377245508984,Participant9_WIN_20260730_10_08_44_Pro,Participant9,Endomorph,Overweight,upright,0.8602343407337905,-176.324206882218,178.952351827296,-0.4761366993188858,-2.239336278723401,0.2558797588840771,1,Front
67,2.2474822355289423,Participant9_WIN_20260730_10_08_44_Pro,Participant9,Endomorph,Overweight,upright,0.8548286622316729,-175.69853548255523,178.86196963781708,-0.4635231792926788,-2.188207648770645,0.2558119359426398,1,Front
68,2.2810267465069862,Participant9_WIN_20260730_10_08_44_Pro,Participant9,Endomorph,Overweight,upright,0.8674696732133216,-176.5205077114848,177.7531469112463,-0.4737694710493088,-2.4453206158735727,0.2540946888399032,1,Front
69,2.31457125748503,Participant9_WIN_20260730_10_08_44_Pro,Participant9,Endomorph,Overweight,upright,0.8696151481568682,-176.81705500830546,177.96407170238436,-0.4682138711214065,-2.459786768894772,0.2544863232702485,1,Front
70,2.348115768463074,Participant9_WIN_20260730_10_08_44_Pro,Participant9,Endomorph,Overweight,upright,0.864704771542774,-177.0123677998193,178.02323452561177,-0.4683382213115692,-2.207727645337333,0.2574027580047325,1,Front
71,2.381660279441118,Participant9_WIN_20260730_10_08_44_Pro,Participant9,Endomorph,Overweight,upright,0.8609422894560185,-176.51261109734153,178.11060081171203,-0.4602320939302444,-2.3053757853667336,0.2536513450169947,1,Front
72,2.415204790419162,Participant9_WIN_20260730_10_08_44_Pro,Participant9,Endomorph,Overweight,upright,0.8607276084867221,-176.5200357602482,178.1390094630187,-0.459444135427475,-2.302649809009009,0.253558488050114,1,Front
73,2.4487493013972057,Participant9_WIN_20260730_10_08_44_Pro,Participant9,Endomorph,Overweight,upright,0.8713273850932894,-176.05493777613242,178.20084445546982,-0.4636189341545105,-2.2405388773177832,0.2539039071988769,1,Front
74,2.4822938123752496,Participant9_WIN_20260730_10_08_44_Pro,Participant9,Endomorph,Overweight,upright,0.8662105613676442,-176.00126036654086,178.12058856575732,-0.4589692652225494,-2.3683449563741856,0.2537336451361269,1,Front
75,2.515838323353293,Participant9_WIN_20260730_10_08_44_Pro,Participant9,Endomorph,Overweight,upright,0.8548198613941616,-176.699650310131,178.5623804343705,-0.4826244264841079,-1.9829193964648928,0.2561679497798792,1,Front
76,2.5493828343313374,Participant9_WIN_20260730_10_08_44_Pro,Participant9,Endomorph,Overweight,upright,0.8754967162154437,-176.48294528271362,178.23088412615073,-0.4754790216684341,-2.172641391761585,0.2562151859041122,1,Front
77,2.5829273453093813,Participant9_WIN_20260730_10_08_44_Pro,Participant9,Endomorph,Overweight,upright,0.8566145646746812,-176.97669428127531,178.41319792062072,-0.483041763305664,-1.959401635098049,0.2570331105523175,1,Front
78,2.616471856287425,Participant9_WIN_20260730_10_08_44_Pro,Participant9,Endomorph,Overweight,upright,0.8548904740118053,-176.73962238748334,178.48680777861284,-0.4840715080499649,-1.9687877415942303,0.2568464506387186,1,Front
79,2.650016367265469,Participant9_WIN_20260730_10_08_44_Pro,Participant9,Endomorph,Overweight,upright,0.850401953179232,-176.76375768749875,178.25240223840146,-0.4812551885843277,-1.9969340588400448,0.255806756539062,1,Front
80,2.683560878243513,Participant9_WIN_20260730_10_08_44_Pro,Participant9,Endomorph,Overweight,upright,0.8697967759066877,-176.5360906792508,177.9081469130194,-0.4783371537923813,-2.238335359763592,0.2565513890923216,1,Front
81,2.717105389221557,Participant9_WIN_20260730_10_08_44_Pro,Participant9,Endomorph,Overweight,upright,0.8647321047942176,-176.2351498503974,177.94604499414743,-0.4866848737001419,-2.2318284943803413,0.2552428478519493,1,Front
82,2.7506499001996008,Participant9_WIN_20260730_10_08_44_Pro,Participant9,Endomorph,Overweight,upright,0.870084578028703,-175.78952166194154,177.8558608942177,-0.4640243351459503,-2.160006371055234,0.2530481917214842,1,Front
83,2.7841944111776447,Participant9_WIN_20260730_10_08_44_Pro,Participant9,Endomorph,Overweight,upright,0.8671241095889426,-176.2332840897957,177.78185765420665,-0.4790451377630234,-2.405426170036716,0.2537238895358262,1,Front
84,2.817738922155689,Participant9_WIN_20260730_10_08_44_Pro,Participant9,Endomorph,Overweight,upright,0.8661283314444709,-176.0979834764659,178.16348305236653,-0.4770315885543823,-2.4035999526570087,0.2533940004886372,1,Front
85,2.851283433133733,Participant9_WIN_20260730_10_08_44_Pro,Participant9,Endomorph,Overweight,upright,0.8537111498946416,-175.35634390946026,179.051092153486,-0.4752148538827896,-2.37666289303746,0.2549165271719968,1,Front
86,2.884827944111777,Participant9_WIN_20260730_10_08_44_Pro,Participant9,Endomorph,Overweight,upright,0.8543774100505329,-175.60734902795014,179.0572478960495,-0.4755040556192398,-2.3251380674851574,0.2545762921201386,1,Front
87,2.9183724550898207,Participant9_WIN_20260730_10_08_44_Pro,Participant9,Endomorph,Overweight,upright,0.8504336695799314,-175.33686023568518,178.56134303058,-0.4822042733430862,-1.874967757614913,0.2564433166467272,1,Front
88,2.9519169660678646,Participant9_WIN_20260730_10_08_44_Pro,Participant9,Endomorph,Overweight,upright,0.8526765656165416,-175.58969245490022,179.66991655106474,-0.4735309034585953,-1.8844551798697475,0.2555100524749126,1,Front
89,2.9854614770459085,Participant9_WIN_20260730_10_08_44_Pro,Participant9,Endomorph,Overweight,upright,0.8528064848694683,-177.2563698501824,179.18958431198237,-0.4766032248735428,-1.6246200934465127,0.2558312126203961,1,Front
90,3.0190059880239524,Participant9_WIN_20260730_10_08_44_Pro,Participant9,Endomorph,Overweight,upright,0.8515914734843621,-176.28893038374864,178.3361382285451,-0.4816378206014633,-2.3067560538027085,0.2545705851047619,1,Front
91,3.0525504990019963,Participant9_WIN_20260730_10_08_44_Pro,Participant9,Endomorph,Overweight,upright,0.8567978078666595,-176.43654426776828,178.76682973492356,-0.4768335372209549,-1.8026151787069389,0.25420461668177,1,Front
92,3.08609500998004,Participant9_WIN_20260730_10_08_44_Pro,Participant9,Endomorph,Overweight,upright,0.8518789132830583,-176.58495417804164,178.619682622097,-0.473708227276802,-1.9914277848370028,0.2539479602932562,1,Front
93,3.119639520958084,Participant9_WIN_20260730_10_08_44_Pro,Participant9,Endomorph,Overweight,upright,0.8624031918094044,-176.7666261184143,178.08710161495364,-0.4837683290243149,-1.8423190170092056,0.2560736067096423,1,Front
94,3.153184031936128,Participant9_WIN_20260730_10_08_44_Pro,Participant9,Endomorph,Overweight,upright,0.8525501505683839,-177.45353961614455,178.3141557103536,-0.4845219850540161,-1.9019995855323617,0.2548258740072143,1,Front
95,3.186728542914172,Participant9_WIN_20260730_10_08_44_Pro,Participant9,Endomorph,Overweight,upright,0.867512655047651,-176.48013556776493,178.26365714473368,-0.4833323955535888,-1.4194340005349113,0.2562390690389844,1,Front
96,3.220273053892216,Participant9_WIN_20260730_10_08_44_Pro,Participant9,Endomorph,Overweight,upright,0.8494610915876426,-177.52984191819567,178.79342422566177,-0.4932643175125122,-1.8389500809507129,0.2566735663117735,1,Front
97,3.25381756487026,Participant9_WIN_20260730_10_08_44_Pro,Participant9,Endomorph,Overweight,upright,0.8703455934443382,-176.97870217401055,178.69243087672123,-0.4994730949401855,-1.585574602874406,0.255858042496516,1,Front
98,3.2873620758483035,Participant9_WIN_20260730_10_08_44_Pro,Participant9,Endomorph,Overweight,upright,0.8686133286440093,-177.73712233365663,178.04509682072873,-0.4980000704526901,-1.6216386939227392,0.2558230731687801,1,Front
99,3.3209065868263474,Participant9_WIN_20260730_10_08_44_Pro,Participant9,Endomorph,Overweight,upright,0.8418076632169068,-178.2428049387097,178.36558255975825,-0.5087326914072037,-1.884909020764334,0.2558561314275878,1,Front
100,3.354451097804392,Participant9_WIN_20260730_10_08_44_Pro,Participant9,Endomorph,Overweight,upright,0.8632906851320113,-176.91892059071264,178.54568635845666,-0.4886709451675415,-1.664766540232527,0.255575847612468,1,Front
101,3.387995608782435,Participant9_WIN_20260730_10_08_44_Pro,Participant9,Endomorph,Overweight,upright,0.8537308986427561,-176.6116465723199,179.04300037387296,-0.4965365827083587,-1.562249442389292,0.254844863070626,1,Front
102,3.421540119760479,Participant9_WIN_20260730_10_08_44_Pro,Participant9,Endomorph,Overweight,upright,0.8664909672275074,-175.90410104944812,178.25543187957516,-0.4811537116765976,-1.876454211964731,0.2548829865458994,1,Front
103,3.455084630738523,Participant9_WIN_20260730_10_08_44_Pro,Participant9,Endomorph,Overweight,upright,0.8662426448410393,-176.54232260290868,178.41230995752014,-0.4853282272815704,-1.7635012731490198,0.255370691397908,1,Front
104,3.488629141716567,Participant9_WIN_20260730_10_08_44_Pro,Participant9,Endomorph,Overweight,upright,0.8518229633576568,-176.5574950639521,179.01509749030004,-0.4856523275375366,-1.4603562074043537,0.2563548844087527,1,Front
105,3.522173652694611,Participant9_WIN_20260730_10_08_44_Pro,Participant9,Endomorph,Overweight,upright,0.8597327921531077,-175.8471295996049,178.79498828188812,-0.4756318628787994,-1.594187320878977,0.2559323883237005,1,Front
106,3.5557181636726547,Participant9_WIN_20260730_10_08_44_Pro,Participant9,Endomorph,Overweight,upright,0.8544046992467509,-176.57972260080123,179.29498546374563,-0.4802650362253189,-1.6680327495524232,0.2546939412765987,1,Front
107,3.5892626746506986,Participant9_WIN_20260730_10_08_44_Pro,Participant9,Endomorph,Overweight,upright,0.8512024930768255,-176.63285880661678,177.91970354026287,-0.514000192284584,-2.705106276330094,0.254312254468141,1,Front
108,3.622807185628744,Participant9_WIN_20260730_10_08_44_Pro,Participant9,Endomorph,Overweight,upright,0.8500165848870435,-176.77138383225196,177.82277207143184,-0.5098099038004875,-2.6972780540698964,0.2542693650020339,1,Front
109,3.656351696606787,Participant9_WIN_20260730_10_08_44_Pro,Participant9,Endomorph,Overweight,upright,0.8663575467278504,-176.0870966112774,178.27652347669053,-0.505619615316391,-2.3325115289479608,0.2543417806958185,1,Front
110,3.689896207584831,Participant9_WIN_20260730_10_08_44_Pro,Participant9,Endomorph,Overweight,upright,0.8630439347990422,-175.8273490052436,178.59083072462678,-0.4865212440490722,-2.183994293560768,0.2555150393774711,1,Front
111,3.7234407185628746,Participant9_WIN_20260730_10_08_44_Pro,Participant9,Endomorph,Overweight,upright,0.8554899281849575,-176.3398117174782,179.2525157404165,-0.4799117147922516,-1.7879612110978222,0.2574836356967707,1,Front
112,3.75698522954092,Participant9_WIN_20260730_10_08_44_Pro,Participant9,Endomorph,Overweight,upright,0.848274238349778,-176.81465710864606,178.60425122260173,-0.4808389842510223,-2.198891395092935,0.2544408297855051,1,Front
113,3.7905297405189615,Participant9_WIN_20260730_10_08_44_Pro,Participant9,Endomorph,Overweight,upright,0.8664007487235533,-177.73435456250309,178.34854773863503,-0.4744302034378052,-1.7094441766986286,0.2576079700502163,1,Front
114,3.8240742514970063,Participant9_WIN_20260730_10_08_44_Pro,Participant9,Endomorph,Overweight,upright,0.8660884588849881,-177.8304570065279,178.3019198829405,-0.4801839739084244,-1.748880348252173,0.2581681482680736,1,Front
115,3.85761876247505,Participant9_WIN_20260730_10_08_44_Pro,Participant9,Endomorph,Overweight,upright,0.8746102544689062,-176.75551269113294,176.76577629181915,-0.4730850458145141,-2.2719907767723693,0.2562821449015193,1,Front
116,3.891163273453094,Participant9_WIN_20260730_10_08_44_Pro,Participant9,Endomorph,Overweight,upright,0.8722292077593041,-176.34753927386424,177.04567905756858,-0.4747991859912872,-2.297528188715108,0.256294840954881,1,Front
117,3.924707784431138,Participant9_WIN_20260730_10_08_44_Pro,Participant9,Endomorph,Overweight,upright,0.8621486294130671,-175.89759594002925,177.59984431465926,-0.4735003560781479,-2.602099315455459,0.2560008871665566,1,Front
118,3.958252295409182,Participant9_WIN_20260730_10_08_44_Pro,Participant9,Endomorph,Overweight,upright,0.8563124196622885,-176.34555906794773,178.05150388080114,-0.4742439389228821,-2.469743029203616,0.2560373898273776,1,Front
119,3.991796806387226,Participant9_WIN_20260730_10_08_44_Pro,Participant9,Endomorph,Overweight,upright,0.8587587483138039,-177.5111941811454,178.63560692756295,-0.4718943238258362,-1.6486817454651437,0.2564357956296018,1,Front
120,4.025341317365269,Participant9_WIN_20260730_10_08_44_Pro,Participant9,Endomorph,Overweight,upright,0.8625950140376714,-176.6672893898891,178.10289886562495,-0.4726318567991256,-1.8038680604333304,0.2560209802524959,1,Front
121,4.058885828343314,Participant9_WIN_20260730_10_08_44_Pro,Participant9,Endomorph,Overweight,upright,0.8668399916823026,-176.30139011286758,178.4948941310222,-0.4707573056221008,-2.043277862675101,0.2554094189921301,1,Front
122,4.092430339321358,Participant9_WIN_20260730_10_08_44_Pro,Participant9,Endomorph,Overweight,upright,0.8683689317574199,-176.62424519877314,178.36636924643153,-0.4728520959615707,-1.8451937131985523,0.2560671528442507,1,Front
123,4.125974850299402,Participant9_WIN_20260730_10_08_44_Pro,Participant9,Endomorph,Overweight,upright,0.8610693231696425,-176.58631086029283,178.2576612287323,-0.4895553439855575,-2.2816520316794047,0.2564361599387334,1,Front
124,4.159519361277446,Participant9_WIN_20260730_10_08_44_Pro,Participant9,Endomorph,Overweight,upright,0.8418506639556976,-177.3632382174616,178.48427636102537,-0.4946573078632355,-1.9684124877637583,0.2541026805614172,1,Front
125,4.19306387225549,Participant9_WIN_20260730_10_08_44_Pro,Participant9,Endomorph,Overweight,upright,0.8502921042732967,-177.05482360776026,178.58852349572558,-0.4963754564523697,-1.8832412693443843,0.2562458176487671,1,Front
126,4.2266083832335335,Participant9_WIN_20260730_10_08_44_Pro,Participant9,Endomorph,Overweight,upright,0.8599439508836749,-176.50346550290934,179.10508880005864,-0.502915695309639,-1.7858225647044714,0.2564386324542064,1,Front
127,4.260152894211577,Participant9_WIN_20260730_10_08_44_Pro,Participant9,Endomorph,Overweight,upright,0.8449847582643295,-177.05866743098773,178.40880411261688,-0.4974632859230041,-2.036387528255457,0.2559206148898364,1,Front
128,4.293697405189621,Participant9_WIN_20260730_10_08_44_Pro,Participant9,Endomorph,Overweight,upright,0.8556922487308247,-177.04271523990124,177.46066171651606,-0.4989612996578216,-2.142124122375092,0.2555892192237564,1,Front
129,4.327241916167665,Participant9_WIN_20260730_10_08_44_Pro,Participant9,Endomorph,Overweight,upright,0.8683751233757262,-176.30366514137788,177.67138275734246,-0.4932507574558258,-2.184952982136906,0.2563975754982861,1,Front
130,4.360786427145709,Participant9_WIN_20260730_10_08_44_Pro,Participant9,Endomorph,Overweight,upright,0.8672107136700943,-175.66579022415772,179.30401597890557,-0.4880808442831039,-1.6440735451581343,0.2575455877699528,1,Front
131,4.394330938123753,Participant9_WIN_20260730_10_08_44_Pro,Participant9,Endomorph,Overweight,upright,0.8497346710093305,-175.9800339890338,179.1980811721661,-0.4869893342256546,-1.886853861372896,0.2575722566919913,1,Front
132,4.427875449101797,Participant9_WIN_20260730_10_08_44_Pro,Participant9,Endomorph,Overweight,upright,0.8517905662620943,-175.87067080787904,179.26636333630302,-0.4852067679166794,-1.8472523922052213,0.2575850808968566,1,Front
133,4.461419960079841,Participant9_WIN_20260730_10_08_44_Pro,Participant9,Endomorph,Overweight,upright,0.8631221553397962,-176.653726939272,178.32495454766942,-0.4892404526472091,-2.4034771758800284,0.2554001065179174,1,Front
134,4.494964471057885,Participant9_WIN_20260730_10_08_44_Pro,Participant9,Endomorph,Overweight,upright,0.8711137727721974,-177.24205891167122,177.53768575817915,-0.5074653923511505,-2.60863488918782,0.2540067440040141,1,Front
135,4.5285089820359286,Participant9_WIN_20260730_10_08_44_Pro,Participant9,Endomorph,Overweight,upright,0.8596081858956205,-176.08484802764835,178.44133587977512,-0.4814939945936203,-2.7081479550614618,0.2546821684291808,1,Front
136,4.5620534930139724,Participant9_WIN_20260730_10_08_44_Pro,Participant9,Endomorph,Overweight,upright,0.860765937175681,-176.34583100689153,178.08167056697854,-0.4809924215078354,-2.560258926248193,0.2560068519192024,1,Front
137,4.595598003992016,Participant9_WIN_20260730_10_08_44_Pro,Participant9,Endomorph,Overweight,upright,0.8550924652454323,-176.53537424552954,178.4813885751179,-0.4854397624731064,-2.3870807616140484,0.2550130277972544,1,Front
138,4.62914251497006,Participant9_WIN_20260730_10_08_44_Pro,Participant9,Endomorph,Overweight,upright,0.8594164761798322,-176.45506207486807,178.56853808893837,-0.48249252140522,-2.403796267901348,0.2537589971768945,1,Front
139,4.662687025948104,Participant9_WIN_20260730_10_08_44_Pro,Participant9,Endomorph,Overweight,upright,0.8562612773858836,-176.36849931292855,178.77559744310062,-0.4903532564640045,-2.423357206036062,0.2541811036811145,1,Front
140,4.696231536926148,Participant9_WIN_20260730_10_08_44_Pro,Participant9,Endomorph,Overweight,upright,0.8644079717338762,-176.72020773148216,177.89798663254265,-0.4992404878139496,-2.362887347548092,0.2553704149208526,1,Front
141,4.729776047904192,Participant9_WIN_20260730_10_08_44_Pro,Participant9,Endomorph,Overweight,upright,0.8697110211248004,-177.6196847561901,178.44603097835468,-0.4857207387685776,-1.7568978302217209,0.2573544075666907,1,Front
142,4.763320558882236,Participant9_WIN_20260730_10_08_44_Pro,Participant9,Endomorph,Overweight,upright,0.8473087802994308,-176.17083208630874,179.59208259599296,-0.501559242606163,-2.0849530215911454,0.2567355711672037,1,Front
143,4.79686506986028,Participant9_WIN_20260730_10_08_44_Pro,Participant9,Endomorph,Overweight,upright,0.8546159212839375,-177.2930407550815,178.13515319238925,-0.5102736204862595,-1.9711132697260736,0.2567487104624878,1,Front
144,4.830409580838324,Participant9_WIN_20260730_10_08_44_Pro,Participant9,Endomorph,Overweight,upright,0.8570483017890669,-177.15449572476547,178.0755515613628,-0.5106846690177917,-1.928909744334431,0.2568475673296672,1,Front
145,4.863954091816368,Participant9_WIN_20260730_10_08_44_Pro,Participant9,Endomorph,Overweight,upright,0.8478473328233334,-176.98006110264194,179.62754150779048,-0.4907424449920654,-1.448973017777463,0.2559855132891396,1,Front
146,4.897498602794411,Participant9_WIN_20260730_10_08_44_Pro,Participant9,Endomorph,Overweight,upright,0.8547167404037254,-177.03636841056368,179.33938433986842,-0.4858788549900055,-1.2945408864338483,0.2541707898952462,1,Front
147,4.931043113772455,Participant9_WIN_20260730_10_08_44_Pro,Participant9,Endomorph,Overweight,upright,0.8524228463490202,-177.0923852546514,179.30269474717323,-0.4976372569799423,-1.300280617295449,0.2548307169120162,1,Front
148,4.964587624750499,Participant9_WIN_20260730_10_08_44_Pro,Participant9,Endomorph,Overweight,upright,0.8533868678274489,-177.09717672636506,179.26600515447805,-0.4955592304468155,-1.4107587161391706,0.2538080122219729,1,Front
149,4.998132135728543,Participant9_WIN_20260730_10_08_44_Pro,Participant9,Endomorph,Overweight,upright,0.8540425703663594,-176.98246178279328,179.22931556178287,-0.4894707053899765,-1.5476189208772366,0.2544645304367086,1,Front
150,5.031676646706587,Participant9_WIN_20260730_10_08_44_Pro,Participant9,Endomorph,Overweight,upright,0.8478153711136805,-177.42828499647334,179.1926259690877,-0.5026499927043915,-1.9463552192534257,0.2563687229191306,1,Front
151,5.065221157684631,Participant9_WIN_20260730_10_08_44_Pro,Participant9,Endomorph,Overweight,upright,0.8596881247387207,-176.77851445439072,179.12470264433284,-0.5005723834037781,-1.5610605917467926,0.2568595625371061,1,Front
152,5.098765668662675,Participant9_WIN_20260730_10_08_44_Pro,Participant9,Endomorph,Overweight,upright,0.8620591202410524,-176.35880105929888,178.91958970801537,-0.4935933500528335,-1.2391422711930629,0.2581441868303691,1,Front
153,5.132310179640719,Participant9_WIN_20260730_10_08_44_Pro,Participant9,Endomorph,Overweight,upright,0.8534526730989351,-176.1454158001224,179.2407921402352,-0.482978954911232,-1.374143522641996,0.2541178051465777,1,Front
154,5.165854690618763,Participant9_WIN_20260730_10_08_44_Pro,Participant9,Endomorph,Overweight,upright,0.8593889031946669,-175.8746586859892,179.8218629085789,-0.4811087548732757,-1.940329330610557,0.2554275457044088,1,Front
155,5.199399201596807,Participant9_WIN_20260730_10_08_44_Pro,Participant9,Endomorph,Overweight,upright,0.8516692377585202,-176.35652749028316,178.4970017716654,-0.4832967966794967,-1.5288279679003358,0.2570397405284659,1,Front
156,5.23294371257485,Participant9_WIN_20260730_10_08_44_Pro,Participant9,Endomorph,Overweight,upright,0.8576054401169407,-175.62612494093156,179.58320907149368,-0.467588722705841,-1.3423103195250472,0.254628301338933,1,Front
157,5.266488223552894,Participant9_WIN_20260730_10_08_44_Pro,Participant9,Endomorph,Overweight,upright,0.8489493320081702,-176.20592381738825,177.9892322927713,-0.4853559881448746,-1.587087874720858,0.2562863077480515,1,Front
158,5.300032734530938,Participant9_WIN_20260730_10_08_44_Pro,Participant9,Endomorph,Overweight,upright,0.8545217207692674,-175.84538803644207,178.09053383079976,-0.4817303717136383,-1.5435035481142068,0.2558499741845738,1,Front
159,5.333577245508982,Participant9_WIN_20260730_10_08_44_Pro,Participant9,Endomorph,Overweight,upright,0.8608932511223778,-176.0976422469843,178.67862193452777,-0.4842837750911712,-2.227816443017063,0.2538465682535282,1,Front
160,5.367121756487026,Participant9_WIN_20260730_10_08_44_Pro,Participant9,Endomorph,Overweight,upright,0.8468979524918021,-176.91868700705712,179.2667100382558,-0.4912804961204529,-1.4674339926258355,0.2543300940343935,1,Front
161,5.40066626746507,Participant9_WIN_20260730_10_08_44_Pro,Participant9,Endomorph,Overweight,upright,0.8517907508799274,-176.97643597901185,179.85479814198382,-0.4967993944883346,-1.4639776736289938,0.255569270379135,1,Front
162,5.434210778443114,Participant9_WIN_20260730_10_08_44_Pro,Participant9,Endomorph,Overweight,upright,0.8436223931534893,-177.78606343139788,178.0927387464251,-0.482131689786911,-1.882270588134425,0.2578309721161212,1,Front
163,5.467755289421158,Participant9_WIN_20260730_10_08_44_Pro,Participant9,Endomorph,Overweight,upright,0.8434417025959299,-177.7117898849353,178.1130659640941,-0.4824434816837311,-1.909952520641992,0.2575560799982109,1,Front
164,5.5012998003992015,Participant9_WIN_20260730_10_08_44_Pro,Participant9,Endomorph,Overweight,upright,0.8545891377091613,-176.36425449626384,177.91207595882878,-0.4861383438110351,-1.432431840398065,0.2568511940226533,1,Front
165,5.534844311377245,Participant9_WIN_20260730_10_08_44_Pro,Participant9,Endomorph,Overweight,upright,0.853145269838689,-176.6311456555976,178.3183421841853,-0.4747549742460251,-1.8120730416858235,0.2574542291636972,1,Front
166,5.568388822355289,Participant9_WIN_20260730_10_08_44_Pro,Participant9,Endomorph,Overweight,upright,0.849801400195005,-176.73686933724304,178.14221819788108,-0.4837576597929001,-1.806448048009931,0.2552540508579394,1,Front
0,0.0,Participant7_WIN_20260730_11_06_31_Pro,Participant7,Mesomorph,Normal,upright,0.7188643072506249,-172.0625474584757,-172.3588504103859,-0.4317273274064064,-2.6658851762714773,0.3143595931470507,1,Front
1,0.0698572072072072,Participant7_WIN_20260730_11_06_31_Pro,Participant7,Mesomorph,Normal,upright,0.7049638293446685,-171.84263765502504,-169.68335795496697,-0.3795894235372543,-2.253584297253613,0.3172419608933462,1,Front
2,0.1397144144144144,Participant7_WIN_20260730_11_06_31_Pro,Participant7,Mesomorph,Normal,upright,0.6835504186761651,-169.79911236231436,-169.780941683687,-0.513735756278038,-3.997920535812875,0.3107007597064414,1,Front
3,0.2095716216216216,Participant7_WIN_20260730_11_06_31_Pro,Participant7,Mesomorph,Normal,upright,0.7179493223172898,-171.905158760702,-172.07325402585937,-0.5006855577230453,-2.3198194964500884,0.309754992188846,1,Front
4,0.2794288288288288,Participant7_WIN_20260730_11_06_31_Pro,Participant7,Mesomorph,Normal,upright,0.6719041537697483,-171.45658479931424,-171.8275877679536,-0.4741369858384132,-4.682563008103175,0.313512727155417,1,Front
5,0.349286036036036,Participant7_WIN_20260730_11_06_31_Pro,Participant7,Mesomorph,Normal,upright,0.6766379288730996,-171.10891954446234,-172.6547702580555,-0.4167466163635254,-3.5126027618853994,0.3122857256029195,1,Front
6,0.4191432432432432,Participant7_WIN_20260730_11_06_31_Pro,Participant7,Mesomorph,Normal,upright,0.7013599799196476,-171.42194759707778,-169.25954694885598,-0.4050225168466568,-2.3790493762345464,0.3128796072604554,1,Front
7,0.4890004504504504,Participant7_WIN_20260730_11_06_31_Pro,Participant7,Mesomorph,Normal,upright,0.6721618968219485,-169.97697540336446,-170.90664149928995,-0.4169063493609428,-3.3993507890967942,0.3132204336747597,1,Front
8,0.5588576576576577,Participant7_WIN_20260730_11_06_31_Pro,Participant7,Mesomorph,Normal,upright,0.6814097059870331,-170.10019168177396,-171.55326602372148,-0.4211550652980804,-3.543245202504816,0.3150369384438776,1,Front
9,0.6287148648648648,Participant7_WIN_20260730_11_06_31_Pro,Participant7,Mesomorph,Normal,upright,0.7121545262252496,-170.6165991056869,-170.4028114013969,-0.4785867184400558,-2.419922584047549,0.3148682915847287,1,Front
10,0.6985720720720721,Participant7_WIN_20260730_11_06_31_Pro,Participant7,Mesomorph,Normal,upright,0.6852177726689982,-172.65494025881787,-171.06636556824117,-0.4335018843412399,-2.053822172282388,0.309208863720194,1,Front
11,0.7684292792792793,Participant7_WIN_20260730_11_06_31_Pro,Participant7,Mesomorph,Normal,upright,0.7089571134176565,-170.98159721402385,-170.9144487396712,-0.4541018009185791,-1.811241004656312,0.3106378037201591,1,Front
12,0.8382864864864865,Participant7_WIN_20260730_11_06_31_Pro,Participant7,Mesomorph,Normal,upright,0.715448496309019,-170.7783499811022,-170.2396741106633,-0.3779595047235489,-2.3604796977781195,0.3125016985148702,1,Front
13,0.9081436936936936,Participant7_WIN_20260730_11_06_31_Pro,Participant7,Mesomorph,Normal,upright,0.7103941789167189,-171.105726735568,-168.60897457477031,-0.4267719238996506,-1.8534977386083635,0.3109724982484648,1,Front
14,0.9780009009009007,Participant7_WIN_20260730_11_06_31_Pro,Participant7,Mesomorph,Normal,upright,0.6786620519950861,-170.72210366463207,-172.99784729122098,-0.437937818467617,-3.022118677416108,0.3129690209705816,1,Front
15,1.0478581081081082,Participant7_WIN_20260730_11_06_31_Pro,Participant7,Mesomorph,Normal,upright,0.7166507010662602,-171.14350843889335,-169.55333998524983,-0.4156991466879844,-1.0281396025281142,0.3118254299805216,1,Front
16,1.1177153153153154,Participant7_WIN_20260730_11_06_31_Pro,Participant7,Mesomorph,Normal,upright,0.677224592712793,-170.21276039475234,-169.8105274189759,-0.4280076399445534,-1.9872685467094628,0.3109938956099583,1,Front
17,1.1875725225225224,Participant7_WIN_20260730_11_06_31_Pro,Participant7,Mesomorph,Normal,upright,0.6669925553435737,-171.07005783998056,-170.58811185871724,-0.4361700341105461,-2.2401921394323256,0.3073869520772062,1,Front
18,1.2574297297297297,Participant7_WIN_20260730_11_06_31_Pro,Participant7,Mesomorph,Normal,upright,0.6993757227171494,-172.16637071275224,-171.29686482679924,-0.4198556765913963,-1.617061807060596,0.3085575545810889,1,Front
19,1.327286936936937,Participant7_WIN_20260730_11_06_31_Pro,Participant7,Mesomorph,Normal,upright,0.6718985310225313,-171.7801556293967,-171.17114008160132,-0.4499940127134323,-2.104665416058591,0.3111502325848055,1,Front
20,1.397144144144144,Participant7_WIN_20260730_11_06_31_Pro,Participant7,Mesomorph,Normal,upright,0.6571281878631839,-169.22331379585734,-171.55316146420364,-0.4506014510989189,-2.652442191329432,0.3109539164326532,1,Front
21,1.4670013513513511,Participant7_WIN_20260730_11_06_31_Pro,Participant7,Mesomorph,Normal,upright,0.7070765481462958,-170.72035517034303,-169.68326980438832,-0.3979450389742851,-1.8344642040089345,0.3147214030937041,1,Front
22,1.5368585585585586,Participant7_WIN_20260730_11_06_31_Pro,Participant7,Mesomorph,Normal,upright,0.683175192148377,-169.49844264867016,-171.06786186053802,-0.4823748841881752,-2.4412130002086063,0.3122357258644239,1,Front
23,1.6067157657657658,Participant7_WIN_20260730_11_06_31_Pro,Participant7,Mesomorph,Normal,upright,0.7077671327528243,-171.246622572269,-172.1955168408131,-0.4749675765633583,-1.1111922309052076,0.3148773786651417,1,Front
24,1.676572972972973,Participant7_WIN_20260730_11_06_31_Pro,Participant7,Mesomorph,Normal,upright,0.6831798952235192,-170.46595133617535,-171.77531746519838,-0.4158512651920318,-3.1040131746589728,0.30966339943795,1,Front
25,1.7464301801801805,Participant7_WIN_20260730_11_06_31_Pro,Participant7,Mesomorph,Normal,upright,0.7006339003013276,-169.6515251384842,-172.3414946122028,-0.452005960047245,-0.80654182688294,0.3126219544914896,1,Front
26,1.816287387387388,Participant7_WIN_20260730_11_06_31_Pro,Participant7,Mesomorph,Normal,upright,0.7112403566760205,-170.0804662441461,-172.84495988191642,-0.4958584681153297,-0.8832457218134441,0.3102342099600805,1,Front
27,1.8861445945945947,Participant7_WIN_20260730_11_06_31_Pro,Participant7,Mesomorph,Normal,upright,0.7472502437403094,-169.96831021546555,-172.6255999297585,-0.5111175402998924,-2.6650066022980297,0.3073768851069215,1,Front
28,1.9560018018018013,Participant7_WIN_20260730_11_06_31_Pro,Participant7,Mesomorph,Normal,upright,0.7220407303071102,-169.2922414344805,-172.08649478609377,-0.5095537528395653,-2.768945573945527,0.3089049856838354,1,Front
29,2.025859009009009,Participant7_WIN_20260730_11_06_31_Pro,Participant7,Mesomorph,Normal,upright,0.7370799676805646,-169.82603540101294,-173.29433460458807,-0.498849019408226,-2.9693072323733807,0.3069378952289075,1,Front
30,2.0957162162162164,Participant7_WIN_20260730_11_06_31_Pro,Participant7,Mesomorph,Normal,upright,0.7682481049803958,-172.20755598641418,-169.94262704626814,-0.4636038318276405,-3.1529502931227107,0.3081463384072596,1,Front
31,2.165573423423424,Participant7_WIN_20260730_11_06_31_Pro,Participant7,Mesomorph,Normal,upright,0.7805423472034296,-170.8051104930352,-174.61750629051878,-0.4105653613805771,-1.2089181850243027,0.3131440952819163,1,Front
32,2.235430630630631,Participant7_WIN_20260730_11_06_31_Pro,Participant7,Mesomorph,Normal,upright,0.8052174116592768,-172.03407036127402,-171.53281005767698,-0.3553001657128334,-1.859420280046364,0.3104379205469185,1,Front
33,2.305287837837838,Participant7_WIN_20260730_11_06_31_Pro,Participant7,Mesomorph,Normal,upright,0.8092510992630075,-171.34099374429343,-170.72484210119643,-0.3182763904333114,-1.877693377299236,0.3123657357351804,1,Front
34,2.375145045045045,Participant7_WIN_20260730_11_06_31_Pro,Participant7,Mesomorph,Normal,upright,0.7557489524612838,-171.57638968376665,-173.1976626448293,-0.3957027271389961,-1.8983810230650924,0.3143346293385832,1,Front
35,2.445002252252252,Participant7_WIN_20260730_11_06_31_Pro,Participant7,Mesomorph,Normal,upright,0.8055010652438478,-171.49906558217322,-170.35802414490925,-0.364987775683403,-2.054805040796502,0.3098103633897082,1,Front
36,2.51485945945946,Participant7_WIN_20260730_11_06_31_Pro,Participant7,Mesomorph,Normal,upright,0.7937133522081058,-172.34762271744128,-174.57358337046313,-0.3558923006057739,-1.532166711539387,0.3119455021417656,1,Front
37,2.5847166666666666,Participant7_WIN_20260730_11_06_31_Pro,Participant7,Mesomorph,Normal,upright,0.7995069243487676,-171.4567990847875,-173.61351407902464,-0.4053612053394317,-1.7878584071631092,0.3096675280500507,1,Front
38,2.654573873873874,Participant7_WIN_20260730_11_06_31_Pro,Participant7,Mesomorph,Normal,upright,0.7738177880280325,-169.71815665911134,-173.20405814356815,-0.4329064264893532,-2.4209003052223617,0.3097427281373079,1,Front
39,2.724431081081081,Participant7_WIN_20260730_11_06_31_Pro,Participant7,Mesomorph,Normal,upright,0.8073510457562495,-170.4788388345525,-171.63140207905525,-0.4002294614911079,-1.7931710799308689,0.3092592604385967,1,Front
40,2.794288288288288,Participant7_WIN_20260730_11_06_31_Pro,Participant7,Mesomorph,Normal,upright,0.7870528222278877,-170.66387053101437,-175.07557071585848,-0.3859307765960693,-1.622926806825271,0.3129732835981434,1,Front
41,2.8641454954954955,Participant7_WIN_20260730_11_06_31_Pro,Participant7,Mesomorph,Normal,upright,0.8072082514436492,-170.83588803375687,-173.2825913016205,-0.3976541236042976,-1.7340626888306414,0.3079891221920949,1,Front
42,2.9340027027027027,Participant7_WIN_20260730_11_06_31_Pro,Participant7,Mesomorph,Normal,upright,0.8022327651992671,-170.65208762443967,-170.71863113222682,-0.3646945357322693,-1.138599485494508,0.3122733065362958,1,Front
43,3.00385990990991,Participant7_WIN_20260730_11_06_31_Pro,Participant7,Mesomorph,Normal,upright,0.7978877282442063,-169.23922394020292,-168.7671557397049,-0.3966918513178825,-2.356758844535374,0.3129243048933585,1,Front
44,3.073717117117117,Participant7_WIN_20260730_11_06_31_Pro,Participant7,Mesomorph,Normal,upright,0.800922963197889,-170.6433450489244,-171.29093354713856,-0.3538207113742828,-1.924855668712403,0.3131613339570255,1,Front
45,3.1435743243243244,Participant7_WIN_20260730_11_06_31_Pro,Participant7,Mesomorph,Normal,upright,0.7888494434675289,-170.29802903494698,-169.37396150882026,-0.3598651885986328,-1.6976408881237246,0.3092303770900534,1,Front
46,3.213431531531532,Participant7_WIN_20260730_11_06_31_Pro,Participant7,Mesomorph,Normal,upright,0.805463012622562,-173.3609826128155,-171.61709622212118,-0.3585495576262474,-1.2994049219055062,0.309623644521618,1,Front
47,3.283288738738739,Participant7_WIN_20260730_11_06_31_Pro,Participant7,Mesomorph,Normal,upright,0.8094365480712465,-172.6958420299379,-170.44278083019285,-0.3613696694374084,-1.5431291960904243,0.3099346499529394,1,Front
48,3.353145945945946,Participant7_WIN_20260730_11_06_31_Pro,Participant7,Mesomorph,Normal,upright,0.8176423317965413,-172.75660248463507,-172.83685612781986,-0.3690007179975509,-1.3032481659298032,0.3080323158049402,1,Front
49,3.4230031531531533,Participant7_WIN_20260730_11_06_31_Pro,Participant7,Mesomorph,Normal,upright,0.8221521387894325,-173.37414195675794,-172.41543449808296,-0.3735553696751594,-0.9862706356343386,0.3136100575581828,1,Front
50,3.4928603603603605,Participant7_WIN_20260730_11_06_31_Pro,Participant7,Mesomorph,Normal,upright,0.79893332773682,-170.3417857711209,-171.5841440267769,-0.4164242073893547,-2.3865498885287333,0.3128338164526699,1,Front
51,3.562717567567568,Participant7_WIN_20260730_11_06_31_Pro,Participant7,Mesomorph,Normal,upright,0.7963114840268495,-170.25941872945813,-171.91586009160653,-0.4588584825396538,-0.8029683232017515,0.3094217146188902,1,Front
52,3.632574774774775,Participant7_WIN_20260730_11_06_31_Pro,Participant7,Mesomorph,Normal,upright,0.8068289122760375,-171.5494923063864,-168.96680582344266,-0.3613185659050941,-0.7464354551585999,0.3163987511364449,1,Front
53,3.702431981981982,Participant7_WIN_20260730_11_06_31_Pro,Participant7,Mesomorph,Normal,upright,0.8125433946820674,-170.9262687844486,-172.05492611854322,-0.3830723240971565,-1.6421205607482057,0.3125569963743893,1,Front
54,3.772289189189189,Participant7_WIN_20260730_11_06_31_Pro,Participant7,Mesomorph,Normal,upright,0.8341636904418014,-169.62332761415368,-171.180911926064,-0.3505259454250335,-3.048903130396396,0.3124812697117073,1,Front
55,3.8421463963963967,Participant7_WIN_20260730_11_06_31_Pro,Participant7,Mesomorph,Normal,upright,0.8229824377275134,-170.77197507576727,-170.54877768867763,-0.3397338390350342,-1.2197515814478812,0.3162825376553576,1,Front
56,3.912003603603603,Participant7_WIN_20260730_11_06_31_Pro,Participant7,Mesomorph,Normal,upright,0.8260960289347837,-168.02756745678155,-168.70748395884752,-0.3315147012472152,-1.63647639393892,0.3180649296546355,1,Front
57,3.98186081081081,Participant7_WIN_20260730_11_06_31_Pro,Participant7,Mesomorph,Normal,upright,0.8482358741559873,-169.44564836095864,-169.7693400255026,-0.3220509886741638,0.1898466151478352,0.3136744822753382,1,Front
58,4.051718018018018,Participant7_WIN_20260730_11_06_31_Pro,Participant7,Mesomorph,Normal,upright,0.8517388299876936,-171.4265517634077,-171.6813630224305,-0.2911698147654533,-0.6913526838074009,0.3181365370667013,1,Front
59,4.121575225225225,Participant7_WIN_20260730_11_06_31_Pro,Participant7,Mesomorph,Normal,upright,0.8490162278547669,-171.03483271974,-171.18413154204742,-0.2969793900847435,0.1950651219904058,0.3179623769034318,1,Front
60,4.191432432432433,Participant7_WIN_20260730_11_06_31_Pro,Participant7,Mesomorph,Normal,upright,0.8324846835951768,-169.68608565489492,-170.94460783410793,-0.33668964356184,-0.4538818762773188,0.3176873249364642,1,Front
61,4.26128963963964,Participant7_WIN_20260730_11_06_31_Pro,Participant7,Mesomorph,Normal,upright,0.8233153676451143,-169.44846360769944,-168.74013551803878,-0.3344064280390739,-0.966480339681757,0.3179264933162685,1,Front
62,4.331146846846847,Participant7_WIN_20260730_11_06_31_Pro,Participant7,Mesomorph,Normal,upright,0.830176634108444,-169.71254333092236,-170.00352277066952,-0.3113206699490547,-0.9422491158513592,0.3153305125914124,1,Front
63,4.401004054054054,Participant7_WIN_20260730_11_06_31_Pro,Participant7,Mesomorph,Normal,upright,0.8553587075265612,-170.54783234728285,-169.53073990905432,-0.2915357574820518,-0.0305166544513774,0.3171393341100139,1,Front
64,4.470861261261262,Participant7_WIN_20260730_11_06_31_Pro,Participant7,Mesomorph,Normal,upright,0.8464792162150412,-168.35585465819904,-169.35522067377963,-0.3557756319642067,-0.3272866601321448,0.3169489144997629,1,Front
65,4.5407184684684685,Participant7_WIN_20260730_11_06_31_Pro,Participant7,Mesomorph,Normal,upright,0.8521152288247813,-168.68381577092674,-168.25417828439848,-0.3120090588927269,-0.8989432385081059,0.3155535981286836,1,Front
66,4.610575675675676,Participant7_WIN_20260730_11_06_31_Pro,Participant7,Mesomorph,Normal,upright,0.8391038724661356,-170.18585580569177,-169.45486311813073,-0.3048059940338135,0.45785888231924,0.3169034558387397,1,Front
67,4.680432882882883,Participant7_WIN_20260730_11_06_31_Pro,Participant7,Mesomorph,Normal,upright,0.8289780699481183,-170.2957960274451,-170.26596505455782,-0.3504272848367691,0.1224210819106919,0.3129746177123333,1,Front
68,4.75029009009009,Participant7_WIN_20260730_11_06_31_Pro,Participant7,Mesomorph,Normal,upright,0.8203560711075397,-169.56157665243703,-170.85672793932147,-0.367090992629528,-0.2391027069056096,0.3142392687481815,1,Front
69,4.820147297297297,Participant7_WIN_20260730_11_06_31_Pro,Participant7,Mesomorph,Normal,upright,0.8457437449260179,-169.67497954647504,-171.8852391514049,-0.2973396405577659,-0.5204310938301937,0.3191733758423859,1,Front
70,4.890004504504504,Participant7_WIN_20260730_11_06_31_Pro,Participant7,Mesomorph,Normal,upright,0.8651997030430238,-169.4378920542829,-170.79618238150525,-0.2977771908044815,-1.3738189499152904,0.3159245664007622,1,Front
71,4.959861711711712,Participant7_WIN_20260730_11_06_31_Pro,Participant7,Mesomorph,Normal,upright,0.8460695608139646,-169.8124634423739,-171.02786305384754,-0.3138804510235786,-1.2108574373819514,0.3143481423478569,1,Front
72,5.029718918918919,Participant7_WIN_20260730_11_06_31_Pro,Participant7,Mesomorph,Normal,upright,0.8234701282609562,-169.54916513432076,-171.3950016896042,-0.3655921295285225,-0.9482698865985484,0.3127717182949515,1,Front
73,5.099576126126126,Participant7_WIN_20260730_11_06_31_Pro,Participant7,Mesomorph,Normal,upright,0.8126667553336268,-169.13523617923877,-169.49645731735538,-0.4434891939163208,-1.1321505928933726,0.3178651671571425,1,Front
0,0.0,Participant1_IMG_4743,Participant1,Mesomorph,Normal,upright,1.142594745938598,177.13786416839963,-168.02091629990875,-0.6365567892789841,-0.9721799597087564,0.345964847226282,1,Front
1,0.0166619183285849,Participant1_IMG_4743,Participant1,Mesomorph,Normal,upright,1.1531091778185285,177.76358319877954,-169.09577357320916,-0.6390529423952103,-1.5568379858963264,0.3480317281589997,1,Front
2,0.0333238366571699,Participant1_IMG_4743,Participant1,Mesomorph,Normal,upright,1.1522950186242835,175.69674421466678,-168.14967551344756,-0.6462046205997467,-0.9162011297681238,0.3445898659236345,1,Front
3,0.0499857549857549,Participant1_IMG_4743,Participant1,Mesomorph,Normal,upright,1.139218513777518,175.96444965160865,-169.12276472654565,-0.6359334886074066,-0.7917634060118105,0.3439025639769243,1,Front
4,0.0666476733143399,Participant1_IMG_4743,Participant1,Mesomorph,Normal,upright,1.1357227297052752,177.48915607756314,-169.24888396561326,-0.6329014748334885,-0.6154990853014938,0.3415543087772701,1,Front
5,0.0833095916429249,Participant1_IMG_4743,Participant1,Mesomorph,Normal,upright,1.1595789164885677,176.6090381606701,-168.69843644963433,-0.6535483747720718,-0.7040668638081174,0.3431628393351995,1,Front
6,0.0999715099715099,Participant1_IMG_4743,Participant1,Mesomorph,Normal,upright,1.1551983318595502,177.06013072534122,-167.72306346339957,-0.667855978012085,-0.5482786592742604,0.3436513801157521,1,Front
7,0.1166334283000949,Participant1_IMG_4743,Participant1,Mesomorph,Normal,upright,1.1490210898265556,177.9000270172368,-168.79651404835676,-0.641945868730545,-0.9379181961418585,0.3479341453711693,1,Front
8,0.1332953466286799,Participant1_IMG_4743,Participant1,Mesomorph,Normal,upright,1.13004202452722,177.87620698871754,-169.24059309028118,-0.5983223468065262,-0.649197305250338,0.3454537484633058,1,Front
9,0.1499572649572649,Participant1_IMG_4743,Participant1,Mesomorph,Normal,upright,1.1504013148395504,175.91802175044936,-170.18827954300306,-0.637543797492981,-1.006876532400426,0.342450960628936,1,Front
10,0.1666191832858499,Participant1_IMG_4743,Participant1,Mesomorph,Normal,upright,1.1285267811086663,179.17461819274433,-167.3792508099101,-0.6130809187889099,-1.3645612134028484,0.3401757583186308,1,Front
11,0.1832811016144349,Participant1_IMG_4743,Participant1,Mesomorph,Normal,upright,1.1464603459842917,176.65399503253104,-170.96393900592383,-0.4959285147488117,-0.5991943694109475,0.3337518564627294,1,Front
12,0.1999430199430199,Participant1_IMG_4743,Participant1,Mesomorph,Normal,upright,1.127100452524687,-177.6929245310411,-171.2492560487592,-0.5226899087429047,-1.7911946047509013,0.3409168813385055,1,Front
13,0.2166049382716049,Participant1_IMG_4743,Participant1,Mesomorph,Normal,upright,1.1420703946719557,-173.8024460271142,-168.64963062755623,-0.4306260123848915,-1.8060721984742976,0.3471600505568755,1,Front
14,0.2332668566001899,Participant1_IMG_4743,Participant1,Mesomorph,Normal,upright,1.1724871720890393,176.7805220665033,-169.46412849440426,-0.4521264508366585,-0.1071608702894385,0.3316568097103329,1,Front
15,0.2499287749287749,Participant1_IMG_4743,Participant1,Mesomorph,Normal,upright,1.1516464394430472,177.21641151031994,-166.68722266665284,-0.5572710335254669,-0.3857662231382281,0.3308261580132717,1,Front
16,0.2665906932573599,Participant1_IMG_4743,Participant1,Mesomorph,Normal,upright,1.1584987567236271,-178.67450912485126,-170.22698712205005,-0.5872918777167797,-0.0290359813755753,0.3423539358352262,1,Front
17,0.2832526115859449,Participant1_IMG_4743,Participant1,Mesomorph,Normal,upright,1.165351074004207,-178.03224757727222,-172.9881848742848,-0.5925943478941917,-0.2898636359798417,0.331742467907594,1,Front
18,0.2999145299145299,Participant1_IMG_4743,Participant1,Mesomorph,Normal,upright,1.150055014490745,179.3783883101819,-174.6561055664134,-0.6288025751709938,-0.1066200681560872,0.3372298759065886,1,Front
19,0.3165764482431149,Participant1_IMG_4743,Participant1,Mesomorph,Normal,upright,1.1469080338856474,175.69777949792754,-172.81434803172826,-0.6686081662774086,-0.4815298385525741,0.3399490644664649,1,Front
20,0.3332383665716999,Participant1_IMG_4743,Participant1,Mesomorph,Normal,upright,1.127098240056105,177.34890958832,-170.43313776535737,-0.6873633936047554,-0.6430532376427842,0.3476183372846688,1,Front
21,0.3499002849002849,Participant1_IMG_4743,Participant1,Mesomorph,Normal,upright,1.146104838477282,177.8696524448978,-171.88615401820695,-0.6282429397106171,0.0802144511982789,0.3447441182178313,1,Front
22,0.3665622032288699,Participant1_IMG_4743,Participant1,Mesomorph,Normal,upright,1.1759609536809257,178.71835779511477,-171.3673146151305,-0.567476212978363,-0.1148028066073772,0.3408231737941913,1,Front
23,0.3832241215574549,Participant1_IMG_4743,Participant1,Mesomorph,Normal,upright,1.1838134537236384,-179.38477257990547,-168.32914616673676,-0.567901998758316,-0.032512158161321,0.3503491791634137,1,Front
24,0.3998860398860399,Participant1_IMG_4743,Participant1,Mesomorph,Normal,upright,1.191665953766351,178.94026581048152,-169.08628909761384,-0.5912800282239914,-0.4593608434695508,0.3477604356012286,1,Front
25,0.4165479582146248,Participant1_IMG_4743,Participant1,Mesomorph,Normal,upright,1.1995184538090635,-178.49460087289268,-170.92756061433053,-0.6180965155363083,-0.0412330484840574,0.345308395627544,1,Front
26,0.4332098765432098,Participant1_IMG_4743,Participant1,Mesomorph,Normal,upright,1.1803911961698703,179.9250026559209,-171.723166710851,-0.6242257356643677,-0.1957044031915338,0.3516306909238653,1,Front
27,0.4498717948717948,Participant1_IMG_4743,Participant1,Mesomorph,Normal,upright,1.1764581659042326,-177.09109155350876,-172.33137324661806,-0.6325012296438217,0.0416225868256874,0.3541520826907067,1,Front
28,0.4665337132003799,Participant1_IMG_4743,Participant1,Mesomorph,Normal,upright,1.1726152975930113,-175.43505889978067,-173.12832405277433,-0.6113585084676743,0.1922470436424442,0.3553819584627454,1,Front
29,0.4831956315289649,Participant1_IMG_4743,Participant1,Mesomorph,Normal,upright,1.1763587656868852,-176.19703469893926,-171.9424470564539,-0.5939584970474243,-0.0854260175148422,0.3523614538820891,1,Front
30,0.4998575498575499,Participant1_IMG_4743,Participant1,Mesomorph,Normal,upright,1.1777473837219128,-177.1713400864871,-175.2899553876695,-0.6300297230482101,0.1201131826462824,0.3506874837243879,1,Front
31,0.5165194681861348,Participant1_IMG_4743,Participant1,Mesomorph,Normal,upright,1.1663660606388364,-178.95377613920192,-174.64711758818655,-0.6344040036201477,0.15637101577147,0.3469558603601771,1,Front
32,0.5331813865147198,Participant1_IMG_4743,Participant1,Mesomorph,Normal,upright,1.187355334230987,-178.21116463797392,-172.83487225628045,-0.6331000179052353,-0.271778346429626,0.3529708356145104,1,Front
33,0.5498433048433049,Participant1_IMG_4743,Participant1,Mesomorph,Normal,upright,1.1579693281645873,-175.5538649010888,-173.61028908333006,-0.6516733169555664,0.3101530363716542,0.3493578155702844,1,Front
34,0.5665052231718899,Participant1_IMG_4743,Participant1,Mesomorph,Normal,upright,1.169262456774052,-174.03930056487698,-173.95710633371527,-0.599261924624443,-0.1152143481377119,0.3485163059799988,1,Front
35,0.5831671415004749,Participant1_IMG_4743,Participant1,Mesomorph,Normal,upright,1.173564024524594,-176.11014721465682,-175.05347576731654,-0.6436536908149719,-0.1738293341576868,0.3433584953779924,1,Front
36,0.5998290598290599,Participant1_IMG_4743,Participant1,Mesomorph,Normal,upright,1.175585737818099,-174.5562908869587,-172.8257753040117,-0.5860099494457245,-0.1430965293807976,0.3440519842180846,1,Front
37,0.6164909781576449,Participant1_IMG_4743,Participant1,Mesomorph,Normal,upright,1.1648003604545347,-177.01736596892508,-172.75432664734004,-0.593000240623951,-0.1556859982344055,0.3371854896532574,1,Front
38,0.6331528964862299,Participant1_IMG_4743,Participant1,Mesomorph,Normal,upright,1.1532693087236752,-175.53284109589364,-171.0175097710741,-0.600886881351471,0.1396800572708271,0.3382360823863925,1,Front
39,0.6498148148148148,Participant1_IMG_4743,Participant1,Mesomorph,Normal,upright,1.1442783698032002,-175.95454979538516,-171.98604914382162,-0.6032050251960754,-0.0381706891097012,0.3414672339980166,1,Front
40,0.6664767331433998,Participant1_IMG_4743,Participant1,Mesomorph,Normal,upright,1.138631530342891,-174.7507382442207,-170.70522351800648,-0.5927960276603699,0.361816684966263,0.3357305901036592,1,Front
41,0.6831386514719848,Participant1_IMG_4743,Participant1,Mesomorph,Normal,upright,1.1115522181081192,-176.37538752923066,-170.6062891338319,-0.6148629486560822,0.7751413076037584,0.3338155075473681,1,Front
42,0.6998005698005698,Participant1_IMG_4743,Participant1,Mesomorph,Normal,upright,1.1170592066320135,-175.8029981491481,-170.26974539190783,-0.5999792963266373,0.5930897592484743,0.3352994959101426,1,Front
43,0.7164624881291548,Participant1_IMG_4743,Participant1,Mesomorph,Normal,upright,1.1331940590558418,-177.03003896755067,-170.13874426797355,-0.5806178748607635,0.7970730825711208,0.330130776675699,1,Front
44,0.7331244064577398,Participant1_IMG_4743,Participant1,Mesomorph,Normal,upright,1.143300731320115,-178.76382023768636,-171.61949995685265,-0.54275082051754,0.7746953656585202,0.3249369139091538,1,Front
45,0.7497863247863248,Participant1_IMG_4743,Participant1,Mesomorph,Normal,upright,1.121654327279235,-174.1151350293898,-173.097714786243,-0.5831692516803741,-0.2002551204051001,0.327365258721782,1,Front
46,0.7664482431149098,Participant1_IMG_4743,Participant1,Mesomorph,Normal,upright,1.1355287903073288,-176.01038304348333,-171.06275424053035,-0.588486522436142,0.3984216112645669,0.3237243023226032,1,Front
47,0.7831101614434948,Participant1_IMG_4743,Participant1,Mesomorph,Normal,upright,1.1346324767316265,-175.7915281420918,-170.97626416394002,-0.5553716346621513,-0.0838809977813408,0.3245579109149932,1,Front
48,0.7997720797720798,Participant1_IMG_4743,Participant1,Mesomorph,Normal,upright,1.1344533165324344,-175.42959206757948,-171.8135787402164,-0.5730739235877991,-0.2163496259738007,0.3265729701813595,1,Front
49,0.8164339981006647,Participant1_IMG_4743,Participant1,Mesomorph,Normal,upright,1.1200469229053525,-174.40112827823717,-171.12209179967323,-0.5524293482303619,0.0663008935397604,0.3246540959764542,1,Front
50,0.8330959164292497,Participant1_IMG_4743,Participant1,Mesomorph,Normal,upright,1.137009564375955,-176.11260753424793,-169.80002934197748,-0.5430544093251228,0.3627994434653799,0.3221023897534704,1,Front
51,0.8497578347578347,Participant1_IMG_4743,Participant1,Mesomorph,Normal,upright,1.1232674230572637,-177.40910759792945,-170.14271535314265,-0.5539264678955078,0.4963915073999052,0.321489758261309,1,Front
52,0.8664197530864197,Participant1_IMG_4743,Participant1,Mesomorph,Normal,upright,1.126994684877664,-177.12323348663935,-169.88271061508627,-0.5596466064453125,0.0570690105839988,0.32068700929016,1,Front
53,0.8830816714150047,Participant1_IMG_4743,Participant1,Mesomorph,Normal,upright,1.1098100897154282,-176.60153169648265,-171.15617425349524,-0.5288023427128792,0.0929378676548941,0.3193389975817043,1,Front
54,0.8997435897435897,Participant1_IMG_4743,Participant1,Mesomorph,Normal,upright,1.1299155966984722,-179.44238234875533,-170.63706043713634,-0.5289176553487778,0.2572558466422147,0.3131841919713954,1,Front
55,0.9164055080721748,Participant1_IMG_4743,Participant1,Mesomorph,Normal,upright,1.1145250900984414,-179.58916795345007,-170.57944135354356,-0.5311653763055801,-0.1678537446790314,0.3168967768576197,1,Front
56,0.9330674264007598,Participant1_IMG_4743,Participant1,Mesomorph,Normal,upright,1.1240640916424107,-179.35860201131285,-169.69296874760832,-0.5597560405731201,-0.4069138453045893,0.3110771186201583,1,Front
57,0.9497293447293448,Participant1_IMG_4743,Participant1,Mesomorph,Normal,upright,1.1089089294189898,-178.26185286359248,-169.83685512060168,-0.5503563284873962,-0.1101407842285516,0.3125380045554645,1,Front
58,0.9663912630579298,Participant1_IMG_4743,Participant1,Mesomorph,Normal,upright,1.1209678500315687,-178.9901901679378,-170.82032450785513,-0.5537175238132477,-0.0696915436549482,0.3096543457717416,1,Front
59,0.9830531813865148,Participant1_IMG_4743,Participant1,Mesomorph,Normal,upright,1.0943882059879353,-179.7311014284545,-171.2574118902867,-0.5401385724544525,-0.5573227299699495,0.3084408038385145,1,Front
60,0.9997150997150998,Participant1_IMG_4743,Participant1,Mesomorph,Normal,upright,1.1114465447098636,-179.70245062194775,-170.44998004106498,-0.5499180257320404,-0.9755745595632368,0.3079975354752998,1,Front
61,1.0163770180436846,Participant1_IMG_4743,Participant1,Mesomorph,Normal,upright,1.0930214577201118,-179.57632156563457,-169.79762935575192,-0.524942934513092,-0.912814782693121,0.3064499833751377,1,Front
62,1.0330389363722696,Participant1_IMG_4743,Participant1,Mesomorph,Normal,upright,1.1013750207204311,-177.53038417379116,-172.3932664796655,-0.5487457662820816,-1.379806034471929,0.3116347514391651,1,Front
63,1.0497008547008546,Participant1_IMG_4743,Participant1,Mesomorph,Normal,upright,1.1027799271037622,-178.7587515466261,-172.76328561059384,-0.5712079852819443,-1.085014850954752,0.3113080300306783,1,Front
64,1.0663627730294396,Participant1_IMG_4743,Participant1,Mesomorph,Normal,upright,1.092809363101963,-178.69855007536898,-169.94979688050378,-0.5470315515995026,-1.4028813450344313,0.3057539632177503,1,Front
65,1.0830246913580246,Participant1_IMG_4743,Participant1,Mesomorph,Normal,upright,1.0842215837519122,-177.89429800552347,-171.18198984269233,-0.5673629194498062,-1.0206010905340166,0.3086554253788514,1,Front
66,1.0996866096866098,Participant1_IMG_4743,Participant1,Mesomorph,Normal,upright,1.086215260923488,-179.11244483148184,-170.6424663733168,-0.5533025562763214,-1.2103726244159965,0.3114227872714055,1,Front
67,1.1163485280151948,Participant1_IMG_4743,Participant1,Mesomorph,Normal,upright,1.0830277952155445,-178.0354853303577,-171.69516169975074,-0.5650069713592529,-1.309679128360131,0.3057698690251541,1,Front
68,1.1330104463437798,Participant1_IMG_4743,Participant1,Mesomorph,Normal,upright,1.0960064338037865,-178.90151694326488,-169.24833071495846,-0.5350649356842041,-1.161424743691987,0.3060607124530037,1,Front
69,1.1496723646723648,Participant1_IMG_4743,Participant1,Mesomorph,Normal,upright,1.0935051406975915,-178.57558589920836,-169.8848638227571,-0.5537057667970657,-0.9812719141369862,0.3039127344926967,1,Front
70,1.1663342830009498,Participant1_IMG_4743,Participant1,Mesomorph,Normal,upright,1.1100226153795525,-178.833354158011,-171.92379222802515,-0.5185615941882133,-0.5669795894261019,0.3042967492815467,1,Front
71,1.1829962013295348,Participant1_IMG_4743,Participant1,Mesomorph,Normal,upright,1.123031682243442,-177.76831563300595,-174.3185911941082,-0.543347954750061,-0.4051581324345444,0.3082879150481953,1,Front
72,1.1996581196581195,Participant1_IMG_4743,Participant1,Mesomorph,Normal,upright,1.112662642582974,-179.5146680424253,-170.77724281448778,-0.5390801876783371,-0.240361719908425,0.3058149855209219,1,Front
73,1.2163200379867047,Participant1_IMG_4743,Participant1,Mesomorph,Normal,upright,1.108255452364296,-179.42183458444964,-171.25792316097667,-0.5458717495203018,-0.2292896969449405,0.3048835052762425,1,Front
74,1.2329819563152895,Participant1_IMG_4743,Participant1,Mesomorph,Normal,upright,1.134145164675659,-179.36717598751792,-170.53003634031907,-0.515856958925724,0.4397303380154357,0.3034998520403366,1,Front
75,1.2496438746438747,Participant1_IMG_4743,Participant1,Mesomorph,Normal,upright,1.1155203161005385,-178.71447170308213,-171.48839014547977,-0.5340936332941055,0.1608984192593921,0.3046569808401009,1,Front
76,1.2663057929724597,Participant1_IMG_4743,Participant1,Mesomorph,Normal,upright,1.1099892283356705,-177.81906397952355,-171.5660838853509,-0.5138457790017128,0.1409305239730078,0.3029027361128766,1,Front
77,1.2829677113010447,Participant1_IMG_4743,Participant1,Mesomorph,Normal,upright,1.1294367070293572,-179.58668378825558,-173.47927550515362,-0.524628072977066,0.1635595778980433,0.3024823689856276,1,Front
78,1.2996296296296297,Participant1_IMG_4743,Participant1,Mesomorph,Normal,upright,1.1329131325054826,-179.90694152244106,-172.7074050173294,-0.4862776696681976,0.7029733590511744,0.3010368741490086,1,Front
79,1.316291547958215,Participant1_IMG_4743,Participant1,Mesomorph,Normal,upright,1.134867985390657,-179.65057333376396,-173.09544400006197,-0.4703927338123321,0.8677278822449929,0.3031734579974322,1,Front
80,1.3329534662867997,Participant1_IMG_4743,Participant1,Mesomorph,Normal,upright,1.1343728489001657,-179.0447214511714,-173.95184151613464,-0.4881629273295402,0.6270115332140458,0.303750890001848,1,Front
81,1.3496153846153849,Participant1_IMG_4743,Participant1,Mesomorph,Normal,upright,1.1373871295594578,179.1012934253304,-170.92640014085063,-0.5117750316858292,0.7370902755000966,0.3016078152588694,1,Front
82,1.3662773029439697,Participant1_IMG_4743,Participant1,Mesomorph,Normal,upright,1.1331528293205817,178.93940767884826,-170.12213752381282,-0.497497871518135,1.1752356645528932,0.3012406438704663,1,Front
83,1.3829392212725546,Participant1_IMG_4743,Participant1,Mesomorph,Normal,upright,1.1237338584278065,-179.67024913830176,-171.74702135871905,-0.4407887458801269,0.9072259464976984,0.3050861221038184,1,Front
84,1.3996011396011396,Participant1_IMG_4743,Participant1,Mesomorph,Normal,upright,1.1175458682728894,-177.28782890878887,-172.67657114351616,-0.4603637233376503,0.7252228519930306,0.3073619767896115,1,Front
85,1.4162630579297246,Participant1_IMG_4743,Participant1,Mesomorph,Normal,upright,1.120445605952343,-179.93912700623235,-169.9345455386832,-0.4843064919114113,0.459322812721196,0.3018847321557638,1,Front
86,1.4329249762583096,Participant1_IMG_4743,Participant1,Mesomorph,Normal,upright,1.126354368616675,-178.86960715347334,-169.94558990404894,-0.4995719715952873,0.5848590147406353,0.3036762188033285,1,Front
87,1.4495868945868946,Participant1_IMG_4743,Participant1,Mesomorph,Normal,upright,1.118054956079631,179.80723428167917,-171.38096176979968,-0.4839090034365654,0.3384096453298817,0.3057307022644472,1,Front
88,1.4662488129154796,Participant1_IMG_4743,Participant1,Mesomorph,Normal,upright,1.1171806463496023,-179.52435279111796,-171.19661997817332,-0.518572025001049,0.3769384965343364,0.3042297887156517,1,Front
89,1.4829107312440646,Participant1_IMG_4743,Participant1,Mesomorph,Normal,upright,1.1107416787611204,-177.81715671943516,-172.7500269537962,-0.5108325406908989,-0.0439233362423322,0.3055473427133802,1,Front
90,1.4995726495726496,Participant1_IMG_4743,Participant1,Mesomorph,Normal,upright,1.1201645196820116,-178.72302827733708,-171.955206973732,-0.5248496010899544,0.1893904704396397,0.3031943327820181,1,Front
91,1.5162345679012346,Participant1_IMG_4743,Participant1,Mesomorph,Normal,upright,1.1184512892575682,-179.53832329700842,-172.51142814969052,-0.5226447209715843,0.1824045656118408,0.3054540673389982,1,Front
92,1.5328964862298196,Participant1_IMG_4743,Participant1,Mesomorph,Normal,upright,1.1146269819550811,-178.856385769989,-172.97083643608434,-0.5466569662094116,-0.1170403221985789,0.3046992578960575,1,Front
93,1.5495584045584043,Participant1_IMG_4743,Participant1,Mesomorph,Normal,upright,1.1204934211154014,-178.40003510946252,-174.44497547348757,-0.5493632853031158,-0.3396461617242008,0.3076293570983352,1,Front
94,1.5662203228869895,Participant1_IMG_4743,Participant1,Mesomorph,Normal,upright,1.118638236309332,-177.86414014730775,-171.60308383677196,-0.5280801057815552,-0.0732630786139108,0.3040897483236277,1,Front
95,1.5828822412155743,Participant1_IMG_4743,Participant1,Mesomorph,Normal,upright,1.1100865223548049,-176.81808328634622,-171.0778929002724,-0.5393091142177582,-0.3884253546393575,0.305225528754077,1,Front
96,1.5995441595441595,Participant1_IMG_4743,Participant1,Mesomorph,Normal,upright,1.1087920240898153,-177.41527108288787,-171.14136260517725,-0.5256373882293701,-0.3714829712347765,0.3053684084551911,1,Front
97,1.6162060778727445,Participant1_IMG_4743,Participant1,Mesomorph,Normal,upright,1.113943932920014,-177.35314456681746,-173.0670667099658,-0.5509496480226517,-0.5786009448737784,0.306857373023055,1,Front
98,1.6328679962013295,Participant1_IMG_4743,Participant1,Mesomorph,Normal,upright,1.117220087914964,-179.1580129758834,-172.14108162738248,-0.5303156301379204,-0.3701274029509553,0.3063075475679254,1,Front
99,1.6495299145299145,Participant1_IMG_4743,Participant1,Mesomorph,Normal,upright,1.1185611213965845,-179.4510921782302,-172.26528800572328,-0.5390304327011108,0.1591941946416184,0.3072779522223955,1,Front
100,1.6661918328584997,Participant1_IMG_4743,Participant1,Mesomorph,Normal,upright,1.1069954703583602,-178.71757721422458,-173.5588622714518,-0.5183440819382668,-0.4884977037890923,0.3063480479742745,1,Front
101,1.6828537511870845,Participant1_IMG_4743,Participant1,Mesomorph,Normal,upright,1.1029634455397903,-178.36708450762134,-171.8906916422579,-0.5103320255875587,-0.2873328669088068,0.3034271758599128,1,Front
102,1.6995156695156697,Participant1_IMG_4743,Participant1,Mesomorph,Normal,upright,1.111915002289772,-179.28845233625623,-172.66072175908457,-0.5054870322346687,0.0372463092308243,0.3053731664132157,1,Front
103,1.7161775878442544,Participant1_IMG_4743,Participant1,Mesomorph,Normal,upright,1.1036419455424304,-177.80079723860533,-171.94475687824962,-0.5125400871038437,-0.303357744651811,0.3025222028922029,1,Front
104,1.7328395061728394,Participant1_IMG_4743,Participant1,Mesomorph,Normal,upright,1.1093428206612688,-177.7676392242236,-170.55231772429758,-0.5162461400032043,-0.3755056984478472,0.3033652389278803,1,Front
105,1.7495014245014244,Participant1_IMG_4743,Participant1,Mesomorph,Normal,upright,1.11632192433068,-177.7021152429867,-170.42245315999912,-0.4997130781412124,-0.1414976632188718,0.3068200825451436,1,Front
106,1.7661633428300094,Participant1_IMG_4743,Participant1,Mesomorph,Normal,upright,1.1113050887825655,-177.72252539997115,-169.6651174093343,-0.4907109588384628,-0.154745315848986,0.3041956020474603,1,Front
107,1.7828252611585944,Participant1_IMG_4743,Participant1,Mesomorph,Normal,upright,1.1119599000465332,-178.58357692064757,-171.2847981894703,-0.4856235310435295,0.023638193951234,0.29889698335178,1,Front
108,1.7994871794871794,Participant1_IMG_4743,Participant1,Mesomorph,Normal,upright,1.110952327304383,-177.66527097144572,-170.30125992209966,-0.4878860116004944,0.0186476450398931,0.3002703705303919,1,Front
109,1.8161490978157644,Participant1_IMG_4743,Participant1,Mesomorph,Normal,upright,1.109434107458391,-178.24117400899635,-170.60529546665563,-0.4941229224205017,-0.1090240359975124,0.3020656453525401,1,Front
110,1.8328110161443496,Participant1_IMG_4743,Participant1,Mesomorph,Normal,upright,1.107937937446866,-178.03717892674382,-172.13423137017685,-0.4964510127902031,-0.6523868279333028,0.303651218855504,1,Front
111,1.8494729344729344,Participant1_IMG_4743,Participant1,Mesomorph,Normal,upright,1.1266202931605682,-177.59418319908002,-172.31607765481417,-0.4882899820804596,0.0084556622032564,0.3074055240245245,1,Front
112,1.86613485280152,Participant1_IMG_4743,Participant1,Mesomorph,Normal,upright,1.106859306160144,-177.83529128106312,-173.3689267218654,-0.5014695823192596,-0.5034974217276955,0.3019515975883177,1,Front
113,1.8827967711301048,Participant1_IMG_4743,Participant1,Mesomorph,Normal,upright,1.1114525706560046,-178.35377967729448,-173.06901825737876,-0.4965045303106308,-0.3268814023181512,0.3007970977023176,1,Front
114,1.8994586894586896,Participant1_IMG_4743,Participant1,Mesomorph,Normal,upright,1.098980144056385,-177.94519719626194,-170.81010459783266,-0.500283382833004,0.3145156899833803,0.2996025737272852,1,Front
115,1.9161206077872743,Participant1_IMG_4743,Participant1,Mesomorph,Normal,upright,1.1029066627941666,-177.43550836208678,-172.86122085232654,-0.5120075717568398,-0.2338747932737977,0.3049897312767301,1,Front
116,1.9327825261158595,Participant1_IMG_4743,Participant1,Mesomorph,Normal,upright,1.1167629815069486,-178.55563478707336,-172.8052358375424,-0.508389800786972,0.1348710460213313,0.3058850794692393,1,Front
117,1.9494444444444443,Participant1_IMG_4743,Participant1,Mesomorph,Normal,upright,1.1087763401290422,-178.39864535111957,-172.95564132175613,-0.5089994817972183,-0.0152666392377962,0.3038367521010272,1,Front
118,1.9661063627730293,Participant1_IMG_4743,Participant1,Mesomorph,Normal,upright,1.1206544690366191,-179.15228756352383,-173.22301329566693,-0.5082008168101311,0.4377564968285468,0.3051413487433977,1,Front
119,1.9827682811016143,Participant1_IMG_4743,Participant1,Mesomorph,Normal,upright,1.126916142895304,-178.5784504175568,-172.35400786627213,-0.51987424492836,-0.0887000551861385,0.3046018969930547,1,Front
120,1.9994301994301995,Participant1_IMG_4743,Participant1,Mesomorph,Normal,upright,1.1317436978960886,-179.6589681752341,-173.2202345108664,-0.5024638697504997,0.0078090877457052,0.3033360331191863,1,Front
121,2.0160921177587845,Participant1_IMG_4743,Participant1,Mesomorph,Normal,upright,1.1400838831121347,-178.8562916055062,-171.36148944157648,-0.4899452403187752,0.3817729656391898,0.3031422631932379,1,Front
122,2.0327540360873693,Participant1_IMG_4743,Participant1,Mesomorph,Normal,upright,1.142950709642828,-178.57440611906628,-171.73852824138783,-0.486890897154808,0.3035291786489332,0.3048040766335191,1,Front
123,2.0494159544159545,Participant1_IMG_4743,Participant1,Mesomorph,Normal,upright,1.1430485106433474,-178.60830554696653,-172.66738795426326,-0.4895765632390976,0.2545778718499205,0.3048621857642465,1,Front
124,2.0660778727445392,Participant1_IMG_4743,Participant1,Mesomorph,Normal,upright,1.1417107714487909,-179.64429432297038,-172.39380400252185,-0.4873613268136978,0.3512393172637086,0.3019790431335548,1,Front
125,2.0827397910731245,Participant1_IMG_4743,Participant1,Mesomorph,Normal,upright,1.1406928159404497,-178.8854943751452,-172.24023632393244,-0.4951387494802475,0.2296284331218026,0.3039840352468112,1,Front
126,2.099401709401709,Participant1_IMG_4743,Participant1,Mesomorph,Normal,upright,1.1302611373090858,-179.03200395118037,-171.5875824816692,-0.4980221688747406,0.2354536168419371,0.3067322620138037,1,Front
127,2.1160636277302944,Participant1_IMG_4743,Participant1,Mesomorph,Normal,upright,1.1402552649557465,-179.48113566113324,-173.5425107871804,-0.4758030101656914,0.269745915588766,0.3027303969711385,1,Front
128,2.132725546058879,Participant1_IMG_4743,Participant1,Mesomorph,Normal,upright,1.1308193170922365,179.55268671013542,-172.23226902910582,-0.4892596900463104,0.2469665904334604,0.3059171683748345,1,Front
129,2.1493874643874644,Participant1_IMG_4743,Participant1,Mesomorph,Normal,upright,1.125542288339132,179.11969615186203,-171.76128954317784,-0.4627997502684593,0.2847040420031408,0.306325648737344,1,Front
130,2.166049382716049,Participant1_IMG_4743,Participant1,Mesomorph,Normal,upright,1.118577833939662,178.91839667326914,-172.40838501281016,-0.46858711540699,0.3046994649060446,0.3067348252981868,1,Front
131,2.1827113010446344,Participant1_IMG_4743,Participant1,Mesomorph,Normal,upright,1.1212074149394895,179.9589464492198,-172.54434364254433,-0.4829334542155266,0.3342137261787939,0.3045452124827647,1,Front
132,2.19937321937322,Participant1_IMG_4743,Participant1,Mesomorph,Normal,upright,1.12087786783071,-179.24948734793708,-172.35195273229183,-0.4893161430954933,0.3800236713093329,0.3041858862583454,1,Front
133,2.2160351377018044,Participant1_IMG_4743,Participant1,Mesomorph,Normal,upright,1.1273476376690292,-178.7595108480318,-171.02333027057395,-0.4923065155744552,0.4799349807292948,0.3008765606234792,1,Front
134,2.2326970560303896,Participant1_IMG_4743,Participant1,Mesomorph,Normal,upright,1.123792722532025,-178.90847040374194,-170.42484657570375,-0.4962727725505829,0.6283863432878132,0.3028036866952228,1,Front
135,2.2493589743589744,Participant1_IMG_4743,Participant1,Mesomorph,Normal,upright,1.127086062865279,-179.0154900237941,-171.12255349010297,-0.4917053505778312,0.5162621534927384,0.3034783080869823,1,Front
136,2.26602089268756,Participant1_IMG_4743,Participant1,Mesomorph,Normal,upright,1.128641024877997,-178.2930537676444,-171.1206402590116,-0.4842422157526016,0.4397635368098697,0.3000459836735969,1,Front
137,2.2826828110161443,Participant1_IMG_4743,Participant1,Mesomorph,Normal,upright,1.1196348107936835,-178.29448679615103,-171.75459227459754,-0.4896988943219185,0.2277746858468094,0.3028614493966772,1,Front
138,2.2993447293447296,Participant1_IMG_4743,Participant1,Mesomorph,Normal,upright,1.123142233654676,-179.63693990038192,-170.58748057352906,-0.4696482047438621,0.2578374040484688,0.3029733030808852,1,Front
139,2.3160066476733143,Participant1_IMG_4743,Participant1,Mesomorph,Normal,upright,1.112621299156719,-177.34078431031938,-172.49140664304662,-0.4864738583564758,-0.0529805419943145,0.3037516908126011,1,Front
140,2.3326685660018995,Participant1_IMG_4743,Participant1,Mesomorph,Normal,upright,1.120796753374324,-179.3864222956839,-171.33651118250333,-0.4773954823613167,0.4452116306939591,0.3000618614278517,1,Front
141,2.3493304843304843,Participant1_IMG_4743,Participant1,Mesomorph,Normal,upright,1.1268036694728103,-179.51132031170494,-170.46639079155915,-0.4812754690647125,0.7611448630711829,0.300079024789854,1,Front
142,2.365992402659069,Participant1_IMG_4743,Participant1,Mesomorph,Normal,upright,1.1139731685517,-179.59423583645253,-171.1091923262692,-0.4715714454650879,0.8669517905750812,0.3015892436362185,1,Front
143,2.3826543209876543,Participant1_IMG_4743,Participant1,Mesomorph,Normal,upright,1.126618748848486,179.3681515844453,-170.8250769839308,-0.4993861690163612,0.242055595220313,0.3043305852578613,1,Front
144,2.3993162393162395,Participant1_IMG_4743,Participant1,Mesomorph,Normal,upright,1.1198928771520809,179.88658869730608,-172.66561265289644,-0.4768551215529442,0.187832321564953,0.303985595168352,1,Front
145,2.4159781576448243,Participant1_IMG_4743,Participant1,Mesomorph,Normal,upright,1.1182261540547502,-179.53350891901914,-172.1260306688067,-0.4755909293889999,0.1487188733918363,0.3020674568678145,1,Front
146,2.432640075973409,Participant1_IMG_4743,Participant1,Mesomorph,Normal,upright,1.1112504307752096,-179.02199173523732,-172.94488033183865,-0.4818491339683532,0.0155869724324313,0.3037321181272941,1,Front
147,2.4493019943019942,Participant1_IMG_4743,Participant1,Mesomorph,Normal,upright,1.1129424098957692,-179.26488277124636,-172.37217411462376,-0.4853920638561249,0.0975647128837865,0.3026860934058524,1,Front
148,2.4659639126305795,Participant1_IMG_4743,Participant1,Mesomorph,Normal,upright,1.1081412263251105,-179.11803567972044,-172.83254639728884,-0.4845511615276336,0.255237874495488,0.300769199215918,1,Front
149,2.482625830959164,Participant1_IMG_4743,Participant1,Mesomorph,Normal,upright,1.1256313419352957,-179.75827255553543,-171.64767832663674,-0.497878722846508,0.4424362656720511,0.3004724898500658,1,Front
150,2.499287749287749,Participant1_IMG_4743,Participant1,Mesomorph,Normal,upright,1.1145115240380865,-179.65963815070103,-172.99843870872533,-0.4841770231723785,0.2812546544087093,0.2988359607605178,1,Front
151,2.515949667616334,Participant1_IMG_4743,Participant1,Mesomorph,Normal,upright,1.1314141036605658,-179.7448050989825,-173.0915752630803,-0.4849212914705276,0.2284027609416259,0.3007012629911005,1,Front
152,2.5326115859449194,Participant1_IMG_4743,Participant1,Mesomorph,Normal,upright,1.13553197277617,-179.72134179046907,-173.20992228440716,-0.486615851521492,0.2924746652056669,0.3001137702972352,1,Front
153,2.549273504273504,Participant1_IMG_4743,Participant1,Mesomorph,Normal,upright,1.1298209867620916,179.77321243741633,-172.89459113400633,-0.4824707061052322,0.2279940636918048,0.2990035889719931,1,Front
154,2.5659354226020894,Participant1_IMG_4743,Participant1,Mesomorph,Normal,upright,1.128976613675874,-179.95671753308972,-173.2507455272378,-0.4774010628461838,0.3015998843445869,0.3001451156623285,1,Front
155,2.582597340930674,Participant1_IMG_4743,Participant1,Mesomorph,Normal,upright,1.1312579112805716,-178.95750734927316,-172.0376794984038,-0.4964198470115661,0.4676051663166896,0.2999540554130562,1,Front
156,2.5992592592592594,Participant1_IMG_4743,Participant1,Mesomorph,Normal,upright,1.1358894111451383,-179.93299106120637,-172.09597454954798,-0.490256555378437,0.4370408151521594,0.2991632182932491,1,Front
157,2.615921177587844,Participant1_IMG_4743,Participant1,Mesomorph,Normal,upright,1.1439009428081677,-179.8764964023526,-171.91770717307867,-0.4988215863704681,0.373128861487321,0.2996349441256626,1,Front
158,2.6325830959164294,Participant1_IMG_4743,Participant1,Mesomorph,Normal,upright,1.1437896562545355,-178.93784877261282,-173.2546885250755,-0.4960383772850036,-0.3037683997160445,0.2991361815162108,1,Front
159,2.649245014245014,Participant1_IMG_4743,Participant1,Mesomorph,Normal,upright,1.1441325489922891,-178.76331305553683,-173.4796481868359,-0.493017740547657,-0.1496846035318684,0.2997191418952694,1,Front
160,2.6659069325736,Participant1_IMG_4743,Participant1,Mesomorph,Normal,upright,1.1517364665095606,-177.65810797053183,-173.95206998049323,-0.5135588198900223,-0.4395781000194591,0.3036861672870194,1,Front
161,2.682568850902184,Participant1_IMG_4743,Participant1,Mesomorph,Normal,upright,1.1478411222001863,-178.11866673906417,-174.12384551292058,-0.5142713636159897,-0.6536517094864686,0.3024263677747998,1,Front
162,2.6992307692307693,Participant1_IMG_4743,Participant1,Mesomorph,Normal,upright,1.1483279003162037,-177.98904633465716,-173.38061994908904,-0.5025280490517616,-0.6724173487263899,0.3012135493852245,1,Front
163,2.715892687559354,Participant1_IMG_4743,Participant1,Mesomorph,Normal,upright,1.1538262838947977,-177.93567930043946,-173.59946972684605,-0.4996082037687301,-0.6267817899358747,0.3015924255638542,1,Front
164,2.73255460588794,Participant1_IMG_4743,Participant1,Mesomorph,Normal,upright,1.1537991821339657,-177.78899284973514,-173.2229149050257,-0.5009630769491196,-0.6455670892412714,0.3006143121172508,1,Front
165,2.749216524216524,Participant1_IMG_4743,Participant1,Mesomorph,Normal,upright,1.155831218687155,-176.7392171381161,-174.5099023763754,-0.502113901078701,-0.924201826191754,0.3023516329120531,1,Front
166,2.7658784425451093,Participant1_IMG_4743,Participant1,Mesomorph,Normal,upright,1.149176256272498,-177.0733480580993,-174.67315394344922,-0.4970776289701462,-0.5627682585968699,0.3020454907870709,1,Front
167,2.782540360873694,Participant1_IMG_4743,Participant1,Mesomorph,Normal,upright,1.124156390233298,-177.57095506560145,-173.56140171386073,-0.502371035516262,0.2492423545737649,0.3001487059954324,1,Front
168,2.79920227920228,Participant1_IMG_4743,Participant1,Mesomorph,Normal,upright,1.1301374103932245,-179.5689283211867,-171.70115640591263,-0.4928516447544098,0.691031209681552,0.2989996954883899,1,Front
169,2.815864197530864,Participant1_IMG_4743,Participant1,Mesomorph,Normal,upright,1.1422556109449526,-179.57148017162433,-172.3559884966503,-0.4813896715641022,0.5246818939145064,0.302031440841188,1,Front
170,2.832526115859449,Participant1_IMG_4743,Participant1,Mesomorph,Normal,upright,1.1305827246899158,-178.47322001968746,-173.31561576883496,-0.4996788203716278,-0.1625754634119675,0.3025556858105697,1,Front
171,2.849188034188034,Participant1_IMG_4743,Participant1,Mesomorph,Normal,upright,1.1534759765131075,-179.08252978881987,-173.9375435925508,-0.4884862601757049,-0.1521700624069287,0.3008747786397538,1,Front
172,2.8658499525166192,Participant1_IMG_4743,Participant1,Mesomorph,Normal,upright,1.1572946745226482,-178.99438900544013,-173.04296644905375,-0.4947818145155906,-0.2425581570899092,0.2987309648154149,1,Front
173,2.882511870845204,Participant1_IMG_4743,Participant1,Mesomorph,Normal,upright,1.1509286733946889,-179.23863819094984,-174.13212417554533,-0.4954157173633575,0.0413212494984911,0.296752009145928,1,Front
174,2.899173789173789,Participant1_IMG_4743,Participant1,Mesomorph,Normal,upright,1.130437673776567,-178.26313012134025,-173.36818312002404,-0.4888917729258537,0.1350397846298325,0.2994582502079314,1,Front
175,2.915835707502374,Participant1_IMG_4743,Participant1,Mesomorph,Normal,upright,1.1279670676606517,-177.33628848269132,-172.72808287803775,-0.4915189668536186,-0.0238007086264972,0.2997034138199855,1,Front
176,2.932497625830959,Participant1_IMG_4743,Participant1,Mesomorph,Normal,upright,1.129255600199516,-177.7374509559846,-170.58905465968445,-0.471977986395359,0.1351984644772534,0.3015616662974367,1,Front
177,2.9491595441595444,Participant1_IMG_4743,Participant1,Mesomorph,Normal,upright,1.1152920619130036,-176.93476047568524,-171.97541638118187,-0.491606242954731,-0.442580805683945,0.3009692572111228,1,Front
178,2.965821462488129,Participant1_IMG_4743,Participant1,Mesomorph,Normal,upright,1.1253303494670297,-177.22753373816164,-171.21627270986718,-0.4758794754743576,-0.0977791044627908,0.3006529902137236,1,Front
179,2.9824833808167144,Participant1_IMG_4743,Participant1,Mesomorph,Normal,upright,1.131850687238337,-176.97525030617547,-171.02413692549746,-0.4930152222514152,0.0639125589911022,0.302599566763539,1,Front
180,2.999145299145299,Participant1_IMG_4743,Participant1,Mesomorph,Normal,upright,1.1217369357289848,-178.29859009030656,-173.52140153463287,-0.4893565624952316,-0.258679836601613,0.2970070144246599,1,Front
181,3.0158072174738844,Participant1_IMG_4743,Participant1,Mesomorph,Normal,upright,1.1331556149318067,-178.58785072031492,-173.4868065429429,-0.4888233095407486,-0.2208955406331876,0.2975158084361484,1,Front
182,3.032469135802469,Participant1_IMG_4743,Participant1,Mesomorph,Normal,upright,1.1313026303257403,-179.30604613563372,-172.5519837070961,-0.4904976040124893,-0.0169869835281479,0.2978390757403887,1,Front
183,3.0491310541310543,Participant1_IMG_4743,Participant1,Mesomorph,Normal,upright,1.144982504118203,179.7596198584716,-173.49121394998497,-0.5037446841597557,-0.1776469323922899,0.2975819074362337,1,Front
184,3.065792972459639,Participant1_IMG_4743,Participant1,Mesomorph,Normal,upright,1.1297986036305592,-178.9845309961256,-174.80749171384477,-0.4921060130000114,-0.0294948462765139,0.3001496415611367,1,Front
185,3.0824548907882243,Participant1_IMG_4743,Participant1,Mesomorph,Normal,upright,1.1234143007909307,-179.2382741624561,-174.37227097424588,-0.5055970028042793,0.0163538374205205,0.3010398944429367,1,Front
186,3.099116809116809,Participant1_IMG_4743,Participant1,Mesomorph,Normal,upright,1.121707761950212,-179.0402479378057,-174.36200084816943,-0.4899049550294876,-0.1714573864671275,0.3004278611819956,1,Front
187,3.1157787274453943,Participant1_IMG_4743,Participant1,Mesomorph,Normal,upright,1.13870275690375,-179.08939765321847,-174.11432550438784,-0.5004806071519852,-0.3611845936787355,0.3005259489338027,1,Front
188,3.132440645773979,Participant1_IMG_4743,Participant1,Mesomorph,Normal,upright,1.1350968454285992,-179.46607206644302,-174.0271197712685,-0.5087835937738419,-0.2124544120969548,0.2977972587302089,1,Front
189,3.1491025641025643,Participant1_IMG_4743,Participant1,Mesomorph,Normal,upright,1.1372600554342471,-178.59295111282825,-174.0066614595564,-0.5166427120566368,-0.4611729537481907,0.2992640074913069,1,Front
190,3.165764482431149,Participant1_IMG_4743,Participant1,Mesomorph,Normal,upright,1.1302259067040783,-178.39140537944877,-173.57276006342096,-0.5059583783149719,-0.4652948290354872,0.3003696463454967,1,Front
191,3.1824264007597343,Participant1_IMG_4743,Participant1,Mesomorph,Normal,upright,1.1302213372789784,-177.7949109561373,-173.3181034200556,-0.5163367167115211,-0.382073941950763,0.3006415077441925,1,Front
192,3.199088319088319,Participant1_IMG_4743,Participant1,Mesomorph,Normal,upright,1.1368517773680262,-178.51931297214583,-172.96679495527536,-0.5122507140040398,-0.5765828488570635,0.3003277451485819,1,Front
193,3.215750237416904,Participant1_IMG_4743,Participant1,Mesomorph,Normal,upright,1.1387547184605682,-178.95341385189985,-173.0678535576102,-0.5014569386839867,-0.6083242798771626,0.3004680854510256,1,Front
194,3.232412155745489,Participant1_IMG_4743,Participant1,Mesomorph,Normal,upright,1.1365257041076866,-179.10397502200206,-172.9912408946717,-0.5063079595565796,-0.3851921653726498,0.2993734878938399,1,Front
195,3.2490740740740742,Participant1_IMG_4743,Participant1,Mesomorph,Normal,upright,1.137898420348285,-177.84853427658587,-173.15441120145107,-0.5169591978192329,-0.7256261631245765,0.2995336345050923,1,Front
196,3.265735992402659,Participant1_IMG_4743,Participant1,Mesomorph,Normal,upright,1.150743875168879,-179.1327824077664,-174.56582767562526,-0.510001003742218,-0.6812541718161345,0.3001808444685271,1,Front
197,3.282397910731244,Participant1_IMG_4743,Participant1,Mesomorph,Normal,upright,1.1444926005206604,-177.89855731067567,-173.64625401307683,-0.5185433775186539,-0.7501788947062779,0.3009127526947014,1,Front
198,3.299059829059829,Participant1_IMG_4743,Participant1,Mesomorph,Normal,upright,1.139836602212931,-176.59235911050638,-173.8156654662997,-0.5240412279963493,-0.6736626120313953,0.3031088296996689,1,Front
199,3.315721747388414,Participant1_IMG_4743,Participant1,Mesomorph,Normal,upright,1.1458407283642331,-177.228026892221,-174.0906445056494,-0.5218500867486,-0.798477067865458,0.3013547261764823,1,Front
200,3.332383665716999,Participant1_IMG_4743,Participant1,Mesomorph,Normal,upright,1.1421964956475883,-177.17364788206257,-173.06954511348317,-0.5255689397454262,-0.5805981217503537,0.3028285054750727,1,Front
201,3.349045584045584,Participant1_IMG_4743,Participant1,Mesomorph,Normal,upright,1.1304025614607174,-176.9943779481762,-173.640166600955,-0.5246560722589493,-0.6288651724430749,0.3000844775721212,1,Front
202,3.365707502374169,Participant1_IMG_4743,Participant1,Mesomorph,Normal,upright,1.1111489937626366,-178.66173061627643,-173.3909415133507,-0.5030099973082542,-0.2071666845289154,0.300809060606049,1,Front
203,3.382369420702754,Participant1_IMG_4743,Participant1,Mesomorph,Normal,upright,1.1243191709001683,-178.812603652015,-173.4552592019384,-0.5019521787762642,-0.3632703538175999,0.2994456764510172,1,Front
204,3.399031339031339,Participant1_IMG_4743,Participant1,Mesomorph,Normal,upright,1.1246549023414998,-178.91897587866785,-173.59060175449417,-0.4976294487714767,-0.3307336197131318,0.2991240746166361,1,Front
205,3.415693257359924,Participant1_IMG_4743,Participant1,Mesomorph,Normal,upright,1.1238740299402206,-179.09253768429866,-173.36572088813082,-0.4883840084075928,-0.1197735992042078,0.2994694800380909,1,Front
206,3.432355175688509,Participant1_IMG_4743,Participant1,Mesomorph,Normal,upright,1.1254732761704935,-179.28892591170558,-172.66817763235633,-0.4907588586211204,-0.0939959101637675,0.2988813615011983,1,Front
207,3.449017094017094,Participant1_IMG_4743,Participant1,Mesomorph,Normal,upright,1.1177117987254614,-179.46698016100527,-171.49790349726143,-0.4919702410697937,0.166587237578431,0.3002011145239382,1,Front
208,3.465679012345679,Participant1_IMG_4743,Participant1,Mesomorph,Normal,upright,1.1165408933884502,-179.63238315877112,-171.3929117165219,-0.4782498478889465,0.0567752415075272,0.2996266466368987,1,Front
209,3.482340930674264,Participant1_IMG_4743,Participant1,Mesomorph,Normal,upright,1.1195412761359755,-179.55392898367435,-170.96255059798006,-0.4923084527254104,0.2016435080320361,0.3011572435007487,1,Front
210,3.499002849002849,Participant1_IMG_4743,Participant1,Mesomorph,Normal,upright,1.117624258053132,-179.5216048700037,-169.7632328938195,-0.4842184036970138,0.5641027711091646,0.2993484176563899,1,Front
211,3.515664767331434,Participant1_IMG_4743,Participant1,Mesomorph,Normal,upright,1.1048125054422382,-179.64192351662268,-169.31608228186076,-0.5021860599517822,0.8262922117225642,0.2992262266878949,1,Front
212,3.532326685660019,Participant1_IMG_4743,Participant1,Mesomorph,Normal,upright,1.1176790015304272,179.70582108939212,-170.29218882547755,-0.5003495439887047,0.6400267733395775,0.2980366890281122,1,Front
213,3.548988603988604,Participant1_IMG_4743,Participant1,Mesomorph,Normal,upright,1.122357637048458,-178.98035701999373,-169.06071871611172,-0.5022026672959328,0.382811350543167,0.2997484098449856,1,Front
214,3.565650522317189,Participant1_IMG_4743,Participant1,Mesomorph,Normal,upright,1.1183331405478167,-179.54370205032478,-170.01830274380166,-0.5006213784217834,0.3148371331172168,0.3044591833730077,1,Front
215,3.582312440645774,Participant1_IMG_4743,Participant1,Mesomorph,Normal,upright,1.1191965445889245,179.85068974331222,-168.87488623582047,-0.4884031489491462,0.6079646367415575,0.2994467352983308,1,Front
216,3.598974358974359,Participant1_IMG_4743,Participant1,Mesomorph,Normal,upright,1.1069251662489488,179.25185528315745,-169.6648293277202,-0.4709035009145736,0.5727438677486185,0.3009215230205003,1,Front
217,3.615636277302944,Participant1_IMG_4743,Participant1,Mesomorph,Normal,upright,1.1049215805875248,-179.8300297196969,-171.37952681629204,-0.4765678122639656,0.4003267243731462,0.3013649134391968,1,Front
218,3.632298195631529,Participant1_IMG_4743,Participant1,Mesomorph,Normal,upright,1.1219411067298402,-178.83068654076334,-173.4291336293368,-0.5038753002882004,-0.0288729795466647,0.3017245620071506,1,Front
219,3.648960113960114,Participant1_IMG_4743,Participant1,Mesomorph,Normal,upright,1.1306123367809315,-179.22552283414797,-173.7008316840145,-0.5073766633868217,0.1078576290367663,0.2992278411690513,1,Front
220,3.665622032288699,Participant1_IMG_4743,Participant1,Mesomorph,Normal,upright,1.1317885568265988,-179.79004441637065,-174.83073499736426,-0.5048110336065292,0.1327430869294819,0.3032927014464511,1,Front
221,3.682283950617284,Participant1_IMG_4743,Participant1,Mesomorph,Normal,upright,1.1268922588081376,-177.86077881891623,-174.04051140972666,-0.5022834539413452,-0.186663437371009,0.3064001541634547,1,Front
222,3.698945868945869,Participant1_IMG_4743,Participant1,Mesomorph,Normal,upright,1.1333598177800257,-177.57948009330346,-174.5075737135801,-0.4981600493192673,-0.237669904544997,0.3055957860636348,1,Front
223,3.715607787274454,Participant1_IMG_4743,Participant1,Mesomorph,Normal,upright,1.1345229866385291,-177.53525792929722,-174.53782748764252,-0.4909452050924301,-0.3241226812163056,0.306378084678083,1,Front
224,3.732269705603039,Participant1_IMG_4743,Participant1,Mesomorph,Normal,upright,1.1345687694313562,-179.47466232850482,-173.85675233623408,-0.4872828125953674,-0.1197006735060798,0.306508669441253,1,Front
225,3.748931623931624,Participant1_IMG_4743,Participant1,Mesomorph,Normal,upright,1.1299826254142462,-178.3400966149741,-174.21854464999407,-0.4879366606473923,-0.3992381608279268,0.3084708852257649,1,Front
226,3.765593542260209,Participant1_IMG_4743,Participant1,Mesomorph,Normal,upright,1.1265571267247478,-177.60875233851587,-173.53919864571412,-0.4954064637422561,-0.3006719653377235,0.3080344904545334,1,Front
227,3.782255460588794,Participant1_IMG_4743,Participant1,Mesomorph,Normal,upright,1.126454069210442,-179.51079698446466,-173.66074073658615,-0.4766476973891258,-0.1257839002012194,0.3059641484811607,1,Front
228,3.798917378917379,Participant1_IMG_4743,Participant1,Mesomorph,Normal,upright,1.1319558109911347,-179.71415751648246,-174.2110291693164,-0.4922446981072426,-0.2171424678898317,0.3061432491435419,1,Front
229,3.815579297245964,Participant1_IMG_4743,Participant1,Mesomorph,Normal,upright,1.1444010043268111,-178.43553196839147,-173.65472036001725,-0.4996503964066505,-0.7914013485321193,0.3060843480450812,1,Front
230,3.832241215574549,Participant1_IMG_4743,Participant1,Mesomorph,Normal,upright,1.1389638852700343,-178.18899418100096,-174.49747065372088,-0.5048831924796104,-0.6072511018303197,0.308972252143523,1,Front
231,3.848903133903134,Participant1_IMG_4743,Participant1,Mesomorph,Normal,upright,1.1375759384242456,-177.83943853094868,-174.05209369609608,-0.4885912090539932,-0.5755564321059259,0.3071459406137569,1,Front
232,3.865565052231719,Participant1_IMG_4743,Participant1,Mesomorph,Normal,upright,1.1462418431349726,-177.43922650217812,-174.68037819527154,-0.4895325005054474,-0.4398870685355879,0.3069797810200585,1,Front
233,3.882226970560304,Participant1_IMG_4743,Participant1,Mesomorph,Normal,upright,1.1444492431355142,-178.6402228184091,-174.39220983836677,-0.5039852261543274,-0.5687321358566448,0.3078722688902908,1,Front
234,3.898888888888889,Participant1_IMG_4743,Participant1,Mesomorph,Normal,upright,1.1510662909538996,-177.30561406645796,-174.4132236748539,-0.5170580074191093,-0.6291101813123393,0.3071868737412943,1,Front
235,3.915550807217474,Participant1_IMG_4743,Participant1,Mesomorph,Normal,upright,1.147672334055763,-177.00351739913305,-174.81628113775866,-0.5014279559254646,-0.3502046146649447,0.3055974253143905,1,Front
236,3.932212725546059,Participant1_IMG_4743,Participant1,Mesomorph,Normal,upright,1.1431663893621058,-176.58580737637928,-174.8809577684244,-0.5234631225466728,-0.1750565450642824,0.3053833027815897,1,Front
237,3.948874643874644,Participant1_IMG_4743,Participant1,Mesomorph,Normal,upright,1.1391109064896725,-177.61997540460908,-173.83117005218676,-0.5083432719111443,-0.5995677356182305,0.3090139758825479,1,Front
238,3.965536562203229,Participant1_IMG_4743,Participant1,Mesomorph,Normal,upright,1.1406167897924149,-177.27611228712223,-174.71246373870875,-0.5003045201301575,-0.4057581676725555,0.3059380226269728,1,Front
239,3.982198480531814,Participant1_IMG_4743,Participant1,Mesomorph,Normal,upright,1.1317741383484825,-178.01462636298604,-173.6648957821532,-0.4840483218431473,-0.3235266593910755,0.3083548865098094,1,Front
240,3.998860398860399,Participant1_IMG_4743,Participant1,Mesomorph,Normal,upright,1.1410051819509917,-179.7648515051675,-173.8728780107299,-0.4744233936071396,-0.0485245436737993,0.3050448954988195,1,Front
241,4.015522317188984,Participant1_IMG_4743,Participant1,Mesomorph,Normal,upright,1.1337595044814424,-178.76502355125814,-174.0268670555784,-0.4845795407891273,-0.3620611770570914,0.309454022844519,1,Front
242,4.032184235517569,Participant1_IMG_4743,Participant1,Mesomorph,Normal,upright,1.1272784087194765,-178.4424541074108,-173.89033086876952,-0.4810987710952759,-0.1792873768196188,0.3070430316420002,1,Front
243,4.048846153846154,Participant1_IMG_4743,Participant1,Mesomorph,Normal,upright,1.1310769407264147,179.96516517564288,-173.99724777485565,-0.4862169995903969,0.1412753721496703,0.3036199773228611,1,Front
244,4.0655080721747385,Participant1_IMG_4743,Participant1,Mesomorph,Normal,upright,1.1087299975951368,-177.60469626166378,-174.2764177669063,-0.5043774619698524,-0.3521481045919723,0.3068115133975526,1,Front
245,4.082169990503324,Participant1_IMG_4743,Participant1,Mesomorph,Normal,upright,1.1329434634377895,-178.95143659881236,-175.19461586122824,-0.5041274577379227,-0.2509163864957957,0.3019665694919264,1,Front
246,4.098831908831909,Participant1_IMG_4743,Participant1,Mesomorph,Normal,upright,1.1169499703806791,-177.5553981730343,-175.58364743723627,-0.4915951639413833,-0.3903849131798168,0.3035150292356141,1,Front
247,4.115493827160494,Participant1_IMG_4743,Participant1,Mesomorph,Normal,upright,1.1183236055867205,-177.48481441619367,-175.09782733330306,-0.5005968809127808,-0.3109583945718658,0.3046284693757873,1,Front
248,4.132155745489079,Participant1_IMG_4743,Participant1,Mesomorph,Normal,upright,1.1136594777958972,-176.72408701616328,-173.3624227068505,-0.4954214543104172,-0.5152993210727713,0.3042193786964854,1,Front
249,4.148817663817664,Participant1_IMG_4743,Participant1,Mesomorph,Normal,upright,1.1165009325982802,-177.40809673729817,-173.79810838138675,-0.5109869167208672,-0.4429450876711964,0.3026230990292563,1,Front
250,4.165479582146249,Participant1_IMG_4743,Participant1,Mesomorph,Normal,upright,1.1147547700735003,-176.07993041721923,-172.2938518783928,-0.4925149530172348,-0.2031876986443207,0.302586743928445,1,Front
251,4.182141500474834,Participant1_IMG_4743,Participant1,Mesomorph,Normal,upright,1.112553547346988,-178.09424369186198,-172.2463907022243,-0.4770914316177368,-0.1124766328938202,0.3010057376394403,1,Front
252,4.1988034188034185,Participant1_IMG_4743,Participant1,Mesomorph,Normal,upright,1.1181277807381127,-178.1809716400555,-172.45297374165955,-0.4930317625403404,-0.1364856537322091,0.3004821193941603,1,Front
253,4.215465337132004,Participant1_IMG_4743,Participant1,Mesomorph,Normal,upright,1.1192301340732849,-176.61968802833454,-172.82665243931095,-0.506519615650177,-0.3139611821978099,0.3012178248465487,1,Front
254,4.232127255460589,Participant1_IMG_4743,Participant1,Mesomorph,Normal,upright,1.119781796218618,-176.61030638363218,-173.8414234999761,-0.503356046974659,-0.3443257975505575,0.301196619668132,1,Front
255,4.248789173789174,Participant1_IMG_4743,Participant1,Mesomorph,Normal,upright,1.124450531237559,-176.56078516939235,-173.75353220382138,-0.4937736168503761,-0.2061752860895768,0.3030329559277547,1,Front
256,4.265451092117758,Participant1_IMG_4743,Participant1,Mesomorph,Normal,upright,1.1315711355414513,-177.62214104309632,-173.9396080197184,-0.4728852361440658,-0.1811541608702533,0.3012142723930787,1,Front
257,4.282113010446344,Participant1_IMG_4743,Participant1,Mesomorph,Normal,upright,1.1465144798305156,-178.77515845990172,-174.6140418482967,-0.4843467399477958,-0.0677383211179389,0.3028877437090576,1,Front
258,4.298774928774929,Participant1_IMG_4743,Participant1,Mesomorph,Normal,upright,1.1343425188261416,-177.6092954214293,-173.8301644650287,-0.4853142574429512,-0.0952020664944044,0.3021558996964982,1,Front
259,4.315436847103514,Participant1_IMG_4743,Participant1,Mesomorph,Normal,upright,1.148452387779045,-178.14155334749685,-174.2883431272119,-0.4932164251804352,0.1429198440017647,0.3005584108457615,1,Front
260,4.332098765432098,Participant1_IMG_4743,Participant1,Mesomorph,Normal,upright,1.1434949778163674,-177.53981958442793,-174.65681239444396,-0.4844938665628433,-0.0321039803949633,0.3015706468169453,1,Front
261,4.348760683760684,Participant1_IMG_4743,Participant1,Mesomorph,Normal,upright,1.1449560080997307,-177.1969139320831,-173.50324787164075,-0.4904677346348762,-0.1617932615298199,0.304110209081447,1,Front
262,4.365422602089269,Participant1_IMG_4743,Participant1,Mesomorph,Normal,upright,1.1411484213723686,-178.17930556105665,-173.37685445041782,-0.4815017059445381,-0.1036624907974922,0.3032013838702446,1,Front
263,4.382084520417854,Participant1_IMG_4743,Participant1,Mesomorph,Normal,upright,1.1398379540661645,-178.73635089962465,-173.60239799701446,-0.4761748611927032,-0.041607138559076,0.3040254402460016,1,Front
264,4.398746438746439,Participant1_IMG_4743,Participant1,Mesomorph,Normal,upright,1.1414996089862406,-178.77401852183183,-174.0874100495633,-0.4810896962881088,0.0264136908222649,0.3045144384831521,1,Front
265,4.415408357075024,Participant1_IMG_4743,Participant1,Mesomorph,Normal,upright,1.136830591071795,179.566937940844,-173.19559533500794,-0.4835030809044838,0.0858842145826011,0.3025148197287978,1,Front
266,4.432070275403609,Participant1_IMG_4743,Participant1,Mesomorph,Normal,upright,1.1372894480907574,-179.83013851933592,-173.4599622918261,-0.4730706885457039,0.1303290809829832,0.3045938287484903,1,Front
267,4.4487321937321935,Participant1_IMG_4743,Participant1,Mesomorph,Normal,upright,1.1344136963020983,-179.50563250100032,-174.0367852165424,-0.4824339151382446,0.0344867476776544,0.3039975673291357,1,Front
268,4.465394112060779,Participant1_IMG_4743,Participant1,Mesomorph,Normal,upright,1.1400484380865434,-179.6469836379851,-173.74039455142747,-0.4823943674564361,-0.1099724854065838,0.3045890924059115,1,Front
269,4.482056030389364,Participant1_IMG_4743,Participant1,Mesomorph,Normal,upright,1.149712092299737,-177.8772331128393,-174.8522935348631,-0.4724920988082886,-0.5828277001817393,0.3081094834108251,1,Front
270,4.498717948717949,Participant1_IMG_4743,Participant1,Mesomorph,Normal,upright,1.1483128237368627,-177.0687391649415,-174.7306327222012,-0.4739279076457023,-0.7261872268171806,0.3079804509508116,1,Front
271,4.5153798670465335,Participant1_IMG_4743,Participant1,Mesomorph,Normal,upright,1.149471253121337,-177.2187895448855,-174.33033376479722,-0.4744927808642387,-0.7215982621895713,0.3107714301847482,1,Front
272,4.532041785375119,Participant1_IMG_4743,Participant1,Mesomorph,Normal,upright,1.137445077511917,-176.00749538245174,-175.40142089700828,-0.4974939897656441,-0.5310765540255762,0.3119806915062786,1,Front
273,4.548703703703704,Participant1_IMG_4743,Participant1,Mesomorph,Normal,upright,1.129905419230484,-174.3033112742193,-174.79500027763785,-0.486535020172596,-0.866887098227168,0.3144365205437499,1,Front
274,4.565365622032289,Participant1_IMG_4743,Participant1,Mesomorph,Normal,upright,1.166391880877382,-178.00910566054762,-174.78235687912527,-0.4665542617440223,-0.3665565765618965,0.3092004294447358,1,Front
275,4.5820275403608735,Participant1_IMG_4743,Participant1,Mesomorph,Normal,upright,1.1515261682494469,-177.29922505239276,-173.88998062434067,-0.4939841032028198,0.620860230713295,0.3043381269382135,1,Front
276,4.598689458689459,Participant1_IMG_4743,Participant1,Mesomorph,Normal,upright,1.1521485635107007,-176.4149449194187,-174.49252847387555,-0.4878956228494644,0.3896218195141317,0.3069110178377822,1,Front
277,4.615351377018044,Participant1_IMG_4743,Participant1,Mesomorph,Normal,upright,1.1580384962478112,-177.28731242980965,-173.89658565205792,-0.5089225098490715,0.4600932688322603,0.3084382240909325,1,Front
278,4.632013295346629,Participant1_IMG_4743,Participant1,Mesomorph,Normal,upright,1.157688459768866,-175.40558972828185,-174.358033084493,-0.4979885518550873,-0.0014227756407781,0.3172240036635535,1,Front
279,4.648675213675213,Participant1_IMG_4743,Participant1,Mesomorph,Normal,upright,1.156326943469158,-174.2524520817127,-173.96739911728443,-0.5228400081396103,-0.0049655654412199,0.3149338517458123,1,Front
280,4.665337132003799,Participant1_IMG_4743,Participant1,Mesomorph,Normal,upright,1.1608813728378864,-175.557808140849,-172.18437260529342,-0.5026152580976486,0.0532206326218903,0.3144085328401181,1,Front
281,4.681999050332384,Participant1_IMG_4743,Participant1,Mesomorph,Normal,upright,1.1391554035857456,-173.32724279869203,-172.3615887355882,-0.5016226768493652,-0.0677982612943901,0.3168012524013825,1,Front
282,4.698660968660969,Participant1_IMG_4743,Participant1,Mesomorph,Normal,upright,1.1530628304462849,-175.38738816665196,-171.27907867462935,-0.5155421495437622,0.5546538961168053,0.3122156371093471,1,Front
283,4.715322886989553,Participant1_IMG_4743,Participant1,Mesomorph,Normal,upright,1.1236234918118084,-176.90594600573212,-172.1273066571148,-0.5286839827895164,0.3258883561631576,0.3174478813541723,1,Front
284,4.731984805318139,Participant1_IMG_4743,Participant1,Mesomorph,Normal,upright,1.1156923018682987,-177.5610396594068,-170.88189473781856,-0.5278329700231552,0.1269967172692412,0.3255065126303298,1,Front
285,4.748646723646724,Participant1_IMG_4743,Participant1,Mesomorph,Normal,upright,1.1282714266047964,-177.99245910439427,-170.66164986253065,-0.5070366337895393,0.6929279314239293,0.3165316858327948,1,Front
286,4.765308641975309,Participant1_IMG_4743,Participant1,Mesomorph,Normal,upright,1.114251449945317,-177.0318341362475,-170.5031653870011,-0.5360087752342224,0.4145662763107828,0.3166864075184593,1,Front
287,4.781970560303893,Participant1_IMG_4743,Participant1,Mesomorph,Normal,upright,1.1242362925555434,-179.36022716301778,-171.32738780621605,-0.5582119971513748,0.6206099682465824,0.3165648040958421,1,Front
288,4.798632478632479,Participant1_IMG_4743,Participant1,Mesomorph,Normal,upright,1.1093692150569747,-179.33969166332147,-169.6843672988236,-0.5230929404497147,1.4457994111683763,0.3097354223463754,1,Front
289,4.815294396961064,Participant1_IMG_4743,Participant1,Mesomorph,Normal,upright,1.1214998098157425,179.68154104249143,-171.67977227714172,-0.5188572183251381,1.5811619947479376,0.3127080224837457,1,Front
290,4.8319563152896485,Participant1_IMG_4743,Participant1,Mesomorph,Normal,upright,1.141782390161766,178.41745294384924,-170.31149058931112,-0.5333440452814102,1.5709246131810646,0.307129466755862,1,Front
291,4.848618233618233,Participant1_IMG_4743,Participant1,Mesomorph,Normal,upright,1.132173584587156,177.52064235815533,-172.02555883536334,-0.5893547534942627,1.4566732798255666,0.3112845968661508,1,Front
292,4.865280151946819,Participant1_IMG_4743,Participant1,Mesomorph,Normal,upright,1.1581911392849495,178.04232109690952,-171.28244635508776,-0.5419884845614433,1.2799512218674858,0.3043874297804361,1,Front
293,4.881942070275404,Participant1_IMG_4743,Participant1,Mesomorph,Normal,upright,1.161119002475008,-178.9970307097638,-171.58966303049942,-0.5584026724100113,1.1032291639094047,0.3149737193319742,1,Front
294,4.8986039886039885,Participant1_IMG_4743,Participant1,Mesomorph,Normal,upright,1.1414232103819864,-177.96356808874305,-171.60187281024403,-0.5938315689563751,0.2597853044461571,0.32444186570136,1,Front
295,4.915265906932573,Participant1_IMG_4743,Participant1,Mesomorph,Normal,upright,1.1405423406863882,-178.70212258146688,-173.03873021456195,-0.5520602539181709,-0.0625808028342211,0.3192556585841378,1,Front
296,4.931927825261159,Participant1_IMG_4743,Participant1,Mesomorph,Normal,upright,1.1390549430429333,-178.63203732256935,-171.20458869082026,-0.5245257467031479,0.6229784551448702,0.324800733598408,1,Front
297,4.948589743589744,Participant1_IMG_4743,Participant1,Mesomorph,Normal,upright,1.1437034600107885,178.68356422669942,-174.21362923814618,-0.5028068348765373,0.6787644215246957,0.3282701157254907,1,Front
298,4.9652516619183285,Participant1_IMG_4743,Participant1,Mesomorph,Normal,upright,1.1569472574351012,176.7539231361866,-169.84391572323128,-0.504567563533783,0.7116855581502763,0.323663081441369,1,Front
299,4.981913580246913,Participant1_IMG_4743,Participant1,Mesomorph,Normal,upright,1.1473959909297553,179.38626690730976,-169.384620817226,-0.5260258577764034,-0.1840263924536838,0.3285432590265759,1,Front
300,4.998575498575499,Participant1_IMG_4743,Participant1,Mesomorph,Normal,upright,1.1564409405360898,-179.89204592531846,-169.73877602959257,-0.5340958051383495,0.4888782021216509,0.321535263971906,1,Front
301,5.015237416904084,Participant1_IMG_4743,Participant1,Mesomorph,Normal,upright,1.1626017583640695,-178.54554839772382,-171.9263213976543,-0.4929126165807247,0.1718403323580466,0.314432507888635,1,Front
302,5.031899335232668,Participant1_IMG_4743,Participant1,Mesomorph,Normal,upright,1.1748409766138068,-178.72078882422988,-170.83774624802953,-0.4355296520516276,0.434613103320079,0.3173641558886349,1,Front
303,5.048561253561253,Participant1_IMG_4743,Participant1,Mesomorph,Normal,upright,1.178631181597526,-178.57816406007117,-169.8713727958513,-0.4199171820655465,1.0430549826241398,0.3234597960733938,1,Front
304,5.065223171889839,Participant1_IMG_4743,Participant1,Mesomorph,Normal,upright,1.170294791555197,-177.14209493857717,-170.39887297702765,-0.5343595556914806,-0.2217578929502882,0.3245100019530586,1,Front
305,5.081885090218424,Participant1_IMG_4743,Participant1,Mesomorph,Normal,upright,1.1656902907959732,-179.50474582031907,-170.05643471619152,-0.4306289693340659,-0.7660812403965762,0.3236440030154399,1,Front
306,5.098547008547008,Participant1_IMG_4743,Participant1,Mesomorph,Normal,upright,1.165183213154325,176.83067754549285,-169.10847834217668,-0.4451546743512153,0.0174667133440375,0.3218863186247211,1,Front
307,5.115208926875593,Participant1_IMG_4743,Participant1,Mesomorph,Normal,upright,1.176469220812718,-178.27605118502453,-170.26453966147537,-0.4347537085413933,-0.7981439363536426,0.3209163834434575,1,Front
308,5.131870845204179,Participant1_IMG_4743,Participant1,Mesomorph,Normal,upright,1.1641097068695938,179.5398271291269,-171.58084013114367,-0.4352945126593113,-0.650896765222966,0.3273880572585783,1,Front
309,5.148532763532764,Participant1_IMG_4743,Participant1,Mesomorph,Normal,upright,1.1642052717015248,-179.47435866048707,-171.535763311006,-0.4408011063933372,-0.9108633924769892,0.3233929767494521,1,Front
310,5.165194681861348,Participant1_IMG_4743,Participant1,Mesomorph,Normal,upright,1.1506530232835597,178.49284363786035,-171.20537432932437,-0.5352627635002136,-0.0793299519208641,0.3228355512354811,1,Front
311,5.181856600189934,Participant1_IMG_4743,Participant1,Mesomorph,Normal,upright,1.1286137327002328,179.0817376918699,-169.97609827069084,-0.518990982323885,-0.42000846891208,0.323447698589707,1,Front
312,5.198518518518519,Participant1_IMG_4743,Participant1,Mesomorph,Normal,upright,1.1314147476615526,-178.58107755415315,-170.3894820562386,-0.5266883317381144,-0.8448691678709659,0.328957218355198,1,Front
313,5.215180436847104,Participant1_IMG_4743,Participant1,Mesomorph,Normal,upright,1.127426724194614,179.32656228223252,-169.02096848141537,-0.5128186596557498,-0.5531311934677402,0.3285766409293709,1,Front
314,5.231842355175688,Participant1_IMG_4743,Participant1,Mesomorph,Normal,upright,1.1200303640733662,177.1440151610727,-169.01141383563888,-0.5849224999547005,-0.4975126733664282,0.3326424819939287,1,Front
315,5.248504273504274,Participant1_IMG_4743,Participant1,Mesomorph,Normal,upright,1.1432843788509992,177.02182496927676,-167.5432032704131,-0.5726067870855331,0.1754573525181618,0.326075384231588,1,Front
316,5.265166191832859,Participant1_IMG_4743,Participant1,Mesomorph,Normal,upright,1.151997811442664,177.88141097763852,-171.40352764192605,-0.5487189367413521,0.1371963803869371,0.3266104803550305,1,Front
317,5.281828110161444,Participant1_IMG_4743,Participant1,Mesomorph,Normal,upright,1.1570105371912054,177.04057734528607,-171.81659737975792,-0.5772041380405426,0.91272762925281,0.3274481675785146,1,Front
318,5.298490028490028,Participant1_IMG_4743,Participant1,Mesomorph,Normal,upright,1.1246293730046195,177.77067004815322,-172.73756528091027,-0.5368552505970001,0.5023366131058384,0.3322686659595166,1,Front
319,5.315151946818614,Participant1_IMG_4743,Participant1,Mesomorph,Normal,upright,1.1219721585990643,175.54231432793773,-169.41668126166053,-0.5134312659502029,-0.3601698351725104,0.3386121630321612,1,Front
320,5.331813865147199,Participant1_IMG_4743,Participant1,Mesomorph,Normal,upright,1.1045143288087862,177.0565797333798,-168.3827614094781,-0.5252483934164047,-0.052392714407922,0.3354101694902213,1,Front
321,5.348475783475784,Participant1_IMG_4743,Participant1,Mesomorph,Normal,upright,1.1284754145927038,175.77321434953922,-168.98237467710925,-0.4995129778981209,0.0886221868278663,0.3404490244512894,1,Front
322,5.365137701804368,Participant1_IMG_4743,Participant1,Mesomorph,Normal,upright,1.114090514492455,175.98305157214872,-166.59955815577618,-0.5389703586697578,0.4881639384194405,0.3340202432529056,1,Front
323,5.381799620132954,Participant1_IMG_4743,Participant1,Mesomorph,Normal,upright,1.097159674251617,175.216171133044,-168.38872763898442,-0.5874168202280998,0.3542057507918519,0.3338025163916389,1,Front
324,5.398461538461539,Participant1_IMG_4743,Participant1,Mesomorph,Normal,upright,1.1023131648257718,176.92802746952148,-167.8315750749007,-0.5685508772730827,-0.1159390546740502,0.3311445111319852,1,Front
325,5.415123456790123,Participant1_IMG_4743,Participant1,Mesomorph,Normal,upright,1.1075323204553158,176.4764928794497,-171.9211426041398,-0.6807653456926346,0.5501302274098306,0.3343193695850814,1,Front
326,5.431785375118708,Participant1_IMG_4743,Participant1,Mesomorph,Normal,upright,1.113120827227612,176.0685199439467,-171.19659901730847,-0.6769014149904251,0.2560440537460037,0.3382324398030475,1,Front
327,5.448447293447294,Participant1_IMG_4743,Participant1,Mesomorph,Normal,upright,1.1363892476250377,174.2500588047151,-171.35100335465094,-0.6434837579727173,0.5488975693623923,0.3372060307570857,1,Front
328,5.465109211775879,Participant1_IMG_4743,Participant1,Mesomorph,Normal,upright,1.1239728640599511,175.60853470963934,-169.6387701102063,-0.6847455129027367,-0.0853045114594714,0.3470124077747563,1,Front
329,5.481771130104463,Participant1_IMG_4743,Participant1,Mesomorph,Normal,upright,1.116494366424175,175.59664274751216,-169.92338812114343,-0.6388859450817108,-0.2699541277576411,0.3429546846602682,1,Front
330,5.498433048433048,Participant1_IMG_4743,Participant1,Mesomorph,Normal,upright,1.127526276162382,176.33365421311393,-170.69264630579426,-0.6535971909761429,0.0276378143398352,0.3431821985555181,1,Front
331,5.515094966761634,Participant1_IMG_4743,Participant1,Mesomorph,Normal,upright,1.1134089836589778,175.22567232320597,-170.82287455596395,-0.6540926992893219,0.0454470613940211,0.3443192394934157,1,Front
332,5.531756885090219,Participant1_IMG_4743,Participant1,Mesomorph,Normal,upright,1.1156220899233635,177.40100542487525,-170.17955486326056,-0.6233178377151489,-0.2316652001947304,0.3452525876823484,1,Front
333,5.548418803418803,Participant1_IMG_4743,Participant1,Mesomorph,Normal,upright,1.1059693396492876,177.05932473061978,-170.44312998378143,-0.6198057979345322,-0.6160169271300394,0.3468115872036724,1,Front
334,5.565080721747388,Participant1_IMG_4743,Participant1,Mesomorph,Normal,upright,1.1027148589903788,175.2450500619368,-168.27778358198253,-0.5349948778748512,0.0111067117375321,0.3454819087286367,1,Front
335,5.581742640075974,Participant1_IMG_4743,Participant1,Mesomorph,Normal,upright,1.122844420399036,176.55768389213537,-170.7426561232761,-0.5875617116689682,-0.6524052154951001,0.3510794192097013,1,Front
336,5.598404558404559,Participant1_IMG_4743,Participant1,Mesomorph,Normal,upright,1.137960727020894,178.24069019303275,-170.4331664283077,-0.5629483424127102,-1.473184291102112,0.3464284679952268,1,Front
337,5.615066476733143,Participant1_IMG_4743,Participant1,Mesomorph,Normal,upright,1.1244059728713458,178.7381103500203,-169.46750582181917,-0.6053139939904213,-1.7542536169116487,0.3521847415450478,1,Front
338,5.631728395061728,Participant1_IMG_4743,Participant1,Mesomorph,Normal,upright,1.1425031651120774,178.4142741138861,-169.53546324045897,-0.5820659324526787,-1.373021493063847,0.3512681363730029,1,Front
339,5.648390313390314,Participant1_IMG_4743,Participant1,Mesomorph,Normal,upright,1.1128752405758529,176.44338812470983,-170.70553338403658,-0.6149833872914314,-0.9917893692160444,0.3499120611207384,1,Front
340,5.6650522317188985,Participant1_IMG_4743,Participant1,Mesomorph,Normal,upright,1.124844809194986,176.31881757392756,-169.73168595151245,-0.6210487633943558,-1.1746560028553708,0.3482994162570973,1,Front
341,5.681714150047483,Participant1_IMG_4743,Participant1,Mesomorph,Normal,upright,1.113587693748126,174.120811195356,-169.9792123323311,-0.5910986512899399,-0.7320764708848745,0.3470667593467783,1,Front
342,5.698376068376068,Participant1_IMG_4743,Participant1,Mesomorph,Normal,upright,1.109693031698694,175.48154581104907,-170.29122622290424,-0.5870736762881279,-0.9212834566746104,0.3477973541663428,1,Front
343,5.715037986704654,Participant1_IMG_4743,Participant1,Mesomorph,Normal,upright,1.1103739794378091,175.09291217226203,-170.2679892048869,-0.6054378673434258,-0.4035319736926125,0.3463863068166414,1,Front
344,5.731699905033239,Participant1_IMG_4743,Participant1,Mesomorph,Normal,upright,1.1041135576231684,177.50474990665566,-171.6995061542342,-0.6401358209550381,-1.4321525942815962,0.3505218598255457,1,Front
345,5.748361823361823,Participant1_IMG_4743,Participant1,Mesomorph,Normal,upright,1.097853135808528,176.37259091629136,-168.73385695060347,-0.6748337745666504,-0.7951606137121741,0.3488044720694314,1,Front
346,5.765023741690408,Participant1_IMG_4743,Participant1,Mesomorph,Normal,upright,1.0915927139938872,176.1340029423584,-167.7836833368552,-0.6818971186876297,-0.8634569992515069,0.3492329239285909,1,Front
347,5.781685660018994,Participant1_IMG_4743,Participant1,Mesomorph,Normal,upright,1.0853322921792463,177.31992004719314,-169.78127007674328,-0.6886809021234512,-1.468376746357138,0.3470515764509078,1,Front
348,5.798347578347578,Participant1_IMG_4743,Participant1,Mesomorph,Normal,upright,1.0790718703646058,177.44782655259206,-170.22605375780535,-0.673871323466301,-1.550925526986879,0.3465143757254169,1,Front
349,5.815009496676163,Participant1_IMG_4743,Participant1,Mesomorph,Normal,upright,1.0728114485499654,177.98964293577416,-170.16852403673897,-0.6550209447741508,-1.5780610373321338,0.3485650361519434,1,Front
350,5.831671415004748,Participant1_IMG_4743,Participant1,Mesomorph,Normal,upright,1.0665510267353246,174.1773706902529,-169.979407041264,-0.63083715736866,-0.7009676458551006,0.3523075683557106,1,Front
0,0.0,Participant8_WIN_20260730_09_50_48_Pro,Participant8,Mesomorph,Normal,upright,0.9303204756004756,-178.209860286924,-174.43315167672282,-0.3559012189507484,-2.813076485519906,0.2190615652856773,1,Front
1,0.0334908496732026,Participant8_WIN_20260730_09_50_48_Pro,Participant8,Mesomorph,Normal,upright,0.893226595371097,-177.97539438068966,-174.34555897360204,-0.3316093236207962,-2.648076498190109,0.220353085210483,1,Front
2,0.0669816993464052,Participant8_WIN_20260730_09_50_48_Pro,Participant8,Mesomorph,Normal,upright,0.9100677287263618,-178.59460415890027,-174.44582963792595,-0.3371307253837585,-2.8492023623138256,0.2178556611726133,1,Front
3,0.1004725490196078,Participant8_WIN_20260730_09_50_48_Pro,Participant8,Mesomorph,Normal,upright,0.8788062928503678,-175.19737481130815,-171.30758904603923,-0.3786356300115585,-3.406532165922596,0.2226466457128775,1,Front
4,0.1339633986928104,Participant8_WIN_20260730_09_50_48_Pro,Participant8,Mesomorph,Normal,upright,0.8995675332258498,179.0222217626781,-174.9448299815571,-0.3334631696343422,-4.152209387965081,0.2220911716187606,1,Front
5,0.167454248366013,Participant8_WIN_20260730_09_50_48_Pro,Participant8,Mesomorph,Normal,upright,0.9573430907877746,-179.79360052141135,-175.7566067705552,-0.3318041115999222,-1.8315284192160093,0.2236367967552448,1,Front
6,0.2009450980392156,Participant8_WIN_20260730_09_50_48_Pro,Participant8,Mesomorph,Normal,upright,0.9727486066114728,179.92357689383013,-174.18110162734396,-0.3314127847552299,-2.3133785411062906,0.2215119186586207,1,Front
7,0.2344359477124183,Participant8_WIN_20260730_09_50_48_Pro,Participant8,Mesomorph,Normal,upright,0.933328736837968,-177.47093687029917,-174.94083871413216,-0.3489549309015274,-2.192869513333909,0.2230378261553325,1,Front
8,0.2679267973856209,Participant8_WIN_20260730_09_50_48_Pro,Participant8,Mesomorph,Normal,upright,0.9256587652011988,-177.4735423085639,-176.91587988877032,-0.3644904568791389,-2.2608539833769736,0.2225388672337885,1,Front
9,0.3014176470588235,Participant8_WIN_20260730_09_50_48_Pro,Participant8,Mesomorph,Normal,upright,0.9008913912978403,-177.96939378374867,-174.31103609213764,-0.3556902259588241,-4.219203556237622,0.2194835152828965,1,Front
10,0.3349084967320261,Participant8_WIN_20260730_09_50_48_Pro,Participant8,Mesomorph,Normal,upright,0.9234155111247656,-177.5997120452478,-173.93507232148227,-0.3612086623907089,-3.3412772404616446,0.2243506575630774,1,Front
11,0.3683993464052287,Participant8_WIN_20260730_09_50_48_Pro,Participant8,Mesomorph,Normal,upright,0.9217290775141832,-178.8882770759276,-175.76920046568165,-0.3678212538361549,-2.451450181882896,0.2224559208881832,1,Front
12,0.4018901960784313,Participant8_WIN_20260730_09_50_48_Pro,Participant8,Mesomorph,Normal,upright,0.8910410385345219,-179.54724124111132,-174.3754341482182,-0.3291627168655395,-3.387295159611947,0.2265822402641211,1,Front
13,0.435381045751634,Participant8_WIN_20260730_09_50_48_Pro,Participant8,Mesomorph,Normal,upright,0.9077038690956232,-178.27756034966842,-175.68914185672082,-0.3744351416826248,-3.4160331505998323,0.2255927690429799,1,Front
14,0.4688718954248366,Participant8_WIN_20260730_09_50_48_Pro,Participant8,Mesomorph,Normal,upright,0.9113456201589902,-179.23156715539878,-175.09610520487655,-0.361597940325737,-3.6248676707172143,0.225951578026878,1,Front
15,0.5023627450980392,Participant8_WIN_20260730_09_50_48_Pro,Participant8,Mesomorph,Normal,upright,0.9199572413010532,-179.56078374662337,-175.67540259089756,-0.3485708907246589,-3.5493752164345547,0.2230714537008202,1,Front
16,0.5358535947712418,Participant8_WIN_20260730_09_50_48_Pro,Participant8,Mesomorph,Normal,upright,0.942780132857166,-178.8741888445836,-174.13652062120758,-0.2796008959412575,-2.7481742497050154,0.2206978654518492,1,Front
17,0.5693444444444444,Participant8_WIN_20260730_09_50_48_Pro,Participant8,Mesomorph,Normal,upright,0.9364166556669732,-178.61787185893104,-176.2498014790844,-0.3553604781627655,-3.44049577321476,0.2244186351346493,1,Front
18,0.602835294117647,Participant8_WIN_20260730_09_50_48_Pro,Participant8,Mesomorph,Normal,upright,0.9606767449795468,-178.6439939885774,-177.01429163045967,-0.3161644339561462,-3.626007013254864,0.2229983049309386,1,Front
19,0.6363261437908496,Participant8_WIN_20260730_09_50_48_Pro,Participant8,Mesomorph,Normal,upright,0.9464273745495664,-178.7816003343009,-175.992644545106,-0.3092933073639869,-3.3845654556879583,0.2211878307866354,1,Front
20,0.6698169934640523,Participant8_WIN_20260730_09_50_48_Pro,Participant8,Mesomorph,Normal,upright,0.9397327621203676,-179.04559024396724,-177.1517232692417,-0.3638566136360168,-2.835404595953383,0.2270489915816159,1,Front
21,0.7033078431372549,Participant8_WIN_20260730_09_50_48_Pro,Participant8,Mesomorph,Normal,upright,0.9476868320687426,179.23202646135678,-176.68660289608312,-0.331873819231987,-4.542484901617446,0.2167212731861613,1,Front
22,0.7367986928104575,Participant8_WIN_20260730_09_50_48_Pro,Participant8,Mesomorph,Normal,upright,0.9445374457583192,-177.33966375841268,-175.78428832900497,-0.3590902239084244,-3.826712688724588,0.2234878268045295,1,Front
23,0.7702895424836601,Participant8_WIN_20260730_09_50_48_Pro,Participant8,Mesomorph,Normal,upright,0.9577696764707648,177.995534545347,-177.03680910147548,-0.3512237593531608,-3.557559389605984,0.2222168599660038,1,Front
24,0.8037803921568627,Participant8_WIN_20260730_09_50_48_Pro,Participant8,Mesomorph,Normal,upright,0.9568779716525956,178.9657092586536,-176.47297412877543,-0.329299159348011,-3.539908589139054,0.2197613547046239,1,Front
25,0.8372712418300654,Participant8_WIN_20260730_09_50_48_Pro,Participant8,Mesomorph,Normal,upright,0.9233104982806672,-179.78642793153753,-175.4565303128357,-0.3233588561415672,-3.750151865454208,0.2239775124685226,1,Front
26,0.870762091503268,Participant8_WIN_20260730_09_50_48_Pro,Participant8,Mesomorph,Normal,upright,0.9489131745779188,179.49246150499133,-177.6095971477271,-0.3113644495606422,-2.4230704617207293,0.2289551023152597,1,Front
27,0.9042529411764706,Participant8_WIN_20260730_09_50_48_Pro,Participant8,Mesomorph,Normal,upright,0.9525405720786158,-179.7712748805637,-177.36511308886296,-0.3207850903272629,-2.5488353061157945,0.2245926871252136,1,Front
28,0.9377437908496732,Participant8_WIN_20260730_09_50_48_Pro,Participant8,Mesomorph,Normal,upright,0.9205851648518232,-178.53584826623162,-174.03131064195702,-0.3092797175049782,-4.654972022284643,0.2169529431620156,1,Front
29,0.9712346405228758,Participant8_WIN_20260730_09_50_48_Pro,Participant8,Mesomorph,Normal,upright,0.92499625484493,179.91008595372884,-176.13108923837785,-0.3207347020506859,-4.028853983508806,0.2235607873463345,1,Front
30,1.0047254901960785,Participant8_WIN_20260730_09_50_48_Pro,Participant8,Mesomorph,Normal,upright,0.936368177814174,-179.21966151686792,-176.81665822379796,-0.3187480941414833,-2.5353589495281854,0.2244301264737666,1,Front
31,1.038216339869281,Participant8_WIN_20260730_09_50_48_Pro,Participant8,Mesomorph,Normal,upright,0.9128604062109854,178.80020322145543,-175.40479402947173,-0.3365122675895691,-2.5019315130678907,0.225886426705515,1,Front
32,1.0717071895424837,Participant8_WIN_20260730_09_50_48_Pro,Participant8,Mesomorph,Normal,upright,0.9198118703040375,179.16825302944235,-174.44642747744197,-0.3346421122550964,-2.75580469392511,0.2264622943071752,1,Front
33,1.1051980392156864,Participant8_WIN_20260730_09_50_48_Pro,Participant8,Mesomorph,Normal,upright,0.9434212955034608,177.7365802267918,-176.35293493788487,-0.3218905627727508,-2.7681980837466686,0.2231281163653169,1,Front
34,1.1386888888888889,Participant8_WIN_20260730_09_50_48_Pro,Participant8,Mesomorph,Normal,upright,0.94256570877864,-179.92053228975342,-175.53947355226668,-0.3226774930953979,-3.605597002737859,0.2222648016639501,1,Front
35,1.1721797385620916,Participant8_WIN_20260730_09_50_48_Pro,Participant8,Mesomorph,Normal,upright,0.9061897444847036,179.59627060133533,-174.8063445715551,-0.3164629489183426,-2.9480388117892184,0.2234259878851754,1,Front
36,1.205670588235294,Participant8_WIN_20260730_09_50_48_Pro,Participant8,Mesomorph,Normal,upright,0.901398694769434,-178.83072504287918,-173.26648285396115,-0.2982564717531204,-2.530280540215078,0.2193768857047996,1,Front
37,1.2391614379084968,Participant8_WIN_20260730_09_50_48_Pro,Participant8,Mesomorph,Normal,upright,0.9253850422236284,178.98841611158343,-174.50308295801804,-0.3269694074988365,-1.8801414511590056,0.227182002884307,1,Front
38,1.2726522875816992,Participant8_WIN_20260730_09_50_48_Pro,Participant8,Mesomorph,Normal,upright,0.9324047942188728,-179.37048615761023,-176.19243278937438,-0.3043235018849373,-2.422464567708222,0.2220159959841716,1,Front
39,1.306143137254902,Participant8_WIN_20260730_09_50_48_Pro,Participant8,Mesomorph,Normal,upright,0.9079046429916608,-176.82889832626455,-175.98093314445558,-0.3101104125380516,-3.2345702492928936,0.2195714509910064,1,Front
40,1.3396339869281046,Participant8_WIN_20260730_09_50_48_Pro,Participant8,Mesomorph,Normal,upright,0.9386534223454968,178.91471987229426,-174.6275486648436,-0.3481576815247535,-2.339416974255481,0.2233878563803016,1,Front
41,1.3731248366013071,Participant8_WIN_20260730_09_50_48_Pro,Participant8,Mesomorph,Normal,upright,0.9286045169542876,-179.81839307421333,-174.93322639916414,-0.3448034301400184,-2.41063216499381,0.2223867620283313,1,Front
42,1.4066156862745098,Participant8_WIN_20260730_09_50_48_Pro,Participant8,Mesomorph,Normal,upright,0.915361005174148,-179.70777180738023,-173.78433059118993,-0.3634071350097656,-1.6397674770562325,0.2253497645303318,1,Front
43,1.4401065359477123,Participant8_WIN_20260730_09_50_48_Pro,Participant8,Mesomorph,Normal,upright,0.9298560878762456,-179.03857505091685,-175.0140426379008,-0.3090303465723991,-2.4723677855721578,0.2269128233183434,1,Front
44,1.473597385620915,Participant8_WIN_20260730_09_50_48_Pro,Participant8,Mesomorph,Normal,upright,0.9236643091985098,-177.74877247332475,-176.8092842188623,-0.3445713371038437,-2.659201685648738,0.2206926758464487,1,Front
45,1.5070882352941175,Participant8_WIN_20260730_09_50_48_Pro,Participant8,Mesomorph,Normal,upright,0.9108660620174686,-177.9329585361974,-177.14817598364075,-0.3187489286065101,-2.124652943037088,0.2214762159967059,1,Front
46,1.5405790849673202,Participant8_WIN_20260730_09_50_48_Pro,Participant8,Mesomorph,Normal,upright,0.9221364747420576,-178.24187420501792,-174.31698960488177,-0.3084300607442856,-1.5636912852573044,0.2264121279409732,1,Front
47,1.574069934640523,Participant8_WIN_20260730_09_50_48_Pro,Participant8,Mesomorph,Normal,upright,0.9287751892508784,-179.1605899960671,-175.18447449808136,-0.3695876970887184,-2.852885031937011,0.2231581979367513,1,Front
48,1.6075607843137254,Participant8_WIN_20260730_09_50_48_Pro,Participant8,Mesomorph,Normal,upright,0.9264028878200244,-179.03678838582184,-175.71782826897234,-0.3641694188117981,-1.6656742255172858,0.2235419423807874,1,Front
49,1.641051633986928,Participant8_WIN_20260730_09_50_48_Pro,Participant8,Mesomorph,Normal,upright,0.946402045225484,-179.93667773623514,-174.81453956749544,-0.3576930686831474,-1.550472961864468,0.2251120988437565,1,Front
50,1.6745424836601308,Participant8_WIN_20260730_09_50_48_Pro,Participant8,Mesomorph,Normal,upright,0.920108267574224,-179.80408542295783,-174.7485385650723,-0.3464983850717544,-2.5998054093379577,0.2211719269994252,1,Front
51,1.7080333333333333,Participant8_WIN_20260730_09_50_48_Pro,Participant8,Mesomorph,Normal,upright,0.9378368962200526,178.09242153177948,-174.30609875278674,-0.3235572576522827,-1.837091250938752,0.2244795926913646,1,Front
52,1.741524183006536,Participant8_WIN_20260730_09_50_48_Pro,Participant8,Mesomorph,Normal,upright,0.9292148996153686,-179.7853058645086,-174.2252338974444,-0.3688928335905075,-1.994121681352,0.2242544539854888,1,Front
53,1.7750150326797385,Participant8_WIN_20260730_09_50_48_Pro,Participant8,Mesomorph,Normal,upright,0.9390465167815654,-179.31599849883457,-174.53145186620551,-0.3269025012850761,-1.5429592472175566,0.2258304943351056,1,Front
54,1.8085058823529407,Participant8_WIN_20260730_09_50_48_Pro,Participant8,Mesomorph,Normal,upright,0.9456750866581796,179.65949574298648,-173.58821983547276,-0.3271915763616562,-1.881319209842262,0.2261068516252,1,Front
55,1.841996732026144,Participant8_WIN_20260730_09_50_48_Pro,Participant8,Mesomorph,Normal,upright,0.9078658348326646,178.2727910620808,-173.99143081829635,-0.3345135301351547,-1.751182551420731,0.2253655412748289,1,Front
56,1.8754875816993464,Participant8_WIN_20260730_09_50_48_Pro,Participant8,Mesomorph,Normal,upright,0.9228454888907278,178.18544554600496,-174.3472541246514,-0.336885504424572,-1.993122265382392,0.2261744615202648,1,Front
57,1.908978431372549,Participant8_WIN_20260730_09_50_48_Pro,Participant8,Mesomorph,Normal,upright,0.9273010728658396,179.30068251014444,-175.0784773024076,-0.3545444086194038,-3.451808442866693,0.2221544751586737,1,Front
58,1.942469281045752,Participant8_WIN_20260730_09_50_48_Pro,Participant8,Mesomorph,Normal,upright,0.9293074846316044,-179.7985643922,-173.94606414156473,-0.3255234360694885,-2.4384453097568937,0.2226035643035195,1,Front
59,1.9759601307189545,Participant8_WIN_20260730_09_50_48_Pro,Participant8,Mesomorph,Normal,upright,0.9216675007738276,-178.79004292329057,-176.81473720361248,-0.3657986521720886,-2.447919386516228,0.2256863269245285,1,Front
60,2.009450980392157,Participant8_WIN_20260730_09_50_48_Pro,Participant8,Mesomorph,Normal,upright,0.8924198074919644,-179.1314587842618,-175.255941741413,-0.3167441934347152,-3.0832629709904915,0.2262238603460898,1,Front
61,2.0429418300653595,Participant8_WIN_20260730_09_50_48_Pro,Participant8,Mesomorph,Normal,upright,0.9093507074324207,-178.11592086266748,-174.515623313271,-0.3346861973404884,-2.5828873903079086,0.225284177720635,1,Front
62,2.076432679738562,Participant8_WIN_20260730_09_50_48_Pro,Participant8,Mesomorph,Normal,upright,0.9105274616365252,178.22939536111744,-173.3655156472199,-0.3479674831032753,-2.278939165082477,0.2257409555589253,1,Front
63,2.109923529411765,Participant8_WIN_20260730_09_50_48_Pro,Participant8,Mesomorph,Normal,upright,0.8830054683914318,-179.91968510477457,-173.02397561790684,-0.360541507601738,-3.0395179528138523,0.223577122999785,1,Front
64,2.143414379084968,Participant8_WIN_20260730_09_50_48_Pro,Participant8,Mesomorph,Normal,upright,0.9363974725919284,-177.96529902306617,-175.84017648087635,-0.2972231730818748,-1.5869547031149265,0.2207392431218061,1,Front
65,2.17690522875817,Participant8_WIN_20260730_09_50_48_Pro,Participant8,Mesomorph,Normal,upright,0.9238179454623364,-178.4281574497896,-175.27088800028764,-0.3434631153941154,-1.4811970254724742,0.2221920309835975,1,Front
66,2.2103960784313728,Participant8_WIN_20260730_09_50_48_Pro,Participant8,Mesomorph,Normal,upright,0.9487146039901962,-179.2863955255039,-177.11028498934027,-0.3185737058520317,-2.105912574538809,0.2230670906094206,1,Front
67,2.2438869281045752,Participant8_WIN_20260730_09_50_48_Pro,Participant8,Mesomorph,Normal,upright,0.9193793576706488,-176.55751254891226,-175.86316397054918,-0.3330086022615433,-2.8938503603118173,0.2224406597944218,1,Front
68,2.2773777777777777,Participant8_WIN_20260730_09_50_48_Pro,Participant8,Mesomorph,Normal,upright,0.9077713607063692,-177.2830108423696,-177.6229985472446,-0.3094842806458473,-2.7028478372771185,0.2200081245978477,1,Front
69,2.31086862745098,Participant8_WIN_20260730_09_50_48_Pro,Participant8,Mesomorph,Normal,upright,0.9390048539587308,-177.96798119447936,-178.09361888984338,-0.3236223459243774,-2.355722640512185,0.2207816993111431,1,Front
70,2.344359477124183,Participant8_WIN_20260730_09_50_48_Pro,Participant8,Mesomorph,Normal,upright,0.9169407828113004,-179.78474719731446,-178.08463931681416,-0.3117419257760048,-3.037038346942704,0.2227680906735525,1,Front
71,2.3778503267973856,Participant8_WIN_20260730_09_50_48_Pro,Participant8,Mesomorph,Normal,upright,0.9205307456772576,-179.93322353248004,-176.75866232965518,-0.3354653567075729,-1.3566123038874094,0.2288613383613632,1,Front
72,2.411341176470588,Participant8_WIN_20260730_09_50_48_Pro,Participant8,Mesomorph,Normal,upright,0.925865420866662,-177.6168329592535,-177.46627642684987,-0.3187256604433059,-1.474069981314971,0.2230889019788261,1,Front
73,2.444832026143791,Participant8_WIN_20260730_09_50_48_Pro,Participant8,Mesomorph,Normal,upright,0.8961495780152523,-176.64871238481587,-174.82277842992468,-0.3689294010400772,-2.5669874289674883,0.2254809888117265,1,Front
74,2.478322875816993,Participant8_WIN_20260730_09_50_48_Pro,Participant8,Mesomorph,Normal,upright,0.907294357295113,-176.8932487663725,-174.7041667948007,-0.3253075331449508,-2.668576920238612,0.2226444412707025,1,Front
75,2.511813725490196,Participant8_WIN_20260730_09_50_48_Pro,Participant8,Mesomorph,Normal,upright,0.9450603390820468,-179.19656643390755,-175.34912110103411,-0.3487562537193298,-1.324347293081918,0.227007802519839,1,Front
76,2.5453045751633985,Participant8_WIN_20260730_09_50_48_Pro,Participant8,Mesomorph,Normal,upright,0.9309046208715676,-179.02103865912233,-175.52760255218655,-0.3366370797157287,-1.598473320161662,0.227652340546028,1,Front
77,2.5787954248366014,Participant8_WIN_20260730_09_50_48_Pro,Participant8,Mesomorph,Normal,upright,0.9145308267446868,-174.9273121322921,-177.64859577021753,-0.3343831449747085,-2.6678294118950627,0.2178433642910068,1,Front
78,2.612286274509804,Participant8_WIN_20260730_09_50_48_Pro,Participant8,Mesomorph,Normal,upright,0.8788050805341214,-176.47092929331754,-178.22582070819217,-0.3440806269645691,-3.1356250457656043,0.2234950322469701,1,Front
79,2.6457771241830064,Participant8_WIN_20260730_09_50_48_Pro,Participant8,Mesomorph,Normal,upright,0.8926913130067685,-178.0605480870699,-178.62185072137018,-0.3687477260828018,-2.906197278369952,0.23000812951189,1,Front
80,2.6792679738562093,Participant8_WIN_20260730_09_50_48_Pro,Participant8,Mesomorph,Normal,upright,0.8900077246637901,-176.39815652324955,-177.57764595927438,-0.3585648313164711,-2.755876549419798,0.2253363505360862,1,Front
81,2.712758823529412,Participant8_WIN_20260730_09_50_48_Pro,Participant8,Mesomorph,Normal,upright,0.91272385381924,-176.92904016654617,-176.81892031228645,-0.3513631522655487,-2.473165479336761,0.2219958019795741,1,Front
82,2.7462496732026143,Participant8_WIN_20260730_09_50_48_Pro,Participant8,Mesomorph,Normal,upright,0.9268608949361432,-173.4826165384424,-172.556629139892,-0.3163699060678482,-2.701406227391775,0.2187973105420814,1,Front
83,2.779740522875817,Participant8_WIN_20260730_09_50_48_Pro,Participant8,Mesomorph,Normal,upright,0.9612852509374314,-177.93455779807817,-173.63393699413552,-0.3132102712988853,-1.6829634499093895,0.2213416760389931,1,Front
84,2.81323137254902,Participant8_WIN_20260730_09_50_48_Pro,Participant8,Mesomorph,Normal,upright,0.9376141806690288,179.74957555483235,-175.8343912830277,-0.3172241374850273,-2.409014168873787,0.2238012173230111,1,Front
85,2.846722222222222,Participant8_WIN_20260730_09_50_48_Pro,Participant8,Mesomorph,Normal,upright,0.9227163439044284,179.33801698590972,-174.60963293571825,-0.3023653030395508,-3.30775041240617,0.2232299428510651,1,Front
86,2.8802130718954246,Participant8_WIN_20260730_09_50_48_Pro,Participant8,Mesomorph,Normal,upright,0.9596372438066706,-177.1433987455625,-175.30968424166505,-0.3072496652603149,-2.0886709802833208,0.2205828189627158,1,Front
87,2.913703921568628,Participant8_WIN_20260730_09_50_48_Pro,Participant8,Mesomorph,Normal,upright,0.9304722364679836,-177.5382459228577,-175.4853065112382,-0.3160558268427849,-2.508840434603811,0.2251800632231187,1,Front
88,2.94719477124183,Participant8_WIN_20260730_09_50_48_Pro,Participant8,Mesomorph,Normal,upright,0.9370238128306204,-178.73940821336848,-175.39774787726458,-0.3188338056206703,-1.886053876375825,0.2224123238362411,1,Front
89,2.9806856209150325,Participant8_WIN_20260730_09_50_48_Pro,Participant8,Mesomorph,Normal,upright,0.9390372719908738,-178.15732258192634,-173.6680498800508,-0.3067591935396194,-2.303907286596349,0.2208682413310644,1,Front
90,3.0141764705882355,Participant8_WIN_20260730_09_50_48_Pro,Participant8,Mesomorph,Normal,upright,0.925840069997012,178.49917953201236,-175.30085143026557,-0.3530516326427459,-2.9304101385781234,0.2272650305338618,1,Front
91,3.047667320261438,Participant8_WIN_20260730_09_50_48_Pro,Participant8,Mesomorph,Normal,upright,0.919330112631354,179.79777021945208,-175.49773499462538,-0.3244578912854194,-2.933751275630003,0.2201082111756514,1,Front
92,3.0811581699346404,Participant8_WIN_20260730_09_50_48_Pro,Participant8,Mesomorph,Normal,upright,0.949195997471733,-178.7391467034404,-175.20963218119147,-0.3177312687039375,-1.894628121999716,0.2238397759980156,1,Front
93,3.114649019607843,Participant8_WIN_20260730_09_50_48_Pro,Participant8,Mesomorph,Normal,upright,0.8989834202701824,-175.12069916910892,-173.07327147424385,-0.31852787733078,-2.084487435932268,0.2224574218427843,1,Front
94,3.148139869281046,Participant8_WIN_20260730_09_50_48_Pro,Participant8,Mesomorph,Normal,upright,0.8956504967883565,-178.83829505767716,-173.17185018700278,-0.3279724419116974,-1.496523709173199,0.2257776307097,1,Front
95,3.1816307189542483,Participant8_WIN_20260730_09_50_48_Pro,Participant8,Mesomorph,Normal,upright,0.8752928113698353,-174.25566720537708,-171.6462809906192,-0.3378680646419525,-1.7385016282981014,0.2233946364630482,1,Front
96,3.215121568627451,Participant8_WIN_20260730_09_50_48_Pro,Participant8,Mesomorph,Normal,upright,0.9042964309849848,-178.04199482870416,-173.63921355070087,-0.3051885664463043,-1.978905882572223,0.22116198595413,1,Front
97,3.2486124183006537,Participant8_WIN_20260730_09_50_48_Pro,Participant8,Mesomorph,Normal,upright,0.9245395463036898,-179.61536523602445,-173.78546147356005,-0.2914916574954986,-1.890085647002356,0.2262423651886119,1,Front
98,3.282103267973856,Participant8_WIN_20260730_09_50_48_Pro,Participant8,Mesomorph,Normal,upright,0.9003365281343657,-176.43402531953322,-173.0045449114565,-0.340516097843647,-1.5789810447563908,0.2246521984550196,1,Front
99,3.3155941176470587,Participant8_WIN_20260730_09_50_48_Pro,Participant8,Mesomorph,Normal,upright,0.9153711005799066,-179.23820461878165,-173.1459104299894,-0.3020616248250007,-1.887034856254745,0.2251002969484964,1,Front
100,3.3490849673202616,Participant8_WIN_20260730_09_50_48_Pro,Participant8,Mesomorph,Normal,upright,0.940673832129517,-177.89467951159796,-175.0980168966779,-0.3412337675690651,-2.412093642778645,0.22412277193593,1,Front
101,3.382575816993464,Participant8_WIN_20260730_09_50_48_Pro,Participant8,Mesomorph,Normal,upright,0.9375718606946232,-176.97264441115632,-173.72077949066244,-0.3164633810520172,-2.935165705768121,0.2217164162777622,1,Front
102,3.4160666666666666,Participant8_WIN_20260730_09_50_48_Pro,Participant8,Mesomorph,Normal,upright,0.9212950428815408,-175.93172554045125,-174.34515863784742,-0.3358105272054672,-2.319287302725102,0.2231004865241879,1,Front
103,3.449557516339869,Participant8_WIN_20260730_09_50_48_Pro,Participant8,Mesomorph,Normal,upright,0.9434293053581256,-177.96834929219543,-174.95307674812713,-0.318460151553154,-1.776813596403087,0.2259580496221047,1,Front
104,3.483048366013072,Participant8_WIN_20260730_09_50_48_Pro,Participant8,Mesomorph,Normal,upright,0.95024000433637,-177.60074264326198,-175.22269972983267,-0.3174161314964294,-2.3574476208667003,0.2292608811405573,1,Front
105,3.5165392156862745,Participant8_WIN_20260730_09_50_48_Pro,Participant8,Mesomorph,Normal,upright,0.9442108339303732,-178.30177904093227,-173.94698740625518,-0.3096904903650284,-2.350939548601477,0.2250338641754697,1,Front
106,3.550030065359477,Participant8_WIN_20260730_09_50_48_Pro,Participant8,Mesomorph,Normal,upright,0.9257413484428992,-179.7231284040504,-172.10855769091643,-0.2794387936592102,-1.238624915385648,0.220654143260651,1,Front
107,3.58352091503268,Participant8_WIN_20260730_09_50_48_Pro,Participant8,Mesomorph,Normal,upright,0.914549446091809,179.9671207409873,-175.1058172828742,-0.3143616318702698,-1.4640858670994914,0.2213421828412177,1,Front
108,3.6170117647058815,Participant8_WIN_20260730_09_50_48_Pro,Participant8,Mesomorph,Normal,upright,0.9212646299713448,-175.84543285605466,-173.55163684531385,-0.289935439825058,-2.4926885041830857,0.2208636469547292,1,Front
109,3.650502614379085,Participant8_WIN_20260730_09_50_48_Pro,Participant8,Mesomorph,Normal,upright,0.9630694185741896,-177.7905350695457,-174.29781967661432,-0.2980521023273468,-0.8774296508389898,0.2214761635530847,1,Front
110,3.683993464052288,Participant8_WIN_20260730_09_50_48_Pro,Participant8,Mesomorph,Normal,upright,0.9276966341171156,-176.94990963554136,-176.59409804629257,-0.3542533814907074,-3.5461970543597734,0.221279625267895,1,Front
111,3.71748431372549,Participant8_WIN_20260730_09_50_48_Pro,Participant8,Mesomorph,Normal,upright,0.9096229748962698,-175.98300594927937,-175.02899803562926,-0.3362018838524818,-3.279602692522544,0.2193794256744898,1,Front
112,3.7509751633986927,Participant8_WIN_20260730_09_50_48_Pro,Participant8,Mesomorph,Normal,upright,0.9379206470316864,179.38917581276235,-173.12800262296184,-0.3495353534817695,-2.481790598719375,0.2240061203459578,1,Front
113,3.7844660130718952,Participant8_WIN_20260730_09_50_48_Pro,Participant8,Mesomorph,Normal,upright,0.9593833530953696,-179.33952728674495,-173.53711925184243,-0.3536213561892509,-1.7467990498000463,0.2234611563279935,1,Front
114,3.817956862745098,Participant8_WIN_20260730_09_50_48_Pro,Participant8,Mesomorph,Normal,upright,0.9478975404920962,179.77049304716675,-174.31472939867976,-0.3423182666301727,-2.722198931970522,0.2259852240657213,1,Front
115,3.8514477124183006,Participant8_WIN_20260730_09_50_48_Pro,Participant8,Mesomorph,Normal,upright,0.9688042957794976,-178.5663056076507,-172.3770541183677,-0.3517430424690246,-1.3322091969618586,0.2229616655583224,1,Front
116,3.884938562091503,Participant8_WIN_20260730_09_50_48_Pro,Participant8,Mesomorph,Normal,upright,0.9484356310235844,179.28520126706735,-173.62095649395337,-0.3627626076340675,-2.5375670640847434,0.2200570585799345,1,Front
117,3.918429411764706,Participant8_WIN_20260730_09_50_48_Pro,Participant8,Mesomorph,Normal,upright,0.9404258118684918,-177.1576476509804,-173.20458857625272,-0.3480512350797653,-1.6632756581211274,0.2188233453957773,1,Front
118,3.951920261437909,Participant8_WIN_20260730_09_50_48_Pro,Participant8,Mesomorph,Normal,upright,0.9157861712359814,-178.11311379186702,-173.10553508849787,-0.3423925563693046,-3.0724053933187507,0.2189753659085443,1,Front
119,3.985411111111111,Participant8_WIN_20260730_09_50_48_Pro,Participant8,Mesomorph,Normal,upright,0.974084703684943,178.77721730882135,-174.17534619019972,-0.3535797968506813,-1.8998918218463747,0.218979008307883,1,Front
120,4.018901960784314,Participant8_WIN_20260730_09_50_48_Pro,Participant8,Mesomorph,Normal,upright,0.996445970214644,-179.6504684964461,-175.3334231930933,-0.3257953897118568,-1.3273499342077526,0.2180494113187691,1,Front
121,4.052392810457516,Participant8_WIN_20260730_09_50_48_Pro,Participant8,Mesomorph,Normal,upright,0.9371302643663076,179.40176711367127,-173.53868309833612,-0.3356049954891205,-2.068749014306833,0.2258492134773318,1,Front
122,4.085883660130719,Participant8_WIN_20260730_09_50_48_Pro,Participant8,Mesomorph,Normal,upright,0.934465898861724,-175.36434297710167,-174.14793301030454,-0.3107695877552032,-2.199756092955593,0.2209707096236784,1,Front
123,4.119374509803921,Participant8_WIN_20260730_09_50_48_Pro,Participant8,Mesomorph,Normal,upright,0.924148496708235,-174.82689071436695,-173.8665293395624,-0.3042816370725631,-2.7130682551321166,0.2210110801082437,1,Front
124,4.152865359477124,Participant8_WIN_20260730_09_50_48_Pro,Participant8,Mesomorph,Normal,upright,0.9351498382085158,-177.2342136740896,-177.37210182287345,-0.374999538064003,-1.757653019749864,0.2200167387541176,1,Front
125,4.186356209150326,Participant8_WIN_20260730_09_50_48_Pro,Participant8,Mesomorph,Normal,upright,0.9387631163517056,-176.7065151629201,-176.93701567723352,-0.3546334356069565,-1.588219654713045,0.2234962629945787,1,Front
126,4.21984705882353,Participant8_WIN_20260730_09_50_48_Pro,Participant8,Mesomorph,Normal,upright,0.968143555222552,-177.584026516155,-176.5351735198103,-0.3456374928355217,-1.748784393012638,0.2232116611238777,1,Front
127,4.253337908496732,Participant8_WIN_20260730_09_50_48_Pro,Participant8,Mesomorph,Normal,upright,0.9705306529125788,-178.51063862128504,-174.76480979416203,-0.3364253789186477,-0.6259557162252115,0.2252981342038506,1,Front
128,4.286828758169935,Participant8_WIN_20260730_09_50_48_Pro,Participant8,Mesomorph,Normal,upright,0.9750937592107392,-177.45538992890278,-177.54651697943203,-0.3389769643545151,-1.2703668267469213,0.221234315133871,1,Front
129,4.320319607843137,Participant8_WIN_20260730_09_50_48_Pro,Participant8,Mesomorph,Normal,upright,0.968595441551999,-177.85341974248166,-174.97726239782568,-0.3375589773058891,-1.4515528578713068,0.2204294873507932,1,Front
130,4.35381045751634,Participant8_WIN_20260730_09_50_48_Pro,Participant8,Mesomorph,Normal,upright,0.9631386647846154,-177.1025229689469,-175.38099590010026,-0.3369030877947807,-1.3761746099487435,0.217720014790801,1,Front
131,4.387301307189542,Participant8_WIN_20260730_09_50_48_Pro,Participant8,Mesomorph,Normal,upright,0.9513126669204688,-178.07286626391482,-177.40067485129654,-0.3014694824814796,-1.3267316634307398,0.2268499203538841,1,Front
132,4.4207921568627455,Participant8_WIN_20260730_09_50_48_Pro,Participant8,Mesomorph,Normal,upright,0.9482401254360182,-178.979926725127,-176.23151232969033,-0.3104979917407036,-1.4495189243974933,0.2250973285960604,1,Front
133,4.454283006535948,Participant8_WIN_20260730_09_50_48_Pro,Participant8,Mesomorph,Normal,upright,0.9426834789369546,-177.9244895335715,-174.37104453621026,-0.3270712941884994,-2.3059157400091195,0.2254411163843135,1,Front
134,4.487773856209151,Participant8_WIN_20260730_09_50_48_Pro,Participant8,Mesomorph,Normal,upright,0.9447144656847958,-177.6442045212103,-175.6188779112127,-0.3263876438140869,-2.43375419817442,0.2213277996141026,1,Front
135,4.521264705882353,Participant8_WIN_20260730_09_50_48_Pro,Participant8,Mesomorph,Normal,upright,0.8970365825514182,-178.02633420762174,-175.28494273338623,-0.3286774083971977,-2.4658463875954424,0.2244855927790816,1,Front
136,4.5547555555555554,Participant8_WIN_20260730_09_50_48_Pro,Participant8,Mesomorph,Normal,upright,0.8948850486308401,-177.88878998169986,-175.68326298880646,-0.340289294719696,-2.0657383551245694,0.224416835495792,1,Front
137,4.588246405228758,Participant8_WIN_20260730_09_50_48_Pro,Participant8,Mesomorph,Normal,upright,0.9005684026589594,-177.59762216591693,-175.39593760204272,-0.3313892409205436,-2.994416658545967,0.2266227124316968,1,Front
138,4.62173725490196,Participant8_WIN_20260730_09_50_48_Pro,Participant8,Mesomorph,Normal,upright,0.9014575707667494,-177.34219541289136,-175.1099650685088,-0.3227138891816139,-2.9936303087778247,0.2208662656180506,1,Front
139,4.655228104575164,Participant8_WIN_20260730_09_50_48_Pro,Participant8,Mesomorph,Normal,upright,0.9186331222410928,-178.45163502958394,-176.05379441476504,-0.3068060353398323,-1.9399650377583657,0.2223506916968569,1,Front
140,4.688718954248366,Participant8_WIN_20260730_09_50_48_Pro,Participant8,Mesomorph,Normal,upright,0.9055209837226336,-179.01712747066705,-175.69254361641268,-0.3027114495635032,-2.6068950897154,0.2244983415658584,1,Front
141,4.722209803921569,Participant8_WIN_20260730_09_50_48_Pro,Participant8,Mesomorph,Normal,upright,0.902027250005624,-179.12494776981833,-174.91753672331785,-0.3275832384824753,-2.898229188956955,0.2252159213780828,1,Front
142,4.755700653594771,Participant8_WIN_20260730_09_50_48_Pro,Participant8,Mesomorph,Normal,upright,0.9204866962019114,-178.19991404154226,-175.49088397869417,-0.3152567222714424,-1.9529125816228936,0.2246275106774219,1,Front
143,4.789191503267974,Participant8_WIN_20260730_09_50_48_Pro,Participant8,Mesomorph,Normal,upright,0.9407271793999455,179.89829697726643,-176.72982967992786,-0.3172888532280922,-1.7993021731858314,0.2279349580127076,1,Front
144,4.822682352941176,Participant8_WIN_20260730_09_50_48_Pro,Participant8,Mesomorph,Normal,upright,0.9116522515383416,-178.45861967362336,-177.79147334826249,-0.3390542417764663,-2.838575905798536,0.2250642356416514,1,Front
145,4.856173202614379,Participant8_WIN_20260730_09_50_48_Pro,Participant8,Mesomorph,Normal,upright,0.9156705690867032,-178.79706641298176,-177.0668472534358,-0.3311605527997017,-2.257687859075252,0.2249511041634459,1,Front
146,4.889664052287582,Participant8_WIN_20260730_09_50_48_Pro,Participant8,Mesomorph,Normal,upright,0.9401919370744128,-178.80978082094038,-175.184108737548,-0.3136164397001266,-2.537972216815038,0.227040996541977,1,Front
147,4.9231549019607845,Participant8_WIN_20260730_09_50_48_Pro,Participant8,Mesomorph,Normal,upright,0.9365616479984482,-178.17620468312543,-174.1711649880435,-0.3231716454029083,-1.9163889977835444,0.2268492554286144,1,Front
148,4.956645751633987,Participant8_WIN_20260730_09_50_48_Pro,Participant8,Mesomorph,Normal,upright,0.923889147048174,-177.93732266134052,-177.09081491847732,-0.3207346051931381,-2.112299598490708,0.2240080022553886,1,Front
149,4.9901366013071895,Participant8_WIN_20260730_09_50_48_Pro,Participant8,Mesomorph,Normal,upright,0.9250965529555802,-178.069134131484,-176.54517743636197,-0.3390173017978668,-2.253449862623629,0.2223782456726672,1,Front
150,5.023627450980392,Participant8_WIN_20260730_09_50_48_Pro,Participant8,Mesomorph,Normal,upright,0.9167730769896164,-178.2691545895139,-178.01272354610103,-0.3363178446888923,-2.954612015162603,0.2254250085826241,1,Front
151,5.0571183006535945,Participant8_WIN_20260730_09_50_48_Pro,Participant8,Mesomorph,Normal,upright,0.9346266297620814,-178.04138468296352,-175.09314891401462,-0.3269319012761116,-3.237604842262176,0.2202176453750878,1,Front
152,5.090609150326797,Participant8_WIN_20260730_09_50_48_Pro,Participant8,Mesomorph,Normal,upright,0.920901628717405,-178.7652374294223,-177.9271851820543,-0.3645114377140999,-2.884656156873952,0.2245221250915829,1,Front
153,5.1241,Participant8_WIN_20260730_09_50_48_Pro,Participant8,Mesomorph,Normal,upright,0.9435230948088984,-178.07994215704224,-175.71419267225212,-0.3176819831132889,-3.0109196122427138,0.221768735261382,1,Front
154,5.157590849673203,Participant8_WIN_20260730_09_50_48_Pro,Participant8,Mesomorph,Normal,upright,0.933085123602982,-176.19408014938747,-175.33183010803225,-0.3343759551644325,-2.818904821091895,0.2208318307772431,1,Front
155,5.191081699346405,Participant8_WIN_20260730_09_50_48_Pro,Participant8,Mesomorph,Normal,upright,0.9409565977615548,-178.05464293397222,-175.3467050175684,-0.3247598111629486,-2.494761857823016,0.2237213409722654,1,Front
156,5.224572549019608,Participant8_WIN_20260730_09_50_48_Pro,Participant8,Mesomorph,Normal,upright,0.9361914735802384,-178.11064943378636,-176.55437000728176,-0.3079308494925499,-2.132014896493929,0.2237790245843295,1,Front
157,5.25806339869281,Participant8_WIN_20260730_09_50_48_Pro,Participant8,Mesomorph,Normal,upright,0.9218113795855788,-177.0042157859322,-177.26201447407666,-0.3588852807879448,-2.913827716321326,0.2246769607168469,1,Front
158,5.291554248366013,Participant8_WIN_20260730_09_50_48_Pro,Participant8,Mesomorph,Normal,upright,0.9389015781035722,-176.88455489831568,-177.62377288437582,-0.3156728148460388,-2.5599966739520967,0.2222529611764766,1,Front
159,5.325045098039215,Participant8_WIN_20260730_09_50_48_Pro,Participant8,Mesomorph,Normal,upright,0.9398633915229672,-177.61812302066633,-177.2814461165005,-0.3134378269314766,-2.4424408061649725,0.2236729060179132,1,Front
160,5.358535947712419,Participant8_WIN_20260730_09_50_48_Pro,Participant8,Mesomorph,Normal,upright,0.9469951452023287,-178.4371530185155,-177.35253419047473,-0.3163032308220863,-2.0289240818119465,0.2248540104855906,1,Front
161,5.392026797385621,Participant8_WIN_20260730_09_50_48_Pro,Participant8,Mesomorph,Normal,upright,0.9546955816485012,-179.0800751862728,-176.82647847483855,-0.3265790641307831,-2.435489352207865,0.2226436703825491,1,Front
162,5.425517647058824,Participant8_WIN_20260730_09_50_48_Pro,Participant8,Mesomorph,Normal,upright,0.9722139236856078,179.045104916041,-176.4395932223469,-0.3247628733515739,-1.375227335804694,0.2251882360268169,1,Front
163,5.459008496732026,Participant8_WIN_20260730_09_50_48_Pro,Participant8,Mesomorph,Normal,upright,0.9728063441825492,178.70827450106322,-176.5999082870906,-0.3156900033354759,-1.1376056229660094,0.2258334065497612,1,Front
164,5.4924993464052285,Participant8_WIN_20260730_09_50_48_Pro,Participant8,Mesomorph,Normal,upright,0.9614787574786476,178.28741215757827,-176.7916356235341,-0.2926589250564575,-0.8945280600838601,0.2247680681156455,1,Front
165,5.525990196078431,Participant8_WIN_20260730_09_50_48_Pro,Participant8,Mesomorph,Normal,upright,0.9674652818314264,179.03548887691372,-176.3539428308411,-0.3229846581816673,-1.6142802665848364,0.2263320097664117,1,Front
166,5.559481045751634,Participant8_WIN_20260730_09_50_48_Pro,Participant8,Mesomorph,Normal,upright,0.9727217893617334,179.40554295855705,-176.45995273632795,-0.3080768957734108,-1.4949099103954548,0.2255372200768167,1,Front
167,5.592971895424837,Participant8_WIN_20260730_09_50_48_Pro,Participant8,Mesomorph,Normal,upright,0.971438274612632,178.52250156703323,-174.91984268870806,-0.2907787784934044,-1.3534656716517637,0.2251417535228921,1,Front
168,5.626462745098039,Participant8_WIN_20260730_09_50_48_Pro,Participant8,Mesomorph,Normal,upright,0.9526158110010446,179.93947534207797,-176.1187511234322,-0.2930627539753914,-0.6704724772927354,0.2238374111222901,1,Front
169,5.659953594771242,Participant8_WIN_20260730_09_50_48_Pro,Participant8,Mesomorph,Normal,upright,0.9619031361658514,178.94836601428815,-176.25205028772007,-0.2755562290549278,-0.6598162301510136,0.22338290601052,1,Front
170,5.693444444444444,Participant8_WIN_20260730_09_50_48_Pro,Participant8,Mesomorph,Normal,upright,0.970828052931788,179.1956722587972,-176.77862072496603,-0.2860617637634277,-1.3178245049427249,0.2241144172763147,1,Front
171,5.726935294117647,Participant8_WIN_20260730_09_50_48_Pro,Participant8,Mesomorph,Normal,upright,0.9346757000051724,-179.47977835325364,-175.59985271518602,-0.3431003391742706,-1.9134527502109373,0.2210033734494443,1,Front
172,5.760426143790849,Participant8_WIN_20260730_09_50_48_Pro,Participant8,Mesomorph,Normal,upright,0.9361460764687975,-179.32614361178406,-175.84098098671666,-0.355038657784462,-2.1969132976327046,0.2237871386188619,1,Front
173,5.793916993464053,Participant8_WIN_20260730_09_50_48_Pro,Participant8,Mesomorph,Normal,upright,0.9549813454105136,-179.06516918582855,-175.67115894860092,-0.3126959800720215,-1.083325359402289,0.2288081015933144,1,Front
174,5.827407843137255,Participant8_WIN_20260730_09_50_48_Pro,Participant8,Mesomorph,Normal,upright,0.96834264020045,-178.7868075252522,-176.21669033479202,-0.3114429786801338,-2.30372611837846,0.2259854019132885,1,Front
175,5.860898692810458,Participant8_WIN_20260730_09_50_48_Pro,Participant8,Mesomorph,Normal,upright,0.9644863262416103,-178.90251755027907,-177.55406028414464,-0.3305953368544578,-1.900046856088198,0.2268918040568611,1,Front
176,5.89438954248366,Participant8_WIN_20260730_09_50_48_Pro,Participant8,Mesomorph,Normal,upright,0.947059018879347,-178.77968742263636,-178.21333785045232,-0.3378806710243225,-1.8416733423692608,0.2280423481802369,1,Front
177,5.927880392156863,Participant8_WIN_20260730_09_50_48_Pro,Participant8,Mesomorph,Normal,upright,0.9479392646631865,177.78935720534326,-174.76794332705884,-0.3217881470918655,-0.6778961315725869,0.2280753122773137,1,Front
178,5.961371241830065,Participant8_WIN_20260730_09_50_48_Pro,Participant8,Mesomorph,Normal,upright,0.9536495280654466,-179.38169578506609,-176.10122634038976,-0.2982598841190338,-1.445998877250399,0.2259304349876239,1,Front
179,5.994862091503268,Participant8_WIN_20260730_09_50_48_Pro,Participant8,Mesomorph,Normal,upright,0.9330475748635788,179.43911177586875,-173.8609727852452,-0.3229120001196861,-1.2200949842880342,0.228160376230241,1,Front
180,6.028352941176471,Participant8_WIN_20260730_09_50_48_Pro,Participant8,Mesomorph,Normal,upright,0.93308421630629,-177.13622016544696,-171.07373987354757,-0.3293767794966697,-2.113631017629122,0.2213331137112309,1,Front
181,6.061843790849673,Participant8_WIN_20260730_09_50_48_Pro,Participant8,Mesomorph,Normal,upright,0.921309565992275,-179.11437284352107,-175.62093823420403,-0.3462311923503876,-1.3821504058645997,0.2255579566899561,1,Front
182,6.095334640522876,Participant8_WIN_20260730_09_50_48_Pro,Participant8,Mesomorph,Normal,upright,0.9113784089795048,-178.02195892518083,-174.8818443816172,-0.3754133880138397,-0.6586283926315447,0.2188259730004549,1,Front
183,6.128825490196078,Participant8_WIN_20260730_09_50_48_Pro,Participant8,Mesomorph,Normal,upright,0.9498914273889166,-177.62784408916335,-173.93696062482417,-0.3500103652477264,-0.114740136578963,0.2210363355364,1,Front
184,6.162316339869281,Participant8_WIN_20260730_09_50_48_Pro,Participant8,Mesomorph,Normal,upright,0.9689234488374632,-179.42176215968627,-174.86913965457452,-0.3769501894712448,-0.1831547306113069,0.2240906929899371,1,Front
185,6.195807189542483,Participant8_WIN_20260730_09_50_48_Pro,Participant8,Mesomorph,Normal,upright,0.9523834170674722,-178.08823001577213,-174.44548735635647,-0.3476367592811584,-0.9905725238104124,0.2234998432433537,1,Front
186,6.229298039215686,Participant8_WIN_20260730_09_50_48_Pro,Participant8,Mesomorph,Normal,upright,0.9572571174699108,-178.36960612918386,-175.29977023205902,-0.3429711312055588,-0.4122814532920095,0.2252234654045773,1,Front
187,6.262788888888889,Participant8_WIN_20260730_09_50_48_Pro,Participant8,Mesomorph,Normal,upright,0.9614071286351268,-177.37502752973862,-173.65152822880194,-0.3339201062917709,-0.2650769711845093,0.2239755945355578,1,Front
188,6.296279738562092,Participant8_WIN_20260730_09_50_48_Pro,Participant8,Mesomorph,Normal,upright,0.9333582970953496,-176.1644347881298,-175.7838818740241,-0.3537879660725593,-1.0600912954870307,0.2227567373311429,1,Front
189,6.329770588235294,Participant8_WIN_20260730_09_50_48_Pro,Participant8,Mesomorph,Normal,upright,0.9447064716737262,-175.8306730633421,-174.81588060048006,-0.3367220610380173,-1.239587912634902,0.2234772105203547,1,Front
190,6.363261437908497,Participant8_WIN_20260730_09_50_48_Pro,Participant8,Mesomorph,Normal,upright,0.928366419924382,-175.55092987075136,-174.18855272367617,-0.3578968048095703,-1.0240905328132175,0.2234479446074002,1,Front
191,6.396752287581699,Participant8_WIN_20260730_09_50_48_Pro,Participant8,Mesomorph,Normal,upright,0.9157014137183038,-176.9426610647727,-174.10342493217368,-0.37057064473629,-1.7352295523816972,0.2226553226100339,1,Front
192,6.430243137254902,Participant8_WIN_20260730_09_50_48_Pro,Participant8,Mesomorph,Normal,upright,0.96170646424612,-177.73056462011044,-172.9608261772542,-0.3713511079549789,-2.076153466037942,0.2259884349104012,1,Front
193,6.463733986928105,Participant8_WIN_20260730_09_50_48_Pro,Participant8,Mesomorph,Normal,upright,0.9576443787360716,-178.32839831829963,-173.52559223205552,-0.377977192401886,-1.4178250922062785,0.2272677792170581,1,Front
194,6.497224836601308,Participant8_WIN_20260730_09_50_48_Pro,Participant8,Mesomorph,Normal,upright,0.9549556087599864,-177.34231714938082,-174.84196809930089,-0.3405989110469818,-1.640071913124838,0.2246568849436988,1,Front
195,6.53071568627451,Participant8_WIN_20260730_09_50_48_Pro,Participant8,Mesomorph,Normal,upright,0.9551265825762764,-177.96037875073733,-176.70435902963374,-0.3769095838069916,-2.5581446182718643,0.222950176418236,1,Front
196,6.564206535947712,Participant8_WIN_20260730_09_50_48_Pro,Participant8,Mesomorph,Normal,upright,0.9415963394168054,-177.62771725677064,-174.83297815695946,-0.3764798045158386,-1.5946735191015682,0.2228230759909366,1,Front
197,6.597697385620915,Participant8_WIN_20260730_09_50_48_Pro,Participant8,Mesomorph,Normal,upright,0.9320958414797934,-175.7989523954272,-174.23546195481742,-0.3640687316656112,-3.020483707553039,0.2214876852172361,1,Front
198,6.631188235294117,Participant8_WIN_20260730_09_50_48_Pro,Participant8,Mesomorph,Normal,upright,0.918623390894074,-176.32753508397366,-173.9118131910361,-0.402106836438179,-3.2735991907266646,0.2172038586422492,1,Front
199,6.66467908496732,Participant8_WIN_20260730_09_50_48_Pro,Participant8,Mesomorph,Normal,upright,0.9470322612047224,-176.56513833123032,-174.42269570055177,-0.380614198744297,-1.9939555266691604,0.2209322895451917,1,Front
200,6.698169934640523,Participant8_WIN_20260730_09_50_48_Pro,Participant8,Mesomorph,Normal,upright,0.9039663090217088,-178.19298775121254,-174.74650030669804,-0.3461345732212066,-2.477427813987012,0.2241032558935494,1,Front
201,6.731660784313726,Participant8_WIN_20260730_09_50_48_Pro,Participant8,Mesomorph,Normal,upright,0.9320456454029232,-178.28416105166508,-175.5834461334732,-0.3782773837447166,-2.366206927986429,0.2230623363324101,1,Front
202,6.765151633986928,Participant8_WIN_20260730_09_50_48_Pro,Participant8,Mesomorph,Normal,upright,0.9523037196062306,-177.30203967786218,-175.11726357582316,-0.3711586147546768,-1.7399968014864964,0.22185500069069,1,Front
203,6.798642483660131,Participant8_WIN_20260730_09_50_48_Pro,Participant8,Mesomorph,Normal,upright,0.9283865644670928,-176.30716402731758,-172.75112894393902,-0.3521636947989464,-1.5788036226533466,0.2218449379141814,1,Front
0,0.0,Participant9_WIN_20260730_10_08_26_Pro,Participant9,Endomorph,Overweight,upright,0.994683826287342,-176.24942961800798,176.21037455233244,-0.4028518944978714,0.4168990898304194,0.2481582092197385,1,Front
1,0.0332616319444444,Participant9_WIN_20260730_10_08_26_Pro,Participant9,Endomorph,Overweight,upright,0.9927326247147652,-177.59398942801678,175.56272943683558,-0.4138161540031433,0.7512620533909047,0.2483944188727237,1,Front
2,0.0665232638888888,Participant9_WIN_20260730_10_08_26_Pro,Participant9,Endomorph,Overweight,upright,1.001798013890708,-177.4023311538845,175.58715950402154,-0.4218276441097259,0.9683401540014566,0.2484511914247583,1,Front
3,0.0997848958333333,Participant9_WIN_20260730_10_08_26_Pro,Participant9,Endomorph,Overweight,upright,0.9985677554360644,-177.84529466099428,173.96031632348308,-0.4024757593870163,1.4408715070329745,0.2477650681588353,1,Front
4,0.1330465277777777,Participant9_WIN_20260730_10_08_26_Pro,Participant9,Endomorph,Overweight,upright,0.995889336766526,-177.96212443954363,174.12188006857505,-0.4052357077598572,1.3218797029882543,0.2474957504545702,1,Front
5,0.1663081597222222,Participant9_WIN_20260730_10_08_26_Pro,Participant9,Endomorph,Overweight,upright,1.012318168041434,-177.50941584895804,173.1314717279616,-0.4080561548471451,1.2028878989435343,0.2471341860713255,1,Front
6,0.1995697916666666,Participant9_WIN_20260730_10_08_26_Pro,Participant9,Endomorph,Overweight,upright,1.0028256002525373,-177.66300753599967,173.11766578371578,-0.4076403826475143,1.298532076770649,0.2479802858551065,1,Front
7,0.2328314236111111,Participant9_WIN_20260730_10_08_26_Pro,Participant9,Endomorph,Overweight,upright,0.9947521638262768,-177.894334404323,173.82341505880322,-0.4155444651842117,1.3941762545977636,0.2469513178968848,1,Front
8,0.2660930555555555,Participant9_WIN_20260730_10_08_26_Pro,Participant9,Endomorph,Overweight,upright,1.0034385077082393,-176.3452743319537,173.04906885891387,-0.4330867826938629,0.2959617430339817,0.2478421828025241,1,Front
9,0.2993546875,Participant9_WIN_20260730_10_08_26_Pro,Participant9,Endomorph,Overweight,upright,1.003714973237904,-176.5517975225459,172.6207367920936,-0.4150572419166565,0.183354629422279,0.24669176132544,1,Front
10,0.3326163194444444,Participant9_WIN_20260730_10_08_26_Pro,Participant9,Endomorph,Overweight,upright,1.0056009545880429,-176.74698211819637,173.0857191887551,-0.4147235602140426,0.1436890834862311,0.2481656530180112,1,Front
11,0.3658779513888889,Participant9_WIN_20260730_10_08_26_Pro,Participant9,Endomorph,Overweight,upright,0.9858425426164876,-177.39201550163492,174.17472617552542,-0.4156758189201355,0.9776413810859246,0.2482380676972598,1,Front
12,0.3991395833333333,Participant9_WIN_20260730_10_08_26_Pro,Participant9,Endomorph,Overweight,upright,1.000286207395367,-176.6603505465688,173.6237029997952,-0.4265385717153549,0.506073508789649,0.2466075032438741,1,Front
13,0.4324012152777777,Participant9_WIN_20260730_10_08_26_Pro,Participant9,Endomorph,Overweight,upright,0.9983965142092448,-177.21623183150797,174.19809222444138,-0.4220810234546661,1.0104980630839235,0.2483162409265799,1,Front
14,0.4656628472222222,Participant9_WIN_20260730_10_08_26_Pro,Participant9,Endomorph,Overweight,upright,1.0019011582877535,-177.18875329401394,173.86782145897203,-0.4483662694692611,0.8719410254493858,0.2478160038734875,1,Front
15,0.4989244791666666,Participant9_WIN_20260730_10_08_26_Pro,Participant9,Endomorph,Overweight,upright,0.9994620772541792,-177.01678830669292,172.65526055511822,-0.4071065932512283,0.3214057721689455,0.2462587921440223,1,Front
16,0.5321861111111111,Participant9_WIN_20260730_10_08_26_Pro,Participant9,Endomorph,Overweight,upright,1.0003076212833817,-177.23878761310831,172.30601939439734,-0.4142366200685501,0.1813541400240992,0.2488459765177345,1,Front
17,0.5654477430555556,Participant9_WIN_20260730_10_08_26_Pro,Participant9,Endomorph,Overweight,upright,1.0168104861849854,-177.14323413607144,172.4060540434714,-0.4029732942581177,0.1602900572774384,0.2489162014531463,1,Front
18,0.598709375,Participant9_WIN_20260730_10_08_26_Pro,Participant9,Endomorph,Overweight,upright,1.0135711970777888,-177.22135764100992,172.9071595949076,-0.381264790892601,0.5070750807165054,0.2482981245849942,1,Front
19,0.6319710069444444,Participant9_WIN_20260730_10_08_26_Pro,Participant9,Endomorph,Overweight,upright,1.0089602426125706,-177.1771397177044,172.86581186916035,-0.4089193642139435,0.4864707518204801,0.2479143766168448,1,Front
20,0.6652326388888888,Participant9_WIN_20260730_10_08_26_Pro,Participant9,Endomorph,Overweight,upright,1.0046147242490515,-177.53584678871607,173.50542981063415,-0.401588886976242,0.7403311739414248,0.2478161170898945,1,Front
21,0.6984942708333333,Participant9_WIN_20260730_10_08_26_Pro,Participant9,Endomorph,Overweight,upright,1.000904195989542,-177.532793099517,172.7409526725041,-0.3881362378597259,0.6899954352012974,0.2470055790058158,1,Front
22,0.7317559027777778,Participant9_WIN_20260730_10_08_26_Pro,Participant9,Endomorph,Overweight,upright,0.9944135616341092,-177.4802565520459,172.81867268135144,-0.4195850193500519,0.6516077740814418,0.2476790661531837,1,Front
23,0.7650175347222222,Participant9_WIN_20260730_10_08_26_Pro,Participant9,Endomorph,Overweight,upright,0.9976704581053844,-176.78382038566886,173.36194415507202,-0.4526270478963852,0.1268792993235695,0.2476999708607518,1,Front
24,0.7982791666666667,Participant9_WIN_20260730_10_08_26_Pro,Participant9,Endomorph,Overweight,upright,0.9992401752707176,-176.68431367796308,173.2188007908909,-0.4447898864746094,0.3456217003596234,0.2477344009056664,1,Front
25,0.8315407986111111,Participant9_WIN_20260730_10_08_26_Pro,Participant9,Endomorph,Overweight,upright,0.9959518674243572,-177.1523308603166,172.17335428100645,-0.4468314498662948,-0.4792354921025203,0.2472296025304052,1,Front
26,0.8648024305555555,Participant9_WIN_20260730_10_08_26_Pro,Participant9,Endomorph,Overweight,upright,1.0071332021571475,-177.23779777148937,172.49544034654355,-0.4228943437337875,0.5167654275913127,0.24876058157671,1,Front
27,0.8980640624999999,Participant9_WIN_20260730_10_08_26_Pro,Participant9,Endomorph,Overweight,upright,1.0078576819891902,-177.28803376852144,172.88517857343464,-0.4128017872571945,0.5648984556066504,0.2489572145602538,1,Front
28,0.9313256944444444,Participant9_WIN_20260730_10_08_26_Pro,Participant9,Endomorph,Overweight,upright,1.0073210402316273,-177.2137418713571,172.8338817643085,-0.4166242629289627,0.5453888613771614,0.249049696581356,1,Front
29,0.9645873263888888,Participant9_WIN_20260730_10_08_26_Pro,Participant9,Endomorph,Overweight,upright,0.99959193925439,-177.2712405292596,172.68819217842213,-0.4414819478988647,0.4031736806119489,0.2488197058664812,1,Front
30,0.9978489583333332,Participant9_WIN_20260730_10_08_26_Pro,Participant9,Endomorph,Overweight,upright,1.0068180921573855,-176.9338154203582,173.65986497221976,-0.443681925535202,0.590628044828386,0.2499229705384106,1,Front
31,1.0311105902777775,Participant9_WIN_20260730_10_08_26_Pro,Participant9,Endomorph,Overweight,upright,1.006295665560481,-177.03836610749124,173.30589815697127,-0.4453356564044952,0.2364910646261639,0.24902732979197,1,Front
32,1.0643722222222225,Participant9_WIN_20260730_10_08_26_Pro,Participant9,Endomorph,Overweight,upright,1.002828301302099,-177.44358124600234,173.03073430349113,-0.4379754662513733,0.4500297119283029,0.2482386423798997,1,Front
33,1.0976338541666666,Participant9_WIN_20260730_10_08_26_Pro,Participant9,Endomorph,Overweight,upright,0.9991531325993976,-177.05382140871205,173.01019900877935,-0.4484133273363113,0.1311695630954537,0.24808277363929,1,Front
34,1.1308954861111111,Participant9_WIN_20260730_10_08_26_Pro,Participant9,Endomorph,Overweight,upright,0.991220753331117,-176.63173083221807,172.91087334972312,-0.4459782242774963,-0.107569168342347,0.2487215714450997,1,Front
35,1.1641571180555554,Participant9_WIN_20260730_10_08_26_Pro,Participant9,Endomorph,Overweight,upright,1.007622636668747,-177.03205839020904,173.1637852040459,-0.45432148873806,0.4322322715261394,0.2483799769760152,1,Front
36,1.19741875,Participant9_WIN_20260730_10_08_26_Pro,Participant9,Endomorph,Overweight,upright,1.0055511929105367,-177.52290964872873,173.38388549033868,-0.4376289695501327,0.6418864308702181,0.247719703999797,1,Front
37,1.2306803819444443,Participant9_WIN_20260730_10_08_26_Pro,Participant9,Endomorph,Overweight,upright,1.002835572315976,-176.87247530245224,173.4250889358002,-0.4410025924444198,0.0495750789281725,0.2481002286394405,1,Front
38,1.2639420138888888,Participant9_WIN_20260730_10_08_26_Pro,Participant9,Endomorph,Overweight,upright,1.00200815583152,-177.22148660034807,173.82448016305108,-0.4245934933423996,0.5958606565558687,0.2481522522521425,1,Front
39,1.2972036458333334,Participant9_WIN_20260730_10_08_26_Pro,Participant9,Endomorph,Overweight,upright,0.9994283082190508,-176.76148236918613,173.15539313788952,-0.4482890963554382,0.4479835903184099,0.2483196993287583,1,Front
40,1.3304652777777777,Participant9_WIN_20260730_10_08_26_Pro,Participant9,Endomorph,Overweight,upright,0.9993698210410548,-176.85406868917255,173.3368069309604,-0.4430579841136932,0.4259222189969028,0.2484931785484934,1,Front
41,1.3637269097222222,Participant9_WIN_20260730_10_08_26_Pro,Participant9,Endomorph,Overweight,upright,1.0092719614879897,-176.51827533194884,173.43532867978175,-0.425341248512268,0.3038451037913999,0.2491787272774805,1,Front
42,1.3969885416666663,Participant9_WIN_20260730_10_08_26_Pro,Participant9,Endomorph,Overweight,upright,1.0102842257398132,-177.13194312673355,172.88508356634858,-0.4399740099906921,0.1492743432474614,0.2494011023667733,1,Front
43,1.430250173611111,Participant9_WIN_20260730_10_08_26_Pro,Participant9,Endomorph,Overweight,upright,0.9946254831549172,-176.39205412003147,173.6367485371297,-0.4478036910295486,-0.2882419428597106,0.2492393715421502,1,Front
44,1.4635118055555556,Participant9_WIN_20260730_10_08_26_Pro,Participant9,Endomorph,Overweight,upright,1.0143636279101012,-177.06212525860005,171.80952502414706,-0.4267385303974151,-0.1863971086700933,0.2473424669975621,1,Front
45,1.4967734375,Participant9_WIN_20260730_10_08_26_Pro,Participant9,Endomorph,Overweight,upright,1.010965337760731,-177.0733470922278,172.1745651256871,-0.450490340590477,0.1440214175401575,0.2479328117446472,1,Front
46,1.5300350694444445,Participant9_WIN_20260730_10_08_26_Pro,Participant9,Endomorph,Overweight,upright,1.0179674220952537,-176.686250783137,171.4119366477875,-0.4313064813613891,0.0654149354773132,0.2482843014892275,1,Front
47,1.5632967013888888,Participant9_WIN_20260730_10_08_26_Pro,Participant9,Endomorph,Overweight,upright,1.0102513026792768,-177.12744745149507,172.06789940043893,-0.4497229009866714,-0.1320942755483724,0.2487708520447098,1,Front
48,1.5965583333333333,Participant9_WIN_20260730_10_08_26_Pro,Participant9,Endomorph,Overweight,upright,1.0112752365983733,-177.25082743976512,171.76999236693783,-0.4485699832439422,0.0796114800729093,0.2485629954333377,1,Front
49,1.6298199652777776,Participant9_WIN_20260730_10_08_26_Pro,Participant9,Endomorph,Overweight,upright,0.9926248223448784,-176.84470198838156,172.68962281303388,-0.4415423423051834,-0.1678408024180008,0.2486193119150652,1,Front
50,1.6630815972222222,Participant9_WIN_20260730_10_08_26_Pro,Participant9,Endomorph,Overweight,upright,0.9989710873360844,-177.4666915854964,172.0502909681997,-0.4311305582523346,-0.0792163954758755,0.2483157812971011,1,Front
51,1.696343229166667,Participant9_WIN_20260730_10_08_26_Pro,Participant9,Endomorph,Overweight,upright,1.007062744548587,-177.0592823436147,173.552803056263,-0.4157586395740509,0.3612678400250503,0.2493238047848676,1,Front
52,1.729604861111111,Participant9_WIN_20260730_10_08_26_Pro,Participant9,Endomorph,Overweight,upright,1.0040971222202426,-177.54236878150988,172.7502233348465,-0.415283739566803,0.6018294735576164,0.2487527523975723,1,Front
53,1.7628664930555555,Participant9_WIN_20260730_10_08_26_Pro,Participant9,Endomorph,Overweight,upright,1.0166450516380117,-177.18087483377647,174.25033841056086,-0.4350680857896805,0.4857196938719891,0.249432654904095,1,Front
54,1.796128125,Participant9_WIN_20260730_10_08_26_Pro,Participant9,Endomorph,Overweight,upright,1.0068939059671205,-177.57614662511202,174.99607121500298,-0.4417454749345779,0.4012149321715689,0.2493476754926119,1,Front
55,1.8293897569444444,Participant9_WIN_20260730_10_08_26_Pro,Participant9,Endomorph,Overweight,upright,1.004717275742686,-177.36145317611718,174.19073065235736,-0.4435352832078933,0.7102123427067227,0.2486857963312327,1,Front
56,1.862651388888889,Participant9_WIN_20260730_10_08_26_Pro,Participant9,Endomorph,Overweight,upright,1.0067437123447924,-177.47924822071275,173.93421610081683,-0.4365658611059189,0.6414623282600114,0.2491670288616772,1,Front
57,1.8959130208333328,Participant9_WIN_20260730_10_08_26_Pro,Participant9,Endomorph,Overweight,upright,0.998327573308788,-177.6333482353691,173.90376209007107,-0.4361413568258285,0.928228150938629,0.2491222642581782,1,Front
58,1.9291746527777776,Participant9_WIN_20260730_10_08_26_Pro,Participant9,Endomorph,Overweight,upright,0.9976166270743484,-177.77152106576375,173.8234330442548,-0.4374240040779114,0.8519050212269998,0.2491394986078175,1,Front
59,1.962436284722222,Participant9_WIN_20260730_10_08_26_Pro,Participant9,Endomorph,Overweight,upright,0.9910262118418351,-177.3582954940189,175.16388389584714,-0.4367108941078186,1.3618335929423884,0.2487534355418525,1,Front
60,1.9956979166666664,Participant9_WIN_20260730_10_08_26_Pro,Participant9,Endomorph,Overweight,upright,1.0043221463695835,-177.29641866638687,173.4170535154125,-0.430419772863388,0.312338416665595,0.2490299609423524,1,Front
61,2.028959548611111,Participant9_WIN_20260730_10_08_26_Pro,Participant9,Endomorph,Overweight,upright,1.0020119364475872,-177.31274870517095,173.60978637447874,-0.4554534554481506,0.3522600213720765,0.2492047352092561,1,Front
62,2.0622211805555555,Participant9_WIN_20260730_10_08_26_Pro,Participant9,Endomorph,Overweight,upright,1.0000811537333123,-177.22335493508606,173.7542215725225,-0.4440114647150039,0.4159021934538874,0.24880634199246,1,Front
63,2.0954828125,Participant9_WIN_20260730_10_08_26_Pro,Participant9,Endomorph,Overweight,upright,1.0016957667862507,-177.55050861146216,173.39031444858594,-0.4594382345676422,0.5142096983513786,0.2492357898088119,1,Front
64,2.128744444444445,Participant9_WIN_20260730_10_08_26_Pro,Participant9,Endomorph,Overweight,upright,0.995348267629301,-177.85511004343022,173.96216905757157,-0.4662289321422577,0.882057784065983,0.2480893233133428,1,Front
65,2.162006076388889,Participant9_WIN_20260730_10_08_26_Pro,Participant9,Endomorph,Overweight,upright,0.9965862979829974,-177.68032214583647,174.13616924128752,-0.4580976366996765,1.0057993675469217,0.2475049619177277,1,Front
66,2.195267708333333,Participant9_WIN_20260730_10_08_26_Pro,Participant9,Endomorph,Overweight,upright,0.9885701858339584,-177.18618016383664,174.40078344900945,-0.4530703425407409,0.5243587976768093,0.2479003962452253,1,Front
67,2.228529340277777,Participant9_WIN_20260730_10_08_26_Pro,Participant9,Endomorph,Overweight,upright,0.9937117227386184,-177.43598881556028,174.43233706621717,-0.454824149608612,1.0123354230783543,0.2481862363093805,1,Front
68,2.2617909722222223,Participant9_WIN_20260730_10_08_26_Pro,Participant9,Endomorph,Overweight,upright,0.994046711017548,-176.8131250504462,174.1881786654912,-0.4594767093658447,0.7512514180486713,0.2471458514052016,1,Front
69,2.2950526041666666,Participant9_WIN_20260730_10_08_26_Pro,Participant9,Endomorph,Overweight,upright,0.9977044779632748,-177.20485420569642,174.15242363856038,-0.4580142796039581,0.9116519654607038,0.2471950406641445,1,Front
70,2.328314236111111,Participant9_WIN_20260730_10_08_26_Pro,Participant9,Endomorph,Overweight,upright,1.000610725250615,-177.28044993272175,174.17429890146957,-0.4639625400304794,0.8978159015967377,0.2472057380318328,1,Front
71,2.361575868055556,Participant9_WIN_20260730_10_08_26_Pro,Participant9,Endomorph,Overweight,upright,0.989385496225211,-176.49002082614274,173.3553080663747,-0.4701199978590011,0.4591989526367929,0.2479532640681002,1,Front
72,2.3948375,Participant9_WIN_20260730_10_08_26_Pro,Participant9,Endomorph,Overweight,upright,0.9945544299816322,-176.59760746828016,174.3332035788874,-0.4779066741466522,0.340465526455274,0.2489054930469971,1,Front
73,2.4280991319444443,Participant9_WIN_20260730_10_08_26_Pro,Participant9,Endomorph,Overweight,upright,0.9997233637380536,-176.8064761130119,173.52159029607125,-0.4595139324665069,0.4818387429518785,0.2479136057636522,1,Front
74,2.461360763888889,Participant9_WIN_20260730_10_08_26_Pro,Participant9,Endomorph,Overweight,upright,0.99340982787965,-177.49267073884465,172.02308255602657,-0.4449617266654968,-0.6708210879254501,0.2473894987037783,1,Front
75,2.4946223958333333,Participant9_WIN_20260730_10_08_26_Pro,Participant9,Endomorph,Overweight,upright,0.9978479397608968,-177.227446552685,172.8815052432592,-0.4492006450891495,-0.2473072622930038,0.2459226058835854,1,Front
76,2.5278840277777777,Participant9_WIN_20260730_10_08_26_Pro,Participant9,Endomorph,Overweight,upright,0.9991358162208565,-177.36619713969915,173.18315691244428,-0.4529420137405395,-0.0736096491378327,0.2462551507006473,1,Front
77,2.561145659722222,Participant9_WIN_20260730_10_08_26_Pro,Participant9,Endomorph,Overweight,upright,0.993885873145939,-176.36112176829445,173.38774046483624,-0.4651535302400589,-0.1322975767768991,0.2467516240312487,1,Front
78,2.5944072916666667,Participant9_WIN_20260730_10_08_26_Pro,Participant9,Endomorph,Overweight,upright,0.9985940887072638,-176.06684103584612,173.60637796673825,-0.4505524933338165,0.0586252368233531,0.2481277977946959,1,Front
79,2.627668923611111,Participant9_WIN_20260730_10_08_26_Pro,Participant9,Endomorph,Overweight,upright,0.9959528219785516,-176.09434883145894,172.12504547821047,-0.4630753099918365,0.0516040719672987,0.2473182980048622,1,Front
80,2.660930555555556,Participant9_WIN_20260730_10_08_26_Pro,Participant9,Endomorph,Overweight,upright,0.9925981189697692,-176.61049061901335,172.4321437592099,-0.4483897238969803,-0.2012745388060804,0.2479541408043147,1,Front
81,2.6941921875,Participant9_WIN_20260730_10_08_26_Pro,Participant9,Endomorph,Overweight,upright,1.0024029226180244,-176.9856540811228,172.81933023951373,-0.4546519219875335,0.087131163273901,0.2473424107456001,1,Front
82,2.7274538194444444,Participant9_WIN_20260730_10_08_26_Pro,Participant9,Endomorph,Overweight,upright,0.9951741142147128,-176.4910150598411,172.8150554446139,-0.453396201133728,-0.0128085211560828,0.2484285533420398,1,Front
83,2.7607154513888887,Participant9_WIN_20260730_10_08_26_Pro,Participant9,Endomorph,Overweight,upright,0.9806949734502723,-176.77118636601097,173.0469136372402,-0.4524930268526077,0.2417952175316468,0.2483096219697552,1,Front
84,2.793977083333333,Participant9_WIN_20260730_10_08_26_Pro,Participant9,Endomorph,Overweight,upright,0.9998038801770924,-176.96808372744994,173.1541767571824,-0.436855286359787,-0.6097678826002227,0.2461131988312211,1,Front
85,2.827238715277778,Participant9_WIN_20260730_10_08_26_Pro,Participant9,Endomorph,Overweight,upright,1.005917340068478,-177.31939317678456,173.39786518186332,-0.4306292533874511,-0.0732641491893132,0.2490037845170686,1,Front
86,2.860500347222222,Participant9_WIN_20260730_10_08_26_Pro,Participant9,Endomorph,Overweight,upright,1.001675726183571,-177.5947419115284,173.3929518960786,-0.419620156288147,0.3314811393629157,0.2484436779876792,1,Front
87,2.8937619791666664,Participant9_WIN_20260730_10_08_26_Pro,Participant9,Endomorph,Overweight,upright,1.0038900552400345,-177.84045981888949,172.94605296948328,-0.4354921728372574,0.1195257193566297,0.2477199572998576,1,Front
88,2.927023611111111,Participant9_WIN_20260730_10_08_26_Pro,Participant9,Endomorph,Overweight,upright,1.0052521085578998,-177.6939015414916,172.7156800716741,-0.4423062801361084,-0.2071144799447921,0.2472092194447538,1,Front
89,2.9602852430555555,Participant9_WIN_20260730_10_08_26_Pro,Participant9,Endomorph,Overweight,upright,0.9995880277751285,-177.18409862014568,172.9270328368417,-0.4611514806747436,0.0001579882722079,0.2486879150838662,1,Front
90,2.993546875,Participant9_WIN_20260730_10_08_26_Pro,Participant9,Endomorph,Overweight,upright,1.0124939847163827,-176.22013976037238,172.34607621602703,-0.4433558732271194,-0.4459926288187028,0.247548125848988,1,Front
91,3.026808506944444,Participant9_WIN_20260730_10_08_26_Pro,Participant9,Endomorph,Overweight,upright,1.018016810305881,-176.41108545119118,172.408820287275,-0.4516046494245529,-0.5605610084564777,0.247721771301358,1,Front
92,3.060070138888889,Participant9_WIN_20260730_10_08_26_Pro,Participant9,Endomorph,Overweight,upright,1.0040415133271985,-176.64207410686,172.68448645567997,-0.4507770836353302,-0.4511128534399318,0.2478108169312763,1,Front
93,3.093331770833333,Participant9_WIN_20260730_10_08_26_Pro,Participant9,Endomorph,Overweight,upright,1.006991728133228,-176.36045327268388,173.18601279338858,-0.4563518762588501,-0.3767289301639067,0.2472594107741007,1,Front
94,3.126593402777777,Participant9_WIN_20260730_10_08_26_Pro,Participant9,Endomorph,Overweight,upright,1.0050331575896614,-176.48174130547105,172.89239010406362,-0.4174868762493133,-0.4400057886847766,0.248473869387983,1,Front
95,3.1598550347222223,Participant9_WIN_20260730_10_08_26_Pro,Participant9,Endomorph,Overweight,upright,0.9842542324063884,-175.8744130981078,174.25562305236411,-0.4565615355968475,-0.4755311313583371,0.2471315125984559,1,Front
96,3.1931166666666666,Participant9_WIN_20260730_10_08_26_Pro,Participant9,Endomorph,Overweight,upright,1.0026336336157464,-177.32830542420953,173.69151421495803,-0.4411163479089737,-0.1309667823521694,0.2467981406613593,1,Front
97,3.226378298611111,Participant9_WIN_20260730_10_08_26_Pro,Participant9,Endomorph,Overweight,upright,1.0012995535716784,-176.87528921898877,174.6875889871583,-0.4561566710472107,0.2353485906959144,0.2488001845301374,1,Front
98,3.2596399305555552,Participant9_WIN_20260730_10_08_26_Pro,Participant9,Endomorph,Overweight,upright,0.9985848012796356,-176.0844693582848,174.01035491433,-0.4638576656579971,-0.1672748680976176,0.2492187156406136,1,Front
99,3.2929015625,Participant9_WIN_20260730_10_08_26_Pro,Participant9,Endomorph,Overweight,upright,0.980720054165342,-175.69717840474,173.39155904514365,-0.4442875534296036,-0.2563946081317951,0.2493552810357715,1,Front
100,3.3261631944444443,Participant9_WIN_20260730_10_08_26_Pro,Participant9,Endomorph,Overweight,upright,0.9829489021837616,-176.3012937596676,173.15333207798213,-0.4311178773641586,0.0817721615125971,0.2494044069347372,1,Front
101,3.3594248263888886,Participant9_WIN_20260730_10_08_26_Pro,Participant9,Endomorph,Overweight,upright,0.9817923923658176,-176.51980992368064,173.3320974194551,-0.4219676107168197,0.0561606354861554,0.2490645945339343,1,Front
102,3.3926864583333334,Participant9_WIN_20260730_10_08_26_Pro,Participant9,Endomorph,Overweight,upright,0.9917348102726524,-177.23932953491334,174.63128757737542,-0.4254758358001709,0.2710622204160349,0.2492747094969664,1,Front
103,3.4259480902777777,Participant9_WIN_20260730_10_08_26_Pro,Participant9,Endomorph,Overweight,upright,1.000212018772521,-177.04719122141432,173.7788042078373,-0.4408375173807144,0.1722035342945701,0.2481209583714394,1,Front
104,3.459209722222222,Participant9_WIN_20260730_10_08_26_Pro,Participant9,Endomorph,Overweight,upright,0.9940253459400816,-177.14087143776294,173.94701767527843,-0.439316838979721,0.2973990230793299,0.2489424951784967,1,Front
105,3.4924713541666668,Participant9_WIN_20260730_10_08_26_Pro,Participant9,Endomorph,Overweight,upright,0.999961575587888,-176.5320542526227,174.57200935821825,-0.4430848062038421,0.0960361075038219,0.2484884970943942,1,Front
106,3.525732986111111,Participant9_WIN_20260730_10_08_26_Pro,Participant9,Endomorph,Overweight,upright,0.9877595919116432,-176.33967860514977,173.2649421595873,-0.4633289724588394,-0.2483376788924635,0.2492760009879423,1,Front
107,3.5589946180555554,Participant9_WIN_20260730_10_08_26_Pro,Participant9,Endomorph,Overweight,upright,0.9883688756843292,-176.4232900803391,174.76048682306268,-0.4519583880901336,0.1890613734709977,0.2493064181293502,1,Front
108,3.59225625,Participant9_WIN_20260730_10_08_26_Pro,Participant9,Endomorph,Overweight,upright,0.9803729710421376,-175.80242419788473,173.48770806723462,-0.4623350650072098,-0.1717799093499051,0.2491528858221103,1,Front
109,3.625517881944445,Participant9_WIN_20260730_10_08_26_Pro,Participant9,Endomorph,Overweight,upright,0.9786866077976804,-177.12410273465915,175.3621288803318,-0.4665264040231704,0.5378219834669506,0.248600568674535,1,Front
110,3.658779513888889,Participant9_WIN_20260730_10_08_26_Pro,Participant9,Endomorph,Overweight,upright,0.9833967856033724,-176.77510986891411,175.45035514997443,-0.4649078845977783,0.3697693116521111,0.2489229082158452,1,Front
111,3.692041145833333,Participant9_WIN_20260730_10_08_26_Pro,Participant9,Endomorph,Overweight,upright,0.9747461358522982,-176.36930159565188,174.4431463908047,-0.4731678366661072,-0.0931371958243914,0.2502303101669178,1,Front
112,3.725302777777778,Participant9_WIN_20260730_10_08_26_Pro,Participant9,Endomorph,Overweight,upright,0.9959232724843948,-176.30895189301202,173.69126360971515,-0.4662554860115051,0.2065220015521214,0.2515108807644267,1,Front
113,3.758564409722222,Participant9_WIN_20260730_10_08_26_Pro,Participant9,Endomorph,Overweight,upright,0.9808896996346528,-176.5843674228088,175.08355645733926,-0.4645434617996216,0.6151721130069145,0.2495024736852752,1,Front
114,3.7918260416666665,Participant9_WIN_20260730_10_08_26_Pro,Participant9,Endomorph,Overweight,upright,0.9911696211198302,-176.59560722052657,174.96270849949514,-0.4456178843975067,0.623888015310227,0.2498986589831525,1,Front
115,3.825087673611111,Participant9_WIN_20260730_10_08_26_Pro,Participant9,Endomorph,Overweight,upright,0.9977681242525608,-177.335544295373,174.39910286220805,-0.4555305689573288,0.76083044201062,0.2500658709938559,1,Front
116,3.858349305555556,Participant9_WIN_20260730_10_08_26_Pro,Participant9,Endomorph,Overweight,upright,0.994947143468741,-176.61203823701902,174.39780729591638,-0.4562450647354126,0.6112546754558499,0.2501227930713295,1,Front
117,3.8916109375,Participant9_WIN_20260730_10_08_26_Pro,Participant9,Endomorph,Overweight,upright,0.991551450330232,-176.01241411810884,174.10018181013214,-0.4462241381406784,0.2535156294418694,0.2504205943368201,1,Front
118,3.924872569444444,Participant9_WIN_20260730_10_08_26_Pro,Participant9,Endomorph,Overweight,upright,1.008204505531359,-177.72293888630833,173.3112172606127,-0.42326520383358,0.5006670137168636,0.2503539673367909,1,Front
119,3.958134201388889,Participant9_WIN_20260730_10_08_26_Pro,Participant9,Endomorph,Overweight,upright,0.987923660717941,-177.18949844047245,175.9269953941828,-0.460715115070343,0.4670802645552652,0.2489404478731578,1,Front
120,3.991395833333333,Participant9_WIN_20260730_10_08_26_Pro,Participant9,Endomorph,Overweight,upright,1.0101867689685955,-177.17762475037267,173.33023501115326,-0.4104953855276108,0.6094892730237237,0.2483443058495974,1,Front
121,4.024657465277778,Participant9_WIN_20260730_10_08_26_Pro,Participant9,Endomorph,Overweight,upright,0.9993926275744026,-176.26703079721764,172.79430467140028,-0.4124861657619476,0.7050609373130994,0.24964704561129,1,Front
122,4.057919097222222,Participant9_WIN_20260730_10_08_26_Pro,Participant9,Endomorph,Overweight,upright,1.0018079686028507,-177.32508529772363,173.52997374329894,-0.4296521097421646,0.6887806992523858,0.2490070729372394,1,Front
123,4.091180729166666,Participant9_WIN_20260730_10_08_26_Pro,Participant9,Endomorph,Overweight,upright,1.0012908650664496,-177.54615110228735,175.1828800487215,-0.4507640749216079,0.3934269624569236,0.2514761537460382,1,Front
124,4.124442361111111,Participant9_WIN_20260730_10_08_26_Pro,Participant9,Endomorph,Overweight,upright,0.998989772686706,-177.4115715810445,175.13750467742827,-0.4521792531013489,0.3875499894877266,0.251767316720602,1,Front
125,4.157703993055556,Participant9_WIN_20260730_10_08_26_Pro,Participant9,Endomorph,Overweight,upright,0.9973060883120688,-176.9696089916649,173.86086389787582,-0.4291310161352157,-0.0638090850826168,0.2520513413958536,1,Front
126,4.190965625,Participant9_WIN_20260730_10_08_26_Pro,Participant9,Endomorph,Overweight,upright,1.0032072140423214,-177.05928347244603,173.41889453835387,-0.4379594177007675,0.576662845431527,0.2507668855572485,1,Front
127,4.224227256944444,Participant9_WIN_20260730_10_08_26_Pro,Participant9,Endomorph,Overweight,upright,1.0087195480058475,-177.39814917443366,173.0091907742227,-0.418023332953453,0.0164962519974203,0.2516668570539542,1,Front
128,4.257488888888889,Participant9_WIN_20260730_10_08_26_Pro,Participant9,Endomorph,Overweight,upright,1.0173479169649846,-176.97609311920988,172.91773075373877,-0.4151086509227752,0.1126099356419929,0.2515631091566514,1,Front
129,4.290750520833333,Participant9_WIN_20260730_10_08_26_Pro,Participant9,Endomorph,Overweight,upright,1.0242060312515109,-177.0030606250533,172.85490419988906,-0.4090889692306518,0.3175967635810927,0.2503463849991446,1,Front
130,4.324012152777778,Participant9_WIN_20260730_10_08_26_Pro,Participant9,Endomorph,Overweight,upright,1.020799427683506,-177.0884555276684,172.54721285240822,-0.4046311825513839,0.1847379543123771,0.2499598787918898,1,Front
131,4.357273784722223,Participant9_WIN_20260730_10_08_26_Pro,Participant9,Endomorph,Overweight,upright,1.0026874132081944,-177.4397022993925,172.88875841063864,-0.4296259731054306,0.0015549377819511,0.2518964211641991,1,Front
132,4.390535416666666,Participant9_WIN_20260730_10_08_26_Pro,Participant9,Endomorph,Overweight,upright,1.0097415179896092,-177.16196396549853,173.61921323992192,-0.4090529829263687,0.0838298247019077,0.2510692098869437,1,Front
133,4.423797048611111,Participant9_WIN_20260730_10_08_26_Pro,Participant9,Endomorph,Overweight,upright,1.0057904602845285,-176.65137442609765,173.13282507909827,-0.4058450013399124,-0.2277757254769932,0.2511503870304957,1,Front
134,4.457058680555555,Participant9_WIN_20260730_10_08_26_Pro,Participant9,Endomorph,Overweight,upright,1.0049013041829558,-176.81760323818924,173.97409256354473,-0.4061864018440246,-0.0909751771045541,0.2514594156837342,1,Front
135,4.4903203125,Participant9_WIN_20260730_10_08_26_Pro,Participant9,Endomorph,Overweight,upright,1.0083297805593416,-177.98995015084228,172.79127250926544,-0.4486144036054611,0.3886134729938634,0.2496306588472024,1,Front
136,4.5235819444444445,Participant9_WIN_20260730_10_08_26_Pro,Participant9,Endomorph,Overweight,upright,1.0248040314846565,-177.0635541896989,171.6765585394306,-0.4304898530244827,0.0711891748014175,0.2488705727059562,1,Front
137,4.556843576388888,Participant9_WIN_20260730_10_08_26_Pro,Participant9,Endomorph,Overweight,upright,1.0133983490189469,-176.25472231175567,172.0642220085129,-0.3960607945919037,0.3915955559215949,0.2496681715157299,1,Front
138,4.590105208333333,Participant9_WIN_20260730_10_08_26_Pro,Participant9,Endomorph,Overweight,upright,1.019584238145949,-176.43988933707806,172.8086596733172,-0.3972384631633758,0.0998202561807896,0.2499614605004824,1,Front
139,4.623366840277778,Participant9_WIN_20260730_10_08_26_Pro,Participant9,Endomorph,Overweight,upright,1.02180262819446,-176.63411724498275,172.5192820596022,-0.3929977267980575,-0.0497378433049598,0.2495017587965217,1,Front
140,4.656628472222222,Participant9_WIN_20260730_10_08_26_Pro,Participant9,Endomorph,Overweight,upright,1.021065797245591,-176.29297829347732,173.7207639933279,-0.3962090462446213,-0.1249068082223025,0.25000362755533,1,Front
141,4.6898901041666665,Participant9_WIN_20260730_10_08_26_Pro,Participant9,Endomorph,Overweight,upright,1.009725420801764,-176.17214479995346,172.80673010742746,-0.4207465648651123,-0.3636141450505459,0.2505218671514012,1,Front
142,4.723151736111111,Participant9_WIN_20260730_10_08_26_Pro,Participant9,Endomorph,Overweight,upright,1.008226107378074,-176.585460517481,173.5800466877209,-0.4349032789468765,-0.2717248820796493,0.2511874629117061,1,Front
143,4.756413368055555,Participant9_WIN_20260730_10_08_26_Pro,Participant9,Endomorph,Overweight,upright,1.0220943347938658,-176.42824803249363,172.74037023347856,-0.4219809919595718,-0.1225165952450649,0.2508269318881186,1,Front
144,4.789675,Participant9_WIN_20260730_10_08_26_Pro,Participant9,Endomorph,Overweight,upright,1.0040165068256446,-176.4201925405478,173.6238098287789,-0.4224847704172134,-0.1103591179388166,0.2516340575857932,1,Front
145,4.822936631944445,Participant9_WIN_20260730_10_08_26_Pro,Participant9,Endomorph,Overweight,upright,1.0181080680244092,-176.10458682936158,174.00162806854655,-0.4273834824562073,-0.0839133436929021,0.2499773583679192,1,Front
146,4.8561982638888885,Participant9_WIN_20260730_10_08_26_Pro,Participant9,Endomorph,Overweight,upright,0.9965366120449288,-177.34443465926284,174.42296061088186,-0.4539844840764999,0.3510901899729781,0.2500057719551789,1,Front
147,4.889459895833333,Participant9_WIN_20260730_10_08_26_Pro,Participant9,Endomorph,Overweight,upright,1.010821390088477,-177.06439718293996,172.93512551327728,-0.4538851082324981,-0.2575404058792633,0.2501116413749599,1,Front
148,4.922721527777778,Participant9_WIN_20260730_10_08_26_Pro,Participant9,Endomorph,Overweight,upright,1.002545834864352,-177.32323002005907,172.93633405101605,-0.4351061284542084,-0.210701838368415,0.2509596351794463,1,Front
149,4.955983159722222,Participant9_WIN_20260730_10_08_26_Pro,Participant9,Endomorph,Overweight,upright,1.0149583624799603,-177.1403889313707,172.97964315680844,-0.428239643573761,-0.1728576589206109,0.2485349329220926,1,Front
150,4.989244791666667,Participant9_WIN_20260730_10_08_26_Pro,Participant9,Endomorph,Overweight,upright,1.0031050876057783,-177.19754335383618,174.22458723132033,-0.4377704858779907,0.0918855896509432,0.2489413302983163,1,Front
151,5.022506423611111,Participant9_WIN_20260730_10_08_26_Pro,Participant9,Endomorph,Overweight,upright,1.010578796358822,-176.77085241377654,174.1748552444139,-0.4224098771810531,0.0423924826096342,0.2495897191695981,1,Front
152,5.055768055555555,Participant9_WIN_20260730_10_08_26_Pro,Participant9,Endomorph,Overweight,upright,0.9987215235663554,-176.7994729983579,174.09242987325965,-0.4127285182476043,-0.0283193757949672,0.2488887598230293,1,Front
153,5.0890296875,Participant9_WIN_20260730_10_08_26_Pro,Participant9,Endomorph,Overweight,upright,0.9888110267581376,-176.17485964991184,174.34090883653988,-0.4566939622163772,-0.3263987064492938,0.2486113776737366,1,Front
154,5.122291319444444,Participant9_WIN_20260730_10_08_26_Pro,Participant9,Endomorph,Overweight,upright,0.9884030839626,-176.17127895083007,174.18644025878896,-0.454260990023613,-0.3957414062913291,0.2485309642495251,1,Front
155,5.155552951388889,Participant9_WIN_20260730_10_08_26_Pro,Participant9,Endomorph,Overweight,upright,0.9890989761078854,-177.04388814131576,174.38527551226016,-0.4510251581668854,-0.0897875651986511,0.2483964223667194,1,Front
156,5.1888145833333335,Participant9_WIN_20260730_10_08_26_Pro,Participant9,Endomorph,Overweight,upright,1.0216707763788668,-176.67150185418586,172.99982681811042,-0.4163123071193695,-0.2929882323195088,0.2495691083380365,1,Front
157,5.222076215277777,Participant9_WIN_20260730_10_08_26_Pro,Participant9,Endomorph,Overweight,upright,1.0017077057107158,-176.87847897894827,173.24652032424797,-0.4364557564258575,-0.1949541277859763,0.2472119773318059,1,Front
158,5.255337847222222,Participant9_WIN_20260730_10_08_26_Pro,Participant9,Endomorph,Overweight,upright,1.0063559629185734,-176.9476699363887,172.42616046271883,-0.4441731870174408,-0.3954691588236607,0.2493044631558936,1,Front
159,5.288599479166667,Participant9_WIN_20260730_10_08_26_Pro,Participant9,Endomorph,Overweight,upright,1.0091132587917069,-177.47958031460834,172.45279555367875,-0.4276464283466339,-0.3519068012355149,0.2494424562401814,1,Front
160,5.321861111111111,Participant9_WIN_20260730_10_08_26_Pro,Participant9,Endomorph,Overweight,upright,1.008977653550856,-177.46909310955184,172.45551508015046,-0.4272246658802032,-0.3538015527932542,0.2494529124584485,1,Front
161,5.355122743055556,Participant9_WIN_20260730_10_08_26_Pro,Participant9,Endomorph,Overweight,upright,1.0137838860799115,-177.5200175627513,172.5431898927575,-0.4376658350229263,-0.2895889034905893,0.2498595224410451,1,Front
162,5.388384375,Participant9_WIN_20260730_10_08_26_Pro,Participant9,Endomorph,Overweight,upright,1.0100291322425712,-177.7093517411675,172.8639537038797,-0.4351984709501266,-0.278002322078924,0.2500150642274449,1,Front
163,5.421646006944444,Participant9_WIN_20260730_10_08_26_Pro,Participant9,Endomorph,Overweight,upright,0.9974600703661716,-176.60950722452975,173.4630267147833,-0.4135172367095947,-0.2969315142337988,0.2479800678347575,1,Front
164,5.454907638888889,Participant9_WIN_20260730_10_08_26_Pro,Participant9,Endomorph,Overweight,upright,1.000410802678896,-176.69486461280596,173.1424565426722,-0.4113058745861053,-0.1157049447832301,0.2483299957846976,1,Front
165,5.488169270833333,Participant9_WIN_20260730_10_08_26_Pro,Participant9,Endomorph,Overweight,upright,0.997771662446312,-176.7009740883948,174.49053965539565,-0.431989923119545,-0.3385604768360167,0.248016695898476,1,Front
166,5.5214309027777775,Participant9_WIN_20260730_10_08_26_Pro,Participant9,Endomorph,Overweight,upright,0.9996227342942178,-176.45914282409393,174.60790656677224,-0.4252965450286865,-0.263006363094255,0.2483068198042249,1,Front
167,5.554692534722222,Participant9_WIN_20260730_10_08_26_Pro,Participant9,Endomorph,Overweight,upright,1.0091667477483508,-177.6594826163012,172.97174227461477,-0.4124814569950104,-0.3063336313710369,0.2505771583688039,1,Front
168,5.587954166666666,Participant9_WIN_20260730_10_08_26_Pro,Participant9,Endomorph,Overweight,upright,0.999005845934917,-176.69424540737396,175.766504899752,-0.4359022229909897,0.3820194202663171,0.2488065587759933,1,Front
169,5.621215798611111,Participant9_WIN_20260730_10_08_26_Pro,Participant9,Endomorph,Overweight,upright,1.0023704643432734,-177.77193185058238,173.78515688008167,-0.4534018486738205,0.0179265220548573,0.2516323110611003,1,Front
170,5.654477430555556,Participant9_WIN_20260730_10_08_26_Pro,Participant9,Endomorph,Overweight,upright,1.0006406814709463,-176.45948031571635,175.62265340193244,-0.4435896575450897,0.3176432969012752,0.2492502835830486,1,Front
171,5.6877390625,Participant9_WIN_20260730_10_08_26_Pro,Participant9,Endomorph,Overweight,upright,0.9935396280928624,-175.82632571227876,176.3371878583879,-0.4303008615970611,-0.0392321553882573,0.2477296103767631,1,Front
172,5.721000694444444,Participant9_WIN_20260730_10_08_26_Pro,Participant9,Endomorph,Overweight,upright,0.9932340069939618,-175.7188906972564,176.43856888674827,-0.4288836866617203,-0.0546710587115056,0.2477934153148128,1,Front
173,5.754262326388889,Participant9_WIN_20260730_10_08_26_Pro,Participant9,Endomorph,Overweight,upright,0.9916789589437488,-175.80393951126825,175.89351074465722,-0.4241742640733719,0.0732642870368421,0.2479955342137165,1,Front
174,5.787523958333333,Participant9_WIN_20260730_10_08_26_Pro,Participant9,Endomorph,Overweight,upright,0.9916118109600344,-177.07477033002473,175.34845260256617,-0.4611755907535553,-0.1180290015412749,0.2490799808577636,1,Front
175,5.820785590277778,Participant9_WIN_20260730_10_08_26_Pro,Participant9,Endomorph,Overweight,upright,0.9979313190828673,-176.52877966272183,176.49790581379804,-0.4179618507623672,0.3969394748725332,0.2482061336907035,1,Front
176,5.854047222222222,Participant9_WIN_20260730_10_08_26_Pro,Participant9,Endomorph,Overweight,upright,0.997578963272427,-176.88357618350014,176.57123343726687,-0.4380684942007065,0.2171533942263818,0.2486256803012543,1,Front
177,5.887308854166666,Participant9_WIN_20260730_10_08_26_Pro,Participant9,Endomorph,Overweight,upright,1.0003136217274764,-175.85107824155003,173.91237342217838,-0.4151052385568619,-0.3058065113179156,0.2472244309987953,1,Front
178,5.920570486111111,Participant9_WIN_20260730_10_08_26_Pro,Participant9,Endomorph,Overweight,upright,1.0069675814896364,-176.07807730052187,173.3789243540751,-0.4041236639022827,-0.0435442855743216,0.2472471679359934,1,Front
179,5.953832118055556,Participant9_WIN_20260730_10_08_26_Pro,Participant9,Endomorph,Overweight,upright,1.0039193830085875,-176.85860610796277,175.78996670633006,-0.451310247182846,-0.0616538763052573,0.2491019053211452,1,Front
180,5.98709375,Participant9_WIN_20260730_10_08_26_Pro,Participant9,Endomorph,Overweight,upright,1.0066990478635085,-177.12299695539153,173.137838683915,-0.41877081990242,0.0142187568333966,0.2512886715640702,1,Front
181,6.020355381944444,Participant9_WIN_20260730_10_08_26_Pro,Participant9,Endomorph,Overweight,upright,1.0054289822147024,-177.17899313973413,173.2123513565273,-0.4224246591329574,-0.0560138138197105,0.2511387454031322,1,Front
182,6.053617013888888,Participant9_WIN_20260730_10_08_26_Pro,Participant9,Endomorph,Overweight,upright,1.0086867968372115,-177.54910748562168,172.79385215838707,-0.4311799556016922,-0.1620228562397655,0.2516956808743072,1,Front
183,6.086878645833333,Participant9_WIN_20260730_10_08_26_Pro,Participant9,Endomorph,Overweight,upright,1.018471279405821,-177.59188421887882,173.17091338582625,-0.4286917001008987,-0.3270023051361724,0.2520103945949188,1,Front
184,6.120140277777778,Participant9_WIN_20260730_10_08_26_Pro,Participant9,Endomorph,Overweight,upright,1.014315329445073,-177.39107151608445,173.32102498346205,-0.4232887774705887,-0.304525820239281,0.2519129937946024,1,Front
185,6.153401909722222,Participant9_WIN_20260730_10_08_26_Pro,Participant9,Endomorph,Overweight,upright,1.0167755781385723,-176.54845235279814,173.0021412971183,-0.4178486168384552,-0.446303760730904,0.2516318468040834,1,Front
186,6.186663541666666,Participant9_WIN_20260730_10_08_26_Pro,Participant9,Endomorph,Overweight,upright,1.0081537681672008,-177.13253682964694,172.392635615429,-0.4129784554243088,-0.0099979033593531,0.2503868163845161,1,Front
187,6.219925173611111,Participant9_WIN_20260730_10_08_26_Pro,Participant9,Endomorph,Overweight,upright,1.007102131340085,-177.0716600929101,173.29864129142658,-0.4570087790489197,-0.1856320342177715,0.2509472745992043,1,Front
188,6.253186805555555,Participant9_WIN_20260730_10_08_26_Pro,Participant9,Endomorph,Overweight,upright,1.0081664591536694,-177.24460352918442,174.12620490170886,-0.4383622258901596,-0.283525114785211,0.2507173480704179,1,Front
189,6.2864484375,Participant9_WIN_20260730_10_08_26_Pro,Participant9,Endomorph,Overweight,upright,1.007883314863709,-177.5220859268386,174.1336516716136,-0.4543383717536926,0.1257744296391472,0.2512594517547842,1,Front
190,6.319710069444445,Participant9_WIN_20260730_10_08_26_Pro,Participant9,Endomorph,Overweight,upright,1.0048261208325533,-177.62839258820438,173.61786728929317,-0.4524061232805252,0.1959742625219402,0.2518015554391505,1,Front
191,6.352971701388888,Participant9_WIN_20260730_10_08_26_Pro,Participant9,Endomorph,Overweight,upright,0.9974736596459052,-177.2887547055661,173.5928803603699,-0.4494359642267227,0.1749221049731807,0.2523436591235168,1,Front
0,0.0,Participant7_WIN_20260730_11_06_15_Pro,Participant7,Mesomorph,Normal,upright,0.9084165775625808,-172.08157430324272,-170.56398233029802,-0.3062686324119568,-0.8582609539737501,0.295033375352592,1,Front
1,0.0698715447154471,Participant7_WIN_20260730_11_06_15_Pro,Participant7,Mesomorph,Normal,upright,0.9087311744510864,-171.51883021615532,-169.92469897689742,-0.3392946422100067,-0.9558461731303528,0.2993104896856953,1,Front
2,0.1397430894308943,Participant7_WIN_20260730_11_06_15_Pro,Participant7,Mesomorph,Normal,upright,0.903072317759615,-170.9224954228874,-172.94616567735468,-0.3433060050010681,-0.2139527713942443,0.2948195764100643,1,Front
3,0.2096146341463414,Participant7_WIN_20260730_11_06_15_Pro,Participant7,Mesomorph,Normal,upright,0.9273675687975728,-172.0735443626748,-170.58226543701,-0.3463833928108215,-0.4772432230238415,0.2989103933646131,1,Front
4,0.2794861788617886,Participant7_WIN_20260730_11_06_15_Pro,Participant7,Mesomorph,Normal,upright,0.8967032899622954,-168.74750843824495,-168.81485364773363,-0.3306319937109947,-0.388065770070931,0.3032914754524642,1,Front
5,0.3493577235772357,Participant7_WIN_20260730_11_06_15_Pro,Participant7,Mesomorph,Normal,upright,0.8988151070470621,-169.05245755704473,-170.38583546096973,-0.3093833997845649,-1.112497762488193,0.3038591131636981,1,Front
6,0.4192292682926829,Participant7_WIN_20260730_11_06_15_Pro,Participant7,Mesomorph,Normal,upright,0.9123884733976172,-170.36664122382587,-169.2209192166971,-0.2867426872253418,-0.136038611916709,0.3034699991634628,1,Front
7,0.4891008130081301,Participant7_WIN_20260730_11_06_15_Pro,Participant7,Mesomorph,Normal,upright,0.8975654279563824,-168.94975738228536,-168.08672586504528,-0.3067839816212654,-1.4673682147878184,0.3048069904564212,1,Front
8,0.5589723577235772,Participant7_WIN_20260730_11_06_15_Pro,Participant7,Mesomorph,Normal,upright,0.8872525664582042,-169.46871772008208,-171.223202807895,-0.3224477097392082,-0.2374792325177254,0.3015646040506212,1,Front
9,0.6288439024390244,Participant7_WIN_20260730_11_06_15_Pro,Participant7,Mesomorph,Normal,upright,0.8872706517315575,-166.4575596991492,-170.0166414271341,-0.3790066540241241,-2.230294623830487,0.3074977900155042,1,Front
10,0.6987154471544715,Participant7_WIN_20260730_11_06_15_Pro,Participant7,Mesomorph,Normal,upright,0.8941170738101233,-168.1027883702962,-170.2907227151221,-0.3851313218474388,-1.2701575542132746,0.3053996748523217,1,Front
11,0.7685869918699187,Participant7_WIN_20260730_11_06_15_Pro,Participant7,Mesomorph,Normal,upright,0.9033768597220504,-169.72086598135957,-170.3899820159593,-0.3657303377985954,-1.6641434753914166,0.3015891166668587,1,Front
12,0.8384585365853658,Participant7_WIN_20260730_11_06_15_Pro,Participant7,Mesomorph,Normal,upright,0.895823618378345,-168.32153646300907,-172.056932499793,-0.4251784086227417,-2.772199268060088,0.300183380051008,1,Front
13,0.908330081300813,Participant7_WIN_20260730_11_06_15_Pro,Participant7,Mesomorph,Normal,upright,0.8922824347392201,-167.3489866168103,-172.15170335188327,-0.3255654722452163,-1.591334963570394,0.3022899414255921,1,Front
14,0.9782016260162604,Participant7_WIN_20260730_11_06_15_Pro,Participant7,Mesomorph,Normal,upright,0.9189721732590052,-168.94374596120616,-170.20038160625194,-0.3768115639686584,-1.8291237079515483,0.2994692889084894,1,Front
15,1.0480731707317077,Participant7_WIN_20260730_11_06_15_Pro,Participant7,Mesomorph,Normal,upright,0.9046926794751222,-168.88086515095782,-172.2958098512611,-0.3074606582522392,-1.0165881334417648,0.3006394127883627,1,Front
16,1.1179447154471545,Participant7_WIN_20260730_11_06_15_Pro,Participant7,Mesomorph,Normal,upright,0.8989385401981702,-170.18963818803562,-172.06073727235736,-0.3151553124189377,-1.5449830509443734,0.2979495781992444,1,Front
17,1.1878162601626017,Participant7_WIN_20260730_11_06_15_Pro,Participant7,Mesomorph,Normal,upright,0.9161486394682272,-169.888959674668,-171.34698968218305,-0.3297825679183006,-1.3013889203182667,0.3019031951882514,1,Front
18,1.2576878048780489,Participant7_WIN_20260730_11_06_15_Pro,Participant7,Mesomorph,Normal,upright,0.921632532644512,-169.40632333394274,-170.93802004819133,-0.3313393965363502,-2.393012734222632,0.2955110916917836,1,Front
19,1.327559349593496,Participant7_WIN_20260730_11_06_15_Pro,Participant7,Mesomorph,Normal,upright,0.9035448377526432,-168.8527321480858,-171.56197697384172,-0.3485438972711563,-1.5333905675005095,0.3004593602877849,1,Front
20,1.397430894308943,Participant7_WIN_20260730_11_06_15_Pro,Participant7,Mesomorph,Normal,upright,0.8948391750158505,-169.65479321723322,-173.0637329487254,-0.3536377847194671,-0.8571592556911248,0.297165803498592,1,Front
21,1.4673024390243905,Participant7_WIN_20260730_11_06_15_Pro,Participant7,Mesomorph,Normal,upright,0.9101659863325452,-168.77329241319225,-170.53527212774614,-0.3385665267705917,-2.3052905577525507,0.3005835668283195,1,Front
22,1.5371739837398375,Participant7_WIN_20260730_11_06_15_Pro,Participant7,Mesomorph,Normal,upright,0.895595728563893,-170.80221339911645,-172.99327656722548,-0.3601432219147682,-2.32657015356783,0.2937475124212511,1,Front
23,1.6070455284552847,Participant7_WIN_20260730_11_06_15_Pro,Participant7,Mesomorph,Normal,upright,0.9022344738903518,-168.69910309878492,-171.74223075128262,-0.3356931507587433,-2.693092933767842,0.2940138799508484,1,Front
24,1.6769170731707317,Participant7_WIN_20260730_11_06_15_Pro,Participant7,Mesomorph,Normal,upright,0.919840905528194,-170.28580554857163,-172.99510715771186,-0.3592112362384796,-2.612934410102372,0.2956611091346435,1,Front
25,1.746788617886179,Participant7_WIN_20260730_11_06_15_Pro,Participant7,Mesomorph,Normal,upright,0.9166790286115678,-170.5552770470588,-173.02949832413032,-0.3800637349486351,-2.7907055384243167,0.2939699474846912,1,Front
26,1.816660162601626,Participant7_WIN_20260730_11_06_15_Pro,Participant7,Mesomorph,Normal,upright,0.9027036054489148,-170.0430279719506,-173.0247155976935,-0.364344097673893,-2.147009568223858,0.2991953364302213,1,Front
27,1.886531707317073,Participant7_WIN_20260730_11_06_15_Pro,Participant7,Mesomorph,Normal,upright,0.9182929906182694,-169.43043788211287,-174.78036751137728,-0.3605678975582123,-2.3475511096738604,0.2960629052187454,1,Front
28,1.9564032520325203,Participant7_WIN_20260730_11_06_15_Pro,Participant7,Mesomorph,Normal,upright,0.909888812567614,-168.72589224903544,-174.34585882865005,-0.3580477833747864,-2.1080379591956127,0.2974988640673198,1,Front
29,2.0262747967479675,Participant7_WIN_20260730_11_06_15_Pro,Participant7,Mesomorph,Normal,upright,0.9219156705342118,-169.08201778447955,-171.8341299907659,-0.3837988525629043,-1.5713618283890702,0.2968320659121294,1,Front
30,2.096146341463415,Participant7_WIN_20260730_11_06_15_Pro,Participant7,Mesomorph,Normal,upright,0.9312484926553536,-170.05067173357122,-173.43019827561608,-0.3249813616275787,-1.4004888157862667,0.2981944078440514,1,Front
31,2.166017886178862,Participant7_WIN_20260730_11_06_15_Pro,Participant7,Mesomorph,Normal,upright,0.912535981132342,-169.76936855021876,-171.80567582847968,-0.326288141310215,-3.407379614460305,0.2911981631224453,1,Front
32,2.235889430894309,Participant7_WIN_20260730_11_06_15_Pro,Participant7,Mesomorph,Normal,upright,0.8874818423516945,-166.71742338793982,-173.60564785479912,-0.3940182626247406,-3.4972334508033165,0.293158699515046,1,Front
33,2.3057609756097563,Participant7_WIN_20260730_11_06_15_Pro,Participant7,Mesomorph,Normal,upright,0.932054788421416,-168.74769442097755,-170.40631671381522,-0.4010336697101593,-2.742022499341437,0.294752359164026,1,Front
34,2.375632520325204,Participant7_WIN_20260730_11_06_15_Pro,Participant7,Mesomorph,Normal,upright,0.9648215104701776,-171.17486564729072,-171.77784972564012,-0.3852072805166244,-2.3147565939289083,0.2924832258698303,1,Front
35,2.4455040650406503,Participant7_WIN_20260730_11_06_15_Pro,Participant7,Mesomorph,Normal,upright,0.9570257868084832,-170.49900401135886,-171.3897288481109,-0.3884297609329223,-1.95565909252613,0.2962105980584267,1,Front
36,2.5153756097560978,Participant7_WIN_20260730_11_06_15_Pro,Participant7,Mesomorph,Normal,upright,0.907756789409181,-167.2768913196335,-172.87639790359944,-0.3637871220707893,-2.9567264781077807,0.2952304809008865,1,Front
37,2.5852471544715447,Participant7_WIN_20260730_11_06_15_Pro,Participant7,Mesomorph,Normal,upright,0.9424310239362942,-170.03969137375995,-172.4682801561447,-0.351763017475605,-2.2789132053548893,0.294784787018303,1,Front
38,2.655118699186992,Participant7_WIN_20260730_11_06_15_Pro,Participant7,Mesomorph,Normal,upright,0.9394015746043284,-169.06131019797806,-171.69154131333843,-0.3643432706594467,-2.779563289425701,0.293785465540852,1,Front
39,2.724990243902439,Participant7_WIN_20260730_11_06_15_Pro,Participant7,Mesomorph,Normal,upright,0.9059862298445374,-167.16295687521094,-172.49160779002557,-0.3715941682457924,-2.5699101400609945,0.2957041239243431,1,Front
40,2.794861788617886,Participant7_WIN_20260730_11_06_15_Pro,Participant7,Mesomorph,Normal,upright,0.9293505081533578,-167.470711006196,-172.77486638265387,-0.3783717527985573,-3.0332282566436257,0.2932352908664587,1,Front
41,2.8647333333333336,Participant7_WIN_20260730_11_06_15_Pro,Participant7,Mesomorph,Normal,upright,0.9193114520245056,-167.54191997788462,-172.760280054655,-0.3751125931739807,-3.49647951043824,0.2945119387299462,1,Front
42,2.934604878048781,Participant7_WIN_20260730_11_06_15_Pro,Participant7,Mesomorph,Normal,upright,0.9156674216237728,-169.18987208043154,-173.89508843512846,-0.3711400777101517,-3.118806356921584,0.2897351294674865,1,Front
43,3.004476422764228,Participant7_WIN_20260730_11_06_15_Pro,Participant7,Mesomorph,Normal,upright,0.9267712524907163,-169.45272666605564,-173.0804985065339,-0.4018289595842361,-3.065950245514835,0.2952454402041155,1,Front
44,3.074347967479675,Participant7_WIN_20260730_11_06_15_Pro,Participant7,Mesomorph,Normal,upright,0.9399473443609606,-168.4115371157447,-171.34748289658287,-0.3811931908130646,-2.9847420566023755,0.2924946961384314,1,Front
45,3.144219512195122,Participant7_WIN_20260730_11_06_15_Pro,Participant7,Mesomorph,Normal,upright,0.9494415313433696,-170.16306025578825,-173.35319181752595,-0.3774154707789421,-2.4377174293023294,0.2941573056027364,1,Front
46,3.2140910569105694,Participant7_WIN_20260730_11_06_15_Pro,Participant7,Mesomorph,Normal,upright,0.9444446260215468,-169.88971804125865,-172.2447101253589,-0.3842685222625732,-2.7177000215207503,0.2917997346181112,1,Front
47,3.2839626016260164,Participant7_WIN_20260730_11_06_15_Pro,Participant7,Mesomorph,Normal,upright,0.961233453047356,-170.45346415367226,-172.50242356445702,-0.3891961276531219,-2.709785027846187,0.2928806564820811,1,Front
48,3.353834146341464,Participant7_WIN_20260730_11_06_15_Pro,Participant7,Mesomorph,Normal,upright,0.936935045901569,-171.38028908007223,-175.28426594403857,-0.4181470349431038,-2.2962444221200147,0.2987190161043321,1,Front
49,3.423705691056911,Participant7_WIN_20260730_11_06_15_Pro,Participant7,Mesomorph,Normal,upright,0.9212615213247956,-170.87626284605167,-173.19436264336218,-0.4075821489095688,-1.774866903123407,0.2993762012318156,1,Front
50,3.493577235772358,Participant7_WIN_20260730_11_06_15_Pro,Participant7,Mesomorph,Normal,upright,0.9117417060696206,-169.00896339036427,-171.56156139136692,-0.3758801892399788,-1.8927576949306268,0.2997213895235287,1,Front
51,3.563448780487805,Participant7_WIN_20260730_11_06_15_Pro,Participant7,Mesomorph,Normal,upright,0.8936461850355766,-169.6235564210005,-173.4329967852059,-0.3469289243221283,-0.7660477116002882,0.3003225846509833,1,Front
52,3.633320325203252,Participant7_WIN_20260730_11_06_15_Pro,Participant7,Mesomorph,Normal,upright,0.9034319604160536,-169.71854040045116,-169.62169979136243,-0.3522538393735885,-0.1348312774446732,0.3010293911953562,1,Front
53,3.703191869918699,Participant7_WIN_20260730_11_06_15_Pro,Participant7,Mesomorph,Normal,upright,0.9052138278744228,-169.18106262282038,-169.3770843618659,-0.3090673312544822,0.4376824534585568,0.3012075896367271,1,Front
54,3.773063414634146,Participant7_WIN_20260730_11_06_15_Pro,Participant7,Mesomorph,Normal,upright,0.9214751626529972,-169.5925766489631,-169.91305295039183,-0.3139059841632843,0.2757682749918876,0.3020849669859066,1,Front
55,3.8429349593495936,Participant7_WIN_20260730_11_06_15_Pro,Participant7,Mesomorph,Normal,upright,0.9048936682006996,-168.44042477116017,-169.04391137447766,-0.3232036381959915,0.7539522551379678,0.3033767885593151,1,Front
56,3.912806504065041,Participant7_WIN_20260730_11_06_15_Pro,Participant7,Mesomorph,Normal,upright,0.910531399254933,-169.69111252810777,-169.5921103756286,-0.3075900301337242,0.4819351340922497,0.3031874399049815,1,Front
57,3.982678048780488,Participant7_WIN_20260730_11_06_15_Pro,Participant7,Mesomorph,Normal,upright,0.9225130869457704,-169.09479295913883,-169.7623200056417,-0.3035085648298263,0.6790496588384379,0.3071620573342254,1,Front
58,4.052549593495935,Participant7_WIN_20260730_11_06_15_Pro,Participant7,Mesomorph,Normal,upright,0.9236452614101288,-169.11979776858055,-171.49982679168912,-0.3106598332524299,0.8696741175572545,0.3051930281652519,1,Front
59,4.122421138211382,Participant7_WIN_20260730_11_06_15_Pro,Participant7,Mesomorph,Normal,upright,0.948743770557418,-171.14790034209477,-171.00772974598726,-0.3214076459407806,0.6858184003022015,0.3072483964500778,1,Front
60,4.19229268292683,Participant7_WIN_20260730_11_06_15_Pro,Participant7,Mesomorph,Normal,upright,0.933080090142624,-171.14087009745072,-171.77972201667694,-0.3354146108031273,0.4171342678091123,0.3033936044897797,1,Front
61,4.262164227642277,Participant7_WIN_20260730_11_06_15_Pro,Participant7,Mesomorph,Normal,upright,0.9321682027994128,-171.06654154350295,-169.3608680969575,-0.3123041838407516,0.2416872330259457,0.3022690318454666,1,Front
62,4.332035772357724,Participant7_WIN_20260730_11_06_15_Pro,Participant7,Mesomorph,Normal,upright,0.9325197023985292,-172.6804642469026,-171.67816053197416,-0.3378659933805465,0.528076668295186,0.3018052736393264,1,Front
63,4.401907317073171,Participant7_WIN_20260730_11_06_15_Pro,Participant7,Mesomorph,Normal,upright,0.904535358982952,-170.48814742797643,-170.70711149682683,-0.3158449828624725,0.1368054675191725,0.3084940033603463,1,Front
64,4.471778861788618,Participant7_WIN_20260730_11_06_15_Pro,Participant7,Mesomorph,Normal,upright,0.9179616098661336,-170.53392066187192,-173.6498158351932,-0.3534848988056183,-1.0820105940264486,0.3062623166116379,1,Front
65,4.541650406504066,Participant7_WIN_20260730_11_06_15_Pro,Participant7,Mesomorph,Normal,upright,0.905490826056818,-169.1174105472645,-171.24493553740103,-0.3455489203333854,-0.6596784421000084,0.308634397729197,1,Front
66,4.611521951219513,Participant7_WIN_20260730_11_06_15_Pro,Participant7,Mesomorph,Normal,upright,0.8867308803834684,-168.28101779692608,-170.44542879506116,-0.349700927734375,-1.0530351068634871,0.3070979518300797,1,Front
67,4.68139349593496,Participant7_WIN_20260730_11_06_15_Pro,Participant7,Mesomorph,Normal,upright,0.9198178190762398,-170.685202732807,-170.51262213147464,-0.3989580497145653,-0.0161578012210474,0.3023949503089603,1,Front
68,4.751265040650407,Participant7_WIN_20260730_11_06_15_Pro,Participant7,Mesomorph,Normal,upright,0.9271679520285714,-171.31383444135778,-170.64950801167765,-0.3320248425006866,0.3974820441846692,0.3042382925998771,1,Front
69,4.821136585365854,Participant7_WIN_20260730_11_06_15_Pro,Participant7,Mesomorph,Normal,upright,0.9443152364083186,-170.58546994264023,-171.17494097231986,-0.3043521344661712,-0.2807301327092347,0.308524519130606,1,Front
70,4.891008130081301,Participant7_WIN_20260730_11_06_15_Pro,Participant7,Mesomorph,Normal,upright,0.945850598828376,-169.93271691813274,-171.80019720248367,-0.3004081547260284,-0.8284996699779649,0.3076004182711485,1,Front
71,4.9608796747967485,Participant7_WIN_20260730_11_06_15_Pro,Participant7,Mesomorph,Normal,upright,0.9348147904177324,-170.09184598303705,-172.4104240085197,-0.3061449527740478,-0.4044539089915072,0.3079761460909963,1,Front
72,5.030751219512196,Participant7_WIN_20260730_11_06_15_Pro,Participant7,Mesomorph,Normal,upright,0.936600798092078,-170.4998622594527,-172.8275509414819,-0.3413406908512115,-0.8474611101338622,0.3025027330960853,1,Front
73,5.1006227642276425,Participant7_WIN_20260730_11_06_15_Pro,Participant7,Mesomorph,Normal,upright,0.9398631885290368,-170.8491909647114,-171.95040536486937,-0.3520178124308586,-0.7332779793701842,0.3040303477327818,1,Front
74,5.1704943089430895,Participant7_WIN_20260730_11_06_15_Pro,Participant7,Mesomorph,Normal,upright,0.9330126153223872,-171.17961268955003,-174.12824623936777,-0.3072830736637115,-1.123574420158669,0.3074809363713296,1,Front
75,5.2403658536585365,Participant7_WIN_20260730_11_06_15_Pro,Participant7,Mesomorph,Normal,upright,0.943452981672685,-171.7375588663852,-171.4781003933364,-0.315011203289032,-0.057175212437992,0.3077989733342882,1,Front
76,5.310237398373984,Participant7_WIN_20260730_11_06_15_Pro,Participant7,Mesomorph,Normal,upright,0.958746001518761,-170.807982878749,-171.9931897383605,-0.3235075026750564,0.284749381069142,0.3067341482943617,1,Front
77,5.380108943089431,Participant7_WIN_20260730_11_06_15_Pro,Participant7,Mesomorph,Normal,upright,0.9371491508139824,-170.18063001414876,-172.85793699455004,-0.3327340632677078,-0.4570558760807528,0.3074802979053244,1,Front
78,5.449980487804878,Participant7_WIN_20260730_11_06_15_Pro,Participant7,Mesomorph,Normal,upright,0.9417770226072814,-171.7692582922502,-172.19033982269914,-0.3403523489832878,0.163277990285625,0.3057990342317021,1,Front
79,5.519852032520325,Participant7_WIN_20260730_11_06_15_Pro,Participant7,Mesomorph,Normal,upright,0.9334224603805072,-170.4905079497227,-170.30906488637046,-0.3681023940443992,-0.2791674179106051,0.3031026318354163,1,Front
80,5.589723577235772,Participant7_WIN_20260730_11_06_15_Pro,Participant7,Mesomorph,Normal,upright,0.9356100422176964,-172.0897827362113,-169.73615645367406,-0.3164357841014862,0.3850815964191676,0.3022898085759629,1,Front
81,5.65959512195122,Participant7_WIN_20260730_11_06_15_Pro,Participant7,Mesomorph,Normal,upright,0.9339821972244652,-170.89844646088457,-170.9529771439579,-0.3054525107145309,0.3569079341487896,0.3068309361581168,1,Front
0,0.0,Participant1_IMG_4745,Participant1,Mesomorph,Normal,slouch,0.9772066792936916,-178.1663017722977,-164.29604513010165,-0.5783278793096542,-1.324471552470655,0.3331616115827144,1,Front
1,0.0166666666666666,Participant1_IMG_4745,Participant1,Mesomorph,Normal,slouch,0.9779188242069674,-177.43251004591914,-164.28163809430174,-0.6004730314016342,-1.701557838051586,0.3331214115980989,1,Front
2,0.0333333333333333,Participant1_IMG_4745,Participant1,Mesomorph,Normal,slouch,0.9866384567079608,-176.65743932423325,-163.89358139241784,-0.6021500378847122,-1.7854275198726048,0.3369178899662841,1,Front
3,0.05,Participant1_IMG_4745,Participant1,Mesomorph,Normal,slouch,0.9828567368126766,-178.16508116650508,-163.99163882774857,-0.5853237509727478,-1.0600965567591694,0.3376235674281893,1,Front
4,0.0666666666666666,Participant1_IMG_4745,Participant1,Mesomorph,Normal,slouch,0.9723919066449296,-176.67887677914752,-163.0935816645758,-0.5826905369758606,-0.9985269609204512,0.3351094926801166,1,Front
5,0.0833333333333333,Participant1_IMG_4745,Participant1,Mesomorph,Normal,slouch,0.9741268687317588,-177.5682330888982,-162.3354169574123,-0.5439572408795357,-1.218800818482246,0.3388913669338021,1,Front
6,0.1,Participant1_IMG_4745,Participant1,Mesomorph,Normal,slouch,0.9712197542091584,-177.5973596364097,-162.67216804315913,-0.5590027868747711,-1.5905042255229074,0.3375075968021261,1,Front
7,0.1166666666666666,Participant1_IMG_4745,Participant1,Mesomorph,Normal,slouch,0.9703148557474054,-177.2309615511938,-164.9475843854433,-0.5782025009393692,-1.5527297893452658,0.3386074942900923,1,Front
8,0.1333333333333333,Participant1_IMG_4745,Participant1,Mesomorph,Normal,slouch,0.977640828853818,-177.00163938511943,-164.42726402415354,-0.5461978763341904,-1.1590550676995333,0.338218302749364,1,Front
9,0.15,Participant1_IMG_4745,Participant1,Mesomorph,Normal,slouch,0.9754070453959268,-178.68768382208114,-163.63344359021303,-0.5771352201700211,-0.9369957851636908,0.3358849324972403,1,Front
10,0.1666666666666666,Participant1_IMG_4745,Participant1,Mesomorph,Normal,slouch,0.9567291535815756,-177.85672882858356,-165.3223008919077,-0.5679503679275513,-0.8288248171576317,0.3322414420956336,1,Front
11,0.1833333333333333,Participant1_IMG_4745,Participant1,Mesomorph,Normal,slouch,0.9691415440343326,-176.19058237403848,-163.66115407248964,-0.5441276282072067,-1.3695477774224258,0.332421199360473,1,Front
12,0.2,Participant1_IMG_4745,Participant1,Mesomorph,Normal,slouch,0.9662973203014686,-177.09151961253045,-164.56515388831315,-0.5159920305013657,-0.7912287884667948,0.3336905558447756,1,Front
13,0.2166666666666666,Participant1_IMG_4745,Participant1,Mesomorph,Normal,slouch,0.9559921859194512,-176.75384129249778,-164.46445637573265,-0.554981917142868,-1.6158134100211543,0.3351904260418802,1,Front
14,0.2333333333333333,Participant1_IMG_4745,Participant1,Mesomorph,Normal,slouch,0.9492813371843162,-177.11425660110564,-165.02089503293217,-0.5550946146249771,-1.5602244970836527,0.3346137933025657,1,Front
15,0.25,Participant1_IMG_4745,Participant1,Mesomorph,Normal,slouch,0.948177105419062,-174.24582851233137,-166.87884653586332,-0.5595757067203522,-2.245218768732592,0.344966250721234,1,Front
16,0.2666666666666666,Participant1_IMG_4745,Participant1,Mesomorph,Normal,slouch,0.9915194795826718,-177.55690603667776,-164.38879850345506,-0.5528181195259094,-1.3364314572389635,0.3342756377598931,1,Front
17,0.2833333333333333,Participant1_IMG_4745,Participant1,Mesomorph,Normal,slouch,0.9696113641962164,-175.35135289621684,-165.05366762354896,-0.5509652569890022,-2.165073937186093,0.3318817925555611,1,Front
18,0.3,Participant1_IMG_4745,Participant1,Mesomorph,Normal,slouch,0.9962091839810716,-173.5659387704872,-163.47278918282765,-0.5489115417003632,-2.372145660343206,0.3355055110926619,1,Front
19,0.3166666666666666,Participant1_IMG_4745,Participant1,Mesomorph,Normal,slouch,0.9729758973762191,-171.42190551895328,-166.91492199062344,-0.4934404566884041,-2.659410392789741,0.3487498104559164,1,Front
20,0.3333333333333333,Participant1_IMG_4745,Participant1,Mesomorph,Normal,slouch,0.9900757171903318,-173.27983251743962,-167.6977602763726,-0.495743952691555,-1.9182290827585105,0.3474525804933439,1,Front
21,0.35,Participant1_IMG_4745,Participant1,Mesomorph,Normal,slouch,0.9541151333627712,-175.75642681712813,-163.41006894031375,-0.4617198687046766,-0.9384769746844432,0.3353606078191646,1,Front
22,0.3666666666666666,Participant1_IMG_4745,Participant1,Mesomorph,Normal,slouch,0.9664613040549352,178.89795274251944,-164.31591841416386,-0.692392610013485,-1.0586079881969188,0.3232686351449853,1,Front
23,0.3833333333333333,Participant1_IMG_4745,Participant1,Mesomorph,Normal,slouch,0.9577465624432858,178.5559603686376,-165.02875220510853,-0.5538688004016876,-1.5180388196299,0.328641120374824,1,Front
24,0.4,Participant1_IMG_4745,Participant1,Mesomorph,Normal,slouch,1.008008405638832,-177.69030853938864,-162.803191832573,-0.6965088993310928,0.1504313775962557,0.3255384008283082,1,Front
25,0.4166666666666667,Participant1_IMG_4745,Participant1,Mesomorph,Normal,slouch,0.973336991861766,-177.57615433838498,-163.20489020592586,-0.4405254926532507,-0.7391077483177855,0.3289120539045415,1,Front
26,0.4333333333333333,Participant1_IMG_4745,Participant1,Mesomorph,Normal,slouch,1.0037115893826536,-172.8347388491774,-165.0732030149402,-0.6367578133940697,-1.4964902693468456,0.3349006587370658,1,Front
27,0.45,Participant1_IMG_4745,Participant1,Mesomorph,Normal,slouch,0.993944875168776,-174.41036915002573,-163.72607599020412,-0.65260099619627,-1.0650744154554292,0.3342011494771012,1,Front
28,0.4666666666666667,Participant1_IMG_4745,Participant1,Mesomorph,Normal,slouch,0.9677945253727168,-174.44055885371105,-163.44294522529452,-0.6207319125533104,-1.5557710464339785,0.3471463004133436,1,Front
29,0.4833333333333333,Participant1_IMG_4745,Participant1,Mesomorph,Normal,slouch,0.9444203384566444,-178.10426931705013,-166.26259560528302,-0.6785269230604172,-1.2033734804009404,0.3463572207584779,1,Front
30,0.5,Participant1_IMG_4745,Participant1,Mesomorph,Normal,slouch,0.9389755612050495,-179.62127036122703,-167.59618109485433,-0.7268742024898529,-1.1183711537508496,0.3461832335136374,1,Front
31,0.5166666666666667,Participant1_IMG_4745,Participant1,Mesomorph,Normal,slouch,0.9359900315380016,-178.3527278802968,-167.03556411718716,-0.7141694277524948,-1.6082200548476009,0.3440898482764064,1,Front
32,0.5333333333333333,Participant1_IMG_4745,Participant1,Mesomorph,Normal,slouch,0.937925237593304,-179.41332250560524,-168.7965863892019,-0.6695239394903183,-0.8738814642736563,0.3366853068682721,1,Front
33,0.55,Participant1_IMG_4745,Participant1,Mesomorph,Normal,slouch,0.96260952897309,-178.1934581435594,-166.82825265790524,-0.663487121462822,-0.6150612992075067,0.3354133040843509,1,Front
34,0.5666666666666667,Participant1_IMG_4745,Participant1,Mesomorph,Normal,slouch,0.9523373030240048,-177.1799289949759,-165.3758870016521,-0.6455134451389313,-0.4471609161509474,0.3431180065199329,1,Front
35,0.5833333333333334,Participant1_IMG_4745,Participant1,Mesomorph,Normal,slouch,0.9450111620214434,-174.8602525632149,-166.90592110824383,-0.5930408835411072,-1.784012354449828,0.3493540234852617,1,Front
36,0.6,Participant1_IMG_4745,Participant1,Mesomorph,Normal,slouch,0.9710088969484176,-174.49684682604524,-164.9220753160576,-0.5405598357319832,-1.4536560770243687,0.349079905419958,1,Front
37,0.6166666666666667,Participant1_IMG_4745,Participant1,Mesomorph,Normal,slouch,0.9596468674036124,-174.51299499115984,-164.3139783596168,-0.5531137585639954,-1.3244566137250189,0.3515346718290846,1,Front
38,0.6333333333333333,Participant1_IMG_4745,Participant1,Mesomorph,Normal,slouch,0.950265657315554,-178.54418709939276,-164.36332610685275,-0.600307822227478,0.2112017616818664,0.3439619958254827,1,Front
39,0.65,Participant1_IMG_4745,Participant1,Mesomorph,Normal,slouch,0.957510295453803,-178.0451471241327,-166.93074303798196,-0.6274918019771576,0.0616929500611614,0.3399100246170227,1,Front
40,0.6666666666666666,Participant1_IMG_4745,Participant1,Mesomorph,Normal,slouch,0.9768729852876934,-177.05055049776882,-164.75003307017502,-0.540313646197319,0.4168349901978212,0.3442250613130224,1,Front
41,0.6833333333333333,Participant1_IMG_4745,Participant1,Mesomorph,Normal,slouch,0.976986494919397,-176.19559290829105,-166.966522977041,-0.5366213768720627,-0.1791045474828771,0.3502904190122464,1,Front
42,0.7,Participant1_IMG_4745,Participant1,Mesomorph,Normal,slouch,0.9763957383962716,-174.14202560806433,-166.99603032694947,-0.5243376642465591,-0.7533389616661129,0.3462069162679319,1,Front
43,0.7166666666666667,Participant1_IMG_4745,Participant1,Mesomorph,Normal,slouch,1.0002969118132552,-173.35026813492192,-161.93984995946786,-0.4079818949103355,-0.286321695177414,0.3469895435797942,1,Front
44,0.7333333333333333,Participant1_IMG_4745,Participant1,Mesomorph,Normal,slouch,1.0013885590944618,-172.54005362829872,-162.8080315617909,-0.3491930067539215,-0.6693984101807878,0.3495174400354833,1,Front
45,0.75,Participant1_IMG_4745,Participant1,Mesomorph,Normal,slouch,1.021205407174998,-174.3288547079649,-164.62681131853546,-0.4481812492012977,-0.0722455613744869,0.3378174579812314,1,Front
46,0.7666666666666667,Participant1_IMG_4745,Participant1,Mesomorph,Normal,slouch,0.9947867698657754,-174.8533156081686,-165.32576416622734,-0.3954999297857284,-0.2046158855937196,0.3401881481420655,1,Front
47,0.7833333333333333,Participant1_IMG_4745,Participant1,Mesomorph,Normal,slouch,0.995692307307662,-173.01828407758256,-162.8542072642802,-0.3883935809135437,-0.0467292905453439,0.3507723330927722,1,Front
48,0.8,Participant1_IMG_4745,Participant1,Mesomorph,Normal,slouch,0.979434691669987,-170.0374038384243,-164.13170157971982,-0.4564986899495125,-1.1302132740113766,0.3580160001793628,1,Front
49,0.8166666666666667,Participant1_IMG_4745,Participant1,Mesomorph,Normal,slouch,1.0095547256572537,-170.54912928844567,-163.78549578078795,-0.3745672702789306,-1.4413674332109183,0.3555718499034222,1,Front
50,0.8333333333333334,Participant1_IMG_4745,Participant1,Mesomorph,Normal,slouch,1.0171104229905528,-170.26917488829548,-165.18306314406112,-0.390627346932888,-1.1431936160395513,0.349278906527725,1,Front
51,0.85,Participant1_IMG_4745,Participant1,Mesomorph,Normal,slouch,1.019637229438905,-171.8773619804728,-166.69373764351334,-0.4057270735502243,-0.926670361544414,0.352568447023606,1,Front
52,0.8666666666666667,Participant1_IMG_4745,Participant1,Mesomorph,Normal,slouch,1.0127195502910429,-171.43568675797292,-166.5614506260153,-0.4392599314451217,-0.4121176275727983,0.3491258924269753,1,Front
53,0.8833333333333333,Participant1_IMG_4745,Participant1,Mesomorph,Normal,slouch,1.027660118290735,-171.19372999826768,-167.17203381422456,-0.4799772650003433,-0.8812621284963149,0.3500218938147392,1,Front
54,0.9,Participant1_IMG_4745,Participant1,Mesomorph,Normal,slouch,1.0434755670732812,-170.25104015047097,-166.10740606960607,-0.3391921892762184,-1.269043246929139,0.3498072589799471,1,Front
55,0.9166666666666666,Participant1_IMG_4745,Participant1,Mesomorph,Normal,slouch,1.0512081363688996,-171.32553445181884,-166.0998575645442,-0.3512004464864731,-1.085601037308467,0.3459845373963666,1,Front
56,0.9333333333333332,Participant1_IMG_4745,Participant1,Mesomorph,Normal,slouch,1.0284680505839163,-172.959588820824,-166.9162633024646,-0.38517926633358,0.6803728883377463,0.3417755946248862,1,Front
57,0.95,Participant1_IMG_4745,Participant1,Mesomorph,Normal,slouch,1.0556535155481643,-171.85269434793233,-167.6588297991435,-0.4064466208219528,-0.7001730630836557,0.3421392049312889,1,Front
58,0.9666666666666668,Participant1_IMG_4745,Participant1,Mesomorph,Normal,slouch,1.049433356084797,-172.80452315948764,-168.12445242476085,-0.3966641128063202,-0.2831758034890272,0.3375774764038068,1,Front
59,0.9833333333333332,Participant1_IMG_4745,Participant1,Mesomorph,Normal,slouch,1.0490778304709945,-173.1981672909169,-167.78096322179596,-0.3710799887776375,-0.1890466341461389,0.3372771207407627,1,Front
60,1.0,Participant1_IMG_4745,Participant1,Mesomorph,Normal,slouch,1.0490432936633962,-173.5565764768468,-168.9763968818548,-0.3900161236524582,0.1696263490052196,0.3330729467635253,1,Front
61,1.0166666666666666,Participant1_IMG_4745,Participant1,Mesomorph,Normal,slouch,1.0542696673732113,-175.28959853122058,-166.98154039719546,-0.3732778206467628,0.8811089769355804,0.3284759599977839,1,Front
62,1.0333333333333334,Participant1_IMG_4745,Participant1,Mesomorph,Normal,slouch,1.048071696007563,-176.4009348953236,-167.2876443306087,-0.375105544924736,1.6006984831626077,0.3302901930558107,1,Front
63,1.05,Participant1_IMG_4745,Participant1,Mesomorph,Normal,slouch,1.038152359620802,-174.29136589204546,-166.4393490914792,-0.3872425928711891,1.1294302167059105,0.3287080031584863,1,Front
64,1.0666666666666669,Participant1_IMG_4745,Participant1,Mesomorph,Normal,slouch,1.0558034547833035,-175.96527648230614,-166.53257283640025,-0.3751593008637428,1.2057270852766364,0.3277496151575539,1,Front
65,1.0833333333333333,Participant1_IMG_4745,Participant1,Mesomorph,Normal,slouch,1.030706848174864,-175.89925448706254,-166.3148490542883,-0.3536477461457252,0.7807752136750084,0.326299952475211,1,Front
66,1.1,Participant1_IMG_4745,Participant1,Mesomorph,Normal,slouch,1.0217999028045963,-174.75699304573592,-166.34636576908483,-0.3345950320363045,0.6702245579521192,0.3282694623448022,1,Front
67,1.1166666666666667,Participant1_IMG_4745,Participant1,Mesomorph,Normal,slouch,1.0188030335637654,-173.83083832198233,-167.44493510413471,-0.3381188809871673,0.7674784589923065,0.3275202585601058,1,Front
68,1.1333333333333333,Participant1_IMG_4745,Participant1,Mesomorph,Normal,slouch,1.021451078568779,-174.03782401861656,-168.3206704479536,-0.3310530111193657,0.7314073578925676,0.3285064120009529,1,Front
69,1.15,Participant1_IMG_4745,Participant1,Mesomorph,Normal,slouch,1.0169465945293097,-172.8234766289828,-168.60189164548947,-0.358588382601738,0.5376284930588594,0.3312436582943968,1,Front
70,1.1666666666666667,Participant1_IMG_4745,Participant1,Mesomorph,Normal,slouch,1.0180435237111856,-173.12833432701558,-169.00473099156534,-0.3354188203811645,0.5739425676855108,0.3309055999192281,1,Front
71,1.1833333333333331,Participant1_IMG_4745,Participant1,Mesomorph,Normal,slouch,1.0317904380781933,-173.30164646286056,-166.6098705328384,-0.3483682721853256,0.6486179313522532,0.3326452942871968,1,Front
72,1.2,Participant1_IMG_4745,Participant1,Mesomorph,Normal,slouch,1.0171872030325209,-172.95830051613336,-164.3174964940595,-0.3473467454314232,0.8466628282804528,0.3374819415062919,1,Front
73,1.2166666666666666,Participant1_IMG_4745,Participant1,Mesomorph,Normal,slouch,1.010820369493479,-171.43631723868003,-168.65511835859118,-0.3755375891923904,0.3046406224768529,0.3324046255075437,1,Front
74,1.2333333333333334,Participant1_IMG_4745,Participant1,Mesomorph,Normal,slouch,1.0249130617964637,-173.37091289763887,-166.04463262286075,-0.3863405659794807,0.2051222710278105,0.3352580129213009,1,Front
75,1.25,Participant1_IMG_4745,Participant1,Mesomorph,Normal,slouch,1.0254132252347066,-173.80641329599214,-168.38383072708558,-0.4147470220923424,0.9136043412463732,0.3364896596880652,1,Front
76,1.2666666666666666,Participant1_IMG_4745,Participant1,Mesomorph,Normal,slouch,1.0349939425311252,-173.18580224624012,-169.56111393354718,-0.3819305971264839,0.8046824137193647,0.340381399565753,1,Front
77,1.2833333333333334,Participant1_IMG_4745,Participant1,Mesomorph,Normal,slouch,1.0304812291718486,-172.15265452756546,-169.27766495414096,-0.3652695566415787,0.6398151583074045,0.3385468119223688,1,Front
78,1.3,Participant1_IMG_4745,Participant1,Mesomorph,Normal,slouch,1.0320852213953522,-171.91625500990958,-169.3852748287676,-0.3590995222330093,0.5588692981286743,0.3385808292667273,1,Front
79,1.3166666666666669,Participant1_IMG_4745,Participant1,Mesomorph,Normal,slouch,1.0224335205001729,-172.90337625035127,-167.86279844163707,-0.3640382066369056,0.7509235191066224,0.3411388039338394,1,Front
80,1.3333333333333333,Participant1_IMG_4745,Participant1,Mesomorph,Normal,slouch,1.0263868853200344,-173.44267823367176,-168.25379847999187,-0.353930801153183,0.6840733126675328,0.3392929453061068,1,Front
81,1.35,Participant1_IMG_4745,Participant1,Mesomorph,Normal,slouch,1.02859214506729,-172.0179263373865,-169.65524262891557,-0.3468012139201164,0.4211360330271996,0.3418129672948775,1,Front
82,1.3666666666666667,Participant1_IMG_4745,Participant1,Mesomorph,Normal,slouch,1.0305080389387216,-171.8305604952877,-169.37186401503268,-0.3291028365492821,0.2242335829136767,0.3435590418633628,1,Front
83,1.3833333333333333,Participant1_IMG_4745,Participant1,Mesomorph,Normal,slouch,1.0156568924151823,-170.82449294607855,-168.97148424515862,-0.3507517650723457,-0.0178334066610085,0.3430155219490581,1,Front
84,1.4,Participant1_IMG_4745,Participant1,Mesomorph,Normal,slouch,1.0211219770172133,-172.56592372745115,-169.70598706885264,-0.4146759137511253,-0.0732134246049828,0.3467747354907766,1,Front
85,1.4166666666666667,Participant1_IMG_4745,Participant1,Mesomorph,Normal,slouch,1.041159886435244,-171.03257050706873,-166.1442374522782,-0.3778484538197517,-0.6733387860879773,0.3427780965762824,1,Front
86,1.4333333333333331,Participant1_IMG_4745,Participant1,Mesomorph,Normal,slouch,1.0050861856425433,-172.151069237596,-167.52641129204792,-0.3648066818714142,-0.1079110461751725,0.3479327375538548,1,Front
87,1.45,Participant1_IMG_4745,Participant1,Mesomorph,Normal,slouch,1.0049611530501643,-171.410613534427,-168.3994311016992,-0.3404732570052147,-0.4306607497365322,0.3484883192792803,1,Front
88,1.4666666666666666,Participant1_IMG_4745,Participant1,Mesomorph,Normal,slouch,1.0216476749439596,-173.50069455142702,-168.63156810387795,-0.412515178322792,-0.093609513390632,0.3381937552477956,1,Front
89,1.4833333333333334,Participant1_IMG_4745,Participant1,Mesomorph,Normal,slouch,1.0230754210238635,-173.37372869495962,-167.31042886856147,-0.3777164593338966,-0.2361042771729598,0.343087474191344,1,Front
90,1.5,Participant1_IMG_4745,Participant1,Mesomorph,Normal,slouch,1.0125877476360146,-171.36589616460023,-168.50688052804225,-0.3379852175712585,-1.106436213709638,0.3445129230579268,1,Front
91,1.5166666666666666,Participant1_IMG_4745,Participant1,Mesomorph,Normal,slouch,1.014250843873517,-172.57289176786873,-167.6925658705044,-0.3525271937251091,-0.2119950773679557,0.3458182215225229,1,Front
92,1.5333333333333334,Participant1_IMG_4745,Participant1,Mesomorph,Normal,slouch,1.0084080710168548,-171.9043588484262,-166.5808865841986,-0.342151828110218,-0.4940922672299624,0.3460818116164795,1,Front
93,1.55,Participant1_IMG_4745,Participant1,Mesomorph,Normal,slouch,1.0090057858033863,-173.11609524680262,-167.95316304723832,-0.373625747859478,0.0715045961412041,0.3424391554854614,1,Front
94,1.5666666666666669,Participant1_IMG_4745,Participant1,Mesomorph,Normal,slouch,1.0149546711575388,-171.63778612868498,-167.39225720904773,-0.3918373733758926,-0.3623396120633648,0.3421333147136945,1,Front
95,1.5833333333333333,Participant1_IMG_4745,Participant1,Mesomorph,Normal,slouch,1.00525135878932,-171.70477144766664,-167.53350148158052,-0.3780061826109886,-0.0907926421898655,0.3422035443363486,1,Front
96,1.6,Participant1_IMG_4745,Participant1,Mesomorph,Normal,slouch,1.0059710318776345,-173.1146702354694,-165.86709762414105,-0.4393661171197891,0.7171381513862161,0.3363650358755906,1,Front
97,1.6166666666666667,Participant1_IMG_4745,Participant1,Mesomorph,Normal,slouch,1.0171577708990736,-174.9549033190335,-167.48885805753164,-0.3631551638245582,0.7921579667677502,0.3382181319124613,1,Front
98,1.6333333333333333,Participant1_IMG_4745,Participant1,Mesomorph,Normal,slouch,0.9979972984144496,-170.50201677869902,-168.18161784385413,-0.3671453446149826,-0.682281804655559,0.3485194246773915,1,Front
99,1.65,Participant1_IMG_4745,Participant1,Mesomorph,Normal,slouch,0.9951603374671776,-171.7386349075855,-166.33298964175157,-0.3465067520737648,-0.3035148675209614,0.3484021055428982,1,Front
100,1.6666666666666667,Participant1_IMG_4745,Participant1,Mesomorph,Normal,slouch,0.9931309023110908,-169.61959411940492,-168.2675523796438,-0.3654476478695869,-0.7924114729147596,0.3480949684010241,1,Front
101,1.6833333333333331,Participant1_IMG_4745,Participant1,Mesomorph,Normal,slouch,1.0003385757195924,-171.17322476519644,-168.23372270051337,-0.3487207666039467,0.0325346405499007,0.3468278583054187,1,Front
102,1.7,Participant1_IMG_4745,Participant1,Mesomorph,Normal,slouch,0.996448556191196,-172.73857898147796,-167.99934055782364,-0.3502787798643112,0.6800506177185897,0.3443606590146757,1,Front
103,1.7166666666666666,Participant1_IMG_4745,Participant1,Mesomorph,Normal,slouch,0.9846789876470206,-172.7108876021373,-169.6016793802961,-0.3890659958124161,0.260958496710462,0.3428987892635888,1,Front
104,1.7333333333333334,Participant1_IMG_4745,Participant1,Mesomorph,Normal,slouch,0.9837356134608948,-173.5883437790968,-168.74627203078438,-0.3677320554852485,0.4869542740373495,0.3441305633992708,1,Front
105,1.75,Participant1_IMG_4745,Participant1,Mesomorph,Normal,slouch,0.9895700856230236,-172.77009490145286,-167.1996716009401,-0.3692190274596214,0.2294970847878811,0.3443708544135979,1,Front
106,1.7666666666666666,Participant1_IMG_4745,Participant1,Mesomorph,Normal,slouch,0.9897597227690084,-171.9900578682439,-167.4826170987779,-0.3962816596031189,0.1565900800321449,0.3445680103342377,1,Front
107,1.7833333333333334,Participant1_IMG_4745,Participant1,Mesomorph,Normal,slouch,0.9895981834685,-171.48508884522053,-167.21393832831194,-0.3941333815455436,0.110119127830488,0.3464019793089497,1,Front
108,1.8,Participant1_IMG_4745,Participant1,Mesomorph,Normal,slouch,0.99172936793229,-172.6316853512444,-167.52493153400954,-0.4154338464140892,-0.0829603714983637,0.3473858612833901,1,Front
109,1.8166666666666669,Participant1_IMG_4745,Participant1,Mesomorph,Normal,slouch,0.9933373131467323,-174.1185011773886,-168.43298084059913,-0.4160118103027344,0.3866072813130499,0.3442308056060922,1,Front
110,1.8333333333333333,Participant1_IMG_4745,Participant1,Mesomorph,Normal,slouch,0.9874841626178894,-172.5594894914447,-167.4366016666659,-0.3971818685531616,0.1384758479412015,0.3476207989887284,1,Front
111,1.85,Participant1_IMG_4745,Participant1,Mesomorph,Normal,slouch,0.9919735636850294,-172.7372723734987,-168.69849265853742,-0.4319057390093803,0.0227598864133566,0.3492661186536908,1,Front
112,1.8666666666666667,Participant1_IMG_4745,Participant1,Mesomorph,Normal,slouch,0.985120878972394,-172.4669910509175,-168.48799630613286,-0.3599784672260284,-0.0444772676796986,0.3494557571478288,1,Front
113,1.8833333333333333,Participant1_IMG_4745,Participant1,Mesomorph,Normal,slouch,0.9807945299750715,-172.58845616372284,-167.65353422713113,-0.4288525730371475,0.0535316494947778,0.347828162582637,1,Front
114,1.9,Participant1_IMG_4745,Participant1,Mesomorph,Normal,slouch,0.9855835332903412,-171.8463352879365,-167.28736185680307,-0.3723260313272476,-0.3637563537291794,0.3483944856375676,1,Front
115,1.9166666666666667,Participant1_IMG_4745,Participant1,Mesomorph,Normal,slouch,0.9736267508627152,-171.56539648076892,-166.4974963360638,-0.4121308624744415,0.457219857817549,0.3469976450810947,1,Front
116,1.933333333333333,Participant1_IMG_4745,Participant1,Mesomorph,Normal,slouch,0.999439600470123,-175.0054589165508,-166.74308610271888,-0.3517848625779152,0.3794136155054631,0.3425707716463223,1,Front
117,1.95,Participant1_IMG_4745,Participant1,Mesomorph,Normal,slouch,0.979995622468351,-172.31865365172885,-166.36960850313886,-0.382483460009098,0.4319965929288275,0.3426667784188247,1,Front
118,1.9666666666666663,Participant1_IMG_4745,Participant1,Mesomorph,Normal,slouch,0.98366275590594,-173.12839501962466,-167.77751411045395,-0.3432052284479141,0.2936085941544007,0.3437391312294231,1,Front
119,1.9833333333333327,Participant1_IMG_4745,Participant1,Mesomorph,Normal,slouch,0.9800472512204232,-172.15358203653372,-167.72961827124112,-0.3473516777157783,0.4774616349669208,0.3510547355418815,1,Front
120,2.0,Participant1_IMG_4745,Participant1,Mesomorph,Normal,slouch,0.9857433841914556,-172.28425169564235,-166.86697178803567,-0.3522598445415497,-0.1337045176756581,0.3493772603385098,1,Front
121,2.0166666666666666,Participant1_IMG_4745,Participant1,Mesomorph,Normal,slouch,0.980752120432296,-171.52462630688393,-167.36075177807808,-0.3592232093214988,-0.4726421499746574,0.3525415828421011,1,Front
122,2.033333333333333,Participant1_IMG_4745,Participant1,Mesomorph,Normal,slouch,0.978955233741406,-171.39133003769012,-166.27922471031863,-0.377416618168354,-0.2704237890731845,0.3523458335240255,1,Front
123,2.05,Participant1_IMG_4745,Participant1,Mesomorph,Normal,slouch,0.9675218693369751,-172.27627484432023,-167.9873226608971,-0.3647509217262268,0.3592034453698345,0.3530832810252395,1,Front
124,2.066666666666667,Participant1_IMG_4745,Participant1,Mesomorph,Normal,slouch,0.9755210526600492,-171.49130740493374,-167.11587253433882,-0.3896805793046951,-0.0823328066218502,0.3534790767769055,1,Front
125,2.083333333333333,Participant1_IMG_4745,Participant1,Mesomorph,Normal,slouch,0.9756922152560424,-172.20235197721723,-166.74595303754822,-0.3516530692577362,0.1995333360568262,0.3497735307390314,1,Front
126,2.1,Participant1_IMG_4745,Participant1,Mesomorph,Normal,slouch,0.960937501679334,-172.27298637106145,-166.41483116158108,-0.3813104629516601,0.0414963156421805,0.3526400117991703,1,Front
127,2.1166666666666667,Participant1_IMG_4745,Participant1,Mesomorph,Normal,slouch,0.9619648156315596,-171.82326470803037,-167.23253261939763,-0.4017801210284233,0.5180922184711506,0.3511571888241999,1,Front
128,2.1333333333333333,Participant1_IMG_4745,Participant1,Mesomorph,Normal,slouch,0.9417435856684692,-171.47165485486565,-165.44358702283222,-0.3585752621293068,0.8640837481711939,0.3522473054354906,1,Front
129,2.15,Participant1_IMG_4745,Participant1,Mesomorph,Normal,slouch,0.9566633525803256,-172.60391910652976,-166.28074287503915,-0.3671132698655128,1.108316667306963,0.3494051333913761,1,Front
130,2.1666666666666665,Participant1_IMG_4745,Participant1,Mesomorph,Normal,slouch,0.9549805342365112,-172.28321757606065,-166.710537580525,-0.3667676374316215,1.473259958237739,0.3484331682566918,1,Front
131,2.183333333333333,Participant1_IMG_4745,Participant1,Mesomorph,Normal,slouch,0.9670890273362712,-172.5679007814524,-166.3017053643863,-0.3619026765227318,0.8576601510860546,0.3476147994267458,1,Front
132,2.2,Participant1_IMG_4745,Participant1,Mesomorph,Normal,slouch,0.9651943695661106,-172.35640691097925,-166.3455521306163,-0.3627122342586517,0.8370777420858648,0.3486354182301446,1,Front
133,2.216666666666667,Participant1_IMG_4745,Participant1,Mesomorph,Normal,slouch,0.9922883729206462,-172.51956493054843,-165.03442834943968,-0.3661784082651138,0.7899179502171324,0.3503552276402368,1,Front
134,2.2333333333333334,Participant1_IMG_4745,Participant1,Mesomorph,Normal,slouch,0.9938079888535276,-173.7010516779599,-165.07349273167597,-0.3622658848762512,1.0402435805292642,0.3440194643596426,1,Front
135,2.25,Participant1_IMG_4745,Participant1,Mesomorph,Normal,slouch,0.9658973979229593,-173.057303794736,-165.649277557919,-0.3740539029240608,0.7760183548899343,0.3446530467666432,1,Front
136,2.2666666666666666,Participant1_IMG_4745,Participant1,Mesomorph,Normal,slouch,0.959116987704324,-173.26252919552562,-164.70013762039045,-0.3568401709198951,1.181763403682875,0.3440957269335005,1,Front
137,2.283333333333333,Participant1_IMG_4745,Participant1,Mesomorph,Normal,slouch,0.969782496802816,-172.9037095475991,-164.03862805903077,-0.3433571681380272,1.3561676163823948,0.346529607953537,1,Front
138,2.3,Participant1_IMG_4745,Participant1,Mesomorph,Normal,slouch,0.95304254600597,-173.10676562291496,-166.57219714549677,-0.3346308544278145,1.4536045639818025,0.3485288861947443,1,Front
139,2.316666666666667,Participant1_IMG_4745,Participant1,Mesomorph,Normal,slouch,0.952651083233801,-170.65486184393384,-168.53427084509164,-0.3308130204677582,0.3702897307022741,0.3537735457411277,1,Front
140,2.333333333333333,Participant1_IMG_4745,Participant1,Mesomorph,Normal,slouch,0.9456312292933432,-171.13005818644962,-168.8083406901359,-0.345168761909008,1.0545093609196,0.3506877827029604,1,Front
141,2.35,Participant1_IMG_4745,Participant1,Mesomorph,Normal,slouch,0.9480620137215936,-172.38887516349232,-167.48878683849992,-0.3487610444426536,1.2034312242304075,0.3482327614973174,1,Front
142,2.3666666666666667,Participant1_IMG_4745,Participant1,Mesomorph,Normal,slouch,0.965572818368002,-173.17347775203592,-166.47311755666263,-0.3447761833667755,1.5936473356242244,0.3462300168750384,1,Front
143,2.3833333333333333,Participant1_IMG_4745,Participant1,Mesomorph,Normal,slouch,0.9829341769271904,-172.76674500270036,-164.29921073815905,-0.333856463432312,1.24196232827579,0.3454572428082311,1,Front
144,2.4,Participant1_IMG_4745,Participant1,Mesomorph,Normal,slouch,0.9765889537551692,-173.15084032914825,-164.74577460781487,-0.3415433019399643,1.4475033575305416,0.3469423840273844,1,Front
145,2.4166666666666665,Participant1_IMG_4745,Participant1,Mesomorph,Normal,slouch,0.9786636367109776,-172.3262461825126,-165.08143820201923,-0.3489696457982063,1.3613981938627255,0.3454838118046723,1,Front
146,2.433333333333333,Participant1_IMG_4745,Participant1,Mesomorph,Normal,slouch,0.9728586763671758,-172.9623043582894,-164.5925844329124,-0.3589993268251419,1.6090545445977973,0.3458526447240453,1,Front
147,2.45,Participant1_IMG_4745,Participant1,Mesomorph,Normal,slouch,0.9652498756461824,-172.0835641113789,-166.16808560520562,-0.3618844896554947,1.5793447316984586,0.3476810853841807,1,Front
148,2.466666666666667,Participant1_IMG_4745,Participant1,Mesomorph,Normal,slouch,0.9710005650506722,-171.71436223237666,-166.05028201991544,-0.3634405881166458,0.8771902824793214,0.3465274221820975,1,Front
149,2.4833333333333334,Participant1_IMG_4745,Participant1,Mesomorph,Normal,slouch,0.97009446451352,-172.02989486870496,-165.24272923933364,-0.3361683264374733,1.521343199236862,0.3482349815596334,1,Front
150,2.5,Participant1_IMG_4745,Participant1,Mesomorph,Normal,slouch,0.9714858228293832,-171.86959341395288,-165.24011649321105,-0.3483035713434219,1.5519148671266092,0.3476619102378189,1,Front
151,2.5166666666666666,Participant1_IMG_4745,Participant1,Mesomorph,Normal,slouch,0.9586954561818046,-172.80447881644875,-166.2901110534778,-0.3889632225036621,1.2496482174409622,0.3482095355474359,1,Front
152,2.533333333333333,Participant1_IMG_4745,Participant1,Mesomorph,Normal,slouch,0.9768078892912526,-172.97446939520913,-164.33981543768556,-0.3908631801605224,1.0027141897408376,0.3469938015238061,1,Front
153,2.55,Participant1_IMG_4745,Participant1,Mesomorph,Normal,slouch,0.9628631839626484,-172.80956275653602,-165.32302561604732,-0.3827207311987877,0.4208614319892852,0.3491368314783841,1,Front
154,2.566666666666667,Participant1_IMG_4745,Participant1,Mesomorph,Normal,slouch,0.9514701858123814,-171.73182949682325,-166.3589683189918,-0.3525867611169815,0.831711710383226,0.3483784529876307,1,Front
155,2.583333333333333,Participant1_IMG_4745,Participant1,Mesomorph,Normal,slouch,0.9501475220499616,-171.48438477124594,-168.03932846695258,-0.3563713803887367,0.7096669490029553,0.3479880550239326,1,Front
156,2.6,Participant1_IMG_4745,Participant1,Mesomorph,Normal,slouch,0.9630999323717204,-171.3372064122306,-166.88997221647554,-0.3676751181483269,0.516229072730495,0.3495124772781671,1,Front
157,2.6166666666666667,Participant1_IMG_4745,Participant1,Mesomorph,Normal,slouch,0.9715496875172304,-170.97447968636868,-166.03970966444118,-0.3428331986069679,0.3325777825638081,0.3485279272694384,1,Front
158,2.6333333333333333,Participant1_IMG_4745,Participant1,Mesomorph,Normal,slouch,0.9823722190614232,-171.26374293274023,-165.1296340693149,-0.3416393548250198,-0.0829114956672323,0.3459853207633947,1,Front
159,2.65,Participant1_IMG_4745,Participant1,Mesomorph,Normal,slouch,0.9672202962748744,-172.29405525288038,-167.4689927627216,-0.376027263700962,0.4818144866589247,0.3461193494340987,1,Front
160,2.6666666666666665,Participant1_IMG_4745,Participant1,Mesomorph,Normal,slouch,0.9917011558598152,-170.93339304762915,-166.98064316001722,-0.3639425113797188,-0.3316671963484558,0.3456434582108528,1,Front
161,2.683333333333333,Participant1_IMG_4745,Participant1,Mesomorph,Normal,slouch,0.9898539466184596,-169.9744550962324,-166.80078911930536,-0.3469350263476372,-0.2774953619824162,0.3477482549824433,1,Front
162,2.7,Participant1_IMG_4745,Participant1,Mesomorph,Normal,slouch,0.9792405943687192,-171.14894483964704,-167.77014846810252,-0.382378526031971,0.4218555538411542,0.3478166358624992,1,Front
163,2.716666666666667,Participant1_IMG_4745,Participant1,Mesomorph,Normal,slouch,0.9704228525769726,-171.86925120330298,-168.6485269747835,-0.4034316465258598,0.8069000069083405,0.3466616390992731,1,Front
164,2.7333333333333334,Participant1_IMG_4745,Participant1,Mesomorph,Normal,slouch,0.9461309270659172,-170.55665371078854,-167.10726634459076,-0.3764999732375145,0.3890851750087576,0.3503677510508465,1,Front
165,2.75,Participant1_IMG_4745,Participant1,Mesomorph,Normal,slouch,0.9524160737348132,-170.2808000254622,-167.3756555555671,-0.3514819145202636,0.4050232844868126,0.3470672514635004,1,Front
166,2.7666666666666666,Participant1_IMG_4745,Participant1,Mesomorph,Normal,slouch,0.9744890754859368,-171.12627320580322,-168.36353276428082,-0.4079797863960266,0.4130744471045045,0.3475448178188844,1,Front
167,2.783333333333333,Participant1_IMG_4745,Participant1,Mesomorph,Normal,slouch,0.9751451348531396,-171.1744971823195,-168.23902907935522,-0.4029119536280632,0.432107521031578,0.3479197899288208,1,Front
168,2.8,Participant1_IMG_4745,Participant1,Mesomorph,Normal,slouch,0.9668354530854856,-171.2562746064262,-167.4594342916607,-0.3655138090252876,0.8216143433822151,0.3480940818134552,1,Front
169,2.816666666666667,Participant1_IMG_4745,Participant1,Mesomorph,Normal,slouch,0.9579006544862614,-171.79602946427983,-167.04885515118343,-0.3742965906858444,0.5904242060866501,0.3473829001979691,1,Front
170,2.833333333333333,Participant1_IMG_4745,Participant1,Mesomorph,Normal,slouch,0.9592618095731412,-171.5924759060076,-167.454184292409,-0.3537959158420563,0.6677928557592492,0.3467965870797107,1,Front
171,2.85,Participant1_IMG_4745,Participant1,Mesomorph,Normal,slouch,0.966979830389054,-172.0434170808461,-167.46665390379556,-0.3698765560984611,0.639971205940459,0.346771184258594,1,Front
172,2.8666666666666667,Participant1_IMG_4745,Participant1,Mesomorph,Normal,slouch,0.971576034921422,-170.8595885574679,-167.0952127101387,-0.3464450389146805,0.5038704148098989,0.3467789723288267,1,Front
173,2.8833333333333333,Participant1_IMG_4745,Participant1,Mesomorph,Normal,slouch,0.984963302817336,-171.6184121298886,-167.7415933290412,-0.3672033026814461,0.577739142411368,0.3466667823145263,1,Front
174,2.9,Participant1_IMG_4745,Participant1,Mesomorph,Normal,slouch,0.9928709618972216,-171.86745511629812,-166.85655697374253,-0.3563578799366951,0.2419320513369716,0.3470204186551683,1,Front
175,2.9166666666666665,Participant1_IMG_4745,Participant1,Mesomorph,Normal,slouch,0.9840280183840469,-171.23779569981957,-166.86820988062937,-0.3695486932992935,0.2407518250756211,0.3463487612808106,1,Front
176,2.933333333333333,Participant1_IMG_4745,Participant1,Mesomorph,Normal,slouch,0.9862944598613128,-172.28031317335584,-166.94107660042883,-0.3529580757021904,0.3737788419607937,0.3486041618831603,1,Front
177,2.95,Participant1_IMG_4745,Participant1,Mesomorph,Normal,slouch,0.9786347704725284,-171.33177519924234,-167.56788088407973,-0.3664073795080185,0.222510512930716,0.3487430587599153,1,Front
178,2.966666666666667,Participant1_IMG_4745,Participant1,Mesomorph,Normal,slouch,0.987394551088602,-171.5606610974697,-167.11789516699685,-0.3615246564149856,0.0249127877838714,0.349579035720513,1,Front
179,2.9833333333333334,Participant1_IMG_4745,Participant1,Mesomorph,Normal,slouch,0.9800869186886126,-170.94204657090816,-167.5559144751332,-0.3677685558795929,-0.0716830796709268,0.3487975539423164,1,Front
180,3.0,Participant1_IMG_4745,Participant1,Mesomorph,Normal,slouch,0.9570728190193544,-171.61162387809622,-166.6720393114525,-0.3354045003652572,0.5593792530786084,0.3494391178564175,1,Front
181,3.0166666666666666,Participant1_IMG_4745,Participant1,Mesomorph,Normal,slouch,0.958181619953622,-171.5165257802142,-165.78887683992446,-0.341041587293148,0.7715220566030759,0.3492547409174097,1,Front
182,3.033333333333333,Participant1_IMG_4745,Participant1,Mesomorph,Normal,slouch,0.9566340880284416,-171.69693563002932,-166.84249071989598,-0.3469700068235397,0.7655236514183434,0.3493156330430029,1,Front
183,3.05,Participant1_IMG_4745,Participant1,Mesomorph,Normal,slouch,0.9541452126034224,-170.58372191027377,-167.46556408509898,-0.353236086666584,0.6884126956584289,0.3515137141648782,1,Front
184,3.066666666666667,Participant1_IMG_4745,Participant1,Mesomorph,Normal,slouch,0.954123963964285,-171.20048488968754,-167.08284346818454,-0.3296968638896942,0.7792775035528903,0.3509714893296129,1,Front
185,3.083333333333333,Participant1_IMG_4745,Participant1,Mesomorph,Normal,slouch,0.9584739879349689,-172.23408186055212,-166.69751149894415,-0.3303117901086807,0.9365200199053608,0.3470350909740354,1,Front
186,3.1,Participant1_IMG_4745,Participant1,Mesomorph,Normal,slouch,0.9627794157666344,-170.93203372349683,-167.31267363685637,-0.3455023393034935,0.7455757079681022,0.348316920480906,1,Front
187,3.1166666666666667,Participant1_IMG_4745,Participant1,Mesomorph,Normal,slouch,0.9682458950629028,-170.18266204222613,-166.69441821348116,-0.3700075969099998,0.7965943844499302,0.3476363844638149,1,Front
188,3.1333333333333333,Participant1_IMG_4745,Participant1,Mesomorph,Normal,slouch,0.9759290535218832,-171.2734992208229,-167.24391601568942,-0.3367721289396286,0.9702815035372506,0.3451457535146889,1,Front
189,3.15,Participant1_IMG_4745,Participant1,Mesomorph,Normal,slouch,0.9661506867098684,-171.55563975713852,-166.0622652756067,-0.3344789370894432,0.8285875151488444,0.3465829800351397,1,Front
190,3.1666666666666665,Participant1_IMG_4745,Participant1,Mesomorph,Normal,slouch,0.974851641091286,-172.1116685414324,-167.82840218459816,-0.3338538631796837,0.6207322575514934,0.3466926437241368,1,Front
191,3.183333333333333,Participant1_IMG_4745,Participant1,Mesomorph,Normal,slouch,0.9752581217811566,-172.37338138023466,-167.1955435277401,-0.3289425000548363,1.028423735785947,0.3461511605789688,1,Front
192,3.2,Participant1_IMG_4745,Participant1,Mesomorph,Normal,slouch,0.9771167514032932,-171.31887122494797,-165.75377189247737,-0.3310443162918091,0.5560616964782406,0.3463196804266452,1,Front
193,3.216666666666667,Participant1_IMG_4745,Participant1,Mesomorph,Normal,slouch,0.9784438258127124,-172.45775685739798,-167.085101465776,-0.3498612567782402,1.0514006338702573,0.3411652625184935,1,Front
194,3.2333333333333334,Participant1_IMG_4745,Participant1,Mesomorph,Normal,slouch,0.9890511034633952,-172.07589443636644,-166.4780496293814,-0.3404236510396004,0.267501878610952,0.3440007379229245,1,Front
195,3.25,Participant1_IMG_4745,Participant1,Mesomorph,Normal,slouch,0.9909156956115296,-172.33924268762755,-166.7335141229373,-0.3702220842242241,0.1951354049117115,0.3425453369422906,1,Front
196,3.2666666666666666,Participant1_IMG_4745,Participant1,Mesomorph,Normal,slouch,0.9905870701285244,-173.0287201309659,-166.12084790565393,-0.3653179779648781,0.584282750391516,0.3408601327018777,1,Front
197,3.283333333333333,Participant1_IMG_4745,Participant1,Mesomorph,Normal,slouch,0.989048880296586,-171.30308365669296,-167.06767277361908,-0.3399926573038101,0.6508143323901245,0.3439353707525995,1,Front
198,3.3,Participant1_IMG_4745,Participant1,Mesomorph,Normal,slouch,0.9872752360485688,-171.10688874343893,-167.68619386047288,-0.3437355235219002,0.3814470928905731,0.346198805416766,1,Front
199,3.316666666666667,Participant1_IMG_4745,Participant1,Mesomorph,Normal,slouch,0.9909269191943454,-171.38597987207356,-167.85041822392512,-0.3298076912760734,0.4231937451363221,0.3447207059352005,1,Front
200,3.333333333333333,Participant1_IMG_4745,Participant1,Mesomorph,Normal,slouch,0.9840368607758084,-172.13710648966966,-167.0818690540141,-0.3625559732317924,0.6476769865231838,0.3430846581356563,1,Front
201,3.35,Participant1_IMG_4745,Participant1,Mesomorph,Normal,slouch,0.990950180793507,-170.9248340740894,-167.43594013917695,-0.3434431031346321,0.3925817684736196,0.3462585029405635,1,Front
202,3.3666666666666667,Participant1_IMG_4745,Participant1,Mesomorph,Normal,slouch,0.983577880080536,-170.81791246432886,-166.28726859959667,-0.3311953172087669,0.0138407689551614,0.350327875858232,1,Front
203,3.3833333333333333,Participant1_IMG_4745,Participant1,Mesomorph,Normal,slouch,0.9855762937707953,-170.73795407964852,-167.35708701568151,-0.3405425250530243,-0.0567873750077899,0.3505962586787197,1,Front
204,3.4,Participant1_IMG_4745,Participant1,Mesomorph,Normal,slouch,0.9888714295438212,-170.5595391496316,-167.6155791517456,-0.3264247104525566,0.056557035356591,0.3489123691882926,1,Front
205,3.4166666666666665,Participant1_IMG_4745,Participant1,Mesomorph,Normal,slouch,0.9893171526880497,-170.82581131405811,-166.942795502148,-0.3249189555644989,-0.2286370324018349,0.3491554610430932,1,Front
206,3.433333333333333,Participant1_IMG_4745,Participant1,Mesomorph,Normal,slouch,0.9910687000889344,-170.9343688302151,-166.66986819543908,-0.3291065692901611,-0.4938655926092664,0.3493958589918621,1,Front
207,3.45,Participant1_IMG_4745,Participant1,Mesomorph,Normal,slouch,0.9874861212455524,-170.909582718649,-166.72797099896573,-0.3904221206903457,-0.3484429229521694,0.3488472883004847,1,Front
208,3.466666666666667,Participant1_IMG_4745,Participant1,Mesomorph,Normal,slouch,0.9959812035929168,-171.98749957527502,-167.39641548665864,-0.3306978568434715,-0.2294054892440853,0.3464496790037187,1,Front
209,3.4833333333333334,Participant1_IMG_4745,Participant1,Mesomorph,Normal,slouch,0.9946338080923228,-172.25905717669625,-167.81686249734466,-0.3827612176537514,-0.0504547511842478,0.3471814491029693,1,Front
210,3.5,Participant1_IMG_4745,Participant1,Mesomorph,Normal,slouch,0.9965809194846716,-172.84254181021956,-167.69646491797027,-0.3942890465259552,0.254757039860824,0.3439909657341873,1,Front
211,3.5166666666666666,Participant1_IMG_4745,Participant1,Mesomorph,Normal,slouch,0.9956299563162784,-171.76311833928298,-167.0537324815266,-0.3403813019394874,-0.3867110311591134,0.3487765076991808,1,Front
212,3.533333333333333,Participant1_IMG_4745,Participant1,Mesomorph,Normal,slouch,0.993379981717904,-171.0519156123969,-166.0211063666874,-0.3337523117661476,-0.4734830719042486,0.3484910322788805,1,Front
213,3.55,Participant1_IMG_4745,Participant1,Mesomorph,Normal,slouch,0.9929227673991246,-171.11623409881824,-166.78205933943656,-0.3552183210849762,0.0293625632797801,0.3494775688342303,1,Front
214,3.566666666666667,Participant1_IMG_4745,Participant1,Mesomorph,Normal,slouch,0.9940509952937252,-172.06915891190087,-167.27418778964218,-0.3586805611848831,0.0769008909780097,0.3517022194025585,1,Front
215,3.583333333333333,Participant1_IMG_4745,Participant1,Mesomorph,Normal,slouch,0.9898180257571514,-172.77414221743922,-167.40829710178497,-0.3557696491479873,0.5000332968111311,0.3535948035948238,1,Front
216,3.6,Participant1_IMG_4745,Participant1,Mesomorph,Normal,slouch,0.9689568437001634,-172.27100952409532,-167.90034949962632,-0.3641144633293152,0.2788184010193784,0.3559324093164117,1,Front
217,3.616666666666666,Participant1_IMG_4745,Participant1,Mesomorph,Normal,slouch,0.9724131992517356,-173.5500692841229,-167.10166414748076,-0.3722452148795128,0.8797050787054026,0.3510365268984317,1,Front
218,3.633333333333333,Participant1_IMG_4745,Participant1,Mesomorph,Normal,slouch,0.9472347222646444,-170.08800576290497,-168.3923905142753,-0.357536032795906,0.1105690373622244,0.3547317294012245,1,Front
219,3.65,Participant1_IMG_4745,Participant1,Mesomorph,Normal,slouch,0.972137816793794,-173.04932628352805,-167.69620389412498,-0.3863266259431839,0.8267118247814217,0.3503161819131143,1,Front
220,3.6666666666666665,Participant1_IMG_4745,Participant1,Mesomorph,Normal,slouch,0.9469827229784052,-170.38630684715926,-167.9088676668352,-0.333072230219841,0.1534087906892304,0.3530732959691208,1,Front
221,3.683333333333333,Participant1_IMG_4745,Participant1,Mesomorph,Normal,slouch,0.9483978850118696,-170.1267117115856,-166.13372824056455,-0.4006334245204925,0.0863603383417934,0.3529800088763291,1,Front
222,3.7,Participant1_IMG_4745,Participant1,Mesomorph,Normal,slouch,0.9420660926189388,-170.43680732832627,-167.22769041376276,-0.3824798688292503,0.2646773705146814,0.3536678192840564,1,Front
223,3.716666666666667,Participant1_IMG_4745,Participant1,Mesomorph,Normal,slouch,0.9486095789031826,-170.8930710818744,-167.3028423108385,-0.4175028204917907,0.0930549656622079,0.3536075191937468,1,Front
224,3.733333333333333,Participant1_IMG_4745,Participant1,Mesomorph,Normal,slouch,0.9444485736475964,-171.17516115736476,-167.86507177398138,-0.3803743720054626,0.3429250301460962,0.3522816535748805,1,Front
225,3.75,Participant1_IMG_4745,Participant1,Mesomorph,Normal,slouch,0.9559519005630338,-170.42997222639735,-166.39492728253035,-0.3870524913072586,0.1627360793185544,0.3546627061518444,1,Front
226,3.7666666666666666,Participant1_IMG_4745,Participant1,Mesomorph,Normal,slouch,0.9619585676404964,-171.25311352087945,-167.8066102081799,-0.3448447212576866,0.3109468124859977,0.3488382272254773,1,Front
227,3.783333333333333,Participant1_IMG_4745,Participant1,Mesomorph,Normal,slouch,0.9515517121555196,-170.75555694273314,-169.51875122185274,-0.3688647150993347,0.1254426671358917,0.3495765253736803,1,Front
228,3.8,Participant1_IMG_4745,Participant1,Mesomorph,Normal,slouch,0.9519365223401788,-171.45608145044346,-168.04200486145203,-0.390334852039814,0.3711279441526721,0.3511297693788188,1,Front
229,3.816666666666667,Participant1_IMG_4745,Participant1,Mesomorph,Normal,slouch,0.9550072413915016,-171.27207871880094,-167.72326157113463,-0.3564624488353729,-0.0914824672115767,0.3540317418404173,1,Front
230,3.8333333333333335,Participant1_IMG_4745,Participant1,Mesomorph,Normal,slouch,0.9612115159816133,-171.26758982235486,-167.45097160370435,-0.3619974255561828,0.2582507102990224,0.3502313820087421,1,Front
231,3.85,Participant1_IMG_4745,Participant1,Mesomorph,Normal,slouch,0.9575307762589672,-171.7890317626187,-167.2089471406335,-0.3579336628317833,0.2807467030656013,0.3526433277481075,1,Front
232,3.866666666666666,Participant1_IMG_4745,Participant1,Mesomorph,Normal,slouch,0.966013715488591,-171.18264607103035,-167.68540455709928,-0.3398953899741173,-0.0404896607578813,0.3523049722243531,1,Front
233,3.883333333333333,Participant1_IMG_4745,Participant1,Mesomorph,Normal,slouch,0.9486334062796868,-171.07738743963904,-169.4036135449945,-0.3593464642763138,0.3951687101416603,0.3520030158276522,1,Front
234,3.9,Participant1_IMG_4745,Participant1,Mesomorph,Normal,slouch,0.9659094690722506,-172.59456690236053,-168.318772287456,-0.334447793662548,0.4076351109168668,0.3500785158275105,1,Front
235,3.9166666666666665,Participant1_IMG_4745,Participant1,Mesomorph,Normal,slouch,0.963078046137001,-171.4750598643835,-167.77072025213084,-0.3564867153763771,0.3370210245692414,0.348965238187881,1,Front
236,3.933333333333333,Participant1_IMG_4745,Participant1,Mesomorph,Normal,slouch,0.9655422498786712,-172.20951981336816,-166.44607305863107,-0.3359644934535026,0.2874127492932977,0.3501034742488595,1,Front
237,3.95,Participant1_IMG_4745,Participant1,Mesomorph,Normal,slouch,0.953350918927735,-171.60951988213026,-167.90836535652073,-0.3442239686846733,0.4018895669982603,0.3506294320867734,1,Front
238,3.966666666666667,Participant1_IMG_4745,Participant1,Mesomorph,Normal,slouch,0.948736729188004,-171.04777430557377,-168.00025922657858,-0.3365539312362671,0.3015833609199885,0.3507346874561194,1,Front
239,3.983333333333333,Participant1_IMG_4745,Participant1,Mesomorph,Normal,slouch,0.95030127190329,-170.38573316201928,-167.60786642802788,-0.3590937927365303,-0.0597155354477749,0.3503693754209878,1,Front
240,4.0,Participant1_IMG_4745,Participant1,Mesomorph,Normal,slouch,0.9555997250363248,-171.0714928783879,-166.460117223712,-0.3742505460977554,0.5207541555523816,0.344823198589466,1,Front
241,4.016666666666667,Participant1_IMG_4745,Participant1,Mesomorph,Normal,slouch,0.9638872267324752,-170.9594244921251,-166.38945526325665,-0.3788798972964287,0.313714152330851,0.3476921231519977,1,Front
242,4.033333333333333,Participant1_IMG_4745,Participant1,Mesomorph,Normal,slouch,0.9583086331364328,-170.94865655519533,-166.49959404280293,-0.3981925472617149,0.3350171227610217,0.3477710609756341,1,Front
243,4.05,Participant1_IMG_4745,Participant1,Mesomorph,Normal,slouch,0.9704017728074604,-171.50676264210654,-166.77563841332002,-0.3443409278988838,0.0341610129927106,0.3463007872135882,1,Front
244,4.066666666666666,Participant1_IMG_4745,Participant1,Mesomorph,Normal,slouch,0.9616217831206038,-170.74173272551184,-166.8420674970325,-0.3532509952783584,0.1160702553246447,0.3491102133076246,1,Front
245,4.083333333333333,Participant1_IMG_4745,Participant1,Mesomorph,Normal,slouch,0.9650391844967716,-170.96385836761365,-166.2676412730779,-0.352301612496376,0.1132051722000476,0.3462920439223087,1,Front
246,4.1,Participant1_IMG_4745,Participant1,Mesomorph,Normal,slouch,0.9636681611570652,-171.58967370822836,-167.55667580387868,-0.3310637325048446,0.2404183733626957,0.347818447887899,1,Front
247,4.116666666666666,Participant1_IMG_4745,Participant1,Mesomorph,Normal,slouch,0.9769868116622464,-172.1474967312418,-166.17111422511258,-0.3312098383903503,0.5186202902415464,0.3479416555135873,1,Front
248,4.133333333333334,Participant1_IMG_4745,Participant1,Mesomorph,Normal,slouch,0.9760645677448524,-171.34048142618735,-167.77694539727534,-0.3411123752593994,-0.0241895318585656,0.3483720868834373,1,Front
249,4.15,Participant1_IMG_4745,Participant1,Mesomorph,Normal,slouch,0.9846030324515268,-172.566079652873,-167.8547585024963,-0.3374968916177749,0.5166044185301579,0.3471698648964722,1,Front
250,4.166666666666667,Participant1_IMG_4745,Participant1,Mesomorph,Normal,slouch,0.9981855207204948,-173.5747455186012,-168.17187522857208,-0.3478963151574135,0.7122052964937777,0.3499086730846233,1,Front
251,4.183333333333334,Participant1_IMG_4745,Participant1,Mesomorph,Normal,slouch,0.9965561206860188,-172.9368611863522,-168.07033764179909,-0.3347716331481933,0.0299190321786721,0.3498593820794439,1,Front
252,4.2,Participant1_IMG_4745,Participant1,Mesomorph,Normal,slouch,1.003937635794688,-173.08877966308071,-167.76830293806108,-0.3598120659589767,-0.0413489457384554,0.3484054174438644,1,Front
253,4.216666666666667,Participant1_IMG_4745,Participant1,Mesomorph,Normal,slouch,0.9947199254510684,-173.62733488019512,-167.1764811986079,-0.350927509367466,0.4736531219975727,0.3490654196241045,1,Front
254,4.233333333333333,Participant1_IMG_4745,Participant1,Mesomorph,Normal,slouch,0.9797316356266368,-171.66889659651883,-168.1424159630923,-0.3296375796198845,-0.0928930352874716,0.3486472278066705,1,Front
255,4.25,Participant1_IMG_4745,Participant1,Mesomorph,Normal,slouch,0.9693090159598154,-171.10385819869003,-169.23586489506803,-0.3254320248961448,0.2227054266384472,0.3531032279003437,1,Front
256,4.266666666666667,Participant1_IMG_4745,Participant1,Mesomorph,Normal,slouch,0.9648035138400994,-170.7014243425641,-168.7857450855772,-0.3509920984506607,0.1710567091169141,0.3538287917157801,1,Front
257,4.283333333333333,Participant1_IMG_4745,Participant1,Mesomorph,Normal,slouch,0.9832128829818036,-172.78533459429272,-168.92564518144064,-0.3508741930127144,0.7137234371758978,0.3503317120446127,1,Front
258,4.3,Participant1_IMG_4745,Participant1,Mesomorph,Normal,slouch,0.9835832563074276,-174.29337014138534,-167.35935944366594,-0.3588852509856224,0.8096579030660422,0.3500795937489999,1,Front
259,4.316666666666666,Participant1_IMG_4745,Participant1,Mesomorph,Normal,slouch,1.014087882835473,-172.94007992193264,-167.54961839461467,-0.3563412427902221,-0.4392449070284208,0.3413970144915581,1,Front
260,4.333333333333333,Participant1_IMG_4745,Participant1,Mesomorph,Normal,slouch,1.0178192549872525,-171.6439755605188,-167.19085312852704,-0.3960351645946502,0.0708988994417286,0.3437228488852261,1,Front
261,4.35,Participant1_IMG_4745,Participant1,Mesomorph,Normal,slouch,1.040268263481459,-172.4827009454004,-168.06693782024325,-0.4186691269278526,-0.0448359018733037,0.3421217608723162,1,Front
262,4.366666666666666,Participant1_IMG_4745,Participant1,Mesomorph,Normal,slouch,1.0062437003784983,-171.54563631757478,-167.55309762090832,-0.4189393371343612,0.6121060726981987,0.3420215895930964,1,Front
263,4.383333333333334,Participant1_IMG_4745,Participant1,Mesomorph,Normal,slouch,0.9960176123511424,-171.40536481808795,-166.17994235371043,-0.4031113982200622,0.6780773229020857,0.3440788429810051,1,Front
264,4.4,Participant1_IMG_4745,Participant1,Mesomorph,Normal,slouch,1.010794540145007,-172.44392939850314,-164.82889025676863,-0.3607544973492622,0.750019316995646,0.3442464863458952,1,Front
265,4.416666666666667,Participant1_IMG_4745,Participant1,Mesomorph,Normal,slouch,0.9874370851353214,-172.43099912642515,-164.6462650100215,-0.3604844808578491,0.5485156655559985,0.3443333442504083,1,Front
266,4.433333333333334,Participant1_IMG_4745,Participant1,Mesomorph,Normal,slouch,0.9953117505678964,-172.14162338530778,-163.23219316373255,-0.3646977916359901,0.4281349729251972,0.3459647371748792,1,Front
267,4.45,Participant1_IMG_4745,Participant1,Mesomorph,Normal,slouch,0.9876090973059948,-173.01235412661126,-164.2049074341164,-0.3961039632558822,0.6338883440237252,0.3495775688161024,1,Front
268,4.466666666666667,Participant1_IMG_4745,Participant1,Mesomorph,Normal,slouch,0.9808343557773324,-172.11716733827538,-164.1790763740004,-0.3595215007662773,0.1022416304927366,0.3502880802519766,1,Front
269,4.483333333333333,Participant1_IMG_4745,Participant1,Mesomorph,Normal,slouch,1.0078707766437394,-172.47479557682703,-165.0366022527743,-0.3781017735600471,0.5203270931169205,0.3445411584705528,1,Front
270,4.5,Participant1_IMG_4745,Participant1,Mesomorph,Normal,slouch,1.010010233751858,-169.73001589867872,-164.53358293020716,-0.3448793068528175,-0.6431707266226638,0.3537469136729697,1,Front
271,4.516666666666667,Participant1_IMG_4745,Participant1,Mesomorph,Normal,slouch,0.9966098286454464,-171.11940800914775,-164.18880829082642,-0.3703713417053222,-0.6581270640439113,0.3532555305880102,1,Front
272,4.533333333333333,Participant1_IMG_4745,Participant1,Mesomorph,Normal,slouch,1.000443898361106,-169.72839178406795,-164.03322019887855,-0.3320632427930832,-0.8233169614467277,0.3572287906359718,1,Front
273,4.55,Participant1_IMG_4745,Participant1,Mesomorph,Normal,slouch,0.992748524294092,-169.4514106051369,-163.91175812099684,-0.3403060585260391,-1.484422883992481,0.3631068722894898,1,Front
274,4.566666666666666,Participant1_IMG_4745,Participant1,Mesomorph,Normal,slouch,0.9804361127206412,-168.32570642137935,-163.31939681879402,-0.3653245195746422,-1.8827118877815885,0.3661241250761806,1,Front
275,4.583333333333333,Participant1_IMG_4745,Participant1,Mesomorph,Normal,slouch,0.9810748130371632,-170.4870683756378,-164.66749929698315,-0.3327431157231331,-1.510201302565472,0.3639405958713951,1,Front
276,4.6,Participant1_IMG_4745,Participant1,Mesomorph,Normal,slouch,0.9855832088338898,-173.02568520293988,-163.7285130518385,-0.3667571246623993,-0.388619334027287,0.3505325663415107,1,Front
277,4.616666666666666,Participant1_IMG_4745,Participant1,Mesomorph,Normal,slouch,0.9826457745649004,-173.20353961561085,-165.56864699805897,-0.3569444268941879,-1.0176975274164182,0.3535745262696271,1,Front
278,4.633333333333334,Participant1_IMG_4745,Participant1,Mesomorph,Normal,slouch,0.966789461270187,-175.40857865808263,-166.71125291659447,-0.4404357299208641,-0.6611901860653314,0.3583321970920434,1,Front
279,4.65,Participant1_IMG_4745,Participant1,Mesomorph,Normal,slouch,0.9815527455849932,-174.7694798947927,-163.09780771497657,-0.4220402464270592,-1.1127609325095351,0.3573236387546247,1,Front
280,4.666666666666667,Participant1_IMG_4745,Participant1,Mesomorph,Normal,slouch,0.976646528406098,-173.97188444765663,-163.48766906373973,-0.5384086966514587,-1.1992239628898755,0.3510242394478562,1,Front
281,4.683333333333334,Participant1_IMG_4745,Participant1,Mesomorph,Normal,slouch,0.9857579841916334,-175.79734048548718,-165.92681389714846,-0.5081824362277985,-1.047081068848582,0.3598279829735971,1,Front
282,4.7,Participant1_IMG_4745,Participant1,Mesomorph,Normal,slouch,0.9824954587111008,-176.02469486634664,-166.6192352172912,-0.5356082320213318,-0.51274283332771,0.3534871768862433,1,Front
283,4.716666666666667,Participant1_IMG_4745,Participant1,Mesomorph,Normal,slouch,0.975633703594846,-176.0316709680053,-166.84103757469435,-0.5284188911318779,-1.109794634289643,0.3422021732002386,1,Front
284,4.733333333333333,Participant1_IMG_4745,Participant1,Mesomorph,Normal,slouch,0.9927927995679828,-178.00793074827425,-166.77345866350927,-0.5454422160983086,-0.1524243384231826,0.3416761381055992,1,Front
285,4.75,Participant1_IMG_4745,Participant1,Mesomorph,Normal,slouch,0.9710505197396584,-178.3428131376544,-165.55857209792688,-0.5275960266590118,-0.4908354512208616,0.3411743672347337,1,Front
286,4.766666666666667,Participant1_IMG_4745,Participant1,Mesomorph,Normal,slouch,0.9858357105019918,-177.68349169236413,-165.65425180193378,-0.5546565353870392,-0.4965421987225311,0.3414597262479831,1,Front
287,4.783333333333333,Participant1_IMG_4745,Participant1,Mesomorph,Normal,slouch,0.985854507628558,-177.03717631500407,-167.20169559447865,-0.5685334354639053,0.0440332874055499,0.3420568168986508,1,Front
288,4.8,Participant1_IMG_4745,Participant1,Mesomorph,Normal,slouch,0.9878036128953568,-179.7012811025246,-165.56329099134953,-0.6201710104942322,0.0578415396240494,0.3296681744017056,1,Front
289,4.816666666666666,Participant1_IMG_4745,Participant1,Mesomorph,Normal,slouch,0.9763854875903124,-176.83624002747584,-169.3443977637002,-0.54377081990242,-0.90213385087664,0.3386936550351379,1,Front
290,4.833333333333333,Participant1_IMG_4745,Participant1,Mesomorph,Normal,slouch,0.9929553744897336,178.59304342085488,-168.47030856105675,-0.6052899956703186,-0.1697721392881798,0.3340459540696384,1,Front
291,4.85,Participant1_IMG_4745,Participant1,Mesomorph,Normal,slouch,1.009490128166924,178.6684030632153,-167.5016989180879,-0.6271526962518692,-0.6871432416871179,0.3286652327736616,1,Front
292,4.866666666666666,Participant1_IMG_4745,Participant1,Mesomorph,Normal,slouch,0.9801216470700016,178.02225371709326,-169.6121583937315,-0.6176404505968094,0.3098712991848406,0.3302964871132778,1,Front
293,4.883333333333334,Participant1_IMG_4745,Participant1,Mesomorph,Normal,slouch,0.9994356598712164,176.53747149891754,-167.94302095040877,-0.6067738309502602,-0.3343447986328916,0.32835393390132,1,Front
294,4.9,Participant1_IMG_4745,Participant1,Mesomorph,Normal,slouch,1.0280830525047011,178.04750948346663,-167.29541594924777,-0.6192685887217522,-0.669477165972322,0.3317069104540459,1,Front
295,4.916666666666667,Participant1_IMG_4745,Participant1,Mesomorph,Normal,slouch,1.0057468477491651,176.15819239412792,-168.5221339104635,-0.5578092411160469,0.1018752630788857,0.3293576311896474,1,Front
296,4.933333333333334,Participant1_IMG_4745,Participant1,Mesomorph,Normal,slouch,0.9987770926594636,177.267440749204,-167.2731316364162,-0.5468967705965042,-0.056886106070597,0.3297791524215084,1,Front
297,4.95,Participant1_IMG_4745,Participant1,Mesomorph,Normal,slouch,1.001172975183669,177.77674519967215,-168.8242252965728,-0.5385388284921646,-0.5278827809737476,0.3312002554367353,1,Front
298,4.966666666666667,Participant1_IMG_4745,Participant1,Mesomorph,Normal,slouch,0.993272361325086,178.59369534650213,-168.91834566410563,-0.5572547763586044,-0.7798875803739268,0.3325104296448978,1,Front
299,4.983333333333333,Participant1_IMG_4745,Participant1,Mesomorph,Normal,slouch,0.987943267711636,177.22962810858706,-167.1143875581713,-0.5590515285730362,-0.016936760943425,0.3323748259913151,1,Front
300,5.0,Participant1_IMG_4745,Participant1,Mesomorph,Normal,slouch,1.0056313304238282,177.58977596499727,-166.15163063277902,-0.463827520608902,0.362155679960996,0.3267970296685775,1,Front
301,5.016666666666667,Participant1_IMG_4745,Participant1,Mesomorph,Normal,slouch,1.00841556019929,179.5436806786933,-167.88190407174545,-0.5442293360829353,-0.2657179277584201,0.3312229656208746,1,Front
302,5.033333333333333,Participant1_IMG_4745,Participant1,Mesomorph,Normal,slouch,1.0227890465937557,177.24824312625077,-166.57209683999346,-0.5258210077881813,-0.00141596164793,0.3313153075994499,1,Front
303,5.05,Participant1_IMG_4745,Participant1,Mesomorph,Normal,slouch,0.9900316736009912,178.7531785649907,-167.67618418121265,-0.5628236681222916,-1.004238905760611,0.3302749355394258,1,Front
304,5.066666666666666,Participant1_IMG_4745,Participant1,Mesomorph,Normal,slouch,0.9950544004809138,178.08208844707184,-167.83377809982207,-0.5259111896157265,-0.6286379338071646,0.3315603846048307,1,Front
305,5.083333333333333,Participant1_IMG_4745,Participant1,Mesomorph,Normal,slouch,0.9701825978310942,-178.95032105404147,-166.41565357991652,-0.604241780936718,-1.277267093557221,0.3289437961448837,1,Front
306,5.1,Participant1_IMG_4745,Participant1,Mesomorph,Normal,slouch,0.9769919333925682,179.31516424230824,-165.94110523031836,-0.580682247877121,-0.6597128762118913,0.3311869444876651,1,Front
307,5.116666666666666,Participant1_IMG_4745,Participant1,Mesomorph,Normal,slouch,0.9756009441038872,-179.48452728222514,-164.1023734174778,-0.5891755595803261,-1.9744208430447887,0.3305607105548509,1,Front
308,5.133333333333334,Participant1_IMG_4745,Participant1,Mesomorph,Normal,slouch,0.9770192115798624,179.04352218648555,-163.9931115454016,-0.5644381567835808,-1.7585622523354276,0.3275398422530856,1,Front
309,5.15,Participant1_IMG_4745,Participant1,Mesomorph,Normal,slouch,0.981112282802194,179.6118137666568,-165.0833697054076,-0.5671811103820801,-0.7407112961143489,0.3313541167793479,1,Front
310,5.166666666666667,Participant1_IMG_4745,Participant1,Mesomorph,Normal,slouch,0.9770764736260772,-179.6321508893768,-163.85166780926843,-0.5633195489645004,-1.972609078868712,0.3294155538541947,1,Front
311,5.183333333333334,Participant1_IMG_4745,Participant1,Mesomorph,Normal,slouch,0.9834268219859168,-179.34779929480914,-162.80767049659235,-0.6001011878252029,-1.974851620512501,0.3306195653121169,1,Front
312,5.2,Participant1_IMG_4745,Participant1,Mesomorph,Normal,slouch,0.9887725658338192,178.1556029761984,-165.54846908465794,-0.6142516285181046,-1.5857522499404058,0.33567617368941,1,Front
313,5.216666666666667,Participant1_IMG_4745,Participant1,Mesomorph,Normal,slouch,0.9854796947570266,178.11800886280267,-167.30234315770505,-0.6773345023393631,-1.33179807605385,0.3361095032732039,1,Front
314,5.233333333333333,Participant1_IMG_4745,Participant1,Mesomorph,Normal,slouch,0.9785729227609706,178.80308590172228,-167.37840995181514,-0.6838064640760422,-1.906380337378757,0.3351328250390174,1,Front
315,5.25,Participant1_IMG_4745,Participant1,Mesomorph,Normal,slouch,0.981577082479419,179.67064711460384,-167.33866282913496,-0.6449020206928253,-1.4505616796479393,0.3358364157736921,1,Front
316,5.266666666666667,Participant1_IMG_4745,Participant1,Mesomorph,Normal,slouch,0.9822834163695398,177.40982796560257,-164.97328239042486,-0.6190012544393539,-1.222417085072828,0.335795865500563,1,Front
317,5.283333333333333,Participant1_IMG_4745,Participant1,Mesomorph,Normal,slouch,0.9883912412942992,178.65334563171814,-166.1671738215608,-0.5939931124448776,-1.5525866607391057,0.3374159047928325,1,Front
318,5.3,Participant1_IMG_4745,Participant1,Mesomorph,Normal,slouch,0.98815999088559,178.79654189675634,-163.40193340903917,-0.5846714675426483,-1.8680617380540003,0.3388475771360463,1,Front
319,5.316666666666666,Participant1_IMG_4745,Participant1,Mesomorph,Normal,slouch,0.9779582811074627,178.7210453854336,-163.62936326612973,-0.6094298213720322,-2.199118141046569,0.3386311441499809,1,Front
320,5.333333333333333,Participant1_IMG_4745,Participant1,Mesomorph,Normal,slouch,0.9816621023692608,178.1939889846894,-163.40072969710354,-0.5839444994926453,-2.082217595049254,0.3391147348867979,1,Front
321,5.35,Participant1_IMG_4745,Participant1,Mesomorph,Normal,slouch,0.9606508019400176,178.9150857102253,-166.0262783032286,-0.6388871818780899,-2.263381591616472,0.3410846502758493,1,Front
322,5.366666666666666,Participant1_IMG_4745,Participant1,Mesomorph,Normal,slouch,0.9812691675456108,-179.62012513401547,-162.9083456335938,-0.6329602003097534,-3.0321439851436303,0.3384419559366257,1,Front
323,5.383333333333334,Participant1_IMG_4745,Participant1,Mesomorph,Normal,slouch,0.985512456245756,179.084397894995,-163.65885412698984,-0.6305433660745621,-2.2978886930245106,0.3384048886595167,1,Front
324,5.4,Participant1_IMG_4745,Participant1,Mesomorph,Normal,slouch,0.9727598182841314,177.21820951720954,-166.0341854572762,-0.6304877400398254,-2.203619774960011,0.3307978747115292,1,Front
325,5.416666666666667,Participant1_IMG_4745,Participant1,Mesomorph,Normal,slouch,0.9706110958889836,178.96915162918802,-165.5702691794209,-0.6489599347114563,-1.7974523660255115,0.3330568885273693,1,Front
326,5.433333333333334,Participant1_IMG_4745,Participant1,Mesomorph,Normal,slouch,0.97175611795923,177.64797009930373,-164.5659919647488,-0.6253499835729599,-2.2371997746672965,0.3316347820602055,1,Front
327,5.45,Participant1_IMG_4745,Participant1,Mesomorph,Normal,slouch,0.95878733438195,-178.19599407843776,-166.7997493926333,-0.6385560482740402,-2.559518542761219,0.3382854454933076,1,Front
328,5.466666666666667,Participant1_IMG_4745,Participant1,Mesomorph,Normal,slouch,0.9724884313225884,179.97361321029473,-165.4346054974022,-0.6529966592788696,-2.3186904167565525,0.3362446187875713,1,Front
329,5.483333333333333,Participant1_IMG_4745,Participant1,Mesomorph,Normal,slouch,0.9559056982911516,-178.5077149532494,-166.18501362704535,-0.6221498250961304,-2.797667649348325,0.3350422644910644,1,Front
330,5.5,Participant1_IMG_4745,Participant1,Mesomorph,Normal,slouch,0.989047728706984,179.60884474714348,-165.96162378828902,-0.5623154640197754,-2.46966897503174,0.3373079822449888,1,Front
331,5.516666666666667,Participant1_IMG_4745,Participant1,Mesomorph,Normal,slouch,0.98088204170741,177.72689766877707,-165.0615634295363,-0.5436436980962753,-2.0788522328712693,0.3333874785170123,1,Front
332,5.533333333333333,Participant1_IMG_4745,Participant1,Mesomorph,Normal,slouch,0.9858593063504972,179.43499644836427,-165.1180871943863,-0.4960315264761448,-2.2338528498556625,0.3345617002340486,1,Front
333,5.55,Participant1_IMG_4745,Participant1,Mesomorph,Normal,slouch,0.9839075524200576,-179.60333318864735,-165.4595890227592,-0.4950397349894047,-2.2338528498556625,0.3363492032129933,1,Front
0,0.0,Participant8_WIN_20260730_09_56_32_Pro,Participant8,Mesomorph,Normal,slouch,0.5965522908678513,171.75416821100762,-179.7195767032741,-0.4123142063617706,0.8393392445123725,0.2363852883349313,1,Front
1,0.0333486891385767,Participant8_WIN_20260730_09_56_32_Pro,Participant8,Mesomorph,Normal,slouch,0.6356996120645065,171.52280053481738,-175.088848785168,-0.4096170514822006,-2.1632840967540607,0.2323369280916992,1,Front
2,0.0666973782771535,Participant8_WIN_20260730_09_56_32_Pro,Participant8,Mesomorph,Normal,slouch,0.6586720469166041,173.16539116265824,-175.7398329524594,-0.4124018549919128,-2.53722542242598,0.2340395568481994,1,Front
3,0.1000460674157303,Participant8_WIN_20260730_09_56_32_Pro,Participant8,Mesomorph,Normal,slouch,0.6629810922449181,172.6893566627559,-177.1106647076106,-0.3954090774059295,-2.0203331901619808,0.2335539309920166,1,Front
4,0.1333947565543071,Participant8_WIN_20260730_09_56_32_Pro,Participant8,Mesomorph,Normal,slouch,0.6115653876578094,170.64235922123018,-178.4986550608451,-0.4207773208618164,-0.932169281323758,0.2358352351711217,1,Front
5,0.1667434456928838,Participant8_WIN_20260730_09_56_32_Pro,Participant8,Mesomorph,Normal,slouch,0.628024933117867,172.89986274896236,-176.67850253941256,-0.4075102210044861,-1.4417220383888734,0.23025048237614,1,Front
6,0.2000921348314606,Participant8_WIN_20260730_09_56_32_Pro,Participant8,Mesomorph,Normal,slouch,0.5931376353909593,172.91710730655964,-179.1047987216149,-0.4152336716651916,-2.7972976394697606,0.2275796289463321,1,Front
7,0.2334408239700374,Participant8_WIN_20260730_09_56_32_Pro,Participant8,Mesomorph,Normal,slouch,0.5831073970816077,176.14528323688938,-177.21666123504312,-0.4099824428558349,-2.652424808800786,0.2234213587376605,1,Front
8,0.2667895131086142,Participant8_WIN_20260730_09_56_32_Pro,Participant8,Mesomorph,Normal,slouch,0.5972385028662184,172.65886905372233,-176.84112824631376,-0.412988618016243,0.590850014784246,0.2352547055017179,1,Front
9,0.300138202247191,Participant8_WIN_20260730_09_56_32_Pro,Participant8,Mesomorph,Normal,slouch,0.6009481292688463,172.10526310634614,-176.46559525758445,-0.4127834141254425,-1.1270206218706773,0.2319287475424548,1,Front
10,0.3334868913857677,Participant8_WIN_20260730_09_56_32_Pro,Participant8,Mesomorph,Normal,slouch,0.595495577610863,172.99720487436966,-177.0641126852451,-0.4173298925161361,-0.2352455471734207,0.2382474398892041,1,Front
11,0.3668355805243445,Participant8_WIN_20260730_09_56_32_Pro,Participant8,Mesomorph,Normal,slouch,0.6275528636130748,172.19135387128048,-177.6626301129058,-0.4468218833208084,-0.3169887574038509,0.2341287877153053,1,Front
12,0.4001842696629213,Participant8_WIN_20260730_09_56_32_Pro,Participant8,Mesomorph,Normal,slouch,0.590007511722903,172.11090892007954,-177.68255982397767,-0.430292472243309,1.7887478085336308,0.2304665067715813,1,Front
13,0.4335329588014981,Participant8_WIN_20260730_09_56_32_Pro,Participant8,Mesomorph,Normal,slouch,0.5701483733522695,170.15180914095052,-178.75239727876902,-0.4299752712249756,2.207593082154504,0.2333797958433278,1,Front
14,0.4668816479400749,Participant8_WIN_20260730_09_56_32_Pro,Participant8,Mesomorph,Normal,slouch,0.5917882554540128,173.8924261465842,-178.93102721132982,-0.4327683001756668,1.2914826947835287,0.2350314792714859,1,Front
15,0.5002303370786517,Participant8_WIN_20260730_09_56_32_Pro,Participant8,Mesomorph,Normal,slouch,0.5943476817504334,175.40372070609334,-176.60148981526825,-0.4325356036424637,0.7593334965267905,0.2307641909633547,1,Front
16,0.5335790262172284,Participant8_WIN_20260730_09_56_32_Pro,Participant8,Mesomorph,Normal,slouch,0.6154673756513397,173.58916820813346,-177.3617578160576,-0.4151568561792373,-0.357515693164237,0.2270758577137203,1,Front
17,0.5669277153558052,Participant8_WIN_20260730_09_56_32_Pro,Participant8,Mesomorph,Normal,slouch,0.6138403139791992,172.9826234070503,-175.6276308912171,-0.4279385209083557,1.3552455440336566,0.2330009372061521,1,Front
18,0.600276404494382,Participant8_WIN_20260730_09_56_32_Pro,Participant8,Mesomorph,Normal,slouch,0.638162968233822,173.68929831787048,-176.82923381293796,-0.4271427094936371,-0.2618812440532701,0.2291829775320372,1,Front
19,0.6336250936329588,Participant8_WIN_20260730_09_56_32_Pro,Participant8,Mesomorph,Normal,slouch,0.5989943899075666,177.4886690291574,-178.91611053271166,-0.4226908534765243,-2.934468108758867,0.2279620891209218,1,Front
20,0.6669737827715355,Participant8_WIN_20260730_09_56_32_Pro,Participant8,Mesomorph,Normal,slouch,0.5913574687954256,176.67623510789372,-179.21357859024334,-0.4132422804832458,-2.0756939532797736,0.2306594016764883,1,Front
21,0.7003224719101123,Participant8_WIN_20260730_09_56_32_Pro,Participant8,Mesomorph,Normal,slouch,0.6178879428473334,177.06525423294943,-177.74473982986075,-0.4222440421581268,-1.5257250415175745,0.228320051870322,1,Front
22,0.7336711610486891,Participant8_WIN_20260730_09_56_32_Pro,Participant8,Mesomorph,Normal,slouch,0.6275281616065712,173.3132359626809,-178.83544626537264,-0.4231244176626205,-2.798365001136147,0.2299948834371261,1,Front
23,0.7670198501872659,Participant8_WIN_20260730_09_56_32_Pro,Participant8,Mesomorph,Normal,slouch,0.626190104482174,174.24549690672316,-179.92615270088453,-0.4147856831550598,-0.1341885660041736,0.2340397370180727,1,Front
24,0.8003685393258426,Participant8_WIN_20260730_09_56_32_Pro,Participant8,Mesomorph,Normal,slouch,0.6341211054655362,171.95778481091628,-176.96403952922694,-0.4250840097665787,1.440576238456785,0.2387054142649776,1,Front
25,0.8337172284644194,Participant8_WIN_20260730_09_56_32_Pro,Participant8,Mesomorph,Normal,slouch,0.5912271830238779,179.4921184656494,-176.33810064471976,-0.4236602038145065,0.2005495214366338,0.2322029501417525,1,Front
26,0.8670659176029962,Participant8_WIN_20260730_09_56_32_Pro,Participant8,Mesomorph,Normal,slouch,0.6183395708893457,177.16225035545767,-177.35516609297315,-0.3945676684379577,-1.1563970784654398,0.2272636630584739,1,Front
27,0.900414606741573,Participant8_WIN_20260730_09_56_32_Pro,Participant8,Mesomorph,Normal,slouch,0.610215196462758,173.58856381361937,-177.87328950069409,-0.4250533729791641,1.7133226825022905,0.2364670409508907,1,Front
28,0.9337632958801498,Participant8_WIN_20260730_09_56_32_Pro,Participant8,Mesomorph,Normal,slouch,0.5879576272385162,178.02611893128287,-176.88125486491396,-0.419980987906456,1.9178481331968087,0.2305904949283722,1,Front
29,0.9671119850187264,Participant8_WIN_20260730_09_56_32_Pro,Participant8,Mesomorph,Normal,slouch,0.613677564110271,176.94587887303874,-176.4511019500423,-0.4048491567373276,2.3017962806279817,0.2332580038149667,1,Front
30,1.0004606741573034,Participant8_WIN_20260730_09_56_32_Pro,Participant8,Mesomorph,Normal,slouch,0.6405918688853269,172.6351867052538,-176.91667604147162,-0.4141762256622314,0.8372432803571339,0.2398534004398506,1,Front
31,1.03380936329588,Participant8_WIN_20260730_09_56_32_Pro,Participant8,Mesomorph,Normal,slouch,0.651974355042586,174.26308933436812,-176.79748199593053,-0.4118612408638,0.4614361994137928,0.2307521859338319,1,Front
32,1.0671580524344568,Participant8_WIN_20260730_09_56_32_Pro,Participant8,Mesomorph,Normal,slouch,0.6411829202204993,175.52997608836037,-178.0151431980311,-0.4080351293087005,0.1992537762690711,0.232972568016726,1,Front
33,1.1005067415730336,Participant8_WIN_20260730_09_56_32_Pro,Participant8,Mesomorph,Normal,slouch,0.6354958215458721,172.64811588266417,-176.87510362298184,-0.4559286683797836,2.0954565867029955,0.2373830847460138,1,Front
34,1.1338554307116104,Participant8_WIN_20260730_09_56_32_Pro,Participant8,Mesomorph,Normal,slouch,0.6401659773715339,171.34810378877097,-176.77062575136927,-0.4509494602680206,2.1515449261722,0.2412510293689195,1,Front
35,1.1672041198501872,Participant8_WIN_20260730_09_56_32_Pro,Participant8,Mesomorph,Normal,slouch,0.6158004859861993,173.6620929562921,-176.3043086113186,-0.4025265127420425,0.0828111806040296,0.2348935600994652,1,Front
36,1.200552808988764,Participant8_WIN_20260730_09_56_32_Pro,Participant8,Mesomorph,Normal,slouch,0.6279188092800945,174.3794213552691,-175.83799147126788,-0.3967665433883667,-0.4364776187595493,0.2330451865380481,1,Front
37,1.2339014981273408,Participant8_WIN_20260730_09_56_32_Pro,Participant8,Mesomorph,Normal,slouch,0.6261573655782336,173.94099277759886,-175.3716743312172,-0.4332650303840637,2.9801776462093983,0.2388739771893359,1,Front
38,1.2672501872659176,Participant8_WIN_20260730_09_56_32_Pro,Participant8,Mesomorph,Normal,slouch,0.6308675798129136,171.6162900222881,-177.02040715218334,-0.4290750026702881,2.551311498805779,0.2388948248226065,1,Front
39,1.3005988764044942,Participant8_WIN_20260730_09_56_32_Pro,Participant8,Mesomorph,Normal,slouch,0.6671783500858506,172.6997653595241,-178.6601779410913,-0.3551909476518631,2.6405665258353563,0.2306710281487658,1,Front
40,1.333947565543071,Participant8_WIN_20260730_09_56_32_Pro,Participant8,Mesomorph,Normal,slouch,0.6055064883395347,175.74409900134563,-178.69928043153874,-0.4308178424835205,0.3028657869989232,0.2279164168844636,1,Front
41,1.3672962546816478,Participant8_WIN_20260730_09_56_32_Pro,Participant8,Mesomorph,Normal,slouch,0.6203182517877411,175.07421855188286,-177.24156939268053,-0.4453982710838318,0.5487417559419895,0.2328430705111291,1,Front
42,1.4006449438202246,Participant8_WIN_20260730_09_56_32_Pro,Participant8,Mesomorph,Normal,slouch,0.6309745006679827,177.01693615637376,-179.65683137180892,-0.3926078081130981,0.4789287350059257,0.2283669497776551,1,Front
43,1.4339936329588014,Participant8_WIN_20260730_09_56_32_Pro,Participant8,Mesomorph,Normal,slouch,0.6490845049046422,175.14548996749414,-176.93973911909148,-0.4197386354207992,1.0725577531069277,0.2261354665038736,1,Front
44,1.4673423220973782,Participant8_WIN_20260730_09_56_32_Pro,Participant8,Mesomorph,Normal,slouch,0.6458545108027535,174.41655054738982,-177.60485292487095,-0.4077141731977463,0.6382806783682407,0.2331729692534916,1,Front
45,1.500691011235955,Participant8_WIN_20260730_09_56_32_Pro,Participant8,Mesomorph,Normal,slouch,0.6176538834011466,176.62203452329868,-174.41581158842385,-0.4048476070165634,2.0682502004390013,0.2325131065701562,1,Front
46,1.534039700374532,Participant8_WIN_20260730_09_56_32_Pro,Participant8,Mesomorph,Normal,slouch,0.6281907262563519,175.5754584857132,-175.45972871726838,-0.3972027599811554,2.736026498778501,0.2305066710765375,1,Front
47,1.5673883895131089,Participant8_WIN_20260730_09_56_32_Pro,Participant8,Mesomorph,Normal,slouch,0.6444833752133804,175.44131445662174,-177.91537642493475,-0.405327633023262,0.1650501311659402,0.2294069473685599,1,Front
48,1.6007370786516852,Participant8_WIN_20260730_09_56_32_Pro,Participant8,Mesomorph,Normal,slouch,0.6301035940485361,178.05974519763558,-176.6526614699138,-0.3953134343028068,0.177012848817894,0.2283761026204676,1,Front
49,1.634085767790262,Participant8_WIN_20260730_09_56_32_Pro,Participant8,Mesomorph,Normal,slouch,0.6233325212856142,173.95475070921498,-176.60661737173066,-0.4197962880134582,1.3272160564316962,0.2334491148818042,1,Front
50,1.6674344569288388,Participant8_WIN_20260730_09_56_32_Pro,Participant8,Mesomorph,Normal,slouch,0.6112031920458375,175.9218956454879,-177.1671208552266,-0.413230299949646,-2.409467330726027,0.2266863877975961,1,Front
51,1.7007831460674157,Participant8_WIN_20260730_09_56_32_Pro,Participant8,Mesomorph,Normal,slouch,0.6125463906530509,175.19473991026788,-174.17796025444912,-0.4215409308671951,1.9147678937470176,0.2304456324266009,1,Front
52,1.7341318352059925,Participant8_WIN_20260730_09_56_32_Pro,Participant8,Mesomorph,Normal,slouch,0.6431991207900879,176.10280835669647,-175.93295103436935,-0.3999492824077606,-1.0989398680389468,0.22546520964205,1,Front
53,1.7674805243445693,Participant8_WIN_20260730_09_56_32_Pro,Participant8,Mesomorph,Normal,slouch,0.6333883379317358,174.76092111378318,-176.2317382225385,-0.4148679226636886,1.911666687749334,0.2311329814883529,1,Front
54,1.800829213483146,Participant8_WIN_20260730_09_56_32_Pro,Participant8,Mesomorph,Normal,slouch,0.6390709253376182,174.3432139644789,-174.6774726876818,-0.4134528487920761,-0.2034331120718296,0.2256437832722093,1,Front
55,1.8341779026217229,Participant8_WIN_20260730_09_56_32_Pro,Participant8,Mesomorph,Normal,slouch,0.6165484028100596,176.58081004232795,-177.78188874597578,-0.4227122366428375,-0.680194372563452,0.2233918364265081,1,Front
56,1.8675265917603,Participant8_WIN_20260730_09_56_32_Pro,Participant8,Mesomorph,Normal,slouch,0.6273734148042485,175.53939540407907,-177.7218667740484,-0.4057968631386757,-0.7596580155802133,0.2256525207708304,1,Front
57,1.9008752808988765,Participant8_WIN_20260730_09_56_32_Pro,Participant8,Mesomorph,Normal,slouch,0.6684270062543226,174.42810733347997,-175.98079919123575,-0.4078863114118576,0.1717664144549001,0.2322910228754807,1,Front
58,1.934223970037453,Participant8_WIN_20260730_09_56_32_Pro,Participant8,Mesomorph,Normal,slouch,0.653842679577566,174.26107931168096,-175.56662801240458,-0.405647337436676,0.9485865163649826,0.2346998933071803,1,Front
59,1.9675726591760296,Participant8_WIN_20260730_09_56_32_Pro,Participant8,Mesomorph,Normal,slouch,0.6668532354727092,174.74679828931357,-174.4784815442343,-0.3897160217165947,1.110176410053218,0.2307463949488715,1,Front
60,2.000921348314607,Participant8_WIN_20260730_09_56_32_Pro,Participant8,Mesomorph,Normal,slouch,0.6091981541055094,174.33204329171414,-176.84493849345634,-0.3777580261230469,-0.1411243711524857,0.229350259050974,1,Front
61,2.0342700374531835,Participant8_WIN_20260730_09_56_32_Pro,Participant8,Mesomorph,Normal,slouch,0.630080741764578,174.77564565168717,-179.21139544267837,-0.4124870598316192,0.7923818010740242,0.2269929373422936,1,Front
62,2.06761872659176,Participant8_WIN_20260730_09_56_32_Pro,Participant8,Mesomorph,Normal,slouch,0.6538336746123509,176.37857184482186,-175.1151493446973,-0.4272915422916412,0.193681342886589,0.2273522952044416,1,Front
63,2.100967415730337,Participant8_WIN_20260730_09_56_32_Pro,Participant8,Mesomorph,Normal,slouch,0.6284515241354462,173.55114207646352,-175.48340330934627,-0.4466450214385986,1.8571382709445767,0.2299534884618425,1,Front
64,2.1343161048689137,Participant8_WIN_20260730_09_56_32_Pro,Participant8,Mesomorph,Normal,slouch,0.6349895939160005,173.27717691505887,-173.69239618604698,-0.4319919347763061,3.066090873689697,0.2349047220474947,1,Front
65,2.1676647940074907,Participant8_WIN_20260730_09_56_32_Pro,Participant8,Mesomorph,Normal,slouch,0.6135025514481769,174.89435400048063,-177.22863376700553,-0.4242133796215057,2.420543982284149,0.231625892420015,1,Front
66,2.201013483146068,Participant8_WIN_20260730_09_56_32_Pro,Participant8,Mesomorph,Normal,slouch,0.6386696979998897,172.1038779130218,-179.15932138800102,-0.4277153462171554,1.0014582220319808,0.2342616142409627,1,Front
67,2.2343621722846443,Participant8_WIN_20260730_09_56_32_Pro,Participant8,Mesomorph,Normal,slouch,0.6607845208420887,174.85516471048112,-176.0202273164791,-0.4111291468143463,0.8948119022064793,0.2297233328783157,1,Front
68,2.267710861423221,Participant8_WIN_20260730_09_56_32_Pro,Participant8,Mesomorph,Normal,slouch,0.6259841629838895,174.44266840491312,-176.5294447913289,-0.4233887940645218,-1.117841137669077,0.2321942445047619,1,Front
69,2.301059550561798,Participant8_WIN_20260730_09_56_32_Pro,Participant8,Mesomorph,Normal,slouch,0.6328360738358404,177.01378085583292,-177.8436181543373,-0.415001705288887,-0.7283161346415223,0.2282517257201645,1,Front
70,2.3344082397003745,Participant8_WIN_20260730_09_56_32_Pro,Participant8,Mesomorph,Normal,slouch,0.6472695316120449,177.60362726200322,-174.6330658089665,-0.4213136583566665,-2.0943810993246363,0.2225687226008772,1,Front
71,2.367756928838951,Participant8_WIN_20260730_09_56_32_Pro,Participant8,Mesomorph,Normal,slouch,0.6505300492482544,176.0978682665106,-176.024342448473,-0.4172112494707107,-0.999873534428261,0.2255489504709944,1,Front
72,2.401105617977528,Participant8_WIN_20260730_09_56_32_Pro,Participant8,Mesomorph,Normal,slouch,0.6765925527021239,175.9047452412128,-177.46417151460903,-0.4258495271205902,0.9794534745216188,0.2280171888654925,1,Front
73,2.4344543071161047,Participant8_WIN_20260730_09_56_32_Pro,Participant8,Mesomorph,Normal,slouch,0.6062405683837255,176.59928741519096,-177.75713616016827,-0.4579097181558609,-0.1346413104960886,0.2282617135667945,1,Front
74,2.4678029962546817,Participant8_WIN_20260730_09_56_32_Pro,Participant8,Mesomorph,Normal,slouch,0.6239108887813172,176.32109941281558,-177.70335798457145,-0.4252746999263763,-1.3127535766966394,0.2301313417785691,1,Front
75,2.5011516853932583,Participant8_WIN_20260730_09_56_32_Pro,Participant8,Mesomorph,Normal,slouch,0.6640914070777287,175.37005351477404,-174.486451772718,-0.4127487242221832,0.1811520888190212,0.2355752608931925,1,Front
76,2.534500374531836,Participant8_WIN_20260730_09_56_32_Pro,Participant8,Mesomorph,Normal,slouch,0.6397095915528909,175.73035259529814,-176.15831957209383,-0.4364177286624908,-1.689935913385677,0.2321997037066483,1,Front
77,2.567849063670412,Participant8_WIN_20260730_09_56_32_Pro,Participant8,Mesomorph,Normal,slouch,0.6672470995039119,175.52061811207912,-174.57620746271795,-0.4281575381755829,-0.2880617671894713,0.2318572250091527,1,Front
78,2.6011977528089885,Participant8_WIN_20260730_09_56_32_Pro,Participant8,Mesomorph,Normal,slouch,0.6409881667650493,177.41927253416506,-175.86329391872974,-0.4079985469579696,-0.7271443602853658,0.2306959930136243,1,Front
79,2.634546441947565,Participant8_WIN_20260730_09_56_32_Pro,Participant8,Mesomorph,Normal,slouch,0.6635245074059379,174.4505209830579,-174.18416969964454,-0.425135463476181,0.4463568703028173,0.237431026387627,1,Front
80,2.667895131086142,Participant8_WIN_20260730_09_56_32_Pro,Participant8,Mesomorph,Normal,slouch,0.6646657102324103,174.78516202497477,-174.1745202679936,-0.4314107298851013,-0.4436707183280909,0.2316896108736205,1,Front
81,2.701243820224719,Participant8_WIN_20260730_09_56_32_Pro,Participant8,Mesomorph,Normal,slouch,0.6689330972085616,174.38430495185875,-176.99929654411187,-0.4072095304727554,-0.5608720700464686,0.2285040710271475,1,Front
82,2.734592509363296,Participant8_WIN_20260730_09_56_32_Pro,Participant8,Mesomorph,Normal,slouch,0.6105215233777936,176.43402164076792,-177.41522267553114,-0.4294363409280777,-1.7222371917995858,0.2277147146719693,1,Front
83,2.7679411985018727,Participant8_WIN_20260730_09_56_32_Pro,Participant8,Mesomorph,Normal,slouch,0.5995627066286259,176.576090651537,-176.8702187157795,-0.4500570744276047,0.7368308141451376,0.2248138548470513,1,Front
84,2.8012898876404493,Participant8_WIN_20260730_09_56_32_Pro,Participant8,Mesomorph,Normal,slouch,0.619180006944956,176.26214111338348,-177.44426251509853,-0.4694091230630874,1.411818376782072,0.2313238833284386,1,Front
85,2.8346385767790263,Participant8_WIN_20260730_09_56_32_Pro,Participant8,Mesomorph,Normal,slouch,0.6335159733894425,174.53404406460157,-174.5855623019369,-0.448682501912117,2.423501865075364,0.2298476855349774,1,Front
86,2.867987265917603,Participant8_WIN_20260730_09_56_32_Pro,Participant8,Mesomorph,Normal,slouch,0.6316508361927261,173.47201091747723,-176.66064556259545,-0.4271951764822006,1.5939788511573232,0.2297080609092058,1,Front
87,2.9013359550561795,Participant8_WIN_20260730_09_56_32_Pro,Participant8,Mesomorph,Normal,slouch,0.6548614669405871,175.85881855881092,-175.6090130589918,-0.432227149605751,0.2348694985347473,0.2272986990279666,1,Front
88,2.9346846441947565,Participant8_WIN_20260730_09_56_32_Pro,Participant8,Mesomorph,Normal,slouch,0.6462809949639189,174.73089833475996,-176.4808387413341,-0.4075931012630462,1.4207167127297746,0.225953299690663,1,Front
89,2.968033333333333,Participant8_WIN_20260730_09_56_32_Pro,Participant8,Mesomorph,Normal,slouch,0.6342840677379432,175.02054855116768,-178.15299926537514,-0.4134707748889923,0.9432542528147868,0.2330356294296481,1,Front
90,3.00138202247191,Participant8_WIN_20260730_09_56_32_Pro,Participant8,Mesomorph,Normal,slouch,0.6181350131718557,174.0252617241098,-177.54042370436844,-0.4315773397684097,0.0213447659823103,0.2308834636329846,1,Front
91,3.0347307116104867,Participant8_WIN_20260730_09_56_32_Pro,Participant8,Mesomorph,Normal,slouch,0.6177736517024155,176.03317517625524,-176.3148582190639,-0.3931422382593155,0.6866409106073099,0.2293507121158388,1,Front
92,3.068079400749064,Participant8_WIN_20260730_09_56_32_Pro,Participant8,Mesomorph,Normal,slouch,0.6081079022057132,177.13184654070523,-177.21891379162918,-0.4219599664211273,1.0905268959674297,0.2272758498439327,1,Front
93,3.1014280898876403,Participant8_WIN_20260730_09_56_32_Pro,Participant8,Mesomorph,Normal,slouch,0.5866473207834177,177.41856142538666,-176.96968730307796,-0.4282931983470917,1.9706742980644407,0.228918696007473,1,Front
94,3.1347767790262173,Participant8_WIN_20260730_09_56_32_Pro,Participant8,Mesomorph,Normal,slouch,0.6292777129262169,175.04654723124438,-172.76381762815123,-0.4390487372875213,2.712748692378673,0.2315952629873432,1,Front
95,3.168125468164794,Participant8_WIN_20260730_09_56_32_Pro,Participant8,Mesomorph,Normal,slouch,0.6279940052440515,178.39966385426143,-175.38265243523236,-0.4271765798330307,0.4282024178848161,0.2291515798888033,1,Front
96,3.2014741573033705,Participant8_WIN_20260730_09_56_32_Pro,Participant8,Mesomorph,Normal,slouch,0.61039669341845,178.10609650663577,-174.418822203498,-0.4403456300497055,0.2214025096502808,0.2258762180703457,1,Front
97,3.2348228464419475,Participant8_WIN_20260730_09_56_32_Pro,Participant8,Mesomorph,Normal,slouch,0.586896991676011,179.36638712054938,-176.37292995124827,-0.4323694258928299,-0.3058438185170327,0.2280448938722689,1,Front
98,3.268171535580524,Participant8_WIN_20260730_09_56_32_Pro,Participant8,Mesomorph,Normal,slouch,0.5854518625675429,177.87540206344147,-177.93267909755545,-0.4302436709403991,1.8694943363661671,0.2309184205227681,1,Front
99,3.301520224719101,Participant8_WIN_20260730_09_56_32_Pro,Participant8,Mesomorph,Normal,slouch,0.5746109075854938,175.68427204495453,-173.71679485387537,-0.4399212002754211,2.633523022880453,0.2299309775674049,1,Front
100,3.3348689138576777,Participant8_WIN_20260730_09_56_32_Pro,Participant8,Mesomorph,Normal,slouch,0.6007819752196092,173.58735212628952,-174.6170068988787,-0.4510886669158935,3.3011590740380363,0.2329862483207032,1,Front
101,3.3682176029962547,Participant8_WIN_20260730_09_56_32_Pro,Participant8,Mesomorph,Normal,slouch,0.6204734580894959,177.80254169255298,-174.62022183886853,-0.4346438497304916,1.6161827273718046,0.2303244569371297,1,Front
102,3.401566292134832,Participant8_WIN_20260730_09_56_32_Pro,Participant8,Mesomorph,Normal,slouch,0.5995683644217338,176.44443505987476,-173.98727731309003,-0.4254046231508255,2.101510079153952,0.2300905917086909,1,Front
103,3.4349149812734083,Participant8_WIN_20260730_09_56_32_Pro,Participant8,Mesomorph,Normal,slouch,0.5755803857224198,176.8589745098956,-173.77515055291187,-0.4108210653066635,0.9131702497847192,0.2258674135446894,1,Front
104,3.468263670411985,Participant8_WIN_20260730_09_56_32_Pro,Participant8,Mesomorph,Normal,slouch,0.6132893100072284,176.03324243948876,-176.51704412589717,-0.4299344271421432,2.74364641648342,0.2280888800942279,1,Front
105,3.501612359550561,Participant8_WIN_20260730_09_56_32_Pro,Participant8,Mesomorph,Normal,slouch,0.5809450937544367,174.95606597201382,-177.20203727054164,-0.4334685802459717,3.785880414466977,0.2283522011795907,1,Front
106,3.5349610486891385,Participant8_WIN_20260730_09_56_32_Pro,Participant8,Mesomorph,Normal,slouch,0.595777592340151,174.85975700359006,-176.2757251683177,-0.4329264611005783,2.5208149726222127,0.228099837747232,1,Front
107,3.568309737827715,Participant8_WIN_20260730_09_56_32_Pro,Participant8,Mesomorph,Normal,slouch,0.5802273205114472,173.42494510947736,-177.5417419622024,-0.4103500843048095,4.598761544898076,0.2331748313520781,1,Front
108,3.601658426966292,Participant8_WIN_20260730_09_56_32_Pro,Participant8,Mesomorph,Normal,slouch,0.6286562171491995,172.92534491206615,-177.96583032309718,-0.4214189797639847,2.970112899747781,0.2265554740759855,1,Front
109,3.6350071161048687,Participant8_WIN_20260730_09_56_32_Pro,Participant8,Mesomorph,Normal,slouch,0.6106895079198398,175.36372278078173,-178.38991868399197,-0.4455062299966812,2.506009145667861,0.223101080587694,1,Front
110,3.6683558052434457,Participant8_WIN_20260730_09_56_32_Pro,Participant8,Mesomorph,Normal,slouch,0.6212018385270328,172.17655532724564,-176.813039912434,-0.4183572381734848,3.1353555757735205,0.2272443864399975,1,Front
111,3.7017044943820223,Participant8_WIN_20260730_09_56_32_Pro,Participant8,Mesomorph,Normal,slouch,0.602182671089622,175.7167444306276,-175.23616114087602,-0.4219149649143219,3.210171637057508,0.2309422287537596,1,Front
112,3.7350531835205993,Participant8_WIN_20260730_09_56_32_Pro,Participant8,Mesomorph,Normal,slouch,0.6292547759302238,173.41022593829317,-174.81782736026622,-0.4117828011512756,3.0640986383305338,0.2291977036239392,1,Front
113,3.768401872659176,Participant8_WIN_20260730_09_56_32_Pro,Participant8,Mesomorph,Normal,slouch,0.5804065908889112,173.71855766662992,-174.3994935796564,-0.4278491884469986,5.069163909309681,0.2351992702526358,1,Front
114,3.801750561797753,Participant8_WIN_20260730_09_56_32_Pro,Participant8,Mesomorph,Normal,slouch,0.5825821519845569,175.21701730425403,-177.2065263918903,-0.4073776006698608,2.9268175291581744,0.2278278814390885,1,Front
115,3.8350992509363295,Participant8_WIN_20260730_09_56_32_Pro,Participant8,Mesomorph,Normal,slouch,0.5614314431131233,175.34387415835323,-177.2388225756787,-0.4254488795995712,2.172702927077251,0.2320339168008857,1,Front
116,3.868447940074906,Participant8_WIN_20260730_09_56_32_Pro,Participant8,Mesomorph,Normal,slouch,0.5647944841902285,172.8657723073033,-178.531161150257,-0.4156654477119446,2.819157722535431,0.231469162984183,1,Front
117,3.901796629213483,Participant8_WIN_20260730_09_56_32_Pro,Participant8,Mesomorph,Normal,slouch,0.6163236891216395,175.12753364208996,-176.2355126317133,-0.4001543670892715,0.8163242490194279,0.2243125349505189,1,Front
118,3.93514531835206,Participant8_WIN_20260730_09_56_32_Pro,Participant8,Mesomorph,Normal,slouch,0.6007191509002149,176.93042327990213,-176.06703335284618,-0.3871029019355774,1.874313622153438,0.2244599473651662,1,Front
119,3.9684940074906367,Participant8_WIN_20260730_09_56_32_Pro,Participant8,Mesomorph,Normal,slouch,0.5616631018091389,179.49301164684857,-176.4985444350737,-0.3889648616313934,2.5417017215577795,0.2230871334784581,1,Front
120,4.001842696629214,Participant8_WIN_20260730_09_56_32_Pro,Participant8,Mesomorph,Normal,slouch,0.5813027148631112,177.3089409065228,-176.44748621685014,-0.3782427757978439,0.2947997218818826,0.2285273755405274,1,Front
121,4.03519138576779,Participant8_WIN_20260730_09_56_32_Pro,Participant8,Mesomorph,Normal,slouch,0.5787204639955644,177.81926591031407,-175.27191708785583,-0.4058332741260528,3.105055364877236,0.2210530595025919,1,Front
122,4.068540074906367,Participant8_WIN_20260730_09_56_32_Pro,Participant8,Mesomorph,Normal,slouch,0.5686813667200352,176.55043007924854,-175.88280622050596,-0.3722868114709854,2.962922135986852,0.2207204959380106,1,Front
123,4.101888764044944,Participant8_WIN_20260730_09_56_32_Pro,Participant8,Mesomorph,Normal,slouch,0.5737194887638145,174.27252401430297,-177.71954130473327,-0.4062267243862152,3.964690694575717,0.2258339326048981,1,Front
124,4.13523745318352,Participant8_WIN_20260730_09_56_32_Pro,Participant8,Mesomorph,Normal,slouch,0.6277874319198262,174.665898774739,-178.80324656935812,-0.3834766298532486,1.2680723198594797,0.225083768783359,1,Front
125,4.168586142322098,Participant8_WIN_20260730_09_56_32_Pro,Participant8,Mesomorph,Normal,slouch,0.5835698830919783,174.11612649523735,-176.71708690584023,-0.3783720582723617,4.5776132878394185,0.2258820588910068,1,Front
126,4.201934831460674,Participant8_WIN_20260730_09_56_32_Pro,Participant8,Mesomorph,Normal,slouch,0.5803148050492615,177.46225813984506,-178.26911743926203,-0.3874575197696686,1.816295016386488,0.2207974777726645,1,Front
127,4.235283520599251,Participant8_WIN_20260730_09_56_32_Pro,Participant8,Mesomorph,Normal,slouch,0.6065959514527484,175.8886101311758,-178.29036570015762,-0.3985792845487594,2.023477745221824,0.2213933306106144,1,Front
128,4.268632209737827,Participant8_WIN_20260730_09_56_32_Pro,Participant8,Mesomorph,Normal,slouch,0.6288340815344398,177.74284970452965,-178.32941616866526,-0.3812861740589142,-1.4677685017376996,0.220663241363813,1,Front
129,4.301980898876405,Participant8_WIN_20260730_09_56_32_Pro,Participant8,Mesomorph,Normal,slouch,0.6157726229633321,178.14523306635593,-178.25701321216815,-0.362758956849575,1.6564812698733864,0.2213167165736526,1,Front
130,4.335329588014981,Participant8_WIN_20260730_09_56_32_Pro,Participant8,Mesomorph,Normal,slouch,0.6175183580509717,175.65742672583738,-176.57856366606035,-0.3721487298607826,3.364042831835165,0.2216418006635692,1,Front
131,4.368678277153558,Participant8_WIN_20260730_09_56_32_Pro,Participant8,Mesomorph,Normal,slouch,0.5951810970608293,177.29912986948904,-179.59121033825716,-0.3757782727479934,1.8802140556084663,0.2181174166933743,1,Front
132,4.402026966292135,Participant8_WIN_20260730_09_56_32_Pro,Participant8,Mesomorph,Normal,slouch,0.6101306802099026,176.76090142611883,-179.2317904741994,-0.3631046116352081,1.4929312409896731,0.2189606857710913,1,Front
133,4.435375655430711,Participant8_WIN_20260730_09_56_32_Pro,Participant8,Mesomorph,Normal,slouch,0.586044159803182,175.9461818108995,-178.49027579023988,-0.3827602118253708,3.857249246480849,0.2245793788052673,1,Front
134,4.468724344569289,Participant8_WIN_20260730_09_56_32_Pro,Participant8,Mesomorph,Normal,slouch,0.6061177546535983,176.0978627368378,-177.3133258391111,-0.3488596826791763,0.1010925381018103,0.2213506219372155,1,Front
135,4.502073033707865,Participant8_WIN_20260730_09_56_32_Pro,Participant8,Mesomorph,Normal,slouch,0.5899193743306917,175.00781196229724,-179.21549210175422,-0.3583977743983269,4.163997881399933,0.2208716553555686,1,Front
136,4.535421722846442,Participant8_WIN_20260730_09_56_32_Pro,Participant8,Mesomorph,Normal,slouch,0.6003230362452713,174.72438225666306,-177.91732876568014,-0.3928590714931488,3.7594994844467458,0.2228479824647575,1,Front
137,4.568770411985018,Participant8_WIN_20260730_09_56_32_Pro,Participant8,Mesomorph,Normal,slouch,0.5912154199950252,174.03685985777614,-179.87392173753776,-0.3935045599937439,2.2056224899935453,0.2240536314847649,1,Front
138,4.602119101123596,Participant8_WIN_20260730_09_56_32_Pro,Participant8,Mesomorph,Normal,slouch,0.6090692460059817,173.93118676215357,-177.20023121291266,-0.420751616358757,3.609604448134125,0.2256960994487678,1,Front
139,4.635467790262172,Participant8_WIN_20260730_09_56_32_Pro,Participant8,Mesomorph,Normal,slouch,0.5987155772501879,179.12767879734923,-174.4629694293845,-0.3952567428350448,2.047499898860856,0.2198564703677569,1,Front
140,4.668816479400749,Participant8_WIN_20260730_09_56_32_Pro,Participant8,Mesomorph,Normal,slouch,0.5957854544539064,174.21002751323363,-177.46927474004528,-0.4346790909767151,2.5641471226541905,0.2242097756530223,1,Front
141,4.7021651685393255,Participant8_WIN_20260730_09_56_32_Pro,Participant8,Mesomorph,Normal,slouch,0.5850932668339972,177.34318979059435,-177.22465661150417,-0.3875932842493057,2.317178172888648,0.2210928887560285,1,Front
142,4.735513857677902,Participant8_WIN_20260730_09_56_32_Pro,Participant8,Mesomorph,Normal,slouch,0.6075796071423412,176.04243263818805,-177.75649500480776,-0.3843194991350174,0.536986295801676,0.2195722028935433,1,Front
143,4.76886254681648,Participant8_WIN_20260730_09_56_32_Pro,Participant8,Mesomorph,Normal,slouch,0.5909211084865849,176.73946652950735,-178.16810772564034,-0.3690951764583587,1.3503233485829251,0.2193650968633912,1,Front
144,4.802211235955056,Participant8_WIN_20260730_09_56_32_Pro,Participant8,Mesomorph,Normal,slouch,0.5879109283316801,170.60485059057228,-179.99242795148385,-0.3912724703550339,2.875710676799029,0.22891215326346,1,Front
145,4.835559925093633,Participant8_WIN_20260730_09_56_32_Pro,Participant8,Mesomorph,Normal,slouch,0.5784306713345848,178.45351180192526,-179.24607128959724,-0.3812324404716491,-1.2012760394069713,0.2145967721029873,1,Front
146,4.868908614232209,Participant8_WIN_20260730_09_56_32_Pro,Participant8,Mesomorph,Normal,slouch,0.6112320393483051,176.0757661119699,-178.07885081377623,-0.3736144378781318,1.5958987166187586,0.2202150385159174,1,Front
147,4.902257303370787,Participant8_WIN_20260730_09_56_32_Pro,Participant8,Mesomorph,Normal,slouch,0.5685342088211667,178.58586960808722,-178.899021752448,-0.3764079660177231,0.7528018702889792,0.2185028791331946,1,Front
148,4.935605992509363,Participant8_WIN_20260730_09_56_32_Pro,Participant8,Mesomorph,Normal,slouch,0.5663934544141109,172.28204054623046,-178.75974673515236,-0.4090122133493423,1.713367320614663,0.2223798806286048,1,Front
149,4.96895468164794,Participant8_WIN_20260730_09_56_32_Pro,Participant8,Mesomorph,Normal,slouch,0.5696325796128425,174.50705939910102,-178.62047171785673,-0.4333022087812423,3.861633772110301,0.2249703368248786,1,Front
150,5.0023033707865165,Participant8_WIN_20260730_09_56_32_Pro,Participant8,Mesomorph,Normal,slouch,0.5925661369533308,174.63628936933193,-176.2843763413692,-0.413032054901123,4.070699989145195,0.2297365801928067,1,Front
151,5.035652059925093,Participant8_WIN_20260730_09_56_32_Pro,Participant8,Mesomorph,Normal,slouch,0.5990127990050497,175.37234028466796,-177.57934029073502,-0.415160596370697,1.6392100251482755,0.2235547823288742,1,Front
152,5.069000749063671,Participant8_WIN_20260730_09_56_32_Pro,Participant8,Mesomorph,Normal,slouch,0.6005594395046735,177.3441038977252,-178.6449454314157,-0.4238659292459488,1.6732697728438828,0.221925283012463,1,Front
153,5.102349438202247,Participant8_WIN_20260730_09_56_32_Pro,Participant8,Mesomorph,Normal,slouch,0.6499072343750696,173.41934198108586,-176.92740531957995,-0.3802150338888168,1.1736458850914586,0.2299075233319363,1,Front
154,5.135698127340824,Participant8_WIN_20260730_09_56_32_Pro,Participant8,Mesomorph,Normal,slouch,0.5928580851498607,176.5789398921482,-179.64257756950056,-0.4080364406108856,1.8608680902252843,0.2223239519063117,1,Front
155,5.1690468164794,Participant8_WIN_20260730_09_56_32_Pro,Participant8,Mesomorph,Normal,slouch,0.5809874771683413,173.98011301361788,-178.63568600616725,-0.3542408049106598,1.751685605489633,0.2188710752360636,1,Front
156,5.202395505617977,Participant8_WIN_20260730_09_56_32_Pro,Participant8,Mesomorph,Normal,slouch,0.6313730315556277,172.87867629160198,-177.62879444283396,-0.3751993477344513,2.9284921603168192,0.2279328372388981,1,Front
157,5.235744194756554,Participant8_WIN_20260730_09_56_32_Pro,Participant8,Mesomorph,Normal,slouch,0.6164202643757356,174.14530053656063,-176.83427366803556,-0.3802109211683273,2.724887731838592,0.2243824022255831,1,Front
158,5.269092883895131,Participant8_WIN_20260730_09_56_32_Pro,Participant8,Mesomorph,Normal,slouch,0.5832269300362088,172.82657563728142,-178.80193262056196,-0.3588720709085464,4.1316727033297305,0.2246582558085832,1,Front
159,5.302441573033708,Participant8_WIN_20260730_09_56_32_Pro,Participant8,Mesomorph,Normal,slouch,0.5846095009597492,174.98199864910623,-176.88117229333776,-0.4095313996076584,0.6316911854004539,0.2239462331603108,1,Front
160,5.335790262172284,Participant8_WIN_20260730_09_56_32_Pro,Participant8,Mesomorph,Normal,slouch,0.6264139680982306,172.52757173273335,-174.62339016315747,-0.3813824951648712,0.0506186565381499,0.2262315971998186,1,Front
161,5.369138951310862,Participant8_WIN_20260730_09_56_32_Pro,Participant8,Mesomorph,Normal,slouch,0.6018490206057241,173.54007895191342,-177.9386421281223,-0.4008910804986954,4.230908024516865,0.2252330334882268,1,Front
162,5.402487640449438,Participant8_WIN_20260730_09_56_32_Pro,Participant8,Mesomorph,Normal,slouch,0.6089620610754243,175.5996929766085,-174.88130629283927,-0.3951385021209717,0.7112627893301919,0.2232226815878152,1,Front
163,5.435836329588015,Participant8_WIN_20260730_09_56_32_Pro,Participant8,Mesomorph,Normal,slouch,0.6067451625751753,174.8826343695685,-175.18345837997484,-0.369720384478569,2.713084283249457,0.2219472653404923,1,Front
164,5.469185018726591,Participant8_WIN_20260730_09_56_32_Pro,Participant8,Mesomorph,Normal,slouch,0.5995699797968519,170.57883160199987,-176.2195895325487,-0.3809579461812973,3.1950430954000058,0.2350045691226704,1,Front
165,5.502533707865168,Participant8_WIN_20260730_09_56_32_Pro,Participant8,Mesomorph,Normal,slouch,0.6268866672804347,170.06240394098054,-177.25572068512253,-0.4015182703733444,3.325888405071383,0.22721267049577,1,Front
166,5.535882397003745,Participant8_WIN_20260730_09_56_32_Pro,Participant8,Mesomorph,Normal,slouch,0.5872084070116547,174.54096440503693,-177.58552687541518,-0.392148956656456,3.4018547354182496,0.2232112251215677,1,Front
167,5.569231086142322,Participant8_WIN_20260730_09_56_32_Pro,Participant8,Mesomorph,Normal,slouch,0.5876993102877818,173.58685869382953,-177.91533306570784,-0.39724001288414,3.179142713603999,0.2270728676829195,1,Front
168,5.602579775280899,Participant8_WIN_20260730_09_56_32_Pro,Participant8,Mesomorph,Normal,slouch,0.6031638059348415,173.0963902702836,-176.67283829483938,-0.3511317372322082,3.635345751961101,0.2282810089014464,1,Front
169,5.635928464419475,Participant8_WIN_20260730_09_56_32_Pro,Participant8,Mesomorph,Normal,slouch,0.5812812881622328,171.5022937093858,-177.41103439090708,-0.398300439119339,4.752861380094251,0.2351217965080308,1,Front
170,5.669277153558053,Participant8_WIN_20260730_09_56_32_Pro,Participant8,Mesomorph,Normal,slouch,0.6033001251588833,174.92919715148466,-177.98945248618162,-0.3995439112186432,3.4086995060417866,0.2247695825659209,1,Front
171,5.702625842696629,Participant8_WIN_20260730_09_56_32_Pro,Participant8,Mesomorph,Normal,slouch,0.583799041835521,173.42085732394855,-178.31825268416668,-0.4214270114898681,4.837766101419351,0.2293500240796842,1,Front
172,5.735974531835206,Participant8_WIN_20260730_09_56_32_Pro,Participant8,Mesomorph,Normal,slouch,0.6048233843067375,172.36392643492377,-174.9877294460587,-0.361504465341568,4.273209118409232,0.2258599543438907,1,Front
173,5.769323220973782,Participant8_WIN_20260730_09_56_32_Pro,Participant8,Mesomorph,Normal,slouch,0.5901001711339978,173.94731325686917,-175.51777185478235,-0.3899965137243271,3.7114052952403727,0.2308417224353052,1,Front
174,5.802671910112359,Participant8_WIN_20260730_09_56_32_Pro,Participant8,Mesomorph,Normal,slouch,0.588806789817111,173.28113533110658,-175.7686057484262,-0.4054671227931976,2.0672023720080066,0.2270069054979373,1,Front
175,5.836020599250936,Participant8_WIN_20260730_09_56_32_Pro,Participant8,Mesomorph,Normal,slouch,0.5943607637899198,174.1520192984193,-174.0023944849643,-0.3914812505245209,2.6162950347566096,0.226891523823769,1,Front
176,5.869369288389513,Participant8_WIN_20260730_09_56_32_Pro,Participant8,Mesomorph,Normal,slouch,0.5924618839434009,173.9123975343895,-178.0218885941225,-0.3770226091146469,3.502409785626447,0.2272963877763291,1,Front
177,5.90271797752809,Participant8_WIN_20260730_09_56_32_Pro,Participant8,Mesomorph,Normal,slouch,0.5983229115487261,172.2028530538818,-175.45940154336367,-0.3725406602025032,3.9403033694788254,0.2293733108262718,1,Front
0,0.0,Participant9_WIN_20260730_10_09_06_Pro,Participant9,Endomorph,Overweight,slouch,0.6345579694395346,-176.1030338871183,-177.5046200930297,-0.4883785247802734,-1.3573844526198655,0.2605837160990009,1,Front
1,0.0332491712707182,Participant9_WIN_20260730_10_09_06_Pro,Participant9,Endomorph,Overweight,slouch,0.6297199198019235,-177.17084674261108,-176.8412742760999,-0.4883128702640533,-0.7250598368286099,0.2608389772574588,1,Front
2,0.0664983425414364,Participant9_WIN_20260730_10_09_06_Pro,Participant9,Endomorph,Overweight,slouch,0.6392549531327393,-177.6091842430704,-176.01032919582457,-0.4939936250448227,-0.4118809861055827,0.2617143448597371,1,Front
3,0.0997475138121547,Participant9_WIN_20260730_10_09_06_Pro,Participant9,Endomorph,Overweight,slouch,0.637388854829322,-177.00419805640843,-176.39772090003663,-0.5022074729204178,-0.5338035469757078,0.264861573341491,1,Front
4,0.1329966850828729,Participant9_WIN_20260730_10_09_06_Pro,Participant9,Endomorph,Overweight,slouch,0.6502395008202396,-176.82749315903965,-176.790716581594,-0.4959649741649627,-0.1050940658747942,0.2643664739685626,1,Front
5,0.1662458563535911,Participant9_WIN_20260730_10_09_06_Pro,Participant9,Endomorph,Overweight,slouch,0.637504463973151,-176.09423295949924,-176.35402251367114,-0.4947971403598785,-0.3305254087210645,0.2634775187330792,1,Front
6,0.1994950276243094,Participant9_WIN_20260730_10_09_06_Pro,Participant9,Endomorph,Overweight,slouch,0.6482607269151364,-174.65757274812316,-175.91344735009153,-0.4944044649600982,-0.5620645353807524,0.2648981047723185,1,Front
7,0.2327441988950276,Participant9_WIN_20260730_10_09_06_Pro,Participant9,Endomorph,Overweight,slouch,0.6490418481081413,-174.2700485800764,-176.1357638454198,-0.4985913038253784,-0.706543474988348,0.2630373934592906,1,Front
8,0.2659933701657458,Participant9_WIN_20260730_10_09_06_Pro,Participant9,Endomorph,Overweight,slouch,0.6465797238286165,-175.10978491901756,-176.3418648298023,-0.4981764405965805,-0.860868449632529,0.2635345391668955,1,Front
9,0.299242541436464,Participant9_WIN_20260730_10_09_06_Pro,Participant9,Endomorph,Overweight,slouch,0.6280379650710534,-175.5093872271734,-176.93899059968166,-0.4924104809761047,-0.8534229160487978,0.2618064492043113,1,Front
10,0.3324917127071823,Participant9_WIN_20260730_10_09_06_Pro,Participant9,Endomorph,Overweight,slouch,0.6470884587386235,-175.88509090176274,-176.7084476446743,-0.5075193494558334,-0.2464915650528694,0.2639211050479235,1,Front
11,0.3657408839779005,Participant9_WIN_20260730_10_09_06_Pro,Participant9,Endomorph,Overweight,slouch,0.6346364896793122,-176.18737903877087,-176.9018587567754,-0.5173346698284149,-0.9318363110155704,0.262579335027937,1,Front
12,0.3989900552486188,Participant9_WIN_20260730_10_09_06_Pro,Participant9,Endomorph,Overweight,slouch,0.6419170410902598,-175.67320560620155,-177.08287040702663,-0.5087465047836304,-1.6426807496170368,0.2610372714143182,1,Front
13,0.432239226519337,Participant9_WIN_20260730_10_09_06_Pro,Participant9,Endomorph,Overweight,slouch,0.635328702485655,-175.90099849021135,-177.06040194304862,-0.5097725242376328,-1.5213273177467888,0.2604990890074107,1,Front
14,0.4654883977900552,Participant9_WIN_20260730_10_09_06_Pro,Participant9,Endomorph,Overweight,slouch,0.6438925023371489,-176.3842426602615,-177.4294931871662,-0.5000866055488586,-1.5426037055840658,0.2613068339508558,1,Front
15,0.4987375690607735,Participant9_WIN_20260730_10_09_06_Pro,Participant9,Endomorph,Overweight,slouch,0.6480513963216441,-176.33985499982109,-177.38616860397607,-0.5000054836273193,-1.6357347482797815,0.2618880622621251,1,Front
16,0.5319867403314917,Participant9_WIN_20260730_10_09_06_Pro,Participant9,Endomorph,Overweight,slouch,0.6372095163384717,-175.333842223956,-175.95382280564405,-0.5026798248291016,-1.9082695528975937,0.2622544156584662,1,Front
17,0.56523591160221,Participant9_WIN_20260730_10_09_06_Pro,Participant9,Endomorph,Overweight,slouch,0.6425515505983572,-177.43465548478926,-177.77684439643883,-0.4985065013170242,-0.2239788687336391,0.2633837137586564,1,Front
18,0.5984850828729281,Participant9_WIN_20260730_10_09_06_Pro,Participant9,Endomorph,Overweight,slouch,0.6369456770366969,-175.3577967280883,-175.2866014985038,-0.5030321627855301,-1.0154839073586477,0.2619476516701268,1,Front
19,0.6317342541436464,Participant9_WIN_20260730_10_09_06_Pro,Participant9,Endomorph,Overweight,slouch,0.6423102918527832,-176.00909328006566,-177.25415633172648,-0.4956045299768448,-1.418059679741498,0.2608440458351486,1,Front
20,0.6649834254143646,Participant9_WIN_20260730_10_09_06_Pro,Participant9,Endomorph,Overweight,slouch,0.6202294809454317,-177.7318818127193,-177.21709693297927,-0.5080676972866058,-0.0463781946249503,0.2613696084460767,1,Front
21,0.6982325966850829,Participant9_WIN_20260730_10_09_06_Pro,Participant9,Endomorph,Overweight,slouch,0.6213576135000654,-177.93479055304056,-177.22373401600913,-0.510896697640419,-0.0617270965221781,0.2614659260507511,1,Front
22,0.7314817679558011,Participant9_WIN_20260730_10_09_06_Pro,Participant9,Endomorph,Overweight,slouch,0.6205613349771608,-177.34267357300308,-177.2160578416959,-0.5064572393894196,-0.1243797506876077,0.2614236653344642,1,Front
23,0.7647309392265194,Participant9_WIN_20260730_10_09_06_Pro,Participant9,Endomorph,Overweight,slouch,0.62227022285802,-176.7288949458033,-175.40086353616172,-0.5156470388174057,0.2263745427055919,0.262665325405882,1,Front
24,0.7979801104972376,Participant9_WIN_20260730_10_09_06_Pro,Participant9,Endomorph,Overweight,slouch,0.6280754513546143,-176.63572982392887,-177.70250842790543,-0.5024586170911789,-0.7430702852225923,0.2612407147511857,1,Front
25,0.8312292817679559,Participant9_WIN_20260730_10_09_06_Pro,Participant9,Endomorph,Overweight,slouch,0.6338806798512084,-177.02406990163288,-176.64762609223575,-0.5164064168930054,-0.8432923810481353,0.2622463331257017,1,Front
26,0.864478453038674,Participant9_WIN_20260730_10_09_06_Pro,Participant9,Endomorph,Overweight,slouch,0.6458130172669542,-175.17500534133504,-177.84452113428313,-0.4993350952863693,-1.863944795702181,0.2606226551110328,1,Front
27,0.8977276243093922,Participant9_WIN_20260730_10_09_06_Pro,Participant9,Endomorph,Overweight,slouch,0.6390820665399042,-176.5487568460122,-176.7862819222723,-0.499387726187706,-1.2492985975447526,0.2581343859918977,1,Front
28,0.9309767955801104,Participant9_WIN_20260730_10_09_06_Pro,Participant9,Endomorph,Overweight,slouch,0.64517348588176,-177.5203406496937,-176.9927931378963,-0.4899947941303253,-0.3755911986177325,0.2598650357704134,1,Front
29,0.9642259668508288,Participant9_WIN_20260730_10_09_06_Pro,Participant9,Endomorph,Overweight,slouch,0.6340624705744801,-176.795123221154,-177.6524729811809,-0.4994861185550689,-0.8602445819418514,0.2597085594801887,1,Front
30,0.997475138121547,Participant9_WIN_20260730_10_09_06_Pro,Participant9,Endomorph,Overweight,slouch,0.6527668701037763,-176.8723136628528,-176.610331182132,-0.4993218332529068,-0.3512127199305228,0.2618116693777585,1,Front
31,1.0307243093922651,Participant9_WIN_20260730_10_09_06_Pro,Participant9,Endomorph,Overweight,slouch,0.6536867590322208,-177.17553657609562,-176.53537418625262,-0.4941672086715698,-0.606680350390521,0.2626482589513956,1,Front
32,1.0639734806629837,Participant9_WIN_20260730_10_09_06_Pro,Participant9,Endomorph,Overweight,slouch,0.643178151260333,-177.49364075436523,-176.8026831795605,-0.4853373318910599,-0.4270594556432553,0.2612665416192079,1,Front
33,1.0972226519337016,Participant9_WIN_20260730_10_09_06_Pro,Participant9,Endomorph,Overweight,slouch,0.6377102289330677,-176.08986892927922,-175.6592665786192,-0.4865360110998153,-1.1781864476387365,0.2587995528639494,1,Front
34,1.13047182320442,Participant9_WIN_20260730_10_09_06_Pro,Participant9,Endomorph,Overweight,slouch,0.635316163260325,-176.21896515512697,-175.19611650482145,-0.4973655045032501,-0.7946810635131937,0.2603090403140795,1,Front
35,1.163720994475138,Participant9_WIN_20260730_10_09_06_Pro,Participant9,Endomorph,Overweight,slouch,0.6440188258577333,-176.3579787922013,-177.43174287108587,-0.4922937005758285,-1.3115831119885708,0.2594108968640293,1,Front
36,1.1969701657458562,Participant9_WIN_20260730_10_09_06_Pro,Participant9,Endomorph,Overweight,slouch,0.6382535855623176,-175.64315559461514,-175.66777088849028,-0.4873268604278564,-1.0963321341708638,0.2589978398307178,1,Front
37,1.2302193370165746,Participant9_WIN_20260730_10_09_06_Pro,Participant9,Endomorph,Overweight,slouch,0.6376522872922182,-175.67405746900425,-174.97937767279052,-0.4916230142116546,-1.142641595272287,0.2598890598783644,1,Front
38,1.2634685082872927,Participant9_WIN_20260730_10_09_06_Pro,Participant9,Endomorph,Overweight,slouch,0.6329091578686348,-175.7323764770886,-175.4752830414405,-0.5013949871063232,-1.4698141222206142,0.2596364396256069,1,Front
39,1.296717679558011,Participant9_WIN_20260730_10_09_06_Pro,Participant9,Endomorph,Overweight,slouch,0.6331425978302707,-175.85991921292413,-175.38041358260537,-0.5048561245203018,-1.396211931951102,0.2594742009729063,1,Front
40,1.3299668508287292,Participant9_WIN_20260730_10_09_06_Pro,Participant9,Endomorph,Overweight,slouch,0.6333453601266151,-175.84639621272373,-175.35123881376342,-0.5003643482923508,-1.4968848248815751,0.2593254422816517,1,Front
41,1.3632160220994476,Participant9_WIN_20260730_10_09_06_Pro,Participant9,Endomorph,Overweight,slouch,0.6346869137808746,-175.15841821524248,-176.76911341564391,-0.5013387501239777,-0.4222419843972303,0.2614112462403213,1,Front
42,1.3964651933701655,Participant9_WIN_20260730_10_09_06_Pro,Participant9,Endomorph,Overweight,slouch,0.6377058133151756,-175.29010094518472,-175.61686853791403,-0.4990092664957046,-1.637497285846843,0.2595832456034064,1,Front
43,1.429714364640884,Participant9_WIN_20260730_10_09_06_Pro,Participant9,Endomorph,Overweight,slouch,0.6288380479457496,-175.64044575465363,-175.6071518194671,-0.4948252290487289,-1.6231245942332693,0.2603395252159966,1,Front
44,1.4629635359116022,Participant9_WIN_20260730_10_09_06_Pro,Participant9,Endomorph,Overweight,slouch,0.635787919906134,-176.2123946667448,-177.44471730250078,-0.504340335726738,-1.274136248454681,0.2585154966260185,1,Front
45,1.4962127071823204,Participant9_WIN_20260730_10_09_06_Pro,Participant9,Endomorph,Overweight,slouch,0.6381719197279886,-175.88684072055486,-178.04962295440296,-0.4837673306465149,-1.49989626145529,0.2582186919153029,1,Front
46,1.5294618784530387,Participant9_WIN_20260730_10_09_06_Pro,Participant9,Endomorph,Overweight,slouch,0.6372684052855103,-175.60188689052086,-176.44352046271635,-0.4834877550601959,-1.6290824720592656,0.259605922192948,1,Front
47,1.5627110497237569,Participant9_WIN_20260730_10_09_06_Pro,Participant9,Endomorph,Overweight,slouch,0.6580504254968632,-175.7860009663114,-177.7958977552447,-0.5059816092252731,-0.947872635468912,0.2620590945280642,1,Front
48,1.5959602209944752,Participant9_WIN_20260730_10_09_06_Pro,Participant9,Endomorph,Overweight,slouch,0.6247518836088037,-177.05522912231973,-175.61410321045514,-0.516928568482399,-0.0910768348810338,0.2618617584744648,1,Front
49,1.6292093922651931,Participant9_WIN_20260730_10_09_06_Pro,Participant9,Endomorph,Overweight,slouch,0.6305290040305228,-176.00002199247493,-175.67758191396177,-0.5098791122436523,0.0766230357637338,0.2621418365287848,1,Front
50,1.6624585635359117,Participant9_WIN_20260730_10_09_06_Pro,Participant9,Endomorph,Overweight,slouch,0.6364884581565242,-176.43342386615302,-176.55888580722726,-0.5110986232757568,-0.7629987221584398,0.2606349082551133,1,Front
51,1.6957077348066298,Participant9_WIN_20260730_10_09_06_Pro,Participant9,Endomorph,Overweight,slouch,0.6348903246830092,-176.02916748165708,-175.76500021394787,-0.5113734006881714,-0.4623506442463905,0.2614909415627431,1,Front
52,1.728956906077348,Participant9_WIN_20260730_10_09_06_Pro,Participant9,Endomorph,Overweight,slouch,0.6256607653983466,-176.44834447313062,-176.55016330173743,-0.5027725547552109,-0.8930734752921902,0.2603583067788947,1,Front
53,1.7622060773480663,Participant9_WIN_20260730_10_09_06_Pro,Participant9,Endomorph,Overweight,slouch,0.6386579900902634,-174.9009198349798,-175.8391044491567,-0.5120134204626083,-1.078887997947351,0.2610462257083961,1,Front
54,1.7954552486187845,Participant9_WIN_20260730_10_09_06_Pro,Participant9,Endomorph,Overweight,slouch,0.6408224489881403,-175.31627207219523,-177.1780915997717,-0.5237734168767929,-0.9350966176427872,0.2604399197442007,1,Front
55,1.8287044198895028,Participant9_WIN_20260730_10_09_06_Pro,Participant9,Endomorph,Overweight,slouch,0.6436012145184015,-176.42171591512965,-177.64188124880482,-0.5189709514379501,-1.0140967479811842,0.2609158765754872,1,Front
56,1.861953591160221,Participant9_WIN_20260730_10_09_06_Pro,Participant9,Endomorph,Overweight,slouch,0.6362447149356754,-175.93488693342496,-176.20904539728167,-0.5141684859991074,-0.966613339557904,0.2633026725132629,1,Front
57,1.8952027624309395,Participant9_WIN_20260730_10_09_06_Pro,Participant9,Endomorph,Overweight,slouch,0.6576897212094464,-176.4183436766674,-177.20140240082665,-0.5093406140804291,-1.167278826417694,0.2618841729984015,1,Front
58,1.9284519337016568,Participant9_WIN_20260730_10_09_06_Pro,Participant9,Endomorph,Overweight,slouch,0.6597955284040623,-176.47288743762536,-176.46895898950586,-0.5196339190006256,-1.0475730885112706,0.2633903560465796,1,Front
59,1.961701104972376,Participant9_WIN_20260730_10_09_06_Pro,Participant9,Endomorph,Overweight,slouch,0.6456579016277371,-175.5246222149051,-177.0131496158068,-0.5061259418725967,-0.8890555199754004,0.2610703649968621,1,Front
60,1.994950276243094,Participant9_WIN_20260730_10_09_06_Pro,Participant9,Endomorph,Overweight,slouch,0.6412499016316756,-176.4842039879428,-177.5761071648491,-0.4984273910522461,-0.9966272172283888,0.2629560275355364,1,Front
61,2.028199447513812,Participant9_WIN_20260730_10_09_06_Pro,Participant9,Endomorph,Overweight,slouch,0.6421873583606156,-176.80054806729422,-177.58170839121215,-0.4931422919034958,-0.5898718650182094,0.2645623078249502,1,Front
62,2.0614486187845302,Participant9_WIN_20260730_10_09_06_Pro,Participant9,Endomorph,Overweight,slouch,0.669385141812968,-176.67804103887852,-177.1008608560043,-0.4955891370773315,-1.6326833308365465,0.2626088991647449,1,Front
63,2.094697790055249,Participant9_WIN_20260730_10_09_06_Pro,Participant9,Endomorph,Overweight,slouch,0.6605912197768945,-176.19134724898302,-179.3073174660267,-0.5029106140136719,-1.50240786037599,0.2629871102078681,1,Front
64,2.127946961325967,Participant9_WIN_20260730_10_09_06_Pro,Participant9,Endomorph,Overweight,slouch,0.6476004158813959,-176.1371314954449,-178.70122412391103,-0.5007954388856888,-1.6503015143516744,0.2627724208963565,1,Front
65,2.161196132596685,Participant9_WIN_20260730_10_09_06_Pro,Participant9,Endomorph,Overweight,slouch,0.6514418321311998,-176.76618173383795,-177.48525528240185,-0.5133954435586929,0.6286475857496966,0.2615624503786644,1,Front
66,2.194445303867403,Participant9_WIN_20260730_10_09_06_Pro,Participant9,Endomorph,Overweight,slouch,0.6699162733249503,-178.08068896819967,-179.43074358833036,-0.511723667383194,-0.5720698979508181,0.2656009739747867,1,Front
67,2.2276944751381214,Participant9_WIN_20260730_10_09_06_Pro,Participant9,Endomorph,Overweight,slouch,0.6640293304882439,-175.08609895254662,-178.58393581305486,-0.4962314069271087,-0.9885531948161688,0.2637139941715689,1,Front
68,2.26094364640884,Participant9_WIN_20260730_10_09_06_Pro,Participant9,Endomorph,Overweight,slouch,0.6635276261651869,-175.86328131294025,-178.5260584936322,-0.5071301460266113,0.1186149879575812,0.2629518081688632,1,Front
69,2.294192817679558,Participant9_WIN_20260730_10_09_06_Pro,Participant9,Endomorph,Overweight,slouch,0.6522834258639836,-177.37347422202944,-178.46818117420958,-0.5038590580224991,-0.2772546599430434,0.2619481901232721,1,Front
70,2.327441988950276,Participant9_WIN_20260730_10_09_06_Pro,Participant9,Endomorph,Overweight,slouch,0.6509902561006695,-177.04317720728164,-178.4267223997147,-0.4994454234838485,-0.9880983004825652,0.2609074438017275,1,Front
71,2.3606911602209943,Participant9_WIN_20260730_10_09_06_Pro,Participant9,Endomorph,Overweight,slouch,0.6447562572621505,-177.11249080984754,-177.2470216271184,-0.5125006437301636,-0.1861518727395217,0.2626131126355412,1,Front
72,2.3939403314917125,Participant9_WIN_20260730_10_09_06_Pro,Participant9,Endomorph,Overweight,slouch,0.6547612439348458,-175.7985873068575,-176.9061604281193,-0.4953157901763916,-1.2347826436428266,0.2606111100648446,1,Front
73,2.427189502762431,Participant9_WIN_20260730_10_09_06_Pro,Participant9,Endomorph,Overweight,slouch,0.6748490145854967,-175.92584065915585,-177.16830592541012,-0.4788879454135895,-1.2871861011356447,0.2619941730275459,1,Front
74,2.460438674033149,Participant9_WIN_20260730_10_09_06_Pro,Participant9,Endomorph,Overweight,slouch,0.6598801133110421,-175.64610404618455,-177.651505094038,-0.5110093653202057,-0.6555701899858999,0.2618533357167035,1,Front
75,2.493687845303868,Participant9_WIN_20260730_10_09_06_Pro,Participant9,Endomorph,Overweight,slouch,0.668695850138322,-176.99328195683336,-177.7241668330348,-0.5136134624481201,0.1327927540837342,0.2613679447866193,1,Front
76,2.526937016574585,Participant9_WIN_20260730_10_09_06_Pro,Participant9,Endomorph,Overweight,slouch,0.6679160617325254,-177.09127862426618,-176.6704009321949,-0.5134416818618774,0.0950617372322224,0.2620621310301528,1,Front
77,2.560186187845304,Participant9_WIN_20260730_10_09_06_Pro,Participant9,Endomorph,Overweight,slouch,0.6778106989742648,-175.70604312429663,-176.62414975308212,-0.513150155544281,-0.1418841779991267,0.2612346012082394,1,Front
78,2.593435359116022,Participant9_WIN_20260730_10_09_06_Pro,Participant9,Endomorph,Overweight,slouch,0.6696655635467766,-176.84069795289358,-178.1699173244587,-0.5180875957012177,-0.5168311541045723,0.2646299721277164,1,Front
79,2.6266845303867403,Participant9_WIN_20260730_10_09_06_Pro,Participant9,Endomorph,Overweight,slouch,0.6786818072869651,-176.91960456647135,-175.94319772113562,-0.5132289826869965,0.2804850670769515,0.2630996008614091,1,Front
80,2.6599337016574585,Participant9_WIN_20260730_10_09_06_Pro,Participant9,Endomorph,Overweight,slouch,0.668622624420749,-175.1583255853884,-177.33999869595633,-0.5004555284976959,-1.516100925615094,0.2635396695607971,1,Front
81,2.6931828729281766,Participant9_WIN_20260730_10_09_06_Pro,Participant9,Endomorph,Overweight,slouch,0.6703381227815998,-177.7644204847077,-177.3452991200222,-0.5033875405788422,-0.0237527289796601,0.2636010659893894,1,Front
82,2.726432044198895,Participant9_WIN_20260730_10_09_06_Pro,Participant9,Endomorph,Overweight,slouch,0.6693931094476916,-177.89295350691253,-176.96865752179374,-0.5020696073770523,0.4225900203404445,0.2657441763409641,1,Front
83,2.7596812154696133,Participant9_WIN_20260730_10_09_06_Pro,Participant9,Endomorph,Overweight,slouch,0.6612592355074045,-176.6810438520212,-177.0044586079123,-0.510669469833374,-0.4538861010313667,0.2623252790880467,1,Front
84,2.7929303867403314,Participant9_WIN_20260730_10_09_06_Pro,Participant9,Endomorph,Overweight,slouch,0.6552862411254109,-175.5195274846319,-178.24879383845604,-0.4933739602565765,-0.9189270685313268,0.2632355286271758,1,Front
85,2.8261795580110496,Participant9_WIN_20260730_10_09_06_Pro,Participant9,Endomorph,Overweight,slouch,0.6748503337557974,-175.85338912687453,-176.48420143266242,-0.5035701841115952,-1.3090189892155182,0.2597125489421332,1,Front
86,2.859428729281768,Participant9_WIN_20260730_10_09_06_Pro,Participant9,Endomorph,Overweight,slouch,0.656783808713632,-175.86646880309104,-177.4862215501668,-0.5033883601427078,-0.529091802386305,0.2631103996589358,1,Front
87,2.8926779005524863,Participant9_WIN_20260730_10_09_06_Pro,Participant9,Endomorph,Overweight,slouch,0.6486120800553427,-176.858207278642,-176.80613420184525,-0.4845735281705856,-0.4011067683092726,0.2598564781164589,1,Front
88,2.9259270718232044,Participant9_WIN_20260730_10_09_06_Pro,Participant9,Endomorph,Overweight,slouch,0.6514654345951384,-177.034660527255,-176.31367283830568,-0.5023720264434814,-0.6420809509238401,0.2614319285446189,1,Front
89,2.9591762430939226,Participant9_WIN_20260730_10_09_06_Pro,Participant9,Endomorph,Overweight,slouch,0.6612978306038911,-175.13735005945972,-177.0492501961779,-0.4855793863534927,-1.2484284727681356,0.2615252276063852,1,Front
90,2.9924254143646407,Participant9_WIN_20260730_10_09_06_Pro,Participant9,Endomorph,Overweight,slouch,0.6593705476962413,-175.70315203792674,-176.5840499562146,-0.4896788299083709,-0.7511395250301951,0.2642675589668177,1,Front
91,3.02567458563536,Participant9_WIN_20260730_10_09_06_Pro,Participant9,Endomorph,Overweight,slouch,0.6664124700924838,-175.99121262070992,-177.6846238678987,-0.4976009130477905,-0.957869830723816,0.2634117342420971,1,Front
92,3.058923756906077,Participant9_WIN_20260730_10_09_06_Pro,Participant9,Endomorph,Overweight,slouch,0.6660829256415646,-176.1896101445595,-177.6156467988598,-0.485036239027977,-0.4228113009626347,0.2635418781967008,1,Front
93,3.092172928176796,Participant9_WIN_20260730_10_09_06_Pro,Participant9,Endomorph,Overweight,slouch,0.6799786741781084,-176.28310532754182,-176.9966345605283,-0.4755146205425262,-1.4769757523735687,0.2637215709328993,1,Front
94,3.1254220994475137,Participant9_WIN_20260730_10_09_06_Pro,Participant9,Endomorph,Overweight,slouch,0.6774749830706112,-175.98913632938658,-176.94857635397875,-0.4780406057834625,-1.496413517405876,0.26382438642965,1,Front
95,3.158671270718232,Participant9_WIN_20260730_10_09_06_Pro,Participant9,Endomorph,Overweight,slouch,0.6709476118633896,-176.14864989544773,-177.43803183327103,-0.4858412742614746,-0.8517259243326968,0.2619109992894621,1,Front
96,3.1919204419889504,Participant9_WIN_20260730_10_09_06_Pro,Participant9,Endomorph,Overweight,slouch,0.6392767359500786,-177.4108645589395,-175.32944697562644,-0.4869681894779205,-0.2128524929703886,0.2595850170886771,1,Front
97,3.225169613259669,Participant9_WIN_20260730_10_09_06_Pro,Participant9,Endomorph,Overweight,slouch,0.6457229262197067,-176.4124908732159,-176.4158399815589,-0.493034079670906,-0.5428555066908186,0.2590513088123071,1,Front
98,3.2584187845303867,Participant9_WIN_20260730_10_09_06_Pro,Participant9,Endomorph,Overweight,slouch,0.6507002243126472,-175.84174455865173,-176.23374846193164,-0.485749676823616,-0.5672147265543388,0.2603798284956514,1,Front
99,3.291667955801105,Participant9_WIN_20260730_10_09_06_Pro,Participant9,Endomorph,Overweight,slouch,0.6616849680127618,-176.2024129343924,-176.9253167089371,-0.4808274209499359,-0.7867740867874624,0.2597844631588563,1,Front
100,3.3249171270718234,Participant9_WIN_20260730_10_09_06_Pro,Participant9,Endomorph,Overweight,slouch,0.655373976902558,-176.02548099205623,-176.9359869746531,-0.4819799363613128,-0.8111464894578431,0.259210739092225,1,Front
101,3.358166298342541,Participant9_WIN_20260730_10_09_06_Pro,Participant9,Endomorph,Overweight,slouch,0.6702681122529093,-177.0415855242352,-179.06696874096008,-0.4982778578996658,-1.2608411496733472,0.2613700424770433,1,Front
102,3.39141546961326,Participant9_WIN_20260730_10_09_06_Pro,Participant9,Endomorph,Overweight,slouch,0.6689367793102562,-177.88418973220874,-179.96906363525983,-0.5002719163894653,-0.1044261164818068,0.2609920631531611,1,Front
103,3.424664640883978,Participant9_WIN_20260730_10_09_06_Pro,Participant9,Endomorph,Overweight,slouch,0.6576458158609967,-177.79940694512655,-179.7214550253559,-0.489912211894989,0.028199368902135,0.2595131053888551,1,Front
104,3.457913812154696,Participant9_WIN_20260730_10_09_06_Pro,Participant9,Endomorph,Overweight,slouch,0.6664711033164588,-177.41362422436546,-178.1561281407084,-0.4966870248317718,-0.7994880280766669,0.2607864119814778,1,Front
105,3.4911629834254145,Participant9_WIN_20260730_10_09_06_Pro,Participant9,Endomorph,Overweight,slouch,0.661235959548277,-175.93903275544622,-176.89827628388008,-0.506744995713234,-0.8513581626892248,0.2639405149364488,1,Front
106,3.5244121546961327,Participant9_WIN_20260730_10_09_06_Pro,Participant9,Endomorph,Overweight,slouch,0.6636353639451611,-176.13236749449362,-177.0897922605866,-0.5068531930446625,-0.7525617264939124,0.2634610346454082,1,Front
107,3.557661325966851,Participant9_WIN_20260730_10_09_06_Pro,Participant9,Endomorph,Overweight,slouch,0.6671523688808527,-175.71193903471905,-175.8102612246813,-0.5038192719221115,-0.6230716797280778,0.2634744213068043,1,Front
108,3.590910497237569,Participant9_WIN_20260730_10_09_06_Pro,Participant9,Endomorph,Overweight,slouch,0.6688120065538568,-175.5477722620891,-176.5699383017604,-0.4963837414979934,-0.777731010256554,0.2622469505588987,1,Front
109,3.624159668508287,Participant9_WIN_20260730_10_09_06_Pro,Participant9,Endomorph,Overweight,slouch,0.6535224287353931,-176.3156339668176,-177.0212163232344,-0.5027207881212234,-0.2852780545476349,0.2648185891011308,1,Front
110,3.6574088397790057,Participant9_WIN_20260730_10_09_06_Pro,Participant9,Endomorph,Overweight,slouch,0.6710788451915594,-176.0020731837171,-177.91354272932762,-0.5017503201961517,-0.8005335172013052,0.2621504417172153,1,Front
111,3.690658011049724,Participant9_WIN_20260730_10_09_06_Pro,Participant9,Endomorph,Overweight,slouch,0.6689775634684663,-175.9118013094577,-176.51447922388914,-0.5093508511781693,-0.550070117955626,0.2606637292291334,1,Front
112,3.723907182320442,Participant9_WIN_20260730_10_09_06_Pro,Participant9,Endomorph,Overweight,slouch,0.669456088042433,-176.34076552385017,-177.13709756588946,-0.5094912201166153,-0.3536441571497897,0.2622024945242252,1,Front
113,3.75715635359116,Participant9_WIN_20260730_10_09_06_Pro,Participant9,Endomorph,Overweight,slouch,0.6690339553061031,-176.03158905132895,-177.08033430086752,-0.5061926245689392,0.0924445024009373,0.2621428905595828,1,Front
114,3.790405524861879,Participant9_WIN_20260730_10_09_06_Pro,Participant9,Endomorph,Overweight,slouch,0.6655153598572228,-175.92695497570162,-176.21596697835116,-0.4994050413370132,-0.5516093119402772,0.2609420822548468,1,Front
115,3.823654696132597,Participant9_WIN_20260730_10_09_06_Pro,Participant9,Endomorph,Overweight,slouch,0.6590617439400175,-175.68792784567256,-176.33240887181287,-0.4890594929456711,-0.1054085165427559,0.2624952000329748,1,Front
116,3.856903867403315,Participant9_WIN_20260730_10_09_06_Pro,Participant9,Endomorph,Overweight,slouch,0.6531408500899571,-176.56685326669165,-175.8088494259596,-0.5010256916284561,0.1665844488159011,0.2616482987822958,1,Front
117,3.890153038674033,Participant9_WIN_20260730_10_09_06_Pro,Participant9,Endomorph,Overweight,slouch,0.6323144688316089,-176.47340041741776,-177.91812474258398,-0.5053936094045639,-0.7294709659111673,0.2619179596649221,1,Front
118,3.923402209944751,Participant9_WIN_20260730_10_09_06_Pro,Participant9,Endomorph,Overweight,slouch,0.6297923441450242,-175.72165255900342,-177.34068766586913,-0.4967111349105835,-1.893409346612068,0.2619174729182324,1,Front
119,3.9566513812154698,Participant9_WIN_20260730_10_09_06_Pro,Participant9,Endomorph,Overweight,slouch,0.6482641222678828,-176.9970489703961,-177.10425712228073,-0.4983529150485992,-0.2711131167810734,0.2636797792915419,1,Front
120,3.989900552486188,Participant9_WIN_20260730_10_09_06_Pro,Participant9,Endomorph,Overweight,slouch,0.6567459069806506,-177.25410486059474,-177.78255092326555,-0.4856717437505722,-0.1819432156402607,0.264625760935419,1,Front
121,4.023149723756906,Participant9_WIN_20260730_10_09_06_Pro,Participant9,Endomorph,Overweight,slouch,0.641449557094646,-176.37481741439746,-175.97385286530294,-0.4911259859800339,-0.5842498909535787,0.2625221929514296,1,Front
122,4.056398895027624,Participant9_WIN_20260730_10_09_06_Pro,Participant9,Endomorph,Overweight,slouch,0.6404524249911697,-175.86923958315526,-175.66405516402634,-0.4990833550691604,-0.8083670726313877,0.2608935539863293,1,Front
123,4.089648066298342,Participant9_WIN_20260730_10_09_06_Pro,Participant9,Endomorph,Overweight,slouch,0.6356752223449643,-176.50757787010278,-175.0004994367741,-0.4822540730237961,-0.3939832503441188,0.2633086477848921,1,Front
124,4.1228972375690605,Participant9_WIN_20260730_10_09_06_Pro,Participant9,Endomorph,Overweight,slouch,0.6395207955495851,-176.8240119108214,-175.35614942174325,-0.4887994825839996,-0.3202138864875432,0.264600926680062,1,Front
125,4.156146408839779,Participant9_WIN_20260730_10_09_06_Pro,Participant9,Endomorph,Overweight,slouch,0.6427047540507427,-176.82456332361372,-175.3571055032439,-0.4855518341064453,-0.3218562071050346,0.2633416112873513,1,Front
126,4.189395580110498,Participant9_WIN_20260730_10_09_06_Pro,Participant9,Endomorph,Overweight,slouch,0.6442759467672264,-176.66037794940968,-176.64883805942245,-0.4960883259773254,-0.8521737463414991,0.2618640910352679,1,Front
127,4.222644751381216,Participant9_WIN_20260730_10_09_06_Pro,Participant9,Endomorph,Overweight,slouch,0.6542548571191401,-177.39341494997916,-175.77258122643943,-0.4949052929878235,0.5719858817805066,0.2627410175797393,1,Front
128,4.255893922651934,Participant9_WIN_20260730_10_09_06_Pro,Participant9,Endomorph,Overweight,slouch,0.649320514720697,-175.3164902679441,-177.45126083359548,-0.4942734837532043,-0.5647152595149872,0.2632894851836475,1,Front
129,4.289143093922652,Participant9_WIN_20260730_10_09_06_Pro,Participant9,Endomorph,Overweight,slouch,0.6435606478225393,-176.93132293823248,-176.89667647544488,-0.4887399822473526,0.3072743259573181,0.2618074612076967,1,Front
130,4.32239226519337,Participant9_WIN_20260730_10_09_06_Pro,Participant9,Endomorph,Overweight,slouch,0.6518216506073397,-177.48723296914102,-175.8014974659266,-0.4892872720956802,0.6508169576279044,0.2624061734216625,1,Front
131,4.355641436464088,Participant9_WIN_20260730_10_09_06_Pro,Participant9,Endomorph,Overweight,slouch,0.6548524677883502,-176.9714182293534,-176.44397762726302,-0.490294337272644,0.2781170507327766,0.2626100575746478,1,Front
132,4.388890607734806,Participant9_WIN_20260730_10_09_06_Pro,Participant9,Endomorph,Overweight,slouch,0.6448740139320602,-177.50252633530042,-175.04278101874502,-0.4898889362812042,0.8538778069181033,0.261756410279007,1,Front
133,4.422139779005525,Participant9_WIN_20260730_10_09_06_Pro,Participant9,Endomorph,Overweight,slouch,0.6564790628578198,-176.56693339891652,-176.25936625205733,-0.4944790601730346,0.0351689224576499,0.2637018552509403,1,Front
134,4.455388950276243,Participant9_WIN_20260730_10_09_06_Pro,Participant9,Endomorph,Overweight,slouch,0.6552179163065736,-176.41378311192943,-176.80135469201855,-0.4889599978923797,0.0325419492749996,0.2627141156805136,1,Front
135,4.488638121546962,Participant9_WIN_20260730_10_09_06_Pro,Participant9,Endomorph,Overweight,slouch,0.6492696464035472,-176.27210314997473,-178.54873879080728,-0.4921152889728546,-0.1467307649241282,0.262562977620753,1,Front
136,4.52188729281768,Participant9_WIN_20260730_10_09_06_Pro,Participant9,Endomorph,Overweight,slouch,0.6489227859742218,-176.28143776304867,-178.81087277314597,-0.4923865497112274,-0.1292725290951946,0.2624583536470832,1,Front
137,4.555136464088398,Participant9_WIN_20260730_10_09_06_Pro,Participant9,Endomorph,Overweight,slouch,0.6448573856602277,-176.76163338268594,-178.6684544421783,-0.5101339817047119,0.1638900985133416,0.2639050574387283,1,Front
138,4.588385635359116,Participant9_WIN_20260730_10_09_06_Pro,Participant9,Endomorph,Overweight,slouch,0.6510644212807568,-176.55397701768686,-176.3907163631713,-0.5045540481805801,0.0711740685537873,0.264429066632443,1,Front
139,4.621634806629834,Participant9_WIN_20260730_10_09_06_Pro,Participant9,Endomorph,Overweight,slouch,0.6641185141943912,-176.20154063465765,-176.9809123178325,-0.494035542011261,-0.2751732377059576,0.2628982488433123,1,Front
140,4.654883977900552,Participant9_WIN_20260730_10_09_06_Pro,Participant9,Endomorph,Overweight,slouch,0.6705184724530476,-176.44350579323697,-177.70344966459422,-0.4993921518325805,-0.1036814169060323,0.2624922016837659,1,Front
141,4.688133149171271,Participant9_WIN_20260730_10_09_06_Pro,Participant9,Endomorph,Overweight,slouch,0.6631689429558018,-176.57314254824013,-178.11899130004088,-0.503572940826416,-0.1184037262097024,0.2635199632582418,1,Front
142,4.721382320441989,Participant9_WIN_20260730_10_09_06_Pro,Participant9,Endomorph,Overweight,slouch,0.6559769628461837,-177.0298635229601,-176.56882484079588,-0.506308451294899,0.7035171352465482,0.2643897299402216,1,Front
143,4.754631491712707,Participant9_WIN_20260730_10_09_06_Pro,Participant9,Endomorph,Overweight,slouch,0.6519172311399063,-176.79739842349207,-177.20347052245776,-0.4996449947357178,0.1955929832918173,0.2637700050170991,1,Front
144,4.787880662983425,Participant9_WIN_20260730_10_09_06_Pro,Participant9,Endomorph,Overweight,slouch,0.6633669123563763,-176.80620181352188,-179.1544419599951,-0.5129390060901642,0.1714642891105229,0.2639442655632283,1,Front
145,4.821129834254144,Participant9_WIN_20260730_10_09_06_Pro,Participant9,Endomorph,Overweight,slouch,0.6656520384847288,-177.27232541031472,-178.29832795146407,-0.505353108048439,-0.0711236183759008,0.263506344493952,1,Front
146,4.854379005524862,Participant9_WIN_20260730_10_09_06_Pro,Participant9,Endomorph,Overweight,slouch,0.6660835564349354,-177.2623215797549,-178.39199392675786,-0.5016214996576309,0.1755879746491112,0.2625342038218168,1,Front
147,4.88762817679558,Participant9_WIN_20260730_10_09_06_Pro,Participant9,Endomorph,Overweight,slouch,0.6585770801988041,-177.6179992880276,-177.53636860366424,-0.499960646033287,0.178982407132167,0.2635184000853213,1,Front
148,4.920877348066298,Participant9_WIN_20260730_10_09_06_Pro,Participant9,Endomorph,Overweight,slouch,0.6681336984769535,-177.3267202914143,-177.59612508562688,-0.5004649609327316,0.0342242380645549,0.2632295525796474,1,Front
149,4.9541265193370165,Participant9_WIN_20260730_10_09_06_Pro,Participant9,Endomorph,Overweight,slouch,0.6597195875219896,-177.22036494528496,-176.95548252717472,-0.5000576823949814,0.373050796372551,0.2610105397765218,1,Front
150,4.987375690607735,Participant9_WIN_20260730_10_09_06_Pro,Participant9,Endomorph,Overweight,slouch,0.6468637892019307,-176.97147355120015,-177.50808472404162,-0.4770176410675049,0.872678972466073,0.2616513950660497,1,Front
151,5.020624861878453,Participant9_WIN_20260730_10_09_06_Pro,Participant9,Endomorph,Overweight,slouch,0.6546078944314817,-176.69120751315563,-176.5157052784969,-0.4678925573825836,0.2458497554434724,0.2620055555186124,1,Front
152,5.053874033149171,Participant9_WIN_20260730_10_09_06_Pro,Participant9,Endomorph,Overweight,slouch,0.6630270538460478,-177.57642830309572,-175.95363113820804,-0.475151464343071,0.1791090693173729,0.2611476792599662,1,Front
153,5.087123204419889,Participant9_WIN_20260730_10_09_06_Pro,Participant9,Endomorph,Overweight,slouch,0.6425017829701599,-176.9102053230422,-177.78421610162695,-0.4871264547109604,-0.1583338768275156,0.2615115686457818,1,Front
154,5.120372375690608,Participant9_WIN_20260730_10_09_06_Pro,Participant9,Endomorph,Overweight,slouch,0.6409817541254672,-176.45421194143034,-177.76429545384747,-0.4897802770137787,0.2150832302862483,0.2651765709660006,1,Front
155,5.153621546961326,Participant9_WIN_20260730_10_09_06_Pro,Participant9,Endomorph,Overweight,slouch,0.658252526749218,-177.56661585312335,-175.14827554925003,-0.4855774044990539,-0.0953892354992469,0.2629296347649372,1,Front
156,5.186870718232044,Participant9_WIN_20260730_10_09_06_Pro,Participant9,Endomorph,Overweight,slouch,0.6581048793916763,-178.15104002411243,-174.88836060224995,-0.4848468452692032,0.8025371901760333,0.2618664144375878,1,Front
157,5.2201198895027625,Participant9_WIN_20260730_10_09_06_Pro,Participant9,Endomorph,Overweight,slouch,0.6527855163134468,-176.4534324699259,-175.60430128126046,-0.4924750328063965,-0.0116800441139829,0.2624734341347945,1,Front
158,5.253369060773481,Participant9_WIN_20260730_10_09_06_Pro,Participant9,Endomorph,Overweight,slouch,0.6516719511986627,-176.80608772788304,-177.37833871531652,-0.4888650327920913,-0.4784654471078948,0.2624381898583381,1,Front
159,5.286618232044199,Participant9_WIN_20260730_10_09_06_Pro,Participant9,Endomorph,Overweight,slouch,0.6542039556447126,-176.77452869882734,-176.11650194244936,-0.4881195724010467,0.1493092519030368,0.2631274046670486,1,Front
160,5.319867403314917,Participant9_WIN_20260730_10_09_06_Pro,Participant9,Endomorph,Overweight,slouch,0.6562211630104334,-177.1955262590385,-176.49744457182322,-0.4874034374952316,-0.0683621434411459,0.2628462351995046,1,Front
161,5.353116574585635,Participant9_WIN_20260730_10_09_06_Pro,Participant9,Endomorph,Overweight,slouch,0.6501441035209686,-176.21415966182516,-175.54056028223633,-0.4831489473581314,-0.2460870422798355,0.2634753637344086,1,Front
162,5.386365745856353,Participant9_WIN_20260730_10_09_06_Pro,Participant9,Endomorph,Overweight,slouch,0.654399383046063,-177.62190529767955,-175.00601529601198,-0.4903035461902618,0.2848183644399431,0.2615649924774239,1,Front
163,5.419614917127072,Participant9_WIN_20260730_10_09_06_Pro,Participant9,Endomorph,Overweight,slouch,0.6474964222213638,-177.24377730601572,-177.3653071413352,-0.4856175482273102,-0.0802907017203919,0.2608224835554703,1,Front
164,5.45286408839779,Participant9_WIN_20260730_10_09_06_Pro,Participant9,Endomorph,Overweight,slouch,0.6435593136646189,-176.9338903890358,-176.7069728273049,-0.4822844415903091,-0.5295707434968473,0.2624499335900507,1,Front
165,5.4861132596685085,Participant9_WIN_20260730_10_09_06_Pro,Participant9,Endomorph,Overweight,slouch,0.6485785649513038,-176.25650579722878,-175.16937278730273,-0.4768325090408325,-0.0570069068260701,0.2616038373624186,1,Front
166,5.519362430939227,Participant9_WIN_20260730_10_09_06_Pro,Participant9,Endomorph,Overweight,slouch,0.6433048216316749,-176.5785746073104,-174.9114041622212,-0.4800637066364288,0.1614545591235954,0.2618414828581369,1,Front
167,5.552611602209945,Participant9_WIN_20260730_10_09_06_Pro,Participant9,Endomorph,Overweight,slouch,0.6588084192214495,-176.47728009657234,-177.10693844539028,-0.4914200603961944,-0.1188910303407143,0.2610594436867611,1,Front
168,5.585860773480663,Participant9_WIN_20260730_10_09_06_Pro,Participant9,Endomorph,Overweight,slouch,0.6481464993973304,-176.8826494469052,-176.15197828999126,-0.4853807985782623,0.2331433041679458,0.2627676427378258,1,Front
169,5.619109944751381,Participant9_WIN_20260730_10_09_06_Pro,Participant9,Endomorph,Overweight,slouch,0.6543459537373916,-177.50545375767155,-174.44563206484187,-0.4870319068431854,0.1959932073823619,0.2629466943075222,1,Front
170,5.652359116022099,Participant9_WIN_20260730_10_09_06_Pro,Participant9,Endomorph,Overweight,slouch,0.6568871345822634,-176.46204535878147,-175.82779332830754,-0.493442177772522,0.1356559238424304,0.2638137911388428,1,Front
171,5.685608287292817,Participant9_WIN_20260730_10_09_06_Pro,Participant9,Endomorph,Overweight,slouch,0.6599509253987162,-176.94707118821944,-176.46505552755727,-0.5106728821992874,0.5542581611942643,0.2632126403783473,1,Front
172,5.718857458563536,Participant9_WIN_20260730_10_09_06_Pro,Participant9,Endomorph,Overweight,slouch,0.6401795350764374,-175.64589051141968,-176.31475500467752,-0.4926599264144897,-0.5035784641148654,0.2622848816247737,1,Front
173,5.752106629834255,Participant9_WIN_20260730_10_09_06_Pro,Participant9,Endomorph,Overweight,slouch,0.6406754207765044,-177.75978133617835,-178.20894946546454,-0.5105022639036179,0.4069835980440373,0.26265900880985,1,Front
174,5.785355801104973,Participant9_WIN_20260730_10_09_06_Pro,Participant9,Endomorph,Overweight,slouch,0.6428921210093889,-176.2434183071248,-177.22328558107623,-0.5121019631624222,-0.3460838123774901,0.2628043550726555,1,Front
175,5.818604972375691,Participant9_WIN_20260730_10_09_06_Pro,Participant9,Endomorph,Overweight,slouch,0.6462118594189646,-175.57288227641914,-177.17934867890114,-0.5014729350805283,-0.3503488683146571,0.2636186562535586,1,Front
176,5.851854143646409,Participant9_WIN_20260730_10_09_06_Pro,Participant9,Endomorph,Overweight,slouch,0.6486655220217385,-176.715556978567,-177.5481446189386,-0.5006510615348816,0.2695528686183855,0.2637138038672814,1,Front
177,5.885103314917127,Participant9_WIN_20260730_10_09_06_Pro,Participant9,Endomorph,Overweight,slouch,0.6450905604753049,-177.08165998437903,-178.98014973351488,-0.5183167010545731,0.4408423873843147,0.2643109216707942,1,Front
178,5.918352486187845,Participant9_WIN_20260730_10_09_06_Pro,Participant9,Endomorph,Overweight,slouch,0.6431874452159954,-176.11767088402584,-177.8319196361706,-0.5059812963008881,-0.1315055492746101,0.2650868236929313,1,Front
179,5.951601657458563,Participant9_WIN_20260730_10_09_06_Pro,Participant9,Endomorph,Overweight,slouch,0.6449454727021585,-176.42471277629554,-177.82317958495912,-0.5009576678276062,0.2376089451011071,0.2630421020439779,1,Front
180,5.984850828729281,Participant9_WIN_20260730_10_09_06_Pro,Participant9,Endomorph,Overweight,slouch,0.6408644448465155,-176.9703474878959,-177.44468120181713,-0.4990604370832443,0.3008859595468413,0.2614865699831166,1,Front
0,0.0,Participant7_WIN_20260730_11_06_39_Pro,Participant7,Mesomorph,Normal,slouch,0.8315069050350775,-170.90389769065257,-170.47202082262498,-0.4595317840576172,-3.093025026109842,0.3097704724194553,1,Front
1,0.0698179166666666,Participant7_WIN_20260730_11_06_39_Pro,Participant7,Mesomorph,Normal,slouch,0.7434337776573472,-170.41449622980358,-169.87105701935624,-0.4462232589721679,-2.6310140248253022,0.3128072631201435,1,Front
2,0.1396358333333333,Participant7_WIN_20260730_11_06_39_Pro,Participant7,Mesomorph,Normal,slouch,0.824068496934908,-172.06070221008628,-170.9986792087518,-0.3601201027631759,-2.1690030235407614,0.313483919918036,1,Front
3,0.20945375,Participant7_WIN_20260730_11_06_39_Pro,Participant7,Mesomorph,Normal,slouch,0.8183731060299804,-172.44919770922814,-170.6212310618862,-0.4834615066647529,-1.1729783517951846,0.3105543317930535,1,Front
4,0.2792716666666667,Participant7_WIN_20260730_11_06_39_Pro,Participant7,Mesomorph,Normal,slouch,0.7864114051407053,-172.83769320836998,-170.92780643385254,-0.4509018734097481,-1.4654086992912476,0.307624743668071,1,Front
5,0.3490895833333333,Participant7_WIN_20260730_11_06_39_Pro,Participant7,Mesomorph,Normal,slouch,0.7881997609323534,-170.24134710991524,-170.18556395189597,-0.4559917449951172,-1.6753747519815694,0.3160983035053359,1,Front
6,0.4189075,Participant7_WIN_20260730_11_06_39_Pro,Participant7,Mesomorph,Normal,slouch,0.7385504725710282,-170.3791889588,-169.7224994761033,-0.4154804646968841,-2.619912041499993,0.3150478133259333,1,Front
7,0.4887254166666667,Participant7_WIN_20260730_11_06_39_Pro,Participant7,Mesomorph,Normal,slouch,0.7886372374474983,-172.0362831895059,-169.65623028739432,-0.3970428928732872,-1.6730282313045737,0.3148098619482533,1,Front
8,0.5585433333333334,Participant7_WIN_20260730_11_06_39_Pro,Participant7,Mesomorph,Normal,slouch,0.7769792080344343,-170.9467209866752,-168.85242991829037,-0.4108225777745247,-1.4531165233842374,0.3172201506048774,1,Front
9,0.62836125,Participant7_WIN_20260730_11_06_39_Pro,Participant7,Mesomorph,Normal,slouch,0.772090731480118,-170.37151962818024,-169.5479101114038,-0.4525347501039505,-1.157023511284225,0.3119878961379895,1,Front
10,0.6981791666666667,Participant7_WIN_20260730_11_06_39_Pro,Participant7,Mesomorph,Normal,slouch,0.768689298496291,-170.74054448802363,-169.2658499373645,-0.3718977645039558,-1.9432180503049028,0.3122421968779904,1,Front
11,0.7679970833333334,Participant7_WIN_20260730_11_06_39_Pro,Participant7,Mesomorph,Normal,slouch,0.7984357496094996,-170.60001316100062,-168.6263591610307,-0.3457274958491325,-1.638485648982894,0.3139027573708068,1,Front
12,0.8378150000000001,Participant7_WIN_20260730_11_06_39_Pro,Participant7,Mesomorph,Normal,slouch,0.8099430591045713,-169.94917585006317,-168.35033987103876,-0.3740235045552254,-2.573359236858467,0.3133670682230489,1,Front
13,0.9076329166666668,Participant7_WIN_20260730_11_06_39_Pro,Participant7,Mesomorph,Normal,slouch,0.7953481312726723,-171.9664952229954,-169.6730650256957,-0.4360169246792793,-1.8488384330657923,0.3097619486737636,1,Front
14,0.9774508333333334,Participant7_WIN_20260730_11_06_39_Pro,Participant7,Mesomorph,Normal,slouch,0.7748025251490771,-170.25479932055228,-169.74447579172872,-0.3886664882302284,-2.701158198877801,0.3128625914543105,1,Front
15,1.04726875,Participant7_WIN_20260730_11_06_39_Pro,Participant7,Mesomorph,Normal,slouch,0.7841829310313158,-170.6579032669289,-170.1568815321038,-0.3620032072067261,-2.7788893551052416,0.3167719487959945,1,Front
16,1.1170866666666668,Participant7_WIN_20260730_11_06_39_Pro,Participant7,Mesomorph,Normal,slouch,0.785822018034804,-171.03668700982317,-171.99839546616067,-0.384851336479187,-2.3523232912559453,0.3150864458358058,1,Front
17,1.1869045833333334,Participant7_WIN_20260730_11_06_39_Pro,Participant7,Mesomorph,Normal,slouch,0.7589043060289993,-169.77154847209658,-170.6973138196022,-0.4161057025194168,-2.3500313968901345,0.3140281834206708,1,Front
18,1.2567225,Participant7_WIN_20260730_11_06_39_Pro,Participant7,Mesomorph,Normal,slouch,0.7948234007964088,-170.6294979442838,-171.588578489604,-0.3631353676319122,-1.9050806823077933,0.3148684266009917,1,Front
19,1.3265404166666668,Participant7_WIN_20260730_11_06_39_Pro,Participant7,Mesomorph,Normal,slouch,0.7591507577084912,-170.5629270617599,-172.50683192326738,-0.3913400843739509,-1.6664308770596,0.3162155350632338,1,Front
20,1.3963583333333334,Participant7_WIN_20260730_11_06_39_Pro,Participant7,Mesomorph,Normal,slouch,0.7288856638125887,-169.70164440414052,-170.5294578481791,-0.4068239256739616,-1.8238167124449527,0.3169908335032119,1,Front
21,1.46617625,Participant7_WIN_20260730_11_06_39_Pro,Participant7,Mesomorph,Normal,slouch,0.7354867715429639,-171.6789884026815,-173.18960380623338,-0.4400915130972862,-1.7339007800175084,0.3154560638942364,1,Front
22,1.5359941666666668,Participant7_WIN_20260730_11_06_39_Pro,Participant7,Mesomorph,Normal,slouch,0.7212595939173629,-169.66743549483337,-172.58766370575566,-0.507484182715416,-2.3013137636637704,0.3126620977054159,1,Front
23,1.6058120833333334,Participant7_WIN_20260730_11_06_39_Pro,Participant7,Mesomorph,Normal,slouch,0.756422174819988,-170.1552985893907,-170.14276750772186,-0.4264494627714157,-1.4024893326703278,0.3133940283386669,1,Front
24,1.6756300000000002,Participant7_WIN_20260730_11_06_39_Pro,Participant7,Mesomorph,Normal,slouch,0.7300251936907866,-170.18467033805936,-171.77951893563025,-0.4543080404400825,-2.313552585972597,0.3149939202586472,1,Front
25,1.7454479166666668,Participant7_WIN_20260730_11_06_39_Pro,Participant7,Mesomorph,Normal,slouch,0.7051484462552319,-170.12213083425928,-172.47006683795968,-0.4682039096951484,-2.307560395758335,0.3156709600656688,1,Front
26,1.8152658333333327,Participant7_WIN_20260730_11_06_39_Pro,Participant7,Mesomorph,Normal,slouch,0.7865535273679819,-170.38618365979542,-170.84726619542676,-0.3805772662162781,-1.898177126841972,0.3109156960526782,1,Front
27,1.88508375,Participant7_WIN_20260730_11_06_39_Pro,Participant7,Mesomorph,Normal,slouch,0.7812745337875853,-170.74961232226465,-169.652595227097,-0.3752038478851318,-2.4122733525137456,0.3178331128799692,1,Front
28,1.9549016666666668,Participant7_WIN_20260730_11_06_39_Pro,Participant7,Mesomorph,Normal,slouch,0.7075877693316812,-169.87154720216978,-170.59164258245693,-0.5098978132009506,-1.7507175019311303,0.3115276370162385,1,Front
29,2.0247195833333334,Participant7_WIN_20260730_11_06_39_Pro,Participant7,Mesomorph,Normal,slouch,0.7137003422884672,-170.47843470073565,-171.38437731337808,-0.4463673681020736,-1.950000716737808,0.3112057062141526,1,Front
30,2.0945375,Participant7_WIN_20260730_11_06_39_Pro,Participant7,Mesomorph,Normal,slouch,0.7734829436212712,-170.83559541445337,-171.50509931719446,-0.4697503596544266,-2.2245890224606164,0.3176804586757172,1,Front
31,2.1643554166666665,Participant7_WIN_20260730_11_06_39_Pro,Participant7,Mesomorph,Normal,slouch,0.7127953405227848,-168.17791121946203,-172.89919925139307,-0.4964710250496864,-1.392721891441297,0.3134363095529286,1,Front
32,2.2341733333333336,Participant7_WIN_20260730_11_06_39_Pro,Participant7,Mesomorph,Normal,slouch,0.7247900520164965,-169.09061274888415,-173.0587543855945,-0.4159498363733291,-2.357137890244977,0.3189439551503023,1,Front
33,2.30399125,Participant7_WIN_20260730_11_06_39_Pro,Participant7,Mesomorph,Normal,slouch,0.7503918904306468,-169.24584851575463,-170.46371680621166,-0.421502836048603,-1.6958285718311752,0.3158104896220488,1,Front
34,2.3738091666666667,Participant7_WIN_20260730_11_06_39_Pro,Participant7,Mesomorph,Normal,slouch,0.7629110211137059,-170.35469838502186,-171.63034992862342,-0.4463860541582107,-1.7659384316328994,0.3124069547843653,1,Front
35,2.4436270833333333,Participant7_WIN_20260730_11_06_39_Pro,Participant7,Mesomorph,Normal,slouch,0.7094241608323372,-169.4507195158983,-172.74716284617736,-0.4427350461483001,-1.9475755445030505,0.314682398023308,1,Front
36,2.513445,Participant7_WIN_20260730_11_06_39_Pro,Participant7,Mesomorph,Normal,slouch,0.741701839212331,-169.2888203646185,-170.6107729987386,-0.4812706634402275,-3.1428271895021767,0.3120122236401322,1,Front
37,2.583262916666667,Participant7_WIN_20260730_11_06_39_Pro,Participant7,Mesomorph,Normal,slouch,0.7424920413159501,-170.7941256415755,-171.6520336702862,-0.4278991594910621,-1.5184450260432527,0.3129662719787727,1,Front
38,2.6530808333333336,Participant7_WIN_20260730_11_06_39_Pro,Participant7,Mesomorph,Normal,slouch,0.7809959958933358,-170.38646393282218,-171.41302759774035,-0.4199239313602447,-2.677230136680839,0.3166491618826629,1,Front
39,2.72289875,Participant7_WIN_20260730_11_06_39_Pro,Participant7,Mesomorph,Normal,slouch,0.790263324277911,-170.2068390079712,-172.40591433060897,-0.4718971326947212,-1.1962858476253848,0.3137474129116104,1,Front
40,2.7927166666666667,Participant7_WIN_20260730_11_06_39_Pro,Participant7,Mesomorph,Normal,slouch,0.7323478036737179,-169.63964382501578,-174.15535097638696,-0.4441645219922066,-1.9999111095286808,0.3142393805844644,1,Front
41,2.8625345833333333,Participant7_WIN_20260730_11_06_39_Pro,Participant7,Mesomorph,Normal,slouch,0.7967906721186803,-171.93658313820157,-172.7070610369384,-0.4218250215053558,-1.814424143459472,0.3138088131066331,1,Front
42,2.9323525,Participant7_WIN_20260730_11_06_39_Pro,Participant7,Mesomorph,Normal,slouch,0.7857877725951219,-170.62505897718646,-170.92356551277658,-0.4124792441725731,-2.070469167831761,0.310981074555936,1,Front
43,3.002170416666667,Participant7_WIN_20260730_11_06_39_Pro,Participant7,Mesomorph,Normal,slouch,0.784719328825548,-171.51026129935173,-170.54551229701636,-0.4607345536351204,-1.6251277992573356,0.312188177120177,1,Front
44,3.071988333333333,Participant7_WIN_20260730_11_06_39_Pro,Participant7,Mesomorph,Normal,slouch,0.7769058480908306,-170.34159693728196,-169.38994267407992,-0.4378151446580887,-2.028355576211832,0.3119054822585151,1,Front
45,3.14180625,Participant7_WIN_20260730_11_06_39_Pro,Participant7,Mesomorph,Normal,slouch,0.74790729206997,-169.68054980134582,-172.53478591257033,-0.450174480676651,-2.832756807711842,0.3131163483004369,1,Front
46,3.2116241666666667,Participant7_WIN_20260730_11_06_39_Pro,Participant7,Mesomorph,Normal,slouch,0.788964398500418,-170.5887955758813,-169.675077046746,-0.39704729616642,-2.801251061294157,0.3147133536221768,1,Front
47,3.2814420833333333,Participant7_WIN_20260730_11_06_39_Pro,Participant7,Mesomorph,Normal,slouch,0.7741325011960087,-169.93628508747062,-170.39039078223553,-0.3936481922864914,-3.552722290063551,0.3177431323300408,1,Front
48,3.3512600000000003,Participant7_WIN_20260730_11_06_39_Pro,Participant7,Mesomorph,Normal,slouch,0.7728440822885679,-171.29235066684825,-170.26363080119208,-0.4511452466249466,-2.5261967970353183,0.3113546132172816,1,Front
49,3.421077916666667,Participant7_WIN_20260730_11_06_39_Pro,Participant7,Mesomorph,Normal,slouch,0.7452505892628813,-169.06688344110086,-171.42372286188737,-0.4292118176817894,-2.2453851100439937,0.3107142686939451,1,Front
50,3.490895833333333,Participant7_WIN_20260730_11_06_39_Pro,Participant7,Mesomorph,Normal,slouch,0.7444827947956861,-170.17637178861182,-170.80919895367458,-0.4287328645586967,-2.438760602788676,0.3152817113658644,1,Front
51,3.56071375,Participant7_WIN_20260730_11_06_39_Pro,Participant7,Mesomorph,Normal,slouch,0.757725181247553,-171.3717626805647,-172.62236275792944,-0.4843814447522163,-1.827609761133404,0.3140599820686302,1,Front
52,3.6305316666666654,Participant7_WIN_20260730_11_06_39_Pro,Participant7,Mesomorph,Normal,slouch,0.7910260886523279,-170.75843421506423,-170.52318711369364,-0.4385266825556755,-2.165376333306377,0.3149030685210434,1,Front
53,3.700349583333333,Participant7_WIN_20260730_11_06_39_Pro,Participant7,Mesomorph,Normal,slouch,0.7824013613957407,-170.57870533691667,-171.1145780163425,-0.4074445143342018,-2.146989786636252,0.3140232183004554,1,Front
54,3.7701675,Participant7_WIN_20260730_11_06_39_Pro,Participant7,Mesomorph,Normal,slouch,0.7852571306620139,-171.09662210337214,-170.089521509575,-0.3955555409193039,-2.206128869491428,0.3122880435416255,1,Front
55,3.839985416666667,Participant7_WIN_20260730_11_06_39_Pro,Participant7,Mesomorph,Normal,slouch,0.7840651762161366,-171.6060959225173,-171.31181013372984,-0.3434027954936027,-3.024491803159198,0.3174136575962177,1,Front
56,3.9098033333333335,Participant7_WIN_20260730_11_06_39_Pro,Participant7,Mesomorph,Normal,slouch,0.7522575050180726,-171.73126588289986,-170.94710618617228,-0.4876251593232155,-1.821505488049053,0.3138431945695536,1,Front
57,3.97962125,Participant7_WIN_20260730_11_06_39_Pro,Participant7,Mesomorph,Normal,slouch,0.7905037547095585,-172.047231916868,-170.58240223861475,-0.3597456365823746,-1.9523683190535304,0.3127219932222731,1,Front
58,4.049439166666667,Participant7_WIN_20260730_11_06_39_Pro,Participant7,Mesomorph,Normal,slouch,0.7830015464088566,-169.5685318869743,-170.5780352653342,-0.4625770002603531,-3.321047991040064,0.3143556078595704,1,Front
59,4.119257083333333,Participant7_WIN_20260730_11_06_39_Pro,Participant7,Mesomorph,Normal,slouch,0.7814072915199078,-171.7251960911177,-170.56163050103092,-0.4221158027648926,-2.6818083807509905,0.3119931928143756,1,Front
60,4.189075,Participant7_WIN_20260730_11_06_39_Pro,Participant7,Mesomorph,Normal,slouch,0.7651292557492831,-170.84285147785337,-168.2232111598051,-0.4580946043133735,-2.116503060482365,0.3104794032733824,1,Front
61,4.2588929166666665,Participant7_WIN_20260730_11_06_39_Pro,Participant7,Mesomorph,Normal,slouch,0.7658716941538867,-172.56328101474006,-170.57470172176448,-0.3935404568910599,-1.5215662290817435,0.315067484777251,1,Front
62,4.328710833333333,Participant7_WIN_20260730_11_06_39_Pro,Participant7,Mesomorph,Normal,slouch,0.783312673066725,-170.36010015197903,-170.51186311295044,-0.4188826382160187,-2.379141766392242,0.3139553671512587,1,Front
63,4.3985287500000005,Participant7_WIN_20260730_11_06_39_Pro,Participant7,Mesomorph,Normal,slouch,0.8256110483531006,-172.1358888666525,-172.16939475056293,-0.3762212917208671,-1.5273898387339475,0.3117323078496958,1,Front
64,4.468346666666667,Participant7_WIN_20260730_11_06_39_Pro,Participant7,Mesomorph,Normal,slouch,0.7961296116255149,-170.08224302783498,-171.82345986315406,-0.3783823177218437,-2.7669924336258886,0.3139655026233958,1,Front
65,4.538164583333334,Participant7_WIN_20260730_11_06_39_Pro,Participant7,Mesomorph,Normal,slouch,0.781701142660892,-171.3732488535326,-168.9752526187437,-0.4451096430420875,-1.7550068833961656,0.3154436823025881,1,Front
66,4.6079825,Participant7_WIN_20260730_11_06_39_Pro,Participant7,Mesomorph,Normal,slouch,0.783351944725865,-170.81042649683042,-170.15577656927192,-0.3620064407587051,-1.6643957898495418,0.315445471544466,1,Front
67,4.677800416666667,Participant7_WIN_20260730_11_06_39_Pro,Participant7,Mesomorph,Normal,slouch,0.7980344313123733,-171.455874722942,-168.54320233687932,-0.4183738157153129,-1.0395626065894303,0.31685201497075,1,Front
68,4.7476183333333335,Participant7_WIN_20260730_11_06_39_Pro,Participant7,Mesomorph,Normal,slouch,0.776722934032003,-169.3947222228443,-168.3383648045865,-0.3996759057044983,-2.452577648004624,0.3155240666360246,1,Front
69,4.81743625,Participant7_WIN_20260730_11_06_39_Pro,Participant7,Mesomorph,Normal,slouch,0.766572797118078,-169.71337445091316,-168.66385116998904,-0.433744803071022,-2.163423357137169,0.3161521241767445,1,Front
70,4.887254166666667,Participant7_WIN_20260730_11_06_39_Pro,Participant7,Mesomorph,Normal,slouch,0.770305991897513,-171.24353808307114,-169.04164460856526,-0.5013408213853836,-1.4508722684256794,0.313727029113849,1,Front
71,4.957072083333333,Participant7_WIN_20260730_11_06_39_Pro,Participant7,Mesomorph,Normal,slouch,0.7906264775401693,-170.1276089376689,-170.05134085094468,-0.4285448566079139,-2.6315570462922047,0.3143860290498245,1,Front
72,5.02689,Participant7_WIN_20260730_11_06_39_Pro,Participant7,Mesomorph,Normal,slouch,0.768607254664381,-170.1591592754708,-170.15834530669045,-0.4265987202525139,-2.0554828883299607,0.313933909865276,1,Front
73,5.096707916666666,Participant7_WIN_20260730_11_06_39_Pro,Participant7,Mesomorph,Normal,slouch,0.7754507083363734,-170.3844366699156,-168.84506000932302,-0.3777360171079635,-2.5841371922867133,0.3181884347571215,1,Front
74,5.166525833333334,Participant7_WIN_20260730_11_06_39_Pro,Participant7,Mesomorph,Normal,slouch,0.7168925737251609,-169.51682655269013,-171.3784373681178,-0.4769664257764816,-1.4426069456750692,0.3145445098035752,1,Front
75,5.2363437500000005,Participant7_WIN_20260730_11_06_39_Pro,Participant7,Mesomorph,Normal,slouch,0.774122501273803,-169.43177013074748,-168.95522207597236,-0.4217080548405647,-2.268295776253732,0.3172632759926785,1,Front
76,5.306161666666667,Participant7_WIN_20260730_11_06_39_Pro,Participant7,Mesomorph,Normal,slouch,0.7766679422477741,-170.817752968243,-170.03778825997531,-0.4492354169487953,-2.336333085620911,0.3164390556788835,1,Front
77,5.375979583333334,Participant7_WIN_20260730_11_06_39_Pro,Participant7,Mesomorph,Normal,slouch,0.7402491002691965,-170.13314731557543,-172.2236699794233,-0.4450124949216842,-1.2504732071722404,0.3174056874165281,1,Front
78,5.4457975,Participant7_WIN_20260730_11_06_39_Pro,Participant7,Mesomorph,Normal,slouch,0.7730514026101031,-170.26523400640184,-169.20076546250542,-0.4769221916794777,-2.730572666084208,0.3136512077710894,1,Front
79,5.515615416666667,Participant7_WIN_20260730_11_06_39_Pro,Participant7,Mesomorph,Normal,slouch,0.7946625859067271,-170.25321550128845,-170.12100495571372,-0.4749741181731224,-2.189402456291865,0.3127351386509952,1,Front
0,0.0,Participant1_IMG_4747,Participant1,Mesomorph,Normal,slouch,0.8726071680755029,179.46121123210943,-167.96919583370016,-0.5430785268545151,-4.209448072305992,0.3383586698561226,1,Front
1,0.0166666666666666,Participant1_IMG_4747,Participant1,Mesomorph,Normal,slouch,0.8650426740029834,-179.24071793346846,-166.49009001156256,-0.518640473484993,-3.425544694638368,0.3383924663126799,1,Front
2,0.0333333333333333,Participant1_IMG_4747,Participant1,Mesomorph,Normal,slouch,0.8695339239129033,178.77773423320843,-167.34142721548744,-0.5237031653523445,-2.686626271868836,0.3350258710140835,1,Front
3,0.05,Participant1_IMG_4747,Participant1,Mesomorph,Normal,slouch,0.8645949723886583,178.28502379491664,-166.88502691064,-0.5070348102599382,-2.302851782426996,0.3345327383392501,1,Front
4,0.0666666666666666,Participant1_IMG_4747,Participant1,Mesomorph,Normal,slouch,0.8745235314996925,178.84578044202144,-166.92165173678717,-0.4729003049433231,-2.483436377283272,0.3316171091490983,1,Front
5,0.0833333333333333,Participant1_IMG_4747,Participant1,Mesomorph,Normal,slouch,0.8810513030028398,-179.88559336758286,-169.11711833782206,-0.5242178025655448,-4.553407915698613,0.3391913977066447,1,Front
6,0.1,Participant1_IMG_4747,Participant1,Mesomorph,Normal,slouch,0.8770732691008064,179.67086932757567,-167.1282752728321,-0.4827554589137435,-3.525605643220981,0.333853031010198,1,Front
7,0.1166666666666666,Participant1_IMG_4747,Participant1,Mesomorph,Normal,slouch,0.8745092588697145,177.7463036042254,-168.46697794209462,-0.4854143410921097,-3.166185042207427,0.3332676807661728,1,Front
8,0.1333333333333333,Participant1_IMG_4747,Participant1,Mesomorph,Normal,slouch,0.8673971880256163,177.8464726547774,-169.66266629767267,-0.5050730891525745,-3.0274857762825387,0.3363780891606201,1,Front
9,0.15,Participant1_IMG_4747,Participant1,Mesomorph,Normal,slouch,0.8862256971390293,176.1548179818928,-165.5221718351616,-0.4864531941711902,-2.328750430494828,0.3335468858873571,1,Front
10,0.1666666666666666,Participant1_IMG_4747,Participant1,Mesomorph,Normal,slouch,0.887564716246024,176.2035681073719,-167.76810912633837,-0.5065519213676453,-2.0845540694269773,0.3337690264381568,1,Front
11,0.1833333333333333,Participant1_IMG_4747,Participant1,Mesomorph,Normal,slouch,0.8931420046296747,179.24355600983282,-167.93930427857282,-0.5138934031128883,-1.7552611479701643,0.341237660681645,1,Front
12,0.2,Participant1_IMG_4747,Participant1,Mesomorph,Normal,slouch,0.8846451787203911,-179.1479564197677,-165.2495720835818,-0.5308243036270142,-2.655452517823797,0.3407109405140419,1,Front
13,0.2166666666666666,Participant1_IMG_4747,Participant1,Mesomorph,Normal,slouch,0.908115700994065,178.60085145278777,-166.086950248081,-0.5080833211541176,-2.5214840439128032,0.3353629417742687,1,Front
14,0.2333333333333333,Participant1_IMG_4747,Participant1,Mesomorph,Normal,slouch,0.9086483512252456,-179.16053759727518,-167.18809621603793,-0.5059038773179054,-1.6851857365575282,0.3380015871916995,1,Front
15,0.25,Participant1_IMG_4747,Participant1,Mesomorph,Normal,slouch,0.8655616748234891,-178.2189661132662,-169.3613494298371,-0.5829115211963654,-4.41367834343018,0.3418954950234923,1,Front
16,0.2666666666666666,Participant1_IMG_4747,Participant1,Mesomorph,Normal,slouch,0.9035971675055698,-177.02283846312346,-168.4943684378862,-0.5821723788976669,-3.0635665366173943,0.3387836451300934,1,Front
17,0.2833333333333333,Participant1_IMG_4747,Participant1,Mesomorph,Normal,slouch,0.9060936385694386,-175.27027521702627,-167.33379830857527,-0.5859634056687355,-3.801312418215099,0.3449347838496168,1,Front
18,0.3,Participant1_IMG_4747,Participant1,Mesomorph,Normal,slouch,0.90503652436842,-173.59252913046384,-168.5105033446238,-0.4971108883619308,-3.374543979776029,0.3382031928629029,1,Front
19,0.3166666666666666,Participant1_IMG_4747,Participant1,Mesomorph,Normal,slouch,0.9167639890200788,-175.81967441103845,-168.60486787257653,-0.5718590170145035,-1.6575118705379877,0.3314294062536627,1,Front
20,0.3333333333333333,Participant1_IMG_4747,Participant1,Mesomorph,Normal,slouch,0.8432843128992102,-177.39085373134486,-165.91391679943976,-0.6051354706287384,-4.331860500692562,0.345892548408015,1,Front
21,0.35,Participant1_IMG_4747,Participant1,Mesomorph,Normal,slouch,0.9135730250460516,-175.38550070960957,-164.53480212073356,-0.5747214779257774,-2.655040763648583,0.3386598625473198,1,Front
22,0.3666666666666666,Participant1_IMG_4747,Participant1,Mesomorph,Normal,slouch,0.9602096427877056,-174.7167404708119,-163.1556874420274,-0.6555707454681396,-1.310319563386169,0.3229764302625453,1,Front
23,0.3833333333333333,Participant1_IMG_4747,Participant1,Mesomorph,Normal,slouch,0.935355234005856,-175.49117155232867,-164.22093370683848,-0.6341438218951225,-1.1606618280880328,0.3259081343553585,1,Front
24,0.4,Participant1_IMG_4747,Participant1,Mesomorph,Normal,slouch,0.9040196880503248,-176.3514858055404,-165.65908055761696,-0.659854955971241,-2.455418579163971,0.3315603958599421,1,Front
25,0.4166666666666667,Participant1_IMG_4747,Participant1,Mesomorph,Normal,slouch,0.9093321428836127,-177.12116412586212,-166.3603884185843,-0.6515012681484222,-2.349559372342368,0.3326813636833101,1,Front
26,0.4333333333333333,Participant1_IMG_4747,Participant1,Mesomorph,Normal,slouch,0.8900715962616195,-177.63453223617063,-167.45190926128384,-0.6720614805817604,-3.42611383716754,0.333802331506678,1,Front
27,0.45,Participant1_IMG_4747,Participant1,Mesomorph,Normal,slouch,0.8436416722241032,-176.37337446843722,-168.34309261950543,-0.6926216930150986,-2.8734484124498865,0.334923299330046,1,Front
28,0.4666666666666667,Participant1_IMG_4747,Participant1,Mesomorph,Normal,slouch,0.8201714340241273,-179.60664871417785,-170.57179856861114,-0.7139629423618317,-1.998216630013362,0.3410335084516797,1,Front
29,0.4833333333333333,Participant1_IMG_4747,Participant1,Mesomorph,Normal,slouch,0.8008110335641548,-179.15934016215553,-168.52957842676844,-0.6343912482261658,-2.036482996214222,0.3341848243348245,1,Front
30,0.5,Participant1_IMG_4747,Participant1,Mesomorph,Normal,slouch,0.8250271951433917,-176.3047275558409,-169.9773741844546,-0.5548195540904999,-2.239640413852975,0.3400083648936821,1,Front
31,0.5166666666666667,Participant1_IMG_4747,Participant1,Mesomorph,Normal,slouch,0.7881259225473032,-174.00132289396385,-168.7314888582289,-0.6125438511371613,-1.659006492244131,0.3420071376109556,1,Front
32,0.5333333333333333,Participant1_IMG_4747,Participant1,Mesomorph,Normal,slouch,0.8112718286494993,-174.89094916731037,-169.07208295264468,-0.6702681481838226,0.4600247058516721,0.3267010741855683,1,Front
33,0.55,Participant1_IMG_4747,Participant1,Mesomorph,Normal,slouch,0.8434983399880751,-173.52115018407952,-166.06216889319452,-0.5205447524785995,-0.5162045117124499,0.3470020008805882,1,Front
34,0.5666666666666667,Participant1_IMG_4747,Participant1,Mesomorph,Normal,slouch,0.8197327594780072,-170.87429975956678,-168.13429464763473,-0.5866545736789703,-0.5666827118945594,0.3460611208922506,1,Front
35,0.5833333333333334,Participant1_IMG_4747,Participant1,Mesomorph,Normal,slouch,0.838291283710641,-172.0686106841116,-168.01576373700647,-0.5773510038852692,-0.3742921468724572,0.3451416783280811,1,Front
36,0.6,Participant1_IMG_4747,Participant1,Mesomorph,Normal,slouch,0.8366697390382838,-168.22746166220483,-169.85859541576198,-0.5981961488723755,-1.1015938465182014,0.3515556665127309,1,Front
37,0.6166666666666667,Participant1_IMG_4747,Participant1,Mesomorph,Normal,slouch,0.8273426950792719,-168.75099210756815,-167.30250745326862,-0.5369285494089127,-1.9341848678566207,0.3510838951640347,1,Front
38,0.6333333333333333,Participant1_IMG_4747,Participant1,Mesomorph,Normal,slouch,0.8245555898205683,-169.21819445599905,-165.15804481929322,-0.532334715127945,-1.803750471195072,0.3533047060334276,1,Front
39,0.65,Participant1_IMG_4747,Participant1,Mesomorph,Normal,slouch,0.8402768955330961,-168.50695644118736,-164.92977558699027,-0.5007000267505646,-1.4201891807961486,0.3526468551073756,1,Front
40,0.6666666666666666,Participant1_IMG_4747,Participant1,Mesomorph,Normal,slouch,0.8234536009043106,-168.77884735183562,-169.3401543530513,-0.526602253317833,-0.575820203735405,0.3452476008402877,1,Front
41,0.6833333333333333,Participant1_IMG_4747,Participant1,Mesomorph,Normal,slouch,0.8184870643475409,-167.25390838844186,-169.22197641733533,-0.4949464946985245,-1.2033264588316075,0.3486194228181977,1,Front
42,0.7,Participant1_IMG_4747,Participant1,Mesomorph,Normal,slouch,0.8185874819818143,-167.68241843827238,-168.4142906262641,-0.4640125334262848,-1.5113688809486636,0.3503103224258089,1,Front
43,0.7166666666666667,Participant1_IMG_4747,Participant1,Mesomorph,Normal,slouch,0.8155530442458294,-168.71207857598114,-168.09893754194223,-0.4034256041049957,-1.181798737724601,0.3502278164285882,1,Front
44,0.7333333333333333,Participant1_IMG_4747,Participant1,Mesomorph,Normal,slouch,0.8135178683254677,-166.94447012763482,-166.50354107324557,-0.4198553338646889,-1.3351699247157396,0.3483290002377542,1,Front
45,0.75,Participant1_IMG_4747,Participant1,Mesomorph,Normal,slouch,0.8088087453999284,-168.04517104777568,-167.09984825513288,-0.4800928682088852,-0.733774982852988,0.3437298877332619,1,Front
46,0.7666666666666667,Participant1_IMG_4747,Participant1,Mesomorph,Normal,slouch,0.794979212108665,-167.05011667794943,-169.1458774761607,-0.4698759317398071,-1.4337002119692186,0.3445628807053147,1,Front
47,0.7833333333333333,Participant1_IMG_4747,Participant1,Mesomorph,Normal,slouch,0.7876259325630698,-169.01653311372587,-170.8303190432093,-0.4990213215351105,-1.6722746371272443,0.3432316493172339,1,Front
48,0.8,Participant1_IMG_4747,Participant1,Mesomorph,Normal,slouch,0.780894360090483,-168.9072032226678,-170.22204995493843,-0.5239085853099823,-2.2343650719252586,0.3401086279542529,1,Front
49,0.8166666666666667,Participant1_IMG_4747,Participant1,Mesomorph,Normal,slouch,0.7858167931210911,-170.195402183899,-169.4854193025175,-0.5054536014795303,-2.125788660313161,0.3429383638647004,1,Front
50,0.8333333333333334,Participant1_IMG_4747,Participant1,Mesomorph,Normal,slouch,0.763883905895719,-170.36539076411492,-168.58924587424377,-0.524296298623085,-1.673069924324032,0.3394973489597089,1,Front
51,0.85,Participant1_IMG_4747,Participant1,Mesomorph,Normal,slouch,0.7654571279868815,-170.85319932807568,-169.55083430916574,-0.4987818747758865,-1.6761180104118412,0.3332222526309742,1,Front
52,0.8666666666666667,Participant1_IMG_4747,Participant1,Mesomorph,Normal,slouch,0.7459768797612785,-170.59851520472978,-172.18857099281885,-0.5122448801994324,-1.9880679795962333,0.3374678680711717,1,Front
53,0.8833333333333333,Participant1_IMG_4747,Participant1,Mesomorph,Normal,slouch,0.7531111424151966,-168.03676706896744,-169.94887114561132,-0.4781403094530105,-2.585215291909796,0.3438203214406996,1,Front
54,0.9,Participant1_IMG_4747,Participant1,Mesomorph,Normal,slouch,0.749770364265708,-169.97682385370828,-171.21360510463109,-0.5419154465198517,-2.107399331649059,0.3351830913680677,1,Front
55,0.9166666666666666,Participant1_IMG_4747,Participant1,Mesomorph,Normal,slouch,0.7592522441598242,-170.89954020968295,-170.62188399344265,-0.4279097616672516,-2.271089928725992,0.3398805770930519,1,Front
56,0.9333333333333332,Participant1_IMG_4747,Participant1,Mesomorph,Normal,slouch,0.7419782080494645,-170.12456303218852,-170.30765304671945,-0.3928165435791015,-2.875004652769418,0.3409091384582232,1,Front
57,0.95,Participant1_IMG_4747,Participant1,Mesomorph,Normal,slouch,0.7334619322697984,-168.9678697861683,-169.57642947923316,-0.4295434504747391,-2.415365350436921,0.3399222092393058,1,Front
58,0.9666666666666668,Participant1_IMG_4747,Participant1,Mesomorph,Normal,slouch,0.7147716588238127,-170.07740267878805,-170.28899205030578,-0.4662703573703766,-2.3703629932308585,0.3446328693448558,1,Front
59,0.9833333333333332,Participant1_IMG_4747,Participant1,Mesomorph,Normal,slouch,0.720364403179502,-170.57973854796546,-170.82402717414718,-0.4559631198644638,-2.642156366417434,0.3432906943632134,1,Front
60,1.0,Participant1_IMG_4747,Participant1,Mesomorph,Normal,slouch,0.7267785737171031,-169.42608716618457,-171.0813111046356,-0.3702010065317154,-3.0259932905787936,0.3474794487812315,1,Front
61,1.0166666666666666,Participant1_IMG_4747,Participant1,Mesomorph,Normal,slouch,0.7341986213460924,-170.58918474350818,-171.6802105938012,-0.3672435581684112,-1.7218716332982025,0.3438862421960067,1,Front
62,1.0333333333333334,Participant1_IMG_4747,Participant1,Mesomorph,Normal,slouch,0.7233897642674022,-170.84731134785815,-170.41831215160337,-0.4852008670568466,-1.7248737892318189,0.339955831354147,1,Front
63,1.05,Participant1_IMG_4747,Participant1,Mesomorph,Normal,slouch,0.7181655894509061,-170.2256271008925,-171.71269716128404,-0.5127653479576111,-2.584507679154972,0.3414553264986221,1,Front
64,1.0666666666666669,Participant1_IMG_4747,Participant1,Mesomorph,Normal,slouch,0.7272415773802368,-172.6652853051686,-170.1004105320497,-0.4429317712783813,-1.5492463481849066,0.3406098824867804,1,Front
65,1.0833333333333333,Participant1_IMG_4747,Participant1,Mesomorph,Normal,slouch,0.7062162156853493,-171.26728630595352,-171.7074033943761,-0.5011744946241379,-1.93000604742042,0.3401419795524151,1,Front
66,1.1,Participant1_IMG_4747,Participant1,Mesomorph,Normal,slouch,0.7029859680610284,-169.73026503796677,-171.1265111159211,-0.5066330134868622,-2.7836920933007363,0.3422849785093426,1,Front
67,1.1166666666666667,Participant1_IMG_4747,Participant1,Mesomorph,Normal,slouch,0.7158371115586399,-168.42738792704762,-170.0523920850321,-0.5102869719266891,-3.653111631131337,0.347689016372123,1,Front
68,1.1333333333333333,Participant1_IMG_4747,Participant1,Mesomorph,Normal,slouch,0.7102359923329417,-170.52174001377725,-170.60924015983758,-0.549789696931839,-2.9450315494524486,0.3434267910642124,1,Front
69,1.15,Participant1_IMG_4747,Participant1,Mesomorph,Normal,slouch,0.7157521786344767,-171.27303798642112,-171.56588998195895,-0.5493384748697281,-3.3184088255697035,0.3404143101739472,1,Front
70,1.1666666666666667,Participant1_IMG_4747,Participant1,Mesomorph,Normal,slouch,0.7358054579301436,-173.12417972543778,-170.69072622083235,-0.4888401478528976,-2.598105981703767,0.3423369971416709,1,Front
71,1.1833333333333331,Participant1_IMG_4747,Participant1,Mesomorph,Normal,slouch,0.69969045745699,-169.3346997278567,-170.7755377240918,-0.5408317446708679,-3.414633639123555,0.341437473833065,1,Front
72,1.2,Participant1_IMG_4747,Participant1,Mesomorph,Normal,slouch,0.6865441274142717,-170.87030362149844,-171.31389540849753,-0.5902312397956848,-3.530505626128364,0.342251703937971,1,Front
73,1.2166666666666666,Participant1_IMG_4747,Participant1,Mesomorph,Normal,slouch,0.7151422445832692,-172.0228598999754,-169.21596738833554,-0.523207500576973,-2.792217488597744,0.337415789222646,1,Front
74,1.2333333333333334,Participant1_IMG_4747,Participant1,Mesomorph,Normal,slouch,0.7033992450822943,-172.1067588986329,-171.3124906475175,-0.5506471991539001,-2.906246919289659,0.3421584409425733,1,Front
75,1.25,Participant1_IMG_4747,Participant1,Mesomorph,Normal,slouch,0.7165803791403994,-173.20247115116152,-171.16718358107136,-0.536077693104744,-2.511293247487866,0.3444340721091979,1,Front
76,1.2666666666666666,Participant1_IMG_4747,Participant1,Mesomorph,Normal,slouch,0.7102676999647696,-171.78466162605568,-172.32236934360876,-0.5013832300901413,-3.714923260703826,0.34422672871275,1,Front
77,1.2833333333333334,Participant1_IMG_4747,Participant1,Mesomorph,Normal,slouch,0.7000245343506907,-173.7598124454188,-172.2311005394406,-0.5304805934429169,-2.2924473577761035,0.3407604981159214,1,Front
78,1.3,Participant1_IMG_4747,Participant1,Mesomorph,Normal,slouch,0.7342393552143122,-173.96976912647125,-173.16898733355723,-0.588013231754303,-1.8629134445405573,0.3470161697084583,1,Front
79,1.3166666666666669,Participant1_IMG_4747,Participant1,Mesomorph,Normal,slouch,0.7179452130978956,-173.2161185203484,-172.89144027376486,-0.5550528466701508,-2.3454784756715386,0.346922598960322,1,Front
80,1.3333333333333333,Participant1_IMG_4747,Participant1,Mesomorph,Normal,slouch,0.704544499310366,-171.43146993109178,-171.6596547678138,-0.5355664640665054,-3.005674912419659,0.3473587515676662,1,Front
81,1.35,Participant1_IMG_4747,Participant1,Mesomorph,Normal,slouch,0.7018336471490919,-172.19743747748635,-169.8603585504953,-0.4270670413970947,-3.1728689911004784,0.3522885164394338,1,Front
82,1.3666666666666667,Participant1_IMG_4747,Participant1,Mesomorph,Normal,slouch,0.7082062457744476,-175.90662471307724,-170.91412121572495,-0.5375538021326065,-1.0627074036490654,0.3469166352152483,1,Front
83,1.3833333333333333,Participant1_IMG_4747,Participant1,Mesomorph,Normal,slouch,0.6950105842743051,-173.68519120019107,-170.5364268765148,-0.5219991058111191,-2.1392719700043163,0.3492320171572847,1,Front
84,1.4,Participant1_IMG_4747,Participant1,Mesomorph,Normal,slouch,0.7086560231734121,-174.0117072173198,-171.03961082700528,-0.5506748408079147,-0.7849926649900668,0.3433436388229153,1,Front
85,1.4166666666666667,Participant1_IMG_4747,Participant1,Mesomorph,Normal,slouch,0.7074441685045891,-174.3832822220283,-171.254567246177,-0.4915386289358139,-1.29942657256089,0.3433464366721722,1,Front
86,1.4333333333333331,Participant1_IMG_4747,Participant1,Mesomorph,Normal,slouch,0.6953005804413815,-173.52417659882602,-170.67833120378356,-0.535503551363945,-1.2464295663684777,0.3547990307453597,1,Front
87,1.45,Participant1_IMG_4747,Participant1,Mesomorph,Normal,slouch,0.672134842034039,-173.65113044056244,-169.45505374140575,-0.4989119470119476,-1.3332541825458994,0.3513272232226734,1,Front
88,1.4666666666666666,Participant1_IMG_4747,Participant1,Mesomorph,Normal,slouch,0.6658642474765417,-173.65446820340154,-168.81395660354875,-0.510264977812767,-1.5079475739146182,0.3502228999244023,1,Front
89,1.4833333333333334,Participant1_IMG_4747,Participant1,Mesomorph,Normal,slouch,0.6862065120251699,-175.30294222301973,-168.37686650935555,-0.5138764381408691,-0.3334865866114819,0.3461942504055417,1,Front
90,1.5,Participant1_IMG_4747,Participant1,Mesomorph,Normal,slouch,0.6811348759417596,-175.27272611470627,-168.8979368767149,-0.5147523730993271,0.1481297516198189,0.349762947498939,1,Front
91,1.5166666666666666,Participant1_IMG_4747,Participant1,Mesomorph,Normal,slouch,0.6819670758624292,-174.62148676349477,-170.4568009600244,-0.5475430935621262,-0.1577070605441497,0.3480306244616754,1,Front
92,1.5333333333333334,Participant1_IMG_4747,Participant1,Mesomorph,Normal,slouch,0.6618407183584779,-175.2541102846286,-169.4500691690504,-0.5540335923433304,0.2835147970744533,0.3513953598154417,1,Front
93,1.55,Participant1_IMG_4747,Participant1,Mesomorph,Normal,slouch,0.6575368116830536,-174.05953078122988,-169.56862956786796,-0.5433592796325684,-0.498415751452276,0.3508564919924434,1,Front
94,1.5666666666666669,Participant1_IMG_4747,Participant1,Mesomorph,Normal,slouch,0.6603891925642381,-173.75695804971593,-169.21573366818845,-0.546270877122879,-0.6823729167898525,0.3508850816613637,1,Front
95,1.5833333333333333,Participant1_IMG_4747,Participant1,Mesomorph,Normal,slouch,0.6793358696996373,-174.36997589873295,-169.37707717094574,-0.5392081439495087,-0.1360571734856539,0.3488762649701272,1,Front
96,1.6,Participant1_IMG_4747,Participant1,Mesomorph,Normal,slouch,0.6519516210397536,-174.70844111928363,-169.64677785404945,-0.5814303457736969,-1.0216155680847088,0.3517340013878506,1,Front
97,1.6166666666666667,Participant1_IMG_4747,Participant1,Mesomorph,Normal,slouch,0.6405030388026008,-174.46643011105553,-169.91855923416645,-0.5731777250766754,-0.8144997325174196,0.3548663178033301,1,Front
98,1.6333333333333333,Participant1_IMG_4747,Participant1,Mesomorph,Normal,slouch,0.6663800987331294,-174.28287292514602,-170.14937648854192,-0.5302355289459229,-0.7990728359804254,0.3543800079074774,1,Front
99,1.65,Participant1_IMG_4747,Participant1,Mesomorph,Normal,slouch,0.6821168406388776,-174.1980582084474,-169.47128604535382,-0.523102343082428,-1.0698113522567243,0.3565670926169077,1,Front
100,1.6666666666666667,Participant1_IMG_4747,Participant1,Mesomorph,Normal,slouch,0.6688751660561884,-174.1797585850186,-170.4218009347938,-0.5463735461235046,-0.8258995019546352,0.3560999141472555,1,Front
101,1.6833333333333331,Participant1_IMG_4747,Participant1,Mesomorph,Normal,slouch,0.6613646147206284,-174.54039130186018,-169.9138005260326,-0.566849410533905,-1.1710581947620975,0.3544077759333323,1,Front
102,1.7,Participant1_IMG_4747,Participant1,Mesomorph,Normal,slouch,0.6697324330577379,-174.11594461877382,-170.6659185717386,-0.5557844042778015,-0.4825234027286949,0.3563497194608265,1,Front
103,1.7166666666666666,Participant1_IMG_4747,Participant1,Mesomorph,Normal,slouch,0.6614720933109753,-174.44221025902942,-169.86492639557554,-0.5723051726818085,-0.3840463819966807,0.3536354901583658,1,Front
104,1.7333333333333334,Participant1_IMG_4747,Participant1,Mesomorph,Normal,slouch,0.6693863147787228,-174.32308502988687,-169.31213937901114,-0.5413137972354889,-0.4310644644303404,0.3550085686213196,1,Front
105,1.75,Participant1_IMG_4747,Participant1,Mesomorph,Normal,slouch,0.6631691843590989,-175.6350246877061,-169.33237931069078,-0.505231574177742,0.0030252690981455,0.3527840376602699,1,Front
106,1.7666666666666666,Participant1_IMG_4747,Participant1,Mesomorph,Normal,slouch,0.663028304826104,-177.22007237377625,-170.1462501525176,-0.5606549680233002,-0.0469553350051417,0.3517360411197294,1,Front
107,1.7833333333333334,Participant1_IMG_4747,Participant1,Mesomorph,Normal,slouch,0.6612155150889276,-176.0024302315748,-170.2133129285931,-0.5836231708526611,-0.397045913746485,0.3524919933587983,1,Front
108,1.8,Participant1_IMG_4747,Participant1,Mesomorph,Normal,slouch,0.6739940914122664,-175.36308073926244,-169.04645627389775,-0.5473213642835617,-0.6737208426781365,0.3536890594005592,1,Front
109,1.8166666666666669,Participant1_IMG_4747,Participant1,Mesomorph,Normal,slouch,0.6686476394869639,-174.73279090906956,-168.41359707177534,-0.5755038112401962,-0.5345151179833494,0.3556675150251858,1,Front
110,1.8333333333333333,Participant1_IMG_4747,Participant1,Mesomorph,Normal,slouch,0.6807801035112835,-175.86392187869924,-169.3882884469407,-0.5792942047119141,-0.2505222011391611,0.3519686658926374,1,Front
111,1.85,Participant1_IMG_4747,Participant1,Mesomorph,Normal,slouch,0.6757431424071428,-176.1085550827797,-171.41717844743545,-0.6002055108547211,-0.0113305191092621,0.3548227521542127,1,Front
112,1.8666666666666667,Participant1_IMG_4747,Participant1,Mesomorph,Normal,slouch,0.6886901208760274,-174.8714756698417,-172.0380496394975,-0.5793469250202179,0.2578495051627071,0.3560202662385239,1,Front
113,1.8833333333333333,Participant1_IMG_4747,Participant1,Mesomorph,Normal,slouch,0.6966802370018154,-174.4096726937749,-168.8551417857592,-0.4901114702224731,-0.1173027187631703,0.3550590792482266,1,Front
114,1.9,Participant1_IMG_4747,Participant1,Mesomorph,Normal,slouch,0.6948359260631897,-174.55328947622883,-170.56193153639384,-0.4911551177501678,0.0707465526827173,0.3544677285574296,1,Front
115,1.9166666666666667,Participant1_IMG_4747,Participant1,Mesomorph,Normal,slouch,0.7032751286028837,-175.15663107353288,-171.16856912485088,-0.5441752672195435,0.3536930145160712,0.3547627296382424,1,Front
116,1.933333333333333,Participant1_IMG_4747,Participant1,Mesomorph,Normal,slouch,0.6714390641746087,-174.49009767656898,-170.7911718224793,-0.5381986796855927,0.2786309380184422,0.3543646833465848,1,Front
117,1.95,Participant1_IMG_4747,Participant1,Mesomorph,Normal,slouch,0.6642433240752014,-174.00225012584542,-170.15662856577572,-0.5059292167425156,-0.2122485705209535,0.3537897176802413,1,Front
118,1.9666666666666663,Participant1_IMG_4747,Participant1,Mesomorph,Normal,slouch,0.6597609681231029,-173.75631594611608,-168.2343894843876,-0.5249479562044144,-0.746614259332539,0.3505115394087849,1,Front
119,1.9833333333333327,Participant1_IMG_4747,Participant1,Mesomorph,Normal,slouch,0.668413595968013,-173.64137095347348,-170.19073418856792,-0.5653484761714935,-0.9234613841059666,0.3543206917896453,1,Front
120,2.0,Participant1_IMG_4747,Participant1,Mesomorph,Normal,slouch,0.6710295064607905,-173.95392225216776,-170.70522341614102,-0.5622345507144928,-0.2899201858678911,0.3535662226720749,1,Front
121,2.0166666666666666,Participant1_IMG_4747,Participant1,Mesomorph,Normal,slouch,0.6623133778854442,-173.90542393459748,-169.06635154211668,-0.5446848273277283,-0.8202662070917864,0.3533782083585998,1,Front
122,2.033333333333333,Participant1_IMG_4747,Participant1,Mesomorph,Normal,slouch,0.6653385496937475,-174.2414368424545,-169.35347712753966,-0.5502828657627106,-0.7573191159151238,0.3525442715219388,1,Front
123,2.05,Participant1_IMG_4747,Participant1,Mesomorph,Normal,slouch,0.6576805673778663,-174.13943950713923,-168.41847116538028,-0.5569239556789398,-0.8830657504363206,0.3548440850711699,1,Front
124,2.066666666666667,Participant1_IMG_4747,Participant1,Mesomorph,Normal,slouch,0.6708078350978658,-173.93671187456215,-169.9685310344356,-0.5455403923988342,-0.7779608517620187,0.3506742958472861,1,Front
125,2.083333333333333,Participant1_IMG_4747,Participant1,Mesomorph,Normal,slouch,0.6554666032579505,-175.168139618171,-168.28533020941452,-0.5818057954311371,-0.2463355741879274,0.3549702463374567,1,Front
126,2.1,Participant1_IMG_4747,Participant1,Mesomorph,Normal,slouch,0.6593956497233991,-174.56757721888917,-169.3941345091867,-0.5709012448787689,-0.705887931878088,0.3532055889812768,1,Front
127,2.1166666666666667,Participant1_IMG_4747,Participant1,Mesomorph,Normal,slouch,0.6611883223850884,-174.18074146336585,-169.9958914477075,-0.5637135207653046,-0.4409501212178925,0.3524739018887886,1,Front
128,2.1333333333333333,Participant1_IMG_4747,Participant1,Mesomorph,Normal,slouch,0.6602533521500862,-174.57186513805408,-169.76671361095023,-0.5597841739654541,-0.3274212081281526,0.35094702643983,1,Front
129,2.15,Participant1_IMG_4747,Participant1,Mesomorph,Normal,slouch,0.6822498584635358,-175.1335955353271,-169.5022164883083,-0.5312856733798981,0.1008317701528902,0.3502341260016898,1,Front
130,2.1666666666666665,Participant1_IMG_4747,Participant1,Mesomorph,Normal,slouch,0.6707292027966337,-175.71444014026454,-171.56951377367446,-0.5596851110458374,-0.0520714465820436,0.3492747647578436,1,Front
131,2.183333333333333,Participant1_IMG_4747,Participant1,Mesomorph,Normal,slouch,0.6698887513532031,-174.70919161823838,-170.63319141254115,-0.5744160413742065,-0.1943324367486691,0.3531528177061331,1,Front
132,2.2,Participant1_IMG_4747,Participant1,Mesomorph,Normal,slouch,0.683611600162328,-175.95093308655856,-170.8172595719855,-0.5656101703643799,0.0613942995040982,0.3516004031901727,1,Front
133,2.216666666666667,Participant1_IMG_4747,Participant1,Mesomorph,Normal,slouch,0.6993279719187872,-175.25641779800577,-170.77904637297968,-0.5253037810325623,0.4078124582531267,0.3522571167389792,1,Front
134,2.2333333333333334,Participant1_IMG_4747,Participant1,Mesomorph,Normal,slouch,0.7098513237455875,-175.5806699118446,-170.94766741633543,-0.5473069399595261,0.0588836344049253,0.3499564505079529,1,Front
135,2.25,Participant1_IMG_4747,Participant1,Mesomorph,Normal,slouch,0.6984072917093452,-175.9635021863187,-170.37204139031297,-0.5702717900276184,0.8214394303979319,0.3491590664295357,1,Front
136,2.2666666666666666,Participant1_IMG_4747,Participant1,Mesomorph,Normal,slouch,0.6632541875559591,-175.63194882618907,-171.26310574030362,-0.5600158870220184,-0.394033670854008,0.3512659498510411,1,Front
137,2.283333333333333,Participant1_IMG_4747,Participant1,Mesomorph,Normal,slouch,0.6732995784883921,-175.93281157106168,-169.64343203553162,-0.5531037598848343,0.0484886817642964,0.3482573742715904,1,Front
138,2.3,Participant1_IMG_4747,Participant1,Mesomorph,Normal,slouch,0.6859703976544234,-175.05003131144517,-169.89606617927328,-0.5385152697563171,-0.2201490146080999,0.3531184970217639,1,Front
139,2.316666666666667,Participant1_IMG_4747,Participant1,Mesomorph,Normal,slouch,0.7037707755354617,-174.7817293950647,-169.57033844125905,-0.5465455651283264,0.6943035542487345,0.348350089617732,1,Front
140,2.333333333333333,Participant1_IMG_4747,Participant1,Mesomorph,Normal,slouch,0.7128584311253816,-174.66254812775284,-169.1329931524117,-0.5422401875257492,0.6982948106327788,0.3478654743642542,1,Front
141,2.35,Participant1_IMG_4747,Participant1,Mesomorph,Normal,slouch,0.7179189647659445,-175.28680462900925,-170.23320488215717,-0.5804959088563919,0.4185811220693964,0.3484840579000045,1,Front
142,2.3666666666666667,Participant1_IMG_4747,Participant1,Mesomorph,Normal,slouch,0.7154704119438783,-174.8786002611546,-168.57097862862364,-0.5091670155525208,0.3348542244066642,0.3514362293531587,1,Front
143,2.3833333333333333,Participant1_IMG_4747,Participant1,Mesomorph,Normal,slouch,0.6989306071194845,-174.2494520487049,-168.91938789291717,-0.5423666536808014,-0.1577539384593102,0.3510512934484037,1,Front
144,2.4,Participant1_IMG_4747,Participant1,Mesomorph,Normal,slouch,0.7076360535743367,-173.6925868584677,-168.54367542056326,-0.5531167536973953,-0.3878924169539689,0.3521832565896154,1,Front
145,2.4166666666666665,Participant1_IMG_4747,Participant1,Mesomorph,Normal,slouch,0.7316006642493802,-175.84984389918858,-169.94075260495245,-0.5235511362552643,-0.0138822175894794,0.3486132050620844,1,Front
146,2.433333333333333,Participant1_IMG_4747,Participant1,Mesomorph,Normal,slouch,0.7242070168485547,-175.19050201190774,-169.85054379742562,-0.5378411412239075,0.2751168238482679,0.3483603414393137,1,Front
147,2.45,Participant1_IMG_4747,Participant1,Mesomorph,Normal,slouch,0.7288083662449695,-174.13783850018206,-169.77672269339078,-0.531356930732727,-0.2295117863284224,0.3497607921575157,1,Front
148,2.466666666666667,Participant1_IMG_4747,Participant1,Mesomorph,Normal,slouch,0.7181989736496239,-174.37759897256993,-169.6687460637116,-0.5009194910526276,-0.449663930763423,0.3518938519773504,1,Front
149,2.4833333333333334,Participant1_IMG_4747,Participant1,Mesomorph,Normal,slouch,0.725616168859044,-173.71957720595358,-170.19444830591635,-0.5376302152872086,-0.435780935234247,0.3521410931328737,1,Front
150,2.5,Participant1_IMG_4747,Participant1,Mesomorph,Normal,slouch,0.7136241940398345,-173.1689922441936,-170.59347473318152,-0.5123148262500763,-0.2938877922863789,0.3519516154088968,1,Front
151,2.5166666666666666,Participant1_IMG_4747,Participant1,Mesomorph,Normal,slouch,0.7104505542326965,-173.77767061381863,-171.22543656473974,-0.457750141620636,-0.3016314939582546,0.350232617590161,1,Front
152,2.533333333333333,Participant1_IMG_4747,Participant1,Mesomorph,Normal,slouch,0.7137371447426859,-175.0607305570666,-171.09852591596743,-0.4279876947402954,-0.1842051526392248,0.3479591014070698,1,Front
153,2.55,Participant1_IMG_4747,Participant1,Mesomorph,Normal,slouch,0.7130705250365409,-174.54955523062037,-171.18973268044456,-0.4400662183761596,-0.2834920831295002,0.3498524343634457,1,Front
154,2.566666666666667,Participant1_IMG_4747,Participant1,Mesomorph,Normal,slouch,0.684929245964358,-175.73121346545008,-169.56559088702434,-0.4758612513542175,-0.2350093048354277,0.3482919924457947,1,Front
155,2.583333333333333,Participant1_IMG_4747,Participant1,Mesomorph,Normal,slouch,0.6893625778041982,-175.61822855669195,-169.6063420983706,-0.4355529248714447,-0.1882358891602674,0.3473698083676869,1,Front
156,2.6,Participant1_IMG_4747,Participant1,Mesomorph,Normal,slouch,0.6907240493103473,-175.55530342828166,-170.4370019894634,-0.5240356922149658,-0.2662782272335472,0.3469756204719207,1,Front
157,2.6166666666666667,Participant1_IMG_4747,Participant1,Mesomorph,Normal,slouch,0.6890029649990002,-175.34131059706704,-169.74291543775087,-0.4533377736806869,-0.3570213757471729,0.3487536238871599,1,Front
158,2.6333333333333333,Participant1_IMG_4747,Participant1,Mesomorph,Normal,slouch,0.7122119013815034,-174.06761547021733,-167.7540379470642,-0.4655725955963135,-0.4446041543231999,0.3523063969541932,1,Front
159,2.65,Participant1_IMG_4747,Participant1,Mesomorph,Normal,slouch,0.7020415222952728,-173.94897084757582,-168.65376275985452,-0.4497123062610626,-0.6509236592284188,0.3535296011173484,1,Front
160,2.6666666666666665,Participant1_IMG_4747,Participant1,Mesomorph,Normal,slouch,0.7067591038949376,-173.94859099246497,-168.27498890348525,-0.5584143996238708,0.1872328024883057,0.3513448463792387,1,Front
161,2.683333333333333,Participant1_IMG_4747,Participant1,Mesomorph,Normal,slouch,0.6933540705263046,-174.07572860557207,-168.54806230507387,-0.512831911444664,-0.1093262099681124,0.3530233392476082,1,Front
162,2.7,Participant1_IMG_4747,Participant1,Mesomorph,Normal,slouch,0.7057071302361869,-173.76929553497632,-168.30280855726264,-0.5557504445314407,0.0630661779387536,0.3528561852749225,1,Front
163,2.716666666666667,Participant1_IMG_4747,Participant1,Mesomorph,Normal,slouch,0.684473396709446,-174.64487697771554,-169.1112565759842,-0.5371271520853043,-0.2462067535042212,0.353343100799142,1,Front
164,2.7333333333333334,Participant1_IMG_4747,Participant1,Mesomorph,Normal,slouch,0.6736962253977397,-174.49654354739053,-169.44098780775326,-0.5444734841585159,-0.3549876293422083,0.3536373916453132,1,Front
165,2.75,Participant1_IMG_4747,Participant1,Mesomorph,Normal,slouch,0.6813499036018862,-174.5123385575382,-169.50040473346462,-0.5365696102380753,-0.4887067156252666,0.3553950739156705,1,Front
166,2.7666666666666666,Participant1_IMG_4747,Participant1,Mesomorph,Normal,slouch,0.680270780066506,-174.35815466788765,-169.3179796336915,-0.5432974547147751,-0.3581434133071037,0.3524250366873472,1,Front
167,2.783333333333333,Participant1_IMG_4747,Participant1,Mesomorph,Normal,slouch,0.6873445641284135,-174.40722842218852,-169.02940417991516,-0.5377444922924042,-0.1072322311971705,0.3534610270602821,1,Front
168,2.8,Participant1_IMG_4747,Participant1,Mesomorph,Normal,slouch,0.6809410735059473,-175.07450644517922,-169.53688197391426,-0.5362510830163956,-0.4002601571013364,0.3543988344312564,1,Front
169,2.816666666666667,Participant1_IMG_4747,Participant1,Mesomorph,Normal,slouch,0.6761469387933413,-175.4536248362483,-169.9234884290816,-0.553043931722641,0.2268972694068392,0.3505099555523142,1,Front
170,2.833333333333333,Participant1_IMG_4747,Participant1,Mesomorph,Normal,slouch,0.7011058798231145,-176.7750058788457,-171.42257097288368,-0.5698856115341187,1.11354926024688,0.3492436900844062,1,Front
171,2.85,Participant1_IMG_4747,Participant1,Mesomorph,Normal,slouch,0.6774491172619193,-175.66316607008125,-169.80771078193374,-0.5201592743396759,0.2712886858334712,0.3526434723649499,1,Front
172,2.8666666666666667,Participant1_IMG_4747,Participant1,Mesomorph,Normal,slouch,0.6804672218364357,-175.41747268484644,-168.76551751203405,-0.5101803988218307,-0.487751098593234,0.3537263284634972,1,Front
173,2.8833333333333333,Participant1_IMG_4747,Participant1,Mesomorph,Normal,slouch,0.6762594179133761,-174.3779559776089,-168.83956316187337,-0.5626194179058075,-0.5296987561357158,0.3531268875791414,1,Front
174,2.9,Participant1_IMG_4747,Participant1,Mesomorph,Normal,slouch,0.685145765234403,-173.69254941675476,-168.76534096088284,-0.5426980704069138,-0.1297331546563072,0.3538472943166547,1,Front
175,2.9166666666666665,Participant1_IMG_4747,Participant1,Mesomorph,Normal,slouch,0.6729582987604799,-174.49648256486103,-168.5043172203883,-0.5161021500825882,-0.2809151127327542,0.3532730240572204,1,Front
176,2.933333333333333,Participant1_IMG_4747,Participant1,Mesomorph,Normal,slouch,0.6810895681774689,-175.0673008383358,-169.27248449500252,-0.5492923557758331,-0.5405273754514022,0.3536092928386985,1,Front
177,2.95,Participant1_IMG_4747,Participant1,Mesomorph,Normal,slouch,0.6754339759143392,-175.56609836604505,-169.5485425085657,-0.5741395056247711,-0.1943795935322377,0.3537190935297958,1,Front
178,2.966666666666667,Participant1_IMG_4747,Participant1,Mesomorph,Normal,slouch,0.6835979677230122,-173.9094479599546,-168.21271857634636,-0.5298546999692917,-0.1375222063990265,0.3533608133026824,1,Front
179,2.9833333333333334,Participant1_IMG_4747,Participant1,Mesomorph,Normal,slouch,0.6975179445321101,-173.64613690125927,-168.76781695369888,-0.540867030620575,0.2016294357254908,0.3538006509954164,1,Front
180,3.0,Participant1_IMG_4747,Participant1,Mesomorph,Normal,slouch,0.6775859808703795,-174.10495788045088,-168.7602143025782,-0.4586266726255417,-0.267041835858512,0.3551360170183701,1,Front
181,3.0166666666666666,Participant1_IMG_4747,Participant1,Mesomorph,Normal,slouch,0.6867515525694747,-174.71757951520766,-168.87723083761148,-0.5048817992210388,0.045664536694299,0.3538945636731482,1,Front
182,3.033333333333333,Participant1_IMG_4747,Participant1,Mesomorph,Normal,slouch,0.6924043570235454,-174.41093673555775,-168.7261837500338,-0.5264122933149338,0.3855419376518061,0.3542223470117041,1,Front
183,3.05,Participant1_IMG_4747,Participant1,Mesomorph,Normal,slouch,0.7055764076024414,-174.20685000870458,-168.40521844829792,-0.5207390338182449,0.890222832773545,0.3527029339336913,1,Front
184,3.066666666666667,Participant1_IMG_4747,Participant1,Mesomorph,Normal,slouch,0.6986155649806888,-173.71112512793096,-169.7895873691878,-0.5237418860197067,0.3760380890565765,0.3508693089897907,1,Front
185,3.083333333333333,Participant1_IMG_4747,Participant1,Mesomorph,Normal,slouch,0.7088085474831983,-173.26534645867338,-168.5472002250769,-0.565025195479393,0.4261968203013462,0.3522629447606663,1,Front
186,3.1,Participant1_IMG_4747,Participant1,Mesomorph,Normal,slouch,0.6975714139024792,-174.41952158720446,-168.76712746316662,-0.5213334858417511,1.0872152361130203,0.3517743959893161,1,Front
187,3.1166666666666667,Participant1_IMG_4747,Participant1,Mesomorph,Normal,slouch,0.705861983627885,-173.2406303032985,-168.50773502703026,-0.5302754938602448,0.2764084456164463,0.3537878610745094,1,Front
188,3.1333333333333333,Participant1_IMG_4747,Participant1,Mesomorph,Normal,slouch,0.7066266289648158,-174.08380239382905,-168.78742808464733,-0.5301407724618912,0.6105221862394183,0.3554174704461585,1,Front
189,3.15,Participant1_IMG_4747,Participant1,Mesomorph,Normal,slouch,0.7089511584991051,-174.82041548338097,-168.93023333928335,-0.5268157720565796,0.5886516861259641,0.3476712776282645,1,Front
190,3.1666666666666665,Participant1_IMG_4747,Participant1,Mesomorph,Normal,slouch,0.7124239517977968,-174.58530630009503,-168.3297190877534,-0.5324217528104782,0.8040330926034169,0.3503236410840706,1,Front
191,3.183333333333333,Participant1_IMG_4747,Participant1,Mesomorph,Normal,slouch,0.71760498957048,-174.56397748234988,-168.91474459363744,-0.5211708694696426,0.7539664294181023,0.3493634350059593,1,Front
192,3.2,Participant1_IMG_4747,Participant1,Mesomorph,Normal,slouch,0.708683816418867,-174.9939641447689,-169.2855913602453,-0.5326123833656311,1.2262176508857427,0.3482390691689052,1,Front
193,3.216666666666667,Participant1_IMG_4747,Participant1,Mesomorph,Normal,slouch,0.7174648303528869,-174.90749400238204,-169.22814471883223,-0.5223808139562607,0.598962705068725,0.348750621173752,1,Front
194,3.2333333333333334,Participant1_IMG_4747,Participant1,Mesomorph,Normal,slouch,0.7094278322008817,-174.73014158974942,-168.85266326776974,-0.5475242584943771,0.9604933164563926,0.3503773755201133,1,Front
195,3.25,Participant1_IMG_4747,Participant1,Mesomorph,Normal,slouch,0.725695608075019,-174.92049536992354,-170.44430488313174,-0.547526553273201,0.5182321334522273,0.3522253776913441,1,Front
196,3.2666666666666666,Participant1_IMG_4747,Participant1,Mesomorph,Normal,slouch,0.7287045206308548,-174.74624827925243,-170.64881523396636,-0.534721165895462,0.5511472839328064,0.3515910750627543,1,Front
197,3.283333333333333,Participant1_IMG_4747,Participant1,Mesomorph,Normal,slouch,0.7188522554343282,-175.41070930369835,-170.33531684832033,-0.5045089423656464,0.5721316780767847,0.3499939598277691,1,Front
198,3.3,Participant1_IMG_4747,Participant1,Mesomorph,Normal,slouch,0.7392981758638175,-175.93034034228015,-169.12534603272888,-0.473002091050148,1.2381069081231542,0.3449572302537766,1,Front
199,3.316666666666667,Participant1_IMG_4747,Participant1,Mesomorph,Normal,slouch,0.7379530291946343,-175.7478971058661,-168.64359228013942,-0.52969691157341,1.0419184554044367,0.3463673115963988,1,Front
200,3.333333333333333,Participant1_IMG_4747,Participant1,Mesomorph,Normal,slouch,0.7454656643005084,-176.19756234609093,-168.87143909298237,-0.5299668163061142,1.4894799047012288,0.346047725025795,1,Front
201,3.35,Participant1_IMG_4747,Participant1,Mesomorph,Normal,slouch,0.7245972441327868,-174.04309331477756,-170.1465372516744,-0.4930194914340973,0.2534451500922246,0.354281452035685,1,Front
202,3.3666666666666667,Participant1_IMG_4747,Participant1,Mesomorph,Normal,slouch,0.7179247839590405,-174.60952046940056,-169.3257174230444,-0.5148950517177582,0.2684676317690176,0.3504821831629287,1,Front
203,3.3833333333333333,Participant1_IMG_4747,Participant1,Mesomorph,Normal,slouch,0.7225278841418318,-175.87473932637724,-168.30868836664249,-0.4685771763324737,1.283464449882953,0.3496702086874136,1,Front
204,3.4,Participant1_IMG_4747,Participant1,Mesomorph,Normal,slouch,0.740209832969008,-174.37735633821643,-167.78661334379305,-0.4751838892698288,0.8161957033728315,0.3469260703016351,1,Front
205,3.4166666666666665,Participant1_IMG_4747,Participant1,Mesomorph,Normal,slouch,0.7307435013716392,-175.55171326992,-167.12550262232924,-0.5341240614652634,1.3127558840079243,0.3532783827348181,1,Front
206,3.433333333333333,Participant1_IMG_4747,Participant1,Mesomorph,Normal,slouch,0.732244795296111,-174.13258974497165,-167.9622649583723,-0.460123673081398,0.5189712839574958,0.3500763788630192,1,Front
207,3.45,Participant1_IMG_4747,Participant1,Mesomorph,Normal,slouch,0.7170955770830366,-174.87306682568658,-167.44301053483355,-0.5151949822902679,1.0962122902752245,0.3517089302920758,1,Front
208,3.466666666666667,Participant1_IMG_4747,Participant1,Mesomorph,Normal,slouch,0.7174715438548392,-173.3174193865973,-168.96384882680678,-0.5146810412406921,0.9852299831287602,0.3492898439425443,1,Front
209,3.4833333333333334,Participant1_IMG_4747,Participant1,Mesomorph,Normal,slouch,0.7237545225117705,-173.852404156341,-167.79961013858,-0.4905057549476623,0.5879874809633214,0.3507350094722876,1,Front
210,3.5,Participant1_IMG_4747,Participant1,Mesomorph,Normal,slouch,0.7050861532453869,-172.58783760534496,-167.46547554312502,-0.4819808304309845,-0.2026672094492071,0.3519270707975099,1,Front
211,3.5166666666666666,Participant1_IMG_4747,Participant1,Mesomorph,Normal,slouch,0.7512237245185249,-174.66939326350237,-168.20552481782534,-0.4456222355365753,0.9592177893126144,0.3474190828253252,1,Front
212,3.533333333333333,Participant1_IMG_4747,Participant1,Mesomorph,Normal,slouch,0.7447357791095617,-176.7947297845449,-168.6598795917138,-0.460313618183136,1.539503197900702,0.3422035827865053,1,Front
213,3.55,Participant1_IMG_4747,Participant1,Mesomorph,Normal,slouch,0.7534047217994212,-176.42221018786205,-168.29119449658614,-0.4469287842512131,1.711448820026847,0.3413274904396012,1,Front
214,3.566666666666667,Participant1_IMG_4747,Participant1,Mesomorph,Normal,slouch,0.7479025341863154,-175.0163403609921,-168.50033427427007,-0.5277432203292847,1.2759690726865336,0.3480847259485274,1,Front
215,3.583333333333333,Participant1_IMG_4747,Participant1,Mesomorph,Normal,slouch,0.7486518963538641,-175.4104228259548,-167.6368326578932,-0.5356918722391129,1.509032574267824,0.3460249657693512,1,Front
216,3.6,Participant1_IMG_4747,Participant1,Mesomorph,Normal,slouch,0.7440436616822526,-175.81133663864625,-167.92628346028795,-0.408947616815567,1.491908822304761,0.3433330486193401,1,Front
217,3.616666666666666,Participant1_IMG_4747,Participant1,Mesomorph,Normal,slouch,0.7491759110959407,-175.3477413985224,-168.25926100118366,-0.528413787484169,1.7448710513615369,0.3466963684880275,1,Front
218,3.633333333333333,Participant1_IMG_4747,Participant1,Mesomorph,Normal,slouch,0.7430000736200367,-175.2619928514866,-167.78103577303125,-0.4964932352304458,1.5928400086001224,0.3466531591680998,1,Front
219,3.65,Participant1_IMG_4747,Participant1,Mesomorph,Normal,slouch,0.7538098461567936,-174.8893605134723,-168.09918648586762,-0.4993365556001663,1.3226629513323305,0.3484157521532784,1,Front
220,3.6666666666666665,Participant1_IMG_4747,Participant1,Mesomorph,Normal,slouch,0.7554979094322671,-174.89918878869338,-168.27322164585917,-0.4335756301879883,1.1737060139457636,0.3464532917395033,1,Front
221,3.683333333333333,Participant1_IMG_4747,Participant1,Mesomorph,Normal,slouch,0.7512217438108738,-175.82144900152045,-167.62274498265762,-0.4793875813484192,1.398797017630219,0.3453166791000239,1,Front
222,3.7,Participant1_IMG_4747,Participant1,Mesomorph,Normal,slouch,0.7506813129125096,-174.43659612585805,-167.43879587343392,-0.4386235773563385,0.7766863862166102,0.3469932621125757,1,Front
223,3.716666666666667,Participant1_IMG_4747,Participant1,Mesomorph,Normal,slouch,0.758884092029855,-175.2840747119563,-166.08242655823264,-0.4953619241714477,0.8658743989532323,0.3464239357100995,1,Front
224,3.733333333333333,Participant1_IMG_4747,Participant1,Mesomorph,Normal,slouch,0.7522579503319263,-174.87971227174089,-171.0457012094507,-0.5508031845092773,0.6669060128884937,0.3476915127626221,1,Front
225,3.75,Participant1_IMG_4747,Participant1,Mesomorph,Normal,slouch,0.753512510762772,-173.8504718296672,-171.02015671503648,-0.5497652143239975,0.1953362129446506,0.3502129236268268,1,Front
226,3.7666666666666666,Participant1_IMG_4747,Participant1,Mesomorph,Normal,slouch,0.7618142563073075,-174.2863113729871,-170.75934087188406,-0.528962105512619,0.5900598173738174,0.3464024039286649,1,Front
227,3.783333333333333,Participant1_IMG_4747,Participant1,Mesomorph,Normal,slouch,0.7587509981804881,-174.67863237672256,-171.03546952448963,-0.5408670455217361,0.3571855681726937,0.3532051517686843,1,Front
228,3.8,Participant1_IMG_4747,Participant1,Mesomorph,Normal,slouch,0.7501095919201074,-174.64646260344205,-170.10229631940587,-0.5251706391572952,0.309793215183637,0.3527466395170054,1,Front
229,3.816666666666667,Participant1_IMG_4747,Participant1,Mesomorph,Normal,slouch,0.7762776196538058,-173.4977149446248,-169.01349370032543,-0.4643069803714752,0.3180777328035458,0.3450098152162252,1,Front
230,3.8333333333333335,Participant1_IMG_4747,Participant1,Mesomorph,Normal,slouch,0.7784368826497,-170.53528167917423,-167.7029925539713,-0.5206201076507568,-1.037169876734824,0.3539283447529238,1,Front
231,3.85,Participant1_IMG_4747,Participant1,Mesomorph,Normal,slouch,0.7708327912504535,-170.61761218388963,-169.73114050101046,-0.5225256830453873,-1.3455104794227268,0.3518963272793974,1,Front
232,3.866666666666666,Participant1_IMG_4747,Participant1,Mesomorph,Normal,slouch,0.7601704298976227,-173.48711200645172,-170.1078856158254,-0.4826557040214538,0.2502512068178359,0.3525772660970813,1,Front
233,3.883333333333333,Participant1_IMG_4747,Participant1,Mesomorph,Normal,slouch,0.7528843582060514,-174.50357378819476,-168.29731261070424,-0.5610091537237167,0.2857458803378683,0.3511206503567723,1,Front
234,3.9,Participant1_IMG_4747,Participant1,Mesomorph,Normal,slouch,0.7765359114436434,-174.49261234960937,-169.00608222760087,-0.4699922949075699,-0.5566371762755056,0.3505220825053452,1,Front
235,3.9166666666666665,Participant1_IMG_4747,Participant1,Mesomorph,Normal,slouch,0.7847169899282627,-171.4199278503488,-168.6337894998817,-0.4905606210231781,-0.3223028120556976,0.3508342150168985,1,Front
236,3.933333333333333,Participant1_IMG_4747,Participant1,Mesomorph,Normal,slouch,0.7993190659703778,-172.29128345615132,-168.25562204364877,-0.3620614781975746,0.3635946417345755,0.3504992026860897,1,Front
237,3.95,Participant1_IMG_4747,Participant1,Mesomorph,Normal,slouch,0.8046092079969125,-172.63565900079516,-166.21065050552622,-0.4553508907556534,-0.6735785362347412,0.3494881239427008,1,Front
238,3.966666666666667,Participant1_IMG_4747,Participant1,Mesomorph,Normal,slouch,0.799654382602739,-171.8653566335323,-168.34761782283326,-0.4218006804585457,-0.4747836794519819,0.353689370081466,1,Front
239,3.983333333333333,Participant1_IMG_4747,Participant1,Mesomorph,Normal,slouch,0.8016299947158858,-170.89891012784102,-167.86310804098605,-0.4973971843719482,-0.7637949706305807,0.3553288357582942,1,Front
240,4.0,Participant1_IMG_4747,Participant1,Mesomorph,Normal,slouch,0.8231850459858558,-170.48944325898935,-167.58978026103546,-0.50945745408535,-0.247837407837895,0.3495069303313053,1,Front
241,4.016666666666667,Participant1_IMG_4747,Participant1,Mesomorph,Normal,slouch,0.829306801029841,-170.63045588889358,-168.25099958882683,-0.5206960141658783,-0.7505181363370265,0.3534507761841217,1,Front
242,4.033333333333333,Participant1_IMG_4747,Participant1,Mesomorph,Normal,slouch,0.8377246094566719,-170.8763881158216,-168.28196876105895,-0.4934603124856949,-1.085006127784821,0.3526032702290537,1,Front
243,4.05,Participant1_IMG_4747,Participant1,Mesomorph,Normal,slouch,0.8461204363130419,-170.99184429122673,-166.59260747342847,-0.4607117176055908,0.0506526161459018,0.352440247028261,1,Front
244,4.066666666666666,Participant1_IMG_4747,Participant1,Mesomorph,Normal,slouch,0.8721850502841652,-170.43168146593547,-169.12211209816695,-0.5488065630197525,-0.8683997094301816,0.3548466716938196,1,Front
245,4.083333333333333,Participant1_IMG_4747,Participant1,Mesomorph,Normal,slouch,0.8750353627693271,-170.08284605508993,-164.41512130026405,-0.4878667145967483,-0.3579852258741371,0.3535356692750232,1,Front
246,4.1,Participant1_IMG_4747,Participant1,Mesomorph,Normal,slouch,0.8638223878785084,-167.9276574139621,-165.75632885960857,-0.498423159122467,-1.1618433468234413,0.3550594547883832,1,Front
247,4.116666666666666,Participant1_IMG_4747,Participant1,Mesomorph,Normal,slouch,0.9018276743193856,-171.55217342837437,-166.57974017613068,-0.5544696897268295,-0.4502731196526943,0.3534288016478009,1,Front
248,4.133333333333334,Participant1_IMG_4747,Participant1,Mesomorph,Normal,slouch,0.8991471579620328,-172.41522752938602,-165.93067776296084,-0.5514198839664459,-0.4999121581731206,0.3489997717207221,1,Front
249,4.15,Participant1_IMG_4747,Participant1,Mesomorph,Normal,slouch,0.8892481047546682,-173.62881807464765,-167.66803734718908,-0.5168602466583252,-0.7021764093435505,0.3473775820175944,1,Front
250,4.166666666666667,Participant1_IMG_4747,Participant1,Mesomorph,Normal,slouch,0.9027135289457268,-173.6824489659789,-167.3318914820778,-0.5102376043796539,-0.9834855067523148,0.3423583823266022,1,Front
251,4.183333333333334,Participant1_IMG_4747,Participant1,Mesomorph,Normal,slouch,0.8980355297327358,-172.9963877442745,-167.97395349580643,-0.5714467018842697,-2.066369547071273,0.3532222323374744,1,Front
252,4.2,Participant1_IMG_4747,Participant1,Mesomorph,Normal,slouch,0.9154624093165518,-173.30017110570282,-168.60685404206149,-0.5611210316419601,-1.912203657383214,0.350763712803306,1,Front
253,4.216666666666667,Participant1_IMG_4747,Participant1,Mesomorph,Normal,slouch,0.9096626657343388,-172.31867450484077,-168.64528534483136,-0.5854964256286621,-2.052272384235609,0.3544518928648501,1,Front
254,4.233333333333333,Participant1_IMG_4747,Participant1,Mesomorph,Normal,slouch,0.9288071779876096,-178.21370226193892,-167.4277040000168,-0.5392827540636063,0.3269240527839244,0.3275492493664299,1,Front
255,4.25,Participant1_IMG_4747,Participant1,Mesomorph,Normal,slouch,0.915127377185912,-177.37120997669908,-167.10269311298887,-0.5364631414413452,0.4061622686464941,0.336349154445787,1,Front
256,4.266666666666667,Participant1_IMG_4747,Participant1,Mesomorph,Normal,slouch,0.9210893568987758,-176.76193628529504,-169.21191592177314,-0.5464748442173004,0.1351576964941538,0.3298438211049008,1,Front
257,4.283333333333333,Participant1_IMG_4747,Participant1,Mesomorph,Normal,slouch,0.9235189331283165,-174.8315003816781,-168.41013126126433,-0.5587063729763031,-0.0005933979933791,0.3365151488196135,1,Front
258,4.3,Participant1_IMG_4747,Participant1,Mesomorph,Normal,slouch,0.8938697881583587,-172.83018303123444,-167.4627632932695,-0.5760045647621155,0.2096821626091969,0.3453915844400248,1,Front
259,4.316666666666666,Participant1_IMG_4747,Participant1,Mesomorph,Normal,slouch,0.9070422475022928,-175.95771966237373,-170.3471189167714,-0.6072379648685455,0.4598621102517448,0.3445155571243908,1,Front
260,4.333333333333333,Participant1_IMG_4747,Participant1,Mesomorph,Normal,slouch,0.9063615221091782,-173.82889335509856,-170.9060061626235,-0.6141706705093384,0.7351647296885354,0.3463543175337614,1,Front
261,4.35,Participant1_IMG_4747,Participant1,Mesomorph,Normal,slouch,0.9096506267844288,-176.23619323980105,-170.14404975019863,-0.6275213807821274,0.8199031052192789,0.3439973569121917,1,Front
262,4.366666666666666,Participant1_IMG_4747,Participant1,Mesomorph,Normal,slouch,0.8898809614333667,-179.69295295518086,-168.26328655781288,-0.6224447935819626,1.6183299230506645,0.3354748975634163,1,Front
263,4.383333333333334,Participant1_IMG_4747,Participant1,Mesomorph,Normal,slouch,0.8905239931003289,-175.80211096788346,-165.6870208532556,-0.5583886653184891,-1.3532694491841597,0.3353036720201644,1,Front
264,4.4,Participant1_IMG_4747,Participant1,Mesomorph,Normal,slouch,0.8953679433006182,-177.67705726278422,-168.87103205636316,-0.6001538634300232,0.3968366429578978,0.3343101175252088,1,Front
265,4.416666666666667,Participant1_IMG_4747,Participant1,Mesomorph,Normal,slouch,0.8937895932333773,-178.66718484114898,-167.7945403685005,-0.6056974232196808,0.5229902518502796,0.3351069430668034,1,Front
266,4.433333333333334,Participant1_IMG_4747,Participant1,Mesomorph,Normal,slouch,0.9185690170372038,-176.56827248194531,-168.39392351089546,-0.5872694998979568,-0.2440835718555983,0.3343673478832433,1,Front
267,4.45,Participant1_IMG_4747,Participant1,Mesomorph,Normal,slouch,0.9040315411219804,-177.82760404091545,-169.9016479835204,-0.6179406344890594,-1.2613370514178317,0.3413843732013776,1,Front
268,4.466666666666667,Participant1_IMG_4747,Participant1,Mesomorph,Normal,slouch,0.9520945745742514,179.15154685591273,-169.6591556849279,-0.5518259257078171,1.0449453711165526,0.3309665204637158,1,Front
269,4.483333333333333,Participant1_IMG_4747,Participant1,Mesomorph,Normal,slouch,0.9772288491307476,179.9935666869647,-165.44826236425843,-0.5038279630243778,1.1795021903101437,0.3275316080235928,1,Front
270,4.5,Participant1_IMG_4747,Participant1,Mesomorph,Normal,slouch,0.9581529238632548,179.37919495423537,-167.85481829689743,-0.4660310074687004,0.9248600276261444,0.3312536609605405,1,Front
271,4.516666666666667,Participant1_IMG_4747,Participant1,Mesomorph,Normal,slouch,0.9517863601489434,176.85476565624262,-167.89388184796064,-0.4818783402442932,1.7121099875872652,0.3331321151955242,1,Front
272,4.533333333333333,Participant1_IMG_4747,Participant1,Mesomorph,Normal,slouch,0.9508078433779112,177.47451450283242,-169.9209641436549,-0.5011077150702477,1.5954418485003727,0.3351291150484395,1,Front
273,4.55,Participant1_IMG_4747,Participant1,Mesomorph,Normal,slouch,0.9306435105206556,177.38276965699797,-168.3379251576911,-0.5440452769398689,0.1847630117112788,0.3333930420425756,1,Front
274,4.566666666666666,Participant1_IMG_4747,Participant1,Mesomorph,Normal,slouch,0.9476745184707532,177.7662061196948,-168.43404197505427,-0.5445846021175385,0.4141213280850368,0.328494577076488,1,Front
275,4.583333333333333,Participant1_IMG_4747,Participant1,Mesomorph,Normal,slouch,0.9560776249182916,177.77976301475897,-168.42817833724948,-0.5938536524772644,0.50949733730019,0.3370459081609935,1,Front
276,4.6,Participant1_IMG_4747,Participant1,Mesomorph,Normal,slouch,1.007877502226871,178.36643245146442,-169.62861091115224,-0.5876988247036934,0.3681724276377427,0.341589697145528,1,Front
277,4.616666666666666,Participant1_IMG_4747,Participant1,Mesomorph,Normal,slouch,0.994364535483379,178.4259203836458,-169.7787600273621,-0.6065987050533295,-0.0794789547984959,0.3424985617629882,1,Front
278,4.633333333333334,Participant1_IMG_4747,Participant1,Mesomorph,Normal,slouch,0.9576638468210752,173.71760255870072,-167.89125747913675,-0.5442620143294334,2.7104614332378403,0.3320053945027443,1,Front
279,4.65,Participant1_IMG_4747,Participant1,Mesomorph,Normal,slouch,0.949174997419182,174.10718918587173,-166.73337378588644,-0.5133526474237442,3.2299946222945053,0.3322462158310826,1,Front
280,4.666666666666667,Participant1_IMG_4747,Participant1,Mesomorph,Normal,slouch,0.968065646011702,172.70642948907135,-169.89325993109273,-0.5450391471385956,2.3221328234042176,0.3350445120957022,1,Front
281,4.683333333333334,Participant1_IMG_4747,Participant1,Mesomorph,Normal,slouch,0.9538672706898232,173.80109509199067,-167.4152512862003,-0.5605236440896988,2.074595034891072,0.3393672430154788,1,Front
282,4.7,Participant1_IMG_4747,Participant1,Mesomorph,Normal,slouch,0.9680984022326462,176.79451694570366,-166.41500277568193,-0.6114297062158585,0.8878230067503364,0.346076922983147,1,Front
283,4.716666666666667,Participant1_IMG_4747,Participant1,Mesomorph,Normal,slouch,0.976078951382607,177.7962700798817,-166.64111141614288,-0.5863976329565048,0.7656007677361459,0.3444380669020964,1,Front
284,4.733333333333333,Participant1_IMG_4747,Participant1,Mesomorph,Normal,slouch,0.9864030762962008,178.29031411677855,-168.1442077859671,-0.5732515752315521,1.1505498789272162,0.3466533452342782,1,Front
285,4.75,Participant1_IMG_4747,Participant1,Mesomorph,Normal,slouch,0.985184027961792,176.90677044287378,-167.87179931301978,-0.572654627263546,1.4846290782295468,0.349415328191496,1,Front
286,4.766666666666667,Participant1_IMG_4747,Participant1,Mesomorph,Normal,slouch,0.9938618800542892,176.06491887789198,-166.11382626576977,-0.6107864379882812,1.048917311365036,0.3477361839055128,1,Front
287,4.783333333333333,Participant1_IMG_4747,Participant1,Mesomorph,Normal,slouch,0.9795626890907472,177.51280148148066,-166.57699953349086,-0.6141807734966278,1.3956605427486108,0.3467236162744587,1,Front
288,4.8,Participant1_IMG_4747,Participant1,Mesomorph,Normal,slouch,0.9619701495684614,176.6780641118653,-166.5320705501345,-0.6140584349632263,2.3019551802476363,0.3477567731140885,1,Front
289,4.816666666666666,Participant1_IMG_4747,Participant1,Mesomorph,Normal,slouch,0.9566595448911012,177.15908899559568,-167.1729373814643,-0.6080425381660461,1.6122642424325766,0.3578688474968172,1,Front
290,4.833333333333333,Participant1_IMG_4747,Participant1,Mesomorph,Normal,slouch,0.9451627966106976,176.84013945385644,-167.82197169934378,-0.6109763458371162,2.9384503743406483,0.35478387484865,1,Front
291,4.85,Participant1_IMG_4747,Participant1,Mesomorph,Normal,slouch,0.9446428159461572,176.52561387212134,-166.34074849769974,-0.6443351060152054,2.754249556331587,0.3605362620320588,1,Front
292,4.866666666666666,Participant1_IMG_4747,Participant1,Mesomorph,Normal,slouch,0.9491658359227444,176.42888251101255,-167.5033730077735,-0.6149622052907944,3.2670606023418527,0.3593211853094487,1,Front
293,4.883333333333334,Participant1_IMG_4747,Participant1,Mesomorph,Normal,slouch,0.9363221863079916,177.4599387763146,-166.7023158964772,-0.5880121812224388,2.950913578021186,0.3635314967097525,1,Front
294,4.9,Participant1_IMG_4747,Participant1,Mesomorph,Normal,slouch,0.9558405996673236,178.21383178833537,-166.3663831164898,-0.5913566797971725,2.049459230152259,0.3662354041514398,1,Front
295,4.916666666666667,Participant1_IMG_4747,Participant1,Mesomorph,Normal,slouch,0.945602465144066,177.64105163141633,-167.5030834353718,-0.5658032074570656,2.124979732250792,0.3647356982844443,1,Front
296,4.933333333333334,Participant1_IMG_4747,Participant1,Mesomorph,Normal,slouch,0.9325547814533908,177.10896915338432,-167.2861097654029,-0.5912489220499992,1.9019798582450973,0.3603937011786205,1,Front
297,4.95,Participant1_IMG_4747,Participant1,Mesomorph,Normal,slouch,0.935494463894908,177.8256878151044,-166.72999589640878,-0.6069866865873337,2.112067258897036,0.3658918238648416,1,Front
298,4.966666666666667,Participant1_IMG_4747,Participant1,Mesomorph,Normal,slouch,0.9455939519522204,176.48221961409348,-167.0980337866444,-0.596090205013752,2.671070316755179,0.3643018091420484,1,Front
299,4.983333333333333,Participant1_IMG_4747,Participant1,Mesomorph,Normal,slouch,0.9471711348278572,176.9970250023246,-166.62057615452014,-0.5822794139385223,2.477757214494601,0.3658278594864335,1,Front
300,5.0,Participant1_IMG_4747,Participant1,Mesomorph,Normal,slouch,0.9483384991632732,177.7042504677861,-165.67896134384796,-0.6088106483221054,2.3618585626506623,0.3554524474630224,1,Front
301,5.016666666666667,Participant1_IMG_4747,Participant1,Mesomorph,Normal,slouch,0.9440207423680866,177.66670612302102,-163.8703564930701,-0.651419147849083,1.6032254900470186,0.361850995137712,1,Front
302,5.033333333333333,Participant1_IMG_4747,Participant1,Mesomorph,Normal,slouch,0.942006526895884,176.6432502035696,-163.77408882784502,-0.6325781643390656,1.8232640954540813,0.3594551520825583,1,Front
303,5.05,Participant1_IMG_4747,Participant1,Mesomorph,Normal,slouch,0.943134851195331,176.9624413426737,-163.28646947336676,-0.6436688750982285,1.6856522094738269,0.3599917676692524,1,Front
304,5.066666666666666,Participant1_IMG_4747,Participant1,Mesomorph,Normal,slouch,0.9439827115288808,177.4763095634461,-164.48452157552208,-0.6547605693340302,1.6445523652278728,0.3634258354960986,1,Front
305,5.083333333333333,Participant1_IMG_4747,Participant1,Mesomorph,Normal,slouch,0.9357271118326852,177.24712848963537,-164.135131231219,-0.587408110499382,1.576060924973146,0.3613719108755742,1,Front
306,5.1,Participant1_IMG_4747,Participant1,Mesomorph,Normal,slouch,0.9567173236760316,176.8760115200885,-163.30057714828283,-0.5944128632545471,2.488579296767328,0.3622387534999963,1,Front
307,5.116666666666666,Participant1_IMG_4747,Participant1,Mesomorph,Normal,slouch,0.9380885013950204,178.8739572247822,-163.49857697349228,-0.6441164463758469,2.1060853867952525,0.367287039605859,1,Front
308,5.133333333333334,Participant1_IMG_4747,Participant1,Mesomorph,Normal,slouch,0.954617387118723,178.25741088786543,-163.66259964529942,-0.6013059467077255,1.8020975120879408,0.3608338344131839,1,Front
309,5.15,Participant1_IMG_4747,Participant1,Mesomorph,Normal,slouch,0.9447374946540744,177.64548228327487,-165.7352352422816,-0.6268222033977509,2.453653507390598,0.3600506052183223,1,Front
310,5.166666666666667,Participant1_IMG_4747,Participant1,Mesomorph,Normal,slouch,0.9531543428094866,178.59301366565234,-164.58625122694124,-0.6307853609323502,2.0419552156519147,0.3589424568541227,1,Front
311,5.183333333333334,Participant1_IMG_4747,Participant1,Mesomorph,Normal,slouch,0.9354772817213882,179.73679361948302,-165.68891832344408,-0.6322019398212433,1.167352292927613,0.3629760298813348,1,Front
312,5.2,Participant1_IMG_4747,Participant1,Mesomorph,Normal,slouch,0.9183689077473836,178.86253885013687,-165.6267747894502,-0.6216210573911667,1.6974034913840366,0.3642971139018531,1,Front
313,5.216666666666667,Participant1_IMG_4747,Participant1,Mesomorph,Normal,slouch,0.9235766096575412,179.03445051087422,-165.35491183751034,-0.6134317517280579,1.822367030852417,0.3637813097381686,1,Front
314,5.233333333333333,Participant1_IMG_4747,Participant1,Mesomorph,Normal,slouch,0.9190370237517376,179.4049689074559,-165.5607726413296,-0.5965527296066284,1.7886662400603337,0.3642891397546584,1,Front
315,5.25,Participant1_IMG_4747,Participant1,Mesomorph,Normal,slouch,0.9405575465269708,178.84607669820096,-164.8223555459081,-0.6258108764886856,0.9555243423876496,0.3661330179333709,1,Front
316,5.266666666666667,Participant1_IMG_4747,Participant1,Mesomorph,Normal,slouch,0.9368939003414278,178.25629661584836,-166.7673546197831,-0.5766076147556305,0.7831449132086262,0.364229121136716,1,Front
317,5.283333333333333,Participant1_IMG_4747,Participant1,Mesomorph,Normal,slouch,0.958030365358813,178.67117309366708,-164.92649239900103,-0.6010291278362274,0.5888894259485119,0.3655982942909809,1,Front
318,5.3,Participant1_IMG_4747,Participant1,Mesomorph,Normal,slouch,0.929183564332868,177.94872784758837,-164.73459901955616,-0.6065743416547775,1.3544398388530043,0.3632899041992358,1,Front
319,5.316666666666666,Participant1_IMG_4747,Participant1,Mesomorph,Normal,slouch,0.9530783557908132,177.61455374807792,-164.7347777277845,-0.5637754201889038,0.6683899851035529,0.3660136943671218,1,Front
0,0.0,Participant8_WIN_20260730_09_58_19_Pro,Participant8,Mesomorph,Normal,slouch,0.5007223740073331,169.36623145160766,175.37905690807605,-0.349267914891243,-4.432260139860508,0.225881867611674,1,Front
1,0.0333333333333333,Participant8_WIN_20260730_09_58_19_Pro,Participant8,Mesomorph,Normal,slouch,0.5004978271884956,169.53834216866844,175.02289958773423,-0.3956835269927978,-3.4804289619427395,0.2225048667224466,1,Front
2,0.0666666666666666,Participant8_WIN_20260730_09_58_19_Pro,Participant8,Mesomorph,Normal,slouch,0.5125524232879606,167.5787571138283,175.91633519210484,-0.3525645434856415,-2.329751639106868,0.2258746611705682,1,Front
3,0.1,Participant8_WIN_20260730_09_58_19_Pro,Participant8,Mesomorph,Normal,slouch,0.5218055220948938,169.81796386062433,173.05281833967436,-0.3690692484378814,-0.0475391459909259,0.219722978417358,1,Front
4,0.1333333333333333,Participant8_WIN_20260730_09_58_19_Pro,Participant8,Mesomorph,Normal,slouch,0.4895990467309068,170.97246950251647,173.90314025597618,-0.3956179171800613,-2.349388113787094,0.2202016078335836,1,Front
5,0.1666666666666666,Participant8_WIN_20260730_09_58_19_Pro,Participant8,Mesomorph,Normal,slouch,0.5052052736258351,167.69583377512933,173.72112400863156,-0.3804150223731994,-2.9528738814572755,0.2262195051461098,1,Front
6,0.2,Participant8_WIN_20260730_09_58_19_Pro,Participant8,Mesomorph,Normal,slouch,0.5107922513396357,167.87081313630736,174.49138841572565,-0.3697516471147537,-2.3390134792917965,0.2224427627054072,1,Front
7,0.2333333333333333,Participant8_WIN_20260730_09_58_19_Pro,Participant8,Mesomorph,Normal,slouch,0.5055103686786145,167.88846096130513,174.82389414349376,-0.378405749797821,-2.1302080148961884,0.2231000898915581,1,Front
8,0.2666666666666666,Participant8_WIN_20260730_09_58_19_Pro,Participant8,Mesomorph,Normal,slouch,0.5129166984305337,169.2349654774086,176.7453431057937,-0.365626186132431,-2.8927479490627017,0.2281328078609184,1,Front
9,0.3,Participant8_WIN_20260730_09_58_19_Pro,Participant8,Mesomorph,Normal,slouch,0.5285008225981673,168.09179741957948,175.49914294245318,-0.3852769583463669,-2.904887805377651,0.2240994690748058,1,Front
10,0.3333333333333333,Participant8_WIN_20260730_09_58_19_Pro,Participant8,Mesomorph,Normal,slouch,0.517883215563983,170.42496863949543,176.87140227266192,-0.3542875945568084,-2.5262877463280065,0.2243554020839653,1,Front
11,0.3666666666666666,Participant8_WIN_20260730_09_58_19_Pro,Participant8,Mesomorph,Normal,slouch,0.5288577863628738,168.06326480726958,176.89042297466602,-0.3380528688430786,-0.8179009700509159,0.2240525163929121,1,Front
12,0.4,Participant8_WIN_20260730_09_58_19_Pro,Participant8,Mesomorph,Normal,slouch,0.5177132903398927,169.29608115555527,176.23136778716645,-0.33244588971138,-1.802014700405203,0.2243881116764624,1,Front
13,0.4333333333333333,Participant8_WIN_20260730_09_58_19_Pro,Participant8,Mesomorph,Normal,slouch,0.4941482986698687,167.65804953891524,173.95291418315762,-0.3508893847465515,-3.661727776344868,0.2249035192542276,1,Front
14,0.4666666666666667,Participant8_WIN_20260730_09_58_19_Pro,Participant8,Mesomorph,Normal,slouch,0.472845308782624,169.02760050893977,174.85029000992463,-0.3471321314573288,-5.2855302089572325,0.2248096851504611,1,Front
15,0.5,Participant8_WIN_20260730_09_58_19_Pro,Participant8,Mesomorph,Normal,slouch,0.5014929858906436,167.18244901025753,172.79192803789604,-0.3186630457639694,-0.8764144223423114,0.2282434017388155,1,Front
16,0.5333333333333333,Participant8_WIN_20260730_09_58_19_Pro,Participant8,Mesomorph,Normal,slouch,0.5006258434098504,168.59349600176006,174.94784356049487,-0.3755428194999695,-2.1664469730260083,0.2284636678735304,1,Front
17,0.5666666666666667,Participant8_WIN_20260730_09_58_19_Pro,Participant8,Mesomorph,Normal,slouch,0.4881071411396619,168.25270000858234,173.03984389293765,-0.3503067940473556,-1.39380019179573,0.2241165354352643,1,Front
18,0.6,Participant8_WIN_20260730_09_58_19_Pro,Participant8,Mesomorph,Normal,slouch,0.4996374227315729,168.08580485699392,174.03777439792967,-0.3754167109727859,-1.860701812836189,0.2278447733188062,1,Front
19,0.6333333333333333,Participant8_WIN_20260730_09_58_19_Pro,Participant8,Mesomorph,Normal,slouch,0.5224680063119486,170.11387224084726,176.03270665734783,-0.3576789200305938,-4.239866288523708,0.2282684529819678,1,Front
20,0.6666666666666666,Participant8_WIN_20260730_09_58_19_Pro,Participant8,Mesomorph,Normal,slouch,0.4846769104921523,167.88757416015065,172.29590106867127,-0.3801166415214538,-0.8231285385356216,0.2260501623772306,1,Front
21,0.7,Participant8_WIN_20260730_09_58_19_Pro,Participant8,Mesomorph,Normal,slouch,0.4947050941820184,167.36319594396446,169.96863592956225,-0.346080482006073,-2.0452536807604704,0.2250647367232472,1,Front
22,0.7333333333333333,Participant8_WIN_20260730_09_58_19_Pro,Participant8,Mesomorph,Normal,slouch,0.4813568028304152,168.4165553214346,173.71914748011406,-0.3371040374040603,-2.543233333585714,0.2231479188342395,1,Front
23,0.7666666666666667,Participant8_WIN_20260730_09_58_19_Pro,Participant8,Mesomorph,Normal,slouch,0.5354004291387668,169.1381298058893,173.88154395742652,-0.3515940755605697,-2.586187131740744,0.2185998038359478,1,Front
24,0.8,Participant8_WIN_20260730_09_58_19_Pro,Participant8,Mesomorph,Normal,slouch,0.516556033856252,168.18566157489352,169.6522908379223,-0.3476475924253464,-0.6218175848205134,0.2253401959692268,1,Front
25,0.8333333333333334,Participant8_WIN_20260730_09_58_19_Pro,Participant8,Mesomorph,Normal,slouch,0.5339532623780068,169.6921263613943,173.1613410531524,-0.3334493041038513,-2.0125399228916176,0.2222928221578079,1,Front
26,0.8666666666666667,Participant8_WIN_20260730_09_58_19_Pro,Participant8,Mesomorph,Normal,slouch,0.5240338447315555,170.3867131190292,173.49142702686044,-0.3595277220010757,-0.626348398225169,0.220455322667925,1,Front
27,0.9,Participant8_WIN_20260730_09_58_19_Pro,Participant8,Mesomorph,Normal,slouch,0.5229563165086557,170.98500033054722,174.88376580944148,-0.3460261821746826,-4.032057596021981,0.2187694273932099,1,Front
28,0.9333333333333332,Participant8_WIN_20260730_09_58_19_Pro,Participant8,Mesomorph,Normal,slouch,0.4728508248539421,167.7289365123229,170.75922901604935,-0.363747775554657,-1.5016194893287491,0.2310511377557396,1,Front
29,0.9666666666666668,Participant8_WIN_20260730_09_58_19_Pro,Participant8,Mesomorph,Normal,slouch,0.5110405950077934,172.73469604933916,173.49594560441,-0.3281082510948181,-4.8424771829490165,0.2279946525294026,1,Front
30,1.0,Participant8_WIN_20260730_09_58_19_Pro,Participant8,Mesomorph,Normal,slouch,0.5136963787642013,168.64665248036783,171.5700247789752,-0.3199444860219955,0.1507604416726592,0.2249381673030657,1,Front
31,1.0333333333333334,Participant8_WIN_20260730_09_58_19_Pro,Participant8,Mesomorph,Normal,slouch,0.5145589751503598,169.30712541021902,171.73003699759704,-0.3545129746198654,-3.128188460988251,0.22172888616187,1,Front
32,1.0666666666666669,Participant8_WIN_20260730_09_58_19_Pro,Participant8,Mesomorph,Normal,slouch,0.4745430915209286,168.69892422873116,169.8872434532095,-0.3454194664955139,-3.381495193519194,0.2248976716671301,1,Front
33,1.1,Participant8_WIN_20260730_09_58_19_Pro,Participant8,Mesomorph,Normal,slouch,0.5025111608903975,167.9566468921635,172.03276522427086,-0.3593337088823318,-3.4465664549320927,0.2219856596088779,1,Front
34,1.1333333333333333,Participant8_WIN_20260730_09_58_19_Pro,Participant8,Mesomorph,Normal,slouch,0.4839863467759921,167.2246842029908,172.50572183016743,-0.3693111836910248,-2.080737915661714,0.2254184409414732,1,Front
35,1.1666666666666667,Participant8_WIN_20260730_09_58_19_Pro,Participant8,Mesomorph,Normal,slouch,0.5274038044556857,168.26341512169574,172.1684035015535,-0.3405804336071014,0.5172255845468398,0.2233817695293553,1,Front
36,1.2,Participant8_WIN_20260730_09_58_19_Pro,Participant8,Mesomorph,Normal,slouch,0.534801202101404,167.644508519946,174.752594306809,-0.3690523952245712,3.719206092163813,0.2206365509161613,1,Front
37,1.2333333333333334,Participant8_WIN_20260730_09_58_19_Pro,Participant8,Mesomorph,Normal,slouch,0.4895113390693569,167.35527113722466,174.13789172397514,-0.3691717088222503,0.9358231824452056,0.2252562598500323,1,Front
38,1.2666666666666666,Participant8_WIN_20260730_09_58_19_Pro,Participant8,Mesomorph,Normal,slouch,0.5043502636434868,168.7020747426626,175.6474205130002,-0.3869020938873291,-0.6223981008020912,0.2290580424217746,1,Front
39,1.3,Participant8_WIN_20260730_09_58_19_Pro,Participant8,Mesomorph,Normal,slouch,0.4874836476725269,169.05069448151107,176.52048283564156,-0.3829068392515182,-0.2686588275362913,0.2281766793031229,1,Front
40,1.3333333333333333,Participant8_WIN_20260730_09_58_19_Pro,Participant8,Mesomorph,Normal,slouch,0.4791237905743386,170.56932747777515,178.23088124502885,-0.4027630686759949,2.111471059341932,0.2266884347322849,1,Front
41,1.3666666666666667,Participant8_WIN_20260730_09_58_19_Pro,Participant8,Mesomorph,Normal,slouch,0.5293475237105609,169.0064896186485,175.4927067160905,-0.3864137381315231,2.194457820639639,0.2240338347052133,1,Front
42,1.4,Participant8_WIN_20260730_09_58_19_Pro,Participant8,Mesomorph,Normal,slouch,0.5210419498858838,168.08603645064056,174.7900576265709,-0.3590386211872101,2.3920366432983573,0.2272679398821727,1,Front
43,1.4333333333333331,Participant8_WIN_20260730_09_58_19_Pro,Participant8,Mesomorph,Normal,slouch,0.4875608956664797,170.1268299978682,174.65809714250267,-0.3870829790830612,0.5602557970284945,0.2271864221984538,1,Front
44,1.4666666666666666,Participant8_WIN_20260730_09_58_19_Pro,Participant8,Mesomorph,Normal,slouch,0.5087794706966444,171.66928280721638,177.12197075817875,-0.4030628502368927,1.5761974970530082,0.2233635366955356,1,Front
45,1.5,Participant8_WIN_20260730_09_58_19_Pro,Participant8,Mesomorph,Normal,slouch,0.4788636299039669,169.55398400678976,174.76623417072747,-0.3960523903369903,1.4813254255565036,0.2313071116005653,1,Front
46,1.5333333333333334,Participant8_WIN_20260730_09_58_19_Pro,Participant8,Mesomorph,Normal,slouch,0.4412090744185823,170.35906325847122,177.08078702460776,-0.3502119928598404,3.9520202734127774,0.2267403486228008,1,Front
47,1.5666666666666669,Participant8_WIN_20260730_09_58_19_Pro,Participant8,Mesomorph,Normal,slouch,0.4820497020703891,170.76117608581237,178.22597981574398,-0.3770738244056701,-0.5192560379914423,0.2340429354014574,1,Front
48,1.6,Participant8_WIN_20260730_09_58_19_Pro,Participant8,Mesomorph,Normal,slouch,0.4704656550782479,172.68952263313216,179.37117260688024,-0.3739268779754638,0.4704427237021473,0.2313224961270731,1,Front
49,1.6333333333333333,Participant8_WIN_20260730_09_58_19_Pro,Participant8,Mesomorph,Normal,slouch,0.455337622033427,171.54123143258985,179.0028087776052,-0.3730480372905731,2.2809433266968067,0.2331660689839749,1,Front
50,1.6666666666666667,Participant8_WIN_20260730_09_58_19_Pro,Participant8,Mesomorph,Normal,slouch,0.5175343846107767,172.86948965362944,178.81550878157896,-0.3367925137281418,2.927262239894512,0.2295998615782493,1,Front
51,1.7,Participant8_WIN_20260730_09_58_19_Pro,Participant8,Mesomorph,Normal,slouch,0.5661840178513107,174.197747874669,178.6282087855527,-0.3369371891021728,2.857690134402428,0.2248743443742533,1,Front
52,1.7333333333333334,Participant8_WIN_20260730_09_58_19_Pro,Participant8,Mesomorph,Normal,slouch,0.5186814634733661,175.5260060957086,178.44090878952645,-0.3106204122304916,2.814549795897126,0.2216341232925539,1,Front
53,1.7666666666666666,Participant8_WIN_20260730_09_58_19_Pro,Participant8,Mesomorph,Normal,slouch,0.4729025947528674,174.3101483523513,178.25360879350018,-0.3397707343101501,3.191864894393519,0.2241106591750179,1,Front
54,1.8,Participant8_WIN_20260730_09_58_19_Pro,Participant8,Mesomorph,Normal,slouch,0.4587845930546506,173.09429060899396,178.06630879747394,-0.3722566068172455,3.963788603383293,0.2287805205757104,1,Front
55,1.8333333333333333,Participant8_WIN_20260730_09_58_19_Pro,Participant8,Mesomorph,Normal,slouch,0.4127788705817136,171.87843286563665,177.8790088014477,-0.3248160779476166,2.0153682988493946,0.2315467298105863,1,Front
56,1.8666666666666667,Participant8_WIN_20260730_09_58_19_Pro,Participant8,Mesomorph,Normal,slouch,0.4854155240505343,170.53818955332318,177.69170880542143,-0.3677496612071991,3.362664836684345,0.2314817982154254,1,Front
57,1.9,Participant8_WIN_20260730_09_58_19_Pro,Participant8,Mesomorph,Normal,slouch,0.5027473084530534,168.61556444940513,177.5044088093952,-0.389180064201355,3.778582560480246,0.2277973084194431,1,Front
58,1.933333333333333,Participant8_WIN_20260730_09_58_19_Pro,Participant8,Mesomorph,Normal,slouch,0.4853137973615891,171.45000134979784,177.31710881336892,-0.3652096092700958,2.114999953673688,0.2285514612096518,1,Front
59,1.9666666666666663,Participant8_WIN_20260730_09_58_19_Pro,Participant8,Mesomorph,Normal,slouch,0.5251526242868779,171.9351999519224,177.12980881734268,-0.3445711582899093,-3.712772865320592,0.2213953895356099,1,Front
60,2.0,Participant8_WIN_20260730_09_58_19_Pro,Participant8,Mesomorph,Normal,slouch,0.5356489435096123,166.56540281645093,176.9425088213164,-0.3593794405460357,2.64518043555945,0.2273168069316172,1,Front
61,2.033333333333333,Participant8_WIN_20260730_09_58_19_Pro,Participant8,Mesomorph,Normal,slouch,0.5259354556047594,168.367397026991,176.75520882529017,-0.3904197067022323,-2.680979907191243,0.2274813912634197,1,Front
62,2.066666666666667,Participant8_WIN_20260730_09_58_19_Pro,Participant8,Mesomorph,Normal,slouch,0.4830457030066417,167.11380042437827,178.32084653922078,-0.3867299556732178,5.853067015374843,0.2323571490070864,1,Front
63,2.1,Participant8_WIN_20260730_09_58_19_Pro,Participant8,Mesomorph,Normal,slouch,0.4689878942957891,165.55957578249092,174.93748918533598,-0.3548079580068588,0.3457869954585664,0.2310958416437493,1,Front
64,2.1333333333333333,Participant8_WIN_20260730_09_58_19_Pro,Participant8,Mesomorph,Normal,slouch,0.5208888924051621,164.75764592096385,173.7574163050355,-0.3943914473056793,3.039970265864016,0.2319059182361733,1,Front
65,2.1666666666666665,Participant8_WIN_20260730_09_58_19_Pro,Participant8,Mesomorph,Normal,slouch,0.4538079545189786,164.71948272079877,173.56246942276596,-0.3261248394846916,2.756995552158001,0.2314008635735773,1,Front
66,2.2,Participant8_WIN_20260730_09_58_19_Pro,Participant8,Mesomorph,Normal,slouch,0.4460464200390757,167.30369136097713,173.85784669227965,-0.3677501529455185,-1.6977811900506468,0.2314611719148592,1,Front
67,2.2333333333333334,Participant8_WIN_20260730_09_58_19_Pro,Participant8,Mesomorph,Normal,slouch,0.4406146086746068,165.89951963608465,171.82528260290096,-0.3662596940994262,0.1017637479474649,0.2371369141192186,1,Front
68,2.2666666666666666,Participant8_WIN_20260730_09_58_19_Pro,Participant8,Mesomorph,Normal,slouch,0.4322446487196986,165.28772794600286,173.05161418711683,-0.3641453236341476,2.888756893209261,0.2345145341104361,1,Front
69,2.3,Participant8_WIN_20260730_09_58_19_Pro,Participant8,Mesomorph,Normal,slouch,0.4205259513404261,164.59674191267683,171.7450498558861,-0.371414452791214,0.3966200506278795,0.2372615967265052,1,Front
70,2.333333333333333,Participant8_WIN_20260730_09_58_19_Pro,Participant8,Mesomorph,Normal,slouch,0.4408909857881751,165.506012770613,171.95836130611875,-0.399820402264595,-2.066148618575515,0.2392884078919207,1,Front
71,2.3666666666666667,Participant8_WIN_20260730_09_58_19_Pro,Participant8,Mesomorph,Normal,slouch,0.4227217359763177,166.73322068955682,172.21361309834717,-0.3776654303073883,-1.2531230838493246,0.2337839895858588,1,Front
72,2.4,Participant8_WIN_20260730_09_58_19_Pro,Participant8,Mesomorph,Normal,slouch,0.4206610956562142,167.10200098584653,175.24081613946146,-0.3421005755662918,-2.772195251163505,0.2258049617710387,1,Front
73,2.433333333333333,Participant8_WIN_20260730_09_58_19_Pro,Participant8,Mesomorph,Normal,slouch,0.4303744651366351,167.60622187752668,174.00023077125206,-0.3502009361982345,-2.96352191031883,0.2320237374491628,1,Front
74,2.466666666666667,Participant8_WIN_20260730_09_58_19_Pro,Participant8,Mesomorph,Normal,slouch,0.411143615340996,167.44113286842915,169.60205818476737,-0.3540022522211075,-7.183819148690932,0.2366734745156559,1,Front
75,2.5,Participant8_WIN_20260730_09_58_19_Pro,Participant8,Mesomorph,Normal,slouch,0.4044400610826895,167.62415974414188,173.56497782420593,-0.3760277330875397,-3.7651738613319607,0.2379591729771654,1,Front
76,2.533333333333333,Participant8_WIN_20260730_09_58_19_Pro,Participant8,Mesomorph,Normal,slouch,0.4269734797010521,165.59730153825382,174.81460628350027,-0.3397110998630523,1.2606346698440776,0.2334385713044512,1,Front
77,2.566666666666667,Participant8_WIN_20260730_09_58_19_Pro,Participant8,Mesomorph,Normal,slouch,0.4701997618978181,167.08381193794307,174.33731266477815,-0.3700763881206512,-0.4989895078625077,0.230561518281507,1,Front
78,2.6,Participant8_WIN_20260730_09_58_19_Pro,Participant8,Mesomorph,Normal,slouch,0.4811717379622455,168.7760012400369,178.20305734356154,-0.3326551392674446,-1.1233457158128015,0.2256439598915604,1,Front
79,2.6333333333333333,Participant8_WIN_20260730_09_58_19_Pro,Participant8,Mesomorph,Normal,slouch,0.4452832178950603,167.0639924069419,176.52416843988738,-0.3389561325311661,-0.8853993879522771,0.2309153295526135,1,Front
80,2.6666666666666665,Participant8_WIN_20260730_09_58_19_Pro,Participant8,Mesomorph,Normal,slouch,0.4341739515839695,165.8632675663164,179.08160372233942,-0.3256468772888183,2.816705488288883,0.2343596318062649,1,Front
81,2.7,Participant8_WIN_20260730_09_58_19_Pro,Participant8,Mesomorph,Normal,slouch,0.4995453872585683,170.86167190496545,173.96843866010803,-0.3284492343664169,0.1888142095720961,0.226075984515698,1,Front
82,2.7333333333333334,Participant8_WIN_20260730_09_58_19_Pro,Participant8,Mesomorph,Normal,slouch,0.4969160954788999,172.24849876156432,174.7395795281914,-0.3552635163068771,1.9170470316139567,0.2285379050501063,1,Front
83,2.7666666666666666,Participant8_WIN_20260730_09_58_19_Pro,Participant8,Mesomorph,Normal,slouch,0.5256022144643085,170.7470346880047,178.98977017573816,-0.3336074352264404,-0.9916019638463044,0.2263275559265887,1,Front
84,2.8,Participant8_WIN_20260730_09_58_19_Pro,Participant8,Mesomorph,Normal,slouch,0.5127778981590714,170.00724862749,176.52614303526516,-0.3199794963002205,0.0704268887927527,0.2308354450603968,1,Front
85,2.833333333333333,Participant8_WIN_20260730_09_58_19_Pro,Participant8,Mesomorph,Normal,slouch,0.522702625154177,168.573434187548,173.39075735595196,-0.3273374438285827,1.0510294535776197,0.2305000499460831,1,Front
86,2.8666666666666667,Participant8_WIN_20260730_09_58_19_Pro,Participant8,Mesomorph,Normal,slouch,0.4987400893224257,169.06277858509236,172.4861807321826,-0.3463544249534607,-1.8220130860478805,0.2302345813578779,1,Front
87,2.9,Participant8_WIN_20260730_09_58_19_Pro,Participant8,Mesomorph,Normal,slouch,0.5088586906666368,170.40153923280275,176.47689554672172,-0.3397901952266693,-0.9056333219841852,0.2306318911718219,1,Front
88,2.933333333333333,Participant8_WIN_20260730_09_58_19_Pro,Participant8,Mesomorph,Normal,slouch,0.5010561731680209,167.6376953783621,173.46969691644009,-0.3498330935835838,1.3641718739537307,0.2280073512308223,1,Front
89,2.966666666666667,Participant8_WIN_20260730_09_58_19_Pro,Participant8,Mesomorph,Normal,slouch,0.507939894045291,168.06472700088003,173.3565101516726,-0.3864571303129196,1.0313470902432054,0.2247075862664558,1,Front
90,3.0,Participant8_WIN_20260730_09_58_19_Pro,Participant8,Mesomorph,Normal,slouch,0.5033140745011355,169.0531917720997,176.06704648774337,-0.3610792011022568,1.7852459878941815,0.2258586343262622,1,Front
91,3.033333333333333,Participant8_WIN_20260730_09_58_19_Pro,Participant8,Mesomorph,Normal,slouch,0.4844290749342898,167.003519190547,171.68864131888327,-0.3214745000004768,0.864090578144428,0.229466447138306,1,Front
92,3.066666666666667,Participant8_WIN_20260730_09_58_19_Pro,Participant8,Mesomorph,Normal,slouch,0.5117880861903674,169.29765169188835,176.88925099609023,-0.3658109009265899,3.199095766955756,0.2228071856871986,1,Front
93,3.1,Participant8_WIN_20260730_09_58_19_Pro,Participant8,Mesomorph,Normal,slouch,0.5424088545320808,169.53665112439828,176.33290763056146,-0.3510982692241668,-0.7136620724932858,0.2220311497490718,1,Front
94,3.1333333333333333,Participant8_WIN_20260730_09_58_19_Pro,Participant8,Mesomorph,Normal,slouch,0.540840703130961,168.3444598413997,174.4189672625819,-0.3379203379154205,-0.0978534096497072,0.2275948560225399,1,Front
95,3.1666666666666665,Participant8_WIN_20260730_09_58_19_Pro,Participant8,Mesomorph,Normal,slouch,0.5177785628116649,170.8238599540784,176.16552673006123,-0.325249969959259,2.3451445166691807,0.227196457930991,1,Front
96,3.2,Participant8_WIN_20260730_09_58_19_Pro,Participant8,Mesomorph,Normal,slouch,0.5195469961724494,171.10058711141158,172.4139837121114,-0.3397576659917831,-4.68665487742722,0.2251237026025236,1,Front
97,3.2333333333333334,Participant8_WIN_20260730_09_58_19_Pro,Participant8,Mesomorph,Normal,slouch,0.5557493240277763,171.79056431686857,175.38836399884397,-0.3697254806756973,-0.27168240723565,0.2238189040799397,1,Front
98,3.2666666666666666,Participant8_WIN_20260730_09_58_19_Pro,Participant8,Mesomorph,Normal,slouch,0.5612062714989703,170.86889005059248,179.2041131350874,-0.3590817004442215,1.0647276651568902,0.2284042094000011,1,Front
99,3.3,Participant8_WIN_20260730_09_58_19_Pro,Participant8,Mesomorph,Normal,slouch,0.5556898901902115,169.34760383518218,177.51812575224557,-0.3428409844636917,2.702099493552595,0.2264542536228105,1,Front
100,3.333333333333333,Participant8_WIN_20260730_09_58_19_Pro,Participant8,Mesomorph,Normal,slouch,0.5324612972518186,169.06023597723333,174.84343530645188,-0.3573509976267814,1.212717051631108,0.2275830451553993,1,Front
101,3.3666666666666667,Participant8_WIN_20260730_09_58_19_Pro,Participant8,Mesomorph,Normal,slouch,0.5045384100771116,167.94243796562282,175.7906129403157,-0.3763187527656555,1.8424812655015064,0.2229791222875904,1,Front
102,3.4,Participant8_WIN_20260730_09_58_19_Pro,Participant8,Mesomorph,Normal,slouch,0.5713152092630566,170.24108298920288,175.9344356080658,-0.3335087075829506,1.4788053801130154,0.2213735090839915,1,Front
103,3.433333333333333,Participant8_WIN_20260730_09_58_19_Pro,Participant8,Mesomorph,Normal,slouch,0.559650501954036,169.72594451051475,176.53306565775088,-0.3821989148855209,1.7935784221449005,0.2306665200397068,1,Front
104,3.466666666666667,Participant8_WIN_20260730_09_58_19_Pro,Participant8,Mesomorph,Normal,slouch,0.5493685017135895,171.24763688170484,175.89588817685282,-0.3346174657344818,2.212139029985051,0.2296702218269605,1,Front
105,3.5,Participant8_WIN_20260730_09_58_19_Pro,Participant8,Mesomorph,Normal,slouch,0.5871210874954037,171.53292192855548,177.28036908780862,-0.3299575001001358,1.6448746796157956,0.2269141232792409,1,Front
106,3.533333333333333,Participant8_WIN_20260730_09_58_19_Pro,Participant8,Mesomorph,Normal,slouch,0.5615476406361338,171.30461170374963,177.53691537910473,-0.352097749710083,2.389477831369817,0.2284205425516529,1,Front
107,3.566666666666667,Participant8_WIN_20260730_09_58_19_Pro,Participant8,Mesomorph,Normal,slouch,0.5726453041600227,169.61368212726012,177.18018082498105,-0.3253156691789627,0.9176496723188572,0.2292357333669094,1,Front
108,3.6,Participant8_WIN_20260730_09_58_19_Pro,Participant8,Mesomorph,Normal,slouch,0.5704082109049149,170.658974427258,178.7175302772374,-0.3364467471837997,1.8527877144787968,0.2323022061515509,1,Front
109,3.633333333333333,Participant8_WIN_20260730_09_58_19_Pro,Participant8,Mesomorph,Normal,slouch,0.5714900994652079,170.08640222011988,174.90411294243623,-0.3528741896152496,2.365144426831472,0.229040577699626,1,Front
110,3.6666666666666665,Participant8_WIN_20260730_09_58_19_Pro,Participant8,Mesomorph,Normal,slouch,0.5538029670647296,171.5468999642827,179.11996292239067,-0.3814802318811416,-0.1172680389781502,0.2290893539685577,1,Front
111,3.7,Participant8_WIN_20260730_09_58_19_Pro,Participant8,Mesomorph,Normal,slouch,0.501846902544005,169.27724754893887,175.31487480402976,-0.368855819106102,5.16062812527173,0.2333997966325194,1,Front
112,3.733333333333333,Participant8_WIN_20260730_09_58_19_Pro,Participant8,Mesomorph,Normal,slouch,0.5279472412502737,167.9465860573455,177.78932006123262,-0.3401653915643692,6.333428032899589,0.236442852900206,1,Front
113,3.7666666666666666,Participant8_WIN_20260730_09_58_19_Pro,Participant8,Mesomorph,Normal,slouch,0.5604220676692131,172.22869259679624,176.93635517124895,-0.3283531218767166,4.086958751489717,0.2305725097959577,1,Front
114,3.8,Participant8_WIN_20260730_09_58_19_Pro,Participant8,Mesomorph,Normal,slouch,0.5543370991237342,169.61666718449578,176.67659093941634,-0.3572291135787964,5.105157153050971,0.2282674469773232,1,Front
115,3.8333333333333335,Participant8_WIN_20260730_09_58_19_Pro,Participant8,Mesomorph,Normal,slouch,0.527777700767316,171.42191431568406,177.03124768557234,-0.3970093727111816,3.534569355587038,0.2330319907758154,1,Front
116,3.866666666666666,Participant8_WIN_20260730_09_58_19_Pro,Participant8,Mesomorph,Normal,slouch,0.5340572493495078,169.7091784220064,175.92479435285853,-0.3724966049194336,6.988477403247296,0.2341080295480229,1,Front
117,3.9,Participant8_WIN_20260730_09_58_19_Pro,Participant8,Mesomorph,Normal,slouch,0.5476755100094955,169.52790986130094,178.54237901341537,-0.3422193080186844,3.0380994349552988,0.2279379945661271,1,Front
118,3.933333333333333,Participant8_WIN_20260730_09_58_19_Pro,Participant8,Mesomorph,Normal,slouch,0.5406500422473125,170.5195050874056,177.39633954259057,-0.3804806917905807,4.211455876260858,0.2286507970158159,1,Front
119,3.966666666666667,Participant8_WIN_20260730_09_58_19_Pro,Participant8,Mesomorph,Normal,slouch,0.5265602610795774,169.44008555158183,177.62029979280885,-0.3644349426031112,4.456344605618218,0.2310371034902258,1,Front
120,4.0,Participant8_WIN_20260730_09_58_19_Pro,Participant8,Mesomorph,Normal,slouch,0.5127965321198336,168.60419648408006,176.1230917974359,-0.3836695253849029,4.127611705410337,0.2296304228773606,1,Front
121,4.033333333333333,Participant8_WIN_20260730_09_58_19_Pro,Participant8,Mesomorph,Normal,slouch,0.5177985589653081,169.4358966572535,179.18499982591925,-0.3676560670137405,5.515331445198801,0.2310944583189898,1,Front
122,4.066666666666666,Participant8_WIN_20260730_09_58_19_Pro,Participant8,Mesomorph,Normal,slouch,0.528319866658487,170.139216142254,178.26816955260435,-0.3494926542043686,5.2439208675174935,0.2284396648553906,1,Front
123,4.1,Participant8_WIN_20260730_09_58_19_Pro,Participant8,Mesomorph,Normal,slouch,0.5379094349537974,167.067061039835,177.35133927928945,-0.3818814903497696,4.863919450281711,0.2302461333801072,1,Front
124,4.133333333333334,Participant8_WIN_20260730_09_58_19_Pro,Participant8,Mesomorph,Normal,slouch,0.5374713812599065,168.00943823274514,175.02053927317408,-0.4013156443834305,3.003204631127735,0.2314487311383366,1,Front
125,4.166666666666667,Participant8_WIN_20260730_09_58_19_Pro,Participant8,Mesomorph,Normal,slouch,0.5157142265031937,167.62132081266466,175.10712502396137,-0.4101471751928329,2.767614220900972,0.2313781083282784,1,Front
126,4.2,Participant8_WIN_20260730_09_58_19_Pro,Participant8,Mesomorph,Normal,slouch,0.5314625669182312,170.93542140071423,176.12611887717304,-0.4009459167718887,2.742992855813629,0.2267685811092992,1,Front
127,4.233333333333333,Participant8_WIN_20260730_09_58_19_Pro,Participant8,Mesomorph,Normal,slouch,0.5975350322079761,172.01121127725008,178.28300187110958,-0.3903296291828155,3.844782051046805,0.2237466583177795,1,Front
128,4.266666666666667,Participant8_WIN_20260730_09_58_19_Pro,Participant8,Mesomorph,Normal,slouch,0.5985502243242022,171.76305317862636,178.11370400688494,-0.3656723350286484,4.188391095945939,0.2258448072612469,1,Front
129,4.3,Participant8_WIN_20260730_09_58_19_Pro,Participant8,Mesomorph,Normal,slouch,0.595738892540358,171.70252573487133,178.27912068809016,-0.3821123987436294,4.286409722442712,0.2257720465754924,1,Front
130,4.333333333333333,Participant8_WIN_20260730_09_58_19_Pro,Participant8,Mesomorph,Normal,slouch,0.5934257619967688,170.3817196535031,178.46162955257685,-0.3757000416517257,4.310474790881089,0.2223300365028051,1,Front
131,4.366666666666666,Participant8_WIN_20260730_09_58_19_Pro,Participant8,Mesomorph,Normal,slouch,0.562969823462433,169.63670723714006,179.08836836770087,-0.3398559540510177,5.097337880706572,0.2240496706035019,1,Front
132,4.4,Participant8_WIN_20260730_09_58_19_Pro,Participant8,Mesomorph,Normal,slouch,0.5665104805215019,173.77747028424133,179.25707792414127,-0.3510214388370514,2.9877716205565963,0.2239801684500261,1,Front
133,4.433333333333334,Participant8_WIN_20260730_09_58_19_Pro,Participant8,Mesomorph,Normal,slouch,0.5446961567421187,171.2812050445048,177.16615675276216,-0.3388296514749527,3.023028465053021,0.2249939112328987,1,Front
134,4.466666666666667,Participant8_WIN_20260730_09_58_19_Pro,Participant8,Mesomorph,Normal,slouch,0.5435010571611717,170.4640240311573,179.124807408228,-0.3320028483867645,4.052202631202885,0.2300292851349892,1,Front
135,4.5,Participant8_WIN_20260730_09_58_19_Pro,Participant8,Mesomorph,Normal,slouch,0.5429326913683062,172.54671878585123,177.84949168639673,-0.3420908600091934,1.679609163707957,0.225410775963354,1,Front
136,4.533333333333333,Participant8_WIN_20260730_09_58_19_Pro,Participant8,Mesomorph,Normal,slouch,0.5402352923330839,169.7990034227951,178.62416098017312,-0.3418860584497452,1.977274533776852,0.2266049898780377,1,Front
137,4.566666666666666,Participant8_WIN_20260730_09_58_19_Pro,Participant8,Mesomorph,Normal,slouch,0.5543944111327405,171.16532113139647,176.22977279849025,-0.3606675714254379,2.9697370734991697,0.2255025884884303,1,Front
138,4.6,Participant8_WIN_20260730_09_58_19_Pro,Participant8,Mesomorph,Normal,slouch,0.5439882350995653,169.95514266394545,175.86779987585552,-0.3247820883989334,2.9471060282571178,0.2261235469382814,1,Front
139,4.633333333333334,Participant8_WIN_20260730_09_58_19_Pro,Participant8,Mesomorph,Normal,slouch,0.5822150723936036,170.50398035642343,177.35226121209757,-0.3233789354562759,3.731079657755063,0.2234677123324372,1,Front
140,4.666666666666667,Participant8_WIN_20260730_09_58_19_Pro,Participant8,Mesomorph,Normal,slouch,0.5768245507697652,170.67894166903238,178.56699992909563,-0.3270731270313263,4.30512404527986,0.22384993470036,1,Front
141,4.7,Participant8_WIN_20260730_09_58_19_Pro,Participant8,Mesomorph,Normal,slouch,0.5360175586126885,172.3709290323129,177.44753931620977,-0.3173422515392303,1.0481407786054728,0.223836465248418,1,Front
142,4.733333333333333,Participant8_WIN_20260730_09_58_19_Pro,Participant8,Mesomorph,Normal,slouch,0.558927752611709,171.18276677979676,177.93861479123746,-0.3571949452161789,2.420404871604669,0.2263523559837939,1,Front
143,4.766666666666667,Participant8_WIN_20260730_09_58_19_Pro,Participant8,Mesomorph,Normal,slouch,0.5853156990393337,168.76055115976624,175.74903671920873,-0.3285578638315201,3.8535060784576256,0.2231420733616922,1,Front
144,4.8,Participant8_WIN_20260730_09_58_19_Pro,Participant8,Mesomorph,Normal,slouch,0.5617318730475386,169.83288692647486,175.9975457644161,-0.3475995063781738,2.428263605376276,0.2262041409765187,1,Front
145,4.833333333333333,Participant8_WIN_20260730_09_58_19_Pro,Participant8,Mesomorph,Normal,slouch,0.5910689837405,169.15030399282963,176.3177214906508,-0.3777516931295395,3.014292938981668,0.2306495076521378,1,Front
146,4.866666666666666,Participant8_WIN_20260730_09_58_19_Pro,Participant8,Mesomorph,Normal,slouch,0.5864909421587609,170.17979505832335,175.27847308306764,-0.3743549287319183,3.354987825533432,0.2302116327571756,1,Front
147,4.9,Participant8_WIN_20260730_09_58_19_Pro,Participant8,Mesomorph,Normal,slouch,0.5301123533934669,169.09134913143663,175.73235503965165,-0.3924635648727417,6.684453043548282,0.2287930734072573,1,Front
148,4.933333333333334,Participant8_WIN_20260730_09_58_19_Pro,Participant8,Mesomorph,Normal,slouch,0.5318864176895237,169.33174853052807,175.90991772577448,-0.3850599974393844,4.986953848276965,0.2284964696940016,1,Front
149,4.966666666666667,Participant8_WIN_20260730_09_58_19_Pro,Participant8,Mesomorph,Normal,slouch,0.532443159866939,170.15456739549913,176.12845697065478,-0.3848639130592346,5.613829014025887,0.2261681935406056,1,Front
150,5.0,Participant8_WIN_20260730_09_58_19_Pro,Participant8,Mesomorph,Normal,slouch,0.5739553803227853,171.01677601271103,176.58557514052347,-0.3746923804283142,3.1102763769946096,0.2275283044135298,1,Front
151,5.033333333333333,Participant8_WIN_20260730_09_58_19_Pro,Participant8,Mesomorph,Normal,slouch,0.5625796090555346,169.1886342526564,174.9568910836789,-0.3802841901779175,1.813517297825135,0.2301851442659448,1,Front
152,5.066666666666666,Participant8_WIN_20260730_09_58_19_Pro,Participant8,Mesomorph,Normal,slouch,0.5564920887712793,170.69054398707857,177.1000551234174,-0.3730422109365463,1.7213060448172643,0.2302738495462149,1,Front
153,5.1,Participant8_WIN_20260730_09_58_19_Pro,Participant8,Mesomorph,Normal,slouch,0.5641158908427479,169.48751431204994,176.00665016431248,-0.3854613900184631,1.4316829702021616,0.2324351890594451,1,Front
154,5.133333333333334,Participant8_WIN_20260730_09_58_19_Pro,Participant8,Mesomorph,Normal,slouch,0.5716478940677819,169.77090152211366,175.2766926768009,-0.3659487068653106,4.112461966688135,0.2297448721218362,1,Front
155,5.166666666666667,Participant8_WIN_20260730_09_58_19_Pro,Participant8,Mesomorph,Normal,slouch,0.5820860305905075,168.89373376928808,176.7771421050677,-0.3664949238300323,4.357012337961223,0.2273060936376899,1,Front
156,5.2,Participant8_WIN_20260730_09_58_19_Pro,Participant8,Mesomorph,Normal,slouch,0.5855302478234787,170.03257798034485,177.97165682677726,-0.3620999008417129,4.896136259938071,0.2297425057916573,1,Front
157,5.233333333333333,Participant8_WIN_20260730_09_58_19_Pro,Participant8,Mesomorph,Normal,slouch,0.561244238256832,168.3473155131807,176.94369816562,-0.3461047559976578,4.3134506314701015,0.2270983112615096,1,Front
158,5.266666666666667,Participant8_WIN_20260730_09_58_19_Pro,Participant8,Mesomorph,Normal,slouch,0.5751132387855817,169.6736052933385,177.7773584926723,-0.3512775301933288,4.398297803235213,0.2245103243329318,1,Front
159,5.3,Participant8_WIN_20260730_09_58_19_Pro,Participant8,Mesomorph,Normal,slouch,0.5819924408266536,171.6374571431567,177.94202151462312,-0.3305716216564178,3.451395173817576,0.224059227776015,1,Front
160,5.333333333333333,Participant8_WIN_20260730_09_58_19_Pro,Participant8,Mesomorph,Normal,slouch,0.5701357497173322,171.77070126829605,177.02232055357206,-0.3254245370626449,2.833986491916634,0.2254352831649584,1,Front
161,5.366666666666666,Participant8_WIN_20260730_09_58_19_Pro,Participant8,Mesomorph,Normal,slouch,0.5622689613422376,169.00108566173463,176.0213717168592,-0.3392591327428818,4.561294800972285,0.228486289473041,1,Front
162,5.4,Participant8_WIN_20260730_09_58_19_Pro,Participant8,Mesomorph,Normal,slouch,0.5775373474158153,170.5583479269702,176.68912453494735,-0.3361500054597854,3.116978151034388,0.2276702200803295,1,Front
163,5.433333333333334,Participant8_WIN_20260730_09_58_19_Pro,Participant8,Mesomorph,Normal,slouch,0.554680692124163,171.03730409609366,176.8798990260584,-0.3196301162242889,3.407584477165224,0.2299213958502584,1,Front
164,5.466666666666667,Participant8_WIN_20260730_09_58_19_Pro,Participant8,Mesomorph,Normal,slouch,0.555527315553902,170.91464726742657,176.89380352680772,-0.3275661766529083,3.705194311970586,0.2272520545114313,1,Front
165,5.5,Participant8_WIN_20260730_09_58_19_Pro,Participant8,Mesomorph,Normal,slouch,0.5794429850283068,168.07270451061464,178.8764859327872,-0.3690931499004364,4.920448167515357,0.232532163158063,1,Front
166,5.533333333333333,Participant8_WIN_20260730_09_58_19_Pro,Participant8,Mesomorph,Normal,slouch,0.563733725778404,170.8138441947587,177.47257940208578,-0.3709979653358459,3.8216987450517617,0.2285697674597931,1,Front
167,5.566666666666666,Participant8_WIN_20260730_09_58_19_Pro,Participant8,Mesomorph,Normal,slouch,0.5664434826324319,169.77039562633755,177.52089180815912,-0.3494702279567718,5.050426386691007,0.2300189121015414,1,Front
168,5.6,Participant8_WIN_20260730_09_58_19_Pro,Participant8,Mesomorph,Normal,slouch,0.5535647255086892,171.2500719800907,177.44653166679743,-0.3882794380187988,5.291010833352241,0.2261523974277448,1,Front
169,5.633333333333334,Participant8_WIN_20260730_09_58_19_Pro,Participant8,Mesomorph,Normal,slouch,0.5613874701032089,170.34621728343524,178.22176111249965,-0.3503307849168777,6.024295407034418,0.2264517951241318,1,Front
170,5.666666666666667,Participant8_WIN_20260730_09_58_19_Pro,Participant8,Mesomorph,Normal,slouch,0.5537640398398832,170.89233241488716,175.73294254916144,-0.3504648953676224,4.269034950409463,0.2252212172729409,1,Front
171,5.7,Participant8_WIN_20260730_09_58_19_Pro,Participant8,Mesomorph,Normal,slouch,0.607089442900485,171.13489818616864,177.7890552390761,-0.3550667017698288,3.1204105861356304,0.22821735082686,1,Front
172,5.733333333333333,Participant8_WIN_20260730_09_58_19_Pro,Participant8,Mesomorph,Normal,slouch,0.6016546004277405,172.46217472272383,177.61238442650605,-0.3426406234502792,4.348955515642466,0.2262156552510379,1,Front
173,5.766666666666667,Participant8_WIN_20260730_09_58_19_Pro,Participant8,Mesomorph,Normal,slouch,0.6012868448356361,172.44724914002157,177.43571361393597,-0.3412690833210945,4.897809601420107,0.2279787275836757,1,Front
174,5.8,Participant8_WIN_20260730_09_58_19_Pro,Participant8,Mesomorph,Normal,slouch,0.5579475697754656,170.60657608881476,176.8839800833517,-0.3581095486879349,4.075280943217828,0.2269032492466368,1,Front
175,5.833333333333333,Participant8_WIN_20260730_09_58_19_Pro,Participant8,Mesomorph,Normal,slouch,0.590133450661796,170.1476384978136,176.63154127712156,-0.3575475066900253,2.757758631409938,0.2320380516891505,1,Front
176,5.866666666666666,Participant8_WIN_20260730_09_58_19_Pro,Participant8,Mesomorph,Normal,slouch,0.586874108708308,170.63880354411805,176.1885954003441,-0.3439886271953583,1.7547191157104398,0.2300922548844504,1,Front
177,5.9,Participant8_WIN_20260730_09_58_19_Pro,Participant8,Mesomorph,Normal,slouch,0.53743094171226,171.7198944517211,176.84823209632788,-0.3621843457221985,5.225578583385302,0.2253802018732636,1,Front
178,5.933333333333334,Participant8_WIN_20260730_09_58_19_Pro,Participant8,Mesomorph,Normal,slouch,0.5388473280611628,169.000494630105,176.34672805677218,-0.3370561599731445,5.817447299436165,0.2314100278752507,1,Front
179,5.966666666666667,Participant8_WIN_20260730_09_58_19_Pro,Participant8,Mesomorph,Normal,slouch,0.5812482359288003,169.66142792446146,177.65241205327328,-0.3559438288211822,3.7148605257912575,0.2319879291864595,1,Front
0,0.0,Participant9_WIN_20260730_10_09_19_Pro,Participant9,Endomorph,Overweight,slouch,0.3283668627409837,-177.2826922504636,-179.62774072253046,-0.4549670219421386,-5.0875608997945365,0.2575632484279375,1,Front
1,0.0334581920903954,Participant9_WIN_20260730_10_09_19_Pro,Participant9,Endomorph,Overweight,slouch,0.3238050948685116,-177.4477116535038,179.30915222133137,-0.4366635978221893,-4.317890800249091,0.2572533174558912,1,Front
2,0.0669163841807909,Participant9_WIN_20260730_10_09_19_Pro,Participant9,Endomorph,Overweight,slouch,0.3219005359551346,-176.92242782014975,-178.66480585682007,-0.459449827671051,-7.285534568837559,0.2565340570071929,1,Front
3,0.1003745762711864,Participant9_WIN_20260730_10_09_19_Pro,Participant9,Endomorph,Overweight,slouch,0.3145611647009852,-178.1568190865229,177.13916280014337,-0.4519915729761123,-5.31019167481093,0.2547872169096152,1,Front
4,0.1338327683615819,Participant9_WIN_20260730_10_09_19_Pro,Participant9,Endomorph,Overweight,slouch,0.3211271388717457,-178.84722578532035,177.413663880654,-0.429989606142044,-4.673164148375701,0.2557432893423567,1,Front
5,0.1672909604519774,Participant9_WIN_20260730_10_09_19_Pro,Participant9,Endomorph,Overweight,slouch,0.3134151699423927,-178.15936683985166,176.26040040133708,-0.4302215278148651,-5.662767015104979,0.2562550466613261,1,Front
6,0.2007491525423728,Participant9_WIN_20260730_10_09_19_Pro,Participant9,Endomorph,Overweight,slouch,0.3231571333104091,-178.62705223018554,178.52280830387653,-0.4264524281024933,-6.83071133181357,0.2559175865631512,1,Front
7,0.2342073446327683,Participant9_WIN_20260730_10_09_19_Pro,Participant9,Endomorph,Overweight,slouch,0.3247254869596,-179.04395175041856,178.08040941104338,-0.429930716753006,-6.451659801823088,0.2556023585186232,1,Front
8,0.2676655367231638,Participant9_WIN_20260730_10_09_19_Pro,Participant9,Endomorph,Overweight,slouch,0.3092919668314844,-178.14154521095125,178.12747911945763,-0.4370096623897552,-6.633876519096131,0.2562576802010258,1,Front
9,0.3011237288135593,Participant9_WIN_20260730_10_09_19_Pro,Participant9,Endomorph,Overweight,slouch,0.3083713278908493,-178.08611060129954,176.68424970693314,-0.4472191929817199,-5.989163899295556,0.2551451295548136,1,Front
10,0.3345819209039548,Participant9_WIN_20260730_10_09_19_Pro,Participant9,Endomorph,Overweight,slouch,0.3158710982260934,-177.93607949463677,176.2006378004073,-0.4726676642894745,-0.9054702796960308,0.2611624276404053,1,Front
11,0.3680401129943503,Participant9_WIN_20260730_10_09_19_Pro,Participant9,Endomorph,Overweight,slouch,0.3179320790372189,-178.43960038459525,175.8971239231226,-0.4449350088834762,-3.2155694342586254,0.2583877169066559,1,Front
12,0.4014983050847457,Participant9_WIN_20260730_10_09_19_Pro,Participant9,Endomorph,Overweight,slouch,0.3035192553466945,-179.57761835800818,176.53910076248778,-0.432283952832222,-4.44624110941332,0.2573906981864675,1,Front
13,0.4349564971751412,Participant9_WIN_20260730_10_09_19_Pro,Participant9,Endomorph,Overweight,slouch,0.3035194099020823,-179.57771118353722,176.53909788990453,-0.4322912991046905,-4.446119928214635,0.2573906653095032,1,Front
14,0.4684146892655367,Participant9_WIN_20260730_10_09_19_Pro,Participant9,Endomorph,Overweight,slouch,0.3078553744086342,-177.52181862994038,177.23790364124923,-0.4214407056570053,-6.279818680332646,0.257835007850857,1,Front
15,0.5018728813559322,Participant9_WIN_20260730_10_09_19_Pro,Participant9,Endomorph,Overweight,slouch,0.317058816926084,-177.21538404089333,177.99469888581876,-0.4302679747343063,-7.287449118382612,0.2592570152295146,1,Front
16,0.5353310734463277,Participant9_WIN_20260730_10_09_19_Pro,Participant9,Endomorph,Overweight,slouch,0.3046916133109463,-178.68174634650543,176.9421519240336,-0.4032331109046936,-5.546756077230161,0.2562504922284957,1,Front
17,0.5687892655367232,Participant9_WIN_20260730_10_09_19_Pro,Participant9,Endomorph,Overweight,slouch,0.3123362973359644,-178.236027373448,174.16915287521533,-0.4148052036762237,-3.715032622490408,0.2573286527060854,1,Front
18,0.6022474576271186,Participant9_WIN_20260730_10_09_19_Pro,Participant9,Endomorph,Overweight,slouch,0.3112762241643762,-178.29655352750288,174.42810426078142,-0.4116789102554321,-4.034103999543256,0.2565217570636133,1,Front
19,0.6357056497175141,Participant9_WIN_20260730_10_09_19_Pro,Participant9,Endomorph,Overweight,slouch,0.3247523297577936,-179.42408954888307,178.75782351598144,-0.4118319898843765,-3.245946435316226,0.2590937964708298,1,Front
20,0.6691638418079097,Participant9_WIN_20260730_10_09_19_Pro,Participant9,Endomorph,Overweight,slouch,0.3090026386349533,-179.22174583739047,178.01091883523677,-0.3951478600502014,-4.171850839356026,0.2551742749119944,1,Front
21,0.7026220338983051,Participant9_WIN_20260730_10_09_19_Pro,Participant9,Endomorph,Overweight,slouch,0.3026314991152313,-179.85062871946533,176.95518444448743,-0.4192476868629455,-3.132467499153118,0.2554728725810432,1,Front
22,0.7360802259887006,Participant9_WIN_20260730_10_09_19_Pro,Participant9,Endomorph,Overweight,slouch,0.3193872283412172,-179.08060883522845,178.6172518195473,-0.3961680233478546,-5.029843651317319,0.2568327627213457,1,Front
23,0.7695384180790961,Participant9_WIN_20260730_10_09_19_Pro,Participant9,Endomorph,Overweight,slouch,0.3287517047045698,-178.51421572148587,-179.98937218079908,-0.3972858190536499,-5.924486201741776,0.2576255312181898,1,Front
24,0.8029966101694915,Participant9_WIN_20260730_10_09_19_Pro,Participant9,Endomorph,Overweight,slouch,0.3320697158115694,-178.26256996853957,-179.71935584114107,-0.4080066233873367,-5.996705829867548,0.2579047818079014,1,Front
25,0.836454802259887,Participant9_WIN_20260730_10_09_19_Pro,Participant9,Endomorph,Overweight,slouch,0.3190022849121814,-179.98216400230865,176.18215656039806,-0.3791609704494476,-3.8629440295195625,0.2584872371033072,1,Front
26,0.8699129943502825,Participant9_WIN_20260730_10_09_19_Pro,Participant9,Endomorph,Overweight,slouch,0.3358774632421356,-179.6245007658193,178.0595286557493,-0.3948024362325668,-4.1350631872425065,0.2565209820185007,1,Front
27,0.903371186440678,Participant9_WIN_20260730_10_09_19_Pro,Participant9,Endomorph,Overweight,slouch,0.3335358507194433,-179.74568386497,179.25964983756052,-0.3929329961538315,-4.112490205437445,0.2558816843834183,1,Front
28,0.9368293785310736,Participant9_WIN_20260730_10_09_19_Pro,Participant9,Endomorph,Overweight,slouch,0.342303096193562,-177.3656667862938,-179.64139952080427,-0.3910635560750961,-5.6567418025732525,0.2578096970570627,1,Front
29,0.970287570621469,Participant9_WIN_20260730_10_09_19_Pro,Participant9,Endomorph,Overweight,slouch,0.3339796588536698,-177.73703331682125,179.6643618149825,-0.3860763609409332,-5.375251200136993,0.2570221369460464,1,Front
30,1.0037457627118644,Participant9_WIN_20260730_10_09_19_Pro,Participant9,Endomorph,Overweight,slouch,0.3173766214525736,-178.38530602575986,176.6230269705641,-0.4457644522190094,-0.5395194993644341,0.2562478620964728,1,Front
31,1.0372039548022598,Participant9_WIN_20260730_10_09_19_Pro,Participant9,Endomorph,Overweight,slouch,0.3201135831000681,-179.0335787346985,175.9940302571031,-0.4451962858438492,-3.473748604199208,0.2569514049766027,1,Front
32,1.0706621468926554,Participant9_WIN_20260730_10_09_19_Pro,Participant9,Endomorph,Overweight,slouch,0.3210023856810489,-178.05982303555555,175.80182886870247,-0.4369368255138397,-1.4837972648742777,0.2573028905795758,1,Front
33,1.104120338983051,Participant9_WIN_20260730_10_09_19_Pro,Participant9,Endomorph,Overweight,slouch,0.3289003173826505,-177.0860673364126,178.20380402798898,-0.433992937207222,-4.908640103490365,0.2572650150666933,1,Front
34,1.1375785310734463,Participant9_WIN_20260730_10_09_19_Pro,Participant9,Endomorph,Overweight,slouch,0.3235376033257331,-177.20683912169235,177.85486100317533,-0.4134243726730346,-5.685126796195648,0.255659836990847,1,Front
35,1.171036723163842,Participant9_WIN_20260730_10_09_19_Pro,Participant9,Endomorph,Overweight,slouch,0.3322733345471785,-177.37392797255168,179.42614348815874,-0.417894184589386,-5.062697541539967,0.2572450880801686,1,Front
36,1.2044949152542372,Participant9_WIN_20260730_10_09_19_Pro,Participant9,Endomorph,Overweight,slouch,0.3368124394908457,-177.20648965683594,179.91657878874423,-0.4456532597541809,-5.474209269071682,0.2569059089163181,1,Front
37,1.2379531073446328,Participant9_WIN_20260730_10_09_19_Pro,Participant9,Endomorph,Overweight,slouch,0.3350363901082063,-177.3625873826433,178.63778837297198,-0.4193037748336792,-6.284649980946132,0.2585101791547246,1,Front
38,1.2714112994350282,Participant9_WIN_20260730_10_09_19_Pro,Participant9,Endomorph,Overweight,slouch,0.3159436158799967,-179.9891650643126,176.4656791539404,-0.4533251374959945,-4.263220845592404,0.2565670059302961,1,Front
39,1.3048694915254238,Participant9_WIN_20260730_10_09_19_Pro,Participant9,Endomorph,Overweight,slouch,0.3249480836963822,-178.37972863166056,177.37265374984517,-0.4556282609701156,-6.055336987266534,0.2577001240900882,1,Front
40,1.338327683615819,Participant9_WIN_20260730_10_09_19_Pro,Participant9,Endomorph,Overweight,slouch,0.3348182596109796,-178.78412262073826,176.30720217812004,-0.4432162344455719,-2.7121612788447864,0.2592136375445486,1,Front
41,1.371785875706215,Participant9_WIN_20260730_10_09_19_Pro,Participant9,Endomorph,Overweight,slouch,0.3277187383393445,-177.6968419681578,177.4090404744031,-0.4423409551382065,-5.918469004493143,0.2583697241725088,1,Front
42,1.4052440677966105,Participant9_WIN_20260730_10_09_19_Pro,Participant9,Endomorph,Overweight,slouch,0.3388912789231592,-178.91240830574702,174.97001486018442,-0.4546030163764953,-2.205652630798796,0.2588563196606575,1,Front
43,1.4387022598870056,Participant9_WIN_20260730_10_09_19_Pro,Participant9,Endomorph,Overweight,slouch,0.327822913355782,-178.47267280542167,175.51312575297,-0.439518004655838,-5.140875934212426,0.2585338945794359,1,Front
44,1.4721604519774012,Participant9_WIN_20260730_10_09_19_Pro,Participant9,Endomorph,Overweight,slouch,0.3122395418382711,-177.93536229194592,176.58859678518087,-0.4510729610919952,-2.6255707514798163,0.2572618815249626,1,Front
45,1.5056186440677966,Participant9_WIN_20260730_10_09_19_Pro,Participant9,Endomorph,Overweight,slouch,0.3192657640994085,-177.39805177847015,-179.35484810901684,-0.4168781042098999,-7.212571900083683,0.2561031449147398,1,Front
46,1.539076836158192,Participant9_WIN_20260730_10_09_19_Pro,Participant9,Endomorph,Overweight,slouch,0.3278280185531545,-178.0446670547464,177.73603818396245,-0.4233753532171249,-4.45378291544531,0.2567496091835167,1,Front
47,1.5725350282485877,Participant9_WIN_20260730_10_09_19_Pro,Participant9,Endomorph,Overweight,slouch,0.3204467381304886,-177.23064014770694,178.3325689309754,-0.4402810782194137,-6.721523667340543,0.2576875734960677,1,Front
48,1.605993220338983,Participant9_WIN_20260730_10_09_19_Pro,Participant9,Endomorph,Overweight,slouch,0.3202849053901488,-177.08965868076774,178.0678777851041,-0.4412241131067276,-6.435899073633446,0.2577759049803799,1,Front
49,1.6394514124293786,Participant9_WIN_20260730_10_09_19_Pro,Participant9,Endomorph,Overweight,slouch,0.3317465232346724,-177.88903478895014,177.33321963798636,-0.4568229466676712,-3.9745611252466415,0.2575454307193648,1,Front
50,1.672909604519774,Participant9_WIN_20260730_10_09_19_Pro,Participant9,Endomorph,Overweight,slouch,0.3290400077434889,-178.7335047344441,178.69113564924223,-0.4503746628761291,-3.662140173993916,0.257255517480493,1,Front
51,1.7063677966101696,Participant9_WIN_20260730_10_09_19_Pro,Participant9,Endomorph,Overweight,slouch,0.3315278174087593,-177.65378418428742,178.99743653016398,-0.4448224008083343,-6.059727509392983,0.2572313423921361,1,Front
52,1.739825988700565,Participant9_WIN_20260730_10_09_19_Pro,Participant9,Endomorph,Overweight,slouch,0.341990022214,-179.02320728047425,178.89088520545633,-0.4435103684663772,-5.368524625679241,0.2564890580101683,1,Front
53,1.7732841807909605,Participant9_WIN_20260730_10_09_19_Pro,Participant9,Endomorph,Overweight,slouch,0.314053147426072,-179.40329291692717,176.99202328343057,-0.4189231097698211,-4.139872408282643,0.2557530816405864,1,Front
54,1.806742372881356,Participant9_WIN_20260730_10_09_19_Pro,Participant9,Endomorph,Overweight,slouch,0.3152132564111097,-179.439307441569,-179.7685559234831,-0.4517529606819153,-6.432491054148669,0.2572694522578171,1,Front
55,1.840200564971752,Participant9_WIN_20260730_10_09_19_Pro,Participant9,Endomorph,Overweight,slouch,0.3185118897954705,-179.35973798907037,179.76097685388808,-0.427529513835907,-5.960558688191983,0.2569340550533036,1,Front
56,1.873658757062147,Participant9_WIN_20260730_10_09_19_Pro,Participant9,Endomorph,Overweight,slouch,0.3195426647581281,-178.37927382778088,179.55832392321426,-0.4202941805124283,-7.230326345521566,0.2536553423459534,1,Front
57,1.9071169491525424,Participant9_WIN_20260730_10_09_19_Pro,Participant9,Endomorph,Overweight,slouch,0.3216971803091722,-179.68123132075607,178.5895786494301,-0.4289987236261368,-5.802643890340879,0.255269365410735,1,Front
58,1.940575141242938,Participant9_WIN_20260730_10_09_19_Pro,Participant9,Endomorph,Overweight,slouch,0.3025262043266555,-178.51813331296836,177.87318981359633,-0.4377177059650421,-5.437145824130264,0.2560615394172745,1,Front
59,1.9740333333333333,Participant9_WIN_20260730_10_09_19_Pro,Participant9,Endomorph,Overweight,slouch,0.3090031235970769,-178.26280632998706,179.53653299436482,-0.4345751255750656,-6.206116677369423,0.2556689351897886,1,Front
60,2.007491525423729,Participant9_WIN_20260730_10_09_19_Pro,Participant9,Endomorph,Overweight,slouch,0.3005943226989283,-178.39460524814385,177.6607835019988,-0.4550953954458236,-3.376560097689357,0.2544261210596797,1,Front
61,2.0409497175141245,Participant9_WIN_20260730_10_09_19_Pro,Participant9,Endomorph,Overweight,slouch,0.30699267833456,-178.7047615697792,176.67267020876875,-0.4588156193494797,-3.094186001512432,0.2548120504072628,1,Front
62,2.07440790960452,Participant9_WIN_20260730_10_09_19_Pro,Participant9,Endomorph,Overweight,slouch,0.3115583446540381,-178.81318675648026,178.65588414204495,-0.4471399337053299,-3.566716944357353,0.2556583368681939,1,Front
63,2.107866101694915,Participant9_WIN_20260730_10_09_19_Pro,Participant9,Endomorph,Overweight,slouch,0.3251704768748095,-177.83890949429377,-179.4085153209118,-0.4417334496974945,-7.10504956501616,0.257151037964968,1,Front
64,2.1413242937853108,Participant9_WIN_20260730_10_09_19_Pro,Participant9,Endomorph,Overweight,slouch,0.3142110750292432,-178.32852343917793,177.4214694058873,-0.4470512121915817,-3.9733464537706937,0.2554149216834491,1,Front
65,2.1747824858757063,Participant9_WIN_20260730_10_09_19_Pro,Participant9,Endomorph,Overweight,slouch,0.3151306233266334,-178.6081352849049,-179.17399371452814,-0.4355074316263199,-5.726124210354885,0.2559907847508919,1,Front
66,2.208240677966102,Participant9_WIN_20260730_10_09_19_Pro,Participant9,Endomorph,Overweight,slouch,0.3122664546270501,-178.8066619355977,-179.39956213554095,-0.4469027817249298,-5.309310829983023,0.2565960703442217,1,Front
67,2.241698870056497,Participant9_WIN_20260730_10_09_19_Pro,Participant9,Endomorph,Overweight,slouch,0.3181603086571883,-178.4143487945316,177.21661113847196,-0.4584601670503616,-4.155361184629847,0.2577526512660973,1,Front
68,2.2751570621468926,Participant9_WIN_20260730_10_09_19_Pro,Participant9,Endomorph,Overweight,slouch,0.3001969367633844,-178.12449388415897,178.64432742178883,-0.4715195298194885,-2.749812983740509,0.2559275234754859,1,Front
69,2.308615254237288,Participant9_WIN_20260730_10_09_19_Pro,Participant9,Endomorph,Overweight,slouch,0.3184917778949795,-177.83463897378633,178.8690145164184,-0.4369380325078964,-7.309925373685344,0.2539781114491242,1,Front
70,2.342073446327684,Participant9_WIN_20260730_10_09_19_Pro,Participant9,Endomorph,Overweight,slouch,0.3296166566554408,-178.30464448187809,-179.11131362750382,-0.4445735514163971,-7.147580064737527,0.2554327789731767,1,Front
71,2.37553163841808,Participant9_WIN_20260730_10_09_19_Pro,Participant9,Endomorph,Overweight,slouch,0.3310564155646274,-177.57265933777236,179.89599987847058,-0.447587639093399,-7.031676837155662,0.254557133200442,1,Front
72,2.4089898305084745,Participant9_WIN_20260730_10_09_19_Pro,Participant9,Endomorph,Overweight,slouch,0.3219626675577045,-178.12579618941317,179.12807352420265,-0.4496343731880188,-7.540113153042368,0.2547320274543788,1,Front
73,2.44244802259887,Participant9_WIN_20260730_10_09_19_Pro,Participant9,Endomorph,Overweight,slouch,0.3114209444080144,-178.0787614855274,-179.89302064613332,-0.4445385783910751,-6.243585611576668,0.2543455231812309,1,Front
74,2.4759062146892656,Participant9_WIN_20260730_10_09_19_Pro,Participant9,Endomorph,Overweight,slouch,0.300478527839264,-178.64157206667605,178.13066840217428,-0.4450176060199737,-4.601431335190442,0.2548735900343241,1,Front
75,2.509364406779661,Participant9_WIN_20260730_10_09_19_Pro,Participant9,Endomorph,Overweight,slouch,0.2974818766268109,-178.93884299353002,179.28142294169217,-0.4412064701318741,-6.0542887626440764,0.2556936572877605,1,Front
76,2.5428225988700563,Participant9_WIN_20260730_10_09_19_Pro,Participant9,Endomorph,Overweight,slouch,0.2957904935764597,-178.38469591984614,177.68833299689723,-0.4325539618730545,-6.840040318770334,0.2547391547240158,1,Front
77,2.576280790960452,Participant9_WIN_20260730_10_09_19_Pro,Participant9,Endomorph,Overweight,slouch,0.3027413545497111,-176.72575954797844,179.76855568454818,-0.4497454166412353,-7.59372512826595,0.2552895047606249,1,Front
78,2.6097389830508475,Participant9_WIN_20260730_10_09_19_Pro,Participant9,Endomorph,Overweight,slouch,0.3223517867177887,-174.65076449470638,179.60583910454957,-0.4436980038881302,-8.459136422636666,0.256668455542642,1,Front
79,2.643197175141243,Participant9_WIN_20260730_10_09_19_Pro,Participant9,Endomorph,Overweight,slouch,0.3080949085609091,-177.67829410040025,177.80616357383877,-0.4477287530899048,-4.3473730170950455,0.2569820987399445,1,Front
80,2.6766553672316387,Participant9_WIN_20260730_10_09_19_Pro,Participant9,Endomorph,Overweight,slouch,0.3201308199085217,-177.1500064131283,179.6477178757757,-0.4449705332517624,-6.239269812190004,0.2574550805928705,1,Front
81,2.710113559322034,Participant9_WIN_20260730_10_09_19_Pro,Participant9,Endomorph,Overweight,slouch,0.3124951074610272,-178.31821978831843,177.26670773817057,-0.4363078027963638,-3.020599823185524,0.2569558318619926,1,Front
82,2.7435717514124294,Participant9_WIN_20260730_10_09_19_Pro,Participant9,Endomorph,Overweight,slouch,0.3170467311453806,-179.28929766303054,178.3612320277641,-0.4133969247341156,-3.921610731502875,0.2552896734607798,1,Front
83,2.777029943502825,Participant9_WIN_20260730_10_09_19_Pro,Participant9,Endomorph,Overweight,slouch,0.3137070410292781,-177.01550152635954,178.0709556258229,-0.4415035247802734,-5.229168622508527,0.2573968906626805,1,Front
84,2.8104881355932205,Participant9_WIN_20260730_10_09_19_Pro,Participant9,Endomorph,Overweight,slouch,0.3062979330502021,-177.61410733200182,177.49778323376322,-0.4508184939622879,-5.032817715311085,0.2574260832893316,1,Front
85,2.843946327683616,Participant9_WIN_20260730_10_09_19_Pro,Participant9,Endomorph,Overweight,slouch,0.3248144333273264,-177.4872161646218,179.4981208841964,-0.430430069565773,-6.480625339314348,0.2581327957018479,1,Front
86,2.8774045197740112,Participant9_WIN_20260730_10_09_19_Pro,Participant9,Endomorph,Overweight,slouch,0.3196295660185422,-177.73345999401155,179.81731486030802,-0.4413109719753265,-5.308904634543162,0.2593932842074277,1,Front
87,2.910862711864407,Participant9_WIN_20260730_10_09_19_Pro,Participant9,Endomorph,Overweight,slouch,0.3240004444852319,-177.27797369992928,177.96134380266082,-0.4658378958702087,-4.415654979206648,0.2598080117307449,1,Front
88,2.9443209039548024,Participant9_WIN_20260730_10_09_19_Pro,Participant9,Endomorph,Overweight,slouch,0.3282920806895759,-177.52868075911377,178.2596522863453,-0.451647013425827,-5.031544445928294,0.2590868343256061,1,Front
89,2.977779096045198,Participant9_WIN_20260730_10_09_19_Pro,Participant9,Endomorph,Overweight,slouch,0.3202407933933265,-177.93697587285436,177.7775919436954,-0.4479171186685562,-3.8660571151645984,0.2587723732550658,1,Front
90,3.011237288135593,Participant9_WIN_20260730_10_09_19_Pro,Participant9,Endomorph,Overweight,slouch,0.3148903600159722,-177.24926572652012,177.90196809142154,-0.424311876296997,-5.750939922427119,0.2572078784273103,1,Front
91,3.0446954802259887,Participant9_WIN_20260730_10_09_19_Pro,Participant9,Endomorph,Overweight,slouch,0.312175669895212,-176.46258438573068,179.31046227098994,-0.4056926667690277,-7.992988432013551,0.2566212401546772,1,Front
92,3.0781536723163843,Participant9_WIN_20260730_10_09_19_Pro,Participant9,Endomorph,Overweight,slouch,0.3168121984194244,-177.4550584282553,177.5295376434911,-0.4412682354450226,-6.576201912418994,0.2564195435015572,1,Front
93,3.11161186440678,Participant9_WIN_20260730_10_09_19_Pro,Participant9,Endomorph,Overweight,slouch,0.3261765269293331,-176.49284270029156,177.1808041909416,-0.4281886667013168,-7.350308874026893,0.2571253852676768,1,Front
94,3.1450700564971754,Participant9_WIN_20260730_10_09_19_Pro,Participant9,Endomorph,Overweight,slouch,0.3179432482505579,-176.52294239779818,178.3313570964143,-0.4095773994922638,-8.677908793289927,0.257545056960259,1,Front
95,3.1785282485875705,Participant9_WIN_20260730_10_09_19_Pro,Participant9,Endomorph,Overweight,slouch,0.317121716845032,-177.2580629592797,177.46106316600043,-0.4201285094022751,-7.466529232256817,0.2564500767806753,1,Front
96,3.211986440677966,Participant9_WIN_20260730_10_09_19_Pro,Participant9,Endomorph,Overweight,slouch,0.3277340491850432,-176.48997512172755,176.56206962983592,-0.4632133692502975,-7.082773022679892,0.2566858235907716,1,Front
97,3.2454446327683617,Participant9_WIN_20260730_10_09_19_Pro,Participant9,Endomorph,Overweight,slouch,0.3205675203751215,-175.54607216877054,176.6223210119563,-0.4441702663898468,-7.933710103209329,0.2563575495356004,1,Front
98,3.2789028248587573,Participant9_WIN_20260730_10_09_19_Pro,Participant9,Endomorph,Overweight,slouch,0.3101922338020463,-179.0208723680751,177.04953684187828,-0.4460114389657974,-1.90967456902648,0.2573110660670065,1,Front
99,3.3123610169491524,Participant9_WIN_20260730_10_09_19_Pro,Participant9,Endomorph,Overweight,slouch,0.3199460398041835,-179.00502835828112,176.65946417970915,-0.4479463547468185,-1.4977087356733825,0.2575561713578446,1,Front
100,3.345819209039548,Participant9_WIN_20260730_10_09_19_Pro,Participant9,Endomorph,Overweight,slouch,0.3095261785291232,-178.95822935609033,177.2169893953552,-0.4077990800142288,-4.309281711461624,0.2561468684362334,1,Front
101,3.379277401129944,Participant9_WIN_20260730_10_09_19_Pro,Participant9,Endomorph,Overweight,slouch,0.3054779619993275,-179.84291901310598,177.43184535484957,-0.4000189155340194,-4.150233708410926,0.2566308486949048,1,Front
102,3.412735593220339,Participant9_WIN_20260730_10_09_19_Pro,Participant9,Endomorph,Overweight,slouch,0.3082990134757163,-178.87440591518072,178.317184956349,-0.4157693684101105,-2.628158642155072,0.256654110334502,1,Front
103,3.4461937853107347,Participant9_WIN_20260730_10_09_19_Pro,Participant9,Endomorph,Overweight,slouch,0.298990716860098,-177.90589281725545,178.87643636112307,-0.3988364487886429,-4.294163603609984,0.2578104524611713,1,Front
104,3.47965197740113,Participant9_WIN_20260730_10_09_19_Pro,Participant9,Endomorph,Overweight,slouch,0.3108473733602037,-177.59238238059095,179.05551843282032,-0.4023761749267578,-5.5908467284473735,0.2565958017065066,1,Front
105,3.513110169491525,Participant9_WIN_20260730_10_09_19_Pro,Participant9,Endomorph,Overweight,slouch,0.3214199743386145,-178.82190414760933,177.4010901203301,-0.42069773375988,-4.759885907683794,0.2562481620602457,1,Front
106,3.546568361581921,Participant9_WIN_20260730_10_09_19_Pro,Participant9,Endomorph,Overweight,slouch,0.3165124842344136,-177.47839632287094,177.60955825673642,-0.4389985799789428,-8.104566350758423,0.2557998627359019,1,Front
107,3.5800265536723166,Participant9_WIN_20260730_10_09_19_Pro,Participant9,Endomorph,Overweight,slouch,0.3096845365538674,-177.21235809862603,178.93434226377423,-0.4290364235639572,-6.262772431614685,0.2578348144639451,1,Front
108,3.613484745762712,Participant9_WIN_20260730_10_09_19_Pro,Participant9,Endomorph,Overweight,slouch,0.3072942351553101,-177.47256975427055,178.8650615895814,-0.4302507638931274,-5.937604066590947,0.2578313904145136,1,Front
109,3.6469429378531073,Participant9_WIN_20260730_10_09_19_Pro,Participant9,Endomorph,Overweight,slouch,0.3005642672358871,-177.91286862927078,177.33124108706176,-0.4321099370718002,-5.918930924064608,0.2566406975782896,1,Front
110,3.680401129943503,Participant9_WIN_20260730_10_09_19_Pro,Participant9,Endomorph,Overweight,slouch,0.3060103301794094,-177.65805134431469,178.20727448156205,-0.419616162776947,-7.734498408170371,0.2567997932441458,1,Front
111,3.7138593220338985,Participant9_WIN_20260730_10_09_19_Pro,Participant9,Endomorph,Overweight,slouch,0.3091659905250054,-176.4327981154429,176.53579510068627,-0.4319106489419937,-4.928507393023812,0.2576396322518876,1,Front
112,3.747317514124294,Participant9_WIN_20260730_10_09_19_Pro,Participant9,Endomorph,Overweight,slouch,0.3002559914348472,-177.53216281569863,176.46021487686423,-0.4449848383665085,-5.312560746603641,0.257429755650157,1,Front
113,3.780775706214689,Participant9_WIN_20260730_10_09_19_Pro,Participant9,Endomorph,Overweight,slouch,0.3113246876751169,-176.2446715818511,176.77214190146694,-0.4409772157669067,-5.439861883876056,0.2568246246975481,1,Front
114,3.8142338983050847,Participant9_WIN_20260730_10_09_19_Pro,Participant9,Endomorph,Overweight,slouch,0.3215600644775708,-176.22784265297972,176.16511439970523,-0.4380753934383392,-5.068678060215216,0.257433588060843,1,Front
115,3.84769209039548,Participant9_WIN_20260730_10_09_19_Pro,Participant9,Endomorph,Overweight,slouch,0.3219894223911266,-178.15056397652512,177.51478153066708,-0.428367868065834,-4.293312384345164,0.2586593358445321,1,Front
116,3.881150282485876,Participant9_WIN_20260730_10_09_19_Pro,Participant9,Endomorph,Overweight,slouch,0.3229829273044817,-175.91740683996747,-179.50087109037602,-0.4403278082609176,-8.797990565815626,0.2561007408764241,1,Front
117,3.914608474576272,Participant9_WIN_20260730_10_09_19_Pro,Participant9,Endomorph,Overweight,slouch,0.2984861088525787,-178.87018181642378,177.96465702136123,-0.4247132092714309,-3.6581644459523295,0.2575351005396048,1,Front
118,3.9480666666666666,Participant9_WIN_20260730_10_09_19_Pro,Participant9,Endomorph,Overweight,slouch,0.3095591727061099,-178.40545437595063,177.6992852146052,-0.3926119357347488,-4.871209349849636,0.257064972229608,1,Front
119,3.981524858757062,Participant9_WIN_20260730_10_09_19_Pro,Participant9,Endomorph,Overweight,slouch,0.3008830504277194,-178.7502474182615,178.5035227146337,-0.4270863234996795,-4.474436246125775,0.2567196222140754,1,Front
120,4.014983050847458,Participant9_WIN_20260730_10_09_19_Pro,Participant9,Endomorph,Overweight,slouch,0.3213638776346295,-176.99982674409483,179.75425865638175,-0.4466877728700638,-8.334174596496844,0.2565350285921242,1,Front
121,4.048441242937853,Participant9_WIN_20260730_10_09_19_Pro,Participant9,Endomorph,Overweight,slouch,0.314080189920484,-176.73062997475873,178.0675606464009,-0.4331198632717132,-8.789060685485195,0.2555857881959729,1,Front
122,4.081899435028249,Participant9_WIN_20260730_10_09_19_Pro,Participant9,Endomorph,Overweight,slouch,0.3122764452139462,-179.1911225595503,178.25585734337253,-0.4653666317462921,-3.5930873347987475,0.2555629771013472,1,Front
123,4.1153576271186445,Participant9_WIN_20260730_10_09_19_Pro,Participant9,Endomorph,Overweight,slouch,0.3247761047159386,-177.9920797971276,-177.35730802844728,-0.4416832476854324,-6.426000424997231,0.25844194259796,1,Front
124,4.148815819209039,Participant9_WIN_20260730_10_09_19_Pro,Participant9,Endomorph,Overweight,slouch,0.3246764170084326,-177.39159158584258,-176.35345422139054,-0.4280229806900024,-6.967859851797432,0.2579302526187366,1,Front
125,4.182274011299435,Participant9_WIN_20260730_10_09_19_Pro,Participant9,Endomorph,Overweight,slouch,0.3336693416184181,-178.11798548897764,-178.39323949486896,-0.4359100013971329,-5.856234573026148,0.2579548064957538,1,Front
126,4.21573220338983,Participant9_WIN_20260730_10_09_19_Pro,Participant9,Endomorph,Overweight,slouch,0.3313173585519187,-178.19130397374337,-178.41908974247752,-0.4380679428577423,-5.926924574367267,0.2580910510204781,1,Front
127,4.249190395480226,Participant9_WIN_20260730_10_09_19_Pro,Participant9,Endomorph,Overweight,slouch,0.3255654496064558,-176.8181104013974,178.90216090465356,-0.4445263594388962,-8.790629309704197,0.2569062554078064,1,Front
128,4.2826485875706215,Participant9_WIN_20260730_10_09_19_Pro,Participant9,Endomorph,Overweight,slouch,0.3183061709731977,-176.90488727365732,177.89056796881303,-0.4584100842475891,-5.423300156112147,0.2574451281773608,1,Front
129,4.316106779661017,Participant9_WIN_20260730_10_09_19_Pro,Participant9,Endomorph,Overweight,slouch,0.3104150165115367,-176.80079797712452,179.264268443034,-0.3931347280740738,-9.568025503707863,0.2560108788375401,1,Front
130,4.349564971751413,Participant9_WIN_20260730_10_09_19_Pro,Participant9,Endomorph,Overweight,slouch,0.311062807464369,-175.72265080797487,179.30554831935635,-0.399028941988945,-10.436387240186434,0.2551377112110226,1,Front
131,4.383023163841808,Participant9_WIN_20260730_10_09_19_Pro,Participant9,Endomorph,Overweight,slouch,0.3123310197435711,-177.64818344078233,178.63114412209987,-0.416190505027771,-6.048988054665697,0.2536211052827959,1,Front
132,4.416481355932204,Participant9_WIN_20260730_10_09_19_Pro,Participant9,Endomorph,Overweight,slouch,0.3165303173510643,-177.47066301251508,179.11128963393884,-0.4360388964414596,-6.059370064847974,0.2552694919427314,1,Front
133,4.449939548022599,Participant9_WIN_20260730_10_09_19_Pro,Participant9,Endomorph,Overweight,slouch,0.3265928257596523,-176.83073293538348,178.9654386884416,-0.4175394922494888,-6.344108141787604,0.2548029522490068,1,Front
134,4.483397740112994,Participant9_WIN_20260730_10_09_19_Pro,Participant9,Endomorph,Overweight,slouch,0.3439038879494865,-177.2140590386223,179.7147006490933,-0.4326480031013489,-6.878584479370622,0.2587401618452425,1,Front
135,4.51685593220339,Participant9_WIN_20260730_10_09_19_Pro,Participant9,Endomorph,Overweight,slouch,0.3376222984257142,-177.18863948145048,179.68608700397672,-0.435831069946289,-6.563789735092168,0.2567829248348533,1,Front
136,4.550314124293785,Participant9_WIN_20260730_10_09_19_Pro,Participant9,Endomorph,Overweight,slouch,0.3355945623245099,-177.977199111857,179.3741873631323,-0.4465816020965576,-7.291637947710488,0.2571983871581667,1,Front
137,4.583772316384181,Participant9_WIN_20260730_10_09_19_Pro,Participant9,Endomorph,Overweight,slouch,0.333135235831231,-177.16001340394112,179.5050684846668,-0.4423939883708954,-8.230482797707063,0.2583879695120434,1,Front
138,4.617230508474576,Participant9_WIN_20260730_10_09_19_Pro,Participant9,Endomorph,Overweight,slouch,0.3361441969514494,-177.56749005858796,178.29317325539023,-0.4506931751966476,-8.079389703958812,0.257856024282313,1,Front
139,4.650688700564972,Participant9_WIN_20260730_10_09_19_Pro,Participant9,Endomorph,Overweight,slouch,0.3380176294284116,-177.07923288947927,179.67963661843814,-0.4444732069969177,-8.543209654849832,0.2568811216244644,1,Front
140,4.684146892655368,Participant9_WIN_20260730_10_09_19_Pro,Participant9,Endomorph,Overweight,slouch,0.3380312373698117,-177.21843777202045,179.11314832763242,-0.4549881964921951,-8.33772650045011,0.2569412238579029,1,Front
141,4.717605084745763,Participant9_WIN_20260730_10_09_19_Pro,Participant9,Endomorph,Overweight,slouch,0.3252509754908166,-176.70686896950463,177.90728076053273,-0.4461438357830047,-7.221918370060614,0.2567381969179031,1,Front
142,4.751063276836159,Participant9_WIN_20260730_10_09_19_Pro,Participant9,Endomorph,Overweight,slouch,0.3269721033363681,-176.64289577685645,179.16201460091497,-0.4764356762170791,-6.200310966863081,0.255744518432659,1,Front
143,4.784521468926553,Participant9_WIN_20260730_10_09_19_Pro,Participant9,Endomorph,Overweight,slouch,0.324367588914444,-176.2093478741311,176.91131423940294,-0.4312115609645843,-4.830184156538375,0.2572567681831399,1,Front
144,4.817979661016949,Participant9_WIN_20260730_10_09_19_Pro,Participant9,Endomorph,Overweight,slouch,0.3283663202656802,-176.0393155671047,178.18314067098353,-0.4571488946676254,-6.787274957711424,0.2570064113637369,1,Front
145,4.8514378531073445,Participant9_WIN_20260730_10_09_19_Pro,Participant9,Endomorph,Overweight,slouch,0.3291762084900118,-176.03386038867856,178.34181241155414,-0.4444720298051834,-7.482817939979215,0.2553367236345397,1,Front
146,4.88489604519774,Participant9_WIN_20260730_10_09_19_Pro,Participant9,Endomorph,Overweight,slouch,0.322743892712381,-177.44386978126386,178.50008726910576,-0.4404163807630539,-4.42796578115363,0.2561492288123841,1,Front
147,4.918354237288136,Participant9_WIN_20260730_10_09_19_Pro,Participant9,Endomorph,Overweight,slouch,0.3191831256542504,-176.99468103151028,177.88537489026535,-0.4470385611057281,-6.764983348634124,0.2559063331983813,1,Front
148,4.951812429378531,Participant9_WIN_20260730_10_09_19_Pro,Participant9,Endomorph,Overweight,slouch,0.3208604616828989,-176.121895945278,179.8383302928421,-0.4487040489912033,-8.116421002978928,0.2572647458222084,1,Front
149,4.985270621468927,Participant9_WIN_20260730_10_09_19_Pro,Participant9,Endomorph,Overweight,slouch,0.3315399861754607,-176.4680312365411,175.90614984843953,-0.4648720920085907,-6.522506009579905,0.2563740530611165,1,Front
150,5.018728813559322,Participant9_WIN_20260730_10_09_19_Pro,Participant9,Endomorph,Overweight,slouch,0.3340266843853323,-176.79071987045327,175.9714037073644,-0.4443354606628418,-4.900424811249047,0.258564724757435,1,Front
151,5.052187005649718,Participant9_WIN_20260730_10_09_19_Pro,Participant9,Endomorph,Overweight,slouch,0.3084471502539084,-177.70118352338508,179.1836990527148,-0.3913713544607162,-8.419731524549155,0.2572154043550809,1,Front
152,5.085645197740113,Participant9_WIN_20260730_10_09_19_Pro,Participant9,Endomorph,Overweight,slouch,0.3179879012673559,-175.9062507293105,177.283218522406,-0.4198410511016845,-10.271622250239782,0.2567941709255023,1,Front
153,5.119103389830508,Participant9_WIN_20260730_10_09_19_Pro,Participant9,Endomorph,Overweight,slouch,0.3236579400326984,-176.92496062184736,175.60697511657563,-0.4397441148757934,-8.313944608781627,0.2555995882448337,1,Front
154,5.152561581920904,Participant9_WIN_20260730_10_09_19_Pro,Participant9,Endomorph,Overweight,slouch,0.3046710122968112,-178.0637056163341,177.6651442998482,-0.4497815370559692,-4.228676145349753,0.2562565701054948,1,Front
155,5.186019774011299,Participant9_WIN_20260730_10_09_19_Pro,Participant9,Endomorph,Overweight,slouch,0.3157516208225378,-176.12055404972412,177.16271999790453,-0.439615324139595,-4.9253849463008965,0.2579643692753812,1,Front
156,5.219477966101695,Participant9_WIN_20260730_10_09_19_Pro,Participant9,Endomorph,Overweight,slouch,0.3170497219045298,-176.29659994647344,177.31804765921896,-0.4362235814332962,-4.647754262184469,0.2578635869061954,1,Front
157,5.252936158192091,Participant9_WIN_20260730_10_09_19_Pro,Participant9,Endomorph,Overweight,slouch,0.2987027572249244,-177.45074129973148,179.22606469772734,-0.4158655554056167,-4.88585363616637,0.2568780831501764,1,Front
158,5.286394350282486,Participant9_WIN_20260730_10_09_19_Pro,Participant9,Endomorph,Overweight,slouch,0.3149127490060597,-176.68263356116884,177.62984109072605,-0.4712684750556946,-4.468324051366786,0.2587736221104129,1,Front
159,5.319852542372882,Participant9_WIN_20260730_10_09_19_Pro,Participant9,Endomorph,Overweight,slouch,0.3070595406096796,-178.59799780450774,178.67436202215237,-0.4485824257135391,-5.619528914551303,0.2550439512400149,1,Front
160,5.353310734463277,Participant9_WIN_20260730_10_09_19_Pro,Participant9,Endomorph,Overweight,slouch,0.3186777697230802,-177.94887285152305,177.87636794550113,-0.4432772099971771,-4.27658273256666,0.2581177118654826,1,Front
161,5.386768926553672,Participant9_WIN_20260730_10_09_19_Pro,Participant9,Endomorph,Overweight,slouch,0.3231524406049947,-177.19008518396942,178.02637448710556,-0.4653686583042145,-4.591283063708464,0.2571654009819413,1,Front
162,5.420227118644068,Participant9_WIN_20260730_10_09_19_Pro,Participant9,Endomorph,Overweight,slouch,0.3198481813783101,-176.82722725497356,178.14574650620318,-0.460672378540039,-5.382566441895704,0.2574434005639929,1,Front
163,5.453685310734463,Participant9_WIN_20260730_10_09_19_Pro,Participant9,Endomorph,Overweight,slouch,0.3139732260719667,-176.83922048553697,179.37540333891542,-0.4564014971256256,-6.35370132006671,0.2566593637371874,1,Front
164,5.487143502824859,Participant9_WIN_20260730_10_09_19_Pro,Participant9,Endomorph,Overweight,slouch,0.3198201810230339,-177.95950442857614,179.7360307240885,-0.4414761662483215,-5.075656119157599,0.2594887915677091,1,Front
165,5.520601694915254,Participant9_WIN_20260730_10_09_19_Pro,Participant9,Endomorph,Overweight,slouch,0.3263488556202816,-177.03465270272807,-178.7003324907934,-0.4418247640132904,-7.437374285340568,0.2586487198941823,1,Front
166,5.55405988700565,Participant9_WIN_20260730_10_09_19_Pro,Participant9,Endomorph,Overweight,slouch,0.3434337093291413,-176.01871097441355,-178.72785389171244,-0.4633301496505737,-7.391548077759541,0.2588261058115333,1,Front
167,5.5875180790960455,Participant9_WIN_20260730_10_09_19_Pro,Participant9,Endomorph,Overweight,slouch,0.338287814380553,-176.10856076640306,-176.1611265213685,-0.4508405923843384,-7.39954911104477,0.2590034917288842,1,Front
168,5.620976271186441,Participant9_WIN_20260730_10_09_19_Pro,Participant9,Endomorph,Overweight,slouch,0.3417881930515731,-175.95418998247197,-176.03580364194616,-0.4492905139923095,-6.712725680146632,0.258968817698596,1,Front
169,5.654434463276837,Participant9_WIN_20260730_10_09_19_Pro,Participant9,Endomorph,Overweight,slouch,0.3094992953856659,-178.2226227599528,-177.6711931016651,-0.4042308777570724,-5.849561419283366,0.2589341436683078,1,Front
170,5.687892655367231,Participant9_WIN_20260730_10_09_19_Pro,Participant9,Endomorph,Overweight,slouch,0.3213979480815456,-178.39740173704436,-176.58690074081522,-0.4138297438621521,-6.848934325320441,0.2580561923676687,1,Front
171,5.721350847457627,Participant9_WIN_20260730_10_09_19_Pro,Participant9,Endomorph,Overweight,slouch,0.3338780515529075,-177.55098272124997,-176.65351594145608,-0.4259406179189682,-5.939936069692444,0.2591236364722048,1,Front
172,5.754809039548023,Participant9_WIN_20260730_10_09_19_Pro,Participant9,Endomorph,Overweight,slouch,0.3525060127447036,-177.64861100777551,-177.5147263491665,-0.457217663526535,-6.040163115508192,0.2604458732759295,1,Front
173,5.788267231638418,Participant9_WIN_20260730_10_09_19_Pro,Participant9,Endomorph,Overweight,slouch,0.3245155185808455,-177.59469635017152,-179.01445036560403,-0.4421191960573196,-5.285375445482629,0.2596346920332888,1,Front
174,5.821725423728814,Participant9_WIN_20260730_10_09_19_Pro,Participant9,Endomorph,Overweight,slouch,0.3282727632327529,-177.31559852692615,-178.48250234582488,-0.4381924122571945,-5.519695435343197,0.2599953164846836,1,Front
175,5.855183615819209,Participant9_WIN_20260730_10_09_19_Pro,Participant9,Endomorph,Overweight,slouch,0.3315819987021735,-177.14078798401266,-176.4284706129516,-0.4534511715173721,-5.994598917281564,0.259374003713381,1,Front
176,5.888641807909605,Participant9_WIN_20260730_10_09_19_Pro,Participant9,Endomorph,Overweight,slouch,0.3241990999924063,-177.98753310524725,-179.1567268718906,-0.435323417186737,-5.205192447407521,0.2587612669526147,1,Front
0,0.0,Participant7_WIN_20260730_11_07_00_Pro,Participant7,Mesomorph,Normal,slouch,0.6595432250799071,-172.45563104714165,-175.19802109770455,-0.3887994214892387,-4.0442670117487625,0.2668055748316227,1,Front
1,0.0697460905349794,Participant7_WIN_20260730_11_07_00_Pro,Participant7,Mesomorph,Normal,slouch,0.6602897003732774,-170.1181724494195,-174.23818873270423,-0.4050403833389282,-4.649027814842946,0.2678805682211579,1,Front
2,0.1394921810699588,Participant7_WIN_20260730_11_07_00_Pro,Participant7,Mesomorph,Normal,slouch,0.6559564339039878,-174.0580400475429,-177.59208602173285,-0.3300690054893493,-3.4080828300995445,0.2660304506337332,1,Front
3,0.2092382716049382,Participant7_WIN_20260730_11_07_00_Pro,Participant7,Mesomorph,Normal,slouch,0.6516231674346982,-173.3629936276516,-174.74469346451772,-0.3004561588168144,-2.818769764849838,0.2675302262646312,1,Front
4,0.2789843621399177,Participant7_WIN_20260730_11_07_00_Pro,Participant7,Mesomorph,Normal,slouch,0.6437454844326911,-172.27919987305756,-173.2976389537229,-0.3635457009077072,-4.852853873956389,0.2706642988965465,1,Front
5,0.3487304526748971,Participant7_WIN_20260730_11_07_00_Pro,Participant7,Mesomorph,Normal,slouch,0.6367699207503537,-171.96821316299167,-176.01508782114297,-0.3326471298933029,-3.806364759998568,0.2716570690753351,1,Front
6,0.4184765432098765,Participant7_WIN_20260730_11_07_00_Pro,Participant7,Mesomorph,Normal,slouch,0.6246653901974254,-170.42194314536,-174.89037683694588,-0.2946345508098602,-3.912396468060016,0.2737321074519145,1,Front
7,0.4882226337448559,Participant7_WIN_20260730_11_07_00_Pro,Participant7,Mesomorph,Normal,slouch,0.5971242586116294,-169.3742283228572,-174.53766755066164,-0.4214418977499008,-4.001037802837268,0.2727471504494025,1,Front
8,0.5579687242798353,Participant7_WIN_20260730_11_07_00_Pro,Participant7,Mesomorph,Normal,slouch,0.618260458025066,-171.37354162930956,-175.4806648246644,-0.3994655609130859,-2.362108362893241,0.2694819475472063,1,Front
9,0.6277148148148148,Participant7_WIN_20260730_11_07_00_Pro,Participant7,Mesomorph,Normal,slouch,0.6179821282866486,-170.8303477690781,-174.8252024729679,-0.461201474070549,-1.7000215791392064,0.2725078747212526,1,Front
10,0.6974609053497942,Participant7_WIN_20260730_11_07_00_Pro,Participant7,Mesomorph,Normal,slouch,0.6172093166108898,-171.45999643802725,-174.23800762414822,-0.4343423843383789,-2.9041896061755894,0.2739921002801156,1,Front
11,0.7672069958847736,Participant7_WIN_20260730_11_07_00_Pro,Participant7,Mesomorph,Normal,slouch,0.5902193244352908,-171.9077756129986,-175.53395967027333,-0.3850586712360382,-3.3598241667240014,0.2731564064241621,1,Front
12,0.8369530864197531,Participant7_WIN_20260730_11_07_00_Pro,Participant7,Mesomorph,Normal,slouch,0.6165342983491016,-171.0449115138313,-173.82900548762,-0.4490989446640014,-1.3588631419826402,0.2722032329145564,1,Front
13,0.9066991769547325,Participant7_WIN_20260730_11_07_00_Pro,Participant7,Mesomorph,Normal,slouch,0.6182876013992101,-171.2874208393165,-172.97197920293144,-0.3848840296268463,-3.0480370733424853,0.2729111661484036,1,Front
14,0.9764452674897118,Participant7_WIN_20260730_11_07_00_Pro,Participant7,Mesomorph,Normal,slouch,0.597332843090679,-170.02409155575202,-174.4514159450503,-0.468919575214386,-2.809673122186636,0.2699198055013154,1,Front
15,1.046191358024691,Participant7_WIN_20260730_11_07_00_Pro,Participant7,Mesomorph,Normal,slouch,0.6150067313341144,-172.07844330465988,-175.3042479518572,-0.3895572572946548,-1.3121277147242367,0.272635590781252,1,Front
16,1.1159374485596707,Participant7_WIN_20260730_11_07_00_Pro,Participant7,Mesomorph,Normal,slouch,0.6068235562294242,-170.57114123966124,-174.40837265819152,-0.4117356985807419,-1.755099243982637,0.2669911856627202,1,Front
17,1.18568353909465,Participant7_WIN_20260730_11_07_00_Pro,Participant7,Mesomorph,Normal,slouch,0.6507900565762698,-172.9561691108131,-174.92296328045222,-0.4120074659585953,-1.3289467490131506,0.2704029653860333,1,Front
18,1.2554296296296297,Participant7_WIN_20260730_11_07_00_Pro,Participant7,Mesomorph,Normal,slouch,0.6162097455118898,-172.18519432748363,-176.37136917851535,-0.4079659879207611,-2.0874562522099684,0.2696463938818048,1,Front
19,1.325175720164609,Participant7_WIN_20260730_11_07_00_Pro,Participant7,Mesomorph,Normal,slouch,0.6380208028907456,-171.86738378603738,-175.43951571553094,-0.3940604925155639,-2.483958822975303,0.2665690179457022,1,Front
20,1.3949218106995884,Participant7_WIN_20260730_11_07_00_Pro,Participant7,Mesomorph,Normal,slouch,0.6343244747698001,-170.77777767969624,-173.7234450084787,-0.4066035449504852,-2.1559131467747106,0.2696724214177735,1,Front
21,1.4646679012345678,Participant7_WIN_20260730_11_07_00_Pro,Participant7,Mesomorph,Normal,slouch,0.6292849407801752,-172.59288860225914,-176.76988758654937,-0.3198877349495888,-3.569657619837772,0.2714115043674462,1,Front
22,1.5344139917695472,Participant7_WIN_20260730_11_07_00_Pro,Participant7,Mesomorph,Normal,slouch,0.5924119645493913,-170.42458248654805,-175.62399954361882,-0.4060010239481926,-2.127782183959325,0.2730809020290718,1,Front
23,1.6041600823045266,Participant7_WIN_20260730_11_07_00_Pro,Participant7,Mesomorph,Normal,slouch,0.6050881656396121,-171.92205576725894,-175.53349257194265,-0.3901158198714256,-2.619263561363584,0.2708594515054893,1,Front
24,1.6739061728395062,Participant7_WIN_20260730_11_07_00_Pro,Participant7,Mesomorph,Normal,slouch,0.624281662719695,-172.11488231592213,-175.98996460757942,-0.3808712735772133,-2.9429587129994483,0.2700467130560023,1,Front
25,1.7436522633744855,Participant7_WIN_20260730_11_07_00_Pro,Participant7,Mesomorph,Normal,slouch,0.618098824397378,-171.6463645283186,-175.75096640902743,-0.3766799047589302,-2.651921451134652,0.268598750931746,1,Front
26,1.813398353909465,Participant7_WIN_20260730_11_07_00_Pro,Participant7,Mesomorph,Normal,slouch,0.633319017299801,-172.98637428104303,-174.12127235656618,-0.3909424543380737,-2.4841347244128458,0.2672572064419371,1,Front
27,1.8831444444444445,Participant7_WIN_20260730_11_07_00_Pro,Participant7,Mesomorph,Normal,slouch,0.6126201273692183,-172.94939268202413,-176.0563321716661,-0.3808429315686226,-2.3734490652210867,0.2722547781177619,1,Front
28,1.952890534979424,Participant7_WIN_20260730_11_07_00_Pro,Participant7,Mesomorph,Normal,slouch,0.5974686859315949,-171.93111331344605,-175.7537056634712,-0.3904669508337974,-3.960164832111011,0.2685108509658787,1,Front
29,2.022636625514404,Participant7_WIN_20260730_11_07_00_Pro,Participant7,Mesomorph,Normal,slouch,0.6313472335096608,-173.63276491954807,-176.71436797675352,-0.3649288415908813,-3.603637070824672,0.2709341071037824,1,Front
30,2.092382716049382,Participant7_WIN_20260730_11_07_00_Pro,Participant7,Mesomorph,Normal,slouch,0.5873873921240719,-172.55601363556468,-176.09789176512848,-0.3699139654636383,-4.417588098539637,0.275463288702611,1,Front
31,2.162128806584362,Participant7_WIN_20260730_11_07_00_Pro,Participant7,Mesomorph,Normal,slouch,0.5856942462741709,-169.54554312043274,-174.655246777371,-0.4404737651348114,-4.375808369413065,0.2716855653357128,1,Front
32,2.2318748971193414,Participant7_WIN_20260730_11_07_00_Pro,Participant7,Mesomorph,Normal,slouch,0.6096146926620615,-171.99032777727214,-174.14170420508196,-0.4792905151844024,-2.376763459467001,0.2705025020352914,1,Front
33,2.3016209876543208,Participant7_WIN_20260730_11_07_00_Pro,Participant7,Mesomorph,Normal,slouch,0.6124525962860031,-170.59474295832237,-172.9624264842062,-0.4578615576028824,-2.9847196092989314,0.2704271561128724,1,Front
34,2.3713670781893,Participant7_WIN_20260730_11_07_00_Pro,Participant7,Mesomorph,Normal,slouch,0.6161296732797442,-170.83995973853078,-174.01633463952618,-0.4140904098749161,-3.1304955840796875,0.2749162064962955,1,Front
35,2.4411131687242795,Participant7_WIN_20260730_11_07_00_Pro,Participant7,Mesomorph,Normal,slouch,0.6238709451757722,-172.70773395131627,-173.42464552048216,-0.4781677424907684,-1.4952121451302192,0.273627582760839,1,Front
36,2.51085925925926,Participant7_WIN_20260730_11_07_00_Pro,Participant7,Mesomorph,Normal,slouch,0.6024069816089126,-170.2400337218921,-176.2587605082029,-0.4443528801202774,-5.758912853170546,0.2736099026291437,1,Front
37,2.5806053497942387,Participant7_WIN_20260730_11_07_00_Pro,Participant7,Mesomorph,Normal,slouch,0.5769706060800546,-169.04146794522742,-174.63804015503928,-0.4717775285243988,-5.838592581592797,0.2739615522628257,1,Front
38,2.650351440329218,Participant7_WIN_20260730_11_07_00_Pro,Participant7,Mesomorph,Normal,slouch,0.6156774466884757,-170.5792171831827,-175.79138754263872,-0.4501088261604309,-4.55468379310741,0.2708769234636086,1,Front
39,2.720097530864197,Participant7_WIN_20260730_11_07_00_Pro,Participant7,Mesomorph,Normal,slouch,0.6122854465995209,-170.99192255494256,-175.3537259207717,-0.448203906416893,-4.130936768662999,0.2711876722760317,1,Front
40,2.789843621399177,Participant7_WIN_20260730_11_07_00_Pro,Participant7,Mesomorph,Normal,slouch,0.6201489173311615,-171.38444313620911,-176.07264303887595,-0.4681842625141144,-3.136101515025797,0.271148888975618,1,Front
41,2.859589711934156,Participant7_WIN_20260730_11_07_00_Pro,Participant7,Mesomorph,Normal,slouch,0.6021957001539934,-170.37059694182625,-175.83381207358244,-0.397585816681385,-4.4570879533027385,0.2698777432251944,1,Front
42,2.929335802469136,Participant7_WIN_20260730_11_07_00_Pro,Participant7,Mesomorph,Normal,slouch,0.5976249855468981,-170.80895030046418,-173.74970797016096,-0.4784883856773376,-4.77067758852164,0.2721180868940665,1,Front
43,2.999081893004115,Participant7_WIN_20260730_11_07_00_Pro,Participant7,Mesomorph,Normal,slouch,0.5655777143864511,-170.34230733360226,-172.08760605056153,-0.4920267760753631,-4.790192126734634,0.267037169965665,1,Front
44,3.0688279835390944,Participant7_WIN_20260730_11_07_00_Pro,Participant7,Mesomorph,Normal,slouch,0.5733410595042924,-169.48631618390996,-174.42390057986862,-0.4874318093061447,-5.6888741963054885,0.2688322115419684,1,Front
45,3.1385740740740737,Participant7_WIN_20260730_11_07_00_Pro,Participant7,Mesomorph,Normal,slouch,0.6398173598360699,-170.73040316707824,-175.00902457718723,-0.4338889494538307,-3.2231045583424183,0.2734973140700455,1,Front
46,3.208320164609053,Participant7_WIN_20260730_11_07_00_Pro,Participant7,Mesomorph,Normal,slouch,0.5856887057050569,-168.8771184461909,-174.29858194213807,-0.3841686248779297,-5.494338204263835,0.2767632274008809,1,Front
47,3.278066255144033,Participant7_WIN_20260730_11_07_00_Pro,Participant7,Mesomorph,Normal,slouch,0.6204456363677305,-173.86255466724668,-178.0416185765176,-0.4131881445646286,-3.356954442296794,0.2685545569233178,1,Front
48,3.3478123456790123,Participant7_WIN_20260730_11_07_00_Pro,Participant7,Mesomorph,Normal,slouch,0.6092834178530729,-173.97042849794664,-177.17722499680258,-0.3766179084777832,-2.805843725150526,0.271953030518069,1,Front
49,3.417558436213992,Participant7_WIN_20260730_11_07_00_Pro,Participant7,Mesomorph,Normal,slouch,0.6153065284720116,-172.2792661200527,-176.90022817298552,-0.3936060890555382,-4.575053849860071,0.2706847976679631,1,Front
50,3.487304526748971,Participant7_WIN_20260730_11_07_00_Pro,Participant7,Mesomorph,Normal,slouch,0.6217959021075942,-173.30824237688324,-176.52902984342631,-0.3656777366995811,-2.2191033261715964,0.2716928077470338,1,Front
51,3.5570506172839504,Participant7_WIN_20260730_11_07_00_Pro,Participant7,Mesomorph,Normal,slouch,0.6116320474189072,-171.81018104519248,-174.24018220074743,-0.3837145119905472,-3.974832586902795,0.2708879903193432,1,Front
52,3.62679670781893,Participant7_WIN_20260730_11_07_00_Pro,Participant7,Mesomorph,Normal,slouch,0.627199546959529,-172.7964980643987,-175.41360362524858,-0.3723210319876671,-3.26682615835174,0.2738273285647906,1,Front
53,3.696542798353909,Participant7_WIN_20260730_11_07_00_Pro,Participant7,Mesomorph,Normal,slouch,0.6435804841875864,-173.48175398328797,-177.49816484250505,-0.3138821721076965,-2.437578311147294,0.2721224865660701,1,Front
54,3.766288888888889,Participant7_WIN_20260730_11_07_00_Pro,Participant7,Mesomorph,Normal,slouch,0.5953137070013901,-171.45006550756423,-173.14747561568532,-0.399912841618061,-2.4844498201716183,0.2727994118616245,1,Front
55,3.836034979423868,Participant7_WIN_20260730_11_07_00_Pro,Participant7,Mesomorph,Normal,slouch,0.6403650634736628,-172.4435067358524,-175.7023043849409,-0.3773130550980568,-1.8644190595920616,0.2734307949505788,1,Front
56,3.9057810699588473,Participant7_WIN_20260730_11_07_00_Pro,Participant7,Mesomorph,Normal,slouch,0.6194960389777128,-171.5590693181666,-175.57308933343816,-0.3878776580095291,-2.5920067524161534,0.2710179430595114,1,Front
57,3.975527160493827,Participant7_WIN_20260730_11_07_00_Pro,Participant7,Mesomorph,Normal,slouch,0.5776269327902971,-169.59736744077009,-174.22943805818568,-0.4226341992616653,-5.314625630405735,0.2727655749510091,1,Front
58,4.045273251028807,Participant7_WIN_20260730_11_07_00_Pro,Participant7,Mesomorph,Normal,slouch,0.5845632449988963,-167.46532961481498,-171.74624680925325,-0.4928960651159286,-4.354911186625179,0.2713691950588112,1,Front
59,4.1150193415637855,Participant7_WIN_20260730_11_07_00_Pro,Participant7,Mesomorph,Normal,slouch,0.5990666726776643,-171.3594871712445,-175.20607970500015,-0.4043461978435516,-3.6460006926423327,0.2705827311652082,1,Front
60,4.184765432098765,Participant7_WIN_20260730_11_07_00_Pro,Participant7,Mesomorph,Normal,slouch,0.6303181963442512,-172.0104382641682,-177.35822744187809,-0.399172879755497,-2.2880563940282483,0.2729646073844542,1,Front
61,4.254511522633744,Participant7_WIN_20260730_11_07_00_Pro,Participant7,Mesomorph,Normal,slouch,0.6453396999172881,-172.8959963629743,-177.87553765266466,-0.45638307929039,-3.074823399380874,0.2692606490363765,1,Front
62,4.324257613168724,Participant7_WIN_20260730_11_07_00_Pro,Participant7,Mesomorph,Normal,slouch,0.6051983039476803,-172.11365155642918,-177.38205076001805,-0.3733468726277351,-2.486722428848094,0.2680478222181112,1,Front
63,4.394003703703704,Participant7_WIN_20260730_11_07_00_Pro,Participant7,Mesomorph,Normal,slouch,0.613342721961989,-175.22895710492685,-177.7849744078204,-0.3893075436353683,-2.868716267227962,0.2695180359274977,1,Front
64,4.463749794238683,Participant7_WIN_20260730_11_07_00_Pro,Participant7,Mesomorph,Normal,slouch,0.5748817770697502,-170.10580009621862,-175.9001928177167,-0.3969443738460541,-4.846986681549057,0.2731188191506061,1,Front
65,4.533495884773663,Participant7_WIN_20260730_11_07_00_Pro,Participant7,Mesomorph,Normal,slouch,0.5811271208481009,-169.3190349338657,-170.64984017821425,-0.4249582886695862,-3.814831784905452,0.2759344714429835,1,Front
66,4.6032419753086415,Participant7_WIN_20260730_11_07_00_Pro,Participant7,Mesomorph,Normal,slouch,0.5715151695182547,-169.66068792084934,-175.60822293029244,-0.3389629274606704,-4.379824156100485,0.2742446943738229,1,Front
67,4.672988065843621,Participant7_WIN_20260730_11_07_00_Pro,Participant7,Mesomorph,Normal,slouch,0.5602697133654377,-170.9395655867853,-175.45712013725614,-0.4045798927545547,-4.466895307013184,0.2724113557897251,1,Front
68,4.7427341563786,Participant7_WIN_20260730_11_07_00_Pro,Participant7,Mesomorph,Normal,slouch,0.5975969097755529,-170.5526354421354,-175.15053252649855,-0.3095152229070663,-3.846673877474454,0.274663682846335,1,Front
69,4.81248024691358,Participant7_WIN_20260730_11_07_00_Pro,Participant7,Mesomorph,Normal,slouch,0.5810239843161935,-170.52018914919606,-175.3582650236667,-0.4300344139337539,-4.660751641051764,0.2703715627628867,1,Front
70,4.882226337448559,Participant7_WIN_20260730_11_07_00_Pro,Participant7,Mesomorph,Normal,slouch,0.5899514010180452,-168.7494919328616,-171.23811094234875,-0.45550037920475,-4.485118380217977,0.2723567129773535,1,Front
71,4.951972427983539,Participant7_WIN_20260730_11_07_00_Pro,Participant7,Mesomorph,Normal,slouch,0.6127643332632207,-171.192173881875,-172.48387087763064,-0.3831758350133896,-3.7421150916930617,0.2715574190185313,1,Front
72,5.021718518518519,Participant7_WIN_20260730_11_07_00_Pro,Participant7,Mesomorph,Normal,slouch,0.6043337651748374,-170.29630711830038,-171.88529921276486,-0.3318086862564087,-3.379139632268086,0.2737572310778934,1,Front
73,5.091464609053498,Participant7_WIN_20260730_11_07_00_Pro,Participant7,Mesomorph,Normal,slouch,0.6241573085064304,-171.8141551392219,-176.79598414307816,-0.3650173768401146,-1.2256600800568105,0.2760822062476179,1,Front
74,5.161210699588477,Participant7_WIN_20260730_11_07_00_Pro,Participant7,Mesomorph,Normal,slouch,0.619433613455181,-172.5156258318841,-174.26317110544943,-0.3833356201648712,-0.692472721450397,0.2732956083832915,1,Front
75,5.230956790123456,Participant7_WIN_20260730_11_07_00_Pro,Participant7,Mesomorph,Normal,slouch,0.5980021823963503,-170.69915283435316,-171.2618069276681,-0.4110842049121856,-2.665534732708784,0.2730909399466202,1,Front
76,5.300702880658436,Participant7_WIN_20260730_11_07_00_Pro,Participant7,Mesomorph,Normal,slouch,0.5972632605466495,-170.0421659090517,-173.3376555311336,-0.4721308946609497,0.3482300455849768,0.2710893284268173,1,Front
77,5.370448971193415,Participant7_WIN_20260730_11_07_00_Pro,Participant7,Mesomorph,Normal,slouch,0.626605185002073,-168.7400103495478,-170.50970090083652,-0.3401943892240524,-1.251139060678187,0.2779045469030465,1,Front
78,5.440195061728395,Participant7_WIN_20260730_11_07_00_Pro,Participant7,Mesomorph,Normal,slouch,0.6884983035858104,-170.47999482763558,-174.6304363677924,-0.2866030409932136,0.667528808462432,0.2779045469030465,1,Front
79,5.509941152263374,Participant7_WIN_20260730_11_07_00_Pro,Participant7,Mesomorph,Normal,slouch,0.6646758914985539,-169.33918358712384,-172.08784847518947,-0.3466528132557869,0.667528808462432,0.2779045469030465,1,Front
80,5.579687242798354,Participant7_WIN_20260730_11_07_00_Pro,Participant7,Mesomorph,Normal,slouch,0.6962662189109596,-169.90799562816613,-172.62866008915103,-0.352500781416893,0.667528808462432,0.2779045469030465,1,Front
