timestamp,label,h2s_ratio,shoulder_tilt_deg,head_roll_deg,forward_head_z,neck_flexion_deg,shoulder_width_norm
0.0,upright,0.5274507122951685,0.38938855906305225,0.5886131228604154,-0.13476970143591974,0.0,0.35
0.03333333333333333,upright,0.51648769937915,0.3126904344406556,1.1475276893044348,-0.14232565270847092,0.0,0.35
0.06666666666666667,upright,0.5129578842109758,0.9340480348687717,-0.07805061568747734,-0.15465729753570256,0.0,0.35
0.1,upright,0.5236294340734905,-1.0306241957262383,-0.8349506995078197,-0.15562287529240973,0.0,0.35
0.13333333333333333,upright,0.5048075331949836,0.7513978660762191,-0.3448144453127265,-0.1641230370133529,0.0,0.35
0.16666666666666666,upright,0.5419847315338233,0.31937895961077145,0.2405169228127543,-0.16424748186213456,0.0,0.35
0.2,upright,0.5118342591321223,0.5887380717678928,-0.4905961464533816,-0.14624301981654328,0.0,0.35
0.23333333333333334,upright,0.5109904196512179,0.26664500016537857,-0.16102396733763813,-0.13147721815491062,0.0,0.35
0.26666666666666666,upright,0.519797541628931,-0.34616874316472035,0.6935269472619134,-0.16220843649971023,0.0,0.35
0.3,upright,0.5231329539250713,-1.0677360991038205,-0.5969116293390582,-0.14803138764130877,0.0,0.35
0.3333333333333333,upright,0.5310769986999312,0.6370946249519764,0.1306110305670557,-0.15301103695589288,0.0,0.35
0.36666666666666664,upright,0.4978221701444886,-0.07587536671576689,-0.07638326257587247,-0.13942877773781084,0.0,0.35
0.4,upright,0.5251542743435269,-0.9104321242901872,0.394450381636877,-0.15385082280416315,0.0,0.35
0.43333333333333335,upright,0.5098461699954107,0.9893410310726943,0.8185997134975707,-0.140687198808838,0.0,0.35
0.4666666666666667,upright,0.5074117371516604,0.25263009931902836,0.3987580588421384,-0.1402445487287764,0.0,0.35
0.5,upright,0.5128123864323206,0.3514728186689463,-0.4638009844036169,-0.1619620662408067,0.0,0.35
0.5333333333333333,upright,0.5321878873359129,1.5849920228566583,0.1567939270517997,-0.13996467102107976,0.0,0.35
0.5666666666666667,upright,0.5254245403757145,-0.016095803684099463,0.4168373633050484,-0.1346196343353403,0.0,0.35
0.6,upright,0.5194626094133508,1.7517149246512052,-1.3718470624538466,-0.14178097495624775,0.0,0.35
0.6333333333333333,upright,0.5213057060235726,0.26079411962730603,0.2550564659213014,-0.16987568914600892,0.0,0.35
0.6666666666666666,upright,0.5167049216824373,0.7856900572093972,1.0867364268449096,-0.15518270218273647,0.0,0.35
0.7,upright,0.5078725959566022,0.09859436513237074,0.7492412706212446,-0.14671248890340316,0.0,0.35
0.7333333333333333,upright,0.5120535969434944,0.9106139464906848,0.2582465296088242,-0.1403135500946711,0.0,0.35
0.7666666666666667,upright,0.5094692035918398,0.2378702827217854,-0.035264891879294546,-0.16463514948132119,0.0,0.35
0.8,upright,0.5244418041559686,0.7088442177439115,0.20306807398547655,-0.15234587133375146,0.0,0.35
0.8333333333333334,upright,0.4987694388692438,0.16348374178771274,-0.0056287099160616805,-0.15802277269221618,0.0,0.35
0.8666666666666667,upright,0.5175807143250098,0.8232406854516308,1.331711540726318,-0.1482542218716816,0.0,0.35
0.9,upright,0.5238632558608415,0.44044326738706624,-0.9512627291794249,-0.15026513875449216,0.0,0.35
0.9333333333333333,upright,0.5209034531491155,2.4705936899882293,0.0845834211313265,-0.14698452657666386,0.0,0.35
0.9666666666666667,upright,0.5194793234544214,-0.4349424300956257,0.8856936887090123,-0.14248066967313225,0.0,0.35
1.0,upright,0.5318654792056458,-0.22750996383579114,1.0416765865616595,-0.1640185106279228,0.0,0.35
1.0333333333333334,upright,0.5288028564070041,2.2523645006479827,-0.394321795078413,-0.1556629772960277,0.0,0.35
1.0666666666666667,upright,0.5214947704763147,0.09721947670704062,-0.7303980586396797,-0.14931437025193972,0.0,0.35
1.1,upright,0.5040654442941085,0.8788739445081453,-0.35165454054028183,-0.1345006559498246,0.0,0.35
1.1333333333333333,upright,0.5082512006149564,0.24235078703545954,0.6881103304218019,-0.16230864316433954,0.0,0.35
1.1666666666666667,upright,0.5234118990190619,1.5457142034259426,-0.7644899407367365,-0.14815366141467695,0.0,0.35
1.2,upright,0.5238982419137264,1.1254582974218483,-0.5421704265268492,-0.16320456613084275,0.0,0.35
1.2333333333333334,upright,0.5278291234842535,0.7375877385865488,0.3502957102075259,-0.14653551790503025,0.0,0.35
1.2666666666666666,upright,0.5097996291763227,0.6858029577288028,0.37584348397920875,-0.15714351418026368,0.0,0.35
1.3,upright,0.5479866176671714,0.87906633672943,-0.5147820983215892,-0.1434344639136617,0.0,0.35
1.3333333333333333,upright,0.5053797749465901,1.1296676829939618,0.8951573474044425,-0.1582068231835171,0.0,0.35
1.3666666666666667,upright,0.5344506419386649,0.8302247415491987,0.693236095996694,-0.13103207017346052,0.0,0.35
1.4,upright,0.516319178259957,-0.10298893148599175,-0.33370865777531394,-0.15815810284965437,0.0,0.35
1.4333333333333333,upright,0.5188434743587884,0.7729215798533151,0.3660144795980115,-0.14172816750963976,0.0,0.35
1.4666666666666666,upright,0.5201950283781687,1.6628272617258535,0.04120590005722638,-0.12279830833410381,0.0,0.35
1.5,upright,0.5293850102164751,-0.18572604513302604,-0.4425354988366674,-0.14517527584756815,0.0,0.35
1.5333333333333334,upright,0.5166480582201123,1.0712003952736735,0.4839425747441269,-0.15072828912656872,0.0,0.35
1.5666666666666667,upright,0.507298094228974,-0.7118777797486917,-0.06790897124021261,-0.14143601205676526,0.0,0.35
1.6,upright,0.523211406161953,-0.49659102296959046,0.3039085555107092,-0.14614682620271163,0.0,0.35
1.6333333333333333,upright,0.506742138456983,0.6229800847564223,0.23492523106759994,-0.16142970297830622,0.0,0.35
1.6666666666666667,upright,0.5253668104052243,0.9486276210945875,0.8498307459051662,-0.13946197947965097,0.0,0.35
1.7,upright,0.49933495948064366,-0.2502600319320982,0.5090211603251958,-0.1448621404908779,0.0,0.35
1.7333333333333334,upright,0.5277257152945908,3.5821851925237773,0.5425343064159002,-0.138644343598194,0.0,0.35
1.7666666666666666,upright,0.534310026452398,1.0211130010446383,0.01083845321579266,-0.14241030779506733,0.0,0.35
1.8,upright,0.5084076217819364,0.3105451146079929,-0.09121812869746204,-0.14918125860613676,0.0,0.35
1.8333333333333333,upright,0.5547198785001026,-0.9938121540733986,0.6117561142247081,-0.1661271587118965,0.0,0.35
1.8666666666666667,upright,0.5129210220131585,1.371160477573893,0.23856801145727768,-0.16077744777929306,0.0,0.35
1.9,upright,0.5092704443611005,1.0436781991477408,-0.23821997903028197,-0.14783541410418025,0.0,0.35
1.9333333333333333,upright,0.5206835775985572,-0.021280278084653714,1.4863664535951953,-0.1436608097768199,0.0,0.35
1.9666666666666666,upright,0.48962286120013593,0.6491634518155421,-0.19707187886103278,-0.14147566665203776,0.0,0.35
2.0,upright,0.5081121889235095,0.4082108468264808,0.5029923673882744,-0.1413424480582988,0.0,0.35
2.033333333333333,upright,0.5019955538941634,0.23239901132724128,-0.08496718669657366,-0.15653329232573712,0.0,0.35
2.066666666666667,upright,0.5464818136042164,0.8239853687687644,-0.5565303726010271,-0.14082138052945223,0.0,0.35
2.1,upright,0.5518323429551895,1.3259722084409176,-0.7116219795724079,-0.15484234072866251,0.0,0.35
2.1333333333333333,upright,0.5390036672377994,-0.06613557249502466,0.46629165688773705,-0.14225365946570662,0.0,0.35
2.1666666666666665,upright,0.5060960429263288,0.4523797151505599,-1.7447604040414435,-0.1602438764133429,0.0,0.35
2.2,upright,0.5162114777291026,-0.4982265455718796,1.1794467823589811,-0.16430141377960633,0.0,0.35
2.2333333333333334,upright,0.5133993326995453,0.604592461828873,1.0647639734396692,-0.1643586215117944,0.0,0.35
2.2666666666666666,upright,0.5374474562823244,0.5081864488156697,-0.38890519062877055,-0.1453789652573673,0.0,0.35
2.3,upright,0.5229858954336021,0.019826498272964233,0.24188125099401137,-0.1538531359686176,0.0,0.35
2.3333333333333335,upright,0.5217027601787687,1.0297045396168374,1.1516100896872112,-0.1623781549882685,0.0,0.35
2.3666666666666667,upright,0.551995500619844,-1.0616702396180016,0.10892894297865002,-0.14411682793515423,0.0,0.35
2.4,upright,0.5242148780160255,0.0018403841435249424,0.07512664978563488,-0.15493000934658832,0.0,0.35
2.433333333333333,upright,0.5111595286458368,1.1796816776168197,0.4142092915790284,-0.15692909595260654,0.0,0.35
2.466666666666667,upright,0.5334939981314988,0.7458396167012875,0.6877172713033761,-0.14370371158076387,0.0,0.35
2.5,upright,0.507565074836169,0.05185516784242433,0.6483761630739571,-0.14389629734566534,0.0,0.35
2.533333333333333,upright,0.5196864760905378,0.5938619066470257,0.966598937473055,-0.1559157138883583,0.0,0.35
2.566666666666667,upright,0.5282064607175506,0.33824587805288475,0.06939127806366785,-0.1390122314801281,0.0,0.35
2.6,upright,0.5323812452348204,1.1508077088005109,0.9832872842925975,-0.14978996158367242,0.0,0.35
2.6333333333333333,upright,0.5302292945694245,0.2517865947252351,0.39449981149306523,-0.15130143054367684,0.0,0.35
2.6666666666666665,upright,0.5214549394748907,0.976125620349531,-0.29093240994008346,-0.12907612724314538,0.0,0.35
2.7,upright,0.5049097392775045,-0.4713508902301857,0.8948665241000406,-0.14208337306037064,0.0,0.35
2.7333333333333334,upright,0.5293617972557824,1.0026764074114238,0.19265193629185123,-0.1589725437148583,0.0,0.35
2.7666666666666666,upright,0.521137068372906,-0.04172936920968939,0.7850718400506507,-0.15147057381502138,0.0,0.35
2.8,upright,0.5076175420481124,0.2428913266776052,0.4477588725653746,-0.15563724552803973,0.0,0.35
2.8333333333333335,upright,0.5076666940665036,0.6949497691935298,0.3469799426652337,-0.1550694317537113,0.0,0.35
2.8666666666666667,upright,0.5129344254157252,0.685639949886109,-0.6688506048983944,-0.16407463774376554,0.0,0.35
2.9,upright,0.5092233366812134,0.3292422786305222,0.38654453935880273,-0.13524643783050447,0.0,0.35
2.933333333333333,upright,0.5328648943480303,0.3720491760292583,0.1885902752583867,-0.16002529364637808,0.0,0.35
2.966666666666667,upright,0.5197223029601141,0.26907308886388936,0.3936311362028537,-0.15827230943552323,0.0,0.35
3.0,upright,0.5277901977136176,1.7261911304020623,0.13474391092588545,-0.1459828827790106,0.0,0.35
3.033333333333333,upright,0.5303521598756668,0.17902362249133097,0.33445548908625006,-0.14987407599218205,0.0,0.35
3.066666666666667,upright,0.5214651414782325,-0.11840782708437325,0.21470610455536565,-0.1450200170875455,0.0,0.35
3.1,upright,0.5417671541169257,1.2674166608681654,1.4919094745069337,-0.15767347562888048,0.0,0.35
3.1333333333333333,upright,0.5330848095508102,0.6466736045906814,1.5138817599306034,-0.15808298285355152,0.0,0.35
3.1666666666666665,upright,0.5074041723672884,0.020485883644782266,-1.074337434585884,-0.1552575502168076,0.0,0.35
3.2,upright,0.5086130100766946,0.6203150291809661,0.40505358546629566,-0.13123829160784112,0.0,0.35
3.2333333333333334,upright,0.5342563575727908,0.038477075470077504,-0.3390488028090148,-0.14508080828493494,0.0,0.35
3.2666666666666666,upright,0.5001965018946903,1.965167012683483,0.9076640724327723,-0.15469175652104705,0.0,0.35
3.3,upright,0.4943029820636369,1.5830978993323304,0.13127609284842928,-0.13762183688026539,0.0,0.35
3.3333333333333335,upright,0.49608358511808454,0.02049998163698169,0.2031462198309099,-0.14953019406235257,0.0,0.35
3.3666666666666667,upright,0.5132490179278114,0.998279945877999,-0.4405722576295566,-0.15142379485021293,0.0,0.35
3.4,upright,0.5218044344756785,0.9115510672469993,0.6269689268533338,-0.16124642091837868,0.0,0.35
3.433333333333333,upright,0.49698828743896567,1.5221414575188073,0.39938840718775503,-0.15748486536556552,0.0,0.35
3.466666666666667,upright,0.5432672796328378,0.592539707434287,0.907578310438296,-0.1493248151858989,0.0,0.35
3.5,upright,0.5509112188732298,1.9042726739545637,0.05062151091255593,-0.14028429049045643,0.0,0.35
3.533333333333333,upright,0.5296806392437773,1.594905246025879,-0.3789540763480626,-0.1431394854000156,0.0,0.35
3.566666666666667,upright,0.5358763673027438,-0.9069915891384914,-0.509955107599465,-0.170392321777601,0.0,0.35
3.6,upright,0.5159588974833317,1.07403380463677,1.1014142312576167,-0.14925905219580224,0.0,0.35
3.6333333333333333,upright,0.5444292331835694,-0.6040811665719132,-0.8220294636130927,-0.15055547698896618,0.0,0.35
3.6666666666666665,upright,0.5257609817340896,0.4738442015247255,-1.040465260023926,-0.15089120039512788,0.0,0.35
3.7,upright,0.5004329574924272,1.035738039064031,0.4199589476581089,-0.15939879786327354,0.0,0.35
3.7333333333333334,upright,0.5122919962399496,-0.3473708175111613,0.1623925416360969,-0.14044857679498762,0.0,0.35
3.7666666666666666,upright,0.5052141093049669,0.9032372124142756,-0.11815457102346444,-0.15792872832262345,0.0,0.35
3.8,upright,0.5183945446006817,-0.32819385793549927,-0.1321895832083092,-0.16197877892588847,0.0,0.35
3.8333333333333335,upright,0.5494708769937459,0.5282108415773829,-0.21983530479555136,-0.14786020089265778,0.0,0.35
3.8666666666666667,upright,0.5183150792546376,0.32322432037342164,0.5685000200260552,-0.14242492289952693,0.0,0.35
3.9,upright,0.5120424827858421,0.03934540748425597,0.03496898170901361,-0.17301921164735584,0.0,0.35
3.933333333333333,upright,0.49727213406702175,1.5934994139556198,1.1869806281007702,-0.15249036039556377,0.0,0.35
3.966666666666667,upright,0.5286483544458365,0.7490001236348289,2.047328485073143,-0.13880425088565423,0.0,0.35
4.0,upright,0.5180812361277886,-0.2644323524803407,-0.7638677921545434,-0.14796536364132776,0.0,0.35
4.033333333333333,upright,0.5086547388207354,-0.6378029676781394,-0.18794373054551594,-0.16081548003614393,0.0,0.35
4.066666666666666,upright,0.5453071245260885,1.2053118055595604,0.19521641521002958,-0.13520055861109972,0.0,0.35
4.1,upright,0.5211605246147143,-0.18902736106261098,1.1138744463617942,-0.1446108995631534,0.0,0.35
4.133333333333334,upright,0.5044413076851032,0.34772905753311345,-0.32537095203085425,-0.16382799730964337,0.0,0.35
4.166666666666667,upright,0.5338926632129747,2.0275333123761046,-0.6391405442914846,-0.14437030763309427,0.0,0.35
4.2,upright,0.5102403614631726,0.11029969298824316,-0.1554363545433215,-0.15863990769679814,0.0,0.35
4.233333333333333,upright,0.5207278244191724,-0.16476009312883022,0.3622740954679033,-0.15050238109449138,0.0,0.35
4.266666666666667,upright,0.5164157792970039,-0.22605092963327833,-0.1460627983409996,-0.14244608774174244,0.0,0.35
4.3,upright,0.5275137578143657,-0.2820441958388409,0.2595993832575355,-0.1424861287662821,0.0,0.35
4.333333333333333,upright,0.49495892078317943,0.934688153903948,-0.197574255367508,-0.1442940133140684,0.0,0.35
4.366666666666666,upright,0.5085511126518623,-0.9439056805316153,-0.7765254627298976,-0.14951915053338619,0.0,0.35
4.4,upright,0.5238958375258222,-0.22345330008352693,0.5831554752664243,-0.16661520062268959,0.0,0.35
4.433333333333334,upright,0.5190088030202903,-0.4688129598099654,-0.19110166468129547,-0.14952601328683585,0.0,0.35
4.466666666666667,upright,0.5070937995207407,0.19235556461613967,0.8037756855286644,-0.1557689186952315,0.0,0.35
4.5,upright,0.5325353816809771,-0.40376548372609455,0.5178825067491697,-0.13558431379342098,0.0,0.35
4.533333333333333,upright,0.48292533249809066,-0.13751620437638146,0.546243276308324,-0.15203045386042993,0.0,0.35
4.566666666666666,upright,0.5255671881005697,0.016811850627343528,0.25195387248373996,-0.1515567723539208,0.0,0.35
4.6,upright,0.5375167309248972,0.7035366746409705,0.4025615972451213,-0.15411876966122467,0.0,0.35
4.633333333333334,upright,0.5126859066389127,0.15395344974430325,0.4366712854269781,-0.15420984480820263,0.0,0.35
4.666666666666667,upright,0.5243466228534462,2.1603206389163514,0.7226748220590153,-0.1532602353216784,0.0,0.35
4.7,upright,0.5380182088324592,0.1735397015827589,-1.0228747211067124,-0.16008086310917402,0.0,0.35
4.733333333333333,upright,0.49193812118461216,0.21878921276695307,0.21105102751373103,-0.13323562687724716,0.0,0.35
4.766666666666667,upright,0.5249039106064625,0.3247195769529086,0.6976433487100935,-0.17211135309007886,0.0,0.35
4.8,upright,0.5235342183716285,1.1166921551095736,-0.687151747467905,-0.1385624595679307,0.0,0.35
4.833333333333333,upright,0.5250774461124162,0.16776966887935896,0.5796691196637709,-0.12729307142195603,0.0,0.35
4.866666666666666,upright,0.5227279938258774,0.6985764690402689,-0.07561653972414645,-0.1584984436946479,0.0,0.35
4.9,upright,0.5324550372481637,-0.1848670607270938,0.24293974233163548,-0.15477657446765117,0.0,0.35
4.933333333333334,upright,0.5271846973861959,0.7669296842295587,0.8225239665547395,-0.15510016398854745,0.0,0.35
4.966666666666667,upright,0.5159518759705994,-0.28301097262584596,-0.0665759560456669,-0.14622699506955147,0.0,0.35
5.0,upright,0.5313548292496802,-0.2377322593421004,0.721763552063396,-0.1364436214119505,0.0,0.35
5.033333333333333,upright,0.5262015235483555,2.001436650046453,-0.2642735194621438,-0.16244654703311417,0.0,0.35
5.066666666666666,upright,0.49331919626643583,1.6968354491913464,0.5926193938124347,-0.15055584670910455,0.0,0.35
5.1,upright,0.5241995293947973,-0.40039123783870123,1.6674511877700957,-0.1487077881802477,0.0,0.35
5.133333333333334,upright,0.5216409219190734,1.0806132991189537,0.4886055390420279,-0.1477611597572087,0.0,0.35
5.166666666666667,upright,0.5081428831683203,0.8771746857087965,1.3292146978850201,-0.13654579953845022,0.0,0.35
5.2,upright,0.5438977993995909,0.09102745885505187,-0.39376289215514854,-0.1512578692009965,0.0,0.35
5.233333333333333,upright,0.5208358736843305,1.3753532147767589,-0.8154787778288917,-0.13470449680539387,0.0,0.35
5.266666666666667,upright,0.5176298815213152,0.15849514404206394,-0.4072626251561005,-0.1665485667186577,0.0,0.35
5.3,upright,0.5323475587594287,0.5586543737507231,-0.5739765398446324,-0.16295078772063615,0.0,0.35
5.333333333333333,upright,0.5149632295106481,1.8352172202315145,0.04424518918183715,-0.16503142953118105,0.0,0.35
5.366666666666666,upright,0.5163138540387109,0.2818211442018636,-1.418131985764943,-0.15054294866517812,0.0,0.35
5.4,upright,0.5165359820468699,1.0569650918507347,1.309373656967207,-0.13873434970452242,0.0,0.35
5.433333333333334,upright,0.5159666696416776,-0.3852207269933363,1.744015881949916,-0.14940781565985511,0.0,0.35
5.466666666666667,upright,0.5202089393786942,0.48069993031199737,0.318850856460713,-0.1514436041192394,0.0,0.35
5.5,upright,0.5113950698967965,0.06251284700768628,0.180348037870401,-0.15543424771133765,0.0,0.35
5.533333333333333,upright,0.5093073132598426,0.5851441821535175,0.04701366954748684,-0.1349600701141731,0.0,0.35
5.566666666666666,upright,0.48023545287410485,1.3732054815379695,0.9476511154985774,-0.17073390232408148,0.0,0.35
5.6,upright,0.5148596860887947,0.2028473072033668,-0.6445070168306928,-0.15777816687590876,0.0,0.35
5.633333333333334,upright,0.5033413623180126,1.9018163547388982,0.7614070358884766,-0.1372844490500584,0.0,0.35
5.666666666666667,upright,0.5308250809606485,-0.40324141697378346,-0.1147121597678642,-0.14510625438772082,0.0,0.35
5.7,upright,0.5016680828666208,1.0703987441379104,0.055804761105119005,-0.15374820807549597,0.0,0.35
5.733333333333333,upright,0.5306643995230524,0.8554106491888318,-0.01657969949144794,-0.13840670196635751,0.0,0.35
5.766666666666667,upright,0.5037840500860016,0.992748485555411,0.5558607547810303,-0.1530954643931399,0.0,0.35
5.8,upright,0.5248919953336317,-0.5008908611082423,0.7544162115241406,-0.15184902136442988,0.0,0.35
5.833333333333333,upright,0.5121591546922144,1.3392073806695115,-0.22260621432565553,-0.16408461296363558,0.0,0.35
5.866666666666666,upright,0.49665056239714145,0.9848079610765117,-0.5682576114977698,-0.13245205818015635,0.0,0.35
5.9,upright,0.4887710588817442,1.8571650946320306,0.32661048032157103,-0.1509671311187039,0.0,0.35
5.933333333333334,upright,0.5118262136978657,0.8193088914816566,0.17741917854509098,-0.13896698117983478,0.0,0.35
5.966666666666667,upright,0.5217134147299306,0.6202414091695021,-0.0181673273283135,-0.15056945623721066,0.0,0.35
6.0,upright,0.5246170265333809,-0.8681347141253006,-0.6089112532634278,-0.14256735905977286,0.0,0.35
6.033333333333333,upright,0.5225629815719192,0.3528133309178567,0.2110603598392359,-0.14652418294638328,0.0,0.35
6.066666666666666,upright,0.5119036047953596,-0.1226437803218502,0.31750715305860894,-0.15978372777615032,0.0,0.35
6.1,upright,0.5261237913357171,-0.8620668833902725,0.8174933823953863,-0.14527402517586957,0.0,0.35
6.133333333333334,upright,0.5238404460147081,1.2861527871564111,1.1992846666775459,-0.1398562993498187,0.0,0.35
6.166666666666667,upright,0.4923868865300253,-0.5236615733885612,-0.1748911466174073,-0.14973908949789166,0.0,0.35
6.2,upright,0.5277648853070369,-0.0805950505227725,0.312060058686247,-0.15755382932353323,0.0,0.35
6.233333333333333,upright,0.5108272329551208,-0.6253288774785779,-0.3539399476665425,-0.16351684605616335,0.0,0.35
6.266666666666667,upright,0.5053619012053401,1.3429134372862717,-0.3696393332991658,-0.12367617935162609,0.0,0.35
6.3,upright,0.5273997685132134,0.6478688989558992,-0.3150146681087281,-0.14299690120591008,0.0,0.35
6.333333333333333,upright,0.5113654326064334,0.5976078517162892,1.7360507229612767,-0.15096059899724648,0.0,0.35
6.366666666666666,upright,0.5372390998942852,-0.06254114010070999,0.17900690570182298,-0.13229199364364488,0.0,0.35
6.4,upright,0.5105954941331835,1.949958846397543,0.6246511612732852,-0.15562466775894268,0.0,0.35
6.433333333333334,upright,0.5294861160858328,1.278043559701384,0.5730859773303179,-0.16570224719890456,0.0,0.35
6.466666666666667,upright,0.509092942362627,0.30198509155879616,0.15533994253997224,-0.1437932790244932,0.0,0.35
6.5,upright,0.5226655150139988,-0.5682754869680811,0.4281187106035779,-0.14389414254716176,0.0,0.35
6.533333333333333,upright,0.5283968567189656,1.3646245804436976,0.7003532927293423,-0.14540819920771564,0.0,0.35
6.566666666666666,upright,0.5189475143281204,-0.8287687468127931,0.4577709314795515,-0.1479231231283689,0.0,0.35
6.6,upright,0.5240736825579306,-0.5213988606562476,-0.44863392424495735,-0.13946847146667096,0.0,0.35
6.633333333333334,upright,0.5194066726921502,1.0452005578980996,0.21699102567827672,-0.14970243860504254,0.0,0.35
6.666666666666667,upright,0.53407425708964,0.08716421742610087,0.25767246616459005,-0.1546227528870504,0.0,0.35
6.7,upright,0.5134825565885153,0.2526623012250885,0.3332802629802277,-0.15478748621663477,0.0,0.35
6.733333333333333,upright,0.5388363418836029,-0.21568584177560313,0.0878770135031846,-0.15439731058274175,0.0,0.35
6.766666666666667,upright,0.541704668265306,0.6572438212092597,0.8191067236811809,-0.16485560373036973,0.0,0.35
6.8,upright,0.524005753988039,1.2117046364987498,0.24937039356525453,-0.1393451962493465,0.0,0.35
6.833333333333333,upright,0.5122406732484944,1.627477952148464,1.5793388741715502,-0.1536283856043966,0.0,0.35
6.866666666666666,upright,0.5133174621789884,1.6627075816941608,1.1477432874384275,-0.15522860027153268,0.0,0.35
6.9,upright,0.5136971977435622,0.27457231291159423,-0.6066703066205661,-0.15918651946484197,0.0,0.35
6.933333333333334,upright,0.504937888498719,-0.11423805208330284,0.1791890675679313,-0.1476578526746348,0.0,0.35
6.966666666666667,upright,0.5432575073922111,-0.2986832325910328,0.7905934390859501,-0.1521398884422551,0.0,0.35
7.0,upright,0.5192580443552135,1.0398555937332832,-0.4736332129373791,-0.14617590253815949,0.0,0.35
7.033333333333333,upright,0.5224967831231958,0.8939610112065193,0.37350118634469087,-0.12544699860089106,0.0,0.35
7.066666666666666,upright,0.5104339002362303,0.07520243599854587,-0.17388431585485858,-0.15555477119160255,0.0,0.35
7.1,upright,0.5104391930904022,1.4512132248860414,1.0523025487939128,-0.15570746293749477,0.0,0.35
7.133333333333334,upright,0.5075146664034366,0.8771324451091234,-0.13133382656858272,-0.14367068182244488,0.0,0.35
7.166666666666667,upright,0.5230438453127695,-0.7125952919977856,1.128503120798037,-0.13204122326904477,0.0,0.35
7.2,upright,0.5108081696427342,0.18983875205121264,0.37151923443494295,-0.14665543210012974,0.0,0.35
7.233333333333333,upright,0.5298781640900925,2.10816363101308,0.09383166350357038,-0.15798297244538453,0.0,0.35
7.266666666666667,upright,0.4993102115797821,-0.0847440319535353,0.18012381627572174,-0.13205442136482212,0.0,0.35
7.3,upright,0.5122358305144574,0.6790303613111188,0.19014626235634877,-0.13811606726551914,0.0,0.35
7.333333333333333,upright,0.5579039863881043,0.07530498166374344,-0.09366366551093325,-0.13955839122930927,0.0,0.35
7.366666666666666,upright,0.5302283723443947,1.977365860588827,0.5503569111955784,-0.15359292090787058,0.0,0.35
7.4,upright,0.5288598224603847,1.386962864466326,0.6922893087184184,-0.14492725968892703,0.0,0.35
7.433333333333334,upright,0.5360001203438374,1.4354364723565383,1.0292953946225163,-0.14351290112410356,0.0,0.35
7.466666666666667,upright,0.5174932287952472,0.6173709491466582,0.9239053799050141,-0.15816935670987237,0.0,0.35
7.5,upright,0.5255300996330935,0.18532895013811146,0.2172468937608905,-0.137215481373927,0.0,0.35
7.533333333333333,upright,0.5228664860202986,0.537149238524919,-0.6159136845879516,-0.14253746433972778,0.0,0.35
7.566666666666666,upright,0.5296822627171162,2.230603778644368,0.015333059028199508,-0.1478084967233606,0.0,0.35
7.6,upright,0.5237407552556613,1.7619626238107795,0.14282268056782876,-0.1472097847422966,0.0,0.35
7.633333333333334,upright,0.5291184476457481,0.6492872985250865,-0.06786016873031692,-0.1480591000710169,0.0,0.35
7.666666666666667,upright,0.5361044762478966,-0.32121223952884825,0.2797818044881256,-0.15700120814939172,0.0,0.35
7.7,upright,0.5379256994338727,-0.7185495238270199,-0.135353108362953,-0.1462278812493548,0.0,0.35
7.733333333333333,upright,0.5434828604385151,0.44739979114160977,-0.133119716015919,-0.1311884293055941,0.0,0.35
7.766666666666667,upright,0.49827979149375634,-1.2590447652960657,0.4640086700319994,-0.1550205422435261,0.0,0.35
7.8,upright,0.5046815077430393,1.0666851578394827,0.3462804282627193,-0.15564078630736727,0.0,0.35
7.833333333333333,upright,0.5007954340199366,1.1979658626241156,0.5901207067751966,-0.15099175863779382,0.0,0.35
7.866666666666666,upright,0.547699554940715,-0.35606781306092206,-0.7153151025548432,-0.15691908069881244,0.0,0.35
7.9,upright,0.5193162097546675,0.6946715594581535,0.055258365286202094,-0.14647944603485702,0.0,0.35
7.933333333333334,upright,0.5012269086371434,1.6550116832586077,0.15070929296445873,-0.13882704168411872,0.0,0.35
7.966666666666667,upright,0.5251408801956656,0.8654025753230272,0.5418603681393224,-0.14552291439982684,0.0,0.35
8.0,upright,0.5296408413980132,1.5633220241059451,0.31791270182088205,-0.14290996242411488,0.0,0.35
8.033333333333333,upright,0.5186539645856916,1.6520937723595783,-0.20583538123556178,-0.13199059567089183,0.0,0.35
8.066666666666666,upright,0.5193976307403348,-0.6446200816944385,0.27686264894647356,-0.15681051657474881,0.0,0.35
8.1,upright,0.5326096532348309,-0.02209918344191275,-0.0677100599288678,-0.1688954073094553,0.0,0.35
8.133333333333333,upright,0.5132154052112639,-1.4391034613031655,-0.750341694091434,-0.142395853438557,0.0,0.35
8.166666666666666,upright,0.5317870023797625,0.8403660494279719,-0.3801856858775277,-0.1504771135614198,0.0,0.35
8.2,upright,0.5199459619136415,-0.42669175135403425,1.1020389810602904,-0.1412263770942433,0.0,0.35
8.233333333333333,upright,0.5166855373925551,0.5215086711956246,0.3250296847685315,-0.1704173486842429,0.0,0.35
8.266666666666667,upright,0.5162923392621911,-0.04558739839823889,-0.4009720059369493,-0.15281100292885955,0.0,0.35
8.3,upright,0.5469652979027428,1.0126742890136078,-0.14270739386967807,-0.1442741721864384,0.0,0.35
8.333333333333334,upright,0.5409903315487901,1.239706946330215,0.2357782219521045,-0.15646936777705572,0.0,0.35
8.366666666666667,upright,0.5304733497042039,0.8147883083373997,0.7371159320166394,-0.1436482819831803,0.0,0.35
8.4,upright,0.5357432907297901,0.07181183075154562,0.9904364393805953,-0.148024003953076,0.0,0.35
8.433333333333334,upright,0.551128913089379,-0.05135025447165431,1.2415782818991494,-0.1480208921653735,0.0,0.35
8.466666666666667,upright,0.5102287299457833,0.11289133275654273,0.007791615083407921,-0.14575834053598083,0.0,0.35
8.5,upright,0.5278425323205325,0.041039996849136784,0.1853872446434103,-0.12857729641388135,0.0,0.35
8.533333333333333,upright,0.5459131475515107,0.8490589357392258,0.22280208690092018,-0.14879968673281738,0.0,0.35
8.566666666666666,upright,0.5292027695909562,-0.31823405215872447,0.045574077545992964,-0.1666858407387759,0.0,0.35
8.6,upright,0.5259883468390792,1.0177567517621928,-0.08991187737962436,-0.13426013236709966,0.0,0.35
8.633333333333333,upright,0.5016135150549649,-0.6714999041678562,0.33467109113598326,-0.13952901697387846,0.0,0.35
8.666666666666666,upright,0.5452589153718681,0.13289258970484796,0.8472085000587775,-0.15038508469500705,0.0,0.35
8.7,upright,0.5174105905008877,1.206927949989338,0.5913937270480518,-0.1657639215698425,0.0,0.35
8.733333333333333,upright,0.5421481052458884,1.6040730833179613,-0.17533762090571764,-0.1460419646656259,0.0,0.35
8.766666666666667,upright,0.5274104527942411,0.7085390126591257,-0.13018309230725206,-0.1567162336793805,0.0,0.35
8.8,upright,0.5196166889351284,1.4381832154074918,0.5261600927566594,-0.15370614332086105,0.0,0.35
8.833333333333334,upright,0.5315754806597252,-1.7788340965040605,0.889259420223262,-0.16739713778778098,0.0,0.35
8.866666666666667,upright,0.514563385878953,-0.39573591570091515,-0.5768088854325435,-0.1383917321262148,0.0,0.35
8.9,upright,0.5129844819803216,0.7772031053845727,0.17184765267248958,-0.14522959172776878,0.0,0.35
8.933333333333334,upright,0.5211523283659039,-0.5263937793508557,0.7977600916682841,-0.1549375658316131,0.0,0.35
8.966666666666667,upright,0.49665127152010374,0.15750787122726995,1.1004558743805866,-0.14149778257886506,0.0,0.35
9.0,upright,0.5147702179838821,0.22059383654525694,0.007018969269570435,-0.12923252016439157,0.0,0.35
9.033333333333333,upright,0.5257290317834733,0.8440333177528557,0.8181700724191052,-0.14761210840973485,0.0,0.35
9.066666666666666,upright,0.5161143678126895,0.3429201207320174,0.15703924435156164,-0.15037222236509842,0.0,0.35
9.1,upright,0.5309144431545547,0.5415567086458395,0.6395840463293475,-0.15080716580108583,0.0,0.35
9.133333333333333,upright,0.5211795278547414,-1.0985605476256861,0.7497966048214888,-0.14653511524102006,0.0,0.35
9.166666666666666,upright,0.5349701516478949,-1.8170043025549516,1.4530248228684364,-0.15139589628155173,0.0,0.35
9.2,upright,0.5366227422510628,-0.33192474170042474,0.5676643430375419,-0.16053415563173656,0.0,0.35
9.233333333333333,upright,0.510643465589563,2.031225083093429,0.08559055954199207,-0.14782567126820276,0.0,0.35
9.266666666666667,upright,0.5330510159603313,0.8965455103780837,0.29025134308614586,-0.14635038997533775,0.0,0.35
9.3,upright,0.5560512337785741,0.4539049623731317,0.3206594280289805,-0.13949345603992389,0.0,0.35
9.333333333333334,upright,0.5365828889943698,1.4496242444483043,0.5832381332175107,-0.16143004912730483,0.0,0.35
9.366666666666667,upright,0.5445014729845165,-0.4170763144149504,0.38158127914341994,-0.15754275850019359,0.0,0.35
9.4,upright,0.5190379248011051,0.7630099282427844,0.39281432927016385,-0.14578079245764713,0.0,0.35
9.433333333333334,upright,0.5442056690358797,0.8628274412111838,0.05350601882561082,-0.14035912831711642,0.0,0.35
9.466666666666667,upright,0.5378420573338696,-0.482086252109594,0.5584400419099148,-0.142988272576891,0.0,0.35
9.5,upright,0.5155365474496001,1.6005654506492957,0.10996664778048398,-0.14874423546528456,0.0,0.35
9.533333333333333,upright,0.517403922635742,0.512463238065174,-0.4577650521371211,-0.16440050882594293,0.0,0.35
9.566666666666666,upright,0.5439175759483746,-0.17756907865466232,-0.3948354096737842,-0.17153390113603714,0.0,0.35
9.6,upright,0.5104155737846575,-0.5584718347259987,1.1852090960818213,-0.13990182910657364,0.0,0.35
9.633333333333333,upright,0.5096777448223342,2.301948644275447,0.7890592921949566,-0.15324831383508622,0.0,0.35
9.666666666666666,upright,0.4825089142768964,2.3327540580725934,-0.6337434800581576,-0.1664539874695689,0.0,0.35
9.7,upright,0.5353385564801446,2.4518019250714183,1.030563691106311,-0.1443609087994764,0.0,0.35
9.733333333333333,upright,0.5289213151249793,1.1827324470242462,0.6553571538720591,-0.14718808576030623,0.0,0.35
9.766666666666667,upright,0.5215630165592782,0.44992549768038204,-0.25237875332000576,-0.15280675076866773,0.0,0.35
9.8,upright,0.4946056477870692,0.42132829856420007,-0.3931546642905504,-0.16103589317215772,0.0,0.35
9.833333333333334,upright,0.5226984122673022,1.6136018290756795,0.7509899636013877,-0.16570500603623176,0.0,0.35
9.866666666666667,upright,0.505155577951445,1.2526169503905726,-0.38949243612298573,-0.15224633149997024,0.0,0.35
9.9,upright,0.5282507814853683,-0.2746755638909083,0.26322530368757596,-0.16334025494918203,0.0,0.35
9.933333333333334,upright,0.5109794853407318,0.7558255473140296,-0.7557962401190015,-0.145595252620396,0.0,0.35
9.966666666666667,upright,0.5197054330160998,0.9419919635337182,0.33434848043879684,-0.13635859570026154,0.0,0.35
10.0,upright,0.5218783675397186,0.1564755670997976,0.2733785018193703,-0.14456701970963612,0.0,0.35
10.033333333333333,upright,0.5207329010548856,0.5324733529631059,-0.22119501268405317,-0.15662900917550948,0.0,0.35
10.066666666666666,upright,0.4989609209230046,1.8996613945495515,-0.546317941234771,-0.15692905197795906,0.0,0.35
10.1,upright,0.509223891016462,1.2159395015555532,0.023030193024783346,-0.13752257927326267,0.0,0.35
10.133333333333333,upright,0.509897640636342,0.7231953297790416,-0.3012082319558544,-0.1285485087222661,0.0,0.35
10.166666666666666,upright,0.5021860237145573,0.747856568181622,0.5802661285592591,-0.14586200902548502,0.0,0.35
10.2,upright,0.5172206851168344,0.3961434402132591,0.22628688318746576,-0.15147002001628487,0.0,0.35
10.233333333333333,upright,0.5344581867519237,2.268418401273081,-0.13449507100470015,-0.16369802979579076,0.0,0.35
10.266666666666667,upright,0.5186757692747312,2.5637674701234547,-0.28220474078183844,-0.1336088319455593,0.0,0.35
10.3,upright,0.5451655122111466,0.05712940663360433,0.5413898475111651,-0.1337160337687146,0.0,0.35
10.333333333333334,upright,0.5143130838851877,0.33713571191811054,-0.1490085483691862,-0.16014756730692867,0.0,0.35
10.366666666666667,upright,0.5102608368240099,-0.4791522134098053,0.22045008095553564,-0.15769973231058643,0.0,0.35
10.4,upright,0.5235067886768612,-0.744716516962902,0.39852813932867426,-0.14166471038391074,0.0,0.35
10.433333333333334,upright,0.4900939653614282,0.7992452558780577,0.9366013954839754,-0.16209641018691204,0.0,0.35
10.466666666666667,upright,0.5450885858025656,0.8352152074928362,-0.2230071134550453,-0.15055769077657705,0.0,0.35
10.5,upright,0.5283749036878258,0.5608043131299292,0.5232535954678215,-0.15920673593079365,0.0,0.35
10.533333333333333,upright,0.5225404123605412,-0.6309715975239842,0.13326436319077983,-0.1590390764146479,0.0,0.35
10.566666666666666,upright,0.5089670508611536,1.48887454016835,0.8547860723565615,-0.14390861879092823,0.0,0.35
10.6,upright,0.5036153085299113,0.24687324024415847,0.9278586199875101,-0.14858283086360094,0.0,0.35
10.633333333333333,upright,0.5547899430997254,0.8146542715154975,0.31522946989401895,-0.15309116464202502,0.0,0.35
10.666666666666666,upright,0.5220031135717342,0.37802413089556486,0.6248652060131543,-0.14043297683205416,0.0,0.35
10.7,upright,0.5082101580923808,-0.5649863628462224,-0.9017232238619779,-0.14492008673087456,0.0,0.35
10.733333333333333,upright,0.5034495009073919,-1.2223124743619864,0.43314716271857845,-0.1250700048256721,0.0,0.35
10.766666666666667,upright,0.5199089363269016,1.1707926195613134,0.249097615128539,-0.15098889653191142,0.0,0.35
10.8,upright,0.5337861472448165,0.26778036464907895,0.36043538844314177,-0.14678302193803985,0.0,0.35
10.833333333333334,upright,0.5099786431953542,1.2936338796292182,0.09502414598275483,-0.15755745159492845,0.0,0.35
10.866666666666667,upright,0.528047647653556,-0.2187743854328299,0.21690869442147695,-0.15009118996644202,0.0,0.35
10.9,upright,0.5362884334874737,0.8797585863039623,0.18498382475291367,-0.14182233700799712,0.0,0.35
10.933333333333334,upright,0.5408531132352598,0.9462482450814897,0.20621157190602837,-0.16311836232350158,0.0,0.35
10.966666666666667,upright,0.5040232950538694,0.25582023651626584,-0.16570732129556986,-0.15186971302985444,0.0,0.35
11.0,upright,0.5208497488734566,0.9237542034853847,0.15770073316454528,-0.14513498356173798,0.0,0.35
11.033333333333333,upright,0.5209671162221519,-1.0803732530830972,-0.36360123629125257,-0.15144087555721614,0.0,0.35
11.066666666666666,upright,0.5018545788573834,0.9799429839969636,1.1184504994062183,-0.13781238148302682,0.0,0.35
11.1,upright,0.5167983569360469,1.6925809094799618,0.28920047432126694,-0.1533708597111804,0.0,0.35
11.133333333333333,upright,0.510798960046886,0.2580242508094973,-0.03290609112473725,-0.1482958377762451,0.0,0.35
11.166666666666666,upright,0.522408609715748,0.5024368161227316,0.4621629018478099,-0.13809353725213658,0.0,0.35
11.2,upright,0.5342433120316199,-0.6879183747599229,-1.332352680941173,-0.14065680088760726,0.0,0.35
11.233333333333333,upright,0.4994968195237687,0.32018767848585317,-0.5020678156356158,-0.1680198043758002,0.0,0.35
11.266666666666667,upright,0.5281219409230719,1.1073241282421176,-0.14590624043603162,-0.1759104229214491,0.0,0.35
11.3,upright,0.5118063332762128,0.8134432043220372,-0.6873469412644773,-0.14816640080220844,0.0,0.35
11.333333333333334,upright,0.5197703522624051,0.9634331996808707,0.27174822104849194,-0.15973068940881555,0.0,0.35
11.366666666666667,upright,0.5379485725249674,0.37317634157842394,0.1836172762940409,-0.15933267959073194,0.0,0.35
11.4,upright,0.5133507662321274,-0.20784217122152082,0.09623236404594622,-0.13288291519857656,0.0,0.35
11.433333333333334,upright,0.49942148285602966,-0.790849118301393,1.0827021964961652,-0.15209323677151865,0.0,0.35
11.466666666666667,upright,0.5099639089201012,1.3319237499168612,-0.16336932384211844,-0.13173990286453063,0.0,0.35
11.5,upright,0.5301688880700891,0.10967087348343785,1.494384927959302,-0.1560571492300334,0.0,0.35
11.533333333333333,upright,0.5311314305801397,0.7394340643251935,0.9810447736392789,-0.13438488803273146,0.0,0.35
11.566666666666666,upright,0.5204800622359865,-0.10273429627694686,0.4759832857634699,-0.15677715369752104,0.0,0.35
11.6,upright,0.5502008087128993,0.60922826486619,-0.019192930787265194,-0.1481531969413509,0.0,0.35
11.633333333333333,upright,0.4997931056570546,-0.27729123080852125,0.9202483447666552,-0.15656894278971395,0.0,0.35
11.666666666666666,upright,0.5042963352597709,0.929322202021829,0.9114224927977981,-0.14281046689334934,0.0,0.35
11.7,upright,0.5349407152870873,-0.10543607085556861,-0.6530864000451062,-0.13498666348044513,0.0,0.35
11.733333333333333,upright,0.515159802417368,0.2993335868359621,0.9969164851094348,-0.1444376999059934,0.0,0.35
11.766666666666667,upright,0.5268383165812242,2.2320018759208673,-0.18611093822808578,-0.14072159871918763,0.0,0.35
11.8,upright,0.5208551968734563,0.7148738230906055,1.117081055847519,-0.14492164243710376,0.0,0.35
11.833333333333334,upright,0.5280744411857445,1.3580058698478417,-0.018971637725731183,-0.15839209667339005,0.0,0.35
11.866666666666667,upright,0.5043278620896845,-1.0730852715008015,1.4337242779641932,-0.16103208365721683,0.0,0.35
11.9,upright,0.5166811956462134,0.27854936008886344,0.3844440186854604,-0.14184262787460702,0.0,0.35
11.933333333333334,upright,0.5329071023253962,0.0335380491448492,0.09972697172815312,-0.147174200495117,0.0,0.35
11.966666666666667,upright,0.5162696331072468,1.7858764608159943,0.4945849709829508,-0.14265122213950182,0.0,0.35
12.0,upright,0.5299432190300112,1.4387790859882599,0.30861293522222416,-0.16296831947955845,0.0,0.35
12.033333333333333,upright,0.5259953192762896,-0.02108551503346323,-0.11717000904985408,-0.14413635981244907,0.0,0.35
12.066666666666666,upright,0.5385742460715045,0.5170172613888493,0.3852998075593783,-0.1329778505536476,0.0,0.35
12.1,upright,0.5236112976923285,2.581346491344316,0.5393057873789264,-0.16760762759155817,0.0,0.35
12.133333333333333,upright,0.531300124316568,0.8049267079062222,0.9738516524496474,-0.14326818648730041,0.0,0.35
12.166666666666666,upright,0.5179231602402434,-0.4794385890314926,0.07458604562838486,-0.158505204542093,0.0,0.35
12.2,upright,0.5112921482529291,0.9708627235364877,1.2019427026108436,-0.14605328470177018,0.0,0.35
12.233333333333333,upright,0.5020617540694723,0.8556821345761125,0.9179788919873906,-0.1560978290431938,0.0,0.35
12.266666666666667,upright,0.5179897424999063,0.5117505557833577,-0.27093898784934395,-0.1435171956615614,0.0,0.35
12.3,upright,0.5181857777708833,0.8356259551256222,-0.33249530668126,-0.1543745830032341,0.0,0.35
12.333333333333334,upright,0.5308357203674166,0.2017334783265864,1.236178310740043,-0.153996361856146,0.0,0.35
12.366666666666667,upright,0.5233702708862783,1.246072665498472,-0.651019439759819,-0.16760808811980776,0.0,0.35
12.4,upright,0.4971151552814486,1.5100672827417456,-0.13111488753546802,-0.12441800714331747,0.0,0.35
12.433333333333334,upright,0.5115362860201392,0.6476410425576296,1.1252659715407254,-0.12993907111840877,0.0,0.35
12.466666666666667,upright,0.550922553649546,1.466692984474514,0.8144375154868775,-0.14407473050798816,0.0,0.35
12.5,upright,0.5316754161424996,0.059051426937173246,-0.2909193300533843,-0.1500337445741095,0.0,0.35
12.533333333333333,upright,0.5174472306621261,0.13741756053817983,0.6178324684740292,-0.14044694791429488,0.0,0.35
12.566666666666666,upright,0.5213261032943777,1.6820240648442095,-0.485013468480103,-0.15193659459279718,0.0,0.35
12.6,upright,0.509247665190958,-0.9932292936584481,0.15039158849438047,-0.15121747508383282,0.0,0.35
12.633333333333333,upright,0.542701746148632,1.004649347643822,-0.414512094597523,-0.1314590743366581,0.0,0.35
12.666666666666666,upright,0.5383155054328803,0.9656781627748927,0.06410954069010086,-0.1595943923672348,0.0,0.35
12.7,upright,0.5144168983589342,1.370998895763349,1.3307517835607654,-0.1345675647172781,0.0,0.35
12.733333333333333,upright,0.512667258673206,-0.39569394663120905,0.2845317481467224,-0.1676843936556285,0.0,0.35
12.766666666666667,upright,0.5248475157127718,0.3819179309610651,-0.0796219011209453,-0.16594703067266794,0.0,0.35
12.8,upright,0.5277040015985458,0.07383932827047085,-0.5019501014261727,-0.17872262213281648,0.0,0.35
12.833333333333334,upright,0.5195872764242405,1.9178012773357953,1.196755528728722,-0.15457096256586272,0.0,0.35
12.866666666666667,upright,0.5109668190945733,0.8750194048600191,-0.39903126351297485,-0.14698208100180535,0.0,0.35
12.9,upright,0.5314912041757703,1.4815465791074462,0.13990755411202835,-0.15203673750176966,0.0,0.35
12.933333333333334,upright,0.5068302611986516,-0.16150428323188804,0.06411266485908396,-0.14632634493183821,0.0,0.35
12.966666666666667,upright,0.5337037693934987,-0.14254316054427596,1.095613141375713,-0.1527112360104257,0.0,0.35
13.0,upright,0.5196794905847735,-0.0977693433182587,-1.254544156163765,-0.1411595460363895,0.0,0.35
13.033333333333333,upright,0.5310526584563865,0.2749379543054293,0.24019443033492316,-0.144840607822959,0.0,0.35
13.066666666666666,upright,0.49656181214670186,0.07675785812296415,0.6765588077730962,-0.1625428942316925,0.0,0.35
13.1,upright,0.5244033689824995,-0.5852654436987241,0.4798579894601158,-0.15035641482297482,0.0,0.35
13.133333333333333,upright,0.4957730227614174,1.4317914835657373,-0.24075494607882952,-0.1581025243701438,0.0,0.35
13.166666666666666,upright,0.5230085379584641,1.4189098795429722,-0.4094930913870381,-0.1493832015015203,0.0,0.35
13.2,upright,0.5264322475049587,1.0544844858105153,0.3058649331663351,-0.15367027839083322,0.0,0.35
13.233333333333333,upright,0.5075861466902692,0.5689151064370999,-0.4432834071913641,-0.17921350483494608,0.0,0.35
13.266666666666667,upright,0.526548397062365,1.2231478728689562,-1.217759461325103,-0.16009730704709937,0.0,0.35
13.3,upright,0.529287313915078,2.145996375769359,0.21247622460524473,-0.15728002941229133,0.0,0.35
13.333333333333334,upright,0.5172565533834275,1.599901135318548,-0.18757850747472116,-0.15799192006650253,0.0,0.35
13.366666666666667,upright,0.5127588471672695,-0.2626628866069699,0.2736021895968773,-0.13375321541530438,0.0,0.35
13.4,upright,0.5248461890967404,0.2981171982989699,0.024913238650673547,-0.16563190808696657,0.0,0.35
13.433333333333334,upright,0.5332466466572074,0.4377302423897584,0.09171205184562463,-0.11806892432155139,0.0,0.35
13.466666666666667,upright,0.5244812936254853,-0.1014328400761475,-0.05581455772332594,-0.13851554290803245,0.0,0.35
13.5,upright,0.5216990561580664,-0.6506223826538935,0.7515373607451221,-0.15668144085538993,0.0,0.35
13.533333333333333,upright,0.5480994666432633,1.3640384525717189,-0.06839313739525071,-0.13718983638264887,0.0,0.35
13.566666666666666,upright,0.521017832657911,1.1822189400977756,0.49083969037668485,-0.15846356654990873,0.0,0.35
13.6,upright,0.5103467525152381,1.3239686540649291,-0.0008651992639245043,-0.15403648463241995,0.0,0.35
13.633333333333333,upright,0.5056731613097597,0.8388792524747688,1.437514951545887,-0.16067532914254273,0.0,0.35
13.666666666666666,upright,0.5203632918500913,1.6297764443323435,0.15221516525257092,-0.14547628203750265,0.0,0.35
13.7,upright,0.5040640970777969,0.8426456777661189,0.08771344099727074,-0.14014270004320137,0.0,0.35
13.733333333333333,upright,0.5378107907734713,2.5716509136148913,0.5477799039281455,-0.14674203683417833,0.0,0.35
13.766666666666667,upright,0.5229157645236601,0.2174669657514493,0.4030903060770147,-0.15295401410139028,0.0,0.35
13.8,upright,0.5225269146440442,1.5540780284863678,-0.4039255391677847,-0.13860121438870954,0.0,0.35
13.833333333333334,upright,0.5397567260100979,0.405545178407137,-1.0731129394051568,-0.1560782198709443,0.0,0.35
13.866666666666667,upright,0.5394549181984166,0.4817055501608943,-0.39958133937694645,-0.15504774921228218,0.0,0.35
13.9,upright,0.5326093003975683,0.9373868545611035,0.056640740498183434,-0.15366824411814686,0.0,0.35
13.933333333333334,upright,0.5141236277643427,-0.2379281475988021,1.169225413681665,-0.1532232046921134,0.0,0.35
13.966666666666667,upright,0.5382573778123825,1.7170528415379611,0.7989865388887762,-0.15431620312718047,0.0,0.35
14.0,upright,0.5260559513550491,0.4806435148872671,-0.3422211164380769,-0.14675640718278396,0.0,0.35
14.033333333333333,upright,0.502314403132603,1.450143510769251,-0.07877037837903583,-0.1479884034412716,0.0,0.35
14.066666666666666,upright,0.5242493180731922,0.29287602103673815,0.5520162808851649,-0.15474903656622524,0.0,0.35
14.1,upright,0.5330694594618587,-0.5767837441973989,0.27582774772784713,-0.13061071000941715,0.0,0.35
14.133333333333333,upright,0.5049950301309164,-0.042195976419881265,0.5083447097953491,-0.14820418218060402,0.0,0.35
14.166666666666666,upright,0.5252594514891034,0.8913497041181309,0.580832881137062,-0.13890300158043775,0.0,0.35
14.2,upright,0.5261472798539277,0.30699387630516606,0.6035442207216388,-0.13100118065104785,0.0,0.35
14.233333333333333,upright,0.5180104938042615,-0.27962344373651327,0.8642484015721836,-0.15120381163953597,0.0,0.35
14.266666666666667,upright,0.4874099568097895,1.1779373417203374,-0.12119691157235363,-0.1509053328230416,0.0,0.35
14.3,upright,0.5249797049585352,0.6523997438232532,0.6256710902834237,-0.15435486370569843,0.0,0.35
14.333333333333334,upright,0.5276965869726412,0.2923626579328662,0.6432862885325018,-0.14384632515986945,0.0,0.35
14.366666666666667,upright,0.5059684194693311,1.3687856929400257,-0.12157806706842877,-0.14191942201718855,0.0,0.35
14.4,upright,0.5255093097010202,1.970546941436098,0.06592041057688874,-0.15349316796118198,0.0,0.35
14.433333333333334,upright,0.519708705911684,0.2574561737325797,0.6799651411652301,-0.16616310608436588,0.0,0.35
14.466666666666667,upright,0.5041947637128047,-0.3542423372633545,0.7701845551841455,-0.13289386627418073,0.0,0.35
14.5,upright,0.5184332617219379,0.3649426214479915,0.24203129786790883,-0.1383812169739181,0.0,0.35
14.533333333333333,upright,0.5060897029871414,0.6906951861878281,0.7851185778694578,-0.14498905830060155,0.0,0.35
14.566666666666666,upright,0.5228437242489812,1.3008368740537128,-1.4219393757995422,-0.14322124680469092,0.0,0.35
14.6,upright,0.5101888647530887,-0.9645063174851656,0.5067215597149884,-0.13626341454837043,0.0,0.35
14.633333333333333,upright,0.5179382722805846,1.262299637762351,1.1673669547931873,-0.1368508554641595,0.0,0.35
14.666666666666666,upright,0.5445994679405709,1.0937019928575138,0.24526018334095567,-0.16601965811897168,0.0,0.35
14.7,upright,0.5163090626780508,-0.1745972762529534,1.502565630498688,-0.15175885812432335,0.0,0.35
14.733333333333333,upright,0.5218480721017673,0.941188300832374,0.22616146782347224,-0.13304948959569246,0.0,0.35
14.766666666666667,upright,0.5106602595739832,0.6556859641897942,-0.2454823514188289,-0.16320022511220705,0.0,0.35
14.8,upright,0.5108234636364207,0.4703705623612704,-0.05758133471035598,-0.15692420979873856,0.0,0.35
14.833333333333334,upright,0.4989052380449225,0.43351554189704417,-0.7028322244186014,-0.14239944036310398,0.0,0.35
14.866666666666667,upright,0.5212365962940175,-0.6660411995719444,0.014474553770081944,-0.15752156405590584,0.0,0.35
14.9,upright,0.5247876176562877,1.5723603568185156,-0.9251034817874468,-0.14884973920852582,0.0,0.35
14.933333333333334,upright,0.5175980080665004,1.0370720611603725,0.3279179769426135,-0.1575196933173882,0.0,0.35
14.966666666666667,upright,0.5152141909650008,-0.13682068544279125,0.845604283159159,-0.14978688351328057,0.0,0.35
15.0,upright,0.4285178602862951,4.951471348948304,4.774955939853722,-0.16513714392612827,0.0,0.35
15.033333333333333,upright,0.37295290485616084,3.732691245595608,5.36027599060689,-0.14491274976770066,0.0,0.35
15.066666666666666,upright,0.37628213946951805,5.716030651260892,4.910163368989936,-0.1485320698801445,0.0,0.35
15.1,upright,0.42418330942383137,5.7174714526924255,5.0388816112565005,-0.15891192225415288,0.0,0.35
15.133333333333333,upright,0.36772276898006045,4.424677344606064,5.073321856703384,-0.15987179527151182,0.0,0.35
15.166666666666666,upright,0.39803114549361546,5.061481506367015,5.065086410915153,-0.1565000258082346,0.0,0.35
15.2,upright,0.40252982007950094,5.353552519655527,4.545760553534293,-0.1358906762025373,0.0,0.35
15.233333333333333,upright,0.3985211780157361,5.015079698355878,5.624928653953934,-0.14766783868736497,0.0,0.35
15.266666666666667,upright,0.4142970495086987,5.229699332161459,4.832537575215738,-0.14638496474793897,0.0,0.35
15.3,upright,0.3828441068901901,5.0868477646212185,5.1800620056133235,-0.15208116857272538,0.0,0.35
15.333333333333334,upright,0.39807193732841606,3.494520763601889,4.870765055355423,-0.14907155098858885,0.0,0.35
15.366666666666667,upright,0.402397845879961,4.177859887259233,5.9594247045188204,-0.158661748482145,0.0,0.35
15.4,upright,0.41454185800790105,5.341755489497348,4.812263614093719,-0.13224689107390486,0.0,0.35
15.433333333333334,upright,0.3820954475236528,5.735323338888001,5.8003493908257875,-0.15670620209076644,0.0,0.35
15.466666666666667,upright,0.42088697950096493,4.799962788320838,5.373216177567914,-0.14739678161228778,0.0,0.35
15.5,upright,0.3979853688779418,5.648646618527826,5.676093232331328,-0.1674853197323818,0.0,0.35
15.533333333333333,upright,0.4195651036431723,3.67000640957146,5.819527722604994,-0.13873294863172417,0.0,0.35
15.566666666666666,upright,0.38363550354677206,4.671348569636332,4.5365771989084385,-0.15214921030288736,0.0,0.35
15.6,upright,0.39537948573721393,5.623728425815472,5.986185247671765,-0.13604316189210044,0.0,0.35
15.633333333333333,upright,0.3915674796013255,4.832622501004378,4.18993708466743,-0.1580587006649619,0.0,0.35
15.666666666666666,upright,0.41447277449646186,6.292466258838585,4.459390676872047,-0.15592464259152894,0.0,0.35
15.7,upright,0.3996039136456161,5.224128927055686,4.714237888047013,-0.1457593895553591,0.0,0.35
15.733333333333333,upright,0.3928924097939363,4.988438183297377,5.52777054880222,-0.14993577730189062,0.0,0.35
15.766666666666667,upright,0.3934542116421015,4.912312156859335,5.146982224476799,-0.15370011029882127,0.0,0.35
15.8,upright,0.3961180590599935,6.278917736403773,5.536551668764743,-0.1529548031802916,0.0,0.35
15.833333333333334,upright,0.41045431606766103,4.732944408195192,5.903874782551985,-0.14630357807801905,0.0,0.35
15.866666666666667,upright,0.3983904678399366,5.358173540648222,4.2574743087589,-0.16126767468909806,0.0,0.35
15.9,upright,0.3820911249040142,5.114354475810965,6.239508999691055,-0.12768699853807366,0.0,0.35
15.933333333333334,upright,0.4095707665216114,5.400675579955566,4.119365359508357,-0.15542673799734022,0.0,0.35
15.966666666666667,upright,0.3881832437213764,4.503321921399107,5.099113708849126,-0.15472090577697126,0.0,0.35
16.0,upright,0.37031050284436323,5.5983282048940275,4.556354184556116,-0.1476075313588885,0.0,0.35
16.033333333333335,upright,0.4311112400462496,4.264492326730862,3.6818274863522022,-0.1528600422188011,0.0,0.35
16.066666666666666,upright,0.41651439452497857,6.566677963376475,4.46227024332855,-0.14503300776763478,0.0,0.35
16.1,upright,0.3930203431482992,4.915241316556691,6.786606008210221,-0.16502970328395153,0.0,0.35
16.133333333333333,upright,0.40380609492241865,5.3741545374123465,5.851471794963609,-0.14902016846529104,0.0,0.35
16.166666666666668,upright,0.40462075809256154,4.6866811460625675,5.361476164747065,-0.1534319227549741,0.0,0.35
16.2,upright,0.4093235783478408,4.704311731165093,5.426260236341312,-0.15029262813684977,0.0,0.35
16.233333333333334,upright,0.4168907537615825,4.958885021129211,4.136180519075872,-0.13738078499286008,0.0,0.35
16.266666666666666,upright,0.3864140154870607,4.476986929080944,4.842603223573905,-0.1362556190682918,0.0,0.35
16.3,upright,0.3679648867903196,7.510198826927995,5.833634085439631,-0.1477676108587084,0.0,0.35
16.333333333333332,upright,0.3991765899907557,5.2284432598861255,5.512673457027603,-0.14354784414049943,0.0,0.35
16.366666666666667,upright,0.40833406699005176,5.071664545004199,5.081596947815605,-0.1515127328365351,0.0,0.35
16.4,upright,0.3970763757947098,5.907016077493652,5.556134033368517,-0.17940388634664278,0.0,0.35
16.433333333333334,upright,0.40983851164794644,5.15578895577502,5.188774746132462,-0.15388518453088884,0.0,0.35
16.466666666666665,upright,0.41686169079979024,5.758021169698287,4.736273399305834,-0.14592947712875465,0.0,0.35
16.5,upright,0.38542514898188074,3.8963054681688556,4.823969665246021,-0.1413760652761724,0.0,0.35
16.533333333333335,upright,0.41429687568064133,5.410468336077835,5.635057472108798,-0.14483821712885042,0.0,0.35
16.566666666666666,upright,0.39037777607165575,5.345538035739152,5.68024571513661,-0.14245708670186424,0.0,0.35
16.6,upright,0.41783370057211966,5.566643077760851,5.41086892452495,-0.13929849761683571,0.0,0.35
16.633333333333333,upright,0.3996021811112641,4.294500279017826,5.102159821633742,-0.1574490264480645,0.0,0.35
16.666666666666668,upright,0.3898723258753843,4.884385063427586,4.724548047400024,-0.1530796152963904,0.0,0.35
16.7,upright,0.37159577999569327,5.170634965898351,5.200723285217335,-0.1581708863106819,0.0,0.35
16.733333333333334,upright,0.4098886850264861,5.750056110101247,4.235464081378616,-0.15762724778566214,0.0,0.35
16.766666666666666,upright,0.38846286475319053,4.2480775191129085,5.697684905159049,-0.15193826138772804,0.0,0.35
16.8,upright,0.39603227738034086,3.3969101084745974,5.581250818125536,-0.16239258394853473,0.0,0.35
16.833333333333332,upright,0.40089898945399494,5.221901550366553,6.016395157503191,-0.16308820399119112,0.0,0.35
16.866666666666667,upright,0.35470731766268765,5.147079635802956,6.2803067089065125,-0.13761053647060562,0.0,0.35
16.9,upright,0.4031448912291194,4.606691051494362,5.684273557982387,-0.1597354619970447,0.0,0.35
16.933333333333334,upright,0.40714536654034333,5.404376127333301,5.836125944499328,-0.12240339961088922,0.0,0.35
16.966666666666665,upright,0.40588623950768155,4.592829099434001,5.184655412684804,-0.1676907590488912,0.0,0.35
17.0,upright,0.38957930303366417,4.6725740495095165,4.885546961239244,-0.14847645127966277,0.0,0.35
17.033333333333335,upright,0.387663701014267,5.8968245338595775,5.200124238950918,-0.15009300321138613,0.0,0.35
17.066666666666666,upright,0.39508157925230625,5.124152547087183,5.695058958800581,-0.158671302157109,0.0,0.35
17.1,upright,0.3901282526638712,4.757019176978668,4.392477445916072,-0.15819257859721497,0.0,0.35
17.133333333333333,upright,0.3928566868968301,5.699511344570182,5.357536797401155,-0.14806410088632455,0.0,0.35
17.166666666666668,upright,0.4127634694325196,4.890102569280483,5.434278909957334,-0.15103221752932497,0.0,0.35
17.2,upright,0.4039804352409945,4.533793073910735,3.7367097050341425,-0.15134279162186304,0.0,0.35
17.233333333333334,upright,0.4213412220414991,5.740972321793274,5.779238490754702,-0.13763869278193783,0.0,0.35
17.266666666666666,upright,0.4013298638644216,5.157852565924476,4.82940886273939,-0.1531607285602705,0.0,0.35
17.3,upright,0.40923656724656715,5.963107549735053,5.1163322345914,-0.1545018926485141,0.0,0.35
17.333333333333332,upright,0.40000791938284896,5.480965399143292,4.333687110319875,-0.17296180953137238,0.0,0.35
17.366666666666667,upright,0.3917419472576263,4.023430059268673,4.895115881411614,-0.15147780318817472,0.0,0.35
17.4,upright,0.3932012738646548,6.161974027576596,5.396046858761392,-0.14699525640389172,0.0,0.35
17.433333333333334,upright,0.4093331071606511,4.088933505775385,5.8234670724521616,-0.1507576428653546,0.0,0.35
17.466666666666665,upright,0.4100572092586182,4.142514213567876,4.267744740390362,-0.1418211034197497,0.0,0.35
17.5,upright,0.4056461428914628,4.278358756513992,4.678202151235183,-0.1387456521558523,0.0,0.35
17.533333333333335,upright,0.3821588216069901,6.314138362604771,4.659627559211279,-0.14361608074391616,0.0,0.35
17.566666666666666,upright,0.39507072286376527,5.482549944865874,4.873531598731485,-0.15162792906072295,0.0,0.35
17.6,upright,0.40061378763093586,4.198250035374822,5.644494607252076,-0.15513213566471584,0.0,0.35
17.633333333333333,upright,0.39657100126989975,4.2045205003131905,3.662599804722814,-0.15191027762600168,0.0,0.35
17.666666666666668,upright,0.43618923132419374,5.627683430318419,5.1884437721593635,-0.15262890829208267,0.0,0.35
17.7,upright,0.40033698839218074,5.437695292140168,4.491512310814693,-0.13885678305331128,0.0,0.35
17.733333333333334,upright,0.4107307197316187,5.574548580566348,5.463085443285837,-0.14980383342306008,0.0,0.35
17.766666666666666,upright,0.4100929185395023,5.473451306993103,4.987575573435386,-0.155736017728969,0.0,0.35
17.8,upright,0.4015278444289298,6.23921612119615,4.45653575460766,-0.1646752526575244,0.0,0.35
17.833333333333332,upright,0.4024714126185478,5.040710161484815,5.304004998622245,-0.147560468020915,0.0,0.35
17.866666666666667,upright,0.39665196618047793,6.191890750881666,4.239457612914091,-0.15828497024780244,0.0,0.35
17.9,upright,0.3984511785977643,3.6854489510766664,5.094487357340758,-0.1333852983427198,0.0,0.35
17.933333333333334,upright,0.40031329732443943,5.184560724574947,4.443901140896452,-0.15616361408039478,0.0,0.35
17.966666666666665,upright,0.394372054295141,4.745827922595013,5.968986277002261,-0.14442308939274875,0.0,0.35
18.0,upright,0.38332813064594456,5.197203822745604,5.4989330490980715,-0.13859850961478734,0.0,0.35
18.033333333333335,upright,0.4237081102985256,4.187924646537705,4.713485493273797,-0.16257577858914615,0.0,0.35
18.066666666666666,upright,0.3964897021133953,5.373086699557067,5.792400709953461,-0.15075951023642523,0.0,0.35
18.1,upright,0.3952022871511774,5.121406393798992,4.698914259021986,-0.12910461278305227,0.0,0.35
18.133333333333333,upright,0.37588508459322917,5.14779246311658,6.4141637315377835,-0.1499320015544,0.0,0.35
18.166666666666668,upright,0.3971494144749776,4.714043661751658,5.091764990942555,-0.1362715152532347,0.0,0.35
18.2,upright,0.3668220713300574,6.22674696103706,4.345625708529913,-0.15266652329234415,0.0,0.35
18.233333333333334,upright,0.3935613336955201,5.470842615816576,4.241125388869752,-0.14537827333918057,0.0,0.35
18.266666666666666,upright,0.4303646443493028,3.9094607963257513,5.313823700566237,-0.15661982177796607,0.0,0.35
18.3,upright,0.40638830809289556,5.015318221932602,4.815107854573414,-0.14512127715128925,0.0,0.35
18.333333333333332,upright,0.42706522164680116,4.847276966618161,5.631854765288909,-0.16293272957871163,0.0,0.35
18.366666666666667,upright,0.3856534543477299,5.377925022304302,6.090469617121579,-0.1464438665121434,0.0,0.35
18.4,upright,0.3953041295421527,4.999433124338683,4.44975535961817,-0.14395484673644632,0.0,0.35
18.433333333333334,upright,0.41323499593485113,4.638327733733536,4.917974711344299,-0.14734121770347952,0.0,0.35
18.466666666666665,upright,0.3934492039593911,4.947093908299342,6.45983307349991,-0.15247025700745998,0.0,0.35
18.5,upright,0.3946248977196817,4.481966555491873,5.646515182899963,-0.15181224173218102,0.0,0.35
18.533333333333335,upright,0.39025940442517865,6.0570432258184095,6.0517618027081825,-0.15600423565738705,0.0,0.35
18.566666666666666,upright,0.3720019007295908,5.8060109518695375,4.789222104543998,-0.1420937440083723,0.0,0.35
18.6,upright,0.3704484427343225,5.714077870639447,4.473296842431531,-0.14269235880933476,0.0,0.35
18.633333333333333,upright,0.40021409601754654,4.236848464482684,4.955778212243932,-0.143136815430433,0.0,0.35
18.666666666666668,upright,0.4015884167967285,5.467530384377987,6.385864350709292,-0.1656424161171105,0.0,0.35
18.7,upright,0.42425818862452935,5.08348475001857,4.660729571006123,-0.1633031362573899,0.0,0.35
18.733333333333334,upright,0.3971631941383445,5.737320089539567,5.123470527773479,-0.13488845069752653,0.0,0.35
18.766666666666666,upright,0.37823236464922666,4.990328841723156,4.448563933352129,-0.14636368117375032,0.0,0.35
18.8,upright,0.41330331085145955,4.663390565055157,3.6374716860237197,-0.14801051853203506,0.0,0.35
18.833333333333332,upright,0.4065510782760027,5.323435803969359,5.9414693150932925,-0.16071053679649047,0.0,0.35
18.866666666666667,upright,0.41020324158175675,5.95400600998238,4.13284744959609,-0.14680348174081023,0.0,0.35
18.9,upright,0.39243730253488496,4.934781861518683,5.408605890123002,-0.1548722856411355,0.0,0.35
18.933333333333334,upright,0.38986437881257585,5.02732193399042,4.547652436682319,-0.16085825128885184,0.0,0.35
18.966666666666665,upright,0.4101905992443476,4.0809647718730755,5.599787500545528,-0.1453740870714605,0.0,0.35
19.0,upright,0.37411289906814105,4.457948278131476,5.916465641828424,-0.15981165531139682,0.0,0.35
19.033333333333335,upright,0.3930339360653592,5.369648714601517,5.6700343055695575,-0.15251538886044494,0.0,0.35
19.066666666666666,upright,0.3910373470796254,6.1378958893588065,6.243339798278548,-0.14021141949218205,0.0,0.35
19.1,upright,0.4012797721384754,4.353387422687259,4.701733356066061,-0.14477485894734243,0.0,0.35
19.133333333333333,upright,0.40627597331333026,6.121278874357143,5.5902700555216835,-0.16503080301759818,0.0,0.35
19.166666666666668,upright,0.4157792142658438,4.201551498148469,4.969617236828589,-0.14749799793748306,0.0,0.35
19.2,upright,0.42993501234675946,7.487934844804289,5.56403383548171,-0.15183196618720388,0.0,0.35
19.233333333333334,upright,0.4080175847272083,5.710124340699069,5.007599424665685,-0.13204788644087678,0.0,0.35
19.266666666666666,upright,0.40345106138787107,5.398194471273116,5.599554551232677,-0.14578413389385544,0.0,0.35
19.3,upright,0.4125841075070442,4.506197450762461,4.8650189476323815,-0.16100154232971695,0.0,0.35
19.333333333333332,upright,0.40659251845930344,5.623149202809691,5.474663719691131,-0.13325507566652461,0.0,0.35
19.366666666666667,upright,0.39991605971756433,5.53499332447401,4.544979474316412,-0.153870997024744,0.0,0.35
19.4,upright,0.4104330663634867,5.679281688594515,5.023619831401491,-0.15071599251858067,0.0,0.35
19.433333333333334,upright,0.3772318937997879,4.714376639354713,5.734229898111872,-0.14424794983893433,0.0,0.35
19.466666666666665,upright,0.4075099858207182,5.039818949744768,5.204237895176906,-0.15660321139473446,0.0,0.35
19.5,upright,0.41048242630303805,5.336778355511512,5.49521130879568,-0.1552603484266758,0.0,0.35
19.533333333333335,upright,0.36769985620193135,5.877722169402957,4.9126975263949575,-0.1586277576404312,0.0,0.35
19.566666666666666,upright,0.41040218367870995,4.686389888064697,5.835961830427973,-0.143829940504233,0.0,0.35
19.6,upright,0.41025353984800716,3.9072354310395725,5.92716639123184,-0.14738749468766144,0.0,0.35
19.633333333333333,upright,0.39446084291130695,5.114710773873801,4.134258860261008,-0.1459134718851933,0.0,0.35
19.666666666666668,upright,0.38455942737726895,3.9178637713251723,4.286584488269265,-0.13887311625010074,0.0,0.35
19.7,upright,0.3905610490946082,6.226982167933199,4.878519122168622,-0.16707357957592947,0.0,0.35
19.733333333333334,upright,0.38325213340077013,5.988649296005551,5.106461093238,-0.155482872964906,0.0,0.35
19.766666666666666,upright,0.40240027338779183,5.401426188934036,5.870439289541476,-0.13551500770107072,0.0,0.35
19.8,upright,0.39460347031316373,3.9391618511343696,4.951920903326035,-0.14739719493417114,0.0,0.35
19.833333333333332,upright,0.38554361610684085,4.234279268083966,5.406272728929931,-0.15048652351570452,0.0,0.35
19.866666666666667,upright,0.40049195493117384,4.393203732239945,5.06175957147654,-0.15924233144268304,0.0,0.35
19.9,upright,0.41335297616687183,5.828199467779002,4.092287282657144,-0.15929510860192408,0.0,0.35
19.933333333333334,upright,0.3775520611736488,4.4799808524744815,5.149937218125784,-0.1644964521969853,0.0,0.35
19.966666666666665,upright,0.3861721028031203,4.196834102334801,5.324360397639366,-0.1493065566296375,0.0,0.35
20.0,slouch,0.3291739366999412,0.6414566977115184,-0.12800805075235921,-0.2327165511032605,0.0,0.35
20.033333333333335,slouch,0.36510178135447807,1.5723688414322783,-0.5797487421565586,-0.22170267582120823,0.0,0.35
20.066666666666666,slouch,0.3521709483173739,-0.4186106310020947,0.6912665862529164,-0.21462068081587446,0.0,0.35
20.1,slouch,0.3231618279063338,-0.23400225681141096,0.8105968801061014,-0.2272850468917435,0.0,0.35
20.133333333333333,slouch,0.34827214412859286,0.7724713731203974,0.4344175525568865,-0.2432647212831108,0.0,0.35
20.166666666666668,slouch,0.35570976559932177,1.435671993942219,0.062365553559183357,-0.2304347694981386,0.0,0.35
20.2,slouch,0.3170333874616642,0.9114038048142679,0.5432344650284864,-0.2306219101699931,0.0,0.35
20.233333333333334,slouch,0.3568653003980576,0.2327382152160476,0.5387635555361602,-0.24019664338692115,0.0,0.35
20.266666666666666,slouch,0.3396467177368864,0.3605165936777313,0.335184753224565,-0.23369526928833356,0.0,0.35
20.3,slouch,0.338027911064925,1.160837737153205,-0.062058542342930456,-0.24606577100738677,0.0,0.35
20.333333333333332,slouch,0.36624375856308133,1.6051632629523893,-0.5753576170633712,-0.22310292194754805,0.0,0.35
20.366666666666667,slouch,0.3324553784417299,0.7107897722648476,0.3765344774080962,-0.2323440780031632,0.0,0.35
20.4,slouch,0.3282435150162041,-0.05243284185300756,-0.3497151492887454,-0.23831822208230444,0.0,0.35
20.433333333333334,slouch,0.3389923256492597,-0.0726079912886014,0.609231239427572,-0.2151275384466407,0.0,0.35
20.466666666666665,slouch,0.3312992013794494,0.6915236004283016,0.4998110661817603,-0.22527997729080723,0.0,0.35
20.5,slouch,0.34113932901874133,1.094145934687778,0.4893493716083943,-0.24237662422327297,0.0,0.35
20.533333333333335,slouch,0.3530373409658391,1.2098326698133937,-0.2579716625071489,-0.22962062164552396,0.0,0.35
20.566666666666666,slouch,0.35024993489216605,0.3325489443365107,0.8437868286596071,-0.20636127505380636,0.0,0.35
20.6,slouch,0.3282102095104753,-0.6048356825230199,0.3822911573629254,-0.22278437494873854,0.0,0.35
20.633333333333333,slouch,0.3365370043923285,1.6626085306568275,-0.6031634798339491,-0.22307081376968388,0.0,0.35
20.666666666666668,slouch,0.33091208768861663,1.8755023249658374,1.395509211900871,-0.23766656587783347,0.0,0.35
20.7,slouch,0.3317566429613713,1.1876703095838415,-0.032278389873708735,-0.23045411217932235,0.0,0.35
20.733333333333334,slouch,0.34038082630813615,-1.0357385249581252,0.19169735234345767,-0.23689727774064173,0.0,0.35
20.766666666666666,slouch,0.33260315766400345,1.6549056027750513,-0.5539041365675537,-0.2218679481325202,0.0,0.35
20.8,slouch,0.3358155560450229,0.2761918652033325,0.6742231376310268,-0.22659948705431107,0.0,0.35
20.833333333333332,slouch,0.34855919495829296,1.274547728426289,0.0012149700900063731,-0.2361223673450775,0.0,0.35
20.866666666666667,slouch,0.32372274210163304,-0.16032842398316416,1.969456655185235,-0.2175532041926321,0.0,0.35
20.9,slouch,0.31973388450687973,-0.5579663653948561,0.4891196370310949,-0.22452735202622032,0.0,0.35
20.933333333333334,slouch,0.3482332575297605,0.2960353651570417,0.12472744399825988,-0.2267212047584064,0.0,0.35
20.966666666666665,slouch,0.34128839509439995,-1.2754402981980282,0.062120221654883734,-0.2385140643426031,0.0,0.35
21.0,slouch,0.3426281712836277,2.8882072020827283,0.4204889992845826,-0.23313529686172396,0.0,0.35
21.033333333333335,slouch,0.3538270225296588,0.8861503097673702,0.4520566942711048,-0.22393149406784327,0.0,0.35
21.066666666666666,slouch,0.37084815347244315,-0.4047107482607326,0.4841792460868727,-0.23926381129981536,0.0,0.35
21.1,slouch,0.34833268969513376,-0.23494920918887552,-0.0504200881630506,-0.23295089914237904,0.0,0.35
21.133333333333333,slouch,0.35463725079017067,1.234763555153931,-0.5474304258678306,-0.2294506588900015,0.0,0.35
21.166666666666668,slouch,0.32935630217876244,-0.5068039285402677,0.06978976974537776,-0.23308482788455817,0.0,0.35
21.2,slouch,0.37640074729518286,0.8463678602885569,-0.6265705004525424,-0.2356477400417094,0.0,0.35
21.233333333333334,slouch,0.355320749431441,2.17075421829594,-0.7515899873427749,-0.24879924385139043,0.0,0.35
21.266666666666666,slouch,0.36806447763057676,0.8116913418967231,-0.3209756391258199,-0.22465370913877564,0.0,0.35
21.3,slouch,0.3004637839147469,0.5027004052777287,0.3966927037058512,-0.22075729860462168,0.0,0.35
21.333333333333332,slouch,0.32479156071561194,0.5685497291226872,-0.3552547756357523,-0.2274461624432568,0.0,0.35
21.366666666666667,slouch,0.32656980516455464,0.17351932867182351,-0.39748923687413745,-0.2234886375817634,0.0,0.35
21.4,slouch,0.35287676674985,0.31230354403406896,0.22294279697601702,-0.24448591414633541,0.0,0.35
21.433333333333334,slouch,0.33550485027989824,0.45983630636660416,1.7724758546179848,-0.24111967025774161,0.0,0.35
21.466666666666665,slouch,0.36196265858128657,1.2974870187726464,0.3683818426940818,-0.21241379515804865,0.0,0.35
21.5,slouch,0.34558158208910295,0.8113273565343431,0.1681276081894728,-0.2177643111758137,0.0,0.35
21.533333333333335,slouch,0.3564470385071633,-0.0005418299969699447,-0.5915483167592603,-0.23202980637395657,0.0,0.35
21.566666666666666,slouch,0.32799942153403533,0.4491803403077159,0.9424628808104836,-0.23457301655086787,0.0,0.35
21.6,slouch,0.3393576492803264,0.5464181878467161,0.7090585293231708,-0.252468893339846,0.0,0.35
21.633333333333333,slouch,0.33089949557852055,0.6690269538235782,0.9200473738561168,-0.23491902447506202,0.0,0.35
21.666666666666668,slouch,0.3118517094093719,0.995769156772909,-0.1812174332953776,-0.2418966665909036,0.0,0.35
21.7,slouch,0.33063481915430165,0.35237971387532036,-0.16284679872292762,-0.25205566057099066,0.0,0.35
21.733333333333334,slouch,0.353455992953307,1.5199000330229777,0.5909131948037034,-0.24137685670424816,0.0,0.35
21.766666666666666,slouch,0.33697762699078726,0.49478294781643356,0.5592766337371462,-0.22331659511281918,0.0,0.35
21.8,slouch,0.3289873930183226,0.5655964451308484,0.4743682427691447,-0.21544177677853232,0.0,0.35
21.833333333333332,slouch,0.35056759809737087,1.1312453499004151,0.25029597675761656,-0.21589540854796493,0.0,0.35
21.866666666666667,slouch,0.3461464419393925,-0.1888703281388564,1.0420219820751144,-0.2230209672746097,0.0,0.35
21.9,slouch,0.33335433968307276,0.11640562608060528,0.37794532708445705,-0.22536815204732413,0.0,0.35
21.933333333333334,slouch,0.3429593839844681,0.749046938754308,1.2199744247458282,-0.21928456847765113,0.0,0.35
21.966666666666665,slouch,0.3428595338689754,1.2530484646139866,-0.41951434211652366,-0.2260207295005319,0.0,0.35
22.0,slouch,0.36713959524599665,0.3255632836861009,-0.3085803571714509,-0.2365208888859306,0.0,0.35
22.033333333333335,slouch,0.3236555044398642,-0.12780952650216282,-0.022304859154017365,-0.2440556701917864,0.0,0.35
22.066666666666666,slouch,0.3402342750092441,1.2218217390293178,-0.34465370808815216,-0.2148071607635823,0.0,0.35
22.1,slouch,0.3476618813279139,1.324464468499246,-0.1947007323112822,-0.22145474772933382,0.0,0.35
22.133333333333333,slouch,0.3236209914940703,1.212198000669207,0.30310360387611873,-0.22446748780015213,0.0,0.35
22.166666666666668,slouch,0.32236608091562724,-0.21605587382128377,0.5583369309520309,-0.239483480042242,0.0,0.35
22.2,slouch,0.3469480943814869,-0.5937102451681966,0.7089045276000008,-0.24232523314768506,0.0,0.35
22.233333333333334,slouch,0.3482844990651929,1.0005047469168007,-0.2180630910577449,-0.22417973432915272,0.0,0.35
22.266666666666666,slouch,0.34390663395000337,0.06892651504580938,-0.40513281044572486,-0.24962625691672577,0.0,0.35
22.3,slouch,0.34524475070949545,-0.7518422170896442,0.2572065196647849,-0.23263448216082247,0.0,0.35
22.333333333333332,slouch,0.35018714163157294,0.25836360040810863,0.0023313281917451967,-0.22268129295711703,0.0,0.35
22.366666666666667,slouch,0.34502587043626176,0.7529247657462226,0.48156055388511576,-0.24535572123207103,0.0,0.35
22.4,slouch,0.35135183019980476,0.9899750352108818,-0.41000987714589826,-0.232440804736742,0.0,0.35
22.433333333333334,slouch,0.33941039068558554,0.3924025724786138,0.4003159799411208,-0.21568633218168815,0.0,0.35
22.466666666666665,slouch,0.35622650091509245,-0.549775354745125,0.5732419941836292,-0.21671066680464587,0.0,0.35
22.5,slouch,0.3458021278103381,1.3727843401487736,1.4073622674204591,-0.21976290453893016,0.0,0.35
22.533333333333335,slouch,0.34373962893462595,1.3360707792678028,0.28693269985813474,-0.22976096956715042,0.0,0.35
22.566666666666666,slouch,0.33472878646429405,1.7507306870656867,-0.29105719956520076,-0.21467632275321882,0.0,0.35
22.6,slouch,0.3474979618561056,-0.6194449398415534,0.42058957579485295,-0.25100026507651624,0.0,0.35
22.633333333333333,slouch,0.3493826202524656,1.208185186391193,-0.15541357339123213,-0.22876452304044415,0.0,0.35
22.666666666666668,slouch,0.3693123615062543,0.09540263659045062,-0.43534455223396024,-0.215183365975374,0.0,0.35
22.7,slouch,0.36943880785796196,0.5029565374782778,0.8068778212450138,-0.21658524084469116,0.0,0.35
22.733333333333334,slouch,0.32886273651192427,0.11175533170570534,0.9385247078928409,-0.21314985721291488,0.0,0.35
22.766666666666666,slouch,0.3484432129026154,-0.20385148280164345,1.3922366670196646,-0.23530970897811962,0.0,0.35
22.8,slouch,0.3349729332824283,0.7738702675916972,1.1324962524288644,-0.22146024023447775,0.0,0.35
22.833333333333332,slouch,0.34622298250542866,0.870630824094485,0.22610880118607965,-0.2244186048548149,0.0,0.35
22.866666666666667,slouch,0.30205659883458547,0.2627140327441613,0.3447931609500686,-0.24151014083619504,0.0,0.35
22.9,slouch,0.34579484976717345,0.33642302321110273,1.253285418989294,-0.21426980274785143,0.0,0.35
22.933333333333334,slouch,0.33301291646322756,0.3793298307466437,0.15563146063496447,-0.2345165947615962,0.0,0.35
22.966666666666665,slouch,0.34292537476042195,-0.10662565511007216,-0.47836920096251573,-0.2237728877609973,0.0,0.35
23.0,slouch,0.3494429437633272,-0.14345260772799395,0.7372132584575597,-0.2363157772916533,0.0,0.35
23.033333333333335,slouch,0.34379747857056975,1.156275210089965,0.1798324611777722,-0.22545259087858863,0.0,0.35
23.066666666666666,slouch,0.33225355534168644,0.3428267332575222,0.0764843414717958,-0.23746578346540237,0.0,0.35
23.1,slouch,0.3373483875532633,-0.7388946390909974,-0.09469224828526279,-0.2328487549336967,0.0,0.35
23.133333333333333,slouch,0.3361573037125693,0.3068020433033769,0.16294148008392267,-0.22520558481913935,0.0,0.35
23.166666666666668,slouch,0.35311775611198787,-0.019812181478613744,-0.5219205132334865,-0.24042044412243102,0.0,0.35
23.2,slouch,0.33269195618207614,0.2184629457467927,-0.26199763971847434,-0.24296116664249892,0.0,0.35
23.233333333333334,slouch,0.3331581875878872,0.6451412960911771,0.5570176795013388,-0.2355742305310832,0.0,0.35
23.266666666666666,slouch,0.3338050326678485,-0.2413586470778486,0.18113649777513416,-0.23848428634190813,0.0,0.35
23.3,slouch,0.348596917198618,-0.9286931935472891,-0.01577780347147742,-0.22698892660808256,0.0,0.35
23.333333333333332,slouch,0.3427575177448376,2.6544269311843975,0.40988001474074454,-0.2400405459684201,0.0,0.35
23.366666666666667,slouch,0.33856803629366394,-0.9209970667731615,0.15164015042194348,-0.23833056057000757,0.0,0.35
23.4,slouch,0.35373085413340244,0.06036778032357204,0.12994045052285202,-0.236355578414044,0.0,0.35
23.433333333333334,slouch,0.3660827702778,0.2430057871056706,1.299534226087521,-0.2218584823788173,0.0,0.35
23.466666666666665,slouch,0.34723100091003084,0.7949865178540159,0.4362783789297509,-0.24927672579345608,0.0,0.35
23.5,slouch,0.3358167490877387,1.1761263769474573,0.17066168991553668,-0.24405189846803574,0.0,0.35
23.533333333333335,slouch,0.339213933241338,1.863284413004393,0.9481350293208317,-0.2306200400936603,0.0,0.35
23.566666666666666,slouch,0.35427173915587135,0.20679438370555853,-0.8223229520960313,-0.23924465988129553,0.0,0.35
23.6,slouch,0.363443331527623,0.28080553453655666,0.05396961237498918,-0.2329983819627488,0.0,0.35
23.633333333333333,slouch,0.3685620488435951,1.8007671322896508,1.5312681400688803,-0.2315904521040005,0.0,0.35
23.666666666666668,slouch,0.34443436733120647,-0.7133140395366331,1.0861606556709646,-0.24167779551267934,0.0,0.35
23.7,slouch,0.34325163345643944,-0.37784202210627527,-0.1533200960432176,-0.238372624310497,0.0,0.35
23.733333333333334,slouch,0.3308818710898628,0.0687018374808171,-0.12896127695504622,-0.22166666088219691,0.0,0.35
23.766666666666666,slouch,0.32342705810406225,0.6764331416110935,0.930775491383335,-0.23513196364513395,0.0,0.35
23.8,slouch,0.329231216638786,0.31558029985579933,0.907835125016426,-0.2280589236904664,0.0,0.35
23.833333333333332,slouch,0.33203178558088603,0.8871013209504318,-0.461375289901854,-0.2231864048955705,0.0,0.35
23.866666666666667,slouch,0.34612910961552656,0.2537532230888927,-0.30315147906833856,-0.23886680922283454,0.0,0.35
23.9,slouch,0.34802226004518866,1.4831844019912497,-0.18238464821727685,-0.22541613296448515,0.0,0.35
23.933333333333334,slouch,0.308694594720969,0.03230581547424033,0.18136464027745886,-0.2390968341698183,0.0,0.35
23.966666666666665,slouch,0.3259524043781561,-0.03422364517510901,0.37531563699582393,-0.23187329018406372,0.0,0.35
24.0,slouch,0.30642653150012544,-1.196560122108053,-0.16411910671430524,-0.22542313413946446,0.0,0.35
24.033333333333335,slouch,0.2987874273591215,0.10021585907869546,-0.11574871391045266,-0.2161166222179155,0.0,0.35
24.066666666666666,slouch,0.33422467282430707,0.8063911877927428,0.28475428405247794,-0.251305664798072,0.0,0.35
24.1,slouch,0.3515231082494761,0.6723172043650304,0.5049611838047537,-0.19073762293563673,0.0,0.35
24.133333333333333,slouch,0.3087383059075212,1.8797573198088868,0.027531488359786666,-0.2271267109559699,0.0,0.35
24.166666666666668,slouch,0.3393173163204814,0.16061093328156517,-0.14189975694325524,-0.2267049126442699,0.0,0.35
24.2,slouch,0.31724239454992487,1.1004633340174124,-0.049716642931152355,-0.24130069339040355,0.0,0.35
24.233333333333334,slouch,0.3332498071300628,1.5057193734900582,-0.12120105220973387,-0.22641546381790378,0.0,0.35
24.266666666666666,slouch,0.3290356558642679,1.1063374799388956,0.6113046432741225,-0.21151391166703587,0.0,0.35
24.3,slouch,0.3373665408175118,1.0349238438063253,0.25884052372336674,-0.21704128218136984,0.0,0.35
24.333333333333332,slouch,0.3292175141858691,1.0960042503018248,0.083181622329991,-0.23064188177108497,0.0,0.35
24.366666666666667,slouch,0.34137628726672564,0.7017923171413419,0.13026257412682513,-0.22785286816829473,0.0,0.35
24.4,slouch,0.3636717708634328,1.2883597484921747,0.7214927554981378,-0.2345553952602387,0.0,0.35
24.433333333333334,slouch,0.32666138757657515,1.2642404465902022,0.7256280755178766,-0.21527329324249017,0.0,0.35
24.466666666666665,slouch,0.3309402906104616,0.31636107571172234,-0.7836904975152605,-0.23392471106060872,0.0,0.35
24.5,slouch,0.3549485576586917,0.12680369661744162,0.5842878771204942,-0.2319050310599781,0.0,0.35
24.533333333333335,slouch,0.34486085542332345,-0.4181531118525339,0.2511256697803407,-0.2599113597090072,0.0,0.35
24.566666666666666,slouch,0.3371965576275702,-0.8043785949721123,0.9235967099280895,-0.22222592647235487,0.0,0.35
24.6,slouch,0.34700006472949124,1.7168049817275042,-0.3693499124949023,-0.2125263680208444,0.0,0.35
24.633333333333333,slouch,0.3539828734639058,0.31075577022484313,0.8813720883097664,-0.24106293512411633,0.0,0.35
24.666666666666668,slouch,0.3276322875770849,0.01312822140823966,-0.11738662483840911,-0.2405655764276025,0.0,0.35
24.7,slouch,0.3583462460064299,0.2929164797041347,0.41150298101412774,-0.23570351366413678,0.0,0.35
24.733333333333334,slouch,0.31269095049177226,0.7160458867131376,-0.9473529852518661,-0.23068634046085468,0.0,0.35
24.766666666666666,slouch,0.3194752744175079,2.0898207993846465,0.7468176333048331,-0.22894246208728516,0.0,0.35
24.8,slouch,0.35895560016482003,-0.17705278197258867,0.5260876272020558,-0.22800189566281284,0.0,0.35
24.833333333333332,slouch,0.3439603012200051,1.5178828000854143,0.6394952616678813,-0.22711276337174974,0.0,0.35
24.866666666666667,slouch,0.3151766884565756,-0.268037036223571,0.12637463984256553,-0.22906627625723347,0.0,0.35
24.9,slouch,0.32304694412989116,2.429341340462737,1.1098364331521438,-0.22397881679607515,0.0,0.35
24.933333333333334,slouch,0.3410805529192562,0.3302328240790786,-0.37115107601334135,-0.22922519481481135,0.0,0.35
24.966666666666665,slouch,0.34386628810214126,-0.4934084603852995,0.4005058503469385,-0.23155259048824747,0.0,0.35
25.0,slouch,0.31138288663183916,-0.18830800862360153,-0.048163320052986514,-0.21112312342659809,0.0,0.35
25.033333333333335,slouch,0.3483482968680064,-0.5683852552799131,0.4916217736505822,-0.24547303988938363,0.0,0.35
25.066666666666666,slouch,0.35624036580830615,0.1231002785456971,0.1438182867564975,-0.21674203352457808,0.0,0.35
25.1,slouch,0.3206925464712363,-0.617694548090393,-0.1501595958076029,-0.2196162114898068,0.0,0.35
25.133333333333333,slouch,0.3172098088678474,-1.7657244784884552,-0.07069531504539922,-0.22448259200089077,0.0,0.35
25.166666666666668,slouch,0.35800392624608246,0.1294709103316808,-0.046855964269601424,-0.2184609926574425,0.0,0.35
25.2,slouch,0.31195387450456874,0.18918337985359257,0.31425433395503466,-0.22550781278714965,0.0,0.35
25.233333333333334,slouch,0.33235289960213676,0.5275528093646731,-1.2929964120477937,-0.23658248412333846,0.0,0.35
25.266666666666666,slouch,0.346802630688317,-0.2858352274037437,0.23539053295375845,-0.225531274991973,0.0,0.35
25.3,slouch,0.3348617619871336,0.6363710167972567,-0.37763953917076737,-0.23206611279696046,0.0,0.35
25.333333333333332,slouch,0.34915324254383834,0.6255783687747474,-0.15191876173836127,-0.22775783595709206,0.0,0.35
25.366666666666667,slouch,0.3507191468595493,-1.1399530228619825,0.8954444389735385,-0.2333625473868107,0.0,0.35
25.4,slouch,0.3463823489986035,1.4577975389161824,-0.6230042183382796,-0.23709441002427545,0.0,0.35
25.433333333333334,slouch,0.33567176956186445,-0.12700281689954274,1.240961945502085,-0.23856772093826792,0.0,0.35
25.466666666666665,slouch,0.331666798307697,0.6635112252823814,-0.5212897156456533,-0.23395680711756262,0.0,0.35
25.5,slouch,0.34476179891875264,0.233711676493991,0.14396788466003105,-0.2352933211244837,0.0,0.35
25.533333333333335,slouch,0.3172829453622885,0.7572745690713909,1.2529598429883448,-0.2298159836921656,0.0,0.35
25.566666666666666,slouch,0.34337896175871324,1.0541782040934877,-0.5615982979280194,-0.21297485341870392,0.0,0.35
25.6,slouch,0.34303493194634205,1.8054855192712873,-0.23981979731439362,-0.21181938077442172,0.0,0.35
25.633333333333333,slouch,0.3516273324105218,0.9424320686818868,0.34041467261188874,-0.2324852861807445,0.0,0.35
25.666666666666668,slouch,0.3580079748771081,0.6122878958784376,-0.9802418221522913,-0.24117186461707002,0.0,0.35
25.7,slouch,0.3372123137171088,0.747999186532444,0.1660469066600625,-0.21781029210206335,0.0,0.35
25.733333333333334,slouch,0.31073347203942064,0.6148703492041282,-0.8907875352322929,-0.2224028770451583,0.0,0.35
25.766666666666666,slouch,0.33858311928337,0.8356879776192945,-0.3183297763538597,-0.21720535068342248,0.0,0.35
25.8,slouch,0.3556258699608828,0.9668354424095101,0.12228965188193555,-0.22420142714704866,0.0,0.35
25.833333333333332,slouch,0.3293966114801898,1.1844445272165696,1.1896885365943526,-0.21929389440020813,0.0,0.35
25.866666666666667,slouch,0.32905596295288886,0.7891338538184823,-0.5758849262551886,-0.22427609688824324,0.0,0.35
25.9,slouch,0.3467590511929381,-0.9958530716257314,-0.4970703063474183,-0.23283138896743766,0.0,0.35
25.933333333333334,slouch,0.33548710379288765,-0.4675815483350443,0.43338723761131026,-0.22748526391059487,0.0,0.35
25.966666666666665,slouch,0.33708596302032223,-0.10463320012669042,0.8292242758499382,-0.21344592886911704,0.0,0.35
26.0,slouch,0.332746577742302,0.01026646627614336,0.49472459924719775,-0.23358029379746983,0.0,0.35
26.033333333333335,slouch,0.3379090419900515,1.091722521379737,-0.9456136525043757,-0.2168169767514733,0.0,0.35
26.066666666666666,slouch,0.34109020786494015,0.17080548435025578,0.14645950746713066,-0.2303757064497948,0.0,0.35
26.1,slouch,0.31403198044832614,1.6959505819625889,0.2247953793623711,-0.22556997869552622,0.0,0.35
26.133333333333333,slouch,0.35427324655861064,-0.3169299660482402,0.48408313942113707,-0.2326764109089879,0.0,0.35
26.166666666666668,slouch,0.35270156162824745,-1.2017819362811963,0.1405434198552386,-0.2360282065578396,0.0,0.35
26.2,slouch,0.34648394425951234,0.8760353498945617,-0.22457553689321563,-0.23712173864176042,0.0,0.35
26.233333333333334,slouch,0.3383400194716401,-0.21731378185216654,0.7051902172712761,-0.23369207200447445,0.0,0.35
26.266666666666666,slouch,0.2963951767101754,0.2001423547025551,-0.4231262925063834,-0.24631275815460943,0.0,0.35
26.3,slouch,0.32143860042666145,0.587526777466376,0.9971844969489387,-0.22686815526135018,0.0,0.35
26.333333333333332,slouch,0.3309024491767639,0.8647233561365621,-0.07545418613139504,-0.23694600369163143,0.0,0.35
26.366666666666667,slouch,0.32268455997650525,-0.9014630454013755,-0.03395422393566716,-0.22841946510079866,0.0,0.35
26.4,slouch,0.33855064494977666,0.16722645764211308,-0.3674476364180686,-0.2239175380831503,0.0,0.35
26.433333333333334,slouch,0.3202430212008012,1.1208223310747805,-0.4013302113560348,-0.23752435237353034,0.0,0.35
26.466666666666665,slouch,0.3179982221407649,0.09887828249149067,0.7851874750867873,-0.22484371911556042,0.0,0.35
26.5,slouch,0.35467633168042056,0.9177140367471487,-0.4622018971182215,-0.23330789224327556,0.0,0.35
26.533333333333335,slouch,0.3282970130632381,1.5644599232312322,-0.5180731878557869,-0.22106302310610887,0.0,0.35
26.566666666666666,slouch,0.3533943080516316,1.9636961613728698,-0.045811955577698404,-0.22287677840419837,0.0,0.35
26.6,slouch,0.37422477754808264,0.005886658453042648,-0.7210241485194158,-0.24880010033907762,0.0,0.35
26.633333333333333,slouch,0.35069068043292,-1.006520166446867,-0.023391431762753684,-0.2256268681296104,0.0,0.35
26.666666666666668,slouch,0.34277763305244874,0.8403558913473379,0.33337391348051243,-0.21721134186686605,0.0,0.35
26.7,slouch,0.32571525428891807,-0.04159611076682512,-0.26359566716249433,-0.22169808188137388,0.0,0.35
26.733333333333334,slouch,0.353505978825926,0.8609802554548065,0.9100962001339568,-0.2417804086737638,0.0,0.35
26.766666666666666,slouch,0.36500836167326706,1.7185908973698067,0.641373198347448,-0.2121820109122894,0.0,0.35
26.8,slouch,0.31515065188483343,0.08044149098987852,-0.24118207640917133,-0.22278520676242655,0.0,0.35
26.833333333333332,slouch,0.32424788890596784,1.1059961194699883,1.022321686398028,-0.22304797099916,0.0,0.35
26.866666666666667,slouch,0.34425626535492254,-0.2902986727205994,-0.30811057967521877,-0.2175038109470333,0.0,0.35
26.9,slouch,0.35169023505858,0.4687843844979647,-0.05074572745953432,-0.2502580787311138,0.0,0.35
26.933333333333334,slouch,0.32393721371973344,2.029135269711779,-0.5682733426014801,-0.22810520178778917,0.0,0.35
26.966666666666665,slouch,0.355111659597928,-0.5039381344018341,0.31082628486865,-0.22062084462489343,0.0,0.35
27.0,slouch,0.3401874898286088,2.7947224445334147,-0.8011595553269171,-0.2194127147011612,0.0,0.35
27.033333333333335,slouch,0.3374079739390531,1.11753612386934,0.4647842910195475,-0.23733156197109995,0.0,0.35
27.066666666666666,slouch,0.3434349458868901,-0.9863211611186298,0.5619485003428363,-0.22701841534009473,0.0,0.35
27.1,slouch,0.34957990252964655,1.34649466006972,0.42057190412582657,-0.22851910580201723,0.0,0.35
27.133333333333333,slouch,0.32678397495008066,-0.06977661091924081,0.9120407721063986,-0.21563664594294019,0.0,0.35
27.166666666666668,slouch,0.3364283434553192,0.5368021978026193,-0.34276862499625965,-0.21827243154732553,0.0,0.35
27.2,slouch,0.3499812523553767,2.0529739491709993,-0.3269938463078433,-0.23378007899018216,0.0,0.35
27.233333333333334,slouch,0.3434716888378836,1.0171916301806165,0.07059941747142062,-0.23872961090453698,0.0,0.35
27.266666666666666,slouch,0.3532211129338536,1.0769082900364655,-0.3497644603382349,-0.216445571988945,0.0,0.35
27.3,slouch,0.3575529806379491,0.6074371977982344,0.24775871742562183,-0.22445942228884092,0.0,0.35
27.333333333333332,slouch,0.32707445394615614,0.5240251833312657,-1.0914301267655082,-0.22123544354497063,0.0,0.35
27.366666666666667,slouch,0.3165776016633721,1.7027358627431992,0.001927943620129824,-0.23211666981931176,0.0,0.35
27.4,slouch,0.33058399140873246,0.26956890086233887,1.051118807088822,-0.25487808656535077,0.0,0.35
27.433333333333334,slouch,0.35915448079132284,0.7704187848813666,-0.5242129887143292,-0.24075312393049236,0.0,0.35
27.466666666666665,slouch,0.3651458954081231,-0.25640550395418504,-0.49201030635757564,-0.2186268545763527,0.0,0.35
27.5,slouch,0.34507829314428873,-0.2503404612291191,0.3299749852427714,-0.24025752683640275,0.0,0.35
27.533333333333335,slouch,0.3565123209763391,1.3490967718985067,0.5192037192931659,-0.2263833893875298,0.0,0.35
27.566666666666666,slouch,0.36641782187301064,0.4997490619105802,-0.5091244752524806,-0.2255052608716769,0.0,0.35
27.6,slouch,0.3712907057430567,-0.3118075945486818,-0.016877660016391433,-0.22583553961898545,0.0,0.35
27.633333333333333,slouch,0.3391914272649139,-0.2858428643018517,0.8731147137382824,-0.2067995927798274,0.0,0.35
27.666666666666668,slouch,0.34294197188535863,-0.22325463178880023,-0.7293763150320849,-0.22742024018778817,0.0,0.35
27.7,slouch,0.3565581601497439,0.8801341971963053,0.1985576954486877,-0.23589271651789304,0.0,0.35
27.733333333333334,slouch,0.32361754550922867,1.1678010610599059,0.7482629728313515,-0.24545729786690731,0.0,0.35
27.766666666666666,slouch,0.3638475846727103,0.959256976715201,1.039756787087476,-0.24342127748485112,0.0,0.35
27.8,slouch,0.3195126376687684,0.38082455218616246,0.5016706561371165,-0.21203639177073036,0.0,0.35
27.833333333333332,slouch,0.35059118370722697,0.30585497855037336,-0.4158215245995352,-0.21769999427280848,0.0,0.35
27.866666666666667,slouch,0.3255294186137393,1.8027748438178575,0.02936921023609443,-0.2140941792738215,0.0,0.35
27.9,slouch,0.3501839693508892,0.3904036084460334,-0.11163782309567594,-0.2334090787734608,0.0,0.35
27.933333333333334,slouch,0.3464247503856286,0.5617251969741734,-0.15628684484122307,-0.2316563141031763,0.0,0.35
27.966666666666665,slouch,0.3411786554457873,-1.2029872755318498,0.4749008688732192,-0.23979721224716805,0.0,0.35
28.0,slouch,0.32270001395191383,-0.8498754776885684,-0.8763354987207341,-0.24355447503112287,0.0,0.35
28.033333333333335,slouch,0.32936468563554266,2.0626073100212547,-0.11552780553712233,-0.22822249893731966,0.0,0.35
28.066666666666666,slouch,0.34600722079759494,0.604852148972679,0.15353392356440382,-0.24195293763599243,0.0,0.35
28.1,slouch,0.3617639132241882,1.9457573149103082,-0.8095952164736115,-0.2402402859088638,0.0,0.35
28.133333333333333,slouch,0.3358028448643449,-0.27163023592815305,0.5035793320735191,-0.2372827220240661,0.0,0.35
28.166666666666668,slouch,0.3724758410170991,1.452438875474877,0.3275444183793289,-0.21973013736680266,0.0,0.35
28.2,slouch,0.35658850636535966,0.0488420095534054,-0.28973034672517883,-0.22921856937030352,0.0,0.35
28.233333333333334,slouch,0.3529245418674692,0.6112483189227341,-0.7461978893145982,-0.2380282444395084,0.0,0.35
28.266666666666666,slouch,0.33889040704608436,0.4394675165393358,1.3835253060738848,-0.24385987942398996,0.0,0.35
28.3,slouch,0.34758383862753817,1.6912904866626317,1.5628698472536775,-0.2340439742318396,0.0,0.35
28.333333333333332,slouch,0.34737144179080304,0.9558082857589176,0.31728903893197447,-0.23098845201239304,0.0,0.35
28.366666666666667,slouch,0.3465396308425007,-1.5257968681757483,0.6092416940375788,-0.2287382209633803,0.0,0.35
28.4,slouch,0.33666287654832605,2.137489756575646,-0.20496041127433134,-0.23403075989065028,0.0,0.35
28.433333333333334,slouch,0.369873299533071,-0.16564904387988533,-0.1300691697619233,-0.23147025423430848,0.0,0.35
28.466666666666665,slouch,0.35261101723194327,0.6662420058826507,-0.5755752082913574,-0.23532168563127187,0.0,0.35
28.5,slouch,0.33088968350181686,0.43822316382156357,0.4555061951778975,-0.22581794244112027,0.0,0.35
28.533333333333335,slouch,0.313359823689274,1.351152790048685,0.3515413075979741,-0.21615467952406092,0.0,0.35
28.566666666666666,slouch,0.3466629749093601,1.3810583661886098,0.4799271868700762,-0.2165377424379725,0.0,0.35
28.6,slouch,0.3478337595402667,0.42166780284567673,1.563460832268129,-0.22110962877720106,0.0,0.35
28.633333333333333,slouch,0.34860616631506625,-0.5210435332306689,-0.5729845704781227,-0.22707284517858145,0.0,0.35
28.666666666666668,slouch,0.3421828179665236,0.008701947993347003,0.284589619767236,-0.21411373071956402,0.0,0.35
28.7,slouch,0.3504310371182545,-0.4128068078021907,0.1330947037142338,-0.2380496648085256,0.0,0.35
28.733333333333334,slouch,0.3341845012538716,0.1691074674962858,-0.0865873495624031,-0.24255135371973394,0.0,0.35
28.766666666666666,slouch,0.3380851797772272,0.051513890522151995,-1.5576692140013608,-0.20947027975498336,0.0,0.35
28.8,slouch,0.35633154481325013,0.1989594200600031,0.21129142984435906,-0.2417165434731756,0.0,0.35
28.833333333333332,slouch,0.365435843167163,2.0178309558184893,0.2940162369479148,-0.21976469355814654,0.0,0.35
28.866666666666667,slouch,0.3426293016840089,-0.5693803511007445,-0.04709402137819435,-0.2286807203322804,0.0,0.35
28.9,slouch,0.33318178421884836,0.32507737805197123,0.14516026549453134,-0.2308087849786546,0.0,0.35
28.933333333333334,slouch,0.3407838773574623,-0.3484840531172808,-0.23020968947676168,-0.24284584265699968,0.0,0.35
28.966666666666665,slouch,0.35466723324529303,-1.1845175534722596,0.8921542059901553,-0.21613650602737156,0.0,0.35
29.0,slouch,0.3354672911952607,-1.5825096702618389,-0.016786337180374283,-0.23064184161288817,0.0,0.35
29.033333333333335,slouch,0.32484102670106635,0.0878252849534058,1.1181171193180108,-0.22335072837698258,0.0,0.35
29.066666666666666,slouch,0.3261315382843285,-0.7780793356763458,0.0037896094341373643,-0.23213456779350436,0.0,0.35
29.1,slouch,0.34744298781044974,0.07174662994587278,0.5068997452171169,-0.21064845959939768,0.0,0.35
29.133333333333333,slouch,0.35223251533666394,0.46152919413538196,0.0901097173680232,-0.2335667313417987,0.0,0.35
29.166666666666668,slouch,0.35770961368678217,-0.0018507567610422937,0.22713362539998955,-0.22948802098118912,0.0,0.35
29.2,slouch,0.33247323710782706,-0.5979724383072806,0.3937847021706009,-0.23061003971855382,0.0,0.35
29.233333333333334,slouch,0.3475036070415486,0.07311975484866645,0.9324927792878286,-0.23876773781211844,0.0,0.35
29.266666666666666,slouch,0.3656806042602684,-0.8981092078626094,0.46086203873413467,-0.22524569317473375,0.0,0.35
29.3,slouch,0.3280666439808868,0.8395151502888101,0.9677112018560954,-0.2521681883935406,0.0,0.35
29.333333333333332,slouch,0.34754117211236224,-1.4946166562640621,-0.37939888211392475,-0.21370833635099054,0.0,0.35
29.366666666666667,slouch,0.3312732694991192,-0.43910397152717806,0.0812373626091909,-0.20932093661836446,0.0,0.35
29.4,slouch,0.3125247662919096,-0.34104792931147565,1.0984590099077758,-0.21142297656462267,0.0,0.35
29.433333333333334,slouch,0.33844853163564576,-0.491242162021314,1.4575061010854953,-0.21405557608250803,0.0,0.35
29.466666666666665,slouch,0.35018420481643353,-0.14992187914993604,0.17058239549717796,-0.23160360081044828,0.0,0.35
29.5,slouch,0.34496276956923366,1.6608011505050688,0.7276502246824419,-0.24077376076984758,0.0,0.35
29.533333333333335,slouch,0.3606474467502931,0.7505057120105243,0.6122394775153497,-0.21533459140721395,0.0,0.35
29.566666666666666,slouch,0.32332629625729675,0.47133953703482967,-0.11887273081552902,-0.24567859425365454,0.0,0.35
29.6,slouch,0.3452006496640738,2.509245241267539,-0.9040466467034516,-0.2303228061104947,0.0,0.35
29.633333333333333,slouch,0.3496081440261216,0.5984625613249449,0.13212316849055578,-0.24299216363445822,0.0,0.35
29.666666666666668,slouch,0.3434918011441025,-0.1054111816127411,-1.113953022987132,-0.2180540777948627,0.0,0.35
29.7,slouch,0.35437578729763064,0.5413287814808638,0.33744481292342154,-0.21925681987284437,0.0,0.35
29.733333333333334,slouch,0.34336509485167127,1.2232140438090515,0.021510679475689937,-0.21688016261426052,0.0,0.35
29.766666666666666,slouch,0.3448117858889903,0.6552415548846993,-0.5620366532272192,-0.22713044145698288,0.0,0.35
29.8,slouch,0.32752067623758324,-0.01062618122279535,-0.2892253769896726,-0.24066234931899222,0.0,0.35
29.833333333333332,slouch,0.3718715710452544,1.5650712495907226,1.3522205012865567,-0.24222895019555563,0.0,0.35
29.866666666666667,slouch,0.3410688062486634,-0.5348061001632767,-0.2174169263182384,-0.23918126983416574,0.0,0.35
29.9,slouch,0.35859376009662347,0.18301625751859207,0.8410276002164099,-0.2239587911041148,0.0,0.35
29.933333333333334,slouch,0.3745545812815719,-0.6835553785117792,0.9555399438720793,-0.2185355912959927,0.0,0.35
29.966666666666665,slouch,0.3253993174295945,1.3057066691785277,0.40168697781573726,-0.23227476259953406,0.0,0.35
30.0,slouch,0.32764096769542,-0.07528756115934876,1.4298872574715555,-0.22999317181042517,0.0,0.35
30.033333333333335,slouch,0.3517319500229719,-0.13271950533404253,-0.26791176773298325,-0.21918015190750056,0.0,0.35
30.066666666666666,slouch,0.31975635682672704,0.16782898567578275,0.22041644664333923,-0.22888627398159947,0.0,0.35
30.1,slouch,0.3373136007247577,0.8166558248767385,0.615713453490687,-0.2226536245454067,0.0,0.35
30.133333333333333,slouch,0.32521294286998265,0.27267592165696225,0.9168577171261627,-0.22105352812426127,0.0,0.35
30.166666666666668,slouch,0.31940710822778406,0.7811839202817614,-0.9869351496248862,-0.2295306509793963,0.0,0.35
30.2,slouch,0.3684665052511897,-0.25831417381518906,-0.30059382729494927,-0.2223597021842714,0.0,0.35
30.233333333333334,slouch,0.31685797727185533,-0.00620402390803132,0.5578646825490516,-0.236342858476894,0.0,0.35
30.266666666666666,slouch,0.33646045019183546,1.0953485682520276,0.45292765012193675,-0.22733181603704597,0.0,0.35
30.3,slouch,0.33491316581094943,0.7960488922151643,0.12576039194014604,-0.22542194390074213,0.0,0.35
30.333333333333332,slouch,0.3325460196232303,0.3539448204963671,-0.3939746755312083,-0.23035007610006233,0.0,0.35
30.366666666666667,slouch,0.32783498704556735,-0.39123716012959475,0.35519668871323284,-0.2278726022414234,0.0,0.35
30.4,slouch,0.3517431060242286,0.15509954433992074,0.4448317081020534,-0.22449202427726336,0.0,0.35
30.433333333333334,slouch,0.34667160711747397,-0.1605229462417137,0.2896180893627133,-0.22635859703945338,0.0,0.35
30.466666666666665,slouch,0.34010767700361916,-1.1691821266968678,0.29629377438408805,-0.20787468960602756,0.0,0.35
30.5,slouch,0.33459941096864526,-0.08246167828425699,0.4240091358268389,-0.22687621789533427,0.0,0.35
30.533333333333335,slouch,0.35789102748124624,-0.5062945247271102,0.6388281515449954,-0.22409577938748534,0.0,0.35
30.566666666666666,slouch,0.33786780194589183,0.7709498543373521,0.8176744889590144,-0.2212768461997155,0.0,0.35
30.6,slouch,0.3228547103188941,1.1561265494043877,0.1611868369804889,-0.22927125901984483,0.0,0.35
30.633333333333333,slouch,0.3410979548650254,0.37980560896139204,0.915024498264239,-0.2308371795984921,0.0,0.35
30.666666666666668,slouch,0.3232068080742525,0.1851761152242169,0.30721683008628536,-0.21770785215702948,0.0,0.35
30.7,slouch,0.34904642027423255,-0.18042822299763517,1.6911139500073349,-0.22735224689022018,0.0,0.35
30.733333333333334,slouch,0.35913086106998526,0.3786284531382167,0.5200155468232697,-0.22160531495481595,0.0,0.35
30.766666666666666,slouch,0.3582729206763139,1.34589464430258,0.7233182000437868,-0.23315086731194107,0.0,0.35
30.8,slouch,0.33142380937065913,0.7660860082593581,0.7598768434046417,-0.23222720700776606,0.0,0.35
30.833333333333332,slouch,0.35597757948571584,1.6620933963889435,-0.3497925514440518,-0.23836920703796277,0.0,0.35
30.866666666666667,slouch,0.33789437411642,0.7460901345513571,-0.11474020826023057,-0.21647797321132853,0.0,0.35
30.9,slouch,0.3463610029227768,0.5315576385925916,-0.6615457143211165,-0.24315815816427505,0.0,0.35
30.933333333333334,slouch,0.3442151387542271,-1.206076500923869,0.8075824457864431,-0.23158153844372317,0.0,0.35
30.966666666666665,slouch,0.388646394543921,2.346333000492889,0.09113055845148997,-0.23106337002531313,0.0,0.35
31.0,slouch,0.3549337227100305,1.8625380879344302,-0.7828174344616101,-0.24786375465354685,0.0,0.35
31.033333333333335,slouch,0.33066947791668433,0.9661900665390915,0.49812415430455825,-0.21930228545016148,0.0,0.35
31.066666666666666,slouch,0.3220045370745204,-1.3529150903751015,0.7148085171812872,-0.23828196272965232,0.0,0.35
31.1,slouch,0.30972268203417047,0.6160509967675053,0.6759054129312063,-0.23122057132121276,0.0,0.35
31.133333333333333,slouch,0.3331322742072627,0.37251021428327474,-0.02234965744046971,-0.24348047111940166,0.0,0.35
31.166666666666668,slouch,0.32927978984514356,0.9170239240110516,0.39300712482590006,-0.2283194019403318,0.0,0.35
31.2,slouch,0.3250727727721993,0.35479747029146624,-1.1062390278657128,-0.22821523336114607,0.0,0.35
31.233333333333334,slouch,0.36143286561720356,-0.6793057056336846,-0.15155660399065318,-0.22670893221289867,0.0,0.35
31.266666666666666,slouch,0.35879263951641227,0.14142030695988045,-0.21535019755953777,-0.24968923142416083,0.0,0.35
31.3,slouch,0.3415515719396216,2.1336608321149955,0.3664150771788055,-0.2302227897918371,0.0,0.35
31.333333333333332,slouch,0.3448312346615048,0.49112639684111836,-0.2878086233560779,-0.22176720084322293,0.0,0.35
31.366666666666667,slouch,0.34338642284667636,0.5140906015469259,-0.38521961636694996,-0.2169649206806524,0.0,0.35
31.4,slouch,0.34997054117999665,0.05766333010615837,0.8010949122091624,-0.23497570838385207,0.0,0.35
31.433333333333334,slouch,0.32826994761233447,-0.10776249398422966,-0.8626411318528546,-0.22528457619581793,0.0,0.35
31.466666666666665,slouch,0.3125328268249248,-0.4827550650126101,-1.04535280544712,-0.23086069692790892,0.0,0.35
31.5,slouch,0.33774519309592194,0.23864302945090876,-0.4255466168023457,-0.2417223375343664,0.0,0.35
31.533333333333335,slouch,0.3469655479531986,0.0595584546332098,0.38981499292168686,-0.23885248686124222,0.0,0.35
31.566666666666666,slouch,0.3427159411415663,1.542622429852851,0.5516994802356701,-0.2341241381821648,0.0,0.35
31.6,slouch,0.34385798455533895,0.30746786037582957,0.2047281108168369,-0.233256110521485,0.0,0.35
31.633333333333333,slouch,0.33753497191171916,0.6696746824593403,-0.39601521974917037,-0.24015878826989975,0.0,0.35
31.666666666666668,slouch,0.31917186169253187,-0.7802168836029679,-0.5303696153322877,-0.2284053749319587,0.0,0.35
31.7,slouch,0.32660818726762175,0.9108915713848771,0.22082824925153713,-0.24968504213438053,0.0,0.35
31.733333333333334,slouch,0.3498246337633254,1.148638916473368,-0.396317604900912,-0.22579808457105008,0.0,0.35
31.766666666666666,slouch,0.32715252643886206,0.5781363013986683,-0.5586990441729793,-0.24793106452534575,0.0,0.35
31.8,slouch,0.3342577421558055,0.40101684298013107,-0.03860781616876241,-0.24184030558222558,0.0,0.35
31.833333333333332,slouch,0.33400151406803297,0.7154358020645872,0.17306418192647782,-0.22817498969400785,0.0,0.35
31.866666666666667,slouch,0.32994827199318655,1.4373743317729277,-0.5057040019328682,-0.22512439702913278,0.0,0.35
31.9,slouch,0.3577283663943994,0.8847264741991163,0.07848546376110199,-0.23528297046662977,0.0,0.35
31.933333333333334,slouch,0.35554131476569384,-0.6383799402093384,-0.38207455622778613,-0.2339755776549172,0.0,0.35
31.966666666666665,slouch,0.35856480636268,0.8038141088327169,-0.3808274551061472,-0.23310307705384903,0.0,0.35
32.0,slouch,0.3307851528385556,-0.06783119378682811,0.7873337351340675,-0.24371743129263504,0.0,0.35
32.03333333333333,slouch,0.36413171283601564,1.1625837521476983,0.8545170023622188,-0.23462939512025258,0.0,0.35
32.06666666666667,slouch,0.3377508892138134,-0.6465214516197697,-0.11479744424008176,-0.22506345152356846,0.0,0.35
32.1,slouch,0.359440945926721,-0.3857254534419614,-0.0193035621911595,-0.2315129922023252,0.0,0.35
32.13333333333333,slouch,0.31906316196711276,0.9730793934067203,-0.2343941990455654,-0.23195390351177023,0.0,0.35
32.166666666666664,slouch,0.33322075942132184,-0.13147080457573956,0.1957730087116672,-0.2321560957856802,0.0,0.35
32.2,slouch,0.33442213176582003,-0.0827692973442743,0.3917148024697733,-0.21346382731507713,0.0,0.35
32.233333333333334,slouch,0.34209830849258693,1.2968945719289033,-0.6341331550920775,-0.2284223856070623,0.0,0.35
32.266666666666666,slouch,0.323539475215434,-0.6815399420255213,-0.24362284447542176,-0.21808100665586425,0.0,0.35
32.3,slouch,0.3542502374300447,0.6944037776435198,-0.7196203359339584,-0.23196280651387935,0.0,0.35
32.333333333333336,slouch,0.34452550013352606,0.6404289836628784,-0.9062761500884475,-0.2389031784801987,0.0,0.35
32.36666666666667,slouch,0.33903883353776926,0.929032727613752,-1.117676692659968,-0.23162123975479856,0.0,0.35
32.4,slouch,0.3421457315481843,1.1796895908129705,0.615714550542462,-0.22417428681191193,0.0,0.35
32.43333333333333,slouch,0.328000892399471,-1.0264017096986462,-0.035831654236840565,-0.21998368174791438,0.0,0.35
32.46666666666667,slouch,0.3609018179128665,1.0684392818382284,0.4576044936810406,-0.22620360351614033,0.0,0.35
32.5,slouch,0.3316582187985883,0.39595176515710395,1.2014417154957986,-0.23942558005791875,0.0,0.35
32.53333333333333,slouch,0.3642216818606478,0.24237747640635326,0.9952592654570471,-0.24406815009497537,0.0,0.35
32.56666666666667,slouch,0.34878856301746974,-0.08941610875809758,-0.6491603151545124,-0.22781465957589053,0.0,0.35
32.6,slouch,0.35514207682893956,-0.17595315087479713,-0.6994095762750407,-0.23091844764334954,0.0,0.35
32.63333333333333,slouch,0.3386884700683423,0.938655702043599,0.7697567428186929,-0.2305941518127249,0.0,0.35
32.666666666666664,slouch,0.367832549721914,0.6793877956282335,-0.007855903604139763,-0.24611567359102826,0.0,0.35
32.7,slouch,0.33606010719525753,0.23089044367109102,0.7761828777688822,-0.22537516375933145,0.0,0.35
32.733333333333334,slouch,0.3223094631755108,0.63780350912883,0.6029187030374321,-0.21471968640612166,0.0,0.35
32.766666666666666,slouch,0.35331255951121093,1.1086773234491822,0.23605159676909818,-0.2261168799457655,0.0,0.35
32.8,slouch,0.3587425735105924,-0.5662219179837198,-0.009663596330173524,-0.2377256874875624,0.0,0.35
32.833333333333336,slouch,0.3456872967808919,1.48417774052063,-0.1581845720326443,-0.25390304367469435,0.0,0.35
32.86666666666667,slouch,0.33381668882463295,1.2307789856139253,0.5225779417699278,-0.2257181375218942,0.0,0.35
32.9,slouch,0.3358001004718828,-0.5232245889758291,0.5091765929746804,-0.23834281810034624,0.0,0.35
32.93333333333333,slouch,0.37276145100070684,0.9564057666836128,-0.14838898153237062,-0.23611385247388628,0.0,0.35
32.96666666666667,slouch,0.3386058369007962,0.30839846238260016,0.8701002653179726,-0.2281358383025595,0.0,0.35
33.0,slouch,0.3290255239163721,2.0123525481246265,0.22958499891213358,-0.22231160324031102,0.0,0.35
33.03333333333333,slouch,0.3308766023883286,0.7904925021956187,0.3866659946859171,-0.2488964929209615,0.0,0.35
33.06666666666667,slouch,0.3702291266569096,1.5325155687380378,-0.03831718968759257,-0.24102269740455853,0.0,0.35
33.1,slouch,0.3452134242070533,0.5693581595315172,0.4134013691379377,-0.22808422603805908,0.0,0.35
33.13333333333333,slouch,0.3475936148395889,1.6578445595134452,0.5408619230771876,-0.2404965549890994,0.0,0.35
33.166666666666664,slouch,0.3604384427906868,1.81249165079063,2.091234040707251,-0.24123494033239595,0.0,0.35
33.2,slouch,0.3436432301972541,-1.1656789625511899,0.5318894938275255,-0.23548200298166772,0.0,0.35
33.233333333333334,slouch,0.3688516869223743,-0.11969197601486559,-0.813509822780357,-0.23471263740702517,0.0,0.35
33.266666666666666,slouch,0.310367683431743,1.1008795636058482,-1.0390498277537923,-0.2297154241881684,0.0,0.35
33.3,slouch,0.30883282270215706,0.24376175637068648,1.1860268934827203,-0.22639352108564204,0.0,0.35
33.333333333333336,slouch,0.327047595925526,0.4750372088487328,0.21081012322666795,-0.22527369654156593,0.0,0.35
33.36666666666667,slouch,0.3194971245507876,0.9740538190778645,-1.422634978961665,-0.23629884552363808,0.0,0.35
33.4,slouch,0.33267589236322687,1.0066614608569908,0.21357851160612149,-0.24405563053856286,0.0,0.35
33.43333333333333,slouch,0.3252251031127448,0.6589440076379255,0.15255959488126625,-0.23579124109635743,0.0,0.35
33.46666666666667,slouch,0.3327874931573203,1.0569343977274313,-0.11061554372152876,-0.23088091244029071,0.0,0.35
33.5,slouch,0.37254904882120815,-0.6389461095071385,-0.9111056389447951,-0.22216410335201392,0.0,0.35
33.53333333333333,slouch,0.32982035408058846,0.2454099778059038,-0.26869382687866844,-0.23259800140767511,0.0,0.35
33.56666666666667,slouch,0.36397807168144514,1.1417027668944955,0.7173341071321861,-0.24416227055792644,0.0,0.35
33.6,slouch,0.322732693951707,-1.7712629275883418,-0.28562849264965234,-0.2204329681361434,0.0,0.35
33.63333333333333,slouch,0.34775419773622557,0.32278938963830084,0.1866198297691682,-0.23688885542575405,0.0,0.35
33.666666666666664,slouch,0.34307138323602676,1.112702623584492,-0.7695320724462835,-0.2270035231216265,0.0,0.35
33.7,slouch,0.35398652306432005,0.16791976882930432,0.6204203672723502,-0.20185345555527445,0.0,0.35
33.733333333333334,slouch,0.33843485810519663,0.814645640004259,-0.2428342501968349,-0.22818748837397948,0.0,0.35
33.766666666666666,slouch,0.3469040743747346,0.6558738722161105,-0.411817191825314,-0.22793638228674548,0.0,0.35
33.8,slouch,0.36193293908076457,0.8589086116116218,0.7771923134431047,-0.23237011970012625,0.0,0.35
33.833333333333336,slouch,0.3512485035913557,0.7234142705732207,-0.37054643781233915,-0.22681478995201124,0.0,0.35
33.86666666666667,slouch,0.32512455004839536,-0.006304219907833586,0.3135969843754245,-0.22702755726619875,0.0,0.35
33.9,slouch,0.3221615130238431,1.343188616946301,0.5432037669802837,-0.23704728435610883,0.0,0.35
33.93333333333333,slouch,0.3169362280532624,0.384076336734855,-0.06756622831669606,-0.22886859542946975,0.0,0.35
33.96666666666667,slouch,0.3345532500826665,-1.105965488596008,-0.03300816298069503,-0.23305619111068313,0.0,0.35
34.0,slouch,0.3495049153716109,-0.05855973968883976,1.2072048040235397,-0.24911640550651756,0.0,0.35
34.03333333333333,slouch,0.3596675124670394,0.32054482329751616,0.7157509234061337,-0.22920198515941265,0.0,0.35
34.06666666666667,slouch,0.35709333304038204,0.190110428357751,-0.4591722551066873,-0.21579495712728936,0.0,0.35
34.1,slouch,0.33829779031176793,0.6772467788993685,0.9408511484268771,-0.24031955242094433,0.0,0.35
34.13333333333333,slouch,0.3489323634645889,0.02808419482968727,0.12069838661337691,-0.22927721034615708,0.0,0.35
34.166666666666664,slouch,0.31749667207829596,-0.12306963425634787,1.0106437354478834,-0.22113808811415203,0.0,0.35
34.2,slouch,0.3390604063400915,0.6944987668103144,0.02345449661812543,-0.21643416614172017,0.0,0.35
34.233333333333334,slouch,0.33699471133308756,0.6854736737078785,0.887618086485239,-0.23777371484845905,0.0,0.35
34.266666666666666,slouch,0.3633818377674534,-0.7243691277947015,1.1777852786676792,-0.23372675583951974,0.0,0.35
34.3,slouch,0.3363595187826208,-1.0120081369463545,-0.07287683042661569,-0.24039806531026883,0.0,0.35
34.333333333333336,slouch,0.33088530481939793,0.3901512273688963,0.7746749686837433,-0.22792396648599372,0.0,0.35
34.36666666666667,slouch,0.3446151498010167,-0.3764155110764499,-0.32845245376163806,-0.21201274981648685,0.0,0.35
34.4,slouch,0.3289719844785513,1.8249666016458366,0.05416328067148013,-0.22997712063856493,0.0,0.35
34.43333333333333,slouch,0.35605547740344895,1.5175139375509252,0.1335124638325475,-0.23388243053521537,0.0,0.35
34.46666666666667,slouch,0.3391611932721668,0.7703660225856946,0.7347822121218532,-0.22995770141005847,0.0,0.35
34.5,slouch,0.34928329447034734,1.8106877858167527,0.4287857673588708,-0.2268834714399522,0.0,0.35
34.53333333333333,slouch,0.317216337623649,-1.604584109463251,0.43302543753810097,-0.2309482423128087,0.0,0.35
34.56666666666667,slouch,0.3322782598762789,0.6948241633490757,0.16375776248185503,-0.218722197493661,0.0,0.35
34.6,slouch,0.3412916630238847,-0.09753862805613411,0.7940997433755734,-0.232171310749462,0.0,0.35
34.63333333333333,slouch,0.34789805025508463,0.11807143504575962,-0.18989613129846183,-0.22915831769814302,0.0,0.35
34.666666666666664,slouch,0.3401924296531553,0.8838616282934664,0.038812548014154485,-0.24836359783770395,0.0,0.35
34.7,slouch,0.3335083917461742,1.1350547737150527,0.021574352454136164,-0.23246383402514545,0.0,0.35
34.733333333333334,slouch,0.35479564758858906,-0.06957858180713827,-0.7256819309457399,-0.23160631119525493,0.0,0.35
34.766666666666666,slouch,0.33273739073126896,-0.27299705580260325,0.09477292646078558,-0.22508494352753214,0.0,0.35
34.8,slouch,0.3398606715764828,0.7455848581489902,1.2880446191092538,-0.23342878861557562,0.0,0.35
34.833333333333336,slouch,0.34417522951967006,0.09262930992069235,-0.3078158319321837,-0.2358490765341777,0.0,0.35
34.86666666666667,slouch,0.3328186214271747,0.7875806380377004,1.6094454720204543,-0.23716043436275838,0.0,0.35
34.9,slouch,0.3337506204157681,0.4495015895110014,0.4374793092258482,-0.22736449188045213,0.0,0.35
34.93333333333333,slouch,0.3592614369092218,-1.4411136564281666,-1.2321579221174037,-0.23495878172010148,0.0,0.35
34.96666666666667,slouch,0.35645950281315564,-0.7525184252844772,-1.6045794038162542,-0.2242882059378079,0.0,0.35
35.0,upright,0.5236548583555407,-0.3721667254395439,-0.39132376043255795,-0.15969743719634674,0.0,0.35
35.03333333333333,upright,0.5216580297621091,-0.0010522209464055576,0.4964383513853118,-0.1785462666290439,0.0,0.35
35.06666666666667,upright,0.507147222023083,-0.4008431687288403,0.04619559297650469,-0.15538047758490137,0.0,0.35
35.1,upright,0.5319676566984365,-0.987469417328046,0.2272948857984512,-0.14441663576788294,0.0,0.35
35.13333333333333,upright,0.5478497115484293,0.11458722312521985,0.39467516261151026,-0.16803862792562363,0.0,0.35
35.166666666666664,upright,0.48412065693530465,1.17581950062536,0.19666382381115768,-0.13821487310201577,0.0,0.35
35.2,upright,0.49939895666545375,0.9159217116230021,1.3212907043263118,-0.14580294391642734,0.0,0.35
35.233333333333334,upright,0.5241487225838658,0.5068448646594799,-0.7425288742755474,-0.13644427064289652,0.0,0.35
35.266666666666666,upright,0.5108371354029241,0.9035866051064136,-0.7378205839427521,-0.1617945966450778,0.0,0.35
35.3,upright,0.5415263109883336,0.22215816883372563,1.0719652856255268,-0.15078230659058517,0.0,0.35
35.333333333333336,upright,0.49237153340563217,1.2136540797853765,-0.15393539065336465,-0.14301311186482957,0.0,0.35
35.36666666666667,upright,0.5203781630131012,-0.7344945823542963,0.29857685922234145,-0.128037768578472,0.0,0.35
35.4,upright,0.527394796877717,0.4539857975956295,0.8452060411741387,-0.14789331534796887,0.0,0.35
35.43333333333333,upright,0.523143013453942,-0.3733001377272821,0.340308815473759,-0.13964556583583054,0.0,0.35
35.46666666666667,upright,0.5074590677184997,1.6395966569975582,0.1449763855129244,-0.1588776951153854,0.0,0.35
35.5,upright,0.5349644811538037,0.2705646114093846,0.6557089324916647,-0.15291758632258537,0.0,0.35
35.53333333333333,upright,0.5191026078470514,0.8948481634674332,0.37453823455400354,-0.1699553178045174,0.0,0.35
35.56666666666667,upright,0.5031813438985842,1.2435279878326524,0.12071804665907167,-0.1552373130277142,0.0,0.35
35.6,upright,0.4996213897711379,-0.36378905702067876,-1.0130791839771685,-0.15101280718701532,0.0,0.35
35.63333333333333,upright,0.5110234362912843,-0.2732703127882522,0.15912594489922816,-0.1463602936914726,0.0,0.35
35.666666666666664,upright,0.5513979689831492,-0.7095067356505709,0.8956286259803132,-0.14026898438984928,0.0,0.35
35.7,upright,0.5083136089093495,0.6625887636688248,-0.07457994960256914,-0.1481431141958126,0.0,0.35
35.733333333333334,upright,0.5426369652010683,0.9844849861050504,0.5051650239400651,-0.1543030931995464,0.0,0.35
35.766666666666666,upright,0.497739150026135,0.3332254315676737,0.923964892918349,-0.16527167856589647,0.0,0.35
35.8,upright,0.5041736594773496,0.6010141889872546,-0.3907928709083574,-0.15792523447115211,0.0,0.35
35.833333333333336,upright,0.5136460212740773,-0.5924939233521196,-0.38447310772982096,-0.1429657208321269,0.0,0.35
35.86666666666667,upright,0.5003894532665356,-0.7782977075958701,-0.17801498772033658,-0.14268044497490154,0.0,0.35
35.9,upright,0.5170461728800467,0.1283351375075053,0.22661527850936425,-0.16745707432859652,0.0,0.35
35.93333333333333,upright,0.5274205848066255,0.8067480251229153,-0.04558508445743273,-0.13994075488203583,0.0,0.35
35.96666666666667,upright,0.5030875585157044,1.4023271946028553,0.2926961993571507,-0.15336552589878172,0.0,0.35
36.0,upright,0.5197018954694753,0.41418818735124663,0.9321697378506302,-0.16076679127471014,0.0,0.35
36.03333333333333,upright,0.508562211412801,1.3290423136579839,-0.15732096111031552,-0.14099466922668408,0.0,0.35
36.06666666666667,upright,0.5454915397451306,0.17856397844669303,0.6088173959451832,-0.16153692281339857,0.0,0.35
36.1,upright,0.5313209994710172,0.6595391887894138,0.4838229692961291,-0.15645572072035394,0.0,0.35
36.13333333333333,upright,0.4950837487664924,0.9026016517996038,-1.0380418914876728,-0.15317350492242535,0.0,0.35
36.166666666666664,upright,0.5341177279962995,0.6535181886984289,1.3690055868738877,-0.13974890847418225,0.0,0.35
36.2,upright,0.5101915241751164,0.521850703881151,0.17157757847333843,-0.16582176763346126,0.0,0.35
36.233333333333334,upright,0.5058940162527347,0.0513912744161118,-1.021732301713562,-0.14952506531748355,0.0,0.35
36.266666666666666,upright,0.5162639223302045,-0.8383151210492594,0.4425277191663992,-0.1428412725530904,0.0,0.35
36.3,upright,0.5234055171829733,0.24074545983282386,0.5548652910511129,-0.14319779639523308,0.0,0.35
36.333333333333336,upright,0.5246110535457953,-0.15968980034780877,0.3659604593067084,-0.1380451934917452,0.0,0.35
36.36666666666667,upright,0.5110505641208241,2.178351471305945,-0.11537856039123062,-0.14967592986659864,0.0,0.35
36.4,upright,0.509912716059905,0.6786166687362087,-0.8453330155811651,-0.1554604179881672,0.0,0.35
36.43333333333333,upright,0.5036181819947715,0.6082706783138327,0.7966684253053444,-0.1435399381288545,0.0,0.35
36.46666666666667,upright,0.48442510958711665,2.1336557223423043,0.37716796437252104,-0.15776499140493,0.0,0.35
36.5,upright,0.5223569187848641,0.6409518580021539,-0.20010923017093818,-0.14802083332657923,0.0,0.35
36.53333333333333,upright,0.5108879156856954,0.17651040584798178,-0.2117674814530507,-0.16432671289739653,0.0,0.35
36.56666666666667,upright,0.5221875470532308,0.9682395492130704,0.5089301576458234,-0.14180074747364765,0.0,0.35
36.6,upright,0.5248651031502231,0.07381960142647714,0.7037983186587133,-0.16357517539841934,0.0,0.35
36.63333333333333,upright,0.5064899292623128,-0.2713600571385958,0.8480336354835862,-0.14057211485859925,0.0,0.35
36.666666666666664,upright,0.527309578555675,1.3575438921694378,-0.32756966944719285,-0.14651404880139018,0.0,0.35
36.7,upright,0.5181223835742526,1.1775056831079311,0.13086546046868147,-0.1538494288841008,0.0,0.35
36.733333333333334,upright,0.5281136277784149,1.2009353337529864,-0.20100711690808098,-0.15061075671352375,0.0,0.35
36.766666666666666,upright,0.5041233904953752,-1.4984488139943517,0.32027577884823744,-0.14391094643745367,0.0,0.35
36.8,upright,0.523931002136301,-1.0596493742034938,-0.010509658045884718,-0.1721834776005108,0.0,0.35
36.833333333333336,upright,0.5405455166148128,-0.3688436656944689,0.9532421656759378,-0.14054130356315853,0.0,0.35
36.86666666666667,upright,0.5064911447119591,-0.4062279610141961,0.41022212983180295,-0.15844324037183072,0.0,0.35
36.9,upright,0.5215372696323731,0.1137379273544653,-0.8686950486793801,-0.1723046801912446,0.0,0.35
36.93333333333333,upright,0.523400263727419,0.05075380293549969,-0.13185389014847937,-0.14304136160906214,0.0,0.35
36.96666666666667,upright,0.5376016341494867,0.2819642229105527,-0.0043592241459168846,-0.14499856966886115,0.0,0.35
37.0,upright,0.4996459664545064,0.6785224437981576,0.5311315830932924,-0.1431976979158237,0.0,0.35
37.03333333333333,upright,0.49094870946246305,-0.10908421584715255,-0.32695795169408,-0.14900113045590788,0.0,0.35
37.06666666666667,upright,0.5272111686965197,1.697368325956785,-0.09697928822084384,-0.15497572498309214,0.0,0.35
37.1,upright,0.5372450802831812,0.737261550824244,0.9605909067127842,-0.14711271996990163,0.0,0.35
37.13333333333333,upright,0.5026432507193009,-0.5665026838222453,-0.7309073494353573,-0.14337948165241526,0.0,0.35
37.166666666666664,upright,0.5378289523463051,1.979489713109105,0.7058631993939442,-0.13837161422465014,0.0,0.35
37.2,upright,0.5112997550101948,-0.42513265339508544,0.710047599450532,-0.145823192477606,0.0,0.35
37.233333333333334,upright,0.5216116656151134,0.8098971845063919,0.39391128947492354,-0.13716183140146437,0.0,0.35
37.266666666666666,upright,0.5394247837722543,0.9353762818722777,0.7074817235377568,-0.14485937447575223,0.0,0.35
37.3,upright,0.5130824540194807,1.105251739930512,-0.636697041315557,-0.13946108447704117,0.0,0.35
37.333333333333336,upright,0.5020821559035095,0.7286426294357864,-0.30709237505569537,-0.14446611016925573,0.0,0.35
37.36666666666667,upright,0.5194911216110814,-0.775804766530666,0.4524197786110873,-0.1557792077683271,0.0,0.35
37.4,upright,0.5332172008122006,0.5010605509875258,0.4372525912328229,-0.1595756895501521,0.0,0.35
37.43333333333333,upright,0.5111600165285896,0.13308909111913236,0.7140214881455333,-0.1332262291219451,0.0,0.35
37.46666666666667,upright,0.5079224237238569,1.3614785157261444,-1.1018064506354213,-0.16194189401092288,0.0,0.35
37.5,upright,0.5056183231571983,-0.5820069515525779,-0.750153033872548,-0.14587001087862203,0.0,0.35
37.53333333333333,upright,0.5167889845340821,0.8035243180840879,0.6142836116729078,-0.14734383006827467,0.0,0.35
37.56666666666667,upright,0.5298664476422557,0.4443741710061845,-0.5121960329834467,-0.13942185819179204,0.0,0.35
37.6,upright,0.5111633180082831,-0.24847703900994078,0.09324927451736112,-0.15912810919296513,0.0,0.35
37.63333333333333,upright,0.5137385442701585,0.7752431372507732,0.40900504354767614,-0.15897830066425628,0.0,0.35
37.666666666666664,upright,0.5126844194057688,1.359466403816195,0.4978400706403647,-0.12924934960651457,0.0,0.35
37.7,upright,0.5377019226061229,1.4154344548479512,-0.6327211302734812,-0.14236139648366578,0.0,0.35
37.733333333333334,upright,0.5192033979745464,0.05921455716940033,0.30080920431951713,-0.14054788465388515,0.0,0.35
37.766666666666666,upright,0.5275124738650632,-0.20277904107364808,0.6454753481555722,-0.15637587542075965,0.0,0.35
37.8,upright,0.5232502467844643,0.2573199460182926,0.0686802489586246,-0.1423375702495949,0.0,0.35
37.833333333333336,upright,0.5043970942027616,2.0561560594215464,-0.8926516415766979,-0.15597667683254857,0.0,0.35
37.86666666666667,upright,0.5255531783491262,0.9674513331482479,0.13971456765697693,-0.1505739070300154,0.0,0.35
37.9,upright,0.5261582512799142,0.31514441803385573,1.0359087547609436,-0.14160650885768397,0.0,0.35
37.93333333333333,upright,0.5330923652650845,-0.2729253786963337,0.1523669453565783,-0.15300465948720704,0.0,0.35
37.96666666666667,upright,0.504915979364658,0.7881313471566136,-0.1225874546678899,-0.14344596170149762,0.0,0.35
38.0,upright,0.503947126556585,1.875232490273457,-0.337799595155237,-0.14780697662799563,0.0,0.35
38.03333333333333,upright,0.5318778896558211,0.04348765583990977,0.7114811860597703,-0.16229183597800415,0.0,0.35
38.06666666666667,upright,0.5417817654877384,0.5113194119726067,-0.1578468447813277,-0.15299181772427434,0.0,0.35
38.1,upright,0.5321337890408908,0.03243576651964941,-0.24961461365366655,-0.15221536597583737,0.0,0.35
38.13333333333333,upright,0.5023455683084505,1.9564351263534525,-0.13983675472883395,-0.14168383213819596,0.0,0.35
38.166666666666664,upright,0.5231420512547166,-0.2876272403855745,0.19642717447236238,-0.14215997220689253,0.0,0.35
38.2,upright,0.5171760799737054,1.4544903566808225,0.8129092356691183,-0.1408108514534167,0.0,0.35
38.233333333333334,upright,0.513105148415905,-0.36387395822518964,-0.16815256321767663,-0.1480375905933328,0.0,0.35
38.266666666666666,upright,0.5281868007029854,-1.237257123808358,0.19513207903294982,-0.14841910774676814,0.0,0.35
38.3,upright,0.5158368361552668,1.5330190712127032,0.4530680445505225,-0.13689808091919103,0.0,0.35
38.333333333333336,upright,0.5167605921947466,1.24998199400554,1.1810398367165116,-0.1368830655072734,0.0,0.35
38.36666666666667,upright,0.503617876098569,0.2970591379660952,-0.007098823269877846,-0.14510745464923672,0.0,0.35
38.4,upright,0.530295303325218,-0.17111413922058905,0.24070310835016262,-0.17019927332156137,0.0,0.35
38.43333333333333,upright,0.5416291750870283,0.09010060745864512,0.2335183639066982,-0.1530964971398806,0.0,0.35
38.46666666666667,upright,0.5371904136252013,-1.770005153117903,0.19003379460445463,-0.15105818757497697,0.0,0.35
38.5,upright,0.5131954541861248,1.8809812365085061,-0.3323976753134627,-0.14228203822764338,0.0,0.35
38.53333333333333,upright,0.5253437918305913,1.5092154020284128,-0.2003134508665032,-0.1573296889912376,0.0,0.35
38.56666666666667,upright,0.536441048612161,0.8402570466640884,-0.726962408006055,-0.1553930501446327,0.0,0.35
38.6,upright,0.525795739807721,1.1702113772372713,-0.207538391915773,-0.1791425598981694,0.0,0.35
38.63333333333333,upright,0.5278483477860555,-0.4762565519551807,-1.0104032788734467,-0.1783232592498414,0.0,0.35
38.666666666666664,upright,0.5322097129029661,0.6028939603239732,0.06460617157264903,-0.13610975637037237,0.0,0.35
38.7,upright,0.5295598702453461,1.7930400341775332,-0.6356412833001979,-0.15034550623953963,0.0,0.35
38.733333333333334,upright,0.49574929937577983,0.31649413451562625,0.0508304877399936,-0.14373386362736928,0.0,0.35
38.766666666666666,upright,0.5206834582171285,0.9987257106239325,0.6220640798833366,-0.12845071322616858,0.0,0.35
38.8,upright,0.5152705501707081,-0.25281816053310324,0.34765016918984526,-0.15802280027139542,0.0,0.35
38.833333333333336,upright,0.542229411526548,0.27342556884381397,-0.13934582072439416,-0.1547131572115112,0.0,0.35
38.86666666666667,upright,0.5307762613520747,0.3738024134148118,-0.18500009207822937,-0.13334648082376468,0.0,0.35
38.9,upright,0.5071574523900738,0.5284528592263948,0.5913836909661383,-0.16631335110417073,0.0,0.35
38.93333333333333,upright,0.5272039075210889,-0.3440861403843596,0.6936696685004015,-0.15962651011918977,0.0,0.35
38.96666666666667,upright,0.5303915354777329,1.3846664530357702,0.7168619153796829,-0.14748683351761896,0.0,0.35
39.0,upright,0.5165304858560545,0.038864338932124876,1.0826208144902623,-0.15699495220167642,0.0,0.35
39.03333333333333,upright,0.50444400889645,1.032295148026264,-0.2776820819118972,-0.15950063497466127,0.0,0.35
39.06666666666667,upright,0.49834593606745353,0.1136721284315858,0.1503709856621041,-0.147569082723393,0.0,0.35
39.1,upright,0.5342695936644922,0.9215183389326349,0.08547666826809214,-0.1519819567637972,0.0,0.35
39.13333333333333,upright,0.5276523620337278,1.5180561303428557,0.27578851968992013,-0.15469130854210408,0.0,0.35
39.166666666666664,upright,0.5051070099837168,-0.6561642115297805,0.5997618032261138,-0.14422021476360442,0.0,0.35
39.2,upright,0.5286604528765999,0.3970724429183553,1.0441608475350503,-0.15484118494584817,0.0,0.35
39.233333333333334,upright,0.5343290385581081,0.46900568400836556,-0.1650104588076025,-0.14407469692682237,0.0,0.35
39.266666666666666,upright,0.5261445417802599,0.7855782074135409,0.24876705323371925,-0.1503789308171683,0.0,0.35
39.3,upright,0.5558255798930566,1.4474053161569382,0.6336961369913072,-0.14888200841796612,0.0,0.35
39.333333333333336,upright,0.53510735800895,0.9143958211131615,0.2157228516644214,-0.15303564325265914,0.0,0.35
39.36666666666667,upright,0.5187862399350597,-2.0363405887024446,0.32636050357858504,-0.15488476080110358,0.0,0.35
39.4,upright,0.5438900499742433,0.5154752566494034,-0.5133780517209772,-0.15049880154128117,0.0,0.35
39.43333333333333,upright,0.5043081837240625,0.8787259325699732,0.3745684186036912,-0.14042160368891732,0.0,0.35
39.46666666666667,upright,0.5081367731245815,0.5272064769825174,-0.6190130772559812,-0.14298505218075286,0.0,0.35
39.5,upright,0.5277830677066019,0.8966440168220566,0.2009714188141647,-0.14585227109211207,0.0,0.35
39.53333333333333,upright,0.5440650866246289,0.2719245943663888,0.2831871102260507,-0.16086126299181408,0.0,0.35
39.56666666666667,upright,0.506976085576025,0.5782506344746459,0.8623601280211444,-0.15256280824251572,0.0,0.35
39.6,upright,0.5164612520603181,0.17449180439650025,-0.12085400250659384,-0.14705028544291177,0.0,0.35
39.63333333333333,upright,0.49754113532232036,1.524751661333382,-0.1992533788776763,-0.14278096514561858,0.0,0.35
39.666666666666664,upright,0.5009500210390919,1.0350721044369746,0.6031667646886985,-0.14615797927994104,0.0,0.35
39.7,upright,0.5050835721730031,0.6996385516784616,-0.5098337108406334,-0.15252763255096186,0.0,0.35
39.733333333333334,upright,0.5354411965143299,1.1373615416565936,0.2091097655242599,-0.15974806575922842,0.0,0.35
39.766666666666666,upright,0.5296838156826129,0.5155049901584202,-1.192189358938254,-0.1421737017368348,0.0,0.35
39.8,upright,0.5196365074919547,1.4619609983864579,-0.4571623113056828,-0.18176703813196,0.0,0.35
39.833333333333336,upright,0.5241862578751778,0.7332509413455782,-0.8144029765638712,-0.15978499545866606,0.0,0.35
39.86666666666667,upright,0.5613282661557986,0.25551150867695727,0.6385753858257297,-0.15650659827368382,0.0,0.35
39.9,upright,0.48864545651720265,0.3637934025632756,0.040637263828336906,-0.1539987823866837,0.0,0.35
39.93333333333333,upright,0.5182803874674041,0.7114146173165092,0.10992982924771606,-0.16264006167947365,0.0,0.35
39.96666666666667,upright,0.5272927718734292,-1.0594974042579386,-1.0302144743705202,-0.1426081950529843,0.0,0.35
40.0,upright,0.5276053040820303,0.4540837079407712,-0.6372691028530431,-0.15707910940674075,0.0,0.35
40.03333333333333,upright,0.5160587987847025,-0.7767151748592909,-0.24341719481393975,-0.1434766966182332,0.0,0.35
40.06666666666667,upright,0.5414095804643383,0.16445219787315946,0.653893012589659,-0.16914060070587467,0.0,0.35
40.1,upright,0.5298917686167042,-0.1431587317819849,0.38440737002478204,-0.1524775241823971,0.0,0.35
40.13333333333333,upright,0.5398062101467576,-0.19954851867193457,0.5765637785370986,-0.15279507463296532,0.0,0.35
40.166666666666664,upright,0.517625417829855,0.3529168854726322,-0.30740386269646774,-0.15014098965906672,0.0,0.35
40.2,upright,0.5190602766681727,0.6929921987253834,0.25070308741571756,-0.14202005450387764,0.0,0.35
40.233333333333334,upright,0.5338526292407105,-0.34049865746224095,0.7212635003544625,-0.16186336427109854,0.0,0.35
40.266666666666666,upright,0.5288178383220661,0.995791027762295,-0.9467901349975025,-0.1490702075347059,0.0,0.35
40.3,upright,0.5129725582995953,-0.1070122063483,1.0105113984194032,-0.1565367914063742,0.0,0.35
40.333333333333336,upright,0.5079043460632293,0.5605559520040747,0.6113538477790499,-0.15141648586010126,0.0,0.35
40.36666666666667,upright,0.5374955581850388,0.9247805295712724,-1.1069267918388581,-0.15529466963507008,0.0,0.35
40.4,upright,0.5115723685097245,0.8834887627435379,-1.374890233824467,-0.12450990291282277,0.0,0.35
40.43333333333333,upright,0.5279653914234131,0.6191014431341528,0.9089406298514877,-0.12656345947187375,0.0,0.35
40.46666666666667,upright,0.533061199668826,1.2590504771772961,0.2784140146786294,-0.15141525753366947,0.0,0.35
40.5,upright,0.5128630683399265,-0.16088959337163367,-0.21220845981969838,-0.16350555964342983,0.0,0.35
40.53333333333333,upright,0.5188619282397247,-0.8477340617811095,0.31454991448622643,-0.15036330608042342,0.0,0.35
40.56666666666667,upright,0.5222040294758004,0.08229474398400605,2.046116222108302,-0.13639884099819688,0.0,0.35
40.6,upright,0.5013318624987292,0.6862944699415185,-0.16480368576239413,-0.16014479726707415,0.0,0.35
40.63333333333333,upright,0.499898918933141,0.8457733526074032,-0.2088281410417443,-0.14032173975974796,0.0,0.35
40.666666666666664,upright,0.5349067332179566,1.5991315081691597,-0.31143205964446213,-0.1452463438930799,0.0,0.35
40.7,upright,0.5294868132496345,0.12065745991682808,-0.263063174435725,-0.13390479334224026,0.0,0.35
40.733333333333334,upright,0.5234124381359808,1.0087742005693903,-0.29324560709675646,-0.16219284466522194,0.0,0.35
40.766666666666666,upright,0.5114582533826184,0.4007828900880024,-0.4385320040904093,-0.15009844808650383,0.0,0.35
40.8,upright,0.4946724221789725,-0.3960379379758978,0.602546748966125,-0.14396209479722105,0.0,0.35
40.833333333333336,upright,0.5141218485191971,-0.31421144726156247,-0.4164421309156065,-0.15373268245941313,0.0,0.35
40.86666666666667,upright,0.5296677773746794,1.2425965530754597,-0.09791904128918139,-0.16153492425984783,0.0,0.35
40.9,upright,0.524017654567995,-0.1588279765006796,-0.11095158331672145,-0.1367472390956296,0.0,0.35
40.93333333333333,upright,0.5324067314284865,0.6263794498011613,-0.5631514006676337,-0.1478860343252934,0.0,0.35
40.96666666666667,upright,0.5359398593618129,0.1994930673875715,1.010668453992029,-0.13707254710481792,0.0,0.35
41.0,upright,0.5449559924821521,0.7441945012250823,0.5524350198836073,-0.1358581271166891,0.0,0.35
41.03333333333333,upright,0.5267109090560347,0.09901271376782983,-0.0691257019167168,-0.1476144504622626,0.0,0.35
41.06666666666667,upright,0.5006415786708067,0.3853928677086459,0.8579282709381522,-0.1719125385116528,0.0,0.35
41.1,upright,0.5430172315269177,1.3978993749625277,-0.07585876949828574,-0.1445660917212819,0.0,0.35
41.13333333333333,upright,0.5200472159035949,1.4839922947509465,0.7896098856619647,-0.16400070723183008,0.0,0.35
41.166666666666664,upright,0.5288089362019627,0.3354977170854019,0.24969954231085995,-0.15728171900969815,0.0,0.35
41.2,upright,0.5462220560368125,1.3320494559220608,-0.24386269838378033,-0.16334610606910233,0.0,0.35
41.233333333333334,upright,0.5142149105353323,0.8476021168730445,0.3441235063677338,-0.13746867175231756,0.0,0.35
41.266666666666666,upright,0.5318487958327128,1.2756552206023255,0.3961132403662624,-0.16389298730210988,0.0,0.35
41.3,upright,0.5170645220327965,1.3480717919269325,0.16908624288521237,-0.14496909631376254,0.0,0.35
41.333333333333336,upright,0.515218775271308,-0.32384947883347603,0.12599356157233374,-0.14690952556967346,0.0,0.35
41.36666666666667,upright,0.5101646842080784,0.3114310041146652,-0.3636779451915895,-0.13880755082435903,0.0,0.35
41.4,upright,0.5155831636361795,1.6622044361009465,1.117248710324545,-0.15081045964721743,0.0,0.35
41.43333333333333,upright,0.5048732690117897,-1.1687183021866698,-0.6832222438160749,-0.1637383482489866,0.0,0.35
41.46666666666667,upright,0.5406770444119225,0.5926596697815569,0.43376271445519266,-0.17220421008935125,0.0,0.35
41.5,upright,0.5020305035617411,1.2096638211570296,0.37206446742955174,-0.15147205278685597,0.0,0.35
41.53333333333333,upright,0.5284726353790019,1.808638244908652,0.06737452187776968,-0.1493063019734193,0.0,0.35
41.56666666666667,upright,0.5228889537809696,2.413687708219194,-1.0596137586514154,-0.1431677698521119,0.0,0.35
41.6,upright,0.5182779662686141,0.9534173809473436,-0.19442353239683463,-0.1504896503085845,0.0,0.35
41.63333333333333,upright,0.5306711586919824,2.990328160835073,0.6848217136412429,-0.15848065598030509,0.0,0.35
41.666666666666664,upright,0.5136436047696594,0.13726871329291673,-0.8773859035780089,-0.15330090191701437,0.0,0.35
41.7,upright,0.5309924362273262,-0.5193856952614362,0.8290895906303555,-0.1451222517891566,0.0,0.35
41.733333333333334,upright,0.5089865001704345,0.38677629012972203,1.1589930845846197,-0.14266452186494133,0.0,0.35
41.766666666666666,upright,0.5201317548234722,0.30985334643121254,0.2459654422709958,-0.15511763557942304,0.0,0.35
41.8,upright,0.4884287574142148,2.1337423284277848,0.2931949995196409,-0.14601852734877463,0.0,0.35
41.833333333333336,upright,0.5191313837518464,-0.08809344057967039,0.08844531143073757,-0.1659939476219431,0.0,0.35
41.86666666666667,upright,0.5541562974707996,-0.48760959873791687,-0.4191797703083076,-0.154402592043864,0.0,0.35
41.9,upright,0.5393211358727856,0.5116071994101233,-0.5416814776182775,-0.1374566163924266,0.0,0.35
41.93333333333333,upright,0.5309650094017823,0.9307479657731619,0.6294405447025042,-0.1260563809941755,0.0,0.35
41.96666666666667,upright,0.5527764234255417,-0.04937227440263625,1.1743309956866914,-0.146168318102411,0.0,0.35
42.0,upright,0.5274864372420662,-0.853816665314663,0.09776854076708243,-0.15812823590336564,0.0,0.35
42.03333333333333,upright,0.5324208822233997,1.356864400322244,-1.0446918106097869,-0.1502203486400427,0.0,0.35
42.06666666666667,upright,0.5368279225719138,0.350656830149244,0.6374381870014186,-0.14648834532372915,0.0,0.35
42.1,upright,0.5251249034792894,0.28294801754536203,-0.5299484824814258,-0.16121530147425028,0.0,0.35
42.13333333333333,upright,0.5306402877168298,0.5155666044151065,0.11689265323566517,-0.15423890042322352,0.0,0.35
42.166666666666664,upright,0.5154221673177888,1.3375294355905116,-0.0011464491208160177,-0.16341064713301567,0.0,0.35
42.2,upright,0.5311547766331026,0.3360986689082262,0.21883751931966589,-0.1339242169360049,0.0,0.35
42.233333333333334,upright,0.5196915916397424,0.7313469384949802,-0.5073540947789952,-0.1521966945235096,0.0,0.35
42.266666666666666,upright,0.529142890678129,-0.7442989870729939,0.32050705586942574,-0.14899208927355193,0.0,0.35
42.3,upright,0.5206193118338116,1.3297271189265945,0.40066310890911294,-0.13521928101643554,0.0,0.35
42.333333333333336,upright,0.5050961572660895,0.6087396537746784,0.25068007183396845,-0.1606925449375508,0.0,0.35
42.36666666666667,upright,0.5343444250313703,2.3597386446822544,0.1897963553097014,-0.14494978911726233,0.0,0.35
42.4,upright,0.5212677771372299,-0.0708677359257407,-0.8924561666812096,-0.15705773483095364,0.0,0.35
42.43333333333333,upright,0.49912062428572407,1.8632816624472943,0.13093418364605652,-0.1534591932904717,0.0,0.35
42.46666666666667,upright,0.5333373073718171,-0.3974008822847104,-0.2601184228027314,-0.1493192773075138,0.0,0.35
42.5,upright,0.5354315348713522,0.9013480361350306,0.3489950855095293,-0.14921882264763983,0.0,0.35
42.53333333333333,upright,0.5260035378329017,0.6613223241034037,-0.41798336486616144,-0.14953920778366847,0.0,0.35
42.56666666666667,upright,0.5038946701162337,0.564866034320659,-0.08838876489294484,-0.12460618377217138,0.0,0.35
42.6,upright,0.5194015842437243,-0.6233916530092711,0.11949187359384528,-0.14480641254362112,0.0,0.35
42.63333333333333,upright,0.5451004591922879,0.028438080049025205,-0.749456784414184,-0.14183162988569017,0.0,0.35
42.666666666666664,upright,0.4992910194115053,0.15107564679401198,0.045427708693403596,-0.15069633453300108,0.0,0.35
42.7,upright,0.530337466856115,-0.046907425829110116,0.035762448699943605,-0.15014270352949388,0.0,0.35
42.733333333333334,upright,0.5222439693627818,0.5782617397663381,0.4616034651335479,-0.14156160490358263,0.0,0.35
42.766666666666666,upright,0.5258895117347645,0.8628684188073747,-0.7493339000478865,-0.1494977230083432,0.0,0.35
42.8,upright,0.5271926132200242,1.0831529556563604,-0.21541046454027651,-0.15659039274888645,0.0,0.35
42.833333333333336,upright,0.511388489870746,0.9291311199130747,0.8203286329545252,-0.154074601072916,0.0,0.35
42.86666666666667,upright,0.5336194347044058,0.5987838473316753,0.12542853370253826,-0.15211384229817967,0.0,0.35
42.9,upright,0.5311991704690324,0.7604622534296561,1.5654952565885825,-0.15852224642997323,0.0,0.35
42.93333333333333,upright,0.5277715255304497,0.07663919215078968,-0.3215721921931863,-0.15010867137034972,0.0,0.35
42.96666666666667,upright,0.5220602871911055,2.834538844048074,0.08951251059007877,-0.16130178729484684,0.0,0.35
43.0,upright,0.5240951607624158,-1.1597120300370947,0.1448259304374405,-0.1498397471770484,0.0,0.35
43.03333333333333,upright,0.5319190057441782,1.2788977995422774,-0.10214177134463043,-0.15150614014629932,0.0,0.35
43.06666666666667,upright,0.5085081875408399,-0.4024500438461551,0.38593686762838075,-0.16273585548596597,0.0,0.35
43.1,upright,0.513780596491422,-0.29613916791939,0.5298099117741558,-0.13198569900733512,0.0,0.35
43.13333333333333,upright,0.50047618025795,-0.9824147863180555,0.12506786878995957,-0.1498430220404224,0.0,0.35
43.166666666666664,upright,0.5232798896013595,0.14294358781252403,0.07961642070474093,-0.14632489589459396,0.0,0.35
43.2,upright,0.5356064633896725,-1.0640390162546263,-0.0213636634188773,-0.14786191206058935,0.0,0.35
43.233333333333334,upright,0.506230358430839,1.8849357054138398,-0.18124592813724216,-0.15041292687007282,0.0,0.35
43.266666666666666,upright,0.5283403314526344,0.026972168958484366,-0.9079438286826502,-0.15428654526916533,0.0,0.35
43.3,upright,0.5354416083389056,0.23048389857188917,-0.3078605808753871,-0.14074327790497276,0.0,0.35
43.333333333333336,upright,0.5150383765596542,0.09187134907982619,0.2896736537979857,-0.14229249790381213,0.0,0.35
43.36666666666667,upright,0.5557257029759882,1.1617888861259384,0.8959039798330066,-0.15505966198987856,0.0,0.35
43.4,upright,0.5046119784104579,0.5498650796952984,0.2643019491557577,-0.16078512741364598,0.0,0.35
43.43333333333333,upright,0.5173705820514398,0.8194540813753047,0.4162360370108481,-0.14495712146615727,0.0,0.35
43.46666666666667,upright,0.5243644709520616,0.09439307258395535,-0.1083403759893059,-0.16198951397993874,0.0,0.35
43.5,upright,0.5467716255877765,0.5107602916954344,0.06508816652308885,-0.1592879208145246,0.0,0.35
43.53333333333333,upright,0.5640348685349167,-0.3586624257783164,-0.05730875536364399,-0.1458416316371394,0.0,0.35
43.56666666666667,upright,0.5290031944861642,1.2663456441725471,1.2845651046615578,-0.14493842344539287,0.0,0.35
43.6,upright,0.5041595380005,0.2944438999025748,0.384699423508331,-0.12931773958494175,0.0,0.35
43.63333333333333,upright,0.49903291782363557,1.462061204180182,0.3079486217278501,-0.1416216946477052,0.0,0.35
43.666666666666664,upright,0.5184700792504611,-0.17394610410106115,0.6505236676407993,-0.1434556897289438,0.0,0.35
43.7,upright,0.5345808544860958,0.48935629169709177,-0.1598932139919096,-0.16558786995023841,0.0,0.35
43.733333333333334,upright,0.5322905990220911,0.8391115859551889,-0.3794695797183755,-0.15538573673296624,0.0,0.35
43.766666666666666,upright,0.5129986178207284,-0.6863875455859345,-0.2906094379630802,-0.16133830356806353,0.0,0.35
43.8,upright,0.513812814821681,-0.09095799866365029,-0.7762029525200491,-0.12977409769430517,0.0,0.35
43.833333333333336,upright,0.5387881109654384,-0.12321553721598855,0.36345283799216593,-0.14582534910178704,0.0,0.35
43.86666666666667,upright,0.5378662878216022,-0.1548840213280629,0.8552640703894556,-0.15547905304206935,0.0,0.35
43.9,upright,0.49996206393747084,1.0793092474515977,0.9744550544734569,-0.12412091026469314,0.0,0.35
43.93333333333333,upright,0.5020041210236468,1.059135748064631,-0.04588074627611982,-0.14216641289475968,0.0,0.35
43.96666666666667,upright,0.49794265673153126,-0.5102158205588514,-0.26552489389989026,-0.14921035954331915,0.0,0.35
44.0,upright,0.5103837810019247,1.0272434751307358,0.8161367709547487,-0.14400422458754644,0.0,0.35
44.03333333333333,upright,0.5442818145949131,0.8326613035642745,-0.5301380262041002,-0.1363662348646166,0.0,0.35
44.06666666666667,upright,0.5109226564659101,1.2283347997484562,1.1442405299330638,-0.145433119892696,0.0,0.35
44.1,upright,0.49755761780253027,-0.23456973320783325,0.9936466801310813,-0.15169122685642816,0.0,0.35
44.13333333333333,upright,0.5211936030241325,1.1070595329308874,0.6177937172481941,-0.1472120018761454,0.0,0.35
44.166666666666664,upright,0.516869974431693,0.24986524341411415,0.7147392951748057,-0.14446430468932206,0.0,0.35
44.2,upright,0.5161404999907332,1.3656898503945127,0.12257953092212975,-0.15851662174334394,0.0,0.35
44.233333333333334,upright,0.5086154395164498,-0.28299266904781284,0.0365539900377877,-0.13766275721663807,0.0,0.35
44.266666666666666,upright,0.5079235722845424,0.6507806088144823,-0.1940136073764479,-0.15260309041271436,0.0,0.35
44.3,upright,0.49734938182022126,0.32356941667477007,0.08377677211702278,-0.14459712055964305,0.0,0.35
44.333333333333336,upright,0.5233492136988306,-0.45871369996163625,0.8505189464261256,-0.14789696959778004,0.0,0.35
44.36666666666667,upright,0.5229759027576624,0.49265411729188885,-0.11065446833333181,-0.14782197660251273,0.0,0.35
44.4,upright,0.5271338265389287,-0.897516553076444,-0.1232565024076574,-0.15254946970403588,0.0,0.35
44.43333333333333,upright,0.5238425590854142,1.4546488047417008,-0.26304448875806935,-0.15497961846817843,0.0,0.35
44.46666666666667,upright,0.5123119883403018,-0.14122207208363324,-0.008311897067357465,-0.1422919778001203,0.0,0.35
44.5,upright,0.5041924675695348,0.8422515161223225,-0.8211413380110013,-0.15561337996442207,0.0,0.35
44.53333333333333,upright,0.5150576604967302,1.839887738331252,0.03511861714838721,-0.17201243473450917,0.0,0.35
44.56666666666667,upright,0.49001666639708125,0.5272236690773447,0.5682625134739452,-0.14624544142372747,0.0,0.35
44.6,upright,0.5225135515870148,1.4298076780045337,-0.12375473244227897,-0.14105089443973173,0.0,0.35
44.63333333333333,upright,0.49551977672460373,-0.22395826635045302,-0.8842248369590897,-0.15274845300669793,0.0,0.35
44.666666666666664,upright,0.5193060817410049,0.5912811937812159,0.23713001173228113,-0.15927553330811728,0.0,0.35
44.7,upright,0.5171463873338018,-0.6979573348845989,1.0179373850793503,-0.15303626072898,0.0,0.35
44.733333333333334,upright,0.5126667082143447,1.7711522627552663,-0.5453479201295375,-0.1612558711403197,0.0,0.35
44.766666666666666,upright,0.5035566951269715,0.44570289464041446,0.4589789777825584,-0.14260324531882165,0.0,0.35
44.8,upright,0.5585799297624245,-1.299545963360611,0.5652413534746501,-0.1555713057257223,0.0,0.35
44.833333333333336,upright,0.5112037727666684,0.004182297396897905,-0.34526180248478394,-0.13315475165396548,0.0,0.35
44.86666666666667,upright,0.5326344599052085,0.5185567828458999,1.0106094514922002,-0.16512528965298875,0.0,0.35
44.9,upright,0.5000394230300361,-1.2423741857557502,-0.2196487240739725,-0.14838301473295246,0.0,0.35
44.93333333333333,upright,0.5215428786689851,0.6194735288479044,-0.646634098639649,-0.14196845257385976,0.0,0.35
44.96666666666667,upright,0.523594412773585,1.0864434251727988,-0.935657306554031,-0.1468850914120221,0.0,0.35
45.0,slouch,0.5021835214012371,8.68214139795891,4.52061893918183,-0.14908906393744087,0.0,0.35
45.03333333333333,slouch,0.5072269003033102,9.005018524947534,3.2810788108538143,-0.13849732604101703,0.0,0.35
45.06666666666667,slouch,0.5169207397075563,9.894839955404262,3.8840809877423745,-0.15523575988406582,0.0,0.35
45.1,slouch,0.5085371982004323,9.700939145354461,3.7743413056029147,-0.14355404567584823,0.0,0.35
45.13333333333333,slouch,0.5142632140349607,7.419229360086704,3.8578115593281206,-0.16179108214362847,0.0,0.35
45.166666666666664,slouch,0.5205085408552351,8.047673811460408,4.75558506042877,-0.15091075860353026,0.0,0.35
45.2,slouch,0.517336060078619,9.524713710230067,4.778344160445518,-0.1502009875176965,0.0,0.35
45.233333333333334,slouch,0.5084319955067607,7.580824307110296,3.788370145778892,-0.1561721224664796,0.0,0.35
45.266666666666666,slouch,0.5216058617948844,8.723882495089578,4.612759783230857,-0.1561298327127069,0.0,0.35
45.3,slouch,0.5191443824972058,9.947189954557512,4.40509512837298,-0.15060037541688565,0.0,0.35
45.333333333333336,slouch,0.5109708333709724,8.493414882628018,3.6896320482288316,-0.155410068657829,0.0,0.35
45.36666666666667,slouch,0.5313349875811647,8.822489382966186,3.3901361583712615,-0.13231830706940217,0.0,0.35
45.4,slouch,0.5247994778671775,7.874445279589464,3.934890643655506,-0.14889113617171582,0.0,0.35
45.43333333333333,slouch,0.5455688813994607,8.113510033392904,4.785624431613568,-0.13600513573027656,0.0,0.35
45.46666666666667,slouch,0.5105701854238814,8.777989104911812,3.578214451575738,-0.15203461141080304,0.0,0.35
45.5,slouch,0.519451150384856,9.527719998465896,4.8541100826122685,-0.15748096064621647,0.0,0.35
45.53333333333333,slouch,0.4904901240366101,8.983004176579007,4.376122517981185,-0.14750582312314958,0.0,0.35
45.56666666666667,slouch,0.5150999012873644,9.099801679731147,5.1092668850113485,-0.1461826583103749,0.0,0.35
45.6,slouch,0.5143994736249538,8.599841746323204,4.098088585393362,-0.1336326003816936,0.0,0.35
45.63333333333333,slouch,0.517250489357107,8.984164524383434,3.9106118574382185,-0.13901016642558034,0.0,0.35
45.666666666666664,slouch,0.5493975588211701,9.36049043954511,4.249663742271256,-0.14963217166825765,0.0,0.35
45.7,slouch,0.4842353981682138,9.596120691427855,4.280499849597506,-0.14571657949339276,0.0,0.35
45.733333333333334,slouch,0.5093280670887445,8.692434496818327,3.953385038098096,-0.1397837701592696,0.0,0.35
45.766666666666666,slouch,0.5143186024509536,10.666128257687838,4.458517451409023,-0.1627568265999573,0.0,0.35
45.8,slouch,0.5180718056012207,8.478659902274867,2.8833705181079856,-0.1340052905988621,0.0,0.35
45.833333333333336,slouch,0.5305471381333001,9.42656585431945,4.299242196179823,-0.16382017568692436,0.0,0.35
45.86666666666667,slouch,0.5127457429066684,9.67342461982721,3.5692679821304987,-0.17531769316250814,0.0,0.35
45.9,slouch,0.5165934098832862,8.886593956777968,4.281338049848825,-0.14271481356485463,0.0,0.35
45.93333333333333,slouch,0.5295640871834681,9.207015844195137,4.917318832852025,-0.16518969780813314,0.0,0.35
45.96666666666667,slouch,0.5275687272171609,9.501230690669553,3.4562626283518565,-0.16502870608682388,0.0,0.35
46.0,slouch,0.508810868102866,8.470766845987766,4.652051678101459,-0.15614538783691095,0.0,0.35
46.03333333333333,slouch,0.507154772225782,8.510693010644353,4.871179400492527,-0.14986956625623046,0.0,0.35
46.06666666666667,slouch,0.5173112346196463,8.911995601039159,4.975236200595914,-0.15749171726603242,0.0,0.35
46.1,slouch,0.5397326243641016,9.168397039137202,4.103748370814792,-0.12499099502065718,0.0,0.35
46.13333333333333,slouch,0.5041654076530211,8.717051392346395,3.4605412565016,-0.1404753802946383,0.0,0.35
46.166666666666664,slouch,0.5453378340047752,10.335938225123712,4.934369251887603,-0.15197620467795966,0.0,0.35
46.2,slouch,0.5145213853376523,7.663064182004748,5.4215241211090754,-0.1453102192185153,0.0,0.35
46.233333333333334,slouch,0.5126206464269578,10.062445511189575,3.6163412899439997,-0.14593377965777327,0.0,0.35
46.266666666666666,slouch,0.5174105629856375,9.510941711904241,4.161855876488327,-0.16450927891111222,0.0,0.35
46.3,slouch,0.5211336455900506,9.83909131350029,4.182470156487609,-0.14224884878410912,0.0,0.35
46.333333333333336,slouch,0.5043170577148892,8.978991365384118,3.8252937269468537,-0.1425301915989529,0.0,0.35
46.36666666666667,slouch,0.5204723734339299,9.55205894106929,4.8526262556947195,-0.1430838142487861,0.0,0.35
46.4,slouch,0.5240967765144047,8.201430193190875,4.19832833359986,-0.15533090402015834,0.0,0.35
46.43333333333333,slouch,0.5148390406494366,8.700372679399798,3.6120446551306538,-0.16957338589133988,0.0,0.35
46.46666666666667,slouch,0.5099778542750835,9.154703561539327,3.391093772743506,-0.14984317763528376,0.0,0.35
46.5,slouch,0.5485040263646644,9.818445244201792,5.186124905472318,-0.14608872123067274,0.0,0.35
46.53333333333333,slouch,0.5375126473447968,8.42082821562577,3.8133958397868097,-0.17739140206137471,0.0,0.35
46.56666666666667,slouch,0.5377921821106345,10.23225918385591,3.868093652791638,-0.15253951706397234,0.0,0.35
46.6,slouch,0.5086920682946356,9.306122841181994,4.874959527181945,-0.1674277197388104,0.0,0.35
46.63333333333333,slouch,0.5261415779596338,8.778662582624683,4.268036635180014,-0.1454100599832571,0.0,0.35
46.666666666666664,slouch,0.5171769634184077,8.917130517275375,4.071674899467217,-0.14029683798211717,0.0,0.35
46.7,slouch,0.5262813994019124,9.176466830189888,3.4374289673446308,-0.15378579743213153,0.0,0.35
46.733333333333334,slouch,0.5334800374050876,9.030157258499138,4.595718881753483,-0.13233488199672366,0.0,0.35
46.766666666666666,slouch,0.5355790910381323,9.074526670159793,3.8934064978825638,-0.17553549596055898,0.0,0.35
46.8,slouch,0.5174742261629073,8.73919000334652,4.434219716637226,-0.15153905226974687,0.0,0.35
46.833333333333336,slouch,0.5151942241084481,7.576480855594223,3.6360193025099603,-0.14523348959199442,0.0,0.35
46.86666666666667,slouch,0.5457386144669905,8.921979693003502,4.3966866441444745,-0.14047521843047195,0.0,0.35
46.9,slouch,0.5078365909569963,9.293451234628353,3.7557059362007053,-0.1413517556150899,0.0,0.35
46.93333333333333,slouch,0.522271045719276,9.238761451185152,3.730440841548847,-0.14292967640389215,0.0,0.35
46.96666666666667,slouch,0.5512706938184653,8.193670643657436,3.996144595411486,-0.14768392525831908,0.0,0.35
47.0,slouch,0.5317960931799373,8.552362971768424,2.500181825914356,-0.13640810505835974,0.0,0.35
47.03333333333333,slouch,0.5314075917937622,7.605641975610668,3.8354587249322667,-0.13431817570472673,0.0,0.35
47.06666666666667,slouch,0.5417169462768681,9.750912018143156,4.094332539624083,-0.1491701258118749,0.0,0.35
47.1,slouch,0.5180361129231081,9.90259182661507,3.674494556102934,-0.15805799654884203,0.0,0.35
47.13333333333333,slouch,0.5351541188025403,8.964510835590751,5.027080413272285,-0.15671512206980545,0.0,0.35
47.166666666666664,slouch,0.5191783245949176,8.262069612124836,4.204417608854141,-0.16478546936998797,0.0,0.35
47.2,slouch,0.5126854986856756,7.850996908057506,4.616353939914755,-0.14283410660240348,0.0,0.35
47.233333333333334,slouch,0.49404605904273485,10.067108596400459,5.698449075851912,-0.14953993613263658,0.0,0.35
47.266666666666666,slouch,0.5103832860966303,11.259464472802437,3.4086189010184937,-0.149798935331309,0.0,0.35
47.3,slouch,0.5226943340894789,10.076118096361931,4.415843385076073,-0.1549863389578845,0.0,0.35
47.333333333333336,slouch,0.5057322344441807,8.726542543803092,3.595843583432914,-0.14952174680215316,0.0,0.35
47.36666666666667,slouch,0.5115370573020928,7.804769765368199,4.953087473024943,-0.1549767252342904,0.0,0.35
47.4,slouch,0.5009779479253703,8.865392692409968,4.241022939580596,-0.16746466725579034,0.0,0.35
47.43333333333333,slouch,0.5249747150068864,8.162273945047788,5.226617285514473,-0.14476039487923265,0.0,0.35
47.46666666666667,slouch,0.5140015001483603,8.40386578374612,4.137019375461826,-0.1438720925841671,0.0,0.35
47.5,slouch,0.519617588071222,8.826272954290515,4.235022174490737,-0.15603858931236955,0.0,0.35
47.53333333333333,slouch,0.5148519110973544,7.331366048875997,4.784235738511421,-0.1470120221967824,0.0,0.35
47.56666666666667,slouch,0.5083981623394985,10.518987985084191,4.2522098882354324,-0.16036143571975198,0.0,0.35
47.6,slouch,0.5328510613220568,9.318438573207409,4.436747991290532,-0.1542575560465159,0.0,0.35
47.63333333333333,slouch,0.5267574358566706,8.790593367823124,4.533564870987505,-0.1690494445401064,0.0,0.35
47.666666666666664,slouch,0.5134918980553121,10.377724078246557,3.73975952675982,-0.15603838297493186,0.0,0.35
47.7,slouch,0.5132805799232504,8.028155091289085,2.875031534263049,-0.15230586398523613,0.0,0.35
47.733333333333334,slouch,0.5220378913612249,8.957995945169078,4.1130728628312685,-0.1495695912914961,0.0,0.35
47.766666666666666,slouch,0.5353426220732614,8.847643051256627,3.8555504537476386,-0.15281125484888086,0.0,0.35
47.8,slouch,0.5286902013963517,10.129621502834599,3.8231137564984934,-0.14901066212971115,0.0,0.35
47.833333333333336,slouch,0.5250753616290394,8.205937594616941,4.212250300327751,-0.16465673857342095,0.0,0.35
47.86666666666667,slouch,0.49346424544390904,9.293397126313806,3.9696751552015304,-0.1479771959237878,0.0,0.35
47.9,slouch,0.5197315753448748,8.218879961068962,4.172847418821398,-0.16233101305014855,0.0,0.35
47.93333333333333,slouch,0.540864585370021,7.915223724112029,4.0825288374188515,-0.16042271588047247,0.0,0.35
47.96666666666667,slouch,0.528556317600412,8.734854902974797,3.888799968227274,-0.14146798454948445,0.0,0.35
48.0,slouch,0.5204414588751634,9.413315556748774,3.6112044380895214,-0.16404816943927505,0.0,0.35
48.03333333333333,slouch,0.521608119430602,8.744922915604215,4.5758608034723665,-0.1507990845266255,0.0,0.35
48.06666666666667,slouch,0.5230761300885195,7.701293976047005,5.333062163768554,-0.15164241985032031,0.0,0.35
48.1,slouch,0.530463804555088,8.331126663824298,4.384805941330405,-0.16302844763524746,0.0,0.35
48.13333333333333,slouch,0.5267810175738951,8.715220732491334,4.217514302361341,-0.14302025969869903,0.0,0.35
48.166666666666664,slouch,0.5015118953316958,8.452406615509762,4.47439456865206,-0.12901778525453253,0.0,0.35
48.2,slouch,0.5179287649800778,9.472908894339145,4.135817118084912,-0.130577544052437,0.0,0.35
48.233333333333334,slouch,0.4937916749955212,9.075696835735487,3.2246735798627637,-0.17506571570536716,0.0,0.35
48.266666666666666,slouch,0.5244619307967673,9.111598236917967,4.029097837354679,-0.1510619409003975,0.0,0.35
48.3,slouch,0.5664744915110689,8.793459889574853,4.506074616750045,-0.1564936481961388,0.0,0.35
48.333333333333336,slouch,0.5244284886256091,8.809413059955506,3.953688910362162,-0.13181101467799675,0.0,0.35
48.36666666666667,slouch,0.5376577744477651,9.109397317919385,2.81747283843362,-0.1536100922325257,0.0,0.35
48.4,slouch,0.5605454134660762,8.815470666688233,4.861930543232195,-0.135580575980474,0.0,0.35
48.43333333333333,slouch,0.5232844587378397,8.326542694505479,2.738812600930267,-0.14315836791391046,0.0,0.35
48.46666666666667,slouch,0.5077786599576468,9.140920361510153,3.4501077962463818,-0.15265237540470203,0.0,0.35
48.5,slouch,0.5205057858235158,9.214874864835439,3.5311066875885517,-0.13803089051238648,0.0,0.35
48.53333333333333,slouch,0.5110465782290204,7.660424431637404,4.134585948021922,-0.1496562469097354,0.0,0.35
48.56666666666667,slouch,0.5224088414975764,10.089705922948063,4.058130697958484,-0.1511961962436877,0.0,0.35
48.6,slouch,0.5034522342815037,9.656442802310318,4.3105854384468625,-0.1542002772729416,0.0,0.35
48.63333333333333,slouch,0.49142987959801804,10.15552975604407,3.463392021326366,-0.15591278009369705,0.0,0.35
48.666666666666664,slouch,0.5253751676661401,8.042753657106651,3.303894133048114,-0.17123947582700663,0.0,0.35
48.7,slouch,0.5308149542935846,8.563851004218943,5.956362055483998,-0.15994355065630872,0.0,0.35
48.733333333333334,slouch,0.5061782346485661,8.54768562377168,4.345880793083094,-0.1547020333878531,0.0,0.35
48.766666666666666,slouch,0.5291849832100377,8.217129288009076,3.3710449689218516,-0.16798214739409106,0.0,0.35
48.8,slouch,0.4866463874809421,8.585544784419955,4.019411812564067,-0.15631437027483183,0.0,0.35
48.833333333333336,slouch,0.5386510869578074,9.982424167686508,3.999118207533299,-0.16793921113191962,0.0,0.35
48.86666666666667,slouch,0.5114994233791742,8.52014288486635,3.8057190226331654,-0.15697718903898245,0.0,0.35
48.9,slouch,0.5101980565641279,8.690766707281792,3.818675340710666,-0.14791677491374408,0.0,0.35
48.93333333333333,slouch,0.5254055307385729,8.271483930254009,4.96263919560422,-0.15980062301840614,0.0,0.35
48.96666666666667,slouch,0.49573299079276995,9.30462245709204,3.7095551193513963,-0.14678708529242612,0.0,0.35
49.0,slouch,0.48394497098349204,10.113964753186455,4.603376044824241,-0.16500476549163,0.0,0.35
49.03333333333333,slouch,0.4978183431423057,10.337812723278022,3.757572057901225,-0.15834184848732624,0.0,0.35
49.06666666666667,slouch,0.4860092185877608,8.719377435518757,4.063368231098549,-0.14284506903230515,0.0,0.35
49.1,slouch,0.4990138235772329,7.7837705662075125,4.4705775808658865,-0.13993269928772933,0.0,0.35
49.13333333333333,slouch,0.49643271473323175,9.865211269039794,4.222525104892093,-0.13908194660925355,0.0,0.35
49.166666666666664,slouch,0.5189466945772357,6.9821776660096395,4.108819570610377,-0.1393985618132873,0.0,0.35
49.2,slouch,0.5065938097137443,8.689628024874038,4.094319897869413,-0.1789951387986848,0.0,0.35
49.233333333333334,slouch,0.5450702136315622,8.27889945608226,4.5034412594836795,-0.1508670113614821,0.0,0.35
49.266666666666666,slouch,0.5388642858453904,9.324844897942464,4.059045437087415,-0.1589351509251928,0.0,0.35
49.3,slouch,0.5319677605207321,7.501246956836306,4.587534252165535,-0.16099044751554872,0.0,0.35
49.333333333333336,slouch,0.5387842549293496,9.129039634130157,4.586474260710065,-0.1491801118617528,0.0,0.35
49.36666666666667,slouch,0.4937143435728851,8.31141666928373,4.603433602566829,-0.14833344182640154,0.0,0.35
49.4,slouch,0.5377148485795851,9.322619650429738,3.619978865578404,-0.15796064137720633,0.0,0.35
49.43333333333333,slouch,0.5215437608578486,7.148764747199916,5.204065131373791,-0.14558253263622442,0.0,0.35
49.46666666666667,slouch,0.5384055189557331,7.735516847352665,4.946739096213154,-0.1276850108897225,0.0,0.35
49.5,slouch,0.5001868246693403,9.617121435923014,4.200665966812376,-0.16544433848248244,0.0,0.35
49.53333333333333,slouch,0.527393259577778,9.666882563869878,3.839324068398692,-0.13834083479744777,0.0,0.35
49.56666666666667,slouch,0.4949985488981621,7.804195082840285,4.281958437353252,-0.14974614722027726,0.0,0.35
49.6,slouch,0.5092513976736385,9.647675548777508,4.51853658852957,-0.14141860929065983,0.0,0.35
49.63333333333333,slouch,0.518152953469716,9.482064214382673,3.9326098181820033,-0.12946181309913404,0.0,0.35
49.666666666666664,slouch,0.5078118134481703,10.68423794356665,4.220932768253645,-0.16375510889568742,0.0,0.35
49.7,slouch,0.540521190257329,9.100721110715968,4.710674459028143,-0.13776144081457406,0.0,0.35
49.733333333333334,slouch,0.5250693333121754,8.526207324149748,4.78542802660155,-0.14999244492545405,0.0,0.35
49.766666666666666,slouch,0.5302878672791262,7.277015540966831,4.468189030205911,-0.1563858582514503,0.0,0.35
49.8,slouch,0.5447996445576779,9.498469878311276,4.343914647509578,-0.14513690006649776,0.0,0.35
49.833333333333336,slouch,0.5050233872068493,10.298605352422443,5.394822251050143,-0.14607086489451784,0.0,0.35
49.86666666666667,slouch,0.5438560535286046,8.544681441061973,3.721731860265012,-0.14959075251271076,0.0,0.35
49.9,slouch,0.5265241155755185,8.684810655005503,4.52266091422109,-0.14693610517926586,0.0,0.35
49.93333333333333,slouch,0.5050253983706342,9.415034413961378,4.718116945512913,-0.14828530682409607,0.0,0.35
49.96666666666667,slouch,0.5372897215489254,8.026076965202439,4.480770253279111,-0.16170280706396775,0.0,0.35
50.0,slouch,0.5032887796265038,8.495255333009768,3.6347638898554533,-0.15547995818741137,0.0,0.35
50.03333333333333,slouch,0.5167877453393321,9.669723589065107,4.007304576776579,-0.1658562570676959,0.0,0.35
50.06666666666667,slouch,0.5371010176974275,8.330327893107969,4.164767743737223,-0.14553463493059288,0.0,0.35
50.1,slouch,0.5229941562760417,9.875343638017181,4.487401886035656,-0.15861309579697108,0.0,0.35
50.13333333333333,slouch,0.5526784326098749,9.155466770670587,4.111595864027096,-0.1403607457694443,0.0,0.35
50.166666666666664,slouch,0.5237417641889511,9.319382554351462,5.695310399160412,-0.15275121428255045,0.0,0.35
50.2,slouch,0.5152335865897391,9.093262809609971,4.842909561348623,-0.16506534030190398,0.0,0.35
50.233333333333334,slouch,0.49051666162785246,8.530307783503883,3.219646224564428,-0.1542483134752564,0.0,0.35
50.266666666666666,slouch,0.5275374954419394,8.287400909158189,3.343904053931195,-0.1493066283828465,0.0,0.35
50.3,slouch,0.5329381522692276,7.64402124918671,4.692139438983591,-0.14182693796261672,0.0,0.35
50.333333333333336,slouch,0.5343112765323494,9.97478417189735,5.521208354795769,-0.15356092048619055,0.0,0.35
50.36666666666667,slouch,0.5216435737011679,8.66684925340158,4.201186106853487,-0.13467126644363686,0.0,0.35
50.4,slouch,0.49982478274104,8.31116026226754,5.026308561902737,-0.1397996349309791,0.0,0.35
50.43333333333333,slouch,0.5145530252977438,9.683521600896576,4.4047295054952205,-0.13499725390999012,0.0,0.35
50.46666666666667,slouch,0.5211176439074016,9.820505691098067,5.785207146295572,-0.14401900844952534,0.0,0.35
50.5,slouch,0.5207399224869227,9.577957588176783,3.9808314850776694,-0.12612032294475267,0.0,0.35
50.53333333333333,slouch,0.5227010655654397,8.78165334381959,3.6985865969879788,-0.13902779808393562,0.0,0.35
50.56666666666667,slouch,0.5330078111924161,8.602116502868725,4.545870807073454,-0.16508555968212857,0.0,0.35
50.6,slouch,0.5227745586260973,9.362205081661356,5.2243978857355335,-0.1577081880272869,0.0,0.35
50.63333333333333,slouch,0.5008247105679652,8.283657631259967,3.398058899811048,-0.13663342642241016,0.0,0.35
50.666666666666664,slouch,0.5432295894253606,9.256173262359063,4.932776967411089,-0.14866041619419765,0.0,0.35
50.7,slouch,0.5185733252844885,8.73356990475699,4.013765405173461,-0.1654780155630903,0.0,0.35
50.733333333333334,slouch,0.5239638214541101,8.967732871828765,4.647216434446726,-0.1490647650356139,0.0,0.35
50.766666666666666,slouch,0.5175594444764636,8.303045575993895,4.243291942093057,-0.14261762769183836,0.0,0.35
50.8,slouch,0.5028499151337421,9.069979002944592,4.339825770917691,-0.15718064783618263,0.0,0.35
50.833333333333336,slouch,0.51118215542638,9.184488679012972,3.519947389024426,-0.14650076284750607,0.0,0.35
50.86666666666667,slouch,0.506569684395112,9.850282954426573,5.60269664723298,-0.1586075680170182,0.0,0.35
50.9,slouch,0.5280131179356201,8.418606476094384,4.824572504278674,-0.16265258409085215,0.0,0.35
50.93333333333333,slouch,0.5272088013764157,8.301608826488518,4.075809246540979,-0.16031025275147306,0.0,0.35
50.96666666666667,slouch,0.5323352570634363,8.33041571644833,4.531178555599097,-0.15344098028262332,0.0,0.35
51.0,slouch,0.5182829144230171,9.118204725920103,3.742905197004691,-0.14789632886459111,0.0,0.35
51.03333333333333,slouch,0.5429550184653161,8.377524171333828,4.903086085964307,-0.13501902366512214,0.0,0.35
51.06666666666667,slouch,0.5077576751645794,7.835956315927558,4.381176540103059,-0.15547407522766873,0.0,0.35
51.1,slouch,0.548029048287445,9.027846032399866,3.7186803551788925,-0.1614715951101171,0.0,0.35
51.13333333333333,slouch,0.5363485743863625,8.543052820732651,4.226297279676257,-0.1404419725488752,0.0,0.35
51.166666666666664,slouch,0.5127361247210376,8.963256937007872,4.1900589541064885,-0.14316675488483907,0.0,0.35
51.2,slouch,0.5288611650326549,8.823909014996136,4.238189436897911,-0.15371779011523487,0.0,0.35
51.233333333333334,slouch,0.49783581389620835,9.206080685918504,5.335315056499841,-0.15883719140691063,0.0,0.35
51.266666666666666,slouch,0.5084045543559594,8.303417782685006,4.634755067233874,-0.1455151454580356,0.0,0.35
51.3,slouch,0.5176219346137532,8.265584750688827,4.255426074983955,-0.16564622127335804,0.0,0.35
51.333333333333336,slouch,0.5221513985028624,9.697219508870347,3.4492805180197936,-0.16532518276829664,0.0,0.35
51.36666666666667,slouch,0.5436915683754229,8.510592288396332,4.881568707566293,-0.15153997665197833,0.0,0.35
51.4,slouch,0.5175706777458801,9.350730159597315,3.669600685952136,-0.14867502856504353,0.0,0.35
51.43333333333333,slouch,0.5142776587776386,7.9436052452759744,4.40248924483584,-0.15263307806877915,0.0,0.35
51.46666666666667,slouch,0.5176446275733294,8.031871245268674,5.154840220657682,-0.14123285813613884,0.0,0.35
51.5,slouch,0.5344623382625797,8.755644238046655,3.162490266297948,-0.1304708261751049,0.0,0.35
51.53333333333333,slouch,0.519083537379912,8.400960163183957,4.450080944689868,-0.13832879211996701,0.0,0.35
51.56666666666667,slouch,0.519654241658718,10.0228601343515,4.849799963110121,-0.16076381187402058,0.0,0.35
51.6,slouch,0.5098931484151079,9.766029730623814,2.5724324617137375,-0.15149455693164987,0.0,0.35
51.63333333333333,slouch,0.49853753197562994,8.61875695885318,4.020707946582478,-0.15358244377907507,0.0,0.35
51.666666666666664,slouch,0.5117160812183109,8.12228508029695,5.5751467600912115,-0.1313253799583865,0.0,0.35
51.7,slouch,0.5025690126961557,10.265693401042853,3.9603207057162884,-0.1487081252666829,0.0,0.35
51.733333333333334,slouch,0.5190508906015463,8.472201086996828,4.7903114061636884,-0.14874113469423342,0.0,0.35
51.766666666666666,slouch,0.5128517286517114,7.956328444959622,3.663842991768528,-0.16641380115602097,0.0,0.35
51.8,slouch,0.5201833532262276,8.042667526172483,4.0406636924888755,-0.1362989814638963,0.0,0.35
51.833333333333336,slouch,0.5379894935938238,8.974178484717905,4.14774916431411,-0.1312012545057899,0.0,0.35
51.86666666666667,slouch,0.5278113418053807,8.737754832098782,3.344389129727729,-0.14606126781835257,0.0,0.35
51.9,slouch,0.5324398565887429,8.494678780389085,4.37472165308282,-0.15363573294915028,0.0,0.35
51.93333333333333,slouch,0.517239514012015,7.009742353950135,4.066931157770319,-0.14030630697591945,0.0,0.35
51.96666666666667,slouch,0.5105289616665016,9.042021094572252,3.746429575984848,-0.14639558323707227,0.0,0.35
52.0,slouch,0.5167521520369575,8.248606767454394,4.999530880599076,-0.14071067986467783,0.0,0.35
52.03333333333333,slouch,0.5109263985410774,9.398230647534222,4.522447201692229,-0.14357698764988824,0.0,0.35
52.06666666666667,slouch,0.49458616156007384,9.805285232826103,3.858180622244561,-0.15357827933441268,0.0,0.35
52.1,slouch,0.559568226283903,9.24149870457681,3.968206514731695,-0.17205294372755905,0.0,0.35
52.13333333333333,slouch,0.5408464620091954,7.923832263353118,3.597936657900298,-0.1533135229908785,0.0,0.35
52.166666666666664,slouch,0.5412461768755044,9.618591989332607,4.105297494095844,-0.14691707936361179,0.0,0.35
52.2,slouch,0.5109942146069334,9.11172295165228,4.244002046866882,-0.14031230104318645,0.0,0.35
52.233333333333334,slouch,0.5345076718365842,9.395181905764517,3.9825914654723387,-0.14258177705609873,0.0,0.35
52.266666666666666,slouch,0.5186204730069544,8.134468505029494,3.958027324853437,-0.14915473016215675,0.0,0.35
52.3,slouch,0.5336532367549712,8.853177462274278,3.4744807732562366,-0.1494325831670318,0.0,0.35
52.333333333333336,slouch,0.5217018406008483,9.148670103122203,4.7519229095726585,-0.13981076759910102,0.0,0.35
52.36666666666667,slouch,0.511086836914275,8.507085233560845,3.575880773426716,-0.14301184329719524,0.0,0.35
52.4,slouch,0.5417323016250657,8.747934457672862,4.055141661165004,-0.13533217443101023,0.0,0.35
52.43333333333333,slouch,0.5275833677982251,9.348988563840845,3.485450096415764,-0.1432127193072058,0.0,0.35
52.46666666666667,slouch,0.5060629548923536,8.092783851252033,3.991937053939973,-0.1558579272344869,0.0,0.35
52.5,slouch,0.5166760045842245,7.847214692380065,4.775289783880604,-0.13872313705483572,0.0,0.35
52.53333333333333,slouch,0.4907898628878878,9.78276624453324,3.7136828221070246,-0.14143024463017212,0.0,0.35
52.56666666666667,slouch,0.5189733026100037,9.023020451264799,4.088941410347269,-0.13787870795766513,0.0,0.35
52.6,slouch,0.5014061798121245,9.486272270988007,4.8607980989337305,-0.14283659919459588,0.0,0.35
52.63333333333333,slouch,0.5548704837148513,8.576842589820242,4.774382893556119,-0.1510609063534142,0.0,0.35
52.666666666666664,slouch,0.5385010911452901,8.993848803422905,3.9672745308825186,-0.1369392779612837,0.0,0.35
52.7,slouch,0.5126265709147161,7.869819392879555,3.889891870095703,-0.14380967053411467,0.0,0.35
52.733333333333334,slouch,0.5408805812738063,9.08890350023721,4.990918240340415,-0.16358174921477592,0.0,0.35
52.766666666666666,slouch,0.5133510480277315,8.769139906276719,4.131264343516488,-0.14915905611749802,0.0,0.35
52.8,slouch,0.5303636643608829,8.644154529463608,4.283417212171876,-0.1504512289032405,0.0,0.35
52.833333333333336,slouch,0.5061116514416327,8.909066648734852,4.1138042820617295,-0.15165080565003045,0.0,0.35
52.86666666666667,slouch,0.5204763918487217,9.060538832490709,3.940622892535602,-0.13727285266028735,0.0,0.35
52.9,slouch,0.5024577905619547,8.423223913224083,5.867978174534134,-0.16037991354989228,0.0,0.35
52.93333333333333,slouch,0.49969367987935365,9.587581396000974,2.9537280877356755,-0.15235273909972438,0.0,0.35
52.96666666666667,slouch,0.5521873738761474,7.764051262277279,3.010821308556772,-0.16499181201957697,0.0,0.35
53.0,slouch,0.5334753935252048,9.89982137598865,3.892446721812895,-0.1431678759599893,0.0,0.35
53.03333333333333,slouch,0.5408538299126798,10.429877131543861,4.052198831292091,-0.17301471717669986,0.0,0.35
53.06666666666667,slouch,0.5076868161638547,8.658556644051794,4.0446367220529655,-0.1518785940100872,0.0,0.35
53.1,slouch,0.5367834189689601,10.019542741350065,4.09699580764513,-0.1390151512394818,0.0,0.35
53.13333333333333,slouch,0.5253649204994664,9.051604778290057,4.7439264942659785,-0.14927747951762083,0.0,0.35
53.166666666666664,slouch,0.5508671676564665,7.849271066564352,3.8908974605447897,-0.1512651889695395,0.0,0.35
53.2,slouch,0.5265917903568699,10.01436838968247,4.1853608596583065,-0.16422229649506206,0.0,0.35
53.233333333333334,slouch,0.5326377084468251,9.603967012913571,3.0348848043723566,-0.15003804133670798,0.0,0.35
53.266666666666666,slouch,0.49614787253979553,8.46827912199835,3.65831464382232,-0.14190735301758015,0.0,0.35
53.3,slouch,0.5217524526125827,7.971527199395178,4.728039577774405,-0.16433805823928413,0.0,0.35
53.333333333333336,slouch,0.5249517068570642,8.348791464566755,3.980593750481688,-0.14495729251961614,0.0,0.35
53.36666666666667,slouch,0.527821740985893,10.069575258844768,4.150647780197128,-0.1469354913703666,0.0,0.35
53.4,slouch,0.5134339401639352,9.145591906098238,4.463691628805107,-0.15098309847454375,0.0,0.35
53.43333333333333,slouch,0.4929437427386126,9.265176717064715,4.418736886413274,-0.1568017347634795,0.0,0.35
53.46666666666667,slouch,0.5007341944589123,10.180703320403172,4.494867306536642,-0.1522908103092171,0.0,0.35
53.5,slouch,0.5029445067527877,8.342548137262924,4.981554238071739,-0.14862338059131952,0.0,0.35
53.53333333333333,slouch,0.5117411939949894,9.407751384979726,3.711361087532206,-0.13499156969719622,0.0,0.35
53.56666666666667,slouch,0.5402920080234509,8.626740743037779,3.822797851781484,-0.1761813319869228,0.0,0.35
53.6,slouch,0.4977762884267295,7.928424180033795,4.2811142045924315,-0.15326233704441358,0.0,0.35
53.63333333333333,slouch,0.4998199676887714,8.775068766028355,4.503202288588409,-0.14472160650084412,0.0,0.35
53.666666666666664,slouch,0.4915049457871168,8.897389215612936,3.369995533817034,-0.14098271302859725,0.0,0.35
53.7,slouch,0.5317621962453025,8.281578218940433,3.7403728785597603,-0.15461267050498306,0.0,0.35
53.733333333333334,slouch,0.48620809907902995,9.268774538752462,4.0362932721959215,-0.1402982491743214,0.0,0.35
53.766666666666666,slouch,0.5035238617305617,8.504701641400054,3.296084845176531,-0.16004290563494253,0.0,0.35
53.8,slouch,0.5022702700589767,9.796778943077157,3.781042890749165,-0.14875824315255387,0.0,0.35
53.833333333333336,slouch,0.514288548942073,7.98442778718975,4.099019746097015,-0.14400896668136404,0.0,0.35
53.86666666666667,slouch,0.5018836091118497,9.647290232585103,3.6901674471133825,-0.1548298392607284,0.0,0.35
53.9,slouch,0.5279602468451507,8.46925107422441,4.222544915601519,-0.1531469082878809,0.0,0.35
53.93333333333333,slouch,0.5219405201005572,7.095408715581202,3.1021909108751506,-0.1438403299395316,0.0,0.35
53.96666666666667,slouch,0.5355577210847358,8.271610637174783,4.053582988697319,-0.147052807470977,0.0,0.35
54.0,slouch,0.5303982640248806,7.377858182663321,3.668375851812974,-0.15332579379849876,0.0,0.35
54.03333333333333,slouch,0.5305471029585408,10.998744386977195,4.063196563914169,-0.1640697746210399,0.0,0.35
54.06666666666667,slouch,0.5260340211580194,10.056796631632569,4.264808472587701,-0.15906648545154292,0.0,0.35
54.1,slouch,0.5343699091222003,9.530836494798749,3.5843514934826257,-0.14618574382465657,0.0,0.35
54.13333333333333,slouch,0.5349589835148831,9.945512034047114,4.160130614814326,-0.15358079446179318,0.0,0.35
54.166666666666664,slouch,0.5384091073312189,8.031871597615291,4.463147574552603,-0.16370026627364428,0.0,0.35
54.2,slouch,0.535980644083894,8.793563587511072,4.961149941388482,-0.14508587243644472,0.0,0.35
54.233333333333334,slouch,0.501651696549071,10.139702185661795,5.130747159856638,-0.14117713507400784,0.0,0.35
54.266666666666666,slouch,0.5085761820244568,8.755188836514073,4.287256330443456,-0.15703710399331433,0.0,0.35
54.3,slouch,0.5453851985869481,9.11546117738083,2.5779911717355857,-0.1466064418724378,0.0,0.35
54.333333333333336,slouch,0.5147776390477403,8.940058755105241,3.9788283805285802,-0.1419295358339331,0.0,0.35
54.36666666666667,slouch,0.5367953166783007,9.226442529806922,3.996413287717105,-0.1504133720480917,0.0,0.35
54.4,slouch,0.5202939942486644,8.35805596810813,4.547357189142741,-0.14539957676139534,0.0,0.35
54.43333333333333,slouch,0.5431066185966501,10.00427982423078,3.788595049445922,-0.14179701625491034,0.0,0.35
54.46666666666667,slouch,0.505735699253583,9.55674568075268,3.8900314807439353,-0.16023253223375583,0.0,0.35
54.5,slouch,0.5242006801404611,6.860346297476687,3.149414655356863,-0.15177491883774283,0.0,0.35
54.53333333333333,slouch,0.5212366264995226,8.704544983873449,3.252338220769441,-0.15817891842138504,0.0,0.35
54.56666666666667,slouch,0.525868139908561,9.46542541650269,4.190266129442436,-0.1384316621896301,0.0,0.35
54.6,slouch,0.5259609553518886,8.40203547683343,4.03169876795303,-0.16402866157207854,0.0,0.35
54.63333333333333,slouch,0.5183779151441288,9.889680495377071,4.611174050826581,-0.1359799067408088,0.0,0.35
54.666666666666664,slouch,0.5154567213430151,10.076879835611406,4.084017464131218,-0.13528414917430107,0.0,0.35
54.7,slouch,0.5196721487883682,9.56578509904342,5.085067418585913,-0.15193427628581205,0.0,0.35
54.733333333333334,slouch,0.5232758348131626,10.031090740165041,4.120198101641962,-0.1632089228250616,0.0,0.35
54.766666666666666,slouch,0.5521451058187736,8.62418842853029,4.2952536305625255,-0.13843993330548873,0.0,0.35
54.8,slouch,0.510872591444032,8.193705669422297,4.3522423780649,-0.16793076397912388,0.0,0.35
54.833333333333336,slouch,0.5156814088469812,9.196030931452325,4.038028861904902,-0.16543450943185747,0.0,0.35
54.86666666666667,slouch,0.5439126693430602,9.082830523159341,5.058691270657045,-0.15260036250180445,0.0,0.35
54.9,slouch,0.5067998202746385,9.215344736204129,4.070527724203068,-0.16177761457991358,0.0,0.35
54.93333333333333,slouch,0.5420467638818125,8.502183821684802,3.095840169122659,-0.13671833946042666,0.0,0.35
54.96666666666667,slouch,0.5124355297628107,8.5137408859075,3.1407674477820158,-0.13259058513403008,0.0,0.35
55.0,upright,0.5006577911918547,0.5467595845645199,0.7475721935242643,-0.14578283066996903,0.0,0.35
55.03333333333333,upright,0.5191051853201172,-0.8613326866299331,-0.2858349014603703,-0.1481219966195748,0.0,0.35
55.06666666666667,upright,0.508192388950195,0.6626875679990142,0.609046045289085,-0.14037497114199898,0.0,0.35
55.1,upright,0.5016073096328098,2.2573168439831637,0.6604876067324783,-0.15001714153669063,0.0,0.35
55.13333333333333,upright,0.5363430487461496,2.3923262175999787,-0.6632320606341218,-0.15225262642491352,0.0,0.35
55.166666666666664,upright,0.4843235251019001,0.6541212261184197,0.41923654515508446,-0.15039162115442758,0.0,0.35
55.2,upright,0.5101819964350254,-1.1396116129506604,0.42412021004706124,-0.13544565516084675,0.0,0.35
55.233333333333334,upright,0.5111347231639985,0.852047943218516,-0.7408865880520303,-0.14542786936307486,0.0,0.35
55.266666666666666,upright,0.5140992655338301,-0.10993436048233152,-0.2562181847296783,-0.1539361158203301,0.0,0.35
55.3,upright,0.525736499735388,-0.5497305609564143,-0.03826919894071168,-0.15041471777999146,0.0,0.35
55.333333333333336,upright,0.5035144116320222,1.9373321613400138,-0.31209728803680487,-0.1566943691363349,0.0,0.35
55.36666666666667,upright,0.5053253807526625,1.938784069710494,0.5317431371596889,-0.1593659200624364,0.0,0.35
55.4,upright,0.5365934733828995,0.6605589554311027,0.354352052666901,-0.15344477208752452,0.0,0.35
55.43333333333333,upright,0.5087587601956454,0.7702128792436811,-0.12705233799735416,-0.13183244370424896,0.0,0.35
55.46666666666667,upright,0.5009606334213534,1.7289254182839562,0.1332086907213196,-0.14700914265978893,0.0,0.35
55.5,upright,0.5324973664994416,-0.004199436003548995,0.718549030819182,-0.17707543855381178,0.0,0.35
55.53333333333333,upright,0.509200157001671,-0.23925024587285237,-0.552103607423057,-0.1521495483807895,0.0,0.35
55.56666666666667,upright,0.5257862495227255,1.0621279987994448,0.3445260543202446,-0.15665693464893546,0.0,0.35
55.6,upright,0.5255352465673775,0.5994285558806806,0.7616337007616096,-0.14223063297068483,0.0,0.35
55.63333333333333,upright,0.5204571462088095,-0.2178024049290055,-0.19177009349924845,-0.15549789359638033,0.0,0.35
55.666666666666664,upright,0.5152710049912562,0.7144403420718026,0.629104634076835,-0.15051118693015378,0.0,0.35
55.7,upright,0.5202418718185071,0.614645044000003,-0.10954318787940398,-0.15925392257642956,0.0,0.35
55.733333333333334,upright,0.49366843154033935,-0.05611948646149789,0.48388727196067216,-0.15702911438039566,0.0,0.35
55.766666666666666,upright,0.516432894438611,0.8731450299298535,0.5124136978536012,-0.1607953285216604,0.0,0.35
55.8,upright,0.5349558903468047,1.4018800714843884,-0.4779099143311359,-0.15823836869641153,0.0,0.35
55.833333333333336,upright,0.5378663602471929,0.3825171829957593,-1.1318667684711106,-0.16399681504732685,0.0,0.35
55.86666666666667,upright,0.5162594556224128,-0.43043412022768157,-0.048054262381864804,-0.14967603786316422,0.0,0.35
55.9,upright,0.541933819060521,0.2676368670177688,0.8435250797436553,-0.13571239837963228,0.0,0.35
55.93333333333333,upright,0.5415146450402811,0.7278036747084546,-0.9779734887033846,-0.14539175134596133,0.0,0.35
55.96666666666667,upright,0.5357259983172031,0.4351463156516663,1.246750322045149,-0.14140166438532542,0.0,0.35
56.0,upright,0.5285241006572918,1.3691045689646704,0.4000219107565268,-0.17492810499395353,0.0,0.35
56.03333333333333,upright,0.5125129157279446,1.4577344217982828,-0.2845548040589776,-0.15223472505236937,0.0,0.35
56.06666666666667,upright,0.504327455291454,1.9271380761614152,1.2088954744508091,-0.1588386889514073,0.0,0.35
56.1,upright,0.5222094700058363,-0.04439523821123814,0.5689667834188268,-0.1449031692275767,0.0,0.35
56.13333333333333,upright,0.532175583574199,0.7655347581663099,1.9612437238330807,-0.16027923765010738,0.0,0.35
56.166666666666664,upright,0.4943409496834523,0.18552783943883078,-0.7407929593361604,-0.16492462270005992,0.0,0.35
56.2,upright,0.5049802801870306,-0.237751124345302,-0.37277086117003605,-0.14481781049554587,0.0,0.35
56.233333333333334,upright,0.51240716408372,0.35638834010201587,0.7365396647005609,-0.15766322524781426,0.0,0.35
56.266666666666666,upright,0.5160318115194292,0.7926079888743325,-0.9649406803721328,-0.17384905508950582,0.0,0.35
56.3,upright,0.5251917599319659,0.8936114244535189,1.4385320809114464,-0.1484190512413319,0.0,0.35
56.333333333333336,upright,0.5322960957588715,0.34362188513122094,0.37833633295105185,-0.13332743158250465,0.0,0.35
56.36666666666667,upright,0.4881401077281155,0.8308930060573445,1.4813520380464196,-0.14717965780790657,0.0,0.35
56.4,upright,0.5447585944484927,-0.003369719623553924,0.1807715035017719,-0.14966475297611412,0.0,0.35
56.43333333333333,upright,0.48673613380961844,-0.43454226228016024,-0.4581250476303916,-0.14177933921967473,0.0,0.35
56.46666666666667,upright,0.5330822965852609,0.7592291541652267,0.6944617381134235,-0.15164149412721772,0.0,0.35
56.5,upright,0.5380289750430932,0.5070307541056575,0.2347184284560539,-0.15265592633262412,0.0,0.35
56.53333333333333,upright,0.5302667571645464,0.1630409467096694,0.7858588263188409,-0.16132149140716007,0.0,0.35
56.56666666666667,upright,0.5035162561790771,1.0499414041012034,0.1468734712501924,-0.1545389141615313,0.0,0.35
56.6,upright,0.5333508659871319,0.0141908687311324,0.07987924741977812,-0.1360077204992884,0.0,0.35
56.63333333333333,upright,0.5430871351871598,1.7579185682162617,0.030724533839653262,-0.13769297095015529,0.0,0.35
56.666666666666664,upright,0.5057657075834698,-0.22552229977764882,-1.2102735115746166,-0.1332713179810147,0.0,0.35
56.7,upright,0.5070403022638589,0.398773936202352,-0.34619460515697037,-0.1430483475166986,0.0,0.35
56.733333333333334,upright,0.5143654950892399,-0.5438535123463595,0.4649975385116364,-0.16433730024810228,0.0,0.35
56.766666666666666,upright,0.5074389141202676,-1.1855112917008648,-0.6543748673185641,-0.1482147083027952,0.0,0.35
56.8,upright,0.4905319594284562,-0.6849165796973726,0.1985786503203152,-0.1554360689609305,0.0,0.35
56.833333333333336,upright,0.5498805495393897,1.9671172368195005,-0.3207534776506921,-0.14442862381596516,0.0,0.35
56.86666666666667,upright,0.5312392383531918,0.022016913580477304,-0.6973249218989224,-0.15012298449308056,0.0,0.35
56.9,upright,0.5174073148777883,0.1513884024235046,0.46539012089869114,-0.15750729607005598,0.0,0.35
56.93333333333333,upright,0.5027200367863128,0.5872663762798656,0.43158205554132556,-0.16176644943900054,0.0,0.35
56.96666666666667,upright,0.5339213591648663,-0.9163849102208625,-0.146868075229386,-0.1525800853619761,0.0,0.35
57.0,upright,0.5104566443102211,0.047951621159046,1.3226446893848682,-0.15850884089038897,0.0,0.35
57.03333333333333,upright,0.5566183258370787,0.8497014237848415,0.2552330823871952,-0.14523759646612333,0.0,0.35
57.06666666666667,upright,0.5579489162387793,-0.29487440314515845,-0.47225075136183353,-0.1575486619657192,0.0,0.35
57.1,upright,0.5204821472044684,-0.8806168998500588,0.2134035435911648,-0.13306452866586327,0.0,0.35
57.13333333333333,upright,0.5222711108593717,0.2658516328197784,-0.17089626921017642,-0.14101488295448436,0.0,0.35
57.166666666666664,upright,0.5076125084014294,1.9771167364793985,1.3600158486286142,-0.14743249201338213,0.0,0.35
57.2,upright,0.5198272736788503,1.3245278465932477,0.8568791013363952,-0.15805991731059416,0.0,0.35
57.233333333333334,upright,0.5121016730029495,-0.5578779477466365,0.4454389630004343,-0.14333372116543108,0.0,0.35
57.266666666666666,upright,0.49975111543208095,0.1358408761470727,-0.6083523505488095,-0.15898799810243838,0.0,0.35
57.3,upright,0.5282652559033945,-0.08678565334262356,0.019504426380620804,-0.16627311727947314,0.0,0.35
57.333333333333336,upright,0.52280485314587,0.4645813441242809,-0.2373755500198973,-0.15189014297682474,0.0,0.35
57.36666666666667,upright,0.5227044232075517,-0.1518945191274753,-0.6857575264010676,-0.13194425567313184,0.0,0.35
57.4,upright,0.5105009094293459,0.4225919174504885,0.8065038410121881,-0.11470944812429515,0.0,0.35
57.43333333333333,upright,0.501332703251667,0.859861770981208,-0.22453137117646377,-0.1553879030457671,0.0,0.35
57.46666666666667,upright,0.5091968196848982,-0.40052397424046804,0.17522518292920314,-0.16474502687048234,0.0,0.35
57.5,upright,0.5342021134976781,0.5440023488266997,0.4534609837408639,-0.15466188611946222,0.0,0.35
57.53333333333333,upright,0.5144919409868238,0.7300511241338625,-0.4984303794434953,-0.15357990434413335,0.0,0.35
57.56666666666667,upright,0.5071057972918233,-0.2124550484728115,-1.065902944375385,-0.1366067341052,0.0,0.35
57.6,upright,0.5097019187026934,1.4307008441308402,0.8412753928365753,-0.16285999706516494,0.0,0.35
57.63333333333333,upright,0.5036738314649073,2.548402367484547,1.250555565156286,-0.15031518513328104,0.0,0.35
57.666666666666664,upright,0.5238605965962603,-0.0046771223577509735,0.45941162852020395,-0.1571718190072247,0.0,0.35
57.7,upright,0.48951469353552424,-0.5572446292088409,0.21265564871035236,-0.16131067235502589,0.0,0.35
57.733333333333334,upright,0.518990838026297,-0.35972883154629054,-0.2694123535011961,-0.14146834693586807,0.0,0.35
57.766666666666666,upright,0.5237122082146016,0.49226846294932225,0.7273783838423906,-0.1451939140665265,0.0,0.35
57.8,upright,0.5416984493687705,0.13211259014788784,-0.0577809871165052,-0.16301109266391345,0.0,0.35
57.833333333333336,upright,0.5135652892394137,1.2718159154419566,0.9799924233572803,-0.14039694831913332,0.0,0.35
57.86666666666667,upright,0.49308712200175847,1.3665161701285875,-0.9031111739632425,-0.14101882675877653,0.0,0.35
57.9,upright,0.5144832321014342,1.0620266511470846,-0.5994690087367396,-0.13828832367293853,0.0,0.35
57.93333333333333,upright,0.4980253788084267,-0.03476392868254219,-0.3988567766614211,-0.16754284852822499,0.0,0.35
57.96666666666667,upright,0.521417913513827,1.9448712942695692,1.8001431333920053,-0.14902844212913752,0.0,0.35
58.0,upright,0.5367502191260128,0.6856757103428298,0.49932991686092765,-0.15342148651127238,0.0,0.35
58.03333333333333,upright,0.522926153881339,0.9299829636851429,-0.14707583732579876,-0.15077494299892988,0.0,0.35
58.06666666666667,upright,0.5191235482150377,1.1611226538644197,-0.4396193029766083,-0.15051542208607652,0.0,0.35
58.1,upright,0.5486800820357904,1.43124812206875,1.0095074293332231,-0.14975568159821964,0.0,0.35
58.13333333333333,upright,0.5248149634552903,1.3017889333623405,1.1361533177185585,-0.16951602912882885,0.0,0.35
58.166666666666664,upright,0.5002683803942524,1.5475552811221183,0.033866386538717874,-0.15671720789258076,0.0,0.35
58.2,upright,0.501187585195066,0.05598663876471244,-0.6414215700542949,-0.12908905727267522,0.0,0.35
58.233333333333334,upright,0.5196634592202914,0.45363956658982596,0.5528460051006991,-0.1403765483073343,0.0,0.35
58.266666666666666,upright,0.5341883223483196,1.3588975551260574,-0.17850733047451378,-0.1529786680495686,0.0,0.35
58.3,upright,0.5315354748316341,0.07808875068830401,0.196936020783665,-0.14601236235575185,0.0,0.35
58.333333333333336,upright,0.5317777762346556,-0.9221447698961611,0.6288473899333671,-0.15233724057851725,0.0,0.35
58.36666666666667,upright,0.5306118656629657,1.121545353883863,1.1647490366714945,-0.13646546352378797,0.0,0.35
58.4,upright,0.5401985749391545,1.6549362553329907,0.37482739088956757,-0.1496781491296316,0.0,0.35
58.43333333333333,upright,0.533092256247675,1.0856647611464179,0.01456025795704391,-0.1459517659119173,0.0,0.35
58.46666666666667,upright,0.5194735529982311,-0.18314632676804488,0.9742764448258099,-0.14944800757469912,0.0,0.35
58.5,upright,0.5507306238654828,-0.8003938161598663,-0.13406726370601973,-0.14967361163309129,0.0,0.35
58.53333333333333,upright,0.5370607164644338,0.819575498081748,0.38628365250845087,-0.16127263792554147,0.0,0.35
58.56666666666667,upright,0.502645879041558,0.7580037282319239,-0.618463596291015,-0.15531877750289327,0.0,0.35
58.6,upright,0.5275137599362879,-0.28585941782142077,1.163213577417084,-0.1377606365576211,0.0,0.35
58.63333333333333,upright,0.4964287000249255,-0.24589699454558978,-1.17146634669697,-0.15782591362548132,0.0,0.35
58.666666666666664,upright,0.531495827148586,0.16888404618011443,0.47647834616958046,-0.16522334318281745,0.0,0.35
58.7,upright,0.5319696288187286,0.05591261765732014,0.20730180936974313,-0.15092874501393053,0.0,0.35
58.733333333333334,upright,0.5009267721866157,-0.4224674653918259,0.7806766814020556,-0.14601007842498304,0.0,0.35
58.766666666666666,upright,0.5357507356233014,0.7597265884020147,0.2857943808855299,-0.16726010618666765,0.0,0.35
58.8,upright,0.5159444995485825,0.47809254367700477,1.3718643189635444,-0.1431304336790132,0.0,0.35
58.833333333333336,upright,0.5430409177256429,0.9780301647157825,-0.22678193616968756,-0.14882875783850147,0.0,0.35
58.86666666666667,upright,0.5235433546939635,-0.2513244558165454,-0.030632425955752662,-0.15205766993677172,0.0,0.35
58.9,upright,0.5440842974884768,-1.1645924203127827,0.9234910524296258,-0.15936795234959383,0.0,0.35
58.93333333333333,upright,0.4994188121909558,1.4439537040307713,0.6391388415406286,-0.13745481297618808,0.0,0.35
58.96666666666667,upright,0.5320105292131837,2.1478760013899216,0.5352343021666912,-0.1515647737612316,0.0,0.35
59.0,upright,0.5251438956598201,1.494775302676771,-0.26762519515607014,-0.1565188858253138,0.0,0.35
59.03333333333333,upright,0.5153655997810314,-1.1836662390122659,0.2828470450505281,-0.16886128703951025,0.0,0.35
59.06666666666667,upright,0.5207958896939893,1.1922318049082,-0.08612587638630137,-0.13322884129813128,0.0,0.35
59.1,upright,0.4980924865087227,1.4530085453054662,0.6050822338441525,-0.16716033248310688,0.0,0.35
59.13333333333333,upright,0.560661914485608,0.44900377159682703,-0.32649041329337897,-0.16407087194784017,0.0,0.35
59.166666666666664,upright,0.5166997295851049,0.3980745020880322,0.2615873171237987,-0.15297796156223958,0.0,0.35
59.2,upright,0.5294983796517264,0.1898961338694029,-0.9609784703442825,-0.1514936149564964,0.0,0.35
59.233333333333334,upright,0.48448783519940086,0.7830165047131117,-0.3875801381695812,-0.148366396450842,0.0,0.35
59.266666666666666,upright,0.5397111247228691,-0.25899895621440017,0.8367537551072708,-0.15433389566686154,0.0,0.35
59.3,upright,0.5462979220309838,0.2078779094414293,-0.3042957913040148,-0.1431276154960471,0.0,0.35
59.333333333333336,upright,0.5134631540556455,-0.17315961130320678,-0.08670391042227465,-0.15044606532183,0.0,0.35
59.36666666666667,upright,0.5401327019686728,-1.0472701963676618,0.2138483953702524,-0.14375096405345955,0.0,0.35
59.4,upright,0.5229017286248769,1.5478921355468274,0.15539280214488546,-0.15184551442185945,0.0,0.35
59.43333333333333,upright,0.5288849432052002,0.5794510519610797,-0.034245242968282574,-0.1448385596041362,0.0,0.35
59.46666666666667,upright,0.5102120756017503,0.011058278384538323,-0.11679641305936816,-0.13646930839833593,0.0,0.35
59.5,upright,0.4716847546602143,0.816479067810354,0.22056308852013334,-0.1668087045923812,0.0,0.35
59.53333333333333,upright,0.5246459016870401,0.8806015934652256,0.5537835388144401,-0.1765182806304495,0.0,0.35
59.56666666666667,upright,0.5404958411778166,-0.09018936374787268,0.6119406480519056,-0.14258926219317714,0.0,0.35
59.6,upright,0.5068495437157107,1.0283679618812402,-0.03129594454741491,-0.17071377179338157,0.0,0.35
59.63333333333333,upright,0.5375161288829167,-0.12003597041299185,-0.3126960776428325,-0.15403065868036722,0.0,0.35
59.666666666666664,upright,0.5240835508799109,0.4541836713423182,0.5288401548243022,-0.1633948936652866,0.0,0.35
59.7,upright,0.508864204443539,0.4072023421427732,1.3387323755952232,-0.15113812538413757,0.0,0.35
59.733333333333334,upright,0.5362783339549245,0.5308441350274542,-0.09019518246254105,-0.1524672442411444,0.0,0.35
59.766666666666666,upright,0.5174737043195669,0.9829165911685909,1.0247667605459327,-0.14640319152313677,0.0,0.35
59.8,upright,0.5378061651811263,-0.27183179010374847,-0.04877830528841831,-0.15724302534207665,0.0,0.35
59.833333333333336,upright,0.5247166688631228,0.212833291856469,0.6378637622205172,-0.15931001711632442,0.0,0.35
59.86666666666667,upright,0.5206454645998192,1.049486328809805,-1.0391816650243662,-0.12878368692669795,0.0,0.35
59.9,upright,0.5157527217268019,-1.1200319309409386,0.2948563391460716,-0.14966556532026848,0.0,0.35
59.93333333333333,upright,0.5187715843064126,1.2929528903413332,0.6484669828562335,-0.14702123808976153,0.0,0.35
59.96666666666667,upright,0.5267523345091998,0.41651324044953075,1.265294509544029,-0.16479196018357767,0.0,0.35
